"pathway","pval","padj","log2err","ES","NES","size","db","leadingEdge_str","tissue","mission","glds","contrast_column","rank_sign","sign_convention"
"REACTOME_ABC_FAMILY_PROTEINS_MEDIATED_TRANSPORT",0.000729280833775498,0.00230546844225803,0.477270815362862,-0.417303627369396,-1.67406276363689,86,"reactome","Abcc5; Ubb; Psmd8; Psmc1; Abcb9; Uba52; Sel1l; Psmb7; Psmd13; Psmb1; Psma1; Eif2s3x; Psmb5; Eif2s1; Psmd6; Psmc3; Vcp; Psmd11; Abcd1; Psmb4; Psmb3; Derl2; Psmb6; Psma7; Psmc6; Psmc4; Psmc2; Psma2; Rnf185; Psmd3","thymus","MHU-2","GLDS-289","Stat_(MHU-1 & Space Flight & uG)v(MHU-1 & Ground Control & 1G on Earth)",1,"flight_positive"
"REACTOME_ABC_TRANSPORTERS_IN_LIPID_HOMEOSTASIS",0.181640625,0.275012069873595,0.142901149386948,0.441329389075722,1.25209496168316,17,"reactome","Abcd2; Abcg1; Pex3; Abcd3; Abca2; Abcg5; Apoa1; Abca5; Abca9","thymus","MHU-2","GLDS-289","Stat_(MHU-1 & Space Flight & uG)v(MHU-1 & Ground Control & 1G on Earth)",1,"flight_positive"
"REACTOME_ABC_TRANSPORTER_DISORDERS",0.00457273373319448,0.011653444360245,0.407017918923954,-0.420921893696353,-1.59965690176714,64,"reactome","Ubb; Psmd8; Psmc1; Uba52; Sel1l; Psmb7; Psmd13; Psmb1; Psma1; Psmb5; Psmd6; Psmc3; Vcp; Psmd11; Abcd1; Psmb4; Psmb3; Derl2; Psmb6; Psma7; Psmc6; Psmc4; Psmc2; Psma2; Rnf185; Psmd3; Derl1; Rnf5; Rps27a; Abcb11","thymus","MHU-2","GLDS-289","Stat_(MHU-1 & Space Flight & uG)v(MHU-1 & Ground Control & 1G on Earth)",1,"flight_positive"
"REACTOME_ABERRANT_REGULATION_OF_MITOTIC_EXIT_IN_CANCER_DUE_TO_RB1_DEFECTS",0.00113241902533632,0.00333537625495234,0.45505986738723,-0.639454665749993,-1.90233044493506,20,"reactome","Anapc5; Anapc1; Skp2; Anapc7; Cdc27; Rb1; Ube2c; Fzr1; Ube2e1; Anapc4; Cdc16","thymus","MHU-2","GLDS-289","Stat_(MHU-1 & Space Flight & uG)v(MHU-1 & Ground Control & 1G on Earth)",1,"flight_positive"
"REACTOME_ABERRANT_REGULATION_OF_MITOTIC_G1_S_TRANSITION_IN_CANCER_DUE_TO_RB1_DEFECTS",0.0282421720057894,0.057901751247159,0.352487857583619,-0.554628278788696,-1.5523984289444,17,"reactome","E2f2; Cdk2; Cdkn1b; Cdk4; Tfdp1; Ccne2; Rb1; E2f1; Ccne1","thymus","MHU-2","GLDS-289","Stat_(MHU-1 & Space Flight & uG)v(MHU-1 & Ground Control & 1G on Earth)",1,"flight_positive"
"REACTOME_ABORTIVE_ELONGATION_OF_HIV_1_TRANSCRIPT_IN_THE_ABSENCE_OF_TAT",0.00289877426737615,0.00769674546855046,0.431707695803346,-0.568283863879671,-1.74646669095667,23,"reactome","Polr2c; Ncbp1; Nelfa; Ctdp1; Gtf2f2; Nelfcd; Polr2a; Supt4a; Polr2d; Polr2b; Supt5; Polr2f; Nelfb","thymus","MHU-2","GLDS-289","Stat_(MHU-1 & Space Flight & uG)v(MHU-1 & Ground Control & 1G on Earth)",1,"flight_positive"
"REACTOME_ACTIVATED_NOTCH1_TRANSMITS_SIGNAL_TO_THE_NUCLEUS",0.38030888030888,0.476712759270899,0.0922597260527354,0.315389561366328,1.05865996004858,31,"reactome","Dtx1; Jag2; Arrb2; Psen2; Ubc; Jag1; Dtx4; Numb","thymus","MHU-2","GLDS-289","Stat_(MHU-1 & Space Flight & uG)v(MHU-1 & Ground Control & 1G on Earth)",1,"flight_positive"
"REACTOME_ACTIVATED_PKN1_STIMULATES_TRANSCRIPTION_OF_AR_ANDROGEN_RECEPTOR_REGULATED_GENES_KLK2_AND_KLK3",4.56584669710344e-19,9.84396547895502e-18,1.12391496374483,-0.789685519298026,-2.95192151160577,57,"reactome","H2ac13; H3f3a; H2ac10; H3c10; H2bc18; H2ac4; H3c7; H3c2; H3c11; H3c8; H2bc4; H4c4; H3c15; H3c1; H4c6; H3c4; H2bc21; H2ac19; H2ac20; H4c16; H4c1; H3c3; H2bc8; H4c14; H4c12; H4c2; H4c3; H2ax; H2bc3; H4c17; H2bc7; Kdm4c; H4c11; H2bc14; H2bc6; H2ac18; H4c18; H4c8","thymus","MHU-2","GLDS-289","Stat_(MHU-1 & Space Flight & uG)v(MHU-1 & Ground Control & 1G on Earth)",1,"flight_positive"
"REACTOME_ACTIVATED_TAK1_MEDIATES_P38_MAPK_ACTIVATION",0.466933867735471,0.553745554916213,0.0828962134571565,-0.323863247054627,-0.995306059799972,23,"reactome","Ubb; Traf6; Uba52; Tab1; Ikbkg; Map3k7; Ripk2; Map2k6; Tab2; Rps27a; Mapk14","thymus","MHU-2","GLDS-289","Stat_(MHU-1 & Space Flight & uG)v(MHU-1 & Ground Control & 1G on Earth)",1,"flight_positive"
"REACTOME_ACTIVATION_OF_AMPK_DOWNSTREAM_OF_NMDARS",1.98043107413791e-06,1.08370796848765e-05,0.627256739718528,-0.76100678593826,-2.26393903310501,20,"reactome","Tuba1b; Tubb4b; Tubb2a; Tubb2b; Tuba1c; Tuba1a; Calm1","thymus","MHU-2","GLDS-289","Stat_(MHU-1 & Space Flight & uG)v(MHU-1 & Ground Control & 1G on Earth)",1,"flight_positive"
"REACTOME_ACTIVATION_OF_ANTERIOR_HOX_GENES_IN_HINDBRAIN_DEVELOPMENT_DURING_EARLY_EMBRYOGENESIS",9.61727985837685e-13,1.12689431384024e-11,0.910119734774459,-0.604586925663593,-2.50975528115796,102,"reactome","H2ac13; H3f3a; H2ac10; H3c10; H2bc18; H2ac4; H3c7; H3c2; H3c11; H3c8; H2bc4; H4c4; H3c15; H3c1; H4c6; H3c4; H2bc21; H2ac19; H2ac20; H4c16; H4c1; Ep300; Polr2c; Pknox1; H3c3; H2bc8; H4c14; H4c12; H4c2; H4c3; H2ax; H2bc3; H4c17; H2bc7; H4c11; Ctcf; Kmt2c; H2bc14; H2bc6; H2ac18; H4c18; H4c8; Rbbp5; Ezh2; H3f3b; Eed; Polr2a; Cnot9; H2ac7; Paxip1; Cnot6; Polr2d; Ash2l; Ncor1; Rbbp7","thymus","MHU-2","GLDS-289","Stat_(MHU-1 & Space Flight & uG)v(MHU-1 & Ground Control & 1G on Earth)",1,"flight_positive"
"REACTOME_ACTIVATION_OF_APC_C_AND_APC_C_CDC20_MEDIATED_DEGRADATION_OF_MITOTIC_PROTEINS",6.58301844693528e-12,7.31597307814044e-11,0.887074988399873,-0.682659813894637,-2.58731086599779,63,"reactome","Anapc5; Ccnb1; Bub3; Cdc20; Ubb; Cdk1; Ccna2; Bub1b; Psmd8; Anapc1; Mad2l1; Psmc1; Uba52; Nek2; Psmb7; Psmd13; Psmb1; Plk1; Psma1; Psmb5; Anapc7; Psmd6; Cdc27; Psmc3; Psmd11; Psmb4; Ube2c; Psmb3; Psmb6; Psma7; Psmc6; Psmc4; Psmc2; Psma2","thymus","MHU-2","GLDS-289","Stat_(MHU-1 & Space Flight & uG)v(MHU-1 & Ground Control & 1G on Earth)",1,"flight_positive"
"REACTOME_ACTIVATION_OF_ATR_IN_RESPONSE_TO_REPLICATION_STRESS",4.44493523117661e-08,3.35079732811775e-07,0.719512826338911,-0.714461396120393,-2.44036203711331,36,"reactome","Dbf4; Cdc45; Cdk2; Cdc25c; Mcm10; Rfc4; Rfc3; Mcm5; Orc6; Mcm7; Mcm2; Cdc6; Mcm3; Rad9a; Mcm6; Cdc7; Rad17; Orc5; Mcm4; Mcm8; Rpa2; Cdc25a; Orc1","thymus","MHU-2","GLDS-289","Stat_(MHU-1 & Space Flight & uG)v(MHU-1 & Ground Control & 1G on Earth)",1,"flight_positive"
"REACTOME_ACTIVATION_OF_BAD_AND_TRANSLOCATION_TO_MITOCHONDRIA",0.0313477773861297,0.0632825918019621,0.321775918075361,-0.565605416842204,-1.54389005524482,15,"reactome","Ywhaz; Ywhaq; Ywhah; Bad; Ywhab; Bid; Akt1; Ywhae","thymus","MHU-2","GLDS-289","Stat_(MHU-1 & Space Flight & uG)v(MHU-1 & Ground Control & 1G on Earth)",1,"flight_positive"
"REACTOME_ACTIVATION_OF_BH3_ONLY_PROTEINS",0.449484536082474,0.537188835805884,0.0865399737444125,-0.310102181221575,-1.00422731843495,30,"reactome","Dynll1; Ywhaz; Ywhaq; Ywhah; Tfdp1; Bad; Ywhab; Bid; Akt1; Ywhae; E2f1","thymus","MHU-2","GLDS-289","Stat_(MHU-1 & Space Flight & uG)v(MHU-1 & Ground Control & 1G on Earth)",1,"flight_positive"
"REACTOME_ACTIVATION_OF_GENE_EXPRESSION_BY_SREBF_SREBP",0.00121425004231193,0.00353773390706016,0.45505986738723,-0.514545039232368,-1.81146051668805,43,"reactome","Hmgcs1; Srebf2; Fdps; Hmgcr; Med1; Sqle; Nfyc; Sp1; Fdft1; Nfya; Idi1; Acaca; Mvk; Scd2; Cyp51; Fasn","thymus","MHU-2","GLDS-289","Stat_(MHU-1 & Space Flight & uG)v(MHU-1 & Ground Control & 1G on Earth)",1,"flight_positive"
"REACTOME_ACTIVATION_OF_IRF3_IRF7_MEDIATED_BY_TBK1_IKK_IKBKE",0.315369261477046,0.41765118411825,0.105520936843198,0.385230861225552,1.11735788857682,18,"reactome","Irf7; Ticam1; Ikbke; Tlr4; Ubc; Tank; Cd14; Optn","thymus","MHU-2","GLDS-289","Stat_(MHU-1 & Space Flight & uG)v(MHU-1 & Ground Control & 1G on Earth)",1,"flight_positive"
"REACTOME_ACTIVATION_OF_KAINATE_RECEPTORS_UPON_GLUTAMATE_BINDING",0.80244399185336,0.848073160017571,0.0566484183613995,-0.246592014024366,-0.776517457409514,27,"reactome","Calm1; Dlg3; Gnb1; Gng10; Gnb2; Gng2; Dlg4","thymus","MHU-2","GLDS-289","Stat_(MHU-1 & Space Flight & uG)v(MHU-1 & Ground Control & 1G on Earth)",1,"flight_positive"
"REACTOME_ACTIVATION_OF_MATRIX_METALLOPROTEINASES",0.00241215035350856,0.00658303311666386,0.431707695803346,0.517391644350956,1.79677311230073,36,"reactome","Ctsl; Mmp14; Timp2; Mmp25; Spock3; Mmp2; Klk1b11; Col18a1; Klk1b9; Timp1; Mmp13; Mmp11; Mmp9; Klk1b1; Mmp7; Klk1b8; Ctrb1","thymus","MHU-2","GLDS-289","Stat_(MHU-1 & Space Flight & uG)v(MHU-1 & Ground Control & 1G on Earth)",1,"flight_positive"
"REACTOME_ACTIVATION_OF_NF_KAPPAB_IN_B_CELLS",2.53001101430798e-05,0.000111776716123935,0.575610261071129,-0.546595493178412,-2.02164129659234,54,"reactome","Ubb; Prkcb; Psmd8; Psmc1; Uba52; Psmb7; Psmd13; Psmb1; Bcl10; Psma1; Psmb5; Psmd6; Psmc3; Fbxw11; Psmd11; Ikbkg; Psmb4; Psmb3; Map3k7; Psmb6; Psma7; Psmc6; Psmc4; Psmc2; Psma2; Psmd3; Card11; Nfkbia","thymus","MHU-2","GLDS-289","Stat_(MHU-1 & Space Flight & uG)v(MHU-1 & Ground Control & 1G on Earth)",1,"flight_positive"
"REACTOME_ACTIVATION_OF_NMDA_RECEPTORS_AND_POSTSYNAPTIC_EVENTS",0.00161185676941793,0.00459677671278448,0.45505986738723,-0.41849350088017,-1.65771563957163,80,"reactome","Tuba1b; Kpna2; Tubb4b; Tubb2a; Tubb2b; Prkacb; Tuba1c; Tuba1a; Camkk1; Camk4; Prkar1a; Calm1; Nras","thymus","MHU-2","GLDS-289","Stat_(MHU-1 & Space Flight & uG)v(MHU-1 & Ground Control & 1G on Earth)",1,"flight_positive"
"REACTOME_ACTIVATION_OF_SMO",0.494140625,0.579633943144722,0.0785029047348687,0.347277964432002,0.985261802934879,17,"reactome","Boc; Evc2; Arrb2; Evc; Gas1; Gas8","thymus","MHU-2","GLDS-289","Stat_(MHU-1 & Space Flight & uG)v(MHU-1 & Ground Control & 1G on Earth)",1,"flight_positive"
"REACTOME_ACTIVATION_OF_THE_MRNA_UPON_BINDING_OF_THE_CAP_BINDING_COMPLEX_AND_EIFS_AND_SUBSEQUENT_BINDING_TO_43S",8.64600596991498e-07,4.99440257887685e-06,0.659444398037935,-0.5874103027381,-2.20012961447796,58,"reactome","Rps5; Eif3k; Eif3l; Eif3h; Eif3e; Eif3c; Eif3d; Rps4x; Rps3a1; Eif3m; Eif3i; Eif2s3x; Rps16; Rps7; Rps11; Eif4b; Eif4a1; Eif2s1; Rps15a; Rps3; Rps10; Eif3f; Pabpc1; Rpsa; Fau; Rps24; Eif1ax","thymus","MHU-2","GLDS-289","Stat_(MHU-1 & Space Flight & uG)v(MHU-1 & Ground Control & 1G on Earth)",1,"flight_positive"
"REACTOME_ACTIVATION_OF_THE_PRE_REPLICATIVE_COMPLEX",9.646220315276e-08,6.88650695355465e-07,0.704975715167238,-0.720457374570805,-2.38298264770118,32,"reactome","Dbf4; Prim1; Cdc45; Cdk2; Pole; Mcm10; Pole2; Mcm5; Orc6; Mcm7; Mcm2; Cdc6; Mcm3; Mcm6; Cdc7; Orc5; Pole4; Mcm4; Mcm8; Rpa2; Orc1; Pola2","thymus","MHU-2","GLDS-289","Stat_(MHU-1 & Space Flight & uG)v(MHU-1 & Ground Control & 1G on Earth)",1,"flight_positive"
"REACTOME_ACYL_CHAIN_REMODELLING_OF_PC",0.49705304518664,0.582416502946955,0.0785029047348687,0.310597990631336,0.970402553155698,24,"reactome","Lpcat1; Plbd1; Lpcat2; Pla2g4f; Pla2g2f; Pla2g2d; Pla2r1; Plb1; Pla2g4a; Pla2g5; Plaat3; Pla2g3","thymus","MHU-2","GLDS-289","Stat_(MHU-1 & Space Flight & uG)v(MHU-1 & Ground Control & 1G on Earth)",1,"flight_positive"
"REACTOME_ACYL_CHAIN_REMODELLING_OF_PE",0.882703777335984,0.908969465648855,0.0511147954416412,0.227278771756151,0.699935523747996,23,"reactome","Plbd1; Pla2g4f; Pla2g2f; Pla2g2d; Abhd4; Pla2r1; Pla2g4a; Pla2g5; Plaat3; Pla2g3","thymus","MHU-2","GLDS-289","Stat_(MHU-1 & Space Flight & uG)v(MHU-1 & Ground Control & 1G on Earth)",1,"flight_positive"
"REACTOME_ACYL_CHAIN_REMODELLING_OF_PG",0.610236220472441,0.680284018272276,0.0681513438679483,0.325211466856446,0.894549442307556,15,"reactome","Lpcat1; Pla2g4f; Pla2g2f; Pla2g2d; Pla2r1; Pla2g4a; Pla2g5; Pla2g3; Lpgat1","thymus","MHU-2","GLDS-289","Stat_(MHU-1 & Space Flight & uG)v(MHU-1 & Ground Control & 1G on Earth)",1,"flight_positive"
"REACTOME_ACYL_CHAIN_REMODELLING_OF_PS",0.854,0.887764705882353,0.0529129848430583,-0.246590370952392,-0.720394135006821,19,"reactome","Osbpl8; Lpcat3; Pla2g12a","thymus","MHU-2","GLDS-289","Stat_(MHU-1 & Space Flight & uG)v(MHU-1 & Ground Control & 1G on Earth)",1,"flight_positive"
"REACTOME_ADHERENS_JUNCTIONS_INTERACTIONS",0.00330594351613759,0.00865001725824349,0.431707695803346,0.454635566969229,1.67697612780428,51,"reactome","Nectin1; Adam19; Afdn; Cdh1; Ctnnd1; Ago4; Nectin4; Cdh4; Cdh17; Cdh5; Ctnna1; Cdh3; Cdh2; Zeb2; Mov10; Heyl; Cadm2; Cdh6","thymus","MHU-2","GLDS-289","Stat_(MHU-1 & Space Flight & uG)v(MHU-1 & Ground Control & 1G on Earth)",1,"flight_positive"
"REACTOME_ADIPOGENESIS",0.432773109243697,0.523602033405955,0.0897104652742981,-0.239310235802951,-1.00520535518914,108,"reactome","Srebf2; Med1; Hdac1; Med14; Ep300; Cdk19; Zfp638; Cdk4; Med10; Med20; Med30; Med23; Ccnc; Med18; Med22; Hdac2; Med15; Med21; Med29; Ncor1; Srebf1; Med28; Rbbp7; Med11; Mta2; Med13l; Med19; Chd4; Smad4; Med31","thymus","MHU-2","GLDS-289","Stat_(MHU-1 & Space Flight & uG)v(MHU-1 & Ground Control & 1G on Earth)",1,"flight_positive"
"REACTOME_ADORA2B_MEDIATED_ANTI_INFLAMMATORY_CYTOKINES_PRODUCTION",0.863070539419087,0.895466834931449,0.0541200569620232,-0.218411109102916,-0.754501091033666,39,"reactome","Prkacb; Prkar1a; Gnai3; Creb1; Gnb1; Gng10; Gnb2; Gng2; Prkx; Gnai2","thymus","MHU-2","GLDS-289","Stat_(MHU-1 & Space Flight & uG)v(MHU-1 & Ground Control & 1G on Earth)",1,"flight_positive"
"REACTOME_ADP_SIGNALLING_THROUGH_P2Y_PURINOCEPTOR_1",0.810483870967742,0.853224231350806,0.0557104226766671,0.258563569541133,0.782192835318561,22,"reactome","Src; Gnaq; Gng4; Gng12; Gna15; Gngt2; Pla2g4a; Gng11; Gnb5","thymus","MHU-2","GLDS-289","Stat_(MHU-1 & Space Flight & uG)v(MHU-1 & Ground Control & 1G on Earth)",1,"flight_positive"
"REACTOME_ADP_SIGNALLING_THROUGH_P2Y_PURINOCEPTOR_12",0.74,0.792962226640159,0.0596037042575973,-0.27389806274495,-0.800171382317626,19,"reactome","Gnai3; Gnb1; Gng10; Gnb2; Gng2; Gnai2","thymus","MHU-2","GLDS-289","Stat_(MHU-1 & Space Flight & uG)v(MHU-1 & Ground Control & 1G on Earth)",1,"flight_positive"
"REACTOME_ADRENALINE_NORADRENALINE_INHIBITS_INSULIN_SECRETION",0.56188605108055,0.638264660763786,0.0721797965581253,0.299693072603193,0.936332273837555,24,"reactome","Cacna1d; Gng4; Gng12; Gnai1; Cacnb3; Gngt2; Cacnb2; Gng11; Gnb5","thymus","MHU-2","GLDS-289","Stat_(MHU-1 & Space Flight & uG)v(MHU-1 & Ground Control & 1G on Earth)",1,"flight_positive"
"REACTOME_AEROBIC_RESPIRATION_AND_RESPIRATORY_ELECTRON_TRANSPORT",7.75610533856222e-06,3.83535851145416e-05,0.593325476396405,-0.371707101431478,-1.74341879652232,220,"reactome","Rmnd5a; Ubb; Vdac1; Ldhb; Pdha1; Ndufs2; Pdhb; Cox7a2l; Idh2; Uba52; Aco2; Mdh2; Sdhb; Ndufb11; Ndufb5; Cox19; Mdh1; Cs; Pdp2; Idh3b; Cox16; Mkln1; Ldha; Slc25a22; Ndufc1; Coa5; Bcs1l; Wdr26; Mpc1; Pdk3; Mrps36; Tmem186; Smim20; Slc25a11; Ndufaf3; Ndufv1; Ndufs8; Pdhx; Tmem177; Uqcrfs1; Glo1; Slc25a13; Sdhaf2; Cox7b; Ndufa6; Idh3a; Ndufaf4; Ndufv2; Lyrm4; Pkm; Ndufs4; Cox20; Timm21; Dmac1; Isca2; Timmdc1; Ucp2; Pyurf; Pdp1; Ndufa7; Idh3g; Pklr; Rab5if; Ndufs6; Dlst; Rps27a; Isca1; Hccs; Nnt; Cox7a2; Rmnd5b; Uqcr10; L2hgdh; Ndufs5; Me3; Cox14; Ldhal6b; Ndufs3; Uqcrh","thymus","MHU-2","GLDS-289","Stat_(MHU-1 & Space Flight & uG)v(MHU-1 & Ground Control & 1G on Earth)",1,"flight_positive"
"REACTOME_AFLATOXIN_ACTIVATION_AND_DETOXIFICATION",0.118110236220472,0.195280421235689,0.181383128498408,0.486331582342397,1.33773771867946,15,"reactome","Ggt5; Cyp2a5; Ggt6; Ggt7; Mgst1; Cyp1a2; Dpep2; Akr7a5","thymus","MHU-2","GLDS-289","Stat_(MHU-1 & Space Flight & uG)v(MHU-1 & Ground Control & 1G on Earth)",1,"flight_positive"
"REACTOME_AGGREPHAGY",0.000187064902738349,0.000678976313642895,0.518848077743792,-0.585922894861896,-1.99113274588251,35,"reactome","Tuba1b; Tubb4b; Tubb2a; Ubb; Dynll1; Tubb2b; Tuba1c; Tuba1a; Dync1i2; Uba52","thymus","MHU-2","GLDS-289","Stat_(MHU-1 & Space Flight & uG)v(MHU-1 & Ground Control & 1G on Earth)",1,"flight_positive"
"REACTOME_AMINE_LIGAND_BINDING_RECEPTORS",0.359375,0.456846992924528,0.096240602328129,0.374219893635912,1.06169871071682,17,"reactome","Adra1a; Htr2a; Htr1b; Htr7; Hrh3; Hrh2; Chrm3; Adra2b; Adrb3; Hrh4; Adra2a","thymus","MHU-2","GLDS-289","Stat_(MHU-1 & Space Flight & uG)v(MHU-1 & Ground Control & 1G on Earth)",1,"flight_positive"
"REACTOME_AMINO_ACIDS_REGULATE_MTORC1",0.152400835073069,0.238444267356703,0.163180127180689,-0.333818105598161,-1.22631710194443,53,"reactome","Lamtor3; Sesn1; Nprl2; Seh1l; Atp6v1d; Sec13; Depdc5; Atp6v1a; Atp6v1c1; Slc38a9; Mios; Flcn; Atp6v1f; Szt2; Rraga; Wdr24; Tcirg1; Mlst8; Atp6v1b2","thymus","MHU-2","GLDS-289","Stat_(MHU-1 & Space Flight & uG)v(MHU-1 & Ground Control & 1G on Earth)",1,"flight_positive"
"REACTOME_AMINO_ACID_TRANSPORT_ACROSS_THE_PLASMA_MEMBRANE",0.0927835051546392,0.161584197991439,0.211400189384923,-0.425443340607213,-1.37774530769493,30,"reactome","Slc38a1; Slc38a2; Slc7a11; Slc6a19","thymus","MHU-2","GLDS-289","Stat_(MHU-1 & Space Flight & uG)v(MHU-1 & Ground Control & 1G on Earth)",1,"flight_positive"
"REACTOME_AMYLOID_FIBER_FORMATION",1.16183376295704e-08,9.4169683944939e-08,0.747739663149885,-0.560475410137306,-2.25553407788604,88,"reactome","H2ac13; H3f3a; H2ac10; H3c10; H2bc18; H2ac4; H3c7; H3c2; Ubb; H3c11; H3c8; H2bc4; H4c4; H3c15; H3c1; H4c6; H3c4; H2bc21; H2ac19; H2ac20; H4c16; H4c1; H3c3; Uba52; H2bc8; H4c14; H4c12; H4c2; H4c3; H2ax; H2bc3; H4c17; H2bc7; H4c11; H2bc14; H2bc6; H2ac18; H4c18; H4c8","thymus","MHU-2","GLDS-289","Stat_(MHU-1 & Space Flight & uG)v(MHU-1 & Ground Control & 1G on Earth)",1,"flight_positive"
"REACTOME_ANCHORING_FIBRIL_FORMATION",0.00181374891412916,0.00507849695956165,0.45505986738723,0.691165806596397,1.90116908487049,15,"reactome","Col4a1; Lama3; Col4a2; Bmp1; Lamb3; Col4a5; Col4a4; Tll1; Lamc2","thymus","MHU-2","GLDS-289","Stat_(MHU-1 & Space Flight & uG)v(MHU-1 & Ground Control & 1G on Earth)",1,"flight_positive"
"REACTOME_ANCHORING_OF_THE_BASAL_BODY_TO_THE_PLASMA_MEMBRANE",8.43053635032935e-10,7.32912756907664e-09,0.801215574617779,-0.563421492660368,-2.32416077015274,97,"reactome","Tubb5; Tubb4b; Plk4; Cdk1; Dynll1; Cep43; Cep76; Clasp1; Ckap5; Tuba1a; Actr1a; Pafah1b1; Dync1i2; Cep192; Nek2; Ssna1; Haus2; Alms1; Ahi1; Ccp110; C2cd3; Plk1; Nde1; Kif24; Haus8; Cep70; Cep72; Ttbk2; Cep97; Cetn2; Ywhae; Cep152; Dync1h1; Csnk1e; B9d2; Cep57; Pcnt; Odf2; Rpgrip1l; Haus1; Cep83","thymus","MHU-2","GLDS-289","Stat_(MHU-1 & Space Flight & uG)v(MHU-1 & Ground Control & 1G on Earth)",1,"flight_positive"
"REACTOME_ANTIGEN_ACTIVATES_B_CELL_RECEPTOR_BCR_LEADING_TO_GENERATION_OF_SECOND_MESSENGERS",0.0992217898832685,0.170320206200897,0.197822021315103,0.334153338490848,1.27234332649443,58,"reactome","Cd79a; Grb2; Blnk; Plcg2; Cd19; Igkv1-117; Igkv1-135; Lyn; Igkv1-88; Igkv8-27; Fyn; Trpc1; Igkv14-111; Pik3ap1; Igkv8-30; Cd22","thymus","MHU-2","GLDS-289","Stat_(MHU-1 & Space Flight & uG)v(MHU-1 & Ground Control & 1G on Earth)",1,"flight_positive"
"REACTOME_ANTIGEN_PRESENTATION_FOLDING_ASSEMBLY_AND_PEPTIDE_LOADING_OF_CLASS_I_MHC",0.00103365632357113,0.00306121295826835,0.45505986738723,0.571849878551678,1.8859852000476,29,"reactome","B2m; H2-D1; Hspa5; H2-T23; Tapbp; H2-M3; H2-M2; Sec31a; Calr; Sec24d; Canx; H2-Q10; Pdia3","thymus","MHU-2","GLDS-289","Stat_(MHU-1 & Space Flight & uG)v(MHU-1 & Ground Control & 1G on Earth)",1,"flight_positive"
"REACTOME_ANTIGEN_PROCESSING_CROSS_PRESENTATION",0.017473539442451,0.0385993350798405,0.352487857583619,0.344657694400575,1.42839105993956,97,"reactome","Ctss; B2m; Ctsl; H2-D1; H2-T23; Tapbp; H2-M3; Tlr4; Ncf1; Cybb; Psme2; Ncf2; Mrc1; Itgb5; Tirap; H2-M2; Ubc; Calr; Psme1; Psmb9; Fcgr1; Stx4a; H2-Q10; Tlr2; S100a1; Pdia3","thymus","MHU-2","GLDS-289","Stat_(MHU-1 & Space Flight & uG)v(MHU-1 & Ground Control & 1G on Earth)",1,"flight_positive"
"REACTOME_ANTIGEN_PROCESSING_UBIQUITINATION_PROTEASOME_DEGRADATION",2.42042048982417e-11,2.60921328803046e-10,0.863415391606693,-0.435277599364636,-2.09418746001367,278,"reactome","Anapc5; Socs1; Rnf4; Cdc20; Ccnf; Ubb; Mex3c; Klhl11; Psmd8; Hace1; Anapc1; Klhl9; Skp2; Fbxl14; Kbtbd6; Znrf1; Fbxl8; Fbxl12; Trim37; Psmc1; Uba52; Fbxl3; Psmb7; Lonrf1; Kbtbd7; Psmd13; Klhl42; Psmb1; Ltn1; Itch; Ube2e3; Psma1; Rnf7; Psmb5; Ube3c; Anapc7; Fbxl22; Fbxl4; Psmd6; Cdc27; Psmc3; Lrrc41; Uba1; Ube4a; Ubr1; Arel1; Uba6; Rnf41; Fbxw11; Traip; Kctd7; Rlim; Rbx1; Blmh; Uba5; Ube2d3; Ube2g1; Fbxw2; Vhl; Psmd11; Fbxw10; Tpp2; Fbxo30; Nedd4; Lnpep; Psmb4; Ubr4; Siah2; Ube2c; Psmb3; Fbxw5; Huwe1; Kbtbd8; Ube2b; Cul2; Lrr1; Fzr1; Ubr2; Eloc; Ube2q2; Psmb6; Psma7; Rnf19a; Nedd4l; Ube2j1; Hectd3; Psmc6; Psmc4; Trip12; Ube2l3; Uba3; Psmc2; Psma2; Rnf6; Rnf14; Hectd1; Cul3; Ube2j2; Psmd3; Fbxo44; Rchy1; Fbxo27; Rnf34; Ube2e1; Anapc4; Cdc16; Ube2h; Fbxo40; Skp1; Asb6; Ube2v2; Herc1; Fbxo21; Npepps; Ube2a","thymus","MHU-2","GLDS-289","Stat_(MHU-1 & Space Flight & uG)v(MHU-1 & Ground Control & 1G on Earth)",1,"flight_positive"
"REACTOME_ANTIGEN_PROCESSING_UB_ATP_INDEPENDENT_PROTEASOMAL_DEGRADATION",0.16,0.247816091954023,0.155241966228839,-0.447100491855369,-1.30616848844214,19,"reactome","Psmb7; Psmb1; Psma1; Psmb5; Psmb4; Psmb3; Psmb6; Psma7; Psma2","thymus","MHU-2","GLDS-289","Stat_(MHU-1 & Space Flight & uG)v(MHU-1 & Ground Control & 1G on Earth)",1,"flight_positive"
"REACTOME_ANTIMICROBIAL_PEPTIDES",0.0458733709084208,0.0900755807637116,0.321775918075361,0.428665028736459,1.48864753852662,36,"reactome","Reg3g; Clu; Slc11a1; Ear2; Lyz2; Pglyrp1; Reg3b; Tlr2; Pglyrp2; Ltf; Rnase6; Pglyrp4; Bpifa1; Tlr1; S100a8","thymus","MHU-2","GLDS-289","Stat_(MHU-1 & Space Flight & uG)v(MHU-1 & Ground Control & 1G on Earth)",1,"flight_positive"
"REACTOME_ANTIVIRAL_MECHANISM_BY_IFN_STIMULATED_GENES",8.29942706093988e-08,6.00455192731087e-07,0.704975715167238,-0.477801416908564,-2.07418014264469,136,"reactome","Tuba1b; Kpna2; Ppp2r5a; Tubb4b; Tubb2a; Eif4g2; Ubb; Cdk1; Tubb2b; Ube2i; Nup188; Tuba1c; Eif4e3; Tuba1a; Dnajc3; Uba52; Nup62; Ilf2; Ndc1; Nup107; Nup205; Pde12; Dhx9; Pin1; Ppp2ca; Seh1l; Nup37; Eif2s3x; Sec13; Nup88; Nup160; Nck1; Eif4a1; Eif2s1; Kpnb1; Nup50; Flna; Fancc; Nup155; Hspa8; Hspa2; Nedd4; Ikbkg; Ppp2r1b; Fancb; Fancl; Irf3; Faap24; Rae1","thymus","MHU-2","GLDS-289","Stat_(MHU-1 & Space Flight & uG)v(MHU-1 & Ground Control & 1G on Earth)",1,"flight_positive"
"REACTOME_ANTI_INFLAMMATORY_RESPONSE_FAVOURING_LEISHMANIA_PARASITE_INFECTION",0.0277519753210655,0.0572019682525977,0.352487857583619,0.324695499909734,1.36383144902719,102,"reactome","Ggt5; Ighg2b; Src; Plcg2; Prkar2a; Cd163; Igkv1-117; Adcy2; Igkv1-135; Lyn; Cysltr2; Yes1; Hck; Igkv1-88; Igkv8-27; Adcy7; Ighg2c; Fyn; Igkv14-111; Fcgr1; Igkv8-30; Rhbdf2; Prkar1b; Igkv14-100; Fcgr2b; Gng4; Il10; Ighg3; Gng12; Gnai1; Igkv8-28","thymus","MHU-2","GLDS-289","Stat_(MHU-1 & Space Flight & uG)v(MHU-1 & Ground Control & 1G on Earth)",1,"flight_positive"
"REACTOME_APC_CDC20_MEDIATED_DEGRADATION_OF_NEK2A",1.55324456973721e-05,7.24847465877365e-05,0.575610261071129,-0.692975715673152,-2.17154826866318,26,"reactome","Anapc5; Bub3; Cdc20; Ubb; Bub1b; Anapc1; Mad2l1; Uba52; Nek2; Anapc7; Cdc27","thymus","MHU-2","GLDS-289","Stat_(MHU-1 & Space Flight & uG)v(MHU-1 & Ground Control & 1G on Earth)",1,"flight_positive"
"REACTOME_APC_C_CDC20_MEDIATED_DEGRADATION_OF_CYCLIN_B",5.98294033222633e-05,0.000241637350770816,0.557332238758646,-0.670645576442121,-2.06129473670526,24,"reactome","Anapc5; Ccnb1; Cdc20; Ubb; Cdk1; Anapc1; Uba52; Anapc7; Cdc27","thymus","MHU-2","GLDS-289","Stat_(MHU-1 & Space Flight & uG)v(MHU-1 & Ground Control & 1G on Earth)",1,"flight_positive"
"REACTOME_APC_C_CDH1_MEDIATED_DEGRADATION_OF_CDC20_AND_OTHER_APC_C_CDH1_TARGETED_PROTEINS_IN_LATE_MITOSIS_EARLY_G1",1.29096811134167e-10,1.24255680716635e-09,0.826657301178302,-0.66350552733805,-2.49798767273123,61,"reactome","Anapc5; Aurka; Cdc20; Ubb; Psmd8; Anapc1; Skp2; Psmc1; Uba52; Aurkb; Psmb7; Psmd13; Psmb1; Plk1; Psma1; Psmb5; Anapc7; Psmd6; Cdc27; Psmc3; Psmd11; Rb1; Psmb4; Ube2c; Psmb3; Fzr1; Psmb6; Psma7; Psmc6; Psmc4; Psmc2; Psma2; Psmd3; Ube2e1; Anapc4; Cdc16","thymus","MHU-2","GLDS-289","Stat_(MHU-1 & Space Flight & uG)v(MHU-1 & Ground Control & 1G on Earth)",1,"flight_positive"
"REACTOME_APC_C_MEDIATED_DEGRADATION_OF_CELL_CYCLE_PROTEINS",5.41282755575138e-15,7.78003747346665e-14,0.996986217533181,-0.691891571586462,-2.69819001251381,74,"reactome","Anapc5; Ccnb1; Bub3; Aurka; Cdc20; Ubb; Cdk1; Ccna2; Bub1b; Psmd8; Anapc1; Fbxo5; Skp2; Cdk2; Mad2l1; Psmc1; Uba52; Aurkb; Nek2; Psmb7; Psmd13; Psmb1; Plk1; Psma1; Psmb5; Anapc7; Psmd6; Cdc27; Psmc3; Psmd11; Rb1; Psmb4; Ube2c; Psmb3; Fzr1; Psmb6; Psma7; Psmc6; Psmc4; Psmc2; Psma2","thymus","MHU-2","GLDS-289","Stat_(MHU-1 & Space Flight & uG)v(MHU-1 & Ground Control & 1G on Earth)",1,"flight_positive"
"REACTOME_APOPTOSIS",0.00074463720149073,0.0023402883475423,0.477270815362862,-0.357634064649664,-1.60848062190177,164,"reactome","Ubb; H1f4; Bcl2l1; Dynll1; H1f1; Psmd8; Fas; H1f3; Satb1; H1f2; Ywhaz; Ywhaq; Hmgb1; Sptan1; H1f5; Psmc1; Uba52; Stk24; Bcap31; Arhgap10; Psmb7; Psmd13; Ywhah; Psmb1; Ctnnb1; Traf2; Tfdp1; Bad; Psma1; Psmb5; Ywhab; Fnta; Bid; Stk26; Psmd6; Apaf1; Kpnb1; Psmc3; Xiap; Akt1; Diablo; Lmnb1; Casp6; Ywhae; Appl1; Psmd11; Psmb4; Psmb3; Casp3; E2f1; Hmgb2; Gsdme; Psmb6; Dffa; Psma7; Kpna1","thymus","MHU-2","GLDS-289","Stat_(MHU-1 & Space Flight & uG)v(MHU-1 & Ground Control & 1G on Earth)",1,"flight_positive"
"REACTOME_APOPTOTIC_CLEAVAGE_OF_CELLULAR_PROTEINS",0.120622568093385,0.198520806724686,0.178219874951973,0.359990224547143,1.26479253425722,38,"reactome","Dsp; Tjp1; Cdh1; Pkp1; Dsg2; Tjp2; Ocln; Bmx; Lmna; Gsn; Acin1; Prkcd; Dsg1a","thymus","MHU-2","GLDS-289","Stat_(MHU-1 & Space Flight & uG)v(MHU-1 & Ground Control & 1G on Earth)",1,"flight_positive"
"REACTOME_APOPTOTIC_EXECUTION_PHASE",0.0756646216768916,0.135944103612815,0.234392647294686,-0.367174158773512,-1.34568905530549,52,"reactome","H1f4; H1f1; H1f3; Satb1; H1f2; Hmgb1; Sptan1; H1f5; Stk24; Bcap31; Ctnnb1; Fnta; Stk26; Kpnb1; Lmnb1; Casp6; Casp3; Hmgb2; Dffa; Kpna1","thymus","MHU-2","GLDS-289","Stat_(MHU-1 & Space Flight & uG)v(MHU-1 & Ground Control & 1G on Earth)",1,"flight_positive"
"REACTOME_APOPTOTIC_FACTOR_MEDIATED_RESPONSE",0.654,0.71873729403082,0.0655321029282414,-0.292823146590709,-0.855459507942082,19,"reactome","Apaf1; Xiap; Diablo; Casp3; Gsdme","thymus","MHU-2","GLDS-289","Stat_(MHU-1 & Space Flight & uG)v(MHU-1 & Ground Control & 1G on Earth)",1,"flight_positive"
"REACTOME_AQUAPORIN_MEDIATED_TRANSPORT",0.822314049586777,0.863149508719129,0.0561766586307176,-0.225359735281346,-0.7872063746576,42,"reactome","Aqp11; Prkacb; Prkar1a","thymus","MHU-2","GLDS-289","Stat_(MHU-1 & Space Flight & uG)v(MHU-1 & Ground Control & 1G on Earth)",1,"flight_positive"
"REACTOME_ARACHIDONATE_METABOLISM",0.0148725379959326,0.0334012415825319,0.380730400722792,0.426772019590487,1.55986459305722,50,"reactome","Ggt5; Hpgd; Cyp1b1; Slc27a1; Prxl2b; Ptges; Alox15; Ptgs2; Ptgr2; Abcc1; Cyp4f18; Ltc4s; Tbxas1; Cyp2j9; Alox5; Pon3; Hpgds; Pla2g4a; Mapkapk2; Gpx2; Cyp4f15; Ptges2; Alox12b; Ptgds; Cyp4f14; Cyp1a2; Aloxe3","thymus","MHU-2","GLDS-289","Stat_(MHU-1 & Space Flight & uG)v(MHU-1 & Ground Control & 1G on Earth)",1,"flight_positive"
"REACTOME_ASPARAGINE_N_LINKED_GLYCOSYLATION",3.14621415870349e-07,2.03090949885171e-06,0.674962860011025,-0.366884794182518,-1.77914112513069,291,"reactome","Tuba1b; Mgat4a; Tubb4b; Tubb2a; Ubb; Dynll1; Copa; Edem1; Tubb2b; Mgat5; Ankrd28; St8sia1; Actr10; Cope; Tmed7; Tuba1c; Tuba1a; Actr1a; Nans; Sptan1; Dync1i2; Psmc1; Ostc; Uba52; Chst10; Sel1l; Cog6; Capza1; Ppp6r1; Ppp6c; Rpn2; Neu3; Cog3; Lman2; Arf1; Stt3a; Rpn1; Cmas; Pmm1; Sec22c; Sec13; Cog8; Mgat2; Rab1a; Rad23b; Arcn1; Lman2l; Copg1; Marchf6; Alg10b; Mgat1; Slc17a5; Uso1; Gosr2; B4galt2; Dync1h1; Napg; Copb1; Vcp; Sec22b; Cog1; Tmem115; Alg2; Arfgap2; Magt1; Arf4; Manea; Tmed2; Nsf; Capza2; Trappc9; Gfpt1; Edem3; Derl2; Ppp6r3; Cnih1; Ngly1; Rnf103; Cog4; Serpina1b; Sar1b; Napa; Cog5; Cog2; Uggt1; Alg8; Stt3b; Sec23ip; Rnf185; Man1b1; Dync1li1; Arfgap1; Serpina1e; Dpm1; Gbf1; Copb2; Lman1l; Sec16a; Dolpp1; Slc35c1; Sec31b","thymus","MHU-2","GLDS-289","Stat_(MHU-1 & Space Flight & uG)v(MHU-1 & Ground Control & 1G on Earth)",1,"flight_positive"
"REACTOME_ASPIRIN_ADME",0.697628458498024,0.755822591216954,0.0618406035753285,-0.273639012929738,-0.825869245634411,21,"reactome","Slc16a1","thymus","MHU-2","GLDS-289","Stat_(MHU-1 & Space Flight & uG)v(MHU-1 & Ground Control & 1G on Earth)",1,"flight_positive"
"REACTOME_ASSEMBLY_AND_CELL_SURFACE_PRESENTATION_OF_NMDA_RECEPTORS",0.00904298845085781,0.0213779419956682,0.380730400722792,-0.495092380589104,-1.66280349941476,34,"reactome","Tuba1b; Tubb4b; Tubb2a; Tubb2b; Tuba1c; Tuba1a","thymus","MHU-2","GLDS-289","Stat_(MHU-1 & Space Flight & uG)v(MHU-1 & Ground Control & 1G on Earth)",1,"flight_positive"
"REACTOME_ASSEMBLY_OF_ACTIVE_LPL_AND_LIPC_LIPASE_COMPLEXES",0.474103585657371,0.561630401471039,0.0817515582532145,0.342779295753078,1.00189131856367,19,"reactome","Lpl; Apoa4; Pcsk6; Fgf21; Apoc2; Pcsk5; Gpihbp1","thymus","MHU-2","GLDS-289","Stat_(MHU-1 & Space Flight & uG)v(MHU-1 & Ground Control & 1G on Earth)",1,"flight_positive"
"REACTOME_ASSEMBLY_OF_COLLAGEN_FIBRILS_AND_OTHER_MULTIMERIC_STRUCTURES",4.25453438055411e-08,3.25275749094846e-07,0.719512826338911,0.612116880408959,2.33495864028018,59,"reactome","Ctss; Ctsl; Col4a1; Lama3; Dst; Col6a2; Col6a1; Col4a2; Bmp1; Col15a1; Col6a3; Lamb3; Col12a1; Col2a1; Col5a2; Col27a1; Itgb4; Col6a5; Col4a5; Lox; Col18a1; Mmp13; Loxl4; Col4a4; Tll1; Lamc2","thymus","MHU-2","GLDS-289","Stat_(MHU-1 & Space Flight & uG)v(MHU-1 & Ground Control & 1G on Earth)",1,"flight_positive"
"REACTOME_ASSEMBLY_OF_THE_HIV_VIRION",0.0304922015738699,0.0617868295049469,0.352487857583619,-0.559318245721918,-1.54888692068072,16,"reactome","Ubb; Mvb12b; Uba52; Tsg101; Mvb12a; Vps28; Ubap1","thymus","MHU-2","GLDS-289","Stat_(MHU-1 & Space Flight & uG)v(MHU-1 & Ground Control & 1G on Earth)",1,"flight_positive"
"REACTOME_ASSEMBLY_OF_THE_ORC_COMPLEX_AT_THE_ORIGIN_OF_REPLICATION",8.95999832037491e-22,2.75967948267547e-20,1.20397524075264,-0.832884619142131,-3.03568041382887,51,"reactome","H2ac13; H3f3a; H2ac10; H3c10; H2bc18; H2ac4; H3c7; H3c2; H3c11; H3c8; H2bc4; H4c4; H3c15; H3c1; H4c6; H3c4; H2bc21; H2ac19; H2ac20; H4c16; H4c1; H3c3; H2bc8; H4c14; H4c12; H4c2; H4c3; H2ax; H2bc3; H4c17; H2bc7; H4c11; Orc6; Kpna6; H2bc14; H2bc6; Kpnb1; H2ac18; H4c18; H4c8","thymus","MHU-2","GLDS-289","Stat_(MHU-1 & Space Flight & uG)v(MHU-1 & Ground Control & 1G on Earth)",1,"flight_positive"
"REACTOME_ASSOCIATION_OF_TRIC_CCT_WITH_TARGET_PROTEINS_DURING_BIOSYNTHESIS",0.000209151678640997,0.000744110592656747,0.518848077743792,-0.581158695587301,-1.98504443480184,36,"reactome","Cct7; Cct4; Cct5; Fbxl3; Wrap53; Cct2; Lonp2; Tcp1; Ccne2; Fbxw2; Fbxw10; Fbxw5; Ap3m1; Arfgef2; Ccne1; Cct6a","thymus","MHU-2","GLDS-289","Stat_(MHU-1 & Space Flight & uG)v(MHU-1 & Ground Control & 1G on Earth)",1,"flight_positive"
"REACTOME_ASYMMETRIC_LOCALIZATION_OF_PCP_PROTEINS",0.000114762096437172,0.00042956090263636,0.538434096309916,-0.531941931664788,-1.93881081020843,51,"reactome","Prickle1; Ubb; Psmd8; Psmc1; Uba52; Psmb7; Psmd13; Psmb1; Psma1; Psmb5; Psmd6; Psmc3; Vangl2; Psmd11; Psmb4; Psmb3; Psmb6; Psma7; Psmc6; Psmc4; Psmc2; Psma2","thymus","MHU-2","GLDS-289","Stat_(MHU-1 & Space Flight & uG)v(MHU-1 & Ground Control & 1G on Earth)",1,"flight_positive"
"REACTOME_ATF4_ACTIVATES_GENES_IN_RESPONSE_TO_ENDOPLASMIC_RETICULUM_STRESS",0.892783505154639,0.915718952004473,0.0522693317499306,-0.220956109722367,-0.68640548755495,25,"reactome","Nfyc; Nfya; Dcp2; Exosc1; Atf4; Ddit3; Exosc5","thymus","MHU-2","GLDS-289","Stat_(MHU-1 & Space Flight & uG)v(MHU-1 & Ground Control & 1G on Earth)",1,"flight_positive"
"REACTOME_ATP_DEPENDENT_CHROMATIN_REMODELERS",0.0319294887190681,0.0642163970879766,0.321775918075361,-0.462158342690385,-1.4966422723763,30,"reactome","Arid2; Bcl11b; Actl6a; Brd9; Smarcd2; Actb; Smarce1; Phf10; Pbrm1; Bicral; Smarca4; Bcl7b; Bcl7c","thymus","MHU-2","GLDS-289","Stat_(MHU-1 & Space Flight & uG)v(MHU-1 & Ground Control & 1G on Earth)",1,"flight_positive"
"REACTOME_ATTACHMENT_AND_ENTRY",0.00214733491739156,0.00593545395114898,0.431707695803346,0.641713560451071,1.8756303346969,19,"reactome","Sdc3; Ctsl; Agrn; Gpc4; Sdc1; Gpc1; Sdc4; Hspg2; Ace2; Tmprss2; Gpc6; Gpc3","thymus","MHU-2","GLDS-289","Stat_(MHU-1 & Space Flight & uG)v(MHU-1 & Ground Control & 1G on Earth)",1,"flight_positive"
"REACTOME_ATTENUATION_PHASE",0.269776876267748,0.373324098352545,0.116739204791222,-0.378962063034632,-1.16477694535524,24,"reactome","Ubb; Ep300; Dnajb1; Hspa8; Hspa2; Fkbp4; Hsbp1","thymus","MHU-2","GLDS-289","Stat_(MHU-1 & Space Flight & uG)v(MHU-1 & Ground Control & 1G on Earth)",1,"flight_positive"
"REACTOME_AUF1_HNRNP_D0_BINDS_AND_DESTABILIZES_MRNA",4.6492158345058e-05,0.000193507902301052,0.557332238758646,-0.582579925462684,-2.03501584033737,42,"reactome","Ubb; Psmd8; Psmc1; Uba52; Psmb7; Psmd13; Psmb1; Psma1; Psmb5; Psmd6; Psmc3; Hspa8; Psmd11; Psmb4; Psmb3; Pabpc1; Psmb6; Psma7; Psmc6; Psmc4; Psmc2; Psma2","thymus","MHU-2","GLDS-289","Stat_(MHU-1 & Space Flight & uG)v(MHU-1 & Ground Control & 1G on Earth)",1,"flight_positive"
"REACTOME_AURKA_ACTIVATION_BY_TPX2",3.68918246315535e-12,4.14264447425153e-11,0.887074988399873,-0.660942682256911,-2.57042229060506,72,"reactome","Aurka; Tubb5; Tubb4b; Plk4; Cdk1; Dynll1; Cep43; Cep76; Clasp1; Ckap5; Hmmr; Tuba1a; Actr1a; Tpx2; Pafah1b1; Dync1i2; Cep192; Nek2; Ssna1; Haus2; Alms1; Ccp110; Plk1; Nde1; Haus8; Cep70; Cep72; Cetn2; Ywhae; Cep152; Dync1h1; Csnk1e; Cep57; Pcnt; Odf2","thymus","MHU-2","GLDS-289","Stat_(MHU-1 & Space Flight & uG)v(MHU-1 & Ground Control & 1G on Earth)",1,"flight_positive"
"REACTOME_AUTOPHAGY",1.15488005584865e-06,6.58709365187747e-06,0.643551836150722,-0.442244196871929,-1.93910496694443,146,"reactome","Tuba1b; Tubb4b; Tubb2a; Ubb; Dynll1; Tubb2b; Vdac1; Lamtor3; Mtmr14; Tuba1c; Atg4d; Tuba1a; Dync1i2; Atg12; Mvb12b; Uba52; Wdr45b; Tsg101; Map1lc3b; Pik3c3; Atg9b; Tomm22; Mtmr3; Csnk2b; Eef1a1; Vdac2; Mfn2; Mvb12a; Hspa8; Ube2d3; Rb1cc1; Slc38a9; Vps28; Dync1h1; Ubap1; Vcp; Vdac3; Atg101; Chmp7; Nbr1; Pcnt; Tomm20; Atg5; Hbb-bt; Atg9a; Ube2l3; Tsc1; Tbk1; Rraga; Dync1li1; Ift88; Gabarapl2; Pink1; Atg4a; Atg13; Plin3; Mlst8; Atg4b; Tomm70a; Chmp6","thymus","MHU-2","GLDS-289","Stat_(MHU-1 & Space Flight & uG)v(MHU-1 & Ground Control & 1G on Earth)",1,"flight_positive"
"REACTOME_AZATHIOPRINE_ADME",0.171936758893281,0.261790714812085,0.148261500475107,-0.407448413172166,-1.24364895722422,22,"reactome","Abcc5; Vav1; Nudt15; Nme1; Slc29a1; Impdh1; Rac1; Slc28a2b; Slc29a2","thymus","MHU-2","GLDS-289","Stat_(MHU-1 & Space Flight & uG)v(MHU-1 & Ground Control & 1G on Earth)",1,"flight_positive"
"REACTOME_A_TETRASACCHARIDE_LINKER_SEQUENCE_IS_REQUIRED_FOR_GAG_SYNTHESIS",0.000860240083748557,0.00262702212544177,0.477270815362862,0.601610065041264,1.90283167900946,25,"reactome","Sdc3; Agrn; Gpc4; Sdc1; Bgn; Xylt2; Gpc1; Sdc4; Vcan; Hspg2; Dcn; Gpc6; Gpc3","thymus","MHU-2","GLDS-289","Stat_(MHU-1 & Space Flight & uG)v(MHU-1 & Ground Control & 1G on Earth)",1,"flight_positive"
"REACTOME_BACTERIAL_INFECTION_PATHWAYS",0.251533742331288,0.353986128241683,0.122107920287081,-0.292941826674926,-1.11974696742996,68,"reactome","Cbl; Ubb; Eef2; Coro1a; Uba52; Calm1; Eno1; Sh3kbp1; Ctnnb1; Pgk1; Kpnb1; Stam2; Stam; Sh3gl3","thymus","MHU-2","GLDS-289","Stat_(MHU-1 & Space Flight & uG)v(MHU-1 & Ground Control & 1G on Earth)",1,"flight_positive"
"REACTOME_BASE_EXCISION_REPAIR",7.10528336486365e-17,1.14320827870493e-15,1.05746357275086,-0.714619901576716,-2.81091603664596,77,"reactome","H2ac13; H2ac10; H2bc18; H2ac4; H2bc4; Pcna; H4c4; H4c6; H2bc21; H2ac19; H2ac20; H4c16; Fen1; H4c1; H2bc8; Mbd4; H4c14; H4c12; Pole; H4c2; H4c3; Pole2; H2ax; H2bc3; H4c17; Rfc4; H2bc7; Lig3; H4c11; Rfc3; H2bc14; Pot1a; H2bc6; Neil1; Rfc1; Tdg; H2ac18; H4c18; H4c8; Neil3; Lig1; Pole4; H2ac7; Rpa2","thymus","MHU-2","GLDS-289","Stat_(MHU-1 & Space Flight & uG)v(MHU-1 & Ground Control & 1G on Earth)",1,"flight_positive"
"REACTOME_BASE_EXCISION_REPAIR_AP_SITE_FORMATION",6.54353979367892e-15,9.10885356281763e-14,0.996986217533181,-0.774831361674468,-2.81047808992847,49,"reactome","H2ac13; H2ac10; H2bc18; H2ac4; H2bc4; H4c4; H4c6; H2bc21; H2ac19; H2ac20; H4c16; H4c1; H2bc8; Mbd4; H4c14; H4c12; H4c2; H4c3; H2ax; H2bc3; H4c17; H2bc7; H4c11; H2bc14; Pot1a; H2bc6; Neil1; Tdg; H2ac18; H4c18; H4c8","thymus","MHU-2","GLDS-289","Stat_(MHU-1 & Space Flight & uG)v(MHU-1 & Ground Control & 1G on Earth)",1,"flight_positive"
"REACTOME_BASIGIN_INTERACTIONS",0.537549407114625,0.617780661907852,0.0747385227439092,-0.309557186149723,-0.944856966699472,22,"reactome","Slc16a1; Slc7a11; Ppil2; Itgb1","thymus","MHU-2","GLDS-289","Stat_(MHU-1 & Space Flight & uG)v(MHU-1 & Ground Control & 1G on Earth)",1,"flight_positive"
"REACTOME_BBSOME_MEDIATED_CARGO_TARGETING_TO_CILIUM",0.002824921157655,0.00757528608943305,0.431707695803346,-0.568823545243469,-1.74812525560282,23,"reactome","Cct4; Mkks; Cct5; Cct2; Tcp1; Bbs9; Bbs1; Smo","thymus","MHU-2","GLDS-289","Stat_(MHU-1 & Space Flight & uG)v(MHU-1 & Ground Control & 1G on Earth)",1,"flight_positive"
"REACTOME_BETA_CATENIN_INDEPENDENT_WNT_SIGNALING",0.000476650031832189,0.00155235267164683,0.49849310876659,-0.387003811642623,-1.65659711292659,128,"reactome","Itpr2; Prickle1; Ap2b1; Rac2; Ubb; Prkcb; Psmd8; Psmc1; Uba52; Calm1; Psmb7; Psmd13; Psmb1; Ctnnb1; Psma1; Tcf7; Tnrc6c; Psmb5; Rhoa; Ap2s1; Psmd6; Itpr3; Psmc3; Cltc; Itpr1; Ap2m1; Pde6a; Gnb1; Gng10; Vangl2; Psmd11; Kras; Psmb4; Psmb3; Map3k7; Ago2; Psmb6; Psma7; Psmc6; Gnb2; Psmc4; Gng2; Tnrc6b; Ppp3cb; Psmc2; Psma2; Rac1; Pfn1","thymus","MHU-2","GLDS-289","Stat_(MHU-1 & Space Flight & uG)v(MHU-1 & Ground Control & 1G on Earth)",1,"flight_positive"
"REACTOME_BETA_CATENIN_PHOSPHORYLATION_CASCADE",3.45136297159305e-05,0.000148822771335092,0.557332238758646,-0.760558289328791,-2.12879425487152,17,"reactome","Ppp2r5c; Ppp2r5a; Ppp2r5d; Ppp2r5e; Ctnnb1; Ppp2ca; Amer1; Ppp2r1b; Frat2; Csnk1a1; Axin1","thymus","MHU-2","GLDS-289","Stat_(MHU-1 & Space Flight & uG)v(MHU-1 & Ground Control & 1G on Earth)",1,"flight_positive"
"REACTOME_BILE_ACID_AND_BILE_SALT_METABOLISM",0.189243027888446,0.284524385026144,0.141225119642531,0.339092573632361,1.18058617320824,37,"reactome","Rxra; Stard5; Cyp27a1; Osbpl1a; Osbpl3; Abcc3; Osbpl6; Ch25h; Slc27a2; Slc27a5","thymus","MHU-2","GLDS-289","Stat_(MHU-1 & Space Flight & uG)v(MHU-1 & Ground Control & 1G on Earth)",1,"flight_positive"
"REACTOME_BINDING_AND_UPTAKE_OF_LIGANDS_BY_SCAVENGER_RECEPTORS",2.94389820468549e-05,0.000128482682779391,0.575610261071129,0.499661501496019,1.96397285152943,70,"reactome","Apoe; Col4a1; Fth1; Col4a2; Lrp1; Cd163; Igkv1-117; Igkv1-135; Igkv1-88; Igkv8-27; Calr; Jchain; Igkv14-111; Stab1; Igkv8-30; Sparc; Saa2; Msr1; Igkv14-100; Hsp90b1; Cd36; Igkv8-28; Ftl1; Scarf1; Scgb3a2; Hyou1; Ighv5-9; Apob; Igkv17-127","thymus","MHU-2","GLDS-289","Stat_(MHU-1 & Space Flight & uG)v(MHU-1 & Ground Control & 1G on Earth)",1,"flight_positive"
"REACTOME_BIOLOGICAL_OXIDATIONS",0.0743639921722113,0.134278699433239,0.231126709673834,0.276793317817312,1.23170670224365,162,"reactome","Ggt5; Rxra; Ephx1; Cyp2f2; Cyp1b1; Aldh2; Fmo1; Comt; Gstm1; Cyp2s1; Ugt2b34; Cyp2a5; Cyb5r3; Abhd14b; Bphl; Aoc1; Ahr; Cyp26b1; Cbr3; Cyp27a1; Ggct; Sult1c2; Aip; Gclc; Gsto1; Cyp4f18; Papss1; N6amt1; Tbxas1; Paox; Fmo2; Cyp2j9; Adh1; Tpst2; Por; Cyp4v3; Hpgds; Ugt1a7c; Mtarc1; Hsp90ab1; Gstt2; Fdxr; Ggt6; Gsta1; Cyp2b19; Sult1a1; Pomc; Gstm2; Slc35d2; Aldh1b1; Nnmt; Cyp3a13; Aldh1a7; Bpnt1; Cyp4f15","thymus","MHU-2","GLDS-289","Stat_(MHU-1 & Space Flight & uG)v(MHU-1 & Ground Control & 1G on Earth)",1,"flight_positive"
"REACTOME_BIOSYNTHESIS_OF_SPECIALIZED_PRORESOLVING_MEDIATORS_SPMS",0.448412698412698,0.537098765432099,0.0845557442441281,0.360479442164552,1.00706256431636,16,"reactome","Hpgd; Alox15; Ptgs2; Ltc4s; Alox5","thymus","MHU-2","GLDS-289","Stat_(MHU-1 & Space Flight & uG)v(MHU-1 & Ground Control & 1G on Earth)",1,"flight_positive"
"REACTOME_BIOSYNTHESIS_OF_THE_N_GLYCAN_PRECURSOR_DOLICHOL_LIPID_LINKED_OLIGOSACCHARIDE_LLO_AND_TRANSFER_TO_A_NASCENT_PROTEIN",0.983606557377049,0.98818999893053,0.0475434194201301,-0.173807640774372,-0.677802794100658,74,"reactome","St8sia1; Nans; Neu3; Cmas; Pmm1; Alg10b; Slc17a5; Alg2; Gfpt1; Alg8; Dpm1; Dolpp1; Slc35c1; Mpi; Alg12; Glb1; Dpagt1; Alg11; Hk1; Alg5; St3gal4; Dpm3","thymus","MHU-2","GLDS-289","Stat_(MHU-1 & Space Flight & uG)v(MHU-1 & Ground Control & 1G on Earth)",1,"flight_positive"
"REACTOME_BMAL1_CLOCK_NPAS2_ACTIVATES_CIRCADIAN_EXPRESSION",0.0481462206947721,0.0938546580632266,0.321775918075361,0.483298653668842,1.5099719302873,24,"reactome","Chd9; Rxra; Bhlhe40; Npas2; Carm1; Bhlhe41; Smarcd3; Klf15; Nampt; Avp","thymus","MHU-2","GLDS-289","Stat_(MHU-1 & Space Flight & uG)v(MHU-1 & Ground Control & 1G on Earth)",1,"flight_positive"
"REACTOME_BRANCHED_CHAIN_AMINO_ACID_CATABOLISM",0.337944664031621,0.43629263212705,0.100633389423036,-0.364588751979526,-1.10036443393193,21,"reactome","Hibadh; Hsd17b10; Bcat2; Dbt; Bckdha; Ppm1k; Bcat1; Echs1; Auh","thymus","MHU-2","GLDS-289","Stat_(MHU-1 & Space Flight & uG)v(MHU-1 & Ground Control & 1G on Earth)",1,"flight_positive"
"REACTOME_BUDDING_AND_MATURATION_OF_HIV_VIRION",0.0203871369945204,0.0442199872838892,0.352487857583619,-0.507782647215754,-1.59121669559148,26,"reactome","Ubb; Mvb12b; Uba52; Tsg101; Mvb12a; Vps28; Ubap1; Vps4a; Chmp7; Chmp5; Nedd4l","thymus","MHU-2","GLDS-289","Stat_(MHU-1 & Space Flight & uG)v(MHU-1 & Ground Control & 1G on Earth)",1,"flight_positive"
"REACTOME_BUTYRATE_RESPONSE_FACTOR_1_BRF1_BINDS_AND_DESTABILIZES_MRNA",0.88671875,0.911232423736892,0.0500922874402106,0.24456586829626,0.693857465814213,17,"reactome","Zfp36l1; Exosc3; Exosc7; Mapkapk2","thymus","MHU-2","GLDS-289","Stat_(MHU-1 & Space Flight & uG)v(MHU-1 & Ground Control & 1G on Earth)",1,"flight_positive"
"REACTOME_B_WICH_COMPLEX_POSITIVELY_REGULATES_RRNA_EXPRESSION",4.49608403289949e-23,1.84897921307146e-21,1.24623277191648,-0.784852117934449,-3.05230912290081,72,"reactome","H2ac13; H3f3a; H2ac10; H3c10; H2bc18; H2ac4; H3c7; H3c2; H3c11; H3c8; H2bc4; H4c4; H3c15; H3c1; H4c6; H3c4; H2bc21; H2ac19; H2ac20; H4c16; H4c1; Ep300; H3c3; H2bc8; H4c14; H4c12; H4c2; H4c3; H2ax; H2bc3; H4c17; H2bc7; H4c11; Actb; Tbp; H2bc14; H2bc6; Baz1b; H2ac18; H4c18; H4c8; Polr1d; H3f3b; Myo1c; H2ac7; Kat2b","thymus","MHU-2","GLDS-289","Stat_(MHU-1 & Space Flight & uG)v(MHU-1 & Ground Control & 1G on Earth)",1,"flight_positive"
"REACTOME_CA2_PATHWAY",0.554474708171206,0.631843272102072,0.0723570851036907,0.252061943566904,0.959766953725497,58,"reactome","Tcf7l2; Myc; Ago4; Plcb1; Tcf7l1; Gnao1; Fzd6; Fzd4; Mov10; Ppp3ca; Lef1; Fzd2; Gng4; Wnt11; Nfatc1; Gng12","thymus","MHU-2","GLDS-289","Stat_(MHU-1 & Space Flight & uG)v(MHU-1 & Ground Control & 1G on Earth)",1,"flight_positive"
"REACTOME_CALNEXIN_CALRETICULIN_CYCLE",0.135245901639344,0.218256110729361,0.172324344900946,-0.416755703685117,-1.30596946808418,26,"reactome","Ubb; Edem1; Uba52; Sel1l; Marchf6; Edem3; Derl2; Rnf103; Uggt1; Rnf185; Man1b1; Rnf5; Rps27a; Prkcsh; Rnf139","thymus","MHU-2","GLDS-289","Stat_(MHU-1 & Space Flight & uG)v(MHU-1 & Ground Control & 1G on Earth)",1,"flight_positive"
"REACTOME_CARBOXYTERMINAL_POST_TRANSLATIONAL_MODIFICATIONS_OF_TUBULIN",0.00479674240536035,0.0121098086954999,0.407017918923954,-0.519291704272138,-1.74407867487947,34,"reactome","Tuba1b; Tubb4b; Tubb2a; Tubb2b; Tuba1c; Tuba1a; Ttll12; Agbl5; Ttl","thymus","MHU-2","GLDS-289","Stat_(MHU-1 & Space Flight & uG)v(MHU-1 & Ground Control & 1G on Earth)",1,"flight_positive"
"REACTOME_CARDIAC_CONDUCTION",0.0189143020025208,0.0415267160055344,0.352487857583619,0.337270151320088,1.4208529698291,105,"reactome","Slc8a1; Kcnk2; Hipk2; Atp1b3; Dmpk; Asph; Kcnip3; Fgf11; Kcnk6; Scn1a; Abcc9; Nos1; Atp1a2; Atp2b1; Trpc1; Wwtr1; Kcnj2; Npr1; Kcnk13; Rangrf; Atp1b1; Camk2b; Kcnq1; Pln; Fgf14; Fxyd6; Scn7a; Atp1a3; Scn9a; Fxyd2; Scn8a; Mme; Trdn; Fxyd3; Scn1b; Npr2; Ryr3; Cacng7; Cacnb2; Kcnd1; Kcnk9; Prkaca","thymus","MHU-2","GLDS-289","Stat_(MHU-1 & Space Flight & uG)v(MHU-1 & Ground Control & 1G on Earth)",1,"flight_positive"
"REACTOME_CARDIOGENESIS",0.75,0.802879841112214,0.0593487680335629,0.273185101088653,0.826425119232923,22,"reactome","Mef2c; Isl1; Kat2a; Hey1; Lef1; Tbx20; Hey2","thymus","MHU-2","GLDS-289","Stat_(MHU-1 & Space Flight & uG)v(MHU-1 & Ground Control & 1G on Earth)",1,"flight_positive"
"REACTOME_CARGO_CONCENTRATION_IN_THE_ER",0.918367346938776,0.939278937381404,0.0504983044100709,-0.215703536455834,-0.71346036915542,32,"reactome","Lman2; Lman2l; Gosr2; Sec22b; Tmed2; Cnih1; Serpina1b; Sar1b; Serpina1e; Lman1l","thymus","MHU-2","GLDS-289","Stat_(MHU-1 & Space Flight & uG)v(MHU-1 & Ground Control & 1G on Earth)",1,"flight_positive"
"REACTOME_CARGO_RECOGNITION_FOR_CLATHRIN_MEDIATED_ENDOCYTOSIS",0.0517013213789852,0.0997030848775421,0.321775918075361,-0.32145141147273,-1.32940889679948,100,"reactome","Cbl; Ldlr; Ap2b1; Ubb; Cd4; Uba52; Gps1; Sh3kbp1; Igf2r; Ubqln1; Scarb2; Grk2; Vamp3; Tor1b; Ap2s1; Cltc; Stam2; Stam; Cd3d; Reps1; Ap2m1; Sh3gl3","thymus","MHU-2","GLDS-289","Stat_(MHU-1 & Space Flight & uG)v(MHU-1 & Ground Control & 1G on Earth)",1,"flight_positive"
"REACTOME_CARGO_TRAFFICKING_TO_THE_PERICILIARY_MEMBRANE",0.00866417806643749,0.0205690750688812,0.380730400722792,-0.442126666565351,-1.60963565735506,50,"reactome","Cct4; Mkks; Cct5; Cct2; Exoc4; Exoc3; Unc119b; Tcp1; Bbs9; Exoc8; Cngb1; Arf4; Bbs1; Smo; Exoc5; Gbf1; Rab8a; Rab11a; Bbs2; Nphp3; Rab3ip","thymus","MHU-2","GLDS-289","Stat_(MHU-1 & Space Flight & uG)v(MHU-1 & Ground Control & 1G on Earth)",1,"flight_positive"
"REACTOME_CASPASE_ACTIVATION_VIA_DEATH_RECEPTORS_IN_THE_PRESENCE_OF_LIGAND",0.55511811023622,0.631908471842287,0.0728938564822936,0.336860947617668,0.926593320153733,15,"reactome","Ticam1; Tlr4; Fasl; Tnfsf10; Cd14; Casp8; Cflar","thymus","MHU-2","GLDS-289","Stat_(MHU-1 & Space Flight & uG)v(MHU-1 & Ground Control & 1G on Earth)",1,"flight_positive"
"REACTOME_CASPASE_ACTIVATION_VIA_EXTRINSIC_APOPTOTIC_SIGNALLING_PATHWAY",0.311411992263056,0.4139360390377,0.104343952581949,0.348757863489757,1.10308578515296,25,"reactome","Ticam1; Tlr4; Dapk2; Unc5a; Maged1; Fasl; Tnfsf10; Cd14; Casp8; Cflar; Unc5b","thymus","MHU-2","GLDS-289","Stat_(MHU-1 & Space Flight & uG)v(MHU-1 & Ground Control & 1G on Earth)",1,"flight_positive"
"REACTOME_CA_DEPENDENT_EVENTS",0.125506072874494,0.205616332156086,0.178219874951973,-0.372797629640015,-1.27335246920187,36,"reactome","Kpna2; Prkacb; Camkk1; Camk4; Prkar1a; Calm1; Grk2; Creb1","thymus","MHU-2","GLDS-289","Stat_(MHU-1 & Space Flight & uG)v(MHU-1 & Ground Control & 1G on Earth)",1,"flight_positive"
"REACTOME_CD209_DC_SIGN_SIGNALING",0.314,0.416572584617017,0.105920292736253,-0.379097950909517,-1.10750447948775,19,"reactome","Prkacb; Ep300; Raf1; Nras; Kras; Icam2","thymus","MHU-2","GLDS-289","Stat_(MHU-1 & Space Flight & uG)v(MHU-1 & Ground Control & 1G on Earth)",1,"flight_positive"
"REACTOME_CD22_MEDIATED_BCR_REGULATION",0.0091010796575248,0.0214681922774874,0.380730400722792,0.503817408003316,1.71429717817722,33,"reactome","Cd79a; Igkv1-117; Igkv1-135; Lyn; Igkv1-88; Igkv8-27; Igkv14-111; Igkv8-30; Cd22; Igkv14-100; Igkv8-28; Ighm; Ighv5-9; Igkv17-127; Ighv1-84; Iglc3; Iglc1; Igkv14-126; Igkv13-84; Igkv2-109","thymus","MHU-2","GLDS-289","Stat_(MHU-1 & Space Flight & uG)v(MHU-1 & Ground Control & 1G on Earth)",1,"flight_positive"
"REACTOME_CD28_DEPENDENT_PI3K_AKT_SIGNALING",0.382892057026477,0.478493699885452,0.0949751525905595,-0.3345578131044,-1.05352147520335,27,"reactome","Pik3cg; Lck; Them4; Akt1; Rictor; Pik3r5; Mapkap1; Pdpk1; Mlst8; Map3k14; Akt2; Cd28; Mtor","thymus","MHU-2","GLDS-289","Stat_(MHU-1 & Space Flight & uG)v(MHU-1 & Ground Control & 1G on Earth)",1,"flight_positive"
"REACTOME_CDC42_GTPASE_CYCLE",0.383505154639175,0.478493699885452,0.0956031492204301,-0.235597096591038,-1.03832058731539,150,"reactome","Lbr; Ect2; Dock8; Tmpo; Spata13; Git2; Depdc1b; Arhgdib; Iqgap3; Diaph3; Arhgap10; Cdc42ep4; Cdc42se2; Racgap1; Gna13; Iqgap1; Arhgap1; Cdc42; Arhgap24; Vamp3; Prex1; Map3k11; Stom; Dock11; Arhgap26; Arfgap2; Wasl; Chn1; Mcf2l; Arhgap45; Arhgap21","thymus","MHU-2","GLDS-289","Stat_(MHU-1 & Space Flight & uG)v(MHU-1 & Ground Control & 1G on Earth)",1,"flight_positive"
"REACTOME_CDK_MEDIATED_PHOSPHORYLATION_AND_REMOVAL_OF_CDC6",6.36974547708937e-10,5.58258993845719e-09,0.801215574617779,-0.656980618317191,-2.46414079633801,59,"reactome","Anapc5; Ubb; Ccna2; Psmd8; Anapc1; Cdk2; Psmc1; Uba52; Psmb7; Psmd13; Psmb1; Psma1; Psmb5; Cdc6; Anapc7; Ccne2; Psmd6; Cdc27; Psmc3; Psmd11; Psmb4; Ube2c; Psmb3; Fzr1; Psmb6; Ccne1; Psma7; Psmc6; Psmc4; Psmc2; Psma2; Psmd3; Ube2e1; Anapc4; Cdc16","thymus","MHU-2","GLDS-289","Stat_(MHU-1 & Space Flight & uG)v(MHU-1 & Ground Control & 1G on Earth)",1,"flight_positive"
"REACTOME_CELLULAR_HEXOSE_TRANSPORT",0.0298919613854079,0.0607991214593768,0.352487857583619,0.56725479302429,1.56033077077863,15,"reactome","Mfsd4b1; Slc50a1; Slc2a9; Fgf21; Slc2a4; Slc45a3; Slc2a2; Slc2a6; Slc2a3","thymus","MHU-2","GLDS-289","Stat_(MHU-1 & Space Flight & uG)v(MHU-1 & Ground Control & 1G on Earth)",1,"flight_positive"
"REACTOME_CELLULAR_RESPONSES_TO_MECHANICAL_STIMULI",0.284894837476099,0.389181548224383,0.109250039480711,0.260159728313664,1.08625448180916,99,"reactome","Cacna1h; Fn1; Mmp14; Vcl; Capn2; Ikbke; Itgb3; Prkar2a; Adcy2; Cdh5; P2rx7; Yap1; Nfkb1; Ramp2; Stat1; Adcy7; Fyn; Hspg2; Capns2; Prkar1b; Gnaq; Prr5; Gng4; Nlrp3; Gng12; Cacnb3; Ptk2; Gngt2; Pik3cb; Rela; Kdr; Cacng7; Pik3r2; Gja1; Cacnb2; Prkaca","thymus","MHU-2","GLDS-289","Stat_(MHU-1 & Space Flight & uG)v(MHU-1 & Ground Control & 1G on Earth)",1,"flight_positive"
"REACTOME_CELLULAR_RESPONSE_TO_CHEMICAL_STRESS",0.00639698108228017,0.015786991794218,0.407017918923954,-0.311537041844262,-1.43426052750489,189,"reactome","Sin3b; Slc7a11; Ubb; Bcl2l1; Bach1; Psmd8; Skp2; Med1; H13; Ep300; Psmc1; Cox7a2l; Uba52; Sesn1; Abcf2; Psmb7; Map1lc3b; Taldo1; Sp1; Psmd13; Psmb1; Atp7a; Csnk2b; Psma1; Psmb5; Brca1; Prdx2; Psmd6; Amer1; Psmc3; Akt1; Prdx1; Rbx1; Vcp; Psmd11; Cat; Psmb4; Psmb3; Mafk; G6pdx; Psmb6; Psma7; Hbb-bt; Nploc4; Cox7b; Ncor1; Psmc6; Psmc4; Tkt; Psmc2; Psma2; Eif2ak3; Txnrd1; Cul3; Psmd3; Prdx3; Dpp3; Atf4; Hba-a1; Idh1; Tbl1xr1","thymus","MHU-2","GLDS-289","Stat_(MHU-1 & Space Flight & uG)v(MHU-1 & Ground Control & 1G on Earth)",1,"flight_positive"
"REACTOME_CELLULAR_RESPONSE_TO_HEAT_STRESS",0.000772736354788059,0.00240754274699864,0.477270815362862,-0.406532218756836,-1.65827282616555,94,"reactome","Ubb; Nup188; Ep300; Dnajb1; Nup62; Ndc1; Nup107; Hikeshi; Nup205; Bag4; Seh1l; Nup37; Eef1a1; Sec13; Nup88; Nup160; Nup50; Nup155; Hspa4l; Hspa8; Hspa13; Ywhae; Hspa2; Vcp; Rpa2; Rae1; Nup54; Fkbp4; Nup43","thymus","MHU-2","GLDS-289","Stat_(MHU-1 & Space Flight & uG)v(MHU-1 & Ground Control & 1G on Earth)",1,"flight_positive"
"REACTOME_CELLULAR_RESPONSE_TO_HYPOXIA",1.84794822639348e-07,1.252885652863e-06,0.690132458796796,-0.589823127990425,-2.22058572552205,61,"reactome","Ubb; Psmd8; Ep300; Psmc1; Uba52; Psmb7; Psmd13; Psmb1; Egln1; Limd1; Hif1an; Psma1; Psmb5; Psmd6; Psmc3; Rbx1; Ube2d3; Vhl; Psmd11; Psmb4; Psmb3; Cul2; Eloc; Psmb6; Psma7; Psmc6; Psmc4; Psmc2; Psma2; Egln3; Psmd3","thymus","MHU-2","GLDS-289","Stat_(MHU-1 & Space Flight & uG)v(MHU-1 & Ground Control & 1G on Earth)",1,"flight_positive"
"REACTOME_CELLULAR_RESPONSE_TO_STARVATION",7.19995098959059e-07,4.28814760595506e-06,0.659444398037935,-0.450449154698811,-1.96960405307377,144,"reactome","Rplp0; Rps5; Rpl7; Lamtor3; Rpl35; Uba52; Sesn1; Rpl28; Rps4x; Rps3a1; Rpl26; Rpl7a; Rpl18a; Rpl17; Nprl2; Seh1l; Atp6v1d; Rpl13a; Eif2s3x; Rps16; Rps7; Sec13; Rpl10; Depdc5; Rps11; Eif2s1; Rpl4; Rpl6; Atp6v1a; Atp6v1c1; Rpl19; Rps15a; Rps3; Slc38a9; Rpl15; Rpl29; Rps10; Mios; Rpsa; Flcn; Fau; Rpl32; Rpl18; Rpl21; Rps24; Atp6v1f; Rpl3; Szt2; Rraga; Rpl12; Wdr24; Tcirg1; Atf2; Atf4; Mlst8; Eif2ak4; Rpl10a; Atp6v1b2; Rpl35a","thymus","MHU-2","GLDS-289","Stat_(MHU-1 & Space Flight & uG)v(MHU-1 & Ground Control & 1G on Earth)",1,"flight_positive"
"REACTOME_CELLULAR_SENESCENCE",5.21409438334121e-20,1.30716133610275e-18,1.16017957183021,-0.59607371330933,-2.69981180581918,174,"reactome","Anapc5; H2ac13; H3f3a; H2ac10; H3c10; H2bc18; E2f2; H2ac4; H3c7; Cdkn2c; H3c2; Ubb; H1f4; H3c11; Ccna2; H3c8; H1f1; H2bc4; H4c4; H3c15; Anapc1; H3c1; H1f3; H4c6; Cdkn2d; H3c4; H2bc21; H2ac19; Phc1; Ets2; H1f2; Cdk2; Asf1a; H2ac20; H4c16; H4c1; H1f5; H3c3; Uba52; H2bc8; H4c14; Cdkn1b; H4c12; H4c2; Ets1; H4c3; H2ax; H2bc3; H4c17; H2bc7; Sp1; H4c11; Cdk4; Ehmt1; Tfdp1; H2bc14; Pot1a; H2bc6; Tnrc6c; Anapc7; Ccne2; Mapk9; Cdc27; H2ac18; H4c18; H4c8; Lmnb1; Ezh2; H3f3b; Eed; Ubn1; Rb1; Ube2c; H2ac7","thymus","MHU-2","GLDS-289","Stat_(MHU-1 & Space Flight & uG)v(MHU-1 & Ground Control & 1G on Earth)",1,"flight_positive"
"REACTOME_CELL_CELL_COMMUNICATION",6.46983438609641e-05,0.000258314128452294,0.538434096309916,0.410061419666392,1.7904481429005,136,"reactome","Krt5; Nectin1; Adam19; Lama3; Sdk2; Afdn; Dst; Krt14; Cdh1; Ctnnd1; Parvb; Ago4; Nectin4; Src; Cdh4; Cdh17; Grb2; Cldn3; Sirpa; Actn3; Cdh5; Ctnna1; Tyrobp; Cdh3; Cdh2; Skap2; Zeb2; Cldn1; Lamb3; Pard3; Itgb4; F11r; Ptk2b; Sftpd; Cldn7; Fyn; Vasp; Mov10","thymus","MHU-2","GLDS-289","Stat_(MHU-1 & Space Flight & uG)v(MHU-1 & Ground Control & 1G on Earth)",1,"flight_positive"
"REACTOME_CELL_CELL_JUNCTION_ORGANIZATION",0.000471724472521108,0.00154096661023562,0.49849310876659,0.452897086159379,1.78272608295059,75,"reactome","Nectin1; Adam19; Sdk2; Afdn; Cdh1; Ctnnd1; Ago4; Nectin4; Cdh4; Cdh17; Cldn3; Cdh5; Ctnna1; Cdh3; Cdh2; Zeb2; Cldn1; Pard3; F11r; Cldn7; Mov10; Heyl; Cadm2; Cdh6","thymus","MHU-2","GLDS-289","Stat_(MHU-1 & Space Flight & uG)v(MHU-1 & Ground Control & 1G on Earth)",1,"flight_positive"
"REACTOME_CELL_CYCLE_CHECKPOINTS",4.42258425725614e-51,2.38377291466106e-48,1.86519042267242,-0.696111869598768,-3.33624593625572,262,"reactome","Anapc5; Ppp2r5c; Ccnb1; Bub3; H2bc18; Ppp2r5a; Cenpl; Gtse1; Kif2c; Kif18a; Ppp2r5d; Cenpi; Cdc20; Ubb; Cdk1; Dynll1; Ccna2; Ccnb2; Bub1b; Nsd2; H2bc4; H4c4; Dbf4; Psmd8; Clasp1; Anapc1; Ercc6l; Sgo1; Cenpf; Cdc45; Cenpa; H4c6; Dna2; H2bc21; Wee1; Ywhaz; Ckap5; Ywhaq; Cdk2; Ndc80; Incenp; Ppp2r5e; Rhno1; Ska2; H4c16; Mad2l1; Cdca8; H4c1; Pafah1b1; Wrn; Bub1; Dync1i2; Psmc1; Sgo2a; Uba52; Cdc25c; H2bc8; Cenpk; Aurkb; H4c14; Cdkn1b; H4c12; Cenpq; Nup107; H4c2; H4c3; Mcm10; Psmb7; H2ax; H2bc3; H4c17; Zw10; Itgb3bp; Rfc4; Cenpo; H2bc7; Spdl1; Psmd13; Ywhah; H4c11; Psmb1; Rfc3; Mcm5; Rmi2; Bard1; Rmi1; Orc6; Cenpn; Plk1; Ppp2ca; Nde1; Spc25; Mcm7; Nsl1; H2bc14; Seh1l; Rangap1; Birc5; Nup37; Psma1; Mcm2; Cenpu; H2bc6; Xpo1; Nuf2; Cenpe; Psmb5; Brca1; Sec13; Cdc6; Ywhab; Nup160; Anapc7; Brip1; Ccne2; Cenpp; Psmd6; Cenpc1; Cdc27; H4c18; H4c8; Psmc3; Knl1; Dsn1; Mcm3; Rad9a; Mcm6; Ywhae; Dync1h1; Mad1l1; Cdc7; Clasp2; Psmd11; Rad17; Orc5; Ppp2r1b; B9d2; Psmb4; Mcm4; Ube2c; Mcm8; Rpa2; Psmb3","thymus","MHU-2","GLDS-289","Stat_(MHU-1 & Space Flight & uG)v(MHU-1 & Ground Control & 1G on Earth)",1,"flight_positive"
"REACTOME_CELL_DEATH_SIGNALLING_VIA_NRAGE_NRIF_AND_NADE",0.423694779116466,0.514930069771759,0.0883594442500905,0.260351902517351,1.02481588322729,75,"reactome","Arhgef17; Arhgef12; Trio; Fgd4; Arhgef37; Arhgef10l; Bcl2l11; Itsn1; Maged1; Psen2; Ubc; Arhgef10","thymus","MHU-2","GLDS-289","Stat_(MHU-1 & Space Flight & uG)v(MHU-1 & Ground Control & 1G on Earth)",1,"flight_positive"
"REACTOME_CELL_EXTRACELLULAR_MATRIX_INTERACTIONS",0.263473053892216,0.366956010459701,0.117249716749792,-0.407079768119144,-1.16523986301875,18,"reactome","Actb; Itgb1; Flnc; Flna; Actg1; Lims1; Ilk","thymus","MHU-2","GLDS-289","Stat_(MHU-1 & Space Flight & uG)v(MHU-1 & Ground Control & 1G on Earth)",1,"flight_positive"
"REACTOME_CELL_JUNCTION_ORGANIZATION",1.50603778573127e-05,7.08955778610617e-05,0.593325476396405,0.454524230959195,1.90915624238519,102,"reactome","Krt5; Nectin1; Adam19; Lama3; Sdk2; Afdn; Dst; Krt14; Cdh1; Ctnnd1; Parvb; Ago4; Nectin4; Cdh4; Cdh17; Cldn3; Cdh5; Ctnna1; Cdh3; Cdh2; Zeb2; Cldn1; Lamb3; Pard3; Itgb4; F11r; Cldn7; Vasp; Mov10; Heyl; Cadm2; Cdh6; Lamc2; Fermt2; Amot; Parva; Cldn8","thymus","MHU-2","GLDS-289","Stat_(MHU-1 & Space Flight & uG)v(MHU-1 & Ground Control & 1G on Earth)",1,"flight_positive"
"REACTOME_CELL_SURFACE_INTERACTIONS_AT_THE_VASCULAR_WALL",8.28468285173815e-05,0.000321206454954159,0.538434096309916,0.402898357388954,1.75976444899868,137,"reactome","Epcam; Sdc3; Cd44; Gas6; Fn1; Src; Cd74; Itga3; Grb2; Atp1b3; Sirpa; Itgb3; L1cam; Igkv1-117; Sdc1; Igkv1-135; Slc3a2; Fcer1g; Mertk; Lyn; Yes1; Pros1; Itgax; Igkv1-88; Mag; Igkv8-27; Grb7; Cd244a; Jchain; Gpc1; F11r; Cd2; Itga4; Fyn; Igkv14-111; Slc7a10; Sdc4; Igkv8-30; Esam; Atp1b1; Procr; Igkv14-100; Slc7a5; Angpt1; Jaml; Pik3r1","thymus","MHU-2","GLDS-289","Stat_(MHU-1 & Space Flight & uG)v(MHU-1 & Ground Control & 1G on Earth)",1,"flight_positive"
"REACTOME_CHAPERONE_MEDIATED_AUTOPHAGY",0.304347826086957,0.407055777322257,0.107140237276725,-0.374627455425082,-1.13066222061433,21,"reactome","Ubb; Uba52; Eef1a1; Hspa8; Pcnt; Hbb-bt; Ift88; Plin3; Rps27a; Plin2","thymus","MHU-2","GLDS-289","Stat_(MHU-1 & Space Flight & uG)v(MHU-1 & Ground Control & 1G on Earth)",1,"flight_positive"
"REACTOME_CHEMOKINE_RECEPTORS_BIND_CHEMOKINES",4.67931532819576e-06,2.39066441886021e-05,0.610526878385931,0.588773715400727,2.11988532860882,47,"reactome","Ccl21a; Cxcl16; Ccl5; Cxcl9; Ccl11; Ccr7; Cx3cl1; Cxcl12; Ccl22; Ccl19; Ccl25; Xcr1; Cxcr3; Ccl17; Cxcl3; Cxcr5; Xcl1; Cxcl2; Cx3cr1; Ccr8; Cxcl1; Ccl4; Ccrl2; Ccl3","thymus","MHU-2","GLDS-289","Stat_(MHU-1 & Space Flight & uG)v(MHU-1 & Ground Control & 1G on Earth)",1,"flight_positive"
"REACTOME_CHOLESTEROL_BIOSYNTHESIS",7.04700828498935e-06,3.517807494642e-05,0.610526878385931,-0.703819993502893,-2.21632689116544,27,"reactome","Lbr; Dhcr24; Hmgcs1; Srebf2; Fdps; Hmgcr; Sqle; Fdft1; Hsd17b7; Idi1; Mvk; Msmo1; Cyp51; Sc5d; Srebf1","thymus","MHU-2","GLDS-289","Stat_(MHU-1 & Space Flight & uG)v(MHU-1 & Ground Control & 1G on Earth)",1,"flight_positive"
"REACTOME_CHONDROITIN_SULFATE_BIOSYNTHESIS",0.0399123834009438,0.0789459620297567,0.321775918075361,0.524739749609335,1.52200188949173,18,"reactome","Chst15; Chst11; Bgn; Chst3; Vcan; Dcn; Chst7; Bcan; Chpf2; Chsy3; Csgalnact1; Chpf; Ncan","thymus","MHU-2","GLDS-289","Stat_(MHU-1 & Space Flight & uG)v(MHU-1 & Ground Control & 1G on Earth)",1,"flight_positive"
"REACTOME_CHONDROITIN_SULFATE_DERMATAN_SULFATE_METABOLISM",1.72469055461268e-05,7.97946960460286e-05,0.575610261071129,0.567094088250577,2.04182762609397,47,"reactome","Sdc3; Chst15; Agrn; Hexb; Chst11; Gpc4; Arsb; Sdc1; Bgn; Xylt2; Dse; Chst3; Gpc1; Sdc4; Hexa; Vcan; Hspg2; Ust; Dcn","thymus","MHU-2","GLDS-289","Stat_(MHU-1 & Space Flight & uG)v(MHU-1 & Ground Control & 1G on Earth)",1,"flight_positive"
"REACTOME_CHROMATIN_MODIFICATIONS_DURING_THE_MATERNAL_TO_ZYGOTIC_TRANSITION_MZT",2.40055647165976e-22,8.34774153693298e-21,1.22105375677186,-0.835831929178884,-3.07051945929238,53,"reactome","H2ac13; H3f3a; H2ac10; H3c10; H2bc18; H2ac4; H3c7; H3c2; H3c11; H3c8; H2bc4; H4c4; H3c15; H3c1; Uhrf1; H4c6; H3c4; H2bc21; H2ac19; H2ac20; H4c16; H4c1; H3c3; H2bc8; H4c14; H4c12; H4c2; H4c3; Mettl23; H2ax; H2bc3; H4c17; Kdm5b; H2bc7; H4c11; H2bc14; H2bc6; H2ac18; H4c18; H4c8","thymus","MHU-2","GLDS-289","Stat_(MHU-1 & Space Flight & uG)v(MHU-1 & Ground Control & 1G on Earth)",1,"flight_positive"
"REACTOME_CHROMATIN_ORGANIZATION",9.54390043352154e-24,4.28680194472342e-22,1.26273988547916,-0.556281771290602,-2.66858759812068,263,"reactome","H2ac13; H2ac10; H3c10; H2bc18; H2ac4; H3c7; Epc1; H3c2; Nsd1; H3c11; H3c8; H2ac12; Nsd2; H2bc4; H4c4; H3c15; H3c1; Arid2; Kat7; H4c6; H2ac22; H3c4; Hdac1; H2bc21; H2ac19; Bcl11b; Mcrs1; Suv39h1; H2ac25; H2ac21; H2ac20; H4c16; Msl2; H4c1; Ep300; Kansl3; Kdm3a; Kansl2; H3c3; H2bc8; Jade1; H4c14; H4c12; H2ac6; Taf5l; H4c2; Actl6a; H4c3; Brd9; Taf9; Kdm4a; H2ax; H2bc3; H4c17; Smarcd2; Kdm5b; H2bc7; Kdm4c; H4c11; Yeats4; Cdk4; Actb; Ehmt1; Brd1; Kmt2c; H2bc14; Smarce1; Elp4; Phf2; H2bc6; Msl3; Phf10; Jade2; Hcfc1; Kansl1; Dmap1; Setd3; Sap30; Tada1; H2ac18; H4c18; Jade3; H4c8; Prmt1; Rbbp5; Brd8; Pbrm1; Elp6; H2ac8; Kdm3b; Bicral; Ezh2; Brwd1; Taf12; Tada3; Eed; Kdm5a; H2ac7; Kat2b; Hdac8; Kdm4b; Supt7l; Hdac2; Prmt7; Ogt; Kat14; Dr1; Ash2l; Mrgbp; Ing3; Ncor1; Elp2; Rbbp7; Smarca4; Mbip; Mta2; Bcl7b; Elp5; Bcl7c; Jmjd6; Chd4; Phf8; Usp22; Brms1","thymus","MHU-2","GLDS-289","Stat_(MHU-1 & Space Flight & uG)v(MHU-1 & Ground Control & 1G on Earth)",1,"flight_positive"
"REACTOME_CHROMOSOME_MAINTENANCE",1.04911320306894e-24,5.38544777575388e-23,1.28710367230144,-0.695832134277071,-2.98685720852132,124,"reactome","H2ac13; H3f3a; H2ac10; H2bc18; Cenpl; H2ac4; Cenpi; Ccna2; H2bc4; Pcna; H4c4; Ankrd28; Prim1; Cenpa; H4c6; Dna2; Oip5; H2bc21; H2ac19; Ten1; Cdk2; H2ac20; H4c16; Fen1; H4c1; Wrn; Polr2c; H2bc8; Pif1; Cenpk; H4c14; Ctc1; H4c12; Cenpq; H4c2; H4c3; H2ax; H2bc3; H4c17; Wrap53; Itgb3bp; Rfc4; Ppp6c; Cenpo; H2bc7; H4c11; Mis18a; Rfc3; Mis18bp1; Stn1; Cenpn; H2bc14; Rtel1; Pot1a; Cenpu; H2bc6; Cenpp; Cenpc1; Rfc1; H2ac18; H4c18; H4c8; Knl1","thymus","MHU-2","GLDS-289","Stat_(MHU-1 & Space Flight & uG)v(MHU-1 & Ground Control & 1G on Earth)",1,"flight_positive"
"REACTOME_CILIUM_ASSEMBLY",2.0802340658883e-11,2.26514376063392e-10,0.863415391606693,-0.478955655152001,-2.20238713297153,188,"reactome","Tuba1b; Tubb5; Tubb4b; Tubb2a; Plk4; Cdk1; Dynll1; Cep43; Cep76; Cct4; Tubb2b; Mkks; Clasp1; Cct5; Ift80; Ckap5; Tuba1c; Tuba1a; Actr1a; Pafah1b1; Dync1i2; Cep192; Nek2; Cct2; Ssna1; Haus2; Alms1; Ahi1; Ccp110; C2cd3; Plk1; Nde1; Exoc4; Kif24; Exoc3; Unc119b; Haus8; Tcp1; Bbs9; Cep70; Dynlt5; Ift57; Exoc8; Cep72; Tnpo1; Ttbk2; Cep97; Cetn2; Ywhae; Cep152; Dync1h1; Csnk1e; Cngb1; Arf4; B9d2; Cep57; Pcnt; Dynlt2a2; Odf2; Bbs1; Rpgrip1l; Haus1; Cep83","thymus","MHU-2","GLDS-289","Stat_(MHU-1 & Space Flight & uG)v(MHU-1 & Ground Control & 1G on Earth)",1,"flight_positive"
"REACTOME_CIRCADIAN_CLOCK",0.0251454363935809,0.052329691954209,0.352487857583619,-0.32606272344845,-1.36602785630643,109,"reactome","Rorc; Rbm4; Ubb; Psmd8; Med1; Ep300; Psmc1; Uba52; Fbxl3; Psmb7; Psmd13; Psmb1; Csnk2b; Psma1; Psmb5; Rai1; Psmd6; Psmc3; Creb1; Fbxw11; Rbx1; Csnk1e; Psmd11; Psmb4; Psmb3; Crtc3; Psmb6; Psma7; Ncor1; Srebf1; Psmc6; Psmc4; Psmc2; Psma2","thymus","MHU-2","GLDS-289","Stat_(MHU-1 & Space Flight & uG)v(MHU-1 & Ground Control & 1G on Earth)",1,"flight_positive"
"REACTOME_CITRIC_ACID_CYCLE_TCA_CYCLE",0.0310336714002967,0.0627660370910316,0.352487857583619,-0.45270143090592,-1.5119880488544,33,"reactome","Idh2; Aco2; Mdh2; Sdhb; Cs; Idh3b; Mrps36; Sdhaf2; Idh3a; Lyrm4; Isca2; Idh3g; Dlst; Isca1; Nnt","thymus","MHU-2","GLDS-289","Stat_(MHU-1 & Space Flight & uG)v(MHU-1 & Ground Control & 1G on Earth)",1,"flight_positive"
"REACTOME_CLASS_A_1_RHODOPSIN_LIKE_RECEPTORS",2.02100232287532e-08,1.59024854310919e-07,0.73376198835648,0.423934881349351,1.94901562868602,216,"reactome","Ccl21a; Anxa1; Cxcl16; Ccl5; C3; Cxcl9; Ccl11; Gpr65; App; S1pr1; Ccr7; Cx3cl1; C3ar1; Cxcl12; Cmklr1; Oprd1; Gpr18; Gpr35; P2ry6; Ccl22; Gpr68; Cysltr2; Penk; Ccl19; F2rl1; Ltb4r2; Ccl25; Adora2a; Grp; Adra1a; Npff; Rxfp1; Hebp1; Xcr1; Cxcr3; Npsr1; Tac2; Ccl17; Cxcl3; Htr2a; C5ar2; Cxcr5; F2r; Saa2; Psap; Sst; Tac1; Xcl1; Cxcl2; Ffar1; Nts; Lpar1; Htr1b; Cx3cr1; Rln3; Ptafr; Agt; Ptger2; Ccr8; Ptgdr; Cxcl1; Ccl4; Ccrl2; Pdyn; Gpr4; Ccl3; Ffar4; Gper1; Plppr4","thymus","MHU-2","GLDS-289","Stat_(MHU-1 & Space Flight & uG)v(MHU-1 & Ground Control & 1G on Earth)",1,"flight_positive"
"REACTOME_CLASS_B_2_SECRETIN_FAMILY_RECEPTORS",0.223320158102767,0.324009596816666,0.128142916898415,0.291613380356079,1.14802496832579,72,"reactome","Fzd7; Wnt4; Fzd8; Calcb; Fzd6; Fzd10; Ramp2; Fzd4; Wnt6; Vipr2; Fzd2; Vipr1; Cd55; Calca; Gng4; Wnt11; Pthlh; Wnt10a; Gng12; Gngt2; Adgre1; Wnt7b; Iapp; Adcyap1r1; Gcg; Sct; Gng11; Crhr1; Wnt3; Wnt9a; Gnb5; Fzd1; Ptch2; Calcr; Ramp3","thymus","MHU-2","GLDS-289","Stat_(MHU-1 & Space Flight & uG)v(MHU-1 & Ground Control & 1G on Earth)",1,"flight_positive"
"REACTOME_CLASS_I_MHC_MEDIATED_ANTIGEN_PROCESSING_PRESENTATION",0.000134746473206463,0.000494070401757032,0.518848077743792,-0.31240958067041,-1.54245587969063,354,"reactome","Anapc5; Socs1; Rnf4; Cdc20; Ccnf; Ubb; Mex3c; Klhl11; Psmd8; Hace1; Anapc1; Klhl9; Skp2; Fbxl14; Kbtbd6; Znrf1; Fbxl8; Fbxl12; Hmgb1; Trim37; Psmc1; Uba52; Bcap31; H2-Q2; Fbxl3; Psmb7; Pik3c3; Lonrf1; Kbtbd7; Psmd13; Klhl42; Psmb1; Ltn1; Itch; Ube2e3; Psma1; Rnf7; Psmb5; Sec13; Vamp3; Ube3c; Anapc7; Fbxl22; Fbxl4; Psmd6; Sec61a1; Cdc27; Psmc3; Lrrc41; Uba1; Ube4a; Ubr1; Arel1; Uba6; Rnf41; Fbxw11; Traip; Kctd7; Rlim; Rbx1; Blmh; Uba5; Ube2d3; Ube2g1; Fbxw2; Vhl; Sec22b; Psmd11; Fbxw10; Tpp2; Fbxo30; Nedd4; Ikbkg; Lnpep; Psmb4; Ubr4; Siah2; Ube2c; Psmb3; Fbxw5; Huwe1; Kbtbd8; Ube2b; Cul2; Lrr1; Fzr1; Ubr2; Eloc; Ube2q2; Psmb6; Psma7; Rnf19a; Nedd4l; Ube2j1; Hectd3; Psmc6; Sar1b; Psmc4; Trip12; Ube2l3; Uba3; Psmc2; Psma2","thymus","MHU-2","GLDS-289","Stat_(MHU-1 & Space Flight & uG)v(MHU-1 & Ground Control & 1G on Earth)",1,"flight_positive"
"REACTOME_CLASS_I_PEROXISOMAL_MEMBRANE_PROTEIN_IMPORT",0.0810276679841897,0.142260303073219,0.222056046145248,-0.484954995746092,-1.44270532727933,20,"reactome","Pxmp4; Slc25a17; Fis1; Abcd1; Aldh3a2; Pex13; Gdap1; Atad1; Pex26; Pex12; Pex14; Pxmp2; Pex16; Acbd5","thymus","MHU-2","GLDS-289","Stat_(MHU-1 & Space Flight & uG)v(MHU-1 & Ground Control & 1G on Earth)",1,"flight_positive"
"REACTOME_CLATHRIN_MEDIATED_ENDOCYTOSIS",0.0547667342799189,0.104492990360624,0.276500599254472,-0.292912994449697,-1.279942839342,140,"reactome","Cbl; Ldlr; Ap2b1; Ubb; Arpc1a; Cd4; Dnajc6; Uba52; Gapvd1; Gps1; Sh3kbp1; Igf2r; Arpc2; Actb; Arpc5; Ubqln1; Scarb2; Grk2; Rab5c; Vamp3; Tor1b; Ap2s1; Cltc; Stam2; Stam; Hspa8; Cd3d; Reps1; Ap2m1; Actg1; Sh3gl3; Wasl; Pik3c2a","thymus","MHU-2","GLDS-289","Stat_(MHU-1 & Space Flight & uG)v(MHU-1 & Ground Control & 1G on Earth)",1,"flight_positive"
"REACTOME_CLEC7A_DECTIN_1_SIGNALING",0.000263103129932934,0.00090905504508879,0.49849310876659,-0.448716931585987,-1.80858798780651,87,"reactome","Itpr2; Nfatc3; Ubb; Traf6; Psmd8; Pycard; Psmc1; Uba52; Calm1; Psmb7; Psmd13; Psmb1; Bcl10; Tab1; Psma1; Psmb5; Psmd6; Itpr3; Psmc3; Fbxw11; Itpr1; Psmd11; Ikbkg; Psmb4; Psmb3; Map3k7; Psmb6; Psma7; Psmc6; Psmc4; Uba3; Ppp3cb; Psmc2; Psma2; Pdpk1; Psmd3; Card11; Tab2; Ppp3r1; Nfkbia","thymus","MHU-2","GLDS-289","Stat_(MHU-1 & Space Flight & uG)v(MHU-1 & Ground Control & 1G on Earth)",1,"flight_positive"
"REACTOME_COBALAMIN_CBL_VITAMIN_B12_TRANSPORT_AND_METABOLISM",0.1953125,0.29283292767733,0.137250779610133,0.43362388216239,1.23023367933439,17,"reactome","Tcn2; Ldlrap1; Mmut; Abcc1; Amn; Ctrb1; Mmaa","thymus","MHU-2","GLDS-289","Stat_(MHU-1 & Space Flight & uG)v(MHU-1 & Ground Control & 1G on Earth)",1,"flight_positive"
"REACTOME_COLLAGEN_BIOSYNTHESIS_AND_MODIFYING_ENZYMES",4.52340804778612e-05,0.000189001313004397,0.557332238758646,0.510233056392219,1.97990933601169,63,"reactome","Col4a1; Col6a2; Col6a1; Col4a2; Bmp1; Col15a1; Col6a3; P4ha2; Col12a1; Col2a1; Col5a2; Col27a1; Col19a1; Col6a5; Col4a5; Col18a1; Col20a1; Adamts2; P3h2; Col4a4; Tll1; Serpinh1; P4ha3; Colgalt2; Plod3; Colgalt1; Plod1; Pcolce2; Col9a2","thymus","MHU-2","GLDS-289","Stat_(MHU-1 & Space Flight & uG)v(MHU-1 & Ground Control & 1G on Earth)",1,"flight_positive"
"REACTOME_COLLAGEN_CHAIN_TRIMERIZATION",2.4771821991916e-06,1.32198139144978e-05,0.627256739718528,0.639639265703346,2.26553631464426,40,"reactome","Col4a1; Col6a2; Col6a1; Col4a2; Col15a1; Col6a3; Col12a1; Col2a1; Col5a2; Col27a1; Col19a1; Col6a5; Col4a5; Col18a1; Col20a1; Col4a4","thymus","MHU-2","GLDS-289","Stat_(MHU-1 & Space Flight & uG)v(MHU-1 & Ground Control & 1G on Earth)",1,"flight_positive"
"REACTOME_COLLAGEN_DEGRADATION",2.00436857102177e-05,9.11691696017498e-05,0.575610261071129,0.537446048616376,2.05012201928304,59,"reactome","Ctsl; Col4a1; Mmp14; Col6a2; Col6a1; Col4a2; Adam9; Col15a1; Col6a3; Col12a1; Col2a1; Col5a2; Mmp2; Col19a1; Col6a5; Col4a5; Col18a1; Mmp13","thymus","MHU-2","GLDS-289","Stat_(MHU-1 & Space Flight & uG)v(MHU-1 & Ground Control & 1G on Earth)",1,"flight_positive"
"REACTOME_COLLAGEN_FORMATION",5.93275470821453e-08,4.41069625893466e-07,0.719512826338911,0.545696098031373,2.20930059116216,85,"reactome","Ctss; Ctsl; Col4a1; Lama3; Dst; Col6a2; Col6a1; Col4a2; Bmp1; Col15a1; Col6a3; P4ha2; Lamb3; Col12a1; Col2a1; Col5a2; Col27a1; Col19a1; Itgb4; Col6a5; Col4a5; Lox; Col18a1; Col20a1; Adamts2; Mmp13; Loxl4; P3h2; Col4a4; Tll1; Lamc2; Serpinh1; P4ha3; Loxl2; Colgalt2; Plec; Plod3; Mmp9; Colgalt1; Mmp7; Plod1; Pcolce2; Col9a2; Pxdn","thymus","MHU-2","GLDS-289","Stat_(MHU-1 & Space Flight & uG)v(MHU-1 & Ground Control & 1G on Earth)",1,"flight_positive"
"REACTOME_COMMON_PATHWAY_OF_FIBRIN_CLOT_FORMATION",0.51593625498008,0.598985457350423,0.077274697304471,0.332049939446934,0.970531055356165,19,"reactome","Pros1; Serpine2; F2r; Procr; F10; Thbd","thymus","MHU-2","GLDS-289","Stat_(MHU-1 & Space Flight & uG)v(MHU-1 & Ground Control & 1G on Earth)",1,"flight_positive"
"REACTOME_COMPLEMENT_CASCADE",2.58279948813439e-06,1.36957957091504e-05,0.627256739718528,0.524432627104583,2.07458009456184,74,"reactome","C1qa; C3; Clu; Ighg2b; Cfh; C3ar1; C1qc; Cfp; Cd19; Igkv1-117; C1qb; Igkv1-135; Pros1; Igkv1-88; Igkv8-27; C7; Cfb; Ighg2c; C6; Igkv14-111; C1s1; Igkv8-30; C5ar2; Igkv14-100; Cd55; Crp; Ighg3","thymus","MHU-2","GLDS-289","Stat_(MHU-1 & Space Flight & uG)v(MHU-1 & Ground Control & 1G on Earth)",1,"flight_positive"
"REACTOME_COMPLEX_III_ASSEMBLY",0.924901185770751,0.944169960474308,0.048701086452153,-0.21596237348025,-0.65917886018344,22,"reactome","Bcs1l; Uqcrfs1; Lyrm4; Uqcr10; Uqcrh; Fxn; Hscb; Iscu; Uqcc3; Uqcc2; Letm1; Lyrm7; Uqcrb","thymus","MHU-2","GLDS-289","Stat_(MHU-1 & Space Flight & uG)v(MHU-1 & Ground Control & 1G on Earth)",1,"flight_positive"
"REACTOME_COMPLEX_IV_ASSEMBLY",0.609856262833676,0.680284018272276,0.0702812841717392,-0.260690131477491,-0.917761992159512,43,"reactome","Cox7a2l; Cox19; Cox16; Coa5; Smim20; Tmem177; Cox7b; Cox20; Timm21","thymus","MHU-2","GLDS-289","Stat_(MHU-1 & Space Flight & uG)v(MHU-1 & Ground Control & 1G on Earth)",1,"flight_positive"
"REACTOME_COMPLEX_I_BIOGENESIS",0.298353909465021,0.400777876283353,0.11101149245045,-0.287647322584614,-1.08122524764195,60,"reactome","Ndufs2; Ndufb11; Ndufb5; Ndufc1; Tmem186; Ndufaf3; Ndufv1; Ndufs8; Ndufa6; Ndufaf4; Ndufv2; Ndufs4; Dmac1; Timmdc1; Pyurf; Ndufa7; Ndufs6; Ndufs5; Ndufs3; Ndufs7; Ndufb7; Ndufs1; Ndufa9; Ndufa8; Ndufa2; Ndufaf7","thymus","MHU-2","GLDS-289","Stat_(MHU-1 & Space Flight & uG)v(MHU-1 & Ground Control & 1G on Earth)",1,"flight_positive"
"REACTOME_CONDENSATION_OF_PROPHASE_CHROMOSOMES",4.80254341057521e-23,1.84897921307146e-21,1.24623277191648,-0.832545262782535,-3.10521255446859,56,"reactome","Ccnb1; H2ac13; H3f3a; H2ac10; H3c10; H2bc18; H2ac4; H3c7; Ncapd3; H3c2; Cdk1; H3c11; H3c8; H2bc4; H4c4; H3c15; H3c1; H4c6; H3c4; H2bc21; H2ac19; H2ac20; H4c16; H4c1; H3c3; H2bc8; H4c14; H4c12; H4c2; H4c3; H2ax; H2bc3; H4c17; Mcph1; H2bc7; H4c11; Ncaph2; Plk1; H2bc14; H2bc6; Ncapg2; H2ac18; H4c18; H4c8","thymus","MHU-2","GLDS-289","Stat_(MHU-1 & Space Flight & uG)v(MHU-1 & Ground Control & 1G on Earth)",1,"flight_positive"
"REACTOME_CONSTITUTIVE_SIGNALING_BY_ABERRANT_PI3K_IN_CANCER",0.0135404021301872,0.0306650283536591,0.380730400722792,0.37415206437111,1.48009178866122,74,"reactome","Flt3; Src; Erbb2; Grb2; Irs2; Gab2; Cd19; Flt3l; Cd80; Fyn; Pik3ap1; Fgf7; Fgfr2; Fgf1; Erbb3; Pdgfrb; Fgfr1; Ntrk2; Ntf5; Cd86; Pdgfb; Pik3r1; Nrg4; Gab1; Egf; Btc; Pdgfra; Kl; Pik3cb; Tgfa; Kit; Pik3r2; Irs1; Bdnf; Kitl; Nrg1; Egfr; Pik3cd; Fgf9; Epgn","thymus","MHU-2","GLDS-289","Stat_(MHU-1 & Space Flight & uG)v(MHU-1 & Ground Control & 1G on Earth)",1,"flight_positive"
"REACTOME_CONSTITUTIVE_SIGNALING_BY_AKT1_E17K_IN_CANCER",0.163934426229508,0.25251012145749,0.155241966228839,-0.403642546456306,-1.26487732988527,26,"reactome","Cdkn1b; Bad; Foxo4; Creb1; Akt1; Rictor; Foxo3; Mapkap1; Pdpk1; Mlst8; Akt2; Mtor","thymus","MHU-2","GLDS-289","Stat_(MHU-1 & Space Flight & uG)v(MHU-1 & Ground Control & 1G on Earth)",1,"flight_positive"
"REACTOME_CONSTITUTIVE_SIGNALING_BY_EGFRVIII",0.336032388663968,0.43486544415337,0.102449405629826,-0.401752218865304,-1.09663245242881,15,"reactome","Cbl; Nras; Cdc37; Kras","thymus","MHU-2","GLDS-289","Stat_(MHU-1 & Space Flight & uG)v(MHU-1 & Ground Control & 1G on Earth)",1,"flight_positive"
"REACTOME_CONSTITUTIVE_SIGNALING_BY_LIGAND_RESPONSIVE_EGFR_CANCER_VARIANTS",0.14,0.224249628528975,0.166933848713193,-0.456587786372358,-1.33388486398724,19,"reactome","Cbl; Ubb; Uba52; Nras; Cdc37; Kras","thymus","MHU-2","GLDS-289","Stat_(MHU-1 & Space Flight & uG)v(MHU-1 & Ground Control & 1G on Earth)",1,"flight_positive"
"REACTOME_CONVERSION_FROM_APC_C_CDC20_TO_APC_C_CDH1_IN_LATE_ANAPHASE",0.00154914153272758,0.00444142173478811,0.45505986738723,-0.627474403825568,-1.86669004973925,20,"reactome","Anapc5; Cdc20; Anapc1; Anapc7; Cdc27; Ube2c; Fzr1; Ube2e1; Anapc4; Cdc16","thymus","MHU-2","GLDS-289","Stat_(MHU-1 & Space Flight & uG)v(MHU-1 & Ground Control & 1G on Earth)",1,"flight_positive"
"REACTOME_COOPERATION_OF_PDCL_PHLP1_AND_TRIC_CCT_IN_G_PROTEIN_BETA_FOLDING",0.0602409638554217,0.112547242696958,0.261663521711573,-0.411048222222399,-1.39685884026894,35,"reactome","Cct7; Cct4; Cct5; Cct2; Csnk2b; Tcp1; Gnb1; Gng10; Cct6a; Gnb2; Gng2; Gna11","thymus","MHU-2","GLDS-289","Stat_(MHU-1 & Space Flight & uG)v(MHU-1 & Ground Control & 1G on Earth)",1,"flight_positive"
"REACTOME_COOPERATION_OF_PREFOLDIN_AND_TRIC_CCT_IN_ACTIN_AND_TUBULIN_FOLDING",2.64264926463975e-07,1.73705848004979e-06,0.674962860011025,-0.752222800373025,-2.36874717399976,27,"reactome","Tuba1b; Tubb4b; Tubb2a; Cct7; Cct4; Tubb2b; Cct5; Tuba1c; Tuba1a; Cct2; Actb; Tcp1","thymus","MHU-2","GLDS-289","Stat_(MHU-1 & Space Flight & uG)v(MHU-1 & Ground Control & 1G on Earth)",1,"flight_positive"
"REACTOME_COPII_MEDIATED_VESICLE_TRANSPORT",0.0273821005785003,0.0565477096237996,0.352487857583619,-0.366466084642926,-1.4007876294163,68,"reactome","Ankrd28; Ppp6r1; Ppp6c; Lman2; Sec22c; Sec13; Rab1a; Lman2l; Uso1; Gosr2; Napg; Sec22b; Tmed2; Nsf; Trappc9; Ppp6r3; Cnih1; Serpina1b; Sar1b; Napa; Sec23ip; Serpina1e; Lman1l; Sec16a; Sec31b; F5; Trappc5; Tfg; Trappc2l","thymus","MHU-2","GLDS-289","Stat_(MHU-1 & Space Flight & uG)v(MHU-1 & Ground Control & 1G on Earth)",1,"flight_positive"
"REACTOME_COPI_DEPENDENT_GOLGI_TO_ER_RETROGRADE_TRAFFIC",6.82268249751291e-09,5.61439063535795e-08,0.761460801445585,-0.564309007104523,-2.28748060465312,90,"reactome","Tuba1b; Tubb4b; Kif2c; Tubb2a; Kif18a; Kif11; Copa; Tubb2b; Kif20a; Cope; Kif4; Tmed7; Tuba1c; Kif22; Tuba1a; Kif18b; Zw10; Racgap1; Arf1; Cenpe; Kif13b; Rab1a; Kif15; Arcn1; Kifc1; Kifc5b; Copg1; Stx18; Napg; Copb1; Sec22b; Arfgap2; Arf4; Tmed2; Nsf; Surf4; Klc3; Nbas; Kif20b; Napa; Kif23; Arfgap1; Kif3c; Gbf1; Kif3b; Copb2","thymus","MHU-2","GLDS-289","Stat_(MHU-1 & Space Flight & uG)v(MHU-1 & Ground Control & 1G on Earth)",1,"flight_positive"
"REACTOME_COPI_INDEPENDENT_GOLGI_TO_ER_RETROGRADE_TRAFFIC",8.31227568408387e-06,4.0730150852011e-05,0.593325476396405,-0.60364139589491,-2.12859830747079,44,"reactome","Tuba1b; Tubb4b; Tubb2a; Dynll1; Tubb2b; Actr10; Tuba1c; Rab3gap1; Tuba1a; Actr1a; Pafah1b1; Dync1i2; Pafah1b2; Capza1; Pla2g6; Galnt1; Pafah1b3; Dync1h1; Agpat3; Capza2","thymus","MHU-2","GLDS-289","Stat_(MHU-1 & Space Flight & uG)v(MHU-1 & Ground Control & 1G on Earth)",1,"flight_positive"
"REACTOME_COPI_MEDIATED_ANTEROGRADE_TRANSPORT",4.25813188362034e-07,2.63808400605904e-06,0.674962860011025,-0.517205158162426,-2.09797062460205,91,"reactome","Tuba1b; Tubb4b; Tubb2a; Dynll1; Copa; Tubb2b; Actr10; Cope; Tmed7; Tuba1c; Tuba1a; Actr1a; Sptan1; Dync1i2; Cog6; Capza1; Cog3; Arf1; Cog8; Rab1a; Arcn1; Copg1; Uso1; Gosr2; Dync1h1; Napg; Copb1; Cog1; Tmem115; Arfgap2; Arf4; Tmed2; Nsf; Capza2; Cog4; Napa; Cog5; Cog2","thymus","MHU-2","GLDS-289","Stat_(MHU-1 & Space Flight & uG)v(MHU-1 & Ground Control & 1G on Earth)",1,"flight_positive"
"REACTOME_CO_INHIBITION_BY_CTLA4",0.0193662407734957,0.0424325356785129,0.352487857583619,-0.519375089277143,-1.56752470559728,21,"reactome","Ppp2r5c; Ppp2r5a; Ppp2r5d; Lck; Ppp2r5e; Ppp2ca; Ptpn11; Akt1; Ppp2r1b","thymus","MHU-2","GLDS-289","Stat_(MHU-1 & Space Flight & uG)v(MHU-1 & Ground Control & 1G on Earth)",1,"flight_positive"
"REACTOME_CO_INHIBITION_BY_PD_1",0.339920948616601,0.437273010272906,0.10027910675413,-0.368238695149323,-1.0954829455566,20,"reactome","Lck; Cd4; Trav16; Ptpn11; Trbv15; Cd247; Cd3d","thymus","MHU-2","GLDS-289","Stat_(MHU-1 & Space Flight & uG)v(MHU-1 & Ground Control & 1G on Earth)",1,"flight_positive"
"REACTOME_CO_STIMULATION_BY_CD28",0.0395004663996701,0.0782748212846404,0.321775918075361,-0.406130678835471,-1.4678189815223,48,"reactome","Ppp2r5c; Ppp2r5a; Ppp2r5d; Pik3cg; Lck; Ppp2r5e; Vav1; Them4; Ppp2ca; Grap2; Cdc42; Akt1; Rictor","thymus","MHU-2","GLDS-289","Stat_(MHU-1 & Space Flight & uG)v(MHU-1 & Ground Control & 1G on Earth)",1,"flight_positive"
"REACTOME_CREATION_OF_C4_AND_C2_ACTIVATORS",0.000396846495151419,0.00134106746637376,0.49849310876659,0.549716083433268,1.94703767660767,40,"reactome","C1qa; Ighg2b; C1qc; Igkv1-117; C1qb; Igkv1-135; Igkv1-88; Igkv8-27; Ighg2c; Igkv14-111; C1s1; Igkv8-30; Igkv14-100; Crp; Ighg3; Igkv8-28; Fcnb; Ighv5-9; Igkv17-127; Masp2; Ighv1-84; Iglc3; Iglc1; Igkv14-126; Igkv13-84","thymus","MHU-2","GLDS-289","Stat_(MHU-1 & Space Flight & uG)v(MHU-1 & Ground Control & 1G on Earth)",1,"flight_positive"
"REACTOME_CREB1_PHOSPHORYLATION_THROUGH_NMDA_RECEPTOR_MEDIATED_ACTIVATION_OF_RAS_SIGNALING",0.24847250509165,0.350135111750063,0.122679189568808,-0.370965497109951,-1.16816915479676,27,"reactome","Calm1; Nras; Creb1; Dlg3; Kras; Dlg4; Pdpk1","thymus","MHU-2","GLDS-289","Stat_(MHU-1 & Space Flight & uG)v(MHU-1 & Ground Control & 1G on Earth)",1,"flight_positive"
"REACTOME_CRISTAE_FORMATION",0.202429149797571,0.301406938510748,0.137250779610133,-0.455847518919633,-1.24429227551827,15,"reactome","Chchd3; Apool; Immt; Micos10; Chchd6; Dnajc11; Mtx2; Dmac2l","thymus","MHU-2","GLDS-289","Stat_(MHU-1 & Space Flight & uG)v(MHU-1 & Ground Control & 1G on Earth)",1,"flight_positive"
"REACTOME_CRMPS_IN_SEMA3A_SIGNALING",0.0649606299212598,0.120115881741197,0.248911114434702,0.526892414244661,1.44930718425958,15,"reactome","Fes; Plxna2; Sema3a; Fyn; Cdk5","thymus","MHU-2","GLDS-289","Stat_(MHU-1 & Space Flight & uG)v(MHU-1 & Ground Control & 1G on Earth)",1,"flight_positive"
"REACTOME_CROSSLINKING_OF_COLLAGEN_FIBRILS",0.0210525815309051,0.045298768244143,0.352487857583619,0.547007369600464,1.58658887709122,18,"reactome","Col4a1; Col4a2; Bmp1; Col4a5; Lox; Loxl4; Col4a4; Tll1; Loxl2","thymus","MHU-2","GLDS-289","Stat_(MHU-1 & Space Flight & uG)v(MHU-1 & Ground Control & 1G on Earth)",1,"flight_positive"
"REACTOME_CROSS_PRESENTATION_OF_SOLUBLE_EXOGENOUS_ANTIGENS_ENDOSOMES",0.0033308095343344,0.00867627898217583,0.431707695803346,-0.476625111600214,-1.6423594106399,41,"reactome","Psmd8; Psmc1; Psmb7; Psmd13; Psmb1; Psma1; Psmb5; Psmd6; Psmc3; Psmd11; Psmb4; Psmb3; Psmb6; Psma7; Psmc6; Psmc4; Psmc2; Psma2; Psmd3","thymus","MHU-2","GLDS-289","Stat_(MHU-1 & Space Flight & uG)v(MHU-1 & Ground Control & 1G on Earth)",1,"flight_positive"
"REACTOME_CYCLIN_A_B1_B2_ASSOCIATED_EVENTS_DURING_G2_M_TRANSITION",4.1904594331255e-09,3.52915255383538e-08,0.761460801445585,-0.763635545117084,-2.47293867045262,30,"reactome","Ccnb1; Cdk1; Ccna2; Ccnb2; Sgo1; Cdc25b; Wee1; Cdk2; Foxm1; Cdc25c; Ticrr; Mis18bp1; Bora; Plk1; Ppp2ca; Xpo1; Ccnh; Lcmt1; Ppp2r1b; Fzr1; Cdc25a; Pkmyt1; Cdk7","thymus","MHU-2","GLDS-289","Stat_(MHU-1 & Space Flight & uG)v(MHU-1 & Ground Control & 1G on Earth)",1,"flight_positive"
"REACTOME_CYCLIN_A_CDK2_ASSOCIATED_EVENTS_AT_S_PHASE_ENTRY",1.86970202338671e-10,1.76801647474638e-09,0.826657301178302,-0.622806079196586,-2.4287752758253,74,"reactome","Ubb; Ccna2; Psmd8; Cdc25b; Skp2; Wee1; Cdk2; Cks1b; Psmc1; Rbl2; Uba52; Cdkn1b; Psmb7; Lin54; Psmd13; Psmb1; Cdk4; Tfdp1; Psma1; Psmb5; Lin9; Ccne2; Psmd6; Psmc3; Akt1; Ccnh; Psmd11; Rb1; Psmb4; Psmb3; E2f1; Fzr1; Cdc25a; Psmb6; Ccne1; Psma7; Psmc6; Psmc4; Psmc2; Psma2; Cdk7","thymus","MHU-2","GLDS-289","Stat_(MHU-1 & Space Flight & uG)v(MHU-1 & Ground Control & 1G on Earth)",1,"flight_positive"
"REACTOME_CYCLIN_D_ASSOCIATED_EVENTS_IN_G1",0.000262046490856898,0.000908315489208154,0.49849310876659,-0.524951705430935,-1.89470933644528,47,"reactome","E2f2; Cdkn2c; Ubb; Skp2; Cdkn2d; Cdk2; Cks1b; Rbl2; Uba52; Cdkn1b; Rbl1; Cdk4; Ppp2ca; Abl1; Tfdp1; Ccne2; Ccnh; Rb1; Ppp2r1b; E2f1; Ccne1","thymus","MHU-2","GLDS-289","Stat_(MHU-1 & Space Flight & uG)v(MHU-1 & Ground Control & 1G on Earth)",1,"flight_positive"
"REACTOME_CYTOCHROME_P450_ARRANGED_BY_SUBSTRATE_TYPE",0.0335726590604402,0.0672701235448968,0.321775918075361,0.416827719783507,1.49231068831943,44,"reactome","Rxra; Cyp2f2; Cyp1b1; Cyp2s1; Cyp2a5; Ahr; Cyp26b1; Cyp27a1; Cyp4f18; Tbxas1; Cyp2j9; Por; Cyp4v3; Fdxr; Cyp2b19; Pomc; Cyp3a13; Cyp4f15","thymus","MHU-2","GLDS-289","Stat_(MHU-1 & Space Flight & uG)v(MHU-1 & Ground Control & 1G on Earth)",1,"flight_positive"
"REACTOME_CYTOPROTECTION_BY_HMOX1",0.600409836065574,0.672109868409853,0.0709609456938284,-0.247483537846381,-0.923158781497079,55,"reactome","Sin3b; Bach1; Med1; H13; Cox7a2l","thymus","MHU-2","GLDS-289","Stat_(MHU-1 & Space Flight & uG)v(MHU-1 & Ground Control & 1G on Earth)",1,"flight_positive"
"REACTOME_CYTOSOLIC_SENSORS_OF_PATHOGEN_ASSOCIATED_DNA",0.736625514403292,0.790131646295273,0.0611692626746689,-0.229205162322653,-0.86869769532342,63,"reactome","Ubb; Ep300; Uba52; Polr3a; Dhx9; Ctnnb1; Nlrc3; Polr1d; Ikbkg; Irf3; Xrcc6; Stat6; Polr3f; Tbk1; Prkdc; Nfkbia; Ripk1","thymus","MHU-2","GLDS-289","Stat_(MHU-1 & Space Flight & uG)v(MHU-1 & Ground Control & 1G on Earth)",1,"flight_positive"
"REACTOME_CYTOSOLIC_SULFONATION_OF_SMALL_MOLECULES",0.923076923076923,0.943200874954429,0.0498907356726307,-0.243060784763631,-0.663464523574856,15,"reactome","Bpnt2; Slc35b2; Papss2","thymus","MHU-2","GLDS-289","Stat_(MHU-1 & Space Flight & uG)v(MHU-1 & Ground Control & 1G on Earth)",1,"flight_positive"
"REACTOME_C_TYPE_LECTIN_RECEPTORS_CLRS",0.00712213901837159,0.0173310741801458,0.407017918923954,-0.352668455136933,-1.5081546235095,121,"reactome","Itpr2; Nfatc3; Ubb; Traf6; Psmd8; Pycard; Prkacb; Ep300; Raf1; Psmc1; Uba52; Calm1; Psmb7; Nras; Psmd13; Psmb1; Bcl10; Tab1; Psma1; Psmb5; Psmd6; Itpr3; Psmc3; Fbxw11; Itpr1; Psmd11; Ikbkg; Kras; Psmb4; Psmb3; Icam2; Map3k7; Psmb6; Psma7; Psmc6; Psmc4; Uba3; Ppp3cb; Psmc2; Psma2; Pdpk1; Psmd3; Card11; Tab2; Ppp3r1; Nfkbia","thymus","MHU-2","GLDS-289","Stat_(MHU-1 & Space Flight & uG)v(MHU-1 & Ground Control & 1G on Earth)",1,"flight_positive"
"REACTOME_DAG_AND_IP3_SIGNALING",0.0194522160865572,0.0425344603271981,0.352487857583619,-0.438010798680821,-1.51484263001867,40,"reactome","Itpr2; Kpna2; Prkacb; Camkk1; Camk4; Prkar1a; Calm1; Grk2; Itpr3; Creb1; Itpr1","thymus","MHU-2","GLDS-289","Stat_(MHU-1 & Space Flight & uG)v(MHU-1 & Ground Control & 1G on Earth)",1,"flight_positive"
"REACTOME_DAP12_INTERACTIONS",0.0202290625801294,0.0439655835914909,0.352487857583619,0.441257688552158,1.55031829229929,38,"reactome","B2m; H2-D1; H2-T23; Grb2; Klrc2; Plcg2; Tyrobp; H2-M2; Fyn; H2-Q10; Vav3; Klrk1; Klrd1; Pik3r1; Klrc1; Pik3cb; Clec5a; Pik3r2; Siglec15; Syk; Cd300lb; Sirpb1a","thymus","MHU-2","GLDS-289","Stat_(MHU-1 & Space Flight & uG)v(MHU-1 & Ground Control & 1G on Earth)",1,"flight_positive"
"REACTOME_DAP12_SIGNALING",0.055984555984556,0.10643977310644,0.266350657088526,0.411744809638036,1.38209312265511,31,"reactome","B2m; H2-T23; Grb2; Klrc2; Plcg2; Tyrobp; Fyn; Vav3; Klrk1; Klrd1; Pik3r1; Klrc1","thymus","MHU-2","GLDS-289","Stat_(MHU-1 & Space Flight & uG)v(MHU-1 & Ground Control & 1G on Earth)",1,"flight_positive"
"REACTOME_DARPP_32_EVENTS",0.230460921843687,0.331691420223625,0.126875729929857,-0.38999391555369,-1.1985407759783,23,"reactome","Ppp2r5d; Prkacb; Prkar1a; Calm1; Ppp2ca","thymus","MHU-2","GLDS-289","Stat_(MHU-1 & Space Flight & uG)v(MHU-1 & Ground Control & 1G on Earth)",1,"flight_positive"
"REACTOME_DDX58_IFIH1_MEDIATED_INDUCTION_OF_INTERFERON_ALPHA_BETA",0.41010101010101,0.502945266085198,0.0905428948469474,-0.270116677716155,-1.02814024869876,65,"reactome","Ubb; Traf6; Tnfaip3; Hmgb1; Ep300; Atg12; Uba52; Pin1; Traf2; Itch; Ube2d3; Ikbkg; Irf3; Atg5; Tax1bp1; Map3k1","thymus","MHU-2","GLDS-289","Stat_(MHU-1 & Space Flight & uG)v(MHU-1 & Ground Control & 1G on Earth)",1,"flight_positive"
"REACTOME_DEACTIVATION_OF_THE_BETA_CATENIN_TRANSACTIVATING_COMPLEX",0.103734439834025,0.176381271515897,0.199915231309662,-0.375812315424796,-1.29824349675495,39,"reactome","Ubb; Hdac1; Ywhaz; Sox4; Uba52; Ctnnb1; Tcf7; Xpo1; Rbbp5; Xiap; Akt1; Chd8; Men1","thymus","MHU-2","GLDS-289","Stat_(MHU-1 & Space Flight & uG)v(MHU-1 & Ground Control & 1G on Earth)",1,"flight_positive"
"REACTOME_DEADENYLATION_DEPENDENT_MRNA_DECAY",0.000126121648444472,0.000467213529289144,0.518848077743792,-0.52356815831751,-1.92338454928266,53,"reactome","Cnot8; Cnot2; Edc3; Hbs1l; Cnot10; Ddx6; Dcps; Eif4b; Eif4a1; Lsm3; Dcp1a; Cnot9; Pabpc1; Pan2; Pan3; Cnot6; Lsm1; Dcp2; Cnot11; Nt5c3b; Cnot6l; Exosc1; Tut4; Patl1; Lsm6; Cnot4; Cnot1; Edc4; Eif4e; Exosc5","thymus","MHU-2","GLDS-289","Stat_(MHU-1 & Space Flight & uG)v(MHU-1 & Ground Control & 1G on Earth)",1,"flight_positive"
"REACTOME_DEADENYLATION_OF_MRNA",0.00101132650533606,0.00301997222369051,0.45505986738723,-0.607563341116544,-1.88741018251826,25,"reactome","Cnot8; Cnot2; Cnot10; Eif4b; Eif4a1; Cnot9; Pabpc1; Pan2; Pan3; Cnot6; Cnot11; Cnot6l; Tut4; Cnot4; Cnot1; Eif4e","thymus","MHU-2","GLDS-289","Stat_(MHU-1 & Space Flight & uG)v(MHU-1 & Ground Control & 1G on Earth)",1,"flight_positive"
"REACTOME_DEATH_RECEPTOR_SIGNALING",0.0721649484536082,0.131186870881939,0.241339976815091,-0.284460892979615,-1.25367250165887,150,"reactome","Ect2; Ubb; Traf6; Rack1; Tnfaip3; Fas; Usp4; Hdac1; Casp2; Vav1; Uba52; Arhgef39; Itgb3bp; Gna13; Bag4; Traf2; Bad; Tab1; Rhoa; Xiap; Prex1; Madd; Ube2d3; Ywhae; Prdm4; Ikbkg; Adam17; Smpd2; Tnfrsf1a; Spata2; Casp3; Hdac2; Map3k7; Mcf2l; Otud1","thymus","MHU-2","GLDS-289","Stat_(MHU-1 & Space Flight & uG)v(MHU-1 & Ground Control & 1G on Earth)",1,"flight_positive"
"REACTOME_DECTIN_1_MEDIATED_NONCANONICAL_NF_KB_SIGNALING",0.000601163809543437,0.00192688768057725,0.477270815362862,-0.505576887734292,-1.83383486528056,49,"reactome","Ubb; Psmd8; Psmc1; Uba52; Psmb7; Psmd13; Psmb1; Psma1; Psmb5; Psmd6; Psmc3; Fbxw11; Psmd11; Psmb4; Psmb3; Psmb6; Psma7; Psmc6; Psmc4; Uba3; Psmc2; Psma2","thymus","MHU-2","GLDS-289","Stat_(MHU-1 & Space Flight & uG)v(MHU-1 & Ground Control & 1G on Earth)",1,"flight_positive"
"REACTOME_DECTIN_2_FAMILY",1.58427114169806e-05,7.3613978049591e-05,0.575610261071129,0.704657894502708,2.13169379355663,22,"reactome","Plcg2; Muc5b; Clec10a; Muc5ac; Muc3a; Clec4n; Fcer1g; Lyn; Muc13; Muc1; Fyn; Muc6","thymus","MHU-2","GLDS-289","Stat_(MHU-1 & Space Flight & uG)v(MHU-1 & Ground Control & 1G on Earth)",1,"flight_positive"
"REACTOME_DEFECTIVE_B4GALT7_CAUSES_EDS_PROGEROID_TYPE",0.000602375833353,0.00192688768057725,0.477270815362862,0.6462486981409,1.89633781970098,20,"reactome","Sdc3; Agrn; Gpc4; Sdc1; Bgn; Gpc1; Sdc4; Vcan; Hspg2; Dcn; Gpc6; Gpc3","thymus","MHU-2","GLDS-289","Stat_(MHU-1 & Space Flight & uG)v(MHU-1 & Ground Control & 1G on Earth)",1,"flight_positive"
"REACTOME_DEFECTIVE_CFTR_CAUSES_CYSTIC_FIBROSIS",6.00731076127817e-05,0.000241637350770816,0.557332238758646,-0.566612015159847,-2.04782330996263,48,"reactome","Ubb; Psmd8; Psmc1; Uba52; Sel1l; Psmb7; Psmd13; Psmb1; Psma1; Psmb5; Psmd6; Psmc3; Vcp; Psmd11; Psmb4; Psmb3; Derl2; Psmb6; Psma7; Psmc6; Psmc4; Psmc2; Psma2; Rnf185; Psmd3","thymus","MHU-2","GLDS-289","Stat_(MHU-1 & Space Flight & uG)v(MHU-1 & Ground Control & 1G on Earth)",1,"flight_positive"
"REACTOME_DEFECTIVE_INTRINSIC_PATHWAY_FOR_APOPTOSIS",0.223968565815324,0.324513594017365,0.127505315300183,0.383375691020683,1.19778221561607,24,"reactome","App; Capn2; C1qbp; Jun; Bcl2l11; Lmna; Capns2; Cdk5; Fasl","thymus","MHU-2","GLDS-289","Stat_(MHU-1 & Space Flight & uG)v(MHU-1 & Ground Control & 1G on Earth)",1,"flight_positive"
"REACTOME_DEFECTS_IN_VITAMIN_AND_COFACTOR_METABOLISM",0.586693548387097,0.659494937603014,0.0713052987340038,0.314076653692752,0.929966021925698,21,"reactome","Tcn2; Mmut; Mccc1; Pccb; Amn; Pcca; Mmaa; Pcx; Mccc2; Hlcs","thymus","MHU-2","GLDS-289","Stat_(MHU-1 & Space Flight & uG)v(MHU-1 & Ground Control & 1G on Earth)",1,"flight_positive"
"REACTOME_DEGRADATION_OF_AXIN",1.09527936407254e-07,7.71706636908629e-07,0.704975715167238,-0.669377653168127,-2.3382098624204,42,"reactome","Ubb; Psmd8; Tnks2; Psmc1; Uba52; Psmb7; Psmd13; Psmb1; Tnks; Psma1; Psmb5; Psmd6; Psmc3; Psmd11; Psmb4; Psmb3; Psmb6; Psma7; Rnf146; Psmc6; Psmc4; Axin1; Psmc2; Psma2","thymus","MHU-2","GLDS-289","Stat_(MHU-1 & Space Flight & uG)v(MHU-1 & Ground Control & 1G on Earth)",1,"flight_positive"
"REACTOME_DEGRADATION_OF_BETA_CATENIN_BY_THE_DESTRUCTION_COMPLEX",1.11110726049322e-07,7.77775082345256e-07,0.704975715167238,-0.575206595321519,-2.23699254717336,72,"reactome","Ppp2r5c; Ppp2r5a; Ppp2r5d; Ubb; Psmd8; Hdac1; Tle5; Ppp2r5e; Psmc1; Uba52; Psmb7; Psmd13; Psmb1; Ctnnb1; Zranb1; Ppp2ca; Psma1; Tcf7; Psmb5; Psmd6; Amer1; Psmc3; Rbx1; Psmd11; Ppp2r1b; Psmb4; Psmb3; Frat2; Csnk1a1; Psmb6; Psma7; Ctbp1; Psmc6; Psmc4; Axin1; Psmc2; Psma2","thymus","MHU-2","GLDS-289","Stat_(MHU-1 & Space Flight & uG)v(MHU-1 & Ground Control & 1G on Earth)",1,"flight_positive"
"REACTOME_DEGRADATION_OF_CRY_AND_PER_PROTEINS",6.00731076127817e-05,0.000241637350770816,0.557332238758646,-0.566394705840757,-2.04703792053001,48,"reactome","Ubb; Psmd8; Psmc1; Uba52; Fbxl3; Psmb7; Psmd13; Psmb1; Psma1; Psmb5; Psmd6; Psmc3; Fbxw11; Rbx1; Psmd11; Psmb4; Psmb3; Psmb6; Psma7; Psmc6; Psmc4; Psmc2; Psma2","thymus","MHU-2","GLDS-289","Stat_(MHU-1 & Space Flight & uG)v(MHU-1 & Ground Control & 1G on Earth)",1,"flight_positive"
"REACTOME_DEGRADATION_OF_CYSTEINE_AND_HOMOCYSTEINE",0.572874493927126,0.647616443350652,0.0727141077934447,-0.33312740089336,-0.909312510195244,15,"reactome","Ado; Mpst; Sqor","thymus","MHU-2","GLDS-289","Stat_(MHU-1 & Space Flight & uG)v(MHU-1 & Ground Control & 1G on Earth)",1,"flight_positive"
"REACTOME_DEGRADATION_OF_DVL",1.3995772700297e-05,6.64645064798246e-05,0.593325476396405,-0.595039425186319,-2.09826549660702,44,"reactome","Ubb; Psmd8; Psmc1; Uba52; Psmb7; Psmd13; Psmb1; Psma1; Psmb5; Psmd6; Psmc3; Rbx1; Psmd11; Psmb4; Psmb3; Psmb6; Psma7; Psmc6; Psmc4; Psmc2; Psma2; Cul3; Psmd3","thymus","MHU-2","GLDS-289","Stat_(MHU-1 & Space Flight & uG)v(MHU-1 & Ground Control & 1G on Earth)",1,"flight_positive"
"REACTOME_DEGRADATION_OF_GLI1_BY_THE_PROTEASOME",2.1760488585218e-06,1.17878425602337e-05,0.627256739718528,-0.609493057264667,-2.18166580592626,46,"reactome","Ubb; Psmd8; Prkacb; Psmc1; Uba52; Psmb7; Psmd13; Psmb1; Itch; Psma1; Psmb5; Psmd6; Psmc3; Rbx1; Psmd11; Psmb4; Psmb3; Psmb6; Psma7; Psmc6; Psmc4; Psmc2; Psma2; Psmd3; Skp1; Gli1; Sufu; Rps27a","thymus","MHU-2","GLDS-289","Stat_(MHU-1 & Space Flight & uG)v(MHU-1 & Ground Control & 1G on Earth)",1,"flight_positive"
"REACTOME_DEGRADATION_OF_THE_EXTRACELLULAR_MATRIX",1.91134786388233e-10,1.79168086718709e-09,0.826657301178302,0.520850490403787,2.2741856428019,136,"reactome","Ctss; Ctsl; Col4a1; Htra1; Lama3; Cd44; Fn1; Cdh1; Mmp14; Col6a2; Adam8; Lamb1; Col6a1; Capn2; Col4a2; Timp2; Mmp25; Adamts9; Adam9; Bmp1; Col15a1; Col6a3; Spock3; Lamb3; Col12a1; Col2a1; Eln; Adam15; Col5a2; Mmp2; Col19a1; Col6a5; Col4a5; Klk1b11; Col18a1; Klk1b9; Timp1; Mmp13; Hspg2; Lama5; Capns2; Dcn; Col4a4; Tll1; Scube3; Lamc2; Optc; Mmp11","thymus","MHU-2","GLDS-289","Stat_(MHU-1 & Space Flight & uG)v(MHU-1 & Ground Control & 1G on Earth)",1,"flight_positive"
"REACTOME_DEPOLYMERIZATION_OF_THE_NUCLEAR_LAMINA",0.00821214569936806,0.0196290311838554,0.380730400722792,-0.62498990900203,-1.70598738343731,15,"reactome","Ccnb1; Cdk1; Tmpo; Prkcb; Lpin2; Cnep1r1; Lmnb1","thymus","MHU-2","GLDS-289","Stat_(MHU-1 & Space Flight & uG)v(MHU-1 & Ground Control & 1G on Earth)",1,"flight_positive"
"REACTOME_DEPOSITION_OF_NEW_CENPA_CONTAINING_NUCLEOSOMES_AT_THE_CENTROMERE",9.39719829593313e-22,2.81393882305998e-20,1.20397524075264,-0.818306369758975,-3.06494467228536,58,"reactome","H2ac13; H2ac10; H2bc18; Cenpl; H2ac4; Cenpi; H2bc4; H4c4; Cenpa; H4c6; Oip5; H2bc21; H2ac19; H2ac20; H4c16; H4c1; H2bc8; Cenpk; H4c14; H4c12; Cenpq; H4c2; H4c3; H2ax; H2bc3; H4c17; Itgb3bp; Cenpo; H2bc7; H4c11; Mis18a; Mis18bp1; Cenpn; H2bc14; Cenpu; H2bc6; Cenpp; Cenpc1; H2ac18; H4c18; H4c8; Knl1","thymus","MHU-2","GLDS-289","Stat_(MHU-1 & Space Flight & uG)v(MHU-1 & Ground Control & 1G on Earth)",1,"flight_positive"
"REACTOME_DETOXIFICATION_OF_REACTIVE_OXYGEN_SPECIES",0.285714285714286,0.389181548224383,0.11146266692298,0.327847992124219,1.11745363609006,34,"reactome","Gpx3; Sod3; Ncf1; Cybb; Ncf2; Gpx8; Ccs; Cyba; Ncf4; Gsr","thymus","MHU-2","GLDS-289","Stat_(MHU-1 & Space Flight & uG)v(MHU-1 & Ground Control & 1G on Earth)",1,"flight_positive"
"REACTOME_DEUBIQUITINATION",3.23921299785371e-18,6.02046829601086e-17,1.10533657731401,-0.53232868135292,-2.51804928642189,242,"reactome","H2ac13; H2ac10; H2bc18; H2ac4; Cdc20; Ubb; Cdk1; Traf6; Ccna2; H2ac12; H2bc4; Psmd8; Tnfaip3; Vdac1; Skp2; H2ac22; Usp4; Usp3; H2bc21; H2ac19; Mcrs1; H2ac25; H2ac21; H2ac20; Pten; Tnks2; Ep300; Psmc1; Uba52; H2bc8; Stambpl1; H2ac6; Actl6a; Psmb7; H2bc3; H2bc7; Psmd13; Psmb1; Ino80d; Bard1; Ccp110; Traf2; Tnks; Actb; Ino80c; Zranb1; H2bc14; Abraxas2; Usp28; Tab1; Psma1; H2bc6; Mat2b; Foxo4; Actr8; Psmb5; Brca1; Hcfc1; Bap1; Vdac2; Rhoa; Rhot1; Wdr48; Rad23b; Psmd6; H2ac18; Psmc3; Usp7; H2ac8; Stam2; Smad3; Stam; Usp42; Ptrh2; Tada3; Vcp; Asxl1; Vdac3; Psmd11; Ikbkg; Usp14; Psmb4; Siah2; H2ac7; Kat2b; Psmb3; Uchl3; Rad23a; Usp48; Map3k7; Ogt; Tomm20; Cdc25a; Asxl2; Psmb6; Psma7; Rnf146; Usp10; Psmc6; Psmc4; Actr5; Axin1; Nfrkb; Psmc2; Psma2; Usp16; Ripk2; Ino80b; Usp22; Smad4; Wdr20; Usp25; Psmd3; Babam2; Kdm1b; Ruvbl1; Nfkbia; Usp20; Usp37; Ripk1; Usp21; Snx3","thymus","MHU-2","GLDS-289","Stat_(MHU-1 & Space Flight & uG)v(MHU-1 & Ground Control & 1G on Earth)",1,"flight_positive"
"REACTOME_DEVELOPMENTAL_CELL_LINEAGES",2.73649206435775e-09,2.34122098839496e-08,0.774939030136436,0.549509940967381,2.27135303592998,94,"reactome","Trp63; Krt5; Slc4a4; Anxa1; Lama3; Sbsn; Fn1; Krt14; Spink5; Lamb1; Krt10; Cd74; Sox9; Aqp1; Krt17; Gp2; Yap1; Lamb3; Col2a1; Krt78; Col5a2; Col27a1; Itgb4; Lama2; Dmkn; Fgf7; Krtdap; Krt7; Lama5; Numb; Krt1; Lamc2; Gnmt; Hopx; Anxa3; Hhex; Cftr; Rnase1; Krt15; Calm4; Casp14; Egf; Kprp","thymus","MHU-2","GLDS-289","Stat_(MHU-1 & Space Flight & uG)v(MHU-1 & Ground Control & 1G on Earth)",1,"flight_positive"
"REACTOME_DEVELOPMENTAL_CELL_LINEAGES_OF_THE_EXOCRINE_PANCREAS",8.12597245227956e-05,0.000317383996505702,0.538434096309916,0.501922928873782,1.9445567619259,62,"reactome","Slc4a4; Anxa1; Lama3; Fn1; Lamb1; Cd74; Sox9; Aqp1; Krt17; Gp2; Yap1; Lamb3; Col2a1; Col5a2; Col27a1; Lama2; Fgf7; Krt7; Lama5; Lamc2; Gnmt; Anxa3; Hhex; Cftr; Rnase1; Egf; Spink1; Lamb2; Krt23; Krt19; Reg1","thymus","MHU-2","GLDS-289","Stat_(MHU-1 & Space Flight & uG)v(MHU-1 & Ground Control & 1G on Earth)",1,"flight_positive"
"REACTOME_DEVELOPMENTAL_LINEAGE_OF_PANCREATIC_DUCTAL_CELLS",5.72735841512152e-05,0.000232984617792491,0.557332238758646,0.56405886428504,2.01870065192013,43,"reactome","Slc4a4; Anxa1; Lama3; Fn1; Lamb1; Cd74; Sox9; Aqp1; Krt17; Yap1; Lamb3; Col2a1; Col5a2; Col27a1; Lama2; Krt7; Lama5; Lamc2; Anxa3; Cftr","thymus","MHU-2","GLDS-289","Stat_(MHU-1 & Space Flight & uG)v(MHU-1 & Ground Control & 1G on Earth)",1,"flight_positive"
"REACTOME_DIFFERENTIATION_OF_KERATINOCYTES_IN_INTERFOLLICULAR_EPIDERMIS_IN_MAMMALIAN_SKIN",8.03190130585088e-06,3.95360256059692e-05,0.593325476396405,0.642677412336492,2.21174119059288,35,"reactome","Trp63; Krt5; Sbsn; Krt14; Spink5; Krt10; Yap1; Krt78; Itgb4; Dmkn; Krtdap; Numb; Krt1; Hopx; Krt15; Calm4; Casp14; Egf; Kprp","thymus","MHU-2","GLDS-289","Stat_(MHU-1 & Space Flight & uG)v(MHU-1 & Ground Control & 1G on Earth)",1,"flight_positive"
"REACTOME_DIGESTION_AND_ABSORPTION",0.0480272575033478,0.0937923615735669,0.321775918075361,0.532100454126188,1.48651597047692,16,"reactome","Sis; Chit1; Guca2b; Slc2a2; Pir; Akp3; Lct; Slc5a1; Guca2a; Gucy2c; Chia1; Mgam","thymus","MHU-2","GLDS-289","Stat_(MHU-1 & Space Flight & uG)v(MHU-1 & Ground Control & 1G on Earth)",1,"flight_positive"
"REACTOME_DISASSEMBLY_OF_THE_DESTRUCTION_COMPLEX_AND_RECRUITMENT_OF_AXIN_TO_THE_MEMBRANE",0.0009374814717704,0.00283877816451823,0.477270815362862,-0.603669009564117,-1.92391089101261,28,"reactome","Ppp2r5c; Ppp2r5a; Ppp2r5d; Ppp2r5e; Ctnnb1; Ppp2ca; Lrp5; Amer1; Ppp2r1b; Wnt8b; Frat2; Csnk1a1","thymus","MHU-2","GLDS-289","Stat_(MHU-1 & Space Flight & uG)v(MHU-1 & Ground Control & 1G on Earth)",1,"flight_positive"
"REACTOME_DISEASES_ASSOCIATED_WITH_GLYCOSAMINOGLYCAN_METABOLISM",0.00080623511135922,0.00250467276670098,0.477270815362862,0.531764109053882,1.88345363470033,40,"reactome","Sdc3; Agrn; Prelp; Hexb; Gpc4; Sdc1; Bgn; Chst3; Ext1; Gpc1; Sdc4; Hexa; Vcan; Hspg2; Dcn; Lum; Gpc6","thymus","MHU-2","GLDS-289","Stat_(MHU-1 & Space Flight & uG)v(MHU-1 & Ground Control & 1G on Earth)",1,"flight_positive"
"REACTOME_DISEASES_ASSOCIATED_WITH_GLYCOSYLATION_PRECURSOR_BIOSYNTHESIS",0.528112449799197,0.610187803733692,0.0764767053228531,-0.335218895529189,-0.928301851086658,16,"reactome","Galk1; Galt; Gfpt1; Gale; Dpm1; Mpi","thymus","MHU-2","GLDS-289","Stat_(MHU-1 & Space Flight & uG)v(MHU-1 & Ground Control & 1G on Earth)",1,"flight_positive"
"REACTOME_DISEASES_ASSOCIATED_WITH_N_GLYCOSYLATION_OF_PROTEINS",0.671936758893281,0.733888374961455,0.0636424081651019,-0.281409090385342,-0.83717127858258,20,"reactome","Mgat2; Alg2; Alg8; Man1b1; Alg12; Glb1; Dpagt1; Alg11; Mogs","thymus","MHU-2","GLDS-289","Stat_(MHU-1 & Space Flight & uG)v(MHU-1 & Ground Control & 1G on Earth)",1,"flight_positive"
"REACTOME_DISEASES_ASSOCIATED_WITH_O_GLYCOSYLATION_OF_PROTEINS",0.000376081868925147,0.00127891562997258,0.49849310876659,0.468511776937814,1.79763077812402,61,"reactome","Cfp; Adamts9; Lfng; Muc5b; Spon1; Muc5ac; Muc3a; Adamtsl4; Muc13; Thbs2; Sspo; Adamtsl1; Muc1; Muc6; Adamts2; Adamts10; Notch4; Adamts6; Thsd4; Thbs1; Muc20; Sema5b; Thsd7a; Adamts18; Thsd7b","thymus","MHU-2","GLDS-289","Stat_(MHU-1 & Space Flight & uG)v(MHU-1 & Ground Control & 1G on Earth)",1,"flight_positive"
"REACTOME_DISEASES_OF_CARBOHYDRATE_METABOLISM",0.771760154738878,0.823720244364862,0.0560595875032335,0.244717123589752,0.816067355413484,30,"reactome","Sgsh; Arsb; Gns; Ubc; Sis; Naglu; Gaa","thymus","MHU-2","GLDS-289","Stat_(MHU-1 & Space Flight & uG)v(MHU-1 & Ground Control & 1G on Earth)",1,"flight_positive"
"REACTOME_DISEASES_OF_DNA_REPAIR",3.09638973720132e-07,2.01078803415845e-06,0.674962860011025,-0.624858458983286,-2.27490113680073,50,"reactome","Dna2; Msh6; Rhno1; Brca2; Wrn; Msh2; Rfc4; Rfc3; Rmi2; Bard1; Rmi1; Neil1; Brca1; Brip1; Xrcc2; Rad51c; Rad51ap1; Rad9a; Rad51; Neil3; Rad17; Rpa2; Blm; Ogg1; Exo1","thymus","MHU-2","GLDS-289","Stat_(MHU-1 & Space Flight & uG)v(MHU-1 & Ground Control & 1G on Earth)",1,"flight_positive"
"REACTOME_DISEASES_OF_GLYCOSYLATION",0.0004624385577077,0.0015198437963686,0.49849310876659,0.382280368202862,1.66914794342997,136,"reactome","Sdc3; Agrn; Prelp; Hexb; Cfp; Adamts9; Gpc4; Lfng; Muc5b; Spon1; Sdc1; Bgn; Muc5ac; Muc3a; Adamtsl4; Muc13; Chst3; Ext1; Thbs2; Sspo; Gpc1; Adamtsl1; Muc1; Sdc4; Hexa; Vcan; Pgm1; Muc6; Adamts2; Hspg2; Adamts10; Notch4; Adamts6; Dcn; Thsd4; Srd5a3; Lum; Gpc6; Thbs1; Ctsa; Muc20; Gpc3; Dpm2; Alg14; Sema5b; Thsd7a; Adamts18; Thsd7b","thymus","MHU-2","GLDS-289","Stat_(MHU-1 & Space Flight & uG)v(MHU-1 & Ground Control & 1G on Earth)",1,"flight_positive"
"REACTOME_DISEASES_OF_IMMUNE_SYSTEM",0.00682790187539545,0.0166526656599011,0.407017918923954,0.497110494713905,1.66863790352999,31,"reactome","Ticam1; Tlr4; Tlr7; Unc93b1; Tirap; Nfkb1; Tlr2; S100a1; Nfkb2; Cd36; Cd14; Tlr1; S100a8; Rela; Myd88; Irak4; Btk; Tlr6","thymus","MHU-2","GLDS-289","Stat_(MHU-1 & Space Flight & uG)v(MHU-1 & Ground Control & 1G on Earth)",1,"flight_positive"
"REACTOME_DISEASES_OF_METABOLISM",0.00311683981940407,0.00819500811053071,0.431707695803346,0.314050025798041,1.44848449198931,238,"reactome","Sdc3; Csf2rb2; Agrn; Prelp; Cyp1b1; Hexb; Cfp; Adamts9; Gpc4; Sgsh; Lfng; Arsb; Muc5b; Spon1; Sdc1; Tcn2; Bgn; Muc5ac; Muc3a; Adamtsl4; Gns; Muc13; Chst3; Ext1; Thbs2; Ubc; Pah; Sspo; Gpc1; Sftpd; Adamtsl1; Muc1; Cyp26b1; Sis; Sdc4; Hexa; Vcan; Pgm1; Cyp27a1; Muc6; Adamts2; Hspg2; Adamts10; Notch4; Adamts6; Mmut; Mccc1; Naglu; Dcn; Gaa; Thsd4; Pccb; Bckdhb; Srd5a3; Gclc; Lum; Gpc6; Thbs1; Tbxas1; Ctsa; Muc20; Bckdk; Gpc3; Aprt; Dpm2; Alg14; Slc34a2; Sema5b; Amn; Thsd7a; Adamts18; Epm2a; Hgsnat; Thsd7b; G6pc3; Omd; Ivd; Pcca; Fdxr; Sdc2; Bcan; Sftpa1; Dcxr; Mmaa; Pomc; Notch2; Alg6; Adamts13","thymus","MHU-2","GLDS-289","Stat_(MHU-1 & Space Flight & uG)v(MHU-1 & Ground Control & 1G on Earth)",1,"flight_positive"
"REACTOME_DISEASES_OF_MITOTIC_CELL_CYCLE",0.00117418857954955,0.00344897898843164,0.45505986738723,-0.544135968978126,-1.87104503435356,38,"reactome","Anapc5; E2f2; Anapc1; Skp2; Cdk2; Cdkn1b; Cdk4; Tfdp1; Anapc7; Ccne2; Cdc27; Rb1; Ube2c; E2f1; Fzr1; Ccne1","thymus","MHU-2","GLDS-289","Stat_(MHU-1 & Space Flight & uG)v(MHU-1 & Ground Control & 1G on Earth)",1,"flight_positive"
"REACTOME_DISEASES_OF_PROGRAMMED_CELL_DEATH",1.86386124084107e-15,2.87034631089526e-14,1.00731795687447,-0.674783818767571,-2.70697494681385,86,"reactome","H2ac13; H3f3a; H2ac10; H3c10; H2bc18; H2ac4; H3c7; H3c2; H3c11; H3c8; H2bc4; H4c4; H3c15; H3c1; Prim1; Cdc25b; H4c6; H3c4; H2bc21; H2ac19; H2ac20; H4c16; H4c1; Dnmt1; H3c3; Cdc25c; H2bc8; H4c14; H4c12; H4c2; H4c3; H2ax; H2bc3; H4c17; H2bc7; H4c11; Traf2; H2bc14; H2bc6; Prdx2; H2ac18; H4c18; H4c8; Prdx1; Lmnb1; Ezh2; H3f3b; Ywhae; Eed; Foxo3","thymus","MHU-2","GLDS-289","Stat_(MHU-1 & Space Flight & uG)v(MHU-1 & Ground Control & 1G on Earth)",1,"flight_positive"
"REACTOME_DISEASES_OF_SIGNAL_TRANSDUCTION_BY_GROWTH_FACTOR_RECEPTORS_AND_SECOND_MESSENGERS",0.00465782015773208,0.011786690446092,0.407017918923954,-0.268698266344625,-1.35397048429209,434,"reactome","Ppp2r5c; Ccnb1; Cbl; Ppp2r5a; Rac2; Ppp2r5d; Cux1; Ubb; Bcl2l1; Cep43; Kremen1; Psmd8; Pik3cg; Lck; Neurl1b; Hdac1; Trat1; Foxm1; Ppp2r5e; Pten; Vav1; Tnks2; Dnmt1; Ep300; Raf1; Polr2c; Psmc1; Uba52; Prkar1a; Calm1; Cdkn1b; Sel1l; Ncbp1; Psmb7; Nras; Zc3hc1; Stat5b; Psmd13; Fkbp1a; Iqgap1; Bag4; Psmb1; Ctnnb1; Dusp10; Tnks; Actb; Ppp2ca; Tln1; Ptpn11; Bad; Psma1; Tnrc6c; Foxo4; Psmb5; Lrp5; Ccnc; Ywhab; Tent4a; Wdr48; Agtrap; Psmd6; Mapk9; Amer1; Psmc3; Creb1; Cltc; Mark3; Akt1; Map3k11; Gtf2f2; Smad3; Rictor; Rbx1; Actg1; Foxo3; Cdc37; Vcp; Psmd11; Brap; Rb1; Polr2a; Kras; Ppp2r1b; Psmb4; Adam17; Kat2b; Psmb3; Hdac8; Hdac2; Csnk1a1; Ago2; Derl2; Psmb6; Polr2d; Psma7; Trim24; Agk; Ctbp1; Ncor1; Psmc6; Snw1; Psmc4; Shoc2; Axin1; Mcl1; Pik3r5; Psmc2; Psma2; Rac1; Trak1; Mapkap1; Pdpk1; Fgfr1op2; Smad4; Myo18a; Hdac7; Polr2b; Eif2ak3","thymus","MHU-2","GLDS-289","Stat_(MHU-1 & Space Flight & uG)v(MHU-1 & Ground Control & 1G on Earth)",1,"flight_positive"
"REACTOME_DISORDERS_OF_TRANSMEMBRANE_TRANSPORTERS",0.00343836042727229,0.00893145190505911,0.431707695803346,-0.347184431725123,-1.52697832681777,148,"reactome","Slc16a1; Ubb; Slc6a19; Psmd8; Nup188; Slc12a6; Psmc1; Uba52; Nup62; Ndc1; Nup107; Sel1l; Psmb7; Nup205; Psmd13; Psmb1; Seh1l; Nup37; Psma1; Psmb5; Sec13; Nup88; Nup160; Psmd6; Psmc3; Nup50; Slc3a1; Nup155; Slc17a5; Slc9a9; Vcp; Psmd11; Abcd1; Psmb4; Psmb3; Rae1; Derl2; Nup54; Psmb6; Psma7; Psmc6; Slc35a2; Psmc4; Nup43; Psmc2; Psma2","thymus","MHU-2","GLDS-289","Stat_(MHU-1 & Space Flight & uG)v(MHU-1 & Ground Control & 1G on Earth)",1,"flight_positive"
"REACTOME_DNA_DAMAGE_BYPASS",0.000469159678588546,0.00153724660643907,0.49849310876659,-0.528648864562751,-1.91061862204153,48,"reactome","Ubb; Pcna; Pclaf; Uba52; Ddb1; Pole; Rad18; Polh; Pole2; Rfc4; Rfc3; Wdr48; Rfc1; Dtl; Rbx1; Vcp; Pole4; Usp1; Rpa2; Rev3l; Ube2b; Nploc4; Usp10","thymus","MHU-2","GLDS-289","Stat_(MHU-1 & Space Flight & uG)v(MHU-1 & Ground Control & 1G on Earth)",1,"flight_positive"
"REACTOME_DNA_DAMAGE_RECOGNITION_IN_GG_NER",0.000172387098128541,0.000627815174941106,0.518848077743792,-0.579822067962107,-1.99375388307168,38,"reactome","Ubb; Mcrs1; Uba52; Ddb1; Gps1; Actl6a; Ino80d; Actb; Ino80c; Actr8; Rad23b; Rbx1; Cetn2; Rad23a; Cops3; Actr5; Nfrkb; Ino80b; Cops4; Ruvbl1; Cops5; Cops6; Rps27a; Cops8","thymus","MHU-2","GLDS-289","Stat_(MHU-1 & Space Flight & uG)v(MHU-1 & Ground Control & 1G on Earth)",1,"flight_positive"
"REACTOME_DNA_DAMAGE_TELOMERE_STRESS_INDUCED_SENESCENCE",9.57990244332763e-19,1.91243237664948e-17,1.11466447751729,-0.767162001833321,-2.92003491982078,65,"reactome","H2ac13; H2ac10; H2bc18; H2ac4; H1f4; Ccna2; H1f1; H2bc4; H4c4; H1f3; H4c6; H2bc21; H2ac19; H1f2; Cdk2; Asf1a; H2ac20; H4c16; H4c1; H1f5; H2bc8; H4c14; Cdkn1b; H4c12; H4c2; H4c3; H2ax; H2bc3; H4c17; H2bc7; H4c11; H2bc14; Pot1a; H2bc6; Ccne2; H2ac18; H4c18; H4c8; Lmnb1; Ubn1; Rb1; H2ac7","thymus","MHU-2","GLDS-289","Stat_(MHU-1 & Space Flight & uG)v(MHU-1 & Ground Control & 1G on Earth)",1,"flight_positive"
"REACTOME_DNA_DOUBLE_STRAND_BREAK_REPAIR",6.63389702507876e-19,1.40222372412449e-17,1.12391496374483,-0.609377796543399,-2.69165879927377,154,"reactome","Kpna2; H2bc18; Rnf4; Ubb; Ccna2; Nsd2; H2bc4; Pcna; H4c4; Lig4; H4c6; Dna2; H2bc21; Ube2i; Fignl1; Cdk2; Rhno1; H4c16; Brca2; Fen1; H4c1; Wrn; Uba52; H2bc8; H4c14; H4c12; Pole; H4c2; Xrcc4; H4c3; Polh; Eya3; Kdm4a; Pole2; H2ax; H2bc3; H4c17; Rfc4; H2bc7; Lig3; H4c11; Rfc3; Rmi2; Tdp1; Bard1; Rmi1; Slx4; Abl1; H2bc14; Rtel1; H2bc6; Brca1; Bap1; Brip1; Xrcc2; Ppp4c; Rfc1; Baz1b; H4c18; H4c8; Rad51c; Rad51ap1; Rad9a; Rad51; Rad17; Ercc1; Eme1; Polq; Pole4; Nhej1; Rpa2; Kdm4b; Paxip1; Xrcc6; Blm; Exo1","thymus","MHU-2","GLDS-289","Stat_(MHU-1 & Space Flight & uG)v(MHU-1 & Ground Control & 1G on Earth)",1,"flight_positive"
"REACTOME_DNA_DOUBLE_STRAND_BREAK_RESPONSE",1.16267464210234e-10,1.12915609386155e-09,0.839088935621274,-0.653264405643927,-2.48376764945835,66,"reactome","Kpna2; H2bc18; Ubb; Nsd2; H2bc4; H4c4; H4c6; H2bc21; Ube2i; H4c16; H4c1; Uba52; H2bc8; H4c14; H4c12; H4c2; H4c3; Eya3; Kdm4a; H2ax; H2bc3; H4c17; H2bc7; H4c11; Bard1; Abl1; H2bc14; H2bc6; Brca1; Bap1; Baz1b; H4c18; H4c8","thymus","MHU-2","GLDS-289","Stat_(MHU-1 & Space Flight & uG)v(MHU-1 & Ground Control & 1G on Earth)",1,"flight_positive"
"REACTOME_DNA_METHYLATION",5.35014581253483e-22,1.6963109370331e-20,1.21254456769062,-0.854718573172175,-3.08493761210491,47,"reactome","H2ac13; H3f3a; H2ac10; H3c10; H2bc18; H2ac4; H3c7; H3c2; H3c11; H3c8; H2bc4; H4c4; H3c15; H3c1; Uhrf1; H4c6; H3c4; H2bc21; H2ac19; H2ac20; H4c16; H4c1; Dnmt1; H3c3; H2bc8; H4c14; H4c12; H4c2; H4c3; H2ax; H2bc3; H4c17; H2bc7; H4c11; H2bc14; H2bc6; H2ac18; H4c18; H4c8","thymus","MHU-2","GLDS-289","Stat_(MHU-1 & Space Flight & uG)v(MHU-1 & Ground Control & 1G on Earth)",1,"flight_positive"
"REACTOME_DNA_REPAIR",2.55665525467778e-30,2.75607436454265e-28,1.43181244608859,-0.569944470410418,-2.775065452496,315,"reactome","H2ac13; H2ac10; Kpna2; H2bc18; H2ac4; Rnf4; Ubb; Ccna2; Nsd2; H2bc4; Pcna; H4c4; Lig4; H4c6; Dna2; Pclaf; Gtf2h4; H2bc21; H2ac19; Ube2i; Fignl1; Mcrs1; Cdk2; Msh6; Rhno1; H2ac20; H4c16; Brca2; Fen1; H4c1; Wrn; Polr2c; Uba52; H2bc8; Mbd4; H4c14; H4c12; Ddb1; Gps1; Pole; Rad18; Pias1; H4c2; Xrcc4; Actl6a; H4c3; Polh; Eya3; Kdm4a; Ube2t; Pole2; H2ax; H2bc3; H4c17; Msh2; Rfc4; H2bc7; Lig3; H4c11; Rfc3; Ino80d; Rmi2; Dclre1b; Tdp1; Bard1; Actb; Ino80c; Rmi1; Slx4; Abl1; H2bc14; Rtel1; Pot1a; H2bc6; Neil1; Actr8; Brca1; Bap1; Brip1; Xrcc2; Wdr48; Ppp4c; Rad23b; Rfc1; Baz1b; Tdg; H2ac18; H4c18; H4c8; Rad51c; Dtl; Rad51ap1; Fancc; Ccnh; Usp7; Rad9a; Rad51; Rbx1; Cetn2; Aqr; Vcp; Neil3; Ercc5; Rad17; Lig1; Polr2a; Ercc1; Eme1; Polq; Fancb; Pole4; Nhej1; Usp1; H2ac7; Rpa2; Fancl; Fan1; Kdm4b; Prpf19; Faap24; Paxip1; Rev3l; Ube2b; Rad23a; Xrcc6; Blm; Ogg1; Polr2d; Exo1; Fanci; Xab2; Rad52; Ercc3; Cops3; Nploc4; Usp10; Actr5; Ppp5c; Rnf168; Fancd2; Fto; Nfrkb; Fancm; Cenps; Cdk7; Faap20; Rad1; Polk; Ino80b; Gtf2h1; Polr2b; Sumo1; Prkdc; Ppie; Babam2; Cops4; Ruvbl1; Ercc8; Rchy1; Top3a; Gen1; Rif1; Ascc3; Sirt6; Cops5; Eme2; Ube2v2; Cops6; Gtf2h3; Babam1; Polr2f","thymus","MHU-2","GLDS-289","Stat_(MHU-1 & Space Flight & uG)v(MHU-1 & Ground Control & 1G on Earth)",1,"flight_positive"
"REACTOME_DNA_REPLICATION",6.63853273222365e-38,1.78908457133427e-35,1.60243114923556,-0.726428887701382,-3.26362319593819,165,"reactome","Anapc5; H2ac13; H3f3a; H2ac10; H3c10; H2bc18; H2ac4; H3c7; H3c2; Ubb; H3c11; Ccna2; H3c8; H2bc4; Pcna; H4c4; H3c15; Dbf4; Psmd8; Anapc1; H3c1; Prim1; Cdc45; Skp2; H4c6; Dna2; H3c4; H2bc21; H2ac19; Cdk2; H2ac20; H4c16; Fen1; H4c1; Psmc1; H3c3; Uba52; H2bc8; H4c14; H4c12; Pole; H4c2; H4c3; Mcm10; Psmb7; Pole2; H2ax; H2bc3; H4c17; Rfc4; H2bc7; Lig3; Psmd13; H4c11; Psmb1; Rfc3; Mcm5; Orc6; Kpna6; Mcm7; H2bc14; Exog; Gins3; Psma1; Mcm2; H2bc6; Psmb5; Cdc6; Anapc7; Ccne2; Psmd6; Rfc1; Kpnb1; Cdc27; H2ac18; H4c18; H4c8; Psmc3; Mcm3; Mgme1; Mcm6; Rbx1; H3f3b; Gins2; Cdc7; Psmd11; Lig1; Orc5; Psmb4; Pole4; Mcm4; Ube2c; Mcm8; H2ac7; Rpa2; Psmb3; Gins4; Fzr1; Orc1; Psmb6; Ccne1; Psma7; Kpna1","thymus","MHU-2","GLDS-289","Stat_(MHU-1 & Space Flight & uG)v(MHU-1 & Ground Control & 1G on Earth)",1,"flight_positive"
"REACTOME_DNA_REPLICATION_PRE_INITIATION",1.06532471347723e-32,1.43552505141056e-30,1.48853970961455,-0.740872082500501,-3.20011408037424,131,"reactome","Anapc5; H2ac13; H3f3a; H2ac10; H3c10; H2bc18; H2ac4; H3c7; H3c2; Ubb; H3c11; H3c8; H2bc4; H4c4; H3c15; Dbf4; Psmd8; Anapc1; H3c1; Prim1; Cdc45; H4c6; H3c4; H2bc21; H2ac19; Cdk2; H2ac20; H4c16; H4c1; Psmc1; H3c3; Uba52; H2bc8; H4c14; H4c12; Pole; H4c2; H4c3; Mcm10; Psmb7; Pole2; H2ax; H2bc3; H4c17; H2bc7; Psmd13; H4c11; Psmb1; Mcm5; Orc6; Kpna6; Mcm7; H2bc14; Psma1; Mcm2; H2bc6; Psmb5; Cdc6; Anapc7; Psmd6; Kpnb1; Cdc27; H2ac18; H4c18; H4c8; Psmc3; Mcm3; Mcm6; H3f3b; Cdc7; Psmd11; Orc5; Psmb4; Pole4; Mcm4; Ube2c; Mcm8; H2ac7; Rpa2; Psmb3; Fzr1; Orc1; Psmb6; Psma7; Kpna1; Pola2; Psmc6; Psmc4","thymus","MHU-2","GLDS-289","Stat_(MHU-1 & Space Flight & uG)v(MHU-1 & Ground Control & 1G on Earth)",1,"flight_positive"
"REACTOME_DNA_STRAND_ELONGATION",4.88954537403698e-07,2.99484654159765e-06,0.659444398037935,-0.703870288864896,-2.32811925285196,32,"reactome","Pcna; Prim1; Cdc45; Dna2; Fen1; Rfc4; Rfc3; Mcm5; Mcm7; Gins3; Mcm2; Rfc1; Mcm3; Mcm6; Gins2; Lig1; Mcm4; Mcm8; Rpa2; Gins4; Pola2","thymus","MHU-2","GLDS-289","Stat_(MHU-1 & Space Flight & uG)v(MHU-1 & Ground Control & 1G on Earth)",1,"flight_positive"
"REACTOME_DOPAMINE_NEUROTRANSMITTER_RELEASE_CYCLE",0.00750408685551957,0.0181784396185396,0.407017918923954,0.562485739631216,1.6654935014256,21,"reactome","Unc13b; Ppfia4; Apba1; Vamp2; Syn2; Stxbp1; Cask; Ppfia2; Lin7a; Syt1; Syn3; Rab3a","thymus","MHU-2","GLDS-289","Stat_(MHU-1 & Space Flight & uG)v(MHU-1 & Ground Control & 1G on Earth)",1,"flight_positive"
"REACTOME_DOWNREGULATION_OF_ERBB2_SIGNALING",0.806517311608961,0.851543253589089,0.0564118388217596,-0.245448400200494,-0.772916221163947,27,"reactome","Ubb; Uba52; Akt1; Rnf41; Cdc37","thymus","MHU-2","GLDS-289","Stat_(MHU-1 & Space Flight & uG)v(MHU-1 & Ground Control & 1G on Earth)",1,"flight_positive"
"REACTOME_DOWNREGULATION_OF_SMAD2_3_SMAD4_TRANSCRIPTIONAL_ACTIVITY",0.480412371134021,0.567855850967625,0.0828962134571565,-0.303497946555142,-0.982840326433597,30,"reactome","Ubb; Hdac1; Uba52; Smad3; Ube2d3; Ppm1a; Nedd4l; Ncor1; Snw1; Smad4","thymus","MHU-2","GLDS-289","Stat_(MHU-1 & Space Flight & uG)v(MHU-1 & Ground Control & 1G on Earth)",1,"flight_positive"
"REACTOME_DOWNREGULATION_OF_TGF_BETA_RECEPTOR_SIGNALING",0.278350515463918,0.38224440212752,0.115734447701689,-0.366932125215618,-1.13988350276745,25,"reactome","Ubb; Uba52; Strap; Xpo1; Smad3; Bambi; Mtmr4; Nedd4l","thymus","MHU-2","GLDS-289","Stat_(MHU-1 & Space Flight & uG)v(MHU-1 & Ground Control & 1G on Earth)",1,"flight_positive"
"REACTOME_DOWNSTREAM_SIGNALING_EVENTS_OF_B_CELL_RECEPTOR_BCR",1.57732686199335e-06,8.71978644732735e-06,0.643551836150722,-0.556831918952996,-2.12844597745929,68,"reactome","Nfatc3; Rasgrp1; Ubb; Prkcb; Psmd8; Psmc1; Uba52; Calm1; Psmb7; Nras; Psmd13; Fkbp1a; Psmb1; Bcl10; Psma1; Psmb5; Psmd6; Psmc3; Fbxw11; Psmd11; Ikbkg; Kras; Psmb4; Psmb3; Map3k7; Psmb6; Psma7; Psmc6; Psmc4; Ppp3cb; Psmc2; Psma2; Psmd3; Card11; Ppp3r1; Nfkbia; Ppia","thymus","MHU-2","GLDS-289","Stat_(MHU-1 & Space Flight & uG)v(MHU-1 & Ground Control & 1G on Earth)",1,"flight_positive"
"REACTOME_DOWNSTREAM_SIGNALING_OF_ACTIVATED_FGFR1",0.957446808510638,0.968224821364417,0.0461379160269737,0.199680444512308,0.631569013843956,25,"reactome","Grb2; Fgf1; Fgfr1; Pik3r1; Gab1; Flrt2; Kl","thymus","MHU-2","GLDS-289","Stat_(MHU-1 & Space Flight & uG)v(MHU-1 & Ground Control & 1G on Earth)",1,"flight_positive"
"REACTOME_DOWNSTREAM_SIGNALING_OF_ACTIVATED_FGFR2",0.703777335984095,0.760192352896648,0.0617054053637522,0.272527383976602,0.839284706466087,23,"reactome","Grb2; Fgf7; Fgfr2; Fgf1; Pik3r1; Gab1","thymus","MHU-2","GLDS-289","Stat_(MHU-1 & Space Flight & uG)v(MHU-1 & Ground Control & 1G on Earth)",1,"flight_positive"
"REACTOME_DOWNSTREAM_SIGNALING_OF_ACTIVATED_FGFR3",0.977822580645161,0.983736210253083,0.0470699590082662,0.195445170749983,0.573509966112615,20,"reactome","Grb2; Fgf1; Pik3r1; Gab1","thymus","MHU-2","GLDS-289","Stat_(MHU-1 & Space Flight & uG)v(MHU-1 & Ground Control & 1G on Earth)",1,"flight_positive"
"REACTOME_DOWNSTREAM_SIGNALING_OF_ACTIVATED_FGFR4",0.973790322580645,0.982408273568236,0.0472587336673259,0.199341606979573,0.590241009853664,21,"reactome","Grb2; Fgf1; Pik3r1; Gab1","thymus","MHU-2","GLDS-289","Stat_(MHU-1 & Space Flight & uG)v(MHU-1 & Ground Control & 1G on Earth)",1,"flight_positive"
"REACTOME_DOWNSTREAM_SIGNAL_TRANSDUCTION",0.308943089430894,0.411669530786779,0.107972360317345,-0.344784547688273,-1.10712039479736,29,"reactome","Nck2; Crkl; Nras; Stat5b; Crk; Ptpn11; Nck1; Rapgef1; Kras","thymus","MHU-2","GLDS-289","Stat_(MHU-1 & Space Flight & uG)v(MHU-1 & Ground Control & 1G on Earth)",1,"flight_positive"
"REACTOME_DOWNSTREAM_TCR_SIGNALING",3.26363253358016e-06,1.69961153198039e-05,0.627256739718528,-0.520019593451134,-2.07114464457699,81,"reactome","Ubb; Traf6; Psmd8; Lck; Cd4; Trat1; Pten; Psmc1; Uba52; Psmb7; Trav16; Psmd13; Psmb1; Bcl10; Trbv15; Psma1; Psmb5; Psmd6; Psmc3; Cd247; Fbxw11; Cd3d; Psmd11; Ikbkg; Psmb4; Psmb3; Map3k7; Psmb6; Psma7; Psmc6; Cd3e; Psmc4; Inpp5d; Psmc2; Psma2; Pdpk1; Ripk2; Trav19; Psmd3; Card11; Tab2; Nfkbia","thymus","MHU-2","GLDS-289","Stat_(MHU-1 & Space Flight & uG)v(MHU-1 & Ground Control & 1G on Earth)",1,"flight_positive"
"REACTOME_DRUG_ADME",0.823770491803279,0.863837149964917,0.0557104226766671,-0.211123601973004,-0.82332495096497,74,"reactome","Slc16a1; Abcc5; Vav1; Ada; Nudt15; Nme1","thymus","MHU-2","GLDS-289","Stat_(MHU-1 & Space Flight & uG)v(MHU-1 & Ground Control & 1G on Earth)",1,"flight_positive"
"REACTOME_DUAL_INCISION_IN_GG_NER",0.000295089076120828,0.00101307650973966,0.49849310876659,-0.534597226690105,-1.84212028444892,41,"reactome","Ubb; Pcna; Gtf2h4; Uba52; Ddb1; Pole; Pole2; Rfc4; Rfc3; Rfc1; Rbx1; Ercc5; Ercc1; Pole4; Rpa2; Ercc3; Polk; Gtf2h1","thymus","MHU-2","GLDS-289","Stat_(MHU-1 & Space Flight & uG)v(MHU-1 & Ground Control & 1G on Earth)",1,"flight_positive"
"REACTOME_DUAL_INCISION_IN_TC_NER",7.04866807831793e-06,3.517807494642e-05,0.610526878385931,-0.549284897568174,-2.08181403838423,63,"reactome","Ubb; Pcna; Gtf2h4; Polr2c; Uba52; Ddb1; Pole; Pole2; Rfc4; Rfc3; Rfc1; Ccnh; Usp7; Rbx1; Aqr; Ercc5; Polr2a; Ercc1; Pole4; Rpa2; Prpf19; Polr2d; Xab2; Ercc3; Cdk7; Polk; Gtf2h1; Polr2b; Ppie; Ercc8; Gtf2h3; Polr2f; Rps27a","thymus","MHU-2","GLDS-289","Stat_(MHU-1 & Space Flight & uG)v(MHU-1 & Ground Control & 1G on Earth)",1,"flight_positive"
"REACTOME_E2F_MEDIATED_REGULATION_OF_DNA_REPLICATION",6.93952676951626e-05,0.000276044644189614,0.538434096309916,-0.685149225228585,-2.09127116943382,22,"reactome","Ccnb1; Cdk1; Prim1; Orc6; Ppp2ca; Tfdp1; Rb1; Orc5; Ppp2r1b; Mcm8; E2f1; Orc1; Pola2","thymus","MHU-2","GLDS-289","Stat_(MHU-1 & Space Flight & uG)v(MHU-1 & Ground Control & 1G on Earth)",1,"flight_positive"
"REACTOME_E3_UBIQUITIN_LIGASES_UBIQUITINATE_TARGET_PROTEINS",1.27322558157583e-06,7.18605851800389e-06,0.643551836150722,-0.596357702657408,-2.17359206303718,51,"reactome","H2bc18; Ubb; H2bc4; Pcna; H2bc21; Uba52; H2bc8; Rad18; H2bc3; H2bc7; Bcl10; H2bc14; Rnf20; H2bc6; Ube2d3; Tmem129; Vcp; Ube2b; Pex13; Shprh; Ube2l3; Pex12; Rraga; Prkdc; Ube2j2; Ube2e1; Rnf40; Ube2v2; Derl1; Ube2a; Rps27a","thymus","MHU-2","GLDS-289","Stat_(MHU-1 & Space Flight & uG)v(MHU-1 & Ground Control & 1G on Earth)",1,"flight_positive"
"REACTOME_EARLY_SARS_COV_2_INFECTION_EVENTS",0.0570866141732283,0.108153550226257,0.266350657088526,0.402079065840142,1.39632107013796,36,"reactome","Sdc3; Ctsl; Agrn; Gpc4; Sdc1; Gpc1; Sdc4; Hspg2; Chmp4c; Ace2; Tmprss2; Gpc6; Gpc3; Zcrb1","thymus","MHU-2","GLDS-289","Stat_(MHU-1 & Space Flight & uG)v(MHU-1 & Ground Control & 1G on Earth)",1,"flight_positive"
"REACTOME_ECM_PROTEOGLYCANS",1.28781752644099e-08,1.02834614333584e-07,0.747739663149885,0.578724943848615,2.28808039027532,73,"reactome","Col4a1; Lama3; App; Fn1; Col6a2; Lamb1; Col6a1; Agrn; Col4a2; Itgb3; Col6a3; Bgn; Itga9; Tgfb3; Itgb5; Lrp4; Tgfb2; Col2a1; Itgax; Col5a2; Col6a5; Col4a5; Lama2; Vcan; Hspg2; Lama5; Sparc; Dcn; Col4a4","thymus","MHU-2","GLDS-289","Stat_(MHU-1 & Space Flight & uG)v(MHU-1 & Ground Control & 1G on Earth)",1,"flight_positive"
"REACTOME_EFFECTS_OF_PIP2_HYDROLYSIS",0.00181293594130814,0.00507849695956165,0.45505986738723,-0.585062148956861,-1.83338415458539,26,"reactome","Dgke; Itpr2; Dgkg; Rasgrp1; Dgkd; Dgkz; Itpr3; Itpr1","thymus","MHU-2","GLDS-289","Stat_(MHU-1 & Space Flight & uG)v(MHU-1 & Ground Control & 1G on Earth)",1,"flight_positive"
"REACTOME_EGFR_DOWNREGULATION",0.148760330578512,0.23444976076555,0.16440575583821,-0.391799805170476,-1.28287002477086,31,"reactome","Cbl; Ubb; Uba52; Sh3kbp1; Cdc42; Stam2; Stam; Sh3gl3","thymus","MHU-2","GLDS-289","Stat_(MHU-1 & Space Flight & uG)v(MHU-1 & Ground Control & 1G on Earth)",1,"flight_positive"
"REACTOME_EGR2_AND_SOX10_MEDIATED_INITIATION_OF_SCHWANN_CELL_MYELINATION",0.225933202357564,0.326482563192297,0.126875729929857,0.382695109827044,1.19565587305154,24,"reactome","Lamb1; Utrn; Yap1; Mag; Tead1; Wwtr1; Lama2; Pmp22; Nab2","thymus","MHU-2","GLDS-289","Stat_(MHU-1 & Space Flight & uG)v(MHU-1 & Ground Control & 1G on Earth)",1,"flight_positive"
"REACTOME_ELASTIC_FIBRE_FORMATION",0.00187845583675442,0.00523249455302654,0.45505986738723,0.493265472163452,1.76533938791689,43,"reactome","Ltbp3; Fn1; Ltbp2; Ltbp1; Itgb3; Fbln5; Tgfb3; Itgb5; Tgfb2; Ltbp4; Eln; Lox; Itgb8; Mfap4; Loxl4","thymus","MHU-2","GLDS-289","Stat_(MHU-1 & Space Flight & uG)v(MHU-1 & Ground Control & 1G on Earth)",1,"flight_positive"
"REACTOME_ELEVATION_OF_CYTOSOLIC_CA2_LEVELS",0.210526315789474,0.308771929824561,0.134273452883202,-0.449889966131571,-1.22803039713239,15,"reactome","Itpr2; Orai2; Itpr3; Itpr1","thymus","MHU-2","GLDS-289","Stat_(MHU-1 & Space Flight & uG)v(MHU-1 & Ground Control & 1G on Earth)",1,"flight_positive"
"REACTOME_ENDOGENOUS_STEROLS",0.169322709163347,0.259275398406374,0.150169802128406,0.425621606203337,1.24402668869309,19,"reactome","Rxra; Cyp1b1; Ahr; Cyp27a1; Cyp4v3; Fdxr; Pomc","thymus","MHU-2","GLDS-289","Stat_(MHU-1 & Space Flight & uG)v(MHU-1 & Ground Control & 1G on Earth)",1,"flight_positive"
"REACTOME_ENDOSOMAL_SORTING_COMPLEX_REQUIRED_FOR_TRANSPORT_ESCRT",0.00666180864147851,0.0163214311716223,0.407017918923954,-0.530882965643833,-1.70469170516943,29,"reactome","Ubb; Mvb12b; Uba52; Tsg101; Mvb12a; Stam2; Stam; Vps28; Ubap1; Vps4a; Chmp7; Chmp5","thymus","MHU-2","GLDS-289","Stat_(MHU-1 & Space Flight & uG)v(MHU-1 & Ground Control & 1G on Earth)",1,"flight_positive"
"REACTOME_ENERGY_DEPENDENT_REGULATION_OF_MTOR_BY_LKB1_AMPK",0.179959100204499,0.273233676085141,0.147331213699377,-0.387583580104021,-1.23524027095279,28,"reactome","Lamtor3; Cab39; Stradb; Slc38a9; Ppm1a; Tsc1; Rraga; Mlst8; Mtor; Rptor; Lamtor5; Rragd; Rheb","thymus","MHU-2","GLDS-289","Stat_(MHU-1 & Space Flight & uG)v(MHU-1 & Ground Control & 1G on Earth)",1,"flight_positive"
"REACTOME_EPHA_MEDIATED_GROWTH_CONE_COLLAPSE",0.0121632370656809,0.027897807567668,0.380730400722792,0.533284084430565,1.71903074508247,27,"reactome","Src; Efna1; Epha1; Lyn; Yes1; Epha2; Fyn; Myh11","thymus","MHU-2","GLDS-289","Stat_(MHU-1 & Space Flight & uG)v(MHU-1 & Ground Control & 1G on Earth)",1,"flight_positive"
"REACTOME_EPHB_MEDIATED_FORWARD_SIGNALING",0.324380165289256,0.425687740365748,0.105920292736253,-0.313351204867904,-1.09457026860056,42,"reactome","Cfl1; Arpc1a; Ephb2; Arpc2; Actb; Arpc5; Ephb6; Cdc42; Rhoa; Actg1; Wasl","thymus","MHU-2","GLDS-289","Stat_(MHU-1 & Space Flight & uG)v(MHU-1 & Ground Control & 1G on Earth)",1,"flight_positive"
"REACTOME_EPHRIN_SIGNALING",0.446,0.534803114571746,0.0852884689790502,-0.340885296260194,-0.99586925145312,19,"reactome","Nck2; Ephb2; Sdcbp; Ephb6","thymus","MHU-2","GLDS-289","Stat_(MHU-1 & Space Flight & uG)v(MHU-1 & Ground Control & 1G on Earth)",1,"flight_positive"
"REACTOME_EPH_EPHRIN_MEDIATED_REPULSION_OF_CELLS",0.100990099009901,0.172805280528053,0.197822021315103,0.35168242084235,1.27964711372302,49,"reactome","Src; Efna1; Epha1; Efnb2; Ephb4; Lyn; Yes1; Psen2; Epha2; Mmp2; Fyn; Vav3; Efnb1; Clta; Tiam1; Ephb3; Psenen; Efna5; Mmp9; Epha5","thymus","MHU-2","GLDS-289","Stat_(MHU-1 & Space Flight & uG)v(MHU-1 & Ground Control & 1G on Earth)",1,"flight_positive"
"REACTOME_EPH_EPHRIN_SIGNALING",0.349494949494949,0.44651870689323,0.0999276973731092,-0.258685126193981,-1.04860493352248,90,"reactome","Cfl1; Ap2b1; Nck2; Arpc1a; Ephb2; Sdcbp; Arpc2; Actb; Arpc5; Ephb6; Cdc42; Rhoa; Ap2s1; Cltc; Ap2m1; Actg1","thymus","MHU-2","GLDS-289","Stat_(MHU-1 & Space Flight & uG)v(MHU-1 & Ground Control & 1G on Earth)",1,"flight_positive"
"REACTOME_EPIGENETIC_REGULATION_BY_WDR5_CONTAINING_HISTONE_MODIFYING_COMPLEXES",2.93704750094964e-15,4.39741278614404e-14,1.00731795687447,-0.579972422810915,-2.55082094373812,148,"reactome","H2ac13; H3f3a; H2ac10; H3c10; H2bc18; H2ac4; H3c7; H3c2; H3c11; H3c8; H2bc4; H4c4; H3c15; H3c1; H4c6; H3c4; Med1; H2bc21; H2ac19; Mcrs1; Med14; H2ac20; H4c16; H4c1; Wdr82; Ep300; Kansl3; Kansl2; H3c3; H2bc8; H4c14; H4c12; H4c2; H4c3; H2ax; H2bc3; H4c17; H2bc7; Hcfc2; H4c11; Kmt2c; Med10; Abl1; H2bc14; Med20; H2bc6; Med30; Med23; Hcfc1; Ccnc; Kansl1; H2ac18; H4c18; H4c8; Rbbp5; Scd2; H3f3b; Tada3; Men1; Elovl5; Cidec; Rb1; H2ac7; Kat2b; Paxip1; Ogt; Kat14","thymus","MHU-2","GLDS-289","Stat_(MHU-1 & Space Flight & uG)v(MHU-1 & Ground Control & 1G on Earth)",1,"flight_positive"
"REACTOME_EPIGENETIC_REGULATION_OF_GENE_EXPRESSION",2.40651165458734e-18,4.55126239235991e-17,1.10533657731401,-0.506604977715768,-2.43753353650742,276,"reactome","H2ac13; H3f3a; H2ac10; H3c10; H2bc18; H2ac4; Sin3b; Phf19; H3c7; H3c2; H3c11; H3c8; H2bc4; H4c4; H3c15; H3c1; Uhrf1; H4c6; Gtf2h4; H3c4; Med1; Hdac1; H2bc21; H2ac19; Ube2i; Mcrs1; Med14; Suv39h1; H2ac20; H4c16; H4c1; Wdr82; Dnmt1; Ep300; Kansl3; Kansl2; H3c3; H2bc8; H4c14; H4c12; H4c2; Actl6a; H4c3; Cbx5; H2ax; Rbm7; H2bc3; H4c17; Smarcd2; Zfp26; H2bc7; Hcfc2; H4c11; Actb; Ehmt1; Kmt2c; Tbp; Med10; Abl1; H2bc14; Zfp382; Smarce1; Med20; H2bc6; Zcchc8; Med30; Med23; Hcfc1; Ccnc; Kansl1; Sap30; Baz1b; Tdg; H2ac18; H4c18; H4c8; Rbbp5; Ccnh; Polr1d; Scd2; Ezh2; H3f3b; Tada3; Eed; Men1; Myo1c; Elovl5; Cidec; Rb1; H2ac7; Kat2b; Paxip1; Hdac2; Ogt; Kat14; Sf3b1; Dr1; Baz2a; Ash2l; Ercc3; Ncor1; Rbbp7; Smarca4; Mbip","thymus","MHU-2","GLDS-289","Stat_(MHU-1 & Space Flight & uG)v(MHU-1 & Ground Control & 1G on Earth)",1,"flight_positive"
"REACTOME_EPIGENETIC_REGULATION_OF_GENE_EXPRESSION_BY_MLL3_AND_MLL4_COMPLEXES",4.76332472041556e-14,6.11293339119996e-13,0.965327754226083,-0.611880475749914,-2.60388014811373,117,"reactome","H2ac13; H3f3a; H2ac10; H3c10; H2bc18; H2ac4; H3c7; H3c2; H3c11; H3c8; H2bc4; H4c4; H3c15; H3c1; H4c6; H3c4; Med1; H2bc21; H2ac19; Med14; H2ac20; H4c16; H4c1; Ep300; H3c3; H2bc8; H4c14; H4c12; H4c2; H4c3; H2ax; H2bc3; H4c17; H2bc7; H4c11; Kmt2c; Med10; Abl1; H2bc14; Med20; H2bc6; Med30; Med23; Ccnc; H2ac18; H4c18; H4c8; Rbbp5; Scd2; H3f3b; Elovl5; Cidec; Rb1; H2ac7","thymus","MHU-2","GLDS-289","Stat_(MHU-1 & Space Flight & uG)v(MHU-1 & Ground Control & 1G on Earth)",1,"flight_positive"
"REACTOME_ERCC6_CSB_AND_EHMT2_G9A_POSITIVELY_REGULATE_RRNA_EXPRESSION",1.71712445550032e-18,3.30546457683812e-17,1.11466447751729,-0.785728742955069,-2.94292604039112,58,"reactome","H2ac13; H3f3a; H2ac10; H3c10; H2bc18; H2ac4; H3c7; H3c2; H3c11; H3c8; H2bc4; H4c4; H3c15; H3c1; H4c6; H3c4; Hdac1; H2bc21; H2ac19; H2ac20; H4c16; H4c1; H3c3; H2bc8; H4c14; H4c12; H4c2; H4c3; H2ax; H2bc3; H4c17; H2bc7; H4c11; H2bc14; H2bc6; H2ac18; H4c18; H4c8","thymus","MHU-2","GLDS-289","Stat_(MHU-1 & Space Flight & uG)v(MHU-1 & Ground Control & 1G on Earth)",1,"flight_positive"
"REACTOME_ERK_MAPK_TARGETS",0.679841897233202,0.741020793950851,0.0630790410571939,-0.275644154098952,-0.84134470457555,22,"reactome","Ppp2r5d; Ppp2ca; Mef2a; Ppp2r1b","thymus","MHU-2","GLDS-289","Stat_(MHU-1 & Space Flight & uG)v(MHU-1 & Ground Control & 1G on Earth)",1,"flight_positive"
"REACTOME_ER_QUALITY_CONTROL_COMPARTMENT_ERQC",0.015818303834185,0.0351590340891783,0.352487857583619,-0.527233965594508,-1.59124356127603,21,"reactome","Ubb; Edem1; Uba52; Sel1l; Marchf6; Edem3; Derl2; Rnf103; Uggt1; Rnf185; Man1b1; Rnf5; Rps27a; Rnf139","thymus","MHU-2","GLDS-289","Stat_(MHU-1 & Space Flight & uG)v(MHU-1 & Ground Control & 1G on Earth)",1,"flight_positive"
"REACTOME_ER_TO_GOLGI_ANTEROGRADE_TRANSPORT",1.19852273568725e-06,6.80003952142554e-06,0.643551836150722,-0.441060685716324,-1.93207145750285,145,"reactome","Tuba1b; Tubb4b; Tubb2a; Dynll1; Copa; Tubb2b; Ankrd28; Actr10; Cope; Tmed7; Tuba1c; Tuba1a; Actr1a; Sptan1; Dync1i2; Cog6; Capza1; Ppp6r1; Ppp6c; Cog3; Lman2; Arf1; Sec22c; Sec13; Cog8; Rab1a; Arcn1; Lman2l; Copg1; Uso1; Gosr2; Dync1h1; Napg; Copb1; Sec22b; Cog1; Tmem115; Arfgap2; Arf4; Tmed2; Nsf; Capza2; Trappc9; Ppp6r3; Cnih1; Cog4; Serpina1b; Sar1b; Napa; Cog5; Cog2; Sec23ip; Dync1li1; Arfgap1; Serpina1e; Gbf1; Copb2; Lman1l; Sec16a","thymus","MHU-2","GLDS-289","Stat_(MHU-1 & Space Flight & uG)v(MHU-1 & Ground Control & 1G on Earth)",1,"flight_positive"
"REACTOME_ESR_MEDIATED_SIGNALING",2.936732750348e-13,3.51755322763905e-12,0.932595211336209,-0.497382573797391,-2.30456894645484,199,"reactome","H2ac13; H3f3a; H2ac10; Kpna2; H3c10; H2bc18; H2ac4; H3c7; H3c2; H3c11; H3c8; H2bc4; H4c4; H3c15; H3c1; H4c6; H3c4; Med1; Hdac1; H2bc21; H2ac19; Myb; H2ac20; H4c16; H4c1; Ep300; Polr2c; Rad21; H3c3; H2bc8; Calm1; Chd1; H4c14; Cdkn1b; H4c12; H4c2; H4c3; Nras; H2ax; H2bc3; H4c17; H2bc7; Sp1; Gnai3; H4c11; Tbp; H2bc14; H2bc6; Usf1; Xpo1; Tnrc6c; H2ac18; H4c18; H4c8; Prmt1; Jund; Creb1; Akt1; Gtf2f2; H3f3b; Foxo3; Cbfb; Gnb1; Gng10; Polr2a; Kras; H2ac7; Kat2b; Ccnt1; Kdm4b","thymus","MHU-2","GLDS-289","Stat_(MHU-1 & Space Flight & uG)v(MHU-1 & Ground Control & 1G on Earth)",1,"flight_positive"
"REACTOME_ESTROGEN_DEPENDENT_GENE_EXPRESSION",5.57185511939269e-15,7.90323660355964e-14,0.996986217533181,-0.590542619858426,-2.55078278357015,131,"reactome","H2ac13; H3f3a; H2ac10; Kpna2; H3c10; H2bc18; H2ac4; H3c7; H3c2; H3c11; H3c8; H2bc4; H4c4; H3c15; H3c1; H4c6; H3c4; Med1; Hdac1; H2bc21; H2ac19; Myb; H2ac20; H4c16; H4c1; Ep300; Polr2c; Rad21; H3c3; H2bc8; Chd1; H4c14; H4c12; H4c2; H4c3; H2ax; H2bc3; H4c17; H2bc7; Sp1; H4c11; Tbp; H2bc14; H2bc6; Usf1; Tnrc6c; H2ac18; H4c18; H4c8; Prmt1; Jund; Gtf2f2; H3f3b; Cbfb; Polr2a; H2ac7; Kat2b; Ccnt1; Kdm4b","thymus","MHU-2","GLDS-289","Stat_(MHU-1 & Space Flight & uG)v(MHU-1 & Ground Control & 1G on Earth)",1,"flight_positive"
"REACTOME_ESTROGEN_DEPENDENT_NUCLEAR_EVENTS_DOWNSTREAM_OF_ESR_MEMBRANE_SIGNALING",0.891944990176817,0.915718952004473,0.0500922874402106,0.22732958230631,0.710246729637426,24,"reactome","Bcl2; Elk1; Fos; Ccnd1; Egf; Ptk2; Btc; Tgfa; Egfr; Epgn; Hbegf; Akt3","thymus","MHU-2","GLDS-289","Stat_(MHU-1 & Space Flight & uG)v(MHU-1 & Ground Control & 1G on Earth)",1,"flight_positive"
"REACTOME_EUKARYOTIC_TRANSLATION_ELONGATION",2.55671137628502e-07,1.70131781705879e-06,0.674962860011025,-0.543160182670951,-2.16728144293047,83,"reactome","Rplp0; Rps5; Rpl7; Eef2; Rpl35; Uba52; Rpl28; Rps4x; Rps3a1; Rpl26; Rpl7a; Rpl18a; Rpl17; Rpl13a; Rps16; Rps7; Eef1a1; Rpl10; Rps11; Rpl4; Rpl6; Rpl19; Rps15a; Rps3; Rpl15; Rpl29; Rps10; Rpsa; Fau; Rpl32; Rpl18; Rpl21; Rps24","thymus","MHU-2","GLDS-289","Stat_(MHU-1 & Space Flight & uG)v(MHU-1 & Ground Control & 1G on Earth)",1,"flight_positive"
"REACTOME_EUKARYOTIC_TRANSLATION_INITIATION",5.15110893508031e-11,5.28847184001579e-10,0.851339057116899,-0.564011173027154,-2.36868340123402,110,"reactome","Rplp0; Rps5; Rpl7; Eif3k; Eif3l; Rpl35; Eif3h; Eif3e; Uba52; Rpl28; Eif3c; Eif3d; Rps4x; Rps3a1; Rpl26; Rpl7a; Rpl18a; Rpl17; Eif3m; Eif3i; Rpl13a; Eif2s3x; Rps16; Rps7; Rpl10; Rps11; Eif4b; Eif4a1; Eif2s1; Rpl4; Rpl6; Rpl19; Rps15a; Rps3; Rpl15; Rpl29; Rps10; Eif2b5; Eif3f; Pabpc1; Rpsa; Fau; Rpl32; Rpl18; Rpl21; Rps24; Eif1ax","thymus","MHU-2","GLDS-289","Stat_(MHU-1 & Space Flight & uG)v(MHU-1 & Ground Control & 1G on Earth)",1,"flight_positive"
"REACTOME_EVASION_BY_RSV_OF_HOST_INTERFERON_RESPONSES",0.239130434782609,0.341322509232754,0.123257226381337,-0.394051102272588,-1.18928468236666,21,"reactome","Ubb; Ep300; Uba52; Ifnar1; Rbx1; Irf3; Eloc","thymus","MHU-2","GLDS-289","Stat_(MHU-1 & Space Flight & uG)v(MHU-1 & Ground Control & 1G on Earth)",1,"flight_positive"
"REACTOME_EXPORT_OF_VIRAL_RIBONUCLEOPROTEINS_FROM_NUCLEUS",5.21755902577925e-06,2.64166876777998e-05,0.610526878385931,-0.679903405043853,-2.20178255616371,30,"reactome","Nup188; Nup62; Ndc1; Nup107; Ran; Nup205; Seh1l; Nup37; Xpo1; Sec13; Nup88; Nup160; Nup50; Nup155; Rae1; Nup54; Nup43","thymus","MHU-2","GLDS-289","Stat_(MHU-1 & Space Flight & uG)v(MHU-1 & Ground Control & 1G on Earth)",1,"flight_positive"
"REACTOME_EXPRESSION_OF_BMAL_ARNTL_CLOCK_AND_NPAS2",0.351190476190476,0.448027613412229,0.0985499803531691,0.311676608834602,1.07261898531275,35,"reactome","Chd9; Rxra; Mef2c; Nr1d1; Npas2; Carm1; Crtc1; Rora; Ppargc1a; Smarcd3; Usp46","thymus","MHU-2","GLDS-289","Stat_(MHU-1 & Space Flight & uG)v(MHU-1 & Ground Control & 1G on Earth)",1,"flight_positive"
"REACTOME_EXTENSION_OF_TELOMERES",2.37528963898374e-06,1.27391155762411e-05,0.627256739718528,-0.597278144289501,-2.17449041442321,50,"reactome","Ccna2; Pcna; Ankrd28; Prim1; Dna2; Ten1; Cdk2; Fen1; Wrn; Pif1; Ctc1; Wrap53; Rfc4; Ppp6c; Rfc3; Stn1; Rtel1; Pot1a; Rfc1; Lig1; Rpa2; Blm; Ppp6r3; Pola2","thymus","MHU-2","GLDS-289","Stat_(MHU-1 & Space Flight & uG)v(MHU-1 & Ground Control & 1G on Earth)",1,"flight_positive"
"REACTOME_EXTRACELLULAR_MATRIX_ORGANIZATION",2.61951376042087e-16,4.15269975549072e-15,1.03769615548758,0.470689681929975,2.25721484901616,306,"reactome","Ctss; Sdc3; Ctsl; Itgb7; Col4a1; Htra1; Adam19; Lama3; Ltbp3; Cd44; App; Fn1; Vcam1; Dst; Ddr1; Cdh1; Mmp14; Col6a2; Adam8; Lamb1; Icam1; Col6a1; Agrn; Capn2; Col4a2; Ltbp2; Sntb2; Itga3; Timp2; Mmp25; Adamts9; Adam9; Ltbp1; Itgb3; Itgae; Utrn; Bmp1; Col15a1; Acta2; Sdc1; Col6a3; Bgn; Spock3; Itga9; Fbln5; Tgfb3; Itgb5; P4ha2; Lrp4; Tgfb2; Lamb3; Col12a1; Ltbp4; Col2a1; Eln; Itgax; Adam15; Col5a2; Mmp2; Col27a1; Col19a1; Itgb4; Col6a5; F11r; Col4a5; Itga4; Lox; Itga1; Klk1b11; Col18a1; Klk1b9; Sdc4; Lama2; Vwf; Timp1; Col20a1; Vcan; Itgb8; Mfap4; Adamts2; Mmp13; Loxl4; P3h2; Hspg2; Lama5; Capns2; Sparc; Sntb1; Sgcd; Dcn; Dmd; Itgad; Col4a4; Tll1; Ntn4; Scube3; Lamc2; Serpinh1; Pdgfb; Lum; Optc; Mmp11; Thbs1; Icam5","thymus","MHU-2","GLDS-289","Stat_(MHU-1 & Space Flight & uG)v(MHU-1 & Ground Control & 1G on Earth)",1,"flight_positive"
"REACTOME_EXTRA_NUCLEAR_ESTROGEN_SIGNALING",0.926877470355731,0.945292254534984,0.0486034247259069,0.189119690825961,0.744527314916576,72,"reactome","Bcl2; Src; Mmp2; Elk1; Igf1r; Pik3r1; Gng4; Fos; Ccnd1; Hspb1; Gng12; Egf; Gnai1; Ptk2; Btc; Gngt2; Mmp9; Sphk1; Tgfa; Mmp7; Pik3r2; Cav2; Gng11; Egfr; Epgn; Gnb5; Shc1; Nos3; Gnat3; Hbegf; Pik3r3; Akt3; Mmp3","thymus","MHU-2","GLDS-289","Stat_(MHU-1 & Space Flight & uG)v(MHU-1 & Ground Control & 1G on Earth)",1,"flight_positive"
"REACTOME_FACTORS_INVOLVED_IN_MEGAKARYOCYTE_DEVELOPMENT_AND_PLATELET_PRODUCTION",3.24905037454271e-11,3.46779832055153e-10,0.851339057116899,-0.537261706734085,-2.33365860906033,138,"reactome","Tuba1b; H3f3a; H3c10; Dock8; Tubb4b; H3c7; Kif2c; Tubb2a; Kif18a; Kif11; H3c2; H3c11; H3c8; Tubb2b; H3c15; H3c1; Kif20a; Ak3; H3c4; Hdac1; Wee1; Kif4; Myb; Prkacb; Cdk2; Tuba1c; Kif22; Tuba1a; Kif18b; H3c3; Prkar1a; Capza1; Cbx5; Racgap1; Actb; Abl1; Dock2; Cdc42; Cenpe; Kif13b; Kif15; Kifc1; Kifc5b; Rad51c; Mfn2; H3f3b; Dock11; Rbsn; Maff; Mafk; Hdac2; Capza2","thymus","MHU-2","GLDS-289","Stat_(MHU-1 & Space Flight & uG)v(MHU-1 & Ground Control & 1G on Earth)",1,"flight_positive"
"REACTOME_FANCONI_ANEMIA_PATHWAY",0.00010168959247156,0.00038599077705754,0.538434096309916,-0.58356251142681,-2.01001989918496,37,"reactome","Ubb; Uba52; Ube2t; Dclre1b; Slx4; Wdr48; Fancc; Ercc1; Eme1; Fancb; Usp1; Rpa2; Fancl; Fan1; Faap24; Fanci; Fancd2; Fancm; Cenps; Faap20","thymus","MHU-2","GLDS-289","Stat_(MHU-1 & Space Flight & uG)v(MHU-1 & Ground Control & 1G on Earth)",1,"flight_positive"
"REACTOME_FATTY_ACID_METABOLISM",0.808510638297872,0.851978952184855,0.0538979025357319,0.194497809064298,0.864516075585834,156,"reactome","Ggt5; Hpgd; Rxra; Cpt1a; Cyp1b1; Slc27a1; Prxl2b; Phyh; Ptges; Alox15; Ptgs2; Elovl7; Acsf2; Mmut; Ptgr2; Abcc1; Pccb; Cyp4f18; Ltc4s; Acadl; Tbxas1; Cyp2j9; Alox5; Elovl4; Acacb; Pon3; Tecr; Hpgds; Slc25a20; Acsl5; Acsl1; Slc27a2; Prkaa2; Eci1; Hacd2; Pctp; Pla2g4a; Pcca; Slc22a5; Elovl6; Acot11; Mapkapk2; Gpx2; Mmaa; Hacd4; Acbd7; Acot1; Acaa1a; Cyp4f15; Acot2; Ptges2; Acsbg1; Alox12b; Acsl6; Ptgds; Cyp4f14; Ppt1; Cyp1a2; Nudt7; Mlycd; Aloxe3; Slc27a3","thymus","MHU-2","GLDS-289","Stat_(MHU-1 & Space Flight & uG)v(MHU-1 & Ground Control & 1G on Earth)",1,"flight_positive"
"REACTOME_FATTY_ACYL_COA_BIOSYNTHESIS",0.198347107438017,0.296147066230169,0.140406238523342,-0.373667313890943,-1.22349881215167,31,"reactome","Acly; Ppt2; Acaca; Elovl1; Scd2; Fasn; Elovl5","thymus","MHU-2","GLDS-289","Stat_(MHU-1 & Space Flight & uG)v(MHU-1 & Ground Control & 1G on Earth)",1,"flight_positive"
"REACTOME_FBXL7_DOWN_REGULATES_AURKA_DURING_MITOTIC_ENTRY_AND_IN_EARLY_MITOSIS",2.03505921852144e-06,1.10797668563945e-05,0.627256739718528,-0.632618321011761,-2.2098054668192,42,"reactome","Aurka; Ubb; Psmd8; Psmc1; Uba52; Psmb7; Psmd13; Psmb1; Psma1; Psmb5; Psmd6; Psmc3; Rbx1; Psmd11; Psmb4; Psmb3; Psmb6; Psma7; Psmc6; Psmc4; Psmc2; Psma2","thymus","MHU-2","GLDS-289","Stat_(MHU-1 & Space Flight & uG)v(MHU-1 & Ground Control & 1G on Earth)",1,"flight_positive"
"REACTOME_FCERI_MEDIATED_CA_2_MOBILIZATION",0.42827868852459,0.519914894402599,0.0888945288620449,-0.270646922896659,-1.01370082778027,58,"reactome","Itpr2; Nfatc3; Itk; Vav1; Calm1; Igkv8-21; Grap2; Lat; Itpr3; Itpr1; Txk","thymus","MHU-2","GLDS-289","Stat_(MHU-1 & Space Flight & uG)v(MHU-1 & Ground Control & 1G on Earth)",1,"flight_positive"
"REACTOME_FCERI_MEDIATED_MAPK_ACTIVATION",0.0784313725490196,0.1390608875129,0.224966093540314,0.34677319916488,1.32278834896151,59,"reactome","Ighe; Grb2; Plcg2; Jun; Igkv1-117; Igkv1-135; Fcer1g; Lyn; Igkv1-88; Igkv8-27; Igkv14-111; Igkv8-30; Vav3","thymus","MHU-2","GLDS-289","Stat_(MHU-1 & Space Flight & uG)v(MHU-1 & Ground Control & 1G on Earth)",1,"flight_positive"
"REACTOME_FCERI_MEDIATED_NF_KB_ACTIVATION",0.00487505656708052,0.012278763970357,0.407017918923954,-0.372651018862834,-1.5299920498519,95,"reactome","Rasgrp1; Ubb; Traf6; Psmd8; Psmc1; Uba52; Psmb7; Psmd13; Igkv8-21; Psmb1; Bcl10; Tab1; Psma1; Psmb5; Psmd6; Psmc3; Fbxw11; Psmd11; Ikbkg; Psmb4; Psmb3; Map3k7; Psmb6; Psma7; Psmc6; Psmc4; Psmc2; Psma2; Pdpk1; Psmd3; Card11; Tab2; Nfkbia","thymus","MHU-2","GLDS-289","Stat_(MHU-1 & Space Flight & uG)v(MHU-1 & Ground Control & 1G on Earth)",1,"flight_positive"
"REACTOME_FCGAMMA_RECEPTOR_FCGR_DEPENDENT_PHAGOCYTOSIS",0.356997971602434,0.454898124571423,0.0988903007520636,-0.243944742427023,-1.03724890769664,115,"reactome","Itpr2; Cfl1; Arpc1a; Nckap1l; Vav1; Igkv8-21; Arpc2; Crk; Actb; Arpc5; Abl1; Cdc42; Cyfip2; Elmo1; Elmo2; Nck1; Pla2g6; Itpr3; Cd247; Abi1; Myh2; Itpr1; Actg1; Myo1c","thymus","MHU-2","GLDS-289","Stat_(MHU-1 & Space Flight & uG)v(MHU-1 & Ground Control & 1G on Earth)",1,"flight_positive"
"REACTOME_FCGR3A_MEDIATED_IL10_SYNTHESIS",0.0463739898304986,0.0908930200677772,0.321775918075361,0.363092805585448,1.41456515350814,67,"reactome","Ighg2b; Src; Plcg2; Prkar2a; Igkv1-117; Adcy2; Igkv1-135; Lyn; Yes1; Hck; Igkv1-88; Igkv8-27; Adcy7; Ighg2c; Fyn; Igkv14-111; Fcgr1; Igkv8-30; Prkar1b; Igkv14-100; Fcgr2b; Il10; Ighg3","thymus","MHU-2","GLDS-289","Stat_(MHU-1 & Space Flight & uG)v(MHU-1 & Ground Control & 1G on Earth)",1,"flight_positive"
"REACTOME_FCGR_ACTIVATION",0.00105308964290495,0.00311022091794941,0.45505986738723,0.526528493177803,1.87736439024757,42,"reactome","Ighg2b; Src; Igkv1-117; Igkv1-135; Lyn; Yes1; Hck; Igkv1-88; Igkv8-27; Ighg2c; Fyn; Igkv14-111; Fcgr1; Igkv8-30; Igkv14-100; Fcgr2b; Ighg3; Igkv8-28","thymus","MHU-2","GLDS-289","Stat_(MHU-1 & Space Flight & uG)v(MHU-1 & Ground Control & 1G on Earth)",1,"flight_positive"
"REACTOME_FC_EPSILON_RECEPTOR_FCERI_SIGNALING",0.00172855250404318,0.00489076010330328,0.45505986738723,-0.355500105979385,-1.55727234402335,145,"reactome","Itpr2; Nfatc3; Itk; Rasgrp1; Ubb; Traf6; Psmd8; Vav1; Psmc1; Uba52; Calm1; Psmb7; Nras; Psmd13; Igkv8-21; Psmb1; Bcl10; Grap2; Tab1; Psma1; Lat; Psmb5; Psmd6; Itpr3; Mapk9; Psmc3; Fbxw11; Itpr1; Txk; Psmd11; Ikbkg; Kras; Psmb4; Psmb3; Map3k7; Psmb6; Psma7; Map3k1; Psmc6; Psmc4; Ppp3cb; Psmc2; Psma2; Rac1; Pdpk1; Psmd3; Card11; Tab2; Ppp3r1","thymus","MHU-2","GLDS-289","Stat_(MHU-1 & Space Flight & uG)v(MHU-1 & Ground Control & 1G on Earth)",1,"flight_positive"
"REACTOME_FGFR1_MUTANT_RECEPTOR_ACTIVATION",0.551229508196721,0.629476069741595,0.0753093764172773,-0.292623500279252,-0.916981708059278,26,"reactome","Cux1; Cep43; Stat5b; Bag4","thymus","MHU-2","GLDS-289","Stat_(MHU-1 & Space Flight & uG)v(MHU-1 & Ground Control & 1G on Earth)",1,"flight_positive"
"REACTOME_FGFR2_ALTERNATIVE_SPLICING",0.531568228105906,0.612709401709402,0.0768736734126542,-0.298999172379396,-0.941547430163963,27,"reactome","Polr2c; Ncbp1; Ptbp1; Gtf2f2; Hnrnpf; Hnrnph1; Polr2a; Polr2d","thymus","MHU-2","GLDS-289","Stat_(MHU-1 & Space Flight & uG)v(MHU-1 & Ground Control & 1G on Earth)",1,"flight_positive"
"REACTOME_FGFR2_MUTANT_RECEPTOR_ACTIVATION",0.706967213114754,0.762110655737705,0.0629394692018967,-0.26468182545559,-0.829422080478491,26,"reactome","Polr2c; Ncbp1; Gtf2f2; Polr2a; Polr2d; Polr2b; Fgf10; Polr2f","thymus","MHU-2","GLDS-289","Stat_(MHU-1 & Space Flight & uG)v(MHU-1 & Ground Control & 1G on Earth)",1,"flight_positive"
"REACTOME_FLT3_SIGNALING",0.0280513495213054,0.0577086923358152,0.352487857583619,-0.436381501542508,-1.50052466312456,38,"reactome","Cbl; Sla2; Ubb; Lck; Uba52; Sla; Cdkn1b; Nras; Stat5b; Ptpn11; Grap2; Akt1; Foxo3; Kras","thymus","MHU-2","GLDS-289","Stat_(MHU-1 & Space Flight & uG)v(MHU-1 & Ground Control & 1G on Earth)",1,"flight_positive"
"REACTOME_FLT3_SIGNALING_IN_DISEASE",0.186094069529652,0.280572597137014,0.144630528034484,-0.38488623875438,-1.22664376472648,28,"reactome","Cbl; Ubb; Bcl2l1; Uba52; Nras; Stat5b; Ptpn11","thymus","MHU-2","GLDS-289","Stat_(MHU-1 & Space Flight & uG)v(MHU-1 & Ground Control & 1G on Earth)",1,"flight_positive"
"REACTOME_FORMATION_OF_FIBRIN_CLOT_CLOTTING_CASCADE",0.20889748549323,0.308059492970865,0.131457611642763,0.358852098339398,1.19667752947009,30,"reactome","C1qbp; Pros1; Serpine2; Vwf; F3; F2r; Procr; F10; Thbd; Cd177; Serping1; Kng2; Tfpi; Prcp; F8","thymus","MHU-2","GLDS-289","Stat_(MHU-1 & Space Flight & uG)v(MHU-1 & Ground Control & 1G on Earth)",1,"flight_positive"
"REACTOME_FORMATION_OF_INCISION_COMPLEX_IN_GG_NER",0.000361168717924504,0.0012320882212741,0.49849310876659,-0.539743567737408,-1.90017216675782,43,"reactome","Ubb; Gtf2h4; Ube2i; Uba52; Ddb1; Pias1; Rad23b; Ccnh; Rbx1; Cetn2; Ercc5; Ercc1; Rpa2; Rad23a; Ercc3; Cdk7; Gtf2h1; Sumo1; Ube2v2; Gtf2h3; Rps27a; Sumo3; Rpa3; Xpc; Xpa; Rpa1","thymus","MHU-2","GLDS-289","Stat_(MHU-1 & Space Flight & uG)v(MHU-1 & Ground Control & 1G on Earth)",1,"flight_positive"
"REACTOME_FORMATION_OF_NEURONAL_PROGENITOR_AND_NEURONAL_BAF_NPBAF_AND_NBAF",0.18052738336714,0.273710997566494,0.14641623786055,-0.405106926464141,-1.24513573884051,24,"reactome","Bcl11b; Actl6a; Smarcd2; Actb; Smarce1; Phf10; Smarca4; Bcl7b; Bcl7c; Arid1b; Arid1a; Bcl7a; Smarcc1; Ss18","thymus","MHU-2","GLDS-289","Stat_(MHU-1 & Space Flight & uG)v(MHU-1 & Ground Control & 1G on Earth)",1,"flight_positive"
"REACTOME_FORMATION_OF_PARAXIAL_MESODERM",0.00292635657150789,0.00775089037858846,0.431707695803346,-0.444312539941939,-1.65736689618231,55,"reactome","Psmd8; Ep300; Psmc1; Psmb7; Psmd13; Psmb1; Ctnnb1; Psma1; Psmb5; Psmd6; Psmc3; Psmd11; Psmb4; Kat2b; Psmb3; Psmb6; Psma7; Psmc6; Snw1; Psmc4; Psmc2; Psma2","thymus","MHU-2","GLDS-289","Stat_(MHU-1 & Space Flight & uG)v(MHU-1 & Ground Control & 1G on Earth)",1,"flight_positive"
"REACTOME_FORMATION_OF_RNA_POL_II_ELONGATION_COMPLEX",0.000188971547631809,0.000683595061567417,0.518848077743792,-0.498793920574824,-1.86039271797061,56,"reactome","Eloa; Gtf2h4; Polr2c; Ncbp1; Iws1; Nelfa; Ctdp1; Gtf2f2; Ccnh; Nelfcd; Aff4; Polr2a; Ccnt1; Supt4a; Eloc; Polr2d; Ercc3; Cdk7; Gtf2h1; Polr2b; Supt5; Gtf2h3; Eaf1; Polr2f; Nelfb; Ccnt2; Ncbp2; Cdk9; Mllt3","thymus","MHU-2","GLDS-289","Stat_(MHU-1 & Space Flight & uG)v(MHU-1 & Ground Control & 1G on Earth)",1,"flight_positive"
"REACTOME_FORMATION_OF_SENESCENCE_ASSOCIATED_HETEROCHROMATIN_FOCI_SAHF",7.2807791124198e-05,0.00028644817091929,0.538434096309916,-0.746725530471902,-2.09007651555196,17,"reactome","H1f4; H1f1; H1f3; H1f2; Asf1a; H1f5; Lmnb1; Ubn1; Rb1; Cabin1; Hira","thymus","MHU-2","GLDS-289","Stat_(MHU-1 & Space Flight & uG)v(MHU-1 & Ground Control & 1G on Earth)",1,"flight_positive"
"REACTOME_FORMATION_OF_TC_NER_PRE_INCISION_COMPLEX",3.83503241153763e-05,0.00016340572883943,0.557332238758646,-0.547047517149375,-1.99386733177346,51,"reactome","Ubb; Gtf2h4; Polr2c; Uba52; Ddb1; Gps1; Ccnh; Usp7; Rbx1; Aqr; Polr2a; Prpf19; Polr2d; Xab2; Ercc3; Cops3; Cdk7; Gtf2h1; Polr2b; Ppie; Cops4; Ercc8; Cops5; Cops6; Gtf2h3; Polr2f; Rps27a; Cops8","thymus","MHU-2","GLDS-289","Stat_(MHU-1 & Space Flight & uG)v(MHU-1 & Ground Control & 1G on Earth)",1,"flight_positive"
"REACTOME_FORMATION_OF_THE_BETA_CATENIN_TCF_TRANSACTIVATING_COMPLEX",6.77813536819036e-15,9.24915180621419e-14,0.996986217533181,-0.690904459219472,-2.69434054123938,74,"reactome","H2ac13; H3f3a; H2ac10; H3c10; H2bc18; H2ac4; H3c7; H3c2; H3c11; H3c8; H2bc4; H4c4; H3c15; H3c1; H4c6; H3c4; Hdac1; H2bc21; H2ac19; H2ac20; H4c16; H4c1; Ep300; H3c3; H2bc8; H4c14; H4c12; H4c2; H4c3; H2ax; H2bc3; H4c17; H2bc7; H4c11; Ctnnb1; H2bc14; H2bc6; Tcf7; H2ac18; H4c18; H4c8; Rbbp5","thymus","MHU-2","GLDS-289","Stat_(MHU-1 & Space Flight & uG)v(MHU-1 & Ground Control & 1G on Earth)",1,"flight_positive"
"REACTOME_FORMATION_OF_THE_CANONICAL_BAF_CBAF_COMPLEX",0.163672654690619,0.25251012145749,0.153158808683073,-0.456654277573315,-1.30714373329091,18,"reactome","Actl6a; Actb; Smarce1; Smarca4; Bcl7b; Bcl7c; Arid1b; Arid1a; Bcl7a; Smarcc1; Ss18; Dpf2","thymus","MHU-2","GLDS-289","Stat_(MHU-1 & Space Flight & uG)v(MHU-1 & Ground Control & 1G on Earth)",1,"flight_positive"
"REACTOME_FORMATION_OF_THE_CORNIFIED_ENVELOPE",4.15932015406773e-11,4.31129531354328e-10,0.851339057116899,0.636150827765123,2.51652123878513,74,"reactome","Krt5; Dsp; Dsc2; Krt14; Rptn; Spink5; Pkp1; Krt10; Krt8; Ppl; Perp; Dsg2; Krt77; Krt17; St14; Dsc3; Sprr1a; Pkp4; Krt78; Krt18; Krt6a; Krt84; Krt13; Krt7; Pcsk6; Kazn; Krt16; Pkp2; Dsg1a; Krt1; Krt79; Tchh; Dsg4; Klk14; Krt15; Krt75; Casp14; Krt25; Krt80; Dsg3; Krt23; Dsc1; Krt19; Krt73","thymus","MHU-2","GLDS-289","Stat_(MHU-1 & Space Flight & uG)v(MHU-1 & Ground Control & 1G on Earth)",1,"flight_positive"
"REACTOME_FORMATION_OF_THE_DYSTROPHIN_GLYCOPROTEIN_COMPLEX_DGC",0.000770641271553011,0.00240754274699864,0.477270815362862,0.573900417667455,1.94731970127202,32,"reactome","Lama3; Lamb1; Agrn; Sntb2; Utrn; Acta2; Lamb3; Lama2; Hspg2; Lama5; Sntb1; Sgcd; Dmd; Lamc2","thymus","MHU-2","GLDS-289","Stat_(MHU-1 & Space Flight & uG)v(MHU-1 & Ground Control & 1G on Earth)",1,"flight_positive"
"REACTOME_FORMATION_OF_THE_EARLY_ELONGATION_COMPLEX",0.000452541837992828,0.0015010464657116,0.49849310876659,-0.58834943258198,-1.96504196780216,33,"reactome","Gtf2h4; Polr2c; Ncbp1; Nelfa; Ctdp1; Gtf2f2; Ccnh; Nelfcd; Polr2a; Supt4a; Polr2d; Ercc3; Cdk7; Gtf2h1; Polr2b; Supt5; Gtf2h3; Polr2f","thymus","MHU-2","GLDS-289","Stat_(MHU-1 & Space Flight & uG)v(MHU-1 & Ground Control & 1G on Earth)",1,"flight_positive"
"REACTOME_FORMATION_OF_THE_EMBRYONIC_STEM_CELL_BAF_ESBAF_COMPLEX",0.12,0.197934671807827,0.181383128498408,-0.466308460485865,-1.36228303944168,19,"reactome","Bcl11b; Actl6a; Smarcd2; Actb; Smarce1; Phf10; Smarca4; Bcl7b; Bcl7c; Arid1a; Bcl7a; Smarcc1; Ss18","thymus","MHU-2","GLDS-289","Stat_(MHU-1 & Space Flight & uG)v(MHU-1 & Ground Control & 1G on Earth)",1,"flight_positive"
"REACTOME_FORMATION_OF_THE_NEPHRIC_DUCT",0.0610236220472441,0.113624778439252,0.257206466468838,0.534794156342895,1.47104226960438,15,"reactome","Plac8; Wfdc2; Npnt; Id4; Osr1; Pcdh19","thymus","MHU-2","GLDS-289","Stat_(MHU-1 & Space Flight & uG)v(MHU-1 & Ground Control & 1G on Earth)",1,"flight_positive"
"REACTOME_FORMATION_OF_THE_NON_CANONICAL_BAF_NCBAF_COMPLEX",0.171428571428571,0.261790714812085,0.151148761385484,-0.458426854962761,-1.28313170576945,17,"reactome","Actl6a; Brd9; Smarcd2; Actb; Bicral; Smarca4; Bcl7b; Bcl7c","thymus","MHU-2","GLDS-289","Stat_(MHU-1 & Space Flight & uG)v(MHU-1 & Ground Control & 1G on Earth)",1,"flight_positive"
"REACTOME_FORMATION_OF_THE_POLYBROMO_BAF_PBAF_COMPLEX",0.0294137702504706,0.0600531142613775,0.352487857583619,-0.547713142057949,-1.56779392297969,18,"reactome","Arid2; Actl6a; Smarcd2; Actb; Smarce1; Phf10; Pbrm1; Smarca4; Bcl7b; Bcl7c","thymus","MHU-2","GLDS-289","Stat_(MHU-1 & Space Flight & uG)v(MHU-1 & Ground Control & 1G on Earth)",1,"flight_positive"
"REACTOME_FORMATION_OF_THE_URETERIC_BUD",0.00277686489395957,0.0074649884181756,0.431707695803346,0.630829747180078,1.82971476407204,18,"reactome","Eya1; Six1; Npnt; Grem1; Foxc1; Six2; Robo2; Slit2; Wnt11","thymus","MHU-2","GLDS-289","Stat_(MHU-1 & Space Flight & uG)v(MHU-1 & Ground Control & 1G on Earth)",1,"flight_positive"
"REACTOME_FORMATION_OF_TUBULIN_FOLDING_INTERMEDIATES_BY_CCT_TRIC",9.34120149107755e-08,6.7132101382544e-07,0.704975715167238,-0.802748871713456,-2.38811865811738,20,"reactome","Tuba1b; Tubb4b; Tubb2a; Cct7; Cct4; Tubb2b; Cct5; Tuba1c; Tuba1a; Cct2; Tcp1","thymus","MHU-2","GLDS-289","Stat_(MHU-1 & Space Flight & uG)v(MHU-1 & Ground Control & 1G on Earth)",1,"flight_positive"
"REACTOME_FORMATION_OF_WDR5_CONTAINING_HISTONE_MODIFYING_COMPLEXES",0.00383724301894033,0.00982552963044579,0.431707695803346,-0.472349240056335,-1.62762557119699,41,"reactome","Mcrs1; Wdr82; Kansl3; Kansl2; Hcfc2; Kmt2c; Hcfc1; Kansl1; Rbbp5; Tada3; Men1; Kat2b; Paxip1; Ogt; Kat14; Dr1; Ash2l; Mbip","thymus","MHU-2","GLDS-289","Stat_(MHU-1 & Space Flight & uG)v(MHU-1 & Ground Control & 1G on Earth)",1,"flight_positive"
"REACTOME_FOXO_MEDIATED_TRANSCRIPTION",0.0149647346286535,0.0334688463271544,0.380730400722792,-0.391125465037519,-1.47771215969074,62,"reactome","Hdac1; Ywhaz; Ywhaq; Ep300; Rbl2; Ccng2; Cdkn1b; Nfyc; Bcl6; Nfya; Foxo4; Ywhab; Akt1; Smad3; Foxo3; Cat; Kat2b; Hdac2; Retn; Srebf1; Btg1","thymus","MHU-2","GLDS-289","Stat_(MHU-1 & Space Flight & uG)v(MHU-1 & Ground Control & 1G on Earth)",1,"flight_positive"
"REACTOME_FOXO_MEDIATED_TRANSCRIPTION_OF_CELL_CYCLE_GENES",0.359183673469388,0.456846992924528,0.0988903007520636,-0.380654524358962,-1.06544781105647,17,"reactome","Rbl2; Ccng2; Cdkn1b; Foxo4; Smad3; Foxo3; Btg1; Smad4","thymus","MHU-2","GLDS-289","Stat_(MHU-1 & Space Flight & uG)v(MHU-1 & Ground Control & 1G on Earth)",1,"flight_positive"
"REACTOME_FOXO_MEDIATED_TRANSCRIPTION_OF_CELL_DEATH_GENES",0.164658634538153,0.253212564953108,0.153158808683073,-0.474121342866582,-1.31295617906007,16,"reactome","Ep300; Nfyc; Bcl6; Nfya; Foxo4; Foxo3","thymus","MHU-2","GLDS-289","Stat_(MHU-1 & Space Flight & uG)v(MHU-1 & Ground Control & 1G on Earth)",1,"flight_positive"
"REACTOME_FOXO_MEDIATED_TRANSCRIPTION_OF_OXIDATIVE_STRESS_METABOLIC_AND_NEURONAL_GENES",0.159836065573771,0.247816091954023,0.157402899305283,-0.404883137482533,-1.26876491675763,26,"reactome","Hdac1; Foxo4; Smad3; Foxo3; Cat; Hdac2; Retn; Srebf1; Smad4; Nr3c1; Gck","thymus","MHU-2","GLDS-289","Stat_(MHU-1 & Space Flight & uG)v(MHU-1 & Ground Control & 1G on Earth)",1,"flight_positive"
"REACTOME_FRS_MEDIATED_FGFR1_SIGNALING",0.948979591836735,0.961908662707352,0.0489954089862481,-0.223276528700488,-0.624948538743463,17,"reactome","Nras; Ptpn11; Kras; Frs2; Fgf10","thymus","MHU-2","GLDS-289","Stat_(MHU-1 & Space Flight & uG)v(MHU-1 & Ground Control & 1G on Earth)",1,"flight_positive"
"REACTOME_FRS_MEDIATED_FGFR2_SIGNALING",0.678642714570858,0.740462395047961,0.0636424081651019,0.295926987236873,0.858332981371119,18,"reactome","Grb2; Fgf7; Fgfr2; Fgf1","thymus","MHU-2","GLDS-289","Stat_(MHU-1 & Space Flight & uG)v(MHU-1 & Ground Control & 1G on Earth)",1,"flight_positive"
"REACTOME_FRS_MEDIATED_FGFR3_SIGNALING",0.876518218623482,0.905931581664538,0.0522693317499306,-0.26066677665885,-0.711522259569513,15,"reactome","Nras; Ptpn11; Kras","thymus","MHU-2","GLDS-289","Stat_(MHU-1 & Space Flight & uG)v(MHU-1 & Ground Control & 1G on Earth)",1,"flight_positive"
"REACTOME_FRS_MEDIATED_FGFR4_SIGNALING",0.821285140562249,0.862909728582948,0.0549073703290958,-0.266180814992688,-0.737118779928536,16,"reactome","Nras; Ptpn11; Kras","thymus","MHU-2","GLDS-289","Stat_(MHU-1 & Space Flight & uG)v(MHU-1 & Ground Control & 1G on Earth)",1,"flight_positive"
"REACTOME_G0_AND_EARLY_G1",1.43924829290952e-05,6.80486692875641e-05,0.593325476396405,-0.694408763144452,-2.17603894804029,26,"reactome","Top2a; Cdk1; Ccna2; Pcna; Hdac1; Cdk2; Rbl2; Rbl1; Lin54; Dyrk1a; Tfdp1; Lin9; Cdc6; Ccne2; E2f1; Cdc25a; Ccne1; Mybl2","thymus","MHU-2","GLDS-289","Stat_(MHU-1 & Space Flight & uG)v(MHU-1 & Ground Control & 1G on Earth)",1,"flight_positive"
"REACTOME_G1_S_DNA_DAMAGE_CHECKPOINTS",2.29703748885969e-06,1.23810320649537e-05,0.627256739718528,-0.582987330203913,-2.15624035843568,54,"reactome","Ubb; Ccna2; Psmd8; Cdk2; Psmc1; Uba52; Cdkn1b; Psmb7; Psmd13; Psmb1; Psma1; Psmb5; Ccne2; Psmd6; Psmc3; Psmd11; Psmb4; Psmb3; Cdc25a; Psmb6; Ccne1; Psma7; Psmc6; Psmc4; Psmc2; Psma2","thymus","MHU-2","GLDS-289","Stat_(MHU-1 & Space Flight & uG)v(MHU-1 & Ground Control & 1G on Earth)",1,"flight_positive"
"REACTOME_G1_S_SPECIFIC_TRANSCRIPTION",6.28699383644843e-07,3.76521075316189e-06,0.659444398037935,-0.725356692553442,-2.31173311626531,28,"reactome","Rrm2; Cdk1; Pcna; Fbxo5; Cdc45; Hdac1; Tyms; Rbl2; Rbl1; Lin54; Tfdp1; Lin9; Cdc6; Tk1; E2f1; Cdc25a; Orc1; Ccne1; E2f6; Cdt1","thymus","MHU-2","GLDS-289","Stat_(MHU-1 & Space Flight & uG)v(MHU-1 & Ground Control & 1G on Earth)",1,"flight_positive"
"REACTOME_G2_M_CHECKPOINTS",4.12494033953801e-29,4.04244153274725e-27,1.40258870935552,-0.699404475429084,-3.06396257135229,142,"reactome","Ccnb1; H2bc18; Gtse1; Ubb; Cdk1; Ccna2; Ccnb2; Nsd2; H2bc4; H4c4; Dbf4; Psmd8; Cdc45; H4c6; Dna2; H2bc21; Wee1; Ywhaz; Ywhaq; Cdk2; Rhno1; H4c16; H4c1; Wrn; Psmc1; Uba52; Cdc25c; H2bc8; H4c14; H4c12; H4c2; H4c3; Mcm10; Psmb7; H2ax; H2bc3; H4c17; Rfc4; H2bc7; Psmd13; Ywhah; H4c11; Psmb1; Rfc3; Mcm5; Rmi2; Bard1; Rmi1; Orc6; Mcm7; H2bc14; Psma1; Mcm2; H2bc6; Psmb5; Brca1; Cdc6; Ywhab; Brip1; Psmd6; H4c18; H4c8; Psmc3; Mcm3; Rad9a; Mcm6; Ywhae; Cdc7; Psmd11; Rad17; Orc5; Psmb4; Mcm4; Mcm8; Rpa2; Psmb3; Cdc25a; Orc1; Psmb6; Blm; Psma7; Exo1; Psmc6; Psmc4; Rnf168; Pkmyt1; Psmc2; Psma2","thymus","MHU-2","GLDS-289","Stat_(MHU-1 & Space Flight & uG)v(MHU-1 & Ground Control & 1G on Earth)",1,"flight_positive"
"REACTOME_G2_M_DNA_DAMAGE_CHECKPOINT",9.38194977766158e-18,1.71419353564732e-16,1.0864405425825,-0.708279123097064,-2.82625643738233,82,"reactome","Ccnb1; H2bc18; Cdk1; Ccna2; Nsd2; H2bc4; H4c4; H4c6; Dna2; H2bc21; Wee1; Ywhaz; Ywhaq; Rhno1; H4c16; H4c1; Wrn; Cdc25c; H2bc8; H4c14; H4c12; H4c2; H4c3; H2ax; H2bc3; H4c17; Rfc4; H2bc7; Ywhah; H4c11; Rfc3; Rmi2; Bard1; Rmi1; H2bc14; H2bc6; Brca1; Ywhab; Brip1; H4c18; H4c8; Rad9a; Ywhae; Rad17; Rpa2","thymus","MHU-2","GLDS-289","Stat_(MHU-1 & Space Flight & uG)v(MHU-1 & Ground Control & 1G on Earth)",1,"flight_positive"
"REACTOME_GAB1_SIGNALOSOME",0.171875,0.261790714812085,0.147331213699377,0.442877330893153,1.25648662514034,17,"reactome","Src; Grb2; Pik3r1; Gab1; Egf; Btc; Tgfa; Egfr; Epgn; Hbegf","thymus","MHU-2","GLDS-289","Stat_(MHU-1 & Space Flight & uG)v(MHU-1 & Ground Control & 1G on Earth)",1,"flight_positive"
"REACTOME_GABA_B_RECEPTOR_ACTIVATION",0.33852140077821,0.436514437845587,0.0995791200495904,0.304793743170159,1.0708647751057,38,"reactome","Kcnj15; Adcy2; Kcnj10; Adcy7; Kcnj2; Gng4; Gng12; Gnai1; Kcnj9; Gngt2; Kcnj5; Gabbr1; Gng11; Gnb5; Kcnj16; Gnat3","thymus","MHU-2","GLDS-289","Stat_(MHU-1 & Space Flight & uG)v(MHU-1 & Ground Control & 1G on Earth)",1,"flight_positive"
"REACTOME_GABA_RECEPTOR_ACTIVATION",0.416666666666667,0.508107088989442,0.0886261133285098,0.286192069053975,1.03043725030897,47,"reactome","Kcnj15; Adcy2; Kcnj10; Adcy7; Kcnj2; Gng4; Gng12; Gnai1; Kcnj9; Gngt2; Kcnj5; Gabbr1; Gabra2; Gng11; Gnb5; Kcnj16; Gabrb3; Gnat3; Gabrr2; Kcnj3; Adcy9; Gng5; Adcy3; Adcy5; Adcy8; Kcnj6; Gabrg3; Gnb3; Gabrr1; Gabrq; Gng13","thymus","MHU-2","GLDS-289","Stat_(MHU-1 & Space Flight & uG)v(MHU-1 & Ground Control & 1G on Earth)",1,"flight_positive"
"REACTOME_GAMMA_CARBOXYLATION_HYPUSINYLATION_HYDROXYLATION_AND_ARYLSULFATASE_ACTIVATION",0.998054474708171,0.99898117338478,0.0445070537769277,0.156138549453522,0.584175164168419,55,"reactome","Gas6; Asph; Arsb; Pros1","thymus","MHU-2","GLDS-289","Stat_(MHU-1 & Space Flight & uG)v(MHU-1 & Ground Control & 1G on Earth)",1,"flight_positive"
"REACTOME_GAP_FILLING_DNA_REPAIR_SYNTHESIS_AND_LIGATION_IN_GG_NER",0.00121925725898126,0.00354274750722856,0.45505986738723,-0.600773257655987,-1.86631662437162,25,"reactome","Ubb; Pcna; Uba52; Pole; Pole2; Rfc4; Lig3; Rfc3; Rfc1; Lig1; Pole4; Rpa2","thymus","MHU-2","GLDS-289","Stat_(MHU-1 & Space Flight & uG)v(MHU-1 & Ground Control & 1G on Earth)",1,"flight_positive"
"REACTOME_GAP_JUNCTION_ASSEMBLY",0.000455251782978214,0.00150540313512428,0.49849310876659,-0.644942317782058,-1.96854820156217,22,"reactome","Tuba1b; Tubb4b; Tubb2a; Tubb2b; Tuba1c; Tuba1a","thymus","MHU-2","GLDS-289","Stat_(MHU-1 & Space Flight & uG)v(MHU-1 & Ground Control & 1G on Earth)",1,"flight_positive"
"REACTOME_GAP_JUNCTION_TRAFFICKING_AND_REGULATION",0.0229818777713232,0.048672817755376,0.352487857583619,-0.456564391450972,-1.53340446667653,34,"reactome","Tuba1b; Tubb4b; Tubb2a; Tubb2b; Tuba1c; Tuba1a; Actb; Cltc; Ap2m1; Actg1","thymus","MHU-2","GLDS-289","Stat_(MHU-1 & Space Flight & uG)v(MHU-1 & Ground Control & 1G on Earth)",1,"flight_positive"
"REACTOME_GASTRIN_CREB_SIGNALLING_PATHWAY_VIA_PKC_AND_MAPK",0.859437751004016,0.892556739482013,0.052805004567129,-0.259983028118958,-0.719955615488053,16,"reactome","Nras; Creb1; Kras","thymus","MHU-2","GLDS-289","Stat_(MHU-1 & Space Flight & uG)v(MHU-1 & Ground Control & 1G on Earth)",1,"flight_positive"
"REACTOME_GASTRULATION",0.329243353783231,0.429267250379996,0.104343952581949,-0.256212612436835,-1.05569000630982,96,"reactome","Cxcr4; Psmd8; Myb; Ep300; Psmc1; Psmb7; Psmd13; Psmb1; Ctnnb1; Psma1; Tcf7; Psmb5; Psmd6; Psmc3; Smad3; Psmd11; Psmb4; Kat2b; Psmb3; Psmb6; Psma7; Psmc6; Snw1; Psmc4; Psmc2; Psma2","thymus","MHU-2","GLDS-289","Stat_(MHU-1 & Space Flight & uG)v(MHU-1 & Ground Control & 1G on Earth)",1,"flight_positive"
"REACTOME_GENERATION_OF_SECOND_MESSENGER_MOLECULES",0.360824742268041,0.458149672750234,0.0992333343771191,-0.327368074759962,-1.06014076573847,30,"reactome","Itk; Lck; Cd4; Trav16; Grap2; Trbv15; Lat; Nck1; Cd247; Cd3d","thymus","MHU-2","GLDS-289","Stat_(MHU-1 & Space Flight & uG)v(MHU-1 & Ground Control & 1G on Earth)",1,"flight_positive"
"REACTOME_GENE_AND_PROTEIN_EXPRESSION_BY_JAK_STAT_SIGNALING_AFTER_INTERLEUKIN_12_STIMULATION",0.0410866229847848,0.0809714434691006,0.321775918075361,-0.429661283206526,-1.46757976014971,36,"reactome","Anxa2; Cfl1; Rplp0; Capza1; Taldo1; Arf1; Cdc42; Tcp1; Hnrnpf; Lmnb1","thymus","MHU-2","GLDS-289","Stat_(MHU-1 & Space Flight & uG)v(MHU-1 & Ground Control & 1G on Earth)",1,"flight_positive"
"REACTOME_GENE_SILENCING_BY_RNA",4.42977607086551e-25,2.57721444227959e-23,1.29512308741004,-0.711114424741583,-3.0179053889565,113,"reactome","H2ac13; H3f3a; H2ac10; H3c10; H2bc18; H2ac4; H3c7; H3c2; H3c11; H3c8; H2bc4; H4c4; H3c15; H3c1; H4c6; H3c4; H2bc21; H2ac19; Dgcr8; Nup188; H2ac20; H4c16; H4c1; Polr2c; H3c3; H2bc8; H4c14; Nup62; H4c12; Ndc1; Nup107; H4c2; H4c3; Ran; H2ax; H2bc3; H4c17; Nup205; H2bc7; Xpo5; H4c11; Tsn; Bcdin3d; H2bc14; Seh1l; Nup37; H2bc6; Tnrc6c; Sec13; Nup88; Nup160; H2ac18; H4c18; H4c8; Nup50; Nup155; H3f3b; Tdrd1; Polr2a; H2ac7; Tdrkh; Rae1; Ago2; Nup54; Polr2d","thymus","MHU-2","GLDS-289","Stat_(MHU-1 & Space Flight & uG)v(MHU-1 & Ground Control & 1G on Earth)",1,"flight_positive"
"REACTOME_GLOBAL_GENOME_NUCLEOTIDE_EXCISION_REPAIR_GG_NER",2.93134474691845e-08,2.28984756317253e-07,0.73376198835648,-0.561399582611034,-2.24089691880304,84,"reactome","Ubb; Pcna; Gtf2h4; Ube2i; Mcrs1; Uba52; Ddb1; Gps1; Pole; Pias1; Actl6a; Pole2; Rfc4; Lig3; Rfc3; Ino80d; Actb; Ino80c; Actr8; Rad23b; Rfc1; Ccnh; Rbx1; Cetn2; Ercc5; Lig1; Ercc1; Pole4; Rpa2; Rad23a; Ercc3; Cops3; Actr5; Nfrkb; Cdk7; Polk; Ino80b; Gtf2h1; Sumo1; Cops4; Ruvbl1; Cops5; Ube2v2; Cops6; Gtf2h3","thymus","MHU-2","GLDS-289","Stat_(MHU-1 & Space Flight & uG)v(MHU-1 & Ground Control & 1G on Earth)",1,"flight_positive"
"REACTOME_GLUCAGON_LIKE_PEPTIDE_1_GLP1_REGULATES_INSULIN_SECRETION",0.078,0.138752475247525,0.227987202850442,-0.394524818946053,-1.3588993831441,37,"reactome","Itpr2; Rapgef3; Prkacb; Prkar1a; Iqgap1; Itpr3; Itpr1; Gnb1; Gng10; Gnb2; Gng2; Glp1r","thymus","MHU-2","GLDS-289","Stat_(MHU-1 & Space Flight & uG)v(MHU-1 & Ground Control & 1G on Earth)",1,"flight_positive"
"REACTOME_GLUCAGON_SIGNALING_IN_METABOLIC_REGULATION",0.942268041237113,0.958268819295857,0.0497903187820785,-0.201796251273363,-0.653492044100383,30,"reactome","Prkacb; Prkar1a; Gnb1; Gng10; Gnb2; Gng2","thymus","MHU-2","GLDS-289","Stat_(MHU-1 & Space Flight & uG)v(MHU-1 & Ground Control & 1G on Earth)",1,"flight_positive"
"REACTOME_GLUCAGON_TYPE_LIGAND_RECEPTORS",0.949416342412451,0.961908662707352,0.046788296531803,0.205656338589726,0.654492304712456,26,"reactome","Vipr2; Vipr1; Gng4; Gng12; Gngt2; Adcyap1r1; Gcg; Sct; Gng11; Gnb5; Gipr; Gng5; Glp2r; Gip; Gnb3; Gng13","thymus","MHU-2","GLDS-289","Stat_(MHU-1 & Space Flight & uG)v(MHU-1 & Ground Control & 1G on Earth)",1,"flight_positive"
"REACTOME_GLUCONEOGENESIS",0.614624505928854,0.684468199784405,0.0679922591544058,-0.296122412014988,-0.880942324727608,20,"reactome","Eno1; Slc37a2; Pgk1; Tpi1","thymus","MHU-2","GLDS-289","Stat_(MHU-1 & Space Flight & uG)v(MHU-1 & Ground Control & 1G on Earth)",1,"flight_positive"
"REACTOME_GLUCOSE_METABOLISM",0.00175025634313124,0.0049392050730248,0.45505986738723,-0.429155075788061,-1.66935203760102,73,"reactome","Ppp2r5d; Prkacb; Nup188; Nup62; Ndc1; Eno1; Pgm2l1; Nup107; Nup205; Slc37a2; Pgk1; Ppp2ca; Seh1l; Nup37; Sec13; Nup88; Nup160; Nup50; Tpi1; Nup155; Ppp2r1b; Rae1; Nup54; Pkm; Nup43","thymus","MHU-2","GLDS-289","Stat_(MHU-1 & Space Flight & uG)v(MHU-1 & Ground Control & 1G on Earth)",1,"flight_positive"
"REACTOME_GLUTAMATE_NEUROTRANSMITTER_RELEASE_CYCLE",0.304780876494024,0.407129844932538,0.107554375265169,0.383674779870836,1.1214225475897,19,"reactome","Slc1a3; Unc13b; Ppfia4; Vamp2; Stxbp1; Ppfia2; Syt1; Rab3a","thymus","MHU-2","GLDS-289","Stat_(MHU-1 & Space Flight & uG)v(MHU-1 & Ground Control & 1G on Earth)",1,"flight_positive"
"REACTOME_GLUTATHIONE_CONJUGATION",0.3984375,0.49287825005856,0.0902635484340068,0.308220371295916,1.04583231320403,32,"reactome","Ggt5; Gstm1; Ggct; Gclc; Gsto1; Hpgds; Gstt2; Ggt6; Gsta1; Gstm2; Ggt7; Mgst1; Gstp1","thymus","MHU-2","GLDS-289","Stat_(MHU-1 & Space Flight & uG)v(MHU-1 & Ground Control & 1G on Earth)",1,"flight_positive"
"REACTOME_GLYCEROPHOSPHOLIPID_BIOSYNTHESIS",0.66859344894027,0.730977421863703,0.0626618230932491,0.213989248668498,0.915400858734449,120,"reactome","Pld4; Ache; Pld1; Cds1; Slc44a3; Lpcat1; Pnpla2; Plbd1; Lpcat2; Osbpl10; Pitpnm1; Pla2g4f; Pcyt1b; Dgat2; Pla2g15; Tafazzin; Lpin3; Chpt1; Pitpnm3; Pla2g2f; Akp3; Pla2g2d; Bche; Lclat1; Abhd4; Stard10; Ptpmt1; Pla2r1; Mboat7; Pctp; Cpne7; Plb1; Pla2g4a; Chkb; Pla2g5; Gpat2; Cept1; Chat; Agpat2","thymus","MHU-2","GLDS-289","Stat_(MHU-1 & Space Flight & uG)v(MHU-1 & Ground Control & 1G on Earth)",1,"flight_positive"
"REACTOME_GLYCOGEN_METABOLISM",0.45841784989858,0.545446404183962,0.0845557442441281,-0.321368885086005,-0.987758683033365,24,"reactome","Ubb; Uba52; Calm1; Pygb; Gys1; Phkg2; Agl; Rps27a; Gys2","thymus","MHU-2","GLDS-289","Stat_(MHU-1 & Space Flight & uG)v(MHU-1 & Ground Control & 1G on Earth)",1,"flight_positive"
"REACTOME_GLYCOSAMINOGLYCAN_METABOLISM",3.714243989127e-05,0.000158887103979322,0.557332238758646,0.435116188229272,1.83792513505012,114,"reactome","Sdc3; Chst15; Cd44; Agrn; Prelp; Hexb; Chst11; Gpc4; St3gal1; Sgsh; Slc9a1; St3gal2; Arsb; Sdc1; Bgn; Xylt2; Glb1l; B4galt5; Gns; Dse; Chst3; Ext1; B4galt6; Chst2; Hs3st3b1; Gpc1; Sdc4; Hexa; Vcan; Hspg2; St3gal6; Naglu; Ust; Dcn; B4galt4; Lum; Papss1; Gpc6; Hs6st2","thymus","MHU-2","GLDS-289","Stat_(MHU-1 & Space Flight & uG)v(MHU-1 & Ground Control & 1G on Earth)",1,"flight_positive"
"REACTOME_GLYCOSPHINGOLIPID_BIOSYNTHESIS",0.232421875,0.333622877829561,0.124434168630393,0.421121838265596,1.19476414895323,17,"reactome","B4galnt1; St3gal2; B4galt5; B4galt6; Gal3st1","thymus","MHU-2","GLDS-289","Stat_(MHU-1 & Space Flight & uG)v(MHU-1 & Ground Control & 1G on Earth)",1,"flight_positive"
"REACTOME_GLYCOSPHINGOLIPID_CATABOLISM",0.284313725490196,0.389181548224383,0.11101149245045,0.346675967576165,1.14335207295448,29,"reactome","Hexb; Galc; Arsb; Glb1l; Gm2a; Hexa; Psap; Asah1; Ctsa; Arsa","thymus","MHU-2","GLDS-289","Stat_(MHU-1 & Space Flight & uG)v(MHU-1 & Ground Control & 1G on Earth)",1,"flight_positive"
"REACTOME_GLYCOSPHINGOLIPID_METABOLISM",0.101960784313725,0.174189739287157,0.195789002148949,0.354621997399299,1.27764549659538,46,"reactome","B4galnt1; Hexb; Galc; St3gal2; Arsb; Glb1l; B4galt5; Gm2a; B4galt6; Hexa; Gal3st1; Psap; Asah1; Ctsa","thymus","MHU-2","GLDS-289","Stat_(MHU-1 & Space Flight & uG)v(MHU-1 & Ground Control & 1G on Earth)",1,"flight_positive"
"REACTOME_GLYOXYLATE_METABOLISM_AND_GLYCINE_DEGRADATION",0.365079365079365,0.461919666145018,0.096240602328129,0.382358438363297,1.06818537865571,16,"reactome","Amt; Aldh4a1; Gcsh; Gnmt; Hoga1","thymus","MHU-2","GLDS-289","Stat_(MHU-1 & Space Flight & uG)v(MHU-1 & Ground Control & 1G on Earth)",1,"flight_positive"
"REACTOME_GOLGI_ASSOCIATED_VESICLE_BIOGENESIS",0.604508196721312,0.675995680565948,0.070619624712259,-0.247254736091779,-0.922305309177988,55,"reactome","Ap3s1; Ap4e1; Dnajc6; Igf2r; Ap1m1; Arf1; Pum1; Rab5c; Cltc; Hspa8; Ap1g1; Pik3c2a","thymus","MHU-2","GLDS-289","Stat_(MHU-1 & Space Flight & uG)v(MHU-1 & Ground Control & 1G on Earth)",1,"flight_positive"
"REACTOME_GOLGI_TO_ER_RETROGRADE_TRANSPORT",6.40976858564958e-11,6.45769208909369e-10,0.839088935621274,-0.543760089264544,-2.32732468896814,123,"reactome","Tuba1b; Tubb4b; Kif2c; Tubb2a; Kif18a; Kif11; Dynll1; Copa; Tubb2b; Kif20a; Actr10; Cope; Kif4; Tmed7; Tuba1c; Rab3gap1; Kif22; Tuba1a; Actr1a; Kif18b; Pafah1b1; Dync1i2; Pafah1b2; Capza1; Zw10; Racgap1; Arf1; Cenpe; Kif13b; Rab1a; Pla2g6; Kif15; Arcn1; Kifc1; Galnt1; Kifc5b; Pafah1b3; Copg1; Stx18; Dync1h1; Napg; Copb1; Sec22b; Arfgap2; Arf4; Agpat3; Tmed2; Nsf; Capza2; Surf4; Klc3; Nbas; Kif20b; Napa; Kif23; Dync1li1; Arfgap1; Kif3c; Gbf1; Kif3b; Copb2","thymus","MHU-2","GLDS-289","Stat_(MHU-1 & Space Flight & uG)v(MHU-1 & Ground Control & 1G on Earth)",1,"flight_positive"
"REACTOME_GPCR_LIGAND_BINDING",1.22931624047548e-07,8.49489043097796e-07,0.690132458796796,0.371904852771181,1.78144000935525,300,"reactome","Ccl21a; Anxa1; Cxcl16; Ccl5; C3; Cxcl9; Ccl11; Gpr65; App; S1pr1; Ccr7; Fzd7; Cx3cl1; C3ar1; Cxcl12; Cmklr1; Wnt4; Oprd1; Gpr18; Gpr35; P2ry6; Ccl22; Fzd8; Gpr68; Cysltr2; Penk; Ccl19; Calcb; F2rl1; Ltb4r2; Fzd6; Fzd10; Ccl25; Adora2a; Ramp2; Fzd4; Grp; Adra1a; Npff; Rxfp1; Hebp1; Xcr1; Cxcr3; Npsr1; Wnt6; Vipr2; Tac2; Ccl17; Cxcl3; Htr2a; C5ar2; Cxcr5; F2r; Saa2; Psap; Fzd2; Sst; Tac1; Xcl1; Vipr1; Cxcl2; Ffar1; Cd55; Grm8; Nts; Calca; Lpar1; Gng4; Htr1b; Cx3cr1; Rln3; Wnt11; Pthlh; Tas2r108; Ptafr; Agt; Wnt10a; Ptger2; Grm7; Ccr8; Ptgdr; Cxcl1; Gng12; Ccl4; Ccrl2; Pdyn; Gpr4; Ccl3; Ffar4; Gper1; Gngt2; Plppr4","thymus","MHU-2","GLDS-289","Stat_(MHU-1 & Space Flight & uG)v(MHU-1 & Ground Control & 1G on Earth)",1,"flight_positive"
"REACTOME_GPER1_SIGNALING",0.799621928166352,0.846742236821744,0.053347785067549,0.227684984176442,0.813635342689665,41,"reactome","Fn1; Src; Prkar2a; Adcy2; Adcy7; Prkar1b; Gng4; Gng12; Gnai1; Gper1; Gngt2","thymus","MHU-2","GLDS-289","Stat_(MHU-1 & Space Flight & uG)v(MHU-1 & Ground Control & 1G on Earth)",1,"flight_positive"
"REACTOME_GPVI_MEDIATED_ACTIVATION_CASCADE",0.206827309236948,0.305424437475931,0.135002033828631,-0.355548556949676,-1.19413549447947,34,"reactome","Rac2; Pik3cg; Lck; Vav1; Ptpn11; Cdc42; Lat; Rhoa; Col1a1; Pik3r5; Rac1; Pdpk1; Prkcz","thymus","MHU-2","GLDS-289","Stat_(MHU-1 & Space Flight & uG)v(MHU-1 & Ground Control & 1G on Earth)",1,"flight_positive"
"REACTOME_GRB2_SOS_PROVIDES_LINKAGE_TO_MAPK_SIGNALING_FOR_INTEGRINS",0.0151670341701131,0.033851061770977,0.380730400722792,0.601952521825148,1.65577277424847,15,"reactome","Fn1; Src; Grb2; Itgb3; Vwf; Ptk2; Apbb1ip","thymus","MHU-2","GLDS-289","Stat_(MHU-1 & Space Flight & uG)v(MHU-1 & Ground Control & 1G on Earth)",1,"flight_positive"
"REACTOME_GROWTH_HORMONE_RECEPTOR_SIGNALING",0.399193548387097,0.49287825005856,0.0919686140000427,0.355511398761027,1.04320474879834,20,"reactome","Irs2; Cish; Lyn; Stat1; Socs3; Jak2; Socs2","thymus","MHU-2","GLDS-289","Stat_(MHU-1 & Space Flight & uG)v(MHU-1 & Ground Control & 1G on Earth)",1,"flight_positive"
"REACTOME_G_ALPHA_12_13_SIGNALLING_EVENTS",0.0505836575875486,0.0980740699269378,0.282013350011725,0.334240045597647,1.32220557906677,74,"reactome","Arhgef17; Arhgef12; Trio; Fgd4; Arhgef37; Plxnb1; Arhgef10l; Itsn1; Adra1a; Arhgef10; Rhoc; Vav3; Rhob; Fgd2; Tiam1; Gng4; Arhgef5; Gng12; Gngt2; Arhgef33; Net1; Arhgef16; Arhgef40; Arhgef3; Kalrn; Arhgef26; Gna12; Arhgef1; Gng11","thymus","MHU-2","GLDS-289","Stat_(MHU-1 & Space Flight & uG)v(MHU-1 & Ground Control & 1G on Earth)",1,"flight_positive"
"REACTOME_G_ALPHA_I_SIGNALLING_EVENTS",0.000693308890084854,0.00221120409322921,0.477270815362862,0.324730815238475,1.49860746358514,229,"reactome","Ccl21a; Rgs5; Anxa1; Cxcl16; Ccl5; C3; Cxcl9; Ccl11; App; Rgs4; Ccr7; Cx3cl1; Src; C3ar1; Cxcl12; Plcb1; Rgs1; Oprd1; Gpr18; Nbea; Prkar2a; Adcy2; Plcb4; Rgs13; Pde1c; Penk; Ccl19; Rgs22; Ccl25; Rgs9; Adcy7; Pde4c; Rgs17; Rgs11; Ppp3ca; Hebp1; Cxcr3; Cxcl3; Cxcr5; Prkar1b; Camk2b; Saa2; Psap; Sst; Prkcd; Gnaq; Cxcl2; Cdk5; Pde4a; Grm8; Rgs19; Lpar1; Gng4; Htr1b; Cx3cr1; Rln3; Tas2r108; Rgs3; Agt; Grm7; Ccr8; Cxcl1; Gng12; Gna15; Gnai1; Rgs20; Ccl4; Pdyn; Rgs10; Gper1; Gngt2; Rgs16","thymus","MHU-2","GLDS-289","Stat_(MHU-1 & Space Flight & uG)v(MHU-1 & Ground Control & 1G on Earth)",1,"flight_positive"
"REACTOME_G_ALPHA_Q_SIGNALLING_EVENTS",0.0240019732203506,0.0505354045537851,0.352487857583619,0.29226643352525,1.30794428896991,170,"reactome","Rgs5; Anxa1; Trio; Gpr65; App; Rgs4; Grb2; Plcb1; Rgs1; P2ry6; Plcb4; Rgs13; Gpr68; Cysltr2; F2rl1; Ltb4r2; Grp; Adra1a; Rgs17; Npff; Abhd12; Xcr1; Npsr1; Tac2; Prkch; Htr2a; F2r; Saa2; Tac1; Prkcd; Xcl1; Gnaq; Ffar1; Nts; Rgs19; Pik3r1; Lpar1; Gng4; Rgs3; Ptafr; Dgkk; Agt; Dagla; Gng12; Gna15; Rps6ka1; Gpr4; Ffar4; Gngt2; Rgs16; Avp; Mapk7; Rgs18; Pik3r2; Bdkrb1; Kalrn; Cck; Nmur2; Trh; Gcg; Rgs21; Gng11; Grk5; Egfr","thymus","MHU-2","GLDS-289","Stat_(MHU-1 & Space Flight & uG)v(MHU-1 & Ground Control & 1G on Earth)",1,"flight_positive"
"REACTOME_G_ALPHA_S_SIGNALLING_EVENTS",0.0223402322383182,0.0474070282537539,0.352487857583619,0.319307356410054,1.36592950382661,120,"reactome","Fn1; Grk3; Gpr83; Src; Prkar2a; Adcy2; Cysltr2; Arrb2; Pde7b; Calcb; Adora2a; Ramp2; Adcy7; Pde4c; Rxfp1; Npsr1; Vipr2; Prkar1b; Vipr1; Pde4a; Calca; Pde7a; Gng4; Pde8a; Rln3; Pthlh; Ptger2; Ptgdr; Gng12; Gpr176; Gnai1; Gper1; Gngt2; Pde1a; Avp; Iapp; Ptgir; Gpr27; Prkaca; Adcyap1r1; Gcg; Sct; Gng11; Grk5; Pomc; Crhr1; Htr7; Pde8b; Gnb5; Pde3b; Shc1; Calcr; Cga; Ramp3; Gnat3","thymus","MHU-2","GLDS-289","Stat_(MHU-1 & Space Flight & uG)v(MHU-1 & Ground Control & 1G on Earth)",1,"flight_positive"
"REACTOME_G_ALPHA_Z_SIGNALLING_EVENTS",0.487378640776699,0.5754591180255,0.0789209638180035,0.274854420558764,0.984023302828134,44,"reactome","Rgs4; Adcy2; Adcy7; Rgs17; Prkch; Prkcd; Rgs19; Gng4; Gng12; Gnai1; Rgs20; Gngt2; Rgs16","thymus","MHU-2","GLDS-289","Stat_(MHU-1 & Space Flight & uG)v(MHU-1 & Ground Control & 1G on Earth)",1,"flight_positive"
"REACTOME_G_BETA_GAMMA_SIGNALLING_THROUGH_CDC42",0.489795918367347,0.576564480912805,0.0813027345384498,-0.342391512760246,-0.958350064035243,17,"reactome","Cdc42; Gnb1; Gng10; Gnb2; Gng2","thymus","MHU-2","GLDS-289","Stat_(MHU-1 & Space Flight & uG)v(MHU-1 & Ground Control & 1G on Earth)",1,"flight_positive"
"REACTOME_G_BETA_GAMMA_SIGNALLING_THROUGH_PI3KGAMMA",0.112648221343874,0.187399355877617,0.186432558434075,-0.442173114869415,-1.34963866698769,22,"reactome","Pik3cg; Rhoa; Akt1; Gnb1; Gng10; Gnb2; Gng2; Pik3r5; Pdpk1","thymus","MHU-2","GLDS-289","Stat_(MHU-1 & Space Flight & uG)v(MHU-1 & Ground Control & 1G on Earth)",1,"flight_positive"
"REACTOME_G_PROTEIN_ACTIVATION",0.830645161290323,0.867670042510628,0.0545680646670941,0.260086335459727,0.763191563462433,20,"reactome","Gnaq; Gng4; Gng12; Gna15; Pdyn; Gngt2; Gng11; Pomc; Gnb5","thymus","MHU-2","GLDS-289","Stat_(MHU-1 & Space Flight & uG)v(MHU-1 & Ground Control & 1G on Earth)",1,"flight_positive"
"REACTOME_G_PROTEIN_BETA_GAMMA_SIGNALLING",0.182926829268293,0.276183644189383,0.14551614609036,-0.382464406756206,-1.22811230330051,29,"reactome","Pik3cg; Cdc42; Rhoa; Akt1; Gnb1; Gng10; Gnb2; Gng2; Pik3r5; Pdpk1","thymus","MHU-2","GLDS-289","Stat_(MHU-1 & Space Flight & uG)v(MHU-1 & Ground Control & 1G on Earth)",1,"flight_positive"
"REACTOME_G_PROTEIN_MEDIATED_EVENTS",0.0709812108559499,0.129252948146476,0.245041785430996,-0.363640856106629,-1.3358742181171,53,"reactome","Itpr2; Kpna2; Prkacb; Camkk1; Camk4; Prkar1a; Calm1; Gnai3; Grk2; Itpr3; Creb1; Itpr1","thymus","MHU-2","GLDS-289","Stat_(MHU-1 & Space Flight & uG)v(MHU-1 & Ground Control & 1G on Earth)",1,"flight_positive"
"REACTOME_HATS_ACETYLATE_HISTONES",1.67040498403881e-27,1.38515120984141e-25,1.3575740855908,-0.729061088286426,-3.10799761365924,120,"reactome","H2ac13; H2ac10; H3c10; H2bc18; H2ac4; H3c7; Epc1; H3c2; H3c11; H3c8; H2ac12; H2bc4; H4c4; H3c15; H3c1; Kat7; H4c6; H2ac22; H3c4; H2bc21; H2ac19; Mcrs1; H2ac25; H2ac21; H2ac20; H4c16; Msl2; H4c1; Ep300; Kansl3; Kansl2; H3c3; H2bc8; Jade1; H4c14; H4c12; H2ac6; Taf5l; H4c2; Actl6a; H4c3; Taf9; H2bc3; H4c17; H2bc7; H4c11; Yeats4; Actb; Brd1; H2bc14; Elp4; H2bc6; Msl3; Jade2; Hcfc1; Kansl1; Dmap1; Tada1; H2ac18; H4c18; Jade3; H4c8; Brd8; Elp6; H2ac8; Taf12; Tada3; H2ac7; Kat2b; Supt7l; Ogt; Kat14; Dr1; Mrgbp; Ing3; Elp2; Rbbp7; Mbip","thymus","MHU-2","GLDS-289","Stat_(MHU-1 & Space Flight & uG)v(MHU-1 & Ground Control & 1G on Earth)",1,"flight_positive"
"REACTOME_HCMV_EARLY_EVENTS",5.83595271183537e-25,3.14557851167926e-23,1.29512308741004,-0.726733955163934,-3.05259347172295,108,"reactome","Tuba1b; H2ac13; H2ac10; H3c10; H2bc18; H2ac4; Tubb4b; H3c7; Tubb2a; H3c2; Dynll1; H3c11; H3c8; H2ac12; H2bc4; H4c4; Tubb2b; H3c15; H3c1; H4c6; H2ac22; H3c4; H2bc21; H2ac19; H2ac25; Nup188; Tuba1c; H2ac21; H2ac20; Tuba1a; H4c16; H4c1; Dync1i2; H3c3; H2bc8; H4c14; Nup62; H4c12; Ndc1; H2ac6; Nup107; H4c2; H4c3; H2bc3; H4c17; Nup205; H2bc7; H4c11; Itgb1; H2bc14; Seh1l; Nup37; H2bc6; Sec13; Nup88; Nup160; H2ac18; H4c18; H4c8; Nup50; Creb1; H2ac8; Nup155; Ezh2; Dync1h1; Eed","thymus","MHU-2","GLDS-289","Stat_(MHU-1 & Space Flight & uG)v(MHU-1 & Ground Control & 1G on Earth)",1,"flight_positive"
"REACTOME_HCMV_INFECTION",7.50585240874483e-27,5.39420593108462e-25,1.34223377296446,-0.700819348809911,-3.02711077782282,131,"reactome","Tuba1b; H2ac13; H2ac10; H3c10; H2bc18; H2ac4; Tubb4b; H3c7; Tubb2a; Hnrnpk; H3c2; Dynll1; H3c11; H3c8; H2ac12; H2bc4; H4c4; Tubb2b; H3c15; H3c1; H4c6; H2ac22; H3c4; H2bc21; H2ac19; H2ac25; Nup188; Tuba1c; H2ac21; H2ac20; Tuba1a; H4c16; H4c1; Dync1i2; H3c3; Mvb12b; H2bc8; H4c14; Nup62; H4c12; Ndc1; H2ac6; Nup107; H4c2; H4c3; Tsg101; H2bc3; H4c17; Nup205; H2bc7; H4c11; Itgb1; H2bc14; Seh1l; Nup37; H2bc6; Sec13; Nup88; Nup160; H2ac18; H4c18; H4c8; Nup50; Creb1; Mvb12a; H2ac8; Nup155; Ezh2; Vps28; Dync1h1; Eed; Ubap1; Vps4a","thymus","MHU-2","GLDS-289","Stat_(MHU-1 & Space Flight & uG)v(MHU-1 & Ground Control & 1G on Earth)",1,"flight_positive"
"REACTOME_HCMV_LATE_EVENTS",2.55574252502408e-27,1.96792174426854e-25,1.3575740855908,-0.773498244299461,-3.14721856733393,93,"reactome","H2ac13; H2ac10; H3c10; H2bc18; H2ac4; H3c7; Hnrnpk; H3c2; H3c11; H3c8; H2ac12; H2bc4; H4c4; H3c15; H3c1; H4c6; H2ac22; H3c4; H2bc21; H2ac19; H2ac25; Nup188; H2ac21; H2ac20; H4c16; H4c1; H3c3; Mvb12b; H2bc8; H4c14; Nup62; H4c12; Ndc1; H2ac6; Nup107; H4c2; H4c3; Tsg101; H2bc3; H4c17; Nup205; H2bc7; H4c11; H2bc14; Seh1l; Nup37; H2bc6; Sec13; Nup88; Nup160; H2ac18; H4c18; H4c8; Nup50; Mvb12a; H2ac8; Nup155; Vps28; Ubap1; Vps4a; Chmp7; H2ac7","thymus","MHU-2","GLDS-289","Stat_(MHU-1 & Space Flight & uG)v(MHU-1 & Ground Control & 1G on Earth)",1,"flight_positive"
"REACTOME_HDACS_DEACETYLATE_HISTONES",1.06137186005176e-17,1.90693144189299e-16,1.0864405425825,-0.725549706225961,-2.85784543136332,75,"reactome","H2ac13; H2ac10; H3c10; H2bc18; H2ac4; H3c7; H3c2; H3c11; H3c8; H2ac12; H2bc4; H4c4; H3c15; H3c1; H4c6; H2ac22; H3c4; Hdac1; H2bc21; H2ac19; H2ac25; H2ac21; H2ac20; H4c16; H4c1; H3c3; H2bc8; H4c14; H4c12; H2ac6; H4c2; H4c3; H2bc3; H4c17; H2bc7; H4c11; H2bc14; H2bc6; Sap30; H2ac18; H4c18; H4c8; H2ac8","thymus","MHU-2","GLDS-289","Stat_(MHU-1 & Space Flight & uG)v(MHU-1 & Ground Control & 1G on Earth)",1,"flight_positive"
"REACTOME_HDMS_DEMETHYLATE_HISTONES",7.62684253171069e-11,7.61271874924456e-10,0.839088935621274,-0.729156549940849,-2.57119774859764,44,"reactome","H3c10; H3c7; H3c2; H3c11; H3c8; H4c4; H3c15; H3c1; H4c6; H3c4; H4c16; H4c1; Kdm3a; H3c3; H4c14; H4c12; H4c2; H4c3; Kdm4a; H4c17; Kdm5b; Kdm4c; H4c11; Phf2; H4c18; H4c8; Kdm3b","thymus","MHU-2","GLDS-289","Stat_(MHU-1 & Space Flight & uG)v(MHU-1 & Ground Control & 1G on Earth)",1,"flight_positive"
"REACTOME_HDR_THROUGH_HOMOLOGOUS_RECOMBINATION_HRR",4.83657336833572e-09,4.04172565198908e-08,0.761460801445585,-0.611490005633177,-2.33474070174544,67,"reactome","Ubb; Pcna; Dna2; Fignl1; Rhno1; Brca2; Wrn; Uba52; Pole; Polh; Pole2; Rfc4; Rfc3; Rmi2; Bard1; Rmi1; Slx4; Rtel1; Brca1; Brip1; Xrcc2; Rfc1; Rad51c; Rad51ap1; Rad9a; Rad51; Rad17; Eme1; Pole4; Rpa2; Blm; Exo1","thymus","MHU-2","GLDS-289","Stat_(MHU-1 & Space Flight & uG)v(MHU-1 & Ground Control & 1G on Earth)",1,"flight_positive"
"REACTOME_HDR_THROUGH_SINGLE_STRAND_ANNEALING_SSA",1.07158178938861e-05,5.15698736143267e-05,0.593325476396405,-0.637516355054379,-2.17754341852698,36,"reactome","Dna2; Rhno1; Wrn; Rfc4; Rfc3; Rmi2; Bard1; Rmi1; Abl1; Brca1; Brip1; Rad9a; Rad51; Rad17; Ercc1; Rpa2; Blm; Exo1; Rad52","thymus","MHU-2","GLDS-289","Stat_(MHU-1 & Space Flight & uG)v(MHU-1 & Ground Control & 1G on Earth)",1,"flight_positive"
"REACTOME_HEDGEHOG_LIGAND_BIOGENESIS",4.63465284321104e-06,2.37912179284834e-05,0.610526878385931,-0.584696391275376,-2.12868445017116,50,"reactome","Ubb; Psmd8; Psmc1; Uba52; Sel1l; Psmb7; Psmd13; Psmb1; Psma1; Psmb5; Psmd6; Psmc3; Vcp; Psmd11; Psmb4; Adam17; Psmb3; Derl2; Psmb6; Psma7; Psmc6; Psmc4; Psmc2; Psma2","thymus","MHU-2","GLDS-289","Stat_(MHU-1 & Space Flight & uG)v(MHU-1 & Ground Control & 1G on Earth)",1,"flight_positive"
"REACTOME_HEDGEHOG_OFF_STATE",5.05898182459016e-05,0.000209753169496469,0.557332238758646,-0.458198787403825,-1.88794718638117,96,"reactome","Tuba1b; Tubb4b; Tubb2a; Ubb; Tubb2b; Psmd8; Prkacb; Tuba1c; Tuba1a; Psmc1; Ptch1; Uba52; Prkar1a; Psmb7; Psmd13; Psmb1; Itch; Psma1; Psmb5; Psmd6; Psmc3; Ift57; Rbx1; Psmd11; Psmb4; Psmb3; Csnk1a1; Psmb6; Rpgrip1l; Psma7; Psmc6; Psmc4; Smo; Psmc2; Psma2","thymus","MHU-2","GLDS-289","Stat_(MHU-1 & Space Flight & uG)v(MHU-1 & Ground Control & 1G on Earth)",1,"flight_positive"
"REACTOME_HEDGEHOG_ON_STATE",0.00787889281799036,0.018991585488361,0.380730400722792,-0.402482925302323,-1.56526596111535,72,"reactome","Ubb; Psmd8; Psmc1; Ptch1; Uba52; Psmb7; Psmd13; Psmb1; Itch; Grk2; Psma1; Psmb5; Efcab7; Spopl; Psmd6; Psmc3; Rbx1; Psmd11; Psmb4; Psmb3; Csnk1a1; Psmb6; Psma7; Psmc6; Psmc4; Smo; Psmc2; Psma2; Cul3; Psmd3; Cdon","thymus","MHU-2","GLDS-289","Stat_(MHU-1 & Space Flight & uG)v(MHU-1 & Ground Control & 1G on Earth)",1,"flight_positive"
"REACTOME_HEME_SIGNALING",0.301369863013699,0.403573555687909,0.107140237276725,0.299844990289364,1.08920404207234,48,"reactome","Chd9; Rxra; Tlr4; Mef2c; Nr1d1; Npas2; Clec1b; Carm1; Crtc1; Rora; Ppargc1a; Pgrmc2; Smarcd3; Usp46","thymus","MHU-2","GLDS-289","Stat_(MHU-1 & Space Flight & uG)v(MHU-1 & Ground Control & 1G on Earth)",1,"flight_positive"
"REACTOME_HEPARAN_SULFATE_HEPARIN_HS_GAG_METABOLISM",0.000965538100566909,0.00290740243690259,0.477270815362862,0.488286804906288,1.78470298723242,50,"reactome","Sdc3; Agrn; Gpc4; Sgsh; Sdc1; Bgn; Xylt2; Glb1l; Ext1; Hs3st3b1; Gpc1; Sdc4; Vcan; Hspg2; Naglu; Dcn; Gpc6; Hs6st2; Gpc3; Hgsnat; Hpse2; Hs3st1; Sdc2; Bcan","thymus","MHU-2","GLDS-289","Stat_(MHU-1 & Space Flight & uG)v(MHU-1 & Ground Control & 1G on Earth)",1,"flight_positive"
"REACTOME_HH_MUTANTS_ABROGATE_LIGAND_SECRETION",5.47891010576104e-06,2.75993695981794e-05,0.610526878385931,-0.612643034108085,-2.17892559639145,45,"reactome","Ubb; Psmd8; Psmc1; Uba52; Sel1l; Psmb7; Psmd13; Psmb1; Psma1; Psmb5; Psmd6; Psmc3; Vcp; Psmd11; Psmb4; Psmb3; Derl2; Psmb6; Psma7; Psmc6; Psmc4; Psmc2; Psma2","thymus","MHU-2","GLDS-289","Stat_(MHU-1 & Space Flight & uG)v(MHU-1 & Ground Control & 1G on Earth)",1,"flight_positive"
"REACTOME_HIGH_LAMINAR_FLOW_SHEAR_STRESS_ACTIVATES_SIGNALING_BY_PIEZO1_AND_PECAM1_CDH5_KDR_IN_ENDOTHELIAL_CELLS",0.717948717948718,0.773175542406312,0.0603786357920401,0.223725646561343,0.87094094305588,65,"reactome","Mmp14; Vcl; Capn2; Prkar2a; Adcy2; Cdh5; Ramp2; Adcy7; Fyn; Capns2; Prkar1b; Gnaq; Prr5; Gng4","thymus","MHU-2","GLDS-289","Stat_(MHU-1 & Space Flight & uG)v(MHU-1 & Ground Control & 1G on Earth)",1,"flight_positive"
"REACTOME_HIV_ELONGATION_ARREST_AND_RECOVERY",0.00272638836017143,0.00738453932729849,0.431707695803346,-0.543675160225562,-1.79825832662963,32,"reactome","Eloa; Polr2c; Nelfa; Ctdp1; Gtf2f2; Nelfcd; Polr2a; Ccnt1; Supt4a; Eloc; Polr2d; Polr2b; Supt5; Polr2f; Nelfb; Ccnt2","thymus","MHU-2","GLDS-289","Stat_(MHU-1 & Space Flight & uG)v(MHU-1 & Ground Control & 1G on Earth)",1,"flight_positive"
"REACTOME_HIV_INFECTION",1.12344255012009e-21,3.27316505143097e-20,1.20397524075264,-0.58300958723011,-2.70947342391938,208,"reactome","Cd8b1; Ap2b1; Ubb; Eloa; Lig4; Cxcr4; Rcc1; Psmd8; Lck; Gtf2h4; Cd4; Banf1; Nup188; Gtf2b; Fen1; Gtf2e2; Polr2c; Psmc1; Mvb12b; Uba52; Nup62; Ndc1; Nup107; Ncbp1; Xrcc4; Tsg101; Psmb7; Taf9; Ran; Nup205; Rnmt; Psmd13; Psmb1; Ap1m1; Tbp; Dock2; Arf1; Seh1l; Rangap1; Nup37; Psma1; Xpo1; Elmo1; Psmb5; Sec13; Slc25a5; Nup88; Nelfa; Taf6; Nup160; Ap2s1; Psmd6; Kpnb1; Psmc3; Cd247; Nup50; Mvb12a; Ctdp1; Gtf2f2; Taf7; Ccnh; Nup155; Nelfcd; Rbx1; Ap2m1; Taf12; Ap1g1; Vps28; Ubap1; Vps4a; Psmd11; Rngtt; Lig1; Polr2a; Psmb4; Chmp7; Psmb3; Ccnt1; Rae1; Chmp5; Xrcc6; Supt4a; Eloc; Taf2; Nup54; Psmb6; Polr2d; Psma7; Kpna1; Nedd4l; Ercc3; Psmc6; Psmc4; Nup43; Psmc2; Psma2; Rac1; Cdk7; Nmt2","thymus","MHU-2","GLDS-289","Stat_(MHU-1 & Space Flight & uG)v(MHU-1 & Ground Control & 1G on Earth)",1,"flight_positive"
"REACTOME_HIV_LIFE_CYCLE",3.23268557234276e-16,5.05048557534131e-15,1.03769615548758,-0.596834452704783,-2.6048489161769,141,"reactome","Ubb; Eloa; Lig4; Cxcr4; Rcc1; Gtf2h4; Cd4; Banf1; Nup188; Gtf2b; Fen1; Gtf2e2; Polr2c; Mvb12b; Uba52; Nup62; Ndc1; Nup107; Ncbp1; Xrcc4; Tsg101; Taf9; Ran; Nup205; Rnmt; Tbp; Seh1l; Rangap1; Nup37; Xpo1; Sec13; Nup88; Nelfa; Taf6; Nup160; Nup50; Mvb12a; Ctdp1; Gtf2f2; Taf7; Ccnh; Nup155; Nelfcd; Taf12; Vps28; Ubap1; Vps4a; Rngtt; Lig1; Polr2a; Chmp7; Ccnt1; Rae1; Chmp5; Xrcc6; Supt4a; Eloc; Taf2; Nup54; Polr2d; Kpna1; Nedd4l; Ercc3; Nup43; Cdk7; Nmt2; Gtf2h1; Polr2b; Nmt1","thymus","MHU-2","GLDS-289","Stat_(MHU-1 & Space Flight & uG)v(MHU-1 & Ground Control & 1G on Earth)",1,"flight_positive"
"REACTOME_HIV_TRANSCRIPTION_ELONGATION",5.34225830828754e-05,0.000218142214255074,0.557332238758646,-0.579667493288231,-2.024842394,42,"reactome","Eloa; Gtf2h4; Polr2c; Ncbp1; Nelfa; Ctdp1; Gtf2f2; Ccnh; Nelfcd; Polr2a; Ccnt1; Supt4a; Eloc; Polr2d; Ercc3; Cdk7; Gtf2h1; Polr2b; Supt5; Gtf2h3; Polr2f","thymus","MHU-2","GLDS-289","Stat_(MHU-1 & Space Flight & uG)v(MHU-1 & Ground Control & 1G on Earth)",1,"flight_positive"
"REACTOME_HIV_TRANSCRIPTION_INITIATION",0.000875766681538044,0.00265937037379721,0.477270815362862,-0.515165446487098,-1.83223690670272,45,"reactome","Gtf2h4; Gtf2b; Gtf2e2; Polr2c; Taf9; Tbp; Taf6; Gtf2f2; Taf7; Ccnh; Taf12; Polr2a; Taf2; Polr2d; Ercc3; Cdk7; Gtf2h1; Polr2b","thymus","MHU-2","GLDS-289","Stat_(MHU-1 & Space Flight & uG)v(MHU-1 & Ground Control & 1G on Earth)",1,"flight_positive"
"REACTOME_HOMOLOGOUS_DNA_PAIRING_AND_STRAND_EXCHANGE",1.52318598209938e-06,8.46388911702643e-06,0.643551836150722,-0.636056716193328,-2.22181615986578,42,"reactome","Dna2; Rhno1; Brca2; Wrn; Rfc4; Rfc3; Rmi2; Bard1; Rmi1; Brca1; Brip1; Xrcc2; Rad51c; Rad51ap1; Rad9a; Rad51; Rad17; Rpa2; Blm; Exo1","thymus","MHU-2","GLDS-289","Stat_(MHU-1 & Space Flight & uG)v(MHU-1 & Ground Control & 1G on Earth)",1,"flight_positive"
"REACTOME_HOMOLOGY_DIRECTED_REPAIR",3.72100742294359e-21,1.05559105314031e-19,1.18665095279281,-0.665517701452414,-2.85673260267995,124,"reactome","H2bc18; Rnf4; Ubb; Ccna2; Nsd2; H2bc4; Pcna; H4c4; H4c6; Dna2; H2bc21; Ube2i; Fignl1; Cdk2; Rhno1; H4c16; Brca2; Fen1; H4c1; Wrn; Uba52; H2bc8; H4c14; H4c12; Pole; H4c2; H4c3; Polh; Pole2; H2ax; H2bc3; H4c17; Rfc4; H2bc7; Lig3; H4c11; Rfc3; Rmi2; Bard1; Rmi1; Slx4; Abl1; H2bc14; Rtel1; H2bc6; Brca1; Brip1; Xrcc2; Ppp4c; Rfc1; H4c18; H4c8; Rad51c; Rad51ap1; Rad9a; Rad51; Rad17; Ercc1; Eme1; Polq; Pole4; Rpa2","thymus","MHU-2","GLDS-289","Stat_(MHU-1 & Space Flight & uG)v(MHU-1 & Ground Control & 1G on Earth)",1,"flight_positive"
"REACTOME_HOST_INTERACTIONS_OF_HIV_FACTORS",6.59082168738196e-15,9.10885356281763e-14,0.996986217533181,-0.607837408615054,-2.57960706075586,113,"reactome","Cd8b1; Ap2b1; Ubb; Rcc1; Psmd8; Lck; Cd4; Banf1; Nup188; Psmc1; Uba52; Nup62; Ndc1; Nup107; Psmb7; Ran; Nup205; Psmd13; Psmb1; Ap1m1; Dock2; Arf1; Seh1l; Rangap1; Nup37; Psma1; Xpo1; Elmo1; Psmb5; Sec13; Slc25a5; Nup88; Nup160; Ap2s1; Psmd6; Kpnb1; Psmc3; Cd247; Nup50; Nup155; Rbx1; Ap2m1; Ap1g1; Psmd11; Psmb4; Psmb3; Ccnt1; Rae1; Eloc; Nup54; Psmb6; Psma7; Kpna1; Psmc6; Psmc4; Nup43; Psmc2; Psma2; Rac1","thymus","MHU-2","GLDS-289","Stat_(MHU-1 & Space Flight & uG)v(MHU-1 & Ground Control & 1G on Earth)",1,"flight_positive"
"REACTOME_HSF1_ACTIVATION",0.331975560081466,0.431168257551591,0.103576326612592,-0.349323270222061,-1.10001785207857,27,"reactome","Ubb; Dnajb1; Eef1a1; Ywhae; Vcp; Rpa2; Fkbp4; Hsbp1","thymus","MHU-2","GLDS-289","Stat_(MHU-1 & Space Flight & uG)v(MHU-1 & Ground Control & 1G on Earth)",1,"flight_positive"
"REACTOME_HSF1_DEPENDENT_TRANSACTIVATION",0.395582329317269,0.491854384087677,0.0922597260527354,-0.305598857479323,-1.0263758230921,34,"reactome","Ubb; Ep300; Dnajb1; Hspa8; Hspa2; Fkbp4; Hsbp1; Mlst8; Camk2g; Mtor; Rptor; Hspa1a; Camk2a; Hsph1; Rln1","thymus","MHU-2","GLDS-289","Stat_(MHU-1 & Space Flight & uG)v(MHU-1 & Ground Control & 1G on Earth)",1,"flight_positive"
"REACTOME_HSP90_CHAPERONE_CYCLE_FOR_STEROID_HORMONE_RECEPTORS_SHR_IN_THE_PRESENCE_OF_LIGAND",0.00194257983118178,0.00539716767529372,0.45505986738723,-0.483235589975985,-1.74414326986238,47,"reactome","Tuba1b; Tubb4b; Tubb2a; Dynll1; Tubb2b; Actr10; Tuba1c; Tuba1a; Actr1a; Dync1i2; Dnajb1; Capza1","thymus","MHU-2","GLDS-289","Stat_(MHU-1 & Space Flight & uG)v(MHU-1 & Ground Control & 1G on Earth)",1,"flight_positive"
"REACTOME_HS_GAG_BIOSYNTHESIS",0.00659282900311228,0.0161892247502393,0.407017918923954,0.551278111450059,1.75441848364456,26,"reactome","Sdc3; Agrn; Gpc4; Sdc1; Ext1; Hs3st3b1; Gpc1; Sdc4; Hspg2; Gpc6; Hs6st2; Gpc3; Hs3st1; Sdc2; Slc35d2; Gpc5","thymus","MHU-2","GLDS-289","Stat_(MHU-1 & Space Flight & uG)v(MHU-1 & Ground Control & 1G on Earth)",1,"flight_positive"
"REACTOME_HS_GAG_DEGRADATION",0.000403823587611711,0.00136038071076695,0.49849310876659,0.613584455912362,1.88961579734965,23,"reactome","Sdc3; Agrn; Gpc4; Sgsh; Sdc1; Glb1l; Gpc1; Sdc4; Hspg2; Naglu; Gpc6; Gpc3; Hgsnat; Hpse2; Sdc2","thymus","MHU-2","GLDS-289","Stat_(MHU-1 & Space Flight & uG)v(MHU-1 & Ground Control & 1G on Earth)",1,"flight_positive"
"REACTOME_HYALURONAN_METABOLISM",0.625,0.693872296601442,0.0665892104103933,0.313346507021584,0.888994914941925,17,"reactome","Cd44; Hexb; Slc9a1; Hexa","thymus","MHU-2","GLDS-289","Stat_(MHU-1 & Space Flight & uG)v(MHU-1 & Ground Control & 1G on Earth)",1,"flight_positive"
"REACTOME_IKK_COMPLEX_RECRUITMENT_MEDIATED_BY_RIP1",0.3687374749499,0.464911108767242,0.096240602328129,-0.34942586463502,-1.07386584827088,23,"reactome","Ubb; Traf6; Uba52; Ube2d3; Ikbkg","thymus","MHU-2","GLDS-289","Stat_(MHU-1 & Space Flight & uG)v(MHU-1 & Ground Control & 1G on Earth)",1,"flight_positive"
"REACTOME_IL_6_TYPE_CYTOKINE_RECEPTOR_LIGAND_INTERACTIONS",0.0117954893045128,0.0271699518595402,0.380730400722792,0.614468403707796,1.690199835712,15,"reactome","Lifr; Osmr; Clcf1; Jak2; Tyk2; Osm","thymus","MHU-2","GLDS-289","Stat_(MHU-1 & Space Flight & uG)v(MHU-1 & Ground Control & 1G on Earth)",1,"flight_positive"
"REACTOME_IMMUNOREGULATORY_INTERACTIONS_BETWEEN_A_LYMPHOID_AND_A_NON_LYMPHOID_CELL",5.27465415966866e-05,0.000217025846722245,0.557332238758646,0.416967810205723,1.80652701608778,126,"reactome","B2m; Itgb7; H2-D1; Slamf7; C3; Siglec1; Vcam1; Cdh1; H2-T23; Icam1; Cd200; H2-M3; Cd226; Cd19; Cd33; Igkv1-117; Tyrobp; Igkv1-135; Siglecg; Col2a1; Igkv1-88; Cd300lg; H2-M2; Cd160; Igkv8-27; Pilra; Sftpd; Itga4; Cd40; Igkv14-111; Fcgr1; Cd300ld; Igkv8-30; Cd22; H2-Q10; Klrk1; Treml2; Cd300lf; Igkv14-100; Crtam; Fcgr2b; Klrd1; Pilrb2; Jaml; Mill2; Cd200r1; Icam5; Klrc1","thymus","MHU-2","GLDS-289","Stat_(MHU-1 & Space Flight & uG)v(MHU-1 & Ground Control & 1G on Earth)",1,"flight_positive"
"REACTOME_INACTIVATION_OF_CSF3_G_CSF_SIGNALING",0.298174442190669,0.400777876283353,0.110122263835536,-0.366370966998896,-1.12607698087399,24,"reactome","Socs1; Ubb; Uba52; Stat5b; Rnf7; Ube2d3; Eloc","thymus","MHU-2","GLDS-289","Stat_(MHU-1 & Space Flight & uG)v(MHU-1 & Ground Control & 1G on Earth)",1,"flight_positive"
"REACTOME_INCRETIN_SYNTHESIS_SECRETION_AND_INACTIVATION",0.647177419354839,0.71335097961607,0.066436413766281,0.300980572824864,0.891189149833062,21,"reactome","Tcf7l2; Isl1; Grp; Dpp4; Ffar1","thymus","MHU-2","GLDS-289","Stat_(MHU-1 & Space Flight & uG)v(MHU-1 & Ground Control & 1G on Earth)",1,"flight_positive"
"REACTOME_INFECTION_WITH_MYCOBACTERIUM_TUBERCULOSIS",0.437881873727088,0.527577450482478,0.0873098257637931,-0.321366808767334,-1.01198304505985,27,"reactome","Ubb; Coro1a; Uba52; Eno1; Pgk1; Kpnb1","thymus","MHU-2","GLDS-289","Stat_(MHU-1 & Space Flight & uG)v(MHU-1 & Ground Control & 1G on Earth)",1,"flight_positive"
"REACTOME_INFLAMMASOMES",0.141129032258065,0.225388291517324,0.166933848713193,0.430577882345395,1.27492061465242,21,"reactome","Bcl2; App; Casp1; P2rx7; Nfkb1; Nlrc4; Nfkb2; Nlrp3; Mefv; Rela; Hsp90ab1","thymus","MHU-2","GLDS-289","Stat_(MHU-1 & Space Flight & uG)v(MHU-1 & Ground Control & 1G on Earth)",1,"flight_positive"
"REACTOME_INFLUENZA_INFECTION",3.45450421393154e-11,3.65093680648844e-10,0.851339057116899,-0.533427812000764,-2.3309211991737,140,"reactome","Kpna2; Rplp0; Rps5; Rpl7; Nup188; Rpl35; Dnajc3; Polr2c; Uba52; Rpl28; Nup62; Ndc1; Rps4x; Nup107; Rps3a1; Rpl26; Ran; Rpl7a; Nup205; Rpl18a; Rpl17; Seh1l; Nup37; Rpl13a; Xpo1; Rps16; Rps7; Sec13; Nup88; Rpl10; Cpsf4; Rps11; Nup160; Kpnb1; Rpl4; Rpl6; Nup50; Cltc; Gtf2f2; Nup155; Rpl19; Rps15a; Rps3; Rpl15; Rpl29; Rps10; Polr2a; Ipo5; Rpsa; Rae1; Nup54; Fau; Polr2d; Kpna1; Rpl32; Nup43; Rpl18; Rpl21; Rps24","thymus","MHU-2","GLDS-289","Stat_(MHU-1 & Space Flight & uG)v(MHU-1 & Ground Control & 1G on Earth)",1,"flight_positive"
"REACTOME_INHIBITION_OF_DNA_RECOMBINATION_AT_TELOMERE",1.86995392123026e-14,2.48865472479781e-13,0.97599468306432,-0.747535957661179,-2.76484087694858,54,"reactome","H2ac13; H3f3a; H2ac10; H2bc18; H2ac4; H2bc4; H4c4; H4c6; H2bc21; H2ac19; H2ac20; H4c16; H4c1; Polr2c; H2bc8; H4c14; H4c12; H4c2; H4c3; H2ax; H2bc3; H4c17; H2bc7; H4c11; H2bc14; Pot1a; H2bc6; H2ac18; H4c18; H4c8; H3f3b; Polr2a; H2ac7","thymus","MHU-2","GLDS-289","Stat_(MHU-1 & Space Flight & uG)v(MHU-1 & Ground Control & 1G on Earth)",1,"flight_positive"
"REACTOME_INHIBITION_OF_THE_PROTEOLYTIC_ACTIVITY_OF_APC_C_REQUIRED_FOR_THE_ONSET_OF_ANAPHASE_BY_MITOTIC_SPINDLE_CHECKPOINT_COMPONENTS",7.16158696261156e-05,0.000282790869805687,0.538434096309916,-0.697347772964325,-2.10466363343724,21,"reactome","Anapc5; Bub3; Cdc20; Bub1b; Anapc1; Mad2l1; Anapc7; Cdc27","thymus","MHU-2","GLDS-289","Stat_(MHU-1 & Space Flight & uG)v(MHU-1 & Ground Control & 1G on Earth)",1,"flight_positive"
"REACTOME_INITIAL_TRIGGERING_OF_COMPLEMENT",9.64236821772436e-05,0.000369910068993127,0.538434096309916,0.537684018926541,1.9359363934479,47,"reactome","C1qa; C3; Ighg2b; C1qc; Cfp; Igkv1-117; C1qb; Igkv1-135; Igkv1-88; Igkv8-27; Cfb; Ighg2c; Igkv14-111; C1s1; Igkv8-30; Igkv14-100; Crp; Ighg3; Igkv8-28; C4b; Fcnb; Ighv5-9; Igkv17-127","thymus","MHU-2","GLDS-289","Stat_(MHU-1 & Space Flight & uG)v(MHU-1 & Ground Control & 1G on Earth)",1,"flight_positive"
"REACTOME_INITIATION_OF_NUCLEAR_ENVELOPE_NE_REFORMATION",0.000204383500132193,0.000729554348153987,0.518848077743792,-0.691530995583349,-2.02025274332326,19,"reactome","Ccnb1; Lbr; Cdk1; Tmpo; Ccnb2; Banf1; Ppp2ca; Kpnb1; Lmnb1; Vrk2; Vrk1","thymus","MHU-2","GLDS-289","Stat_(MHU-1 & Space Flight & uG)v(MHU-1 & Ground Control & 1G on Earth)",1,"flight_positive"
"REACTOME_INLB_MEDIATED_ENTRY_OF_LISTERIA_MONOCYTOGENES_INTO_HOST_CELL",0.00866417806643749,0.0205690750688812,0.380730400722792,-0.621842340538687,-1.69739570538039,15,"reactome","Cbl; Ubb; Uba52; Sh3kbp1; Stam2; Stam; Sh3gl3","thymus","MHU-2","GLDS-289","Stat_(MHU-1 & Space Flight & uG)v(MHU-1 & Ground Control & 1G on Earth)",1,"flight_positive"
"REACTOME_INOSITOL_PHOSPHATE_METABOLISM",0.272549019607843,0.375713354395467,0.11378726182188,0.308142491974791,1.11018738281476,46,"reactome","Pld4; Plcg2; Plcb1; Plcb4; Ocrl; Inppl1; Plce1; Inpp5j; Synj1; Inpp1; Inpp4b","thymus","MHU-2","GLDS-289","Stat_(MHU-1 & Space Flight & uG)v(MHU-1 & Ground Control & 1G on Earth)",1,"flight_positive"
"REACTOME_INSERTION_OF_TAIL_ANCHORED_PROTEINS_INTO_THE_ENDOPLASMIC_RETICULUM_MEMBRANE",0.834677419354839,0.870195607412491,0.0543434390269162,0.259926993056698,0.769631454238918,21,"reactome","App; Prnp; Vamp2; Otof; Sec61b; Bag6","thymus","MHU-2","GLDS-289","Stat_(MHU-1 & Space Flight & uG)v(MHU-1 & Ground Control & 1G on Earth)",1,"flight_positive"
"REACTOME_INSULIN_PROCESSING",0.944664031620553,0.959800024587141,0.0477342401407188,-0.204499128500183,-0.624189761674318,22,"reactome","Exoc4; Exoc3; Exoc8; Pcsk1; Exoc5; Slc30a5; Kif5a; Exoc2; Kif5b","thymus","MHU-2","GLDS-289","Stat_(MHU-1 & Space Flight & uG)v(MHU-1 & Ground Control & 1G on Earth)",1,"flight_positive"
"REACTOME_INSULIN_RECEPTOR_RECYCLING",0.896130346232179,0.91827805440902,0.051530912208539,-0.224621218894708,-0.707331494356948,27,"reactome","Atp6v0a2; Atp6v1d; Atp6v1a; Atp6v1c1; Insr; Atp6v1f; Tcirg1; Atp6v1b2; Atp6v1h; Ide; Atp6v0e; Ptprf; Ctsd","thymus","MHU-2","GLDS-289","Stat_(MHU-1 & Space Flight & uG)v(MHU-1 & Ground Control & 1G on Earth)",1,"flight_positive"
"REACTOME_INSULIN_RECEPTOR_SIGNALLING_CASCADE",0.203883495145631,0.302319680559822,0.133554954557592,0.322928403328236,1.16369569934525,45,"reactome","Flt3; Grb2; Irs2; Gab2; Flt3l; Fgf7; Fgfr2; Fgf1; Tlr9; Fgfr1; Pik3r1; Gab1; Grb10; Kl; Pik3cb; Pik3r2; Irs1; Fgf9; Trib3; Pde3b; Shc1","thymus","MHU-2","GLDS-289","Stat_(MHU-1 & Space Flight & uG)v(MHU-1 & Ground Control & 1G on Earth)",1,"flight_positive"
"REACTOME_INTEGRATION_OF_ENERGY_METABOLISM",0.110647181628392,0.185040697093778,0.193813302725311,-0.295142144933389,-1.22158740801466,99,"reactome","Itpr2; Cacna1e; Ppp2r5d; Acly; Rapgef3; Prkacb; Prkar1a; Taldo1; Iqgap1; Ppp2ca; Mlx; Itpr3; Acaca; Itpr1; Gnb1; Gng10; Fasn; Ppp2r1b; Marcks; Adipor2","thymus","MHU-2","GLDS-289","Stat_(MHU-1 & Space Flight & uG)v(MHU-1 & Ground Control & 1G on Earth)",1,"flight_positive"
"REACTOME_INTEGRIN_CELL_SURFACE_INTERACTIONS",1.34263369642848e-06,7.53832877473905e-06,0.643551836150722,0.526098570628833,2.11199025539209,83,"reactome","Itgb7; Col4a1; Cd44; Fn1; Vcam1; Cdh1; Col6a2; Icam1; Col6a1; Agrn; Col4a2; Itga3; Itgb3; Itgae; Col6a3; Itga9; Itgb5; Col2a1; Itgax; Col5a2; Col6a5; F11r; Col4a5; Itga4; Itga1; Col18a1; Vwf; Itgb8; Hspg2; Itgad; Col4a4; Lum; Thbs1; Icam5","thymus","MHU-2","GLDS-289","Stat_(MHU-1 & Space Flight & uG)v(MHU-1 & Ground Control & 1G on Earth)",1,"flight_positive"
"REACTOME_INTEGRIN_SIGNALING",0.252446183953033,0.354807022557197,0.118815039412263,0.362002911626079,1.16690925730341,27,"reactome","Fn1; Src; Grb2; Rapgef4; Itgb3; Bcar1; Vwf","thymus","MHU-2","GLDS-289","Stat_(MHU-1 & Space Flight & uG)v(MHU-1 & Ground Control & 1G on Earth)",1,"flight_positive"
"REACTOME_INTERACTIONS_OF_REV_WITH_HOST_CELLULAR_PROTEINS",8.81382612241112e-07,5.05388540423361e-06,0.659444398037935,-0.689553612681828,-2.31591558496037,34,"reactome","Rcc1; Nup188; Nup62; Ndc1; Nup107; Ran; Nup205; Seh1l; Rangap1; Nup37; Xpo1; Sec13; Nup88; Nup160; Kpnb1; Nup50; Nup155; Rae1; Nup54; Nup43","thymus","MHU-2","GLDS-289","Stat_(MHU-1 & Space Flight & uG)v(MHU-1 & Ground Control & 1G on Earth)",1,"flight_positive"
"REACTOME_INTERACTIONS_OF_VPR_WITH_HOST_CELLULAR_PROTEINS",2.59178323252939e-06,1.36957957091504e-05,0.627256739718528,-0.680879347557007,-2.27408478510404,33,"reactome","Banf1; Nup188; Nup62; Ndc1; Nup107; Nup205; Seh1l; Nup37; Sec13; Slc25a5; Nup88; Nup160; Nup50; Nup155; Rae1; Nup54; Kpna1; Nup43","thymus","MHU-2","GLDS-289","Stat_(MHU-1 & Space Flight & uG)v(MHU-1 & Ground Control & 1G on Earth)",1,"flight_positive"
"REACTOME_INTERACTION_BETWEEN_L1_AND_ANKYRINS",0.191119691119691,0.286945720093352,0.138022242496643,0.359944839280178,1.20821750574504,31,"reactome","Ank3; Kcnq3; L1cam; Scn1a; Sptb; Ank2; Scn7a; Scn9a; Scn8a; Nrcam; Scn1b; Sptbn1; Scn11a; Sptbn4; Nfasc; Sptbn5","thymus","MHU-2","GLDS-289","Stat_(MHU-1 & Space Flight & uG)v(MHU-1 & Ground Control & 1G on Earth)",1,"flight_positive"
"REACTOME_INTERCONVERSION_OF_NUCLEOTIDE_DI_AND_TRIPHOSPHATES",0.0385109719147625,0.0764545630278342,0.321775918075361,-0.48478296154052,-1.51914356737322,26,"reactome","Rrm2; Rrm1; Tyms; Nme1; Ak1; Dctpp1; Dtymk; Ctps2; Txnrd1; Dut","thymus","MHU-2","GLDS-289","Stat_(MHU-1 & Space Flight & uG)v(MHU-1 & Ground Control & 1G on Earth)",1,"flight_positive"
"REACTOME_INTERFERON_ALPHA_BETA_SIGNALING",3.00526038181879e-07,1.96343678278828e-06,0.674962860011025,0.574116725657465,2.22780364942857,63,"reactome","H2-D1; Ifitm3; Samhd1; Ifi27; Irf7; H2-T23; Eif2ak2; H2-M3; Bst2; Ifi35; Irf5; Oas1a; Oasl1; Irf1; Oas3; Adar; Irf9; Ifit1bl1; Egr1; Ifitm2; Isg20; Isg15; H2-M2; Ubc; Irf8; Stat1; Ifit3; Socs3; Oas2; Irf4; H2-Q10; Tyk2; Xaf1; Usp18","thymus","MHU-2","GLDS-289","Stat_(MHU-1 & Space Flight & uG)v(MHU-1 & Ground Control & 1G on Earth)",1,"flight_positive"
"REACTOME_INTERFERON_GAMMA_SIGNALING",8.21166417267084e-08,5.98119863387782e-07,0.704975715167238,0.537874213551783,2.19489585908128,88,"reactome","B2m; Gbp9; H2-D1; Cd44; H2-Aa; Ifi30; Vcam1; Irf7; Trim34a; H2-T23; Icam1; Gbp7; H2-Ab1; H2-M3; Irf5; Gbp5; Oas1a; Oasl1; Trim26; H2-Eb1; Irf1; Trim29; Smad7; Ciita; Oas3; Irf9; Mt2; Trim45; H2-M2; Irf8; Stat1; Pml; Fcgr1; Socs3; Oas2; Jak2; Irf4; H2-Q10","thymus","MHU-2","GLDS-289","Stat_(MHU-1 & Space Flight & uG)v(MHU-1 & Ground Control & 1G on Earth)",1,"flight_positive"
"REACTOME_INTERFERON_SIGNALING",0.00926497594805013,0.0217595731416079,0.380730400722792,0.29497737416068,1.36051621353549,238,"reactome","B2m; Gbp9; H2-D1; Hspa5; Cd44; H2-Aa; Ifitm3; Ifi30; Samhd1; Ifi27; Vcam1; Eif4g3; Irf7; Trim34a; H2-T23; Icam1; Eif2ak2; Gbp7; H2-Ab1; Flnb; H2-M3; Bst2; Ifi44; Ifi35; Irf5; Gbp5; Oas1a; Oasl1; Trim26; H2-Eb1; Irf1; Trim29; Smad7; Ciita; Oas3; Adar; Irf9; Ifit1bl1; Uba7; Egr1; Mt2; Ifitm2; Trim45; Isg20; Isg15; H2-M2; Ubc; Irf8; Ifih1; Stat1; Pml; Ifit3; Fcgr1; Socs3; Oas2; Jak2; Irf4; H2-Q10","thymus","MHU-2","GLDS-289","Stat_(MHU-1 & Space Flight & uG)v(MHU-1 & Ground Control & 1G on Earth)",1,"flight_positive"
"REACTOME_INTERLEUKIN_10_SIGNALING",3.42076280139766e-07,2.17952135343568e-06,0.674962860011025,0.634507788437068,2.27082910538044,43,"reactome","Ccl5; Csf1; Icam1; Il10ra; Ccl22; Il1rn; Cd80; Il1r1; Ccl19; Csf2; Il1a; Timp1; Ptgs2; Tyk2; Cxcl3; Cxcl2; Fcer2a; Cd86; Il10; Ptafr; Cxcl1; Ccl4; Il12b; Ccl3; Tnfrsf1b; Il10rb; Il1b; Il6","thymus","MHU-2","GLDS-289","Stat_(MHU-1 & Space Flight & uG)v(MHU-1 & Ground Control & 1G on Earth)",1,"flight_positive"
"REACTOME_INTERLEUKIN_12_FAMILY_SIGNALING",0.298538622129436,0.400777876283353,0.111918316325105,-0.296927353226584,-1.09079491252994,53,"reactome","Anxa2; Cfl1; Rplp0; Capza1; Taldo1; Arf1; Cdc42; Tcp1; Hnrnpf; Lmnb1","thymus","MHU-2","GLDS-289","Stat_(MHU-1 & Space Flight & uG)v(MHU-1 & Ground Control & 1G on Earth)",1,"flight_positive"
"REACTOME_INTERLEUKIN_12_SIGNALING",0.11088295687885,0.185040697093778,0.191892240384838,-0.362214015351499,-1.27726187312976,44,"reactome","Anxa2; Cfl1; Rplp0; Capza1; Taldo1; Arf1; Cdc42; Tcp1; Hnrnpf; Lmnb1","thymus","MHU-2","GLDS-289","Stat_(MHU-1 & Space Flight & uG)v(MHU-1 & Ground Control & 1G on Earth)",1,"flight_positive"
"REACTOME_INTERLEUKIN_17_SIGNALING",0.21881390593047,0.318328462338795,0.132147260608774,-0.29917829829516,-1.14358538703526,68,"reactome","Ppp2r5d; Ubb; Traf6; Il17ra; Uba52; Atf1; Ppp2ca; Tab1; Mapk9; Creb1; Mef2a; Fbxw11; Ikbkg; Ppp2r1b; Il17re; Map3k7","thymus","MHU-2","GLDS-289","Stat_(MHU-1 & Space Flight & uG)v(MHU-1 & Ground Control & 1G on Earth)",1,"flight_positive"
"REACTOME_INTERLEUKIN_1_FAMILY_SIGNALING",0.125256673511294,0.20552008226054,0.179782316298324,-0.27401380097094,-1.1854039280686,133,"reactome","Ptpn7; Ubb; Traf6; Psmd8; Tollip; Hmgb1; Psmc1; Uba52; Psmb7; Psmd13; Psmb1; Traf2; Ptpn11; Tab1; Psma1; Psmb5; Psmd6; Psmc3; Fbxw11; Smad3; Rbx1; Psmd11; Ikbkg; Usp14; Psmb4; Psmb3; Map3k7; Psmb6; Psma7; Psmc6; Psmc4; Psmc2; Psma2; Ripk2; Tbk1; Map2k6; Psmd3; Tab2; Nfkbia","thymus","MHU-2","GLDS-289","Stat_(MHU-1 & Space Flight & uG)v(MHU-1 & Ground Control & 1G on Earth)",1,"flight_positive"
"REACTOME_INTERLEUKIN_1_SIGNALING",0.0377453439155537,0.0750728426955108,0.321775918075361,-0.332523362359067,-1.37519855423414,100,"reactome","Ubb; Traf6; Psmd8; Tollip; Hmgb1; Psmc1; Uba52; Psmb7; Psmd13; Psmb1; Traf2; Tab1; Psma1; Psmb5; Psmd6; Psmc3; Fbxw11; Rbx1; Psmd11; Ikbkg; Usp14; Psmb4; Psmb3; Map3k7; Psmb6; Psma7; Psmc6; Psmc4; Psmc2; Psma2; Ripk2; Map2k6; Psmd3; Tab2; Nfkbia","thymus","MHU-2","GLDS-289","Stat_(MHU-1 & Space Flight & uG)v(MHU-1 & Ground Control & 1G on Earth)",1,"flight_positive"
"REACTOME_INTERLEUKIN_20_FAMILY_SIGNALING",0.25390625,0.356017916486057,0.118287526124085,0.410691896941521,1.16517337773839,17,"reactome","Jak3; Stat1; Socs3; Jak2; Tyk2; Stat4; Il20rb; Il10rb; Ifnlr1","thymus","MHU-2","GLDS-289","Stat_(MHU-1 & Space Flight & uG)v(MHU-1 & Ground Control & 1G on Earth)",1,"flight_positive"
"REACTOME_INTERLEUKIN_2_FAMILY_SIGNALING",0.00132581179844363,0.00384200300731784,0.45505986738723,0.506379452454025,1.8095537605113,41,"reactome","Il2ra; Il15ra; Csf2rb2; Il2rb; Jak3; Grb2; Gab2; Inppl1; Csf2; Stat1; Ptk2b; Jak2; Havcr2; Stat4; Il2rg; Pik3r1; Il15; Pik3cb; Pik3r2; Il9r; Il5; Il21; Syk","thymus","MHU-2","GLDS-289","Stat_(MHU-1 & Space Flight & uG)v(MHU-1 & Ground Control & 1G on Earth)",1,"flight_positive"
"REACTOME_INTERLEUKIN_37_SIGNALING",0.563745019920319,0.639702243656951,0.0727141077934447,0.318061236947599,0.929644223024992,19,"reactome","Ptpn13; Casp1; Il18bp; Il18r1; Ptpn9; Ptpn5","thymus","MHU-2","GLDS-289","Stat_(MHU-1 & Space Flight & uG)v(MHU-1 & Ground Control & 1G on Earth)",1,"flight_positive"
"REACTOME_INTERLEUKIN_3_INTERLEUKIN_5_AND_GM_CSF_SIGNALING",0.0784313725490196,0.1390608875129,0.224966093540314,0.367284878641051,1.32326780234939,46,"reactome","Il2ra; Csf2rb2; Il2rb; Jak3; Grb2; Blnk; Gab2; Lyn; Yes1; Inppl1; Hck; Ubc; Csf2; Fyn; Jak2; Tec; Il2rg","thymus","MHU-2","GLDS-289","Stat_(MHU-1 & Space Flight & uG)v(MHU-1 & Ground Control & 1G on Earth)",1,"flight_positive"
"REACTOME_INTERLEUKIN_4_AND_INTERLEUKIN_13_SIGNALING",4.31904119750635e-05,0.000181872125426244,0.557332238758646,0.437269985438482,1.84193140074098,107,"reactome","Anxa1; Bcl2; Ccl11; Ighg2b; Nos2; Fn1; Vcam1; Fscn1; S1pr1; Myc; Icam1; Ighe; Jak3; Il6ra; Oprd1; Ccl22; Itgax; Rhou; Mmp2; Il13ra1; Stat1; Ighg2c; Muc1; Il1a; Cdkn1a; Socs3; Jak2; Alox15; Irf4; Timp1; Ptgs2; Tyk2; Lama5; Osm; Saa2; Rora; Il2rg; Fcer2a; Fasl; Hsp90b1; Pik3r1; Il10; Ighg3; Fos; Ccnd1; Cd36; Il12b; Alox5; Foxo1; Mmp9; Tnfrsf1b","thymus","MHU-2","GLDS-289","Stat_(MHU-1 & Space Flight & uG)v(MHU-1 & Ground Control & 1G on Earth)",1,"flight_positive"
"REACTOME_INTERLEUKIN_6_FAMILY_SIGNALING",0.0504032258064516,0.0980740699269378,0.287857117255149,0.475446843661139,1.43829664537256,22,"reactome","Lifr; Osmr; Il6ra; Stat1; Clcf1; Socs3; Jak2; Tyk2; Osm","thymus","MHU-2","GLDS-289","Stat_(MHU-1 & Space Flight & uG)v(MHU-1 & Ground Control & 1G on Earth)",1,"flight_positive"
"REACTOME_INTERLEUKIN_7_SIGNALING",0.000740078198216297,0.00233276110431921,0.477270815362862,-0.578362198400642,-1.91298906988923,32,"reactome","Rag1; H3c10; Socs1; H3c7; H3c2; Rag2; H3c11; H3c8; H3c15; H3c1; H3c4; H3c3; Stat5b","thymus","MHU-2","GLDS-289","Stat_(MHU-1 & Space Flight & uG)v(MHU-1 & Ground Control & 1G on Earth)",1,"flight_positive"
"REACTOME_INTERLEUKIN_RECEPTOR_SHC_SIGNALING",0.000551439415907638,0.00179051713960372,0.477270815362862,0.612787520199764,1.9381848371466,25,"reactome","Il2ra; Csf2rb2; Il2rb; Jak3; Grb2; Gab2; Inppl1; Csf2; Jak2; Il2rg; Pik3r1; Pik3cb; Pik3r2; Il5; Pik3cd; Il5ra; Shc1; Csf2ra; Pik3r3","thymus","MHU-2","GLDS-289","Stat_(MHU-1 & Space Flight & uG)v(MHU-1 & Ground Control & 1G on Earth)",1,"flight_positive"
"REACTOME_INTRACELLULAR_SIGNALING_BY_SECOND_MESSENGERS",0.000235943959729026,0.000836669699302269,0.518848077743792,-0.31867196909528,-1.54270130190476,287,"reactome","Ppp2r5c; Itpr2; Kpna2; Ppp2r5a; Rac2; Ppp2r5d; Ubb; Traf6; Psmd8; Pik3cg; Lck; Hdac1; Phc1; Prkacb; Lamtor3; Trat1; Ppp2r5e; Wwp2; Camkk1; Pten; Camk4; Vav1; Tnks2; Pip4k2a; Psmc1; Uba52; Prkar1a; Calm1; Cdkn1b; Psmb7; Psmd13; Them4; Psmb1; Tnks; Ppp2ca; Csnk2b; Ptpn11; Bad; Grk2; Psma1; Tnrc6c; Foxo4; Psmb5; Psmd6; Itpr3; Psmc3; Xiap; Creb1; Akt1; Usp7; Rictor; Itpr1; Ezh2; Slc38a9; Eed; Foxo3; Psmd11; Nedd4; Ppp2r1b; Psmb4; Psmb3; Hdac2; Ago2; Psmb6; Psma7; Rnf146; Psmc6; Rbbp7; Pip5k1b; Psmc4; Tnrc6b; Mta2; Insr; Pik3r5; Psmc2; Psma2; Rac1; Mapkap1; Pdpk1; Chd4; Prkx; Hdac7; Rraga; Psmd3; Suz12; Frs2","thymus","MHU-2","GLDS-289","Stat_(MHU-1 & Space Flight & uG)v(MHU-1 & Ground Control & 1G on Earth)",1,"flight_positive"
"REACTOME_INTRAFLAGELLAR_TRANSPORT",0.0129355377583376,0.0294187968428015,0.380730400722792,-0.44143266665315,-1.58009766145347,46,"reactome","Tuba1b; Tubb4b; Tubb2a; Dynll1; Tubb2b; Ift80; Tuba1c; Tuba1a","thymus","MHU-2","GLDS-289","Stat_(MHU-1 & Space Flight & uG)v(MHU-1 & Ground Control & 1G on Earth)",1,"flight_positive"
"REACTOME_INTRA_GOLGI_AND_RETROGRADE_GOLGI_TO_ER_TRAFFIC",4.21503869927626e-10,3.85068789645747e-09,0.814035837847908,-0.472930111205053,-2.17641436530983,190,"reactome","Tuba1b; Tubb4b; Kif2c; Tubb2a; Kif18a; Kif11; Cux1; Dynll1; Copa; Sys1; Tubb2b; Kif20a; Actr10; Cope; Kif4; Tmed7; Tuba1c; Rab3gap1; Kif22; Tuba1a; Actr1a; Kif18b; Pafah1b1; Dync1i2; Pafah1b2; Stx6; Cog6; Capza1; Zw10; Racgap1; Igf2r; Cog3; Arf1; Cenpe; Cog8; Cyth2; Vamp3; Kif13b; Rab1a; Pla2g6; Usp6nl; Kif15; Arcn1; Kifc1; Galnt1; Kifc5b; Pafah1b3; Copg1; Stx18; Rab9; Gosr2; Dync1h1; Napg; Copb1; Sec22b; Cog1; Arfgap2; Snap29; Arf4; Agpat3; Tmed2; Vps54; Nsf; Capza2; Surf4; Klc3; Nbas; Cog4; Kif20b; Napa; Cog5; Cog2; Vps52; Kif23; Naa30; Dync1li1; Arfgap1; Kif3c; Gbf1; Kif3b; Copb2","thymus","MHU-2","GLDS-289","Stat_(MHU-1 & Space Flight & uG)v(MHU-1 & Ground Control & 1G on Earth)",1,"flight_positive"
"REACTOME_INTRA_GOLGI_TRAFFIC",0.104722792607803,0.177698316088456,0.197822021315103,-0.363552856193386,-1.28198297802647,44,"reactome","Cux1; Stx6; Cog6; Cog3; Arf1; Cog8; Cyth2; Gosr2; Napg; Cog1; Snap29; Nsf; Cog4; Napa; Cog5; Cog2","thymus","MHU-2","GLDS-289","Stat_(MHU-1 & Space Flight & uG)v(MHU-1 & Ground Control & 1G on Earth)",1,"flight_positive"
"REACTOME_INTRINSIC_PATHWAY_FOR_APOPTOSIS",0.268191268191268,0.371606924306153,0.118815039412263,-0.302729066397061,-1.1196755003382,54,"reactome","Bcl2l1; Dynll1; Ywhaz; Ywhaq; Ywhah; Tfdp1; Bad; Ywhab; Bid; Apaf1; Xiap; Akt1; Diablo; Ywhae; Casp3; E2f1; Gsdme","thymus","MHU-2","GLDS-289","Stat_(MHU-1 & Space Flight & uG)v(MHU-1 & Ground Control & 1G on Earth)",1,"flight_positive"
"REACTOME_INTRINSIC_PATHWAY_OF_FIBRIN_CLOT_FORMATION",0.0912698412698413,0.159205321826681,0.208955027549354,0.489182959601712,1.36661842006371,16,"reactome","C1qbp; Pros1; Serpine2; Vwf; F10; Serping1; Kng2; Prcp; F8; F12; A2m","thymus","MHU-2","GLDS-289","Stat_(MHU-1 & Space Flight & uG)v(MHU-1 & Ground Control & 1G on Earth)",1,"flight_positive"
"REACTOME_INWARDLY_RECTIFYING_K_CHANNELS",0.0803921568627451,0.141374788088155,0.222056046145248,0.405667991049806,1.33791027321838,29,"reactome","Kcnj15; Kcnj10; Abcc9; Kcnj2; Gng4; Abcc8; Gng12; Kcnj9; Gngt2; Kcnj5; Gabbr1; Gng11; Gnb5; Kcnj16","thymus","MHU-2","GLDS-289","Stat_(MHU-1 & Space Flight & uG)v(MHU-1 & Ground Control & 1G on Earth)",1,"flight_positive"
"REACTOME_ION_CHANNEL_TRANSPORT",0.564796905222437,0.640221938832584,0.0711327399327894,0.21755599361081,0.961940771443492,150,"reactome","Trpm2; Atp6v0a1; Trpm3; Wnk2; Atp1b3; Ano7; Asph; Trpm5; Atp10b; Scnn1a; Scnn1b; Ttyh2; Clca2; Atp1a2; Ubc; Clca1; Atp6v0d2; Atp2b1; Atp8b4; Trpc1; Atp10d; Atp1b1; Atp6v0b; Slc9b2; Camk2b; Atp8a1; Atp13a4; Pln; Atp7b; Mcoln1; Fxyd6; Scnn1g; Trpm1; Atp1a3; Fxyd2","thymus","MHU-2","GLDS-289","Stat_(MHU-1 & Space Flight & uG)v(MHU-1 & Ground Control & 1G on Earth)",1,"flight_positive"
"REACTOME_ION_HOMEOSTASIS",0.23495145631068,0.336805412104937,0.123257226381337,0.317601814822849,1.14450095502417,45,"reactome","Slc8a1; Atp1b3; Dmpk; Asph; Abcc9; Nos1; Atp1a2; Atp2b1; Trpc1; Atp1b1; Camk2b; Pln; Fxyd6; Atp1a3; Fxyd2; Trdn; Fxyd3; Ryr3","thymus","MHU-2","GLDS-289","Stat_(MHU-1 & Space Flight & uG)v(MHU-1 & Ground Control & 1G on Earth)",1,"flight_positive"
"REACTOME_ION_TRANSPORT_BY_P_TYPE_ATPASES",0.331349206349206,0.430873877496314,0.102080107662747,0.298933608017431,1.07631328180631,47,"reactome","Atp1b3; Atp10b; Atp1a2; Atp2b1; Atp8b4; Atp10d; Atp1b1; Camk2b; Atp8a1; Atp13a4; Pln; Atp7b; Fxyd6; Atp1a3; Fxyd2","thymus","MHU-2","GLDS-289","Stat_(MHU-1 & Space Flight & uG)v(MHU-1 & Ground Control & 1G on Earth)",1,"flight_positive"
"REACTOME_IRAK4_DEFICIENCY_TLR2_4",0.0558882235528942,0.10643977310644,0.271288554688953,0.496972679191188,1.44146380623515,18,"reactome","Tlr4; Tirap; Tlr2; S100a1; Cd36; Cd14; Tlr1; S100a8; Myd88; Irak4; Btk; Tlr6","thymus","MHU-2","GLDS-289","Stat_(MHU-1 & Space Flight & uG)v(MHU-1 & Ground Control & 1G on Earth)",1,"flight_positive"
"REACTOME_IRE1ALPHA_ACTIVATES_CHAPERONES",0.416498993963783,0.508107088989442,0.0894366833718621,-0.282190895287936,-1.02356637535955,49,"reactome","Edem1; Dnajc3; Tpp1; Tln1; Zbtb17; Hdgf; Xbp1; Gosr2; Srprb; Ddx11; Gfpt1; Ctdsp2; Pla2g4b; Arfgap1; Mydgf; Tatdn2","thymus","MHU-2","GLDS-289","Stat_(MHU-1 & Space Flight & uG)v(MHU-1 & Ground Control & 1G on Earth)",1,"flight_positive"
"REACTOME_IRON_UPTAKE_AND_TRANSPORT",0.507782101167315,0.592666666666667,0.0768736734126542,0.259067354908307,0.96927193901778,55,"reactome","Fth1; Atp6v0a1; Cp; Slc22a17; Hfe; Ubc; Steap3; Atp6v0d2; Steap4; Trf; Atp6v0b","thymus","MHU-2","GLDS-289","Stat_(MHU-1 & Space Flight & uG)v(MHU-1 & Ground Control & 1G on Earth)",1,"flight_positive"
"REACTOME_IRS_MEDIATED_SIGNALLING",0.196597353497164,0.293941674160809,0.134273452883202,0.334188827130035,1.18366236159524,40,"reactome","Flt3; Grb2; Irs2; Gab2; Flt3l; Fgf7; Fgfr2; Fgf1; Tlr9; Fgfr1; Pik3r1; Gab1; Kl; Pik3cb; Pik3r2; Irs1","thymus","MHU-2","GLDS-289","Stat_(MHU-1 & Space Flight & uG)v(MHU-1 & Ground Control & 1G on Earth)",1,"flight_positive"
"REACTOME_ISG15_ANTIVIRAL_MECHANISM",0.00136683721146048,0.00395026947440857,0.45505986738723,-0.444467347276337,-1.69702856420093,67,"reactome","Kpna2; Eif4g2; Ubb; Nup188; Eif4e3; Uba52; Nup62; Ndc1; Nup107; Nup205; Pin1; Seh1l; Nup37; Sec13; Nup88; Nup160; Eif4a1; Kpnb1; Nup50; Nup155; Nedd4; Irf3; Rae1; Nup54; Kpna1","thymus","MHU-2","GLDS-289","Stat_(MHU-1 & Space Flight & uG)v(MHU-1 & Ground Control & 1G on Earth)",1,"flight_positive"
"REACTOME_JNK_C_JUN_KINASES_PHOSPHORYLATION_AND_ACTIVATION_MEDIATED_BY_ACTIVATED_HUMAN_TAK1",0.171936758893281,0.261790714812085,0.148261500475107,-0.405053894162265,-1.23634020113769,22,"reactome","Ubb; Traf6; Uba52; Tab1; Mapk9; Ikbkg; Map3k7; Ripk2; Tab2","thymus","MHU-2","GLDS-289","Stat_(MHU-1 & Space Flight & uG)v(MHU-1 & Ground Control & 1G on Earth)",1,"flight_positive"
"REACTOME_KEAP1_NFE2L2_PATHWAY",1.76722403714749e-05,8.10667026402127e-05,0.575610261071129,-0.442943722275977,-1.87503706285567,112,"reactome","Slc7a11; Ubb; Bcl2l1; Bach1; Psmd8; Skp2; Ep300; Psmc1; Uba52; Sesn1; Abcf2; Psmb7; Map1lc3b; Taldo1; Sp1; Psmd13; Psmb1; Csnk2b; Psma1; Psmb5; Brca1; Psmd6; Amer1; Psmc3; Akt1; Prdx1; Rbx1; Vcp; Psmd11; Psmb4; Psmb3; Mafk; G6pdx; Psmb6; Psma7; Nploc4; Psmc6; Psmc4; Tkt; Psmc2; Psma2; Eif2ak3; Txnrd1; Cul3; Psmd3; Dpp3; Atf4; Idh1; Gclm; Skp1; Akt2","thymus","MHU-2","GLDS-289","Stat_(MHU-1 & Space Flight & uG)v(MHU-1 & Ground Control & 1G on Earth)",1,"flight_positive"
"REACTOME_KERATAN_SULFATE_BIOSYNTHESIS",0.0375139825962051,0.0747505974837506,0.321775918075361,0.476887731996659,1.5083475767846,25,"reactome","Prelp; St3gal1; St3gal2; B4galt5; B4galt6; Chst2; St3gal6; B4galt4; Lum; B3gnt7; Omd; Chst5; Slc35d2; Fmod; B4galt3","thymus","MHU-2","GLDS-289","Stat_(MHU-1 & Space Flight & uG)v(MHU-1 & Ground Control & 1G on Earth)",1,"flight_positive"
"REACTOME_KERATAN_SULFATE_KERATIN_METABOLISM",0.00589524756109021,0.0146768518957396,0.407017918923954,0.512830675164621,1.74010202192144,32,"reactome","Prelp; Hexb; St3gal1; St3gal2; Glb1l; B4galt5; Gns; B4galt6; Chst2; Hexa; St3gal6; B4galt4; Lum; B3gnt7; Omd; Chst5; Slc35d2; Fmod; B4galt3","thymus","MHU-2","GLDS-289","Stat_(MHU-1 & Space Flight & uG)v(MHU-1 & Ground Control & 1G on Earth)",1,"flight_positive"
"REACTOME_KERATINIZATION",4.15932015406773e-11,4.31129531354328e-10,0.851339057116899,0.636150827765123,2.51652123878513,74,"reactome","Krt5; Dsp; Dsc2; Krt14; Rptn; Spink5; Pkp1; Krt10; Krt8; Ppl; Perp; Dsg2; Krt77; Krt17; St14; Dsc3; Sprr1a; Pkp4; Krt78; Krt18; Krt6a; Krt84; Krt13; Krt7; Pcsk6; Kazn; Krt16; Pkp2; Dsg1a; Krt1; Krt79; Tchh; Dsg4; Klk14; Krt15; Krt75; Casp14; Krt25; Krt80; Dsg3; Krt23; Dsc1; Krt19; Krt73","thymus","MHU-2","GLDS-289","Stat_(MHU-1 & Space Flight & uG)v(MHU-1 & Ground Control & 1G on Earth)",1,"flight_positive"
"REACTOME_KIDNEY_DEVELOPMENT",5.13367545044885e-05,0.000212034564581757,0.557332238758646,0.59203110420381,2.08237263175819,39,"reactome","Eya1; Plac8; Six1; Wfdc2; Npnt; Grem1; Foxc1; Wnt4; Lfng; Six2; Id4; Robo2; Jag1; Osr1; Slit2; Wnt11; Pcdh19; Irx2","thymus","MHU-2","GLDS-289","Stat_(MHU-1 & Space Flight & uG)v(MHU-1 & Ground Control & 1G on Earth)",1,"flight_positive"
"REACTOME_KINESINS",3.32338558322849e-07,2.13250574923828e-06,0.674962860011025,-0.609848447187271,-2.2227628461157,51,"reactome","Tuba1b; Tubb4b; Kif2c; Tubb2a; Kif18a; Kif11; Tubb2b; Kif20a; Kif4; Tuba1c; Kif22; Tuba1a; Kif18b; Racgap1; Cenpe; Kif13b; Kif15; Kifc1; Kifc5b","thymus","MHU-2","GLDS-289","Stat_(MHU-1 & Space Flight & uG)v(MHU-1 & Ground Control & 1G on Earth)",1,"flight_positive"
"REACTOME_KSRP_KHSRP_BINDS_AND_DESTABILIZES_MRNA",0.883673469387755,0.908969465648855,0.0522693317499306,-0.251515156484367,-0.703988146141376,17,"reactome","Ywhaz; Akt1; Dcp2; Exosc1; Mapk14; Exosc5; Dis3; Exosc6","thymus","MHU-2","GLDS-289","Stat_(MHU-1 & Space Flight & uG)v(MHU-1 & Ground Control & 1G on Earth)",1,"flight_positive"
"REACTOME_L1CAM_INTERACTIONS",0.00820993873471264,0.0196290311838554,0.380730400722792,-0.347894829634963,-1.46105741825757,110,"reactome","Tuba1b; Tubb4b; Tubb2a; Ap2b1; Cd24a; Tubb2b; Ephb2; Kif4; Tuba1c; Tuba1a; Sptan1; Ezr; Sdcbp; Actb; Itgb1; Csnk2b; Scn5a; Ap2s1; Cltc; Dpysl2; Dlg3; Hspa8; Rdx; Ap2m1; Actg1","thymus","MHU-2","GLDS-289","Stat_(MHU-1 & Space Flight & uG)v(MHU-1 & Ground Control & 1G on Earth)",1,"flight_positive"
"REACTOME_LAGGING_STRAND_SYNTHESIS",0.00285867264707648,0.00760901015690974,0.431707695803346,-0.611560467024545,-1.81934726205335,20,"reactome","Pcna; Prim1; Dna2; Fen1; Rfc4; Rfc3; Rfc1; Lig1; Rpa2; Pola2","thymus","MHU-2","GLDS-289","Stat_(MHU-1 & Space Flight & uG)v(MHU-1 & Ground Control & 1G on Earth)",1,"flight_positive"
"REACTOME_LAMININ_INTERACTIONS",8.31322828684697e-05,0.000321206454954159,0.538434096309916,0.641447989712685,2.13906063017344,30,"reactome","Col4a1; Lama3; Lamb1; Col4a2; Itga3; Lamb3; Itgb4; Col4a5; Itga1; Col18a1; Lama2; Hspg2; Lama5; Col4a4; Lamc2","thymus","MHU-2","GLDS-289","Stat_(MHU-1 & Space Flight & uG)v(MHU-1 & Ground Control & 1G on Earth)",1,"flight_positive"
"REACTOME_LATE_ENDOSOMAL_MICROAUTOPHAGY",0.0530612244897959,0.101598579040853,0.282013350011725,-0.431068530641533,-1.42580097691521,32,"reactome","Ubb; Mvb12b; Uba52; Tsg101; Mvb12a; Hspa8; Vps28; Ubap1; Chmp7; Pcnt; Hbb-bt; Ift88; Plin3; Chmp6; Rps27a; Plin2","thymus","MHU-2","GLDS-289","Stat_(MHU-1 & Space Flight & uG)v(MHU-1 & Ground Control & 1G on Earth)",1,"flight_positive"
"REACTOME_LATE_SARS_COV_2_INFECTION_EVENTS",0.0215692092985346,0.0461341421107546,0.352487857583619,-0.360122577630885,-1.39273380494978,71,"reactome","Ano6; Mgat4a; Ubb; Mgat5; Ube2i; Ostc; Uba52; Ano10; Rpn2; Zdhhc9; Stt3a; Rpn1; Mgat2; Prmt1; Galnt1; Mgat1","thymus","MHU-2","GLDS-289","Stat_(MHU-1 & Space Flight & uG)v(MHU-1 & Ground Control & 1G on Earth)",1,"flight_positive"
"REACTOME_LDL_CLEARANCE",0.075098814229249,0.135378798894867,0.231126709673834,-0.489668706427991,-1.45672826873098,20,"reactome","Ldlr; Ap2b1; Soat1; Lipa; Ap2s1; Cltc; Ap2m1","thymus","MHU-2","GLDS-289","Stat_(MHU-1 & Space Flight & uG)v(MHU-1 & Ground Control & 1G on Earth)",1,"flight_positive"
"REACTOME_LEISHMANIA_INFECTION",0.0237680358595285,0.0501407879776354,0.352487857583619,0.295899264673979,1.34989263501709,186,"reactome","Ggt5; C3; Ighg2b; App; Fzd7; Nt5e; Src; C3ar1; Grb2; Wasf3; Casp1; Plcg2; Noxo1; Prkar2a; Jun; Cd163; Igkv1-117; Adcy2; Dock1; Entpd1; Igkv1-135; P2rx7; Lyn; Cysltr2; Yes1; Hck; Igkv1-88; Nfkb1; Igkv8-27; Adcy7; Ighg2c; Fyn; Igkv14-111; Fcgr1; Il1a; Igkv8-30; Rhbdf2; Vav3; P2rx4; Nfkb2; Cyfip1; Prkar1b; Igkv14-100; Fcgr2b; Dvl3; Gsdmd; Gng4; Il10; Myo10; Ighg3; Cyba; Nlrp3; Wipf3; Gng12; Gnai1; Igkv8-28","thymus","MHU-2","GLDS-289","Stat_(MHU-1 & Space Flight & uG)v(MHU-1 & Ground Control & 1G on Earth)",1,"flight_positive"
"REACTOME_LISTERIA_MONOCYTOGENES_ENTRY_INTO_HOST_CELLS",0.134387351778656,0.217195749951111,0.169570644405628,-0.448829537214943,-1.33523475386434,20,"reactome","Cbl; Ubb; Uba52; Sh3kbp1; Ctnnb1; Stam2; Stam; Sh3gl3","thymus","MHU-2","GLDS-289","Stat_(MHU-1 & Space Flight & uG)v(MHU-1 & Ground Control & 1G on Earth)",1,"flight_positive"
"REACTOME_LONG_TERM_POTENTIATION",0.576612903225806,0.650197395060062,0.0721797965581253,0.314867344190081,0.923939738206284,20,"reactome","Src; Nrgn; Camk2b; Gria2; Dlg2; Grin2c","thymus","MHU-2","GLDS-289","Stat_(MHU-1 & Space Flight & uG)v(MHU-1 & Ground Control & 1G on Earth)",1,"flight_positive"
"REACTOME_LYSOSOME_VESICLE_BIOGENESIS",0.685950413223141,0.74541788856305,0.0647943366000727,-0.259004991665868,-0.848059993112028,31,"reactome","Ap4e1; Dnajc6; Ap1m1; Arf1; Cltc; Hspa8; Ap1g1","thymus","MHU-2","GLDS-289","Stat_(MHU-1 & Space Flight & uG)v(MHU-1 & Ground Control & 1G on Earth)",1,"flight_positive"
"REACTOME_MAP2K_AND_MAPK_ACTIVATION",0.405919661733615,0.500093023255814,0.0937465422491719,-0.303834164472008,-1.05079816795498,40,"reactome","Lamtor3; Raf1; Nras; Iqgap1; Actb; Tln1; Ywhab; Mark3; Actg1; Kras","thymus","MHU-2","GLDS-289","Stat_(MHU-1 & Space Flight & uG)v(MHU-1 & Ground Control & 1G on Earth)",1,"flight_positive"
"REACTOME_MAP3K8_TPL2_DEPENDENT_MAPK1_3_ACTIVATION",0.461847389558233,0.548921153190491,0.0835990603684159,-0.353606577262606,-0.979221770035071,16,"reactome","Ubb; Uba52; Fbxw11; Ikbkg","thymus","MHU-2","GLDS-289","Stat_(MHU-1 & Space Flight & uG)v(MHU-1 & Ground Control & 1G on Earth)",1,"flight_positive"
"REACTOME_MAPK1_MAPK3_SIGNALING",0.0524271844660194,0.100922330097087,0.276500599254472,-0.256819785454015,-1.22173432663732,252,"reactome","Ppp2r5c; Ppp2r5a; Ptpn7; Ppp2r5d; Rasgrp1; Ubb; Cdk1; Bcl2l1; Psmd8; Lamtor3; Ppp2r5e; Sptan1; Raf1; Psmc1; Uba52; Calm1; Ptpra; Psmb7; Nras; Kbtbd7; Psmd13; Iqgap1; Psmb1; Zdhhc9; Dusp10; Actb; Icmt; Ppp2ca; Tln1; Ptpn11; Psma1; Lat; Psmb5; Ywhab; Fnta; Psmd6; Psmc3; Mark3; Map3k11; Dlg3; Rbx1; Actg1; Psmd11; Brap; Kras; Ppp2r1b; Psmb4; Psmb3","thymus","MHU-2","GLDS-289","Stat_(MHU-1 & Space Flight & uG)v(MHU-1 & Ground Control & 1G on Earth)",1,"flight_positive"
"REACTOME_MAPK6_MAPK4_SIGNALING",3.88548237802206e-05,0.000164903543445188,0.557332238758646,-0.491854700511327,-1.93227303927077,76,"reactome","Rag1; Ubb; Cdk1; Rag2; Psmd8; Prkacb; Psmc1; Mapk6; Uba52; Dnajb1; Psmb7; Psmd13; Psmb1; Cdc42; Psma1; Xpo1; Tnrc6c; Psmb5; Psmd6; Psmc3; Foxo3; Psmd11; Psmb4; Psmb3; Ago2; Psmb6; Psma7; Psmc6; Psmc4; Tnrc6b; Psmc2; Psma2; Rac1","thymus","MHU-2","GLDS-289","Stat_(MHU-1 & Space Flight & uG)v(MHU-1 & Ground Control & 1G on Earth)",1,"flight_positive"
"REACTOME_MAPK_FAMILY_SIGNALING_CASCADES",0.0158940858780413,0.0352547830792768,0.352487857583619,-0.267160469246968,-1.29554613705258,291,"reactome","Ppp2r5c; Rag1; Ppp2r5a; Ptpn7; Ppp2r5d; Rasgrp1; Ubb; Cdk1; Bcl2l1; Rag2; Psmd8; Prkacb; Lamtor3; Ppp2r5e; Sptan1; Raf1; Psmc1; Mapk6; Uba52; Dnajb1; Calm1; Ptpra; Psmb7; Nras; Kbtbd7; Psmd13; Iqgap1; Psmb1; Zdhhc9; Dusp10; Actb; Icmt; Ppp2ca; Tln1; Ptpn11; Cdc42; Psma1; Lat; Xpo1; Tnrc6c; Psmb5; Ywhab; Fnta; Psmd6; Psmc3; Mark3; Map3k11; Dlg3; Rbx1; Actg1; Foxo3; Psmd11; Brap; Kras; Ppp2r1b; Psmb4; Psmb3; Abhd17a; Ago2; Psmb6; Nrtn; Psma7; Psmc6; Abhd17c; Psmc4; Shoc2; Ppp5c; Tnrc6b; Psmc2; Psma2; Dlg4; Rac1","thymus","MHU-2","GLDS-289","Stat_(MHU-1 & Space Flight & uG)v(MHU-1 & Ground Control & 1G on Earth)",1,"flight_positive"
"REACTOME_MAPK_TARGETS_NUCLEAR_EVENTS_MEDIATED_BY_MAP_KINASES",0.43801652892562,0.527577450482478,0.0880945010398517,-0.304417019251925,-0.996752586077641,31,"reactome","Ppp2r5d; Atf1; Ppp2ca; Mapk9; Creb1; Mef2a; Ppp2r1b","thymus","MHU-2","GLDS-289","Stat_(MHU-1 & Space Flight & uG)v(MHU-1 & Ground Control & 1G on Earth)",1,"flight_positive"
"REACTOME_MATERNAL_TO_ZYGOTIC_TRANSITION_MZT",8.4290244586167e-20,1.97532355791061e-18,1.15122052214226,-0.700289621159731,-2.89848467207268,99,"reactome","H2ac13; H3f3a; H2ac10; H3c10; H2bc18; H2ac4; H3c7; H3c2; Cnot8; H3c11; H3c8; H2bc4; H4c4; H3c15; H3c1; Uhrf1; Cnot2; H4c6; H3c4; H2bc21; H2ac19; H2ac20; H4c16; H4c1; Ep300; H3c3; H2bc8; H4c14; H4c12; H4c2; H4c3; Mettl23; H2ax; H2bc3; H4c17; Kdm5b; H2bc7; H4c11; Cnot10; Paip2; H2bc14; H2bc6; Eif4b; Eif4a1; H2ac18; H4c18; H4c8; H3f3b; Dis3l2; Cnot9; Kdm5a; H2ac7; Pabpc1; Eloc; Cnot6; Ago2; Polr2d","thymus","MHU-2","GLDS-289","Stat_(MHU-1 & Space Flight & uG)v(MHU-1 & Ground Control & 1G on Earth)",1,"flight_positive"
"REACTOME_MATURATION_OF_SARS_COV_2_NUCLEOPROTEIN",0.641732283464567,0.710254005723617,0.0656813601934011,0.316715824326227,0.87118073283088,15,"reactome","Parp14; Parp8; Parp10; Parp9; Parp4","thymus","MHU-2","GLDS-289","Stat_(MHU-1 & Space Flight & uG)v(MHU-1 & Ground Control & 1G on Earth)",1,"flight_positive"
"REACTOME_MATURATION_OF_SARS_COV_2_SPIKE_PROTEIN",0.0539150790202061,0.103050452453515,0.321775918075361,-0.410615546973294,-1.41192684180677,38,"reactome","Mgat4a; Mgat5; Ostc; Rpn2; Zdhhc9; Stt3a; Rpn1; Mgat2; Mgat1; Magt1; Stt3b; Man1b1; Zdhhc3; Zdhhc5; Prkcsh; Ddost; Tusc3","thymus","MHU-2","GLDS-289","Stat_(MHU-1 & Space Flight & uG)v(MHU-1 & Ground Control & 1G on Earth)",1,"flight_positive"
"REACTOME_MATURATION_OF_TCA_ENZYMES_AND_REGULATION_OF_TCA_CYCLE",0.114,0.189064615384615,0.186432558434075,-0.470780247958388,-1.37534701049522,19,"reactome","Idh2; Aco2; Sdhb; Cs; Sdhaf2; Lyrm4; Isca2","thymus","MHU-2","GLDS-289","Stat_(MHU-1 & Space Flight & uG)v(MHU-1 & Ground Control & 1G on Earth)",1,"flight_positive"
"REACTOME_MECHANICAL_LOAD_ACTIVATES_SIGNALING_BY_PIEZO1_AND_INTEGRINS_IN_OSTEOCYTES",0.2421875,0.343523848684211,0.121543282035469,0.415034413063399,1.17749352385107,17,"reactome","Cacna1h; Itgb3; P2rx7; Hspg2; Cacnb3; Cacng7; Gja1; Cacnb2; Itgav; Cacnb1; Cacna2d1; Spp1","thymus","MHU-2","GLDS-289","Stat_(MHU-1 & Space Flight & uG)v(MHU-1 & Ground Control & 1G on Earth)",1,"flight_positive"
"REACTOME_MECP2_REGULATES_NEURONAL_RECEPTORS_AND_CHANNELS",0.819838056680162,0.862229683025575,0.0553642837725362,-0.276015050762369,-0.753417275154565,15,"reactome","Hdac1; Creb1; Hdac2","thymus","MHU-2","GLDS-289","Stat_(MHU-1 & Space Flight & uG)v(MHU-1 & Ground Control & 1G on Earth)",1,"flight_positive"
"REACTOME_MEIOSIS",1.06158046404246e-22,3.81461246745925e-21,1.22950405660873,-0.721137156501638,-2.9747510715764,97,"reactome","H2ac13; H3f3a; H2ac10; H3c10; H2bc18; H2ac4; H3c7; H3c2; H3c11; H3c8; H2bc4; H4c4; H3c15; H3c1; H4c6; H3c4; H2bc21; H2ac19; Ube2i; Fignl1; Cdk2; H2ac20; H4c16; Brca2; Dmc1; H4c1; Rad21; H3c3; H2bc8; H4c14; H4c12; H4c2; H4c3; Dido1; H2ax; H2bc3; H4c17; H2bc7; H4c11; Cdk4; H2bc14; Pot1a; H2bc6; Brca1; H2ac18; H4c18; H4c8; Rad51c; Spo11; Rad51; Lmnb1; H3f3b; Hspa2; H2ac7; Rpa2","thymus","MHU-2","GLDS-289","Stat_(MHU-1 & Space Flight & uG)v(MHU-1 & Ground Control & 1G on Earth)",1,"flight_positive"
"REACTOME_MEIOTIC_RECOMBINATION",4.66108969381776e-23,1.84897921307146e-21,1.24623277191648,-0.78873907949422,-3.05045160830901,70,"reactome","H2ac13; H3f3a; H2ac10; H3c10; H2bc18; H2ac4; H3c7; H3c2; H3c11; H3c8; H2bc4; H4c4; H3c15; H3c1; H4c6; H3c4; H2bc21; H2ac19; Fignl1; Cdk2; H2ac20; H4c16; Brca2; Dmc1; H4c1; H3c3; H2bc8; H4c14; H4c12; H4c2; H4c3; H2ax; H2bc3; H4c17; H2bc7; H4c11; Cdk4; H2bc14; H2bc6; Brca1; H2ac18; H4c18; H4c8; Rad51c; Spo11; Rad51; H3f3b","thymus","MHU-2","GLDS-289","Stat_(MHU-1 & Space Flight & uG)v(MHU-1 & Ground Control & 1G on Earth)",1,"flight_positive"
"REACTOME_MEIOTIC_SYNAPSIS",2.84177876481798e-14,3.73589940057779e-13,0.97599468306432,-0.730733067133648,-2.7467213474213,60,"reactome","H2ac13; H2ac10; H2bc18; H2ac4; H2bc4; H4c4; H4c6; H2bc21; H2ac19; Ube2i; H2ac20; H4c16; H4c1; Rad21; H2bc8; H4c14; H4c12; H4c2; H4c3; Dido1; H2ax; H2bc3; H4c17; H2bc7; H4c11; H2bc14; Pot1a; H2bc6; Brca1; H2ac18; H4c18; H4c8; Lmnb1; Hspa2; H2ac7; Syce2","thymus","MHU-2","GLDS-289","Stat_(MHU-1 & Space Flight & uG)v(MHU-1 & Ground Control & 1G on Earth)",1,"flight_positive"
"REACTOME_METABOLIC_DISORDERS_OF_BIOLOGICAL_OXIDATION_ENZYMES",0.992156862745098,0.994001020482542,0.0451344222209097,0.175883712311766,0.580071957328295,29,"reactome","Cyp1b1; Cyp26b1; Cyp27a1; Gclc; Tbxas1","thymus","MHU-2","GLDS-289","Stat_(MHU-1 & Space Flight & uG)v(MHU-1 & Ground Control & 1G on Earth)",1,"flight_positive"
"REACTOME_METABOLISM_OF_AMINO_ACIDS_AND_DERIVATIVES",0.0012039755006566,0.0035173051211594,0.45505986738723,-0.298931345791692,-1.45269139015043,304,"reactome","Serinc5; Rplp0; Rps5; Rpl7; Psmd8; Ado; Oaz1; Hibadh; Rpl35; Serinc1; Psmc1; Hsd17b10; Uba52; Rpl28; Azin1; Rps4x; Rps3a1; Rpl26; Psmb7; Rpl7a; Aldh7a1; Psmd13; Rpl18a; Psmb1; Rpl17; Bcat2; Asrgl1; Psma1; Rpl13a; Rps16; Rps7; Psmb5; Rpl10; Rps11; Mpst; Psmd6; Rpl4; Psmc3; Rpl6; Slc25a15; Dbt; Psph; Rpl19; Sqor; Rps15a; Rps3; Papss2; Rpl15; Mrps36; Rpl29; Psmd11; Rps10; Psmb4; Psmb3; Rpsa; Dhtkd1; Nmral1; Psmb6; Fau; Psma7; Mri1; Rpl32; Slc25a13; Psmc6; Psmc4; Rpl18; Rpl21; Rps24; Psmc2; Psma2; Rpl3; Ahcy; Prodh; Pycr2; Txnrd1; Ckm; Rpl12; Psmd3; Bckdha; Carns1","thymus","MHU-2","GLDS-289","Stat_(MHU-1 & Space Flight & uG)v(MHU-1 & Ground Control & 1G on Earth)",1,"flight_positive"
"REACTOME_METABOLISM_OF_ANGIOTENSINOGEN_TO_ANGIOTENSINS",0.0316676650762778,0.0638088653312663,0.321775918075361,0.563138683685023,1.54900871209014,15,"reactome","Ctsz; Enpep; Anpep; Ace2; Agt; Mme","thymus","MHU-2","GLDS-289","Stat_(MHU-1 & Space Flight & uG)v(MHU-1 & Ground Control & 1G on Earth)",1,"flight_positive"
"REACTOME_METABOLISM_OF_CARBOHYDRATES_AND_CARBOHYDRATE_DERIVATIVES",0.441478439425051,0.530561602787297,0.0873098257637931,0.216410346793945,1.01159515134801,252,"reactome","Sdc3; Chst15; Cd44; Agrn; Prelp; Hexb; Pck2; Chst11; Gpc4; Man2b1; St3gal1; Sgsh; Slc9a1; St3gal2; Arsb; Sdc1; Bgn; Xylt2; Pygl; Man2b2; Glb1l; Adpgk; B4galt5; Gns; Dse; Chst3; Ext1; Ubc; B4galt6; Chst2; Hs3st3b1; Gpc1; Pfkfb3; Sdc4; Pfkfb4; Hexa; Fut4; Vcan; Pgm1; Hk2; Hspg2; Pgam1; St3gal6; Naglu; Ust; Dcn; Gaa; B4galt4; Lum; Papss1; Gpc6; Eno2","thymus","MHU-2","GLDS-289","Stat_(MHU-1 & Space Flight & uG)v(MHU-1 & Ground Control & 1G on Earth)",1,"flight_positive"
"REACTOME_METABOLISM_OF_COFACTORS",0.86815415821501,0.899123942317095,0.052805004567129,-0.237869764300382,-0.731115973022474,24,"reactome","Calm1; Gch1; Akt1; Coq9","thymus","MHU-2","GLDS-289","Stat_(MHU-1 & Space Flight & uG)v(MHU-1 & Ground Control & 1G on Earth)",1,"flight_positive"
"REACTOME_METABOLISM_OF_FAT_SOLUBLE_VITAMINS",0.0175753270508536,0.0387447905129247,0.352487857583619,0.435840408434803,1.56037919034409,44,"reactome","Apoe; Sdc3; Lpl; Apoa4; Agrn; Lrp1; Gpc4; Sdc1; Gpc1; Sdc4; Hspg2; Rbp1; Gpc6; Lrp10; Gpc3; Apoc2; Plb1; Apob; Lrat; Apoa1; Sdc2; Gpihbp1; Gpc5; Vkorc1","thymus","MHU-2","GLDS-289","Stat_(MHU-1 & Space Flight & uG)v(MHU-1 & Ground Control & 1G on Earth)",1,"flight_positive"
"REACTOME_METABOLISM_OF_FOLATE_AND_PTERINES",0.827309236947791,0.865863453815261,0.0545680646670941,-0.264973329851095,-0.733774962777863,16,"reactome","Mthfd2; Slc25a32","thymus","MHU-2","GLDS-289","Stat_(MHU-1 & Space Flight & uG)v(MHU-1 & Ground Control & 1G on Earth)",1,"flight_positive"
"REACTOME_METABOLISM_OF_NITRIC_OXIDE_NOS3_ACTIVATION_AND_REGULATION",0.238775510204082,0.341322509232754,0.12563992130984,-0.424909304396656,-1.18931645178614,17,"reactome","Cyb5b; Calm1; Akt1; Wasl; Nmt2; Nosip; Nmt1; Dnm2","thymus","MHU-2","GLDS-289","Stat_(MHU-1 & Space Flight & uG)v(MHU-1 & Ground Control & 1G on Earth)",1,"flight_positive"
"REACTOME_METABOLISM_OF_NUCLEOTIDES",0.126016260162602,0.206138889916972,0.178219874951973,-0.30691801854607,-1.22510180518168,84,"reactome","Dck; Rrm2; Rrm1; Ada; Tyms; Nudt15; Nme1; Paics; Uck2; Ppat; Ak1; Entpd5; Tk1; Dctpp1; Nt5m; Dtymk; Nt5c2; Umps; Adal; Nudt1; Impdh1; Ctps2; Txnrd1; Dut; Atic","thymus","MHU-2","GLDS-289","Stat_(MHU-1 & Space Flight & uG)v(MHU-1 & Ground Control & 1G on Earth)",1,"flight_positive"
"REACTOME_METABOLISM_OF_POLYAMINES",0.000119412595531132,0.000443885441319175,0.538434096309916,-0.557129241871692,-1.9814852989877,45,"reactome","Psmd8; Oaz1; Psmc1; Azin1; Psmb7; Psmd13; Psmb1; Psma1; Psmb5; Psmd6; Psmc3; Psmd11; Psmb4; Psmb3; Psmb6; Psma7; Psmc6; Psmc4; Psmc2; Psma2","thymus","MHU-2","GLDS-289","Stat_(MHU-1 & Space Flight & uG)v(MHU-1 & Ground Control & 1G on Earth)",1,"flight_positive"
"REACTOME_METABOLISM_OF_PORPHYRINS",0.783365570599613,0.83280876243233,0.0553642837725362,0.251145887558445,0.79434899558467,25,"reactome","Slco2b1; Abcc1; Cpox; Ppox; Gsta1; Alad; Alas2; Blvra","thymus","MHU-2","GLDS-289","Stat_(MHU-1 & Space Flight & uG)v(MHU-1 & Ground Control & 1G on Earth)",1,"flight_positive"
"REACTOME_METABOLISM_OF_STEROIDS",0.00160533103350936,0.00459030995788618,0.45505986738723,-0.361005770159875,-1.56715943768132,136,"reactome","Insig1; Lbr; Dhcr24; Hmgcs1; Srebf2; Stard4; Fdps; Hmgcr; Med1; Ube2i; Sqle; Nfyc; Ran; Sp1; Fdft1; Hsd17b7; Nfya; Idi1; Acaca; Kpnb1; Mvk; Fdx1; Scd2; Stard3; Msmo1; Cyp51; Fasn","thymus","MHU-2","GLDS-289","Stat_(MHU-1 & Space Flight & uG)v(MHU-1 & Ground Control & 1G on Earth)",1,"flight_positive"
"REACTOME_METABOLISM_OF_STEROID_HORMONES",0.797938144329897,0.845798740990786,0.0574877409561325,-0.248468709879989,-0.771874043952081,25,"reactome","Stard4; Fdx1; Stard3","thymus","MHU-2","GLDS-289","Stat_(MHU-1 & Space Flight & uG)v(MHU-1 & Ground Control & 1G on Earth)",1,"flight_positive"
"REACTOME_METABOLISM_OF_VITAMINS_AND_COFACTORS",0.00611224786475576,0.0151820350189095,0.407017918923954,0.315785870795428,1.43465878397969,180,"reactome","Apoe; Sdc3; Cd38; Lpl; Nt5e; Apoa4; Parp14; Agrn; Enpp2; Lrp1; Parp8; Gpc4; Slc25a42; Sdc1; Tcn2; Cyb5r3; Parp10; Coq8a; Gpc1; Mthfd2l; Sdc4; Ldlrap1; Coq3; Gchfr; Aox1; Hspg2; Vnn1; Rbp1; Mmut; Mccc1; Parp9; Abcc1; Spr; Shmt2; Pccb; Mthfr; Gsto1; Nmnat2; Gpc6; Flad1; Mthfs; Nmnat3; Lrp10; Pdss2; Thtpa; Gpc3; Acacb; Bst1; Parp4; Apoc2; Nampt; Amn; Plb1; Pdxk; Apob; Enpp3; Aldh1l2; Enpp1; Lrat; Pcca; Nfs1; Slc5a8; Apoa1; Sdc2; Ctrb1; Slc2a3; Mmaa; Slc52a3; Gpihbp1; Nnmt; Qprt; Pcx; Gpc5; Vkorc1; Slc46a1; Mocos; Mthfd1l; Coq7; Fpgs","thymus","MHU-2","GLDS-289","Stat_(MHU-1 & Space Flight & uG)v(MHU-1 & Ground Control & 1G on Earth)",1,"flight_positive"
"REACTOME_METABOLISM_OF_WATER_SOLUBLE_VITAMINS_AND_COFACTORS",0.094488188976378,0.163759272856166,0.204294756516886,0.292226610077352,1.23436141040253,114,"reactome","Cd38; Nt5e; Parp14; Enpp2; Parp8; Slc25a42; Tcn2; Cyb5r3; Parp10; Mthfd2l; Ldlrap1; Aox1; Vnn1; Mmut; Mccc1; Parp9; Abcc1; Shmt2; Pccb; Mthfr; Gsto1; Nmnat2; Flad1; Mthfs; Nmnat3; Thtpa; Acacb; Bst1; Parp4; Nampt; Amn; Pdxk; Enpp3; Aldh1l2; Enpp1; Pcca; Nfs1; Slc5a8; Ctrb1; Slc2a3; Mmaa; Slc52a3; Nnmt; Qprt; Pcx; Slc46a1; Mocos; Mthfd1l; Fpgs","thymus","MHU-2","GLDS-289","Stat_(MHU-1 & Space Flight & uG)v(MHU-1 & Ground Control & 1G on Earth)",1,"flight_positive"
"REACTOME_METALLOPROTEASE_DUBS",1.48754753830175e-09,1.28286099703143e-08,0.788186810800237,-0.760191746990737,-2.55315885818793,34,"reactome","H2ac13; H2ac10; H2ac4; Ubb; H2ac12; H2ac22; H2ac19; H2ac25; H2ac21; H2ac20; Ep300; Uba52; Stambpl1; H2ac6; Bard1; Abraxas2; Brca1; H2ac18; H2ac8; Stam; H2ac7; Kat2b","thymus","MHU-2","GLDS-289","Stat_(MHU-1 & Space Flight & uG)v(MHU-1 & Ground Control & 1G on Earth)",1,"flight_positive"
"REACTOME_METAL_ION_SLC_TRANSPORTERS",0.270161290322581,0.373376757650951,0.116234148779716,0.383235493402098,1.13474205443022,21,"reactome","Slc11a1; Cp; Slc39a4; Slc41a2; Slc40a1; Slc30a2; Slc39a3; Slc39a2; Slc30a1; Slc39a7; Slc39a8","thymus","MHU-2","GLDS-289","Stat_(MHU-1 & Space Flight & uG)v(MHU-1 & Ground Control & 1G on Earth)",1,"flight_positive"
"REACTOME_MET_ACTIVATES_PTK2_SIGNALING",0.000818383337153905,0.00252784308725476,0.477270815362862,0.577849368021366,1.90577177126508,29,"reactome","Lama3; Fn1; Lamb1; Src; Itga3; Lamb3; Col2a1; Col5a2; Col27a1; Lama2; Lama5; Lamc2","thymus","MHU-2","GLDS-289","Stat_(MHU-1 & Space Flight & uG)v(MHU-1 & Ground Control & 1G on Earth)",1,"flight_positive"
"REACTOME_MET_PROMOTES_CELL_MOTILITY",0.000840726130998117,0.00257472377618173,0.477270815362862,0.530994510070723,1.8807277944689,40,"reactome","Tns3; Lama3; Fn1; Tns4; Lamb1; Src; Itga3; Grb2; Lamb3; Col2a1; Col5a2; Col27a1; Lama2; Lama5; Lamc2; Gab1; Dock7","thymus","MHU-2","GLDS-289","Stat_(MHU-1 & Space Flight & uG)v(MHU-1 & Ground Control & 1G on Earth)",1,"flight_positive"
"REACTOME_MHC_CLASS_II_ANTIGEN_PRESENTATION",0.00360519743894793,0.00930969208615149,0.431707695803346,-0.372203530006849,-1.56327086654829,106,"reactome","Tuba1b; Tubb4b; Kif2c; Tubb2a; Kif18a; Ap2b1; Kif11; Dynll1; Tubb2b; Kif20a; Actr10; Kif4; Tuba1c; Kif22; Tuba1a; Actr1a; Dync1i2; Capza1; Racgap1; Ap1m1; Arf1; Cenpe; Sec13; Ap2s1; Kif15; Cltc; Ap2m1; Ap1g1; Dync1h1","thymus","MHU-2","GLDS-289","Stat_(MHU-1 & Space Flight & uG)v(MHU-1 & Ground Control & 1G on Earth)",1,"flight_positive"
"REACTOME_MICRORNA_MIRNA_BIOGENESIS",0.0527383367139959,0.101168220790726,0.282013350011725,-0.481313734319681,-1.47936481221648,24,"reactome","Dgcr8; Polr2c; Ran; Xpo5; Bcdin3d; Polr2a; Ago2; Polr2d; Polr2b; Ago3; Polr2f; Dicer1","thymus","MHU-2","GLDS-289","Stat_(MHU-1 & Space Flight & uG)v(MHU-1 & Ground Control & 1G on Earth)",1,"flight_positive"
"REACTOME_MISCELLANEOUS_TRANSPORT_AND_BINDING_EVENTS",0.557809330628803,0.634302171326846,0.0741758965588009,-0.30034995455989,-0.923154945401177,24,"reactome","Mmgt1; Ctns; Lrrc8b; Lrrc8c; Magt1; Mrs2","thymus","MHU-2","GLDS-289","Stat_(MHU-1 & Space Flight & uG)v(MHU-1 & Ground Control & 1G on Earth)",1,"flight_positive"
"REACTOME_MISMATCH_REPAIR",0.0931174089068826,0.161904140002612,0.208955027549354,-0.513295869128457,-1.40110466439673,15,"reactome","Pcna; Msh6; Msh2; Lig1; Rpa2; Exo1","thymus","MHU-2","GLDS-289","Stat_(MHU-1 & Space Flight & uG)v(MHU-1 & Ground Control & 1G on Earth)",1,"flight_positive"
"REACTOME_MITF_M_DEPENDENT_GENE_EXPRESSION",0.217021276595745,0.316575015115308,0.135740943810425,-0.271340359517196,-1.12155332161275,101,"reactome","Ccnb1; Cdc25b; Hdac1; Zeb1; Cdk2; Actl6a; Smarcd2; Ctnnb1; Mcm5; Actb; Plk1; Smarce1; Mcm2; Atp6v1d; Tcf7; Usf1; Tnrc6c; Brca1; Creb1; Atp6v1a; Atp6v1c1","thymus","MHU-2","GLDS-289","Stat_(MHU-1 & Space Flight & uG)v(MHU-1 & Ground Control & 1G on Earth)",1,"flight_positive"
"REACTOME_MITF_M_REGULATED_MELANOCYTE_DEVELOPMENT",0.127789046653144,0.208722109533469,0.176694268938498,-0.270059269141495,-1.18007884349751,140,"reactome","Ccnb1; Cdc25b; Hdac1; Ube2i; Zeb1; Ywhaz; Cdk2; Ep300; Actl6a; Smarcd2; Ywhah; Ctnnb1; Mcm5; Actb; Plk1; Smarce1; Mcm2; Atp6v1d; Tcf7; Usf1; Xpo1; Tnrc6c; Brca1; Ywhab; Creb1; Mark3; Atp6v1a; Atp6v1c1; Ywhae","thymus","MHU-2","GLDS-289","Stat_(MHU-1 & Space Flight & uG)v(MHU-1 & Ground Control & 1G on Earth)",1,"flight_positive"
"REACTOME_MITOCHONDRIAL_BIOGENESIS",0.348,0.445883383080726,0.0995791200495904,-0.265980244695625,-1.04491520619749,76,"reactome","Nrf1; Med1; Camk4; Idh2; Calm1; Acss2; Hcfc1; Gabpb1; Tfb1m; Creb1; Chchd3; Crtc3; Gabpa; Apool; Ncor1; Tfb2m; Immt; Micos10; Atf2; Mterf1a; Tbl1xr1; Chchd6; Dnajc11; Mapk14; Ncoa6","thymus","MHU-2","GLDS-289","Stat_(MHU-1 & Space Flight & uG)v(MHU-1 & Ground Control & 1G on Earth)",1,"flight_positive"
"REACTOME_MITOCHONDRIAL_CALCIUM_ION_TRANSPORT",0.339920948616601,0.437273010272906,0.10027910675413,-0.363393246264952,-1.09675628101515,21,"reactome","Vdac1; Vdac2; Micu1; Vdac3; Yme1l1; Maip1; Mcu; Smdt1","thymus","MHU-2","GLDS-289","Stat_(MHU-1 & Space Flight & uG)v(MHU-1 & Ground Control & 1G on Earth)",1,"flight_positive"
"REACTOME_MITOCHONDRIAL_FATTY_ACID_BETA_OXIDATION",0.79718875502008,0.845798740990786,0.0562940749700968,-0.232789997161372,-0.791086660594064,35,"reactome","Them4; Dbi; Hadha; Hadh; Acaa2; Acot13; Hadhb","thymus","MHU-2","GLDS-289","Stat_(MHU-1 & Space Flight & uG)v(MHU-1 & Ground Control & 1G on Earth)",1,"flight_positive"
"REACTOME_MITOCHONDRIAL_PROTEIN_DEGRADATION",0.34826883910387,0.445883383080726,0.100633389423036,-0.260963037427013,-1.04127726286035,83,"reactome","Pdha1; Prelid1; Pdhb; Hsd17b10; Idh2; Aco2; Mdh2; Cs; Slc25a5; Dbt; Hadh; Bdh1; Ndufv1; Oxct1; Hmgcs2; Mrps2; Idh3a; Yme1l1; Chchd2; Opa1","thymus","MHU-2","GLDS-289","Stat_(MHU-1 & Space Flight & uG)v(MHU-1 & Ground Control & 1G on Earth)",1,"flight_positive"
"REACTOME_MITOCHONDRIAL_PROTEIN_IMPORT",0.00834732505244407,0.0199080008994131,0.380730400722792,-0.427931392638052,-1.60853305298101,60,"reactome","Vdac1; Timm23; Aco2; Grpel1; Cox19; Timm50; Timm17b; Cs; Tomm22; Grpel2; Chchd3; Bcs1l; Timm8b; Timm8a1; Tomm20; Chchd4; Slc25a13; Pitrm1; Timm21; Chchd2","thymus","MHU-2","GLDS-289","Stat_(MHU-1 & Space Flight & uG)v(MHU-1 & Ground Control & 1G on Earth)",1,"flight_positive"
"REACTOME_MITOCHONDRIAL_TRANSLATION",0.00639973600563384,0.015786991794218,0.407017918923954,-0.368376662385457,-1.49885520772193,93,"reactome","Mrpl58; Mrps24; Mrpl47; Mrps14; Mrpl35; Mrpl28; Mrpl30; Mrps31; Mrpl48; Mrps36; Mrpl57; Mrpl9; Mrpl46; Mrps22; Mrps17; Mtif3; Mrpl19; Mrps2; Mrpl41; Dap3; Mrps11; Mtfmt; Mrps9; Mrps30; Mtif2; Mrps28; Mrpl16; Mrpl15; Gadd45gip1; Mrpl40; Aurkaip1; Gfm1; Tufm; Mrpl51; Eral1; Mrpl34; Mrpl43; Ptcd3; Mrpl10; Mrpl50; Mrps23; Mrps7; Mrps10; Mrps21; Mrps16; Mrpl44; Chchd1; Mtrf1l; Mrpl32; Mrpl13; Mrpl18; Mrpl12; Mrpl22; Mrpl53","thymus","MHU-2","GLDS-289","Stat_(MHU-1 & Space Flight & uG)v(MHU-1 & Ground Control & 1G on Earth)",1,"flight_positive"
"REACTOME_MITOCHONDRIAL_TRNA_AMINOACYLATION",0.0234414889421935,0.0495488727052639,0.352487857583619,-0.561484572042971,-1.60721376264272,18,"reactome","Yars2; Vars2; Mars2; Lars2; Dars2; Fars2; Hars2; Ppa2; Ears2; Aars2; Wars2","thymus","MHU-2","GLDS-289","Stat_(MHU-1 & Space Flight & uG)v(MHU-1 & Ground Control & 1G on Earth)",1,"flight_positive"
"REACTOME_MITOCHONDRIAL_UNFOLDED_PROTEIN_RESPONSE_UPRMT",0.395582329317269,0.491854384087677,0.0922597260527354,-0.372802566109494,-1.03238008604191,16,"reactome","Nrf1; Akt1; Foxo3; Cat","thymus","MHU-2","GLDS-289","Stat_(MHU-1 & Space Flight & uG)v(MHU-1 & Ground Control & 1G on Earth)",1,"flight_positive"
"REACTOME_MITOPHAGY",0.0209513027337298,0.0452615317574363,0.352487857583619,-0.44941358184131,-1.55249904282496,39,"reactome","Ubb; Vdac1; Atg12; Uba52; Map1lc3b; Tomm22; Csnk2b; Vdac2; Mfn2; Ube2d3; Vdac3; Tomm20; Atg5; Atg9a; Ube2l3; Tbk1; Pink1; Tomm70a; Csnk2a2; Rps27a; Sqstm1; Csnk2a1; Pgam5; Tomm5","thymus","MHU-2","GLDS-289","Stat_(MHU-1 & Space Flight & uG)v(MHU-1 & Ground Control & 1G on Earth)",1,"flight_positive"
"REACTOME_MITOTIC_G1_PHASE_AND_G1_S_TRANSITION",5.37330032574431e-20,1.31645857980736e-18,1.16017957183021,-0.634584080640223,-2.76139577001048,137,"reactome","Ccnb1; E2f2; Cdkn2c; Top2a; Ubb; Rrm2; Cdk1; Ccna2; Pcna; Dbf4; Psmd8; Fbxo5; Prim1; Cdc45; Skp2; Cdkn2d; Hdac1; Wee1; Cdk2; Cks1b; Tyms; Psmc1; Rbl2; Uba52; Cdkn1b; Pole; Mcm10; Psmb7; Rbl1; Lin54; Pole2; Dyrk1a; Psmd13; Psmb1; Mcm5; Cdk4; Orc6; Ppp2ca; Mcm7; Abl1; Tfdp1; Psma1; Mcm2; Psmb5; Lin9; Cdc6; Ccne2; Psmd6; Psmc3; Tk1; Mcm3; Akt1; Ccnh; Mcm6; Cdc7; Psmd11; Rb1; Orc5; Ppp2r1b; Psmb4; Pole4; Mcm4; Mcm8; Rpa2; Psmb3; E2f1; Cdc25a; Orc1; Psmb6; Ccne1; Psma7; Pola2; Psmc6; E2f6; Mybl2; Psmc4; Psmc2; Psma2; Cdk7; Cdt1","thymus","MHU-2","GLDS-289","Stat_(MHU-1 & Space Flight & uG)v(MHU-1 & Ground Control & 1G on Earth)",1,"flight_positive"
"REACTOME_MITOTIC_G2_G2_M_PHASES",1.51797452286356e-26,9.6257443273348e-25,1.33449749081658,-0.64316032633053,-2.93138039231102,181,"reactome","Ccnb1; Tuba1b; Aurka; Tubb5; Tubb4b; Gtse1; Tubb2a; Plk4; Ubb; Cdk1; Dynll1; Ccna2; Cep43; Ccnb2; Cep76; Tubb2b; Tubgcp6; Psmd8; Clasp1; Sgo1; Cdc25b; Cenpf; Wee1; Ckap5; Hmmr; Cdk2; Foxm1; Tuba1c; Tubgcp3; Tuba1a; Actr1a; Tpx2; Pafah1b1; Ep300; Dync1i2; Psmc1; Uba52; Cdc25c; Cep192; Nek2; Psmb7; Lin54; Ticrr; Ssna1; Tubgcp4; Haus2; Psmd13; Alms1; Psmb1; Mis18bp1; Ccp110; Bora; Plk1; Ppp2ca; Nde1; Psma1; Xpo1; Psmb5; Lin9; Haus8; Cep70; Psmd6; Psmc3; Ccnh; Fbxw11; Cep72; Rbx1; Cetn2; Lcmt1; Ywhae; Cep152; Dync1h1; Csnk1e; Psmd11; Ppp2r1b; Psmb4; Cep57; Pcnt; Psmb3; E2f1; Odf2; Fzr1; Cdc25a; Psmb6; Psma7; Haus1; Psmc6; Mybl2; Psmc4; Tubgcp5; Pkmyt1; Psmc2; Psma2; Cdk7","thymus","MHU-2","GLDS-289","Stat_(MHU-1 & Space Flight & uG)v(MHU-1 & Ground Control & 1G on Earth)",1,"flight_positive"
"REACTOME_MITOTIC_METAPHASE_AND_ANAPHASE",1.34784000280815e-39,4.84323841009061e-37,1.6407416852705,-0.693005663375505,-3.22212514578914,211,"reactome","Anapc5; Ppp2r5c; Ccnb1; Tuba1b; Bub3; Lbr; Ppp2r5a; Cenpl; Tubb4b; Kif2c; Tubb2a; Kif18a; Ppp2r5d; Cenpi; Cdc20; Ubb; Cdk1; Tmpo; Dynll1; Ccnb2; Bub1b; Tubb2b; Rcc1; Psmd8; Clasp1; Cdca5; Anapc1; Fbxo5; Ercc6l; Sgo1; Cenpf; Cenpa; Ube2i; Banf1; Ckap5; Ndc80; Nup188; Incenp; Tuba1c; Ppp2r5e; Ska2; Tuba1a; Mad2l1; Cdca8; Pafah1b1; Bub1; Dync1i2; Psmc1; Rad21; Sgo2a; Uba52; Cenpk; Aurkb; Nup62; Cenpq; Ndc1; Nup107; Ist1; Psmb7; Ran; Nup205; Zw10; Itgb3bp; Cenpo; Spdl1; Psmd13; Psmb1; Cenpn; Plk1; Ppp2ca; Nde1; Spc25; Nsl1; Seh1l; Rangap1; Birc5; Nup37; Psma1; Cenpu; Xpo1; Nuf2; Cenpe; Psmb5; Sec13; Nup160; Anapc7; Cenpp; Psmd6; Espl1; Cenpc1; Kpnb1; Cdc27; Psmc3; Knl1; Dsn1; Nup155; Tnpo1; Lmnb1; Dync1h1; Vps4a; Mad1l1; Clasp2; Psmd11; Pds5b; Ppp2r1b; B9d2; Psmb4; Chmp7; Ube2c; Vrk2; Psmb3; Hdac8; Pds5a","thymus","MHU-2","GLDS-289","Stat_(MHU-1 & Space Flight & uG)v(MHU-1 & Ground Control & 1G on Earth)",1,"flight_positive"
"REACTOME_MITOTIC_PROMETAPHASE",1.10362558423357e-37,1.98284729967298e-35,1.5959566534683,-0.696552402652068,-3.21081809071869,192,"reactome","Ppp2r5c; Ccnb1; Tuba1b; Bub3; Tubb5; Ppp2r5a; Cenpl; Tubb4b; Kif2c; Tubb2a; Plk4; Kif18a; Ppp2r5d; Cenpi; Cdc20; Cdk1; Dynll1; Cep43; Ccnb2; Bub1b; Cep76; Tubb2b; Tubgcp6; Clasp1; Cdca5; Ercc6l; Sgo1; Cenpf; Cenpa; Ncaph; Ncapd2; Ckap5; Ndc80; Incenp; Tuba1c; Tubgcp3; Ppp2r5e; Ska2; Tuba1a; Mad2l1; Cdca8; Actr1a; Pafah1b1; Bub1; Dync1i2; Rad21; Sgo2a; Cenpk; Cep192; Aurkb; Cenpq; Nup107; Nek2; Zw10; Itgb3bp; Ssna1; Cenpo; Spdl1; Tubgcp4; Haus2; Alms1; Ccp110; Cenpn; Plk1; Ncapg; Ppp2ca; Nde1; Csnk2b; Spc25; Nsl1; Seh1l; Rangap1; Birc5; Nup37; Cenpu; Xpo1; Nuf2; Cenpe; Sec13; Nup160; Haus8; Cenpp; Cep70; Cenpc1; Knl1; Dsn1; Cep72; Cetn2; Ywhae; Cep152; Dync1h1; Mad1l1; Csnk1e; Clasp2; Pds5b; Ppp2r1b; B9d2; Cep57; Pcnt; Hdac8; Pds5a","thymus","MHU-2","GLDS-289","Stat_(MHU-1 & Space Flight & uG)v(MHU-1 & Ground Control & 1G on Earth)",1,"flight_positive"
"REACTOME_MITOTIC_PROPHASE",1.33182012830626e-28,1.19641841526179e-26,1.38774608305349,-0.728365934324173,-3.1139553003626,122,"reactome","Ccnb1; H2ac13; H3f3a; H2ac10; H3c10; H2bc18; H2ac4; H3c7; Ncapd3; H3c2; Cdk1; Tmpo; H3c11; H3c8; Ccnb2; H2bc4; H4c4; H3c15; Prkcb; H3c1; H4c6; H3c4; H2bc21; H2ac19; Banf1; Nup188; H2ac20; H4c16; H4c1; H3c3; H2bc8; H4c14; Nup62; H4c12; Ndc1; Nup107; H4c2; H4c3; H2ax; H2bc3; H4c17; Nup205; Mcph1; H2bc7; H4c11; Ncaph2; Plk1; Ppp2ca; Lpin2; Cnep1r1; H2bc14; Seh1l; Nup37; H2bc6; Sec13; Nup88; Ncapg2; Nup160; Rab1a; H2ac18; H4c18; H4c8; Nup50; Nup155; Lmnb1; H3f3b; Uso1; Rb1; Ppp2r1b; H2ac7; Vrk2; Rae1; Vrk1; Nup54; Smc2","thymus","MHU-2","GLDS-289","Stat_(MHU-1 & Space Flight & uG)v(MHU-1 & Ground Control & 1G on Earth)",1,"flight_positive"
"REACTOME_MITOTIC_SPINDLE_CHECKPOINT",8.90925980201641e-27,6.00261379160856e-25,1.34223377296446,-0.738088019473258,-3.09219276691074,109,"reactome","Anapc5; Ppp2r5c; Bub3; Ppp2r5a; Cenpl; Kif2c; Kif18a; Ppp2r5d; Cenpi; Cdc20; Dynll1; Bub1b; Clasp1; Anapc1; Ercc6l; Sgo1; Cenpf; Cenpa; Ckap5; Ndc80; Incenp; Ppp2r5e; Ska2; Mad2l1; Cdca8; Pafah1b1; Bub1; Dync1i2; Sgo2a; Cenpk; Aurkb; Cenpq; Nup107; Zw10; Itgb3bp; Cenpo; Spdl1; Cenpn; Plk1; Ppp2ca; Nde1; Spc25; Nsl1; Seh1l; Rangap1; Birc5; Nup37; Cenpu; Xpo1; Nuf2; Cenpe; Sec13; Nup160; Anapc7; Cenpp; Cenpc1; Cdc27; Knl1; Dsn1; Dync1h1; Mad1l1; Clasp2; Ppp2r1b; B9d2; Ube2c","thymus","MHU-2","GLDS-289","Stat_(MHU-1 & Space Flight & uG)v(MHU-1 & Ground Control & 1G on Earth)",1,"flight_positive"
"REACTOME_MODULATION_OF_HOST_RESPONSES_BY_IFN_STIMULATED_GENES",0.0105402882741098,0.0245408871695257,0.380730400722792,0.606404728348,1.72042996433012,17,"reactome","Hspa5; Ifi27; Ifi44; Uba7; Isg15; Ifih1; Fkbp5","thymus","MHU-2","GLDS-289","Stat_(MHU-1 & Space Flight & uG)v(MHU-1 & Ground Control & 1G on Earth)",1,"flight_positive"
"REACTOME_MOLECULES_ASSOCIATED_WITH_ELASTIC_FIBRES",0.00186806803371937,0.00521703974183803,0.45505986738723,0.524119158027612,1.82013610205681,36,"reactome","Ltbp3; Fn1; Ltbp2; Ltbp1; Itgb3; Fbln5; Tgfb3; Itgb5; Tgfb2; Ltbp4; Eln; Itgb8; Mfap4","thymus","MHU-2","GLDS-289","Stat_(MHU-1 & Space Flight & uG)v(MHU-1 & Ground Control & 1G on Earth)",1,"flight_positive"
"REACTOME_MRNA_CAPPING",0.000829781772303855,0.00255572785869587,0.477270815362862,-0.594420212448414,-1.90871297653518,29,"reactome","Gtf2h4; Polr2c; Ncbp1; Rnmt; Gtf2f2; Ccnh; Rngtt; Polr2a; Polr2d; Ercc3; Cdk7; Gtf2h1; Polr2b; Supt5; Gtf2h3; Polr2f","thymus","MHU-2","GLDS-289","Stat_(MHU-1 & Space Flight & uG)v(MHU-1 & Ground Control & 1G on Earth)",1,"flight_positive"
"REACTOME_MRNA_DECAY_BY_5_TO_3_EXORIBONUCLEASE",0.0728744939271255,0.132031436056204,0.237793834423688,-0.528369499865705,-1.44225000688938,15,"reactome","Edc3; Ddx6; Lsm3; Dcp1a; Lsm1; Dcp2; Patl1; Lsm6; Edc4; Dcp1b","thymus","MHU-2","GLDS-289","Stat_(MHU-1 & Space Flight & uG)v(MHU-1 & Ground Control & 1G on Earth)",1,"flight_positive"
"REACTOME_MRNA_SPLICING",1.38505492001524e-07,9.44993166947106e-07,0.690132458796796,-0.412949198517366,-1.92000450616131,211,"reactome","Hnrnpk; Plrg1; Dhx15; Prpf8; Smu1; Dhx8; Hnrnpc; Puf60; Phf5a; Rbm10; Ppil2; Sf3b3; Polr2c; Snu13; Cdc40; Ppp1r8; Ncbp1; Srsf2; Rbm7; Txnl4a; Snrnp200; Dhx9; Snrpb; Fam32a; Usp39; Ddx39b; Ptbp1; Ctnnbl1; Tra2b; Snrnp25; Cdc5l; Snrnp40; Mfap1a; Snrpb2; U2af2; Nkap; Gtf2f2; Hnrnpf; Ppil1; Hspa8; Hnrnpr; Cwc25; Lsm3; Aqr; Hnrnpl; Hnrnph1; Polr2a; Prpf18; Srsf7; Steep1; Bud31; Rbm5; Magoh; Rbm22; Prpf38a; Prpf19; Rnpc3; Snip1; Rbm39; Cactin; Sf3b1; Polr2d; Gpkow; Xab2; Srsf4; Prkrip1; Snw1; Rbmx; Rbmx2; Crnkl1; Sf3a1; Gcfc2; Snrpd2; Polr2b; Ddx23; Dhx38; Dhx35; Ppie; Rnf113a1","thymus","MHU-2","GLDS-289","Stat_(MHU-1 & Space Flight & uG)v(MHU-1 & Ground Control & 1G on Earth)",1,"flight_positive"
"REACTOME_MRNA_SPLICING_MINOR_PATHWAY",0.000567880099737344,0.00183836260515573,0.477270815362862,-0.506155272856366,-1.84274244681295,50,"reactome","Prpf8; Sf3b3; Polr2c; Ncbp1; Srsf2; Txnl4a; Snrnp200; Snrpb; Snrnp25; Snrnp40; Gtf2f2; Polr2a; Srsf7; Rnpc3; Sf3b1; Polr2d; Snrpd2; Polr2b; Ddx23","thymus","MHU-2","GLDS-289","Stat_(MHU-1 & Space Flight & uG)v(MHU-1 & Ground Control & 1G on Earth)",1,"flight_positive"
"REACTOME_MTORC1_MEDIATED_SIGNALLING",0.00868175246413818,0.0205690750688812,0.380730400722792,-0.544081150608895,-1.67228660187465,24,"reactome","Lamtor3; Fkbp1a; Ywhab; Eif4b; Slc38a9; Rps6kb1; Rraga; Mlst8; Mtor; Eif4e; Rptor; Rps6; Lamtor5; Rragd; Rheb","thymus","MHU-2","GLDS-289","Stat_(MHU-1 & Space Flight & uG)v(MHU-1 & Ground Control & 1G on Earth)",1,"flight_positive"
"REACTOME_MTOR_SIGNALLING",0.0169219064272677,0.0374575259314057,0.352487857583619,-0.44589610743014,-1.54211365137318,40,"reactome","Lamtor3; Cab39; Fkbp1a; Ywhab; Eif4b; Stradb; Akt1; Slc38a9; Ppm1a; Tsc1; Rps6kb1; Rraga; Mlst8; Akt2; Mtor; Eif4e; Rptor; Rps6; Lamtor5","thymus","MHU-2","GLDS-289","Stat_(MHU-1 & Space Flight & uG)v(MHU-1 & Ground Control & 1G on Earth)",1,"flight_positive"
"REACTOME_MUSCLE_CONTRACTION",0.000870340750093941,0.00265035968531432,0.477270815362862,0.349919295983562,1.57684607231627,175,"reactome","Cald1; Slc8a1; Cacna1h; Anxa1; Neb; Vcl; Kcnk2; Mylk; Hipk2; Atp1b3; Aldh2; Dmpk; Asph; Kcnip3; Actn3; Fgf11; Acta2; Kcnk6; Scn1a; Abcc9; Tnnt2; Itgb5; Dysf; Tpm2; Nos1; Gucy1a2; Atp1a2; Cacna1g; Itga1; Atp2b1; Trpc1; Wwtr1; Myh11; Kcnj2; Npr1; Kcnk13; Rangrf; Atp1b1; Camk2b; Kcnq1; Dmd; Lmod1; Pln; Fgf14; Fxyd6; Scn7a; Gucy1b1; Atp1a3; Scn9a; Fxyd2; Sorbs3; Gucy1a1; Myh8; Scn8a; Mme; Trdn; Fxyd3; Scn1b; Npr2; Ryr3; Cacng7; Myl7; Cacnb2; Tpm1; Kcnd1; Kcnk9; Prkaca","thymus","MHU-2","GLDS-289","Stat_(MHU-1 & Space Flight & uG)v(MHU-1 & Ground Control & 1G on Earth)",1,"flight_positive"
"REACTOME_MYD88_INDEPENDENT_TLR4_CASCADE",0.516068052930057,0.598985457350423,0.0745500777420554,0.228519246209402,0.968302014992567,109,"reactome","App; Irf7; Ticam1; Ikbke; Tlr4; Irak1; Tnip2; Jun; Mef2c; Nod1; Mapk11; Mapkapk3; Nfkb1; Ubc; Nlrc5; Alpk1; Tank; Nfkb2; Elk1; Usp18; Saa2; Tifa; Nkiras1; Fos; Cd14; Irak2; Rps6ka1; Optn","thymus","MHU-2","GLDS-289","Stat_(MHU-1 & Space Flight & uG)v(MHU-1 & Ground Control & 1G on Earth)",1,"flight_positive"
"REACTOME_MYOGENESIS",0.218074656188605,0.317681728880157,0.129442887745046,0.385176293684038,1.20340784576966,24,"reactome","Cdh4; Boc; Neo1; Ctnna1; Mef2c; Cdh2; Mapk11","thymus","MHU-2","GLDS-289","Stat_(MHU-1 & Space Flight & uG)v(MHU-1 & Ground Control & 1G on Earth)",1,"flight_positive"
"REACTOME_M_DECAY_DEGRADATION_OF_MATERNAL_MRNAS_BY_MATERNALLY_STORED_FACTORS",0.0106666442984507,0.024781557227866,0.380730400722792,-0.510608552375496,-1.65354224630756,30,"reactome","Cnot8; Cnot2; Cnot10; Paip2; Eif4b; Eif4a1; Cnot9; Pabpc1; Eloc; Cnot6; Ago2; Polr2d; Cnot11; Cnot6l; Cnot4; Dicer1; Cnot1; Eif4e; Pabpn1l","thymus","MHU-2","GLDS-289","Stat_(MHU-1 & Space Flight & uG)v(MHU-1 & Ground Control & 1G on Earth)",1,"flight_positive"
"REACTOME_M_PHASE",3.99156091626119e-69,4.30290266772956e-66,2.172881085165,-0.691789583167454,-3.43959630425831,371,"reactome","Anapc5; Ppp2r5c; Ccnb1; Tuba1b; H2ac13; Bub3; H3f3a; H2ac10; Lbr; Tubb5; H3c10; H2bc18; Ppp2r5a; Cenpl; H2ac4; Tubb4b; H3c7; Kif2c; Tubb2a; Plk4; Kif18a; Ncapd3; Ppp2r5d; Cenpi; Cdc20; H3c2; Ubb; Cdk1; Tmpo; Dynll1; H3c11; Cep43; H3c8; Ccnb2; Bub1b; Cep76; H2bc4; H4c4; Tubb2b; H3c15; Tubgcp6; Rcc1; Prkcb; Psmd8; Clasp1; Cdca5; Anapc1; H3c1; Kif20a; Fbxo5; Ercc6l; Sgo1; Cenpf; Cenpa; H4c6; H3c4; H2bc21; H2ac19; Ube2i; Banf1; Ncaph; Ncapd2; Ckap5; Ndc80; Nup188; Incenp; Tuba1c; Tubgcp3; Ppp2r5e; H2ac20; Ska2; Tuba1a; H4c16; Mad2l1; Cdca8; Actr1a; H4c1; Pafah1b1; Bub1; Dync1i2; Psmc1; Rad21; H3c3; Sgo2a; Uba52; H2bc8; Cenpk; Cep192; Aurkb; H4c14; Nup62; H4c12; Cenpq; Ndc1; Mau2; Nup107; Nek2; H4c2; H4c3; Ist1; Psmb7; Ran; H2ax; H2bc3; H4c17; Nup205; Zw10; Mcph1; Itgb3bp; Ssna1; Cenpo; H2bc7; Spdl1; Tubgcp4; Haus2; Psmd13; Alms1; H4c11; Psmb1; Ncaph2; Ccp110; Cenpn; Plk1; Ncapg; Ppp2ca; Nde1; Lpin2; Csnk2b; Cnep1r1; Spc25; Nsl1; H2bc14; Seh1l; Rangap1; Birc5; Nup37; Psma1; Cenpu; H2bc6; Xpo1; Nuf2; Cenpe; Psmb5; Sec13; Nup88; Ncapg2; Nup160; Haus8; Anapc7; Rab1a; Cenpp; Cep70; Psmd6; Espl1; Cenpc1; Kpnb1; Cdc27; H2ac18; H4c18; H4c8; Psmc3; Knl1; Nup50; Dsn1; Nup155; Cep72; Tnpo1; Lmnb1; Cetn2; H3f3b; Uso1; Ywhae; Cep152; Dync1h1; Vps4a; Mad1l1; Csnk1e; Clasp2; Psmd11; Rb1; Pds5b; Ppp2r1b; B9d2; Psmb4; Chmp7; Ube2c; H2ac7; Cep57; Pcnt; Vrk2; Psmb3; Hdac8","thymus","MHU-2","GLDS-289","Stat_(MHU-1 & Space Flight & uG)v(MHU-1 & Ground Control & 1G on Earth)",1,"flight_positive"
"REACTOME_NA_CL_DEPENDENT_NEUROTRANSMITTER_TRANSPORTERS",0.417322834645669,0.508152967733369,0.0880945010398517,0.372214670094869,1.02383974578311,15,"reactome","Slc6a7; Slc6a20a; Slc6a2","thymus","MHU-2","GLDS-289","Stat_(MHU-1 & Space Flight & uG)v(MHU-1 & Ground Control & 1G on Earth)",1,"flight_positive"
"REACTOME_NCAM1_INTERACTIONS",1.76480212329365e-06,9.70641167811508e-06,0.643551836150722,0.644477660207774,2.28267340900681,40,"reactome","Cacna1h; Col4a1; Cacna1d; Col6a2; Col6a1; Agrn; Col4a2; Prnp; Col6a3; Gfra4; Col2a1; Cacna1g; Col5a2; Col6a5; Col4a5","thymus","MHU-2","GLDS-289","Stat_(MHU-1 & Space Flight & uG)v(MHU-1 & Ground Control & 1G on Earth)",1,"flight_positive"
"REACTOME_NCAM_SIGNALING_FOR_NEURITE_OUT_GROWTH",2.25136449066625e-05,0.000100288054584224,0.575610261071129,0.514491168192002,1.97404890237728,61,"reactome","Cacna1h; Col4a1; Cacna1d; Col6a2; Col6a1; Agrn; Col4a2; Src; Grb2; Prnp; Col6a3; Gfra4; Col2a1; Cacna1g; Col5a2; Sptb; Col6a5; Col4a5; Fyn","thymus","MHU-2","GLDS-289","Stat_(MHU-1 & Space Flight & uG)v(MHU-1 & Ground Control & 1G on Earth)",1,"flight_positive"
"REACTOME_NEDDYLATION",1.47655004418666e-08,1.17038304973031e-07,0.747739663149885,-0.428191761143006,-2.01359746814221,222,"reactome","Ccnf; Fem1b; Ubb; Klhl11; Psmd8; Klhl9; Skp2; Fbxl14; Kbtbd6; Fem1a; Fbxl8; Fbxl12; Cand1; Psmc1; Uba52; Ddb1; Gps1; Spsb3; Fbxl3; Psmb7; Kbtbd7; Psmd13; Klhl42; Psmb1; Fem1c; Dcaf10; Birc5; Psma1; Rnf7; Commd2; Psmb5; Brca1; Dcun1d2; Fbxl22; Fbxl4; Psmd6; Amer1; Psmc3; Lrrc41; Rbbp5; Dtl; Fbxw11; Kctd7; Commd1; Rbx1; Wdtc1; Dda1; Ube2d3; Fbxw2; Vhl; Vcp; Psmd11; Fbxw10; Dcaf17; Fbxo30; Psmb4; Psmb3; Fbxw5; Kbtbd8; Uchl3; Cul2; Lrr1; Eloc; Dcaf6; Psmb6; Psma7; Commd7; Ankrd9; Cops3; Nploc4; Psmc6; Rbbp7; Psmc4; Uba3; Psmc2; Psma2; Commd3; Pum2; Cul3; Psmd3; Dcaf13; Dpp3; Cops4; Ccdc22; Fbxo44; Ercc8; Fbxo27; Dcaf8; Commd5; Fbxo40; Cops5; Skp1; Asb6; Cops6","thymus","MHU-2","GLDS-289","Stat_(MHU-1 & Space Flight & uG)v(MHU-1 & Ground Control & 1G on Earth)",1,"flight_positive"
"REACTOME_NEF_MEDIATES_DOWN_MODULATION_OF_CELL_SURFACE_RECEPTORS_BY_RECRUITING_THEM_TO_CLATHRIN_ADAPTERS",0.00508685910990317,0.0127823639171926,0.407017918923954,-0.583247016495284,-1.7602964152453,21,"reactome","Cd8b1; Ap2b1; Lck; Cd4; Ap1m1; Arf1; Ap2s1; Ap2m1; Ap1g1","thymus","MHU-2","GLDS-289","Stat_(MHU-1 & Space Flight & uG)v(MHU-1 & Ground Control & 1G on Earth)",1,"flight_positive"
"REACTOME_NEGATIVE_EPIGENETIC_REGULATION_OF_RRNA_EXPRESSION",3.47936609493529e-22,1.17211145323133e-20,1.22105375677186,-0.742736923579261,-3.01075525227721,90,"reactome","H2ac13; H3f3a; H2ac10; H3c10; H2bc18; H2ac4; Sin3b; H3c7; H3c2; H3c11; H3c8; H2bc4; H4c4; H3c15; H3c1; H4c6; Gtf2h4; H3c4; Hdac1; H2bc21; H2ac19; Suv39h1; H2ac20; H4c16; H4c1; Dnmt1; H3c3; H2bc8; H4c14; H4c12; H4c2; H4c3; H2ax; H2bc3; H4c17; H2bc7; H4c11; Tbp; H2bc14; H2bc6; Sap30; H2ac18; H4c18; H4c8; Ccnh; Polr1d; H3f3b","thymus","MHU-2","GLDS-289","Stat_(MHU-1 & Space Flight & uG)v(MHU-1 & Ground Control & 1G on Earth)",1,"flight_positive"
"REACTOME_NEGATIVE_REGULATION_OF_FGFR1_SIGNALING",0.301229508196721,0.403573555687909,0.110122263835536,-0.360503497636062,-1.12969434344197,26,"reactome","Cbl; Ubb; Uba52; Ppp2ca; Ptpn11","thymus","MHU-2","GLDS-289","Stat_(MHU-1 & Space Flight & uG)v(MHU-1 & Ground Control & 1G on Earth)",1,"flight_positive"
"REACTOME_NEGATIVE_REGULATION_OF_FGFR2_SIGNALING",0.344195519348269,0.441803278688525,0.101350743797099,-0.345375354424009,-1.08758587795443,27,"reactome","Cbl; Ubb; Uba52; Ppp2ca; Ptpn11","thymus","MHU-2","GLDS-289","Stat_(MHU-1 & Space Flight & uG)v(MHU-1 & Ground Control & 1G on Earth)",1,"flight_positive"
"REACTOME_NEGATIVE_REGULATION_OF_FGFR3_SIGNALING",0.225152129817444,0.325790598581483,0.129442887745046,-0.392829152205504,-1.20739879946928,24,"reactome","Cbl; Ubb; Uba52; Ppp2ca; Ptpn11","thymus","MHU-2","GLDS-289","Stat_(MHU-1 & Space Flight & uG)v(MHU-1 & Ground Control & 1G on Earth)",1,"flight_positive"
"REACTOME_NEGATIVE_REGULATION_OF_FGFR4_SIGNALING",0.202061855670103,0.301276183142975,0.13880510939114,-0.395583452096123,-1.22888954121201,25,"reactome","Cbl; Ubb; Uba52; Ppp2ca; Ptpn11","thymus","MHU-2","GLDS-289","Stat_(MHU-1 & Space Flight & uG)v(MHU-1 & Ground Control & 1G on Earth)",1,"flight_positive"
"REACTOME_NEGATIVE_REGULATION_OF_FLT3",0.0252878815179667,0.0525247327097652,0.352487857583619,-0.574522877915877,-1.56823136998424,15,"reactome","Cbl; Sla2; Ubb; Uba52; Sla","thymus","MHU-2","GLDS-289","Stat_(MHU-1 & Space Flight & uG)v(MHU-1 & Ground Control & 1G on Earth)",1,"flight_positive"
"REACTOME_NEGATIVE_REGULATION_OF_MAPK_PATHWAY",1.04435818240439e-05,5.04851175171272e-05,0.593325476396405,-0.604372349323977,-2.1276983834334,43,"reactome","Ppp2r5c; Ppp2r5a; Ptpn7; Ppp2r5d; Ubb; Ppp2r5e; Raf1; Uba52; Nras; Dusp10; Ppp2ca; Ywhab; Mark3; Brap; Kras; Ppp2r1b","thymus","MHU-2","GLDS-289","Stat_(MHU-1 & Space Flight & uG)v(MHU-1 & Ground Control & 1G on Earth)",1,"flight_positive"
"REACTOME_NEGATIVE_REGULATION_OF_MET_ACTIVITY",0.0122834271552627,0.0281136613022785,0.380730400722792,-0.541465538737492,-1.6341958378902,21,"reactome","Cbl; Ubb; Uba52; Sh3kbp1; Stam2; Stam; Sh3gl3","thymus","MHU-2","GLDS-289","Stat_(MHU-1 & Space Flight & uG)v(MHU-1 & Ground Control & 1G on Earth)",1,"flight_positive"
"REACTOME_NEGATIVE_REGULATION_OF_NMDA_RECEPTOR_MEDIATED_NEURONAL_TRANSMISSION",0.536,0.616657417289221,0.0755015292281669,-0.316790906440702,-0.925479410010847,19,"reactome","Camk4; Calm1; Dlg3; Ppm1e; Dlg4","thymus","MHU-2","GLDS-289","Stat_(MHU-1 & Space Flight & uG)v(MHU-1 & Ground Control & 1G on Earth)",1,"flight_positive"
"REACTOME_NEGATIVE_REGULATION_OF_NOTCH4_SIGNALING",8.66375957560269e-07,4.99440257887685e-06,0.659444398037935,-0.635748146897305,-2.24181515493494,44,"reactome","Ubb; Psmd8; Ywhaz; Psmc1; Uba52; Tacc3; Psmb7; Psmd13; Psmb1; Psma1; Psmb5; Psmd6; Psmc3; Akt1; Rbx1; Psmd11; Psmb4; Psmb3; Psmb6; Psma7; Psmc6; Psmc4; Psmc2; Psma2","thymus","MHU-2","GLDS-289","Stat_(MHU-1 & Space Flight & uG)v(MHU-1 & Ground Control & 1G on Earth)",1,"flight_positive"
"REACTOME_NEGATIVE_REGULATION_OF_THE_PI3K_AKT_NETWORK",0.113445378151261,0.188434695912263,0.191892240384838,-0.286141259305367,-1.20191568584285,108,"reactome","Ppp2r5c; Ppp2r5a; Rac2; Ppp2r5d; Traf6; Pik3cg; Lck; Trat1; Ppp2r5e; Pten; Vav1; Pip4k2a; Them4; Ppp2ca; Ptpn11","thymus","MHU-2","GLDS-289","Stat_(MHU-1 & Space Flight & uG)v(MHU-1 & Ground Control & 1G on Earth)",1,"flight_positive"
"REACTOME_NEGATIVE_REGULATORS_OF_DDX58_IFIH1_SIGNALING",0.240480961923848,0.342003267749219,0.12384217120105,-0.347163191955403,-1.15949842744766,33,"reactome","Ubb; Tnfaip3; Atg12; Uba52; Pin1; Itch; Ube2d3; Irf3; Atg5; Tax1bp1; Rnf125; Tbk1","thymus","MHU-2","GLDS-289","Stat_(MHU-1 & Space Flight & uG)v(MHU-1 & Ground Control & 1G on Earth)",1,"flight_positive"
"REACTOME_NEPHRIN_FAMILY_INTERACTIONS",0.173913043478261,0.264426319985282,0.147331213699377,-0.422583562928933,-1.27539843312924,21,"reactome","Nck2; Nphs2; Sptan1; Iqgap1; Nck1; Actn4; Wasl","thymus","MHU-2","GLDS-289","Stat_(MHU-1 & Space Flight & uG)v(MHU-1 & Ground Control & 1G on Earth)",1,"flight_positive"
"REACTOME_NETRIN_1_SIGNALING",0.143667296786389,0.228426763917003,0.159646701919906,0.345942278395825,1.22529187387318,40,"reactome","Trio; Robo1; Src; Neo1; Dock1; Rgma; Unc5a; Dscaml1; Rgmb; Fyn; Trpc1; Slit1; Ntn4; Slit2; Myo10; Ablim3; Ptk2","thymus","MHU-2","GLDS-289","Stat_(MHU-1 & Space Flight & uG)v(MHU-1 & Ground Control & 1G on Earth)",1,"flight_positive"
"REACTOME_NEUREXINS_AND_NEUROLIGINS",0.0141044390984322,0.0318087559583889,0.380730400722792,0.424939645541971,1.52999921118344,47,"reactome","Dlgap4; Apba1; Epb41l3; Syt7; Shank1; Nlgn1; Sharpin; Pdlim5; Stxbp1; Epb41l1; Dlgap3; Homer1; Dbnl; Dlg2; Grin2c; Dlgap1; Epb41l5; Lrrtm3; Cask; Lin7a; Syt1; Begain; Apba2; Nrxn1","thymus","MHU-2","GLDS-289","Stat_(MHU-1 & Space Flight & uG)v(MHU-1 & Ground Control & 1G on Earth)",1,"flight_positive"
"REACTOME_NEURONAL_SYSTEM",0.431683168316832,0.522870174657915,0.0865399737444125,0.207793672402381,1.0030563990665,321,"reactome","Kcnj15; Ache; Slc1a3; Kcnk2; Src; Unc13b; Ppfia4; Kcnn3; Kcnh1; Aldh2; Plcb1; Kcnq3; Glul; Comt; Nbea; Prkar2a; Dlgap4; Adcy2; Apba1; Kcnj10; Kcnk6; Abcc9; Ppfibp2; Kcnb1; Epb41l3; Syt7; Nrgn; Grip1; Kcnma1; Adcy7; Shank1; Ptprd; Kcnj2; Nlgn1; Kcnk13; Aldh5a1; Vamp2; Abat; Camk1; Cacna1b; Gad1; Prkar1b; Camk2b; Syn2; Kcnq1; Sharpin; Grik2; Pdlim5; Stxbp1; Epb41l1; Gng4; Dlgap3; Grik5; Abcc8; Homer1; Dbnl; Gria2; Dlg2; Gng12; Chrna2; Bche; Gnai1; Kcnj9; Grin2c; Cacnb3; Dlgap1; Rps6ka1; Cacnb4; Epb41l5; Cacna1a; Lrrtm3; Prkaa1; Cask; Ppfia2; Gngt2; Kcnb2; Kcns3; Gria3; Prkaa2; Kcnj5; Tuba4a; Kcng4; Gabbr1; Lin7a; Gabra2; Grik3; Cacnb2; Kcnd1; Syt1; Kcnk9; Prkaca; Lrfn2; Grin3b; Tspan7; Lrrc51; Nrg1; Gng11; Tubb4a; Begain; Syn3; Rab3a; Chat; Hcn4","thymus","MHU-2","GLDS-289","Stat_(MHU-1 & Space Flight & uG)v(MHU-1 & Ground Control & 1G on Earth)",1,"flight_positive"
"REACTOME_NEUROTRANSMITTER_RECEPTORS_AND_POSTSYNAPTIC_SIGNAL_TRANSMISSION",0.0794297352342159,0.140369269807352,0.227987202850442,-0.278371534885402,-1.25068829332709,162,"reactome","Tuba1b; Kpna2; Tubb4b; Tubb2a; Ap2b1; Tubb2b; Prkcb; Prkacb; Tuba1c; Tuba1a; Camkk1; Camk4; Prkar1a; Calm1; Nras; Chrna9; Gnai3","thymus","MHU-2","GLDS-289","Stat_(MHU-1 & Space Flight & uG)v(MHU-1 & Ground Control & 1G on Earth)",1,"flight_positive"
"REACTOME_NEUROTRANSMITTER_RELEASE_CYCLE",0.0586011342155009,0.110247858087801,0.257206466468838,0.39253173538388,1.39030692586491,40,"reactome","Slc1a3; Unc13b; Ppfia4; Apba1; Aldh5a1; Vamp2; Abat; Gad1; Syn2; Stxbp1; Cask; Ppfia2; Lin7a; Syt1; Syn3; Rab3a; Chat","thymus","MHU-2","GLDS-289","Stat_(MHU-1 & Space Flight & uG)v(MHU-1 & Ground Control & 1G on Earth)",1,"flight_positive"
"REACTOME_NEUTROPHIL_DEGRANULATION",0.00258901220248837,0.00704786655121835,0.431707695803346,0.267503447855598,1.34219497108097,452,"reactome","Cd63; Ctss; B2m; Dsp; Trpm2; Grn; H2-D1; C3; Plac8; Cd44; Fth1; Atp6v0a1; Pld1; Gca; Adam8; Pkp1; Vcl; S100a11; Mndal; Ifi204; C3ar1; Ctsc; Slc11a1; Bst2; Timp2; Fgl2; Mmp25; Cotl1; Hexb; Cfp; Cd53; Hrnr; Sting1; Serpinb1a; Cd68; Man2b1; Sirpa; Serpinb6a; Serpina3n; Cd33; Cybb; Olfm4; Cst3; Arsb; Iqgap2; Tyrobp; Lpcat1; Lgals3; Ctsz; Pygl; Fcer1g; Fuca1; Npc2; Ear2; Gns; Cep290; Cyb5r3; Itgax; Gm2a; Nfkb1; H2-M2; Pigr; Pdap1; Aoc1; Lyz2; Cd93; Atp8b4; Pglyrp1; H2-Q10; Mvp; Pgm1; Tlr2; Bri3; Vnn1; Pgam1; Aldh3b1; Ghdc; Gsn; Cxcl3; Slpi; Cyfip1; Rab24; Dok3; Psap; Anpep; Gaa; Chit1; Prkcd; Ltf; Cxcl2; Dsg1a; Plaur; Krt1; Cd55; Fcgr2b; Cnn2; Snap23; Prg2; Atp8a1; Arl8a; Gsdmd; Lamp1; Cyba; Asah1; Ptafr; Hspa1b; Dbnl; Ifi205; Ctsa; Cd36; Stk10; Calm4; Cxcl1; Cd14; Cystm1; Alox5; Bst1; Mme; Clec12a; Aprt; Ckap4; Txndc5; Lamp2; Tmbim1; Mmp9; Tnfrsf1b; S100a8; Tmem63a; Lair1; Ampd3; Slc27a2; Serpinb3d; Adgrg3; Ctsh; Ftl1; Arsa; Cstb; Actr1b; Qsox1; Dsc1; Hvcn1; Hgsnat; Clec5a; Hsp90ab1; Serpinb12; Fcnb; Nme2; Dpp7","thymus","MHU-2","GLDS-289","Stat_(MHU-1 & Space Flight & uG)v(MHU-1 & Ground Control & 1G on Earth)",1,"flight_positive"
"REACTOME_NFE2L2_REGULATING_ANTI_OXIDANT_DETOXIFICATION_ENZYMES",0.14,0.224249628528975,0.166933848713193,-0.457932191885733,-1.33781243765187,19,"reactome","Slc7a11; Bach1; Ep300; Prdx1; Mafk; Txnrd1; Atf4; Gclm","thymus","MHU-2","GLDS-289","Stat_(MHU-1 & Space Flight & uG)v(MHU-1 & Ground Control & 1G on Earth)",1,"flight_positive"
"REACTOME_NGF_STIMULATED_TRANSCRIPTION",0.320866141732283,0.4218215863261,0.103576326612592,0.312318220486924,1.08460387248131,36,"reactome","Id2; Egr3; Id4; Egr1; Trib1; Ascl1; Lyl1; Vgf; Elk1; F3; Cdk5; Nab2; Fos; Id1","thymus","MHU-2","GLDS-289","Stat_(MHU-1 & Space Flight & uG)v(MHU-1 & Ground Control & 1G on Earth)",1,"flight_positive"
"REACTOME_NICOTINAMIDE_SALVAGE",0.078740157480315,0.139379129332971,0.224966093540314,0.507971963259409,1.39726326637234,15,"reactome","Parp14; Parp8; Parp10; Parp9; Parp4; Nampt; Slc5a8; Nnmt","thymus","MHU-2","GLDS-289","Stat_(MHU-1 & Space Flight & uG)v(MHU-1 & Ground Control & 1G on Earth)",1,"flight_positive"
"REACTOME_NICOTINATE_METABOLISM",0.0282526170278345,0.057901751247159,0.352487857583619,0.493987335351629,1.59235844823226,27,"reactome","Cd38; Nt5e; Parp14; Parp8; Parp10; Parp9; Nmnat2; Nmnat3; Bst1; Parp4; Nampt","thymus","MHU-2","GLDS-289","Stat_(MHU-1 & Space Flight & uG)v(MHU-1 & Ground Control & 1G on Earth)",1,"flight_positive"
"REACTOME_NITRIC_OXIDE_STIMULATES_GUANYLATE_CYCLASE",0.145161290322581,0.230123339658444,0.16440575583821,0.432287727783346,1.26849550265466,20,"reactome","Nos2; Nos1; Gucy1a2; Kcnma1; Irag1; Gucy1b1; Gucy1a1; Pde1a","thymus","MHU-2","GLDS-289","Stat_(MHU-1 & Space Flight & uG)v(MHU-1 & Ground Control & 1G on Earth)",1,"flight_positive"
"REACTOME_NOD1_2_SIGNALING_PATHWAY",0.273279352226721,0.376239006003071,0.115734447701689,-0.328192372180029,-1.12099577428162,36,"reactome","Ubb; Traf6; Tnfaip3; Casp2; Uba52; Itch; Tab1","thymus","MHU-2","GLDS-289","Stat_(MHU-1 & Space Flight & uG)v(MHU-1 & Ground Control & 1G on Earth)",1,"flight_positive"
"REACTOME_NONHOMOLOGOUS_END_JOINING_NHEJ",1.49282572719581e-10,1.42412932205051e-09,0.826657301178302,-0.672807667120194,-2.50942610339501,56,"reactome","H2bc18; Nsd2; H2bc4; H4c4; Lig4; H4c6; H2bc21; H4c16; H4c1; H2bc8; H4c14; H4c12; H4c2; Xrcc4; H4c3; H2ax; H2bc3; H4c17; H2bc7; H4c11; Tdp1; Bard1; H2bc14; H2bc6; Brca1; H4c18; H4c8","thymus","MHU-2","GLDS-289","Stat_(MHU-1 & Space Flight & uG)v(MHU-1 & Ground Control & 1G on Earth)",1,"flight_positive"
"REACTOME_NONSENSE_MEDIATED_DECAY_NMD",1.27708961699984e-08,1.02739000531778e-07,0.747739663149885,-0.534911498262809,-2.23261727361567,105,"reactome","Rplp0; Rps5; Rpl7; Rpl35; Smg1; Uba52; Rpl28; Rps4x; Ncbp1; Rps3a1; Rpl26; Pnrc2; Rpl7a; Smg6; Rpl18a; Rpl17; Ppp2ca; Rpl13a; Rps16; Rps7; Rpl10; Rps11; Rpl4; Rpl6; Rpl19; Rps15a; Rps3; Dcp1a; Rpl15; Rpl29; Rps10; Smg5; Smg7; Magoh; Pabpc1; Rpsa; Fau; Rpl32; Rpl18; Rpl21; Rps24","thymus","MHU-2","GLDS-289","Stat_(MHU-1 & Space Flight & uG)v(MHU-1 & Ground Control & 1G on Earth)",1,"flight_positive"
"REACTOME_NON_INTEGRIN_MEMBRANE_ECM_INTERACTIONS",3.49517063961057e-07,2.20338827456152e-06,0.674962860011025,0.55072970483097,2.16782187269879,75,"reactome","Sdc3; Col4a1; Lama3; Fn1; Ddr1; Lamb1; Agrn; Col4a2; Sntb2; Itgb3; Utrn; Acta2; Sdc1; Itgb5; Lamb3; Col2a1; Col5a2; Itgb4; Col4a5; Sdc4; Lama2; Hspg2; Lama5; Sntb1; Sgcd; Dmd; Col4a4; Ntn4; Lamc2; Pdgfb; Thbs1","thymus","MHU-2","GLDS-289","Stat_(MHU-1 & Space Flight & uG)v(MHU-1 & Ground Control & 1G on Earth)",1,"flight_positive"
"REACTOME_NOREPINEPHRINE_NEUROTRANSMITTER_RELEASE_CYCLE",0.0964566929133858,0.166635120129215,0.20207170902116,0.493507208781444,1.35747549942656,15,"reactome","Unc13b; Ppfia4; Vamp2; Stxbp1; Ppfia2; Syt1; Rab3a","thymus","MHU-2","GLDS-289","Stat_(MHU-1 & Space Flight & uG)v(MHU-1 & Ground Control & 1G on Earth)",1,"flight_positive"
"REACTOME_NOTCH1_INTRACELLULAR_DOMAIN_REGULATES_TRANSCRIPTION",0.287671232876712,0.390566233049239,0.110122263835536,0.301934386185655,1.09679389192621,48,"reactome","Ncor2; Myc; Maml2; Nbea; Maml3; Kat2a; Ubc; Tle2; Hey1; Hdac5; Heyl; Hdac4; Mamld1; Hes1","thymus","MHU-2","GLDS-289","Stat_(MHU-1 & Space Flight & uG)v(MHU-1 & Ground Control & 1G on Earth)",1,"flight_positive"
"REACTOME_NOTCH2_ACTIVATION_AND_TRANSMISSION_OF_SIGNAL_TO_THE_NUCLEUS",0.50501002004008,0.590456400871157,0.0787113806986485,-0.310091718934996,-0.952982994386309,23,"reactome","Ubb; Neurl1b; Uba52","thymus","MHU-2","GLDS-289","Stat_(MHU-1 & Space Flight & uG)v(MHU-1 & Ground Control & 1G on Earth)",1,"flight_positive"
"REACTOME_NOTCH3_ACTIVATION_AND_TRANSMISSION_OF_SIGNAL_TO_THE_NUCLEUS",0.161885245901639,0.250376320060211,0.156312403073186,-0.404750404288438,-1.26834897644211,26,"reactome","Ubb; Neurl1b; Wwp2; Uba52; Tacc3","thymus","MHU-2","GLDS-289","Stat_(MHU-1 & Space Flight & uG)v(MHU-1 & Ground Control & 1G on Earth)",1,"flight_positive"
"REACTOME_NOTCH3_INTRACELLULAR_DOMAIN_REGULATES_TRANSCRIPTION",0.0599613152804642,0.11221926713948,0.257206466468838,0.445456076576245,1.40893243542793,25,"reactome","Pbx1; Maml2; Maml3; Kat2a; Hey1; Stat1; Wwc1; Heyl; Mamld1; Hes1","thymus","MHU-2","GLDS-289","Stat_(MHU-1 & Space Flight & uG)v(MHU-1 & Ground Control & 1G on Earth)",1,"flight_positive"
"REACTOME_NOTCH4_INTRACELLULAR_DOMAIN_REGULATES_TRANSCRIPTION",0.151209677419355,0.236924465491373,0.160801401070022,0.428379528507054,1.25702736954139,20,"reactome","Maml2; Maml3; Acta2; Kat2a; Hey1; Notch4; Mamld1; Hes1; Hey2; Hes5; Rbpj; Notch2","thymus","MHU-2","GLDS-289","Stat_(MHU-1 & Space Flight & uG)v(MHU-1 & Ground Control & 1G on Earth)",1,"flight_positive"
"REACTOME_NOTCH_HLH_TRANSCRIPTION_PATHWAY",0.325536062378168,0.425883343742312,0.102080107662747,0.340348311442041,1.11232855857325,28,"reactome","Ncor2; Maml2; Maml3; Kat2a; Hdac5; Notch4; Hdac4; Mamld1","thymus","MHU-2","GLDS-289","Stat_(MHU-1 & Space Flight & uG)v(MHU-1 & Ground Control & 1G on Earth)",1,"flight_positive"
"REACTOME_NPAS4_REGULATES_EXPRESSION_OF_TARGET_GENES",0.441117764471058,0.530561602787297,0.0857844408075645,0.347827962745638,1.00887119169274,18,"reactome","Maged1; Cdk5; Fos; Nampt; Bdnf; Cdk5r1","thymus","MHU-2","GLDS-289","Stat_(MHU-1 & Space Flight & uG)v(MHU-1 & Ground Control & 1G on Earth)",1,"flight_positive"
"REACTOME_NR1H2_AND_NR1H3_MEDIATED_SIGNALING",0.00461126108243213,0.0117239137897685,0.407017918923954,0.469316984309099,1.69087291785535,46,"reactome","Apoe; Abca1; Apod; Pltp; Apoc1; Rxra; Ncor2; Ago4; Mylip","thymus","MHU-2","GLDS-289","Stat_(MHU-1 & Space Flight & uG)v(MHU-1 & Ground Control & 1G on Earth)",1,"flight_positive"
"REACTOME_NR1H3_NR1H2_REGULATE_GENE_EXPRESSION_LINKED_TO_CHOLESTEROL_TRANSPORT_AND_EFFLUX",0.00170546631860229,0.00483813866171912,0.45505986738723,0.527183104889889,1.83077643109916,36,"reactome","Apoe; Abca1; Apod; Pltp; Apoc1; Rxra; Ncor2; Ago4","thymus","MHU-2","GLDS-289","Stat_(MHU-1 & Space Flight & uG)v(MHU-1 & Ground Control & 1G on Earth)",1,"flight_positive"
"REACTOME_NRAGE_SIGNALS_DEATH_THROUGH_JNK",0.0565628837460326,0.107349980067294,0.321775918075361,0.368525039006872,1.39978141340611,57,"reactome","Arhgef17; Arhgef12; Trio; Fgd4; Arhgef37; Arhgef10l; Bcl2l11; Itsn1; Maged1; Arhgef10; Vav3; Fgd2; Tiam1; Arhgef5; Arhgef33; Net1; Arhgef16; Arhgef40; Arhgef3; Kalrn; Arhgef26; Arhgef1","thymus","MHU-2","GLDS-289","Stat_(MHU-1 & Space Flight & uG)v(MHU-1 & Ground Control & 1G on Earth)",1,"flight_positive"
"REACTOME_NRIF_SIGNALS_CELL_DEATH_FROM_THE_NUCLEUS",0.1,0.171383147853736,0.20207170902116,-0.500695539995808,-1.40144128850864,17,"reactome","Ubb; Traf6; Uba52; Itgb3bp","thymus","MHU-2","GLDS-289","Stat_(MHU-1 & Space Flight & uG)v(MHU-1 & Ground Control & 1G on Earth)",1,"flight_positive"
"REACTOME_NS1_MEDIATED_EFFECTS_ON_HOST_PATHWAYS",7.67673445071794e-05,0.000300927990468143,0.538434096309916,-0.601589558962242,-2.05482945556908,36,"reactome","Kpna2; Nup188; Nup62; Ndc1; Nup107; Nup205; Seh1l; Nup37; Sec13; Nup88; Cpsf4; Nup160; Kpnb1; Nup50; Nup155; Rae1; Nup54; Kpna1; Nup43","thymus","MHU-2","GLDS-289","Stat_(MHU-1 & Space Flight & uG)v(MHU-1 & Ground Control & 1G on Earth)",1,"flight_positive"
"REACTOME_NUCLEAR_ENVELOPE_BREAKDOWN",5.55061861227191e-08,4.15525476668689e-07,0.719512826338911,-0.647291954875469,-2.35657400939107,50,"reactome","Ccnb1; Cdk1; Tmpo; Ccnb2; Prkcb; Banf1; Nup188; Nup62; Ndc1; Nup107; Nup205; Plk1; Lpin2; Cnep1r1; Seh1l; Nup37; Sec13; Nup88; Nup160; Nup50; Nup155; Lmnb1; Vrk2; Rae1; Vrk1; Nup54","thymus","MHU-2","GLDS-289","Stat_(MHU-1 & Space Flight & uG)v(MHU-1 & Ground Control & 1G on Earth)",1,"flight_positive"
"REACTOME_NUCLEAR_ENVELOPE_NE_REASSEMBLY",7.73388942076004e-12,8.50727836283604e-11,0.875325132024659,-0.674523801328672,-2.56459770661837,66,"reactome","Ccnb1; Tuba1b; Lbr; Tubb4b; Tubb2a; Cdk1; Tmpo; Ccnb2; Tubb2b; Rcc1; Ube2i; Banf1; Nup188; Tuba1c; Tuba1a; Nup62; Ndc1; Nup107; Ist1; Ran; Nup205; Ppp2ca; Seh1l; Rangap1; Nup37; Sec13; Nup160; Kpnb1; Nup155; Tnpo1; Lmnb1; Vps4a; Chmp7; Vrk2; Vrk1; Nup54; Cc2d1b","thymus","MHU-2","GLDS-289","Stat_(MHU-1 & Space Flight & uG)v(MHU-1 & Ground Control & 1G on Earth)",1,"flight_positive"
"REACTOME_NUCLEAR_EVENTS_KINASE_AND_TRANSCRIPTION_FACTOR_ACTIVATION",0.723735408560311,0.778629511405205,0.0593487680335629,0.228095205120897,0.86850968885023,58,"reactome","Id2; Egr3; Mef2c; Id4; Mapk11; Egr1; Trib1; Ascl1; Lyl1; Vgf; Elk1; F3; Cdk5; Nab2; Fos; Id1; Rps6ka1","thymus","MHU-2","GLDS-289","Stat_(MHU-1 & Space Flight & uG)v(MHU-1 & Ground Control & 1G on Earth)",1,"flight_positive"
"REACTOME_NUCLEAR_EVENTS_MEDIATED_BY_NFE2L2",0.000198930824133252,0.00071244992829118,0.518848077743792,-0.44033355735024,-1.76645004642456,86,"reactome","Slc7a11; Ubb; Bcl2l1; Bach1; Psmd8; Ep300; Psmc1; Uba52; Abcf2; Psmb7; Taldo1; Sp1; Psmd13; Psmb1; Psma1; Psmb5; Psmd6; Psmc3; Prdx1; Rbx1; Psmd11; Psmb4; Psmb3; Mafk; G6pdx; Psmb6; Psma7; Psmc6; Psmc4; Tkt; Psmc2; Psma2; Txnrd1; Psmd3; Atf4; Idh1; Gclm; Skp1","thymus","MHU-2","GLDS-289","Stat_(MHU-1 & Space Flight & uG)v(MHU-1 & Ground Control & 1G on Earth)",1,"flight_positive"
"REACTOME_NUCLEAR_EVENTS_STIMULATED_BY_ALK_SIGNALING_IN_CANCER",0.240963855421687,0.34223851929457,0.12384217120105,-0.346962608439428,-1.16529896661442,34,"reactome","Ccnb1; Hdac1; Foxm1; Dnmt1; Zc3hc1; Tnrc6c; Rbx1; Rb1; Ago2; Stat5a; Ago3; Zap70; Skp1; Mecp2","thymus","MHU-2","GLDS-289","Stat_(MHU-1 & Space Flight & uG)v(MHU-1 & Ground Control & 1G on Earth)",1,"flight_positive"
"REACTOME_NUCLEAR_IMPORT_OF_REV_PROTEIN",2.70749872597595e-06,1.41683671194275e-05,0.627256739718528,-0.677519229140879,-2.21840107830709,31,"reactome","Rcc1; Nup188; Nup62; Ndc1; Nup107; Ran; Nup205; Seh1l; Nup37; Sec13; Nup88; Nup160; Kpnb1; Nup50; Nup155; Rae1; Nup54; Nup43","thymus","MHU-2","GLDS-289","Stat_(MHU-1 & Space Flight & uG)v(MHU-1 & Ground Control & 1G on Earth)",1,"flight_positive"
"REACTOME_NUCLEAR_PORE_COMPLEX_NPC_DISASSEMBLY",7.52065177092333e-07,4.40612098318226e-06,0.659444398037935,-0.69598523456055,-2.32453728880167,33,"reactome","Ccnb1; Cdk1; Ccnb2; Nup188; Nup62; Ndc1; Nup107; Nup205; Seh1l; Nup37; Sec13; Nup88; Nup160; Nup50; Nup155; Rae1; Nup54; Nup43","thymus","MHU-2","GLDS-289","Stat_(MHU-1 & Space Flight & uG)v(MHU-1 & Ground Control & 1G on Earth)",1,"flight_positive"
"REACTOME_NUCLEAR_RECEPTOR_TRANSCRIPTION_PATHWAY",0.267961165048544,0.371606924306153,0.114266502484433,0.311546367341546,1.12267971502491,45,"reactome","Rxra; Ncor2; Ar; Pgr; Nr4a1; Nr3c2; Nr1d1; Nr1h3; Hnf4g; Rora","thymus","MHU-2","GLDS-289","Stat_(MHU-1 & Space Flight & uG)v(MHU-1 & Ground Control & 1G on Earth)",1,"flight_positive"
"REACTOME_NUCLEAR_RNA_DECAY",0.0250847660037662,0.0523044057099806,0.352487857583619,-0.444970007428865,-1.51213472027924,35,"reactome","C1d; Exosc10; Wdr82; Ncbp1; Rbm7; Papolg; Zcchc8; Tent4a","thymus","MHU-2","GLDS-289","Stat_(MHU-1 & Space Flight & uG)v(MHU-1 & Ground Control & 1G on Earth)",1,"flight_positive"
"REACTOME_NUCLEAR_SIGNALING_BY_ERBB4",0.01401063309807,0.0316634433537095,0.380730400722792,0.475914089380044,1.59748847953921,31,"reactome","Apoe; Csn2; Src; Pgr; Cxcl12; Adap1; Yap1; Psen2; Sparc; Nrg4; Psenen; Gfap; Btc","thymus","MHU-2","GLDS-289","Stat_(MHU-1 & Space Flight & uG)v(MHU-1 & Ground Control & 1G on Earth)",1,"flight_positive"
"REACTOME_NUCLEOTIDE_BINDING_DOMAIN_LEUCINE_RICH_REPEAT_CONTAINING_RECEPTOR_NLR_SIGNALING_PATHWAYS",0.314168377823409,0.416572584617017,0.107554375265169,-0.291078466887847,-1.08565930300862,56,"reactome","Ubb; Bcl2l1; Traf6; Tnfaip3; Pycard; Casp2; Uba52; Itch; Tab1; Pstpip1","thymus","MHU-2","GLDS-289","Stat_(MHU-1 & Space Flight & uG)v(MHU-1 & Ground Control & 1G on Earth)",1,"flight_positive"
"REACTOME_NUCLEOTIDE_CATABOLISM",0.0765674090971824,0.137337216317409,0.287805130535564,0.425694607546919,1.41957974782743,30,"reactome","Samhd1; Nt5e; Xdh; Entpd1; Dpyd; Entpd7; Entpd3; Gda; Nudt9","thymus","MHU-2","GLDS-289","Stat_(MHU-1 & Space Flight & uG)v(MHU-1 & Ground Control & 1G on Earth)",1,"flight_positive"
"REACTOME_NUCLEOTIDE_EXCISION_REPAIR",2.78130525462714e-10,2.56260432862227e-09,0.814035837847908,-0.554067682142842,-2.32732126713465,108,"reactome","Ubb; Pcna; Gtf2h4; Ube2i; Mcrs1; Polr2c; Uba52; Ddb1; Gps1; Pole; Pias1; Actl6a; Pole2; Rfc4; Lig3; Rfc3; Ino80d; Actb; Ino80c; Actr8; Rad23b; Rfc1; Ccnh; Usp7; Rbx1; Cetn2; Aqr; Ercc5; Lig1; Polr2a; Ercc1; Pole4; Rpa2; Prpf19; Rad23a; Polr2d; Xab2; Ercc3; Cops3; Actr5; Nfrkb; Cdk7; Polk; Ino80b; Gtf2h1; Polr2b; Sumo1; Ppie; Cops4; Ruvbl1; Ercc8; Cops5; Ube2v2; Cops6; Gtf2h3; Polr2f","thymus","MHU-2","GLDS-289","Stat_(MHU-1 & Space Flight & uG)v(MHU-1 & Ground Control & 1G on Earth)",1,"flight_positive"
"REACTOME_NUCLEOTIDE_SALVAGE",0.114624505928854,0.189808321645629,0.184706471207739,-0.457630374600996,-1.36141659566978,20,"reactome","Dck; Ada; Uck2; Tk1","thymus","MHU-2","GLDS-289","Stat_(MHU-1 & Space Flight & uG)v(MHU-1 & Ground Control & 1G on Earth)",1,"flight_positive"
"REACTOME_N_GLYCAN_ANTENNAE_ELONGATION_IN_THE_MEDIAL_TRANS_GOLGI",0.540322580645161,0.619896492236918,0.0755015292281669,0.314929692488245,0.952708649290964,22,"reactome","Mgat3; Fuca1; St8sia6; B4galt5; B4galt6; St6gal1; B4galt4; Man2a2","thymus","MHU-2","GLDS-289","Stat_(MHU-1 & Space Flight & uG)v(MHU-1 & Ground Control & 1G on Earth)",1,"flight_positive"
"REACTOME_N_GLYCAN_TRIMMING_IN_THE_ER_AND_CALNEXIN_CALRETICULIN_CYCLE",0.0214798163922903,0.0460342784709521,0.352487857583619,-0.451803684577348,-1.53535750004166,35,"reactome","Ubb; Edem1; Psmc1; Uba52; Sel1l; Rad23b; Marchf6; Vcp; Edem3; Derl2; Ngly1; Rnf103; Uggt1; Rnf185; Man1b1; Derl1; Rnf5; Rps27a; Prkcsh; Rnf139","thymus","MHU-2","GLDS-289","Stat_(MHU-1 & Space Flight & uG)v(MHU-1 & Ground Control & 1G on Earth)",1,"flight_positive"
"REACTOME_OLFACTORY_SIGNALING_PATHWAY",0.978260869565217,0.983736210253083,0.0461379160269737,-0.187478926391593,-0.565829696042394,21,"reactome","Reep1; Gnb1; Cngb1","thymus","MHU-2","GLDS-289","Stat_(MHU-1 & Space Flight & uG)v(MHU-1 & Ground Control & 1G on Earth)",1,"flight_positive"
"REACTOME_ONCOGENE_INDUCED_SENESCENCE",0.0064199205804414,0.015800626451406,0.407017918923954,-0.51574047916508,-1.72253363380709,33,"reactome","E2f2; Cdkn2c; Ubb; Cdkn2d; Ets2; Uba52; Ets1; Sp1; Cdk4; Tfdp1; Tnrc6c","thymus","MHU-2","GLDS-289","Stat_(MHU-1 & Space Flight & uG)v(MHU-1 & Ground Control & 1G on Earth)",1,"flight_positive"
"REACTOME_ONCOGENIC_MAPK_SIGNALING",0.417647058823529,0.508152967733369,0.0878312634480124,0.253665427454879,1.01952113943842,80,"reactome","Fn1; Vcl; Src; Mras; Esrp1; Itgb3; Ksr2; Bcl2l11; Arrb2; Lmna; Jak2; Vwf; Cnksr1; Camk2b; Kdm7a","thymus","MHU-2","GLDS-289","Stat_(MHU-1 & Space Flight & uG)v(MHU-1 & Ground Control & 1G on Earth)",1,"flight_positive"
"REACTOME_OPIOID_SIGNALLING",0.139630390143737,0.224249628528975,0.169570644405628,-0.302390558826465,-1.20764266245983,85,"reactome","Itpr2; Kpna2; Ppp2r5d; Prkacb; Camkk1; Camk4; Prkar1a; Calm1; Gnai3; Ppp2ca; Grk2; Itpr3; Creb1; Itpr1; Gnb1; Gng10; Ppp2r1b","thymus","MHU-2","GLDS-289","Stat_(MHU-1 & Space Flight & uG)v(MHU-1 & Ground Control & 1G on Earth)",1,"flight_positive"
"REACTOME_ORC1_REMOVAL_FROM_CHROMATIN",8.1913778963972e-11,8.1011975892809e-10,0.839088935621274,-0.683717460070729,-2.55580256813795,57,"reactome","Ubb; Ccna2; Psmd8; Skp2; Cdk2; Psmc1; Uba52; Psmb7; Psmd13; Psmb1; Mcm5; Orc6; Mcm7; Psma1; Mcm2; Psmb5; Cdc6; Psmd6; Psmc3; Mcm3; Mcm6; Rbx1; Psmd11; Orc5; Psmb4; Mcm4; Mcm8; Psmb3; Orc1; Psmb6; Psma7; Psmc6; Psmc4; Psmc2; Psma2; Cdt1","thymus","MHU-2","GLDS-289","Stat_(MHU-1 & Space Flight & uG)v(MHU-1 & Ground Control & 1G on Earth)",1,"flight_positive"
"REACTOME_ORGANELLE_BIOGENESIS_AND_MAINTENANCE",5.56122101843539e-10,4.9545423618788e-09,0.801215574617779,-0.416266999591576,-1.99658544390311,264,"reactome","Tuba1b; Tubb5; Tubb4b; Nrf1; Tubb2a; Plk4; Cdk1; Dynll1; Cep43; Cep76; Cct4; Tubb2b; Mkks; Clasp1; Cct5; Med1; Ift80; Ckap5; Tuba1c; Tuba1a; Actr1a; Camk4; Pafah1b1; Dync1i2; Idh2; Cep192; Calm1; Nek2; Cct2; Ssna1; Haus2; Alms1; Ahi1; Ccp110; C2cd3; Plk1; Nde1; Acss2; Exoc4; Kif24; Exoc3; Hcfc1; Gabpb1; Unc119b; Haus8; Tfb1m; Tcp1; Bbs9; Cep70; Dynlt5; Ift57; Creb1; Exoc8; Cep72; Tnpo1; Ttbk2; Chchd3; Cep97; Cetn2; Ywhae; Cep152; Dync1h1; Csnk1e; Cngb1; Arf4; B9d2; Cep57; Pcnt; Dynlt2a2; Odf2; Crtc3; Gabpa; Bbs1; Rpgrip1l; Haus1; Cep83; Apool; Ncor1; Tfb2m; Smo; Immt; Nedd1; Exoc5; Micos10; Nphp4; Kif3c; Ift88; Gbf1; Kif3b; Ift22; Atf2; Mterf1a; Rab8a; Tbl1xr1","thymus","MHU-2","GLDS-289","Stat_(MHU-1 & Space Flight & uG)v(MHU-1 & Ground Control & 1G on Earth)",1,"flight_positive"
"REACTOME_OTHER_INTERLEUKIN_SIGNALING",0.151209677419355,0.236924465491373,0.160801401070022,0.426273483367551,1.25084743748191,20,"reactome","Csf1; Csf1r; Sdc1; Il34; Ptprz1; Stx4a; Vamp2; Tyk2; Stx3","thymus","MHU-2","GLDS-289","Stat_(MHU-1 & Space Flight & uG)v(MHU-1 & Ground Control & 1G on Earth)",1,"flight_positive"
"REACTOME_OTHER_SEMAPHORIN_INTERACTIONS",0.0577689243027888,0.109218277344372,0.266350657088526,0.48370652964189,1.41380001296774,19,"reactome","Sema6d; Sema4a; Plxna2; Tyrobp; Itga1; Plxnc1; Cd72","thymus","MHU-2","GLDS-289","Stat_(MHU-1 & Space Flight & uG)v(MHU-1 & Ground Control & 1G on Earth)",1,"flight_positive"
"REACTOME_OVARIAN_TUMOR_DOMAIN_PROTEASES",0.096,0.166112359550562,0.204294756516886,-0.385365214668513,-1.32735008635753,37,"reactome","Ubb; Cdk1; Traf6; Tnfaip3; Pten; Uba52; Zranb1; Rhoa; Vcp; Ikbkg","thymus","MHU-2","GLDS-289","Stat_(MHU-1 & Space Flight & uG)v(MHU-1 & Ground Control & 1G on Earth)",1,"flight_positive"
"REACTOME_OXIDATIVE_STRESS_INDUCED_SENESCENCE",3.39932633204596e-15,5.01982710403499e-14,1.00731795687447,-0.6413448671981,-2.67684959755292,105,"reactome","H2ac13; H3f3a; H2ac10; H3c10; H2bc18; E2f2; H2ac4; H3c7; Cdkn2c; H3c2; Ubb; H3c11; H3c8; H2bc4; H4c4; H3c15; H3c1; H4c6; Cdkn2d; H3c4; H2bc21; H2ac19; Phc1; H2ac20; H4c16; H4c1; H3c3; Uba52; H2bc8; H4c14; H4c12; H4c2; H4c3; H2ax; H2bc3; H4c17; H2bc7; H4c11; Cdk4; Tfdp1; H2bc14; H2bc6; Tnrc6c; Mapk9; H2ac18; H4c18; H4c8","thymus","MHU-2","GLDS-289","Stat_(MHU-1 & Space Flight & uG)v(MHU-1 & Ground Control & 1G on Earth)",1,"flight_positive"
"REACTOME_O_GLYCOSYLATION_OF_TSR_DOMAIN_CONTAINING_PROTEINS",0.00464742746667209,0.011786690446092,0.407017918923954,0.49022418673455,1.72235757866525,38,"reactome","Cfp; Adamts9; Spon1; Adamtsl4; Thbs2; Sspo; Adamtsl1; Adamts2; Adamts10; Adamts6; Thsd4; Thbs1; Sema5b; Thsd7a; Adamts18; Thsd7b","thymus","MHU-2","GLDS-289","Stat_(MHU-1 & Space Flight & uG)v(MHU-1 & Ground Control & 1G on Earth)",1,"flight_positive"
"REACTOME_O_LINKED_GLYCOSYLATION",0.000105275208461728,0.000396806554971128,0.538434096309916,0.428205444412241,1.79860839431539,102,"reactome","Galnt18; Galnt15; Cfp; Adamts9; St3gal1; St3gal2; Muc5b; Spon1; Muc5ac; Muc3a; Adamtsl4; Galnt6; B4galt5; Galnt17; Muc13; Thbs2; B4galt6; Sspo; Adamtsl1; Muc1; Muc6; Adamts2; Galnt14; St6gal1; Adamts10; Adamts6; Gcnt1; Large2; Thsd4","thymus","MHU-2","GLDS-289","Stat_(MHU-1 & Space Flight & uG)v(MHU-1 & Ground Control & 1G on Earth)",1,"flight_positive"
"REACTOME_O_LINKED_GLYCOSYLATION_OF_MUCINS",0.000722834144930575,0.00229856993579693,0.477270815362862,0.493633257751788,1.80424443350659,50,"reactome","Galnt18; Galnt15; St3gal1; St3gal2; Muc5b; Muc5ac; Muc3a; Galnt6; B4galt5; Galnt17; Muc13; B4galt6; Muc1; Muc6; Galnt14; St6gal1; Gcnt1","thymus","MHU-2","GLDS-289","Stat_(MHU-1 & Space Flight & uG)v(MHU-1 & Ground Control & 1G on Earth)",1,"flight_positive"
"REACTOME_P130CAS_LINKAGE_TO_MAPK_SIGNALING_FOR_INTEGRINS",0.0688976377952756,0.126743436080729,0.241339976815091,0.513301471575319,1.41192298528648,15,"reactome","Fn1; Src; Itgb3; Bcar1; Vwf; Ptk2; Apbb1ip","thymus","MHU-2","GLDS-289","Stat_(MHU-1 & Space Flight & uG)v(MHU-1 & Ground Control & 1G on Earth)",1,"flight_positive"
"REACTOME_P75NTR_SIGNALS_VIA_NF_KB",0.293172690763052,0.397327546825034,0.110564716336619,-0.407190986871154,-1.12760990475067,16,"reactome","Ubb; Traf6; Uba52","thymus","MHU-2","GLDS-289","Stat_(MHU-1 & Space Flight & uG)v(MHU-1 & Ground Control & 1G on Earth)",1,"flight_positive"
"REACTOME_P75_NTR_RECEPTOR_MEDIATED_SIGNALLING",0.298245614035088,0.400777876283353,0.107554375265169,0.262640724362457,1.08793216944659,96,"reactome","Arhgef17; Arhgef12; Trio; Fgd4; Rtn4; Irak1; Arhgef37; Arhgef10l; Bcl2l11; Itsn1; Maged1; Psen2; Nfkb1; Ubc; Mag","thymus","MHU-2","GLDS-289","Stat_(MHU-1 & Space Flight & uG)v(MHU-1 & Ground Control & 1G on Earth)",1,"flight_positive"
"REACTOME_PARACETAMOL_ADME",0.397177419354839,0.492134779384501,0.0922597260527354,0.34348598021494,1.03909562059847,22,"reactome","Ggt5; Abcc1; Abcc3; Ugt1a7c; Ggt6; Sult1a1; Gstm2; Ggt7; Abcc4; Gstp1","thymus","MHU-2","GLDS-289","Stat_(MHU-1 & Space Flight & uG)v(MHU-1 & Ground Control & 1G on Earth)",1,"flight_positive"
"REACTOME_PARASITE_INFECTION",0.522267206477733,0.605380697401071,0.0774767547848578,-0.238981318649061,-0.966497125640283,89,"reactome","Arpc1a; Nckap1l; Vav1; Igkv8-21; Arpc2; Crk; Actb; Arpc5; Abl1; Cdc42; Cyfip2; Elmo1; Elmo2; Nck1; Cd247; Abi1; Myh2; Actg1; Myo1c; Wasl","thymus","MHU-2","GLDS-289","Stat_(MHU-1 & Space Flight & uG)v(MHU-1 & Ground Control & 1G on Earth)",1,"flight_positive"
"REACTOME_PCNA_DEPENDENT_LONG_PATCH_BASE_EXCISION_REPAIR",0.00450133212871737,0.0114986635894723,0.407017918923954,-0.588558663065997,-1.77632748296282,21,"reactome","Pcna; Fen1; Pole; Pole2; Rfc4; Rfc3; Rfc1; Lig1; Pole4; Rpa2","thymus","MHU-2","GLDS-289","Stat_(MHU-1 & Space Flight & uG)v(MHU-1 & Ground Control & 1G on Earth)",1,"flight_positive"
"REACTOME_PCP_CE_PATHWAY",0.000418673962157234,0.00140164761243944,0.49849310876659,-0.454734322358965,-1.78825336095751,78,"reactome","Prickle1; Ap2b1; Rac2; Ubb; Prkcb; Psmd8; Psmc1; Uba52; Psmb7; Psmd13; Psmb1; Psma1; Psmb5; Rhoa; Ap2s1; Psmd6; Psmc3; Cltc; Ap2m1; Vangl2; Psmd11; Psmb4; Psmb3; Psmb6; Psma7; Psmc6; Psmc4; Psmc2; Psma2; Rac1; Pfn1","thymus","MHU-2","GLDS-289","Stat_(MHU-1 & Space Flight & uG)v(MHU-1 & Ground Control & 1G on Earth)",1,"flight_positive"
"REACTOME_PEPTIDE_HORMONE_METABOLISM",0.0121158170381343,0.0278482958786968,0.380730400722792,0.389362528747824,1.52396012166261,68,"reactome","Ache; Tcf7l2; Pla2g7; Igf1; Inhbb; Ctsz; Isl1; Grp; Enpep; Inha; Klf4; Vamp2; Dpp4; Anpep; Ffar1; Pcsk2; Ace2; Exoc7; Agt; Bche; Myrip; Mme; Inhba; Ffar4; Myo5a","thymus","MHU-2","GLDS-289","Stat_(MHU-1 & Space Flight & uG)v(MHU-1 & Ground Control & 1G on Earth)",1,"flight_positive"
"REACTOME_PEPTIDE_LIGAND_BINDING_RECEPTORS",6.9810192314294e-08,5.15447858320609e-07,0.704975715167238,0.478722808552833,2.09041719812551,135,"reactome","Ccl21a; Anxa1; Cxcl16; Ccl5; C3; Cxcl9; Ccl11; App; Ccr7; Cx3cl1; C3ar1; Cxcl12; Oprd1; Ccl22; Penk; Ccl19; F2rl1; Ccl25; Grp; Npff; Rxfp1; Hebp1; Xcr1; Cxcr3; Npsr1; Tac2; Ccl17; Cxcl3; C5ar2; Cxcr5; F2r; Saa2; Psap; Sst; Tac1; Xcl1; Cxcl2; Nts; Cx3cr1; Rln3; Agt; Ccr8; Cxcl1; Ccl4; Ccrl2; Pdyn; Ccl3","thymus","MHU-2","GLDS-289","Stat_(MHU-1 & Space Flight & uG)v(MHU-1 & Ground Control & 1G on Earth)",1,"flight_positive"
"REACTOME_PERK_REGULATES_GENE_EXPRESSION",0.771134020618557,0.823720244364862,0.0590954798717342,-0.247057985423881,-0.800066536851895,30,"reactome","Nfyc; Nfya; Eif2s3x; Eif2s1; Dcp2; Eif2ak3; Exosc1; Atf4","thymus","MHU-2","GLDS-289","Stat_(MHU-1 & Space Flight & uG)v(MHU-1 & Ground Control & 1G on Earth)",1,"flight_positive"
"REACTOME_PEROXISOMAL_LIPID_METABOLISM",0.0753564154786151,0.135616387121781,0.234392647294686,-0.455216472902837,-1.43347520603205,27,"reactome","Eci2; Nudt19; Slc25a17; Abcd1; Crat; Aldh3a2; Acox1; Crot; Amacr; Ehhadh; Hsd17b4","thymus","MHU-2","GLDS-289","Stat_(MHU-1 & Space Flight & uG)v(MHU-1 & Ground Control & 1G on Earth)",1,"flight_positive"
"REACTOME_PEROXISOMAL_PROTEIN_IMPORT",0.0466700157216675,0.0913072176913931,0.321775918075361,-0.362454767601491,-1.3645817616978,61,"reactome","Ubb; Uba52; Eci2; Lonp2; Gstk1; Nudt19; Ube2d3; Cat; Crat; Pex13; Acox1; Crot; Pex26; Amacr; Pex1; Ehhadh; Hsd17b4; Agps; Pex12; Idh1; Hmgcl; Gnpat; Rps27a; Pipox; Ech1; Acox3; Acot8; Pex14; Usp9x; Ide","thymus","MHU-2","GLDS-289","Stat_(MHU-1 & Space Flight & uG)v(MHU-1 & Ground Control & 1G on Earth)",1,"flight_positive"
"REACTOME_PHASE_0_RAPID_DEPOLARISATION",0.258687258687259,0.361482795547719,0.116234148779716,0.340963922600157,1.14450475505315,31,"reactome","Fgf11; Scn1a; Rangrf; Camk2b; Fgf14; Scn7a; Scn9a; Scn8a; Scn1b; Cacng7; Cacnb2; Scn11a","thymus","MHU-2","GLDS-289","Stat_(MHU-1 & Space Flight & uG)v(MHU-1 & Ground Control & 1G on Earth)",1,"flight_positive"
"REACTOME_PHASE_II_CONJUGATION_OF_COMPOUNDS",0.978260869565217,0.983736210253083,0.0461379160269737,0.170930290074175,0.680195133551484,78,"reactome","Ggt5; Comt; Gstm1; Ugt2b34; Abhd14b; Ggct; Sult1c2; Gclc; Gsto1; Papss1; N6amt1; Tpst2; Hpgds; Ugt1a7c; Gstt2; Ggt6; Gsta1; Sult1a1; Gstm2; Slc35d2; Nnmt; Bpnt1; Ggt7","thymus","MHU-2","GLDS-289","Stat_(MHU-1 & Space Flight & uG)v(MHU-1 & Ground Control & 1G on Earth)",1,"flight_positive"
"REACTOME_PHASE_I_FUNCTIONALIZATION_OF_COMPOUNDS",0.0124789893668668,0.0285007426641577,0.380730400722792,0.378946708817128,1.52304625914543,80,"reactome","Rxra; Ephx1; Cyp2f2; Cyp1b1; Aldh2; Fmo1; Cyp2s1; Cyp2a5; Cyb5r3; Bphl; Aoc1; Ahr; Cyp26b1; Cbr3; Cyp27a1; Aip; Cyp4f18; Tbxas1; Paox; Fmo2; Cyp2j9; Adh1; Por; Cyp4v3; Mtarc1; Hsp90ab1; Fdxr; Cyp2b19; Pomc; Aldh1b1; Cyp3a13; Aldh1a7; Cyp4f15","thymus","MHU-2","GLDS-289","Stat_(MHU-1 & Space Flight & uG)v(MHU-1 & Ground Control & 1G on Earth)",1,"flight_positive"
"REACTOME_PHOSPHOLIPID_METABOLISM",0.703777335984095,0.760192352896648,0.0617054053637522,-0.195986622216314,-0.908557535186399,198,"reactome","Pik3cg; Tnfaip8; Mtmr14; Pten; Mtmr12; Pip4k2a; Osbpl8; Pik3c3; Cdipt; Selenoi; Pi4kb; Mtmr3; Fig4; Lpin2; Csnk2b; Arf1; Lpcat3; Hadha; Pla2g12a; Pla2g6; Mtmr6; Pgp; Inpp5k; Miga1; Agpat5; Plekha2; Cpne1; Tnfaip8l1; Acp6; Pgs1; Agpat3; Gpd1l; Pik3c2a; Mtmr4; Crls1; Pld3; Agk; Hadhb; Gde1; Pip5k1b; Pik3c2b; Gpat3; Inpp5d; Pik3r5","thymus","MHU-2","GLDS-289","Stat_(MHU-1 & Space Flight & uG)v(MHU-1 & Ground Control & 1G on Earth)",1,"flight_positive"
"REACTOME_PHOSPHORYLATED_BMAL1_CLOCK_ARNTL_CLOCK_ACTIVATES_EXPRESSION_OF_CORE_CLOCK_GENES",0.104838709677419,0.177698316088456,0.195789002148949,0.449912310139881,1.33216893505715,21,"reactome","Sik1; Bhlhe40; Kmt2a; Nr1d1; Npas2; Per2; Per3; Crtc1; Rora; Per1","thymus","MHU-2","GLDS-289","Stat_(MHU-1 & Space Flight & uG)v(MHU-1 & Ground Control & 1G on Earth)",1,"flight_positive"
"REACTOME_PHOSPHORYLATION_OF_THE_APC_C",0.00025341829974894,0.000886964049121289,0.49849310876659,-0.673386502447244,-2.00327515526262,20,"reactome","Anapc5; Ccnb1; Cdk1; Anapc1; Plk1; Anapc7; Cdc27; Ube2c","thymus","MHU-2","GLDS-289","Stat_(MHU-1 & Space Flight & uG)v(MHU-1 & Ground Control & 1G on Earth)",1,"flight_positive"
"REACTOME_PI3K_AKT_SIGNALING_IN_CANCER",0.212406015037594,0.311105549199085,0.128142916898415,0.270659302292589,1.13556618984695,101,"reactome","Flt3; Src; Erbb2; Grb2; Irs2; Gab2; Cd19; Flt3l; Nr4a1; Cd80; Fyn; Cdkn1a; Pik3ap1; Fgf7; Fgfr2; Fgf1; Erbb3; Pdgfrb; Fgfr1; Ntrk2; Prr5; Ntf5; Cd86; Pdgfb; Pik3r1; Nrg4; Gab1; Egf; Foxo1; Btc; Pdgfra; Kl; Pik3cb; Tgfa; Kit; Pik3r2; Irs1; Bdnf; Kitl; Nrg1; Egfr; Pik3cd; Fgf9; Epgn","thymus","MHU-2","GLDS-289","Stat_(MHU-1 & Space Flight & uG)v(MHU-1 & Ground Control & 1G on Earth)",1,"flight_positive"
"REACTOME_PINK1_PRKN_MEDIATED_MITOPHAGY",0.0108616174325128,0.025169443742468,0.380730400722792,-0.497363397231438,-1.64507767848207,32,"reactome","Ubb; Vdac1; Atg12; Uba52; Map1lc3b; Tomm22; Vdac2; Mfn2; Ube2d3; Vdac3; Tomm20; Atg5; Atg9a; Ube2l3; Tbk1; Pink1; Tomm70a","thymus","MHU-2","GLDS-289","Stat_(MHU-1 & Space Flight & uG)v(MHU-1 & Ground Control & 1G on Earth)",1,"flight_positive"
"REACTOME_PIWI_INTERACTING_RNA_PIRNA_BIOGENESIS",0.267748478701826,0.371606924306153,0.117249716749792,-0.380319512284839,-1.16894919832027,24,"reactome","Polr2c; Tdrd1; Polr2a; Tdrkh; Polr2d; Polr2b; Tdrd12; Polr2f","thymus","MHU-2","GLDS-289","Stat_(MHU-1 & Space Flight & uG)v(MHU-1 & Ground Control & 1G on Earth)",1,"flight_positive"
"REACTOME_PI_3K_CASCADE_FGFR1",0.456692913385827,0.543994431635272,0.083129129135339,0.365617172010232,1.00569220538644,15,"reactome","Grb2; Fgf1; Fgfr1; Pik3r1; Gab1; Kl; Fgf9","thymus","MHU-2","GLDS-289","Stat_(MHU-1 & Space Flight & uG)v(MHU-1 & Ground Control & 1G on Earth)",1,"flight_positive"
"REACTOME_PI_3K_CASCADE_FGFR2",0.253968253968254,0.356017916486057,0.119348440591015,0.411618326691251,1.1499280100641,16,"reactome","Grb2; Fgf7; Fgfr2; Fgf1; Pik3r1; Gab1","thymus","MHU-2","GLDS-289","Stat_(MHU-1 & Space Flight & uG)v(MHU-1 & Ground Control & 1G on Earth)",1,"flight_positive"
"REACTOME_PI_METABOLISM",0.22289156626506,0.32382359627188,0.129442887745046,-0.286444614763892,-1.13238202630025,79,"reactome","Pik3cg; Tnfaip8; Mtmr14; Pten; Mtmr12; Pip4k2a; Pik3c3; Pi4kb; Mtmr3; Fig4; Arf1; Mtmr6; Inpp5k; Plekha2; Tnfaip8l1; Pik3c2a; Mtmr4; Gde1; Pip5k1b; Pik3c2b; Inpp5d; Pik3r5","thymus","MHU-2","GLDS-289","Stat_(MHU-1 & Space Flight & uG)v(MHU-1 & Ground Control & 1G on Earth)",1,"flight_positive"
"REACTOME_PKA_ACTIVATION_IN_GLUCAGON_SIGNALLING",0.652777777777778,0.71873729403082,0.0652353056017703,0.313549377047731,0.875955193986747,16,"reactome","Prkar2a; Adcy2; Adcy7; Prkar1b","thymus","MHU-2","GLDS-289","Stat_(MHU-1 & Space Flight & uG)v(MHU-1 & Ground Control & 1G on Earth)",1,"flight_positive"
"REACTOME_PKA_MEDIATED_PHOSPHORYLATION_OF_CREB",0.644,0.711303278688525,0.0662842187012672,-0.29373034816574,-0.858109825111392,19,"reactome","Prkacb; Prkar1a; Calm1; Creb1","thymus","MHU-2","GLDS-289","Stat_(MHU-1 & Space Flight & uG)v(MHU-1 & Ground Control & 1G on Earth)",1,"flight_positive"
"REACTOME_PKMTS_METHYLATE_HISTONE_LYSINES",4.38453664683022e-10,3.97187437418738e-09,0.814035837847908,-0.638431308566213,-2.42627210498321,64,"reactome","H3c10; H3c7; H3c2; Nsd1; H3c11; H3c8; Nsd2; H4c4; H3c15; H3c1; H4c6; H3c4; Suv39h1; H4c16; H4c1; H3c3; H4c14; H4c12; H4c2; H4c3; H4c17; H4c11; Ehmt1; Kmt2c; Setd3; H4c18; H4c8; Rbbp5; Ezh2; Eed","thymus","MHU-2","GLDS-289","Stat_(MHU-1 & Space Flight & uG)v(MHU-1 & Ground Control & 1G on Earth)",1,"flight_positive"
"REACTOME_PKR_MEDIATED_SIGNALING",1.94030502080264e-05,8.86291869671716e-05,0.575610261071129,-0.52807357905588,-2.00778132232663,66,"reactome","Tuba1b; Ppp2r5a; Tubb4b; Tubb2a; Cdk1; Tubb2b; Ube2i; Tuba1c; Tuba1a; Dnajc3; Ilf2; Dhx9; Ppp2ca; Eif2s3x; Nck1; Eif2s1; Fancc; Hspa8; Hspa2; Ikbkg; Ppp2r1b; Fancb; Fancl; Faap24","thymus","MHU-2","GLDS-289","Stat_(MHU-1 & Space Flight & uG)v(MHU-1 & Ground Control & 1G on Earth)",1,"flight_positive"
"REACTOME_PLASMA_LIPOPROTEIN_ASSEMBLY",0.00141820827064169,0.00408502979408865,0.45505986738723,0.652091120853301,1.89138314526087,18,"reactome","Apoe; Abca1; Apoc1; Apoa4; Bmp1","thymus","MHU-2","GLDS-289","Stat_(MHU-1 & Space Flight & uG)v(MHU-1 & Ground Control & 1G on Earth)",1,"flight_positive"
"REACTOME_PLASMA_LIPOPROTEIN_ASSEMBLY_REMODELING_AND_CLEARANCE",0.0622568093385214,0.115512634194365,0.252961123069611,0.330305352518437,1.30664049879057,74,"reactome","Apoe; Abca1; Pltp; Apoc1; Lpl; Apoa4; Lsr; Bmp1; Mylip; Npc2; Ubc; Ldlrap1; Soat2; Nr1h3; Pcsk6; Fgf21","thymus","MHU-2","GLDS-289","Stat_(MHU-1 & Space Flight & uG)v(MHU-1 & Ground Control & 1G on Earth)",1,"flight_positive"
"REACTOME_PLASMA_LIPOPROTEIN_CLEARANCE",0.377049180327869,0.473728457335015,0.096240602328129,-0.305816014426941,-1.05156719614381,38,"reactome","Ldlr; Ap2b1; Ubb; Uba52; Soat1; Lipa; Ap2s1; Cltc; Ap2m1; Nr1h2","thymus","MHU-2","GLDS-289","Stat_(MHU-1 & Space Flight & uG)v(MHU-1 & Ground Control & 1G on Earth)",1,"flight_positive"
"REACTOME_PLASMA_LIPOPROTEIN_REMODELING",0.0373625333884773,0.074586687023664,0.321775918075361,0.456270709958506,1.55251402222615,33,"reactome","Apoe; Pltp; Lpl; Apoa4; Pcsk6; Fgf21; Abcg1; Apoc2; Apob; Pcsk5; Apoa1","thymus","MHU-2","GLDS-289","Stat_(MHU-1 & Space Flight & uG)v(MHU-1 & Ground Control & 1G on Earth)",1,"flight_positive"
"REACTOME_PLATELET_ACTIVATION_SIGNALING_AND_AGGREGATION",0.0699588477366255,0.127823115017089,0.245041785430996,0.262771958944232,1.22791218031399,249,"reactome","Cd63; Lgals3bp; Hspa5; Srgn; Clu; Gas6; App; Fn1; Selenop; Vcl; Src; Endod1; Grb2; Cd9; Fam3c; Aplp2; Ctsw; Sccpdh; Plcg2; Rapgef4; Igf1; Itgb3; Phactr2; Timp3; Serpina3n; Tgfb3; Fcer1g; Ecm1; Tgfb2; Lyn; Arrb2; Pros1; Aamp; Clec1b; Lefty2; Fyn; Abhd12; Stx4a; Bcar1; Vwf; Timp1; Trf; Vav3; Pcyox1l; Plek; Prkch; Sparc; Lhfpl2; F2r; Pcdh7; Psap; Rhob; Prkcd; Gnaq; Tagln2; Igf2; Sytl4; Pdgfb; Pik3r1; Gng4; Gtpbp2; Thbs1; Ola1; Dgkk; Dagla; Cd36; Gng12; Egf; Gna15; Gnai1","thymus","MHU-2","GLDS-289","Stat_(MHU-1 & Space Flight & uG)v(MHU-1 & Ground Control & 1G on Earth)",1,"flight_positive"
"REACTOME_PLATELET_AGGREGATION_PLUG_FORMATION",0.325396825396825,0.425883343742312,0.103197466945307,0.318749528288414,1.08644197294008,34,"reactome","Fn1; Src; Grb2; Rapgef4; Itgb3; Bcar1; Vwf","thymus","MHU-2","GLDS-289","Stat_(MHU-1 & Space Flight & uG)v(MHU-1 & Ground Control & 1G on Earth)",1,"flight_positive"
"REACTOME_PLATELET_CALCIUM_HOMEOSTASIS",0.210309278350515,0.308771929824561,0.135740943810425,-0.39374052014739,-1.22316442863472,25,"reactome","Itpr2; Orai2; Calm1; Atp2a1; Atp2a3; Itpr3; Itpr1","thymus","MHU-2","GLDS-289","Stat_(MHU-1 & Space Flight & uG)v(MHU-1 & Ground Control & 1G on Earth)",1,"flight_positive"
"REACTOME_PLATELET_HOMEOSTASIS",0.0212648051350472,0.0456642628198823,0.352487857583619,-0.36744977136979,-1.44500482221439,78,"reactome","Ppp2r5c; Itpr2; Ppp2r5a; Ppp2r5d; Pde5a; Ppp2r5e; Orai2; Calm1; Ppp2ca; Ptpn11; Atp2a1; Pecam1; Atp2a3; Itpr3; Itpr1; Gnb1; Gng10; Ppp2r1b; Lrp8; Stim1; Gnb2; Gng2","thymus","MHU-2","GLDS-289","Stat_(MHU-1 & Space Flight & uG)v(MHU-1 & Ground Control & 1G on Earth)",1,"flight_positive"
"REACTOME_PLATELET_SENSITIZATION_BY_LDL",0.000257061567240432,0.000896489825368989,0.49849310876659,-0.718933459767426,-2.01228681648907,17,"reactome","Ppp2r5c; Ppp2r5a; Ppp2r5d; Ppp2r5e; Ppp2ca; Ptpn11; Pecam1; Ppp2r1b; Lrp8","thymus","MHU-2","GLDS-289","Stat_(MHU-1 & Space Flight & uG)v(MHU-1 & Ground Control & 1G on Earth)",1,"flight_positive"
"REACTOME_POLO_LIKE_KINASE_MEDIATED_EVENTS",1.52205491974249e-05,7.13380523253218e-05,0.593325476396405,-0.782119165798425,-2.16587632458747,16,"reactome","Ccnb1; Ccnb2; Cenpf; Wee1; Foxm1; Ep300; Cdc25c; Lin54; Plk1; Lin9; Cdc25a; Mybl2; Pkmyt1","thymus","MHU-2","GLDS-289","Stat_(MHU-1 & Space Flight & uG)v(MHU-1 & Ground Control & 1G on Earth)",1,"flight_positive"
"REACTOME_POLYMERASE_SWITCHING_ON_THE_C_STRAND_OF_THE_TELOMERE",0.00205790405077567,0.00570288063428321,0.431707695803346,-0.581417142977572,-1.82196195573402,26,"reactome","Pcna; Prim1; Ten1; Ctc1; Rfc4; Rfc3; Stn1; Pot1a; Rfc1","thymus","MHU-2","GLDS-289","Stat_(MHU-1 & Space Flight & uG)v(MHU-1 & Ground Control & 1G on Earth)",1,"flight_positive"
"REACTOME_POSITIVE_EPIGENETIC_REGULATION_OF_RRNA_EXPRESSION",8.02065295996677e-19,1.6313705454423e-17,1.12391496374483,-0.714556780233345,-2.88007587493515,87,"reactome","H2ac13; H3f3a; H2ac10; H3c10; H2bc18; H2ac4; H3c7; H3c2; H3c11; H3c8; H2bc4; H4c4; H3c15; H3c1; H4c6; H3c4; Hdac1; H2bc21; H2ac19; H2ac20; H4c16; H4c1; Ep300; H3c3; H2bc8; H4c14; H4c12; H4c2; H4c3; H2ax; H2bc3; H4c17; H2bc7; H4c11; Actb; Tbp; H2bc14; H2bc6; Baz1b; H2ac18; H4c18; H4c8; Polr1d; H3f3b; Myo1c; H2ac7; Kat2b","thymus","MHU-2","GLDS-289","Stat_(MHU-1 & Space Flight & uG)v(MHU-1 & Ground Control & 1G on Earth)",1,"flight_positive"
"REACTOME_POSTMITOTIC_NUCLEAR_PORE_COMPLEX_NPC_REFORMATION",5.69162319041137e-07,3.44694932542891e-06,0.659444398037935,-0.740234697498704,-2.31964171240294,26,"reactome","Rcc1; Ube2i; Nup188; Nup62; Ndc1; Nup107; Ran; Nup205; Seh1l; Rangap1; Nup37; Sec13; Nup160; Kpnb1; Nup155; Tnpo1","thymus","MHU-2","GLDS-289","Stat_(MHU-1 & Space Flight & uG)v(MHU-1 & Ground Control & 1G on Earth)",1,"flight_positive"
"REACTOME_POST_CHAPERONIN_TUBULIN_FOLDING_PATHWAY",9.80320834440215e-05,0.000374746758697359,0.538434096309916,-0.740109671630669,-2.07155879969787,17,"reactome","Tuba1b; Tubb4b; Tubb2a; Tubb2b; Tuba1c; Tuba1a","thymus","MHU-2","GLDS-289","Stat_(MHU-1 & Space Flight & uG)v(MHU-1 & Ground Control & 1G on Earth)",1,"flight_positive"
"REACTOME_POST_TRANSLATIONAL_MODIFICATION_SYNTHESIS_OF_GPI_ANCHORED_PROTEINS",0.102161100196464,0.174255800651563,0.195789002148949,0.310409179388851,1.24442585358086,82,"reactome","Cd52; Lypd8; Ntng2; Msln; Gp2; Pigp; Plet1; Mdga1; Izumo1r; Lypd1; Nrn1; Gpld1; Vnn1; Lypd3; Art3; Lsamp; Ly6g6c; Pigt; Plaur; Opcml; Pigc; Akp3; Prnd; Bst1; Pigk; Dpm2; Ly6h; Ntm; Pigs; Pigz; Lypd5; Lypd2; Mdga2; Meltf; Gpihbp1; Prss41","thymus","MHU-2","GLDS-289","Stat_(MHU-1 & Space Flight & uG)v(MHU-1 & Ground Control & 1G on Earth)",1,"flight_positive"
"REACTOME_POTASSIUM_CHANNELS",0.0240968426797196,0.0505784223988021,0.352487857583619,0.361265519444715,1.44892985398192,81,"reactome","Kcnj15; Kcnk2; Kcnn3; Kcnh1; Kcnq3; Kcnj10; Kcnk6; Abcc9; Kcnb1; Kcnma1; Kcnj2; Kcnk13; Kcnq1; Gng4; Abcc8; Gng12; Kcnj9; Gngt2; Kcnb2; Kcns3; Kcnj5; Kcng4; Gabbr1; Kcnd1; Kcnk9; Gng11; Hcn4; Kcnc3; Kcnd3; Kcnh4; Gnb5; Kcnj16; Kcnv1; Kcnq4; Kcnh8; Kcna6; Kcnj8; Kcnq2","thymus","MHU-2","GLDS-289","Stat_(MHU-1 & Space Flight & uG)v(MHU-1 & Ground Control & 1G on Earth)",1,"flight_positive"
"REACTOME_POTENTIAL_THERAPEUTICS_FOR_SARS",0.142034548944338,0.226498881304728,0.161978948883402,0.274739986242143,1.18438135486928,123,"reactome","Cd79a; S1pr1; Jak3; Grb2; Atp1b3; Blnk; Plcg2; Il6ra; Tlr7; Chd3; Comt; Zbp1; Igkv1-117; Igkv1-135; Il1r1; Igkv1-88; Atp1a2; Igkv8-27; Itga4; Igkv14-111; Jak2; Igkv8-30; Tlr9; Tyk2; Atp1b1; Igkv14-100; Ace2; Pdcd1; Arid4b; Fxyd6; Mta1; Atp1a3; Fxyd2; Brd4; Igkv8-28; Ighm; Ifngr2; Fxyd3; Hsp90ab1; Mbd3; Hmg20b; Ighv5-9; Vegfa; Igkv17-127","thymus","MHU-2","GLDS-289","Stat_(MHU-1 & Space Flight & uG)v(MHU-1 & Ground Control & 1G on Earth)",1,"flight_positive"
"REACTOME_PRC2_METHYLATES_HISTONES_AND_DNA",7.23912020222657e-19,1.50072530346159e-17,1.12391496374483,-0.796638999379647,-2.97160891734489,55,"reactome","H2ac13; H3f3a; H2ac10; H3c10; H2bc18; H2ac4; Phf19; H3c7; H3c2; H3c11; H3c8; H2bc4; H4c4; H3c15; H3c1; H4c6; H3c4; H2bc21; H2ac19; H2ac20; H4c16; H4c1; Dnmt1; H3c3; H2bc8; H4c14; H4c12; H4c2; H4c3; H2ax; H2bc3; H4c17; H2bc7; H4c11; H2bc14; H2bc6; H2ac18; H4c18; H4c8; Ezh2; H3f3b; Eed","thymus","MHU-2","GLDS-289","Stat_(MHU-1 & Space Flight & uG)v(MHU-1 & Ground Control & 1G on Earth)",1,"flight_positive"
"REACTOME_PRESYNAPTIC_FUNCTION_OF_KAINATE_RECEPTORS",0.828343313373254,0.866104841722956,0.0542315935495841,0.261493857436033,0.758460065974469,18,"reactome","Plcb1; Gng4; Gng12; Gngt2; Grik3; Gng11; Gnb5","thymus","MHU-2","GLDS-289","Stat_(MHU-1 & Space Flight & uG)v(MHU-1 & Ground Control & 1G on Earth)",1,"flight_positive"
"REACTOME_PRE_NOTCH_EXPRESSION_AND_PROCESSING",2.292451545085e-12,2.60132922694909e-11,0.898671232061694,-0.624951254837031,-2.54383690722983,92,"reactome","H2ac13; H3f3a; H2ac10; H3c10; H2bc18; H2ac4; H3c7; H3c2; H3c11; H3c8; H2bc4; H4c4; H3c15; H3c1; H4c6; H3c4; H2bc21; H2ac19; H2ac20; H4c16; H4c1; Ep300; H3c3; H2bc8; H4c14; H4c12; Sel1l; H4c2; H4c3; H2ax; H2bc3; H4c17; H2bc7; H4c11; Tfdp1; H2bc14; Atp2a1; H2bc6; Atp2a3; Tnrc6c; H2ac18; H4c18; H4c8","thymus","MHU-2","GLDS-289","Stat_(MHU-1 & Space Flight & uG)v(MHU-1 & Ground Control & 1G on Earth)",1,"flight_positive"
"REACTOME_PRE_NOTCH_PROCESSING_IN_GOLGI",0.842315369261477,0.877310114071374,0.053457214108991,-0.255012795269827,-0.729957855683145,18,"reactome","Sel1l; Atp2a1; Atp2a3; Tmed2","thymus","MHU-2","GLDS-289","Stat_(MHU-1 & Space Flight & uG)v(MHU-1 & Ground Control & 1G on Earth)",1,"flight_positive"
"REACTOME_PROCESSING_OF_CAPPED_INTRONLESS_PRE_MRNA",0.000941036339957899,0.00284156071281405,0.477270815362862,-0.589610668920922,-1.89326929216865,29,"reactome","Wdr33; Ncbp1; Cstf2t; Snrpb; Slbp; Cstf1; Cpsf4; Nudt21; Pcf11; Cpsf2; Zfp473; Cpsf3; Cstf3; Lsm10; Lsm11; Snrpg; Ncbp2; Cstf2","thymus","MHU-2","GLDS-289","Stat_(MHU-1 & Space Flight & uG)v(MHU-1 & Ground Control & 1G on Earth)",1,"flight_positive"
"REACTOME_PROCESSING_OF_CAPPED_INTRON_CONTAINING_PRE_MRNA",7.87451634293028e-14,9.9867395502104e-13,0.954541630725724,-0.46288944547995,-2.22719593506589,276,"reactome","Hnrnpk; Plrg1; Wdr33; Dhx15; Prpf8; Smu1; Dhx8; Hnrnpc; Nup188; Puf60; Ddx39a; Phf5a; Chtop; Rbm10; Ppil2; Sf3b3; Polr2c; Nup62; Ndc1; Snu13; Thoc7; Nup107; Cdc40; Ppp1r8; Ncbp1; Cstf2t; Srsf2; Rbm7; Nup205; Txnl4a; Snrnp200; Dhx9; Snrpb; Fam32a; Slbp; Usp39; Seh1l; Nup37; Ddx39b; Cstf1; Ptbp1; Ctnnbl1; Sec13; Tra2b; Nup88; Cpsf4; Snrnp25; Nup160; Nudt21; Cdc5l; Snrnp40; Mfap1a; Nup50; Snrpb2; U2af2; Nkap; Gtf2f2; Hnrnpf; Nup155; Ppil1; Nxt1; Hspa8; Hnrnpr; Cwc25; Pcf11; Lsm3; Thoc5; Aqr; Poldip3; Hnrnpl; Hnrnph1; Polr2a; Prpf18; Srsf7; Steep1; Bud31; Rbm5; Magoh; Rbm22; Zc3h11a; Prpf38a; Prpf19; Rnpc3; Rae1; Snip1; Rbm39; Nup54; Cactin; Sf3b1; Polr2d; Gpkow; Xab2; Srsf4; Prkrip1; Gle1; Snw1; Rbmx; Cpsf2; Nup43; Rbmx2; Crnkl1; Sf3a1; Gcfc2; Snrpd2; Polr2b; Ddx23; Dhx38; Dhx35; Ppie; Rnf113a1; Cpsf3; Yju2; Ddx5; Fyttd1","thymus","MHU-2","GLDS-289","Stat_(MHU-1 & Space Flight & uG)v(MHU-1 & Ground Control & 1G on Earth)",1,"flight_positive"
"REACTOME_PROCESSING_OF_DNA_DOUBLE_STRAND_BREAK_ENDS",3.85879398979183e-15,5.62132421756161e-14,0.996986217533181,-0.680078092314889,-2.71360213108722,83,"reactome","H2bc18; Rnf4; Ubb; Ccna2; Nsd2; H2bc4; H4c4; H4c6; Dna2; H2bc21; Ube2i; Cdk2; Rhno1; H4c16; H4c1; Wrn; Uba52; H2bc8; H4c14; H4c12; H4c2; H4c3; H2ax; H2bc3; H4c17; Rfc4; H2bc7; H4c11; Rfc3; Rmi2; Bard1; Rmi1; H2bc14; H2bc6; Brca1; Brip1; Ppp4c; H4c18; H4c8; Rad9a","thymus","MHU-2","GLDS-289","Stat_(MHU-1 & Space Flight & uG)v(MHU-1 & Ground Control & 1G on Earth)",1,"flight_positive"
"REACTOME_PROCESSING_OF_INTRONLESS_PRE_MRNAS",0.00162161518272426,0.0046124041345033,0.45505986738723,-0.624849270388252,-1.85888047147311,20,"reactome","Wdr33; Ncbp1; Cstf2t; Cstf1; Cpsf4; Nudt21; Pcf11; Cpsf2; Cpsf3; Cstf3","thymus","MHU-2","GLDS-289","Stat_(MHU-1 & Space Flight & uG)v(MHU-1 & Ground Control & 1G on Earth)",1,"flight_positive"
"REACTOME_PROCESSING_OF_SMDT1",0.937246963562753,0.954964297467531,0.0491927521045191,-0.225137087449516,-0.61453957128042,15,"reactome","Micu1; Yme1l1; Maip1; Mcu; Smdt1","thymus","MHU-2","GLDS-289","Stat_(MHU-1 & Space Flight & uG)v(MHU-1 & Ground Control & 1G on Earth)",1,"flight_positive"
"REACTOME_PROCESSIVE_SYNTHESIS_ON_THE_C_STRAND_OF_THE_TELOMERE",0.014961627906592,0.0334688463271544,0.380730400722792,-0.561391384163016,-1.64006023038295,19,"reactome","Pcna; Dna2; Fen1; Wrn; Pot1a; Lig1; Rpa2; Blm","thymus","MHU-2","GLDS-289","Stat_(MHU-1 & Space Flight & uG)v(MHU-1 & Ground Control & 1G on Earth)",1,"flight_positive"
"REACTOME_PROCESSIVE_SYNTHESIS_ON_THE_LAGGING_STRAND",0.0243793459374519,0.051030941593346,0.352487857583619,-0.577781542716827,-1.57712629925781,15,"reactome","Pcna; Prim1; Dna2; Fen1; Lig1; Rpa2; Pola2","thymus","MHU-2","GLDS-289","Stat_(MHU-1 & Space Flight & uG)v(MHU-1 & Ground Control & 1G on Earth)",1,"flight_positive"
"REACTOME_PROGRAMMED_CELL_DEATH",0.00102793743658112,0.00305266269045301,0.45505986738723,-0.330796529882353,-1.52723877246686,194,"reactome","Ubb; H1f4; Bcl2l1; Dynll1; H1f1; Psmd8; Fas; H1f3; Satb1; H1f2; Ywhaz; Ywhaq; Hmgb1; Sptan1; H1f5; Psmc1; Uba52; Stk24; Bcap31; Arhgap10; Sdcbp; Psmb7; Psmd13; Ywhah; Psmb1; Ctnnb1; Traf2; Itch; Tfdp1; Bad; Psma1; Psmb5; Ywhab; Fnta; Bid; Stk26; Psmd6; Apaf1; Kpnb1; Psmc3; Xiap; Akt1; Diablo; Lmnb1; Casp6; Ywhae; Cdc37; Appl1; Psmd11; Psmb4; Chmp7; Psmb3; Casp3; E2f1; Hmgb2; Ogt; Gsdme; Psmb6; Dffa; Psma7; Kpna1; Psmc6; Psmc4; Ube2l3; Flot2; Psmc2; Psma2","thymus","MHU-2","GLDS-289","Stat_(MHU-1 & Space Flight & uG)v(MHU-1 & Ground Control & 1G on Earth)",1,"flight_positive"
"REACTOME_PROSTACYCLIN_SIGNALLING_THROUGH_PROSTACYCLIN_RECEPTOR",0.947791164658635,0.961908662707352,0.0483117581055019,-0.218531656980981,-0.605166786246437,16,"reactome","Gnb1; Gng10; Gnb2; Gng2","thymus","MHU-2","GLDS-289","Stat_(MHU-1 & Space Flight & uG)v(MHU-1 & Ground Control & 1G on Earth)",1,"flight_positive"
"REACTOME_PROTEASOME_ASSEMBLY",1.39941831044033e-05,6.64645064798246e-05,0.593325476396405,-0.561717771698996,-2.04733716826538,51,"reactome","Psmd8; Psmc1; Psmb7; Psmd13; Psmb1; Psmd5; Psma1; Psmd4; Psmb5; Psmf1; Psmd6; Psmc3; Psmg1; Psmd11; Psmb4; Psme4; Psmb3; Psmb6; Psma7; Psmd10; Psmc6; Psmc4; Psmc2; Psma2","thymus","MHU-2","GLDS-289","Stat_(MHU-1 & Space Flight & uG)v(MHU-1 & Ground Control & 1G on Earth)",1,"flight_positive"
"REACTOME_PROTEIN_FOLDING",2.11025584865681e-05,9.55821766744556e-05,0.575610261071129,-0.47829560855839,-1.91873929624358,86,"reactome","Tuba1b; Tubb4b; Tubb2a; Cct7; Cct4; Tubb2b; Cct5; Tuba1c; Tuba1a; Fbxl3; Wrap53; Cct2; Actb; Csnk2b; Lonp2; Tcp1; Ccne2; Tbcd; Fbxw2; Gnb1; Gng10; Fbxw10; Fbxw5; Ap3m1; Arfgef2; Ccne1; Cct6a; Gnb2; Gng2","thymus","MHU-2","GLDS-289","Stat_(MHU-1 & Space Flight & uG)v(MHU-1 & Ground Control & 1G on Earth)",1,"flight_positive"
"REACTOME_PROTEIN_HYDROXYLATION",0.26,0.362587322121604,0.118287526124085,-0.401336255006464,-1.17247191427469,19,"reactome","Kdm8; U2af2; Drg1; Jmjd6; Jmjd4; Zc3h15; Etf1; Ogfod1; Rps6","thymus","MHU-2","GLDS-289","Stat_(MHU-1 & Space Flight & uG)v(MHU-1 & Ground Control & 1G on Earth)",1,"flight_positive"
"REACTOME_PROTEIN_LOCALIZATION",0.00237457155370098,0.00650367676628884,0.431707695803346,-0.347489828189012,-1.54219257367577,156,"reactome","Cyb5a; Ubb; Vdac1; Timm23; Vapa; Pxmp4; Uba52; Aco2; Grpel1; Cox19; Timm50; Eci2; Timm17b; Cs; Tomm22; Lonp2; Gstk1; Nudt19; Grpel2; Chchd3; Bcs1l; Slc25a17; Ube2d3; Fis1; Abcd1; Cat; Timm8b; Crat; Timm8a1; Aldh3a2; Pex13; Tomm20; Gdap1; Atad1; Acox1; Chchd4; Slc25a13; Crot; Pitrm1; Pex26; Get4; Amacr; Pex1; Ehhadh; Hsd17b4; Timm21; Chchd2; Agps; Pex12; Ube2j2; Caml; Idh1; Tomm70a; Idh3g; Hmgcl","thymus","MHU-2","GLDS-289","Stat_(MHU-1 & Space Flight & uG)v(MHU-1 & Ground Control & 1G on Earth)",1,"flight_positive"
"REACTOME_PROTEIN_METHYLATION",0.0775510204081633,0.138640132669983,0.231126709673834,-0.513051226658894,-1.4360247190654,17,"reactome","Eef2; Calm1; Eef1a1; Hspa8; Vcp; Eef1akmt1","thymus","MHU-2","GLDS-289","Stat_(MHU-1 & Space Flight & uG)v(MHU-1 & Ground Control & 1G on Earth)",1,"flight_positive"
"REACTOME_PROTEIN_PROTEIN_INTERACTIONS_AT_SYNAPSES",0.064327485380117,0.11914953477623,0.248911114434702,0.331196299114523,1.30526638298092,71,"reactome","Ppfia4; Dlgap4; Apba1; Ppfibp2; Epb41l3; Syt7; Shank1; Ptprd; Nlgn1; Sharpin; Pdlim5; Stxbp1; Epb41l1; Dlgap3; Homer1; Dbnl; Dlg2; Grin2c; Dlgap1; Epb41l5; Lrrtm3; Cask; Ppfia2; Gria3; Lin7a; Syt1; Lrfn2; Begain; Apba2; Slitrk2","thymus","MHU-2","GLDS-289","Stat_(MHU-1 & Space Flight & uG)v(MHU-1 & Ground Control & 1G on Earth)",1,"flight_positive"
"REACTOME_PROTEIN_UBIQUITINATION",1.06271917710699e-07,7.53691626921934e-07,0.704975715167238,-0.572029129754297,-2.21225870276145,71,"reactome","H2bc18; Ubb; H2bc4; Pcna; H2bc21; Uba52; H2bc8; Rad18; Ube2t; H2bc3; H2bc7; Bcl10; Ube2e3; H2bc14; Rnf20; H2bc6; Uba1; Uba6; Usp7; Ube2d3; Ube2g1; Tmem129; Vcp; Ube2c; Uchl3; Ube2b; Pex13; Ube2q2; Shprh; Ube2l3; Pex12; Rraga; Prkdc; Ube2j2; Ube2e1; Ube2h; Rnf40; Ube2v2; Derl1; Ube2a; Rps27a","thymus","MHU-2","GLDS-289","Stat_(MHU-1 & Space Flight & uG)v(MHU-1 & Ground Control & 1G on Earth)",1,"flight_positive"
"REACTOME_PTEN_REGULATION",8.2825404466015e-05,0.000321206454954159,0.538434096309916,-0.417440049918994,-1.79186007774912,124,"reactome","Ubb; Psmd8; Hdac1; Phc1; Lamtor3; Wwp2; Pten; Tnks2; Psmc1; Uba52; Psmb7; Psmd13; Psmb1; Tnks; Csnk2b; Psma1; Tnrc6c; Psmb5; Psmd6; Psmc3; Xiap; Akt1; Usp7; Ezh2; Slc38a9; Eed; Psmd11; Nedd4; Psmb4; Psmb3; Hdac2; Ago2; Psmb6; Psma7; Rnf146; Psmc6; Rbbp7; Psmc4; Tnrc6b; Mta2; Psmc2; Psma2; Chd4; Hdac7; Rraga; Psmd3; Suz12; Atf2; Cbx2; Mlst8; Ago3; Trim27; Akt2","thymus","MHU-2","GLDS-289","Stat_(MHU-1 & Space Flight & uG)v(MHU-1 & Ground Control & 1G on Earth)",1,"flight_positive"
"REACTOME_PURINERGIC_SIGNALING_IN_LEISHMANIASIS_INFECTION",0.00789260695620198,0.018991585488361,0.380730400722792,0.543766058148259,1.73051170249533,26,"reactome","C3; App; Nt5e; C3ar1; Casp1; Entpd1; P2rx7; Nfkb1; Il1a; P2rx4; Nfkb2; Gsdmd; Nlrp3; Mefv; Rela; Hsp90ab1; Il1b","thymus","MHU-2","GLDS-289","Stat_(MHU-1 & Space Flight & uG)v(MHU-1 & Ground Control & 1G on Earth)",1,"flight_positive"
"REACTOME_PURINE_CATABOLISM",0.377952755905512,0.47431090904091,0.0937465422491719,0.381160163352547,1.04844584618348,15,"reactome","Nt5e; Xdh; Gda; Nudt9","thymus","MHU-2","GLDS-289","Stat_(MHU-1 & Space Flight & uG)v(MHU-1 & Ground Control & 1G on Earth)",1,"flight_positive"
"REACTOME_PYROPTOSIS",0.106382978723404,0.179750550256787,0.190023305279108,0.424523298462688,1.34272417921895,25,"reactome","Trp63; Casp1; Irf1; Casp4; Gzmb; Il1a; Chmp4c; Gsdmd; Irf2; Chmp2b; Il1b","thymus","MHU-2","GLDS-289","Stat_(MHU-1 & Space Flight & uG)v(MHU-1 & Ground Control & 1G on Earth)",1,"flight_positive"
"REACTOME_PYRUVATE_METABOLISM",0.000449712199324238,0.00149626466318373,0.49849310876659,-0.531079137365846,-1.8888355236106,45,"reactome","Rmnd5a; Ubb; Vdac1; Ldhb; Pdha1; Pdhb; Uba52; Pdp2; Mkln1; Ldha; Wdr26; Mpc1; Pdk3; Pdhx; Glo1; Pkm","thymus","MHU-2","GLDS-289","Stat_(MHU-1 & Space Flight & uG)v(MHU-1 & Ground Control & 1G on Earth)",1,"flight_positive"
"REACTOME_RAB_GEFS_EXCHANGE_GTP_FOR_GDP_ON_RABS",0.228105906313646,0.32874086498143,0.128788713061714,-0.277422866480659,-1.11291457849125,86,"reactome","Dennd4c; Rab3gap1; Trappc11; Gapvd1; Trappc13; Trappc12; Rab5c; Rab1a; Als2; Akt1; Rab9; Madd; Ywhae; Rabgef1; Dennd6a; Chml; Trappc9; Rin1; Hps1; Rab8a; Dennd1b; Ric1; Akt2; Mon1a; Trappc5; Trappc2l; Rab3ip; Trappc8; Trappc1; Dennd1a","thymus","MHU-2","GLDS-289","Stat_(MHU-1 & Space Flight & uG)v(MHU-1 & Ground Control & 1G on Earth)",1,"flight_positive"
"REACTOME_RAB_GERANYLGERANYLATION",0.524904214559387,0.607131698814398,0.0743625384422526,0.25214022420978,0.967435718275981,61,"reactome","Rab15; Rab34; Rab30; Rab20; Rab6b; Rab43; Rab24; Rab36; Rab7b; Rab42; Rab25; Rab4a; Rabggta; Rab19; Rab18; Rab39b; Rab13; Rab27b; Rab3a; Rab32; Rab21; Rab37","thymus","MHU-2","GLDS-289","Stat_(MHU-1 & Space Flight & uG)v(MHU-1 & Ground Control & 1G on Earth)",1,"flight_positive"
"REACTOME_RAB_REGULATION_OF_TRAFFICKING",0.383196721311475,0.478493699885452,0.0952879846194844,-0.241245855366223,-1.02663072037548,117,"reactome","Dennd4c; Rab11b; Rab3gap1; Trappc11; Gapvd1; Map1lc3b; Trappc13; Trappc12; Rab5c; Rab1a; Als2; Akt1; Rab9; Madd; Ywhae; Rabgef1; Dennd6a; Chml; Trappc9; Arf6; Rin1; Tbc1d10c; Hps1; Tsc1; Tbc1d17; Gabarapl2; Rab33a; Rab8a; Dennd1b; Ric1; Akt2; Mon1a; Rab11a; Trappc5; Trappc2l; Rab3ip; Trappc8; Trappc1; Dennd1a","thymus","MHU-2","GLDS-289","Stat_(MHU-1 & Space Flight & uG)v(MHU-1 & Ground Control & 1G on Earth)",1,"flight_positive"
"REACTOME_RAC1_GTPASE_CYCLE",0.0693877551020408,0.127427597955707,0.245041785430996,-0.270205031304277,-1.23057092648434,180,"reactome","Lbr; Ect2; Dock8; Tmpo; Spata13; Git2; Depdc1b; Arhgdib; Iqgap3; Diaph3; Nckap1l; Vav1; Arhgap10; Cdc42ep4; Arhgef39; Syde2; Garre1; Racgap1; Gna13; Iqgap1; Itgb1; Arhgap1; Cit; Dock2; Mcam; Cdc42; Arhgap24; Cyfip2; Vamp3; Als2; Prex1; Abi1; Taok3; Dock11; Arhgap26; Wasl; Pkn1; Vrk2; Chn1; Mcf2l; Arhgap45; Arhgap21; Brk1","thymus","MHU-2","GLDS-289","Stat_(MHU-1 & Space Flight & uG)v(MHU-1 & Ground Control & 1G on Earth)",1,"flight_positive"
"REACTOME_RAC2_GTPASE_CYCLE",0.0263924110261353,0.0546795408835695,0.352487857583619,-0.348014179004301,-1.40269782445887,87,"reactome","Lbr; Rac2; Tmpo; Git2; Depdc1b; Diaph3; Nckap1l; Vav1; Cdc42ep4; Garre1; Racgap1; Iqgap1; Itgb1; Arhgap1; Dock2; Mcam; Cdc42; Vamp3; Prex1; Abi1; Taok3","thymus","MHU-2","GLDS-289","Stat_(MHU-1 & Space Flight & uG)v(MHU-1 & Ground Control & 1G on Earth)",1,"flight_positive"
"REACTOME_RAC3_GTPASE_CYCLE",0.246963562753036,0.348464294041588,0.122679189568808,-0.273837251471602,-1.10746278385547,89,"reactome","Lbr; Tmpo; Git2; Depdc1b; Arhgdib; Diaph3; Nckap1l; Garre1; Racgap1; Itgb1; Arhgap1; Mcam; Cdc42; Vamp3; Prex1; Abi1; Taok3; Rapgef1; Arhgap26","thymus","MHU-2","GLDS-289","Stat_(MHU-1 & Space Flight & uG)v(MHU-1 & Ground Control & 1G on Earth)",1,"flight_positive"
"REACTOME_RAF_ACTIVATION",0.000335799266093619,0.00114917971063149,0.49849310876659,-0.59479039671087,-1.96732692926583,32,"reactome","Ppp2r5c; Ppp2r5a; Ppp2r5d; Ppp2r5e; Raf1; Calm1; Nras; Ppp2ca; Ywhab; Mark3; Map3k11; Brap; Kras; Ppp2r1b","thymus","MHU-2","GLDS-289","Stat_(MHU-1 & Space Flight & uG)v(MHU-1 & Ground Control & 1G on Earth)",1,"flight_positive"
"REACTOME_RAF_INDEPENDENT_MAPK1_3_ACTIVATION",0.655310621242485,0.719373574031974,0.0655321029282414,-0.279850129304356,-0.86004365134229,23,"reactome","Cdk1; Dusp10; Ptpn11","thymus","MHU-2","GLDS-289","Stat_(MHU-1 & Space Flight & uG)v(MHU-1 & Ground Control & 1G on Earth)",1,"flight_positive"
"REACTOME_RAP1_SIGNALLING",0.0101709564808164,0.0237837116839915,0.380730400722792,-0.616079685369831,-1.681665824191,15,"reactome","Rasgrp1; Rapgef3; Prkacb; Ywhaz; Raf1; Ywhab","thymus","MHU-2","GLDS-289","Stat_(MHU-1 & Space Flight & uG)v(MHU-1 & Ground Control & 1G on Earth)",1,"flight_positive"
"REACTOME_RAS_ACTIVATION_UPON_CA2_INFLUX_THROUGH_NMDA_RECEPTOR",0.326,0.425973333333333,0.103576326612592,-0.37453349089046,-1.09416977296818,19,"reactome","Calm1; Nras; Dlg3; Kras; Dlg4","thymus","MHU-2","GLDS-289","Stat_(MHU-1 & Space Flight & uG)v(MHU-1 & Ground Control & 1G on Earth)",1,"flight_positive"
"REACTOME_RAS_PROCESSING",0.000752735247803102,0.00235886220096437,0.477270815362862,-0.633508547288125,-1.93364906760502,22,"reactome","Ubb; Bcl2l1; Uba52; Calm1; Nras; Zdhhc9; Icmt; Fnta; Kras; Abhd17a; Abhd17c","thymus","MHU-2","GLDS-289","Stat_(MHU-1 & Space Flight & uG)v(MHU-1 & Ground Control & 1G on Earth)",1,"flight_positive"
"REACTOME_RA_BIOSYNTHESIS_PATHWAY",0.532,0.612709401709402,0.0758886900606117,-0.319049287365208,-0.932077090067622,19,"reactome","Dhrs3; Rdh11","thymus","MHU-2","GLDS-289","Stat_(MHU-1 & Space Flight & uG)v(MHU-1 & Ground Control & 1G on Earth)",1,"flight_positive"
"REACTOME_RECOGNITION_AND_ASSOCIATION_OF_DNA_GLYCOSYLASE_WITH_SITE_CONTAINING_AN_AFFECTED_PURINE",2.715371943069e-15,4.12277599243434e-14,1.00731795687447,-0.810001266604644,-2.82942363131488,42,"reactome","H2ac13; H2ac10; H2bc18; H2ac4; H2bc4; H4c4; H4c6; H2bc21; H2ac19; H2ac20; H4c16; H4c1; H2bc8; H4c14; H4c12; H4c2; H4c3; H2ax; H2bc3; H4c17; H2bc7; H4c11; H2bc14; Pot1a; H2bc6; H2ac18; H4c18; H4c8","thymus","MHU-2","GLDS-289","Stat_(MHU-1 & Space Flight & uG)v(MHU-1 & Ground Control & 1G on Earth)",1,"flight_positive"
"REACTOME_RECOGNITION_OF_DNA_DAMAGE_BY_PCNA_CONTAINING_REPLICATION_COMPLEX",3.02587182075738e-05,0.000131527815434535,0.575610261071129,-0.651859303500889,-2.11096522369778,30,"reactome","Ubb; Pcna; Uba52; Ddb1; Pole; Rad18; Pole2; Rfc4; Rfc3; Wdr48; Rfc1; Dtl; Rbx1; Pole4; Usp1; Rpa2; Ube2b","thymus","MHU-2","GLDS-289","Stat_(MHU-1 & Space Flight & uG)v(MHU-1 & Ground Control & 1G on Earth)",1,"flight_positive"
"REACTOME_RECRUITMENT_OF_MITOTIC_CENTROSOME_PROTEINS_AND_COMPLEXES",5.21602873071926e-11,5.30460280350506e-10,0.851339057116899,-0.620567603992251,-2.45324772973745,79,"reactome","Tubb5; Tubb4b; Plk4; Cdk1; Dynll1; Cep43; Cep76; Tubgcp6; Clasp1; Ckap5; Tubgcp3; Tuba1a; Actr1a; Pafah1b1; Dync1i2; Cep192; Nek2; Ssna1; Tubgcp4; Haus2; Alms1; Ccp110; Plk1; Nde1; Haus8; Cep70; Cep72; Cetn2; Ywhae; Cep152; Dync1h1; Csnk1e; Cep57; Pcnt; Odf2","thymus","MHU-2","GLDS-289","Stat_(MHU-1 & Space Flight & uG)v(MHU-1 & Ground Control & 1G on Earth)",1,"flight_positive"
"REACTOME_RECRUITMENT_OF_NUMA_TO_MITOTIC_CENTROSOMES",1.35798346329816e-13,1.66352974254025e-12,0.943632225232838,-0.651222314945493,-2.6124551928101,86,"reactome","Tuba1b; Tubb5; Tubb4b; Tubb2a; Plk4; Cdk1; Dynll1; Cep43; Cep76; Tubb2b; Tubgcp6; Clasp1; Ckap5; Tuba1c; Tubgcp3; Tuba1a; Actr1a; Pafah1b1; Dync1i2; Cep192; Nek2; Ssna1; Tubgcp4; Haus2; Alms1; Ccp110; Plk1; Nde1; Haus8; Cep70; Cep72; Cetn2; Ywhae; Cep152; Dync1h1; Csnk1e; Cep57; Pcnt; Odf2","thymus","MHU-2","GLDS-289","Stat_(MHU-1 & Space Flight & uG)v(MHU-1 & Ground Control & 1G on Earth)",1,"flight_positive"
"REACTOME_RECYCLING_OF_BILE_ACIDS_AND_SALTS",0.153543307086614,0.239883601506333,0.157402899305283,0.464428507095391,1.27748958556034,15,"reactome","Rxra; Stard5; Abcc3; Slc27a5","thymus","MHU-2","GLDS-289","Stat_(MHU-1 & Space Flight & uG)v(MHU-1 & Ground Control & 1G on Earth)",1,"flight_positive"
"REACTOME_RECYCLING_PATHWAY_OF_L1",0.000100367666031115,0.000382319236683893,0.538434096309916,-0.576504958505012,-1.99381907978238,40,"reactome","Tuba1b; Tubb4b; Tubb2a; Ap2b1; Tubb2b; Kif4; Tuba1c; Tuba1a; Ezr; Actb; Ap2s1; Cltc; Dpysl2; Rdx; Ap2m1; Actg1","thymus","MHU-2","GLDS-289","Stat_(MHU-1 & Space Flight & uG)v(MHU-1 & Ground Control & 1G on Earth)",1,"flight_positive"
"REACTOME_REGULATED_NECROSIS",0.64476386036961,0.711418056784483,0.0675188953767744,-0.243721161146225,-0.909026864018806,56,"reactome","Ubb; Fas; Hmgb1; Uba52; Sdcbp; Traf2; Itch; Xiap; Cdc37; Chmp7; Casp3; Ogt; Gsdme; Ube2l3; Flot2","thymus","MHU-2","GLDS-289","Stat_(MHU-1 & Space Flight & uG)v(MHU-1 & Ground Control & 1G on Earth)",1,"flight_positive"
"REACTOME_REGULATION_OF_APOPTOSIS",4.21515756253618e-07,2.62655482798497e-06,0.674962860011025,-0.657794747674205,-2.27495652751105,40,"reactome","Ubb; Psmd8; Psmc1; Uba52; Arhgap10; Psmb7; Psmd13; Psmb1; Psma1; Psmb5; Psmd6; Psmc3; Psmd11; Psmb4; Psmb3; Psmb6; Psma7; Psmc6; Psmc4; Psmc2; Psma2; Opa1; Psmd3","thymus","MHU-2","GLDS-289","Stat_(MHU-1 & Space Flight & uG)v(MHU-1 & Ground Control & 1G on Earth)",1,"flight_positive"
"REACTOME_REGULATION_OF_BETA_CELL_DEVELOPMENT",0.284313725490196,0.389181548224383,0.11101149245045,0.345690535767165,1.14010207697278,29,"reactome","Maml2; Insm1; Maml3; Kat2a; Hnf4g; Mamld1; Hnf1a; Hes1; Slc2a2; Foxo1; Iapp; Rbpj","thymus","MHU-2","GLDS-289","Stat_(MHU-1 & Space Flight & uG)v(MHU-1 & Ground Control & 1G on Earth)",1,"flight_positive"
"REACTOME_REGULATION_OF_CHOLESTEROL_BIOSYNTHESIS_BY_SREBP_SREBF",0.000272625556910392,0.000938946806228124,0.49849310876659,-0.493826870457294,-1.84186670254163,56,"reactome","Insig1; Hmgcs1; Srebf2; Fdps; Hmgcr; Med1; Sqle; Nfyc; Ran; Sp1; Fdft1; Nfya; Idi1; Acaca; Kpnb1; Mvk; Scd2; Cyp51; Fasn","thymus","MHU-2","GLDS-289","Stat_(MHU-1 & Space Flight & uG)v(MHU-1 & Ground Control & 1G on Earth)",1,"flight_positive"
"REACTOME_REGULATION_OF_ENDOGENOUS_RETROELEMENTS",8.76721503240066e-21,2.30513604998242e-19,1.1778932614942,-0.700337789560381,-2.91307190332549,103,"reactome","H2ac13; H3f3a; H2ac10; H3c10; H2bc18; H2ac4; H3c7; H3c2; H3c11; H3c8; H2bc4; H4c4; H3c15; H3c1; H4c6; H3c4; Hdac1; H2bc21; H2ac19; Ube2i; H2ac20; H4c16; H4c1; H3c3; H2bc8; H4c14; H4c12; H4c2; Actl6a; H4c3; Cbx5; H2ax; Rbm7; H2bc3; H4c17; Smarcd2; Zfp26; H2bc7; H4c11; Actb; Ehmt1; H2bc14; Zfp382; Smarce1; H2bc6; Zcchc8; H2ac18; H4c18; H4c8","thymus","MHU-2","GLDS-289","Stat_(MHU-1 & Space Flight & uG)v(MHU-1 & Ground Control & 1G on Earth)",1,"flight_positive"
"REACTOME_REGULATION_OF_ENDOGENOUS_RETROELEMENTS_BY_KRAB_ZFP_PROTEINS",4.13707877099106e-21,1.14353100387907e-19,1.18665095279281,-0.772723923792511,-2.98851292828452,70,"reactome","H2ac13; H3f3a; H2ac10; H3c10; H2bc18; H2ac4; H3c7; H3c2; H3c11; H3c8; H2bc4; H4c4; H3c15; H3c1; H4c6; H3c4; Hdac1; H2bc21; H2ac19; Ube2i; H2ac20; H4c16; H4c1; H3c3; H2bc8; H4c14; H4c12; H4c2; H4c3; Cbx5; H2ax; H2bc3; H4c17; Zfp26; H2bc7; H4c11; H2bc14; Zfp382; H2bc6; H2ac18; H4c18; H4c8","thymus","MHU-2","GLDS-289","Stat_(MHU-1 & Space Flight & uG)v(MHU-1 & Ground Control & 1G on Earth)",1,"flight_positive"
"REACTOME_REGULATION_OF_ENDOGENOUS_RETROELEMENTS_BY_PIWI_INTERACTING_RNAS_PIRNAS",5.2026058924631e-17,8.4975896243564e-16,1.06720998682811,-0.717391083345867,-2.8211572182614,78,"reactome","H2ac13; H3f3a; H2ac10; H3c10; H2bc18; H2ac4; H3c7; H3c2; H3c11; H3c8; H2bc4; H4c4; H3c15; H3c1; H4c6; H3c4; Hdac1; H2bc21; H2ac19; H2ac20; H4c16; H4c1; H3c3; H2bc8; H4c14; H4c12; H4c2; Actl6a; H4c3; H2ax; H2bc3; H4c17; Smarcd2; H2bc7; H4c11; Actb; H2bc14; Smarce1; H2bc6; H2ac18; H4c18; H4c8","thymus","MHU-2","GLDS-289","Stat_(MHU-1 & Space Flight & uG)v(MHU-1 & Ground Control & 1G on Earth)",1,"flight_positive"
"REACTOME_REGULATION_OF_ENDOGENOUS_RETROELEMENTS_BY_THE_HUMAN_SILENCING_HUB_HUSH_COMPLEX",4.54240022294176e-25,2.57721444227959e-23,1.29512308741004,-0.856535571272202,-3.14657653931828,53,"reactome","H2ac13; H3f3a; H2ac10; H3c10; H2bc18; H2ac4; H3c7; H3c2; H3c11; H3c8; H2bc4; H4c4; H3c15; H3c1; H4c6; H3c4; H2bc21; H2ac19; H2ac20; H4c16; H4c1; H3c3; H2bc8; H4c14; H4c12; H4c2; H4c3; H2ax; Rbm7; H2bc3; H4c17; H2bc7; H4c11; Ehmt1; H2bc14; H2bc6; Zcchc8; H2ac18; H4c18; H4c8","thymus","MHU-2","GLDS-289","Stat_(MHU-1 & Space Flight & uG)v(MHU-1 & Ground Control & 1G on Earth)",1,"flight_positive"
"REACTOME_REGULATION_OF_EXPRESSION_OF_SLITS_AND_ROBOS",3.00462836559141e-08,2.31356384150539e-07,0.719512826338911,-0.474875034338983,-2.0801956044596,145,"reactome","Rplp0; Rps5; Rpl7; Ubb; Psmd8; Rpl35; Psmc1; Uba52; Rpl28; Rps4x; Ncbp1; Rps3a1; Rpl26; Psmb7; Rpl7a; Psmd13; Rpl18a; Psmb1; Rpl17; Psma1; Rpl13a; Rps16; Rps7; Psmb5; Rpl10; Rps11; Psmd6; Rpl4; Psmc3; Rpl6; Rpl19; Rbx1; Rps15a; Rps3; Rpl15; Rpl29; Psmd11; Rps10; Psmb4; Magoh; Psmb3; Pabpc1; Rpsa; Cul2; Eloc; Psmb6; Fau; Psma7; Rpl32; Psmc6; Psmc4; Rpl18; Rpl21; Rps24; Psmc2; Psma2","thymus","MHU-2","GLDS-289","Stat_(MHU-1 & Space Flight & uG)v(MHU-1 & Ground Control & 1G on Earth)",1,"flight_positive"
"REACTOME_REGULATION_OF_FZD_BY_UBIQUITINATION",0.502994011976048,0.588737833778697,0.0787113806986485,0.333853995151803,0.968339851924126,18,"reactome","Lrp6; Fzd8; Ubc; Fzd6; Fzd4","thymus","MHU-2","GLDS-289","Stat_(MHU-1 & Space Flight & uG)v(MHU-1 & Ground Control & 1G on Earth)",1,"flight_positive"
"REACTOME_REGULATION_OF_GLUCOKINASE_BY_GLUCOKINASE_REGULATORY_PROTEIN",7.13699297840494e-05,0.000282790869805687,0.538434096309916,-0.650340023964279,-2.08827428291487,29,"reactome","Nup188; Nup62; Ndc1; Nup107; Nup205; Seh1l; Nup37; Sec13; Nup88; Nup160; Nup50; Nup155; Rae1; Nup54; Nup43","thymus","MHU-2","GLDS-289","Stat_(MHU-1 & Space Flight & uG)v(MHU-1 & Ground Control & 1G on Earth)",1,"flight_positive"
"REACTOME_REGULATION_OF_HOMOTYPIC_CELL_CELL_ADHESION",0.330754352030948,0.430619796484736,0.100633389423036,0.326877411378593,1.09005034357679,30,"reactome","Adam19; Ctnnd1; Ago4; Ctnna1; Zeb2; Mov10; Heyl; Amot; Zc3h12a; Adam33","thymus","MHU-2","GLDS-289","Stat_(MHU-1 & Space Flight & uG)v(MHU-1 & Ground Control & 1G on Earth)",1,"flight_positive"
"REACTOME_REGULATION_OF_HSF1_MEDIATED_HEAT_SHOCK_RESPONSE",0.000810025063439477,0.00250921557007976,0.477270815362862,-0.442085230738232,-1.74131592377075,75,"reactome","Ubb; Nup188; Dnajb1; Nup62; Ndc1; Nup107; Hikeshi; Nup205; Bag4; Seh1l; Nup37; Sec13; Nup88; Nup160; Nup50; Nup155; Hspa4l; Hspa8; Hspa13; Ywhae; Hspa2; Rpa2; Rae1; Nup54; Fkbp4; Nup43","thymus","MHU-2","GLDS-289","Stat_(MHU-1 & Space Flight & uG)v(MHU-1 & Ground Control & 1G on Earth)",1,"flight_positive"
"REACTOME_REGULATION_OF_INSULIN_LIKE_GROWTH_FACTOR_IGF_TRANSPORT_AND_UPTAKE_BY_INSULIN_LIKE_GROWTH_FACTOR_BINDING_PROTEINS_IGFBPS",7.96956719371366e-08,5.84434927539001e-07,0.704975715167238,0.487047784469252,2.09187137941108,121,"reactome","Apoe; Igfbp5; C3; Shisa5; Gas6; Sparcl1; App; Fn1; Csf1; Lamb1; Nucb1; Igfbp7; Aplp2; Ltbp1; Igf1; Cst3; Cp; Msln; Cdh2; Pnpla2; Penk; Pappa2; Chrdl1; Mmp2; Klk1b11; Klk1b9; Golm1; Ccn1; Vgf; Timp1; Vcan; Trf; Rcn1; Hsp90b1; Igf2; Mia3; Pappa; Fam20a; Igfals; Afp; Gpc3; Amtn; Mfge8; Ckap4; Fam20c; Klk1b1; Lamb2; C4b; Qsox1; Fstl1; Apob; Il6; Apoa1; Sdc2; Eva1a; Klk1b8","thymus","MHU-2","GLDS-289","Stat_(MHU-1 & Space Flight & uG)v(MHU-1 & Ground Control & 1G on Earth)",1,"flight_positive"
"REACTOME_REGULATION_OF_INSULIN_SECRETION",0.66734693877551,0.730355329949239,0.0655321029282414,-0.235682416816246,-0.904562505968903,69,"reactome","Itpr2; Cacna1e; Rapgef3; Prkacb; Prkar1a; Iqgap1; Itpr3; Itpr1; Gnb1; Gng10; Marcks","thymus","MHU-2","GLDS-289","Stat_(MHU-1 & Space Flight & uG)v(MHU-1 & Ground Control & 1G on Earth)",1,"flight_positive"
"REACTOME_REGULATION_OF_KIT_SIGNALING",0.204819277108434,0.303290083410565,0.135740943810425,-0.449493720956567,-1.24475636302392,16,"reactome","Cbl; Socs1; Lck","thymus","MHU-2","GLDS-289","Stat_(MHU-1 & Space Flight & uG)v(MHU-1 & Ground Control & 1G on Earth)",1,"flight_positive"
"REACTOME_REGULATION_OF_LIPID_METABOLISM_BY_PPARALPHA",0.0578512396694215,0.109218277344372,0.271288554688953,-0.311028899503338,-1.31662485516526,112,"reactome","Sin3b; Hmgcs1; Nrf1; Srebf2; Hmgcr; Med1; Med14; Ep300; Cdk19; Nfyc; Sp1; Med10; Fdft1; Med20; Nfya; Med30; Med23; Ccnc; Med18; Med22; Nr1h2; Fads1; Med15; Med21; Med29; Acox1; Hmgcs2; Ncor1; Srebf1; Med28; Med11; Med13l; Med19","thymus","MHU-2","GLDS-289","Stat_(MHU-1 & Space Flight & uG)v(MHU-1 & Ground Control & 1G on Earth)",1,"flight_positive"
"REACTOME_REGULATION_OF_MECP2_EXPRESSION_AND_ACTIVITY",0.293388429752066,0.397327546825034,0.112378519110475,-0.341541262980441,-1.11830848999362,31,"reactome","Lbr; Hdac1; Camk4; Calm1; Aurkb; Tnrc6c; Creb1; Htt; Hdac2; Ago2; Ncor1; Tnrc6b","thymus","MHU-2","GLDS-289","Stat_(MHU-1 & Space Flight & uG)v(MHU-1 & Ground Control & 1G on Earth)",1,"flight_positive"
"REACTOME_REGULATION_OF_MITF_M_DEPENDENT_GENES_INVOLVED_IN_APOPTOSIS",0.406746031746032,0.500300432263735,0.0899860794997137,0.369835421830061,1.03320013492805,16,"reactome","Bcl2; Ago4; Bcl2a1a; Mov10","thymus","MHU-2","GLDS-289","Stat_(MHU-1 & Space Flight & uG)v(MHU-1 & Ground Control & 1G on Earth)",1,"flight_positive"
"REACTOME_REGULATION_OF_MITF_M_DEPENDENT_GENES_INVOLVED_IN_CELL_CYCLE_AND_PROLIFERATION",0.0300109990857217,0.0609262843962486,0.352487857583619,-0.546586467839408,-1.56456888991517,18,"reactome","Ccnb1; Cdc25b; Hdac1; Cdk2; Ctnnb1; Plk1; Tcf7","thymus","MHU-2","GLDS-289","Stat_(MHU-1 & Space Flight & uG)v(MHU-1 & Ground Control & 1G on Earth)",1,"flight_positive"
"REACTOME_REGULATION_OF_MITF_M_DEPENDENT_GENES_INVOLVED_IN_LYSOSOME_BIOGENESIS_AND_AUTOPHAGY",0.94140625,0.958268819295857,0.0473534245254193,0.222927600438999,0.632467567850771,17,"reactome","Atp6v0a1; Atp6v0b; Asah1; Atp6v0e2","thymus","MHU-2","GLDS-289","Stat_(MHU-1 & Space Flight & uG)v(MHU-1 & Ground Control & 1G on Earth)",1,"flight_positive"
"REACTOME_REGULATION_OF_MITF_M_DEPENDENT_GENES_INVOLVED_IN_PIGMENTATION",0.368,0.464524590163934,0.096240602328129,-0.306690329978401,-1.05636269306772,37,"reactome","Actl6a; Smarcd2; Ctnnb1; Actb; Smarce1; Usf1; Creb1; Smarca4; Bcl7b; Bcl7c; Akt2; Arid1b; Mapk14; Arid1a; Bcl7a; Smarcc1; Ss18","thymus","MHU-2","GLDS-289","Stat_(MHU-1 & Space Flight & uG)v(MHU-1 & Ground Control & 1G on Earth)",1,"flight_positive"
"REACTOME_REGULATION_OF_MRNA_STABILITY_BY_PROTEINS_THAT_BIND_AU_RICH_ELEMENTS",0.00177536247920074,0.00499697324433003,0.45505986738723,-0.423211401862221,-1.65041001304337,74,"reactome","Ubb; Psmd8; Ywhaz; Psmc1; Uba52; Psmb7; Psmd13; Psmb1; Psma1; Xpo1; Psmb5; Ywhab; Psmd6; Psmc3; Akt1; Hspa8; Tnpo1; Dcp1a; Psmd11; Psmb4; Psmb3; Pabpc1; Psmb6; Psma7; Dcp2; Psmc6; Psmc4; Anp32a; Psmc2; Psma2","thymus","MHU-2","GLDS-289","Stat_(MHU-1 & Space Flight & uG)v(MHU-1 & Ground Control & 1G on Earth)",1,"flight_positive"
"REACTOME_REGULATION_OF_NF_KAPPA_B_SIGNALING",0.109780439121756,0.184335379086065,0.190023305279108,-0.493265797369031,-1.4119418727533,18,"reactome","Ubb; Traf6; Uba52; Traf2; Ikbkg; Usp14","thymus","MHU-2","GLDS-289","Stat_(MHU-1 & Space Flight & uG)v(MHU-1 & Ground Control & 1G on Earth)",1,"flight_positive"
"REACTOME_REGULATION_OF_ORNITHINE_DECARBOXYLASE_ODC",3.43709304345145e-07,2.17952135343568e-06,0.674962860011025,-0.678226453063669,-2.33212342046628,38,"reactome","Psmd8; Oaz1; Psmc1; Azin1; Psmb7; Psmd13; Psmb1; Psma1; Psmb5; Psmd6; Psmc3; Psmd11; Psmb4; Psmb3; Psmb6; Psma7; Psmc6; Psmc4; Psmc2; Psma2; Psmd3","thymus","MHU-2","GLDS-289","Stat_(MHU-1 & Space Flight & uG)v(MHU-1 & Ground Control & 1G on Earth)",1,"flight_positive"
"REACTOME_REGULATION_OF_PLK1_ACTIVITY_AT_G2_M_TRANSITION",1.3290364103387e-12,1.54053897886572e-11,0.910119734774459,-0.636644217508771,-2.56604331872017,87,"reactome","Ccnb1; Aurka; Tubb5; Tubb4b; Plk4; Ubb; Cdk1; Dynll1; Cep43; Ccnb2; Cep76; Clasp1; Ckap5; Tuba1a; Actr1a; Pafah1b1; Dync1i2; Uba52; Cep192; Nek2; Ssna1; Haus2; Alms1; Ccp110; Bora; Plk1; Nde1; Haus8; Cep70; Fbxw11; Cep72; Cetn2; Ywhae; Cep152; Dync1h1; Csnk1e; Cep57; Pcnt; Odf2","thymus","MHU-2","GLDS-289","Stat_(MHU-1 & Space Flight & uG)v(MHU-1 & Ground Control & 1G on Earth)",1,"flight_positive"
"REACTOME_REGULATION_OF_PTEN_GENE_TRANSCRIPTION",0.455284552845528,0.542916756601194,0.0850427463764322,-0.265223025133807,-0.994773450142881,59,"reactome","Hdac1; Phc1; Lamtor3; Pten; Ezh2; Slc38a9; Eed; Hdac2; Rbbp7; Mta2; Chd4; Hdac7; Rraga; Suz12; Atf2; Cbx2; Mlst8","thymus","MHU-2","GLDS-289","Stat_(MHU-1 & Space Flight & uG)v(MHU-1 & Ground Control & 1G on Earth)",1,"flight_positive"
"REACTOME_REGULATION_OF_PTEN_STABILITY_AND_ACTIVITY",2.57771105904711e-07,1.70476841819189e-06,0.674962860011025,-0.602771174363956,-2.24820523493344,56,"reactome","Ubb; Psmd8; Wwp2; Pten; Tnks2; Psmc1; Uba52; Psmb7; Psmd13; Psmb1; Tnks; Csnk2b; Psma1; Psmb5; Psmd6; Psmc3; Xiap; Akt1; Psmd11; Nedd4; Psmb4; Psmb3; Psmb6; Psma7; Rnf146; Psmc6; Psmc4; Psmc2; Psma2","thymus","MHU-2","GLDS-289","Stat_(MHU-1 & Space Flight & uG)v(MHU-1 & Ground Control & 1G on Earth)",1,"flight_positive"
"REACTOME_REGULATION_OF_PYRUVATE_METABOLISM",0.00272638836017143,0.00738453932729849,0.431707695803346,-0.544072773350202,-1.79957347060616,32,"reactome","Rmnd5a; Ubb; Pdha1; Pdhb; Uba52; Pdp2; Mkln1; Ldha; Wdr26; Pdk3; Pdhx; Pkm","thymus","MHU-2","GLDS-289","Stat_(MHU-1 & Space Flight & uG)v(MHU-1 & Ground Control & 1G on Earth)",1,"flight_positive"
"REACTOME_REGULATION_OF_RAS_BY_GAPS",2.18022731747576e-05,9.80549766467359e-05,0.575610261071129,-0.546363890069428,-2.038037064605,55,"reactome","Ubb; Psmd8; Psmc1; Uba52; Psmb7; Nras; Kbtbd7; Psmd13; Psmb1; Psma1; Psmb5; Psmd6; Psmc3; Rbx1; Psmd11; Kras; Psmb4; Psmb3; Psmb6; Psma7; Psmc6; Psmc4; Psmc2; Psma2; Rasa2; Cul3; Psmd3","thymus","MHU-2","GLDS-289","Stat_(MHU-1 & Space Flight & uG)v(MHU-1 & Ground Control & 1G on Earth)",1,"flight_positive"
"REACTOME_REGULATION_OF_RUNX1_EXPRESSION_AND_ACTIVITY",0.375,0.472254672897196,0.0937465422491719,0.371916401527819,1.05516347663948,17,"reactome","Ago4; Src; Cdk6; Pml; Mov10; Ccnd1; Ccnd2","thymus","MHU-2","GLDS-289","Stat_(MHU-1 & Space Flight & uG)v(MHU-1 & Ground Control & 1G on Earth)",1,"flight_positive"
"REACTOME_REGULATION_OF_RUNX2_EXPRESSION_AND_ACTIVITY",0.000133324328321581,0.000492204198392687,0.518848077743792,-0.506805403738181,-1.89027380577552,56,"reactome","Ubb; Psmd8; Skp2; Psmc1; Uba52; Psmb7; Psmd13; Psmb1; Psma1; Psmb5; Psmd6; Psmc3; Rbx1; Cbfb; Psmd11; Psmb4; Psmb3; Psmb6; Psma7; Psmc6; Psmc4; Psmc2; Psma2","thymus","MHU-2","GLDS-289","Stat_(MHU-1 & Space Flight & uG)v(MHU-1 & Ground Control & 1G on Earth)",1,"flight_positive"
"REACTOME_REGULATION_OF_RUNX3_EXPRESSION_AND_ACTIVITY",2.49884044739659e-05,0.000110853909559404,0.575610261071129,-0.586627400273487,-2.08639841936889,45,"reactome","Ubb; Psmd8; Ep300; Psmc1; Uba52; Psmb7; Psmd13; Psmb1; Psma1; Psmb5; Psmd6; Psmc3; Cbfb; Psmd11; Psmb4; Psmb3; Psmb6; Psma7; Psmc6; Psmc4; Psmc2; Psma2","thymus","MHU-2","GLDS-289","Stat_(MHU-1 & Space Flight & uG)v(MHU-1 & Ground Control & 1G on Earth)",1,"flight_positive"
"REACTOME_REGULATION_OF_SIGNALING_BY_CBL",0.195652173913043,0.292934782608696,0.138022242496643,-0.396395544321448,-1.20991244389848,22,"reactome","Cbl; Ubb; Vav1; Crkl; Uba52; Crk","thymus","MHU-2","GLDS-289","Stat_(MHU-1 & Space Flight & uG)v(MHU-1 & Ground Control & 1G on Earth)",1,"flight_positive"
"REACTOME_REGULATION_OF_TLR_BY_ENDOGENOUS_LIGAND",0.0705645161290323,0.128711587795426,0.241339976815091,0.47126094533469,1.39538122770046,21,"reactome","Tlr4; Tlr7; Sftpd; Tlr2; S100a1; Gsdmd; Cd36; Cd14; Tlr1; S100a8; Apob; Sftpa1; Tlr6","thymus","MHU-2","GLDS-289","Stat_(MHU-1 & Space Flight & uG)v(MHU-1 & Ground Control & 1G on Earth)",1,"flight_positive"
"REACTOME_REGULATION_OF_TP53_ACTIVITY",6.07682844279325e-07,3.65967657057605e-06,0.659444398037935,-0.43708189331558,-1.927506332229,153,"reactome","Ppp2r5c; Aurka; Trp53inp1; Banp; Ubb; Cdk1; Ccna2; Dna2; Hdac1; Hipk1; Cdk2; Rhno1; Tpx2; Ep300; Wrn; Pip4k2a; Uba52; Aurkb; Taf9; Rfc4; Pin1; Rfc3; Rmi2; Bard1; Rmi1; Ppp2ca; Csnk2b; Ehmt1; Brd1; Tbp; Brca1; Taf6; Brip1; Akt1; Ing2; Taf7; Usp7; Rad9a; Rictor; Taf12; Rad17; Ppp2r1b; Rpa2; Hdac2; Taf2; Blm; Exo1; Rbbp7; Mta2; Mapkap1; Pdpk1; Rad1; Chd4","thymus","MHU-2","GLDS-289","Stat_(MHU-1 & Space Flight & uG)v(MHU-1 & Ground Control & 1G on Earth)",1,"flight_positive"
"REACTOME_REGULATION_OF_TP53_ACTIVITY_THROUGH_ACETYLATION",0.0205132429965483,0.0444041685748576,0.352487857583619,-0.482227111803772,-1.56163248338235,30,"reactome","Hdac1; Ep300; Pip4k2a; Pin1; Brd1; Akt1; Ing2; Hdac2; Rbbp7; Mta2; Chd4; Map2k6; Ing5; Akt2; Meaf6; Pip4k2b","thymus","MHU-2","GLDS-289","Stat_(MHU-1 & Space Flight & uG)v(MHU-1 & Ground Control & 1G on Earth)",1,"flight_positive"
"REACTOME_REGULATION_OF_TP53_ACTIVITY_THROUGH_METHYLATION",0.0156775598925705,0.034918201578907,0.352487857583619,-0.576836223190757,-1.6511568845601,18,"reactome","Ubb; Ep300; Uba52; Ehmt1","thymus","MHU-2","GLDS-289","Stat_(MHU-1 & Space Flight & uG)v(MHU-1 & Ground Control & 1G on Earth)",1,"flight_positive"
"REACTOME_REGULATION_OF_TP53_ACTIVITY_THROUGH_PHOSPHORYLATION",7.48064739619271e-07,4.40612098318226e-06,0.659444398037935,-0.524227539288264,-2.11293928018946,87,"reactome","Aurka; Trp53inp1; Ubb; Ccna2; Dna2; Hipk1; Cdk2; Rhno1; Tpx2; Wrn; Uba52; Aurkb; Taf9; Rfc4; Pin1; Rfc3; Rmi2; Bard1; Rmi1; Csnk2b; Tbp; Brca1; Taf6; Brip1; Taf7; Rad9a; Taf12; Rad17; Rpa2; Taf2; Blm; Exo1","thymus","MHU-2","GLDS-289","Stat_(MHU-1 & Space Flight & uG)v(MHU-1 & Ground Control & 1G on Earth)",1,"flight_positive"
"REACTOME_REGULATION_OF_TP53_EXPRESSION_AND_DEGRADATION",0.00221940968967455,0.00611898630554773,0.431707695803346,-0.52138130112188,-1.7808647759384,36,"reactome","Ppp2r5c; Ubb; Cdk1; Ccna2; Cdk2; Uba52; Ppp2ca; Akt1; Usp7; Rictor; Ppp2r1b; Mapkap1; Pdpk1; Rnf34; Mlst8; Akt2; Rps27a; Mtor","thymus","MHU-2","GLDS-289","Stat_(MHU-1 & Space Flight & uG)v(MHU-1 & Ground Control & 1G on Earth)",1,"flight_positive"
"REACTOME_REGULATION_OF_T_CELL_ACTIVATION_BY_CD28_FAMILY",0.0593047034764826,0.111183426691562,0.266350657088526,-0.348557466775793,-1.34800703177204,71,"reactome","Ppp2r5c; Ppp2r5a; Ppp2r5d; Pik3cg; Lck; Cd4; Ppp2r5e; Vav1; Trav16; Them4; Ppp2ca; Ptpn11; Grap2; Trbv15; Cdc42; Cd247; Akt1; Rictor; Cd3d","thymus","MHU-2","GLDS-289","Stat_(MHU-1 & Space Flight & uG)v(MHU-1 & Ground Control & 1G on Earth)",1,"flight_positive"
"REACTOME_REPLACEMENT_OF_PROTAMINES_BY_NUCLEOSOMES_IN_THE_MALE_PRONUCLEUS",3.35382421565672e-13,3.97299176316258e-12,0.932595211336209,-0.850137212632798,-2.72983302990977,29,"reactome","H3f3a; H2bc18; H2bc4; H4c4; H4c6; H2bc21; H4c16; H4c1; H2bc8; H4c14; H4c12; H4c2; H4c3; Mettl23; H2ax; H2bc3; H4c17; H2bc7; H4c11; H2bc14; H2bc6; H4c18; H4c8; H3f3b","thymus","MHU-2","GLDS-289","Stat_(MHU-1 & Space Flight & uG)v(MHU-1 & Ground Control & 1G on Earth)",1,"flight_positive"
"REACTOME_REPRODUCTION",2.29992528834272e-19,5.05983563435399e-18,1.13308993200902,-0.660961451047689,-2.81768790788887,120,"reactome","H2ac13; H3f3a; H2ac10; H3c10; H2bc18; H2ac4; H3c7; H3c2; H3c11; H3c8; H2bc4; H4c4; H3c15; Cxcr4; H3c1; H4c6; H3c4; H2bc21; H2ac19; Ube2i; Fignl1; Cdk2; H2ac20; H4c16; Brca2; Dmc1; H4c1; Rad21; H3c3; H2bc8; H4c14; H4c12; H4c2; H4c3; Dido1; H2ax; H2bc3; H4c17; H2bc7; H4c11; Cdk4; H2bc14; Pot1a; H2bc6; Brca1; H2ac18; H4c18; H4c8; Rad51c; Spo11; Rad51; Lmnb1; H3f3b; Cbfa2t2; Hspa2","thymus","MHU-2","GLDS-289","Stat_(MHU-1 & Space Flight & uG)v(MHU-1 & Ground Control & 1G on Earth)",1,"flight_positive"
"REACTOME_RESOLUTION_OF_ABASIC_SITES_AP_SITES",0.00285083875383964,0.00760694103128498,0.431707695803346,-0.517615794841729,-1.77985378261314,38,"reactome","Pcna; Fen1; Mbd4; Pole; Pole2; Rfc4; Lig3; Rfc3; Neil1; Rfc1; Tdg; Lig1; Pole4; Rpa2; Ogg1","thymus","MHU-2","GLDS-289","Stat_(MHU-1 & Space Flight & uG)v(MHU-1 & Ground Control & 1G on Earth)",1,"flight_positive"
"REACTOME_RESOLUTION_OF_AP_SITES_VIA_THE_MULTIPLE_NUCLEOTIDE_PATCH_REPLACEMENT_PATHWAY",0.00530711486517733,0.0133048135457236,0.407017918923954,-0.552958525957551,-1.71777900635774,25,"reactome","Pcna; Fen1; Pole; Pole2; Rfc4; Rfc3; Rfc1; Lig1; Pole4; Rpa2","thymus","MHU-2","GLDS-289","Stat_(MHU-1 & Space Flight & uG)v(MHU-1 & Ground Control & 1G on Earth)",1,"flight_positive"
"REACTOME_RESOLUTION_OF_D_LOOP_STRUCTURES",5.21962381759866e-06,2.64166876777998e-05,0.610526878385931,-0.649941301168175,-2.20868550965647,35,"reactome","Dna2; Fignl1; Brca2; Wrn; Rmi2; Bard1; Rmi1; Slx4; Rtel1; Brca1; Brip1; Xrcc2; Rad51c; Rad51ap1; Rad51; Eme1; Blm; Exo1","thymus","MHU-2","GLDS-289","Stat_(MHU-1 & Space Flight & uG)v(MHU-1 & Ground Control & 1G on Earth)",1,"flight_positive"
"REACTOME_RESOLUTION_OF_D_LOOP_STRUCTURES_THROUGH_SYNTHESIS_DEPENDENT_STRAND_ANNEALING_SDSA",3.10275510815773e-05,0.00013432811271462,0.557332238758646,-0.68028218265691,-2.14220640067257,27,"reactome","Dna2; Brca2; Wrn; Rmi2; Bard1; Rmi1; Rtel1; Brca1; Brip1; Xrcc2; Rad51c; Rad51ap1; Rad51; Blm; Exo1","thymus","MHU-2","GLDS-289","Stat_(MHU-1 & Space Flight & uG)v(MHU-1 & Ground Control & 1G on Earth)",1,"flight_positive"
"REACTOME_RESOLUTION_OF_SISTER_CHROMATID_COHESION",2.85288210117316e-31,3.41711878340519e-29,1.45334466856494,-0.755960342805879,-3.20840873719929,116,"reactome","Ppp2r5c; Ccnb1; Tuba1b; Bub3; Ppp2r5a; Cenpl; Tubb4b; Kif2c; Tubb2a; Kif18a; Ppp2r5d; Cenpi; Cdc20; Cdk1; Dynll1; Ccnb2; Bub1b; Tubb2b; Clasp1; Cdca5; Ercc6l; Sgo1; Cenpf; Cenpa; Ckap5; Ndc80; Incenp; Tuba1c; Ppp2r5e; Ska2; Tuba1a; Mad2l1; Cdca8; Pafah1b1; Bub1; Dync1i2; Rad21; Sgo2a; Cenpk; Aurkb; Cenpq; Nup107; Zw10; Itgb3bp; Cenpo; Spdl1; Cenpn; Plk1; Ppp2ca; Nde1; Spc25; Nsl1; Seh1l; Rangap1; Birc5; Nup37; Cenpu; Xpo1; Nuf2; Cenpe; Sec13; Nup160; Cenpp; Cenpc1; Knl1; Dsn1; Dync1h1; Mad1l1; Clasp2; Pds5b; Ppp2r1b; B9d2; Hdac8; Pds5a","thymus","MHU-2","GLDS-289","Stat_(MHU-1 & Space Flight & uG)v(MHU-1 & Ground Control & 1G on Earth)",1,"flight_positive"
"REACTOME_RESPIRATORY_ELECTRON_TRANSPORT",0.088659793814433,0.154903172985346,0.216542836735348,-0.281236741734407,-1.2274412419994,141,"reactome","Ndufs2; Cox7a2l; Mdh2; Sdhb; Ndufb11; Ndufb5; Cox19; Mdh1; Cox16; Slc25a22; Ndufc1; Coa5; Bcs1l; Tmem186; Smim20; Slc25a11; Ndufaf3; Ndufv1; Ndufs8; Tmem177; Uqcrfs1; Slc25a13; Cox7b; Ndufa6; Ndufaf4; Ndufv2; Lyrm4; Ndufs4; Cox20; Timm21; Dmac1; Timmdc1; Pyurf; Ndufa7; Rab5if; Ndufs6; Hccs; Cox7a2; Uqcr10; Ndufs5; Cox14; Ndufs3; Uqcrh","thymus","MHU-2","GLDS-289","Stat_(MHU-1 & Space Flight & uG)v(MHU-1 & Ground Control & 1G on Earth)",1,"flight_positive"
"REACTOME_RESPIRATORY_SYNCYTIAL_VIRUS_INFECTION_PATHWAY",0.166666666666667,0.255935422602089,0.156312403073186,-0.278539052294345,-1.15858989663674,103,"reactome","Ubb; Med1; Med14; Ep300; Uba52; Bcap31; Cdk19; Ifnar1; Csnk2b; Med10; Med20; Xpo1; Rab5c; Med30; Med23; Ccnc; Spcs1; Med18; Kpnb1; Hspa8; Rbx1; Med22; Irf3; Med15; Eloc; Med21; Med29; Med28; Med11; Med13l; Med19","thymus","MHU-2","GLDS-289","Stat_(MHU-1 & Space Flight & uG)v(MHU-1 & Ground Control & 1G on Earth)",1,"flight_positive"
"REACTOME_RESPIRATORY_SYNCYTIAL_VIRUS_RSV_ATTACHMENT_AND_ENTRY",0.000838840830394863,0.00257472377618173,0.477270815362862,0.593918128058458,1.82905069758138,23,"reactome","Sdc3; Agrn; Tlr4; Gpc4; Sdc1; Gpc1; Sdc4; Hspg2; Igf1r; Gpc6; Cx3cr1; Cd14; Gpc3; Ncl; Sdc2; Egfr","thymus","MHU-2","GLDS-289","Stat_(MHU-1 & Space Flight & uG)v(MHU-1 & Ground Control & 1G on Earth)",1,"flight_positive"
"REACTOME_RESPIRATORY_SYNCYTIAL_VIRUS_RSV_GENOME_REPLICATION_TRANSCRIPTION_AND_TRANSLATION",0.0662650602409639,0.122318039280409,0.248911114434702,-0.533669486510494,-1.47785932954075,16,"reactome","Csnk2b; Xpo1; Spcs1; Kpnb1; Hspa8; Spcs3; Csnk2a2; Spcs2; Csnk2a1","thymus","MHU-2","GLDS-289","Stat_(MHU-1 & Space Flight & uG)v(MHU-1 & Ground Control & 1G on Earth)",1,"flight_positive"
"REACTOME_RESPONSE_OF_EIF2AK1_HRI_TO_HEME_DEFICIENCY",0.398785425101215,0.49287825005856,0.0922597260527354,-0.377023536006464,-1.02913244905504,15,"reactome","Eif2ak1; Eif2s3x; Eif2s1","thymus","MHU-2","GLDS-289","Stat_(MHU-1 & Space Flight & uG)v(MHU-1 & Ground Control & 1G on Earth)",1,"flight_positive"
"REACTOME_RESPONSE_OF_EIF2AK4_GCN2_TO_AMINO_ACID_DEFICIENCY",2.46075013385221e-07,1.64763269831844e-06,0.674962860011025,-0.522399975108828,-2.11904267537675,91,"reactome","Rplp0; Rps5; Rpl7; Rpl35; Uba52; Rpl28; Rps4x; Rps3a1; Rpl26; Rpl7a; Rpl18a; Rpl17; Rpl13a; Eif2s3x; Rps16; Rps7; Rpl10; Rps11; Eif2s1; Rpl4; Rpl6; Rpl19; Rps15a; Rps3; Rpl15; Rpl29; Rps10; Rpsa; Fau; Rpl32; Rpl18; Rpl21; Rps24; Rpl3; Rpl12; Atf2; Atf4; Eif2ak4; Rpl10a; Rpl35a; Rps12; Rps27a; Rpl39; Ddit3; Rps19; Rpl30","thymus","MHU-2","GLDS-289","Stat_(MHU-1 & Space Flight & uG)v(MHU-1 & Ground Control & 1G on Earth)",1,"flight_positive"
"REACTOME_RESPONSE_OF_MTB_TO_PHAGOCYTOSIS",0.0741482965931864,0.134113865314522,0.234392647294686,-0.460783113333178,-1.41609222140804,23,"reactome","Ubb; Coro1a; Uba52; Eno1; Pgk1; Kpnb1","thymus","MHU-2","GLDS-289","Stat_(MHU-1 & Space Flight & uG)v(MHU-1 & Ground Control & 1G on Earth)",1,"flight_positive"
"REACTOME_RESPONSE_TO_ELEVATED_PLATELET_CYTOSOLIC_CA2",2.73687337310398e-05,0.000119932906349841,0.575610261071129,0.418296298019872,1.82422999633446,130,"reactome","Cd63; Lgals3bp; Hspa5; Srgn; Clu; Gas6; App; Fn1; Selenop; Vcl; Endod1; Cd9; Fam3c; Aplp2; Ctsw; Sccpdh; Igf1; Itgb3; Phactr2; Timp3; Serpina3n; Tgfb3; Ecm1; Tgfb2; Pros1; Lefty2; Stx4a; Vwf; Timp1; Trf; Pcyox1l; Plek; Sparc; Lhfpl2; Pcdh7; Psap; Tagln2; Igf2; Sytl4; Pdgfb; Gtpbp2; Thbs1; Ola1; Cd36; Egf","thymus","MHU-2","GLDS-289","Stat_(MHU-1 & Space Flight & uG)v(MHU-1 & Ground Control & 1G on Earth)",1,"flight_positive"
"REACTOME_RETROGRADE_TRANSPORT_AT_THE_TRANS_GOLGI_NETWORK",0.00554040950268806,0.0138253737127262,0.407017918923954,-0.451920134766759,-1.63111632901028,47,"reactome","Sys1; Stx6; Cog6; Igf2r; Cog3; Cog8; Vamp3; Usp6nl; Rab9; Napg; Cog1; Vps54; Nsf; Cog4; Napa; Cog5; Cog2; Vps52; Naa30; Plin3; Ric1; Rabepk; Naa38; Tgoln1; Vps51","thymus","MHU-2","GLDS-289","Stat_(MHU-1 & Space Flight & uG)v(MHU-1 & Ground Control & 1G on Earth)",1,"flight_positive"
"REACTOME_RET_SIGNALING",0.0776892430278884,0.138657291364344,0.227987202850442,0.382620336621022,1.33213262137909,37,"reactome","Src; Grb2; Irs2; Gab2; Rap1gap; Gfra4; Grb7; Pik3r1; Gab1; Grb10; Gfra2; Pik3cb; Mapk7; Pik3r2; Prkaca; Pik3cd; Pdlim7; Shc1; Shc3; Prkca; Pik3r3","thymus","MHU-2","GLDS-289","Stat_(MHU-1 & Space Flight & uG)v(MHU-1 & Ground Control & 1G on Earth)",1,"flight_positive"
"REACTOME_RHOA_GTPASE_CYCLE",0.12008281573499,0.197934671807827,0.184706471207739,-0.269118085185822,-1.18263848745041,147,"reactome","Lbr; Ect2; Anln; Tmpo; Depdc1b; Emc3; Arhgdib; Arhgap19; Iqgap3; Diaph3; Vav1; Bcap31; Arhgap10; Racgap1; Faf2; Iqgap1; Arhgap1; Cit; Dock2; Mcam; Arhgap24; Vamp3; Rhoa; Tmem87a; Arhgap11a; Prex1","thymus","MHU-2","GLDS-289","Stat_(MHU-1 & Space Flight & uG)v(MHU-1 & Ground Control & 1G on Earth)",1,"flight_positive"
"REACTOME_RHOBTB1_GTPASE_CYCLE",0.00059875433535689,0.00192688768057725,0.477270815362862,-0.60755228851909,-1.86714756894411,23,"reactome","Cct7; Hnrnpc; Pde5a; Gps1; Cct2; Rnf20; Spen; Tra2b; Stk38","thymus","MHU-2","GLDS-289","Stat_(MHU-1 & Space Flight & uG)v(MHU-1 & Ground Control & 1G on Earth)",1,"flight_positive"
"REACTOME_RHOBTB2_GTPASE_CYCLE",0.000461638080535022,0.0015198437963686,0.49849310876659,-0.614437880416688,-1.88830857255694,23,"reactome","Tmod3; Cct7; Hnrnpc; Cct2; Ddx39b; Tra2b; Stk38; Actg1; Cdc37; Cct6a; Rbmx; Cul3","thymus","MHU-2","GLDS-289","Stat_(MHU-1 & Space Flight & uG)v(MHU-1 & Ground Control & 1G on Earth)",1,"flight_positive"
"REACTOME_RHOBTB_GTPASE_CYCLE",0.000196134607729772,0.00070713413756754,0.518848077743792,-0.584645002482565,-1.98679010389922,35,"reactome","Tmod3; Cct7; Hnrnpc; Pde5a; Gps1; Cct2; Rnf20; Spen; Ddx39b; Tra2b; Stk38; Actg1; Cdc37; Cct6a; Rbmx; Cul3; Cops4","thymus","MHU-2","GLDS-289","Stat_(MHU-1 & Space Flight & uG)v(MHU-1 & Ground Control & 1G on Earth)",1,"flight_positive"
"REACTOME_RHOB_GTPASE_CYCLE",0.582846003898636,0.65653917680536,0.0699458736501659,0.240185870543171,0.940084526551029,68,"reactome","Arhgef17; Arhgef12; Arhgap5; Daam1; Tjp2; Arhgef10l; Cavin1; Dlc1; Arhgef10; Bcr; Pcdh7; Rhob; Arhgef28; Snap23; Ophn1; Pik3r1; Arhgef5; Myo9a; Stk10; Sowahc; Rhpn2; Stard8; Net1; Pik3r2; Arhgef3","thymus","MHU-2","GLDS-289","Stat_(MHU-1 & Space Flight & uG)v(MHU-1 & Ground Control & 1G on Earth)",1,"flight_positive"
"REACTOME_RHOC_GTPASE_CYCLE",0.284848484848485,0.389181548224383,0.112843355675562,-0.279887341580275,-1.08872184048572,73,"reactome","Lbr; Anln; Tmpo; Depdc1b; Iqgap3; Diaph3; Racgap1; Iqgap1; Arhgap1; Cit; Mcam; Vamp3; Rhoa; Prex1; Stom; Arhgap26; Pkn1; Mcf2l; Arhgap21","thymus","MHU-2","GLDS-289","Stat_(MHU-1 & Space Flight & uG)v(MHU-1 & Ground Control & 1G on Earth)",1,"flight_positive"
"REACTOME_RHOD_GTPASE_CYCLE",0.376278118609407,0.473311332393163,0.096240602328129,-0.284361479750379,-1.04218154221087,52,"reactome","Lbr; Tmpo; Depdc1b; Diaph3; Racgap1; Arhgap1; Mcam; Vamp3; Lmnb1; Arhgap26; Vrk2","thymus","MHU-2","GLDS-289","Stat_(MHU-1 & Space Flight & uG)v(MHU-1 & Ground Control & 1G on Earth)",1,"flight_positive"
"REACTOME_RHOF_GTPASE_CYCLE",0.215644820295983,0.314993382491964,0.135740943810425,-0.33494570600342,-1.15415914713608,41,"reactome","Tmpo; Depdc1b; Diaph3; Senp1; Actb; Arhgap1; Mcam; Vamp3; Lmnb1","thymus","MHU-2","GLDS-289","Stat_(MHU-1 & Space Flight & uG)v(MHU-1 & Ground Control & 1G on Earth)",1,"flight_positive"
"REACTOME_RHOG_GTPASE_CYCLE",0.159274193548387,0.247759856630824,0.156312403073186,-0.307505404984521,-1.19589605675748,72,"reactome","Lbr; Tmpo; Depdc1b; Arhgdib; Diaph3; Vav1; Garre1; Itgb1; Arhgap1; Dock2; Mcam; Cdc42; Vamp3; Elmo2; Prex1; Map3k11","thymus","MHU-2","GLDS-289","Stat_(MHU-1 & Space Flight & uG)v(MHU-1 & Ground Control & 1G on Earth)",1,"flight_positive"
"REACTOME_RHOH_GTPASE_CYCLE",0.00628407812601395,0.0155729568272254,0.407017918923954,-0.495100976607618,-1.68249402043625,35,"reactome","Tuba1b; Osbpl11; Rhoh; Lck; Arhgdib; Vamp3; Dbt; Stom; Vcp","thymus","MHU-2","GLDS-289","Stat_(MHU-1 & Space Flight & uG)v(MHU-1 & Ground Control & 1G on Earth)",1,"flight_positive"
"REACTOME_RHOJ_GTPASE_CYCLE",0.131147540983607,0.212917242741458,0.175204047558551,-0.335290281269431,-1.25069396614425,55,"reactome","Dock8; Tmpo; Git2; Depdc1b; Iqgap3; Diaph3; Wwp2; Arhgap1; Cdc42; Vamp3; Prex1; Stom; Arhgap26; Wasl; Arhgap21; Slc1a5; Arhgap35","thymus","MHU-2","GLDS-289","Stat_(MHU-1 & Space Flight & uG)v(MHU-1 & Ground Control & 1G on Earth)",1,"flight_positive"
"REACTOME_RHOQ_GTPASE_CYCLE",0.0813008130081301,0.14250776654108,0.224966093540314,-0.34555022479536,-1.29605711700146,59,"reactome","Git2; Depdc1b; Iqgap3; Diaph3; Wwp2; Cdc42ep4; Iqgap1; Arhgap1; Cdc42; Vamp3; Prex1; Stom; Arhgap26; Wasl; Arhgap21; Slc1a5; Arhgap35","thymus","MHU-2","GLDS-289","Stat_(MHU-1 & Space Flight & uG)v(MHU-1 & Ground Control & 1G on Earth)",1,"flight_positive"
"REACTOME_RHOU_GTPASE_CYCLE",0.0697674418604651,0.12768981719114,0.248911114434702,-0.392262197927304,-1.35662294481034,40,"reactome","Nck2; Git2; Depdc1b; Wwp2; Sptan1; Iqgap1; Cdc42; Nck1; Cltc; Stam2; Stam","thymus","MHU-2","GLDS-289","Stat_(MHU-1 & Space Flight & uG)v(MHU-1 & Ground Control & 1G on Earth)",1,"flight_positive"
"REACTOME_RHOV_GTPASE_CYCLE",0.0222915288232943,0.0473969784447953,0.352487857583619,-0.436453020982715,-1.50331667997264,37,"reactome","Nck2; Git2; Depdc1b; Sptan1; Iqgap1; Ccp110; Cdc42; Nck1; Cltc; Map3k11; Cep97; Wasl","thymus","MHU-2","GLDS-289","Stat_(MHU-1 & Space Flight & uG)v(MHU-1 & Ground Control & 1G on Earth)",1,"flight_positive"
"REACTOME_RHO_GTPASES_ACTIVATE_CIT",0.134,0.216894894894895,0.170932335370056,-0.459619240105533,-1.34274101470184,19,"reactome","Prc1; Cdkn1b; Cit; Rhoa; Kif14; Dlg4; Rac1","thymus","MHU-2","GLDS-289","Stat_(MHU-1 & Space Flight & uG)v(MHU-1 & Ground Control & 1G on Earth)",1,"flight_positive"
"REACTOME_RHO_GTPASES_ACTIVATE_FORMINS",8.19141016663714e-23,3.0449448826327e-21,1.23789667319529,-0.673241225337251,-2.89708642079502,130,"reactome","Ppp2r5c; Tuba1b; Bub3; Ppp2r5a; Cenpl; Tubb4b; Kif2c; Tubb2a; Kif18a; Ppp2r5d; Cenpi; Cdc20; Dynll1; Bub1b; Tubb2b; Clasp1; Ercc6l; Sgo1; Cenpf; Cenpa; Ckap5; Ndc80; Incenp; Tuba1c; Diaph3; Ppp2r5e; Ska2; Tuba1a; Mad2l1; Cdca8; Pafah1b1; Bub1; Dync1i2; Sgo2a; Cenpk; Aurkb; Cenpq; Nup107; Zw10; Itgb3bp; Cenpo; Spdl1; Actb; Cenpn; Plk1; Ppp2ca; Itgb1; Nde1; Spc25; Nsl1; Seh1l; Rangap1; Birc5; Nup37; Cdc42; Cenpu; Xpo1; Nuf2; Cenpe; Sec13; Nup160; Rhoa; Cenpp; Cenpc1; Knl1; Dsn1; Actg1; Dync1h1; Mad1l1; Clasp2; Ppp2r1b; B9d2","thymus","MHU-2","GLDS-289","Stat_(MHU-1 & Space Flight & uG)v(MHU-1 & Ground Control & 1G on Earth)",1,"flight_positive"
"REACTOME_RHO_GTPASES_ACTIVATE_IQGAPS",0.000113389727572368,0.000425902879174261,0.538434096309916,-0.656181061722198,-2.01683663676618,24,"reactome","Tuba1b; Tubb4b; Tubb2a; Tubb2b; Iqgap3; Tuba1c; Tuba1a; Calm1; Iqgap1; Ctnnb1; Actb; Cdc42; Actg1; Men1","thymus","MHU-2","GLDS-289","Stat_(MHU-1 & Space Flight & uG)v(MHU-1 & Ground Control & 1G on Earth)",1,"flight_positive"
"REACTOME_RHO_GTPASES_ACTIVATE_NADPH_OXIDASES",0.573122529644269,0.647616443350652,0.0714786287425507,-0.301485680552021,-0.920220425740433,22,"reactome","Rac2; Prkcb; Pik3c3; Pin1","thymus","MHU-2","GLDS-289","Stat_(MHU-1 & Space Flight & uG)v(MHU-1 & Ground Control & 1G on Earth)",1,"flight_positive"
"REACTOME_RHO_GTPASES_ACTIVATE_PAKS",0.546370967741935,0.625252551195124,0.0749278818393739,0.31985080032184,0.947062995252223,21,"reactome","Mylk; Cttn; Myh11; Pak3; Nf2; Limk1","thymus","MHU-2","GLDS-289","Stat_(MHU-1 & Space Flight & uG)v(MHU-1 & Ground Control & 1G on Earth)",1,"flight_positive"
"REACTOME_RHO_GTPASES_ACTIVATE_PKNS",1.6173405377869e-19,3.63227729111307e-18,1.14219120216838,-0.724884036250897,-2.89346564129814,84,"reactome","H2ac13; H3f3a; H2ac10; H3c10; H2bc18; H2ac4; H3c7; H3c2; H3c11; H3c8; H2bc4; H4c4; H3c15; H3c1; H4c6; H3c4; H2bc21; H2ac19; Ywhaz; Ywhaq; H2ac20; H4c16; H4c1; H3c3; Cdc25c; H2bc8; H4c14; H4c12; H4c2; H4c3; H2ax; H2bc3; H4c17; H2bc7; Ywhah; Kdm4c; H4c11; H2bc14; H2bc6; Ywhab; Rhoa; H2ac18; H4c18; H4c8","thymus","MHU-2","GLDS-289","Stat_(MHU-1 & Space Flight & uG)v(MHU-1 & Ground Control & 1G on Earth)",1,"flight_positive"
"REACTOME_RHO_GTPASES_ACTIVATE_ROCKS",0.696,0.754816901408451,0.0625237414724762,-0.283446312114058,-0.828065832609914,19,"reactome","Cfl1; Rhoa","thymus","MHU-2","GLDS-289","Stat_(MHU-1 & Space Flight & uG)v(MHU-1 & Ground Control & 1G on Earth)",1,"flight_positive"
"REACTOME_RHO_GTPASES_ACTIVATE_WASPS_AND_WAVES",0.014540632837558,0.0327240129413101,0.380730400722792,-0.460304253777682,-1.57224593594633,36,"reactome","Arpc1a; Nckap1l; Arpc2; Actb; Arpc5; Abl1; Cdc42; Cyfip2; Nck1; Abi1; Actg1; Wasl; Brk1; Rac1; Arpc1b; Was; Arpc4; Arpc3","thymus","MHU-2","GLDS-289","Stat_(MHU-1 & Space Flight & uG)v(MHU-1 & Ground Control & 1G on Earth)",1,"flight_positive"
"REACTOME_RHO_GTPASE_CYCLE",0.0201632054143803,0.0439109806802059,0.352487857583619,-0.249240251030756,-1.25818184441503,439,"reactome","Tuba1b; Lbr; Ect2; Dock8; Anln; Rac2; Tmod3; Tmpo; Cct7; Nck2; Spata13; Osbpl11; Git2; Depdc1b; Emc3; Rhoh; Lck; Arhgdib; Arhgap19; Iqgap3; Hnrnpc; Pde5a; Diaph3; Wwp2; Nckap1l; Sptan1; Vav1; Bcap31; Gps1; Arhgap10; Cdc42ep4; Arhgef39; Syde2; Cdc42se2; Garre1; Racgap1; Cct2; Gna13; Faf2; Iqgap1; Plxnd1; Senp1; Ccp110; Actb; Itgb1; Arhgap1; Cit; Dock2; Rnf20; Spen; Mcam; Cdc42; Arhgap24; Ddx39b; Cyfip2; Tra2b; Vamp3; Elmo2; Lrrc1; Rhoa; Nck1; Als2; Tmem87a; Rras2; Arhgap11a; Dbt; Cltc; Prex1; Stk38; Abi1; Map3k11; Stam2; Stam; Taok3; Cep97; Rapgef1; Lmnb1; Stom; Dock11; Actg1; Cdc37; Vcp; Arhgap26; Vangl2","thymus","MHU-2","GLDS-289","Stat_(MHU-1 & Space Flight & uG)v(MHU-1 & Ground Control & 1G on Earth)",1,"flight_positive"
"REACTOME_RHO_GTPASE_EFFECTORS",9.51811923943237e-38,1.98284729967298e-35,1.5959566534683,-0.609479900023002,-2.9637665263059,301,"reactome","Ppp2r5c; Tuba1b; H2ac13; Bub3; H3f3a; H2ac10; H3c10; H2bc18; Ppp2r5a; Cenpl; Cfl1; H2ac4; Tubb4b; H3c7; Kif2c; Tubb2a; Kif18a; Rac2; Ppp2r5d; Cenpi; Cdc20; H3c2; Dynll1; H3c11; H3c8; Bub1b; Arpc1a; H2bc4; H4c4; Tubb2b; H3c15; Prkcb; Clasp1; H3c1; Ercc6l; Sgo1; Cenpf; Cenpa; H4c6; H3c4; H2bc21; H2ac19; Iqgap3; Prc1; Ywhaz; Ckap5; Ywhaq; Ndc80; Incenp; Tuba1c; Diaph3; Ppp2r5e; H2ac20; Ska2; Tuba1a; H4c16; Mad2l1; Nckap1l; Cdca8; H4c1; Pafah1b1; Bub1; Dync1i2; H3c3; Sgo2a; Cdc25c; H2bc8; Cenpk; Calm1; Aurkb; H4c14; Cdkn1b; H4c12; Cenpq; Nup107; H4c2; H4c3; H2ax; H2bc3; H4c17; Zw10; Pik3c3; Itgb3bp; Cenpo; H2bc7; Spdl1; Ywhah; Kdm4c; Iqgap1; H4c11; Arpc2; Pin1; Ctnnb1; Actb; Arpc5; Cenpn; Plk1; Ppp2ca; Itgb1; Nde1; Spc25; Abl1; Cit; Nsl1; H2bc14; Seh1l; Rangap1; Birc5; Nup37; Cdc42; Cenpu; Cyfip2; H2bc6; Xpo1; Nuf2; Cenpe; Sec13; Ywhab; Nup160; Tax1bp3; Rhoa; Nck1; Cenpp; Cenpc1; H2ac18; H4c18; H4c8; Knl1; Dsn1; Flna; Abi1; H3f3b; Ywhae; Actg1; Dync1h1; Mad1l1; Men1; Clasp2; Ppp2r1b; B9d2; Wasl; Pkn1; H2ac7","thymus","MHU-2","GLDS-289","Stat_(MHU-1 & Space Flight & uG)v(MHU-1 & Ground Control & 1G on Earth)",1,"flight_positive"
"REACTOME_RIPK1_MEDIATED_REGULATED_NECROSIS",0.0298286927711228,0.060785124399377,0.352487857583619,-0.446031002241197,-1.46043922264016,31,"reactome","Ubb; Fas; Uba52; Sdcbp; Traf2; Itch; Xiap; Cdc37; Ogt; Ube2l3; Flot2","thymus","MHU-2","GLDS-289","Stat_(MHU-1 & Space Flight & uG)v(MHU-1 & Ground Control & 1G on Earth)",1,"flight_positive"
"REACTOME_RIP_MEDIATED_NFKB_ACTIVATION_VIA_ZBP1",0.310546875,0.413295717592593,0.105125131597001,0.392437215981758,1.11338304919326,17,"reactome","Ticam1; Zbp1; Nfkb1; Nfkb2; Nkiras1; Rela; Myd88","thymus","MHU-2","GLDS-289","Stat_(MHU-1 & Space Flight & uG)v(MHU-1 & Ground Control & 1G on Earth)",1,"flight_positive"
"REACTOME_RMTS_METHYLATE_HISTONE_ARGININES",3.7052445473178e-17,6.24102128438841e-16,1.06720998682811,-0.745524071770675,-2.84649851748868,67,"reactome","H2ac13; H2ac10; H3c10; H2ac4; H3c7; H3c2; H3c11; H3c8; H2ac12; H4c4; H3c15; H3c1; Arid2; H4c6; H2ac22; H3c4; H2ac19; H2ac25; H2ac21; H2ac20; H4c16; H4c1; H3c3; H4c14; H4c12; H2ac6; H4c2; Actl6a; H4c3; H2ax; H4c17; Smarcd2; H4c11; Cdk4; Smarce1; H2ac18; H4c18; H4c8; Prmt1; Pbrm1; H2ac8","thymus","MHU-2","GLDS-289","Stat_(MHU-1 & Space Flight & uG)v(MHU-1 & Ground Control & 1G on Earth)",1,"flight_positive"
"REACTOME_RNA_POLYMERASE_III_CHAIN_ELONGATION",0.868263473053892,0.899123942317095,0.0520570030732099,-0.250114747545808,-0.715937506587033,18,"reactome","Polr3a; Polr1d; Polr3f; Polr2f","thymus","MHU-2","GLDS-289","Stat_(MHU-1 & Space Flight & uG)v(MHU-1 & Ground Control & 1G on Earth)",1,"flight_positive"
"REACTOME_RNA_POLYMERASE_III_TRANSCRIPTION",0.65406427221172,0.71873729403082,0.0628003977812234,0.247921739667113,0.885951659675329,41,"reactome","Nfib; Nfix; Snapc1; Nfic; Gtf3c6","thymus","MHU-2","GLDS-289","Stat_(MHU-1 & Space Flight & uG)v(MHU-1 & Ground Control & 1G on Earth)",1,"flight_positive"
"REACTOME_RNA_POLYMERASE_III_TRANSCRIPTION_INITIATION_FROM_TYPE_1_PROMOTER",0.621676891615542,0.690894524908819,0.069119845655101,-0.278013825581323,-0.886038240184297,28,"reactome","Polr3a; Tbp; Polr1d; Gtf3c4; Polr3f; Gtf3c1; Polr2f","thymus","MHU-2","GLDS-289","Stat_(MHU-1 & Space Flight & uG)v(MHU-1 & Ground Control & 1G on Earth)",1,"flight_positive"
"REACTOME_RNA_POLYMERASE_III_TRANSCRIPTION_INITIATION_FROM_TYPE_3_PROMOTER",0.807770961145194,0.851978952184855,0.0565299525056311,-0.244179058326132,-0.778205841658256,28,"reactome","Polr3a; Tbp; Polr1d; Polr3f; Pou2f1; Snapc3; Polr2f; Brf2","thymus","MHU-2","GLDS-289","Stat_(MHU-1 & Space Flight & uG)v(MHU-1 & Ground Control & 1G on Earth)",1,"flight_positive"
"REACTOME_RNA_POLYMERASE_III_TRANSCRIPTION_TERMINATION",0.576540755467197,0.650197395060062,0.0714786287425507,0.302368781474916,0.931185300727325,23,"reactome","Nfib; Nfix; Nfic; Polr2e; Polr3gl; Polr3e; Polr1c","thymus","MHU-2","GLDS-289","Stat_(MHU-1 & Space Flight & uG)v(MHU-1 & Ground Control & 1G on Earth)",1,"flight_positive"
"REACTOME_RNA_POLYMERASE_II_PRE_TRANSCRIPTION_EVENTS",2.71745928166756e-05,0.000119568208393373,0.575610261071129,-0.498136529960724,-1.9593912196069,77,"reactome","Eloa; Gtf2h4; Gtf2b; Gtf2e2; Polr2c; Ncbp1; Taf9; Tbp; Iws1; Nelfa; Taf6; Ctdp1; Gtf2f2; Taf7; Ccnh; Nelfcd; Aff4; Taf12; Polr2a; Ccnt1; Supt4a; Eloc; Taf2; Polr2d; Ercc3; Cdk7; Gtf2h1; Polr2b; Supt5; Gtf2h3; Eaf1; Polr2f; Nelfb; Gtf2a2; Ccnt2; Gtf2e1; Ncbp2; Cdk9; Taf9b; Mllt3","thymus","MHU-2","GLDS-289","Stat_(MHU-1 & Space Flight & uG)v(MHU-1 & Ground Control & 1G on Earth)",1,"flight_positive"
"REACTOME_RNA_POLYMERASE_II_TRANSCRIBES_SNRNA_GENES",3.70394447092071e-06,1.91964045175602e-05,0.627256739718528,-0.520186698534309,-2.02858744385269,74,"reactome","Ints11; Ints10; Ints14; Ints8; Gtf2b; Gtf2e2; Polr2c; Ncbp1; Taf9; Phax; Taf8; Sp1; Nabp1; Ice2; Ints2; Tbp; Taf6; Ints9; Ints1; Gtf2f2; Pcf11; Polr2a; Ints13; Ints12; Ccnt1; Rprd1a; Supt4a; Ice1; Polr2d; Rprd2; Cdk7; Polr2b; Pou2f1; Supt5; Snapc3; Rprd1b; Ints3; Polr2f; Rpap2; Ints6; Ints4; Gtf2a2; Ccnt2; Gtf2e1; Ints7","thymus","MHU-2","GLDS-289","Stat_(MHU-1 & Space Flight & uG)v(MHU-1 & Ground Control & 1G on Earth)",1,"flight_positive"
"REACTOME_RNA_POLYMERASE_II_TRANSCRIPTION_TERMINATION",5.32302597976637e-05,0.000218142214255074,0.557332238758646,-0.510293202194949,-1.94017879498729,66,"reactome","Wdr33; Ddx39a; Chtop; Thoc7; Cdc40; Ncbp1; Cstf2t; Srsf2; Snrpb; Slbp; Ddx39b; Cstf1; Cpsf4; Nudt21; U2af2; Pcf11; Thoc5; Poldip3; Srsf7; Magoh; Zc3h11a; Srsf4; Cpsf2; Zfp473; Dhx38; Cpsf3; Fyttd1; Cstf3; Lsm10; Lsm11; Thoc6; Snrpg; Srsf1; Ncbp2; Rnps1; Cstf2; Sarnp; Srrm1","thymus","MHU-2","GLDS-289","Stat_(MHU-1 & Space Flight & uG)v(MHU-1 & Ground Control & 1G on Earth)",1,"flight_positive"
"REACTOME_RNA_POLYMERASE_I_PROMOTER_ESCAPE",3.54643262519162e-23,1.52922174798262e-21,1.24623277191648,-0.785883277343714,-3.05631932711654,72,"reactome","H2ac13; H3f3a; H2ac10; H3c10; H2bc18; H2ac4; H3c7; H3c2; H3c11; H3c8; H2bc4; H4c4; H3c15; H3c1; H4c6; Gtf2h4; H3c4; H2bc21; H2ac19; H2ac20; H4c16; H4c1; H3c3; H2bc8; H4c14; H4c12; H4c2; H4c3; H2ax; H2bc3; H4c17; H2bc7; Rrn3; H4c11; Tbp; H2bc14; H2bc6; H2ac18; H4c18; H4c8; Ccnh; Polr1d; H3f3b","thymus","MHU-2","GLDS-289","Stat_(MHU-1 & Space Flight & uG)v(MHU-1 & Ground Control & 1G on Earth)",1,"flight_positive"
"REACTOME_RNA_POLYMERASE_I_TRANSCRIPTION",2.72577808050114e-17,4.66410915996862e-16,1.07686819261983,-0.688446655570318,-2.80229217485995,92,"reactome","H2ac13; H3f3a; H2ac10; H3c10; H2bc18; H2ac4; H3c7; H3c2; H3c11; H3c8; H2bc4; H4c4; H3c15; H3c1; H4c6; Gtf2h4; H3c4; Hdac1; H2bc21; H2ac19; H2ac20; H4c16; H4c1; H3c3; H2bc8; H4c14; H4c12; H4c2; H4c3; H2ax; H2bc3; H4c17; H2bc7; Rrn3; H4c11; Tbp; H2bc14; H2bc6; H2ac18; H4c18; H4c8; Ccnh; Polr1d; H3f3b","thymus","MHU-2","GLDS-289","Stat_(MHU-1 & Space Flight & uG)v(MHU-1 & Ground Control & 1G on Earth)",1,"flight_positive"
"REACTOME_RNA_POLYMERASE_I_TRANSCRIPTION_INITIATION",0.044309413134695,0.0871634075897832,0.321775918075361,-0.400924828342444,-1.4351008240636,46,"reactome","Gtf2h4; Hdac1; Rrn3; Tbp; Ccnh; Polr1d; Kat2b; Hdac2; Ercc3; Rbbp7; Mta2; Cdk7; Chd4; Gtf2h1; Ttf1; Gtf2h3; Polr2f; Ubtf","thymus","MHU-2","GLDS-289","Stat_(MHU-1 & Space Flight & uG)v(MHU-1 & Ground Control & 1G on Earth)",1,"flight_positive"
"REACTOME_RNA_POLYMERASE_I_TRANSCRIPTION_TERMINATION",0.123711340206186,0.203293940155896,0.181383128498408,-0.404644540327561,-1.31039098161692,30,"reactome","Gtf2h4; Tbp; Ccnh; Polr1d; Ercc3; Cdk7; Gtf2h1; Ttf1; Gtf2h3; Polr2f; Ubtf","thymus","MHU-2","GLDS-289","Stat_(MHU-1 & Space Flight & uG)v(MHU-1 & Ground Control & 1G on Earth)",1,"flight_positive"
"REACTOME_RND1_GTPASE_CYCLE",0.0264267539891834,0.0546795408835695,0.352487857583619,0.42361764246301,1.51043046548313,42,"reactome","Ptpn13; Dsp; Arhgap5; Dst; Cpd; Muc13; Epha2; Pkp4; Grb7; Ccdc88a","thymus","MHU-2","GLDS-289","Stat_(MHU-1 & Space Flight & uG)v(MHU-1 & Ground Control & 1G on Earth)",1,"flight_positive"
"REACTOME_RND2_GTPASE_CYCLE",0.144787644787645,0.229869044302034,0.160801401070022,0.343777288327992,1.22575558140763,42,"reactome","Ptpn13; Arhgap5; Dst; Prag1; Muc13; Epha2; Pkp4; Tnfaip1; Dsg1a; Nudc; Pik3r1; Fam83b","thymus","MHU-2","GLDS-289","Stat_(MHU-1 & Space Flight & uG)v(MHU-1 & Ground Control & 1G on Earth)",1,"flight_positive"
"REACTOME_RND3_GTPASE_CYCLE",0.024116242219837,0.0505784223988021,0.352487857583619,0.428408542274684,1.52751266487066,42,"reactome","Ptpn13; Dsp; Arhgap5; Dst; Cpd; Muc13; Epha2; Pkp4; Ccdc88a; Tnfaip1; Dsg1a; Pik3r1; Fam83b; Rasal2","thymus","MHU-2","GLDS-289","Stat_(MHU-1 & Space Flight & uG)v(MHU-1 & Ground Control & 1G on Earth)",1,"flight_positive"
"REACTOME_ROLE_OF_LAT2_NTAL_LAB_ON_CALCIUM_MOBILIZATION",0.000257803196534681,0.000896489825368989,0.49849310876659,0.532866574469578,1.90706709774282,43,"reactome","Ighe; Grb2; Gab2; Igkv1-117; Igkv1-135; Fcer1g; Lyn; Igkv1-88; Lat2; Igkv8-27; Fyn; Igkv14-111; Igkv8-30; Igkv14-100; Pik3r1; Igkv8-28; Pik3cb; Ighv5-9; Pik3r2; Igkv17-127; Syk; Ighv1-84; Shc1; Iglc3; Iglc1; Igkv14-126; Igkv13-84","thymus","MHU-2","GLDS-289","Stat_(MHU-1 & Space Flight & uG)v(MHU-1 & Ground Control & 1G on Earth)",1,"flight_positive"
"REACTOME_ROLE_OF_PHOSPHOLIPIDS_IN_PHAGOCYTOSIS",0.0614203454894434,0.114157124892448,0.252961123069611,0.361483986107347,1.35569956278232,54,"reactome","Pld4; Ighg2b; Pld1; Plcg2; Igkv1-117; Igkv1-135; Igkv1-88; Igkv8-27; Ighg2c; Igkv14-111; Fcgr1; Igkv8-30; Prkcd; Igkv14-100; Fcgr2b; Pik3r1; Ighg3; Igkv8-28; Pik3cb; Ighv5-9; Pik3r2; Igkv17-127; Syk; Ighv1-84; Iglc3; Iglc1; Ahcyl1; Igkv14-126; Prkce; Igkv13-84; Fcgr4; Pld2; Igkv2-109","thymus","MHU-2","GLDS-289","Stat_(MHU-1 & Space Flight & uG)v(MHU-1 & Ground Control & 1G on Earth)",1,"flight_positive"
"REACTOME_RORA_B_C_AND_NR1D1_REV_ERBA_REGULATE_GENE_EXPRESSION",0.334630350194553,0.434093282201838,0.10027910675413,0.340402931030287,1.08331744301519,26,"reactome","Chd9; Rxra; Cpt1a; Nr1d1; Carm1; Rora; Ppargc1a; Smarcd3; Usp46","thymus","MHU-2","GLDS-289","Stat_(MHU-1 & Space Flight & uG)v(MHU-1 & Ground Control & 1G on Earth)",1,"flight_positive"
"REACTOME_ROS_AND_RNS_PRODUCTION_IN_PHAGOCYTES",0.107142857142857,0.18046875,0.191892240384838,0.376800116767903,1.28430452733082,34,"reactome","Nos2; Atp6v0a1; Slc11a1; Ncf1; Cybb; Ncf2; Nos1; Atp6v0d2; Atp6v0b; Lpo; Cyba; Ncf4; Atp6v0e2; Hvcn1; Atp6v0a4","thymus","MHU-2","GLDS-289","Stat_(MHU-1 & Space Flight & uG)v(MHU-1 & Ground Control & 1G on Earth)",1,"flight_positive"
"REACTOME_RRNA_MODIFICATION_IN_THE_NUCLEUS_AND_CYTOSOL",0.682926829268293,0.743631436314363,0.0642140881844605,-0.23584599764211,-0.884588872547801,59,"reactome","Emg1; Snu13; Ddx47; Imp4; Wdr3; Rps7; Noc4l; Nol11; Tbl3; Bud23; Dcaf13; Utp15; Krr1; Rrp7a","thymus","MHU-2","GLDS-289","Stat_(MHU-1 & Space Flight & uG)v(MHU-1 & Ground Control & 1G on Earth)",1,"flight_positive"
"REACTOME_RRNA_PROCESSING",1.33621071857465e-07,9.17474620779281e-07,0.690132458796796,-0.432434627236459,-1.99005500490698,190,"reactome","Rplp0; Rps5; Rpl7; Riok1; C1d; Wdr12; Rpl35; Exosc10; Trmt10c; Hsd17b10; Uba52; Rpl28; Emg1; Snu13; Rps4x; Rps3a1; Rpl26; Nip7; Rpl7a; Eri1; Ddx47; Rpl18a; Rpl17; Imp4; Rpl13a; Rps16; Wdr3; Rps7; Rpl10; Mrm2; Rps11; Tfb1m; Rpl4; Rpl6; Rpl19; Rps15a; Nol12; Rps3; Rpl15; Csnk1e; Rpl29; Rps10; Noc4l; Rpsa; Mrm3; Ebna1bp2; Fau; Nol11; Rpl32; Isg20l2; Tbl3; Rpl18; Elac2; Bud23; Rpl21; Rpp40; Rps24; Ltv1; Tex10; Rpl3; Nob1; Rpl12; Dcaf13; Exosc1; Utp15; Mphosph6; Bysl","thymus","MHU-2","GLDS-289","Stat_(MHU-1 & Space Flight & uG)v(MHU-1 & Ground Control & 1G on Earth)",1,"flight_positive"
"REACTOME_RSV_HOST_INTERACTIONS",0.324596774193548,0.425687740365748,0.104343952581949,-0.266185225291024,-1.06016794515038,81,"reactome","Ubb; Med1; Med14; Ep300; Uba52; Bcap31; Cdk19; Ifnar1; Med10; Med20; Med30; Med23; Ccnc; Med18; Rbx1; Med22; Irf3; Med15; Eloc; Med21; Med29; Med28; Med11; Med13l; Med19","thymus","MHU-2","GLDS-289","Stat_(MHU-1 & Space Flight & uG)v(MHU-1 & Ground Control & 1G on Earth)",1,"flight_positive"
"REACTOME_RUNX1_INTERACTS_WITH_CO_FACTORS_WHOSE_PRECISE_EFFECT_ON_RUNX1_TARGETS_IS_NOT_KNOWN",0.146586345381526,0.232041233951961,0.163180127180689,-0.371663604065785,-1.26301869921387,35,"reactome","Arid2; Phc1; Ep300; Actl6a; Smarcd2; Pcgf5; Csnk2b; Smarce1; Pbrm1; Cbfb","thymus","MHU-2","GLDS-289","Stat_(MHU-1 & Space Flight & uG)v(MHU-1 & Ground Control & 1G on Earth)",1,"flight_positive"
"REACTOME_RUNX1_REGULATES_GENES_INVOLVED_IN_MEGAKARYOCYTE_DIFFERENTIATION_AND_PLATELET_FUNCTION",1.52993928791325e-17,2.70372877437784e-16,1.07686819261983,-0.723294451307135,-2.84503687612176,77,"reactome","H2ac13; H3f3a; H2ac10; H3c10; H2bc18; H2ac4; Sin3b; H3c7; H3c2; H3c11; H3c8; H2bc4; H4c4; H3c15; H3c1; H4c6; H3c4; Hdac1; H2bc21; H2ac19; H2ac20; H4c16; H4c1; Ep300; H3c3; H2bc8; H4c14; H4c12; H4c2; H4c3; H2ax; H2bc3; H4c17; H2bc7; H4c11; Kmt2c; H2bc14; H2bc6; Tnrc6c; H2ac18; H4c18; H4c8; Prmt1; Rbbp5","thymus","MHU-2","GLDS-289","Stat_(MHU-1 & Space Flight & uG)v(MHU-1 & Ground Control & 1G on Earth)",1,"flight_positive"
"REACTOME_RUNX1_REGULATES_TRANSCRIPTION_OF_GENES_INVOLVED_IN_DIFFERENTIATION_OF_HSCS",4.33312698849141e-22,1.41548814957386e-20,1.21254456769062,-0.719803916162195,-2.97925394701535,99,"reactome","H2ac13; H3f3a; H2ac10; H3c10; H2bc18; H2ac4; H3c7; H3c2; Ubb; H3c11; H3c8; H2bc4; H4c4; Tcf12; H3c15; Psmd8; H3c1; H4c6; H3c4; H2bc21; H2ac19; Myb; H2ac20; H4c16; H4c1; Psmc1; H3c3; Uba52; H2bc8; H4c14; H4c12; H4c2; H4c3; Psmb7; H2ax; H2bc3; H4c17; H2bc7; Psmd13; H4c11; Psmb1; Itch; Abl1; H2bc14; Psma1; H2bc6; Psmb5; Psmd6; H2ac18; H4c18; H4c8; Psmc3; Ccnh; H3f3b; Cbfb; Psmd11; Psmb4; H2ac7; Psmb3","thymus","MHU-2","GLDS-289","Stat_(MHU-1 & Space Flight & uG)v(MHU-1 & Ground Control & 1G on Earth)",1,"flight_positive"
"REACTOME_RUNX2_REGULATES_BONE_DEVELOPMENT",0.0030058813461147,0.00794201002723442,0.431707695803346,0.520522188370696,1.7472233283741,31,"reactome","Maf; Ar; Src; Gli3; Yap1; Smad6; Yes1; Hey1; Wwtr1; Zfp521; Hdac4; Hes1; Gli2; Bglap3; Runx2; Ucma; Hey2; Satb2","thymus","MHU-2","GLDS-289","Stat_(MHU-1 & Space Flight & uG)v(MHU-1 & Ground Control & 1G on Earth)",1,"flight_positive"
"REACTOME_RUNX2_REGULATES_OSTEOBLAST_DIFFERENTIATION",0.00345724313685218,0.00895891370559291,0.431707695803346,0.587936200995876,1.83689144086015,24,"reactome","Maf; Ar; Src; Gli3; Yap1; Yes1; Hey1; Wwtr1; Zfp521; Hes1; Bglap3; Runx2; Ucma; Hey2; Satb2","thymus","MHU-2","GLDS-289","Stat_(MHU-1 & Space Flight & uG)v(MHU-1 & Ground Control & 1G on Earth)",1,"flight_positive"
"REACTOME_SARS_COV_1_ACTIVATES_MODULATES_INNATE_IMMUNE_RESPONSES",0.454545454545455,0.542635658914729,0.0873098257637931,-0.294102102324151,-1.01714022467147,40,"reactome","Kpna2; Ubb; Traf6; Pycard; Uba52; Fkbp1a; Itch","thymus","MHU-2","GLDS-289","Stat_(MHU-1 & Space Flight & uG)v(MHU-1 & Ground Control & 1G on Earth)",1,"flight_positive"
"REACTOME_SARS_COV_1_HOST_INTERACTIONS",0.00024000454364441,0.000848278354257949,0.518848077743792,-0.427126371180492,-1.74227778755948,94,"reactome","Kpna2; Rps5; Ubb; Bcl2l1; Traf6; Pycard; Ube2i; Ywhaz; Ywhaq; Ep300; Uba52; Rps4x; Rps3a1; Sp1; Fkbp1a; Ywhah; Itch; Rps16; Rps7; Eef1a1; Ywhab; Rps11; Kpnb1; Smad3; Rps15a; Rps3; Ywhae; Rps10; Rpsa; Irf3; Fau; Psmc6; Rps24; Runx1; Pdpk1; Ppib; Smad4; Tbk1; Nfkbia; Ppia; Ppih; Ripk1; Tomm70a; Pklr; Pals1; Rps12; Rps27a","thymus","MHU-2","GLDS-289","Stat_(MHU-1 & Space Flight & uG)v(MHU-1 & Ground Control & 1G on Earth)",1,"flight_positive"
"REACTOME_SARS_COV_1_INFECTION",0.010469994832621,0.0244299879427824,0.380730400722792,-0.336276861000213,-1.4606575936173,138,"reactome","Kpna2; Rps5; Ubb; Bcl2l1; Traf6; Pycard; Ube2i; Ywhaz; Ywhaq; Ep300; Uba52; Rps4x; Rps3a1; Map1lc3b; Pik3c3; Sp1; Fkbp1a; Ywhah; Itch; Rps16; Rps7; Eef1a1; Ywhab; Rps11; Kpnb1; Galnt1; Smad3; Mgat1; Rps15a; Rps3; Ywhae; Vhl; Vcp; Rps10; Rb1; Chmp7; Rpsa; Irf3; Fau; Psmc6; Rps24; Runx1; Pdpk1; Ppib; Smad4; Sumo1; Tbk1; Nfkbia; Ppia; Ddx5; Ppih; Ripk1; Parp16; Tomm70a; Chmp6; Pklr; Pals1; Rps12; Rps27a; Prkcsh","thymus","MHU-2","GLDS-289","Stat_(MHU-1 & Space Flight & uG)v(MHU-1 & Ground Control & 1G on Earth)",1,"flight_positive"
"REACTOME_SARS_COV_1_MODULATES_HOST_TRANSLATION_MACHINERY",0.00680464680240907,0.0166335810725555,0.407017918923954,-0.505513726292781,-1.69780434124567,34,"reactome","Rps5; Rps4x; Rps3a1; Rps16; Rps7; Eef1a1; Rps11; Rps15a; Rps3; Rps10; Rpsa; Fau; Rps24","thymus","MHU-2","GLDS-289","Stat_(MHU-1 & Space Flight & uG)v(MHU-1 & Ground Control & 1G on Earth)",1,"flight_positive"
"REACTOME_SARS_COV_1_TARGETS_HOST_INTRACELLULAR_SIGNALLING_AND_REGULATORY_PATHWAYS",0.000252932064152232,0.000886964049121289,0.49849310876659,-0.720212811601147,-1.99444272116652,16,"reactome","Ube2i; Ywhaz; Ywhaq; Ep300; Sp1; Ywhah; Ywhab; Smad3; Ywhae; Psmc6; Pdpk1; Smad4","thymus","MHU-2","GLDS-289","Stat_(MHU-1 & Space Flight & uG)v(MHU-1 & Ground Control & 1G on Earth)",1,"flight_positive"
"REACTOME_SARS_COV_2_ACTIVATES_MODULATES_INNATE_AND_ADAPTIVE_IMMUNE_RESPONSES",0.0966386554621849,0.166682352941176,0.208955027549354,-0.290631357636212,-1.2207760194694,108,"reactome","Kpna2; Ubb; Traf6; Il17ra; Nup188; Uba52; Nup62; H2-Q2; Ndc1; Nup107; Nup205; Pik3c3; Ifnar1; Ptpn11; Seh1l; Tab1; Nup37; G3bp2; Sec13; Nup88; Nup160; Nup50; Nup155; G3bp1; Ikbkg; Irf3; Rae1; Map3k7; Nup54; Cnbp; Sar1b; Nup43","thymus","MHU-2","GLDS-289","Stat_(MHU-1 & Space Flight & uG)v(MHU-1 & Ground Control & 1G on Earth)",1,"flight_positive"
"REACTOME_SARS_COV_2_HOST_INTERACTIONS",0.000729280833775498,0.00230546844225803,0.477270815362862,-0.343560899393813,-1.56689159864132,182,"reactome","Kpna2; Rps5; Ubb; Traf6; Il17ra; Ywhaz; Ywhaq; Nup188; Ddx20; Uba52; Nup62; Vps11; H2-Q2; Ndc1; Rps4x; Nup107; Rps3a1; Map1lc3b; Nup205; Pik3c3; Gemin5; Ifnar1; Ywhah; Snrpb; Ptpn11; Seh1l; Tab1; Nup37; G3bp2; Rps16; Rps7; Sec13; Nup88; Ywhab; Rps11; Nup160; Nup50; Akt1; Nup155; G3bp1; Rps15a; Rps3; Ywhae; Rps10; Ikbkg; Rpsa; Irf3; Rae1; Map3k7; Nup54; Fau; Cnbp; Sar1b; Nup43; Rps24; Gemin6; Smn1; Snrpd2; Pdpk1; Ripk2","thymus","MHU-2","GLDS-289","Stat_(MHU-1 & Space Flight & uG)v(MHU-1 & Ground Control & 1G on Earth)",1,"flight_positive"
"REACTOME_SARS_COV_2_INFECTION",0.00360988060483425,0.00930969208615149,0.431707695803346,-0.295072774306824,-1.41918374172804,277,"reactome","Ano6; Kpna2; Mgat4a; Rps5; Ubb; Traf6; Mgat5; Il17ra; Ube2i; Ywhaz; Ywhaq; Nup188; Ddx20; Ostc; Uba52; Nup62; Vps11; H2-Q2; Ndc1; Rps4x; Nup107; Rps3a1; Map1lc3b; Nup205; Pik3c3; Gemin5; Ifnar1; Ywhah; Ano10; Snrpb; Rpn2; Zdhhc9; Ptpn11; Stt3a; Seh1l; Tab1; Rpn1; Nup37; G3bp2; Rps16; Rps7; Sec13; Nup88; Ywhab; Rps11; Nup160; Mgat2; Prmt1; Nup50; Galnt1; Akt1; Nup155; Mgat1; G3bp1; Rps15a; Rps3; Ywhae; Vhl; Vcp; Rps10; Rb1; Magt1; Ikbkg; Chmp7; Rpsa; Irf3; Rae1; Csnk1a1; Map3k7; Nup54; Fau","thymus","MHU-2","GLDS-289","Stat_(MHU-1 & Space Flight & uG)v(MHU-1 & Ground Control & 1G on Earth)",1,"flight_positive"
"REACTOME_SARS_COV_2_MODULATES_HOST_TRANSLATION_MACHINERY",0.000599956653299374,0.00192688768057725,0.477270815362862,-0.510669956311513,-1.84316218816976,47,"reactome","Rps5; Ddx20; Rps4x; Rps3a1; Gemin5; Snrpb; Rps16; Rps7; Rps11; Rps15a; Rps3; Rps10; Rpsa; Fau; Rps24; Gemin6; Smn1; Snrpd2; Gemin8; Rps12; Rps27a; Gemin7; Rps19; Snrpg","thymus","MHU-2","GLDS-289","Stat_(MHU-1 & Space Flight & uG)v(MHU-1 & Ground Control & 1G on Earth)",1,"flight_positive"
"REACTOME_SARS_COV_INFECTIONS",0.00913470232966975,0.0215004565750742,0.380730400722792,-0.261674370133793,-1.31276003901731,417,"reactome","Ifngr1; Ano6; Kpna2; Tubb5; Mgat4a; Rps5; Ap2b1; Ubb; Bcl2l1; Traf6; Mgat5; Pycard; Il17ra; Hdac1; Ube2i; Ywhaz; Ywhaq; Nup188; Vav1; Ep300; Ddx20; Ostc; Uba52; Nup62; Vps11; H2-Q2; Ndc1; Rps4x; Nup107; Rps3a1; Sh3kbp1; Map1lc3b; Nup205; Pik3c3; Gemin5; Ifnar1; Sp1; Fkbp1a; Ywhah; Igkv8-21; Ano10; Snrpb; Rpn2; Zdhhc9; Itch; Itgb1; Ptpn11; Stt3a; Seh1l; Tab1; Rpn1; Nup37; G3bp2; Rps16; Rps7; Eef1a1; Sec13; Nup88; Ywhab; Rps11; Fnta; Nup160; Mgat2; Nck1; Ap2s1; Sap30; Kpnb1; Prmt1; Nup50; Galnt1; Akt1; Nup155; Smad3; Mgat1; G3bp1; Rbx1; Rps15a; Rps3; Ap2m1; Ywhae; Vhl; Vcp; Rps10; Rb1; Magt1; Ikbkg; Chmp7; Rpsa; Irf3; Hdac2; Rae1; Csnk1a1; Map3k7; Nup54; Fau; Nrp1; Cnbp; Fkbp4; Psmc6; Sar1b; Rbbp7; Nup43; Mta2; Rps24; Gemin6; Impdh1; Runx1; Smn1; Snrpd2; Pdpk1; Ripk2; Chd4; Ppib; Stt3b; Brms1; Smad4; Sumo1; Tbk1; Cul3; Man1b1","thymus","MHU-2","GLDS-289","Stat_(MHU-1 & Space Flight & uG)v(MHU-1 & Ground Control & 1G on Earth)",1,"flight_positive"
"REACTOME_SCAVENGING_BY_CLASS_A_RECEPTORS",0.00793299877759183,0.0190462643257104,0.380730400722792,0.605193099994203,1.76888662895091,19,"reactome","Apoe; Col4a1; Fth1; Col4a2; Calr; Msr1; Hsp90b1; Ftl1; Scgb3a2; Apob; Apoa1","thymus","MHU-2","GLDS-289","Stat_(MHU-1 & Space Flight & uG)v(MHU-1 & Ground Control & 1G on Earth)",1,"flight_positive"
"REACTOME_SCAVENGING_OF_HEME_FROM_PLASMA",0.0222007296030982,0.047297206545731,0.352487857583619,0.438459375414258,1.55297789044417,40,"reactome","Lrp1; Cd163; Igkv1-117; Igkv1-135; Igkv1-88; Igkv8-27; Jchain; Igkv14-111; Igkv8-30; Igkv14-100; Igkv8-28; Ighv5-9; Igkv17-127; Apoa1; Igha; Ighv1-84; Iglc3; Iglc1; Igkv14-126; Igkv13-84; Igkv2-109","thymus","MHU-2","GLDS-289","Stat_(MHU-1 & Space Flight & uG)v(MHU-1 & Ground Control & 1G on Earth)",1,"flight_positive"
"REACTOME_SCF_BETA_TRCP_MEDIATED_DEGRADATION_OF_EMI1",2.28855643144796e-07,1.54191489568806e-06,0.690132458796796,-0.661007123482993,-2.308970680367,42,"reactome","Cdc20; Ubb; Psmd8; Fbxo5; Psmc1; Uba52; Psmb7; Psmd13; Psmb1; Psma1; Psmb5; Psmd6; Psmc3; Psmd11; Psmb4; Psmb3; Fzr1; Psmb6; Psma7; Psmc6; Psmc4; Psmc2; Psma2","thymus","MHU-2","GLDS-289","Stat_(MHU-1 & Space Flight & uG)v(MHU-1 & Ground Control & 1G on Earth)",1,"flight_positive"
"REACTOME_SCF_SKP2_MEDIATED_DEGRADATION_OF_P27_P21",2.95413861933676e-08,2.29105138967268e-07,0.73376198835648,-0.657310300021495,-2.38420421251722,49,"reactome","Ubb; Ccna2; Psmd8; Skp2; Cdk2; Cks1b; Psmc1; Uba52; Cdkn1b; Psmb7; Psmd13; Psmb1; Cdk4; Psma1; Psmb5; Ccne2; Psmd6; Psmc3; Psmd11; Psmb4; Psmb3; Psmb6; Ccne1; Psma7; Psmc6; Psmc4; Psmc2; Psma2","thymus","MHU-2","GLDS-289","Stat_(MHU-1 & Space Flight & uG)v(MHU-1 & Ground Control & 1G on Earth)",1,"flight_positive"
"REACTOME_SEALING_OF_THE_NUCLEAR_ENVELOPE_NE_BY_ESCRT_III",0.00044799371729318,0.00149516169424783,0.49849310876659,-0.614976878492266,-1.88996503730162,23,"reactome","Tuba1b; Tubb4b; Tubb2a; Tubb2b; Tuba1c; Tuba1a; Ist1","thymus","MHU-2","GLDS-289","Stat_(MHU-1 & Space Flight & uG)v(MHU-1 & Ground Control & 1G on Earth)",1,"flight_positive"
"REACTOME_SELECTIVE_AUTOPHAGY",8.40477153967621e-05,0.000323583704277534,0.538434096309916,-0.471162517905926,-1.86261475777025,79,"reactome","Tuba1b; Tubb4b; Tubb2a; Ubb; Dynll1; Tubb2b; Vdac1; Tuba1c; Tuba1a; Dync1i2; Atg12; Uba52; Map1lc3b; Tomm22; Csnk2b; Vdac2; Mfn2; Hspa8; Ube2d3; Dync1h1; Vcp; Vdac3; Nbr1; Pcnt; Tomm20; Atg5; Atg9a; Ube2l3; Tbk1; Dync1li1; Ift88; Pink1","thymus","MHU-2","GLDS-289","Stat_(MHU-1 & Space Flight & uG)v(MHU-1 & Ground Control & 1G on Earth)",1,"flight_positive"
"REACTOME_SELENOAMINO_ACID_METABOLISM",4.46432096514196e-05,0.000187258287954203,0.557332238758646,-0.454490674468617,-1.88112777020122,99,"reactome","Rplp0; Rps5; Rpl7; Rpl35; Uba52; Rpl28; Rps4x; Rps3a1; Rpl26; Rpl7a; Rpl18a; Rpl17; Rpl13a; Rps16; Rps7; Rpl10; Rps11; Rpl4; Rpl6; Rpl19; Rps15a; Rps3; Papss2; Rpl15; Rpl29; Rps10; Rpsa; Fau; Rpl32; Rpl18; Rpl21; Rps24; Rpl3; Ahcy; Txnrd1; Rpl12; Eef1e1","thymus","MHU-2","GLDS-289","Stat_(MHU-1 & Space Flight & uG)v(MHU-1 & Ground Control & 1G on Earth)",1,"flight_positive"
"REACTOME_SEMA3A_PAK_DEPENDENT_AXON_REPULSION",0.297619047619048,0.400777876283353,0.108820126769161,0.400136735298514,1.11785217017439,16,"reactome","Fes; Plxna2; Sema3a; Fyn; Pak3","thymus","MHU-2","GLDS-289","Stat_(MHU-1 & Space Flight & uG)v(MHU-1 & Ground Control & 1G on Earth)",1,"flight_positive"
"REACTOME_SEMA4D_INDUCED_CELL_MIGRATION_AND_GROWTH_CONE_COLLAPSE",0.0294086554266715,0.0600531142613775,0.352487857583619,0.515212769914513,1.51182890362864,20,"reactome","Arhgef12; Erbb2; Plxnb1; Limk2; Myh11; Rhoc; Rhob","thymus","MHU-2","GLDS-289","Stat_(MHU-1 & Space Flight & uG)v(MHU-1 & Ground Control & 1G on Earth)",1,"flight_positive"
"REACTOME_SEMA4D_IN_SEMAPHORIN_SIGNALING",0.0844793713163065,0.147838899803536,0.216542836735348,0.442545435988274,1.38264648814214,24,"reactome","Arhgef12; Erbb2; Plxnb1; Limk2; Myh11; Rhoc; Rhob","thymus","MHU-2","GLDS-289","Stat_(MHU-1 & Space Flight & uG)v(MHU-1 & Ground Control & 1G on Earth)",1,"flight_positive"
"REACTOME_SEMAPHORIN_INTERACTIONS",0.00276756202886793,0.00745857966779906,0.431707695803346,0.437109454482505,1.69616037014196,63,"reactome","Arhgef12; Sema6d; Fes; Sema4a; Plxna2; Erbb2; Farp2; Plxnb1; Tyrobp; Limk2; Itga1; Sema3a; Fyn; Myh11; Rhoc; Pak3; Plxnc1; Cd72; Rhob; Cdk5","thymus","MHU-2","GLDS-289","Stat_(MHU-1 & Space Flight & uG)v(MHU-1 & Ground Control & 1G on Earth)",1,"flight_positive"
"REACTOME_SENESCENCE_ASSOCIATED_SECRETORY_PHENOTYPE_SASP",7.95152419447527e-20,1.90483179592097e-18,1.15122052214226,-0.713563192941047,-2.89446961995964,91,"reactome","Anapc5; H2ac13; H3f3a; H2ac10; H3c10; H2bc18; H2ac4; H3c7; Cdkn2c; H3c2; Ubb; H3c11; Ccna2; H3c8; H2bc4; H4c4; H3c15; Anapc1; H3c1; H4c6; Cdkn2d; H3c4; H2bc21; H2ac19; Cdk2; H2ac20; H4c16; H4c1; H3c3; Uba52; H2bc8; H4c14; Cdkn1b; H4c12; H4c2; H4c3; H2ax; H2bc3; H4c17; H2bc7; H4c11; Cdk4; Ehmt1; H2bc14; H2bc6; Anapc7; Cdc27; H2ac18; H4c18; H4c8","thymus","MHU-2","GLDS-289","Stat_(MHU-1 & Space Flight & uG)v(MHU-1 & Ground Control & 1G on Earth)",1,"flight_positive"
"REACTOME_SENSORY_PERCEPTION",0.00760297828350821,0.0183767053578965,0.407017918923954,0.309888500457465,1.41185443203721,184,"reactome","Apoe; Pclo; Sdc3; Cacna1d; Pls1; Lpl; Apoa4; Agrn; Clic5; Lrp1; Gpc4; Trpm5; Ripor2; Espn; Scnn1a; Sdc1; Scnn1b; Cdh23; Otog; Eps8l2; Epb41l3; Kcnma1; Tmie; Chrna10; Gpc1; Rgs9; Atp2b1; Kcnj2; Sdc4; Grk1; Vamp2; Hspg2; Rbp1; Gsn; Or5v1b; Sdr9c7; Otof; Or2v1; Epb41l1; Gpc6; Myo3b; Tas2r108; Scnn1g; Lrp10; Or2y1g; Scn9a; Gpc3; Apoc2; Twf1; Cask; Cyp4v3; Ush1c; Scn1b; Gucy2e; Sptbn1; Plb1; Apob; Slc24a1; Grk4; Lrat; Cacnb2; Fntb; Myo15a; Tprn; Apoa1","thymus","MHU-2","GLDS-289","Stat_(MHU-1 & Space Flight & uG)v(MHU-1 & Ground Control & 1G on Earth)",1,"flight_positive"
"REACTOME_SENSORY_PERCEPTION_OF_TASTE",0.231827111984283,0.333212835625409,0.125033367555272,0.378901101333459,1.18380223703353,24,"reactome","Trpm5; Scnn1a; Scnn1b; Kcnj2; Tas2r108; Scnn1g; Scn9a; Scn1b","thymus","MHU-2","GLDS-289","Stat_(MHU-1 & Space Flight & uG)v(MHU-1 & Ground Control & 1G on Earth)",1,"flight_positive"
"REACTOME_SENSORY_PROCESSING_OF_SOUND",0.0581395348837209,0.109570661896243,0.261663521711573,0.34690407021881,1.34612722308352,63,"reactome","Pclo; Cacna1d; Pls1; Clic5; Ripor2; Espn; Cdh23; Otog; Eps8l2; Epb41l3; Kcnma1; Tmie; Chrna10; Atp2b1; Vamp2; Gsn; Otof; Epb41l1; Myo3b","thymus","MHU-2","GLDS-289","Stat_(MHU-1 & Space Flight & uG)v(MHU-1 & Ground Control & 1G on Earth)",1,"flight_positive"
"REACTOME_SENSORY_PROCESSING_OF_SOUND_BY_OUTER_HAIR_CELLS_OF_THE_COCHLEA",0.166990291262136,0.2560676159041,0.149207542435322,0.336181372388075,1.2035837143681,44,"reactome","Pls1; Clic5; Ripor2; Espn; Cdh23; Otog; Eps8l2; Epb41l3; Kcnma1; Tmie; Chrna10; Gsn; Epb41l1; Myo3b; Twf1; Cask; Ush1c; Sptbn1; Myo15a; Tprn","thymus","MHU-2","GLDS-289","Stat_(MHU-1 & Space Flight & uG)v(MHU-1 & Ground Control & 1G on Earth)",1,"flight_positive"
"REACTOME_SEPARATION_OF_SISTER_CHROMATIDS",3.66036010335577e-35,5.63695455916789e-33,1.54318309134871,-0.704787954694943,-3.18337352923191,168,"reactome","Anapc5; Ppp2r5c; Tuba1b; Bub3; Ppp2r5a; Cenpl; Tubb4b; Kif2c; Tubb2a; Kif18a; Ppp2r5d; Cenpi; Cdc20; Ubb; Dynll1; Bub1b; Tubb2b; Psmd8; Clasp1; Cdca5; Anapc1; Ercc6l; Sgo1; Cenpf; Cenpa; Ckap5; Ndc80; Incenp; Tuba1c; Ppp2r5e; Ska2; Tuba1a; Mad2l1; Cdca8; Pafah1b1; Bub1; Dync1i2; Psmc1; Rad21; Sgo2a; Uba52; Cenpk; Aurkb; Cenpq; Nup107; Psmb7; Zw10; Itgb3bp; Cenpo; Spdl1; Psmd13; Psmb1; Cenpn; Plk1; Ppp2ca; Nde1; Spc25; Nsl1; Seh1l; Rangap1; Birc5; Nup37; Psma1; Cenpu; Xpo1; Nuf2; Cenpe; Psmb5; Sec13; Nup160; Anapc7; Cenpp; Psmd6; Espl1; Cenpc1; Cdc27; Psmc3; Knl1; Dsn1; Dync1h1; Mad1l1; Clasp2; Psmd11; Pds5b; Ppp2r1b; B9d2; Psmb4; Ube2c; Psmb3; Hdac8; Pds5a","thymus","MHU-2","GLDS-289","Stat_(MHU-1 & Space Flight & uG)v(MHU-1 & Ground Control & 1G on Earth)",1,"flight_positive"
"REACTOME_SEROTONIN_NEUROTRANSMITTER_RELEASE_CYCLE",0.0408680148939909,0.0806881319701871,0.321775918075361,0.539910951575587,1.50833596537801,16,"reactome","Unc13b; Ppfia4; Vamp2; Syn2; Stxbp1; Ppfia2; Syt1; Syn3; Rab3a","thymus","MHU-2","GLDS-289","Stat_(MHU-1 & Space Flight & uG)v(MHU-1 & Ground Control & 1G on Earth)",1,"flight_positive"
"REACTOME_SHC1_EVENTS_IN_ERBB2_SIGNALING",0.110887096774194,0.185040697093778,0.190023305279108,0.451700065811505,1.32545863600799,20,"reactome","Erbb2; Grb2; Erbb3; Prkcd; Nrg4; Egf; Btc; Nrg1; Egfr; Shc1; Hbegf; Prkca; Prkce","thymus","MHU-2","GLDS-289","Stat_(MHU-1 & Space Flight & uG)v(MHU-1 & Ground Control & 1G on Earth)",1,"flight_positive"
"REACTOME_SHC_MEDIATED_CASCADE_FGFR1",0.877952755905512,0.906087900162778,0.0509082865515105,0.257295235557532,0.707734298858471,15,"reactome","Grb2; Fgf1; Fgfr1; Kl; Fgf9; Shc1; Fgf2; Fgf3","thymus","MHU-2","GLDS-289","Stat_(MHU-1 & Space Flight & uG)v(MHU-1 & Ground Control & 1G on Earth)",1,"flight_positive"
"REACTOME_SIALIC_ACID_METABOLISM",0.550813008130081,0.629476069741595,0.0749278818393739,-0.288183881124879,-0.925372828870727,29,"reactome","St8sia1; Nans; Neu3; Cmas; Slc17a5","thymus","MHU-2","GLDS-289","Stat_(MHU-1 & Space Flight & uG)v(MHU-1 & Ground Control & 1G on Earth)",1,"flight_positive"
"REACTOME_SIGNALING_BY_ACTIVIN",0.318359375,0.419549396393643,0.103576326612592,0.387826875763185,1.10030305972913,17,"reactome","Inhbb; Acvr1c; Inha; Drap1; Inhba; Foxh1; Acvr2a; Tgfbr3; Fst","thymus","MHU-2","GLDS-289","Stat_(MHU-1 & Space Flight & uG)v(MHU-1 & Ground Control & 1G on Earth)",1,"flight_positive"
"REACTOME_SIGNALING_BY_ALK",0.410958904109589,0.503424657534247,0.0886261133285098,0.321107545724532,1.03508385060443,27,"reactome","Myc; Src; Jak3; Cd274; Mdk; Ptprz1; Il2rg; Pik3r1; Pik3cb; Pik3r2; Irs1","thymus","MHU-2","GLDS-289","Stat_(MHU-1 & Space Flight & uG)v(MHU-1 & Ground Control & 1G on Earth)",1,"flight_positive"
"REACTOME_SIGNALING_BY_ALK_IN_CANCER",0.366141732283465,0.462720735523534,0.0956031492204301,0.257602738434876,1.05245140740663,89,"reactome","Fn1; Bcl11a; Vcl; Ago4; Il10ra; Grb2; Jun; Rrbp1; Bcl2a1a; Sec31a; Ubc; Hip1; Stat1; Gzmb; Mov10; Cdkn1a; Irf4; Tyk2; Rnf213; Lmo7; Npm1; Pik3r1; Il10","thymus","MHU-2","GLDS-289","Stat_(MHU-1 & Space Flight & uG)v(MHU-1 & Ground Control & 1G on Earth)",1,"flight_positive"
"REACTOME_SIGNALING_BY_BMP",0.0610285220003031,0.113624778439252,0.321775918075361,0.440174485076183,1.45171415686019,29,"reactome","Bmpr2; Zfyve16; Smad7; Smad6; Acvrl1; Chrdl1; Inha; Bmpr1a; Ski; Inhba; Fstl1; Acvr2a; Smad1; Tgfbr3; Bmp2","thymus","MHU-2","GLDS-289","Stat_(MHU-1 & Space Flight & uG)v(MHU-1 & Ground Control & 1G on Earth)",1,"flight_positive"
"REACTOME_SIGNALING_BY_BRAF_AND_RAF1_FUSIONS",0.285996055226824,0.389181548224383,0.11101149245045,0.281428326308798,1.09557154347442,65,"reactome","Fn1; Vcl; Src; Esrp1; Itgb3; Ksr2; Bcl2l11; Arrb2; Lmna; Jak2; Vwf; Cnksr1; Camk2b; Kdm7a; Papss1","thymus","MHU-2","GLDS-289","Stat_(MHU-1 & Space Flight & uG)v(MHU-1 & Ground Control & 1G on Earth)",1,"flight_positive"
"REACTOME_SIGNALING_BY_CSF1_M_CSF_IN_MYELOID_CELLS",0.0351875822000701,0.0703751644001403,0.321775918075361,0.471882697502481,1.57360490090509,30,"reactome","Csf1; Src; Csf1r; Grb2; Plcg2; Gab2; Il34; Lyn; Yes1; Inppl1; Hck; Ubc; Stat1; Fyn","thymus","MHU-2","GLDS-289","Stat_(MHU-1 & Space Flight & uG)v(MHU-1 & Ground Control & 1G on Earth)",1,"flight_positive"
"REACTOME_SIGNALING_BY_CSF3_G_CSF",0.349593495934959,0.44651870689323,0.10027910675413,-0.336529043148512,-1.08061155759281,29,"reactome","Socs1; Ubb; Uba52; Stat5b; Ptpn11; Rnf7; Ube2d3; Kras; Eloc","thymus","MHU-2","GLDS-289","Stat_(MHU-1 & Space Flight & uG)v(MHU-1 & Ground Control & 1G on Earth)",1,"flight_positive"
"REACTOME_SIGNALING_BY_CTNNB1_PHOSPHO_SITE_MUTANTS",6.42573616490644e-05,0.000257507196496994,0.538434096309916,-0.769874800649993,-2.10146864424163,15,"reactome","Ppp2r5c; Ppp2r5a; Ppp2r5d; Ppp2r5e; Ctnnb1; Ppp2ca; Amer1; Ppp2r1b; Csnk1a1; Axin1","thymus","MHU-2","GLDS-289","Stat_(MHU-1 & Space Flight & uG)v(MHU-1 & Ground Control & 1G on Earth)",1,"flight_positive"
"REACTOME_SIGNALING_BY_CYTOSOLIC_FGFR1_FUSION_MUTANTS",0.489021956087824,0.576564480912805,0.0802023444698144,-0.336669847710284,-0.963695958266481,18,"reactome","Cux1; Cep43; Stat5b; Trim24; Fgfr1op2; Myo18a; Stat5a","thymus","MHU-2","GLDS-289","Stat_(MHU-1 & Space Flight & uG)v(MHU-1 & Ground Control & 1G on Earth)",1,"flight_positive"
"REACTOME_SIGNALING_BY_EGFR",0.0511247443762781,0.0989451964768901,0.287857117255149,-0.377792705408148,-1.38460590620048,52,"reactome","Cbl; Ubb; Adam12; Fam83d; Uba52; Sh3kbp1; Nras; Ptpn11; Cdc42; Stam2; Stam; Sh3gl3; Kras; Adam17","thymus","MHU-2","GLDS-289","Stat_(MHU-1 & Space Flight & uG)v(MHU-1 & Ground Control & 1G on Earth)",1,"flight_positive"
"REACTOME_SIGNALING_BY_EGFR_IN_CANCER",0.22680412371134,0.327302336493741,0.130105630751129,-0.388478151240474,-1.20681675261986,25,"reactome","Cbl; Ubb; Uba52; Nras; Cdc37; Kras","thymus","MHU-2","GLDS-289","Stat_(MHU-1 & Space Flight & uG)v(MHU-1 & Ground Control & 1G on Earth)",1,"flight_positive"
"REACTOME_SIGNALING_BY_ERBB2",0.407045009784736,0.500300432263735,0.0891647117820678,0.282781196597951,1.02721883750434,48,"reactome","Src; Erbb2; Grb2; Yes1; Ubc; Grb7; Fyn; Matk; Erbb3; Prkcd; Pik3r1; Nrg4; Gab1; Egf; Btc; Usp8; Nrg1; Egfr; Shc1; Hbegf; Erbin; Prkca; Akt3; Stub1; Prkce","thymus","MHU-2","GLDS-289","Stat_(MHU-1 & Space Flight & uG)v(MHU-1 & Ground Control & 1G on Earth)",1,"flight_positive"
"REACTOME_SIGNALING_BY_ERBB2_ECD_MUTANTS",0.632936507936508,0.701960448102423,0.0667426134241917,0.317805371512409,0.887845061196869,16,"reactome","Erbb2; Grb2; Pik3r1; Gab1; Egf; Egfr; Shc1; Erbin","thymus","MHU-2","GLDS-289","Stat_(MHU-1 & Space Flight & uG)v(MHU-1 & Ground Control & 1G on Earth)",1,"flight_positive"
"REACTOME_SIGNALING_BY_ERBB2_IN_CANCER",0.239685658153242,0.341322509232754,0.122679189568808,0.375727541664454,1.1738870717772,24,"reactome","Erbb2; Grb2; Erbb3; Pik3r1; Nrg4; Gab1; Egf; Btc; Nrg1; Egfr; Shc1; Hbegf; Erbin","thymus","MHU-2","GLDS-289","Stat_(MHU-1 & Space Flight & uG)v(MHU-1 & Ground Control & 1G on Earth)",1,"flight_positive"
"REACTOME_SIGNALING_BY_ERBB4",0.108986615678776,0.183287943372419,0.186432558434075,0.336300875067428,1.25946558731885,53,"reactome","Apoe; Csn2; Src; Pgr; Cxcl12; Grb2; Adap1; Yap1; Psen2; Ubc; Erbb3; Sparc; Pik3r1; Nrg4; Egf; Psenen; Gfap; Btc","thymus","MHU-2","GLDS-289","Stat_(MHU-1 & Space Flight & uG)v(MHU-1 & Ground Control & 1G on Earth)",1,"flight_positive"
"REACTOME_SIGNALING_BY_ERYTHROPOIETIN",0.49290060851927,0.579440410015019,0.0806388495950661,-0.313614165266136,-0.963923793621105,24,"reactome","Pik3cg; Vav1; Crkl; Nras; Stat5b; Rapgef1; Kras","thymus","MHU-2","GLDS-289","Stat_(MHU-1 & Space Flight & uG)v(MHU-1 & Ground Control & 1G on Earth)",1,"flight_positive"
"REACTOME_SIGNALING_BY_FGFR",0.329317269076305,0.429267250379996,0.103197466945307,-0.268319909230646,-1.06073085982693,79,"reactome","Cbl; Ubb; Polr2c; Uba52; Ncbp1; Nras; Ppp2ca; Ptpn11; Flrt1; Ptbp1; Gtf2f2; Hnrnpf; Hnrnph1; Polr2a; Kras","thymus","MHU-2","GLDS-289","Stat_(MHU-1 & Space Flight & uG)v(MHU-1 & Ground Control & 1G on Earth)",1,"flight_positive"
"REACTOME_SIGNALING_BY_FGFR1",0.24435318275154,0.345685998695748,0.124434168630393,-0.322095186050542,-1.13579233056944,44,"reactome","Cbl; Ubb; Uba52; Nras; Ppp2ca; Ptpn11; Flrt1","thymus","MHU-2","GLDS-289","Stat_(MHU-1 & Space Flight & uG)v(MHU-1 & Ground Control & 1G on Earth)",1,"flight_positive"
"REACTOME_SIGNALING_BY_FGFR1_IN_DISEASE",0.434869739478958,0.525548855558651,0.086794975677172,-0.298939710178981,-0.998435697925929,33,"reactome","Cux1; Cep43; Nras; Stat5b; Bag4; Kras; Trim24; Fgfr1op2; Myo18a; Frs2; Stat5a; Plcg1","thymus","MHU-2","GLDS-289","Stat_(MHU-1 & Space Flight & uG)v(MHU-1 & Ground Control & 1G on Earth)",1,"flight_positive"
"REACTOME_SIGNALING_BY_FGFR2",0.266666666666667,0.370924731182796,0.117249716749792,-0.292293462984575,-1.1125513473173,65,"reactome","Cbl; Ubb; Polr2c; Uba52; Ncbp1; Nras; Ppp2ca; Ptpn11; Ptbp1; Gtf2f2; Hnrnpf; Hnrnph1; Polr2a; Kras","thymus","MHU-2","GLDS-289","Stat_(MHU-1 & Space Flight & uG)v(MHU-1 & Ground Control & 1G on Earth)",1,"flight_positive"
"REACTOME_SIGNALING_BY_FGFR2_IIIA_TM",0.364,0.46109518213866,0.096887770327544,-0.357313937527911,-1.04386421885466,19,"reactome","Polr2c; Ncbp1; Gtf2f2; Polr2a; Polr2d; Polr2b; Polr2f","thymus","MHU-2","GLDS-289","Stat_(MHU-1 & Space Flight & uG)v(MHU-1 & Ground Control & 1G on Earth)",1,"flight_positive"
"REACTOME_SIGNALING_BY_FGFR2_IN_DISEASE",0.659919028340081,0.723695536674066,0.0656813601934011,-0.260520115184587,-0.889849895953959,36,"reactome","Polr2c; Ncbp1; Nras; Gtf2f2; Polr2a; Kras; Polr2d; Polr2b; Frs2; Fgf10; Plcg1; Polr2f","thymus","MHU-2","GLDS-289","Stat_(MHU-1 & Space Flight & uG)v(MHU-1 & Ground Control & 1G on Earth)",1,"flight_positive"
"REACTOME_SIGNALING_BY_FGFR3",0.20281124497992,0.301559340811522,0.136490437780413,-0.35153993430389,-1.19463274232157,35,"reactome","Cbl; Ubb; Uba52; Nras; Ppp2ca; Ptpn11","thymus","MHU-2","GLDS-289","Stat_(MHU-1 & Space Flight & uG)v(MHU-1 & Ground Control & 1G on Earth)",1,"flight_positive"
"REACTOME_SIGNALING_BY_FGFR4",0.182730923694779,0.276183644189383,0.144630528034484,-0.357651187019807,-1.2154005182657,35,"reactome","Cbl; Ubb; Uba52; Nras; Ppp2ca; Ptpn11","thymus","MHU-2","GLDS-289","Stat_(MHU-1 & Space Flight & uG)v(MHU-1 & Ground Control & 1G on Earth)",1,"flight_positive"
"REACTOME_SIGNALING_BY_FGFR_IN_DISEASE",0.215605749486653,0.314993382491964,0.133554954557592,-0.308380958249003,-1.15019382839727,56,"reactome","Cux1; Cep43; Polr2c; Ncbp1; Nras; Stat5b; Bag4; Gtf2f2; Polr2a; Kras; Polr2d; Trim24; Fgfr1op2; Myo18a; Polr2b; Frs2; Stat5a; Fgf10; Plcg1; Polr2f","thymus","MHU-2","GLDS-289","Stat_(MHU-1 & Space Flight & uG)v(MHU-1 & Ground Control & 1G on Earth)",1,"flight_positive"
"REACTOME_SIGNALING_BY_FLT3_FUSION_PROTEINS",0.51195219123506,0.59663185097448,0.0776798560117236,0.333713424732558,0.975393167761651,19,"reactome","Etv6; Grb2; Gab2; Cdkn1a; Pik3r1; Golgb1; Sptbn1","thymus","MHU-2","GLDS-289","Stat_(MHU-1 & Space Flight & uG)v(MHU-1 & Ground Control & 1G on Earth)",1,"flight_positive"
"REACTOME_SIGNALING_BY_FLT3_ITD_AND_TKD_MUTANTS",0.524096385542169,0.606848446417248,0.0768736734126542,-0.338570637768023,-0.937583632532069,16,"reactome","Bcl2l1; Nras; Stat5b; Ptpn11","thymus","MHU-2","GLDS-289","Stat_(MHU-1 & Space Flight & uG)v(MHU-1 & Ground Control & 1G on Earth)",1,"flight_positive"
"REACTOME_SIGNALING_BY_HEDGEHOG",0.00118389261739706,0.00346803326509248,0.45505986738723,-0.373451876214931,-1.61308360194119,131,"reactome","Tuba1b; Tubb4b; Tubb2a; Ubb; Tubb2b; Psmd8; Prkacb; Tuba1c; Tuba1a; Psmc1; Ptch1; Uba52; Prkar1a; Sel1l; Psmb7; Psmd13; Psmb1; Itch; Grk2; Psma1; Psmb5; Efcab7; Spopl; Psmd6; Psmc3; Ift57; Rbx1; Vcp; Psmd11; Psmb4; Adam17; Psmb3; Csnk1a1; Derl2; Psmb6; Rpgrip1l; Psma7; Psmc6; Psmc4; Smo; Psmc2; Psma2; Cul3; Ift88; Psmd3; Cdon","thymus","MHU-2","GLDS-289","Stat_(MHU-1 & Space Flight & uG)v(MHU-1 & Ground Control & 1G on Earth)",1,"flight_positive"
"REACTOME_SIGNALING_BY_HIPPO",0.151209677419355,0.236924465491373,0.160801401070022,0.426366614960845,1.25112072075982,20,"reactome","Amotl1; Tjp1; Tjp2; Yap1; Wwtr1; Wwc1; Lats2; Amot; Stk3","thymus","MHU-2","GLDS-289","Stat_(MHU-1 & Space Flight & uG)v(MHU-1 & Ground Control & 1G on Earth)",1,"flight_positive"
"REACTOME_SIGNALING_BY_INSULIN_RECEPTOR",0.444444444444444,0.53353130413264,0.0840745577910723,0.254702665569235,1.00379994556701,71,"reactome","Atp6v0a1; Flt3; Grb2; Irs2; Gab2; Flt3l; Atp6v0d2; Fgf7; Fgfr2; Fgf1; Tlr9; Atp6v0b; Fgfr1; Pik3r1; Gab1; Grb10; Kl; Atp6v0e2; Pik3cb; Atp6v0a4; Pik3r2; Irs1","thymus","MHU-2","GLDS-289","Stat_(MHU-1 & Space Flight & uG)v(MHU-1 & Ground Control & 1G on Earth)",1,"flight_positive"
"REACTOME_SIGNALING_BY_INTERLEUKINS",0.00373254305880453,0.00958019385093162,0.431707695803346,0.274285438719819,1.36242226827811,424,"reactome","Il7r; Lifr; Ptpn13; Il2ra; Il15ra; Anxa1; Csf2rb2; Ccl5; Bcl2; Ccl11; Il2rb; Ighg2b; Nos2; App; Fn1; Osmr; Vcam1; Csf1; Fscn1; S1pr1; Myc; Icam1; Ighe; Il10ra; Csf1r; Jak3; Grb2; Irs2; Cish; Blnk; Casp1; Irak1; Il6ra; Oprd1; Gab2; Tnip2; Ccl22; Jun; Psme2; Sdc1; Mef2c; Il34; Il1rn; Cd80; Nod1; Il1r1; Lyn; Yes1; Mapk11; Inppl1; Hck; Mapkapk3; Itgax; Ccl19; Rhou; Hnrnpdl; Nfkb1; Ebi3; Ubc; Csf2; Mmp2; Il13ra1; Il17rb; Il18bp; Stat1; Ptk2b; Ptprz1; Canx; Ighg2c; Muc1; Nlrc5; Clcf1; Fyn; Il12rb2; Il1a; Cdkn1a; Socs3; Jak2; Stx4a; Il7; Alox15; Irf4; Alpk1; Timp1; Ptgs2; Vamp2; Tyk2; Aip; Lama5; Cxcl3; Nfkb2; Elk1; Havcr2; Irak3; Osm; Usp18; Tec; Saa2; Stat4; Rora; Ifng; Il2rg; Cxcl2; Fcer2a; Socs2; Hnrnpa2b1; Fasl; Tslp; Stx3; Hsp90b1; Cnn2; Serpinb2; Cd86; Gsto1; Tifa; Il18r1; Gsdmd; Pik3r1","thymus","MHU-2","GLDS-289","Stat_(MHU-1 & Space Flight & uG)v(MHU-1 & Ground Control & 1G on Earth)",1,"flight_positive"
"REACTOME_SIGNALING_BY_KIT_IN_DISEASE",0.209677419354839,0.308771929824561,0.134273452883202,0.405354679818565,1.18946376517904,20,"reactome","Src; Grb2; Lyn; Yes1; Stat1; Fyn; Jak2","thymus","MHU-2","GLDS-289","Stat_(MHU-1 & Space Flight & uG)v(MHU-1 & Ground Control & 1G on Earth)",1,"flight_positive"
"REACTOME_SIGNALING_BY_MET",0.150197628458498,0.236369406537607,0.159646701919906,0.300688166430588,1.19654993526221,78,"reactome","Tns3; Lama3; Fn1; Tns4; Lamb1; Src; Itga3; Grb2; Spint1; Lamb3; Col2a1; Ubc; Col5a2; Col27a1; Lama2; Lama5; Lamc2; Pik3r1; Gab1; Rab4a; Dock7","thymus","MHU-2","GLDS-289","Stat_(MHU-1 & Space Flight & uG)v(MHU-1 & Ground Control & 1G on Earth)",1,"flight_positive"
"REACTOME_SIGNALING_BY_MODERATE_KINASE_ACTIVITY_BRAF_MUTANTS",0.316221765913758,0.418266335773044,0.107140237276725,-0.310642833869126,-1.0954083250395,44,"reactome","Raf1; Calm1; Nras; Iqgap1; Actb; Tln1; Ywhab; Mark3; Map3k11; Actg1; Brap; Kras","thymus","MHU-2","GLDS-289","Stat_(MHU-1 & Space Flight & uG)v(MHU-1 & Ground Control & 1G on Earth)",1,"flight_positive"
"REACTOME_SIGNALING_BY_NODAL",0.7734375,0.824693991097923,0.0564118388217596,0.279526002106865,0.793042810111594,17,"reactome","Lefty2; Acvr1c; Pcsk6; Drap1; Foxh1; Acvr2a; Dand5","thymus","MHU-2","GLDS-289","Stat_(MHU-1 & Space Flight & uG)v(MHU-1 & Ground Control & 1G on Earth)",1,"flight_positive"
"REACTOME_SIGNALING_BY_NOTCH",1.07673644152829e-10,1.05520171269772e-09,0.839088935621274,-0.46433966504194,-2.1598832094531,209,"reactome","H2ac13; H3f3a; H2ac10; H3c10; H2bc18; H2ac4; H3c7; H3c2; Ubb; H3c11; H3c8; H2bc4; H4c4; H3c15; Psmd8; H3c1; H4c6; Neurl1b; H3c4; Hdac1; H2bc21; H2ac19; Ywhaz; Wwp2; H2ac20; H4c16; H4c1; Ep300; Psmc1; H3c3; Uba52; H2bc8; H4c14; Tacc3; H4c12; Sel1l; H4c2; H4c3; Psmb7; H2ax; H2bc3; H4c17; H2bc7; Psmd13; H4c11; Psmb1; Plxnd1; Itch; Dlgap5; Tfdp1; H2bc14; Atp2a1; Psma1; H2bc6; Atp2a3; Tnrc6c; Psmb5; Ccnc; Psmd6; H2ac18; H4c18; H4c8; Psmc3; Creb1; Akt1; Smad3; Rbx1; H3f3b; Psmd11; Psmb4; Adam17; H2ac7; Kat2b; Psmb3; Hdac8; Tmed2; E2f1; Hdac2","thymus","MHU-2","GLDS-289","Stat_(MHU-1 & Space Flight & uG)v(MHU-1 & Ground Control & 1G on Earth)",1,"flight_positive"
"REACTOME_SIGNALING_BY_NOTCH1",0.0797665369649805,0.140503802039623,0.222056046145248,0.32427686706172,1.28279267681597,74,"reactome","Dtx1; Ncor2; Myc; Maml2; Nbea; Jag2; Maml3; Arrb2; Psen2; Kat2a; Ubc; Tle2; Hey1; Jag1; Hdac5; Heyl; Dtx4; Numb; Hdac4; Mamld1; Hes1","thymus","MHU-2","GLDS-289","Stat_(MHU-1 & Space Flight & uG)v(MHU-1 & Ground Control & 1G on Earth)",1,"flight_positive"
"REACTOME_SIGNALING_BY_NOTCH1_HD_DOMAIN_MUTANTS_IN_CANCER",0.236842105263158,0.339064793457748,0.12563992130984,-0.442362113081307,-1.20748218964432,15,"reactome","Ubb; Neurl1b; Uba52","thymus","MHU-2","GLDS-289","Stat_(MHU-1 & Space Flight & uG)v(MHU-1 & Ground Control & 1G on Earth)",1,"flight_positive"
"REACTOME_SIGNALING_BY_NOTCH1_PEST_DOMAIN_MUTANTS_IN_CANCER",0.462745098039216,0.549382396130258,0.0822054920415869,0.258796952425141,0.987197379264461,59,"reactome","Ncor2; Myc; Maml2; Jag2; Maml3; Psen2; Kat2a; Ubc; Hey1; Jag1; Hdac5; Heyl; Hdac4; Mamld1; Hes1","thymus","MHU-2","GLDS-289","Stat_(MHU-1 & Space Flight & uG)v(MHU-1 & Ground Control & 1G on Earth)",1,"flight_positive"
"REACTOME_SIGNALING_BY_NOTCH2",0.317460317460317,0.419244084643814,0.104732821580651,0.321719426923649,1.09656472527801,34,"reactome","Maml2; Jag2; Maml3; Mdk; Psen2; Ubc; Gzmb; Jag1; Mamld1; Fcer2a; Hes1; Psenen; Hes5; Rbpj; Aph1a; Aph1b; Notch2","thymus","MHU-2","GLDS-289","Stat_(MHU-1 & Space Flight & uG)v(MHU-1 & Ground Control & 1G on Earth)",1,"flight_positive"
"REACTOME_SIGNALING_BY_NOTCH3",0.40748031496063,0.500300432263735,0.0894366833718621,0.281294390453399,1.02813947436129,50,"reactome","Pbx1; Maml2; Jag2; Maml3; Psen2; Kat2a; Ubc; Hey1; Stat1; Jag1; Wwc1; Heyl; Mamld1; Hes1; Egf; Psenen; Hey2; Hes5; Ybx1; Rbpj; Aph1a; Egfr; Aph1b","thymus","MHU-2","GLDS-289","Stat_(MHU-1 & Space Flight & uG)v(MHU-1 & Ground Control & 1G on Earth)",1,"flight_positive"
"REACTOME_SIGNALING_BY_NOTCH4",0.00721997564963157,0.0175295805187001,0.407017918923954,-0.399152363575874,-1.55264576616056,73,"reactome","Ubb; Psmd8; Ywhaz; Ep300; Psmc1; Uba52; Tacc3; Psmb7; Psmd13; Psmb1; Psma1; Psmb5; Psmd6; Psmc3; Akt1; Smad3; Rbx1; Psmd11; Psmb4; Kat2b; Psmb3; Psmb6; Psma7; Psmc6; Snw1; Psmc4; Psmc2; Psma2","thymus","MHU-2","GLDS-289","Stat_(MHU-1 & Space Flight & uG)v(MHU-1 & Ground Control & 1G on Earth)",1,"flight_positive"
"REACTOME_SIGNALING_BY_NTRK2_TRKB",0.210216110019646,0.308771929824561,0.132147260608774,0.38871607077982,1.21446718560752,24,"reactome","Src; Grb2; Fyn; Cdk5; Ntrk2; Tiam1; Ntf5; Pik3r1; Gab1","thymus","MHU-2","GLDS-289","Stat_(MHU-1 & Space Flight & uG)v(MHU-1 & Ground Control & 1G on Earth)",1,"flight_positive"
"REACTOME_SIGNALING_BY_NTRK3_TRKC",0.641732283464567,0.710254005723617,0.0656813601934011,0.316274649535748,0.869967206547205,15,"reactome","Src; Grb2; Pik3r1; Irs1; Bax; Shc1","thymus","MHU-2","GLDS-289","Stat_(MHU-1 & Space Flight & uG)v(MHU-1 & Ground Control & 1G on Earth)",1,"flight_positive"
"REACTOME_SIGNALING_BY_NTRKS",0.588486140724947,0.660820895522388,0.0739901439101341,-0.2211512660667,-0.946653593232483,128,"reactome","Ap2b1; Ppp2r5d; Tcf12; Crkl; Ep300; Atf1; Nras; Crk; Ppp2ca; Ptpn11; Ywhab; Rhoa; Ap2s1; Arc; Jund; Creb1; Cltc; Mef2a; Rapgef1; Ap2m1; Sh3gl3; Kras; Ppp2r1b","thymus","MHU-2","GLDS-289","Stat_(MHU-1 & Space Flight & uG)v(MHU-1 & Ground Control & 1G on Earth)",1,"flight_positive"
"REACTOME_SIGNALING_BY_NUCLEAR_RECEPTORS",7.11319092672074e-09,5.80910592348861e-08,0.761460801445585,-0.408505943771072,-1.95944725246753,267,"reactome","H2ac13; H3f3a; H2ac10; Kpna2; H3c10; H2bc18; H2ac4; H3c7; H3c2; H3c11; H3c8; Dhrs3; H2bc4; H4c4; H3c15; H3c1; Rdh11; H4c6; H3c4; Med1; Hdac1; H2bc21; H2ac19; Myb; Pdha1; H2ac20; H4c16; Pdhb; H4c1; Ep300; Kdm3a; Polr2c; Rad21; H3c3; H2bc8; Calm1; Chd1; H4c14; Cdkn1b; H4c12; H4c2; H4c3; Kdm4a; Nras; H2ax; H2bc3; H4c17; H2bc7; Sp1; Gnai3; H4c11; Tbp; H2bc14; H2bc6; Usf1; Xpo1; Tnrc6c; H2ac18; H4c18; H4c8; Prmt1; Jund; Creb1; Akt1; Gtf2f2; Scd2; H3f3b; Pdk3; Foxo3; Cbfb; Gnb1; Gng10; Fasn; Nr1h2; Polr2a; Kras; H2ac7; Kat2b; Ccnt1; Kdm4b","thymus","MHU-2","GLDS-289","Stat_(MHU-1 & Space Flight & uG)v(MHU-1 & Ground Control & 1G on Earth)",1,"flight_positive"
"REACTOME_SIGNALING_BY_PDGF",0.00363870652477183,0.00936163635728887,0.431707695803346,0.431986772942281,1.64486008180951,58,"reactome","Col4a1; Col6a2; Col6a1; Col4a2; Src; Grb2; Thbs3; Col6a3; Col2a1; Pdgfc; Thbs2; Grb7; Col5a2; Col6a5; Col4a5; Stat1; Bcar1; Pdgfrb; Col4a4; Pdgfb; Pik3r1; Thbs1; Pdgfd","thymus","MHU-2","GLDS-289","Stat_(MHU-1 & Space Flight & uG)v(MHU-1 & Ground Control & 1G on Earth)",1,"flight_positive"
"REACTOME_SIGNALING_BY_PDGFR_IN_DISEASE",0.129032258064516,0.210433849006881,0.175204047558551,0.442256402721264,1.29774736088116,20,"reactome","Etv6; Grb2; Stat1; Pik3r1; Kank1; Pdgfra; Golga4; Pik3cb; Kdr; Pik3r2","thymus","MHU-2","GLDS-289","Stat_(MHU-1 & Space Flight & uG)v(MHU-1 & Ground Control & 1G on Earth)",1,"flight_positive"
"REACTOME_SIGNALING_BY_PTK6",0.0797546012269939,0.140503802039623,0.227987202850442,-0.361643173461866,-1.32541805795699,52,"reactome","Cbl; Ubb; Cdk2; Khdrbs1; Uba52; Cdkn1b; Nras; Crk; Cdk4; Elmo1; Elmo2; Rhoa; Akt1","thymus","MHU-2","GLDS-289","Stat_(MHU-1 & Space Flight & uG)v(MHU-1 & Ground Control & 1G on Earth)",1,"flight_positive"
"REACTOME_SIGNALING_BY_RETINOIC_ACID",0.362348178137652,0.459542748273398,0.0978773277424561,-0.307077475287106,-1.04887432296899,36,"reactome","Dhrs3; Rdh11; Pdha1; Pdhb","thymus","MHU-2","GLDS-289","Stat_(MHU-1 & Space Flight & uG)v(MHU-1 & Ground Control & 1G on Earth)",1,"flight_positive"
"REACTOME_SIGNALING_BY_ROBO_RECEPTORS",1.13455798979599e-07,7.89066782580693e-07,0.704975715167238,-0.427433531753314,-1.96782712930892,189,"reactome","Ntn1; Rplp0; Rps5; Rpl7; Ubb; Nck2; Cxcr4; Psmd8; Clasp1; Prkacb; Rpl35; Psmc1; Uba52; Rpl28; Slit3; Rps4x; Ncbp1; Rps3a1; Rpl26; Psmb7; Rpl7a; Psmd13; Rpl18a; Psmb1; Rpl17; Abl1; Cdc42; Psma1; Rpl13a; Rps16; Rps7; Psmb5; Rpl10; Rps11; Rhoa; Nck1; Psmd6; Rpl4; Psmc3; Rpl6; Rpl19; Rbx1; Rps15a; Rps3; Rpl15; Rpl29; Clasp2; Psmd11; Rps10; Psmb4; Magoh; Psmb3; Pabpc1; Rpsa; Cul2; Eloc; Psmb6; Fau; Psma7; Nrp1; Rpl32; Psmc6; Psmc4; Rpl18; Rpl21; Rps24; Ppp3cb; Psmc2; Psma2; Rac1; Pfn1; Rpl3","thymus","MHU-2","GLDS-289","Stat_(MHU-1 & Space Flight & uG)v(MHU-1 & Ground Control & 1G on Earth)",1,"flight_positive"
"REACTOME_SIGNALING_BY_SCF_KIT",0.285420944558522,0.389181548224383,0.11378726182188,-0.316880576522086,-1.11558096786136,43,"reactome","Cbl; Socs1; Lck; Vav1; Nras; Stat5b; Ptpn11; Grap2","thymus","MHU-2","GLDS-289","Stat_(MHU-1 & Space Flight & uG)v(MHU-1 & Ground Control & 1G on Earth)",1,"flight_positive"
"REACTOME_SIGNALING_BY_TGFBR3",0.258252427184466,0.361482795547719,0.116739204791222,0.315273415965741,1.12872984702892,44,"reactome","Rxra; Mmp14; Ago4; Timp2; Tgfb2; Arrb2; Psen2; Inha; Mov10; Timp1; Psenen; Inhba; Myog; Tcf4; Tgfb1; Acvr2a; Tgfbr3; Aph1a; Tgfbr2; Aph1b","thymus","MHU-2","GLDS-289","Stat_(MHU-1 & Space Flight & uG)v(MHU-1 & Ground Control & 1G on Earth)",1,"flight_positive"
"REACTOME_SIGNALING_BY_TGFB_FAMILY_MEMBERS",0.00101770887687839,0.00303063582672624,0.45505986738723,0.348053380539043,1.54569824233259,152,"reactome","Cgn; Ltbp3; Rxra; Ncor2; Bmpr2; Mmp14; Myc; Ago4; Ltbp2; Timp2; Pmepa1; Zfyve16; Ltbp1; Itgb3; Smad7; Skil; Tgfb3; Inhbb; Itgb5; Tgfb2; Smad6; Arrb2; Acvrl1; Ltbp4; Psen2; Pard3; Ubc; Chrdl1; F11r; Stat1; Acvr1c; Cdkn2b; Inha; Wwtr1; Mov10; Ppp1r15a; Bmpr1a; Timp1; Itgb8","thymus","MHU-2","GLDS-289","Stat_(MHU-1 & Space Flight & uG)v(MHU-1 & Ground Control & 1G on Earth)",1,"flight_positive"
"REACTOME_SIGNALING_BY_TGF_BETA_RECEPTOR_COMPLEX",0.0767716535433071,0.137474821461271,0.227987202850442,0.311484858873542,1.27538142943462,92,"reactome","Cgn; Ltbp3; Ncor2; Myc; Ltbp2; Pmepa1; Ltbp1; Itgb3; Smad7; Skil; Tgfb3; Itgb5; Tgfb2; Ltbp4; Pard3; Ubc; F11r; Stat1; Cdkn2b; Wwtr1; Ppp1r15a; Itgb8","thymus","MHU-2","GLDS-289","Stat_(MHU-1 & Space Flight & uG)v(MHU-1 & Ground Control & 1G on Earth)",1,"flight_positive"
"REACTOME_SIGNALING_BY_THE_B_CELL_RECEPTOR_BCR",0.0031028252801118,0.00817810672850982,0.431707695803346,-0.357301489278984,-1.53422507329295,125,"reactome","Itpr2; Nfatc3; Rasgrp1; Ubb; Prkcb; Psmd8; Orai2; Vav1; Psmc1; Uba52; Calm1; Sh3kbp1; Psmb7; Nras; Psmd13; Fkbp1a; Igkv8-21; Psmb1; Bcl10; Psma1; Psmb5; Nck1; Psmd6; Itpr3; Psmc3; Fbxw11; Itpr1; Psmd11; Ikbkg; Kras; Psmb4; Psmb3; Map3k7; Psmb6; Psma7; Stim1; Psmc6; Psmc4; Ppp3cb; Psmc2; Psma2; Dapp1; Psmd3; Cd79b; Card11; Ppp3r1; Nfkbia; Ppia","thymus","MHU-2","GLDS-289","Stat_(MHU-1 & Space Flight & uG)v(MHU-1 & Ground Control & 1G on Earth)",1,"flight_positive"
"REACTOME_SIGNALING_BY_TYPE_1_INSULIN_LIKE_GROWTH_FACTOR_1_RECEPTOR_IGF1R",0.0505046014672156,0.0980740699269378,0.321775918075361,0.391501869549792,1.41080511093241,45,"reactome","Flt3; Grb2; Irs2; Gab2; Igf1; Flt3l; Cilp; Fgf7; Fgfr2; Fgf1; Tlr9; Fgfr1; Igf1r; Igf2; Pik3r1; Gab1","thymus","MHU-2","GLDS-289","Stat_(MHU-1 & Space Flight & uG)v(MHU-1 & Ground Control & 1G on Earth)",1,"flight_positive"
"REACTOME_SIGNALING_BY_VEGF",0.203781512605042,0.302319680559822,0.139599673451922,-0.267957212353096,-1.1184016474357,105,"reactome","Itpr2; Nck2; Prkcb; Prkacb; Nckap1l; Vav1; Calm1; Nras; Them4; Ctnnb1; Crk; Actb; Cdc42; Cyfip2; Elmo1; Elmo2; Rhoa; Nck1; Itpr3; Akt1; Abi1; Rictor; Itpr1; Actg1; Sh2d2a; Kras","thymus","MHU-2","GLDS-289","Stat_(MHU-1 & Space Flight & uG)v(MHU-1 & Ground Control & 1G on Earth)",1,"flight_positive"
"REACTOME_SIGNALING_BY_WNT",8.32416179137843e-21,2.24336160277649e-19,1.1778932614942,-0.519976819169637,-2.51240544177127,284,"reactome","Ppp2r5c; Itpr2; H2ac13; Prickle1; H3f3a; H2ac10; H3c10; H2bc18; Ppp2r5a; H2ac4; H3c7; Ap2b1; Rac2; Ppp2r5d; H3c2; Ubb; H3c11; H3c8; H2bc4; H4c4; H3c15; Kremen1; Prkcb; Psmd8; H3c1; H4c6; H3c4; Hdac1; H2bc21; H2ac19; Ywhaz; Tle5; Ppp2r5e; H2ac20; H4c16; Sox4; H4c1; Tnks2; Ep300; Vps35; Psmc1; H3c3; Uba52; H2bc8; Calm1; H4c14; H4c12; H4c2; H4c3; Psmb7; H2ax; H2bc3; H4c17; H2bc7; Psmd13; H4c11; Psmb1; Ctnnb1; Tnks; Zranb1; Ppp2ca; Csnk2b; H2bc14; Psma1; H2bc6; Tcf7; Xpo1; Tnrc6c; Psmb5; Lrp5; Rhoa; Ap2s1; Psmd6; Itpr3; H2ac18; Amer1; H4c18; H4c8; Psmc3; Rbbp5; Xiap; Cltc; Akt1; Rbx1; Itpr1; H3f3b; Chd8; Ap2m1; Pde6a; Csnk1e; Men1; Gnb1; Gng10; Vangl2; Psmd11; Rspo1; Kras; Ppp2r1b; Psmb4; H2ac7; Psmb3; Wnt8b; Frat2; Csnk1a1; Map3k7; Ago2; Psmb6; Psma7; Rnf146; Znrf3; Ctbp1; Ash2l; Vps29; Psmc6; Gnb2; Pip5k1b; Psmc4; Smarca4; Gng2; Axin1; Tnrc6b; Ppp3cb; Psmc2; Psma2; Rac1","thymus","MHU-2","GLDS-289","Stat_(MHU-1 & Space Flight & uG)v(MHU-1 & Ground Control & 1G on Earth)",1,"flight_positive"
"REACTOME_SIGNALING_BY_WNT_IN_CANCER",0.00276399312475753,0.00745857966779906,0.431707695803346,-0.542850703030588,-1.79553135448841,32,"reactome","Ppp2r5c; Ppp2r5a; Ppp2r5d; Kremen1; Ppp2r5e; Tnks2; Ctnnb1; Tnks; Ppp2ca; Lrp5; Amer1; Ppp2r1b; Csnk1a1; Ctbp1; Axin1","thymus","MHU-2","GLDS-289","Stat_(MHU-1 & Space Flight & uG)v(MHU-1 & Ground Control & 1G on Earth)",1,"flight_positive"
"REACTOME_SIGNALLING_TO_ERKS",0.643286573146293,0.711244026514568,0.066436413766281,-0.266315847316885,-0.889474498805696,33,"reactome","Crkl; Nras; Crk; Ywhab; Rapgef1; Kras","thymus","MHU-2","GLDS-289","Stat_(MHU-1 & Space Flight & uG)v(MHU-1 & Ground Control & 1G on Earth)",1,"flight_positive"
"REACTOME_SIGNALLING_TO_RAS",0.131048387096774,0.212917242741458,0.173747838999571,0.441610242097399,1.29585128150466,20,"reactome","Src; Grb2; Mapk11; Mapkapk3; Mapk12; Mapkapk2; Shc1; Shc3; Mapk13","thymus","MHU-2","GLDS-289","Stat_(MHU-1 & Space Flight & uG)v(MHU-1 & Ground Control & 1G on Earth)",1,"flight_positive"
"REACTOME_SIGNAL_AMPLIFICATION",0.878350515463918,0.906087900162778,0.0530212512043078,-0.224570333128093,-0.727243073714884,30,"reactome","Gna13; Gnai3; Tbxa2r; Gnb1; Gng10; Gnb2; Gng2; Gna11; Gnai2; P2ry1; Mapk14","thymus","MHU-2","GLDS-289","Stat_(MHU-1 & Space Flight & uG)v(MHU-1 & Ground Control & 1G on Earth)",1,"flight_positive"
"REACTOME_SIGNAL_TRANSDUCTION_BY_L1",0.705645161290323,0.76144693080177,0.062249042949858,0.288923609791328,0.855489056187223,21,"reactome","Itgb3; L1cam; Itga9; Fgfr1","thymus","MHU-2","GLDS-289","Stat_(MHU-1 & Space Flight & uG)v(MHU-1 & Ground Control & 1G on Earth)",1,"flight_positive"
"REACTOME_SIRT1_NEGATIVELY_REGULATES_RRNA_EXPRESSION",3.8909036046628e-24,1.82364960253326e-22,1.27091304449619,-0.867262140339237,-3.1574120516383,50,"reactome","H2ac13; H3f3a; H2ac10; H3c10; H2bc18; H2ac4; H3c7; H3c2; H3c11; H3c8; H2bc4; H4c4; H3c15; H3c1; H4c6; H3c4; H2bc21; H2ac19; Suv39h1; H2ac20; H4c16; H4c1; H3c3; H2bc8; H4c14; H4c12; H4c2; H4c3; H2ax; H2bc3; H4c17; H2bc7; H4c11; Tbp; H2bc14; H2bc6; H2ac18; H4c18; H4c8","thymus","MHU-2","GLDS-289","Stat_(MHU-1 & Space Flight & uG)v(MHU-1 & Ground Control & 1G on Earth)",1,"flight_positive"
"REACTOME_SLC_MEDIATED_TRANSMEMBRANE_TRANSPORT",0.106854838709677,0.180265283457014,0.193813302725311,0.264263058435272,1.20849723544563,200,"reactome","Slco2a1; Slc4a4; Slc8a1; Apod; Slc1a3; Slc4a8; Slc6a7; Slc15a3; Slc11a1; Slc9a2; Slco2b1; Slc44a3; Mfsd4b1; Slc27a1; Slc12a2; Slc9a1; Slc1a4; Slc25a1; Cp; Slc3a2; Slc26a11; Slc50a1; Slc7a10; Slc4a9; Slc2a9; Slc26a9; Slc6a20a; Slc39a4; Fgf21; Slc6a2; Ahcyl2; Slc4a10; Slc24a4; Slc2a4; Slc7a5; Slc8b1; Slc45a3; Rhcg; Slc36a1; Slc14a1; Slc2a2; Slc41a2; Rhbg; Slc12a5; Slc40a1; Slc7a8","thymus","MHU-2","GLDS-289","Stat_(MHU-1 & Space Flight & uG)v(MHU-1 & Ground Control & 1G on Earth)",1,"flight_positive"
"REACTOME_SLC_TRANSPORTER_DISORDERS",0.105691056910569,0.178861788617886,0.195789002148949,-0.313317526384323,-1.25064624418875,84,"reactome","Slc16a1; Slc6a19; Nup188; Slc12a6; Nup62; Ndc1; Nup107; Nup205; Seh1l; Nup37; Sec13; Nup88; Nup160; Nup50; Slc3a1; Nup155; Slc17a5; Slc9a9","thymus","MHU-2","GLDS-289","Stat_(MHU-1 & Space Flight & uG)v(MHU-1 & Ground Control & 1G on Earth)",1,"flight_positive"
"REACTOME_SMAD2_SMAD3_SMAD4_HETEROTRIMER_REGULATES_TRANSCRIPTION",0.0728744939271255,0.132031436056204,0.237793834423688,-0.403087477555897,-1.37681249568509,36,"reactome","Ubb; Hdac1; Ep300; Uba52; Rbl1; Sp1; Tfdp1; Ccnc; Smad3; Men1; Ccnt1","thymus","MHU-2","GLDS-289","Stat_(MHU-1 & Space Flight & uG)v(MHU-1 & Ground Control & 1G on Earth)",1,"flight_positive"
"REACTOME_SMOOTH_MUSCLE_CONTRACTION",0.00283887984040474,0.00759382746391145,0.431707695803346,0.483428940136507,1.72753979713154,41,"reactome","Cald1; Cacna1h; Anxa1; Vcl; Mylk; Aldh2; Acta2; Itgb5; Dysf; Tpm2; Gucy1a2; Cacna1g; Itga1; Myh11","thymus","MHU-2","GLDS-289","Stat_(MHU-1 & Space Flight & uG)v(MHU-1 & Ground Control & 1G on Earth)",1,"flight_positive"
"REACTOME_SNRNP_ASSEMBLY",2.61801585634042e-06,1.3766932161634e-05,0.627256739718528,-0.595226861366617,-2.16702237780455,50,"reactome","Nup188; Ddx20; Nup62; Ndc1; Nup107; Ncbp1; Nup205; Phax; Gemin5; Snrpb; Seh1l; Nup37; Sec13; Nup88; Nup160; Nup50; Nup155; Rae1; Nup54; Nup43; Gemin6; Smn1; Snrpd2","thymus","MHU-2","GLDS-289","Stat_(MHU-1 & Space Flight & uG)v(MHU-1 & Ground Control & 1G on Earth)",1,"flight_positive"
"REACTOME_SOMITOGENESIS",0.000119412595531132,0.000443885441319175,0.538434096309916,-0.563561060183601,-1.98402186675136,43,"reactome","Psmd8; Psmc1; Psmb7; Psmd13; Psmb1; Ctnnb1; Psma1; Psmb5; Psmd6; Psmc3; Psmd11; Psmb4; Psmb3; Psmb6; Psma7; Psmc6; Psmc4; Psmc2; Psma2; Psmd3","thymus","MHU-2","GLDS-289","Stat_(MHU-1 & Space Flight & uG)v(MHU-1 & Ground Control & 1G on Earth)",1,"flight_positive"
"REACTOME_SPHINGOLIPID_DE_NOVO_BIOSYNTHESIS",0.097165991902834,0.167324184139385,0.204294756516886,-0.392166577897813,-1.33951034180886,36,"reactome","Cyb5b; Vapa; Prkd3; Prkd2; Cers6; Degs2; Cers2; Sptlc1; Ormdl2; Sptssb","thymus","MHU-2","GLDS-289","Stat_(MHU-1 & Space Flight & uG)v(MHU-1 & Ground Control & 1G on Earth)",1,"flight_positive"
"REACTOME_SPHINGOLIPID_METABOLISM",0.317738791423002,0.419244084643814,0.103576326612592,0.263329634569625,1.08400854016614,93,"reactome","B4galnt1; Hexb; Plpp3; Galc; St3gal2; Arsb; Sgms1; Glb1l; B4galt5; Gm2a; B4galt6; Prkd1; Cers4; Hexa; Plpp1; Gal3st1; Aldh3b1; Psap; Abcc1; Sgpl1; Mfsd2b; Acer2; Sgpp1; Asah1; Ctsa","thymus","MHU-2","GLDS-289","Stat_(MHU-1 & Space Flight & uG)v(MHU-1 & Ground Control & 1G on Earth)",1,"flight_positive"
"REACTOME_SPRY_REGULATION_OF_FGF_SIGNALING",0.140562248995984,0.224816178661232,0.166933848713193,-0.486424020547894,-1.3470252563621,16,"reactome","Cbl; Ubb; Uba52; Ppp2ca; Ptpn11","thymus","MHU-2","GLDS-289","Stat_(MHU-1 & Space Flight & uG)v(MHU-1 & Ground Control & 1G on Earth)",1,"flight_positive"
"REACTOME_SRP_DEPENDENT_COTRANSLATIONAL_PROTEIN_TARGETING_TO_MEMBRANE",3.64323690310538e-09,3.09244833192725e-08,0.774939030136436,-0.550992891946354,-2.27746402800901,101,"reactome","Rplp0; Rps5; Rpl7; Rpl35; Tram1; Uba52; Rpl28; Rps4x; Rps3a1; Rpl26; Rpl7a; Rpl18a; Rpl17; Rpn2; Rpn1; Rpl13a; Rps16; Rps7; Rpl10; Rps11; Spcs1; Srp68; Sec61a1; Rpl4; Rpl6; Rpl19; Rps15a; Rps3; Rpl15; Rpl29; Rps10; Srp19; Srprb; Rpsa; Fau; Rpl32; Ssr3; Srp9; Rpl18; Rpl21; Rps24; Rpl3; Spcs3; Rpl12; Ssr2; Rpl10a; Rpl35a; Rps12; Rps27a; Ddost; Rpl39; Sec61a2; Rps19; Rpl30; Spcs2","thymus","MHU-2","GLDS-289","Stat_(MHU-1 & Space Flight & uG)v(MHU-1 & Ground Control & 1G on Earth)",1,"flight_positive"
"REACTOME_STABILIZATION_OF_P53",9.87523264852676e-06,4.79527062842876e-05,0.593325476396405,-0.600432424538101,-2.11728263057176,44,"reactome","Ubb; Psmd8; Psmc1; Uba52; Psmb7; Psmd13; Psmb1; Psma1; Psmb5; Psmd6; Psmc3; Psmd11; Psmb4; Psmb3; Psmb6; Psma7; Psmc6; Psmc4; Psmc2; Psma2; Psmd3","thymus","MHU-2","GLDS-289","Stat_(MHU-1 & Space Flight & uG)v(MHU-1 & Ground Control & 1G on Earth)",1,"flight_positive"
"REACTOME_STIMULI_SENSING_CHANNELS",0.59877800407332,0.67097992556241,0.0707899094502623,-0.232603403980151,-0.928118549724471,83,"reactome","Ano6; Ubb; Ostm1; Trpc4ap; Trpv2; Raf1; Uba52; Calm1; Ano10","thymus","MHU-2","GLDS-289","Stat_(MHU-1 & Space Flight & uG)v(MHU-1 & Ground Control & 1G on Earth)",1,"flight_positive"
"REACTOME_STING_MEDIATED_INDUCTION_OF_HOST_IMMUNE_RESPONSES",0.831983805668016,0.86822704986459,0.0546808488785442,-0.272155988137689,-0.74288348564089,15,"reactome","Nlrc3; Irf3; Xrcc6; Stat6; Tbk1; Prkdc","thymus","MHU-2","GLDS-289","Stat_(MHU-1 & Space Flight & uG)v(MHU-1 & Ground Control & 1G on Earth)",1,"flight_positive"
"REACTOME_STRIATED_MUSCLE_CONTRACTION",0.529761904761905,0.611438258386867,0.0756946307932749,0.2807043924485,0.966029698945813,35,"reactome","Neb; Actn3; Tnnt2; Tpm2","thymus","MHU-2","GLDS-289","Stat_(MHU-1 & Space Flight & uG)v(MHU-1 & Ground Control & 1G on Earth)",1,"flight_positive"
"REACTOME_SULFUR_AMINO_ACID_METABOLISM",0.908350305498982,0.929916077234475,0.0509082865515105,-0.217390958546791,-0.68456342782411,27,"reactome","Ado; Mpst; Sqor; Mri1; Ahcy; Ethe1; Suox; Mtr; Enoph1; Bhmt; Mtrr; Mat1a; Cth; Cdo1","thymus","MHU-2","GLDS-289","Stat_(MHU-1 & Space Flight & uG)v(MHU-1 & Ground Control & 1G on Earth)",1,"flight_positive"
"REACTOME_SUMOYLATION",4.73842562328695e-10,4.25668568491944e-09,0.801215574617779,-0.476615417260185,-2.17093355602592,179,"reactome","Aurka; Hnrnpk; Top2a; Pcna; H4c4; Nsmce4a; Satb1; H4c6; Uba2; Hdac1; Ube2i; Sp3; Phc1; Hnrnpc; Nup188; Incenp; H4c16; Cdca8; H4c1; Dnmt1; Ep300; Wrn; Rad21; Aurkb; H4c14; Nup62; H4c12; Ndc1; Senp5; Nup107; Pias1; H4c2; Xrcc4; H4c3; Cbx5; H4c17; Nup205; H4c11; Senp1; Senp2; Seh1l; Rangap1; Birc5; Nup37; Brca1; Sec13; Nup88; Nup160; Topors; Tdg; H4c18; H4c8; Nup50; Ing2; Nup155; Nsmce1; Mbd1; Cetn2; Uhrf2; Thrb; Vhl","thymus","MHU-2","GLDS-289","Stat_(MHU-1 & Space Flight & uG)v(MHU-1 & Ground Control & 1G on Earth)",1,"flight_positive"
"REACTOME_SUMOYLATION_OF_CHROMATIN_ORGANIZATION_PROTEINS",5.61441807308737e-10,4.96093662523622e-09,0.801215574617779,-0.640164666082805,-2.43664724651383,65,"reactome","H4c4; Satb1; H4c6; Hdac1; Ube2i; Phc1; Nup188; H4c16; H4c1; H4c14; Nup62; H4c12; Ndc1; Nup107; Pias1; H4c2; H4c3; Cbx5; H4c17; Nup205; H4c11; Seh1l; Nup37; Sec13; Nup88; Nup160; H4c18; H4c8; Nup50; Nup155","thymus","MHU-2","GLDS-289","Stat_(MHU-1 & Space Flight & uG)v(MHU-1 & Ground Control & 1G on Earth)",1,"flight_positive"
"REACTOME_SUMOYLATION_OF_DNA_DAMAGE_RESPONSE_AND_REPAIR_PROTEINS",4.73579851235502e-07,2.91725188361069e-06,0.674962860011025,-0.54683340497869,-2.13250239259207,74,"reactome","Nsmce4a; Ube2i; Phc1; Nup188; Wrn; Rad21; Nup62; Ndc1; Nup107; Pias1; Xrcc4; Nup205; Seh1l; Nup37; Brca1; Sec13; Nup88; Nup160; Tdg; Nup50; Nup155; Nsmce1; Cetn2; Rae1; Nup54; Blm; Rad52; Nup43; Rnf168; Hdac7; Sumo1; Cbx2; Nup153; Stag1","thymus","MHU-2","GLDS-289","Stat_(MHU-1 & Space Flight & uG)v(MHU-1 & Ground Control & 1G on Earth)",1,"flight_positive"
"REACTOME_SUMOYLATION_OF_DNA_METHYLATION_PROTEINS",0.188755020080321,0.284187027439366,0.142056643575821,-0.45425177169558,-1.25793255138174,16,"reactome","Ube2i; Phc1; Dnmt1","thymus","MHU-2","GLDS-289","Stat_(MHU-1 & Space Flight & uG)v(MHU-1 & Ground Control & 1G on Earth)",1,"flight_positive"
"REACTOME_SUMOYLATION_OF_DNA_REPLICATION_PROTEINS",5.48763574191413e-09,4.55051640752572e-08,0.761460801445585,-0.68989703954253,-2.42878883756354,43,"reactome","Aurka; Top2a; Pcna; Ube2i; Nup188; Incenp; Cdca8; Aurkb; Nup62; Ndc1; Nup107; Nup205; Seh1l; Rangap1; Birc5; Nup37; Sec13; Nup88; Nup160; Nup50; Nup155","thymus","MHU-2","GLDS-289","Stat_(MHU-1 & Space Flight & uG)v(MHU-1 & Ground Control & 1G on Earth)",1,"flight_positive"
"REACTOME_SUMOYLATION_OF_INTRACELLULAR_RECEPTORS",0.131372549019608,0.21296181630547,0.170932335370056,0.38817754188777,1.28022602863075,29,"reactome","Rxra; Ar; Pgr; Nr3c2; Pias3; Nr1h3; Rora; Hdac4","thymus","MHU-2","GLDS-289","Stat_(MHU-1 & Space Flight & uG)v(MHU-1 & Ground Control & 1G on Earth)",1,"flight_positive"
"REACTOME_SUMOYLATION_OF_RNA_BINDING_PROTEINS",3.98920162014586e-05,0.000168641543000676,0.557332238758646,-0.580468491191634,-2.0468845514792,44,"reactome","Hnrnpk; Ube2i; Phc1; Hnrnpc; Nup188; Nup62; Ndc1; Nup107; Nup205; Seh1l; Nup37; Sec13; Nup88; Nup160; Nup50; Nup155","thymus","MHU-2","GLDS-289","Stat_(MHU-1 & Space Flight & uG)v(MHU-1 & Ground Control & 1G on Earth)",1,"flight_positive"
"REACTOME_SUMOYLATION_OF_SUMOYLATION_PROTEINS",1.36276484871235e-05,6.52915780849741e-05,0.593325476396405,-0.658080102494822,-2.17666376997916,32,"reactome","Ube2i; Nup188; Nup62; Ndc1; Nup107; Nup205; Seh1l; Nup37; Sec13; Nup88; Nup160; Topors; Nup50; Nup155; Rae1; Nup54; Nup43; Sumo1","thymus","MHU-2","GLDS-289","Stat_(MHU-1 & Space Flight & uG)v(MHU-1 & Ground Control & 1G on Earth)",1,"flight_positive"
"REACTOME_SUMOYLATION_OF_TRANSCRIPTION_COFACTORS",0.396694214876033,0.492134779384501,0.0937465422491719,-0.302230559694028,-1.05572463026924,42,"reactome","Ube2i; Phc1; Ep300; Pias1; Topors; Ing2; Mbd1; Uhrf2; Ctbp1; Ddx17; Mrtfa; Sumo1; Ddx5; Cbx2","thymus","MHU-2","GLDS-289","Stat_(MHU-1 & Space Flight & uG)v(MHU-1 & Ground Control & 1G on Earth)",1,"flight_positive"
"REACTOME_SUMOYLATION_OF_TRANSCRIPTION_FACTORS",0.246,0.347559633027523,0.122107920287081,-0.404809264549991,-1.1826180351322,19,"reactome","Ube2i; Sp3; Pias1","thymus","MHU-2","GLDS-289","Stat_(MHU-1 & Space Flight & uG)v(MHU-1 & Ground Control & 1G on Earth)",1,"flight_positive"
"REACTOME_SUMOYLATION_OF_UBIQUITINYLATION_PROTEINS",2.23820630357541e-05,0.000100115618060344,0.575610261071129,-0.623554846907562,-2.12985555932654,36,"reactome","Ube2i; Nup188; Nup62; Ndc1; Nup107; Pias1; Nup205; Seh1l; Nup37; Sec13; Nup88; Nup160; Nup50; Nup155; Vhl; Rae1; Nup54; Nup43; Sumo1; Nup153; Trim27","thymus","MHU-2","GLDS-289","Stat_(MHU-1 & Space Flight & uG)v(MHU-1 & Ground Control & 1G on Earth)",1,"flight_positive"
"REACTOME_SURFACTANT_METABOLISM",0.0108802975732746,0.025169443742468,0.380730400722792,0.562191974976922,1.64968363905111,20,"reactome","Csf2rb2; Dmbt1; Adora2a; Sftpd; Adgrf5; Lmcd1; Ckap4; Slc34a2; Ctsh; Napsa; Sftpa1; Csf2ra; Ccdc59","thymus","MHU-2","GLDS-289","Stat_(MHU-1 & Space Flight & uG)v(MHU-1 & Ground Control & 1G on Earth)",1,"flight_positive"
"REACTOME_SWITCHING_OF_ORIGINS_TO_A_POST_REPLICATIVE_STATE",1.34388582554438e-12,1.54117970206046e-11,0.910119734774459,-0.660909098979507,-2.59904049337305,78,"reactome","Anapc5; Ubb; Ccna2; Psmd8; Anapc1; Skp2; Cdk2; Psmc1; Uba52; Psmb7; Psmd13; Psmb1; Mcm5; Orc6; Mcm7; Psma1; Mcm2; Psmb5; Cdc6; Anapc7; Ccne2; Psmd6; Cdc27; Psmc3; Mcm3; Mcm6; Rbx1; Psmd11; Orc5; Psmb4; Mcm4; Ube2c; Mcm8; Psmb3; Fzr1; Orc1; Psmb6; Ccne1; Psma7; Psmc6; Psmc4; Psmc2; Psma2; Cdt1; Psmd3; Ube2e1; Anapc4; Cdc16; Orc4; Skp1","thymus","MHU-2","GLDS-289","Stat_(MHU-1 & Space Flight & uG)v(MHU-1 & Ground Control & 1G on Earth)",1,"flight_positive"
"REACTOME_SYNAPTIC_ADHESION_LIKE_MOLECULES",0.508,0.592666666666667,0.0782955249944794,-0.32693359400537,-0.955110464161799,19,"reactome","Rtn3; Lrfn1; Dlg3; Flot2; Dlg4","thymus","MHU-2","GLDS-289","Stat_(MHU-1 & Space Flight & uG)v(MHU-1 & Ground Control & 1G on Earth)",1,"flight_positive"
"REACTOME_SYNDECAN_INTERACTIONS",0.0332470309404987,0.0667417120183568,0.321775918075361,0.488575121751411,1.5749122842657,27,"reactome","Sdc3; Fn1; Itgb3; Sdc1; Itgb5; Col5a2; Itgb4; Sdc4; Thbs1; Cask; Tgfb1; Sdc2; Tnc; Itgav; Col5a3; Prkca","thymus","MHU-2","GLDS-289","Stat_(MHU-1 & Space Flight & uG)v(MHU-1 & Ground Control & 1G on Earth)",1,"flight_positive"
"REACTOME_SYNTHESIS_OF_ACTIVE_UBIQUITIN_ROLES_OF_E1_AND_E2_ENZYMES",0.00328639027762828,0.00861977790579875,0.431707695803346,-0.547952595266724,-1.77447628135512,30,"reactome","Ubb; Uba52; Ube2t; Ube2e3; Uba1; Uba6; Usp7; Ube2g1; Ube2c; Uchl3; Ube2b; Ube2q2; Ube2l3; Ube2e1; Ube2h; Ube2a; Rps27a; Cdc34; Otulin","thymus","MHU-2","GLDS-289","Stat_(MHU-1 & Space Flight & uG)v(MHU-1 & Ground Control & 1G on Earth)",1,"flight_positive"
"REACTOME_SYNTHESIS_OF_BILE_ACIDS_AND_BILE_SALTS",0.390196078431373,0.486279043409271,0.0916795246008379,0.321448505660677,1.06015083152399,29,"reactome","Rxra; Cyp27a1; Osbpl1a; Osbpl3; Osbpl6; Ch25h; Slc27a2; Slc27a5","thymus","MHU-2","GLDS-289","Stat_(MHU-1 & Space Flight & uG)v(MHU-1 & Ground Control & 1G on Earth)",1,"flight_positive"
"REACTOME_SYNTHESIS_OF_BILE_ACIDS_AND_BILE_SALTS_VIA_7ALPHA_HYDROXYCHOLESTEROL",0.778225806451613,0.828979663394109,0.057609110864425,0.276550277834165,0.811502990125018,20,"reactome","Rxra; Cyp27a1; Slc27a2; Slc27a5","thymus","MHU-2","GLDS-289","Stat_(MHU-1 & Space Flight & uG)v(MHU-1 & Ground Control & 1G on Earth)",1,"flight_positive"
"REACTOME_SYNTHESIS_OF_DNA",2.49563817808363e-17,4.33919025157121e-16,1.07686819261983,-0.655788882793343,-2.75805151598906,107,"reactome","Anapc5; Ubb; Ccna2; Pcna; Psmd8; Anapc1; Prim1; Cdc45; Skp2; Dna2; Cdk2; Fen1; Psmc1; Uba52; Pole; Psmb7; Pole2; Rfc4; Psmd13; Psmb1; Rfc3; Mcm5; Orc6; Mcm7; Gins3; Psma1; Mcm2; Psmb5; Cdc6; Anapc7; Ccne2; Psmd6; Rfc1; Cdc27; Psmc3; Mcm3; Mcm6; Rbx1; Gins2; Psmd11; Lig1; Orc5; Psmb4; Pole4; Mcm4; Ube2c; Mcm8; Rpa2; Psmb3; Gins4; Fzr1; Orc1; Psmb6; Ccne1; Psma7; Pola2; Psmc6; Psmc4; Psmc2; Psma2; Cdt1; Psmd3; Pola1; Ube2e1; Anapc4; Cdc16; Orc4; Skp1","thymus","MHU-2","GLDS-289","Stat_(MHU-1 & Space Flight & uG)v(MHU-1 & Ground Control & 1G on Earth)",1,"flight_positive"
"REACTOME_SYNTHESIS_OF_GLYCOSYLPHOSPHATIDYLINOSITOL_GPI",1,1,0.0455878202571231,-0.13652380752116,-0.390790688296243,18,"reactome","Pigm; Pigh; Piga; Pigx; Pigyl; Pigo; Pigg","thymus","MHU-2","GLDS-289","Stat_(MHU-1 & Space Flight & uG)v(MHU-1 & Ground Control & 1G on Earth)",1,"flight_positive"
"REACTOME_SYNTHESIS_OF_IP3_AND_IP4_IN_THE_CYTOSOL",0.0218479105539623,0.0466377179745968,0.352487857583619,0.496280877519089,1.56968613110747,25,"reactome","Pld4; Plcg2; Plcb1; Plcb4; Ocrl; Inppl1; Plce1; Inpp5j; Synj1","thymus","MHU-2","GLDS-289","Stat_(MHU-1 & Space Flight & uG)v(MHU-1 & Ground Control & 1G on Earth)",1,"flight_positive"
"REACTOME_SYNTHESIS_OF_LEUKOTRIENES_LT_AND_EOXINS_EX",0.294921875,0.398903113237139,0.108394255853397,0.394885036976226,1.1203277585422,17,"reactome","Ggt5; Alox15; Abcc1; Cyp4f18; Ltc4s; Alox5","thymus","MHU-2","GLDS-289","Stat_(MHU-1 & Space Flight & uG)v(MHU-1 & Ground Control & 1G on Earth)",1,"flight_positive"
"REACTOME_SYNTHESIS_OF_PA",0.974206349206349,0.982408273568236,0.0465084048719156,0.185287647258543,0.637657888208456,35,"reactome","Pld1; Lpcat1; Pla2g2f; Akp3; Pla2g2d; Lclat1; Pla2r1; Pla2g4a; Pla2g5; Gpat2; Agpat2; Agpat1","thymus","MHU-2","GLDS-289","Stat_(MHU-1 & Space Flight & uG)v(MHU-1 & Ground Control & 1G on Earth)",1,"flight_positive"
"REACTOME_SYNTHESIS_OF_PC",0.270955165692008,0.373994454053757,0.11378726182188,0.353394558559387,1.15496638800552,28,"reactome","Ache; Slc44a3; Lpcat1; Pcyt1b; Lpin3; Chpt1; Bche; Stard10; Pctp; Chkb; Cept1; Chat; Mfsd2a; Slc44a1","thymus","MHU-2","GLDS-289","Stat_(MHU-1 & Space Flight & uG)v(MHU-1 & Ground Control & 1G on Earth)",1,"flight_positive"
"REACTOME_SYNTHESIS_OF_PIPS_AT_THE_EARLY_ENDOSOME_MEMBRANE",0.0983935742971888,0.169167899668851,0.20207170902116,-0.507308024693032,-1.40485809324746,16,"reactome","Mtmr12; Pik3c3; Fig4; Pik3c2a; Mtmr4","thymus","MHU-2","GLDS-289","Stat_(MHU-1 & Space Flight & uG)v(MHU-1 & Ground Control & 1G on Earth)",1,"flight_positive"
"REACTOME_SYNTHESIS_OF_PIPS_AT_THE_GOLGI_MEMBRANE",0.163967611336032,0.25251012145749,0.154190966581424,-0.474056558578521,-1.29399610509238,15,"reactome","Pik3c3; Pi4kb; Fig4; Arf1; Pik3c2a","thymus","MHU-2","GLDS-289","Stat_(MHU-1 & Space Flight & uG)v(MHU-1 & Ground Control & 1G on Earth)",1,"flight_positive"
"REACTOME_SYNTHESIS_OF_PIPS_AT_THE_PLASMA_MEMBRANE",0.727642276422764,0.781273280860299,0.0611692626746689,-0.23212786976057,-0.846054797436153,51,"reactome","Pik3cg; Mtmr14; Pten; Pip4k2a; Mtmr3; Arf1; Mtmr6; Inpp5k; Plekha2; Pik3c2a; Pip5k1b; Pik3c2b; Inpp5d; Pik3r5","thymus","MHU-2","GLDS-289","Stat_(MHU-1 & Space Flight & uG)v(MHU-1 & Ground Control & 1G on Earth)",1,"flight_positive"
"REACTOME_SYNTHESIS_OF_PROSTAGLANDINS_PG_AND_THROMBOXANES_TX",0.0113559116141202,0.0262134319486544,0.380730400722792,0.615460772958963,1.69292951609128,15,"reactome","Hpgd; Prxl2b; Ptges; Ptgs2; Ptgr2; Tbxas1; Hpgds","thymus","MHU-2","GLDS-289","Stat_(MHU-1 & Space Flight & uG)v(MHU-1 & Ground Control & 1G on Earth)",1,"flight_positive"
"REACTOME_SYNTHESIS_OF_SUBSTRATES_IN_N_GLYCAN_BIOSYTHESIS",0.991769547325103,0.994001020482542,0.0473534245254193,-0.162784746005393,-0.611884636124987,60,"reactome","St8sia1; Nans; Neu3; Cmas; Pmm1","thymus","MHU-2","GLDS-289","Stat_(MHU-1 & Space Flight & uG)v(MHU-1 & Ground Control & 1G on Earth)",1,"flight_positive"
"REACTOME_SYNTHESIS_OF_VERY_LONG_CHAIN_FATTY_ACYL_COAS",0.493951612903226,0.579633943144722,0.0802023444698144,0.331431056521214,0.981351582652758,21,"reactome","Elovl7; Elovl4; Tecr; Acsl5; Acsl1; Hacd2; Elovl6; Hacd4; Acsbg1; Acsl6; Slc27a3","thymus","MHU-2","GLDS-289","Stat_(MHU-1 & Space Flight & uG)v(MHU-1 & Ground Control & 1G on Earth)",1,"flight_positive"
"REACTOME_SYNTHESIS_SECRETION_AND_INACTIVATION_OF_GLUCAGON_LIKE_PEPTIDE_1_GLP_1",0.800399201596806,0.846742236821744,0.055826471778749,0.268827557509639,0.779731382617251,18,"reactome","Tcf7l2; Grp; Dpp4; Ffar1; Ffar4","thymus","MHU-2","GLDS-289","Stat_(MHU-1 & Space Flight & uG)v(MHU-1 & Ground Control & 1G on Earth)",1,"flight_positive"
"REACTOME_S_PHASE",2.42091033730472e-20,6.21366986574879e-19,1.16906996676109,-0.629679607977857,-2.77168038886041,149,"reactome","Anapc5; Ubb; Ccna2; Pcna; Psmd8; Cdca5; Anapc1; Prim1; Cdc25b; Cdc45; Skp2; Dna2; Wee1; Cdk2; Cks1b; Fen1; Psmc1; Rad21; Rbl2; Uba52; Cdkn1b; Pole; Psmb7; Lin54; Pole2; Rfc4; Psmd13; Psmb1; Rfc3; Mcm5; Cdk4; Orc6; Mcm7; Tfdp1; Gins3; Esco2; Psma1; Mcm2; Psmb5; Lin9; Cdc6; Anapc7; Ccne2; Psmd6; Rfc1; Cdc27; Psmc3; Mcm3; Akt1; Ccnh; Mcm6; Rbx1; Gins2; Psmd11; Rb1; Lig1; Orc5; Pds5b; Psmb4; Pole4; Mcm4; Ube2c; Mcm8; Rpa2; Psmb3; Pds5a; E2f1; Gins4; Fzr1; Cdc25a; Orc1; Psmb6; Ccne1; Psma7; Pola2; Psmc6; Psmc4; Psmc2; Psma2; Cdk7; Cdt1","thymus","MHU-2","GLDS-289","Stat_(MHU-1 & Space Flight & uG)v(MHU-1 & Ground Control & 1G on Earth)",1,"flight_positive"
"REACTOME_TAK1_DEPENDENT_IKK_AND_NF_KAPPA_B_ACTIVATION",0.792607802874743,0.841804149260072,0.057609110864425,-0.228761690089242,-0.806673878977794,44,"reactome","Ubb; Traf6; Hmgb1; Uba52; Traf2; Tab1","thymus","MHU-2","GLDS-289","Stat_(MHU-1 & Space Flight & uG)v(MHU-1 & Ground Control & 1G on Earth)",1,"flight_positive"
"REACTOME_TBC_RABGAPS",0.827184466019418,0.865863453815261,0.0530212512043078,0.225789531037153,0.808074302810895,43,"reactome","Tbc1d24; Tbc1d16; Rab6b; Tbc1d2; Rab7b; Tbc1d10a; Rab4a; Gga2; Gga3; Optn; Rabep1","thymus","MHU-2","GLDS-289","Stat_(MHU-1 & Space Flight & uG)v(MHU-1 & Ground Control & 1G on Earth)",1,"flight_positive"
"REACTOME_TCF_DEPENDENT_SIGNALING_IN_RESPONSE_TO_WNT",1.15057061015979e-19,2.63896833564308e-18,1.14219120216838,-0.574269928677037,-2.64762194695409,193,"reactome","Ppp2r5c; H2ac13; H3f3a; H2ac10; H3c10; H2bc18; Ppp2r5a; H2ac4; H3c7; Ppp2r5d; H3c2; Ubb; H3c11; H3c8; H2bc4; H4c4; H3c15; Kremen1; Psmd8; H3c1; H4c6; H3c4; Hdac1; H2bc21; H2ac19; Ywhaz; Ppp2r5e; H2ac20; H4c16; Sox4; H4c1; Tnks2; Ep300; Psmc1; H3c3; Uba52; H2bc8; H4c14; H4c12; H4c2; H4c3; Psmb7; H2ax; H2bc3; H4c17; H2bc7; Psmd13; H4c11; Psmb1; Ctnnb1; Tnks; Ppp2ca; Csnk2b; H2bc14; Psma1; H2bc6; Tcf7; Xpo1; Psmb5; Lrp5; Psmd6; H2ac18; Amer1; H4c18; H4c8; Psmc3; Rbbp5; Xiap; Akt1; Rbx1; H3f3b; Chd8; Csnk1e; Men1; Psmd11; Rspo1; Ppp2r1b; Psmb4; H2ac7; Psmb3; Wnt8b; Frat2; Csnk1a1; Psmb6; Psma7; Rnf146; Znrf3; Ctbp1; Ash2l; Psmc6; Pip5k1b; Psmc4; Smarca4; Axin1; Psmc2; Psma2","thymus","MHU-2","GLDS-289","Stat_(MHU-1 & Space Flight & uG)v(MHU-1 & Ground Control & 1G on Earth)",1,"flight_positive"
"REACTOME_TCR_SIGNALING",3.59058992798428e-05,0.000154209400094305,0.557332238758646,-0.444308435572112,-1.84440879434533,102,"reactome","Itk; Ubb; Traf6; Psmd8; Lck; Cd4; Trat1; Pten; Psmc1; Uba52; Psmb7; Trav16; Psmd13; Psmb1; Bcl10; Grap2; Trbv15; Psma1; Lat; Psmb5; Nck1; Psmd6; Psmc3; Cd247; Fbxw11; Cd3d; Psmd11; Ikbkg; Psmb4; Psmb3; Map3k7; Psmb6; Psma7; Psmc6; Cd3e; Psmc4; Inpp5d; Psmc2; Psma2; Pag1; Pdpk1; Ripk2; Trav19; Psmd3; Card11; Tab2; Nfkbia; Was; Zap70; Skp1; Plcg1","thymus","MHU-2","GLDS-289","Stat_(MHU-1 & Space Flight & uG)v(MHU-1 & Ground Control & 1G on Earth)",1,"flight_positive"
"REACTOME_TELOMERE_C_STRAND_LAGGING_STRAND_SYNTHESIS",0.000198402034734045,0.00071244992829118,0.518848077743792,-0.604958116770221,-2.03179550525086,34,"reactome","Pcna; Prim1; Dna2; Ten1; Fen1; Wrn; Ctc1; Rfc4; Rfc3; Stn1; Pot1a; Rfc1; Lig1; Rpa2; Blm; Pola2","thymus","MHU-2","GLDS-289","Stat_(MHU-1 & Space Flight & uG)v(MHU-1 & Ground Control & 1G on Earth)",1,"flight_positive"
"REACTOME_TELOMERE_EXTENSION_BY_TELOMERASE",0.00333207745697662,0.00867627898217583,0.431707695803346,-0.589355986968733,-1.79888283996779,22,"reactome","Ccna2; Ankrd28; Cdk2; Pif1; Wrap53; Ppp6c; Rtel1; Pot1a","thymus","MHU-2","GLDS-289","Stat_(MHU-1 & Space Flight & uG)v(MHU-1 & Ground Control & 1G on Earth)",1,"flight_positive"
"REACTOME_TELOMERE_MAINTENANCE",1.54310505063091e-18,3.02448589923659e-17,1.11466447751729,-0.687941023750481,-2.84710729714135,98,"reactome","H2ac13; H3f3a; H2ac10; H2bc18; H2ac4; Ccna2; H2bc4; Pcna; H4c4; Ankrd28; Prim1; H4c6; Dna2; H2bc21; H2ac19; Ten1; Cdk2; H2ac20; H4c16; Fen1; H4c1; Wrn; Polr2c; H2bc8; Pif1; H4c14; Ctc1; H4c12; H4c2; H4c3; H2ax; H2bc3; H4c17; Wrap53; Rfc4; Ppp6c; H2bc7; H4c11; Rfc3; Stn1; H2bc14; Rtel1; Pot1a; H2bc6; Rfc1; H2ac18; H4c18; H4c8; H3f3b; Lig1; Polr2a; H2ac7; Rpa2; Blm; Ppp6r3; Polr2d","thymus","MHU-2","GLDS-289","Stat_(MHU-1 & Space Flight & uG)v(MHU-1 & Ground Control & 1G on Earth)",1,"flight_positive"
"REACTOME_TERMINATION_OF_O_GLYCAN_BIOSYNTHESIS",0.000979028652870239,0.00293981305792233,0.45505986738723,0.662927846989157,1.92281495058332,18,"reactome","St3gal1; St3gal2; Muc5b; Muc5ac; Muc3a; Muc13; Muc1; Muc6; St6gal1; Muc20; St6galnac2","thymus","MHU-2","GLDS-289","Stat_(MHU-1 & Space Flight & uG)v(MHU-1 & Ground Control & 1G on Earth)",1,"flight_positive"
"REACTOME_TERMINATION_OF_TRANSLESION_DNA_SYNTHESIS",0.0181667116525267,0.0399667656355588,0.352487857583619,-0.480167457425034,-1.5882004396392,32,"reactome","Ubb; Pcna; Pclaf; Uba52; Pole; Polh; Pole2; Rfc4; Rfc3; Rfc1; Pole4; Rpa2","thymus","MHU-2","GLDS-289","Stat_(MHU-1 & Space Flight & uG)v(MHU-1 & Ground Control & 1G on Earth)",1,"flight_positive"
"REACTOME_TGFBR3_EXPRESSION",0.274703557312253,0.377717391304348,0.11378726182188,-0.376423238031689,-1.14895125939603,22,"reactome","Tcf12; Ep300; Sp1; Tnrc6c; Mycn; Smad3; Ago2; Tnrc6b; Tcf3; Smad4; Ago3","thymus","MHU-2","GLDS-289","Stat_(MHU-1 & Space Flight & uG)v(MHU-1 & Ground Control & 1G on Earth)",1,"flight_positive"
"REACTOME_TGF_BETA_RECEPTOR_SIGNALING_ACTIVATES_SMADS",0.143137254901961,0.227920178411099,0.163180127180689,0.339448974138392,1.22297955657698,46,"reactome","Ltbp3; Ltbp2; Pmepa1; Ltbp1; Itgb3; Smad7; Tgfb3; Itgb5; Tgfb2; Ltbp4; Ubc; Ppp1r15a; Itgb8","thymus","MHU-2","GLDS-289","Stat_(MHU-1 & Space Flight & uG)v(MHU-1 & Ground Control & 1G on Earth)",1,"flight_positive"
"REACTOME_TGF_BETA_RECEPTOR_SIGNALING_IN_EMT_EPITHELIAL_TO_MESENCHYMAL_TRANSITION",0.597222222222222,0.669932940224303,0.0696133438850965,0.324742633880574,0.907225520697886,16,"reactome","Cgn; Pard3; Ubc; F11r","thymus","MHU-2","GLDS-289","Stat_(MHU-1 & Space Flight & uG)v(MHU-1 & Ground Control & 1G on Earth)",1,"flight_positive"
"REACTOME_THE_CANONICAL_RETINOID_CYCLE_IN_RODS_TWILIGHT_VISION",0.848,0.882378378378378,0.0532386494755899,-0.247732064125794,-0.723729500710352,19,"reactome","Rdh11","thymus","MHU-2","GLDS-289","Stat_(MHU-1 & Space Flight & uG)v(MHU-1 & Ground Control & 1G on Earth)",1,"flight_positive"
"REACTOME_THE_NLRP3_INFLAMMASOME",0.146825396825397,0.232078853046595,0.161978948883402,0.45981909476084,1.2845853120248,16,"reactome","App; Casp1; P2rx7; Nfkb1; Nfkb2; Nlrp3; Mefv; Rela; Hsp90ab1","thymus","MHU-2","GLDS-289","Stat_(MHU-1 & Space Flight & uG)v(MHU-1 & Ground Control & 1G on Earth)",1,"flight_positive"
"REACTOME_THE_PHOTOTRANSDUCTION_CASCADE",0.383196721311475,0.478493699885452,0.0952879846194844,-0.336474308841629,-1.05439510546904,26,"reactome","Calm1; Fnta; Cnga1; Pde6a; Gnb1; Cngb1; Nmt2; Nmt1; Metap1","thymus","MHU-2","GLDS-289","Stat_(MHU-1 & Space Flight & uG)v(MHU-1 & Ground Control & 1G on Earth)",1,"flight_positive"
"REACTOME_THE_ROLE_OF_GTSE1_IN_G2_M_PROGRESSION_AFTER_G2_CHECKPOINT",2.75310306912338e-10,2.55848716251294e-09,0.814035837847908,-0.668329744394166,-2.50321122395035,58,"reactome","Ccnb1; Tuba1b; Tubb4b; Gtse1; Tubb2a; Ubb; Cdk1; Ccnb2; Tubb2b; Psmd8; Tuba1c; Tuba1a; Psmc1; Uba52; Psmb7; Psmd13; Psmb1; Plk1; Psma1; Psmb5; Psmd6; Psmc3; Psmd11; Psmb4; Psmb3; Psmb6; Psma7; Psmc6; Psmc4; Psmc2; Psma2","thymus","MHU-2","GLDS-289","Stat_(MHU-1 & Space Flight & uG)v(MHU-1 & Ground Control & 1G on Earth)",1,"flight_positive"
"REACTOME_THE_ROLE_OF_NEF_IN_HIV_1_REPLICATION_AND_DISEASE_PATHOGENESIS",0.00533943831748491,0.0133547900377001,0.407017918923954,-0.544003798043695,-1.73375610678475,28,"reactome","Cd8b1; Ap2b1; Lck; Cd4; Ap1m1; Dock2; Arf1; Elmo1; Ap2s1; Cd247; Ap2m1; Ap1g1","thymus","MHU-2","GLDS-289","Stat_(MHU-1 & Space Flight & uG)v(MHU-1 & Ground Control & 1G on Earth)",1,"flight_positive"
"REACTOME_THROMBIN_SIGNALLING_THROUGH_PROTEINASE_ACTIVATED_RECEPTORS_PARS",0.66078431372549,0.72390801849195,0.0640703750499722,0.262931093512337,0.867157919579385,29,"reactome","Src; Arrb2; F2r; Gnaq; Gng4; Gng12; Gna15; Gngt2; Gna12; Gng11; Gnb5","thymus","MHU-2","GLDS-289","Stat_(MHU-1 & Space Flight & uG)v(MHU-1 & Ground Control & 1G on Earth)",1,"flight_positive"
"REACTOME_THROMBOXANE_SIGNALLING_THROUGH_TP_RECEPTOR",0.608695652173913,0.679972966884434,0.0684714904492087,-0.297174376324484,-0.896901269191452,21,"reactome","Gna13; Tbxa2r; Gnb1; Gng10; Gnb2; Gng2; Gna11","thymus","MHU-2","GLDS-289","Stat_(MHU-1 & Space Flight & uG)v(MHU-1 & Ground Control & 1G on Earth)",1,"flight_positive"
"REACTOME_TICAM1_RIP1_MEDIATED_IKK_COMPLEX_RECRUITMENT",0.16,0.247816091954023,0.155241966228839,-0.445698637815542,-1.30207308348157,19,"reactome","Ubb; Traf6; Uba52; Ube2d3; Ikbkg","thymus","MHU-2","GLDS-289","Stat_(MHU-1 & Space Flight & uG)v(MHU-1 & Ground Control & 1G on Earth)",1,"flight_positive"
"REACTOME_TIE2_SIGNALING",0.70059880239521,0.75827862347594,0.0621124188949471,0.291591090487485,0.845756760396584,18,"reactome","Grb2; Grb7; Angpt1; Pik3r1; Grb14; Pik3cb; Pik3r2; Shc1; Angpt2; Angpt4","thymus","MHU-2","GLDS-289","Stat_(MHU-1 & Space Flight & uG)v(MHU-1 & Ground Control & 1G on Earth)",1,"flight_positive"
"REACTOME_TIGHT_JUNCTION_INTERACTIONS",0.0200583122042862,0.0437709727858714,0.352487857583619,0.516517126789603,1.56254029371251,22,"reactome","Cldn3; Cldn1; Pard3; F11r; Cldn7; Cldn8; Cldn15; Cldn23; Cldn5; Prkci; Pard6b; Crb3","thymus","MHU-2","GLDS-289","Stat_(MHU-1 & Space Flight & uG)v(MHU-1 & Ground Control & 1G on Earth)",1,"flight_positive"
"REACTOME_TNFR1_INDUCED_NF_KAPPA_B_SIGNALING_PATHWAY",0.00230795030770536,0.00634686334618974,0.431707695803346,-0.546192695260981,-1.82424169933274,33,"reactome","Ubb; Rack1; Tnfaip3; Usp4; Uba52; Traf2; Tab1; Xiap; Ikbkg; Tnfrsf1a; Spata2; Map3k7; Otud1","thymus","MHU-2","GLDS-289","Stat_(MHU-1 & Space Flight & uG)v(MHU-1 & Ground Control & 1G on Earth)",1,"flight_positive"
"REACTOME_TNFR1_INDUCED_PROAPOPTOTIC_SIGNALING",0.136082474226804,0.218970237569549,0.172324344900946,-0.418026734968574,-1.29861014111647,25,"reactome","Tnfaip3; Usp4; Traf2; Xiap; Tnfrsf1a; Spata2; Otud1; Tbk1; Ripk1; Usp21","thymus","MHU-2","GLDS-289","Stat_(MHU-1 & Space Flight & uG)v(MHU-1 & Ground Control & 1G on Earth)",1,"flight_positive"
"REACTOME_TNFR2_NON_CANONICAL_NF_KB_PATHWAY",0.147177419354839,0.232294667737212,0.163180127180689,-0.296207307615499,-1.19388625822612,87,"reactome","Ubb; Psmd8; Psmc1; Uba52; Psmb7; Psmd13; Psmb1; Traf2; Psma1; Psmb5; Psmd6; Psmc3; Cd27; Fbxw11; Psmd11; Psmb4; Psmb3; Tnfrsf1a; Psmb6; Psma7; Psmc6; Psmc4; Uba3; Psmc2; Psma2; Tnfsf9","thymus","MHU-2","GLDS-289","Stat_(MHU-1 & Space Flight & uG)v(MHU-1 & Ground Control & 1G on Earth)",1,"flight_positive"
"REACTOME_TNFS_BIND_THEIR_PHYSIOLOGICAL_RECEPTORS",0.0665619027127809,0.122655950639962,0.287805130535564,0.440714689891364,1.44034660748537,28,"reactome","Tnfsf13; Tnfrsf11b; Tnfsf8; Tnfrsf14; Fasl; Lta; Tnfsf4; Tnfrsf9; Tnfsf18; Tnfsf15; Edar; Tnfrsf1b; Tnfrsf18; Tnfrsf4; Tnfrsf25; Tnfrsf8; Cd70; Tnfsf11","thymus","MHU-2","GLDS-289","Stat_(MHU-1 & Space Flight & uG)v(MHU-1 & Ground Control & 1G on Earth)",1,"flight_positive"
"REACTOME_TNF_RECEPTOR_SUPERFAMILY_TNFSF_MEMBERS_MEDIATING_NON_CANONICAL_NF_KB_PATHWAY",0.130859375,0.212917242741458,0.170932335370056,0.460079703220907,1.30529145041085,17,"reactome","Tnfrsf11a; Cd40; Ltbr; Lta; Tnfsf12; Ltb","thymus","MHU-2","GLDS-289","Stat_(MHU-1 & Space Flight & uG)v(MHU-1 & Ground Control & 1G on Earth)",1,"flight_positive"
"REACTOME_TNF_SIGNALING",0.000984305775925006,0.00294744896235321,0.45505986738723,-0.469235135615221,-1.75404671476706,57,"reactome","Ubb; Rack1; Tnfaip3; Usp4; Uba52; Bag4; Traf2; Tab1; Xiap; Madd; Ube2d3; Ikbkg; Adam17; Smpd2; Tnfrsf1a; Spata2; Map3k7; Otud1; Tax1bp1; Ube2l3; Tbk1; Tab2; Ripk1; Usp21","thymus","MHU-2","GLDS-289","Stat_(MHU-1 & Space Flight & uG)v(MHU-1 & Ground Control & 1G on Earth)",1,"flight_positive"
"REACTOME_TOLL_LIKE_RECEPTOR_9_TLR9_CASCADE",0.298479087452471,0.400777876283353,0.105920292736253,0.2548974253211,1.07671558563805,108,"reactome","App; Irf7; Eea1; Ticam1; Tlr4; Irak1; Tlr7; Irf5; Tnip2; Jun; Mef2c; Nod1; Mapk11; Mapkapk3; Nfkb1; Ubc; Nlrc5; Alpk1; Tlr9; Nfkb2; Elk1; Usp18; Saa2","thymus","MHU-2","GLDS-289","Stat_(MHU-1 & Space Flight & uG)v(MHU-1 & Ground Control & 1G on Earth)",1,"flight_positive"
"REACTOME_TOLL_LIKE_RECEPTOR_CASCADES",0.0126962086810045,0.0289355453660102,0.380730400722792,0.313125514258162,1.39913924940397,166,"reactome","Ctss; Ctsl; Lgmn; App; Irf7; Eea1; Ticam1; Ikbke; Tlr4; Irak1; Plcg2; Tlr7; Irf5; Tnip2; Unc93b1; Jun; Mef2c; Nod1; Mapk11; Tirap; Ly86; Mapkapk3; Nfkb1; Ubc; Sftpd; Nlrc5; Alpk1; Dnm3; Tlr9; Tlr2; S100a1; Tank; Nfkb2; Elk1; Irak3; Tlr8; Usp18; Saa2; Hsp90b1; Tifa; Gsdmd; Cd180; Nkiras1; Fos; Cnpy3; Cd36; Cd14; Irak2; Rps6ka1; Optn; Tlr1","thymus","MHU-2","GLDS-289","Stat_(MHU-1 & Space Flight & uG)v(MHU-1 & Ground Control & 1G on Earth)",1,"flight_positive"
"REACTOME_TOLL_LIKE_RECEPTOR_TLR1_TLR2_CASCADE",0.727272727272727,0.781273280860299,0.0588438169595807,0.21085320634272,0.893724492728451,113,"reactome","App; Tlr4; Irak1; Tnip2; Jun; Mef2c; Nod1; Mapk11; Tirap; Mapkapk3; Nfkb1; Ubc; Sftpd; Nlrc5; Alpk1; Tlr2; S100a1; Nfkb2; Elk1; Irak3; Usp18; Saa2; Tifa; Nkiras1; Fos; Cd36; Cd14; Irak2; Rps6ka1; Tlr1","thymus","MHU-2","GLDS-289","Stat_(MHU-1 & Space Flight & uG)v(MHU-1 & Ground Control & 1G on Earth)",1,"flight_positive"
"REACTOME_TP53_REGULATES_METABOLIC_GENES",0.286290322580645,0.389181548224383,0.112378519110475,-0.276938576705984,-1.08906743173507,78,"reactome","Ywhaz; Ywhaq; Lamtor3; Pten; Cox7a2l; Sesn1; Ywhah; Tnrc6c; Ywhab; Prdx2; Akt1; Prdx1; Slc38a9; Ywhae; G6pdx; Ago2; Cox7b; Tnrc6b; Tsc1; Rraga; Txnrd1; Mlst8; Gpi1; Ago3; Akt2","thymus","MHU-2","GLDS-289","Stat_(MHU-1 & Space Flight & uG)v(MHU-1 & Ground Control & 1G on Earth)",1,"flight_positive"
"REACTOME_TP53_REGULATES_TRANSCRIPTION_OF_ADDITIONAL_CELL_CYCLE_GENES_WHOSE_EXACT_ROLE_IN_THE_P53_PATHWAY_REMAIN_UNCERTAIN",0.009488434150994,0.0222359391625468,0.380730400722792,-0.559189170006094,-1.68768748671976,21,"reactome","Btg2; Cnot8; Cnot2; Cdc25c; Cnot10; Rgcc; Cnot9; Cnot6; Cnot11; Cnot6l","thymus","MHU-2","GLDS-289","Stat_(MHU-1 & Space Flight & uG)v(MHU-1 & Ground Control & 1G on Earth)",1,"flight_positive"
"REACTOME_TP53_REGULATES_TRANSCRIPTION_OF_CELL_CYCLE_GENES",7.47046229858913e-07,4.40612098318226e-06,0.659444398037935,-0.630951909585512,-2.28035762275556,48,"reactome","Btg2; Ccnb1; Aurka; E2f7; Cdk1; Cnot8; Ccna2; Pcna; Cnot2; Cdk2; Ep300; E2f8; Rbl2; Cdc25c; Cdkn1b; Rbl1; Cnot10; Rgcc; Tfdp1; Ccne2; Prmt1","thymus","MHU-2","GLDS-289","Stat_(MHU-1 & Space Flight & uG)v(MHU-1 & Ground Control & 1G on Earth)",1,"flight_positive"
"REACTOME_TP53_REGULATES_TRANSCRIPTION_OF_CELL_DEATH_GENES",0.430278884462151,0.521755497694262,0.0870515867946735,0.292947145954188,1.01992605231542,37,"reactome","Trp63; Bcl2l14; Casp1; Perp; Steap3; Zfp420; Ndrg1; Nlrc4; Pmaip1; Trp73","thymus","MHU-2","GLDS-289","Stat_(MHU-1 & Space Flight & uG)v(MHU-1 & Ground Control & 1G on Earth)",1,"flight_positive"
"REACTOME_TP53_REGULATES_TRANSCRIPTION_OF_DNA_REPAIR_GENES",0.000243504609905891,0.000857836501563892,0.518848077743792,-0.482774321666861,-1.81756481980379,61,"reactome","Eloa; Gtf2h4; Polr2c; Msh2; Brca1; Nelfa; Ctdp1; Fancc; Gtf2f2; Ccnh; Nelfcd; Polr2a; Ccnt1; Supt4a; Eloc; Polr2d; Fanci; Ercc3; Fancd2; Cdk7; Gtf2h1; Polr2b; Atf2; Supt5; Gtf2h3; Polr2f; Pms2; Nelfb; Ccnt2","thymus","MHU-2","GLDS-289","Stat_(MHU-1 & Space Flight & uG)v(MHU-1 & Ground Control & 1G on Earth)",1,"flight_positive"
"REACTOME_TP53_REGULATES_TRANSCRIPTION_OF_GENES_INVOLVED_IN_CYTOCHROME_C_RELEASE",0.479041916167665,0.566857503434405,0.0813027345384498,0.338831985059473,0.982778457063122,18,"reactome","Trp63; Steap3; Zfp420; Pmaip1; Trp73; Bbc3","thymus","MHU-2","GLDS-289","Stat_(MHU-1 & Space Flight & uG)v(MHU-1 & Ground Control & 1G on Earth)",1,"flight_positive"
"REACTOME_TP53_REGULATES_TRANSCRIPTION_OF_GENES_INVOLVED_IN_G2_CELL_CYCLE_ARREST",0.00013410636750531,0.000493401584200422,0.518848077743792,-0.716330235719593,-2.05044959518055,18,"reactome","Ccnb1; Aurka; Cdk1; Pcna; Ep300; Rbl2; Cdc25c; Rbl1; Tfdp1; Prmt1","thymus","MHU-2","GLDS-289","Stat_(MHU-1 & Space Flight & uG)v(MHU-1 & Ground Control & 1G on Earth)",1,"flight_positive"
"REACTOME_TRAF6_MEDIATED_INDUCTION_OF_TAK1_COMPLEX_WITHIN_TLR4_COMPLEX",0.319277108433735,0.420245082895685,0.105125131597001,-0.39842137257035,-1.10332473080217,16,"reactome","Ubb; Traf6; Uba52; Tab1","thymus","MHU-2","GLDS-289","Stat_(MHU-1 & Space Flight & uG)v(MHU-1 & Ground Control & 1G on Earth)",1,"flight_positive"
"REACTOME_TRAF6_MEDIATED_IRF7_ACTIVATION",0.399606299212598,0.49287825005856,0.0905428948469474,0.376244670890546,1.03492494827956,15,"reactome","Irf7; Rnf135; Ikbke; Ifih1; Tank","thymus","MHU-2","GLDS-289","Stat_(MHU-1 & Space Flight & uG)v(MHU-1 & Ground Control & 1G on Earth)",1,"flight_positive"
"REACTOME_TRAF6_MEDIATED_NF_KB_ACTIVATION",0.616895874263261,0.686288702224763,0.0675188953767744,0.287701458103975,0.89886682435784,24,"reactome","App; Rnf135; Nfkb1; Ifih1; Nfkb2; Saa2; Nkiras1","thymus","MHU-2","GLDS-289","Stat_(MHU-1 & Space Flight & uG)v(MHU-1 & Ground Control & 1G on Earth)",1,"flight_positive"
"REACTOME_TRAFFICKING_OF_AMPA_RECEPTORS",0.337423312883436,0.436141884038781,0.102821842840815,-0.339680923368809,-1.08257309483279,28,"reactome","Ap2b1; Prkcb; Ap2s1; Ap2m1; Nsf; Dlg4","thymus","MHU-2","GLDS-289","Stat_(MHU-1 & Space Flight & uG)v(MHU-1 & Ground Control & 1G on Earth)",1,"flight_positive"
"REACTOME_TRAFFICKING_OF_GLUR2_CONTAINING_AMPA_RECEPTORS",0.112449799196787,0.187358398043488,0.188204146308491,-0.498987028102537,-1.38181524977753,16,"reactome","Ap2b1; Prkcb; Ap2s1; Ap2m1; Nsf","thymus","MHU-2","GLDS-289","Stat_(MHU-1 & Space Flight & uG)v(MHU-1 & Ground Control & 1G on Earth)",1,"flight_positive"
"REACTOME_TRANSCRIPTIONAL_ACTIVATION_OF_MITOCHONDRIAL_BIOGENESIS",0.258872651356994,0.361482795547719,0.121543282035469,-0.305458054818055,-1.12213337224128,53,"reactome","Nrf1; Med1; Camk4; Idh2; Calm1; Acss2; Hcfc1; Gabpb1; Tfb1m; Creb1; Crtc3; Gabpa; Ncor1; Tfb2m; Atf2; Mterf1a; Tbl1xr1","thymus","MHU-2","GLDS-289","Stat_(MHU-1 & Space Flight & uG)v(MHU-1 & Ground Control & 1G on Earth)",1,"flight_positive"
"REACTOME_TRANSCRIPTIONAL_ACTIVITY_OF_SMAD2_SMAD3_SMAD4_HETEROTRIMER",0.157894736842105,0.245968968664436,0.157402899305283,-0.332668160986669,-1.21113376433658,50,"reactome","Ubb; Hdac1; Ep300; Uba52; Rbl1; Sp1; Tfdp1; Ccnc; Smad3; Ube2d3; Men1; Ccnt1; Ppm1a; Nedd4l; Ncor1; Snw1","thymus","MHU-2","GLDS-289","Stat_(MHU-1 & Space Flight & uG)v(MHU-1 & Ground Control & 1G on Earth)",1,"flight_positive"
"REACTOME_TRANSCRIPTIONAL_AND_POST_TRANSLATIONAL_REGULATION_OF_MITF_M_EXPRESSION_AND_ACTIVITY",0.206827309236948,0.305424437475931,0.135002033828631,-0.322702098443678,-1.16472938841069,47,"reactome","Hdac1; Ube2i; Ywhaz; Ep300; Ywhah; Ctnnb1; Xpo1; Ywhab; Creb1; Mark3; Ywhae","thymus","MHU-2","GLDS-289","Stat_(MHU-1 & Space Flight & uG)v(MHU-1 & Ground Control & 1G on Earth)",1,"flight_positive"
"REACTOME_TRANSCRIPTIONAL_REGULATION_BY_E2F6",0.000393416303765384,0.00133365652660089,0.49849310876659,-0.591121794864669,-1.97430144513612,33,"reactome","Epc1; Rrm2; Phc1; Cbx5; Ehmt1; Tfdp1; Brca1; Apaf1; Rad51; Ezh2; Eed; Cdc7; E2f1; L3mbtl2; E2f6; Rbbp7; Mga","thymus","MHU-2","GLDS-289","Stat_(MHU-1 & Space Flight & uG)v(MHU-1 & Ground Control & 1G on Earth)",1,"flight_positive"
"REACTOME_TRANSCRIPTIONAL_REGULATION_BY_MECP2",0.540540540540541,0.619896492236918,0.0770736734944102,-0.255765803187548,-0.945976899614285,54,"reactome","Lbr; Hdac1; Dgcr8; Pten; Camk4; Calm1; Aurkb","thymus","MHU-2","GLDS-289","Stat_(MHU-1 & Space Flight & uG)v(MHU-1 & Ground Control & 1G on Earth)",1,"flight_positive"
"REACTOME_TRANSCRIPTIONAL_REGULATION_BY_NPAS4",0.543520309477756,0.622651321590883,0.0730744399126987,0.283387463221874,0.945022784987062,30,"reactome","Ago4; Kcnip3; Maged1; Mov10; Cdk5; Fos; Nampt; Bdnf; Cdk5r1; Tnrc6a","thymus","MHU-2","GLDS-289","Stat_(MHU-1 & Space Flight & uG)v(MHU-1 & Ground Control & 1G on Earth)",1,"flight_positive"
"REACTOME_TRANSCRIPTIONAL_REGULATION_BY_RUNX1",3.57268552086639e-14,4.64018673673972e-13,0.965327754226083,-0.508487751570107,-2.3560235996496,199,"reactome","H2ac13; H3f3a; H2ac10; H3c10; H2bc18; H2ac4; Sin3b; H3c7; H3c2; Ubb; Elf2; H3c11; H3c8; H2bc4; H4c4; Tcf12; H3c15; Prkcb; Psmd8; H3c1; Arid2; H4c6; H3c4; Hdac1; H2bc21; H2ac19; Myb; Phc1; H2ac20; H4c16; H4c1; Ep300; Psmc1; H3c3; Uba52; H2bc8; H4c14; H4c12; H4c2; Actl6a; H4c3; Psmb7; H2ax; H2bc3; H4c17; Smarcd2; H2bc7; Psmd13; H4c11; Psmb1; Pcgf5; Itch; Csnk2b; Ptpn11; Kmt2c; Abl1; H2bc14; Smarce1; Psma1; H2bc6; Tnrc6c; Psmb5; Psmd6; H2ac18; H4c18; H4c8; Prmt1; Psmc3; Rbbp5; Pbrm1; Socs4; Ccnh; Elf1; H3f3b; Cbfb; Psmd11; Psmb4; H2ac7; Kat2b; Psmb3; Pax5","thymus","MHU-2","GLDS-289","Stat_(MHU-1 & Space Flight & uG)v(MHU-1 & Ground Control & 1G on Earth)",1,"flight_positive"
"REACTOME_TRANSCRIPTIONAL_REGULATION_BY_RUNX2",0.0527426160337553,0.101168220790726,0.287857117255149,-0.317772145629382,-1.32178089329363,103,"reactome","Ccnb1; Ubb; Cdk1; Psmd8; Skp2; Rbm14; Psmc1; Uba52; Psmb7; Psmd13; Psmb1; Cdk4; Abl1; Psma1; Psmb5; Psmd6; Psmc3; Akt1; Rbx1; Cbfb; Psmd11; Rb1; Psmb4; Psmb3; Itga5; Psmb6; Psma7; Col1a1; Ppm1d; Psmc6; Psmc4; Psmc2; Psma2; Runx1","thymus","MHU-2","GLDS-289","Stat_(MHU-1 & Space Flight & uG)v(MHU-1 & Ground Control & 1G on Earth)",1,"flight_positive"
"REACTOME_TRANSCRIPTIONAL_REGULATION_BY_RUNX3",0.0590631364562118,0.110923451393373,0.266350657088526,-0.331118519234262,-1.32832102825214,86,"reactome","Rorc; Ubb; Psmd8; Ep300; Psmc1; Uba52; Psmb7; Itgal; Psmd13; Psmb1; Ctnnb1; Psma1; Tcf7; Psmb5; Psmd6; Psmc3; Smad3; Foxo3; Cbfb; Psmd11; Kras; Psmb4; Kat2b; Psmb3; Psmb6; Psma7; Psmc6; Snw1; Psmc4; Psmc2; Psma2; Runx1; Smad4; Brd2; Psmd3","thymus","MHU-2","GLDS-289","Stat_(MHU-1 & Space Flight & uG)v(MHU-1 & Ground Control & 1G on Earth)",1,"flight_positive"
"REACTOME_TRANSCRIPTIONAL_REGULATION_BY_SMALL_RNAS",1.97023710353037e-24,9.65416180729879e-23,1.27903397725049,-0.767149702383241,-3.07751159267563,86,"reactome","H2ac13; H3f3a; H2ac10; H3c10; H2bc18; H2ac4; H3c7; H3c2; H3c11; H3c8; H2bc4; H4c4; H3c15; H3c1; H4c6; H3c4; H2bc21; H2ac19; Nup188; H2ac20; H4c16; H4c1; Polr2c; H3c3; H2bc8; H4c14; Nup62; H4c12; Ndc1; Nup107; H4c2; H4c3; Ran; H2ax; H2bc3; H4c17; Nup205; H2bc7; H4c11; H2bc14; Seh1l; Nup37; H2bc6; Sec13; Nup88; Nup160; H2ac18; H4c18; H4c8; Nup50; Nup155; H3f3b; Polr2a; H2ac7; Rae1; Ago2; Nup54; Polr2d","thymus","MHU-2","GLDS-289","Stat_(MHU-1 & Space Flight & uG)v(MHU-1 & Ground Control & 1G on Earth)",1,"flight_positive"
"REACTOME_TRANSCRIPTIONAL_REGULATION_BY_THE_AP_2_TFAP2_FAMILY_OF_TRANSCRIPTION_FACTORS",0.515625,0.598985457350423,0.0762797180809272,0.285095541641395,0.967366720588099,32,"reactome","Apoe; Myc; Erbb2; Cdkn1a; Kctd15; Npm1; Kctd1; Hspd1; Cited2; Tgfa; Kit; Vegfa","thymus","MHU-2","GLDS-289","Stat_(MHU-1 & Space Flight & uG)v(MHU-1 & Ground Control & 1G on Earth)",1,"flight_positive"
"REACTOME_TRANSCRIPTIONAL_REGULATION_BY_TP53",1.1628130642331e-13,1.45757265493405e-12,0.943632225232838,-0.434344239879891,-2.14435560124209,340,"reactome","Ppp2r5c; Btg2; Ccnb1; Aurka; E2f7; Trp53inp1; Banp; Ubb; Cdk1; Cnot8; Ccna2; Pcna; Eloa; Fas; Cnot2; Dna2; Gtf2h4; Hdac1; Hipk1; Ywhaz; Ywhaq; Lamtor3; Cdk2; Prelid1; Rhno1; Pten; Tpx2; Casp2; Ep300; E2f8; Wrn; Polr2c; Pip4k2a; Cox7a2l; Rbl2; Uba52; Cdc25c; Sesn1; Aurkb; Cdkn1b; Taf9; Rbl1; Bcl6; Msh2; Rfc4; Ywhah; Cnot10; Pin1; Rfc3; Rmi2; Bard1; Rmi1; Rgcc; Ppp2ca; Csnk2b; Ehmt1; Brd1; Tbp; Tfdp1; Birc5; Tnrc6c; Brca1; Nelfa; Ywhab; Taf6; Bid; Brip1; Ccne2; Prdx2; Apaf1; Prmt1; Ctdp1; Akt1; Ing2; Fancc; Gtf2f2; Taf7; Ccnh; Usp7; Rad9a; Prdx1; Rictor; Nelfcd; Casp6; Slc38a9; Ywhae; Taf12; Rad17; Polr2a; Cnot9; Ppp2r1b; Rpa2; Ccnt1; E2f1; Hdac2; G6pdx; Supt4a; Eloc; Cnot6; Taf2; Ago2; Blm; Ccne1; Polr2d; Exo1; Fanci; Ercc3; Cox7b; Cnot11; Pidd1; Rbbp7; Bnip3l; Fancd2; Tnrc6b; Mta2; Cdk7; Mapkap1; Cnot6l; Pdpk1; Rad1; Chd4; Tsc1; Gtf2h1; Polr2b; Rraga; Txnrd1; Map2k6","thymus","MHU-2","GLDS-289","Stat_(MHU-1 & Space Flight & uG)v(MHU-1 & Ground Control & 1G on Earth)",1,"flight_positive"
"REACTOME_TRANSCRIPTIONAL_REGULATION_BY_VENTX",0.344262295081967,0.441803278688525,0.101713902282311,-0.312038352980942,-1.07296309040052,38,"reactome","Anapc5; Anapc1; Ctnnb1; Ehmt1; Tnrc6c; Anapc7; Cdc27; Ube2c; Fzr1; Tnrc6b; Ube2e1; Anapc4; Cdc16; Ago3","thymus","MHU-2","GLDS-289","Stat_(MHU-1 & Space Flight & uG)v(MHU-1 & Ground Control & 1G on Earth)",1,"flight_positive"
"REACTOME_TRANSCRIPTIONAL_REGULATION_OF_BROWN_AND_BEIGE_ADIPOCYTE_DIFFERENTIATION",0.756756756756757,0.809309309309309,0.0568864160475701,0.247270753991316,0.830007326201814,31,"reactome","Rxra; Chd3; Ppargc1a; Dio2; Mta1; Usp46; Mbd3; Ppargc1b; Smad1; Cox7a1; Rbbp4","thymus","MHU-2","GLDS-289","Stat_(MHU-1 & Space Flight & uG)v(MHU-1 & Ground Control & 1G on Earth)",1,"flight_positive"
"REACTOME_TRANSCRIPTIONAL_REGULATION_OF_GRANULOPOIESIS",1.00311702412147e-14,1.35170019000368e-13,0.986546283587582,-0.698001872490995,-2.7145463897239,72,"reactome","H2ac13; H3f3a; H2ac10; H3c10; H2bc18; H2ac4; H3c7; H3c2; H3c11; H3c8; H2bc4; H4c4; H3c15; H3c1; H4c6; H3c4; H2bc21; H2ac19; Myb; Cdk2; H2ac20; H4c16; H4c1; Ep300; H3c3; H2bc8; H4c14; H4c12; H4c2; H4c3; H2ax; H2bc3; H4c17; H2bc7; H4c11; Cdk4; Tfdp1; H2bc14; H2bc6; Gfi1; H2ac18; H4c18; H4c8; Creb1; Fli1; H3f3b; Cbfb","thymus","MHU-2","GLDS-289","Stat_(MHU-1 & Space Flight & uG)v(MHU-1 & Ground Control & 1G on Earth)",1,"flight_positive"
"REACTOME_TRANSCRIPTIONAL_REGULATION_OF_PLURIPOTENT_STEM_CELLS",0.0210525815309051,0.045298768244143,0.352487857583619,0.546770468443997,1.58590174788473,18,"reactome","Pbx1; Epha1; Epas1; Klf4; Tsc22d1; Hhex","thymus","MHU-2","GLDS-289","Stat_(MHU-1 & Space Flight & uG)v(MHU-1 & Ground Control & 1G on Earth)",1,"flight_positive"
"REACTOME_TRANSCRIPTIONAL_REGULATION_OF_WHITE_ADIPOCYTE_DIFFERENTIATION",0.413793103448276,0.505747126436782,0.0902635484340068,-0.254659032737889,-1.01616962457664,82,"reactome","Srebf2; Med1; Med14; Ep300; Cdk19; Zfp638; Cdk4; Med10; Med20; Med30; Med23; Ccnc; Med18; Med22; Med15; Med21; Med29; Ncor1; Srebf1; Med28; Med11; Med13l; Med19","thymus","MHU-2","GLDS-289","Stat_(MHU-1 & Space Flight & uG)v(MHU-1 & Ground Control & 1G on Earth)",1,"flight_positive"
"REACTOME_TRANSCRIPTION_COUPLED_NUCLEOTIDE_EXCISION_REPAIR_TC_NER",5.21579291571314e-07,3.1766241599654e-06,0.659444398037935,-0.543715649004067,-2.13601107910114,76,"reactome","Ubb; Pcna; Gtf2h4; Polr2c; Uba52; Ddb1; Gps1; Pole; Pole2; Rfc4; Lig3; Rfc3; Rfc1; Ccnh; Usp7; Rbx1; Aqr; Ercc5; Lig1; Polr2a; Ercc1; Pole4; Rpa2; Prpf19; Polr2d; Xab2; Ercc3; Cops3; Cdk7; Polk; Gtf2h1; Polr2b; Ppie; Cops4; Ercc8; Cops5; Cops6; Gtf2h3; Polr2f","thymus","MHU-2","GLDS-289","Stat_(MHU-1 & Space Flight & uG)v(MHU-1 & Ground Control & 1G on Earth)",1,"flight_positive"
"REACTOME_TRANSCRIPTION_OF_E2F_TARGETS_UNDER_NEGATIVE_CONTROL_BY_DREAM_COMPLEX",0.00142104468718297,0.00408502979408865,0.45505986738723,-0.642787625867984,-1.8778528696875,19,"reactome","Top2a; Pcna; Hdac1; Rbl2; Rbl1; Lin54; Tfdp1; Lin9; Cdc6; E2f1; Cdc25a","thymus","MHU-2","GLDS-289","Stat_(MHU-1 & Space Flight & uG)v(MHU-1 & Ground Control & 1G on Earth)",1,"flight_positive"
"REACTOME_TRANSCRIPTION_OF_E2F_TARGETS_UNDER_NEGATIVE_CONTROL_BY_P107_RBL1_AND_P130_RBL2_IN_COMPLEX_WITH_HDAC1",0.000412435290706345,0.00138506306349358,0.49849310876659,-0.709069403494018,-1.96358394049745,16,"reactome","Cdk1; Ccna2; Hdac1; Rbl2; Rbl1; Lin54; Tfdp1; Lin9; E2f1; Mybl2","thymus","MHU-2","GLDS-289","Stat_(MHU-1 & Space Flight & uG)v(MHU-1 & Ground Control & 1G on Earth)",1,"flight_positive"
"REACTOME_TRANSCRIPTION_OF_THE_HIV_GENOME",1.46080448618276e-06,8.15931210417108e-06,0.643551836150722,-0.550236027850032,-2.10086581620903,67,"reactome","Eloa; Gtf2h4; Gtf2b; Gtf2e2; Polr2c; Ncbp1; Taf9; Rnmt; Tbp; Nelfa; Taf6; Ctdp1; Gtf2f2; Taf7; Ccnh; Nelfcd; Taf12; Rngtt; Polr2a; Ccnt1; Supt4a; Eloc; Taf2; Polr2d; Ercc3; Cdk7; Gtf2h1; Polr2b; Supt5; Gtf2h3; Polr2f; Nelfb; Gtf2a2; Ccnt2; Gtf2e1","thymus","MHU-2","GLDS-289","Stat_(MHU-1 & Space Flight & uG)v(MHU-1 & Ground Control & 1G on Earth)",1,"flight_positive"
"REACTOME_TRANSFERRIN_ENDOCYTOSIS_AND_RECYCLING",0.449019607843137,0.537188835805884,0.0838361057159929,0.306293648830854,1.01016946969826,29,"reactome","Atp6v0a1; Hfe; Steap3; Atp6v0d2; Steap4; Trf; Atp6v0b; Mcoln1; Atp6v0e2; Atp6v0a4","thymus","MHU-2","GLDS-289","Stat_(MHU-1 & Space Flight & uG)v(MHU-1 & Ground Control & 1G on Earth)",1,"flight_positive"
"REACTOME_TRANSLATION",1.35203102197432e-13,1.66352974254025e-12,0.943632225232838,-0.464321887174828,-2.22952636002703,265,"reactome","Rplp0; Rps5; Rpl7; Eef2; Yars2; Mrpl58; Eif3k; Eif3l; Rpl35; Tram1; Eif3h; Eif3e; Uba52; Rpl28; Eif3c; Eif3d; Mrps24; Mrpl47; Rps4x; Rps3a1; Rpl26; Rpl7a; Mrps14; Rpl18a; Rpl17; Rpn2; Eif3m; Eif3i; Rpn1; Vars2; Rpl13a; Eif2s3x; Rps16; Rps7; Eef1a1; Rpl10; Rps11; Eif4b; Mrpl35; Eif4a1; Eif2s1; Mars2; Spcs1; Srp68; Mrpl28; Sec61a1; Rpl4; Lars2; Rpl6; Mrpl30; Rpl19; Mrps31; Rps15a; Mrpl48; Rps3; Rpl15; Mrps36; Rpl29; Rps10; Srp19; Mrpl57; Eif2b5; Mrpl9; Srprb; Eif3f; Pabpc1; Rpsa; Mrpl46; Mrps22; Dars2; Farsb; Fau; Mrps17; Rpl32; Mtif3; Mrpl19; Ssr3; Farsa; Srp9; Mrps2; Rpl18; Rpl21; Mrpl41; Rps24; Eif1ax; Dap3; Fars2; Mrps11; Rpl3; Spcs3; Rpl12; Ssr2; Mtfmt; Mrps9; Eef1e1; Mrps30; Mtif2; Mrps28; Rpl10a; Mrpl16; Mrpl15; Rpl35a; Gadd45gip1; Mrpl40; Rps12; Rps27a; Ddost; Rpl39; Etf1; Aurkaip1; Sec61a2; Rps19; Rpl30; Spcs2; Gfm1; Eif4e; Tufm; Mrpl51; Apeh; Hars2; Ppa2; Ears2; Rps6; Eral1; Aars2; Mrpl34; Wars2; Mrpl43; Rps17; Ptcd3; Mrpl10; Mrpl50; Mrps23; Eif3j2; Ssr1","thymus","MHU-2","GLDS-289","Stat_(MHU-1 & Space Flight & uG)v(MHU-1 & Ground Control & 1G on Earth)",1,"flight_positive"
"REACTOME_TRANSLATION_OF_SARS_COV_1_STRUCTURAL_PROTEINS",0.307843137254902,0.410711512327703,0.105920292736253,0.339335599580497,1.11914322737809,29,"reactome","Parp14; Parp8; St3gal1; St3gal2; Parp10; Ubc; Canx; St6gal1; Parp9","thymus","MHU-2","GLDS-289","Stat_(MHU-1 & Space Flight & uG)v(MHU-1 & Ground Control & 1G on Earth)",1,"flight_positive"
"REACTOME_TRANSLATION_OF_SARS_COV_2_STRUCTURAL_PROTEINS",0.0512295081967213,0.098970268523415,0.287857117255149,-0.363728921056965,-1.36233696809424,58,"reactome","Mgat4a; Ubb; Mgat5; Ube2i; Ostc; Uba52; Rpn2; Zdhhc9; Stt3a; Rpn1; Mgat2; Prmt1; Galnt1; Mgat1; Magt1; Csnk1a1; Stt3b; Sumo1; Man1b1; Zdhhc3; Parp16; Zdhhc5; Rps27a; Prkcsh; Ddost","thymus","MHU-2","GLDS-289","Stat_(MHU-1 & Space Flight & uG)v(MHU-1 & Ground Control & 1G on Earth)",1,"flight_positive"
"REACTOME_TRANSLESION_SYNTHESIS_BY_POLH",0.0023770395602206,0.00650367676628884,0.431707695803346,-0.627876613770825,-1.83429153507284,19,"reactome","Ubb; Pcna; Uba52; Polh; Rfc4; Rfc3; Rfc1; Vcp; Rpa2; Nploc4","thymus","MHU-2","GLDS-289","Stat_(MHU-1 & Space Flight & uG)v(MHU-1 & Ground Control & 1G on Earth)",1,"flight_positive"
"REACTOME_TRANSLESION_SYNTHESIS_BY_POLK",0.0245783610063291,0.0513478162108969,0.352487857583619,-0.561425055065065,-1.57142253070201,17,"reactome","Ubb; Pcna; Uba52; Rfc4; Rfc3; Rfc1; Rpa2; Rev3l","thymus","MHU-2","GLDS-289","Stat_(MHU-1 & Space Flight & uG)v(MHU-1 & Ground Control & 1G on Earth)",1,"flight_positive"
"REACTOME_TRANSLESION_SYNTHESIS_BY_Y_FAMILY_DNA_POLYMERASES_BYPASSES_LESIONS_ON_DNA_TEMPLATE",0.0132039099110002,0.0299659260717015,0.380730400722792,-0.4681691653596,-1.61729019875859,39,"reactome","Ubb; Pcna; Pclaf; Uba52; Pole; Polh; Pole2; Rfc4; Rfc3; Rfc1; Vcp; Pole4; Rpa2; Rev3l; Nploc4; Usp10","thymus","MHU-2","GLDS-289","Stat_(MHU-1 & Space Flight & uG)v(MHU-1 & Ground Control & 1G on Earth)",1,"flight_positive"
"REACTOME_TRANSLOCATION_OF_SLC2A4_GLUT4_TO_THE_PLASMA_MEMBRANE",0.000142892251308915,0.000522162192918681,0.518848077743792,-0.50096787306208,-1.89869038005125,63,"reactome","Tuba1b; Tubb4b; Tubb2a; Tubb2b; Ywhaz; Ywhaq; Tuba1c; Tuba1a; Ralgapb; Calm1; Ywhah; Actb; Exoc4; Exoc3; Ywhab; Akt1; Exoc8; Ywhae; Actg1; Myo1c; C2cd5; Lnpep","thymus","MHU-2","GLDS-289","Stat_(MHU-1 & Space Flight & uG)v(MHU-1 & Ground Control & 1G on Earth)",1,"flight_positive"
"REACTOME_TRANSMISSION_ACROSS_CHEMICAL_SYNAPSES",0.157389635316699,0.245536941926774,0.153158808683073,-0.24322283662236,-1.13667377665101,214,"reactome","Tuba1b; Kpna2; Slc38a1; Tubb4b; Slc38a2; Cacna1e; Tubb2a; Ap2b1; Tubb2b; Prkcb; Prkacb; Tuba1c; Tuba1a; Camkk1; Camk4; Prkar1a; Calm1; Nras; Chrna9; Gnai3","thymus","MHU-2","GLDS-289","Stat_(MHU-1 & Space Flight & uG)v(MHU-1 & Ground Control & 1G on Earth)",1,"flight_positive"
"REACTOME_TRANSPORT_OF_BILE_SALTS_AND_ORGANIC_ACIDS_METAL_IONS_AND_AMINE_COMPOUNDS",0.571992110453649,0.647616443350652,0.0714786287425507,0.241671746445518,0.940803265045026,65,"reactome","Slc6a7; Slc11a1; Slc44a3; Cp; Slc6a20a; Slc39a4; Slc6a2; Rhcg; Slc14a1; Slc41a2; Rhbg; Slc40a1; Slc30a2; Slc39a3; Slc39a2; Slc22a5; Slc16a7; Slc6a5; Slc22a15; Slc22a18; Slc22a7; Slc47a1; Slc30a1; Slc44a1; Slc2a13","thymus","MHU-2","GLDS-289","Stat_(MHU-1 & Space Flight & uG)v(MHU-1 & Ground Control & 1G on Earth)",1,"flight_positive"
"REACTOME_TRANSPORT_OF_INORGANIC_CATIONS_ANIONS_AND_AMINO_ACIDS_OLIGOPEPTIDES",0.136094674556213,0.218970237569549,0.16823816568964,0.295904517054906,1.20672670298996,90,"reactome","Slc4a4; Slc8a1; Slc1a3; Slc4a8; Slc15a3; Slc9a2; Slc12a2; Slc9a1; Slc1a4; Slc25a1; Slc3a2; Slc26a11; Slc7a10; Slc4a9; Slc26a9; Slc6a20a; Ahcyl2; Slc4a10; Slc24a4; Slc7a5; Slc8b1; Slc36a1; Slc12a5; Slc7a8; Slc26a7; Slc9a7; Slc34a2; Slc5a5; Slc12a3; Slc24a1; Slc7a2; Slc26a6; Slc12a4; Slc5a8","thymus","MHU-2","GLDS-289","Stat_(MHU-1 & Space Flight & uG)v(MHU-1 & Ground Control & 1G on Earth)",1,"flight_positive"
"REACTOME_TRANSPORT_OF_MATURE_MRNAS_DERIVED_FROM_INTRONLESS_TRANSCRIPTS",8.113347778381e-07,4.72766967842958e-06,0.659444398037935,-0.649723887966842,-2.24704378567355,40,"reactome","Wdr33; Nup188; Nup62; Ndc1; Nup107; Ncbp1; Nup205; Slbp; Seh1l; Nup37; Sec13; Nup88; Cpsf4; Nup160; Nup50; Nup155; Rae1; Nup54; Cpsf2; Nup43","thymus","MHU-2","GLDS-289","Stat_(MHU-1 & Space Flight & uG)v(MHU-1 & Ground Control & 1G on Earth)",1,"flight_positive"
"REACTOME_TRANSPORT_OF_MATURE_TRANSCRIPT_TO_CYTOPLASM",4.32223199129747e-08,3.2812437229709e-07,0.719512826338911,-0.574907256958715,-2.26083623765643,78,"reactome","Wdr33; Nup188; Ddx39a; Chtop; Nup62; Ndc1; Thoc7; Nup107; Cdc40; Ncbp1; Srsf2; Nup205; Slbp; Seh1l; Nup37; Ddx39b; Sec13; Nup88; Cpsf4; Nup160; Nup50; U2af2; Nup155; Nxt1; Thoc5; Poldip3; Srsf7; Magoh; Zc3h11a; Rae1; Nup54; Srsf4; Gle1; Cpsf2; Nup43","thymus","MHU-2","GLDS-289","Stat_(MHU-1 & Space Flight & uG)v(MHU-1 & Ground Control & 1G on Earth)",1,"flight_positive"
"REACTOME_TRANSPORT_OF_THE_SLBP_DEPENDANT_MATURE_MRNA",1.74197202309577e-05,8.02498222605659e-05,0.575610261071129,-0.654173606112831,-2.18488965749292,33,"reactome","Nup188; Nup62; Ndc1; Nup107; Ncbp1; Nup205; Slbp; Seh1l; Nup37; Sec13; Nup88; Nup160; Nup50; Nup155; Rae1; Nup54; Nup43","thymus","MHU-2","GLDS-289","Stat_(MHU-1 & Space Flight & uG)v(MHU-1 & Ground Control & 1G on Earth)",1,"flight_positive"
"REACTOME_TRANSPORT_OF_VITAMINS_NUCLEOSIDES_AND_RELATED_MOLECULES",0.244094488188976,0.345685998695748,0.121543282035469,0.328218980440069,1.13982327592722,36,"reactome","Slco2a1; Apod; Slco2b1; Slc27a1","thymus","MHU-2","GLDS-289","Stat_(MHU-1 & Space Flight & uG)v(MHU-1 & Ground Control & 1G on Earth)",1,"flight_positive"
"REACTOME_TRANSPORT_TO_THE_GOLGI_AND_SUBSEQUENT_MODIFICATION",7.33919481010395e-06,3.6459225830839e-05,0.610526878385931,-0.401569096808215,-1.81825222727975,172,"reactome","Tuba1b; Mgat4a; Tubb4b; Tubb2a; Dynll1; Copa; Tubb2b; Mgat5; Ankrd28; Actr10; Cope; Tmed7; Tuba1c; Tuba1a; Actr1a; Sptan1; Dync1i2; Chst10; Cog6; Capza1; Ppp6r1; Ppp6c; Cog3; Lman2; Arf1; Sec22c; Sec13; Cog8; Mgat2; Rab1a; Arcn1; Lman2l; Copg1; Mgat1; Uso1; Gosr2; B4galt2; Dync1h1; Napg; Copb1; Sec22b; Cog1; Tmem115; Arfgap2; Arf4; Manea; Tmed2; Nsf; Capza2; Trappc9; Ppp6r3; Cnih1; Cog4; Serpina1b; Sar1b; Napa; Cog5; Cog2; Sec23ip; Dync1li1; Arfgap1; Serpina1e; Gbf1; Copb2; Lman1l; Sec16a","thymus","MHU-2","GLDS-289","Stat_(MHU-1 & Space Flight & uG)v(MHU-1 & Ground Control & 1G on Earth)",1,"flight_positive"
"REACTOME_TRANS_GOLGI_NETWORK_VESICLE_BUDDING",0.335282651072125,0.434416704153546,0.10027910675413,0.2702497064101,1.05775400828763,68,"reactome","Fth1; App; Snx9; Ap1g2; Cpd; Ctsz; Gns; Ocrl; Sh3d19; Stx4a; Hip1r; Tpd52; Vamp2; Clta; Snap23; Snapin; Tpd52l1; Yipf6; Golgb1; Txndc5; Ap4m1; Ftl1","thymus","MHU-2","GLDS-289","Stat_(MHU-1 & Space Flight & uG)v(MHU-1 & Ground Control & 1G on Earth)",1,"flight_positive"
"REACTOME_TRIGLYCERIDE_CATABOLISM",0.950592885375494,0.96219636660543,0.0474483193656297,-0.204858881322091,-0.60944005529661,20,"reactome","Prkacb","thymus","MHU-2","GLDS-289","Stat_(MHU-1 & Space Flight & uG)v(MHU-1 & Ground Control & 1G on Earth)",1,"flight_positive"
"REACTOME_TRIGLYCERIDE_METABOLISM",0.972972972972973,0.982408273568236,0.0453152441270267,0.184863906782596,0.62052788088814,31,"reactome","Fabp4; Dgat2; Lpin3; Fabp2; Prkaca; Gpat2; Abhd5; Agmo; Dgat1; Mogat2; Fabp12; Mgll; Fabp9; Gk; Lpin1; Fabp7; Fabp5; Gpam","thymus","MHU-2","GLDS-289","Stat_(MHU-1 & Space Flight & uG)v(MHU-1 & Ground Control & 1G on Earth)",1,"flight_positive"
"REACTOME_TRISTETRAPROLIN_TTP_ZFP36_BINDS_AND_DESTABILIZES_MRNA",0.695918367346939,0.754816901408451,0.0635007968065945,-0.294585606723214,-0.824541860839698,17,"reactome","Ywhab; Tnpo1; Dcp1a; Dcp2; Exosc1","thymus","MHU-2","GLDS-289","Stat_(MHU-1 & Space Flight & uG)v(MHU-1 & Ground Control & 1G on Earth)",1,"flight_positive"
"REACTOME_TRNA_AMINOACYLATION",0.069672131147541,0.12768981719114,0.245041785430996,-0.464018441654495,-1.45407468229069,26,"reactome","Yars2; Vars2; Mars2; Lars2; Dars2; Farsb; Farsa; Fars2; Eef1e1; Hars2; Ppa2; Ears2; Aars2; Wars2","thymus","MHU-2","GLDS-289","Stat_(MHU-1 & Space Flight & uG)v(MHU-1 & Ground Control & 1G on Earth)",1,"flight_positive"
"REACTOME_TRNA_MODIFICATION_IN_THE_NUCLEUS_AND_CYTOSOL",0.685831622176591,0.74541788856305,0.0645031249656493,-0.247498856734813,-0.87132198877945,43,"reactome","Trmt44; Tyw1; Trmt12; Ftsj1; Trmt5; Lage3; Wdr4; Osgep; Tyw3; Pus3; Trmt1; Alkbh8; Trmt13; Tyw5; Trp53rka; Dus2; Trmt6; Nsun2; Trdmt1; Trmt10a","thymus","MHU-2","GLDS-289","Stat_(MHU-1 & Space Flight & uG)v(MHU-1 & Ground Control & 1G on Earth)",1,"flight_positive"
"REACTOME_TRNA_PROCESSING",0.000102526446872006,0.000387801788519376,0.538434096309916,-0.435067982887916,-1.80967575344299,103,"reactome","Nup188; Trmt10c; Hsd17b10; Nup62; Ndc1; Nup107; Ran; Nup205; Trmt44; Seh1l; Nup37; Pop7; Sec13; Nup88; Cpsf4; Nup160; Tyw1; Nup50; Trmt12; Nup155; AI597479; Rae1; Nup54; Rtcb; Ftsj1; Nup43; Elac2; Rpp40; Trmt5; Lage3; Wdr4; Osgep; Trnt1; Gtpbp3; Nup153; Tyw3; Pus3","thymus","MHU-2","GLDS-289","Stat_(MHU-1 & Space Flight & uG)v(MHU-1 & Ground Control & 1G on Earth)",1,"flight_positive"
"REACTOME_TRNA_PROCESSING_IN_THE_NUCLEUS",2.18304215168985e-05,9.80549766467359e-05,0.575610261071129,-0.550120101736282,-2.03467743447463,54,"reactome","Nup188; Nup62; Ndc1; Nup107; Ran; Nup205; Seh1l; Nup37; Pop7; Sec13; Nup88; Cpsf4; Nup160; Nup50; Nup155; AI597479; Rae1; Nup54; Rtcb; Nup43; Elac2; Rpp40","thymus","MHU-2","GLDS-289","Stat_(MHU-1 & Space Flight & uG)v(MHU-1 & Ground Control & 1G on Earth)",1,"flight_positive"
"REACTOME_TRP_CHANNELS",0.48991935483871,0.576564480912805,0.0806388495950661,0.324727425495785,0.982348232989713,22,"reactome","Trpm2; Trpm3; Trpm5; Trpc1; Mcoln1; Trpm1","thymus","MHU-2","GLDS-289","Stat_(MHU-1 & Space Flight & uG)v(MHU-1 & Ground Control & 1G on Earth)",1,"flight_positive"
"REACTOME_TURBULENT_OSCILLATORY_DISTURBED_FLOW_SHEAR_STRESS_ACTIVATES_SIGNALING_BY_PIEZO1_AND_INTEGRINS_IN_ENDOTHELIAL_CELLS",0.239382239382239,0.341322509232754,0.121543282035469,0.345762139701095,1.16061080593948,31,"reactome","Fn1; Vcl; Capn2; Ikbke; Itgb3; Yap1; Nfkb1; Stat1; Capns2; Gnaq","thymus","MHU-2","GLDS-289","Stat_(MHU-1 & Space Flight & uG)v(MHU-1 & Ground Control & 1G on Earth)",1,"flight_positive"
"REACTOME_UBIQUITIN_DEPENDENT_DEGRADATION_OF_CYCLIN_D",3.89290653502137e-06,2.0079202128005e-05,0.610526878385931,-0.644147564791573,-2.2252075108181,39,"reactome","Ubb; Psmd8; Psmc1; Uba52; Psmb7; Psmd13; Psmb1; Cdk4; Psma1; Psmb5; Psmd6; Psmc3; Psmd11; Psmb4; Psmb3; Psmb6; Psma7; Psmc6; Psmc4; Psmc2; Psma2; Psmd3","thymus","MHU-2","GLDS-289","Stat_(MHU-1 & Space Flight & uG)v(MHU-1 & Ground Control & 1G on Earth)",1,"flight_positive"
"REACTOME_UB_SPECIFIC_PROCESSING_PROTEASES",4.22195096889109e-17,7.0019432991763e-16,1.06720998682811,-0.573648912369661,-2.58874575048708,167,"reactome","H2ac13; H2ac10; H2bc18; H2ac4; Cdc20; Ubb; Traf6; Ccna2; H2ac12; H2bc4; Psmd8; Vdac1; Skp2; H2ac22; Usp4; Usp3; H2bc21; H2ac19; H2ac25; H2ac21; H2ac20; Pten; Tnks2; Psmc1; Uba52; H2bc8; H2ac6; Psmb7; H2bc3; H2bc7; Psmd13; Psmb1; Ccp110; Traf2; Tnks; H2bc14; Usp28; Tab1; Psma1; H2bc6; Mat2b; Foxo4; Psmb5; Vdac2; Rhot1; Wdr48; Psmd6; H2ac18; Psmc3; Usp7; H2ac8; Stam2; Smad3; Usp42; Ptrh2; Tada3; Vdac3; Psmd11; Ikbkg; Usp14; Psmb4; Siah2; H2ac7; Psmb3; Usp48; Map3k7; Tomm20; Cdc25a; Psmb6; Psma7; Rnf146; Usp10; Psmc6; Psmc4; Axin1; Psmc2; Psma2; Usp16; Usp22; Smad4; Wdr20; Usp25; Psmd3; Ruvbl1; Nfkbia; Usp20; Usp37; Ripk1; Usp21; Snx3; Tomm70a","thymus","MHU-2","GLDS-289","Stat_(MHU-1 & Space Flight & uG)v(MHU-1 & Ground Control & 1G on Earth)",1,"flight_positive"
"REACTOME_UCH_PROTEINASES",1.38776476497857e-13,1.68091058050214e-12,0.943632225232838,-0.650649964336441,-2.59846953658226,85,"reactome","H2ac13; H2ac10; H2ac4; Ubb; H2ac12; Psmd8; H2ac22; H2ac19; Mcrs1; H2ac25; H2ac21; H2ac20; Psmc1; Uba52; H2ac6; Actl6a; Psmb7; Psmd13; Psmb1; Ino80d; Bard1; Actb; Ino80c; Psma1; Actr8; Psmb5; Hcfc1; Bap1; Psmd6; H2ac18; Psmc3; H2ac8; Asxl1; Psmd11; Psmb4; H2ac7; Psmb3; Uchl3; Ogt; Asxl2; Psmb6; Psma7; Psmc6; Psmc4; Actr5; Nfrkb; Psmc2; Psma2; Ino80b; Psmd3; Kdm1b; Ruvbl1","thymus","MHU-2","GLDS-289","Stat_(MHU-1 & Space Flight & uG)v(MHU-1 & Ground Control & 1G on Earth)",1,"flight_positive"
"REACTOME_UNBLOCKING_OF_NMDA_RECEPTORS_GLUTAMATE_BINDING_AND_ACTIVATION",0.988023952095808,0.991703743351286,0.0461379160269737,0.184815363424758,0.536054934944419,18,"reactome","Camk2b; Gria2; Dlg2; Grin2c; Gria3","thymus","MHU-2","GLDS-289","Stat_(MHU-1 & Space Flight & uG)v(MHU-1 & Ground Control & 1G on Earth)",1,"flight_positive"
"REACTOME_UNFOLDED_PROTEIN_RESPONSE_UPR",0.516194331983806,0.598985457350423,0.0780892306943345,-0.240501888574882,-0.972646671014577,89,"reactome","Edem1; Dnajc3; Nfyc; Tpp1; Tln1; Nfya; Eif2s3x; Zbtb17; Hdgf; Eif2s1; Xbp1; Gosr2; Srprb; Ddx11; Gfpt1; Ctdsp2; Dcp2; Pla2g4b; Creb3; Eif2ak3; Arfgap1; Exosc1; Atf4; Mydgf; Tatdn2","thymus","MHU-2","GLDS-289","Stat_(MHU-1 & Space Flight & uG)v(MHU-1 & Ground Control & 1G on Earth)",1,"flight_positive"
"REACTOME_UPTAKE_AND_ACTIONS_OF_BACTERIAL_TOXINS",0.883196721311475,0.908969465648855,0.0524827622635459,-0.222399334739286,-0.696923253415603,26,"reactome","Eef2; Calm1","thymus","MHU-2","GLDS-289","Stat_(MHU-1 & Space Flight & uG)v(MHU-1 & Ground Control & 1G on Earth)",1,"flight_positive"
"REACTOME_VASOPRESSIN_REGULATES_RENAL_WATER_HOMEOSTASIS_VIA_AQUAPORINS",0.780155642023346,0.8302149872667,0.055826471778749,0.233262633545603,0.819546802418851,38,"reactome","Aqp1; Prkar2a; Adcy2; Adcy7; Prkar1b; Gng4; Rab11fip2; Gng12; Gngt2; Myo5b; Avp; Prkaca; Gng11","thymus","MHU-2","GLDS-289","Stat_(MHU-1 & Space Flight & uG)v(MHU-1 & Ground Control & 1G on Earth)",1,"flight_positive"
"REACTOME_VEGFR2_MEDIATED_CELL_PROLIFERATION",0.078,0.138752475247525,0.227987202850442,-0.495882562967879,-1.44868142512823,19,"reactome","Itpr2; Prkcb; Calm1; Nras; Itpr3; Itpr1; Kras","thymus","MHU-2","GLDS-289","Stat_(MHU-1 & Space Flight & uG)v(MHU-1 & Ground Control & 1G on Earth)",1,"flight_positive"
"REACTOME_VEGFR2_MEDIATED_VASCULAR_PERMEABILITY",0.553971486761711,0.631843272102072,0.0747385227439092,-0.294115676602348,-0.926169317701291,27,"reactome","Vav1; Calm1; Them4; Ctnnb1; Akt1; Rictor; Rac1; Mapkap1; Pdpk1; Mlst8; Akt2; Mtor; Jup","thymus","MHU-2","GLDS-289","Stat_(MHU-1 & Space Flight & uG)v(MHU-1 & Ground Control & 1G on Earth)",1,"flight_positive"
"REACTOME_VIF_MEDIATED_DEGRADATION_OF_APOBEC3G",3.72450918122578e-07,2.33431447521011e-06,0.674962860011025,-0.659241139737688,-2.27995881595709,40,"reactome","Ubb; Psmd8; Psmc1; Uba52; Psmb7; Psmd13; Psmb1; Psma1; Psmb5; Psmd6; Psmc3; Rbx1; Psmd11; Psmb4; Psmb3; Eloc; Psmb6; Psma7; Psmc6; Psmc4; Psmc2; Psma2; Psmd3","thymus","MHU-2","GLDS-289","Stat_(MHU-1 & Space Flight & uG)v(MHU-1 & Ground Control & 1G on Earth)",1,"flight_positive"
"REACTOME_VIRAL_MESSENGER_RNA_SYNTHESIS",8.41201276677044e-06,4.10323518668712e-05,0.593325476396405,-0.601970231261899,-2.07427483398592,41,"reactome","Nup188; Polr2c; Nup62; Ndc1; Nup107; Nup205; Seh1l; Nup37; Sec13; Nup88; Nup160; Nup50; Gtf2f2; Nup155; Polr2a; Rae1; Nup54; Polr2d; Nup43","thymus","MHU-2","GLDS-289","Stat_(MHU-1 & Space Flight & uG)v(MHU-1 & Ground Control & 1G on Earth)",1,"flight_positive"
"REACTOME_VISUAL_PHOTOTRANSDUCTION",0.110671936758893,0.185040697093778,0.188204146308491,0.310185296432407,1.24406208751379,81,"reactome","Apoe; Sdc3; Lpl; Apoa4; Agrn; Lrp1; Gpc4; Sdc1; Gpc1; Rgs9; Sdc4; Grk1; Hspg2; Rbp1; Sdr9c7; Gpc6; Lrp10; Gpc3; Apoc2; Cyp4v3; Gucy2e; Plb1; Apob; Slc24a1; Grk4; Lrat; Fntb; Apoa1; Sdc2; Rdh1; Gpihbp1; Metap2; Gpc5; Gnb5","thymus","MHU-2","GLDS-289","Stat_(MHU-1 & Space Flight & uG)v(MHU-1 & Ground Control & 1G on Earth)",1,"flight_positive"
"REACTOME_VITAMIN_B5_PANTOTHENATE_METABOLISM",0.584,0.657152400835073,0.0711327399327894,-0.306250448676039,-0.894686301891407,19,"reactome","Pank3; Ppcs; Fasn; Pank4; Pdzd11; Dcakd; Aasdhppt","thymus","MHU-2","GLDS-289","Stat_(MHU-1 & Space Flight & uG)v(MHU-1 & Ground Control & 1G on Earth)",1,"flight_positive"
"REACTOME_VLDLR_INTERNALISATION_AND_DEGRADATION",0.0943775100401606,0.163759272856166,0.206587922696891,-0.5101391935077,-1.41269828151384,16,"reactome","Ap2b1; Ubb; Uba52; Ap2s1; Cltc; Ap2m1; Nr1h2","thymus","MHU-2","GLDS-289","Stat_(MHU-1 & Space Flight & uG)v(MHU-1 & Ground Control & 1G on Earth)",1,"flight_positive"
"REACTOME_VOLTAGE_GATED_POTASSIUM_CHANNELS",0.437375745526839,0.527577450482478,0.0860347242455604,0.298972244859737,1.01728774666115,33,"reactome","Kcnh1; Kcnq3; Kcnb1; Kcnq1; Kcnb2; Kcns3; Kcng4; Kcnd1; Kcnc3; Kcnd3; Kcnh4; Kcnv1; Kcnq4; Kcnh8; Kcna6; Kcnq2","thymus","MHU-2","GLDS-289","Stat_(MHU-1 & Space Flight & uG)v(MHU-1 & Ground Control & 1G on Earth)",1,"flight_positive"
"REACTOME_VXPX_CARGO_TARGETING_TO_CILIUM",0.41304347826087,0.505403938212506,0.0888945288620449,-0.341031414899774,-1.01454329445265,20,"reactome","Exoc4; Exoc3; Exoc8; Cngb1; Arf4; Exoc5; Gbf1; Rab8a; Rab11a; Rab3ip","thymus","MHU-2","GLDS-289","Stat_(MHU-1 & Space Flight & uG)v(MHU-1 & Ground Control & 1G on Earth)",1,"flight_positive"
"REACTOME_WNT5A_DEPENDENT_INTERNALIZATION_OF_FZD4",0.103238866396761,0.17581595256826,0.197822021315103,-0.507984104964719,-1.38660554606441,15,"reactome","Ap2b1; Prkcb; Ap2s1; Cltc; Ap2m1","thymus","MHU-2","GLDS-289","Stat_(MHU-1 & Space Flight & uG)v(MHU-1 & Ground Control & 1G on Earth)",1,"flight_positive"
"REACTOME_WNT_LIGAND_BIOGENESIS_AND_TRAFFICKING",0.875,0.905230326295585,0.0521630305460055,0.24447340126521,0.723874104516095,21,"reactome","Wnt4; Tmed5; Wnt6; Wnt11; Wnt10a; Wnt7b; Wnt3; Wnt9a","thymus","MHU-2","GLDS-289","Stat_(MHU-1 & Space Flight & uG)v(MHU-1 & Ground Control & 1G on Earth)",1,"flight_positive"
"REACTOME_ZBP1_DAI_MEDIATED_INDUCTION_OF_TYPE_I_IFNS",0.397177419354839,0.492134779384501,0.0922597260527354,0.355789351534269,1.04402036723983,20,"reactome","Ticam1; Zbp1; Nfkb1; Nfkb2; Dtx4; Nkiras1; Rela; Myd88","thymus","MHU-2","GLDS-289","Stat_(MHU-1 & Space Flight & uG)v(MHU-1 & Ground Control & 1G on Earth)",1,"flight_positive"
