{
  "task": "F2-A",
  "results": {
    "blood": {
      "erythroid": {
        "flt_mean": 0.8512230898469526,
        "flt_std": 0.11358198968648509,
        "gc_mean": 0.9590972558372763,
        "gc_std": 0.00890309662598912,
        "delta": -0.10787416599032373,
        "p_raw": 0.02857142857142857,
        "n_flt": 4,
        "n_gc": 4,
        "padj": 0.0883116883116883
      },
      "t_cell": {
        "flt_mean": 0.024263563459746777,
        "flt_std": 0.013803966845778115,
        "gc_mean": 0.013421936072535511,
        "gc_std": 0.006275568738899305,
        "delta": 0.010841627387211266,
        "p_raw": 0.34285714285714286,
        "n_flt": 4,
        "n_gc": 4,
        "padj": 0.44835164835164837
      },
      "b_cell": {
        "flt_mean": 0.08773427711782271,
        "flt_std": 0.08504023667569573,
        "gc_mean": 0.010452191610370367,
        "gc_std": 0.003037964150488011,
        "delta": 0.07728208550745234,
        "p_raw": 0.02857142857142857,
        "n_flt": 4,
        "n_gc": 4,
        "padj": 0.0883116883116883
      },
      "neutrophil": {
        "flt_mean": 0.015528322637903267,
        "flt_std": 0.0033466229898517492,
        "gc_mean": 0.012441810221928376,
        "gc_std": 0.003676555324969578,
        "delta": 0.0030865124159748913,
        "p_raw": 0.34285714285714286,
        "n_flt": 4,
        "n_gc": 4,
        "padj": 0.44835164835164837
      },
      "monocyte_macrophage": {
        "flt_mean": 0.014720541953682217,
        "flt_std": 0.013398285638464801,
        "gc_mean": 0.0027356549266244327,
        "gc_std": 0.0010618884217790967,
        "delta": 0.011984887027057784,
        "p_raw": 0.11428571428571428,
        "n_flt": 4,
        "n_gc": 4,
        "padj": 0.21587301587301586
      },
      "nk_cell": {
        "flt_mean": 0.0037956257157447325,
        "flt_std": 0.002264728899508346,
        "gc_mean": 0.0013349022343393325,
        "gc_std": 0.000670800280931849,
        "delta": 0.0024607234814054,
        "p_raw": 0.34285714285714286,
        "n_flt": 4,
        "n_gc": 4,
        "padj": 0.44835164835164837
      },
      "platelet_megakaryocyte": {
        "flt_mean": 0.002344225253232606,
        "flt_std": 0.0021791114033898693,
        "gc_mean": 0.0005162490969255081,
        "gc_std": 0.00035126664410505063,
        "delta": 0.001827976156307098,
        "p_raw": 0.5613632102341237,
        "n_flt": 4,
        "n_gc": 4,
        "padj": 0.6362116382653402
      },
      "dendritic_cell": {
        "flt_mean": 0.00039035401491501907,
        "flt_std": 0.0004314437227494476,
        "gc_mean": 0.0,
        "gc_std": 0.0,
        "delta": 0.00039035401491501907,
        "p_raw": 0.18587673236587587,
        "n_flt": 4,
        "n_gc": 4,
        "padj": 0.3238095238095238
      }
    },
    "eye": {
      "photoreceptor_like": {
        "flt_mean": 0.7597913001342256,
        "flt_std": 0.044814867925730806,
        "gc_mean": 0.33686508347539423,
        "gc_std": 0.20836913010934968,
        "delta": 0.42292621665883134,
        "p_raw": 0.02857142857142857,
        "n_flt": 4,
        "n_gc": 4,
        "padj": 0.0883116883116883
      },
      "retinal_neuronal": {
        "flt_mean": 0.14281781422420003,
        "flt_std": 0.02105151702295112,
        "gc_mean": 0.26958155999425265,
        "gc_std": 0.048650153027098485,
        "delta": -0.12676374577005262,
        "p_raw": 0.02857142857142857,
        "n_flt": 4,
        "n_gc": 4,
        "padj": 0.0883116883116883
      },
      "muller_glia": {
        "flt_mean": 0.03951904711736272,
        "flt_std": 0.005626030976804476,
        "gc_mean": 0.1635576023106095,
        "gc_std": 0.05106692221277564,
        "delta": -0.12403855519324679,
        "p_raw": 0.02857142857142857,
        "n_flt": 4,
        "n_gc": 4,
        "padj": 0.0883116883116883
      },
      "immune": {
        "flt_mean": 0.011919526321242173,
        "flt_std": 0.005119697691671517,
        "gc_mean": 0.03242092805762283,
        "gc_std": 0.013460734989978176,
        "delta": -0.02050140173638066,
        "p_raw": 0.2,
        "n_flt": 4,
        "n_gc": 4,
        "padj": 0.3238095238095238
      },
      "corneal_conjunctival_epithelial": {
        "flt_mean": 0.02136096820129838,
        "flt_std": 0.013599939183770872,
        "gc_mean": 0.07440997193215323,
        "gc_std": 0.0532537029902457,
        "delta": -0.05304900373085486,
        "p_raw": 0.11428571428571428,
        "n_flt": 4,
        "n_gc": 4,
        "padj": 0.21587301587301586
      },
      "stromal_fibroblast": {
        "flt_mean": 0.008510337756737192,
        "flt_std": 0.007848372578360772,
        "gc_mean": 0.0732648840925618,
        "gc_std": 0.05011322037501023,
        "delta": -0.0647545463358246,
        "p_raw": 0.05714285714285714,
        "n_flt": 4,
        "n_gc": 4,
        "padj": 0.1295238095238095
      },
      "lens_crystallin": {
        "flt_mean": 0.007433924963826428,
        "flt_std": 0.004371910657379563,
        "gc_mean": 0.011306540531172953,
        "gc_std": 0.006205144468158921,
        "delta": -0.003872615567346525,
        "p_raw": 0.6857142857142857,
        "n_flt": 4,
        "n_gc": 4,
        "padj": 0.7285714285714285
      },
      "endothelial_perivascular": {
        "flt_mean": 0.005134866439508982,
        "flt_std": 0.0024667247647283726,
        "gc_mean": 0.03772774090277535,
        "gc_std": 0.031764955981791035,
        "delta": -0.03259287446326637,
        "p_raw": 0.05714285714285714,
        "n_flt": 4,
        "n_gc": 4,
        "padj": 0.1295238095238095
      },
      "epithelial": {
        "flt_mean": 0.0035122148415984633,
        "flt_std": 0.002378533353955794,
        "gc_mean": 0.0008656887034574172,
        "gc_std": 0.0010659526388921918,
        "delta": 0.002646526138141046,
        "p_raw": 0.19126698687886878,
        "n_flt": 4,
        "n_gc": 4,
        "padj": 0.3238095238095238
      }
    },
    "muscle": {
      "endothelial": {
        "flt_mean": 0.27593836131707655,
        "flt_std": 0.05847388248356,
        "gc_mean": 0.29940074011394546,
        "gc_std": 0.03714379835634219,
        "delta": -0.02346237879686891,
        "p_raw": 0.8857142857142857,
        "n_flt": 4,
        "n_gc": 4,
        "padj": 0.9125541125541126
      },
      "macrophage_myeloid": {
        "flt_mean": 0.18761869624417177,
        "flt_std": 0.07922500910422423,
        "gc_mean": 0.17403545489014463,
        "gc_std": 0.03391030495852168,
        "delta": 0.013583241354027137,
        "p_raw": 0.6857142857142857,
        "n_flt": 4,
        "n_gc": 4,
        "padj": 0.7285714285714285
      },
      "satellite_myogenic_progenitor": {
        "flt_mean": 0.14838365633219186,
        "flt_std": 0.03605882608607069,
        "gc_mean": 0.13588047613753193,
        "gc_std": 0.024722601316433064,
        "delta": 0.01250318019465993,
        "p_raw": 0.4857142857142857,
        "n_flt": 4,
        "n_gc": 4,
        "padj": 0.5694581280788178
      },
      "t_nk_lymphocyte": {
        "flt_mean": 0.12141968854035473,
        "flt_std": 0.04101030348068291,
        "gc_mean": 0.17128085016557498,
        "gc_std": 0.024503737550286578,
        "delta": -0.04986116162522025,
        "p_raw": 0.11428571428571428,
        "n_flt": 4,
        "n_gc": 4,
        "padj": 0.21587301587301586
      },
      "fibroadipogenic_progenitor": {
        "flt_mean": 0.11083130203958769,
        "flt_std": 0.10326281038613526,
        "gc_mean": 0.10134650082343488,
        "gc_std": 0.0646138460938056,
        "delta": 0.009484801216152805,
        "p_raw": 1.0,
        "n_flt": 4,
        "n_gc": 4,
        "padj": 1.0
      },
      "fibroblast_matrix": {
        "flt_mean": 0.052067325177614976,
        "flt_std": 0.031555587257267995,
        "gc_mean": 0.07350265567409958,
        "gc_std": 0.01917433882015823,
        "delta": -0.021435330496484606,
        "p_raw": 0.34285714285714286,
        "n_flt": 4,