{
  "task": "F2-A",
  "results": {
    "blood": {
      "erythroid": {
        "flt_mean": 0.8574883916945361,
        "flt_std": 0.11201775121673567,
        "gc_mean": 0.9564387856103738,
        "gc_std": 0.010027248365806863,
        "delta": -0.09895039391583771,
        "p_raw": 0.2,
        "n_flt": 4,
        "n_gc": 4,
        "padj": 0.3294117647058824
      },
      "t_cell": {
        "flt_mean": 0.0205044540710418,
        "flt_std": 0.013513621598740314,
        "gc_mean": 0.016267745200286326,
        "gc_std": 0.006762601950903661,
        "delta": 0.004236708870755473,
        "p_raw": 0.8857142857142857,
        "n_flt": 4,
        "n_gc": 4,
        "padj": 0.8857142857142857
      },
      "b_cell": {
        "flt_mean": 0.0953676774834031,
        "flt_std": 0.09305462370494741,
        "gc_mean": 0.01128452685620008,
        "gc_std": 0.0022919698778345976,
        "delta": 0.08408315062720301,
        "p_raw": 0.02857142857142857,
        "n_flt": 4,
        "n_gc": 4,
        "padj": 0.11428571428571428
      },
      "neutrophil": {
        "flt_mean": 0.015918676652818285,
        "flt_std": 0.0031354560851111633,
        "gc_mean": 0.01296447134244053,
        "gc_std": 0.003547557668814043,
        "delta": 0.0029542053103777544,
        "p_raw": 0.4857142857142857,
        "n_flt": 4,
        "n_gc": 4,
        "padj": 0.5666666666666667
      },
      "nk_cell": {
        "flt_mean": 0.008075297452698062,
        "flt_std": 0.005548480012185232,
        "gc_mean": 0.0016558936819198232,
        "gc_std": 0.0007830269284280557,
        "delta": 0.006419403770778239,
        "p_raw": 0.2,
        "n_flt": 4,
        "n_gc": 4,
        "padj": 0.3294117647058824
      },
      "monocyte_macrophage": {
        "flt_mean": 0.0026455026455026454,
        "flt_std": 0.004582144993568458,
        "gc_mean": 0.0013885773087795735,
        "gc_std": 0.0005799505170471219,
        "delta": 0.0012569253367230718,
        "p_raw": 0.30052231149547204,
        "n_flt": 4,
        "n_gc": 4,
        "padj": 0.4674791512151787
      }
    },
    "eye": {
      "photoreceptor_like": {
        "flt_mean": 0.7927569358654604,
        "flt_std": 0.03546449489953199,
        "gc_mean": 0.3516604675543279,
        "gc_std": 0.2158447777217492,
        "delta": 0.4410964683111325,
        "p_raw": 0.02857142857142857,
        "n_flt": 4,
        "n_gc": 4,
        "padj": 0.11428571428571428
      },
      "retinal_neuronal": {
        "flt_mean": 0.12067130151719521,
        "flt_std": 0.015570388019456398,
        "gc_mean": 0.26763440440859143,
        "gc_std": 0.05328532406759216,
        "delta": -0.14696310289139622,
        "p_raw": 0.02857142857142857,
        "n_flt": 4,
        "n_gc": 4,
        "padj": 0.11428571428571428
      },
      "muller_glia": {
        "flt_mean": 0.035177600987131755,
        "flt_std": 0.001941007213791497,
        "gc_mean": 0.1602321980318712,
        "gc_std": 0.050150864979200224,
        "delta": -0.12505459704473942,
        "p_raw": 0.02857142857142857,
        "n_flt": 4,
        "n_gc": 4,
        "padj": 0.11428571428571428
      },
      "immune": {
        "flt_mean": 0.013256763343710735,
        "flt_std": 0.006204871360854845,
        "gc_mean": 0.036395148052627446,
        "gc_std": 0.01572476379083375,
        "delta": -0.02313838470891671,
        "p_raw": 0.2,
        "n_flt": 4,
        "n_gc": 4,
        "padj": 0.3294117647058824
      },
      "corneal_conjunctival_epithelial": {
        "flt_mean": 0.020414036299613265,
        "flt_std": 0.013021834983271008,
        "gc_mean": 0.07317170498726513,
        "gc_std": 0.05259286991902399,
        "delta": -0.052757668687651874,
        "p_raw": 0.11428571428571428,
        "n_flt": 4,
        "n_gc": 4,
        "padj": 0.24615384615384614
      },
      "stromal_fibroblast": {
        "flt_mean": 0.01023623271708734,
        "flt_std": 0.008203024789633251,
        "gc_mean": 0.07528087954448548,
        "gc_std": 0.05158496052760872,
        "delta": -0.06504464682739813,
        "p_raw": 0.05714285714285714,
        "n_flt": 4,
        "n_gc": 4,
        "padj": 0.19297164401060568
      },
      "endothelial_perivascular": {
        "flt_mean": 0.0048588895736099424,
        "flt_std": 0.0030803311788446842,
        "gc_mean": 0.03460292027071803,
        "gc_std": 0.028477568432546927,
        "delta": -0.029744030697108084,
        "p_raw": 0.2,
        "n_flt": 4,
        "n_gc": 4,
        "padj": 0.3294117647058824
      },
      "lens_crystallin": {
        "flt_mean": 0.002628239696191452,
        "flt_std": 0.0025535754857523396,
        "gc_mean": 0.0010222771501133977,
        "gc_std": 0.0010842116977091507,
        "delta": 0.0016059625460780541,
        "p_raw": 0.46782507728497025,
        "n_flt": 4,
        "n_gc": 4,
        "padj": 0.5666666666666667
      }
    },
    "muscle": {
      "macrophage_myeloid": {
        "flt_mean": 0.3370559124765354,
        "flt_std": 0.13235326778805703,
        "gc_mean": 0.3405523975354864,
        "gc_std": 0.08994901068109978,
        "delta": -0.0034964850589510044,
        "p_raw": 0.8857142857142857,
        "n_flt": 4,
        "n_gc": 4,
        "padj": 0.8857142857142857
      },
      "t_nk_lymphocyte": {
        "flt_mean": 0.2072548987256871,
        "flt_std": 0.07784464965640377,
        "gc_mean": 0.2495842671838186,
        "gc_std": 0.023542395706792604,
        "delta": -0.04232936845813151,
        "p_raw": 0.4857142857142857,
        "n_flt": 4,
        "n_gc": 4,
        "padj": 0.5666666666666667
      },
      "endothelial": {
        "flt_mean": 0.18014287168479481,
        "flt_std": 0.02791190201162807,
        "gc_mean": 0.14455958983575581,
        "gc_std": 0.03015812268043954,
        "delta": 0.035583281849039,
        "p_raw": 0.11428571428571428,
        "n_flt": 4,
        "n_gc": 4,
        "padj": 0.24615384615384614
      },
      "fibroadipogenic_progenitor": {
        "flt_mean": 0.14021734912736367,
        "flt_std": 0.12590165839632694,
        "gc_mean": 0.13991000908153223,
        "gc_std": 0.07706374021524477,
        "delta": 0.00030734004583143903,
        "p_raw": 0.8857142857142857,
        "n_flt": 4,
        "n_gc": 4,
        "padj": 0.8857142857142857
      },
      "satellite_myogenic_progenitor": {
        "flt_mean": 0.02696519095322176,
        "flt_std": 0.013605243560675218,
        "gc_mean": 0.05018383275847339,
        "gc_std": 0.009666389887216867,
        "delta": -0.023218641805251634,
        "p_raw": 0.11428571428571428,
        "n_flt": 4,
        "n_gc": 4,
        "padj": 0.24615384615384614
      },
      "fibroblast_matrix": {
        "flt_mean": 0.028543596052410577,
        "flt_std": 0.018214230001128862,
        "gc_mean": 0.03919143981803791,
        "gc_std": 0.00947805325674239,
        "delta": -0.010647843765627333,
        "p_raw": 0.4857142857142857,
        "n_flt": 4,
        "n_gc": 4,
        "padj": 0.5666666666666667
      },
      "myonuclear_structural": {
        "flt_mean": 0.06394364389485473,
        "flt_std": 0.06594879145744516,
        "gc_mean": 0.017907674448115314,
        "gc_std": 0.004532494121277758,
        "delta": 0.04603596944673941,
        "p_raw": 0.34285714285714286,
        "n_flt": 4,
        "n_gc": 4,
        "padj": 0.5052631578947369
      },
      "pericyte_smooth_muscle": {
        "flt_mean": 0.01587653708513202,
        "flt_std": 0.01148805693263691,
        "gc_mean": 0.018110789338780322,
        "gc_std": 0.005983712154435618,
        "delta": -0.002234252253648303,
        "p_raw": 0.8857142857142857,
        "n_flt": 4,
        "n_gc": 4,
        "padj": 0.8857142857142857
      }
    },
    "skin": {
      "basal_keratinocyte": {
        "flt_mean": 0.0,
        "flt_std": 0.0,
        "gc_mean": 0.61519284841168,
        "gc_std": 0.05298439552196934,
        "delta": -0.61519284841168,
        "p_raw": 0.021070570134378658,