{
  "provider": "deepseek-chat",
  "task_id": "A1",
  "model_name": "DeepSeek-V3_zeroshot",
  "parse_summary": {
    "total": 193,
    "parsed": 193,
    "failed": 0
  },
  "metrics": {
    "task_id": "A1",
    "pooled_end_to_end_auroc": 0.4513607737291948,
    "pooled_parsed_only_auroc": 0.4513607737291948,
    "folds": {
      "fold_MHU-2_test": {
        "n_total": 6,
        "n_parsed": 6,
        "n_failed": 0,
        "end_to_end_auroc": 0.3333333333333333,
        "parsed_only_auroc": 0.3333333333333333
      },
      "fold_RR-1_test": {
        "n_total": 14,
        "n_parsed": 14,
        "n_failed": 0,
        "end_to_end_auroc": 0.6326530612244898,
        "parsed_only_auroc": 0.6326530612244898
      },
      "fold_RR-3_test": {
        "n_total": 12,
        "n_parsed": 12,
        "n_failed": 0,
        "end_to_end_auroc": 0.2777777777777778,
        "parsed_only_auroc": 0.2777777777777778
      },
      "fold_RR-6_test": {
        "n_total": 39,
        "n_parsed": 39,
        "n_failed": 0,
        "end_to_end_auroc": 0.34078947368421053,
        "parsed_only_auroc": 0.34078947368421053
      },
      "fold_RR-8_test": {
        "n_total": 103,
        "n_parsed": 103,
        "n_failed": 0,
        "end_to_end_auroc": 0.5067226890756302,
        "parsed_only_auroc": 0.5067226890756302
      },
      "fold_RR-9_test": {
        "n_total": 19,
        "n_parsed": 19,
        "n_failed": 0,
        "end_to_end_auroc": 0.5214285714285715,
        "parsed_only_auroc": 0.5214285714285715
      }
    }
  }
}