{
  "provider": "groq-llama-3.3-70b",
  "task_id": "A1",
  "model_name": "Llama-3.3-70B_zeroshot",
  "parse_summary": {
    "total": 193,
    "parsed": 179,
    "failed": 14
  },
  "metrics": {
    "task_id": "A1",
    "pooled_end_to_end_auroc": 0.47036662168241117,
    "pooled_parsed_only_auroc": 0.4594418362023996,
    "folds": {
      "fold_MHU-2_test": {
        "n_total": 6,
        "n_parsed": 6,
        "n_failed": 0,
        "end_to_end_auroc": 0.6666666666666666,
        "parsed_only_auroc": 0.6666666666666666
      },
      "fold_RR-1_test": {
        "n_total": 14,
        "n_parsed": 14,
        "n_failed": 0,
        "end_to_end_auroc": 0.6326530612244898,
        "parsed_only_auroc": 0.6326530612244898
      },
      "fold_RR-3_test": {
        "n_total": 12,
        "n_parsed": 11,
        "n_failed": 1,
        "end_to_end_auroc": 0.3888888888888889,
        "parsed_only_auroc": 0.26666666666666666
      },
      "fold_RR-6_test": {
        "n_total": 39,
        "n_parsed": 35,
        "n_failed": 4,
        "end_to_end_auroc": 0.4407894736842105,
        "parsed_only_auroc": 0.46078431372549017
      },
      "fold_RR-8_test": {
        "n_total": 103,
        "n_parsed": 101,
        "n_failed": 2,
        "end_to_end_auroc": 0.47016806722689075,
        "parsed_only_auroc": 0.47651448639157157
      },
      "fold_RR-9_test": {
        "n_total": 19,
        "n_parsed": 12,
        "n_failed": 7,
        "end_to_end_auroc": 0.5642857142857143,
        "parsed_only_auroc": 0.515625
      }
    }
  }
}