{
  "task_id": "A3",
  "model_name": "DeepSeek-V3_zeroshot",
  "model_description": "deepseek-chat, zero-shot, top-50 genes, per-sample z-score",
  "tier": "3",
  "llm_variant": "zero_shot",
  "n_genes_in_prompt": 50,
  "submission_date": "2026-03-10",
  "parse_summary": {
    "total": 118,
    "parsed": 118,
    "failed": 0
  },
  "predictions": {
    "fold_RR-1_test": {
      "Mmus_C57-6J_KDN_FLT_Rep1_M23": 0.25,
      "Mmus_C57-6J_KDN_FLT_Rep2_M24": 0.25,
      "Mmus_C57-6J_KDN_FLT_Rep3_M25": 0.25,
      "Mmus_C57-6J_KDN_FLT_Rep4_M26": 0.25,
      "Mmus_C57-6J_KDN_FLT_Rep5_M27": 0.25,
      "Mmus_C57-6J_KDN_FLT_Rep6_M28": 0.25,
      "Mmus_C57-6J_KDN_GC_Rep1_M33": 0.25,
      "Mmus_C57-6J_KDN_GC_Rep2_M34": 0.15000000000000002,
      "Mmus_C57-6J_KDN_GC_Rep3_M35": 0.25,
      "Mmus_C57-6J_KDN_GC_Rep4_M36": 0.25,
      "Mmus_C57-6J_KDN_GC_Rep5_M37": 0.25,
      "Mmus_C57-6J_KDN_GC_Rep6_M38": 0.25
    },
    "fold_RR-3_test": {
      "Mmus_BAL-TAL_KDN_GC_Rep1_G1": 0.25,
      "Mmus_BAL-TAL_KDN_GC_Rep2_G2": 0.25,
      "Mmus_BAL-TAL_KDN_GC_Rep3_G3": 0.25,
      "Mmus_BAL-TAL_KDN_GC_Rep4_G4": 0.25,
      "Mmus_BAL-TAL_KDN_GC_Rep5_G5": 0.25,
      "Mmus_BAL-TAL_KDN_GC_Rep6_G6": 0.25,
      "Mmus_BAL-TAL_KDN_FLT_Rep1_F2": 0.25,
      "Mmus_BAL-TAL_KDN_FLT_Rep2_F3": 0.25,
      "Mmus_BAL-TAL_KDN_FLT_Rep3_F4": 0.25,
      "Mmus_BAL-TAL_KDN_FLT_Rep4_F5": 0.15000000000000002,
      "Mmus_BAL-TAL_KDN_FLT_Rep5_F6": 0.25,
      "Mmus_BAL-TAL_KDN_FLT_Rep6_F7": 0.15000000000000002
    },
    "fold_RR-7_test": {
      "Mmus_C3H-HeJ_KDN_FLT_25days_Rep1_F2": 0.15000000000000002,
      "Mmus_C3H-HeJ_KDN_FLT_25days_Rep2_F6": 0.15000000000000002,
      "Mmus_C3H-HeJ_KDN_FLT_25days_Rep3_F10": 0.25,
      "Mmus_C3H-HeJ_KDN_FLT_25days_Rep4_F14": 0.15000000000000002,
      "Mmus_C3H-HeJ_KDN_FLT_25days_Rep5_F18": 0.15000000000000002,
      "Mmus_C3H-HeJ_KDN_FLT_75days_Rep1_F4": 0.25,
      "Mmus_C3H-HeJ_KDN_FLT_75days_Rep2_F8": 0.15000000000000002,
      "Mmus_C3H-HeJ_KDN_FLT_75days_Rep3_F12": 0.15000000000000002,
      "Mmus_C3H-HeJ_KDN_FLT_75days_Rep4_F16": 0.15000000000000002,
      "Mmus_C3H-HeJ_KDN_FLT_75days_Rep5_F20": 0.15000000000000002,
      "Mmus_C3H-HeJ_KDN_GC_25days_Rep1_G2": 0.15000000000000002,
      "Mmus_C3H-HeJ_KDN_GC_25days_Rep2_G6": 0.15000000000000002,
      "Mmus_C3H-HeJ_KDN_GC_25days_Rep3_G10": 0.15000000000000002,
      "Mmus_C3H-HeJ_KDN_GC_25days_Rep4_G14": 0.15000000000000002,
      "Mmus_C3H-HeJ_KDN_GC_25days_Rep5_G18": 0.15000000000000002,
      "Mmus_C3H-HeJ_KDN_GC_75days_Rep1_G4": 0.15000000000000002,
      "Mmus_C3H-HeJ_KDN_GC_75days_Rep2_G8": 0.25,
      "Mmus_C3H-HeJ_KDN_GC_75days_Rep3_G12": 0.15000000000000002,
      "Mmus_C3H-HeJ_KDN_GC_75days_Rep4_G16": 0.15000000000000002,
      "Mmus_C3H-HeJ_KDN_GC_75days_Rep5_G20": 0.15000000000000002,
      "Mmus_C3H-HeJ_KDN_VIV_25days_Rep1_V2": 0.15000000000000002,
      "Mmus_C3H-HeJ_KDN_VIV_25days_Rep2_V6": 0.15000000000000002,
      "Mmus_C3H-HeJ_KDN_VIV_25days_Rep3_V10": 0.15000000000000002,
      "Mmus_C3H-HeJ_KDN_VIV_25days_Rep4_V14": 0.15000000000000002,
      "Mmus_C3H-HeJ_KDN_VIV_25days_Rep5_V18": 0.15000000000000002,
      "Mmus_C3H-HeJ_KDN_VIV_75days_Rep1_V4": 0.25,
      "Mmus_C3H-HeJ_KDN_VIV_75days_Rep2_V8": 0.15000000000000002,
      "Mmus_C3H-HeJ_KDN_VIV_75days_Rep3_V12": 0.15000000000000002,
      "Mmus_C3H-HeJ_KDN_VIV_75days_Rep4_V16": 0.85,
      "Mmus_C3H-HeJ_KDN_VIV_75days_Rep5_V20": 0.15000000000000002,
      "Mmus_C57-6J_KDN_FLT_25days_Rep1_F1": 0.25,
      "Mmus_C57-6J_KDN_FLT_25days_Rep2_F5": 0.15000000000000002,
      "Mmus_C57-6J_KDN_FLT_25days_Rep3_F9": 0.25,
      "Mmus_C57-6J_KDN_FLT_25days_Rep4_F13": 0.15000000000000002,
      "Mmus_C57-6J_KDN_FLT_25days_Rep5_F17": 0.15000000000000002,
      "Mmus_C57-6J_KDN_FLT_75days_Rep1_F3": 0.25,
      "Mmus_C57-6J_KDN_FLT_75days_Rep2_F7": 0.15000000000000002,
      "Mmus_C57-6J_KDN_FLT_75days_Rep3_F11": 0.15000000000000002,
      "Mmus_C57-6J_KDN_FLT_75days_Rep4_F15": 0.15000000000000002,
      "Mmus_C57-6J_KDN_FLT_75days_Rep5_F19": 0.15000000000000002,
      "Mmus_C57-6J_KDN_GC_25days_Rep1_G1": 0.15000000000000002,
      "Mmus_C57-6J_KDN_GC_25days_Rep2_G5": 0.15000000000000002,
      "Mmus_C57-6J_KDN_GC_25days_Rep3_G9": 0.25,
      "Mmus_C57-6J_KDN_GC_25days_Rep4_G13": 0.15000000000000002,
      "Mmus_C57-6J_KDN_GC_25days_Rep5_G17": 0.15000000000000002,
      "Mmus_C57-6J_KDN_GC_75days_Rep1_G3": 0.15000000000000002,
      "Mmus_C57-6J_KDN_GC_75days_Rep2_G7": 0.15000000000000002,
      "Mmus_C57-6J_KDN_GC_75days_Rep3_G15": 0.15000000000000002,
      "Mmus_C57-6J_KDN_GC_75days_Rep4_G19": 0.25,
      "Mmus_C57-6J_KDN_VIV_25days_Rep1_V1": 0.15000000000000002,
      "Mmus_C57-6J_KDN_VIV_25days_Rep2_V5": 0.15000000000000002,
      "Mmus_C57-6J_KDN_VIV_25days_Rep3_V9": 0.15000000000000002,
      "Mmus_C57-6J_KDN_VIV_25days_Rep4_V13": 0.15000000000000002,
      "Mmus_C57-6J_KDN_VIV_25days_Rep5_V17": 0.15000000000000002,
      "Mmus_C57-6J_KDN_VIV_75days_Rep1_V3": 0.15000000000000002,
      "Mmus_C57-6J_KDN_VIV_75days_Rep2_V7": 0.15000000000000002,
      "Mmus_C57-6J_KDN_VIV_75days_Rep3_V11": 0.15000000000000002,
      "Mmus_C57-6J_KDN_VIV_75days_Rep4_V15": 0.15000000000000002,
      "Mmus_C57-6J_KDN_VIV_75days_Rep5_V19": 0.15000000000000002,
      "RR7_KDN_GCrerun_25days_Blue_Rep1_GR01": 0.15000000000000002,
      "RR7_KDN_GCrerun_25days_Blue_Rep1_GR02": 0.15000000000000002,
      "RR7_KDN_GCrerun_25days_White_Rep1_GR03": 0.15000000000000002,
      "RR7_KDN_GCrerun_25days_White_Rep1_GR04": 0.15000000000000002,
      "RR7_KDN_GCrerun_75days_Blue_Rep1_GR05": 0.15000000000000002,
      "RR7_KDN_GCrerun_75days_Blue_Rep1_GR06": 0.25,
      "RR7_KDN_GCrerun_75days_White_Rep1_GR07": 0.15000000000000002,
      "RR7_KDN_GCrerun_75days_White_Rep1_GR08": 0.15000000000000002,
      "RR7_KDN_GCrerun_25days_White_Rep2_GR12": 0.15000000000000002,
      "RR7_KDN_GCrerun_75days_Blue_Rep2_GR14": 0.15000000000000002,
      "RR7_KDN_GCrerun_75days_White_Rep2_GR15": 0.15000000000000002,
      "RR7_KDN_GCrerun_75days_White_Rep2_GR16": 0.15000000000000002,
      "RR7_KDN_GCrerun_25days_Blue_Rep3_GR17": 0.15000000000000002,
      "RR7_KDN_GCrerun_25days_Blue_Rep3_GR18": 0.25,
      "RR7_KDN_GCrerun_25days_White_Rep3_GR19": 0.15000000000000002,
      "RR7_KDN_GCrerun_25days_White_Rep3_GR20": 0.15000000000000002,
      "RR7_KDN_GCrerun_75days_Blue_Rep3_GR21": 0.15000000000000002,
      "RR7_KDN_GCrerun_75days_Blue_Rep3_GR22": 0.25,
      "RR7_KDN_GCrerun_75days_White_Rep3_GR23": 0.15000000000000002,
      "RR7_KDN_GCrerun_75days_White_Rep3_GR24": 0.15000000000000002,
      "RR7_KDN_GCrerun_25days_Blue_Rep4_GR25": 0.15000000000000002,
      "RR7_KDN_GCrerun_25days_Blue_Rep4_GR26": 0.15000000000000002,
      "RR7_KDN_GCrerun_25days_White_Rep4_GR27": 0.15000000000000002,
      "RR7_KDN_GCrerun_25days_White_Rep4_GR28": 0.15000000000000002,
      "RR7_KDN_GCrerun_75days_Blue_Rep4_GR29": 0.15000000000000002,
      "RR7_KDN_GCrerun_75days_Blue_Rep4_GR30": 0.15000000000000002,
      "RR7_KDN_GCrerun_75days_White_Rep4_GR31": 0.15000000000000002,
      "RR7_KDN_GCrerun_75days_White_Rep4_GR32": 0.15000000000000002,
      "RR7_KDN_GCrerun_25days_Blue_Rep5_GR33": 0.15000000000000002,
      "RR7_KDN_GCrerun_25days_Blue_Rep5_GR34": 0.15000000000000002,
      "RR7_KDN_GCrerun_25days_White_Rep5_GR35": 0.15000000000000002,
      "RR7_KDN_GCrerun_25days_White_Rep5_GR36": 0.15000000000000002,
      "RR7_KDN_GCrerun_75days_Blue_Rep5_GR38": 0.15000000000000002,
      "RR7_KDN_GCrerun_75days_White_Rep5_GR39": 0.15000000000000002,
      "RR7_KDN_GCrerun_75days_White_Rep5_GR40": 0.15000000000000002
    }
  },
  "evaluation_context": {
    "end_to_end_auroc": 0.6211845930232558,
    "parsed_only_auroc": 0.6211845930232558
  }
}