{
  "task_id": "A5",
  "model_name": "Llama-3.3-70B_zeroshot",
  "model_description": "llama-3.3-70b-versatile, zero-shot, top-50 genes, per-sample z-score",
  "tier": "3",
  "llm_variant": "zero_shot",
  "n_genes_in_prompt": 50,
  "submission_date": "2026-03-08",
  "predictions": {
    "fold_MHU-2_test": {
      "Mmus_C57-6J_DSKN_FLT_uG_JC_Rep1_F2": 0.050000000000000044,
      "Mmus_C57-6J_DSKN_FLT_uG_JC_Rep2_F3": 0.050000000000000044,
      "Mmus_C57-6J_DSKN_FLT_uG_JC_Rep3_F9": 0.050000000000000044,
      "Mmus_C57-6J_DSKN_FLT_uG_JCwFOS_Rep1_F1": 0.050000000000000044,
      "Mmus_C57-6J_DSKN_FLT_uG_JCwFOS_Rep2_F7": 0.050000000000000044,
      "Mmus_C57-6J_DSKN_FLT_uG_JCwFOS_Rep3_F8": 0.050000000000000044,
      "Mmus_C57-6J_DSKN_GC_1G_JC_Rep1_G5": 0.050000000000000044,
      "Mmus_C57-6J_DSKN_GC_1G_JC_Rep2_G6": 0.050000000000000044,
      "Mmus_C57-6J_DSKN_GC_1G_JC_Rep3_G12": 0.050000000000000044,
      "Mmus_C57-6J_DSKN_GC_1G_JCwFOS_Rep1_G4": 0.050000000000000044,
      "Mmus_C57-6J_DSKN_GC_1G_JCwFOS_Rep2_G10": 0.050000000000000044,
      "Mmus_C57-6J_DSKN_GC_1G_JCwFOS_Rep3_G11": 0.050000000000000044,
      "Mmus_C57-6J_DSKN_VIV_1G_JC_Rep1_G2": 0.050000000000000044,
      "Mmus_C57-6J_DSKN_VIV_1G_JC_Rep2_G3": 0.050000000000000044,
      "Mmus_C57-6J_DSKN_VIV_1G_JC_Rep3_G9": 0.050000000000000044,
      "Mmus_C57-6J_DSKN_VIV_1G_JCwFOS_Rep1_G1": 0.050000000000000044,
      "Mmus_C57-6J_DSKN_VIV_1G_JCwFOS_Rep2_G7": 0.050000000000000044,
      "Mmus_C57-6J_DSKN_VIV_1G_JCwFOS_Rep3_G8": 0.050000000000000044,
      "Mmus_C57-6J_FSKN_FLT_uG_JC_Rep1_F2": 0.050000000000000044,
      "Mmus_C57-6J_FSKN_FLT_uG_JC_Rep2_F9": 0.050000000000000044,
      "Mmus_C57-6J_FSKN_FLT_uG_JCwFOS_Rep1_F1": 0.050000000000000044,
      "Mmus_C57-6J_FSKN_FLT_uG_JCwFOS_Rep2_F7": 0.44999999999999996,
      "Mmus_C57-6J_FSKN_FLT_uG_JCwFOS_Rep3_F8": 0.050000000000000044,
      "Mmus_C57-6J_FSKN_GC_1G_JC_Rep1_G5": 0.050000000000000044,
      "Mmus_C57-6J_FSKN_GC_1G_JC_Rep2_G6": 0.050000000000000044,
      "Mmus_C57-6J_FSKN_GC_1G_JC_Rep3_G12": 0.050000000000000044,
      "Mmus_C57-6J_FSKN_GC_1G_JCwFOS_Rep1_G4": 0.050000000000000044,
      "Mmus_C57-6J_FSKN_GC_1G_JCwFOS_Rep2_G10": 0.72,
      "Mmus_C57-6J_FSKN_GC_1G_JCwFOS_Rep3_G11": 0.050000000000000044,
      "Mmus_C57-6J_FSKN_VIV_1G_JC_Rep1_G2": 0.050000000000000044,
      "Mmus_C57-6J_FSKN_VIV_1G_JC_Rep2_G3": 0.050000000000000044,
      "Mmus_C57-6J_FSKN_VIV_1G_JC_Rep3_G9": 0.5,
      "Mmus_C57-6J_FSKN_VIV_1G_JCwFOS_Rep1_G1": 0.6,
      "Mmus_C57-6J_FSKN_VIV_1G_JCwFOS_Rep2_G7": 0.68,
      "Mmus_C57-6J_FSKN_VIV_1G_JCwFOS_Rep3_G8": 0.050000000000000044
    },
    "fold_RR-6_test": {
      "Mmus_C57-6T_DSKN_GC_LAR_Rep1_G2": 0.050000000000000044,
      "Mmus_C57-6T_DSKN_GC_LAR_Rep2_G3": 0.35,
      "Mmus_C57-6T_DSKN_GC_LAR_Rep3_G4": 0.30000000000000004,
      "Mmus_C57-6T_DSKN_GC_LAR_Rep4_G5": 0.050000000000000044,
      "Mmus_C57-6T_DSKN_GC_LAR_Rep5_G6": 0.050000000000000044,
      "Mmus_C57-6T_DSKN_GC_LAR_Rep6_G7": 0.35,
      "Mmus_C57-6T_DSKN_GC_LAR_Rep7_G8": 0.050000000000000044,
      "Mmus_C57-6T_DSKN_GC_LAR_Rep8_G9": 0.050000000000000044,
      "Mmus_C57-6T_DSKN_GC_LAR_Rep9_G10": 0.050000000000000044,
      "Mmus_C57-6T_DSKN_FLT_LAR_Rep1_F1": 0.050000000000000044,
      "Mmus_C57-6T_DSKN_FLT_LAR_Rep2_F2": 0.050000000000000044,
      "Mmus_C57-6T_DSKN_FLT_LAR_Rep3_F3": 0.050000000000000044,
      "Mmus_C57-6T_DSKN_FLT_LAR_Rep4_F4": 0.050000000000000044,
      "Mmus_C57-6T_DSKN_FLT_LAR_Rep5_F5": 0.050000000000000044,
      "Mmus_C57-6T_DSKN_FLT_LAR_Rep6_F6": 0.050000000000000044,
      "Mmus_C57-6T_DSKN_FLT_LAR_Rep7_F7": 0.4,
      "Mmus_C57-6T_DSKN_FLT_LAR_Rep8_F8": 0.050000000000000044,
      "Mmus_C57-6T_DSKN_FLT_LAR_Rep9_F9": 0.050000000000000044,
      "Mmus_C57-6T_DSKN_GC_ISS-T_Rep1_G1": 0.6,
      "Mmus_C57-6T_DSKN_GC_ISS-T_Rep2_G2": 0.6,
      "Mmus_C57-6T_DSKN_GC_ISS-T_Rep3_G3": 0.44999999999999996,
      "Mmus_C57-6T_DSKN_GC_ISS-T_Rep4_G4": 0.050000000000000044,
      "Mmus_C57-6T_DSKN_GC_ISS-T_Rep5_G5": 0.050000000000000044,
      "Mmus_C57-6T_DSKN_GC_ISS-T_Rep6_G6": 0.050000000000000044,
      "Mmus_C57-6T_DSKN_GC_ISS-T_Rep7_G7": 0.35,
      "Mmus_C57-6T_DSKN_GC_ISS-T_Rep8_G8": 0.050000000000000044,
      "Mmus_C57-6T_DSKN_GC_ISS-T_Rep9_G9": 0.30000000000000004,
      "Mmus_C57-6T_DSKN_GC_ISS-T_Rep10_G10": 0.050000000000000044,
      "Mmus_C57-6T_DSKN_FLT_ISS-T_Rep1_F1": 0.050000000000000044,
      "Mmus_C57-6T_DSKN_FLT_ISS-T_Rep2_F2": 0.050000000000000044,
      "Mmus_C57-6T_DSKN_FLT_ISS-T_Rep3_F3": 0.95,
      "Mmus_C57-6T_DSKN_FLT_ISS-T_Rep4_F4": 0.050000000000000044,
      "Mmus_C57-6T_DSKN_FLT_ISS-T_Rep5_F6": 0.30000000000000004,
      "Mmus_C57-6T_DSKN_FLT_ISS-T_Rep6_F7": 0.050000000000000044,
      "Mmus_C57-6T_DSKN_FLT_ISS-T_Rep7_F8": 0.4,
      "Mmus_C57-6T_DSKN_FLT_ISS-T_Rep8_F9": 0.4,
      "Mmus_C57-6T_DSKN_FLT_ISS-T_Rep9_F10": 0.4
    },
    "fold_RR-7_test": {
      "Mmus_C57-6J_SKN_FLT_25days_Rep1_F1": 0.44999999999999996,
      "Mmus_C57-6J_SKN_FLT_25days_Rep2_F5": 0.050000000000000044,
      "Mmus_C57-6J_SKN_FLT_25days_Rep3_F9": 0.050000000000000044,
      "Mmus_C57-6J_SKN_FLT_25days_Rep4_F13": 0.050000000000000044,
      "Mmus_C57-6J_SKN_FLT_25days_Rep5_F17": 0.050000000000000044,
      "Mmus_C57-6J_SKN_FLT_75days_Rep1_F3": 0.7,
      "Mmus_C57-6J_SKN_FLT_75days_Rep2_F7": 0.050000000000000044,
      "Mmus_C57-6J_SKN_FLT_75days_Rep3_F11": 0.050000000000000044,
      "Mmus_C57-6J_SKN_FLT_75days_Rep4_F15": 0.72,
      "Mmus_C57-6J_SKN_FLT_75days_Rep5_F19": 0.6,
      "Mmus_C57-6J_SKN_GC_25days_Rep1_G1": 0.050000000000000044,
      "Mmus_C57-6J_SKN_GC_25days_Rep2_G5": 0.7,
      "Mmus_C57-6J_SKN_GC_25days_Rep3_G9": 0.050000000000000044,
      "Mmus_C57-6J_SKN_GC_25days_Rep4_G13": 0.050000000000000044,
      "Mmus_C57-6J_SKN_GC_25days_Rep5_G17": 0.44999999999999996,
      "Mmus_C57-6J_SKN_GC_75days_Rep1_G3": 0.7,
      "Mmus_C57-6J_SKN_GC_75days_Rep2_G7": 0.050000000000000044,
      "Mmus_C57-6J_SKN_GC_75days_Rep3_G15": 0.050000000000000044,
      "Mmus_C57-6J_SKN_GC_75days_Rep4_G11": 0.050000000000000044,
      "Mmus_C57-6J_SKN_GC_75days_Rep5_G19": 0.5,
      "Mmus_C57-6J_SKN_VIV_25days_Rep1_V1": 0.4,
      "Mmus_C57-6J_SKN_VIV_25days_Rep2_V5": 0.7,
      "Mmus_C57-6J_SKN_VIV_25days_Rep3_V9": 0.95,
      "Mmus_C57-6J_SKN_VIV_25days_Rep4_V13": 0.5,
      "Mmus_C57-6J_SKN_VIV_25days_Rep5_V17": 0.30000000000000004,
      "Mmus_C57-6J_SKN_VIV_75days_Rep1_V3": 0.4,
      "Mmus_C57-6J_SKN_VIV_75days_Rep2_V7": 0.050000000000000044,
      "Mmus_C57-6J_SKN_VIV_75days_Rep3_V11": 0.6,
      "Mmus_C57-6J_SKN_VIV_75days_Rep4_V15": 0.35,
      "Mmus_C57-6J_SKN_VIV_75days_Rep5_V19": 0.35
    }
  }
}