{
  "task_id": "A4",
  "model_name": "DeepSeek-V3_zeroshot",
  "model_description": "deepseek-chat, zero-shot, top-50 genes, per-sample z-score",
  "tier": "3",
  "llm_variant": "zero_shot",
  "n_genes_in_prompt": 50,
  "submission_date": "2026-03-08",
  "predictions": {
    "fold_MHU-1_test": {
      "Mmus_C57-6J_TMS_MHU1_FLT_uG_Rep1": 0.050000000000000044,
      "Mmus_C57-6J_TMS_MHU1_FLT_uG_Rep2": 0.050000000000000044,
      "Mmus_C57-6J_TMS_MHU1_FLT_uG_Rep3": 0.15000000000000002,
      "Mmus_C57-6CR_TMS_MHU1_GC_1G_Rep1": 0.15000000000000002,
      "Mmus_C57-6CR_TMS_MHU1_GC_1G_Rep2": 0.050000000000000044,
      "Mmus_C57-6CR_TMS_MHU1_GC_1G_Rep3": 0.15000000000000002
    },
    "fold_MHU-2_test": {
      "Mmus_C57-6J_TMS_MHU2_FLT_uG_Rep1": 0.15000000000000002,
      "Mmus_C57-6J_TMS_MHU2_FLT_uG_Rep2": 0.15000000000000002,
      "Mmus_C57-6J_TMS_MHU2_FLT_uG_Rep3": 0.050000000000000044,
      "Mmus_C57-6J_TMS_MHU2_GC_1G_Rep1": 0.15000000000000002,
      "Mmus_C57-6J_TMS_MHU2_GC_1G_Rep2": 0.15000000000000002,
      "Mmus_C57-6J_TMS_MHU2_GC_1G_Rep3": 0.15000000000000002
    },
    "fold_RR-6_test": {
      "Mmus_C57-6T_TMS_GC_LAR_Rep1_G2": 0.15000000000000002,
      "Mmus_C57-6T_TMS_GC_LAR_Rep2_G3": 0.15000000000000002,
      "Mmus_C57-6T_TMS_GC_LAR_Rep3_G4": 0.25,
      "Mmus_C57-6T_TMS_GC_LAR_Rep4_G5": 0.050000000000000044,
      "Mmus_C57-6T_TMS_GC_LAR_Rep5_G6": 0.15000000000000002,
      "Mmus_C57-6T_TMS_GC_LAR_Rep6_G7": 0.050000000000000044,
      "Mmus_C57-6T_TMS_GC_LAR_Rep8_G9": 0.95,
      "Mmus_C57-6T_TMS_GC_LAR_Rep9_G10": 0.050000000000000044,
      "Mmus_C57-6T_TMS_FLT_LAR_Rep2_F2": 0.050000000000000044,
      "Mmus_C57-6T_TMS_FLT_LAR_Rep3_F4": 0.95,
      "Mmus_C57-6T_TMS_FLT_LAR_Rep4_F5": 0.95,
      "Mmus_C57-6T_TMS_FLT_LAR_Rep5_F6": 0.050000000000000044,
      "Mmus_C57-6T_TMS_FLT_LAR_Rep6_F7": 0.050000000000000044,
      "Mmus_C57-6T_TMS_FLT_LAR_Rep7_F8": 0.050000000000000044,
      "Mmus_C57-6T_TMS_FLT_LAR_Rep9_F10": 0.050000000000000044,
      "Mmus_C57-6T_TMS_GC_ISS-T_Rep1_G1": 0.15000000000000002,
      "Mmus_C57-6T_TMS_GC_ISS-T_Rep2_G2": 0.15000000000000002,
      "Mmus_C57-6T_TMS_GC_ISS-T_Rep3_G3": 0.25,
      "Mmus_C57-6T_TMS_GC_ISS-T_Rep4_G4": 0.95,
      "Mmus_C57-6T_TMS_GC_ISS-T_Rep5_G5": 0.95,
      "Mmus_C57-6T_TMS_GC_ISS-T_Rep6_G6": 0.15000000000000002,
      "Mmus_C57-6T_TMS_GC_ISS-T_Rep7_G7": 0.050000000000000044,
      "Mmus_C57-6T_TMS_GC_ISS-T_Rep8_G8": 0.050000000000000044,
      "Mmus_C57-6T_TMS_GC_ISS-T_Rep9_G9": 0.050000000000000044,
      "Mmus_C57-6T_TMS_GC_ISS-T_Rep10_G10": 0.050000000000000044,
      "Mmus_C57-6T_TMS_FLT_ISS-T_Rep1_F1": 0.78,
      "Mmus_C57-6T_TMS_FLT_ISS-T_Rep2_F2": 0.15000000000000002,
      "Mmus_C57-6T_TMS_FLT_ISS-T_Rep3_F3": 0.15000000000000002,
      "Mmus_C57-6T_TMS_FLT_ISS-T_Rep4_F4": 0.15000000000000002,
      "Mmus_C57-6T_TMS_FLT_ISS-T_Rep5_F5": 0.050000000000000044,
      "Mmus_C57-6T_TMS_FLT_ISS-T_Rep6_F6": 0.050000000000000044,
      "Mmus_C57-6T_TMS_FLT_ISS-T_Rep7_F7": 0.050000000000000044,
      "Mmus_C57-6T_TMS_FLT_ISS-T_Rep8_F8": 0.050000000000000044,
      "Mmus_C57-6T_TMS_FLT_ISS-T_Rep9_F9": 0.95,
      "Mmus_C57-6T_TMS_FLT_ISS-T_Rep10_F10": 0.95
    },
    "fold_RR-9_test": {
      "RR9_TMS_FLT_F1": 0.050000000000000044,
      "RR9_TMS_FLT_F6": 0.050000000000000044,
      "RR9_TMS_FLT_F7": 0.15000000000000002,
      "RR9_TMS_FLT_F3": 0.15000000000000002,
      "RR9_TMS_FLT_F5": 0.050000000000000044,
      "RR9_TMS_FLT_F2": 0.15000000000000002,
      "RR9_TMS_FLT_F8": 0.050000000000000044,
      "RR9_TMS_FLT_F4": 0.050000000000000044,
      "RR9_TMS_FLT_F10": 0.050000000000000044,
      "RR9_TMS_FLT_F9": 0.050000000000000044,
      "RR9_TMS_GC_G4": 0.050000000000000044,
      "RR9_TMS_GC_G10": 0.050000000000000044,
      "RR9_TMS_GC_G1": 0.050000000000000044,
      "RR9_TMS_GC_G7": 0.15000000000000002,
      "RR9_TMS_GC_G6": 0.050000000000000044,
      "RR9_TMS_GC_G9": 0.050000000000000044,
      "RR9_TMS_GC_G8": 0.15000000000000002,
      "RR9_TMS_GC_G3": 0.050000000000000044,
      "RR9_TMS_GC_G2": 0.050000000000000044,
      "RR9_TMS_GC_G5": 0.050000000000000044
    }
  }
}