{
  "task_id": "A6",
  "model_name": "DeepSeek-V3_zeroshot",
  "model_description": "deepseek-chat, zero-shot, top-50 genes, per-sample z-score",
  "tier": "3",
  "llm_variant": "zero_shot",
  "n_genes_in_prompt": 50,
  "submission_date": "2026-03-10",
  "parse_summary": {
    "total": 37,
    "parsed": 37,
    "failed": 0
  },
  "predictions": {
    "fold_RR-1_test": {
      "Mmus_C57-6J_EYE_GC_Rep1_M33": 0.050000000000000044,
      "Mmus_C57-6J_EYE_GC_Rep2_M34": 0.050000000000000044,
      "Mmus_C57-6J_EYE_GC_Rep3_M35": 0.050000000000000044,
      "Mmus_C57-6J_EYE_GC_Rep4_M36": 0.050000000000000044,
      "Mmus_C57-6J_EYE_GC_Rep5_M37": 0.050000000000000044,
      "Mmus_C57-6J_EYE_GC_Rep6_M38": 0.050000000000000044,
      "Mmus_C57-6J_EYE_FLT_Rep1_M23": 0.050000000000000044,
      "Mmus_C57-6J_EYE_FLT_Rep2_M24": 0.050000000000000044,
      "Mmus_C57-6J_EYE_FLT_Rep3_M25": 0.050000000000000044,
      "Mmus_C57-6J_EYE_FLT_Rep4_M26": 0.050000000000000044,
      "Mmus_C57-6J_EYE_FLT_Rep5_M27": 0.050000000000000044,
      "Mmus_C57-6J_EYE_FLT_Rep6_M28": 0.050000000000000044
    },
    "fold_RR-3_test": {
      "Mmus_BAL-TAL_LRTN_GC_Rep1_G6": 0.050000000000000044,
      "Mmus_BAL-TAL_LRTN_GC_Rep2_G8": 0.050000000000000044,
      "Mmus_BAL-TAL_LRTN_GC_Rep3_G9": 0.050000000000000044,
      "Mmus_BAL-TAL_RRTN_GC_Rep4_G10": 0.15000000000000002,
      "Mmus_BAL-TAL_LRTN_FLT_Rep1_F6": 0.15000000000000002,
      "Mmus_BAL-TAL_LRTN_FLT_Rep2_F7": 0.050000000000000044,
      "Mmus_BAL-TAL_LRTN_FLT_Rep3_F8": 0.050000000000000044,
      "Mmus_BAL-TAL_LRTN_FLT_Rep4_F9": 0.050000000000000044,
      "Mmus_BAL-TAL_LRTN_FLT_Rep5_F10": 0.050000000000000044
    },
    "fold_TBD_test": {
      "M21": 0.050000000000000044,
      "M22": 0.050000000000000044,
      "M23": 0.050000000000000044,
      "M24": 0.050000000000000044,
      "M25": 0.050000000000000044,
      "M26": 0.050000000000000044,
      "M27": 0.050000000000000044,
      "M29": 0.050000000000000044,
      "M30": 0.050000000000000044,
      "M31": 0.050000000000000044,
      "M32": 0.050000000000000044,
      "M33": 0.050000000000000044,
      "M34": 0.050000000000000044,
      "M35": 0.050000000000000044,
      "M36": 0.050000000000000044,
      "M37": 0.050000000000000044
    }
  },
  "evaluation_context": {
    "end_to_end_auroc": 0.49558823529411766,
    "parsed_only_auroc": 0.49558823529411766
  }
}