,RR-1,RR-9
RR-1,1.0,0.05738295318127251
RR-9,0.05738295318127251,1.0
