,RR-6,MHU-2,RR-9
RR-6,1.0,0.4927250900360144,0.6189195678271309
MHU-2,0.4927250900360144,1.0,0.7441536614645858
RR-9,0.6189195678271309,0.7441536614645858,1.0
