,RR-1,RR-3,TBD
RR-1,1.0,0.28,0.5932773109243697
RR-3,0.28,1.0,0.13277310924369748
TBD,0.5932773109243697,0.13277310924369748,1.0
