,RR-1,RR-3,RR-7
RR-1,1.0,0.8247275542956558,0.03640544515924528
RR-3,0.8247275542956558,1.0,0.003103455825299878
RR-7,0.03640544515924528,0.003103455825299878,1.0
