,RR-1,RR-3,RR-7
RR-1,1.0,0.03212484993997599,-0.2967106842737095
RR-3,0.03212484993997599,1.0,0.4100360144057623
RR-7,-0.2967106842737095,0.4100360144057623,1.0
