,RR-1,RR-9
RR-1,1.0,0.692236057246644
RR-9,0.692236057246644,1.0
