,RR-1,RR-3,TBD
RR-1,1.0,0.04890584852683284,5.612748920975478e-06
RR-3,0.04890584852683284,1.0,0.3580014312154612
TBD,5.612748920975478e-06,0.3580014312154612,1.0
