,RR-6,MHU-2,RR-9
RR-6,1.0,0.00027791842550096594,1.660289973103182e-06
MHU-2,0.00027791842550096594,1.0,5.890900649824568e-10
RR-9,1.660289973103182e-06,5.890900649824568e-10,1.0
