{
  "lr": {
    "model": "Logistic Regression (ElasticNet)",
    "model_key": "lr",
    "n_folds": 3,
    "mean_auroc": 0.9074074074074074,
    "std_auroc": 0.09442628728875521,
    "min_auroc": 0.7777777777777779,
    "max_auroc": 1.0,
    "mean_ci_lower": 0.7166666666666667,
    "mean_perm_pvalue": 0.026333333333333334,
    "folds": [
      {
        "test_mission": "RR-1",
        "model": "Logistic Regression (ElasticNet)",
        "auroc": 0.7777777777777779,
        "bootstrap_mean": 0.7809069805194806,
        "ci_lower": 0.4,
        "ci_upper": 1.0,
        "perm_pvalue": 0.058,
        "n_train": 20,
        "n_test": 12,
        "n_genes": 15760,
        "n_flight_test": 6,
        "n_ground_test": 6,
        "train_time_s": 8.74
      },
      {
        "test_mission": "RR-5",
        "model": "Logistic Regression (ElasticNet)",
        "auroc": 0.9444444444444444,
        "bootstrap_mean": 0.9440328044494712,
        "ci_lower": 0.75,
        "ci_upper": 1.0,
        "perm_pvalue": 0.004,
        "n_train": 20,
        "n_test": 12,
        "n_genes": 15760,
        "n_flight_test": 6,
        "n_ground_test": 6,
        "train_time_s": 12.4
      },
      {
        "test_mission": "RR-9",
        "model": "Logistic Regression (ElasticNet)",
        "auroc": 1.0,
        "bootstrap_mean": 1.0,
        "ci_lower": 1.0,
        "ci_upper": 1.0,
        "perm_pvalue": 0.017,
        "n_train": 24,
        "n_test": 8,
        "n_genes": 15760,
        "n_flight_test": 4,
        "n_ground_test": 4,
        "train_time_s": 15.24
      }
    ]
  },
  "rf": {
    "model": "Random Forest",
    "model_key": "rf",
    "n_folds": 3,
    "mean_auroc": 0.6909722222222223,
    "std_auroc": 0.10634300577162187,
    "min_auroc": 0.5416666666666667,
    "max_auroc": 0.78125,
    "mean_ci_lower": 0.30158730158730157,
    "mean_perm_pvalue": 0.20733333333333334,
    "folds": [
      {
        "test_mission": "RR-1",
        "model": "Random Forest",
        "auroc": 0.5416666666666667,
        "bootstrap_mean": 0.5355389174482925,
        "ci_lower": 0.17142857142857137,
        "ci_upper": 0.8857936507936507,
        "perm_pvalue": 0.44,
        "n_train": 20,
        "n_test": 12,
        "n_genes": 15760,
        "n_flight_test": 6,
        "n_ground_test": 6,
        "train_time_s": 0.38
      },
      {
        "test_mission": "RR-5",
        "model": "Random Forest",
        "auroc": 0.75,
        "bootstrap_mean": 0.7580515099033618,
        "ci_lower": 0.4,
        "ci_upper": 1.0,
        "perm_pvalue": 0.086,
        "n_train": 20,
        "n_test": 12,
        "n_genes": 15760,
        "n_flight_test": 6,
        "n_ground_test": 6,
        "train_time_s": 0.36
      },
      {
        "test_mission": "RR-9",
        "model": "Random Forest",
        "auroc": 0.78125,
        "bootstrap_mean": 0.7796736991167434,
        "ci_lower": 0.33333333333333337,
        "ci_upper": 1.0,
        "perm_pvalue": 0.096,
        "n_train": 24,
        "n_test": 8,
        "n_genes": 15760,
        "n_flight_test": 4,
        "n_ground_test": 4,
        "train_time_s": 0.5
      }
    ]
  },
  "pca_lr": {
    "model": "PCA-50 + LogReg",
    "model_key": "pca_lr",
    "n_folds": 3,
    "mean_auroc": 0.8240740740740741,
    "std_auroc": 0.14756830972693732,
    "min_auroc": 0.6388888888888888,
    "max_auroc": 1.0,
    "mean_ci_lower": 0.5833333333333334,
    "mean_perm_pvalue": 0.08866666666666667,
    "folds": [
      {
        "test_mission": "RR-1",
        "model": "PCA-50 + LogReg",
        "auroc": 0.6388888888888888,
        "bootstrap_mean": 0.6352941829004329,
        "ci_lower": 0.25,
        "ci_upper": 0.96875,
        "perm_pvalue": 0.222,
        "n_train": 20,
        "n_test": 12,
        "n_genes": 15760,
        "n_flight_test": 6,
        "n_ground_test": 6,
        "train_time_s": 0.07
      },
      {
        "test_mission": "RR-5",
        "model": "PCA-50 + LogReg",
        "auroc": 0.8333333333333334,
        "bootstrap_mean": 0.8395571978905313,
        "ci_lower": 0.5,
        "ci_upper": 1.0,
        "perm_pvalue": 0.027,
        "n_train": 20,
        "n_test": 12,
        "n_genes": 15760,
        "n_flight_test": 6,
        "n_ground_test": 6,
        "train_time_s": 0.03
      },
      {
        "test_mission": "RR-9",
        "model": "PCA-50 + LogReg",
        "auroc": 1.0,
        "bootstrap_mean": 1.0,
        "ci_lower": 1.0,
        "ci_upper": 1.0,
        "perm_pvalue": 0.017,
        "n_train": 24,
        "n_test": 8,
        "n_genes": 15760,
        "n_flight_test": 4,
        "n_ground_test": 4,
        "train_time_s": 0.03
      }
    ]
  },
  "xgb": {
    "model": "XGBoost",
    "model_key": "xgb",
    "n_folds": 3,
    "mean_auroc": 0.6226851851851852,
    "std_auroc": 0.1911369940124353,
    "min_auroc": 0.36111111111111116,
    "max_auroc": 0.8125,
    "mean_ci_lower": 0.2222222222222222,
    "mean_perm_pvalue": 0.33266666666666667,
    "folds": [
      {
        "test_mission": "RR-1",
        "model": "XGBoost",
        "auroc": 0.36111111111111116,
        "bootstrap_mean": 0.36226125841750845,
        "ci_lower": 0.0,
        "ci_upper": 0.7777777777777778,
        "perm_pvalue": 0.782,
        "n_train": 20,
        "n_test": 12,
        "n_genes": 15760,
        "n_flight_test": 6,
        "n_ground_test": 6,
        "train_time_s": 1.17
      },
      {
        "test_mission": "RR-5",
        "model": "XGBoost",
        "auroc": 0.6944444444444445,
        "bootstrap_mean": 0.6940036567351382,
        "ci_lower": 0.3333333333333333,
        "ci_upper": 1.0,
        "perm_pvalue": 0.117,
        "n_train": 20,
        "n_test": 12,
        "n_genes": 15760,
        "n_flight_test": 6,
        "n_ground_test": 6,
        "train_time_s": 3.74
      },
      {
        "test_mission": "RR-9",
        "model": "XGBoost",
        "auroc": 0.8125,
        "bootstrap_mean": 0.8097416234639018,
        "ci_lower": 0.3333333333333333,
        "ci_upper": 1.0,
        "perm_pvalue": 0.099,
        "n_train": 24,
        "n_test": 8,
        "n_genes": 15760,
        "n_flight_test": 4,
        "n_ground_test": 4,
        "train_time_s": 2.74
      }
    ]
  }
}