{
  "lr": {
    "n_folds": 3,
    "mean_auroc": 0.40277777777777785,
    "std_auroc": 0.13749298523071762,
    "mean_ci_lower": 0.05555555555555555,
    "mean_perm_p": 0.6743256743256744,
    "go_auroc": false,
    "go_ci": false,
    "go_perm": false,
    "go": false,
    "folds": [
      {
        "test_mission": "RR-1",
        "train_missions": [
          "RR-5",
          "RR-9"
        ],
        "auroc": 0.5833333333333334,
        "ci_lower": 0.16666666666666666,
        "ci_upper": 0.9166666666666667,
        "perm_p": 0.35864135864135865,
        "n_test": 12,
        "n_flight_test": 6,
        "n_ground_test": 6,
        "n_pathways": 196,
        "n_train": 20,
        "train_time_s": 0.94
      },
      {
        "test_mission": "RR-5",
        "train_missions": [
          "RR-1",
          "RR-9"
        ],
        "auroc": 0.24999999999999997,
        "ci_lower": 0.0,
        "ci_upper": 0.6285714285714286,
        "perm_p": 0.9340659340659341,
        "n_test": 12,
        "n_flight_test": 6,
        "n_ground_test": 6,
        "n_pathways": 196,
        "n_train": 20,
        "train_time_s": 0.2
      },
      {
        "test_mission": "RR-9",
        "train_missions": [
          "RR-1",
          "RR-5"
        ],
        "auroc": 0.375,
        "ci_lower": 0.0,
        "ci_upper": 0.8571428571428571,
        "perm_p": 0.7302697302697303,
        "n_test": 8,
        "n_flight_test": 4,
        "n_ground_test": 4,
        "n_pathways": 196,
        "n_train": 24,
        "train_time_s": 0.2
      }
    ]
  },
  "pca_lr": {
    "n_folds": 3,
    "mean_auroc": 0.4814814814814814,
    "std_auroc": 0.04721314364437762,
    "mean_ci_lower": 0.06666666666666667,
    "mean_perm_p": 0.5870795870795871,
    "go_auroc": false,
    "go_ci": false,
    "go_perm": false,
    "go": false,
    "folds": [
      {
        "test_mission": "RR-1",
        "train_missions": [
          "RR-5",
          "RR-9"
        ],
        "auroc": 0.5277777777777777,
        "ci_lower": 0.1142857142857143,
        "ci_upper": 0.90625,
        "perm_p": 0.5014985014985015,
        "n_test": 12,
        "n_flight_test": 6,
        "n_ground_test": 6,
        "n_pathways": 196,
        "n_train": 20,
        "train_time_s": 0.02
      },
      {
        "test_mission": "RR-5",
        "train_missions": [
          "RR-1",
          "RR-9"
        ],
        "auroc": 0.41666666666666663,
        "ci_lower": 0.08571428571428572,
        "ci_upper": 0.8125,
        "perm_p": 0.7222777222777222,
        "n_test": 12,
        "n_flight_test": 6,
        "n_ground_test": 6,
        "n_pathways": 196,
        "n_train": 20,
        "train_time_s": 0.02
      },
      {
        "test_mission": "RR-9",
        "train_missions": [
          "RR-1",
          "RR-5"
        ],
        "auroc": 0.5,
        "ci_lower": 0.0,
        "ci_upper": 1.0,
        "perm_p": 0.5374625374625375,
        "n_test": 8,
        "n_flight_test": 4,
        "n_ground_test": 4,
        "n_pathways": 196,
        "n_train": 24,
        "train_time_s": 0.02
      }
    ]
  }
}