{
  "lr": {
    "model": "Logistic Regression (ElasticNet)",
    "model_key": "lr",
    "n_folds": 3,
    "mean_auroc": 0.5210960960960961,
    "std_auroc": 0.17208099219228098,
    "min_auroc": 0.2777777777777778,
    "max_auroc": 0.6466216216216215,
    "mean_ci_lower": 0.2590953889973498,
    "mean_perm_pvalue": 0.39133333333333337,
    "folds": [
      {
        "test_mission": "RR-1",
        "model": "Logistic Regression (ElasticNet)",
        "auroc": 0.2777777777777778,
        "bootstrap_mean": 0.28389315476190474,
        "ci_lower": 0.0,
        "ci_upper": 0.6666666666666666,
        "perm_pvalue": 0.918,
        "n_train": 106,
        "n_test": 12,
        "n_genes": 19561,
        "n_flight_test": 6,
        "n_ground_test": 6,
        "train_time_s": 124.59
      },
      {
        "test_mission": "RR-3",
        "model": "Logistic Regression (ElasticNet)",
        "auroc": 0.6388888888888888,
        "bootstrap_mean": 0.6454390211640212,
        "ci_lower": 0.27731481481481485,
        "ci_upper": 1.0,
        "perm_pvalue": 0.242,
        "n_train": 106,
        "n_test": 12,
        "n_genes": 19561,
        "n_flight_test": 6,
        "n_ground_test": 6,
        "train_time_s": 83.49
      },
      {
        "test_mission": "RR-7",
        "model": "Logistic Regression (ElasticNet)",
        "auroc": 0.6466216216216215,
        "bootstrap_mean": 0.6473379921478918,
        "ci_lower": 0.49997135217723454,
        "ci_upper": 0.7853407705007072,
        "perm_pvalue": 0.014,
        "n_train": 24,
        "n_test": 94,
        "n_genes": 19561,
        "n_flight_test": 20,
        "n_ground_test": 74,
        "train_time_s": 16.81
      }
    ]
  },
  "pca_lr": {
    "model": "PCA-50 + LogReg",
    "model_key": "pca_lr",
    "n_folds": 3,
    "mean_auroc": 0.4601601601601602,
    "std_auroc": 0.2075596273768932,
    "min_auroc": 0.16666666666666666,
    "max_auroc": 0.6111111111111112,
    "mean_ci_lower": 0.22813372255467845,
    "mean_perm_pvalue": 0.4486666666666667,
    "folds": [
      {
        "test_mission": "RR-1",
        "model": "PCA-50 + LogReg",
        "auroc": 0.16666666666666666,
        "bootstrap_mean": 0.17310891053391056,
        "ci_lower": 0.0,
        "ci_upper": 0.5999999999999999,
        "perm_pvalue": 0.989,
        "n_train": 106,
        "n_test": 12,
        "n_genes": 19561,
        "n_flight_test": 6,
        "n_ground_test": 6,
        "train_time_s": 0.25
      },
      {
        "test_mission": "RR-3",
        "model": "PCA-50 + LogReg",
        "auroc": 0.6111111111111112,
        "bootstrap_mean": 0.6156108225108224,
        "ci_lower": 0.2284126984126984,
        "ci_upper": 1.0,
        "perm_pvalue": 0.289,
        "n_train": 106,
        "n_test": 12,
        "n_genes": 19561,
        "n_flight_test": 6,
        "n_ground_test": 6,
        "train_time_s": 0.15
      },
      {
        "test_mission": "RR-7",
        "model": "PCA-50 + LogReg",
        "auroc": 0.6027027027027028,
        "bootstrap_mean": 0.602260775767167,
        "ci_lower": 0.4559884692513369,
        "ci_upper": 0.7336631312154647,
        "perm_pvalue": 0.068,
        "n_train": 24,
        "n_test": 94,
        "n_genes": 19561,
        "n_flight_test": 20,
        "n_ground_test": 74,
        "train_time_s": 0.03
      }
    ]
  },
  "rf": {
    "model": "Random Forest",
    "model_key": "rf",
    "n_folds": 3,
    "mean_auroc": 0.5638263263263265,
    "std_auroc": 0.25606087599388805,
    "min_auroc": 0.23611111111111108,
    "max_auroc": 0.8611111111111112,
    "mean_ci_lower": 0.35858440620593396,
    "mean_perm_pvalue": 0.35400000000000004,
    "folds": [
      {
        "test_mission": "RR-1",
        "model": "Random Forest",
        "auroc": 0.23611111111111108,
        "bootstrap_mean": 0.24357156535594038,
        "ci_lower": 0.0,
        "ci_upper": 0.6111111111111112,
        "perm_pvalue": 0.948,
        "n_train": 106,
        "n_test": 12,
        "n_genes": 19561,
        "n_flight_test": 6,
        "n_ground_test": 6,
        "train_time_s": 0.54
      },
      {
        "test_mission": "RR-3",
        "model": "Random Forest",
        "auroc": 0.8611111111111112,
        "bootstrap_mean": 0.8645233991702742,
        "ci_lower": 0.59984375,
        "ci_upper": 1.0,
        "perm_pvalue": 0.015,
        "n_train": 106,
        "n_test": 12,
        "n_genes": 19561,
        "n_flight_test": 6,
        "n_ground_test": 6,
        "train_time_s": 0.35
      },
      {
        "test_mission": "RR-7",
        "model": "Random Forest",
        "auroc": 0.5942567567567568,
        "bootstrap_mean": 0.5961187291036294,
        "ci_lower": 0.4759094686178019,
        "ci_upper": 0.717418484403255,
        "perm_pvalue": 0.099,
        "n_train": 24,
        "n_test": 94,
        "n_genes": 19561,
        "n_flight_test": 20,
        "n_ground_test": 74,
        "train_time_s": 0.16
      }
    ]
  }
}