{
  "lr": {
    "n_folds": 3,
    "mean_auroc": 0.47389889889889886,
    "std_auroc": 0.09746711716274936,
    "mean_ci_lower": 0.17868223166654787,
    "mean_perm_p": 0.6350316350316351,
    "go_auroc": false,
    "go_ci": false,
    "go_perm": false,
    "go": false,
    "folds": [
      {
        "test_mission": "RR-1",
        "train_missions": [
          "RR-3",
          "RR-7"
        ],
        "auroc": 0.41666666666666663,
        "ci_lower": 0.05714285714285713,
        "ci_upper": 0.777864583333333,
        "perm_p": 0.7022977022977023,
        "n_test": 12,
        "n_flight_test": 6,
        "n_ground_test": 6,
        "n_pathways": 35,
        "n_train": 106,
        "train_time_s": 0.04
      },
      {
        "test_mission": "RR-3",
        "train_missions": [
          "RR-1",
          "RR-7"
        ],
        "auroc": 0.6111111111111112,
        "ci_lower": 0.21875,
        "ci_upper": 1.0,
        "perm_p": 0.2777222777222777,
        "n_test": 12,
        "n_flight_test": 6,
        "n_ground_test": 6,
        "n_pathways": 35,
        "n_train": 106,
        "train_time_s": 0.07
      },
      {
        "test_mission": "RR-7",
        "train_missions": [
          "RR-1",
          "RR-3"
        ],
        "auroc": 0.39391891891891895,
        "ci_lower": 0.26015383785678653,
        "ci_upper": 0.530720029239766,
        "perm_p": 0.9250749250749251,
        "n_test": 94,
        "n_flight_test": 20,
        "n_ground_test": 74,
        "n_pathways": 35,
        "n_train": 24,
        "train_time_s": 0.01
      }
    ]
  },
  "pca_lr": {
    "n_folds": 3,
    "mean_auroc": 0.5186186186186187,
    "std_auroc": 0.114042177420652,
    "mean_ci_lower": 0.21663984447419918,
    "mean_perm_p": 0.5477855477855478,
    "go_auroc": false,
    "go_ci": false,
    "go_perm": false,
    "go": false,
    "folds": [
      {
        "test_mission": "RR-1",
        "train_missions": [
          "RR-3",
          "RR-7"
        ],
        "auroc": 0.5,
        "ci_lower": 0.11111111111111116,
        "ci_upper": 0.8519841269841263,
        "perm_p": 0.5314685314685315,
        "n_test": 12,
        "n_flight_test": 6,
        "n_ground_test": 6,
        "n_pathways": 35,
        "n_train": 106,
        "train_time_s": 0.06
      },
      {
        "test_mission": "RR-3",
        "train_missions": [
          "RR-1",
          "RR-7"
        ],
        "auroc": 0.6666666666666667,
        "ci_lower": 0.2857142857142857,
        "ci_upper": 1.0,
        "perm_p": 0.17182817182817184,
        "n_test": 12,
        "n_flight_test": 6,
        "n_ground_test": 6,
        "n_pathways": 35,
        "n_train": 106,
        "train_time_s": 0.04
      },
      {
        "test_mission": "RR-7",
        "train_missions": [
          "RR-1",
          "RR-3"
        ],
        "auroc": 0.38918918918918916,
        "ci_lower": 0.25309413659720076,
        "ci_upper": 0.5340044490683036,
        "perm_p": 0.9400599400599401,
        "n_test": 94,
        "n_flight_test": 20,
        "n_ground_test": 74,
        "n_pathways": 35,
        "n_train": 24,
        "train_time_s": 0.01
      }
    ]
  }
}