{
  "fold_results": {
    "MHU-1": {
      "probas": [
        0.9990092827092707,
        0.8415880986639799,
        0.9430723324135735,
        0.0025904640222586817,
        0.04237572549605269,
        0.017028057156965787
      ],
      "true": [
        1,
        1,
        1,
        0,
        0,
        0
      ],
      "n_test": 6
    },
    "MHU-2": {
      "probas": [
        0.47433597738313815,
        0.9749805904406698,
        0.2270933150699988,
        0.06720877467763635,
        0.03379743507761737,
        0.17283508903512812
      ],
      "true": [
        1,
        1,
        1,
        0,
        0,
        0
      ],
      "n_test": 6
    },
    "RR-6": {
      "probas": [
        0.999999840637151,
        0.9999999952690428,
        0.9999019209007558,
        0.997386611608513,
        0.9999992857027791,
        0.9990218000891058,
        0.9999991329031628,
        0.9993398586132127,
        0.9999995623444736,
        0.9999999938917552,
        0.9999999733066722,
        0.999802366875519,
        0.9999928551658995,
        0.9999995876506622,
        0.9867501033582878,
        0.9786265222851216,
        0.9976643950390784,
        0.998979782504022,
        0.9999999641086619,
        0.9999110790577291,
        0.9999492748482078,
        0.9871438883165453,
        0.5236312116979961,
        0.357842921910762,
        0.00941971562352793,
        0.9999993608382995,
        0.9999999952850931,
        0.999999797634609,
        0.9999999874501674,
        0.9999942273667085,
        0.21824166496792619,
        0.9999999733964275,
        0.9999996961663818,
        0.9989104451201942,
        0.8127224510142402
      ],
      "true": [
        0,
        0,
        0,
        0,
        0,
        0,
        0,
        0,
        1,
        1,
        1,
        1,
        1,
        1,
        1,
        0,
        0,
        0,
        0,
        0,
        0,
        0,
        0,
        0,
        0,
        1,
        1,
        1,
        1,
        1,
        1,
        1,
        1,
        1,
        1
      ],
      "n_test": 35
    },
    "RR-9": {
      "probas": [
        0.0031695467067588256,
        0.0005116797764189464,
        0.01997625091272082,
        0.005829250216485038,
        0.00035877877784573013,
        0.001637019301476336,
        0.001753493432674663,
        0.0009799928518065663,
        0.0006570088015959711,
        0.015400857822051927,
        4.54056472485119e-05,
        1.0593303085073406e-05,
        1.2051821311312194e-05,
        1.7160216004919136e-05,
        1.7342184227453047e-05,
        8.298877064825144e-05,
        3.928780349853889e-06,
        1.0730532706788927e-05,
        0.00034304466067940266,
        9.602768642831883e-05
      ],
      "true": [
        1,
        1,
        1,
        1,
        1,
        1,
        1,
        1,
        1,
        1,
        0,
        0,
        0,
        0,
        0,
        0,
        0,
        0,
        0,
        0
      ],
      "n_test": 20
    }
  },
  "flight_mean": 0.6220231974882965,
  "gc_mean": 0.47603800059363893,
  "separation": 0.14598519689465755,
  "flt_error_rate": 0.3939393939393939,
  "gc_error_rate": 0.47058823529411764
}