{
  "lr": {
    "n_folds": 4,
    "mean_auroc": 0.8439869281045751,
    "std_auroc": 0.09500550267242905,
    "mean_ci_lower": 0.6167774685631828,
    "mean_perm_p": 0.05094905094905095,
    "go_auroc": true,
    "go_ci": true,
    "go_perm": false,
    "go": false,
    "folds": [
      {
        "test_mission": "MHU-1",
        "train_missions": [
          "MHU-2",
          "RR-6",
          "RR-9"
        ],
        "auroc": 1.0,
        "ci_lower": 1.0,
        "ci_upper": 1.0,
        "perm_p": 0.04795204795204795,
        "n_test": 6,
        "n_flight_test": 3,
        "n_ground_test": 3,
        "n_pathways": 215,
        "n_train": 61,
        "train_time_s": 0.1
      },
      {
        "test_mission": "MHU-2",
        "train_missions": [
          "MHU-1",
          "RR-6",
          "RR-9"
        ],
        "auroc": 0.7777777777777779,
        "ci_lower": 0.25,
        "ci_upper": 1.0,
        "perm_p": 0.14485514485514486,
        "n_test": 6,
        "n_flight_test": 3,
        "n_ground_test": 3,
        "n_pathways": 215,
        "n_train": 61,
        "train_time_s": 0.18
      },
      {
        "test_mission": "RR-6",
        "train_missions": [
          "MHU-1",
          "MHU-2",
          "RR-9"
        ],
        "auroc": 0.7581699346405228,
        "ci_lower": 0.590847247990105,
        "ci_upper": 0.914485991765127,
        "perm_p": 0.004995004995004995,
        "n_test": 35,
        "n_flight_test": 17,
        "n_ground_test": 18,
        "n_pathways": 215,
        "n_train": 32,
        "train_time_s": 0.12
      },
      {
        "test_mission": "RR-9",
        "train_missions": [
          "MHU-1",
          "MHU-2",
          "RR-6"
        ],
        "auroc": 0.8400000000000001,
        "ci_lower": 0.6262626262626263,
        "ci_upper": 1.0,
        "perm_p": 0.005994005994005994,
        "n_test": 20,
        "n_flight_test": 10,
        "n_ground_test": 10,
        "n_pathways": 215,
        "n_train": 47,
        "train_time_s": 0.18
      }
    ]
  },
  "pca_lr": {
    "n_folds": 4,
    "mean_auroc": 0.7702124183006536,
    "std_auroc": 0.15850137029127287,
    "mean_ci_lower": 0.5287498143196673,
    "mean_perm_p": 0.1436063936063936,
    "go_auroc": true,
    "go_ci": true,
    "go_perm": false,
    "go": false,
    "folds": [
      {
        "test_mission": "MHU-1",
        "train_missions": [
          "MHU-2",
          "RR-6",
          "RR-9"
        ],
        "auroc": 1.0,
        "ci_lower": 1.0,
        "ci_upper": 1.0,
        "perm_p": 0.04795204795204795,
        "n_test": 6,
        "n_flight_test": 3,
        "n_ground_test": 3,
        "n_pathways": 215,
        "n_train": 61,
        "train_time_s": 0.01
      },
      {
        "test_mission": "MHU-2",
        "train_missions": [
          "MHU-1",
          "RR-6",
          "RR-9"
        ],
        "auroc": 0.5555555555555556,
        "ci_lower": 0.0,
        "ci_upper": 1.0,
        "perm_p": 0.5094905094905094,
        "n_test": 6,
        "n_flight_test": 3,
        "n_ground_test": 3,
        "n_pathways": 215,
        "n_train": 61,
        "train_time_s": 0.01
      },
      {
        "test_mission": "RR-6",
        "train_missions": [
          "MHU-1",
          "MHU-2",
          "RR-9"
        ],
        "auroc": 0.7352941176470589,
        "ci_lower": 0.5629159239453357,
        "ci_upper": 0.900032894736842,
        "perm_p": 0.005994005994005994,
        "n_test": 35,
        "n_flight_test": 17,
        "n_ground_test": 18,
        "n_pathways": 215,
        "n_train": 32,
        "train_time_s": 0.03
      },
      {
        "test_mission": "RR-9",
        "train_missions": [
          "MHU-1",
          "MHU-2",
          "RR-6"
        ],
        "auroc": 0.79,
        "ci_lower": 0.5520833333333334,
        "ci_upper": 0.967032967032967,
        "perm_p": 0.01098901098901099,
        "n_test": 20,
        "n_flight_test": 10,
        "n_ground_test": 10,
        "n_pathways": 215,
        "n_train": 47,
        "train_time_s": 1.87
      }
    ]
  }
}