{
  "lr": {
    "model": "Logistic Regression (ElasticNet)",
    "model_key": "lr",
    "n_folds": 3,
    "mean_auroc": 0.8213857877015771,
    "std_auroc": 0.05079657927578136,
    "min_auroc": 0.7690058479532164,
    "max_auroc": 0.8901515151515151,
    "mean_ci_lower": 0.6371912990196078,
    "mean_perm_pvalue": 0.002331002331002331,
    "folds": [
      {
        "test_mission": "MHU-2",
        "model": "Logistic Regression (ElasticNet)",
        "auroc": 0.8901515151515151,
        "bootstrap_mean": 0.8880215972735181,
        "ci_lower": 0.7007812499999999,
        "ci_upper": 1.0,
        "perm_pvalue": 0.000999000999000999,
        "n_train": 67,
        "n_test": 35,
        "n_genes": 20110,
        "n_flight_test": 11,
        "n_ground_test": 24,
        "train_time_s": 90.94
      },
      {
        "test_mission": "RR-6",
        "model": "Logistic Regression (ElasticNet)",
        "auroc": 0.7690058479532164,
        "bootstrap_mean": 0.7676508287045186,
        "ci_lower": 0.6028676470588235,
        "ci_upper": 0.9059061015710632,
        "perm_pvalue": 0.001998001998001998,
        "n_train": 65,
        "n_test": 37,
        "n_genes": 20110,
        "n_flight_test": 18,
        "n_ground_test": 19,
        "train_time_s": 70.47
      },
      {
        "test_mission": "RR-7",
        "model": "Logistic Regression (ElasticNet)",
        "auroc": 0.8049999999999999,
        "bootstrap_mean": 0.8026194461440418,
        "ci_lower": 0.6079249999999999,
        "ci_upper": 0.9471626984126984,
        "perm_pvalue": 0.003996003996003996,
        "n_train": 72,
        "n_test": 30,
        "n_genes": 20110,
        "n_flight_test": 10,
        "n_ground_test": 20,
        "train_time_s": 209.66
      }
    ]
  },
  "rf": {
    "model": "Random Forest",
    "model_key": "rf",
    "n_folds": 3,
    "mean_auroc": 0.7631317561580718,
    "std_auroc": 0.019627490760129485,
    "min_auroc": 0.7353801169590642,
    "max_auroc": 0.7775,
    "mean_ci_lower": 0.5655192064199417,
    "mean_perm_pvalue": 0.006327006327006327,
    "folds": [
      {
        "test_mission": "MHU-2",
        "model": "Random Forest",
        "auroc": 0.7765151515151516,
        "bootstrap_mean": 0.7717750696322346,
        "ci_lower": 0.5604640151515151,
        "ci_upper": 0.9487713675213675,
        "perm_pvalue": 0.007992007992007992,
        "n_train": 67,
        "n_test": 35,
        "n_genes": 20110,
        "n_flight_test": 11,
        "n_ground_test": 24,
        "train_time_s": 0.41
      },
      {
        "test_mission": "RR-6",
        "model": "Random Forest",
        "auroc": 0.7353801169590642,
        "bootstrap_mean": 0.7364638424360932,
        "ci_lower": 0.5514705882352942,
        "ci_upper": 0.8918337203302372,
        "perm_pvalue": 0.005994005994005994,
        "n_train": 65,
        "n_test": 37,
        "n_genes": 20110,
        "n_flight_test": 18,
        "n_ground_test": 19,
        "train_time_s": 0.39
      },
      {
        "test_mission": "RR-7",
        "model": "Random Forest",
        "auroc": 0.7775,
        "bootstrap_mean": 0.774880885865922,
        "ci_lower": 0.5846230158730159,
        "ci_upper": 0.9298676470588234,
        "perm_pvalue": 0.004995004995004995,
        "n_train": 72,
        "n_test": 30,
        "n_genes": 20110,
        "n_flight_test": 10,
        "n_ground_test": 20,
        "train_time_s": 0.33
      }
    ]
  },
  "pca_lr": {
    "model": "PCA-50 + LogReg",
    "model_key": "pca_lr",
    "n_folds": 3,
    "mean_auroc": 0.7943762183235868,
    "std_auroc": 0.03619623489998425,
    "min_auroc": 0.7514619883040936,
    "max_auroc": 0.8400000000000001,
    "mean_ci_lower": 0.6073020654974731,
    "mean_perm_pvalue": 0.0036630036630036634,
    "folds": [
      {
        "test_mission": "MHU-2",
        "model": "PCA-50 + LogReg",
        "auroc": 0.7916666666666667,
        "bootstrap_mean": 0.7895417527777842,
        "ci_lower": 0.5679203703703705,
        "ci_upper": 0.9676027777777777,
        "perm_pvalue": 0.005994005994005994,
        "n_train": 67,
        "n_test": 35,
        "n_genes": 20110,
        "n_flight_test": 11,
        "n_ground_test": 24,
        "train_time_s": 0.37
      },
      {
        "test_mission": "RR-6",
        "model": "PCA-50 + LogReg",
        "auroc": 0.7514619883040936,
        "bootstrap_mean": 0.7509296864588776,
        "ci_lower": 0.5794117647058824,
        "ci_upper": 0.9,
        "perm_pvalue": 0.002997002997002997,
        "n_train": 65,
        "n_test": 37,
        "n_genes": 20110,
        "n_flight_test": 18,
        "n_ground_test": 19,
        "train_time_s": 0.14
      },
      {
        "test_mission": "RR-7",
        "model": "PCA-50 + LogReg",
        "auroc": 0.8400000000000001,
        "bootstrap_mean": 0.8388475856733292,
        "ci_lower": 0.6745740614161667,
        "ci_upper": 0.9638169934640523,
        "perm_pvalue": 0.001998001998001998,
        "n_train": 72,
        "n_test": 30,
        "n_genes": 20110,
        "n_flight_test": 10,
        "n_ground_test": 20,
        "train_time_s": 0.08
      }
    ]
  },
  "xgb": {
    "model": "XGBoost",
    "model_key": "xgb",
    "n_folds": 3,
    "mean_auroc": 0.756330852383484,
    "std_auroc": 0.029286026455041986,
    "min_auroc": 0.725,
    "max_auroc": 0.7954545454545455,
    "mean_ci_lower": 0.5584213966026793,
    "mean_perm_pvalue": 0.01232101232101232,
    "folds": [
      {
        "test_mission": "MHU-2",
        "model": "XGBoost",
        "auroc": 0.7954545454545455,
        "bootstrap_mean": 0.7909241785378742,
        "ci_lower": 0.5868659420289855,
        "ci_upper": 0.9658119658119658,
        "perm_pvalue": 0.002997002997002997,
        "n_train": 67,
        "n_test": 35,
        "n_genes": 20110,
        "n_flight_test": 11,
        "n_ground_test": 24,
        "train_time_s": 11.67
      },
      {
        "test_mission": "RR-6",
        "model": "XGBoost",
        "auroc": 0.7485380116959065,
        "bootstrap_mean": 0.7500529825922944,
        "ci_lower": 0.5764527629233511,
        "ci_upper": 0.9030303030303031,
        "perm_pvalue": 0.002997002997002997,
        "n_train": 65,
        "n_test": 37,
        "n_genes": 20110,
        "n_flight_test": 18,
        "n_ground_test": 19,
        "train_time_s": 2.36
      },
      {
        "test_mission": "RR-7",
        "model": "XGBoost",
        "auroc": 0.725,
        "bootstrap_mean": 0.7201701536325541,
        "ci_lower": 0.5119454848557016,
        "ci_upper": 0.8935350529100529,
        "perm_pvalue": 0.030969030969030968,
        "n_train": 72,
        "n_test": 30,
        "n_genes": 20110,
        "n_flight_test": 10,
        "n_ground_test": 20,
        "train_time_s": 2.03
      }
    ]
  }
}