{
  "lr": {
    "n_folds": 3,
    "mean_auroc": 0.8379062555378346,
    "std_auroc": 0.05957199894049333,
    "mean_ci_lower": 0.6852245757562284,
    "mean_perm_p": 0.002331002331002331,
    "go_auroc": true,
    "go_ci": true,
    "go_perm": true,
    "go": true,
    "folds": [
      {
        "test_mission": "MHU-2",
        "train_missions": [
          "RR-6",
          "RR-7"
        ],
        "auroc": 0.8484848484848485,
        "ci_lower": 0.6879768707482993,
        "ci_upper": 0.976,
        "perm_p": 0.000999000999000999,
        "n_test": 35,
        "n_flight_test": 11,
        "n_ground_test": 24,
        "n_pathways": 229,
        "n_train": 67,
        "train_time_s": 3.76
      },
      {
        "test_mission": "RR-6",
        "train_missions": [
          "MHU-2",
          "RR-7"
        ],
        "auroc": 0.760233918128655,
        "ci_lower": 0.5952100840336134,
        "ci_upper": 0.9117647058823529,
        "perm_p": 0.004995004995004995,
        "n_test": 37,
        "n_flight_test": 18,
        "n_ground_test": 19,
        "n_pathways": 229,
        "n_train": 65,
        "train_time_s": 1.17
      },
      {
        "test_mission": "RR-7",
        "train_missions": [
          "MHU-2",
          "RR-6"
        ],
        "auroc": 0.9050000000000001,
        "ci_lower": 0.7724867724867724,
        "ci_upper": 1.0,
        "perm_p": 0.000999000999000999,
        "n_test": 30,
        "n_flight_test": 10,
        "n_ground_test": 20,
        "n_pathways": 229,
        "n_train": 72,
        "train_time_s": 0.82
      }
    ]
  },
  "pca_lr": {
    "n_folds": 3,
    "mean_auroc": 0.8206636540847067,
    "std_auroc": 0.03902150419989035,
    "mean_ci_lower": 0.6506606345249424,
    "mean_perm_p": 0.002331002331002331,
    "go_auroc": true,
    "go_ci": true,
    "go_perm": true,
    "go": true,
    "folds": [
      {
        "test_mission": "MHU-2",
        "train_missions": [
          "RR-6",
          "RR-7"
        ],
        "auroc": 0.8409090909090909,
        "ci_lower": 0.6839068027210884,
        "ci_upper": 0.9693954854669141,
        "perm_p": 0.000999000999000999,
        "n_test": 35,
        "n_flight_test": 11,
        "n_ground_test": 24,
        "n_pathways": 229,
        "n_train": 67,
        "train_time_s": 0.03
      },
      {
        "test_mission": "RR-6",
        "train_missions": [
          "MHU-2",
          "RR-7"
        ],
        "auroc": 0.7660818713450291,
        "ci_lower": 0.5934339525283798,
        "ci_upper": 0.9137185846560845,
        "perm_p": 0.003996003996003996,
        "n_test": 37,
        "n_flight_test": 18,
        "n_ground_test": 19,
        "n_pathways": 229,
        "n_train": 65,
        "train_time_s": 0.03
      },
      {
        "test_mission": "RR-7",
        "train_missions": [
          "MHU-2",
          "RR-6"
        ],
        "auroc": 0.8550000000000001,
        "ci_lower": 0.6746411483253589,
        "ci_upper": 0.9829545454545455,
        "perm_p": 0.001998001998001998,
        "n_test": 30,
        "n_flight_test": 10,
        "n_ground_test": 20,
        "n_pathways": 229,
        "n_train": 72,
        "train_time_s": 0.01
      }
    ]
  }
}