{
  "lr": {
    "n_folds": 3,
    "mean_auroc": 0.6751001240474924,
    "std_auroc": 0.024961532719171998,
    "mean_ci_lower": 0.46410361326513777,
    "mean_perm_p": 0.05827505827505828,
    "go_auroc": false,
    "go_ci": false,
    "go_perm": false,
    "go": false,
    "folds": [
      {
        "test_mission": "MHU-2",
        "train_missions": [
          "RR-6",
          "RR-7"
        ],
        "auroc": 0.6893939393939393,
        "ci_lower": 0.4599942528735632,
        "ci_upper": 0.8876811594202898,
        "perm_p": 0.04295704295704296,
        "n_test": 35,
        "n_flight_test": 11,
        "n_ground_test": 24,
        "n_pathways": 34,
        "n_train": 67,
        "train_time_s": 0.7
      },
      {
        "test_mission": "RR-6",
        "train_missions": [
          "MHU-2",
          "RR-7"
        ],
        "auroc": 0.695906432748538,
        "ci_lower": 0.5175438596491229,
        "ci_upper": 0.8601312229437229,
        "perm_p": 0.022977022977022976,
        "n_test": 37,
        "n_flight_test": 18,
        "n_ground_test": 19,
        "n_pathways": 34,
        "n_train": 65,
        "train_time_s": 0.02
      },
      {
        "test_mission": "RR-7",
        "train_missions": [
          "MHU-2",
          "RR-6"
        ],
        "auroc": 0.64,
        "ci_lower": 0.4147727272727273,
        "ci_upper": 0.8600909090909087,
        "perm_p": 0.1088911088911089,
        "n_test": 30,
        "n_flight_test": 10,
        "n_ground_test": 20,
        "n_pathways": 34,
        "n_train": 72,
        "train_time_s": 0.13
      }
    ]
  },
  "pca_lr": {
    "n_folds": 3,
    "mean_auroc": 0.6607912457912458,
    "std_auroc": 0.044210440242645775,
    "mean_ci_lower": 0.4441985112885734,
    "mean_perm_p": 0.0899100899100899,
    "go_auroc": false,
    "go_ci": false,
    "go_perm": false,
    "go": false,
    "folds": [
      {
        "test_mission": "MHU-2",
        "train_missions": [
          "RR-6",
          "RR-7"
        ],
        "auroc": 0.6401515151515151,
        "ci_lower": 0.4183248299319728,
        "ci_upper": 0.84,
        "perm_p": 0.10989010989010989,
        "n_test": 35,
        "n_flight_test": 11,
        "n_ground_test": 24,
        "n_pathways": 34,
        "n_train": 67,
        "train_time_s": 0.03
      },
      {
        "test_mission": "RR-6",
        "train_missions": [
          "MHU-2",
          "RR-7"
        ],
        "auroc": 0.7222222222222223,
        "ci_lower": 0.5416666666666667,
        "ci_upper": 0.8830409356725146,
        "perm_p": 0.007992007992007992,
        "n_test": 37,
        "n_flight_test": 18,
        "n_ground_test": 19,
        "n_pathways": 34,
        "n_train": 65,
        "train_time_s": 0.05
      },
      {
        "test_mission": "RR-7",
        "train_missions": [
          "MHU-2",
          "RR-6"
        ],
        "auroc": 0.62,
        "ci_lower": 0.3726040372670807,
        "ci_upper": 0.8677512030453206,
        "perm_p": 0.15184815184815184,
        "n_test": 30,
        "n_flight_test": 10,
        "n_ground_test": 20,
        "n_pathways": 34,
        "n_train": 72,
        "train_time_s": 0.06
      }
    ]
  }
}