{
  "lr": {
    "n_folds": 3,
    "mean_auroc": 0.7596234272550061,
    "std_auroc": 0.01689215059597977,
    "mean_ci_lower": 0.5844552246331017,
    "mean_perm_p": 0.007992007992007992,
    "go_auroc": true,
    "go_ci": true,
    "go_perm": true,
    "go": true,
    "folds": [
      {
        "test_mission": "MHU-2",
        "train_missions": [
          "RR-6",
          "RR-7"
        ],
        "auroc": 0.7386363636363636,
        "ci_lower": 0.5631685432793807,
        "ci_upper": 0.8920214285714285,
        "perm_p": 0.01098901098901099,
        "n_test": 35,
        "n_flight_test": 11,
        "n_ground_test": 24,
        "n_pathways": 1103,
        "n_train": 67,
        "train_time_s": 17.09
      },
      {
        "test_mission": "RR-6",
        "train_missions": [
          "MHU-2",
          "RR-7"
        ],
        "auroc": 0.7602339181286549,
        "ci_lower": 0.5822794117647058,
        "ci_upper": 0.9136904761904762,
        "perm_p": 0.005994005994005994,
        "n_test": 37,
        "n_flight_test": 18,
        "n_ground_test": 19,
        "n_pathways": 1103,
        "n_train": 65,
        "train_time_s": 16.98
      },
      {
        "test_mission": "RR-7",
        "train_missions": [
          "MHU-2",
          "RR-6"
        ],
        "auroc": 0.7799999999999999,
        "ci_lower": 0.6079177188552188,
        "ci_upper": 0.9280057416267942,
        "perm_p": 0.006993006993006993,
        "n_test": 30,
        "n_flight_test": 10,
        "n_ground_test": 20,
        "n_pathways": 1103,
        "n_train": 72,
        "train_time_s": 13.74
      }
    ]
  },
  "pca_lr": {
    "n_folds": 3,
    "mean_auroc": 0.7479886585149743,
    "std_auroc": 0.029095001807844773,
    "mean_ci_lower": 0.5628270733652312,
    "mean_perm_p": 0.007992007992007992,
    "go_auroc": true,
    "go_ci": true,
    "go_perm": true,
    "go": true,
    "folds": [
      {
        "test_mission": "MHU-2",
        "train_missions": [
          "RR-6",
          "RR-7"
        ],
        "auroc": 0.7613636363636364,
        "ci_lower": 0.5679666666666666,
        "ci_upper": 0.9183976737548165,
        "perm_p": 0.005994005994005994,
        "n_test": 35,
        "n_flight_test": 11,
        "n_ground_test": 24,
        "n_pathways": 1103,
        "n_train": 67,
        "train_time_s": 0.86
      },
      {
        "test_mission": "RR-6",
        "train_missions": [
          "MHU-2",
          "RR-7"
        ],
        "auroc": 0.7076023391812866,
        "ci_lower": 0.523390350877193,
        "ci_upper": 0.8696969696969696,
        "perm_p": 0.015984015984015984,
        "n_test": 37,
        "n_flight_test": 18,
        "n_ground_test": 19,
        "n_pathways": 1103,
        "n_train": 65,
        "train_time_s": 0.03
      },
      {
        "test_mission": "RR-7",
        "train_missions": [
          "MHU-2",
          "RR-6"
        ],
        "auroc": 0.775,
        "ci_lower": 0.5971242025518341,
        "ci_upper": 0.9259259259259259,
        "perm_p": 0.001998001998001998,
        "n_test": 30,
        "n_flight_test": 10,
        "n_ground_test": 20,
        "n_pathways": 1103,
        "n_train": 72,
        "train_time_s": 0.12
      }
    ]
  }
}