{
  "lr": {
    "model": "Logistic Regression (ElasticNet)",
    "model_key": "lr",
    "n_folds": 3,
    "mean_auroc": 0.8105820105820106,
    "std_auroc": 0.0725813309789366,
    "min_auroc": 0.7222222222222223,
    "max_auroc": 0.9,
    "mean_ci_lower": 0.4703174603174603,
    "mean_perm_pvalue": 0.06266666666666666,
    "folds": [
      {
        "test_mission": "RR-1",
        "model": "Logistic Regression (ElasticNet)",
        "auroc": 0.7222222222222223,
        "bootstrap_mean": 0.7245207040644541,
        "ci_lower": 0.3142857142857143,
        "ci_upper": 1.0,
        "perm_pvalue": 0.12,
        "n_train": 25,
        "n_test": 12,
        "n_genes": 20294,
        "n_flight_test": 6,
        "n_ground_test": 6,
        "train_time_s": 5.54
      },
      {
        "test_mission": "RR-3",
        "model": "Logistic Regression (ElasticNet)",
        "auroc": 0.9,
        "bootstrap_mean": 0.9049927560459156,
        "ci_lower": 0.555,
        "ci_upper": 1.0,
        "perm_pvalue": 0.041,
        "n_train": 28,
        "n_test": 9,
        "n_genes": 20294,
        "n_flight_test": 5,
        "n_ground_test": 4,
        "train_time_s": 6.75
      },
      {
        "test_mission": "TBD",
        "model": "Logistic Regression (ElasticNet)",
        "auroc": 0.8095238095238095,
        "bootstrap_mean": 0.8082522699522701,
        "ci_lower": 0.5416666666666666,
        "ci_upper": 1.0,
        "perm_pvalue": 0.027,
        "n_train": 21,
        "n_test": 16,
        "n_genes": 20294,
        "n_flight_test": 9,
        "n_ground_test": 7,
        "train_time_s": 5.53
      }
    ]
  },
  "pca_lr": {
    "model": "PCA-50 + LogReg",
    "model_key": "pca_lr",
    "n_folds": 3,
    "mean_auroc": 0.7894179894179895,
    "std_auroc": 0.12729019551698217,
    "min_auroc": 0.6111111111111112,
    "max_auroc": 0.9,
    "mean_ci_lower": 0.4462847222222222,
    "mean_perm_pvalue": 0.11066666666666665,
    "folds": [
      {
        "test_mission": "RR-1",
        "model": "PCA-50 + LogReg",
        "auroc": 0.6111111111111112,
        "bootstrap_mean": 0.6135947901635402,
        "ci_lower": 0.1942708333333333,
        "ci_upper": 1.0,
        "perm_pvalue": 0.289,
        "n_train": 25,
        "n_test": 12,
        "n_genes": 20294,
        "n_flight_test": 6,
        "n_ground_test": 6,
        "train_time_s": 0.03
      },
      {
        "test_mission": "RR-3",
        "model": "PCA-50 + LogReg",
        "auroc": 0.9,
        "bootstrap_mean": 0.9049927560459156,
        "ci_lower": 0.555,
        "ci_upper": 1.0,
        "perm_pvalue": 0.038,
        "n_train": 28,
        "n_test": 9,
        "n_genes": 20294,
        "n_flight_test": 5,
        "n_ground_test": 4,
        "train_time_s": 0.03
      },
      {
        "test_mission": "TBD",
        "model": "PCA-50 + LogReg",
        "auroc": 0.8571428571428572,
        "bootstrap_mean": 0.8546177444083694,
        "ci_lower": 0.5895833333333333,
        "ci_upper": 1.0,
        "perm_pvalue": 0.005,
        "n_train": 21,
        "n_test": 16,
        "n_genes": 20294,
        "n_flight_test": 9,
        "n_ground_test": 7,
        "train_time_s": 0.04
      }
    ]
  },
  "rf": {
    "model": "Random Forest",
    "model_key": "rf",
    "n_folds": 3,
    "mean_auroc": 0.723015873015873,
    "std_auroc": 0.1679113887856242,
    "min_auroc": 0.5138888888888888,
    "max_auroc": 0.925,
    "mean_ci_lower": 0.403030303030303,
    "mean_perm_pvalue": 0.19133333333333336,
    "folds": [
      {
        "test_mission": "RR-1",
        "model": "Random Forest",
        "auroc": 0.5138888888888888,
        "bootstrap_mean": 0.5099211700336701,
        "ci_lower": 0.09999999999999998,
        "ci_upper": 0.8519841269841268,
        "perm_pvalue": 0.487,
        "n_train": 25,
        "n_test": 12,
        "n_genes": 20294,
        "n_flight_test": 6,
        "n_ground_test": 6,
        "train_time_s": 0.11
      },
      {
        "test_mission": "RR-3",
        "model": "Random Forest",
        "auroc": 0.925,
        "bootstrap_mean": 0.9277821559917849,
        "ci_lower": 0.7,
        "ci_upper": 1.0,
        "perm_pvalue": 0.027,
        "n_train": 28,
        "n_test": 9,
        "n_genes": 20294,
        "n_flight_test": 5,
        "n_ground_test": 4,
        "train_time_s": 1.14
      },
      {
        "test_mission": "TBD",
        "model": "Random Forest",
        "auroc": 0.7301587301587301,
        "bootstrap_mean": 0.7294705197580197,
        "ci_lower": 0.40909090909090906,
        "ci_upper": 0.9545454545454545,
        "perm_pvalue": 0.06,
        "n_train": 21,
        "n_test": 16,
        "n_genes": 20294,
        "n_flight_test": 9,
        "n_ground_test": 7,
        "train_time_s": 0.11
      }
    ]
  }
}