{
  "lr": {
    "n_folds": 3,
    "mean_auroc": 0.7753968253968254,
    "std_auroc": 0.06190815348191301,
    "mean_ci_lower": 0.4461904761904762,
    "mean_perm_p": 0.06926406926406926,
    "go_auroc": true,
    "go_ci": false,
    "go_perm": false,
    "go": false,
    "folds": [
      {
        "test_mission": "RR-1",
        "train_missions": [
          "RR-3",
          "TBD"
        ],
        "auroc": 0.7777777777777779,
        "ci_lower": 0.4285714285714286,
        "ci_upper": 1.0,
        "perm_p": 0.06393606393606394,
        "n_test": 12,
        "n_flight_test": 6,
        "n_ground_test": 6,
        "n_pathways": 225,
        "n_train": 25,
        "train_time_s": 0.98
      },
      {
        "test_mission": "RR-3",
        "train_missions": [
          "RR-1",
          "TBD"
        ],
        "auroc": 0.85,
        "ci_lower": 0.5,
        "ci_upper": 1.0,
        "perm_p": 0.05094905094905095,
        "n_test": 9,
        "n_flight_test": 5,
        "n_ground_test": 4,
        "n_pathways": 225,
        "n_train": 28,
        "train_time_s": 0.52
      },
      {
        "test_mission": "TBD",
        "train_missions": [
          "RR-1",
          "RR-3"
        ],
        "auroc": 0.6984126984126985,
        "ci_lower": 0.41000000000000003,
        "ci_upper": 0.9375,
        "perm_p": 0.09290709290709291,
        "n_test": 16,
        "n_flight_test": 9,
        "n_ground_test": 7,
        "n_pathways": 225,
        "n_train": 21,
        "train_time_s": 0.24
      }
    ]
  },
  "pca_lr": {
    "n_folds": 3,
    "mean_auroc": 0.8277777777777778,
    "std_auroc": 0.0523127662660205,
    "mean_ci_lower": 0.5200823713323715,
    "mean_perm_p": 0.039627039627039624,
    "go_auroc": true,
    "go_ci": true,
    "go_perm": true,
    "go": true,
    "folds": [
      {
        "test_mission": "RR-1",
        "train_missions": [
          "RR-3",
          "TBD"
        ],
        "auroc": 0.8055555555555556,
        "ci_lower": 0.48125,
        "ci_upper": 1.0,
        "perm_p": 0.056943056943056944,
        "n_test": 12,
        "n_flight_test": 6,
        "n_ground_test": 6,
        "n_pathways": 225,
        "n_train": 25,
        "train_time_s": 0.03
      },
      {
        "test_mission": "RR-3",
        "train_missions": [
          "RR-1",
          "TBD"
        ],
        "auroc": 0.9,
        "ci_lower": 0.5662698412698414,
        "ci_upper": 1.0,
        "perm_p": 0.028971028971028972,
        "n_test": 9,
        "n_flight_test": 5,
        "n_ground_test": 4,
        "n_pathways": 225,
        "n_train": 28,
        "train_time_s": 0.1
      },
      {
        "test_mission": "TBD",
        "train_missions": [
          "RR-1",
          "RR-3"
        ],
        "auroc": 0.7777777777777778,
        "ci_lower": 0.5127272727272728,
        "ci_upper": 0.96875,
        "perm_p": 0.03296703296703297,
        "n_test": 16,
        "n_flight_test": 9,
        "n_ground_test": 7,
        "n_pathways": 225,
        "n_train": 21,
        "train_time_s": 0.02
      }
    ]
  }
}