{
  "task_id": "A4",
  "model_name": "PCA-LR_baseline_v1",
  "model_description": "StandardScaler + PCA(min(50,n_train-1)) + LogReg(L2, lbfgs, C=1.0, balanced), LOMO Tier 1 baseline \u2014 matches official build_pca_lr() in run_baselines.py",
  "tier": "1",
  "submission_date": "2026-03-01",
  "predictions": {
    "fold_MHU-1_test": {
      "Mmus_C57-6J_TMS_MHU1_FLT_uG_Rep1": 0.9990273476454024,
      "Mmus_C57-6J_TMS_MHU1_FLT_uG_Rep2": 0.8441601255096527,
      "Mmus_C57-6J_TMS_MHU1_FLT_uG_Rep3": 0.9439531487460263,
      "Mmus_C57-6CR_TMS_MHU1_GC_1G_Rep1": 0.0026212384210716716,
      "Mmus_C57-6CR_TMS_MHU1_GC_1G_Rep2": 0.04300421565826355,
      "Mmus_C57-6CR_TMS_MHU1_GC_1G_Rep3": 0.01730264450532914
    },
    "fold_MHU-2_test": {
      "Mmus_C57-6J_TMS_MHU2_FLT_uG_Rep1": 0.47518692891153286,
      "Mmus_C57-6J_TMS_MHU2_FLT_uG_Rep2": 0.9750097577611471,
      "Mmus_C57-6J_TMS_MHU2_FLT_uG_Rep3": 0.227699437427391,
      "Mmus_C57-6J_TMS_MHU2_GC_1G_Rep1": 0.06725853445032895,
      "Mmus_C57-6J_TMS_MHU2_GC_1G_Rep2": 0.03393754025890125,
      "Mmus_C57-6J_TMS_MHU2_GC_1G_Rep3": 0.17307108685387937
    },
    "fold_RR-6_test": {
      "Mmus_C57-6T_TMS_GC_LAR_Rep1_G2": 0.999999840637151,
      "Mmus_C57-6T_TMS_GC_LAR_Rep2_G3": 0.9999999952690428,
      "Mmus_C57-6T_TMS_GC_LAR_Rep3_G4": 0.9999019209007558,
      "Mmus_C57-6T_TMS_GC_LAR_Rep4_G5": 0.997386611608513,
      "Mmus_C57-6T_TMS_GC_LAR_Rep5_G6": 0.9999992857027791,
      "Mmus_C57-6T_TMS_GC_LAR_Rep6_G7": 0.9990218000891058,
      "Mmus_C57-6T_TMS_GC_LAR_Rep8_G9": 0.9999991329031628,
      "Mmus_C57-6T_TMS_GC_LAR_Rep9_G10": 0.9993398586132127,
      "Mmus_C57-6T_TMS_FLT_LAR_Rep2_F2": 0.9999995623444736,
      "Mmus_C57-6T_TMS_FLT_LAR_Rep3_F4": 0.9999999938917552,
      "Mmus_C57-6T_TMS_FLT_LAR_Rep4_F5": 0.9999999733066722,
      "Mmus_C57-6T_TMS_FLT_LAR_Rep5_F6": 0.999802366875519,
      "Mmus_C57-6T_TMS_FLT_LAR_Rep6_F7": 0.9999928551658995,
      "Mmus_C57-6T_TMS_FLT_LAR_Rep7_F8": 0.9999995876506622,
      "Mmus_C57-6T_TMS_FLT_LAR_Rep9_F10": 0.9867501033582878,
      "Mmus_C57-6T_TMS_GC_ISS-T_Rep1_G1": 0.9786265222851216,
      "Mmus_C57-6T_TMS_GC_ISS-T_Rep2_G2": 0.9976643950390784,
      "Mmus_C57-6T_TMS_GC_ISS-T_Rep3_G3": 0.998979782504022,
      "Mmus_C57-6T_TMS_GC_ISS-T_Rep4_G4": 0.9999999641086619,
      "Mmus_C57-6T_TMS_GC_ISS-T_Rep5_G5": 0.9999110790577291,
      "Mmus_C57-6T_TMS_GC_ISS-T_Rep6_G6": 0.9999492748482078,
      "Mmus_C57-6T_TMS_GC_ISS-T_Rep7_G7": 0.9871438883165453,
      "Mmus_C57-6T_TMS_GC_ISS-T_Rep8_G8": 0.5236312116979961,
      "Mmus_C57-6T_TMS_GC_ISS-T_Rep9_G9": 0.357842921910762,
      "Mmus_C57-6T_TMS_GC_ISS-T_Rep10_G10": 0.00941971562352793,
      "Mmus_C57-6T_TMS_FLT_ISS-T_Rep1_F1": 0.9999993608382995,
      "Mmus_C57-6T_TMS_FLT_ISS-T_Rep2_F2": 0.9999999952850931,
      "Mmus_C57-6T_TMS_FLT_ISS-T_Rep3_F3": 0.999999797634609,
      "Mmus_C57-6T_TMS_FLT_ISS-T_Rep4_F4": 0.9999999874501674,
      "Mmus_C57-6T_TMS_FLT_ISS-T_Rep5_F5": 0.9999942273667085,
      "Mmus_C57-6T_TMS_FLT_ISS-T_Rep6_F6": 0.21824166496792619,
      "Mmus_C57-6T_TMS_FLT_ISS-T_Rep7_F7": 0.9999999733964275,
      "Mmus_C57-6T_TMS_FLT_ISS-T_Rep8_F8": 0.9999996961663818,
      "Mmus_C57-6T_TMS_FLT_ISS-T_Rep9_F9": 0.9989104451201942,
      "Mmus_C57-6T_TMS_FLT_ISS-T_Rep10_F10": 0.8127224510142402
    },
    "fold_RR-9_test": {
      "RR9_TMS_FLT_F1": 0.003205259967508037,
      "RR9_TMS_FLT_F6": 0.0005142094131104267,
      "RR9_TMS_FLT_F7": 0.0200884685449536,
      "RR9_TMS_FLT_F3": 0.005962955791876012,
      "RR9_TMS_FLT_F5": 0.00036501330322859964,
      "RR9_TMS_FLT_F2": 0.001651727905476088,
      "RR9_TMS_FLT_F8": 0.0017704202550192286,
      "RR9_TMS_FLT_F4": 0.001001092757994427,
      "RR9_TMS_FLT_F10": 0.0006691252359797332,
      "RR9_TMS_FLT_F9": 0.015521985580730691,
      "RR9_TMS_GC_G4": 4.697191687273641e-05,
      "RR9_TMS_GC_G10": 1.0785222963079197e-05,
      "RR9_TMS_GC_G1": 1.233084994397151e-05,
      "RR9_TMS_GC_G7": 1.762061954626262e-05,
      "RR9_TMS_GC_G6": 1.7778497363983025e-05,
      "RR9_TMS_GC_G9": 8.508932317059438e-05,
      "RR9_TMS_GC_G8": 4.026042662014955e-06,
      "RR9_TMS_GC_G3": 1.092296348461085e-05,
      "RR9_TMS_GC_G2": 0.00035466942716250134,
      "RR9_TMS_GC_G5": 9.798505815895454e-05
    }
  }
}