{
  "task_id": "B2",
  "model_name": "PCA-LR_baseline_v1",
  "model_description": "StandardScaler + PCA(min(50,n_train-1)) + LogReg(L2, lbfgs, C=1.0, balanced), PCA-LR cross-mission transfer, gastrocnemius (3 missions \u2192 6 pairs)",
  "tier": "1",
  "submission_date": "2026-03-01",
  "predictions": {
    "pair_RR-1_RR-5": {
      "RR-5.GSM5398358": 8.141593567626178e-06,
      "RR-5.GSM5398359": 1.545347306271359e-05,
      "RR-5.GSM5398360": 2.367734268061001e-05,
      "RR-5.GSM5398361": 2.9395284480196103e-05,
      "RR-5.GSM5398362": 2.3586880360264334e-05,
      "RR-5.GSM5398363": 1.0549282803251903e-05,
      "RR-5.GSM5398364": 1.1743708754749795e-05,
      "RR-5.GSM5398365": 7.458912751094928e-06,
      "RR-5.GSM5398366": 4.323558287925215e-05,
      "RR-5.GSM5398367": 5.216986614798986e-05,
      "RR-5.GSM5398368": 1.2120661009577473e-05,
      "RR-5.GSM5398369": 1.2939633663160096e-05
    },
    "pair_RR-1_RR-9": {
      "RR-9.SRR11148753": 0.0007710073773717832,
      "RR-9.SRR11148754": 0.12001403630859163,
      "RR-9.SRR11148755": 0.029440193255034833,
      "RR-9.SRR11148756": 0.017230889469546082,
      "RR-9.SRR11148757": 0.9829991462643788,
      "RR-9.SRR11148758": 0.7874700194731563,
      "RR-9.SRR11148759": 0.9470718826911433,
      "RR-9.SRR11148760": 0.21587652463015952
    },
    "pair_RR-5_RR-1": {
      "RR-1.Mmus_C57-6J_GST_GC_Rep1_M33": 2.795510614560995e-06,
      "RR-1.Mmus_C57-6J_GST_GC_Rep2_M34": 2.373708508701552e-06,
      "RR-1.Mmus_C57-6J_GST_GC_Rep3_M35": 4.930830313984102e-07,
      "RR-1.Mmus_C57-6J_GST_GC_Rep4_M36": 5.1455213273827026e-05,
      "RR-1.Mmus_C57-6J_GST_GC_Rep5_M37": 0.0001462030941196417,
      "RR-1.Mmus_C57-6J_GST_GC_Rep6_M38": 1.3972460907849335e-05,
      "RR-1.Mmus_C57-6J_GST_FLT_Rep1_M23": 1.0500804770362034e-06,
      "RR-1.Mmus_C57-6J_GST_FLT_Rep2_M24": 2.927284305914646e-05,
      "RR-1.Mmus_C57-6J_GST_FLT_Rep3_M25": 2.1984497008111473e-07,
      "RR-1.Mmus_C57-6J_GST_FLT_Rep4_M26": 8.32334666938788e-06,
      "RR-1.Mmus_C57-6J_GST_FLT_Rep5_M27": 3.576659776786006e-05,
      "RR-1.Mmus_C57-6J_GST_FLT_Rep6_M28": 0.0005535576689464463
    },
    "pair_RR-5_RR-9": {
      "RR-9.SRR11148753": 3.992739960748186e-10,
      "RR-9.SRR11148754": 8.459833955449657e-12,
      "RR-9.SRR11148755": 6.082617619084561e-11,
      "RR-9.SRR11148756": 8.512967817754385e-13,
      "RR-9.SRR11148757": 1.1237514570519825e-11,
      "RR-9.SRR11148758": 4.775318823583442e-10,
      "RR-9.SRR11148759": 3.220833093320076e-11,
      "RR-9.SRR11148760": 4.5088127852459177e-08
    },
    "pair_RR-9_RR-1": {
      "RR-1.Mmus_C57-6J_GST_GC_Rep1_M33": 3.655912404337006e-05,
      "RR-1.Mmus_C57-6J_GST_GC_Rep2_M34": 4.059298079015661e-05,
      "RR-1.Mmus_C57-6J_GST_GC_Rep3_M35": 2.555682464554942e-05,
      "RR-1.Mmus_C57-6J_GST_GC_Rep4_M36": 8.664724434614943e-05,
      "RR-1.Mmus_C57-6J_GST_GC_Rep5_M37": 4.7073123320400984e-05,
      "RR-1.Mmus_C57-6J_GST_GC_Rep6_M38": 2.4133540557158108e-05,
      "RR-1.Mmus_C57-6J_GST_FLT_Rep1_M23": 5.4453930635736377e-05,
      "RR-1.Mmus_C57-6J_GST_FLT_Rep2_M24": 0.0001545567319598191,
      "RR-1.Mmus_C57-6J_GST_FLT_Rep3_M25": 6.196861539485708e-05,
      "RR-1.Mmus_C57-6J_GST_FLT_Rep4_M26": 6.987253575594301e-05,
      "RR-1.Mmus_C57-6J_GST_FLT_Rep5_M27": 0.00013804048955759124,
      "RR-1.Mmus_C57-6J_GST_FLT_Rep6_M28": 0.00013180496678136263
    },
    "pair_RR-9_RR-5": {
      "RR-5.GSM5398358": 2.9211900931245736e-05,
      "RR-5.GSM5398359": 2.8865365650268963e-05,
      "RR-5.GSM5398360": 1.9038425881773708e-05,
      "RR-5.GSM5398361": 7.446819904927593e-05,
      "RR-5.GSM5398362": 0.00015555392902944908,
      "RR-5.GSM5398363": 8.792746185032277e-05,
      "RR-5.GSM5398364": 1.7200569552023865e-05,
      "RR-5.GSM5398365": 1.891798186857644e-05,
      "RR-5.GSM5398366": 1.3675933901101855e-05,
      "RR-5.GSM5398367": 5.3483267207669995e-05,
      "RR-5.GSM5398368": 2.968969112281639e-05,
      "RR-5.GSM5398369": 6.65157442821461e-05
    }
  }
}