{
  "task_id": "B6",
  "model_name": "PCA-LR_baseline_v1",
  "model_description": "StandardScaler + PCA(min(50,n_train-1)) + LogReg(L2, C=1.0, balanced), PCA-LR cross-mission transfer, eye",
  "tier": "1",
  "submission_date": "2026-03-02",
  "predictions": {
    "pair_RR-1_RR-3": {
      "Mmus_BAL-TAL_LRTN_GC_Rep1_G6": 0.9999999977152167,
      "Mmus_BAL-TAL_LRTN_GC_Rep2_G8": 0.9999999999986386,
      "Mmus_BAL-TAL_LRTN_GC_Rep3_G9": 0.9999999999758251,
      "Mmus_BAL-TAL_RRTN_GC_Rep4_G10": 0.9999999999888842,
      "Mmus_BAL-TAL_LRTN_FLT_Rep1_F6": 0.9999999999966784,
      "Mmus_BAL-TAL_LRTN_FLT_Rep2_F7": 0.999999999802988,
      "Mmus_BAL-TAL_LRTN_FLT_Rep3_F8": 0.9999999999998346,
      "Mmus_BAL-TAL_LRTN_FLT_Rep4_F9": 0.9999999999990912,
      "Mmus_BAL-TAL_LRTN_FLT_Rep5_F10": 0.9999999999843718
    },
    "pair_RR-1_TBD": {
      "M21": 0.9999999948673464,
      "M22": 0.9999959431970367,
      "M23": 0.99999999848907,
      "M24": 0.9999999999818185,
      "M25": 0.9999999999997371,
      "M26": 0.9999999999997777,
      "M27": 0.9999999999957596,
      "M29": 0.9999999999600462,
      "M30": 0.9999999999839628,
      "M31": 0.9578040793202658,
      "M32": 0.9999999998971847,
      "M33": 0.9999999999282694,
      "M34": 0.9999999989769135,
      "M35": 0.999999999345591,
      "M36": 0.9999999676286678,
      "M37": 0.9999999999617735
    },
    "pair_RR-3_RR-1": {
      "Mmus_C57-6J_EYE_GC_Rep1_M33": 0.08232242805519667,
      "Mmus_C57-6J_EYE_GC_Rep2_M34": 0.3196878154490046,
      "Mmus_C57-6J_EYE_GC_Rep3_M35": 0.5254205055717257,
      "Mmus_C57-6J_EYE_GC_Rep4_M36": 0.9478472557439158,
      "Mmus_C57-6J_EYE_GC_Rep5_M37": 0.8130277643669249,
      "Mmus_C57-6J_EYE_GC_Rep6_M38": 0.03900413347885823,
      "Mmus_C57-6J_EYE_FLT_Rep1_M23": 0.7976107633018482,
      "Mmus_C57-6J_EYE_FLT_Rep2_M24": 0.9326546116778472,
      "Mmus_C57-6J_EYE_FLT_Rep3_M25": 0.7727754875854846,
      "Mmus_C57-6J_EYE_FLT_Rep4_M26": 0.8041610298092905,
      "Mmus_C57-6J_EYE_FLT_Rep5_M27": 0.08761327196984041,
      "Mmus_C57-6J_EYE_FLT_Rep6_M28": 0.8778977209010046
    },
    "pair_RR-3_TBD": {
      "M21": 0.9999999774893896,
      "M22": 0.9999820985955498,
      "M23": 0.9999905521440822,
      "M24": 0.9999901979916108,
      "M25": 0.9999995311568026,
      "M26": 0.9999996183122262,
      "M27": 0.9999992123998106,
      "M29": 0.9999761385215272,
      "M30": 0.9999984195953525,
      "M31": 0.8183599441029609,
      "M32": 0.9999871315656214,
      "M33": 0.999995997728805,
      "M34": 0.9999835050669416,
      "M35": 0.9995967991114121,
      "M36": 0.999948686086004,
      "M37": 0.9999965678557636
    },
    "pair_TBD_RR-1": {
      "Mmus_C57-6J_EYE_GC_Rep1_M33": 0.06220537951014868,
      "Mmus_C57-6J_EYE_GC_Rep2_M34": 0.390749045471278,
      "Mmus_C57-6J_EYE_GC_Rep3_M35": 0.183746176302114,
      "Mmus_C57-6J_EYE_GC_Rep4_M36": 0.9487868776154145,
      "Mmus_C57-6J_EYE_GC_Rep5_M37": 0.9429002167636475,
      "Mmus_C57-6J_EYE_GC_Rep6_M38": 0.0713468536042685,
      "Mmus_C57-6J_EYE_FLT_Rep1_M23": 0.623436855073694,
      "Mmus_C57-6J_EYE_FLT_Rep2_M24": 0.9024424474471942,
      "Mmus_C57-6J_EYE_FLT_Rep3_M25": 0.5328798999385722,
      "Mmus_C57-6J_EYE_FLT_Rep4_M26": 0.9459130318304523,
      "Mmus_C57-6J_EYE_FLT_Rep5_M27": 0.3349909916114313,
      "Mmus_C57-6J_EYE_FLT_Rep6_M28": 0.7501218742889156
    },
    "pair_TBD_RR-3": {
      "Mmus_BAL-TAL_LRTN_GC_Rep1_G6": 0.990915836890257,
      "Mmus_BAL-TAL_LRTN_GC_Rep2_G8": 0.9934960019413476,
      "Mmus_BAL-TAL_LRTN_GC_Rep3_G9": 0.9519369549500867,
      "Mmus_BAL-TAL_RRTN_GC_Rep4_G10": 0.9978452905166635,
      "Mmus_BAL-TAL_LRTN_FLT_Rep1_F6": 0.9991326230576378,
      "Mmus_BAL-TAL_LRTN_FLT_Rep2_F7": 0.9983030688554746,
      "Mmus_BAL-TAL_LRTN_FLT_Rep3_F8": 0.9950531778561137,
      "Mmus_BAL-TAL_LRTN_FLT_Rep4_F9": 0.9997304511253399,
      "Mmus_BAL-TAL_LRTN_FLT_Rep5_F10": 0.9995684895757483
    }
  }
}