{
  "task_id": "A5",
  "model_name": "PCA-LR_baseline_v1",
  "model_description": "StandardScaler + PCA(min(50,n_train-1)) + LogReg(L2, C=1.0, balanced), LOMO Tier 1 baseline \u2014 skin",
  "tier": "1",
  "submission_date": "2026-03-02",
  "predictions": {
    "fold_MHU-2_test": {
      "Mmus_C57-6J_DSKN_FLT_uG_JC_Rep1_F2": 0.39051614,
      "Mmus_C57-6J_DSKN_FLT_uG_JC_Rep2_F3": 6.288e-05,
      "Mmus_C57-6J_DSKN_FLT_uG_JC_Rep3_F9": 0.99938983,
      "Mmus_C57-6J_DSKN_FLT_uG_JCwFOS_Rep1_F1": 0.99945209,
      "Mmus_C57-6J_DSKN_FLT_uG_JCwFOS_Rep2_F7": 0.99997757,
      "Mmus_C57-6J_DSKN_FLT_uG_JCwFOS_Rep3_F8": 0.99985221,
      "Mmus_C57-6J_DSKN_GC_1G_JC_Rep1_G5": 0.00105249,
      "Mmus_C57-6J_DSKN_GC_1G_JC_Rep2_G6": 0.01465542,
      "Mmus_C57-6J_DSKN_GC_1G_JC_Rep3_G12": 0.99601275,
      "Mmus_C57-6J_DSKN_GC_1G_JCwFOS_Rep1_G4": 0.03754381,
      "Mmus_C57-6J_DSKN_GC_1G_JCwFOS_Rep2_G10": 0.79109646,
      "Mmus_C57-6J_DSKN_GC_1G_JCwFOS_Rep3_G11": 0.00014254,
      "Mmus_C57-6J_DSKN_VIV_1G_JC_Rep1_G2": 0.99194722,
      "Mmus_C57-6J_DSKN_VIV_1G_JC_Rep2_G3": 0.0001184,
      "Mmus_C57-6J_DSKN_VIV_1G_JC_Rep3_G9": 0.19928423,
      "Mmus_C57-6J_DSKN_VIV_1G_JCwFOS_Rep1_G1": 0.40134459,
      "Mmus_C57-6J_DSKN_VIV_1G_JCwFOS_Rep2_G7": 0.00617883,
      "Mmus_C57-6J_DSKN_VIV_1G_JCwFOS_Rep3_G8": 0.99997692,
      "Mmus_C57-6J_FSKN_FLT_uG_JC_Rep1_F2": 0.87994099,
      "Mmus_C57-6J_FSKN_FLT_uG_JC_Rep2_F9": 0.99999989,
      "Mmus_C57-6J_FSKN_FLT_uG_JCwFOS_Rep1_F1": 0.99926399,
      "Mmus_C57-6J_FSKN_FLT_uG_JCwFOS_Rep2_F7": 0.9999903,
      "Mmus_C57-6J_FSKN_FLT_uG_JCwFOS_Rep3_F8": 0.98911223,
      "Mmus_C57-6J_FSKN_GC_1G_JC_Rep1_G5": 0.02746822,
      "Mmus_C57-6J_FSKN_GC_1G_JC_Rep2_G6": 8.936e-05,
      "Mmus_C57-6J_FSKN_GC_1G_JC_Rep3_G12": 0.85535184,
      "Mmus_C57-6J_FSKN_GC_1G_JCwFOS_Rep1_G4": 0.987559,
      "Mmus_C57-6J_FSKN_GC_1G_JCwFOS_Rep2_G10": 0.99658048,
      "Mmus_C57-6J_FSKN_GC_1G_JCwFOS_Rep3_G11": 0.08338536,
      "Mmus_C57-6J_FSKN_VIV_1G_JC_Rep1_G2": 0.75525024,
      "Mmus_C57-6J_FSKN_VIV_1G_JC_Rep2_G3": 0.97791886,
      "Mmus_C57-6J_FSKN_VIV_1G_JC_Rep3_G9": 0.9569908,
      "Mmus_C57-6J_FSKN_VIV_1G_JCwFOS_Rep1_G1": 0.99139813,
      "Mmus_C57-6J_FSKN_VIV_1G_JCwFOS_Rep2_G7": 0.91721839,
      "Mmus_C57-6J_FSKN_VIV_1G_JCwFOS_Rep3_G8": 0.17343426
    },
    "fold_RR-6_test": {
      "Mmus_C57-6T_DSKN_GC_LAR_Rep1_G2": 0.00344671,
      "Mmus_C57-6T_DSKN_GC_LAR_Rep2_G3": 0.00291948,
      "Mmus_C57-6T_DSKN_GC_LAR_Rep3_G4": 0.04149176,
      "Mmus_C57-6T_DSKN_GC_LAR_Rep4_G5": 7.52e-05,
      "Mmus_C57-6T_DSKN_GC_LAR_Rep5_G6": 6e-07,
      "Mmus_C57-6T_DSKN_GC_LAR_Rep6_G7": 0.68248846,
      "Mmus_C57-6T_DSKN_GC_LAR_Rep7_G8": 1.1e-07,
      "Mmus_C57-6T_DSKN_GC_LAR_Rep8_G9": 3.13e-06,
      "Mmus_C57-6T_DSKN_GC_LAR_Rep9_G10": 0.00083173,
      "Mmus_C57-6T_DSKN_FLT_LAR_Rep1_F1": 0.90582687,
      "Mmus_C57-6T_DSKN_FLT_LAR_Rep2_F2": 0.58391661,
      "Mmus_C57-6T_DSKN_FLT_LAR_Rep3_F3": 0.38683162,
      "Mmus_C57-6T_DSKN_FLT_LAR_Rep4_F4": 0.48115929,
      "Mmus_C57-6T_DSKN_FLT_LAR_Rep5_F5": 0.00332565,
      "Mmus_C57-6T_DSKN_FLT_LAR_Rep6_F6": 0.00064961,
      "Mmus_C57-6T_DSKN_FLT_LAR_Rep7_F7": 0.00404777,
      "Mmus_C57-6T_DSKN_FLT_LAR_Rep8_F8": 6.701e-05,
      "Mmus_C57-6T_DSKN_FLT_LAR_Rep9_F9": 1.345e-05,
      "Mmus_C57-6T_DSKN_GC_ISS-T_Rep1_G1": 0.00152835,
      "Mmus_C57-6T_DSKN_GC_ISS-T_Rep2_G2": 0.00172374,
      "Mmus_C57-6T_DSKN_GC_ISS-T_Rep3_G3": 0.88739407,
      "Mmus_C57-6T_DSKN_GC_ISS-T_Rep4_G4": 0.0014745,
      "Mmus_C57-6T_DSKN_GC_ISS-T_Rep5_G5": 0.97175434,
      "Mmus_C57-6T_DSKN_GC_ISS-T_Rep6_G6": 0.9249385,
      "Mmus_C57-6T_DSKN_GC_ISS-T_Rep7_G7": 0.17384084,
      "Mmus_C57-6T_DSKN_GC_ISS-T_Rep8_G8": 0.00946911,
      "Mmus_C57-6T_DSKN_GC_ISS-T_Rep9_G9": 0.00666681,
      "Mmus_C57-6T_DSKN_GC_ISS-T_Rep10_G10": 0.00135947,
      "Mmus_C57-6T_DSKN_FLT_ISS-T_Rep1_F1": 0.9345693,
      "Mmus_C57-6T_DSKN_FLT_ISS-T_Rep2_F2": 0.99728505,
      "Mmus_C57-6T_DSKN_FLT_ISS-T_Rep3_F3": 0.99008529,
      "Mmus_C57-6T_DSKN_FLT_ISS-T_Rep4_F4": 0.99338643,
      "Mmus_C57-6T_DSKN_FLT_ISS-T_Rep5_F6": 0.8877372,
      "Mmus_C57-6T_DSKN_FLT_ISS-T_Rep6_F7": 0.98578395,
      "Mmus_C57-6T_DSKN_FLT_ISS-T_Rep7_F8": 0.99411739,
      "Mmus_C57-6T_DSKN_FLT_ISS-T_Rep8_F9": 0.82184649,
      "Mmus_C57-6T_DSKN_FLT_ISS-T_Rep9_F10": 0.93483792
    },
    "fold_RR-7_test": {
      "Mmus_C57-6J_SKN_FLT_25days_Rep1_F1": 0.84905074,
      "Mmus_C57-6J_SKN_FLT_25days_Rep2_F5": 0.77324528,
      "Mmus_C57-6J_SKN_FLT_25days_Rep3_F9": 0.91006554,
      "Mmus_C57-6J_SKN_FLT_25days_Rep4_F13": 0.2932249,
      "Mmus_C57-6J_SKN_FLT_25days_Rep5_F17": 0.32530368,
      "Mmus_C57-6J_SKN_FLT_75days_Rep1_F3": 0.89283459,
      "Mmus_C57-6J_SKN_FLT_75days_Rep2_F7": 0.96394139,
      "Mmus_C57-6J_SKN_FLT_75days_Rep3_F11": 0.13247599,
      "Mmus_C57-6J_SKN_FLT_75days_Rep4_F15": 0.21050591,
      "Mmus_C57-6J_SKN_FLT_75days_Rep5_F19": 0.22053748,
      "Mmus_C57-6J_SKN_GC_25days_Rep1_G1": 0.80903132,
      "Mmus_C57-6J_SKN_GC_25days_Rep2_G5": 0.00032695,
      "Mmus_C57-6J_SKN_GC_25days_Rep3_G9": 0.21403733,
      "Mmus_C57-6J_SKN_GC_25days_Rep4_G13": 0.02467617,
      "Mmus_C57-6J_SKN_GC_25days_Rep5_G17": 0.00181488,
      "Mmus_C57-6J_SKN_GC_75days_Rep1_G3": 0.00032186,
      "Mmus_C57-6J_SKN_GC_75days_Rep2_G7": 0.21646964,
      "Mmus_C57-6J_SKN_GC_75days_Rep3_G15": 2.157e-05,
      "Mmus_C57-6J_SKN_GC_75days_Rep4_G11": 0.00041521,
      "Mmus_C57-6J_SKN_GC_75days_Rep5_G19": 0.01379252,
      "Mmus_C57-6J_SKN_VIV_25days_Rep1_V1": 0.81426818,
      "Mmus_C57-6J_SKN_VIV_25days_Rep2_V5": 0.00017381,
      "Mmus_C57-6J_SKN_VIV_25days_Rep3_V9": 0.83823639,
      "Mmus_C57-6J_SKN_VIV_25days_Rep4_V13": 0.1651146,
      "Mmus_C57-6J_SKN_VIV_25days_Rep5_V17": 0.00178887,
      "Mmus_C57-6J_SKN_VIV_75days_Rep1_V3": 0.03983496,
      "Mmus_C57-6J_SKN_VIV_75days_Rep2_V7": 0.93494411,
      "Mmus_C57-6J_SKN_VIV_75days_Rep3_V11": 0.00072323,
      "Mmus_C57-6J_SKN_VIV_75days_Rep4_V15": 0.00148106,
      "Mmus_C57-6J_SKN_VIV_75days_Rep5_V19": 0.0022948
    }
  }
}