{
  "task_id": "B4",
  "model_name": "PCA-LR_baseline_v1",
  "model_description": "StandardScaler + PCA(min(50,n_train-1)) + LogReg(L2, lbfgs, C=1.0, balanced), PCA-LR cross-mission transfer, thymus (4 missions \u2192 12 pairs)",
  "tier": "1",
  "submission_date": "2026-03-01",
  "predictions": {
    "pair_MHU-1_MHU-2": {
      "Mmus_C57-6J_TMS_MHU2_FLT_uG_Rep1": 0.14933629297336998,
      "Mmus_C57-6J_TMS_MHU2_FLT_uG_Rep2": 0.8087790500120611,
      "Mmus_C57-6J_TMS_MHU2_FLT_uG_Rep3": 0.11338982956310442,
      "Mmus_C57-6J_TMS_MHU2_GC_1G_Rep1": 0.019288620531862446,
      "Mmus_C57-6J_TMS_MHU2_GC_1G_Rep2": 0.012173062263897458,
      "Mmus_C57-6J_TMS_MHU2_GC_1G_Rep3": 0.04114189240141088
    },
    "pair_MHU-1_RR-6": {
      "Mmus_C57-6T_TMS_GC_LAR_Rep1_G2": 0.0006388513822602718,
      "Mmus_C57-6T_TMS_GC_LAR_Rep2_G3": 0.7533331276357895,
      "Mmus_C57-6T_TMS_GC_LAR_Rep3_G4": 0.0004176259521740026,
      "Mmus_C57-6T_TMS_GC_LAR_Rep4_G5": 0.00010288500173127973,
      "Mmus_C57-6T_TMS_GC_LAR_Rep5_G6": 0.03479141458439357,
      "Mmus_C57-6T_TMS_GC_LAR_Rep6_G7": 1.4901819811792281e-05,
      "Mmus_C57-6T_TMS_GC_LAR_Rep8_G9": 0.9986488021319251,
      "Mmus_C57-6T_TMS_GC_LAR_Rep9_G10": 0.3300805431443749,
      "Mmus_C57-6T_TMS_FLT_LAR_Rep2_F2": 0.9999797722472128,
      "Mmus_C57-6T_TMS_FLT_LAR_Rep3_F4": 0.999999389394397,
      "Mmus_C57-6T_TMS_FLT_LAR_Rep4_F5": 0.9999975894516578,
      "Mmus_C57-6T_TMS_FLT_LAR_Rep5_F6": 0.9025686353839787,
      "Mmus_C57-6T_TMS_FLT_LAR_Rep6_F7": 0.04633741185177911,
      "Mmus_C57-6T_TMS_FLT_LAR_Rep7_F8": 0.9984069238405229,
      "Mmus_C57-6T_TMS_FLT_LAR_Rep9_F10": 0.011188923117962728,
      "Mmus_C57-6T_TMS_GC_ISS-T_Rep1_G1": 3.0041012646059133e-06,
      "Mmus_C57-6T_TMS_GC_ISS-T_Rep2_G2": 4.760498292361084e-06,
      "Mmus_C57-6T_TMS_GC_ISS-T_Rep3_G3": 0.00013189187587893102,
      "Mmus_C57-6T_TMS_GC_ISS-T_Rep4_G4": 0.994948671031232,
      "Mmus_C57-6T_TMS_GC_ISS-T_Rep5_G5": 0.014145881611628462,
      "Mmus_C57-6T_TMS_GC_ISS-T_Rep6_G6": 0.0009910834354313496,
      "Mmus_C57-6T_TMS_GC_ISS-T_Rep7_G7": 7.246411547429059e-05,
      "Mmus_C57-6T_TMS_GC_ISS-T_Rep8_G8": 3.3266555011840695e-05,
      "Mmus_C57-6T_TMS_GC_ISS-T_Rep9_G9": 7.659351476852525e-05,
      "Mmus_C57-6T_TMS_GC_ISS-T_Rep10_G10": 1.668690779521627e-06,
      "Mmus_C57-6T_TMS_FLT_ISS-T_Rep1_F1": 0.7170774798417257,
      "Mmus_C57-6T_TMS_FLT_ISS-T_Rep2_F2": 0.9847418905066933,
      "Mmus_C57-6T_TMS_FLT_ISS-T_Rep3_F3": 0.12271883067433856,
      "Mmus_C57-6T_TMS_FLT_ISS-T_Rep4_F4": 0.9904524513686426,
      "Mmus_C57-6T_TMS_FLT_ISS-T_Rep5_F5": 0.38107559481267567,
      "Mmus_C57-6T_TMS_FLT_ISS-T_Rep6_F6": 8.826517558486446e-06,
      "Mmus_C57-6T_TMS_FLT_ISS-T_Rep7_F7": 0.998321144005554,
      "Mmus_C57-6T_TMS_FLT_ISS-T_Rep8_F8": 0.9999715284975381,
      "Mmus_C57-6T_TMS_FLT_ISS-T_Rep9_F9": 0.20261058750496516,
      "Mmus_C57-6T_TMS_FLT_ISS-T_Rep10_F10": 0.0001324093820969088
    },
    "pair_MHU-1_RR-9": {
      "RR9_TMS_FLT_F1": 0.9731963985548046,
      "RR9_TMS_FLT_F6": 0.8017356436267372,
      "RR9_TMS_FLT_F7": 0.9993860036614024,
      "RR9_TMS_FLT_F3": 0.9996361726758309,
      "RR9_TMS_FLT_F5": 0.9852357013918144,
      "RR9_TMS_FLT_F2": 0.9491957346008892,
      "RR9_TMS_FLT_F8": 0.9960769259308644,
      "RR9_TMS_FLT_F4": 0.9930706713473264,
      "RR9_TMS_FLT_F10": 0.9914887998119707,
      "RR9_TMS_FLT_F9": 0.9965012278203661,
      "RR9_TMS_GC_G4": 0.6625286406207297,
      "RR9_TMS_GC_G10": 0.09108494888363602,
      "RR9_TMS_GC_G1": 0.02807584860921725,
      "RR9_TMS_GC_G7": 0.5896758777221522,
      "RR9_TMS_GC_G6": 0.15313863314702292,
      "RR9_TMS_GC_G9": 0.8834838110062933,
      "RR9_TMS_GC_G8": 0.008972207746730323,
      "RR9_TMS_GC_G3": 0.13772238222234778,
      "RR9_TMS_GC_G2": 0.9347843634866448,
      "RR9_TMS_GC_G5": 0.6045687946599094
    },
    "pair_MHU-2_MHU-1": {
      "Mmus_C57-6J_TMS_MHU1_FLT_uG_Rep1": 0.9613738510355228,
      "Mmus_C57-6J_TMS_MHU1_FLT_uG_Rep2": 0.6943835235560148,
      "Mmus_C57-6J_TMS_MHU1_FLT_uG_Rep3": 0.8264193267790003,
      "Mmus_C57-6CR_TMS_MHU1_GC_1G_Rep1": 0.0008671457253591107,
      "Mmus_C57-6CR_TMS_MHU1_GC_1G_Rep2": 0.056865007529134155,
      "Mmus_C57-6CR_TMS_MHU1_GC_1G_Rep3": 0.0328680808760575
    },
    "pair_MHU-2_RR-6": {
      "Mmus_C57-6T_TMS_GC_LAR_Rep1_G2": 0.9999999986715884,
      "Mmus_C57-6T_TMS_GC_LAR_Rep2_G3": 0.9999999986627943,
      "Mmus_C57-6T_TMS_GC_LAR_Rep3_G4": 0.9999886500801766,
      "Mmus_C57-6T_TMS_GC_LAR_Rep4_G5": 0.9984887659721332,
      "Mmus_C57-6T_TMS_GC_LAR_Rep5_G6": 0.9999998526607148,
      "Mmus_C57-6T_TMS_GC_LAR_Rep6_G7": 0.9999827517743896,
      "Mmus_C57-6T_TMS_GC_LAR_Rep8_G9": 0.9688457964709378,
      "Mmus_C57-6T_TMS_GC_LAR_Rep9_G10": 0.42453202480581365,
      "Mmus_C57-6T_TMS_FLT_LAR_Rep2_F2": 0.9839492059257766,
      "Mmus_C57-6T_TMS_FLT_LAR_Rep3_F4": 0.998707652000396,
      "Mmus_C57-6T_TMS_FLT_LAR_Rep4_F5": 0.9996389909325828,
      "Mmus_C57-6T_TMS_FLT_LAR_Rep5_F6": 0.8467464884104144,
      "Mmus_C57-6T_TMS_FLT_LAR_Rep6_F7": 0.9999891298739615,
      "Mmus_C57-6T_TMS_FLT_LAR_Rep7_F8": 0.9999880389278225,
      "Mmus_C57-6T_TMS_FLT_LAR_Rep9_F10": 0.19439933405861118,
      "Mmus_C57-6T_TMS_GC_ISS-T_Rep1_G1": 0.999428161209794,
      "Mmus_C57-6T_TMS_GC_ISS-T_Rep2_G2": 0.9999495959371598,
      "Mmus_C57-6T_TMS_GC_ISS-T_Rep3_G3": 0.9995430367353401,
      "Mmus_C57-6T_TMS_GC_ISS-T_Rep4_G4": 0.9999997964089534,
      "Mmus_C57-6T_TMS_GC_ISS-T_Rep5_G5": 0.9998637611195236,
      "Mmus_C57-6T_TMS_GC_ISS-T_Rep6_G6": 0.9999946249559483,
      "Mmus_C57-6T_TMS_GC_ISS-T_Rep7_G7": 0.9864080963042186,
      "Mmus_C57-6T_TMS_GC_ISS-T_Rep8_G8": 0.036589426023530006,
      "Mmus_C57-6T_TMS_GC_ISS-T_Rep9_G9": 0.009834180968616003,
      "Mmus_C57-6T_TMS_GC_ISS-T_Rep10_G10": 0.00012420465575428897,
      "Mmus_C57-6T_TMS_FLT_ISS-T_Rep1_F1": 0.999994792513532,
      "Mmus_C57-6T_TMS_FLT_ISS-T_Rep2_F2": 0.9999999759677566,
      "Mmus_C57-6T_TMS_FLT_ISS-T_Rep3_F3": 0.999999455035835,
      "Mmus_C57-6T_TMS_FLT_ISS-T_Rep4_F4": 0.999999949443304,
      "Mmus_C57-6T_TMS_FLT_ISS-T_Rep5_F5": 0.9997506070906775,
      "Mmus_C57-6T_TMS_FLT_ISS-T_Rep6_F6": 0.02046168243922535,
      "Mmus_C57-6T_TMS_FLT_ISS-T_Rep7_F7": 0.9999991793925141,
      "Mmus_C57-6T_TMS_FLT_ISS-T_Rep8_F8": 0.9860757212062509,
      "Mmus_C57-6T_TMS_FLT_ISS-T_Rep9_F9": 0.6830583641164911,
      "Mmus_C57-6T_TMS_FLT_ISS-T_Rep10_F10": 0.07997457105227097
    },
    "pair_MHU-2_RR-9": {
      "RR9_TMS_FLT_F1": 0.9942697004791219,
      "RR9_TMS_FLT_F6": 0.9830832704001176,
      "RR9_TMS_FLT_F7": 0.9971502186356129,
      "RR9_TMS_FLT_F3": 0.9521483276515226,
      "RR9_TMS_FLT_F5": 0.9902096831219868,
      "RR9_TMS_FLT_F2": 0.996340938124135,
      "RR9_TMS_FLT_F8": 0.9938461358025519,
      "RR9_TMS_FLT_F4": 0.9782744132566489,
      "RR9_TMS_FLT_F10": 0.9800328078552428,
      "RR9_TMS_FLT_F9": 0.9880616686291404,
      "RR9_TMS_GC_G4": 0.04474178592349055,
      "RR9_TMS_GC_G10": 0.13735238355106935,
      "RR9_TMS_GC_G1": 0.007317327354820305,
      "RR9_TMS_GC_G7": 0.025491298536203633,
      "RR9_TMS_GC_G6": 0.23357930377639782,
      "RR9_TMS_GC_G9": 0.34408166106454047,
      "RR9_TMS_GC_G8": 0.006979162842297393,
      "RR9_TMS_GC_G3": 0.014618251336996742,
      "RR9_TMS_GC_G2": 0.0061720901588291225,
      "RR9_TMS_GC_G5": 0.004108851266876457
    },
    "pair_RR-6_MHU-1": {
      "Mmus_C57-6J_TMS_MHU1_FLT_uG_Rep1": 0.0028092789713519708,
      "Mmus_C57-6J_TMS_MHU1_FLT_uG_Rep2": 0.00039518972638512534,
      "Mmus_C57-6J_TMS_MHU1_FLT_uG_Rep3": 0.0004393425020352852,
      "Mmus_C57-6CR_TMS_MHU1_GC_1G_Rep1": 1.0951164715797402e-05,
      "Mmus_C57-6CR_TMS_MHU1_GC_1G_Rep2": 3.5626429622003935e-05,
      "Mmus_C57-6CR_TMS_MHU1_GC_1G_Rep3": 2.0135717832874457e-05
    },
    "pair_RR-6_MHU-2": {
      "Mmus_C57-6J_TMS_MHU2_FLT_uG_Rep1": 0.00013338361015201774,
      "Mmus_C57-6J_TMS_MHU2_FLT_uG_Rep2": 0.0006339260651265197,