{
  "task_id": "A2",
  "model_name": "LR-ElasticNet_baseline_v1",
  "model_description": "StandardScaler + LogReg (ElasticNet, l1_ratio=0.5, saga, balanced), LOMO Tier 1 baseline",
  "tier": "1",
  "submission_date": "2026-03-01",
  "predictions": {
    "fold_RR-1_test": {
      "RR-1.Mmus_C57-6J_GST_GC_Rep1_M33": 0.14603882290770953,
      "RR-1.Mmus_C57-6J_GST_GC_Rep2_M34": 0.18873025271378774,
      "RR-1.Mmus_C57-6J_GST_GC_Rep3_M35": 0.13954920541112645,
      "RR-1.Mmus_C57-6J_GST_GC_Rep4_M36": 0.15186418596864482,
      "RR-1.Mmus_C57-6J_GST_GC_Rep5_M37": 0.5880708289564174,
      "RR-1.Mmus_C57-6J_GST_GC_Rep6_M38": 0.25978175751412624,
      "RR-1.Mmus_C57-6J_GST_FLT_Rep1_M23": 0.23512989854840888,
      "RR-1.Mmus_C57-6J_GST_FLT_Rep2_M24": 0.6171453894927451,
      "RR-1.Mmus_C57-6J_GST_FLT_Rep3_M25": 0.40061526255926,
      "RR-1.Mmus_C57-6J_GST_FLT_Rep4_M26": 0.23266761496070798,
      "RR-1.Mmus_C57-6J_GST_FLT_Rep5_M27": 0.39593091927488233,
      "RR-1.Mmus_C57-6J_GST_FLT_Rep6_M28": 0.5599376955554527
    },
    "fold_RR-5_test": {
      "RR-5.GSM5398358": 0.04502585002531954,
      "RR-5.GSM5398359": 0.04925933654746863,
      "RR-5.GSM5398360": 0.05057935231534165,
      "RR-5.GSM5398361": 0.07154373042067254,
      "RR-5.GSM5398362": 0.14799441724787707,
      "RR-5.GSM5398363": 0.16741763174827265,
      "RR-5.GSM5398364": 0.023502368545770935,
      "RR-5.GSM5398365": 0.04092999541755506,
      "RR-5.GSM5398366": 0.09636985594770688,
      "RR-5.GSM5398367": 0.07212722179028092,
      "RR-5.GSM5398368": 0.17892435085585223,
      "RR-5.GSM5398369": 0.14431272705289214
    },
    "fold_RR-9_test": {
      "RR-9.SRR11148753": 0.0031203526979380514,
      "RR-9.SRR11148754": 0.004530898212628799,
      "RR-9.SRR11148755": 0.02333197842116573,
      "RR-9.SRR11148756": 0.00428633924170228,
      "RR-9.SRR11148757": 0.6505001208550227,
      "RR-9.SRR11148758": 0.6400459787457105,
      "RR-9.SRR11148759": 0.1357580091221053,
      "RR-9.SRR11148760": 0.4313088317315823
    }
  }
}