{
  "task_id": "B5",
  "model_name": "PCA-LR_baseline_v1",
  "model_description": "StandardScaler + PCA(min(50,n_train-1)) + LogReg(L2, C=1.0, balanced), PCA-LR cross-mission transfer, skin",
  "tier": "1",
  "submission_date": "2026-03-02",
  "predictions": {
    "pair_MHU-2_RR-6": {
      "Mmus_C57-6T_DSKN_GC_LAR_Rep1_G2": 0.05511357423198338,
      "Mmus_C57-6T_DSKN_GC_LAR_Rep2_G3": 0.023372338798075102,
      "Mmus_C57-6T_DSKN_GC_LAR_Rep3_G4": 0.052104093129724735,
      "Mmus_C57-6T_DSKN_GC_LAR_Rep4_G5": 0.00582569488162867,
      "Mmus_C57-6T_DSKN_GC_LAR_Rep5_G6": 3.568260308369461e-05,
      "Mmus_C57-6T_DSKN_GC_LAR_Rep6_G7": 0.19015204756057624,
      "Mmus_C57-6T_DSKN_GC_LAR_Rep7_G8": 8.597499191765743e-05,
      "Mmus_C57-6T_DSKN_GC_LAR_Rep8_G9": 0.0011571712442375113,
      "Mmus_C57-6T_DSKN_GC_LAR_Rep9_G10": 0.007806071400561062,
      "Mmus_C57-6T_DSKN_FLT_LAR_Rep1_F1": 0.6355110779109112,
      "Mmus_C57-6T_DSKN_FLT_LAR_Rep2_F2": 0.31501374828432877,
      "Mmus_C57-6T_DSKN_FLT_LAR_Rep3_F3": 0.24445723328460356,
      "Mmus_C57-6T_DSKN_FLT_LAR_Rep4_F4": 0.5811567775626134,
      "Mmus_C57-6T_DSKN_FLT_LAR_Rep5_F5": 0.09667751112924551,
      "Mmus_C57-6T_DSKN_FLT_LAR_Rep6_F6": 0.0021113669981304346,
      "Mmus_C57-6T_DSKN_FLT_LAR_Rep7_F7": 0.0016948769785051533,
      "Mmus_C57-6T_DSKN_FLT_LAR_Rep8_F8": 0.0018217603842055194,
      "Mmus_C57-6T_DSKN_FLT_LAR_Rep9_F9": 0.0056053883717796,
      "Mmus_C57-6T_DSKN_GC_ISS-T_Rep1_G1": 0.3242244885774491,
      "Mmus_C57-6T_DSKN_GC_ISS-T_Rep2_G2": 0.02972504756252393,
      "Mmus_C57-6T_DSKN_GC_ISS-T_Rep3_G3": 0.8960475571640418,
      "Mmus_C57-6T_DSKN_GC_ISS-T_Rep4_G4": 0.37658138839830735,
      "Mmus_C57-6T_DSKN_GC_ISS-T_Rep5_G5": 0.8058296875005222,
      "Mmus_C57-6T_DSKN_GC_ISS-T_Rep6_G6": 0.9276369461999651,
      "Mmus_C57-6T_DSKN_GC_ISS-T_Rep7_G7": 0.9831289717904745,
      "Mmus_C57-6T_DSKN_GC_ISS-T_Rep8_G8": 0.627696945343725,
      "Mmus_C57-6T_DSKN_GC_ISS-T_Rep9_G9": 0.9391289316413545,
      "Mmus_C57-6T_DSKN_GC_ISS-T_Rep10_G10": 0.24551099740842378,
      "Mmus_C57-6T_DSKN_FLT_ISS-T_Rep1_F1": 0.9289522571630927,
      "Mmus_C57-6T_DSKN_FLT_ISS-T_Rep2_F2": 0.8197200427122401,
      "Mmus_C57-6T_DSKN_FLT_ISS-T_Rep3_F3": 0.9743515697771564,
      "Mmus_C57-6T_DSKN_FLT_ISS-T_Rep4_F4": 0.8280894721834449,
      "Mmus_C57-6T_DSKN_FLT_ISS-T_Rep5_F6": 0.7745674263790335,
      "Mmus_C57-6T_DSKN_FLT_ISS-T_Rep6_F7": 0.9989160521846534,
      "Mmus_C57-6T_DSKN_FLT_ISS-T_Rep7_F8": 0.41257591138588773,
      "Mmus_C57-6T_DSKN_FLT_ISS-T_Rep8_F9": 0.7737894121226009,
      "Mmus_C57-6T_DSKN_FLT_ISS-T_Rep9_F10": 0.049350970338256084
    },
    "pair_MHU-2_RR-7": {
      "Mmus_C57-6J_SKN_FLT_25days_Rep1_F1": 0.00030013155431853354,
      "Mmus_C57-6J_SKN_FLT_25days_Rep2_F5": 0.0029733850064378084,
      "Mmus_C57-6J_SKN_FLT_25days_Rep3_F9": 0.025579068897279643,
      "Mmus_C57-6J_SKN_FLT_25days_Rep4_F13": 0.004990162746048783,
      "Mmus_C57-6J_SKN_FLT_25days_Rep5_F17": 0.01090788333004491,
      "Mmus_C57-6J_SKN_FLT_75days_Rep1_F3": 0.0040412421251716825,
      "Mmus_C57-6J_SKN_FLT_75days_Rep2_F7": 0.08289304102599745,
      "Mmus_C57-6J_SKN_FLT_75days_Rep3_F11": 0.020522106024884343,
      "Mmus_C57-6J_SKN_FLT_75days_Rep4_F15": 0.05809495508563793,
      "Mmus_C57-6J_SKN_FLT_75days_Rep5_F19": 0.007891144902118475,
      "Mmus_C57-6J_SKN_GC_25days_Rep1_G1": 0.02272958147843382,
      "Mmus_C57-6J_SKN_GC_25days_Rep2_G5": 0.003011702258885877,
      "Mmus_C57-6J_SKN_GC_25days_Rep3_G9": 0.011974720484472753,
      "Mmus_C57-6J_SKN_GC_25days_Rep4_G13": 0.004746011126148052,
      "Mmus_C57-6J_SKN_GC_25days_Rep5_G17": 0.00016444650901731986,
      "Mmus_C57-6J_SKN_GC_75days_Rep1_G3": 0.0001857684540427799,
      "Mmus_C57-6J_SKN_GC_75days_Rep2_G7": 0.00802218961493538,
      "Mmus_C57-6J_SKN_GC_75days_Rep3_G15": 0.000881249080498814,
      "Mmus_C57-6J_SKN_GC_75days_Rep4_G11": 0.00030436747067352836,
      "Mmus_C57-6J_SKN_GC_75days_Rep5_G19": 0.0034069410285312344,
      "Mmus_C57-6J_SKN_VIV_25days_Rep1_V1": 0.001555502594112507,
      "Mmus_C57-6J_SKN_VIV_25days_Rep2_V5": 0.0010536088590348928,
      "Mmus_C57-6J_SKN_VIV_25days_Rep3_V9": 0.044497283164918376,
      "Mmus_C57-6J_SKN_VIV_25days_Rep4_V13": 5.982223764754154e-05,
      "Mmus_C57-6J_SKN_VIV_25days_Rep5_V17": 0.00041465813364858795,
      "Mmus_C57-6J_SKN_VIV_75days_Rep1_V3": 0.00013540535678623959,
      "Mmus_C57-6J_SKN_VIV_75days_Rep2_V7": 0.0019053743937527273,
      "Mmus_C57-6J_SKN_VIV_75days_Rep3_V11": 0.0020480120508345207,
      "Mmus_C57-6J_SKN_VIV_75days_Rep4_V15": 5.485099795386735e-05,
      "Mmus_C57-6J_SKN_VIV_75days_Rep5_V19": 0.0019104222529648667
    },
    "pair_RR-6_MHU-2": {
      "Mmus_C57-6J_DSKN_FLT_uG_JC_Rep1_F2": 0.9001847217673442,
      "Mmus_C57-6J_DSKN_FLT_uG_JC_Rep2_F3": 0.012274116258406449,
      "Mmus_C57-6J_DSKN_FLT_uG_JC_Rep3_F9": 0.9993241883731557,
      "Mmus_C57-6J_DSKN_FLT_uG_JCwFOS_Rep1_F1": 0.9989445127996912,
      "Mmus_C57-6J_DSKN_FLT_uG_JCwFOS_Rep2_F7": 0.9998083188723355,
      "Mmus_C57-6J_DSKN_FLT_uG_JCwFOS_Rep3_F8": 0.9997388407998115,
      "Mmus_C57-6J_DSKN_GC_1G_JC_Rep1_G5": 0.13763087483998193,
      "Mmus_C57-6J_DSKN_GC_1G_JC_Rep2_G6": 0.19549794271125218,
      "Mmus_C57-6J_DSKN_GC_1G_JC_Rep3_G12": 0.9961975656249461,
      "Mmus_C57-6J_DSKN_GC_1G_JCwFOS_Rep1_G4": 0.49697733366629654,
      "Mmus_C57-6J_DSKN_GC_1G_JCwFOS_Rep2_G10": 0.9230717103300675,
      "Mmus_C57-6J_DSKN_GC_1G_JCwFOS_Rep3_G11": 0.04730571770541082,
      "Mmus_C57-6J_DSKN_VIV_1G_JC_Rep1_G2": 0.9887593935835202,
      "Mmus_C57-6J_DSKN_VIV_1G_JC_Rep2_G3": 0.006545973893752291,
      "Mmus_C57-6J_DSKN_VIV_1G_JC_Rep3_G9": 0.4732800587487957,
      "Mmus_C57-6J_DSKN_VIV_1G_JCwFOS_Rep1_G1": 0.7059736596590349,
      "Mmus_C57-6J_DSKN_VIV_1G_JCwFOS_Rep2_G7": 0.23049299253497132,
      "Mmus_C57-6J_DSKN_VIV_1G_JCwFOS_Rep3_G8": 0.9999014873473231,
      "Mmus_C57-6J_FSKN_FLT_uG_JC_Rep1_F2": 0.6131181764566195,
      "Mmus_C57-6J_FSKN_FLT_uG_JC_Rep2_F9": 0.9999919328582383,
      "Mmus_C57-6J_FSKN_FLT_uG_JCwFOS_Rep1_F1": 0.9987764926744231,
      "Mmus_C57-6J_FSKN_FLT_uG_JCwFOS_Rep2_F7": 0.9997209125057596,
      "Mmus_C57-6J_FSKN_FLT_uG_JCwFOS_Rep3_F8": 0.9943263447951409,
      "Mmus_C57-6J_FSKN_GC_1G_JC_Rep1_G5": 0.17360595282196728,
      "Mmus_C57-6J_FSKN_GC_1G_JC_Rep2_G6": 0.03745380043497588,
      "Mmus_C57-6J_FSKN_GC_1G_JC_Rep3_G12": 0.8860639837579491,
      "Mmus_C57-6J_FSKN_GC_1G_JCwFOS_Rep1_G4": 0.9120753057447278,
      "Mmus_C57-6J_FSKN_GC_1G_JCwFOS_Rep2_G10": 0.998481489323906,
      "Mmus_C57-6J_FSKN_GC_1G_JCwFOS_Rep3_G11": 0.29950529792804004,
      "Mmus_C57-6J_FSKN_VIV_1G_JC_Rep1_G2": 0.7037878070442413,
      "Mmus_C57-6J_FSKN_VIV_1G_JC_Rep2_G3": 0.9932659455209288,
      "Mmus_C57-6J_FSKN_VIV_1G_JC_Rep3_G9": 0.9509035218025823,
      "Mmus_C57-6J_FSKN_VIV_1G_JCwFOS_Rep1_G1": 0.9845422676676149,
      "Mmus_C57-6J_FSKN_VIV_1G_JCwFOS_Rep2_G7": 0.9482449333888398,
      "Mmus_C57-6J_FSKN_VIV_1G_JCwFOS_Rep3_G8": 0.39204935127125407
    },
    "pair_RR-6_RR-7": {
      "Mmus_C57-6J_SKN_FLT_25days_Rep1_F1": 0.9979970056072129,
      "Mmus_C57-6J_SKN_FLT_25days_Rep2_F5": 0.995622852631685,
      "Mmus_C57-6J_SKN_FLT_25days_Rep3_F9": 0.9854868708010479,
      "Mmus_C57-6J_SKN_FLT_25days_Rep4_F13": 0.9952028677609001,
      "Mmus_C57-6J_SKN_FLT_25days_Rep5_F17": 0.9901860090890995,
      "Mmus_C57-6J_SKN_FLT_75days_Rep1_F3": 0.9980724664832304,
      "Mmus_C57-6J_SKN_FLT_75days_Rep2_F7": 0.9975124396219164,
      "Mmus_C57-6J_SKN_FLT_75days_Rep3_F11": 0.9869659263270585,
      "Mmus_C57-6J_SKN_FLT_75days_Rep4_F15": 0.9967492917220706,
      "Mmus_C57-6J_SKN_FLT_75days_Rep5_F19": 0.9471377967100421,
      "Mmus_C57-6J_SKN_GC_25days_Rep1_G1": 0.9824792815961806,
      "Mmus_C57-6J_SKN_GC_25days_Rep2_G5": 0.007219021808073772,
      "Mmus_C57-6J_SKN_GC_25days_Rep3_G9": 0.9604101569361901,
      "Mmus_C57-6J_SKN_GC_25days_Rep4_G13": 0.9940528167554307,