{
  "task_id": "A4",
  "model_name": "PCA-LR_baseline_v1",
  "model_description": "StandardScaler + PCA(min(50,n_train-1)) + LogReg(L2, lbfgs, C=1.0, balanced), LOMO Tier 1 baseline \u2014 matches official build_pca_lr() in run_baselines.py",
  "submission_date": "2026-03-01",
  "n_folds": 4,
  "fold_results": [
    {
      "fold": "fold_MHU-1_test",
      "n_test": 6,
      "n_flight": 3,
      "n_ground": 3,
      "auroc": 1.0,
      "ci_lower": 1.0,
      "ci_upper": 1.0,
      "perm_p": 0.03980099502487562
    },
    {
      "fold": "fold_MHU-2_test",
      "n_test": 6,
      "n_flight": 3,
      "n_ground": 3,
      "auroc": 1.0,
      "ci_lower": 1.0,
      "ci_upper": 1.0,
      "perm_p": 0.03980099502487562
    },
    {
      "fold": "fold_RR-6_test",
      "n_test": 35,
      "n_flight": 17,
      "n_ground": 18,
      "auroc": 0.6928104575163399,
      "ci_lower": 0.4931222488995598,
      "ci_upper": 0.9085843137254902,
      "perm_p": 0.014925373134328358
    },
    {
      "fold": "fold_RR-9_test",
      "n_test": 20,
      "n_flight": 10,
      "n_ground": 10,
      "auroc": 1.0,
      "ci_lower": 1.0,
      "ci_upper": 1.0,
      "perm_p": 0.004975124378109453
    }
  ],
  "summary": {
    "mean_auroc": 0.923202614379085,
    "std_auroc": 0.13301697378388436,
    "mean_ci_lower": 0.8732805622248899,
    "overall_auroc_pooled": 0.6310160427807486,
    "overall_ci_lower": 0.49627748068924543,
    "overall_ci_upper": 0.7553794642857141,
    "mean_perm_p": 0.024875621890547265,
    "go_nogo": true
  },
  "thresholds": {
    "auroc": 0.7,
    "ci_lower": 0.5,
    "perm_p": 0.05
  }
}