"pathway","pval","padj","log2err","ES","NES","size","db","leadingEdge_str","tissue","mission","glds","contrast_column","rank_sign","sign_convention"
"REACTOME_ABC_FAMILY_PROTEINS_MEDIATED_TRANSPORT",0.24009324009324,0.644208286078324,0.135002033828631,0.260564749800978,1.12479745850376,82,"reactome","Ubc; Psmc4; Psmc3; Sem1; Abcb1a; Psmb3; Psmb6; Os9; Abca7; Psmd2; Psmd11; Psmc5; Uba52; Psmd1; Psmb5; Psmb4; Psmb1; Adrm1","gastrocnemius","RR-9","GLDS-326","Stat_(Space Flight)v(Ground Control)",1,"flight_positive"
"REACTOME_ABC_TRANSPORTER_DISORDERS",0.030701707179664,0.242187435913538,0.352487857583619,0.368114548250412,1.49736990352442,59,"reactome","Ubc; Psmc4; Psmc3; Sem1; Psmb3; Psmb6; Os9; Psmd2; Abcc8; Psmd11; Psmc5; Uba52; Psmd1; Psmb5; Psmb4; Psmb1; Adrm1; Abcd4; Abcd1; Psmc2","gastrocnemius","RR-9","GLDS-326","Stat_(Space Flight)v(Ground Control)",1,"flight_positive"
"REACTOME_ABERRANT_REGULATION_OF_MITOTIC_EXIT_IN_CANCER_DUE_TO_RB1_DEFECTS",0.44988864142539,0.781937369761519,0.0908241419007155,0.326119980650614,1.00231724253608,20,"reactome","Anapc15; Anapc4; Anapc5; Ube2s; Cdc23; Ube2d1; Anapc1; Anapc11; Anapc2; Ube2c; Fzr1","gastrocnemius","RR-9","GLDS-326","Stat_(Space Flight)v(Ground Control)",1,"flight_positive"
"REACTOME_ABERRANT_REGULATION_OF_MITOTIC_G1_S_TRANSITION_IN_CANCER_DUE_TO_RB1_DEFECTS",0.277477477477477,0.680479924593012,0.107140237276725,-0.398464330102167,-1.16172487983621,17,"reactome","Ccne2; Rb1; Ccnd1; Tfdp1","gastrocnemius","RR-9","GLDS-326","Stat_(Space Flight)v(Ground Control)",1,"flight_positive"
"REACTOME_ABORTIVE_ELONGATION_OF_HIV_1_TRANSCRIPT_IN_THE_ABSENCE_OF_TAT",0.0724946695095949,0.369658078182867,0.245041785430996,0.449735397433774,1.45262669972631,23,"reactome","Polr2j; Gtf2f1; Polr2e; Nelfa; Supt4a; Polr2f; Ncbp2; Gtf2f2; Nelfcd; Ncbp1; Polr2c; Polr2h","gastrocnemius","RR-9","GLDS-326","Stat_(Space Flight)v(Ground Control)",1,"flight_positive"
"REACTOME_ACTIVATED_NOTCH1_TRANSMITS_SIGNAL_TO_THE_NUCLEUS",0.197826086956522,0.589531680440771,0.144630528034484,0.347402298256009,1.20971202891626,31,"reactome","Ubc; Numb; Uba52; Psen1; Dtx4; Jag2; Psenen; Dtx1","gastrocnemius","RR-9","GLDS-326","Stat_(Space Flight)v(Ground Control)",1,"flight_positive"
"REACTOME_ACTIVATED_PKN1_STIMULATES_TRANSCRIPTION_OF_AR_ANDROGEN_RECEPTOR_REGULATED_GENES_KLK2_AND_KLK3",0.993392070484581,0.994350352025996,0.0503964322442957,0.159575581946443,0.559357795746874,32,"reactome","H2ax; H3c10; H2az2; H2ac19; H4c4; H3c4; Ncoa2; H2bc21; H2bc4","gastrocnemius","RR-9","GLDS-326","Stat_(Space Flight)v(Ground Control)",1,"flight_positive"
"REACTOME_ACTIVATED_TAK1_MEDIATES_P38_MAPK_ACTIVATION",0.654584221748401,0.851671504822549,0.0686325631836726,0.266142868435008,0.859630437889579,23,"reactome","Ubc; Map3k7; Uba52; Map2k3; Tab1; Ikbkg; Nod2; Irak1","gastrocnemius","RR-9","GLDS-326","Stat_(Space Flight)v(Ground Control)",1,"flight_positive"
"REACTOME_ACTIVATION_OF_AMPK_DOWNSTREAM_OF_NMDARS",0.61063829787234,0.837670485542826,0.072003313661988,0.27448570665104,0.877564409990013,22,"reactome","Mapt; Prkag3; Calm1; Tuba8; Tubb4a","gastrocnemius","RR-9","GLDS-326","Stat_(Space Flight)v(Ground Control)",1,"flight_positive"
"REACTOME_ACTIVATION_OF_ANTERIOR_HOX_GENES_IN_HINDBRAIN_DEVELOPMENT_DURING_EARLY_EMBRYOGENESIS",0.883990719257541,0.950791433403006,0.0582216241124161,0.184312593364709,0.803401161866844,86,"reactome","Polr2j; Rara; H2ax; Pbx1; H3c10; Hoxc4; Polr2e; H2az2; Zfp335; Hoxb3; Polr2f; H2ac19; Mafb; Hdac3","gastrocnemius","RR-9","GLDS-326","Stat_(Space Flight)v(Ground Control)",1,"flight_positive"
"REACTOME_ACTIVATION_OF_APC_C_AND_APC_C_CDC20_MEDIATED_DEGRADATION_OF_MITOTIC_PROTEINS",0.0341909487134241,0.263196511678876,0.321775918075361,0.353814853987397,1.44906024399198,63,"reactome","Ubc; Psmc4; Psmc3; Sem1; Psmb3; Psmb6; Psmd2; Anapc15; Psmd11; Psmc5; Uba52; Psmd1; Psmb5; Psmb4; Psmb1; Adrm1; Anapc4; Anapc5; Psmc2; Ube2s; Cdc23; Ube2d1; Psmd3; Anapc1; Bub1b; Anapc11","gastrocnemius","RR-9","GLDS-326","Stat_(Space Flight)v(Ground Control)",1,"flight_positive"
"REACTOME_ACTIVATION_OF_ATR_IN_RESPONSE_TO_REPLICATION_STRESS",0.026587637755476,0.232711436587032,0.352487857583619,-0.44851394706426,-1.55121403839889,35,"reactome","Rpa3; Rad17; Mcm6; Mcm7; Rad1; Atr; Rfc5; Mcm3; Orc3; Cdc7; Chek1; Orc4","gastrocnemius","RR-9","GLDS-326","Stat_(Space Flight)v(Ground Control)",1,"flight_positive"
"REACTOME_ACTIVATION_OF_BAD_AND_TRANSLOCATION_TO_MITOCHONDRIA",0.837937384898711,0.924322682310949,0.0499913914024592,-0.265105703937682,-0.738059524921432,15,"reactome","Ywhaq; Ywhah; Ywhag; Ppp3r1; Ywhab; Bid; Akt1; Bcl2","gastrocnemius","RR-9","GLDS-326","Stat_(Space Flight)v(Ground Control)",1,"flight_positive"
"REACTOME_ACTIVATION_OF_BH3_ONLY_PROTEINS",0.82089552238806,0.918784737400862,0.051530912208539,-0.228286783270946,-0.768341215982593,30,"reactome","Ywhaq; Tfdp1; Bcl2l11; Ppp1r13b; Ywhah; Ywhag; Mapk8; Ppp3r1","gastrocnemius","RR-9","GLDS-326","Stat_(Space Flight)v(Ground Control)",1,"flight_positive"
"REACTOME_ACTIVATION_OF_GENE_EXPRESSION_BY_SREBF_SREBP",0.07847533632287,0.385177109474637,0.241339976815091,0.351457118671297,1.32254827566677,43,"reactome","Ncoa1; Srebf1; Mvk; Acaca; Smarcd3; Elovl6; Tm7sf2; Dhcr7","gastrocnemius","RR-9","GLDS-326","Stat_(Space Flight)v(Ground Control)",1,"flight_positive"
"REACTOME_ACTIVATION_OF_IRF3_IRF7_MEDIATED_BY_TBK1_IKK_IKBKE",0.281318681318681,0.681020337128934,0.119348440591015,0.375747122652912,1.13220922447097,18,"reactome","Ubc; Irf7; Uba52; Sarm1; Ikbke; Optn; Tlr4","gastrocnemius","RR-9","GLDS-326","Stat_(Space Flight)v(Ground Control)",1,"flight_positive"
"REACTOME_ACTIVATION_OF_KAINATE_RECEPTORS_UPON_GLUTAMATE_BINDING",0.101075268817204,0.436090877558099,0.206587922696891,0.396452030804209,1.3537555581186,28,"reactome","Gng2; Calm1; Gng7; Grik5; Gnb2; Plcb3; Gng11; Gng12; Plcb1; Grik4; Dlg3; Gngt2; Gng10; Gng4","gastrocnemius","RR-9","GLDS-326","Stat_(Space Flight)v(Ground Control)",1,"flight_positive"
"REACTOME_ACTIVATION_OF_MATRIX_METALLOPROTEINASES",0.293736501079914,0.684745220382369,0.115240003147781,0.359270456946822,1.13142058123629,21,"reactome","Mmp15; Mmp17; Mmp11; Tpsb2; Mmp14; Mmp25; Timp2","gastrocnemius","RR-9","GLDS-326","Stat_(Space Flight)v(Ground Control)",1,"flight_positive"
"REACTOME_ACTIVATION_OF_NF_KAPPAB_IN_B_CELLS",0.00220365548047501,0.0589477841027065,0.431707695803346,0.439439028732972,1.76224799773612,54,"reactome","Ubc; Psmc4; Psmc3; Sem1; Psmb3; Psmb6; Map3k7; Cul1; Nfkbib; Psmd2; Psmd11; Psmc5; Uba52; Psmd1; Psmb5; Psmb4; Psmb1; Adrm1; Bcl10","gastrocnemius","RR-9","GLDS-326","Stat_(Space Flight)v(Ground Control)",1,"flight_positive"
"REACTOME_ACTIVATION_OF_NMDA_RECEPTORS_AND_POSTSYNAPTIC_EVENTS",0.892773892773893,0.950791433403006,0.0579754757571486,0.183345492754358,0.79145987488998,82,"reactome","Mapt; Prkag3; Prkar2a; Calm1; Camk2b; Prkaca; Camk2a; Rps6ka2; Rps6ka3; Camk1; Tuba8; Nras; Hras; Creb1; Git1; Camk4; Adcy8; Tubb4a","gastrocnemius","RR-9","GLDS-326","Stat_(Space Flight)v(Ground Control)",1,"flight_positive"
"REACTOME_ACTIVATION_OF_SMO",0.972972972972973,0.982151963284039,0.0421619430092452,-0.189388493193033,-0.552163162109455,17,"reactome","Ptch1; Dhh","gastrocnemius","RR-9","GLDS-326","Stat_(Space Flight)v(Ground Control)",1,"flight_positive"
"REACTOME_ACTIVATION_OF_THE_MRNA_UPON_BINDING_OF_THE_CAP_BINDING_COMPLEX_AND_EIFS_AND_SUBSEQUENT_BINDING_TO_43S",3.0624270851902e-08,2.04799811322095e-06,0.719512826338911,0.59924284081134,2.43153435362372,58,"reactome","Rps27; Rps26; Rps17; Eif3k; Rpsa; Rps11; Rps16; Rps18; Rps28; Rps6; Rps29; Rps15a; Rps19; Fau; Eif3f; Rps25; Rps15; Rps2; Rps12; Rps21; Rps20; Eif3c; Eif3d; Rps14; Rps3a1; Rps5; Rps7; Rps23; Eif3h; Rps13","gastrocnemius","RR-9","GLDS-326","Stat_(Space Flight)v(Ground Control)",1,"flight_positive"
"REACTOME_ACTIVATION_OF_THE_PRE_REPLICATIVE_COMPLEX",0.0463658617895082,0.315645391577283,0.321775918075361,-0.430766691501277,-1.46732621970096,32,"reactome","Rpa3; Cdt1; Mcm6; Mcm7; Mcm3; Orc3; Prim1; Cdc7; Pole4; Orc4; Gmnn","gastrocnemius","RR-9","GLDS-326","Stat_(Space Flight)v(Ground Control)",1,"flight_positive"
"REACTOME_ACYL_CHAIN_REMODELLING_OF_PC",0.629294755877034,0.83987832373712,0.0625237414724762,-0.287262156848102,-0.874297238442648,20,"reactome","Pnpla8; Pla2r1; Plbd1; Pla2g5","gastrocnemius","RR-9","GLDS-326","Stat_(Space Flight)v(Ground Control)",1,"flight_positive"
"REACTOME_ACYL_CHAIN_REMODELLING_OF_PE",0.106690777576854,0.451221865641238,0.183023938384487,-0.450625745249788,-1.37150277281869,20,"reactome","Plaat1; Pnpla8; Pla2r1; Plbd1; Pla2g5","gastrocnemius","RR-9","GLDS-326","Stat_(Space Flight)v(Ground Control)",1,"flight_positive"
"REACTOME_ACYL_CHAIN_REMODELLING_OF_PS",0.911602209944751,0.953669549903624,0.0461379160269737,-0.242111226355885,-0.674042444384278,15,"reactome","Pla2r1; Pla1a; Pla2g5","gastrocnemius","RR-9","GLDS-326","Stat_(Space Flight)v(Ground Control)",1,"flight_positive"
"REACTOME_ADHERENS_JUNCTIONS_INTERACTIONS",0.884826325411335,0.950791433403006,0.0471642455670861,-0.20370625079781,-0.759688713258181,49,"reactome","Ilf3; Amot; Cdh2; Ctnnb1; Ago1; Cdh4; Nectin3; Cdh11; Actg1; Sp1; Ang; Ctnna1; Cdh19; Foxf1","gastrocnemius","RR-9","GLDS-326","Stat_(Space Flight)v(Ground Control)",1,"flight_positive"
"REACTOME_ADIPOGENESIS",0.391089108910891,0.746192575913938,0.0819778796501272,-0.233782257558849,-1.03174788033886,108,"reactome","Pck1; Ucp1; Rbbp7; Cdk19; Plin1; Tnf; Ncoa6; Bmp7; Cebpa; Cidea; Lep; Wnt10b; Med12; Hnrnpu; Tgfb1; Cd36; Pparg; Ep300; Lpl; Ppara; Ncor2; Med17","gastrocnemius","RR-9","GLDS-326","Stat_(Space Flight)v(Ground Control)",1,"flight_positive"
"REACTOME_ADORA2B_MEDIATED_ANTI_INFLAMMATORY_CYTOKINES_PRODUCTION",0.164079822616408,0.539782227940801,0.161978948883402,0.327616244361531,1.21149433440122,39,"reactome","Adcy2; Gng2; Prkar2a; Prkaca; Gng7; Gnaz; Adcy9; Adcy3; Gnb2; Gng11; Creb1; Adcy8; Gng12","gastrocnemius","RR-9","GLDS-326","Stat_(Space Flight)v(Ground Control)",1,"flight_positive"
"REACTOME_ADP_SIGNALLING_THROUGH_P2Y_PURINOCEPTOR_1",0.85501066098081,0.933885670000369,0.055826471778749,0.226699690292509,0.732230606747108,23,"reactome","Gng2; Gng7; Gnb2; Gna11; Gng11; Gng12; Gna15; Gngt2; Gng10; Gng4","gastrocnemius","RR-9","GLDS-326","Stat_(Space Flight)v(Ground Control)",1,"flight_positive"
"REACTOME_ADP_SIGNALLING_THROUGH_P2Y_PURINOCEPTOR_12",0.840546697038724,0.92563830257976,0.0597317976364411,0.247836724940829,0.750081991801738,19,"reactome","Gng2; Gng7; Gnb2; Gng11; Gng12; Gngt2; Gng10; Gng4","gastrocnemius","RR-9","GLDS-326","Stat_(Space Flight)v(Ground Control)",1,"flight_positive"
"REACTOME_ADRENALINE_NORADRENALINE_INHIBITS_INSULIN_SECRETION",0.887218045112782,0.950791433403006,0.0483117581055019,-0.220261127615794,-0.713536669860378,26,"reactome","Gng5; Cacnb2; Adcy6; Adcy5; Gnai2; Gnai1; Cacnb3; Gnb5","gastrocnemius","RR-9","GLDS-326","Stat_(Space Flight)v(Ground Control)",1,"flight_positive"
"REACTOME_AEROBIC_RESPIRATION_AND_RESPIRATORY_ELECTRON_TRANSPORT",9.35084711796628e-07,5.5585591201244e-05,0.659444398037935,-0.385832167773494,-1.85603187485849,220,"reactome","Coq10b; Wdr26; Dld; Dlat; Etfa; Ucp1; Pdhb; Fahd1; Atp5pb; Ndufaf1; Dmac2l; Sdha; Cox5a; Sucla2; Nubpl; Got1; Mpc1; L2hgdh; Uqcrfs1; Pdhx; Sdhd; Gid4; Ndufb6; Etfdh; Pet117; Idh3b; Mpc2; Ndufab1; Ndufa4; Cox6c; Slc25a12; Cyc1; Timm21; Isca2; Ndufs4; Vdac1; Ndufb1; Ndufs1; Isca1; Cox7a2; Slc25a22; Me1; Pyurf; Cox11; Ndufc2; Ndufaf4; Rmnd5a; Slc25a4; Mdh1; Idh3a; Idh2; Mdh2; Tmem126b; Uqcrc2; Cycs; Slc25a27; Dlst; Lyrm2; Acat1; Cox20; Tmem126a","gastrocnemius","RR-9","GLDS-326","Stat_(Space Flight)v(Ground Control)",1,"flight_positive"
"REACTOME_AGGREPHAGY",0.209150326797386,0.603209837394077,0.140406238523342,0.32892128726999,1.17588806035593,35,"reactome","Ubc; Hsf1; Dync1i2; Uba52; Dync1h1; Park7; Tuba8; Tubb4a","gastrocnemius","RR-9","GLDS-326","Stat_(Space Flight)v(Ground Control)",1,"flight_positive"
"REACTOME_AMINE_LIGAND_BINDING_RECEPTORS",0.486288848263254,0.799276601600126,0.0758886900606117,-0.327291964476973,-0.966032768668399,18,"reactome","Adra2b; Chrm3; Adra1b; Chrm1; Adrb3; Htr2b; Htr7; Htr1b; Hrh1","gastrocnemius","RR-9","GLDS-326","Stat_(Space Flight)v(Ground Control)",1,"flight_positive"
"REACTOME_AMINO_ACIDS_REGULATE_MTORC1",0.25,0.658866995073892,0.128788713061714,0.282883622707522,1.13083956536581,52,"reactome","Nprl2; Slc38a9; Atp6v1b1; Atp6v1f; Lamtor2; Lamtor4; Bmt2; Atp6v1d; Atp6v0d1; Rragb; Atp6v1a; Atp6v0e2; Depdc5; Sesn1","gastrocnemius","RR-9","GLDS-326","Stat_(Space Flight)v(Ground Control)",1,"flight_positive"
"REACTOME_AMINO_ACID_TRANSPORT_ACROSS_THE_PLASMA_MEMBRANE",0.228464419475655,0.630825379000561,0.122679189568808,-0.355200290993577,-1.18578135025797,29,"reactome","Slc7a2; Slc7a8; Slc38a3; Slc1a5","gastrocnemius","RR-9","GLDS-326","Stat_(Space Flight)v(Ground Control)",1,"flight_positive"
"REACTOME_AMYLOID_FIBER_FORMATION",0.555035128805621,0.814660614296315,0.0819778796501272,0.228160585164312,0.948410000635458,67,"reactome","Ubc; Mfge8; H2ax; H3c10; Ube2l6; Cst3; Uba52; Psenen; H2ac19; Gga2; Tspan15; H4c4; Bace1; Sncaip; Ins2; Ncstn; H3c4","gastrocnemius","RR-9","GLDS-326","Stat_(Space Flight)v(Ground Control)",1,"flight_positive"
"REACTOME_ANCHORING_FIBRIL_FORMATION",0.197053406998158,0.589531680440771,0.132147260608774,-0.447137229369734,-1.24483889324723,15,"reactome","Col7a1; Col4a6; Lama3; Col1a2; Col4a5; Col4a4; Tll2","gastrocnemius","RR-9","GLDS-326","Stat_(Space Flight)v(Ground Control)",1,"flight_positive"
"REACTOME_ANCHORING_OF_THE_BASAL_BODY_TO_THE_PLASMA_MEMBRANE",0.390202702702703,0.746192575913938,0.0833634065110386,-0.237039039364952,-1.02093572564377,97,"reactome","Cdk5rap2; Nedd1; Pafah1b1; C2cd3; Odf2; Tmem67; Cep76; Cep72; Iqcb1; Ccp110; Haus5; Haus1; Pcm1; Cep152; Cdk1; Haus6; Cep57; Septin2; Ywhag; Sfi1; Cep70; Plk4; Pcnt; Sclt1; Cep250; Prkar2b","gastrocnemius","RR-9","GLDS-326","Stat_(Space Flight)v(Ground Control)",1,"flight_positive"
"REACTOME_ANTIGEN_ACTIVATES_B_CELL_RECEPTOR_BCR_LEADING_TO_GENERATION_OF_SECOND_MESSENGERS",0.0223315062196669,0.211457625265872,0.352487857583619,-0.449177028140611,-1.54079466972321,34,"reactome","Dapp1; Fyn; Nck1; Ahcyl1; Pik3r1; Sh3kbp1; Ighm; Grb2; Btk; Iglc1; Pik3ap1; Itpr3; Iglc2; Sos1; Orai2; Ptpn6; Syk","gastrocnemius","RR-9","GLDS-326","Stat_(Space Flight)v(Ground Control)",1,"flight_positive"
"REACTOME_ANTIGEN_PRESENTATION_FOLDING_ASSEMBLY_AND_PEPTIDE_LOADING_OF_CLASS_I_MHC",0.0602636534839925,0.36846919558784,0.252961123069611,-0.443317998236671,-1.45623316418198,27,"reactome","Tap1; Hspa5; Sec24a; Canx; Pik3c3; H2-M2; B2m; Tap2; Pik3r4; H2-D1","gastrocnemius","RR-9","GLDS-326","Stat_(Space Flight)v(Ground Control)",1,"flight_positive"
"REACTOME_ANTIGEN_PROCESSING_CROSS_PRESENTATION",0.306763285024155,0.695235148514851,0.119887845115423,0.246634225084351,1.08114268501707,91,"reactome","Ubc; Psmc4; Psmc3; Sem1; Psmb3; Psmb6; Psmb10; Psmd2; Ncf4; Psmd11; Psmc5; Calr; Uba52; Psmd1; Psmb5; Itgb5; Psmb4; Psmb1; Adrm1; Stx4a; Tapbp; Psmc2; Tirap; Vamp8; Cyba; Cybb; Tlr4","gastrocnemius","RR-9","GLDS-326","Stat_(Space Flight)v(Ground Control)",1,"flight_positive"
"REACTOME_ANTIGEN_PROCESSING_UBIQUITINATION_PROTEASOME_DEGRADATION",0.578606158833063,0.822074209208504,0.0613026075396207,-0.192915008426714,-0.957758034617714,282,"reactome","Herc4; Wwp1; Psma3; Ube2g1; Lnpep; Huwe1; Psmd6; Psmd14; Trim32; Ube2o; Cul3; Klhl42; Rnf144b; Ube2e2; Skp1; Ube2v2; Fbxo21; Fbxl5; Fbxo44; Rnf115; Rnf14; Asb10; Fbxw9; Herc1; Rbbp6; Klhl11; Asb8; Tpp2; Klhl9; Ube2z; Uba6; Vhl; Asb18; Kbtbd7; Rnf130; Fbxl4; Ube2d2a; Hecw2; Fbxo11; Asb12; Anapc10; Cdc27; Rnf114; Ube2f; Hace1; Cdc20; Psmd12; Gan; Rnf213; Cul2; Dcaf1; Trim69; Klhl2; Psmc6; Spsb1","gastrocnemius","RR-9","GLDS-326","Stat_(Space Flight)v(Ground Control)",1,"flight_positive"
"REACTOME_ANTIGEN_PROCESSING_UB_ATP_INDEPENDENT_PROTEASOMAL_DEGRADATION",0.123006833712984,0.470198146372643,0.191892240384838,0.438855902084735,1.32820472522084,19,"reactome","Psmb3; Psmb6; Psmb10; Psmb5; Psmb4; Psmb1","gastrocnemius","RR-9","GLDS-326","Stat_(Space Flight)v(Ground Control)",1,"flight_positive"
"REACTOME_ANTIMICROBIAL_PEPTIDES",0.411873840445269,0.76258793039615,0.0855356947987884,-0.337049006200294,-1.03174559393671,21,"reactome","Tlr1; Reg3g; Ccr2; Ear2; Slc11a1; Lyz2; Rnase6; Pdzd11","gastrocnemius","RR-9","GLDS-326","Stat_(Space Flight)v(Ground Control)",1,"flight_positive"
"REACTOME_ANTIVIRAL_MECHANISM_BY_IFN_STIMULATED_GENES",0.442016806722689,0.776614093913427,0.0764767053228531,-0.221226796393617,-1.00491932233454,137,"reactome","Nup160; Flna; Ilf3; Eif2s3x; Npm1; Kpna3; Hspa1b; Nck1; Nup93; Kpna4; Ppp2ca; Nup88; Tarbp2; Fancg; Flnb; Mavs; Prkra; Hspa1a; Eif4a2; Abce1; Nup107; Fancc; Map2k6; Ranbp2; Cdk1; Nup37; Nup35","gastrocnemius","RR-9","GLDS-326","Stat_(Space Flight)v(Ground Control)",1,"flight_positive"
"REACTOME_ANTI_INFLAMMATORY_RESPONSE_FAVOURING_LEISHMANIA_PARASITE_INFECTION",0.323185011709602,0.696469383650559,0.114266502484433,0.250983556270298,1.06834705484868,76,"reactome","Adcy2; Dpep1; Gng2; Prkar2a; Calm1; Prkaca; Rhbdf2; Gng7; Gnaz; Adcy9; Igkv17-127; Cd247; Adcy3; Gnb2; Itpr1; Gng11; Ggt1; Creb1; Adcy8; Gng12; Hck; Dpep2","gastrocnemius","RR-9","GLDS-326","Stat_(Space Flight)v(Ground Control)",1,"flight_positive"
"REACTOME_APC_CDC20_MEDIATED_DEGRADATION_OF_NEK2A",0.140425531914894,0.499187106807097,0.172324344900946,0.385593442353261,1.30653764575746,26,"reactome","Ubc; Anapc15; Uba52; Anapc4; Anapc5; Ube2s; Cdc23; Ube2d1; Anapc1; Bub1b; Anapc11; Anapc2","gastrocnemius","RR-9","GLDS-326","Stat_(Space Flight)v(Ground Control)",1,"flight_positive"
"REACTOME_APC_C_CDC20_MEDIATED_DEGRADATION_OF_CYCLIN_B",0.158898305084746,0.529276178237412,0.160801401070022,0.388413914271494,1.2766989241043,24,"reactome","Ubc; Anapc15; Uba52; Anapc4; Anapc5; Ube2s; Cdc23; Ube2d1; Anapc1; Anapc11; Anapc2","gastrocnemius","RR-9","GLDS-326","Stat_(Space Flight)v(Ground Control)",1,"flight_positive"
"REACTOME_APC_C_CDH1_MEDIATED_DEGRADATION_OF_CDC20_AND_OTHER_APC_C_CDH1_TARGETED_PROTEINS_IN_LATE_MITOSIS_EARLY_G1",0.00774059896395254,0.118207250248658,0.407017918923954,0.393299479308773,1.60860721861401,61,"reactome","Ubc; Aurka; Psmc4; Psmc3; Sem1; Psmb3; Psmb6; Psmd2; Anapc15; Psmd11; Psmc5; Uba52; Psmd1; Psmb5; Psmb4; Psmb1; Adrm1; Anapc4; Anapc5; Psmc2; Ube2s; Cdc23; Ube2d1","gastrocnemius","RR-9","GLDS-326","Stat_(Space Flight)v(Ground Control)",1,"flight_positive"
"REACTOME_APC_C_MEDIATED_DEGRADATION_OF_CELL_CYCLE_PROTEINS",0.0465025676369136,0.315645391577283,0.321775918075361,0.33385388853213,1.40577370747118,74,"reactome","Ubc; Aurka; Psmc4; Psmc3; Sem1; Psmb3; Psmb6; Cul1; Psmd2; Anapc15; Psmd11; Psmc5; Uba52; Psmd1; Psmb5; Psmb4; Psmb1; Adrm1; Anapc4; Anapc5; Psmc2; Ube2s; Cdc23; Ube2d1","gastrocnemius","RR-9","GLDS-326","Stat_(Space Flight)v(Ground Control)",1,"flight_positive"
"REACTOME_APOPTOSIS",0.245098039215686,0.650756580547852,0.137250779610133,0.231146120170696,1.10592459168226,157,"reactome","Ubc; Trp63; Mapt; Psmc4; Psmc3; Sem1; Tjp1; Akt2; Psmb3; Psmb6; H1f4; Unc5a; Prkcq; Acin1; Dbnl; Psmd2; Ptk2; Bad; Bax; Psmd11; Psmc5; Uba52; Psmd1; Psmb5; Traf2; Psmb4; Psmb1; Adrm1; Tnfrsf10b; Trp53; Nmt1; Psmc2; Septin4; Bmx; Fas; Gsdme; Kpnb1; Bbc3; Tlr4; Mapk3; Bcap31; Psmd3; Pak2; H1f5","gastrocnemius","RR-9","GLDS-326","Stat_(Space Flight)v(Ground Control)",1,"flight_positive"
"REACTOME_APOPTOTIC_CLEAVAGE_OF_CELLULAR_PROTEINS",0.178260869565217,0.55609075928508,0.153158808683073,0.346436177206507,1.22628117612882,33,"reactome","Mapt; Tjp1; Prkcq; Acin1; Dbnl; Ptk2","gastrocnemius","RR-9","GLDS-326","Stat_(Space Flight)v(Ground Control)",1,"flight_positive"
"REACTOME_APOPTOTIC_EXECUTION_PHASE",0.319383259911894,0.696469383650559,0.11101149245045,0.281798002876924,1.07855287095346,46,"reactome","Mapt; Tjp1; H1f4; Prkcq; Acin1; Dbnl; Ptk2","gastrocnemius","RR-9","GLDS-326","Stat_(Space Flight)v(Ground Control)",1,"flight_positive"
"REACTOME_APOPTOTIC_FACTOR_MEDIATED_RESPONSE",0.0494032027173776,0.328331844146547,0.321775918075361,-0.519450670876108,-1.56908671633607,19,"reactome","Apaf1; C1qbp; Mapk1; Gsdmd; Xiap; Casp7; Cycs","gastrocnemius","RR-9","GLDS-326","Stat_(Space Flight)v(Ground Control)",1,"flight_positive"
"REACTOME_AQUAPORIN_MEDIATED_TRANSPORT",0.328918322295806,0.696469383650559,0.109250039480711,0.286118639194231,1.06743582491834,41,"reactome","Adcy2; Gng2; Prkar2a; Prkaca; Gng7; Adcy9; Adcy3; Gnb2; Gng11; Aqp8; Adcy8; Gng12","gastrocnemius","RR-9","GLDS-326","Stat_(Space Flight)v(Ground Control)",1,"flight_positive"
"REACTOME_ARACHIDONATE_METABOLISM",0.33184855233853,0.696469383650559,0.109250039480711,0.281178528598463,1.06894462176275,45,"reactome","Dpep1; Ptges; Gpx4; Hpgds; Prxl2b; Pon1; Cyp4f14; Alox5ap; Cbr1; Ggt1; Cyp4f39; Lta4h; Dpep2; Alox5; Ptgs2; Ltc4s","gastrocnemius","RR-9","GLDS-326","Stat_(Space Flight)v(Ground Control)",1,"flight_positive"
"REACTOME_ASPARAGINE_N_LINKED_GLYCOSYLATION",0.132315521628499,0.484423191194364,0.195789002148949,0.218772074910243,1.12989254878055,289,"reactome","Ubc; Neu3; B4galt5; Cope; St6galnac3; Sec31b; Man1b1; Nsf; Alg3; Gmppa; St3gal1; Ank3; Csnk1d; Tmem258; Ank1; Magt1; Kdelr2; Dync1i2; Cog4; Os9; Mogs; Sptb; Napa; Alg12; Lman2l; Dctn5; Cog6; Neu2; Calr; Uba52; Lman2; Dync1h1; Mpi; Sec22c; St6galnac4; Uggt1; Dad1; Dpm3; Copz2; Sptbn2; Ppp6r3; St3gal3; Ddost; Mlec; Sptbn4; Uap1; Fuca1; Golga2; St3gal4; St8sia5; Tbc1d20; B4galt1; Tuba8; Actr1a; Fcsk; Kdelr1; St8sia6; Sec24c; Copz1; Ppp6r1; Kdelr3; Derl1; Dctn6; Slc35a1; Tubb4a; Ctsa; Dctn2; Fuom; Alg11; Trappc6a; Hk1; Actr10; Alg10b","gastrocnemius","RR-9","GLDS-326","Stat_(Space Flight)v(Ground Control)",1,"flight_positive"
"REACTOME_ASPIRIN_ADME",0.0241079850257147,0.216769277121973,0.352487857583619,-0.579509127893603,-1.61336487773695,15,"reactome","Slc16a1; Ugt1a7c; Acsm5; Ugt1a5; Bche; Ces1d","gastrocnemius","RR-9","GLDS-326","Stat_(Space Flight)v(Ground Control)",1,"flight_positive"
"REACTOME_ASSEMBLY_AND_CELL_SURFACE_PRESENTATION_OF_NMDA_RECEPTORS",0.912087912087912,0.953669549903624,0.0458620343117985,-0.208019877173803,-0.713562577482343,34,"reactome","Actn2; Grin2d; Tuba1b; Camk2g; Tubb2a; Tubb3; Tuba4a; Tubb2b; Tubb1; Nbea; Dlg2; Grin2c; Apba1; Tuba1a; Cask; Camk2d; Grin2b; Lin7a; Dlg4; Lin7c","gastrocnemius","RR-9","GLDS-326","Stat_(Space Flight)v(Ground Control)",1,"flight_positive"
"REACTOME_ASSEMBLY_OF_ACTIVE_LPL_AND_LIPC_LIPASE_COMPLEXES",0.471454880294659,0.795673062957863,0.0778840111977068,-0.353811212485642,-0.985017415771686,15,"reactome","Pcsk6; Gpihbp1; Lpl; Apoc2; Cidec; Mbtps1","gastrocnemius","RR-9","GLDS-326","Stat_(Space Flight)v(Ground Control)",1,"flight_positive"
"REACTOME_ASSEMBLY_OF_COLLAGEN_FIBRILS_AND_OTHER_MULTIMERIC_STRUCTURES",0.118881118881119,0.466993998908893,0.169570644405628,-0.326614858876341,-1.26752754834434,57,"reactome","Col3a1; Col6a3; Col7a1; Col6a2; Ctsb; Col8a1; Loxl2; Col11a1; Col6a5; Col5a1; Col4a6; Lama3; Itga6; Col1a2; Cd151; Col24a1; Col4a5; Col6a6; Col10a1; Mmp3; Col4a4","gastrocnemius","RR-9","GLDS-326","Stat_(Space Flight)v(Ground Control)",1,"flight_positive"
"REACTOME_ASSEMBLY_OF_THE_HIV_VIRION",0.182819383259912,0.563894225637741,0.152144922367565,0.426024452550672,1.26221076786131,16,"reactome","Ubc; Nmt2; Uba52; Vps28; Vps37a; Mvb12a; Ubb; Ppia; Furin","gastrocnemius","RR-9","GLDS-326","Stat_(Space Flight)v(Ground Control)",1,"flight_positive"
"REACTOME_ASSEMBLY_OF_THE_ORC_COMPLEX_AT_THE_ORIGIN_OF_REPLICATION",0.994475138121547,0.994475138121547,0.0421619430092452,-0.150081548366033,-0.519066589241819,35,"reactome","H4c16; H4c14; Orc3; H3f3a; H2ac10; H4c8; Orc4; H2bc18; H3c7; Orc5; Orc2; H2ac18; Kpna1; H2bc8","gastrocnemius","RR-9","GLDS-326","Stat_(Space Flight)v(Ground Control)",1,"flight_positive"
"REACTOME_ASSOCIATION_OF_TRIC_CCT_WITH_TARGET_PROTEINS_DURING_BIOSYNTHESIS",0.955963302752294,0.973571877940863,0.0438002031299891,-0.188714308544356,-0.661369878628017,36,"reactome","Fbxl5; Ccne2; Fbxw9; Cct6b; Cct4; Fbxw2; Tcp1; Lonp2; Kif13a; Sphk1; Cct6a","gastrocnemius","RR-9","GLDS-326","Stat_(Space Flight)v(Ground Control)",1,"flight_positive"
"REACTOME_ASYMMETRIC_LOCALIZATION_OF_PCP_PROTEINS",0.0178662092412893,0.19013893176995,0.352487857583619,0.401595728181792,1.59979963633496,51,"reactome","Ubc; Psmc4; Psmc3; Sem1; Psmb3; Psmb6; Psmd2; Psmd11; Psmc5; Dvl2; Uba52; Psmd1; Psmb5; Psmb4; Psmb1; Adrm1","gastrocnemius","RR-9","GLDS-326","Stat_(Space Flight)v(Ground Control)",1,"flight_positive"
"REACTOME_ATF4_ACTIVATES_GENES_IN_RESPONSE_TO_ENDOPLASMIC_RETICULUM_STRESS",0.758490566037736,0.891753592188841,0.0557104226766671,-0.251669548056586,-0.797003661973417,24,"reactome","Herpud1; Dcp2; Ddit3; Exosc9","gastrocnemius","RR-9","GLDS-326","Stat_(Space Flight)v(Ground Control)",1,"flight_positive"
"REACTOME_ATP_DEPENDENT_CHROMATIN_REMODELERS",0.0226037786221446,0.21215827303241,0.352487857583619,0.46646102149079,1.62429411535482,31,"reactome","Bcl7c; Dpf3; Smarce1; Ss18l1; Brd9; Smarcd3; Phf10; Smarcb1; Smarcc2; Arid1a; Brd7","gastrocnemius","RR-9","GLDS-326","Stat_(Space Flight)v(Ground Control)",1,"flight_positive"
"REACTOME_ATTACHMENT_AND_ENTRY",0.984340044742729,0.990822058207639,0.051530912208539,0.17706091394874,0.531028904702672,17,"reactome","Sdc4; Tmprss2; Gpc1; Sdc1; Gpc4","gastrocnemius","RR-9","GLDS-326","Stat_(Space Flight)v(Ground Control)",1,"flight_positive"
"REACTOME_ATTENUATION_PHASE",0.390243902439024,0.746192575913938,0.0891647117820678,-0.330980209543083,-1.06195454359606,25,"reactome","Hspa1b; Ptges3; Hspa1a; Ep300; Mrpl18; Col4a6; Serpinh1","gastrocnemius","RR-9","GLDS-326","Stat_(Space Flight)v(Ground Control)",1,"flight_positive"
"REACTOME_AUF1_HNRNP_D0_BINDS_AND_DESTABILIZES_MRNA",0.0122438624284577,0.154707274550291,0.380730400722792,0.4405696787796,1.66361749390738,42,"reactome","Ubc; Psmc4; Psmc3; Sem1; Psmb3; Psmb6; Psmd2; Psmd11; Psmc5; Uba52; Psmd1; Psmb5; Psmb4; Psmb1; Adrm1","gastrocnemius","RR-9","GLDS-326","Stat_(Space Flight)v(Ground Control)",1,"flight_positive"
"REACTOME_AURKA_ACTIVATION_BY_TPX2",0.437722419928826,0.77645484007327,0.0799858801499946,-0.246490451215657,-1.00067588376724,72,"reactome","Cdk5rap2; Nedd1; Pafah1b1; Odf2; Cep76; Cep72; Ccp110; Haus5; Haus1; Pcm1; Cep152; Cdk1; Haus6; Cep57; Ywhag; Sfi1; Cep70; Hmmr; Plk4; Pcnt; Cep250; Prkar2b","gastrocnemius","RR-9","GLDS-326","Stat_(Space Flight)v(Ground Control)",1,"flight_positive"
"REACTOME_AUTOPHAGY",0.22962962962963,0.630825379000561,0.142901149386948,0.234909874435234,1.11236140421665,146,"reactome","Map1lc3a; Ubc; Chmp2a; Atg9a; Hsf1; Tsc2; Prkag3; Wdr45; Slc38a9; Csnk2b; Dync1i2; Lamtor2; Tomm7; Lamtor4; Ube2l3; Tsc1; Wipi2; Uba52; Map1lc3b; Rragb; Dync1h1; Plin3; Park7; Atg4d; Tomm6; Optn; Tuba8; Gabarap; Vps28; Atg5; Atg16l2","gastrocnemius","RR-9","GLDS-326","Stat_(Space Flight)v(Ground Control)",1,"flight_positive"
"REACTOME_AZATHIOPRINE_ADME",0.278617710583153,0.680641439095831,0.118815039412263,0.367477847368969,1.15726743355132,21,"reactome","Gstm2; Impdh2; Vav2; Slc29a1","gastrocnemius","RR-9","GLDS-326","Stat_(Space Flight)v(Ground Control)",1,"flight_positive"
"REACTOME_A_TETRASACCHARIDE_LINKER_SEQUENCE_IS_REQUIRED_FOR_GAG_SYNTHESIS",0.605660377358491,0.837035433354983,0.066436413766281,-0.27961328568906,-0.885497726488915,24,"reactome","Agrn; Xylt2; Cspg4; Ncan; Uxs1; Dcn","gastrocnemius","RR-9","GLDS-326","Stat_(Space Flight)v(Ground Control)",1,"flight_positive"
"REACTOME_BACTERIAL_INFECTION_PATHWAYS",0.00185233545110496,0.0521578666495343,0.45505986738723,-0.423269581909093,-1.68706810535079,65,"reactome","Atp6v1h; Sv2b; Pgk1; Met; Stx1b; Ctnnb1; Txnrd1; Mapk1; Syt1; Sh3kbp1; Sv2a; Coro1a; Mrc1; Cbl; Sv2c; Grb2; Src; B2m; Map2k6; Stam2; Rnf213; Map2k1; Map2k4; Antxr2; Sfpq; Dusp16","gastrocnemius","RR-9","GLDS-326","Stat_(Space Flight)v(Ground Control)",1,"flight_positive"
"REACTOME_BASE_EXCISION_REPAIR",0.735498839907193,0.884641571831534,0.0670512579829467,0.210553670617224,0.862329407257926,63,"reactome","Xrcc1; Pold2; H2ax; Polb; H2az2; Parp2; Terf2; H2ac19; Terf2ip; Rfc1; Mbd4; H4c4; Pold4; Parg; Rfc4; Ogg1","gastrocnemius","RR-9","GLDS-326","Stat_(Space Flight)v(Ground Control)",1,"flight_positive"
"REACTOME_BASE_EXCISION_REPAIR_AP_SITE_FORMATION",0.896869244935543,0.950791433403006,0.0468819856878333,-0.211295464497072,-0.730778815069738,35,"reactome","Tdg; Ung; Pot1a; H4c16; H4c14; H2ac10; H4c8","gastrocnemius","RR-9","GLDS-326","Stat_(Space Flight)v(Ground Control)",1,"flight_positive"
"REACTOME_BASIGIN_INTERACTIONS",0.337711069418386,0.697588502466551,0.09754492162472,-0.352815763132689,-1.10427544886195,23,"reactome","Slc7a8; Atp1b1; Slc16a1; Itgb1; L1cam; Slc7a10; Mag; Itga6","gastrocnemius","RR-9","GLDS-326","Stat_(Space Flight)v(Ground Control)",1,"flight_positive"
"REACTOME_BBSOME_MEDIATED_CARGO_TARGETING_TO_CILIUM",0.0301823149319871,0.242187435913538,0.352487857583619,-0.493086432051127,-1.54330757856818,23,"reactome","Mkks; Bbs5; Lztfl1; Mchr1; Bbs4","gastrocnemius","RR-9","GLDS-326","Stat_(Space Flight)v(Ground Control)",1,"flight_positive"
"REACTOME_BETA_CATENIN_INDEPENDENT_WNT_SIGNALING",0.00242574197289499,0.0589896343408554,0.431707695803346,0.341913217618635,1.58697120397993,128,"reactome","Ubc; Wnt4; Gng2; Ap2s1; Prkg2; Psmc4; Psmc3; Sem1; Ap2a2; Psmb3; Psmb6; Map3k7; Ryk; Calm1; Gng7; Camk2a; Psmd2; Cltb; Tnrc6a; Psmd11; Psmc5; Dvl2; Uba52; Pfn1; Psmd1; Ap2m1; Psmb5; Psmb4; Psmb1; Adrm1; Nfatc1; Gnb2; Ago3; Ago4; Itpr1; Psmc2; Plcb3; Gnat2; Gng11; Tnrc6b","gastrocnemius","RR-9","GLDS-326","Stat_(Space Flight)v(Ground Control)",1,"flight_positive"
"REACTOME_BETA_CATENIN_PHOSPHORYLATION_CASCADE",0.630872483221476,0.83987832373712,0.0728938564822936,0.294176823128707,0.882274877560916,17,"reactome","Amer1; Gsk3b; Ppp2r1a; Ppp2r5e; Axin1","gastrocnemius","RR-9","GLDS-326","Stat_(Space Flight)v(Ground Control)",1,"flight_positive"
"REACTOME_BILE_ACID_AND_BILE_SALT_METABOLISM",0.228782287822878,0.630825379000561,0.121543282035469,-0.34803297494255,-1.17798577560509,31,"reactome","Osbpl2; Baat; Osbpl3; Stard5; Hsd17b4; Slco1b2; Cyp46a1; Cyp27a1; Slc27a2; Slc27a5; Cyp39a1; Acot8","gastrocnemius","RR-9","GLDS-326","Stat_(Space Flight)v(Ground Control)",1,"flight_positive"
"REACTOME_BINDING_AND_UPTAKE_OF_LIGANDS_BY_SCAVENGER_RECEPTORS",0.251366120218579,0.65954620330517,0.114266502484433,-0.312801358940401,-1.12823041629558,41,"reactome","Col3a1; Hp; Colec12; Sparc; Cd36; Ssc5d; Iglc1; Stab1; Lrp1; Igha; Saa1; Iglc2; Hsp90b1; Col1a2; Apol9a; Ftl1; Stab2","gastrocnemius","RR-9","GLDS-326","Stat_(Space Flight)v(Ground Control)",1,"flight_positive"
"REACTOME_BIOLOGICAL_OXIDATIONS",0.14572864321608,0.509411184602044,0.148261500475107,-0.252880825245146,-1.16358935081971,146,"reactome","Adh1; Arnt2; Ugt1a7c; Cyp4f18; Bphl; Acsm5; Slc35d2; Cndp2; Ugt1a5; Bpnt2; Mgst1; Ptges3; Adh7; Mtr; Cyb5b; Por; Mat2b; Ephx1; Gsto1; Sult6b1; Ces1d; Chac1; Aoc3; Slc35b3; Papss1; Nqo2; Cyp4b1; Adh5; Cyp1a1; Papss2; Uxs1; Maob; Gclc; Sult4a1; Cyp46a1; Cyp27a1; Cyp4v3; Nat1; Cyp11a1; Slc26a2; Nat2; Cyp39a1","gastrocnemius","RR-9","GLDS-326","Stat_(Space Flight)v(Ground Control)",1,"flight_positive"
"REACTOME_BIOSYNTHESIS_OF_SPECIALIZED_PRORESOLVING_MEDIATORS_SPMS",0.640522875816993,0.843357711555455,0.0707899094502623,0.293556770130812,0.860451524623889,15,"reactome","Gpx4; Alox5ap; Lta4h; Alox5; Ptgs2; Ltc4s","gastrocnemius","RR-9","GLDS-326","Stat_(Space Flight)v(Ground Control)",1,"flight_positive"
"REACTOME_BIOSYNTHESIS_OF_THE_N_GLYCAN_PRECURSOR_DOLICHOL_LIPID_LINKED_OLIGOSACCHARIDE_LLO_AND_TRANSFER_TO_A_NASCENT_PROTEIN",0.397674418604651,0.753765247462837,0.100633389423036,0.244176735682204,1.02816605344151,74,"reactome","Neu3; St6galnac3; Alg3; Gmppa; St3gal1; Alg12; Neu2; Mpi; St6galnac4; Dpm3; St3gal3; Uap1; St3gal4; St8sia5; Fcsk; St8sia6; Slc35a1; Ctsa; Fuom; Alg11; Hk1; Alg10b","gastrocnemius","RR-9","GLDS-326","Stat_(Space Flight)v(Ground Control)",1,"flight_positive"
"REACTOME_BMAL1_CLOCK_NPAS2_ACTIVATES_CIRCADIAN_EXPRESSION",0.64818763326226,0.849951921066934,0.069119845655101,0.269184003610847,0.869453178503525,23,"reactome","Ncoa1; Bhlhe40; Smarcd3","gastrocnemius","RR-9","GLDS-326","Stat_(Space Flight)v(Ground Control)",1,"flight_positive"
"REACTOME_BRANCHED_CHAIN_AMINO_ACID_CATABOLISM",0.49721706864564,0.800732512789602,0.0755015292281669,-0.317982967809411,-0.973382267708917,21,"reactome","Dld; Hibch; Mccc2; Bcat1; Aldh6a1; Acat1","gastrocnemius","RR-9","GLDS-326","Stat_(Space Flight)v(Ground Control)",1,"flight_positive"
"REACTOME_BUDDING_AND_MATURATION_OF_HIV_VIRION",0.472340425531915,0.795912213101022,0.0855356947987884,0.290491226941979,0.984295068520012,26,"reactome","Ubc; Chmp2a; Vps4a; Uba52","gastrocnemius","RR-9","GLDS-326","Stat_(Space Flight)v(Ground Control)",1,"flight_positive"
"REACTOME_BUTYRATE_RESPONSE_FACTOR_1_BRF1_BINDS_AND_DESTABILIZES_MRNA",0.846715328467153,0.929945680742947,0.0490939668192139,-0.254886852368086,-0.728540000647976,16,"reactome","Dcp2; Xrn1; Exosc9","gastrocnemius","RR-9","GLDS-326","Stat_(Space Flight)v(Ground Control)",1,"flight_positive"
"REACTOME_B_WICH_COMPLEX_POSITIVELY_REGULATES_RRNA_EXPRESSION",0.68348623853211,0.859377526708999,0.070113215764256,0.221957681528767,0.894398727618629,56,"reactome","Ercc6; Gsk3b; H2ax; H3c10; Polr2e; H2az2; Polr2f; H2ac19; Polr1e; H4c4; Polr1h; Taf1a; Polr1c; H3c4; Mybbp1a; Actb; Polr2h; Ddx21; Taf1c","gastrocnemius","RR-9","GLDS-326","Stat_(Space Flight)v(Ground Control)",1,"flight_positive"
"REACTOME_CA2_PATHWAY",0.308924485125858,0.695235148514851,0.115734447701689,0.266490625076822,1.08133308512393,58,"reactome","Gng2; Prkg2; Map3k7; Calm1; Gng7; Camk2a; Tnrc6a; Nfatc1; Gnb2; Ago3; Ago4; Itpr1; Plcb3; Gnat2; Gng11; Tnrc6b; Gng12; Plcb1; Tcf7l1; Pde6g","gastrocnemius","RR-9","GLDS-326","Stat_(Space Flight)v(Ground Control)",1,"flight_positive"
"REACTOME_CALNEXIN_CALRETICULIN_CYCLE",0.438297872340426,0.77645484007327,0.0897104652742981,0.296557649610054,1.00485042221727,26,"reactome","Ubc; Man1b1; Os9; Calr; Uba52; Uggt1","gastrocnemius","RR-9","GLDS-326","Stat_(Space Flight)v(Ground Control)",1,"flight_positive"
"REACTOME_CARBOXYTERMINAL_POST_TRANSLATIONAL_MODIFICATIONS_OF_TUBULIN",0.884615384615385,0.950791433403006,0.0472587336673259,-0.21351121930737,-0.732399317028109,34,"reactome","Ttll7; Ttll2; Agbl5; Ttll13; Tuba1b; Agbl2; Tubb2a; Ttll9; Ttll12; Tubb3; Tuba4a; Vash2; Tubb2b; Tubb1; Ttll4; Agbl3; Nicn1; Tuba1a","gastrocnemius","RR-9","GLDS-326","Stat_(Space Flight)v(Ground Control)",1,"flight_positive"
"REACTOME_CARDIAC_CONDUCTION",0.175879396984925,0.553502808158439,0.166933848713193,0.2610763293644,1.15882443764421,107,"reactome","Atp1a2; Fxyd1; Gata4; Slc8a1; Kcnip4; Atp2a1; Casq2; Ryr1; Calm1; Hipk2; Camk2b; Prkaca; Camk2a; Kcnip2; Slc8a3; Cacng6; Stim1; Trdn; Asph; Kcne3; Atp1b2; Itpr1; Cacnb1; Casq1; Kcnj12","gastrocnemius","RR-9","GLDS-326","Stat_(Space Flight)v(Ground Control)",1,"flight_positive"
"REACTOME_CARDIOGENESIS",0.855334538878843,0.933885670000369,0.0482149710025564,-0.241793972222185,-0.735912465830709,20,"reactome","Ctnnb1; Smyd1; Myocd; Tbx5; Ldb1","gastrocnemius","RR-9","GLDS-326","Stat_(Space Flight)v(Ground Control)",1,"flight_positive"
"REACTOME_CARGO_CONCENTRATION_IN_THE_ER",0.302238805970149,0.690230799155,0.103958471559957,-0.329690690511566,-1.1096347428276,30,"reactome","Tmed2; Sec24a; Col7a1; Cd59b; Cnih2; Gria1; Sar1b; Mia3; Tmed10","gastrocnemius","RR-9","GLDS-326","Stat_(Space Flight)v(Ground Control)",1,"flight_positive"
"REACTOME_CARGO_RECOGNITION_FOR_CLATHRIN_MEDIATED_ENDOCYTOSIS",0.48961937716263,0.800164037246104,0.0727141077934447,-0.232609212673678,-0.9799037385339,89,"reactome","Picalm; Tfrc; Cltc; Vamp4; Syt1; Ubqln2; Ap2a1; Sh3kbp1; Cops2; Vamp3; Cops8; Cops4; Btc; Cbl; Grb2; Epgn; Necap1; Agfg1; Stam2; Dab2; Eps15l1","gastrocnemius","RR-9","GLDS-326","Stat_(Space Flight)v(Ground Control)",1,"flight_positive"
"REACTOME_CARGO_TRAFFICKING_TO_THE_PERICILIARY_MEMBRANE",0.706739526411658,0.8732232023793,0.0573667426768556,-0.230081438699655,-0.861600011916422,50,"reactome","Mkks; Bbs5; Lztfl1; Mchr1; Bbs4; Nphp3; Exoc8; Cct4; Exoc7; Rp2; Arf4; Tcp1; Bbip1; Ttc8; Pkd2; Cys1; Bbs1; Exoc6","gastrocnemius","RR-9","GLDS-326","Stat_(Space Flight)v(Ground Control)",1,"flight_positive"
"REACTOME_CASPASE_ACTIVATION_VIA_DEATH_RECEPTORS_IN_THE_PRESENCE_OF_LIGAND",0.801104972375691,0.91174270574366,0.0520570030732099,-0.277473799706394,-0.772492548246288,15,"reactome","Ripk1; Tnfsf10; Ticam2","gastrocnemius","RR-9","GLDS-326","Stat_(Space Flight)v(Ground Control)",1,"flight_positive"
"REACTOME_CASPASE_ACTIVATION_VIA_EXTRINSIC_APOPTOTIC_SIGNALLING_PATHWAY",0.449056603773585,0.781937369761519,0.0817515582532145,-0.317410474322407,-1.00519634710353,24,"reactome","Ripk1; Dapk2; Tnfsf10; Ticam2; Dapk3","gastrocnemius","RR-9","GLDS-326","Stat_(Space Flight)v(Ground Control)",1,"flight_positive"
"REACTOME_CA_DEPENDENT_EVENTS",0.332603938730853,0.696469383650559,0.107972360317345,0.299207381967767,1.08111020528077,36,"reactome","Adcy2; Prkar2a; Calm1; Camk2b; Prkaca; Camk2a; Adcy9; Adcy3; Creb1; Camk4; Adcy8","gastrocnemius","RR-9","GLDS-326","Stat_(Space Flight)v(Ground Control)",1,"flight_positive"
"REACTOME_CD209_DC_SIGN_SIGNALING",0.537585421412301,0.808317632683035,0.0822054920415869,0.310793154024827,0.940620677040272,19,"reactome","Raf1; Prkaca; Relb; Icam2; Nras; Hras; Rela; Pak2","gastrocnemius","RR-9","GLDS-326","Stat_(Space Flight)v(Ground Control)",1,"flight_positive"
"REACTOME_CD28_DEPENDENT_PI3K_AKT_SIGNALING",0.674199623352166,0.857780733634741,0.0611692626746689,-0.258983304967659,-0.850721331332052,27,"reactome","Fyn; Mlst8; Pik3r1; Mtor; Pdpk1","gastrocnemius","RR-9","GLDS-326","Stat_(Space Flight)v(Ground Control)",1,"flight_positive"
"REACTOME_CDC42_GTPASE_CYCLE",0.311881188118812,0.695235148514851,0.120433371642259,0.225615474940163,1.06956901323417,149,"reactome","Iqgap2; Ophn1; Trio; Arhgef11; Cdc42ep5; Arhgap20; Rab7; Arhgap44; Fmnl1; Fgd1; Arhgap29; Fmnl2; Cdc42ep4; Prex2; Arhgap33; Kctd3; Vav2; Dnmbp; Cdc42ep2; Arhgdia; Def6; Fgd3; Golga2; Abr; Myo9b; Syde1; Arhgap26; Git1; Vangl1; Wipf2; Jup; Fam13b; Ralbp1; Arhgap9; Scrib; Arfgap2; Arhgef10; Pak2; Arhgef15","gastrocnemius","RR-9","GLDS-326","Stat_(Space Flight)v(Ground Control)",1,"flight_positive"
"REACTOME_CDK_MEDIATED_PHOSPHORYLATION_AND_REMOVAL_OF_CDC6",0.0100430237127694,0.136025764210927,0.380730400722792,0.395590178621149,1.60913180533742,59,"reactome","Ubc; Psmc4; Psmc3; Sem1; Psmb3; Psmb6; Psmd2; Anapc15; Psmd11; Psmc5; Uba52; Psmd1; Psmb5; Psmb4; Psmb1; Adrm1; Anapc4; Anapc5; Psmc2; Ube2s; Cdc23; Ube2d1","gastrocnemius","RR-9","GLDS-326","Stat_(Space Flight)v(Ground Control)",1,"flight_positive"
"REACTOME_CELLULAR_RESPONSES_TO_MECHANICAL_STIMULI",0.589805825242718,0.828520209095976,0.0806388495950661,0.211244095224768,0.932356686074855,98,"reactome","Adcy2; Gng2; Yap1; Prkar2a; Calm1; Prkaca; Capns1; Gng7; Ptk2; Pik3ca; Adcy9; Pecam1; Ppp2r1a; Adcy3; Gnb2; Ikbke; Kdr; Gna11; Cacnb1; Pik3cd; Gng11; Mmp14; Adcy8; Rela; Rictor; Mapkap1; Gng12","gastrocnemius","RR-9","GLDS-326","Stat_(Space Flight)v(Ground Control)",1,"flight_positive"
"REACTOME_CELLULAR_RESPONSE_TO_CHEMICAL_STRESS",0.0422617731606837,0.304875124606277,0.321775918075361,0.25752407966865,1.25855564380662,185,"reactome","Ubc; Cdkn1a; Ncoa1; Amer1; Gsk3b; Txn2; Cox6a2; Psmc4; Psmc3; Sem1; Atox1; Akt2; Psmb3; Psmb6; Smarcd3; Csnk2b; Cul1; Hba-a1; Psmd2; Hba-a2; Ncf4; P4hb; Brca1; Cox6b1; Psmd11; Psmc5; Uba52; Gstp2; Map1lc3b; Pdgfa; Psmd1; Psmb5; Txnrd2; Psmb4; Psmb1; Adrm1; H13; Gpx3; Sesn1; Prdx5; Rbx1; Hdac3; Psmc2; Cox5b; Taldo1; Hmox2; Aqp8; Egf; Rela; Mafk","gastrocnemius","RR-9","GLDS-326","Stat_(Space Flight)v(Ground Control)",1,"flight_positive"
"REACTOME_CELLULAR_RESPONSE_TO_HEAT_STRESS",0.108514190317195,0.454146523941068,0.173747838999571,-0.288052225739257,-1.23857812527835,95,"reactome","Nup160; Hspa5; Bag3; Rpa3; Hspa1b; Nup93; Ptges3; Mapk1; Atm; Mlst8; Nup88; Sirt1; Mtor; Hspa1a; Atr; Nup107; Hikeshi; Ep300; Ranbp2; Nup37; Nup35; Mrpl18; Col4a6; Ccar2; Serpinh1","gastrocnemius","RR-9","GLDS-326","Stat_(Space Flight)v(Ground Control)",1,"flight_positive"
"REACTOME_CELLULAR_RESPONSE_TO_HYPOXIA",0.00240441024390492,0.0589896343408554,0.431707695803346,0.420256971479635,1.7188642079647,61,"reactome","Ubc; Psmc4; Psmc3; Sem1; Car9; Psmb3; Psmb6; Egln3; Psmd2; Elob; Psmd11; Psmc5; Uba52; Psmd1; Higd1a; Psmb5; Psmb4; Psmb1; Cited2; Adrm1","gastrocnemius","RR-9","GLDS-326","Stat_(Space Flight)v(Ground Control)",1,"flight_positive"
"REACTOME_CELLULAR_RESPONSE_TO_STARVATION",4.5266022376044e-22,5.38162710470746e-20,1.21254456769062,0.620769176468458,2.93976928102895,144,"reactome","Rps27; Rps26; Rpl28; Rpl27a; Rps17; Rpl21; Rpl17; Rpl14; Rpl18a; Rpl24; Rpl27; Rpl19; Rpl6; Rpl15; Rpl22; Rpl26; Rpsa; Rps11; Rps16; Rpl32; Rps18; Rpl13a; Rps28; Rpl13; Rpl35; Rpl37a; Rps6; Rps29; Rpl7; Rps15a; Rpl8; Rpl35a; Rps19; Fau; Rpl3l; Rpl36; Rpl31; Rpl29; Nprl2; Rps25; Slc38a9; Rps15; Rpl18; Atp6v1b1; Rps2; Atp6v1f; Rpl12; Lamtor2; Rpl7a; Atf3; Rpl36a; Rps12; Rps21; Rpl5; Lamtor4; Rpl38; Rpl10; Rps20; Rpl23; Bmt2; Rps14; Rplp1; Atp6v1d; Rps3a1; Atp6v0d1; Uba52; Rps5; Rragb; Rps7; Atp6v1a; Rps23; Atp6v0e2; Rps13; Rpl10a; Depdc5; Rplp2; Sesn1","gastrocnemius","RR-9","GLDS-326","Stat_(Space Flight)v(Ground Control)",1,"flight_positive"
"REACTOME_CELLULAR_SENESCENCE",0.748768472906404,0.886263568594969,0.069119845655101,0.187031124922944,0.891130281499459,155,"reactome","Ubc; Cdkn1a; Fos; H2ax; Map2k7; H3c10; H1f4; Rps6ka2; Tnrc6a; Rps6ka3; Kat5; Anapc15; H2az2; Uba52; Terf2; Anapc4; H2ac19; Ago3; Trp53; Ago4; Anapc5; Terf2ip; Mdm4; Map2k3; Ube2s; Tnrc6b; H4c4; Cdc23; Tnik; Mapk10; Rela; Ube2d1; Mapk9; Mapk3; Rbbp4; H1f5; Anapc1; Rps6ka1; H3c4; Phc2; Mdm2; Anapc11","gastrocnemius","RR-9","GLDS-326","Stat_(Space Flight)v(Ground Control)",1,"flight_positive"
"REACTOME_CELL_CELL_COMMUNICATION",0.0909090909090909,0.415695415695416,0.195789002148949,-0.276255334652498,-1.23176329273839,126,"reactome","Cldn12; Flna; Ilf3; Lims1; Amot; Fyn; Ptpn11; Cdh2; Actn2; Ctnnb1; Nck1; Arhgef6; Wasl; Ago1; Itgb1; Patj; Pik3r1; Pals1; Cd2ap; Cdh4; Actn1; Grb2; Src; Crb3; Nectin3; Cdh11; Sirpa; Actg1; Lama3; Itga6; Pik3r2; Sp1; Ang; Ctnna1; Cdh19; Sirpb1a; Cd151; Magi2; Foxf1; Cldn15; Ptpn6; Fblim1; Rsu1; F11r; Ilk; Prdm8; Cdh13; Ago2; Pard6a; Cldn11; Cldn10","gastrocnemius","RR-9","GLDS-326","Stat_(Space Flight)v(Ground Control)",1,"flight_positive"
"REACTOME_CELL_CELL_JUNCTION_ORGANIZATION",0.416961130742049,0.762646854519646,0.0822054920415869,-0.250255330779103,-1.01314494658145,71,"reactome","Cldn12; Ilf3; Amot; Cdh2; Ctnnb1; Ago1; Patj; Pals1; Cdh4; Crb3; Nectin3; Cdh11; Actg1; Sp1; Ang; Ctnna1; Cdh19; Foxf1; Cldn15; F11r; Prdm8; Cdh13; Ago2; Pard6a; Cldn11; Cldn10; Cdh17","gastrocnemius","RR-9","GLDS-326","Stat_(Space Flight)v(Ground Control)",1,"flight_positive"
"REACTOME_CELL_CYCLE_CHECKPOINTS",0.224222585924714,0.627646249382542,0.114750719227023,-0.224456446740937,-1.09869923389461,249,"reactome","Taok1; Xpo1; Psma3; Cop1; Rad50; Nup160; Ercc6l; Pafah1b1; Rpa3; Rad17; Psmd6; Psmd14; Ahctf1; Ywhaq; Ndel1; Cenpe; Ube2v2; Ccne2; Wee1; Atm; Ppp2ca; H4c16; Brcc3; Mcm6; Exo1; H4c14; Nsd2; Mcm7; Rad1; Ywhah; Atr; Rfc5; Nup107; Mcm3; Cenpf; Anapc10; Cdc27; Wrn; Clasp2; Ranbp2; Pkmyt1; Sgo2a; Cdc20; Psmd12; Cdk1; Orc3; Nup37; Psmc6; Cdc7; Zwint; H4c8; Mad2l1; Ywhag; Nsl1; Cenpq","gastrocnemius","RR-9","GLDS-326","Stat_(Space Flight)v(Ground Control)",1,"flight_positive"
"REACTOME_CELL_CYCLE_MITOTIC",0.39607201309329,0.752747875683517,0.0808589150280032,-0.193572923928056,-1.01600058618909,495,"reactome","Taok1; Xpo1; Jak2; Psma3; Cdk5rap2; Kmt5a; Nedd1; Nup160; Ercc6l; Ppp1cb; Pafah1b1; Rpa3; Ncaph; Blzf1; Psmd6; Psmd14; Gorasp2; Ahctf1; Nek9; E2f5; Skp1; Nup93; Ndel1; Cenpe; Csnk2a1; Mapk1; Odf2; Ccne2; Wee1; Rcc1; Ppp2ca; Nup88; Rab1a; Cep76; Cep72; Rb1; H4c16; Cdt1; Ccnd1; Tfdp1; Mcm6; Nme7; Phlda1; Ccp110; H4c14; Haus5; Mis18bp1; Ptk6; Mcm7; Tk1; Haus1; Pcm1; Chmp4b; Rfc5; Cep152; Nup107; Foxm1; Mcm3; Cenpf; Mybl2; Src; Anapc10; Cdc27; Clasp2; Chmp3; Tnpo1; Ep300; Ranbp2; Pkmyt1; Sgo2a; Ankle2; Cdc20; Psmd12; Tubgcp5; Gins1; Cdk1; Orc3; Nup37; Cdc14a; Haus6; Psmc6; Nup35; H3f3a; Cep57; Smc3; Prim1; Ppp1r12b; H2ac10; Cdc7; Zwint; H4c8; Mzt1; Mad2l1; Ywhag; Nsl1; Cenpq; Sfi1; Pold3; Mnat1; Pole4; Cep70; Hmmr; Fen1; Cnep1r1; Dync1i1; Orc4; Plk4; Gmnn; Chmp4c; Tubgcp3; Tuba1b; Pcnt; Mastl; Zw10; Cep250; Prkar2b; Kif18a; Esco1","gastrocnemius","RR-9","GLDS-326","Stat_(Space Flight)v(Ground Control)",1,"flight_positive"
"REACTOME_CELL_DEATH_SIGNALLING_VIA_NRAGE_NRIF_AND_NADE",0.534883720930233,0.808317632683035,0.0835990603684159,0.228181318902126,0.96081342667313,74,"reactome","Ubc; Trio; Arhgef11; Fgd1; Bad; Arhgef1; Itgb3bp; Uba52; Psen1; Arhgef10l; Vav2; Psenen; Fgd3; Abr; Arhgef17; Arhgef33; Kalrn; Arhgef10; Arhgef15; Ncstn; Psen2; Ngf; Ywhae; Arhgef7; Arhgef37; Ngfr; Tiam2; Rac1","gastrocnemius","RR-9","GLDS-326","Stat_(Space Flight)v(Ground Control)",1,"flight_positive"
"REACTOME_CELL_EXTRACELLULAR_MATRIX_INTERACTIONS",0.491773308957952,0.800164037246104,0.0753093764172773,-0.325903734317099,-0.961935277833157,18,"reactome","Flna; Lims1; Arhgef6; Itgb1; Actn1","gastrocnemius","RR-9","GLDS-326","Stat_(Space Flight)v(Ground Control)",1,"flight_positive"
"REACTOME_CELL_JUNCTION_ORGANIZATION",0.329351535836177,0.696469383650559,0.0934449219410994,-0.246828509787437,-1.05783444021154,96,"reactome","Cldn12; Flna; Ilf3; Lims1; Amot; Cdh2; Ctnnb1; Arhgef6; Ago1; Itgb1; Patj; Pals1; Cdh4; Actn1; Crb3; Nectin3; Cdh11; Actg1; Lama3; Itga6; Sp1; Ang; Ctnna1; Cdh19; Cd151; Foxf1; Cldn15; Fblim1; Rsu1; F11r; Ilk; Prdm8; Cdh13; Ago2; Pard6a; Cldn11; Cldn10","gastrocnemius","RR-9","GLDS-326","Stat_(Space Flight)v(Ground Control)",1,"flight_positive"
"REACTOME_CELL_SURFACE_INTERACTIONS_AT_THE_VASCULAR_WALL",0.0231977943864494,0.212932914119965,0.352487857583619,-0.312929986098818,-1.38353378550835,109,"reactome","Slc7a8; Atp1b1; Itgav; Slc16a1; Selplg; Fn1; Fyn; Ptpn11; Itga4; Itgb1; Pik3r1; L1cam; Slc7a10; Tgfb1; Ighm; Grb2; Src; Itgb2; Pros1; Kras; Cd74; Iglc1; Sirpa; Jaml; Igha; Mag; Itgal; Iglc2; Itga6; Grb14; Pik3r2; Thbd; Angpt4; Itgax; Sos1; Col1a2; Cd44; Procr; Sdc2; Cav1; Itgam; Ptpn6","gastrocnemius","RR-9","GLDS-326","Stat_(Space Flight)v(Ground Control)",1,"flight_positive"
"REACTOME_CGMP_EFFECTS",0.143790849673203,0.506105951152391,0.172324344900946,0.454527088410876,1.33227561412301,15,"reactome","Prkg2; Pde10a; Kcnma1; Pde2a; Itpr1; Pde9a","gastrocnemius","RR-9","GLDS-326","Stat_(Space Flight)v(Ground Control)",1,"flight_positive"
"REACTOME_CHAPERONE_MEDIATED_AUTOPHAGY",0.214123006833713,0.614240260890276,0.142056643575821,0.397898249131488,1.20424570375608,19,"reactome","Ubc; Uba52; Plin3; Park7; Plin2; Hbb-bt","gastrocnemius","RR-9","GLDS-326","Stat_(Space Flight)v(Ground Control)",1,"flight_positive"
"REACTOME_CHEMOKINE_RECEPTORS_BIND_CHEMOKINES",0.893186003683241,0.950791433403006,0.0470699590082662,-0.212881210970857,-0.736263220198225,35,"reactome","Cxcl9; Ccr2; Cxcr6; Ccl22; Ccl17; Ccr1; Cxcl13; Ackr3; Ccr10; Xcr1","gastrocnemius","RR-9","GLDS-326","Stat_(Space Flight)v(Ground Control)",1,"flight_positive"
"REACTOME_CHOLESTEROL_BIOSYNTHESIS",0.0978723404255319,0.428171268507403,0.208955027549354,0.410929279105644,1.39238512361324,26,"reactome","Srebf1; Ebp; Mvk; Tm7sf2; Dhcr7; Hmgcs1; Hmgcr; Fdps; Srebf2; Nsdhl; Idi1; Lbr; Msmo1; Cyp51","gastrocnemius","RR-9","GLDS-326","Stat_(Space Flight)v(Ground Control)",1,"flight_positive"
"REACTOME_CHONDROITIN_SULFATE_BIOSYNTHESIS",0.416216216216216,0.76258793039615,0.0833634065110386,-0.347335705665145,-1.01265910256812,17,"reactome","Chpf; Cspg4; Ncan; Chsy3; Dcn; Csgalnact1; Vcan","gastrocnemius","RR-9","GLDS-326","Stat_(Space Flight)v(Ground Control)",1,"flight_positive"
"REACTOME_CHONDROITIN_SULFATE_DERMATAN_SULFATE_METABOLISM",0.284671532846715,0.681428501445158,0.106323255932708,-0.306035939250533,-1.13383893445085,46,"reactome","Agrn; Chpf; Xylt2; Dsel; Ust; Cspg4; Ncan; Chsy3; Uxs1; Idua; Dcn; Hexb; Hyal1; Csgalnact1; Sdc2; Chst14; Vcan; Hyal3; Ids; B4galt7; Sdc3; Chpf2; Gpc2; Chst15; Dse; Hspg2","gastrocnemius","RR-9","GLDS-326","Stat_(Space Flight)v(Ground Control)",1,"flight_positive"
"REACTOME_CHROMATIN_MODIFICATIONS_DURING_THE_MATERNAL_TO_ZYGOTIC_TRANSITION_MZT",0.901098901098901,0.950791433403006,0.0464154956843849,-0.210051174877262,-0.720530459804968,34,"reactome","Ung; H4c16; Tet3; H4c14; H3f3a; H2ac10; H4c8","gastrocnemius","RR-9","GLDS-326","Stat_(Space Flight)v(Ground Control)",1,"flight_positive"
"REACTOME_CHROMATIN_ORGANIZATION",0.148541114058355,0.512706425943356,0.188204146308491,0.225721496797975,1.13312859934082,241,"reactome","Sgf29; Bcl7c; Ncoa1; Dpf3; Ing4; Smarce1; Kat8; Kmt5b; Prdm16; H2ax; Hdac8; Ss18l1; Kmt5c; Brd9; H3c10; Smarcd3; Taf12; Rps2; Taf9; Phf10; Taf10; Kdm2b; Msl1; Ruvbl1; Brms1; Sap18; Meaf6; Smarcb1; Nfkb2; Kat5; H2az2; Smarcc2; Elp3; H2ac19; Arid1a; Kdm7a; Brd7; Nsd3; Kat6a; Setdb2; Hdac3; Supt3; Mta1; Arid4b; H4c4; Prmt5; Rela; Prmt1; Kmt2b; Vps72; Dnmt3a; Gatad2b; Gps2; Smarca4; Atxn7l3; Prmt7; Rbbp4; Hdac2; Kat14; Gatad2a; Suv39h2; H3c4; Kat7; Phf2; Arid5b; Phf20; Actb; Kdm4a; Ncoa2","gastrocnemius","RR-9","GLDS-326","Stat_(Space Flight)v(Ground Control)",1,"flight_positive"
"REACTOME_CHROMOSOME_MAINTENANCE",0.916666666666667,0.953669549903624,0.0605092988656667,0.176898893574305,0.788241966008586,108,"reactome","Polr2j; Cenpt; Pold2; H2ax; Tert; Nhp2; Polr2e; Ruvbl1; Itgb3bp; Stn1; H2az2; Terf2; Polr2f; Chtf8; Ppp6r3; H2ac19; Terf2ip; Rfc1","gastrocnemius","RR-9","GLDS-326","Stat_(Space Flight)v(Ground Control)",1,"flight_positive"
"REACTOME_CILIUM_ASSEMBLY",0.553872053872054,0.814070189070189,0.0652353056017703,-0.203583528328808,-0.967270239569519,187,"reactome","Cdk5rap2; Mkks; Nedd1; Bbs5; Kifap3; Pafah1b1; C2cd3; Lztfl1; Trip11; Mchr1; Bbs4; Odf2; Kif3b; Tmem67; Cep76; Cep72; Kif3c; Iqcb1; Ccp110; Haus5; Nphp3; Haus1; Pcm1; Exoc8; Cep152; Cct4; Ift74; Tnpo1; Cdk1; Haus6; Exoc7; Cep57; Septin2; Dynlt2b; Ywhag; Sfi1; Dync2h1; Cep70; Plk4; Tuba1b; Pcnt; Sclt1; Rp2; Cep250; Prkar2b; Arf4","gastrocnemius","RR-9","GLDS-326","Stat_(Space Flight)v(Ground Control)",1,"flight_positive"
"REACTOME_CIRCADIAN_CLOCK",0.0451800328686173,0.315645391577283,0.321775918075361,0.30179373725775,1.3447596193427,108,"reactome","Nr1d1; Ubc; Ncoa1; Srebf1; Psmc4; Tfeb; Psmc3; Sem1; Bhlhe40; Csnk1d; Psmb3; Psmb6; Smarcd3; Csnk2b; Cul1; Crtc3; Psmd2; Psmd11; Psmc5; Uba52; Psmd1; Psmb5; Psmb4; Psmb1; Adrm1; Cdk5; Rbx1; Hdac3; Crtc1; Psmc2","gastrocnemius","RR-9","GLDS-326","Stat_(Space Flight)v(Ground Control)",1,"flight_positive"
"REACTOME_CITRIC_ACID_CYCLE_TCA_CYCLE",0.000138545204689376,0.00617680704240133,0.518848077743792,-0.577125759266656,-1.96309624404242,33,"reactome","Dld; Sdha; Sucla2; Sdhd; Idh3b; Isca2; Isca1; Idh3a; Idh2; Mdh2; Dlst; Acat1; Nfs1; Fxn; Aco2; Sdhaf4; Sdhc; Fh1; Sdhaf3","gastrocnemius","RR-9","GLDS-326","Stat_(Space Flight)v(Ground Control)",1,"flight_positive"
"REACTOME_CLASS_A_1_RHODOPSIN_LIKE_RECEPTORS",0.765391014975042,0.89602668055065,0.0494904866135495,-0.186764303955022,-0.886658375915156,181,"reactome","Gal; Mchr1; Gpr68; Ednrb; Gpr4; Bdkrb1; Cxcl9; Plppr4; Ccr2; Sst; Cxcr6; Nln; Ccl22; Ccl17; F2r; Ccr1; Ffar2; Hebp1; P2ry2; Ffar4; C5ar1; Cxcl13; Insl3; Trh; Ptger4; Saa1; Adra2b; Ackr3; Opn1mw; Prok1; Ece1; Ptgir; Ccr10; Gpr65; Xcr1; Uts2r; Tshr; Npffr1; Ptger1; Rxfp2; Cxcl1; P2ry13; Gpr183; Bdkrb2; Cnr2; Pomc; Chrm3; Adra1b","gastrocnemius","RR-9","GLDS-326","Stat_(Space Flight)v(Ground Control)",1,"flight_positive"
"REACTOME_CLASS_B_2_SECRETIN_FAMILY_RECEPTORS",0.972027972027972,0.982124579858291,0.0540088272801684,0.163457167847843,0.67902514047873,66,"reactome","Wnt4; Ucn2; Gng2; Sctr; Gng7; Fzd9; Sct; Gnb2; Vipr2; Gng11; Gng12; Vipr1","gastrocnemius","RR-9","GLDS-326","Stat_(Space Flight)v(Ground Control)",1,"flight_positive"
"REACTOME_CLASS_I_MHC_MEDIATED_ANTIGEN_PROCESSING_PRESENTATION",0.226890756302521,0.629074814064203,0.115734447701689,-0.213940761286979,-1.08801376532911,352,"reactome","Tap1; Herc4; Wwp1; Psma3; Itgav; Ube2g1; Hspa5; Tlr1; Lnpep; Huwe1; Psmd6; Psmd14; Trim32; Ube2o; Cul3; Klhl42; Rnf144b; Sec24a; Ube2e2; Skp1; Ube2v2; Canx; Fbxo21; Fbxl5; Fbxo44; Rnf115; Rnf14; Asb10; Fbxw9; Herc1; Rbbp6; Klhl11; Pik3c3; Vamp3; H2-M2; Asb8; Tpp2; Ncf2; Klhl9; Ube2z; Uba6; Vhl; Asb18; Kbtbd7; Rnf130; Fbxl4; Mrc1; Ube2d2a; Hecw2; Fbxo11; Asb12; B2m; Anapc10; Tap2; Cdc27; Rnf114; Cd36; Ube2f; Btk; Hace1; Cdc20; Psmd12; Gan; Rnf213; Cul2; Dcaf1; Trim69; Klhl2; Psmc6; Spsb1; Pik3r4","gastrocnemius","RR-9","GLDS-326","Stat_(Space Flight)v(Ground Control)",1,"flight_positive"
"REACTOME_CLASS_I_PEROXISOMAL_MEMBRANE_PROTEIN_IMPORT",0.0513840527782898,0.337306358728651,0.321775918075361,-0.504332422006458,-1.53496182252261,20,"reactome","Pex13; Atad1; Abcd3; Pex12; Acbd5","gastrocnemius","RR-9","GLDS-326","Stat_(Space Flight)v(Ground Control)",1,"flight_positive"
"REACTOME_CLATHRIN_MEDIATED_ENDOCYTOSIS",0.551959114139693,0.813493460233432,0.065981614400873,-0.214724644403714,-0.965093780629225,129,"reactome","Picalm; Tfrc; Cltc; Vamp4; Arf6; Wasl; Syt1; Ocrl; Ubqln2; Ap2a1; Sh3kbp1; Synj2; Cops2; Vamp3; Cops8; Cops4; Btc; Actr2; Cbl; Synj1; Grb2; Epgn; Necap1; Agfg1; Stam2","gastrocnemius","RR-9","GLDS-326","Stat_(Space Flight)v(Ground Control)",1,"flight_positive"
"REACTOME_CLEC7A_DECTIN_1_SIGNALING",0.0220645040981812,0.211457625265872,0.352487857583619,0.340700475201184,1.47638551238283,87,"reactome","Ubc; Psmc4; Psmc3; Sem1; Nfatc2; Psmb3; Psmb6; Map3k7; Cul1; Calm1; Relb; Psmd2; Nfkb2; Psmd11; Psmc5; Uba52; Psmd1; Psmb5; Psmb4; Psmb1; Adrm1; Card9; Nfatc1; Bcl10; Cdc34; Itpr1; Psmc2","gastrocnemius","RR-9","GLDS-326","Stat_(Space Flight)v(Ground Control)",1,"flight_positive"
"REACTOME_COBALAMIN_CBL_VITAMIN_B12_TRANSPORT_AND_METABOLISM",0.174953959484346,0.553502808158439,0.141225119642531,-0.460318947525112,-1.28153705739421,15,"reactome","Mtr; Mmadhc; Mmachc; Mmut; Amn; Cubn","gastrocnemius","RR-9","GLDS-326","Stat_(Space Flight)v(Ground Control)",1,"flight_positive"
"REACTOME_COLLAGEN_BIOSYNTHESIS_AND_MODIFYING_ENZYMES",0.354275741710297,0.713888971054647,0.0905428948469474,-0.264631079190846,-1.05704206972937,66,"reactome","Col3a1; Col6a3; Col7a1; Adamts14; Col6a2; Pcolce2; Col8a1; Colgalt1; Col11a1; Col6a5; Col5a1; Col4a6; Serpinh1; Col22a1; Crtap; Col1a2; Col24a1; Col25a1; Col4a5; Col6a6; Col10a1; Col4a4","gastrocnemius","RR-9","GLDS-326","Stat_(Space Flight)v(Ground Control)",1,"flight_positive"
"REACTOME_COLLAGEN_CHAIN_TRIMERIZATION",0.165467625899281,0.539782227940801,0.143758989039275,-0.336637548036445,-1.23231674676521,43,"reactome","Col3a1; Col6a3; Col7a1; Col6a2; Col8a1; Col11a1; Col6a5; Col5a1; Col4a6; Col22a1; Col1a2; Col24a1; Col25a1; Col4a5; Col6a6; Col10a1; Col4a4","gastrocnemius","RR-9","GLDS-326","Stat_(Space Flight)v(Ground Control)",1,"flight_positive"
"REACTOME_COLLAGEN_DEGRADATION",0.138111888111888,0.492599067599068,0.156312403073186,-0.317216510598784,-1.2310544209682,57,"reactome","Col3a1; Col6a3; Col7a1; Ctsk; Adam9; Adam17; Col6a2; Ctsb; Col8a1; Col11a1; Col6a5; Col5a1; Col4a6; Phykpl; Mmp19; Col1a2; Col25a1; Col4a5; Col6a6; Col10a1; Mmp3; Col4a4; Mmp12","gastrocnemius","RR-9","GLDS-326","Stat_(Space Flight)v(Ground Control)",1,"flight_positive"
"REACTOME_COLLAGEN_FORMATION",0.391228070175439,0.746192575913938,0.0852884689790502,-0.24593944702431,-1.02626940139626,85,"reactome","Col3a1; Col6a3; Col7a1; Adamts14; Col6a2; Pcolce2; Ctsb; Col8a1; Colgalt1; Loxl2; Col11a1; Col6a5; Col5a1; Col4a6; Lama3; Serpinh1; Itga6; Col22a1; Crtap; Col1a2; Cd151; Col24a1; Col25a1; Col4a5; Col6a6; Col10a1; Mmp3; Col4a4","gastrocnemius","RR-9","GLDS-326","Stat_(Space Flight)v(Ground Control)",1,"flight_positive"
"REACTOME_COMPLEMENT_CASCADE",0.496402877697842,0.800732512789602,0.0739901439101341,-0.265377339236996,-0.971457109467595,43,"reactome","Cd55; Ighg2c; Cd59b; Masp2; Cfb; Pros1; C5ar1; Iglc1; C2; Iglc2; Cpn2","gastrocnemius","RR-9","GLDS-326","Stat_(Space Flight)v(Ground Control)",1,"flight_positive"
"REACTOME_COMPLEX_III_ASSEMBLY",0.800751879699248,0.91174270574366,0.0530212512043078,-0.244320548653353,-0.753697393098351,22,"reactome","Uqcrfs1; Cyc1; Uqcrc2; Nfs1; Fxn","gastrocnemius","RR-9","GLDS-326","Stat_(Space Flight)v(Ground Control)",1,"flight_positive"
"REACTOME_COMPLEX_IV_ASSEMBLY",0.0989208633093525,0.428909287689903,0.190023305279108,-0.362281203556604,-1.32618953763508,43,"reactome","Coq10b; Cox5a; Pet117; Ndufa4; Cox6c; Timm21; Cox7a2; Cox11","gastrocnemius","RR-9","GLDS-326","Stat_(Space Flight)v(Ground Control)",1,"flight_positive"
"REACTOME_COMPLEX_I_BIOGENESIS",0.366492146596859,0.724926071431615,0.0886261133285098,-0.266584908095213,-1.04889375748691,60,"reactome","Ndufaf1; Nubpl; Ndufb6; Ndufab1; Ndufs4; Ndufb1; Ndufs1; Pyurf; Ndufc2; Ndufaf4; Tmem126b; Lyrm2; Tmem126a; Dmac2","gastrocnemius","RR-9","GLDS-326","Stat_(Space Flight)v(Ground Control)",1,"flight_positive"
"REACTOME_CONDENSATION_OF_PROPHASE_CHROMOSOMES",0.736842105263158,0.884641571831534,0.0552495663125249,-0.234784262877121,-0.836358218984998,39,"reactome","Kmt5a; Rb1; H4c16; H4c14; Cdk1; H3f3a; H2ac10; H4c8","gastrocnemius","RR-9","GLDS-326","Stat_(Space Flight)v(Ground Control)",1,"flight_positive"
"REACTOME_CONSTITUTIVE_SIGNALING_BY_ABERRANT_PI3K_IN_CANCER",0.233743409490334,0.636400631436787,0.116739204791222,-0.277631929869808,-1.13690587233348,75,"reactome","Met; Kitl; Fyn; Ptpn11; Fgfr3; Flt3; Ntf5; Pik3r1; Nrg4; Kit; Ntrk2; Btc; Grb2; Src; Epgn; Gab1; Pik3ap1; Hgf; Fgf1; Pik3r2; Pdgfra","gastrocnemius","RR-9","GLDS-326","Stat_(Space Flight)v(Ground Control)",1,"flight_positive"
"REACTOME_CONSTITUTIVE_SIGNALING_BY_AKT1_E17K_IN_CANCER",0.00539769381099027,0.101325129434379,0.407017918923954,0.543760661342405,1.84246850773711,26,"reactome","Cdkn1a; Rps6kb2; Gsk3b; Akt2; Akt1s1; Tsc2; Bad; Gsk3a; Foxo1; Nr4a1; Creb1; Rictor; Mapkap1","gastrocnemius","RR-9","GLDS-326","Stat_(Space Flight)v(Ground Control)",1,"flight_positive"
"REACTOME_CONSTITUTIVE_SIGNALING_BY_EGFRVIII",0.70902394106814,0.875035313659642,0.0577308549299813,-0.298629467372701,-0.831390345597568,15,"reactome","Pik3r1; Cbl; Grb2; Gab1; Kras","gastrocnemius","RR-9","GLDS-326","Stat_(Space Flight)v(Ground Control)",1,"flight_positive"
"REACTOME_CONSTITUTIVE_SIGNALING_BY_LIGAND_RESPONSIVE_EGFR_CANCER_VARIANTS",0.287015945330296,0.682510288065844,0.120433371642259,0.376253494089572,1.13873749072681,19,"reactome","Ubc; Egfr; Pik3ca; Uba52; Nras; Hras; Egf","gastrocnemius","RR-9","GLDS-326","Stat_(Space Flight)v(Ground Control)",1,"flight_positive"
"REACTOME_CONVERSION_FROM_APC_C_CDC20_TO_APC_C_CDH1_IN_LATE_ANAPHASE",0.489977728285078,0.800164037246104,0.0860347242455604,0.318533821862568,0.979001474692895,20,"reactome","Anapc15; Anapc4; Anapc5; Ube2s; Cdc23; Ube2d1; Anapc1; Anapc11; Anapc2; Ube2c; Fzr1","gastrocnemius","RR-9","GLDS-326","Stat_(Space Flight)v(Ground Control)",1,"flight_positive"
"REACTOME_COOPERATION_OF_PDCL_PHLP1_AND_TRIC_CCT_IN_G_PROTEIN_BETA_FOLDING",0.812636165577342,0.91624941745812,0.059221919380382,0.219838507534845,0.785918960618994,35,"reactome","Gng2; Csnk2b; Gng7; Gnb2; Gna11; Gng11; Gng12; Rgs6; Rgs7; Cct3; Cct5; Gna15; Gngt2; Gng10; Gng4; Cct7","gastrocnemius","RR-9","GLDS-326","Stat_(Space Flight)v(Ground Control)",1,"flight_positive"
"REACTOME_COOPERATION_OF_PREFOLDIN_AND_TRIC_CCT_IN_ACTIN_AND_TUBULIN_FOLDING",0.782795698924731,0.907414529282411,0.0603786357920401,0.232892982042732,0.795254266317194,28,"reactome","Pfdn6; Pfdn1; Pfdn5; Pfdn2; Tuba8; Tubb4a; Actb; Cct3; Cct5; Tubb4b","gastrocnemius","RR-9","GLDS-326","Stat_(Space Flight)v(Ground Control)",1,"flight_positive"
"REACTOME_COPII_MEDIATED_VESICLE_TRANSPORT",0.823734729493892,0.920504033697437,0.0483117581055019,-0.200602728430386,-0.80128730118087,66,"reactome","Trappc6b; Sec22a; Tmed2; Sec24a; Col7a1; Rab1a; Cd59b; Cnih2; Ankrd28; Trappc2l","gastrocnemius","RR-9","GLDS-326","Stat_(Space Flight)v(Ground Control)",1,"flight_positive"
"REACTOME_COPI_DEPENDENT_GOLGI_TO_ER_RETROGRADE_TRAFFIC",0.681660899653979,0.859377526708999,0.0566484183613995,-0.211050008575165,-0.889082122084922,89,"reactome","Tmed7; Kifap3; Kif16b; Kif20b; Copb1; Tmed2; Kif21a; Cenpe; Kif3b; Rab1a; Kif3c","gastrocnemius","RR-9","GLDS-326","Stat_(Space Flight)v(Ground Control)",1,"flight_positive"
"REACTOME_COPI_INDEPENDENT_GOLGI_TO_ER_RETROGRADE_TRAFFIC",0.91500904159132,0.953669549903624,0.0451344222209097,-0.188629142580982,-0.696747024867025,45,"reactome","Pafah1b1; Capza1; Rab3gap2; Capza2; Pafah1b3; Rab18; Dync1i1; Rab3gap1; Tuba1b; Dctn4; Tubb2a; Tubb3; Tuba4a; Galnt1; Pla2g4a; Tubb2b; Dctn1; Dynll2; Tubb1","gastrocnemius","RR-9","GLDS-326","Stat_(Space Flight)v(Ground Control)",1,"flight_positive"
"REACTOME_COPI_MEDIATED_ANTEROGRADE_TRANSPORT",0.216216216216216,0.617962804783352,0.147331213699377,0.259465136267124,1.1368986777921,93,"reactome","Cope; Nsf; Ank3; Ank1; Kdelr2; Dync1i2; Cog4; Sptb; Napa; Dctn5; Cog6; Dync1h1; Copz2; Sptbn2; Sptbn4; Golga2; Tuba8; Actr1a; Kdelr1; Copz1; Kdelr3; Dctn6; Tubb4a; Dctn2; Actr10; Arfgap2; Cog2; Ins2; Napb","gastrocnemius","RR-9","GLDS-326","Stat_(Space Flight)v(Ground Control)",1,"flight_positive"
"REACTOME_CO_INHIBITION_BY_CTLA4",0.519480519480519,0.804405435375044,0.0732558655828455,-0.313177397847032,-0.958671867904053,21,"reactome","Fyn; Ptpn11; Ppp2ca; Src; Ctla4; Ppp2r5a; Ppp2r1b; Ppp2r5c; Akt1; Ppp2r5d","gastrocnemius","RR-9","GLDS-326","Stat_(Space Flight)v(Ground Control)",1,"flight_positive"
"REACTOME_CO_STIMULATION_BY_CD28",0.807339449541284,0.913851280399871,0.051530912208539,-0.217248937701717,-0.806079140547467,48,"reactome","Fyn; Mlst8; Ppp2ca; Pik3r1; Mtor; Pdpk1; Grb2; Src","gastrocnemius","RR-9","GLDS-326","Stat_(Space Flight)v(Ground Control)",1,"flight_positive"
"REACTOME_CREB1_PHOSPHORYLATION_THROUGH_NMDA_RECEPTOR_MEDIATED_ACTIVATION_OF_RAS_SIGNALING",0.605095541401274,0.837035433354983,0.0723570851036907,0.260862417451239,0.891776522622732,27,"reactome","Calm1; Camk2b; Camk2a; Rps6ka2; Rps6ka3; Nras; Hras; Creb1; Mapk3; Rps6ka1","gastrocnemius","RR-9","GLDS-326","Stat_(Space Flight)v(Ground Control)",1,"flight_positive"
"REACTOME_CRISTAE_FORMATION",0.0534069981583794,0.344249927888349,0.266350657088526,-0.520915170086968,-1.45023813991241,15,"reactome","Mtx2; Atp5pb; Dmac2l; Immt; Apoo; Chchd3","gastrocnemius","RR-9","GLDS-326","Stat_(Space Flight)v(Ground Control)",1,"flight_positive"
"REACTOME_CRMPS_IN_SEMA3A_SIGNALING",0.579295154185022,0.822074209208504,0.0764767053228531,0.304211535559066,0.901307597700877,16,"reactome","Gsk3b; Plxna3; Cdk5; Fes; Sema3a; Dpysl3; Dpysl4","gastrocnemius","RR-9","GLDS-326","Stat_(Space Flight)v(Ground Control)",1,"flight_positive"
"REACTOME_CROSSLINKING_OF_COLLAGEN_FIBRILS",0.572212065813528,0.822074209208504,0.0676760401641789,-0.306614857688054,-0.905002358859002,18,"reactome","Loxl2; Col4a6; Col1a2; Col4a5; Col4a4; Tll2; Loxl3; Lox","gastrocnemius","RR-9","GLDS-326","Stat_(Space Flight)v(Ground Control)",1,"flight_positive"
"REACTOME_CROSS_PRESENTATION_OF_SOLUBLE_EXOGENOUS_ANTIGENS_ENDOSOMES",0.0274891045029072,0.232711436587032,0.352487857583619,0.423536777927999,1.56873639219501,40,"reactome","Psmc4; Psmc3; Sem1; Psmb3; Psmb6; Psmb10; Psmd2; Psmd11; Psmc5; Psmd1; Psmb5; Psmb4; Psmb1; Adrm1","gastrocnemius","RR-9","GLDS-326","Stat_(Space Flight)v(Ground Control)",1,"flight_positive"
"REACTOME_CYCLIN_A_B1_B2_ASSOCIATED_EVENTS_DURING_G2_M_TRANSITION",0.290502793296089,0.683924576542026,0.106323255932708,-0.336918644669297,-1.11724278427013,28,"reactome","Xpo1; Wee1; Ppp2ca; Mis18bp1; Foxm1; Pkmyt1; Cdk1; Mnat1; Plk1; Bora; Ccnb2; Ppp2r1b","gastrocnemius","RR-9","GLDS-326","Stat_(Space Flight)v(Ground Control)",1,"flight_positive"
"REACTOME_CYCLIN_A_CDK2_ASSOCIATED_EVENTS_AT_S_PHASE_ENTRY",0.0238328674942507,0.216111595074986,0.352487857583619,0.352617006925925,1.48478042092938,74,"reactome","Ubc; Cdkn1a; Psmc4; Psmc3; Sem1; Akt2; Psmb3; Psmb6; Cul1; Psmd2; Psmd11; Psmc5; Uba52; Psmd1; Psmb5; Ccnh; Lin37; Psmb4; Psmb1; Adrm1","gastrocnemius","RR-9","GLDS-326","Stat_(Space Flight)v(Ground Control)",1,"flight_positive"
"REACTOME_CYCLIN_D_ASSOCIATED_EVENTS_IN_G1",0.32780847145488,0.696469383650559,0.0982123351217438,-0.292311145853551,-1.08038231507115,47,"reactome","Jak2; E2f5; Skp1; Ccne2; Ppp2ca; Rb1; Ccnd1; Tfdp1; Ptk6; Src","gastrocnemius","RR-9","GLDS-326","Stat_(Space Flight)v(Ground Control)",1,"flight_positive"
"REACTOME_CYTOCHROME_P450_ARRANGED_BY_SUBSTRATE_TYPE",0.669691470054447,0.856724921087074,0.0597317976364411,-0.246109136914154,-0.876700154018353,39,"reactome","Arnt2; Cyp4f18; Por; Cyp4b1; Cyp1a1; Cyp46a1; Cyp27a1; Cyp4v3; Cyp11a1; Cyp39a1; Cyp27b1; Cyp2r1; Pomc; Tbxas1","gastrocnemius","RR-9","GLDS-326","Stat_(Space Flight)v(Ground Control)",1,"flight_positive"
"REACTOME_CYTOPROTECTION_BY_HMOX1",0.370036101083032,0.727828360586112,0.0899860794997137,-0.276710829548357,-1.04643107153064,53,"reactome","Cox5a; Ndufa4; Cox6c; Bach1; Sin3a; Ncoa6; Cox7a2; Blvra; Ptk6; Cycs; Ppara; Hmox1; Ncor2","gastrocnemius","RR-9","GLDS-326","Stat_(Space Flight)v(Ground Control)",1,"flight_positive"
"REACTOME_CYTOSOLIC_SENSORS_OF_PATHOGEN_ASSOCIATED_DNA",0.582366589327146,0.822074209208504,0.0789209638180035,0.229241864179789,0.938867511914508,63,"reactome","Ubc; Polr2e; Nfkbib; Irf7; Nfkb2; Trim56; Polr3c; Uba52; Dtx4; Polr2f; Polr3d","gastrocnemius","RR-9","GLDS-326","Stat_(Space Flight)v(Ground Control)",1,"flight_positive"
"REACTOME_CYTOSOLIC_SULFONATION_OF_SMALL_MOLECULES",0.0810313075506446,0.388707698269181,0.213927855492356,-0.499946430214235,-1.39186075323684,15,"reactome","Bpnt2; Sult6b1; Slc35b3; Papss1; Papss2; Sult4a1; Slc26a2","gastrocnemius","RR-9","GLDS-326","Stat_(Space Flight)v(Ground Control)",1,"flight_positive"
"REACTOME_C_TYPE_LECTIN_RECEPTORS_CLRS",0.0735294117647059,0.372874268190689,0.261663521711573,0.281237736292592,1.27341350296701,114,"reactome","Ubc; Psmc4; Psmc3; Sem1; Nfatc2; Psmb3; Psmb6; Map3k7; Cul1; Raf1; Calm1; Prkaca; Relb; Psmd2; Nfkb2; Psmd11; Psmc5; Uba52; Psmd1; Psmb5; Psmb4; Psmb1; Adrm1; Card9; Icam2; Nfatc1; Bcl10; Cdc34; Itpr1; Psmc2; Nras; Hras; Rela; Ube2d1; Muc1","gastrocnemius","RR-9","GLDS-326","Stat_(Space Flight)v(Ground Control)",1,"flight_positive"
"REACTOME_DAG_AND_IP3_SIGNALING",0.189309576837416,0.573827895796135,0.150169802128406,0.321033102377024,1.18907338640546,40,"reactome","Adcy2; Prkar2a; Calm1; Camk2b; Prkaca; Prkce; Camk2a; Adcy9; Adcy3; Itpr1; Creb1; Camk4; Adcy8","gastrocnemius","RR-9","GLDS-326","Stat_(Space Flight)v(Ground Control)",1,"flight_positive"
"REACTOME_DAP12_INTERACTIONS",0.106422018348624,0.451221865641238,0.184706471207739,-0.376525452684498,-1.31957451908727,36,"reactome","Fyn; Pik3r1; H2-M2; Clec5a; Grb2; B2m; Btk; Kras; H2-D1; Lcp2; Pik3r2; Sos1; Sirpb1a; Klrc1; Syk","gastrocnemius","RR-9","GLDS-326","Stat_(Space Flight)v(Ground Control)",1,"flight_positive"
"REACTOME_DAP12_SIGNALING",0.337078651685393,0.697588502466551,0.09754492162472,-0.318459259758416,-1.06312708804993,29,"reactome","Fyn; Pik3r1; Grb2; B2m; Btk; Kras; Lcp2; Pik3r2; Sos1; Klrc1; Syk","gastrocnemius","RR-9","GLDS-326","Stat_(Space Flight)v(Ground Control)",1,"flight_positive"
"REACTOME_DARPP_32_EVENTS",0.330490405117271,0.696469383650559,0.106729884364606,0.340944104562496,1.10123533132544,23,"reactome","Prkar2a; Calm1; Prkaca; Pde4a; Ppp2r1a; Pde4b; Cdk5","gastrocnemius","RR-9","GLDS-326","Stat_(Space Flight)v(Ground Control)",1,"flight_positive"
"REACTOME_DDX58_IFIH1_MEDIATED_INDUCTION_OF_INTERFERON_ALPHA_BETA",0.264018691588785,0.661692710271812,0.128142916898415,0.271114255541884,1.1127550588586,64,"reactome","Ubc; Ube2l6; Nfkbib; Irf7; Nfkb2; Pin1; Map3k1; Uba52; Isg15; Traf2; Otud5; Ikbke; Atg5; Rela; Ube2d1; Pcbp2; S100b; Ikbkg","gastrocnemius","RR-9","GLDS-326","Stat_(Space Flight)v(Ground Control)",1,"flight_positive"
"REACTOME_DEACTIVATION_OF_THE_BETA_CATENIN_TRANSACTIVATING_COMPLEX",0.456570155902004,0.78415741061821,0.0899860794997137,0.267963006861523,0.992507245019303,40,"reactome","Ubc; Akt2; Men1; Pygo1; Uba52; Ctbp1; Sox4; Sox6; Bcl9","gastrocnemius","RR-9","GLDS-326","Stat_(Space Flight)v(Ground Control)",1,"flight_positive"
"REACTOME_DEADENYLATION_DEPENDENT_MRNA_DECAY",0.450892857142857,0.781937369761519,0.0908241419007155,0.249229089072457,0.996304105786325,52,"reactome","Lsm6; Eif4a3; Lsm2; Cnot3; Lsm7; Cnot6l; Exosc1; Exosc8; Dis3; Lsm4; Lsm3; Nt5c3b; Exosc3; Tut4; Cnot11","gastrocnemius","RR-9","GLDS-326","Stat_(Space Flight)v(Ground Control)",1,"flight_positive"
"REACTOME_DEADENYLATION_OF_MRNA",0.891181988742964,0.950791433403006,0.0480220415968251,-0.220409716278686,-0.707187598853709,25,"reactome","Tut7; Eif4b; Eif4a2; Cnot7; Tnks1bp1; Eif4g1","gastrocnemius","RR-9","GLDS-326","Stat_(Space Flight)v(Ground Control)",1,"flight_positive"
"REACTOME_DEATH_RECEPTOR_SIGNALING",0.77257525083612,0.901188346458629,0.0492917662312669,-0.189757557847325,-0.876749747909432,149,"reactome","Clip3; Sos2; Rtn4; Lingo1; Gna13; Ripk1; Tbk1; Tnf; Arhgef6; Tnfsf10; Plekhg2; Adam17; Arhgef12; Aph1a; Bcl2l11; Ect2; Usp2; Xiap; Arhgef26; Ube2d2a; Nsmaf; Aph1c; Rhoa; Tax1bp1; Plekhg5; Sppl2a; Madd; Mag; Birc2; Casp2; Mapk8; Tab3; Tab2; Smpd2; Smpd3; Fasl; Sos1","gastrocnemius","RR-9","GLDS-326","Stat_(Space Flight)v(Ground Control)",1,"flight_positive"
"REACTOME_DECTIN_1_MEDIATED_NONCANONICAL_NF_KB_SIGNALING",0.00297660798050811,0.0677653306200782,0.431707695803346,0.447042055341108,1.75221307247492,49,"reactome","Ubc; Psmc4; Psmc3; Sem1; Psmb3; Psmb6; Cul1; Relb; Psmd2; Nfkb2; Psmd11; Psmc5; Uba52; Psmd1; Psmb5; Psmb4; Psmb1; Adrm1","gastrocnemius","RR-9","GLDS-326","Stat_(Space Flight)v(Ground Control)",1,"flight_positive"
"REACTOME_DECTIN_2_FAMILY",0.0644567219152855,0.369228114823042,0.241339976815091,-0.512210534841226,-1.42600426316566,15,"reactome","Muc4; Fyn; Clec4a3; Clec4d; Clec10a; Mgl2; Syk","gastrocnemius","RR-9","GLDS-326","Stat_(Space Flight)v(Ground Control)",1,"flight_positive"
"REACTOME_DEFECTIVE_B4GALT7_CAUSES_EDS_PROGEROID_TYPE",0.595978062157221,0.83033401889092,0.0656813601934011,-0.30207845415332,-0.891612740591231,18,"reactome","Agrn; Cspg4; Ncan; Dcn; Sdc2; Vcan; B4galt7; Sdc3; Gpc2","gastrocnemius","RR-9","GLDS-326","Stat_(Space Flight)v(Ground Control)",1,"flight_positive"
"REACTOME_DEFECTIVE_CFTR_CAUSES_CYSTIC_FIBROSIS",0.0206974028817191,0.209451946417122,0.352487857583619,0.4028562553994,1.56241286139901,47,"reactome","Ubc; Psmc4; Psmc3; Sem1; Psmb3; Psmb6; Os9; Psmd2; Psmd11; Psmc5; Uba52; Psmd1; Psmb5; Psmb4; Psmb1; Adrm1","gastrocnemius","RR-9","GLDS-326","Stat_(Space Flight)v(Ground Control)",1,"flight_positive"
"REACTOME_DEFECTIVE_INTRINSIC_PATHWAY_FOR_APOPTOSIS",0.361702127659574,0.719370402594321,0.100990587455923,0.336904110119698,1.0771236878876,22,"reactome","Capns1; Capn1; Trp53; Cdk5; Golga2; Cdc25b; Prdx2; Foxo3; Capn2; Ywhae","gastrocnemius","RR-9","GLDS-326","Stat_(Space Flight)v(Ground Control)",1,"flight_positive"
"REACTOME_DEFECTS_IN_VITAMIN_AND_COFACTOR_METABOLISM",0.257884972170686,0.661692710271812,0.11378726182188,-0.38427042128655,-1.17629575150564,21,"reactome","Mccc2; Mtr; Mmadhc; Mmachc; Mmut; Pcca; Amn; Cubn","gastrocnemius","RR-9","GLDS-326","Stat_(Space Flight)v(Ground Control)",1,"flight_positive"
"REACTOME_DEGRADATION_OF_AXIN",0.0184158494838231,0.191436199983945,0.352487857583619,0.427307153015884,1.61353740229728,42,"reactome","Ubc; Psmc4; Psmc3; Sem1; Psmb3; Psmb6; Psmd2; Psmd11; Psmc5; Uba52; Psmd1; Psmb5; Psmb4; Psmb1; Adrm1","gastrocnemius","RR-9","GLDS-326","Stat_(Space Flight)v(Ground Control)",1,"flight_positive"
"REACTOME_DEGRADATION_OF_BETA_CATENIN_BY_THE_DESTRUCTION_COMPLEX",0.00795413272701248,0.118207250248658,0.380730400722792,0.372134993147122,1.56722706992058,72,"reactome","Ubc; Amer1; Gsk3b; Psmc4; Psmc3; Sem1; Psmb3; Psmb6; Cul1; Zranb1; Psmd2; Psmd11; Psmc5; Uba52; Psmd1; Ctbp1; Psmb5; Psmb4; Psmb1; Ppp2r1a; Adrm1","gastrocnemius","RR-9","GLDS-326","Stat_(Space Flight)v(Ground Control)",1,"flight_positive"
"REACTOME_DEGRADATION_OF_CRY_AND_PER_PROTEINS",0.0809628008752735,0.388707698269181,0.234392647294686,0.342845691805594,1.33543403697302,48,"reactome","Ubc; Psmc4; Psmc3; Sem1; Psmb3; Psmb6; Cul1; Psmd2; Psmd11; Psmc5; Uba52; Psmd1; Psmb5; Psmb4; Psmb1; Adrm1","gastrocnemius","RR-9","GLDS-326","Stat_(Space Flight)v(Ground Control)",1,"flight_positive"
"REACTOME_DEGRADATION_OF_CYSTEINE_AND_HOMOCYSTEINE",0.942909760589319,0.966890768452252,0.0445961615888961,-0.222003125377853,-0.618061093419431,15,"reactome","Gadl1; Ado; Tst; Cth; Csad; Fmo1; Tstd1; Cdo1; Suox","gastrocnemius","RR-9","GLDS-326","Stat_(Space Flight)v(Ground Control)",1,"flight_positive"
"REACTOME_DEGRADATION_OF_DVL",0.00576376454139099,0.104626172292599,0.407017918923954,0.451568035929938,1.70821501197356,44,"reactome","Ubc; Psmc4; Psmc3; Sem1; Psmb3; Psmb6; Psmd2; Psmd11; Psmc5; Dvl2; Uba52; Psmd1; Psmb5; Psmb4; Psmb1; Adrm1; Rbx1; Psmc2","gastrocnemius","RR-9","GLDS-326","Stat_(Space Flight)v(Ground Control)",1,"flight_positive"
"REACTOME_DEGRADATION_OF_GLI1_BY_THE_PROTEASOME",0.00142367195256885,0.0423146941457962,0.45505986738723,0.475879700500076,1.82138060583416,46,"reactome","Ubc; Psmc4; Psmc3; Sem1; Psmb3; Psmb6; Cul1; Prkaca; Psmd2; Numb; Psmd11; Psmc5; Uba52; Psmd1; Psmb5; Psmb4; Psmb1; Adrm1; Rbx1; Gli1; Psmc2","gastrocnemius","RR-9","GLDS-326","Stat_(Space Flight)v(Ground Control)",1,"flight_positive"
"REACTOME_DEGRADATION_OF_THE_EXTRACELLULAR_MATRIX",0.305460750853242,0.695235148514851,0.0978773277424561,-0.242182121761672,-1.07714698997542,118,"reactome","Col3a1; Adamts5; Col6a3; Fn1; Capn7; Capn6; Col7a1; Ctsk; Adamts1; Capn11; Adam9; Adam17; Col6a2; Timp1; Ctsb; Col8a1; Lama5; Lamc1; Col11a1; Klk7; Col6a5; Col5a1; Col4a6; Nid1; Phykpl; Cast; Dcn; Mmp19; Lama3; Adamts16; Acan; Mmp24; Col1a2; Cd44; Col25a1; Col4a5; Col6a6; Col10a1; Mmp3; Col4a4; Capn5; Mmp12; Spp1; Tmprss6; Klk1b4; Tll2","gastrocnemius","RR-9","GLDS-326","Stat_(Space Flight)v(Ground Control)",1,"flight_positive"
"REACTOME_DEPOLYMERIZATION_OF_THE_NUCLEAR_LAMINA",0.742919389978213,0.885215754205666,0.0635007968065945,0.267497578766821,0.784068782949697,15,"reactome","Lpin2; Lpin1; Emd; Lemd2; Prkcb; Ctdnep1","gastrocnemius","RR-9","GLDS-326","Stat_(Space Flight)v(Ground Control)",1,"flight_positive"
"REACTOME_DEPOSITION_OF_NEW_CENPA_CONTAINING_NUCLEOSOMES_AT_THE_CENTROMERE",0.656474820143885,0.851671504822549,0.0602484086158019,-0.243453377547673,-0.891200865614881,43,"reactome","Rbbp7; Npm1; H4c16; Mis18a; Cenpw; H4c14; Mis18bp1; H2ac10; H4c8; Cenpq","gastrocnemius","RR-9","GLDS-326","Stat_(Space Flight)v(Ground Control)",1,"flight_positive"
"REACTOME_DETOXIFICATION_OF_REACTIVE_OXYGEN_SPECIES",0.660869565217391,0.851964379256155,0.069119845655101,0.249182840525669,0.882033248417905,33,"reactome","Txn2; Atox1; Ncf4; P4hb; Gstp2; Txnrd2; Gpx3; Prdx5; Aqp8; Cyba; Cybb; Prdx2; Sod1; Ccs; Gstp1","gastrocnemius","RR-9","GLDS-326","Stat_(Space Flight)v(Ground Control)",1,"flight_positive"
"REACTOME_DEUBIQUITINATION",0.277915632754342,0.680479924593012,0.128788713061714,0.213155535794178,1.0748887840696,229,"reactome","Ubc; Nedd8; Psmc4; Psmc3; Sem1; Otub2; Smad3; Psmb3; Rad23a; Usp3; Psmb6; Map3k7; Usp10; Taf10; Zranb1; Josd2; Usp13; Ruvbl1; Foxk2; Psmd2; Actr5; Mbd6; Polb; Brca1; Psmd11; Psmc5; Uba52; Psmd1; Wdr48; Psmb5; Rnf123; Traf2; Psmb4; Psmb1; Adrm1; Senp8; Ino80b; H2ac19; Otud5; Trp53; Fkbp8; Asxl1; Mdm4; Psmc2; Babam2","gastrocnemius","RR-9","GLDS-326","Stat_(Space Flight)v(Ground Control)",1,"flight_positive"
"REACTOME_DEVELOPMENTAL_CELL_LINEAGES",0.0790861159929701,0.386402484531863,0.211400189384923,-0.317772654278745,-1.30128258981565,75,"reactome","Col3a1; Fn1; Tfrc; Lamc3; Itgb1; Krt10; Aqp1; Sox17; Cspg4; Bhlha15; Lama5; Lamc1; Hopx; Cd74; Col11a1; Lama1; Lrig1; Klk7; Lama2; Dll1; Col5a1; Lama3; Itga6","gastrocnemius","RR-9","GLDS-326","Stat_(Space Flight)v(Ground Control)",1,"flight_positive"
"REACTOME_DEVELOPMENTAL_CELL_LINEAGES_OF_THE_EXOCRINE_PANCREAS",0.176470588235294,0.553734690357081,0.138022242496643,-0.313445531646853,-1.19980454678935,55,"reactome","Col3a1; Fn1; Lamc3; Aqp1; Sox17; Bhlha15; Lama5; Lamc1; Cd74; Col11a1; Lama1; Lama2; Col5a1; Lama3; Amy1; Col1a2; Col24a1; Fgf10; Cxcr4; Car2; Krt7; Cldn10","gastrocnemius","RR-9","GLDS-326","Stat_(Space Flight)v(Ground Control)",1,"flight_positive"
"REACTOME_DEVELOPMENTAL_LINEAGE_OF_PANCREATIC_DUCTAL_CELLS",0.130198915009042,0.48372513562387,0.16440575583821,-0.35903623002127,-1.28785882464562,40,"reactome","Col3a1; Fn1; Lamc3; Aqp1; Lama5; Lamc1; Cd74; Col11a1; Lama1; Lama2; Col5a1; Lama3","gastrocnemius","RR-9","GLDS-326","Stat_(Space Flight)v(Ground Control)",1,"flight_positive"
"REACTOME_DIFFERENTIATION_OF_KERATINOCYTES_IN_INTERFOLLICULAR_EPIDERMIS_IN_MAMMALIAN_SKIN",0.570356472795497,0.822035709540836,0.069119845655101,-0.288400923485235,-0.9026639184318,23,"reactome","Tfrc; Itgb1; Krt10; Cspg4; Hopx; Lrig1; Klk7; Dll1; Itga6","gastrocnemius","RR-9","GLDS-326","Stat_(Space Flight)v(Ground Control)",1,"flight_positive"
"REACTOME_DISASSEMBLY_OF_THE_DESTRUCTION_COMPLEX_AND_RECRUITMENT_OF_AXIN_TO_THE_MEMBRANE",0.883227176220807,0.950791433403006,0.0541200569620232,0.210417600650217,0.719327368196089,27,"reactome","Amer1; Gsk3b; Dvl2; Ppp2r1a","gastrocnemius","RR-9","GLDS-326","Stat_(Space Flight)v(Ground Control)",1,"flight_positive"
"REACTOME_DISEASES_ASSOCIATED_WITH_GLYCOSAMINOGLYCAN_METABOLISM",0.934664246823956,0.963478558864772,0.0443293451680314,-0.198275278279586,-0.706304402938028,39,"reactome","Agrn; Lum; Cspg4; Ncan; Papss2; Dcn; Acan; Slc26a2; Hexb; Ogn; Sdc2; Chst14; Vcan; Prelp; B4galt7; Sdc3; Gpc2; Ext2","gastrocnemius","RR-9","GLDS-326","Stat_(Space Flight)v(Ground Control)",1,"flight_positive"
"REACTOME_DISEASES_ASSOCIATED_WITH_GLYCOSYLATION_PRECURSOR_BIOSYNTHESIS",0.22992700729927,0.630825379000561,0.120433371642259,-0.418816325837711,-1.19709762768208,16,"reactome","Dpm1; Galm; Srd5a3; Gfpt1; Gne; Nus1","gastrocnemius","RR-9","GLDS-326","Stat_(Space Flight)v(Ground Control)",1,"flight_positive"
"REACTOME_DISEASES_ASSOCIATED_WITH_N_GLYCOSYLATION_OF_PROTEINS",0.11804008908686,0.466993998908893,0.193813302725311,0.435040347206195,1.3370798082771,20,"reactome","Man1b1; Alg3; Mogs; Alg12; B4galt1; Ctsa; Alg11; Alg8; Mgat2","gastrocnemius","RR-9","GLDS-326","Stat_(Space Flight)v(Ground Control)",1,"flight_positive"
"REACTOME_DISEASES_ASSOCIATED_WITH_O_GLYCOSYLATION_OF_PROTEINS",0.25812274368231,0.661692710271812,0.111918316325105,-0.300587654023773,-1.13672551740158,53,"reactome","Adamtsl5; Adamts5; Large1; Muc4; Adamtsl2; Adamts1; Spon1; Adamts14","gastrocnemius","RR-9","GLDS-326","Stat_(Space Flight)v(Ground Control)",1,"flight_positive"
"REACTOME_DISEASES_OF_CARBOHYDRATE_METABOLISM",0.0897435897435897,0.412127214702322,0.219250346703755,0.400453993436698,1.39028166662484,29,"reactome","Ppp1r3c; Ubc; Rpia; Dcxr; Uba52; Khk; Sgsh; Taldo1; Gns","gastrocnemius","RR-9","GLDS-326","Stat_(Space Flight)v(Ground Control)",1,"flight_positive"
"REACTOME_DISEASES_OF_DNA_REPAIR",0.132969034608379,0.484423191194364,0.163180127180689,-0.331778571533547,-1.24243147470959,50,"reactome","Rad50; Rpa3; Rad17; Atm; Exo1; Rad1; Atr; Rfc5; Wrn; Rad51d; Msh3; Msh2; Topbp1; Rmi2; Nbn; Mlh1; Neil3","gastrocnemius","RR-9","GLDS-326","Stat_(Space Flight)v(Ground Control)",1,"flight_positive"
"REACTOME_DISEASES_OF_GLYCOSYLATION",0.826161790017212,0.920504033697437,0.0475434194201301,-0.187621397379,-0.841013672315849,127,"reactome","Dpm1; Adamtsl5; Adamts5; Large1; Muc4; Agrn; Lum; Adamtsl2; Adamts1; Spon1; Adamts14; Galm; Cspg4; Ncan; Alg13; Papss2; Srd5a3; Pomt2; Gfpt1; Mpdu1; Dcn; Gne; Sbspon; Adamts16; Nus1; Acan; Slc26a2","gastrocnemius","RR-9","GLDS-326","Stat_(Space Flight)v(Ground Control)",1,"flight_positive"
"REACTOME_DISEASES_OF_HEMOSTASIS",0.0980392156862745,0.428171268507403,0.211400189384923,0.481013549539686,1.40991073679458,15,"reactome","Vwf; Serping1; Gp1ba; F10","gastrocnemius","RR-9","GLDS-326","Stat_(Space Flight)v(Ground Control)",1,"flight_positive"
"REACTOME_DISEASES_OF_IMMUNE_SYSTEM",0.978494623655914,0.985865581272908,0.0499913914024592,0.176863891792462,0.603933030835641,28,"reactome","Nfkb2; Tirap; Rela; Tlr4; Ikbkg; S100a1; Ly96; Myd88; S100a9; Nfkbia","gastrocnemius","RR-9","GLDS-326","Stat_(Space Flight)v(Ground Control)",1,"flight_positive"
"REACTOME_DISEASES_OF_METABOLISM",0.683291770573566,0.859377526708999,0.0743625384422526,0.185490518385961,0.931340076806896,221,"reactome","Ppp1r3c; Ubc; Man1b1; Dbt; Alg3; Acaca; Sema5b; Adamts18; Sdc4; Cyp26b1; B3gat3; Fmod; Auh; Fdx2; Adamts12; Mogs; Aprt; Rpia; Dcxr; Adamts2; Alg12; C1galt1c1; Cd320; Uba52; Thbs2; Adamts3; Mpi; Thbs1; Dpm3; St3gal3; Spon2; Abcd4; Khk; Acy1; B4galt1; Mmaa; Chst5; Sgsh; Taldo1; Gns; Ggt1; Mccc1; Ctsa; Alg11; Muc1; Cyp4f39; Hexa; Bckdk; Slc35d1","gastrocnemius","RR-9","GLDS-326","Stat_(Space Flight)v(Ground Control)",1,"flight_positive"
"REACTOME_DISEASES_OF_MITOTIC_CELL_CYCLE",0.956284153005464,0.973571877940863,0.0434506826723125,-0.188886321812829,-0.671340500953687,38,"reactome","Ccne2; Rb1; Ccnd1; Tfdp1; Anapc10; Cdc27","gastrocnemius","RR-9","GLDS-326","Stat_(Space Flight)v(Ground Control)",1,"flight_positive"
"REACTOME_DISEASES_OF_PROGRAMMED_CELL_DEATH",0.805996472663139,0.913851280399871,0.0497903187820785,-0.204903933780749,-0.823946283868442,68,"reactome","Rbbp7; Ripk1; C1qbp; H4c16; Ezh2; Bcl2l11; H4c14; Ripk3; H3f3a; Prim1; H2ac10; H4c8; Cast; Suz12","gastrocnemius","RR-9","GLDS-326","Stat_(Space Flight)v(Ground Control)",1,"flight_positive"
"REACTOME_DISEASES_OF_SIGNAL_TRANSDUCTION_BY_GROWTH_FACTOR_RECEPTORS_AND_SECOND_MESSENGERS",0.0278383774608786,0.232711436587032,0.352487857583619,0.227524440831149,1.21990003012992,427,"reactome","Fgfr1; Ubc; Pim1; Cdkn1a; Fbxw7; Stat5b; Ppfibp1; Dusp10; Ksr1; Polr2j; Vwf; Amer1; Rps6kb2; Gsk3b; Erbb3; Psmc4; Rps6; Psmc3; Sem1; Egfr; Akt2; Akt1s1; Smad3; Tsc2; Psmb3; Hdac8; Psmb6; Cul1; Gtf2f1; Porcn; Fgfr1op2; Os9; Raf1; Pik3r3; Calm1; Stat5a; Polr2e; Camk2b; Klc1; Il10ra; Mras; Rrbp1; Camk2a; Snd1; Psmd2; Maml3; Eef1g; Bad; Twist1; Pik3ca; Psmd11; Psmc5; Flt3l; Uba52; Myo18a; Pdgfa; Psmd1; Hdac5; Psen1; Polr2f; Wdr48; Ctbp1; Psmb5; Erbb2; Ptpn12; Psmb4; Psmb1; Ppp2r1a; Adrm1; Lmo7; Jag2; Ncbp2; Psenen; Gsk3a; Ago3; Trp53; Kdm7a; Ago4; Gtf2f2; Fgfr4; Frs2; Kdr; Rbx1; Foxo1; Pdgfb; Hdac3; Psmc2; Nr4a1; Braf; Pik3cd; Nras; Zc3hc1; Hras; Creb1; Icos; Egf; Map2k2; Junb; Rictor; Ncbp1; Mapkap1","gastrocnemius","RR-9","GLDS-326","Stat_(Space Flight)v(Ground Control)",1,"flight_positive"
"REACTOME_DISORDERS_OF_TRANSMEMBRANE_TRANSPORTERS",0.184914841849148,0.565515436944008,0.159646701919906,0.242715478186011,1.13585335164379,132,"reactome","Ubc; Bsg; Psmc4; Psmc3; Sem1; Psmb3; Psmb6; Os9; Slc7a7; Nup85; Slco2a1; Psmd2; Abcc8; Nup214; Aaas; Slc20a2; Psmd11; Psmc5; Uba52; Psmd1; Nup210; Psmb5; Slc1a3; Psmb4; Psmb1; Adrm1; Slc24a4; Abcd4; Gckr; Slc3a2; Abcd1; Nup133; Psmc2; Derl1; Nup62; Slc35a1; Slc2a9; Hk1","gastrocnemius","RR-9","GLDS-326","Stat_(Space Flight)v(Ground Control)",1,"flight_positive"
"REACTOME_DNA_DAMAGE_BYPASS",0.562091503267974,0.818553756021982,0.0774767547848578,0.244114703397957,0.946759413894262,47,"reactome","Ubc; Pold2; Usp10; Ube2l6; Uba52; Isg15; Wdr48; Rfc1; Rbx1; Pold4; Rev3l; Rfc4","gastrocnemius","RR-9","GLDS-326","Stat_(Space Flight)v(Ground Control)",1,"flight_positive"
"REACTOME_DNA_DAMAGE_RECOGNITION_IN_GG_NER",0.324503311258278,0.696469383650559,0.110122263835536,0.293775625878072,1.08059812972261,38,"reactome","Ubc; Rad23a; Ruvbl1; Actr5; Parp2; Uba52; Ino80b; Cops7b; Rbx1","gastrocnemius","RR-9","GLDS-326","Stat_(Space Flight)v(Ground Control)",1,"flight_positive"
"REACTOME_DNA_DAMAGE_TELOMERE_STRESS_INDUCED_SENESCENCE",0.863387978142076,0.939801766644987,0.0481183992657975,-0.206160019574793,-0.772020013114587,50,"reactome","Rad50; Pot1a; Ccne2; Atm; Rb1; H4c16; H4c14; H1f3; H2ac10; H4c8","gastrocnemius","RR-9","GLDS-326","Stat_(Space Flight)v(Ground Control)",1,"flight_positive"
"REACTOME_DNA_DOUBLE_STRAND_BREAK_REPAIR",0.455008488964346,0.782731645002975,0.0755015292281669,-0.218900849404555,-1.00316136875993,144,"reactome","Rad50; Tdp2; Rpa3; Rad17; Fignl1; Ube2v2; Atm; Rif1; Polk; H4c16; Brcc3; Exo1; Baz1b; H4c14; Nsd2; Rad1; Atr; Rfc5; Wrn; Polq; Dclre1c; Paxip1; H4c8; Pold3; Pole4; Mapk8; Chek1; Lig4; Fen1; Xrcc4; Rad51d; Rnf4; Topbp1; Timeless; Rmi2; Pcna","gastrocnemius","RR-9","GLDS-326","Stat_(Space Flight)v(Ground Control)",1,"flight_positive"
"REACTOME_DNA_DOUBLE_STRAND_BREAK_RESPONSE",0.775618374558304,0.902077892149332,0.05163559644842,-0.212544821878817,-0.819337407296827,56,"reactome","Rad50; Ube2v2; Atm; H4c16; Brcc3; Baz1b; H4c14; Nsd2","gastrocnemius","RR-9","GLDS-326","Stat_(Space Flight)v(Ground Control)",1,"flight_positive"
"REACTOME_DNA_METHYLATION",0.940959409594096,0.966890768452252,0.044774889329693,-0.190678745044331,-0.645389562323885,31,"reactome","Dnmt3l; H4c16; H4c14; H3f3a; H2ac10; H4c8","gastrocnemius","RR-9","GLDS-326","Stat_(Space Flight)v(Ground Control)",1,"flight_positive"
"REACTOME_DNA_REPAIR",0.794554455445545,0.910249750885153,0.066436413766281,0.17306945979697,0.8986022910031,300,"reactome","Ubc; Gtf2h5; Polr2j; Ercc6; Xrcc1; Pold2; Gtf2h4; Sem1; Ercc3; H2ax; Rad23a; Fancm; Usp10; Ube2l6; Polr2e; Fancf; Polm; Ruvbl1; Ell; Actr5; Mus81; Polb; Fance; Kat5; Brca1; H2az2; Parp2; Uba52; Gtf2h3; Terf2; Ascc2; Isg15; Sirt6; Polr2f; Wdr48; Ccnh; Chd1l; Ino80b; H2ac19; Trp53; Cops7b; Pms2; Terf2ip; Rfc1; Faap100; Rbx1; Xrcc2; Slx1b; Fancd2; Babam2","gastrocnemius","RR-9","GLDS-326","Stat_(Space Flight)v(Ground Control)",1,"flight_positive"
"REACTOME_DNA_REPLICATION",0.118811881188119,0.466993998908893,0.204294756516886,0.252479682307849,1.1969234146696,149,"reactome","Ubc; Pold2; Psmc4; Psmc3; Sem1; H2ax; Psmb3; Psmb6; H3c10; Polrmt; Cul1; Polg; Psmd2; Anapc15; H2az2; Psmd11; Psmc5; Uba52; Psmd1; Psmb5; Mcm2; Psmb4; Psmb1; Adrm1; Twnk; Anapc4; H2ac19; Anapc5; Rfc1; Rbx1; Psmc2; Ube2s; Top3a; H4c4; Cdc23; Pold4; Ube2d1; Mcm10; Kpnb1; Rfc4","gastrocnemius","RR-9","GLDS-326","Stat_(Space Flight)v(Ground Control)",1,"flight_positive"
"REACTOME_DNA_REPLICATION_PRE_INITIATION",0.171149144254279,0.549938691747983,0.166933848713193,0.25406532612211,1.14917816953966,115,"reactome","Ubc; Psmc4; Psmc3; Sem1; H2ax; Psmb3; Psmb6; H3c10; Psmd2; Anapc15; H2az2; Psmd11; Psmc5; Uba52; Psmd1; Psmb5; Mcm2; Psmb4; Psmb1; Adrm1; Anapc4; H2ac19; Anapc5; Psmc2; Ube2s; H4c4; Cdc23; Ube2d1; Mcm10","gastrocnemius","RR-9","GLDS-326","Stat_(Space Flight)v(Ground Control)",1,"flight_positive"
"REACTOME_DNA_STRAND_ELONGATION",0.461678832116788,0.786618392300897,0.0785029047348687,-0.289312521255306,-0.985489028054164,32,"reactome","Rpa3; Mcm6; Mcm7; Rfc5; Mcm3; Gins1; Prim1; Pold3; Fen1; Pcna","gastrocnemius","RR-9","GLDS-326","Stat_(Space Flight)v(Ground Control)",1,"flight_positive"
"REACTOME_DOPAMINE_NEUROTRANSMITTER_RELEASE_CYCLE",0.358348968105066,0.717767040154286,0.0940503465727813,-0.346846064494086,-1.08559093322359,23,"reactome","Ppfia1; Syt1; Rims1; Cplx1","gastrocnemius","RR-9","GLDS-326","Stat_(Space Flight)v(Ground Control)",1,"flight_positive"
"REACTOME_DOWNREGULATION_OF_ERBB2_SIGNALING",0.074468085106383,0.37347294938918,0.241339976815091,0.42489498903395,1.43970627528973,26,"reactome","Ubc; Erbb3; Egfr; Akt2; Uba52; Erbb2; Ptpn12","gastrocnemius","RR-9","GLDS-326","Stat_(Space Flight)v(Ground Control)",1,"flight_positive"
"REACTOME_DOWNREGULATION_OF_SMAD2_3_SMAD4_TRANSCRIPTIONAL_ACTIVITY",0.819565217391304,0.918256316867744,0.0587185879555941,0.2230028134404,0.776532530887923,31,"reactome","Ubc; Smad3; Uba52; Ube2d1; Ski; Mapk3","gastrocnemius","RR-9","GLDS-326","Stat_(Space Flight)v(Ground Control)",1,"flight_positive"
"REACTOME_DOWNREGULATION_OF_TGF_BETA_RECEPTOR_SIGNALING",0.287846481876333,0.68291737385294,0.115734447701689,0.335373382546613,1.12138230698371,25,"reactome","Ubc; Pmepa1; Ppp1r15a; Smad3; Uba52","gastrocnemius","RR-9","GLDS-326","Stat_(Space Flight)v(Ground Control)",1,"flight_positive"
"REACTOME_DOWNSTREAM_SIGNALING_EVENTS_OF_B_CELL_RECEPTOR_BCR",0.000602958968847672,0.021505536555567,0.477270815362862,0.424404631322577,1.78020525392099,68,"reactome","Ubc; Psmc4; Psmc3; Sem1; Nfatc2; Psmb3; Psmb6; Map3k7; Cul1; Calm1; Nfkbib; Psmd2; Psmd11; Psmc5; Uba52; Psmd1; Psmb5; Psmb4; Psmb1; Adrm1; Nfatc1; Bcl10; Psmc2; Nras; Hras","gastrocnemius","RR-9","GLDS-326","Stat_(Space Flight)v(Ground Control)",1,"flight_positive"
"REACTOME_DOWNSTREAM_SIGNALING_OF_ACTIVATED_FGFR1",0.928436911487759,0.961065423701068,0.0463227785794633,-0.203476137590138,-0.668388607854867,27,"reactome","Ptpn11; Pik3r1; Grb2; Gab1; Kras; Fgf1; Flrt2; Sos1; Fgf9","gastrocnemius","RR-9","GLDS-326","Stat_(Space Flight)v(Ground Control)",1,"flight_positive"
"REACTOME_DOWNSTREAM_SIGNALING_OF_ACTIVATED_FGFR2",0.68796992481203,0.860451283029114,0.0601186142531851,-0.261648918336249,-0.847612558253469,26,"reactome","Ptpn11; Pik3r1; Grb2; Gab1; Kras; Fgf1; Sos1; Fgf9","gastrocnemius","RR-9","GLDS-326","Stat_(Space Flight)v(Ground Control)",1,"flight_positive"
"REACTOME_DOWNSTREAM_SIGNALING_OF_ACTIVATED_FGFR3",0.348968105065666,0.708531067211125,0.0956031492204301,-0.349987140099894,-1.09542216254201,23,"reactome","Ptpn11; Fgfr3; Pik3r1; Grb2; Gab1; Kras; Fgf1; Sos1; Fgf9","gastrocnemius","RR-9","GLDS-326","Stat_(Space Flight)v(Ground Control)",1,"flight_positive"
"REACTOME_DOWNSTREAM_SIGNALING_OF_ACTIVATED_FGFR4",0.6,0.834259878664852,0.0668966276500666,-0.280255939386846,-0.887532924447791,24,"reactome","Ptpn11; Pik3r1; Grb2; Gab1; Kras; Fgf1; Sos1; Fgf9","gastrocnemius","RR-9","GLDS-326","Stat_(Space Flight)v(Ground Control)",1,"flight_positive"
"REACTOME_DOWNSTREAM_SIGNAL_TRANSDUCTION",0.441947565543071,0.776614093913427,0.0822054920415869,-0.300516586426878,-1.00322824238515,29,"reactome","Crk; Ptpn11; Nck1; Pik3r1; Grb2; Src; Kras; Rasa1; Pik3r2; Pdgfra; Sos1","gastrocnemius","RR-9","GLDS-326","Stat_(Space Flight)v(Ground Control)",1,"flight_positive"
"REACTOME_DOWNSTREAM_TCR_SIGNALING",0.0246512586678313,0.2179904692114,0.352487857583619,0.355325912219761,1.49728598192783,73,"reactome","Ubc; Psmc4; Psmc3; Sem1; Psmb3; Psmb6; Map3k7; Cul1; Prkcq; Psmd2; Pik3ca; Psmd11; Psmc5; Uba52; Psmd1; Psmb5; Psmb4; Psmb1; Cd247; Adrm1; Bcl10; Cdc34","gastrocnemius","RR-9","GLDS-326","Stat_(Space Flight)v(Ground Control)",1,"flight_positive"
"REACTOME_DRUG_ADME",0.0157140510958153,0.175146194505441,0.352487857583619,-0.375131991827446,-1.51903090356399,69,"reactome","Pck1; Adh1; Hsd11b1; Slc16a1; Ugt1a7c; Acsm5; Cndp2; Ugt1a5; Pon3; Bche; Adk; Slc22a2; Slc29a2; Slc22a3; Nme1; Ces1d; Slco1b2","gastrocnemius","RR-9","GLDS-326","Stat_(Space Flight)v(Ground Control)",1,"flight_positive"
"REACTOME_DUAL_INCISION_IN_GG_NER",0.0684326710816777,0.369228114823042,0.257206466468838,0.361684524871883,1.34935291267316,41,"reactome","Ubc; Gtf2h5; Pold2; Gtf2h4; Ercc3; Parp2; Uba52; Gtf2h3; Chd1l; Rfc1; Rbx1; Pold4; Rfc4","gastrocnemius","RR-9","GLDS-326","Stat_(Space Flight)v(Ground Control)",1,"flight_positive"
"REACTOME_DUAL_INCISION_IN_TC_NER",0.0951276102088167,0.422350800512174,0.222056046145248,0.312515195340785,1.2799161485398,63,"reactome","Ubc; Gtf2h5; Polr2j; Ercc6; Pold2; Gtf2h4; Ercc3; Polr2e; Uba52; Gtf2h3; Polr2f; Ccnh","gastrocnemius","RR-9","GLDS-326","Stat_(Space Flight)v(Ground Control)",1,"flight_positive"
"REACTOME_E2F_MEDIATED_REGULATION_OF_DNA_REPLICATION",0.169172932330827,0.545226016849352,0.14551614609036,-0.413172362767829,-1.2745834700962,22,"reactome","Ppp2ca; Rb1; Tfdp1; Cdk1; Orc3; Prim1; Orc4; Ppp2r1b; Orc5; Ccnb1; Pola2; Orc2","gastrocnemius","RR-9","GLDS-326","Stat_(Space Flight)v(Ground Control)",1,"flight_positive"
"REACTOME_E3_UBIQUITIN_LIGASES_UBIQUITINATE_TARGET_PROTEINS",0.888073394495413,0.950791433403006,0.0471642455670861,-0.201117386444738,-0.746224730622679,48,"reactome","Pex13; Pex12; Cdc73; Ube2v2; Hltf; Pex5; Ube2d2a","gastrocnemius","RR-9","GLDS-326","Stat_(Space Flight)v(Ground Control)",1,"flight_positive"
"REACTOME_EARLY_SARS_COV_2_INFECTION_EVENTS",0.89010989010989,0.950791433403006,0.0469758727821845,-0.21193408502765,-0.72698933401609,34,"reactome","Agrn; Rb1; Pik3c3; Vhl; Chmp4b; Chmp3; Pik3r4; Chmp4c; Chmp7; Sdc2; Chmp2b","gastrocnemius","RR-9","GLDS-326","Stat_(Space Flight)v(Ground Control)",1,"flight_positive"
"REACTOME_ECM_PROTEOGLYCANS",0.000498416395147288,0.0190466265288428,0.477270815362862,-0.44352012457423,-1.79303531503179,70,"reactome","Itgav; Col3a1; Col6a3; Fn1; Tnr; Agrn; Lum; Itga2; Itgb1; Aspn; Col6a2; Ncan; Tgfb1; Lama5; Lamc1; Sparc; Itga8; Lama1; Lama2; Col6a5; Col5a1; Col4a6; Dcn; Musk; Lama3; Serpine1; Acan; Itgax; Col1a2; Col4a5; Col6a6","gastrocnemius","RR-9","GLDS-326","Stat_(Space Flight)v(Ground Control)",1,"flight_positive"
"REACTOME_EFFECTS_OF_PIP2_HYDROLYSIS",0.913696060037523,0.953669549903624,0.0468819856878333,-0.210662518074031,-0.675913579675782,25,"reactome","Dgkd; Dgkq; Dgkg","gastrocnemius","RR-9","GLDS-326","Stat_(Space Flight)v(Ground Control)",1,"flight_positive"
"REACTOME_EGFR_DOWNREGULATION",0.177902621722846,0.55609075928508,0.141225119642531,-0.367865545936211,-1.22806234914237,29,"reactome","Ptpn3; Spry2; Sh3kbp1; Btc; Cbl; Grb2; Epgn; Stam2; Eps15l1","gastrocnemius","RR-9","GLDS-326","Stat_(Space Flight)v(Ground Control)",1,"flight_positive"
"REACTOME_EGR2_AND_SOX10_MEDIATED_INITIATION_OF_SCHWANN_CELL_MYELINATION",0.770700636942675,0.900272578088059,0.0605092988656667,0.234474218174009,0.801566607297838,27,"reactome","Yap1; Nab2; Pou3f2; Hmgcr; Smarca4; Hdac2; Srebf2","gastrocnemius","RR-9","GLDS-326","Stat_(Space Flight)v(Ground Control)",1,"flight_positive"
"REACTOME_ELASTIC_FIBRE_FORMATION",0.151012891344383,0.516079610741492,0.153158808683073,-0.346653736082881,-1.2535601711253,42,"reactome","Itgav; Fn1; Gdf5; Emilin2; Bmp7; Mfap5; Itgb1; Tgfb1; Itga8; Loxl2","gastrocnemius","RR-9","GLDS-326","Stat_(Space Flight)v(Ground Control)",1,"flight_positive"
"REACTOME_ENDOGENOUS_STEROLS",0.928730512249443,0.961065423701068,0.0540088272801684,0.218137841089536,0.670438281449182,20,"reactome","Ncoa1; Fdx2","gastrocnemius","RR-9","GLDS-326","Stat_(Space Flight)v(Ground Control)",1,"flight_positive"
"REACTOME_ENDOSOMAL_SORTING_COMPLEX_REQUIRED_FOR_TRANSPORT_ESCRT",0.256410256410256,0.661692710271812,0.12384217120105,0.333112411535085,1.15648760225343,29,"reactome","Ubc; Chmp2a; Vps36; Vps4a; Uba52; Snf8","gastrocnemius","RR-9","GLDS-326","Stat_(Space Flight)v(Ground Control)",1,"flight_positive"
"REACTOME_ENERGY_DEPENDENT_REGULATION_OF_MTOR_BY_LKB1_AMPK",0.132478632478632,0.484423191194364,0.178219874951973,0.372150258327527,1.29201778447053,29,"reactome","Stk11; Tsc2; Prkag3; Slc38a9; Lamtor2; Lamtor4; Tsc1; Rragb","gastrocnemius","RR-9","GLDS-326","Stat_(Space Flight)v(Ground Control)",1,"flight_positive"
"REACTOME_EPHA_MEDIATED_GROWTH_CONE_COLLAPSE",0.307692307692308,0.695235148514851,0.103197466945307,-0.35249699776804,-1.13099145384103,25,"reactome","Fyn; Myh10; Epha7; Src; Rhoa; Efna1; Epha4; Epha10","gastrocnemius","RR-9","GLDS-326","Stat_(Space Flight)v(Ground Control)",1,"flight_positive"
"REACTOME_EPHB_MEDIATED_FORWARD_SIGNALING",0.344383057090239,0.702162565249813,0.0952879846194844,-0.29416679720147,-1.06375827592722,42,"reactome","Fyn; Ephb3; Wasl; Actr2; Src; Rhoa; Actg1; Rasa1; Limk1; Actr3; Arpc5; Sdc2; Pak1; Arpc1b; Efnb2","gastrocnemius","RR-9","GLDS-326","Stat_(Space Flight)v(Ground Control)",1,"flight_positive"
"REACTOME_EPHRIN_SIGNALING",0.646536412078153,0.848977741254481,0.0603786357920401,-0.284130843978918,-0.858264235633279,19,"reactome","Fyn; Ephb3; Src","gastrocnemius","RR-9","GLDS-326","Stat_(Space Flight)v(Ground Control)",1,"flight_positive"
"REACTOME_EPH_EPHRIN_MEDIATED_REPULSION_OF_CELLS",0.58195211786372,0.822074209208504,0.0672065093710464,-0.252774276381141,-0.93425400221965,47,"reactome","Cltc; Fyn; Epha7; Ephb3; Ap2a1; Aph1a; Src; Aph1c; Efna1; Actg1; Epha4; Epha10","gastrocnemius","RR-9","GLDS-326","Stat_(Space Flight)v(Ground Control)",1,"flight_positive"
"REACTOME_EPH_EPHRIN_SIGNALING",0.886255924170616,0.950791433403006,0.0590954798717342,0.182852043520631,0.795167426002739,88,"reactome","Ap2s1; Myl9; Ap2a2; Ptk2; Cltb; Arpc3; Myl12b; Ap2m1; Psen1; Vav2; Psenen; Efnb1; Myh14; Hras; Myl6; Git1; Clta; Kalrn","gastrocnemius","RR-9","GLDS-326","Stat_(Space Flight)v(Ground Control)",1,"flight_positive"
"REACTOME_EPIGENETIC_REGULATION_BY_WDR5_CONTAINING_HISTONE_MODIFYING_COMPLEXES",0.2165820642978,0.617962804783352,0.119348440591015,-0.249115390231515,-1.12627177821119,132,"reactome","Plin4; Plin1; Tasp1; Dgat2; Ncoa6; Cebpa; Kansl2; Rb1; H4c16; Sirt1; Phlda1; H4c14; Med12; Kmt2d; Cd36; Pparg; Ep300; Lpl; Agpat2; Pex11a; Hcfc1; Scd1; Bod1l; Ncor2; Paxip1; Med17; H3f3a; Dr1; H2ac10; H4c8; Lipe; Cidec; Kmt2c; Tada3; Kat2b; Ogt","gastrocnemius","RR-9","GLDS-326","Stat_(Space Flight)v(Ground Control)",1,"flight_positive"
"REACTOME_EPIGENETIC_REGULATION_OF_GENE_EXPRESSION",0.781456953642384,0.907414529282411,0.0483117581055019,-0.181449272474763,-0.890592941444172,261,"reactome","Plin4; Rbbp7; Mtrex; Dnmt3l; Plin1; Tasp1; Jarid2; Dek; Mphosph8; Tdg; Gtf2h2; Sin3a; Dgat2; Ncoa6; Cebpa; Kansl2; Rb1; H4c16; Dpf1; Ezh2; Sirt1; Polr2l; Phlda1; Tet3; Baz1b; H4c14; Baz2a; Med12; Phf19; Kmt2d; Polr2k; Cd36; Pparg; Ep300; Lpl; Agpat2; Pex11a; Hcfc1; Scd1; Bod1l; Ncor2; Paxip1; Med17; H3f3a; Dr1; H2ac10; H4c8; Ehmt1; Sf3b1; Lipe; Suz12; Mnat1; Cidec; Cbx3; Kmt2c; Mbd2; Tada3; Kat2b; Zfp677; Ogt","gastrocnemius","RR-9","GLDS-326","Stat_(Space Flight)v(Ground Control)",1,"flight_positive"
"REACTOME_EPIGENETIC_REGULATION_OF_GENE_EXPRESSION_BY_MLL3_AND_MLL4_COMPLEXES",0.123539232053422,0.470209103892775,0.161978948883402,-0.28161248763067,-1.22316922940342,101,"reactome","Plin4; Plin1; Dgat2; Ncoa6; Cebpa; Rb1; H4c16; Sirt1; Phlda1; H4c14; Med12; Kmt2d; Cd36; Pparg; Ep300; Lpl; Agpat2; Pex11a; Scd1; Ncor2; Paxip1; Med17; H3f3a; H2ac10; H4c8; Lipe; Cidec; Kmt2c","gastrocnemius","RR-9","GLDS-326","Stat_(Space Flight)v(Ground Control)",1,"flight_positive"
"REACTOME_ERCC6_CSB_AND_EHMT2_G9A_POSITIVELY_REGULATE_RRNA_EXPRESSION",0.697167755991285,0.863390623739208,0.0665892104103933,0.231676523043601,0.874824426707275,42,"reactome","Ercc6; H2ax; H3c10; H2az2; H2ac19; Mta1; H4c4; Gatad2b; Rbbp4; Hdac2; Gatad2a; H3c4","gastrocnemius","RR-9","GLDS-326","Stat_(Space Flight)v(Ground Control)",1,"flight_positive"
"REACTOME_ERK_MAPK_TARGETS",0.406015037593985,0.760361269026224,0.0870515867946735,-0.34070092099447,-1.05101841574558,22,"reactome","Dusp7; Mapk1; Mef2a; Ppp2ca; Mapk14","gastrocnemius","RR-9","GLDS-326","Stat_(Space Flight)v(Ground Control)",1,"flight_positive"
"REACTOME_ER_QUALITY_CONTROL_COMPARTMENT_ERQC",0.52267818574514,0.805003056378427,0.0808589150280032,0.302616567834049,0.953005198312781,21,"reactome","Ubc; Man1b1; Os9; Uba52; Uggt1","gastrocnemius","RR-9","GLDS-326","Stat_(Space Flight)v(Ground Control)",1,"flight_positive"
"REACTOME_ER_TO_GOLGI_ANTEROGRADE_TRANSPORT",0.508515815085158,0.802472889429411,0.0888945288620449,0.208051303392568,0.986347383117593,145,"reactome","Cope; Sec31b; Nsf; Ank3; Csnk1d; Ank1; Kdelr2; Dync1i2; Cog4; Sptb; Napa; Lman2l; Dctn5; Cog6; Lman2; Dync1h1; Sec22c; Copz2; Sptbn2; Ppp6r3; Sptbn4; Golga2; Tbc1d20; Tuba8; Actr1a; Kdelr1; Sec24c; Copz1; Ppp6r1; Kdelr3; Dctn6; Tubb4a; Dctn2; Trappc6a; Actr10; Arfgap2; Cog2; Ins2; Napb","gastrocnemius","RR-9","GLDS-326","Stat_(Space Flight)v(Ground Control)",1,"flight_positive"
"REACTOME_ESR_MEDIATED_SIGNALING",0.0616899350730814,0.369228114823042,0.321775918075361,0.255060772146399,1.23860687081652,177,"reactome","Ncoa1; Fosb; Polr2j; Fos; Gng2; Egfr; Stag2; Akt2; Stag1; Cxxc5; H2ax; H3c10; Fkbp5; Gtf2f1; Zfp217; Pik3r3; Calm1; Polr2e; Gng7; Ptk2; Tnrc6a; Kat5; Jund; Pik3ca; H2az2; Polr2f; H2ac19; Gnb2; Ago3; Ago4; Gtf2f2; Nras; Gng11; Hras; Fkbp4; Tnrc6b; Creb1; H4c4; Egf; Gata3; Prmt1; Gng12","gastrocnemius","RR-9","GLDS-326","Stat_(Space Flight)v(Ground Control)",1,"flight_positive"
"REACTOME_ESTROGEN_DEPENDENT_GENE_EXPRESSION",0.0712942490459822,0.369658078182867,0.287805130535564,0.292623075435532,1.3194108535184,112,"reactome","Ncoa1; Fosb; Polr2j; Fos; Stag2; Stag1; Cxxc5; H2ax; H3c10; Gtf2f1; Zfp217; Polr2e; Tnrc6a; Kat5; Jund; H2az2; Polr2f; H2ac19; Ago3; Ago4; Gtf2f2; Fkbp4; Tnrc6b; H4c4; Gata3; Prmt1","gastrocnemius","RR-9","GLDS-326","Stat_(Space Flight)v(Ground Control)",1,"flight_positive"
"REACTOME_ESTROGEN_DEPENDENT_NUCLEAR_EVENTS_DOWNSTREAM_OF_ESR_MEMBRANE_SIGNALING",0.402255639097744,0.756438548039695,0.0875697115548511,-0.341458168236418,-1.05335442585744,22,"reactome","Xpo1; Uhmk1; Mapk1; Ccnd1; Btc; Epgn","gastrocnemius","RR-9","GLDS-326","Stat_(Space Flight)v(Ground Control)",1,"flight_positive"
"REACTOME_EUKARYOTIC_TRANSLATION_ELONGATION",1.60963684243728e-31,1.72231142140789e-28,1.46045153084133,0.799180770074836,3.47291479437389,84,"reactome","Rps27; Rps26; Rpl28; Rpl27a; Rps17; Rpl21; Rpl17; Rpl14; Rpl18a; Rpl24; Rpl27; Rpl19; Rpl6; Rpl15; Rpl22; Rpl26; Rpsa; Rps11; Rps16; Rpl32; Rps18; Rpl13a; Rps28; Rpl13; Rpl35; Rpl37a; Rps6; Rps29; Rpl7; Rps15a; Rpl8; Rpl35a; Rps19; Fau; Rpl3l; Rpl36; Rpl31; Rpl29; Rps25; Rps15; Rpl18; Rps2; Rpl12; Rpl7a; Rpl36a; Rps12; Rps21; Rpl5; Rpl38; Rpl10; Rps20; Rpl23; Eef1d; Rps14; Rplp1; Eef1g; Rps3a1; Uba52; Rps5","gastrocnemius","RR-9","GLDS-326","Stat_(Space Flight)v(Ground Control)",1,"flight_positive"
"REACTOME_EUKARYOTIC_TRANSLATION_INITIATION",1.25990082357245e-25,2.28942384522197e-23,1.31101476274061,0.703282990299105,3.16058623966082,111,"reactome","Rps27; Rps26; Rpl28; Rpl27a; Rps17; Eif5b; Rpl21; Rpl17; Eif3k; Rpl14; Rpl18a; Rpl24; Rpl27; Rpl19; Rpl6; Rpl15; Rpl22; Rpl26; Rpsa; Rps11; Rps16; Rpl32; Rps18; Rpl13a; Rps28; Rpl13; Rpl35; Rpl37a; Rps6; Rps29; Rpl7; Rps15a; Rpl8; Rpl35a; Rps19; Fau; Eif3f; Rpl3l; Rpl36; Rpl31; Rpl29; Rps25; Rps15; Rpl18; Eif2b3; Rps2; Rpl12; Rpl7a; Rpl36a; Rps12; Rps21; Rpl5; Rpl38; Rpl10; Rps20; Rpl23; Eif3c; Eif3d; Eif2b1; Rps14; Rplp1; Rps3a1; Uba52; Rps5","gastrocnemius","RR-9","GLDS-326","Stat_(Space Flight)v(Ground Control)",1,"flight_positive"
"REACTOME_EVASION_BY_RSV_OF_HOST_INTERFERON_RESPONSES",0.354211663066955,0.713888971054647,0.103197466945307,0.34118035715171,1.07445093391614,21,"reactome","Ubc; Elob; Uba52; Rbx1; Ifnar1; Tyk2","gastrocnemius","RR-9","GLDS-326","Stat_(Space Flight)v(Ground Control)",1,"flight_positive"
"REACTOME_EXPORT_OF_VIRAL_RIBONUCLEOPROTEINS_FROM_NUCLEUS",0.14365671641791,0.506105951152391,0.158514105424824,-0.379657270769469,-1.27780647175456,30,"reactome","Xpo1; Nup160; Nup93; Nup88; Hspa1a; Nup107; Ranbp2; Nup37; Nup35; Ran; Ndc1; Nup153; Nup155; Nup54; Rae1","gastrocnemius","RR-9","GLDS-326","Stat_(Space Flight)v(Ground Control)",1,"flight_positive"
"REACTOME_EXPRESSION_OF_BMAL_ARNTL_CLOCK_AND_NPAS2",0.359477124183007,0.717767040154286,0.102821842840815,0.297902140831493,1.06499513444591,35,"reactome","Nr1d1; Ncoa1; Smarcd3; Crtc3; Hdac3; Crtc1; Creb1","gastrocnemius","RR-9","GLDS-326","Stat_(Space Flight)v(Ground Control)",1,"flight_positive"
"REACTOME_EXTENSION_OF_TELOMERES",0.626931567328918,0.83987832373712,0.0725351864394589,0.231085099619914,0.914305585093739,50,"reactome","Pold2; Tert; Nhp2; Ruvbl1; Stn1; Terf2; Chtf8; Ppp6r3; Terf2ip; Rfc1","gastrocnemius","RR-9","GLDS-326","Stat_(Space Flight)v(Ground Control)",1,"flight_positive"
"REACTOME_EXTRACELLULAR_MATRIX_ORGANIZATION",0.0459770114942529,0.315645391577283,0.271288554688953,-0.24989063525131,-1.23884362541308,281,"reactome","Itgav; Col3a1; Adamts5; Col6a3; Fn1; Sspn; Lamc3; Tnr; Gdf5; Actc1; Agrn; Capn7; Lum; Emilin2; Capn6; Col7a1; Itga4; Ctsk; Bmp7; Mfap5; Adamts1; Capn11; Adam9; Adamts14; Itga2; Itgb1; Adam17; Aspn; Col6a2; Timp1; Pcolce2; Dmd; Ctsb; Ncan; Ntn4; Tgfb1; Actn1; Col8a1; Colgalt1; Lama5; Lamc1; Itgb2; Sparc; Itga8; Loxl2; Col11a1; Lama1; Klk7; Ddr2; Lama2; Col6a5; Itgb7; Actg2; Col5a1; Col4a6; Ltbp2; Nid1; Phykpl; Cast; Actg1; Itgal; Dcn; Musk; Vcam1; Mmp19; Lama3; Serpinh1; Itga6; Serpine1; Acta1; Adamts16","gastrocnemius","RR-9","GLDS-326","Stat_(Space Flight)v(Ground Control)",1,"flight_positive"
"REACTOME_EXTRA_NUCLEAR_ESTROGEN_SIGNALING",0.755868544600939,0.891708205868804,0.0662842187012672,0.205202969970405,0.856442193121543,69,"reactome","Fos; Gng2; Egfr; Akt2; Pik3r3; Calm1; Gng7; Ptk2; Pik3ca; Gnb2; Nras; Gng11; Hras; Creb1; Egf; Prmt1; Gng12","gastrocnemius","RR-9","GLDS-326","Stat_(Space Flight)v(Ground Control)",1,"flight_positive"
"REACTOME_FACTORS_INVOLVED_IN_MEGAKARYOCYTE_DEVELOPMENT_AND_PLATELET_PRODUCTION",0.199324324324324,0.589531680440771,0.125033367555272,-0.252278821643915,-1.13858739882612,131,"reactome","Jak2; Dock5; Vps45; Kifap3; Kif16b; Kif20b; Kif21a; Sin3a; Dock11; Cenpe; Sh2b3; Mafg; Kif3b; Wee1; Irf1; Prkacb; Mfn1; Kif3c; Capza1; Kif26b; Dock8; Capza2; Kif26a","gastrocnemius","RR-9","GLDS-326","Stat_(Space Flight)v(Ground Control)",1,"flight_positive"
"REACTOME_FANCONI_ANEMIA_PATHWAY",0.119825708061002,0.467932509581286,0.190023305279108,0.34871080300332,1.27816613176181,37,"reactome","Ubc; Fancm; Fancf; Mus81; Fance; Uba52; Wdr48; Faap100; Slx1b; Fancd2","gastrocnemius","RR-9","GLDS-326","Stat_(Space Flight)v(Ground Control)",1,"flight_positive"
"REACTOME_FATTY_ACID_METABOLISM",0.0418760469011725,0.304875124606277,0.287857117255149,-0.279741702756221,-1.29117352762284,150,"reactome","Nudt7; Hadh; Ptges2; Cyp4f18; Acbd5; Nudt19; Ndufab1; Pon3; Acsl4; Hacd3; Phyh; Ptges3; Acadm; Mid1ip1; Ephx2; Acsl3; Acsl5; Hacl1; Hsd17b4; Hadhb; Mlycd; Ppt1; Prkab2; Acaa2; Acads; Mmut; Pcca; Cbr4; Acox1; Acly; Acot4; Cyp4b1; Cyp1a1; Scd1; Prkaa2; Acadl; Slc25a17; Slc27a2; Acad10; Pecr; Prkag2; Acsl6; Cpt2; Acacb; Slc27a1; Hpgd; Acot8","gastrocnemius","RR-9","GLDS-326","Stat_(Space Flight)v(Ground Control)",1,"flight_positive"
"REACTOME_FATTY_ACYL_COA_BIOSYNTHESIS",0.608208955223881,0.837559307708561,0.0656813601934011,-0.269712235107972,-0.907766204065729,30,"reactome","Acsl4; Hacd3; Acsl3; Acsl5; Ppt1; Cbr4; Acly; Scd1; Slc27a2; Acsl6","gastrocnemius","RR-9","GLDS-326","Stat_(Space Flight)v(Ground Control)",1,"flight_positive"
"REACTOME_FBXL7_DOWN_REGULATES_AURKA_DURING_MITOTIC_ENTRY_AND_IN_EARLY_MITOSIS",0.00218792413241509,0.0589477841027065,0.431707695803346,0.488724678338486,1.84545365636681,42,"reactome","Ubc; Aurka; Psmc4; Psmc3; Sem1; Psmb3; Psmb6; Cul1; Psmd2; Psmd11; Psmc5; Uba52; Psmd1; Psmb5; Psmb4; Psmb1; Adrm1; Rbx1; Psmc2","gastrocnemius","RR-9","GLDS-326","Stat_(Space Flight)v(Ground Control)",1,"flight_positive"
"REACTOME_FCERI_MEDIATED_CA_2_MOBILIZATION",0.741228070175439,0.885171914160401,0.0639271933359996,0.237905717551902,0.84198936172902,34,"reactome","Nfatc2; Tec; Calm1; Igkv17-127; Vav2; Nfatc1; Itpr1","gastrocnemius","RR-9","GLDS-326","Stat_(Space Flight)v(Ground Control)",1,"flight_positive"
"REACTOME_FCERI_MEDIATED_MAPK_ACTIVATION",0.62582056892779,0.83987832373712,0.0721797965581253,0.251298354963288,0.908003052379063,36,"reactome","Fos; Map2k7; Map3k1; Igkv17-127; Vav2; Nras; Hras; Mapk10; Mapk9; Mapk3; Pak2","gastrocnemius","RR-9","GLDS-326","Stat_(Space Flight)v(Ground Control)",1,"flight_positive"
"REACTOME_FCERI_MEDIATED_NF_KB_ACTIVATION",0.0129417453872497,0.156986115554532,0.380730400722792,0.360286291805769,1.51732688362385,72,"reactome","Ubc; Psmc4; Psmc3; Sem1; Psmb3; Psmb6; Map3k7; Cul1; Prkcq; Psmd2; Psmd11; Psmc5; Uba52; Psmd1; Igkv17-127; Psmb5; Psmb4; Psmb1; Adrm1; Bcl10; Cdc34; Psmc2; Rela; Ube2d1; Rasgrp2","gastrocnemius","RR-9","GLDS-326","Stat_(Space Flight)v(Ground Control)",1,"flight_positive"
"REACTOME_FCGAMMA_RECEPTOR_FCGR_DEPENDENT_PHAGOCYTOSIS",0.0151420139229649,0.170707388927088,0.380730400722792,-0.345411112359012,-1.45509989239584,89,"reactome","Myh2; Crk; Wipf1; Fyn; Pld4; Nck1; Pld1; Ahcyl1; Ighg2c; Wasl; Mapk1; Pik3r1; Abi1; Nckap1; Actr2; Grb2; Src; Btk; Iglc1; Fcgr4; Itpr3; Actg1; Iglc2; Pik3r2; Limk1; Wasf3; Actr3; Arpc5; Plpp5; Wasf1; Syk; Pak1; Abl1; Arpc1b; Nckap1l","gastrocnemius","RR-9","GLDS-326","Stat_(Space Flight)v(Ground Control)",1,"flight_positive"
"REACTOME_FCGR3A_MEDIATED_IL10_SYNTHESIS",0.331511839708561,0.696469383650559,0.096887770327544,-0.296566544370191,-1.06967372823298,41,"reactome","Fyn; Ahcyl1; Ighg2c; Adcy6; Prkacb; Prkx; Il10; Src; Iglc1; Fcgr4; Itpr3; Adcy1; Adcy5; Iglc2; Prkar2b; Prkar1b","gastrocnemius","RR-9","GLDS-326","Stat_(Space Flight)v(Ground Control)",1,"flight_positive"
"REACTOME_FCGR_ACTIVATION",0.257299270072993,0.661692710271812,0.112843355675562,-0.410362664953361,-1.17293463124291,16,"reactome","Fyn; Ighg2c; Src; Iglc1; Fcgr4; Iglc2","gastrocnemius","RR-9","GLDS-326","Stat_(Space Flight)v(Ground Control)",1,"flight_positive"
"REACTOME_FC_EPSILON_RECEPTOR_FCERI_SIGNALING",0.0151562635028723,0.170707388927088,0.380730400722792,0.31576021829566,1.45343398963846,121,"reactome","Ubc; Fos; Psmc4; Psmc3; Sem1; Nfatc2; Map2k7; Psmb3; Psmb6; Map3k7; Tec; Cul1; Calm1; Prkcq; Psmd2; Map3k1; Pik3ca; Psmd11; Psmc5; Uba52; Psmd1; Igkv17-127; Psmb5; Psmb4; Psmb1; Adrm1; Vav2; Nfatc1; Bcl10; Cdc34; Itpr1; Psmc2; Nras; Hras; Mapk10; Rela; Ube2d1; Rasgrp2; Mapk9; Mapk3; Psmd3; Pak2; Tab1","gastrocnemius","RR-9","GLDS-326","Stat_(Space Flight)v(Ground Control)",1,"flight_positive"
"REACTOME_FERTILIZATION",0.226872246696035,0.629074814064203,0.135002033828631,0.405563833534455,1.20159074127656,16,"reactome","Catsperg1; Kcnu1; B4galt1; Izumo1; Catsper2; Izumo4; Cd9; Catsper4","gastrocnemius","RR-9","GLDS-326","Stat_(Space Flight)v(Ground Control)",1,"flight_positive"
"REACTOME_FGFR1_MUTANT_RECEPTOR_ACTIVATION",0.0459391949092175,0.315645391577283,0.321775918075361,0.445873646995932,1.54796797437254,29,"reactome","Fgfr1; Stat5b; Fgfr1op2; Stat5a; Pik3ca; Myo18a","gastrocnemius","RR-9","GLDS-326","Stat_(Space Flight)v(Ground Control)",1,"flight_positive"
"REACTOME_FGFR2_ALTERNATIVE_SPLICING",0.283582089552239,0.681428501445158,0.116739204791222,0.337313427000605,1.12786920081216,25,"reactome","Polr2j; Gtf2f1; Polr2e; Polr2f; Tial1; Ncbp2; Gtf2f2; Ncbp1; Polr2c; Polr2h","gastrocnemius","RR-9","GLDS-326","Stat_(Space Flight)v(Ground Control)",1,"flight_positive"
"REACTOME_FGFR2_LIGAND_BINDING_AND_ACTIVATION",0.965141612200436,0.976088397972085,0.051218434854034,0.188468397996017,0.552424392484052,15,"reactome","Fgfbp1; Fgf7; Fgf20; Fgf16; Fgf5","gastrocnemius","RR-9","GLDS-326","Stat_(Space Flight)v(Ground Control)",1,"flight_positive"
"REACTOME_FGFR2_MUTANT_RECEPTOR_ACTIVATION",0.38034188034188,0.737256905735167,0.0982123351217438,0.302950844460233,1.05177376638686,29,"reactome","Polr2j; Gtf2f1; Polr2e; Polr2f; Ncbp2; Gtf2f2; Ncbp1; Fgf7; Polr2c; Fgf20; Polr2h","gastrocnemius","RR-9","GLDS-326","Stat_(Space Flight)v(Ground Control)",1,"flight_positive"
"REACTOME_FLT3_SIGNALING",0.263616557734205,0.661692710271812,0.123257226381337,0.307849438593624,1.12839270450853,37,"reactome","Ubc; Stat5b; Grb10; Akt2; Stat5a; Pik3ca; Flt3l; Uba52; Nras; Abl2; Hras; Hck","gastrocnemius","RR-9","GLDS-326","Stat_(Space Flight)v(Ground Control)",1,"flight_positive"
"REACTOME_FLT3_SIGNALING_IN_DISEASE",0.0468822177683224,0.315645391577283,0.321775918075361,0.451458456827931,1.54158472577552,28,"reactome","Ubc; Pim1; Cdkn1a; Stat5b; Stat5a; Pik3ca; Flt3l; Uba52; Myo18a","gastrocnemius","RR-9","GLDS-326","Stat_(Space Flight)v(Ground Control)",1,"flight_positive"
"REACTOME_FORMATION_OF_FIBRIN_CLOT_CLOTTING_CASCADE",0.521276595744681,0.804857081452826,0.0802023444698144,0.278024766417233,0.942053945627656,26,"reactome","Vwf; Pf4; Serpinc1; Serping1; Gp1ba; F10; Kng2","gastrocnemius","RR-9","GLDS-326","Stat_(Space Flight)v(Ground Control)",1,"flight_positive"
"REACTOME_FORMATION_OF_INCISION_COMPLEX_IN_GG_NER",0.0717488789237668,0.369658078182867,0.252961123069611,0.359798980470789,1.35393906092239,43,"reactome","Ubc; Gtf2h5; Gtf2h4; Ercc3; Rad23a; Parp2; Uba52; Gtf2h3; Ccnh; Chd1l","gastrocnemius","RR-9","GLDS-326","Stat_(Space Flight)v(Ground Control)",1,"flight_positive"
"REACTOME_FORMATION_OF_NEURONAL_PROGENITOR_AND_NEURONAL_BAF_NPBAF_AND_NBAF",0.0307827021348048,0.242187435913538,0.352487857583619,0.486033674828705,1.62514257813955,25,"reactome","Bcl7c; Dpf3; Smarce1; Ss18l1; Smarcd3; Phf10; Smarcb1; Smarcc2; Arid1a","gastrocnemius","RR-9","GLDS-326","Stat_(Space Flight)v(Ground Control)",1,"flight_positive"
"REACTOME_FORMATION_OF_PARAXIAL_MESODERM",0.0232092369780949,0.212932914119965,0.352487857583619,0.396686582616269,1.59131828156616,53,"reactome","Fgfr1; Psmc4; Psmc3; Sem1; Psmb3; Psmb6; Psmd2; Maml3; Psmd11; Psmc5; Psmd1; Psmb5; Psmb4; Psmb1; Adrm1; Tbx6","gastrocnemius","RR-9","GLDS-326","Stat_(Space Flight)v(Ground Control)",1,"flight_positive"
"REACTOME_FORMATION_OF_RNA_POL_II_ELONGATION_COMPLEX",0.00947530872234899,0.131669874453421,0.380730400722792,0.411978605492342,1.66010537693732,56,"reactome","Gtf2h5; Polr2j; Gtf2h4; Ercc3; Gtf2f1; Polr2e; Ell; Eaf1; Elob; Nelfa; Gtf2h3; Supt6; Supt4a; Polr2f; Ccnh; Ncbp2; Gtf2f2; Nelfcd; Ncbp1; Cdk9; Leo1; Ccnk; Polr2c; Polr2h","gastrocnemius","RR-9","GLDS-326","Stat_(Space Flight)v(Ground Control)",1,"flight_positive"
"REACTOME_FORMATION_OF_SENESCENCE_ASSOCIATED_HETEROCHROMATIN_FOCI_SAHF",0.381057268722467,0.737307915972947,0.0999276973731092,0.357183753901161,1.05825188573078,16,"reactome","Cdkn1a; H1f4; Trp53; H1f5; H1f0","gastrocnemius","RR-9","GLDS-326","Stat_(Space Flight)v(Ground Control)",1,"flight_positive"
"REACTOME_FORMATION_OF_TC_NER_PRE_INCISION_COMPLEX",0.0748703426201605,0.37347294938918,0.287805130535564,0.356105142284883,1.41858301059038,51,"reactome","Ubc; Gtf2h5; Polr2j; Ercc6; Gtf2h4; Ercc3; Polr2e; Uba52; Gtf2h3; Polr2f; Ccnh; Cops7b; Rbx1","gastrocnemius","RR-9","GLDS-326","Stat_(Space Flight)v(Ground Control)",1,"flight_positive"
"REACTOME_FORMATION_OF_THE_BETA_CATENIN_TCF_TRANSACTIVATING_COMPLEX",0.9,0.950791433403006,0.0574877409561325,0.189790614891542,0.764580345295765,57,"reactome","H2ax; Tert; Men1; H3c10; Pygo1; Ruvbl1; Kat5; H2az2; H2ac19; Bcl9; Tcf4; H4c4; Smarca4; Tcf7l1; H3c4; Leo1; Tle2; Pygo2; Myc; Tcf7l2; H2bc21; H2bc4","gastrocnemius","RR-9","GLDS-326","Stat_(Space Flight)v(Ground Control)",1,"flight_positive"
"REACTOME_FORMATION_OF_THE_CANONICAL_BAF_CBAF_COMPLEX",0.0399823736207391,0.29624111401791,0.321775918075361,0.515737836651349,1.55403222236979,18,"reactome","Bcl7c; Dpf3; Smarce1; Ss18l1; Smarcb1; Arid1a","gastrocnemius","RR-9","GLDS-326","Stat_(Space Flight)v(Ground Control)",1,"flight_positive"
"REACTOME_FORMATION_OF_THE_CORNIFIED_ENVELOPE",0.63003663003663,0.83987832373712,0.0630790410571939,-0.261693480618916,-0.897677073353619,34,"reactome","Pcsk6; Krt10; Krt75; Perp; Cdsn; Krt84; Ppl; Kazn; Krt8; St14; Pkp4; Ivl; Krt7; Klk13; Krt80","gastrocnemius","RR-9","GLDS-326","Stat_(Space Flight)v(Ground Control)",1,"flight_positive"
"REACTOME_FORMATION_OF_THE_DYSTROPHIN_GLYCOPROTEIN_COMPLEX_DGC",0.0681399631675875,0.369228114823042,0.234392647294686,-0.407680609674504,-1.40998934157894,35,"reactome","Sspn; Lamc3; Actc1; Agrn; Dmd; Lama5; Lamc1; Lama1; Lama2; Actg2; Actg1; Lama3; Acta1","gastrocnemius","RR-9","GLDS-326","Stat_(Space Flight)v(Ground Control)",1,"flight_positive"
"REACTOME_FORMATION_OF_THE_EARLY_ELONGATION_COMPLEX",0.00438789713390637,0.0885858477977324,0.407017918923954,0.486812898332071,1.72317307717399,33,"reactome","Gtf2h5; Polr2j; Gtf2h4; Ercc3; Gtf2f1; Polr2e; Nelfa; Gtf2h3; Supt4a; Polr2f; Ccnh; Ncbp2; Gtf2f2; Nelfcd; Ncbp1","gastrocnemius","RR-9","GLDS-326","Stat_(Space Flight)v(Ground Control)",1,"flight_positive"
"REACTOME_FORMATION_OF_THE_EMBRYONIC_STEM_CELL_BAF_ESBAF_COMPLEX",0.0109365550806446,0.146276424203621,0.380730400722792,0.57377556521828,1.73654134151768,19,"reactome","Bcl7c; Smarce1; Smarcd3; Phf10; Smarcb1; Smarcc2; Arid1a","gastrocnemius","RR-9","GLDS-326","Stat_(Space Flight)v(Ground Control)",1,"flight_positive"
"REACTOME_FORMATION_OF_THE_NEPHRIC_DUCT",0.826887661141805,0.920504033697437,0.0506004243853618,-0.267919285389478,-0.745892591350394,15,"reactome","Ctnnb1; Ret; Pcdh19","gastrocnemius","RR-9","GLDS-326","Stat_(Space Flight)v(Ground Control)",1,"flight_positive"
"REACTOME_FORMATION_OF_THE_NON_CANONICAL_BAF_NCBAF_COMPLEX",0.0433886554859911,0.307504884276731,0.321775918075361,0.540845026465014,1.62206517301018,17,"reactome","Bcl7c; Ss18l1; Brd9; Smarcd3; Smarcc2; Smarca4; Actb","gastrocnemius","RR-9","GLDS-326","Stat_(Space Flight)v(Ground Control)",1,"flight_positive"
"REACTOME_FORMATION_OF_THE_POLYBROMO_BAF_PBAF_COMPLEX",0.0323874700999687,0.251120239180917,0.321775918075361,0.5282694177531,1.59179264917076,18,"reactome","Bcl7c; Smarce1; Smarcd3; Phf10; Smarcb1; Smarcc2; Brd7; Smarca4","gastrocnemius","RR-9","GLDS-326","Stat_(Space Flight)v(Ground Control)",1,"flight_positive"
"REACTOME_FORMATION_OF_THE_URETERIC_BUD",0.76036036036036,0.891753592188841,0.053457214108991,-0.273255722941825,-0.796678517792935,17,"reactome","Robo2; Itgb1; Ret; Itga8; Slit2","gastrocnemius","RR-9","GLDS-326","Stat_(Space Flight)v(Ground Control)",1,"flight_positive"
"REACTOME_FORMATION_OF_TUBULIN_FOLDING_INTERMEDIATES_BY_CCT_TRIC",0.675324675324675,0.857911762994888,0.0603786357920401,-0.278142982348422,-0.851427511261864,21,"reactome","Cct6b; Cct4; Tuba1b; Tcp1; Tubb2a; Tubb3; Tuba4a; Cct6a; Tubb2b","gastrocnemius","RR-9","GLDS-326","Stat_(Space Flight)v(Ground Control)",1,"flight_positive"
"REACTOME_FORMATION_OF_WDR5_CONTAINING_HISTONE_MODIFYING_COMPLEXES",0.695810564663024,0.862774286495646,0.0580983576873206,-0.238199634909659,-0.859152511887854,41,"reactome","Tasp1; Ncoa6; Kansl2; Kmt2d; Hcfc1; Bod1l; Paxip1; Dr1; Kmt2c; Tada3; Kat2b; Ogt","gastrocnemius","RR-9","GLDS-326","Stat_(Space Flight)v(Ground Control)",1,"flight_positive"
"REACTOME_FOXO_MEDIATED_TRANSCRIPTION",0.418848167539267,0.763430146018624,0.0813027345384498,-0.260229440407062,-1.02388780185483,60,"reactome","Gck; Pck1; Cat; Ywhaq; Sin3a; Sirt1; Bcl2l11; Smad2; Ddit3; Ep300; Abca6; Ccng2; Mstn; Ywhag","gastrocnemius","RR-9","GLDS-326","Stat_(Space Flight)v(Ground Control)",1,"flight_positive"
"REACTOME_FOXO_MEDIATED_TRANSCRIPTION_OF_CELL_CYCLE_GENES",0.515418502202643,0.802472889429411,0.0826646449123753,0.317999520569443,0.942158171049453,16,"reactome","Cdkn1a; Smad3; Foxo1; Klf4; Foxo3; Foxo4","gastrocnemius","RR-9","GLDS-326","Stat_(Space Flight)v(Ground Control)",1,"flight_positive"
"REACTOME_FOXO_MEDIATED_TRANSCRIPTION_OF_CELL_DEATH_GENES",0.541850220264317,0.810911189741273,0.0799858801499946,0.311116148104427,0.921764349069224,16,"reactome","Stk11; Bcl6; Cited2; Foxo1; Bbc3; Foxo3; Foxo4; Pink1","gastrocnemius","RR-9","GLDS-326","Stat_(Space Flight)v(Ground Control)",1,"flight_positive"
"REACTOME_FOXO_MEDIATED_TRANSCRIPTION_OF_OXIDATIVE_STRESS_METABOLIC_AND_NEURONAL_GENES",0.150093808630394,0.516079610741492,0.155241966228839,-0.397459001957581,-1.27525266119293,25,"reactome","Gck; Pck1; Cat; Sin3a","gastrocnemius","RR-9","GLDS-326","Stat_(Space Flight)v(Ground Control)",1,"flight_positive"
"REACTOME_FRS_MEDIATED_FGFR1_SIGNALING",0.801822323462415,0.91174270574366,0.0619762736001998,0.256542629981613,0.776430558968235,19,"reactome","Fgfr1; Frs2; Nras; Hras","gastrocnemius","RR-9","GLDS-326","Stat_(Space Flight)v(Ground Control)",1,"flight_positive"
"REACTOME_FRS_MEDIATED_FGFR2_SIGNALING",0.799628942486085,0.91174270574366,0.0524827622635459,-0.251796199133083,-0.770776991614056,21,"reactome","Ptpn11; Grb2; Kras; Fgf1; Sos1; Fgf9; Fgf10; Frs3; Fgf18; Fgf4","gastrocnemius","RR-9","GLDS-326","Stat_(Space Flight)v(Ground Control)",1,"flight_positive"
"REACTOME_FRS_MEDIATED_FGFR3_SIGNALING",0.407678244972578,0.760361269026224,0.0852884689790502,-0.348129525352322,-1.02753677368385,18,"reactome","Ptpn11; Fgfr3; Grb2; Kras; Fgf1; Sos1; Fgf9","gastrocnemius","RR-9","GLDS-326","Stat_(Space Flight)v(Ground Control)",1,"flight_positive"
"REACTOME_FRS_MEDIATED_FGFR4_SIGNALING",0.792184724689165,0.910239001640762,0.0509082865515105,-0.255709848764135,-0.772413916138355,19,"reactome","Ptpn11; Grb2; Kras; Fgf1; Sos1; Fgf9","gastrocnemius","RR-9","GLDS-326","Stat_(Space Flight)v(Ground Control)",1,"flight_positive"
"REACTOME_G0_AND_EARLY_G1",0.62218045112782,0.839512084119504,0.0649407684612899,-0.272348279866867,-0.882273176215555,26,"reactome","E2f5; Ccne2; Tfdp1; Mybl2; Cdk1","gastrocnemius","RR-9","GLDS-326","Stat_(Space Flight)v(Ground Control)",1,"flight_positive"
"REACTOME_G1_S_DNA_DAMAGE_CHECKPOINTS",0.0128016693728066,0.156986115554532,0.380730400722792,0.397994213332804,1.5960450931692,54,"reactome","Ubc; Cdkn1a; Psmc4; Psmc3; Sem1; Psmb3; Psmb6; Psmd2; Psmd11; Psmc5; Uba52; Psmd1; Psmb5; Psmb4; Psmb1; Adrm1; Trp53; Mdm4; Psmc2","gastrocnemius","RR-9","GLDS-326","Stat_(Space Flight)v(Ground Control)",1,"flight_positive"
"REACTOME_G1_S_SPECIFIC_TRANSCRIPTION",0.515828677839851,0.802472889429411,0.0738052724171275,-0.292203324000696,-0.968964052434573,28,"reactome","E2f5; Cdt1; Tfdp1; Tk1; Cdk1","gastrocnemius","RR-9","GLDS-326","Stat_(Space Flight)v(Ground Control)",1,"flight_positive"
"REACTOME_G2_M_CHECKPOINTS",0.224662162162162,0.627646249382542,0.116739204791222,-0.24732508165249,-1.11623012803128,131,"reactome","Psma3; Rad50; Rpa3; Rad17; Psmd6; Psmd14; Ywhaq; Ube2v2; Wee1; Atm; H4c16; Brcc3; Mcm6; Exo1; H4c14; Nsd2; Mcm7; Rad1; Ywhah; Atr; Rfc5; Mcm3; Wrn; Pkmyt1; Psmd12; Cdk1; Orc3; Psmc6; Cdc7; H4c8; Ywhag","gastrocnemius","RR-9","GLDS-326","Stat_(Space Flight)v(Ground Control)",1,"flight_positive"
"REACTOME_G2_M_DNA_DAMAGE_CHECKPOINT",0.00618342473478002,0.107818950018939,0.407017918923954,-0.386753097166889,-1.56574864858814,71,"reactome","Rad50; Rpa3; Rad17; Ywhaq; Ube2v2; Wee1; Atm; H4c16; Brcc3; Exo1; H4c14; Nsd2; Rad1; Ywhah; Atr; Rfc5; Wrn; Cdk1; H4c8; Ywhag; Chek1; Topbp1; Rmi2; Nbn; Ywhab; Ube2n","gastrocnemius","RR-9","GLDS-326","Stat_(Space Flight)v(Ground Control)",1,"flight_positive"
"REACTOME_GAB1_SIGNALOSOME",0.375690607734807,0.734897532497702,0.0902635484340068,-0.382303642045058,-1.06434090339239,15,"reactome","Ptpn11; Pik3r1; Btc; Grb2; Src; Epgn; Gab1","gastrocnemius","RR-9","GLDS-326","Stat_(Space Flight)v(Ground Control)",1,"flight_positive"
"REACTOME_GABA_B_RECEPTOR_ACTIVATION",0.252723311546841,0.65954620330517,0.126253987849115,0.317555682765099,1.13525621573756,35,"reactome","Adcy2; Gng2; Gng7; Adcy9; Adcy3; Gnb2; Kcnj15; Kcnj12; Gng11; Adcy8; Gng12","gastrocnemius","RR-9","GLDS-326","Stat_(Space Flight)v(Ground Control)",1,"flight_positive"
"REACTOME_GABA_RECEPTOR_ACTIVATION",0.723830734966592,0.881040448013964,0.0658311958368866,0.225769688548603,0.858299157954974,45,"reactome","Adcy2; Gng2; Gabra2; Gng7; Adcy9; Adcy3; Gnb2; Kcnj15; Kcnj12; Gng11; Adcy8; Gng12","gastrocnemius","RR-9","GLDS-326","Stat_(Space Flight)v(Ground Control)",1,"flight_positive"
"REACTOME_GABA_SYNTHESIS_RELEASE_REUPTAKE_AND_DEGRADATION",0.29014598540146,0.683924576542026,0.105125131597001,-0.399129886202446,-1.14082811589134,16,"reactome","Syt1; Rims1; Cplx1; Slc6a1; Slc6a13; Slc6a11","gastrocnemius","RR-9","GLDS-326","Stat_(Space Flight)v(Ground Control)",1,"flight_positive"
"REACTOME_GAMMA_CARBOXYLATION_HYPUSINYLATION_HYDROXYLATION_AND_ARYLSULFATASE_ACTIVATION",0.0195359018916824,0.200994375231733,0.352487857583619,0.381659988513945,1.5257023768211,52,"reactome","Rpl27a; Rps6; Rpl8; Dph7; Rwdd1; Rccd1; Dhps; Fn3k; Drg1; Asph; Rps23; F10; Etf1; U2af2; Gas6; Dph6","gastrocnemius","RR-9","GLDS-326","Stat_(Space Flight)v(Ground Control)",1,"flight_positive"
"REACTOME_GAP_FILLING_DNA_REPAIR_SYNTHESIS_AND_LIGATION_IN_GG_NER",0.422174840085288,0.764343619105343,0.0919686140000427,0.302922448926838,1.01287666908843,25,"reactome","Ubc; Xrcc1; Pold2; Uba52; Rfc1; Pold4; Rfc4","gastrocnemius","RR-9","GLDS-326","Stat_(Space Flight)v(Ground Control)",1,"flight_positive"
"REACTOME_GAP_JUNCTION_ASSEMBLY",0.614100185528757,0.838996948272679,0.0649407684612899,-0.290699035280805,-0.889863026726711,21,"reactome","Gjb1; Gja1; Gja4; Tuba1b; Tubb2a; Tubb3; Tuba4a; Tubb2b","gastrocnemius","RR-9","GLDS-326","Stat_(Space Flight)v(Ground Control)",1,"flight_positive"
"REACTOME_GAP_JUNCTION_TRAFFICKING_AND_REGULATION",0.911439114391144,0.953669549903624,0.0462302524077616,-0.20895308984889,-0.710755011844632,33,"reactome","Cltc; Gjb1; Src; Gja1; Dab2; Actg1; Gja4; Tuba1b; Tubb2a; Tubb3; Tuba4a; Tubb2b","gastrocnemius","RR-9","GLDS-326","Stat_(Space Flight)v(Ground Control)",1,"flight_positive"
"REACTOME_GASTRIN_CREB_SIGNALLING_PATHWAY_VIA_PKC_AND_MAPK",0.342281879194631,0.700825841096782,0.107554375265169,0.361911215085044,1.08541920325714,17,"reactome","Egfr; Rps6ka2; Rps6ka3; Nras; Hras; Creb1; Mapk3; Rps6ka1; Gast","gastrocnemius","RR-9","GLDS-326","Stat_(Space Flight)v(Ground Control)",1,"flight_positive"
"REACTOME_GASTRULATION",0.0132735850125638,0.157808177371591,0.380730400722792,0.345843839574854,1.51741077659762,90,"reactome","Fgfr1; Gata4; Zic1; Zeb2; Psmc4; Yap1; Psmc3; Sem1; Smad3; Psmb3; Psmb6; Psmd2; Maml3; Psmd11; Psmc5; Psmd1; Psmb5; Psmb4; Psmb1; Adrm1; Tbx6","gastrocnemius","RR-9","GLDS-326","Stat_(Space Flight)v(Ground Control)",1,"flight_positive"
"REACTOME_GENERATION_OF_SECOND_MESSENGER_MOLECULES",0.845864661654135,0.929945680742947,0.0504983044100709,-0.235790102032687,-0.727382065077856,22,"reactome","H2-Eb1; Nck1","gastrocnemius","RR-9","GLDS-326","Stat_(Space Flight)v(Ground Control)",1,"flight_positive"
"REACTOME_GENE_AND_PROTEIN_EXPRESSION_BY_JAK_STAT_SIGNALING_AFTER_INTERLEUKIN_12_STIMULATION",0.487179487179487,0.799512348592103,0.0758886900606117,-0.285471139242514,-0.979240660470699,34,"reactome","Mtap; Rap1b; Hnrnpa2b1; Capza1; Gsto1; Il10; Lcp1; Hnrnpf; Hnrnpdl","gastrocnemius","RR-9","GLDS-326","Stat_(Space Flight)v(Ground Control)",1,"flight_positive"
"REACTOME_GENE_SILENCING_BY_RNA",0.829716193656094,0.920504033697437,0.0459538081039063,-0.192204008710036,-0.82644624657249,95,"reactome","Nup160; Nup93; Nup88; Ago1; H4c16; Tarbp2; Polr2l; H4c14; Prkra; Nup107; Polr2k; Ranbp2; Ipo8; Nup37; Nup35; H3f3a; H2ac10; H4c8; Polr2d; Ddx4; Ran; Polr2a; Ang; Polr2b; Ndc1; H2bc18; H3c7; Nup153; Polr2g; Nup155; Nup54; Ago2; Pld6; Rae1","gastrocnemius","RR-9","GLDS-326","Stat_(Space Flight)v(Ground Control)",1,"flight_positive"
"REACTOME_GLOBAL_GENOME_NUCLEOTIDE_EXCISION_REPAIR_GG_NER",0.183908045977011,0.565464394239662,0.155241966228839,0.269222645085462,1.16993218819594,84,"reactome","Ubc; Gtf2h5; Xrcc1; Pold2; Gtf2h4; Ercc3; Rad23a; Ruvbl1; Actr5; Parp2; Uba52; Gtf2h3; Ccnh; Chd1l; Ino80b; Cops7b; Rfc1; Rbx1","gastrocnemius","RR-9","GLDS-326","Stat_(Space Flight)v(Ground Control)",1,"flight_positive"
"REACTOME_GLUCAGON_LIKE_PEPTIDE_1_GLP1_REGULATES_INSULIN_SECRETION",0.657458563535912,0.851671504822549,0.0613026075396207,-0.252675500846522,-0.891016379028991,37,"reactome","Kcns3; Gng5; Kcnc2; Adcy6; Prkacb; Rapgef4; Rap1a; Itpr3; Adcy5; Prkar2b; Prkar1b","gastrocnemius","RR-9","GLDS-326","Stat_(Space Flight)v(Ground Control)",1,"flight_positive"
"REACTOME_GLUCAGON_SIGNALING_IN_METABOLIC_REGULATION",0.122317596566524,0.470198146372643,0.186432558434075,0.378311109772351,1.31468894384241,30,"reactome","Adcy2; Gng2; Prkar2a; Prkaca; Gng7; Adcy9; Adcy3; Gnb2; Gng11; Adcy8; Gng12","gastrocnemius","RR-9","GLDS-326","Stat_(Space Flight)v(Ground Control)",1,"flight_positive"
"REACTOME_GLUCAGON_TYPE_LIGAND_RECEPTORS",0.0614406779661017,0.369228114823042,0.266350657088526,0.452488531364846,1.48730928511289,24,"reactome","Gng2; Sctr; Gng7; Sct; Gnb2; Vipr2; Gng11; Gng12; Vipr1; Adcyap1r1; Glp2r; Gngt2; Gng10; Gng4; Gcgr","gastrocnemius","RR-9","GLDS-326","Stat_(Space Flight)v(Ground Control)",1,"flight_positive"
"REACTOME_GLUCONEOGENESIS",0.326820603907638,0.696469383650559,0.096240602328129,-0.363671830701766,-1.09853094943035,19,"reactome","Pck1; Pgk1","gastrocnemius","RR-9","GLDS-326","Stat_(Space Flight)v(Ground Control)",1,"flight_positive"
"REACTOME_GLUCOSE_METABOLISM",0.0207494451590794,0.209451946417122,0.352487857583619,-0.354909711274844,-1.43683245168585,71,"reactome","Gck; Hk2; Pck1; Pgk1; Pfkfb1; Nup160; Pfkfb2; Nup93; Pfkfb4; Ppp2ca; Nup88; Prkacb","gastrocnemius","RR-9","GLDS-326","Stat_(Space Flight)v(Ground Control)",1,"flight_positive"
"REACTOME_GLUTAMATE_NEUROTRANSMITTER_RELEASE_CYCLE",0.0130577236302368,0.156986115554532,0.380730400722792,-0.530551347136215,-1.66056873933611,23,"reactome","Slc17a7; Ppfia1; Gls2; Gls; Syt1; Rims1; Cplx1","gastrocnemius","RR-9","GLDS-326","Stat_(Space Flight)v(Ground Control)",1,"flight_positive"
"REACTOME_GLUTATHIONE_CONJUGATION",0.0526542935633709,0.343537159224432,0.321775918075361,0.419375140066485,1.47002913025475,32,"reactome","Gstm2; Gstm1; Gstm7; Akr1a1; Gstk1; Hpgds; Gstp2","gastrocnemius","RR-9","GLDS-326","Stat_(Space Flight)v(Ground Control)",1,"flight_positive"
"REACTOME_GLYCEROPHOSPHOLIPID_BIOSYNTHESIS",0.115254237288136,0.460156842904123,0.169570644405628,-0.271208227281888,-1.20392351583706,116,"reactome","Plaat1; Gpcpd1; Pnpla8; Etnk1; Pld4; Pitpnm1; Pld1; Dgat2; Pla2r1; Plbd1; Csnk2a1; Bche; Gpat3; Lpgat1; Cds1; Chpt1; Cpne7; Hadhb; Slc44a1; Pla1a; Cpne3; Pla2g5","gastrocnemius","RR-9","GLDS-326","Stat_(Space Flight)v(Ground Control)",1,"flight_positive"
"REACTOME_GLYCOGEN_METABOLISM",0.23728813559322,0.64406479596353,0.128788713061714,0.358212438677887,1.17742804327337,24,"reactome","Ppp1r3c; Ubc; Phkg1; Calm1; Uba52","gastrocnemius","RR-9","GLDS-326","Stat_(Space Flight)v(Ground Control)",1,"flight_positive"
"REACTOME_GLYCOSAMINOGLYCAN_METABOLISM",0.258823529411765,0.661692710271812,0.107140237276725,-0.246877709703468,-1.09339743655155,112,"reactome","Glb1l; Naglu; Slc35d2; Agrn; Lum; Chpf; Xylt2; Dsel; Ndst2; Glb1l2; Hs2st1; Ust; Cspg4; Ncan; Slc35b3; Papss1; Chsy3; Papss2; Uxs1; Hs6st2; B4galt4; Idua; Dcn; Chst2; Glce; Hmmr; Acan; B4galt3; Slc26a2; Chp1; Hexb; Hyal1; Ogn; Cd44; Cemip; Chst1; Csgalnact1","gastrocnemius","RR-9","GLDS-326","Stat_(Space Flight)v(Ground Control)",1,"flight_positive"
"REACTOME_GLYCOSPHINGOLIPID_BIOSYNTHESIS",0.125274725274725,0.47365355492564,0.186432558434075,0.443034319972064,1.3349604390529,18,"reactome","B4galt5; A4galt; Ugt8a; St3gal3; Ugcg; St8sia5","gastrocnemius","RR-9","GLDS-326","Stat_(Space Flight)v(Ground Control)",1,"flight_positive"
"REACTOME_GLYCOSPHINGOLIPID_CATABOLISM",0.440298507462687,0.776614093913427,0.0822054920415869,-0.300017926940303,-1.00976559176576,30,"reactome","Glb1l; Asah2; Glb1l2; Sumf1; Asah1; Gla; Arsi; Arsg; Smpd2; Smpd3; Hexb","gastrocnemius","RR-9","GLDS-326","Stat_(Space Flight)v(Ground Control)",1,"flight_positive"
"REACTOME_GLYCOSPHINGOLIPID_METABOLISM",0.818380743982494,0.918167057179266,0.0590954798717342,0.20522879768115,0.799396137507438,48,"reactome","Neu3; B4galt5; A4galt; Neu2; Ugt8a; St3gal3; Ugcg; St8sia5; Psap; Glb1l3; Ctsa; Hexa; Gm2a; Smpd1; M6pr; St6galnac6; Fut2; Gba2; Arsa; Smpd4; Sumf2","gastrocnemius","RR-9","GLDS-326","Stat_(Space Flight)v(Ground Control)",1,"flight_positive"
"REACTOME_GOLGI_ASSOCIATED_VESICLE_BIOGENESIS",0.689165186500888,0.860451283029114,0.0573667426768556,-0.228149432343875,-0.870476450724157,54,"reactome","Picalm; Tfrc; Ap4b1; Cltc; Ocrl; Ap1s2; Clint1; Ap3s1; Pum1; Necap1; Bloc1s4; Bloc1s6; Snapin; Tgoln1; Ap1g1; Cpd; Pik3c2a; Bloc1s3; Ftl1; Arrb1; Dtnbp1; Ap1s3; Snx9; Tpd52l1; Ap1m1; Sh3d19; Txndc5","gastrocnemius","RR-9","GLDS-326","Stat_(Space Flight)v(Ground Control)",1,"flight_positive"
"REACTOME_GOLGI_TO_ER_RETROGRADE_TRANSPORT",0.898305084745763,0.950791433403006,0.0430173196927508,-0.180710136385828,-0.807231051241058,122,"reactome","Tmed7; Kifap3; Kif16b; Kif20b; Pafah1b1; Copb1; Tmed2; Kif21a; Cenpe; Kif3b; Rab1a; Kif3c; Capza1; Kif26b; Rab3gap2; Capza2; Kif26a; Pafah1b3","gastrocnemius","RR-9","GLDS-326","Stat_(Space Flight)v(Ground Control)",1,"flight_positive"
"REACTOME_GPCR_LIGAND_BINDING",0.898193760262726,0.950791433403006,0.0415717899246479,-0.170685691450539,-0.835887031716208,256,"reactome","Gal; Ptch1; Cd55; Gng5; Mchr1; Gpr68; Ednrb; Fzd1; Gpr4; Bdkrb1; Cxcl9; Plppr4; Wnt10b; Ccr2; Sst; Grm8; Cxcr6; Nln; Ccl22; Ccl17; Fzd5; Dhh; F2r; Ccr1; Ffar2; Wnt7b; Hebp1; P2ry2; Ffar4; C5ar1; Cxcl13; Insl3; Trh; Ptger4; Saa1; Wnt9a; Adra2b; Ackr3; Opn1mw; Prok1; Ece1; Adgre1; Ptgir; Ccr10; Gpr65; Xcr1; Ihh; Uts2r; Tshr; Npffr1; Ptger1; Rxfp2; Cxcl1; P2ry13; Gpr183; Wnt5a; Gabbr1; Bdkrb2; Tas1r1; Cnr2; Calcr; Ramp2; Pomc; Chrm3; Wnt2; Adra1b","gastrocnemius","RR-9","GLDS-326","Stat_(Space Flight)v(Ground Control)",1,"flight_positive"
"REACTOME_GPER1_SIGNALING",0.509933774834437,0.802472889429411,0.0833634065110386,0.25828890009953,0.963610151094806,41,"reactome","Adcy2; Gng2; Prkar2a; Prkaca; Gng7; Gnaz; Adcy9; Adcy3; Gnb2; Gng11; Adcy8; Gng12","gastrocnemius","RR-9","GLDS-326","Stat_(Space Flight)v(Ground Control)",1,"flight_positive"
"REACTOME_GPVI_MEDIATED_ACTIVATION_CASCADE",0.454212454212454,0.78262049276542,0.0795564677235957,-0.290200786752935,-0.995464588270153,34,"reactome","Fyn; Ptpn11; Pik3r1; Pdpk1; Rhoa; Prkcz; Lcp2; Pik3r2; Col1a2; Ptpn6; Syk","gastrocnemius","RR-9","GLDS-326","Stat_(Space Flight)v(Ground Control)",1,"flight_positive"
"REACTOME_GROWTH_HORMONE_RECEPTOR_SIGNALING",0.32293986636971,0.696469383650559,0.11101149245045,0.357163894606252,1.0977295204697,20,"reactome","Stat5b; Socs1; Stat5a; Cish; Socs3; Sh2b1","gastrocnemius","RR-9","GLDS-326","Stat_(Space Flight)v(Ground Control)",1,"flight_positive"
"REACTOME_G_ALPHA_12_13_SIGNALLING_EVENTS",0.646651270207852,0.848977741254481,0.0732558655828455,0.213429117617947,0.905420894266656,75,"reactome","Gng2; Trio; Arhgef11; Fgd1; Rhob; Gng7; Arhgef1; Arhgef10l; Vav2; Fgd3; Gnb2; Abr; Adra1a; Arhgef17; Gng11; Arhgef33; Kalrn; Gng12; Rhoc; Arhgef10; Arhgef15","gastrocnemius","RR-9","GLDS-326","Stat_(Space Flight)v(Ground Control)",1,"flight_positive"
"REACTOME_G_ALPHA_I_SIGNALLING_EVENTS",0.695863746958638,0.862774286495646,0.0721797965581253,0.185476960604951,0.915585257580219,199,"reactome","Adcy2; Gng2; Rgsl1; Rgs20; Ccl21a; Pf4; Npb; Prkar2a; Calm1; Cxcr3; Camk2b; Prkaca; Gng7; Camk2a; Gnaz; Agt; Ccl25; Adcy9; Lpar2; Pde4a; Ppp2r1a; Adcy3; Gnb2; Kng2; Pde4b; Rgs3; Cdk5; Itpr1; Gna11; Oprm1; Plcb3; Gnat2; Gng11; Cx3cl1; Rgs17; Creb1; Psap; Npy4r; Camk4; Adcy8; Gng12; Fpr2; Rgs6; Rgs7; S1pr2; Cxcr5; Plcb1; Cxcl16; Grk2; Ppbp; S1pr4; Rgs10","gastrocnemius","RR-9","GLDS-326","Stat_(Space Flight)v(Ground Control)",1,"flight_positive"
"REACTOME_G_ALPHA_Q_SIGNALLING_EVENTS",0.432835820895522,0.774400330851944,0.0995791200495904,0.21043175148164,1.0074407196966,159,"reactome","Gng2; Trio; Oxtr; Egfr; Rgsl1; Ntsr2; Pik3r3; Prkch; Prkce; Prkcq; Gng7; Npff; Rps6ka2; Agt; Rps6ka3; Pik3ca; Lpar2; Ptafr; Oxt; Gnb2; Kng2; Rgs3; Itpr1; Dgkz; Adra1a; Gna11; Plcb3; Nras; Gng11; Hras; Rgs17; Creb1; Kalrn; P2ry6; Gng12; Fpr2; Rasgrp2","gastrocnemius","RR-9","GLDS-326","Stat_(Space Flight)v(Ground Control)",1,"flight_positive"
"REACTOME_G_ALPHA_S_SIGNALLING_EVENTS",0.897560975609756,0.950791433403006,0.0598603117764473,0.179903215128334,0.798433446311069,104,"reactome","Adcy2; Gng2; Prkar2a; Pde10a; Sctr; Prkaca; Gng7; Gnaz; Mc5r; Adcy9; Sct; Pde4a; Adcy3; Grk3; Gnb2; Pde2a; Vipr2; Gng11; Adora2a; Adcy8; Gng12; Vipr1","gastrocnemius","RR-9","GLDS-326","Stat_(Space Flight)v(Ground Control)",1,"flight_positive"
"REACTOME_G_ALPHA_Z_SIGNALLING_EVENTS",0.0281554989740771,0.233537859707461,0.352487857583619,0.394889637710307,1.50123537712609,45,"reactome","Adcy2; Gng2; Rgsl1; Rgs20; Prkch; Prkce; Prkcq; Gng7; Gnaz; Adcy9; Adcy3; Gnb2; Gng11; Rgs17; Adcy8; Gng12","gastrocnemius","RR-9","GLDS-326","Stat_(Space Flight)v(Ground Control)",1,"flight_positive"
"REACTOME_G_BETA_GAMMA_SIGNALLING_THROUGH_CDC42",0.740659340659341,0.885171914160401,0.0640703750499722,0.268910154323114,0.810285798408582,18,"reactome","Gng2; Gng7; Gnb2; Gng11; Gng12; Gngt2; Gng10; Gng4","gastrocnemius","RR-9","GLDS-326","Stat_(Space Flight)v(Ground Control)",1,"flight_positive"
"REACTOME_G_BETA_GAMMA_SIGNALLING_THROUGH_PI3KGAMMA",0.437100213219616,0.77645484007327,0.0899860794997137,0.311306763030817,1.00550794614855,23,"reactome","Gng2; Akt2; Gng7; Gnb2; Gng11; Gng12; Pik3cg; Gngt2; Pik3r5; Gng10; Gng4","gastrocnemius","RR-9","GLDS-326","Stat_(Space Flight)v(Ground Control)",1,"flight_positive"
"REACTOME_G_PROTEIN_ACTIVATION",0.369330453563715,0.727778241829051,0.100633389423036,0.337386831855401,1.06250430008446,21,"reactome","Gng2; Gng7; Gnb2; Gna11; Oprm1; Gng11; Gng12; Gna15; Gngt2; Gng10; Gng4","gastrocnemius","RR-9","GLDS-326","Stat_(Space Flight)v(Ground Control)",1,"flight_positive"
"REACTOME_G_PROTEIN_BETA_GAMMA_SIGNALLING",0.744635193133047,0.885288507391512,0.0626618230932491,0.236344909925988,0.821334695140467,30,"reactome","Gng2; Akt2; Gng7; Gnb2; Plcb3; Gng11; Gng12; Plcb1; Pik3cg; Gngt2; Pik3r5; Gng10; Gng4","gastrocnemius","RR-9","GLDS-326","Stat_(Space Flight)v(Ground Control)",1,"flight_positive"
"REACTOME_G_PROTEIN_MEDIATED_EVENTS",0.627232142857143,0.83987832373712,0.0730744399126987,0.227365899463871,0.908905055965592,52,"reactome","Adcy2; Prkar2a; Calm1; Camk2b; Prkaca; Camk2a; Adcy9; Adcy3; Itpr1; Gna11; Plcb3; Creb1; Camk4; Adcy8","gastrocnemius","RR-9","GLDS-326","Stat_(Space Flight)v(Ground Control)",1,"flight_positive"
"REACTOME_HATS_ACETYLATE_HISTONES",0.665557404326123,0.855315747402078,0.0559428593065705,-0.209344477897273,-0.908744838635705,100,"reactome","Rbbp7; Msl3; Usp22; Eny2; Kansl2; H4c16; Morf4l2; H4c14; Tada2b; Elp1; Ing3; Ep300; Jade2; Mrgbp; Elp6; Hcfc1; Dr1; H2ac10; Epc1; H4c8; Trrap; Brd1; Tada3; Kat2b; Ogt; Ing5","gastrocnemius","RR-9","GLDS-326","Stat_(Space Flight)v(Ground Control)",1,"flight_positive"
"REACTOME_HCMV_EARLY_EVENTS",0.681660899653979,0.859377526708999,0.0566484183613995,-0.210804449075013,-0.888047663176496,89,"reactome","Rbbp7; Nup160; Nup93; Nup88; Itgb1; H4c16; Ezh2; H4c14; Nup107; Ranbp2; Ncor2; Nup37; Nup35; H2ac10; H4c8; Suz12; Dync1i1; Tuba1b; Tubb2a; Ndc1; H2bc18; Tubb3; Tuba4a; H3c7; Nup153; Tubb2b; Nup155; Nup54; Daxx; Rae1; Tbl1xr1; Trim28; Dynll2; Nfkb1","gastrocnemius","RR-9","GLDS-326","Stat_(Space Flight)v(Ground Control)",1,"flight_positive"
"REACTOME_HCMV_INFECTION",0.942857142857143,0.966890768452252,0.0404114482034376,-0.170326682708101,-0.754360361140174,112,"reactome","Rbbp7; Nup160; Nup93; Nup88; Itgb1; H4c16; Ezh2; Vps37c; H4c14; Chmp4b; Nup107; Chmp3; Ranbp2; Ncor2; Nup37; Nup35; H2ac10; H4c8; Suz12; Dync1i1; Chmp4c; Tuba1b; Chmp7; Tubb2a; Ndc1; Chmp2b; H2bc18; Tubb3; Tuba4a; H3c7; Nup153; Tubb2b; Nup155; Vps25; Nup54; Daxx; Rae1; Tbl1xr1; Trim28; Dynll2; Nfkb1","gastrocnemius","RR-9","GLDS-326","Stat_(Space Flight)v(Ground Control)",1,"flight_positive"
"REACTOME_HCMV_LATE_EVENTS",0.834090909090909,0.922242065270605,0.059989249649033,0.196089297737218,0.826288617325557,73,"reactome","Cebpd; Chmp2a; H3c10; Nup85; Vps36; Vps4a; Nup214; Aaas; Nup210; Snf8; H2ac19; Nup133; Vps28; H4c4; Nup62","gastrocnemius","RR-9","GLDS-326","Stat_(Space Flight)v(Ground Control)",1,"flight_positive"
"REACTOME_HDACS_DEACETYLATE_HISTONES",0.655328798185941,0.851671504822549,0.0716527366829457,0.224529377205771,0.90277333524143,55,"reactome","Hdac8; H3c10; Brms1; Sap18; H2ac19; Hdac3; Mta1; Arid4b; H4c4; Gatad2b; Gps2; Rbbp4; Hdac2; Gatad2a; H3c4","gastrocnemius","RR-9","GLDS-326","Stat_(Space Flight)v(Ground Control)",1,"flight_positive"
"REACTOME_HDMS_DEMETHYLATE_HISTONES",0.993421052631579,0.994350352025996,0.0501934252649434,0.161643189590638,0.572083123649905,34,"reactome","H3c10; Kdm2b; Kdm7a; H4c4; H3c4; Phf2; Arid5b; Kdm4a","gastrocnemius","RR-9","GLDS-326","Stat_(Space Flight)v(Ground Control)",1,"flight_positive"
"REACTOME_HDR_THROUGH_HOMOLOGOUS_RECOMBINATION_HRR",0.558260869565217,0.817153393207637,0.066436413766281,-0.233480480303646,-0.937391765859878,67,"reactome","Rad50; Rpa3; Rad17; Fignl1; Atm; Polk; Exo1; Rad1; Atr; Rfc5; Wrn; Pold3; Pole4; Chek1; Rad51d; Topbp1; Rmi2; Pcna; Nbn","gastrocnemius","RR-9","GLDS-326","Stat_(Space Flight)v(Ground Control)",1,"flight_positive"
"REACTOME_HDR_THROUGH_SINGLE_STRAND_ANNEALING_SSA",0.0825688073394495,0.391111966140823,0.211400189384923,-0.397217989325654,-1.39209377081985,36,"reactome","Rad50; Rpa3; Rad17; Atm; Exo1; Rad1; Atr; Rfc5; Wrn","gastrocnemius","RR-9","GLDS-326","Stat_(Space Flight)v(Ground Control)",1,"flight_positive"
"REACTOME_HEDGEHOG_LIGAND_BIOGENESIS",0.0119130852016429,0.154707274550291,0.380730400722792,0.407196534464327,1.61110372890293,50,"reactome","Ubc; Psmc4; Psmc3; Sem1; Psmb3; Psmb6; Os9; Psmd2; P4hb; Psmd11; Psmc5; Uba52; Psmd1; Psmb5; Psmb4; Psmb1; Adrm1","gastrocnemius","RR-9","GLDS-326","Stat_(Space Flight)v(Ground Control)",1,"flight_positive"
"REACTOME_HEDGEHOG_OFF_STATE",0.00226963994529892,0.0589896343408554,0.431707695803346,0.373774217982672,1.64939260789598,97,"reactome","Ubc; Wdr19; Adcy2; Gsk3b; Psmc4; Psmc3; Sem1; Psmb3; Psmb6; Cul1; Prkar2a; Ift122; Prkaca; Psmd2; Numb; Psmd11; Psmc5; Uba52; Psmd1; Adcy9; Ift172; Psmb5; Psmb4; Psmb1; Adrm1; Adcy3; Kif3a; Ttc21b; Rbx1; Gli1; Psmc2","gastrocnemius","RR-9","GLDS-326","Stat_(Space Flight)v(Ground Control)",1,"flight_positive"
"REACTOME_HEDGEHOG_ON_STATE",0.04339554908952,0.307504884276731,0.321775918075361,0.328556105981416,1.3836968647509,72,"reactome","Ubc; Psmc4; Psmc3; Sem1; Psmb3; Psmb6; Psmd2; Numb; Evc2; Psmd11; Psmc5; Uba52; Psmd1; Psmb5; Psmb4; Psmb1; Adrm1; Kif3a; Rbx1; Gas8; Gli1; Psmc2","gastrocnemius","RR-9","GLDS-326","Stat_(Space Flight)v(Ground Control)",1,"flight_positive"
"REACTOME_HEME_SIGNALING",0.63215859030837,0.84026048649684,0.072003313661988,0.237099922662579,0.907475566468992,46,"reactome","Nr1d1; Ncoa1; Smarcd3; Hba-a1; Crtc3; Hba-a2; Hdac3; Crtc1; Creb1; Mafk; Tlr4; Hbb-bt; Ncoa2; Rxra; Usp46; Ly96; Clec1b; Ppargc1a","gastrocnemius","RR-9","GLDS-326","Stat_(Space Flight)v(Ground Control)",1,"flight_positive"
"REACTOME_HEPARAN_SULFATE_HEPARIN_HS_GAG_METABOLISM",0.0914076782449726,0.416196662647322,0.199915231309662,-0.352334879025136,-1.31397455814085,49,"reactome","Glb1l; Naglu; Slc35d2; Agrn; Xylt2; Ndst2; Glb1l2; Hs2st1; Cspg4; Ncan; Uxs1; Hs6st2; Idua; Dcn; Glce","gastrocnemius","RR-9","GLDS-326","Stat_(Space Flight)v(Ground Control)",1,"flight_positive"
"REACTOME_HH_MUTANTS_ABROGATE_LIGAND_SECRETION",0.00969830444450682,0.133040843020799,0.380730400722792,0.429522700325644,1.6328984390333,45,"reactome","Ubc; Psmc4; Psmc3; Sem1; Psmb3; Psmb6; Os9; Psmd2; Psmd11; Psmc5; Uba52; Psmd1; Psmb5; Psmb4; Psmb1; Adrm1","gastrocnemius","RR-9","GLDS-326","Stat_(Space Flight)v(Ground Control)",1,"flight_positive"
"REACTOME_HIGH_LAMINAR_FLOW_SHEAR_STRESS_ACTIVATES_SIGNALING_BY_PIEZO1_AND_PECAM1_CDH5_KDR_IN_ENDOTHELIAL_CELLS",0.2,0.589531680440771,0.149207542435322,0.280319427270609,1.15637574391458,65,"reactome","Adcy2; Gng2; Prkar2a; Calm1; Prkaca; Capns1; Gng7; Pik3ca; Adcy9; Pecam1; Adcy3; Gnb2; Kdr; Gna11; Pik3cd; Gng11; Mmp14; Adcy8; Rictor; Mapkap1; Gng12","gastrocnemius","RR-9","GLDS-326","Stat_(Space Flight)v(Ground Control)",1,"flight_positive"
"REACTOME_HIV_ELONGATION_ARREST_AND_RECOVERY",0.0947136563876652,0.422350800512174,0.216542836735348,0.387355065021012,1.3577896611667,32,"reactome","Polr2j; Gtf2f1; Polr2e; Ell; Elob; Nelfa; Supt4a; Polr2f; Gtf2f2; Nelfcd; Cdk9; Ccnk; Polr2c; Polr2h","gastrocnemius","RR-9","GLDS-326","Stat_(Space Flight)v(Ground Control)",1,"flight_positive"
"REACTOME_HIV_INFECTION",0.0174430242980356,0.188525616150486,0.352487857583619,0.274488392253841,1.36085827582473,207,"reactome","Ubc; Gtf2h5; Polr2j; Taf3; Chmp2a; Ap2s1; Gtf2h4; Psmc4; Psmc3; Sem1; Ercc3; Ap2a2; Psmb3; Psmb6; Taf12; Taf9; Gtf2f1; Taf10; Polr2e; Nup85; Ell; Psmd2; Elob; Nmt2; Vps4a; Nup214; Aaas; Nelfa; Psmd11; Psmc5; Uba52; Gtf2h3; Psmd1; Ap2m1; Ranbp1; Supt4a; Nup210; Polr2f; Psmb5; Ccnh; Ap1b1; Psmb4; Psmb1; Cd247; Adrm1; Ncbp2; Gtf2f2; Banf1; Nmt1; Rbx1; Nup133; Rangap1; Psmc2; Vps28; Ap1s1; Rngtt; Nelfcd; Nup62; Ncbp1; Taf6; Hck","gastrocnemius","RR-9","GLDS-326","Stat_(Space Flight)v(Ground Control)",1,"flight_positive"
"REACTOME_HIV_LIFE_CYCLE",0.062926826001865,0.369228114823042,0.287805130535564,0.280817206802678,1.32053106948993,141,"reactome","Ubc; Gtf2h5; Polr2j; Taf3; Chmp2a; Gtf2h4; Ercc3; Taf12; Taf9; Gtf2f1; Taf10; Polr2e; Nup85; Ell; Elob; Nmt2; Vps4a; Nup214; Aaas; Nelfa; Uba52; Gtf2h3; Ranbp1; Supt4a; Nup210; Polr2f; Ccnh; Ncbp2; Gtf2f2; Banf1; Nmt1; Nup133; Rangap1; Vps28; Rngtt; Nelfcd; Nup62; Ncbp1; Taf6","gastrocnemius","RR-9","GLDS-326","Stat_(Space Flight)v(Ground Control)",1,"flight_positive"
"REACTOME_HIV_TRANSCRIPTION_ELONGATION",0.0057691066965078,0.104626172292599,0.407017918923954,0.466035432475155,1.75977770507039,42,"reactome","Gtf2h5; Polr2j; Gtf2h4; Ercc3; Gtf2f1; Polr2e; Ell; Elob; Nelfa; Gtf2h3; Supt4a; Polr2f; Ccnh; Ncbp2; Gtf2f2; Nelfcd; Ncbp1; Cdk9","gastrocnemius","RR-9","GLDS-326","Stat_(Space Flight)v(Ground Control)",1,"flight_positive"
"REACTOME_HIV_TRANSCRIPTION_INITIATION",0.0221579573570734,0.211457625265872,0.352487857583619,0.406786889901607,1.54646466190482,45,"reactome","Gtf2h5; Polr2j; Taf3; Gtf2h4; Ercc3; Taf12; Taf9; Gtf2f1; Taf10; Polr2e; Gtf2h3; Polr2f; Ccnh","gastrocnemius","RR-9","GLDS-326","Stat_(Space Flight)v(Ground Control)",1,"flight_positive"
"REACTOME_HOMOLOGOUS_DNA_PAIRING_AND_STRAND_EXCHANGE",0.134438305709024,0.484904723882691,0.163180127180689,-0.350696929609769,-1.26818106177754,42,"reactome","Rad50; Rpa3; Rad17; Atm; Exo1; Rad1; Atr; Rfc5; Wrn; Chek1; Rad51d; Topbp1; Rmi2; Nbn","gastrocnemius","RR-9","GLDS-326","Stat_(Space Flight)v(Ground Control)",1,"flight_positive"
"REACTOME_HOMOLOGY_DIRECTED_REPAIR",0.730639730639731,0.882375295467846,0.0521630305460055,-0.200878510864111,-0.891244186297472,114,"reactome","Rad50; Rpa3; Rad17; Fignl1; Ube2v2; Atm; Polk; H4c16; Brcc3; Exo1; H4c14; Nsd2; Rad1; Atr; Rfc5; Wrn; Polq; H4c8; Pold3; Pole4; Chek1; Fen1; Rad51d; Rnf4; Topbp1; Timeless; Rmi2; Pcna","gastrocnemius","RR-9","GLDS-326","Stat_(Space Flight)v(Ground Control)",1,"flight_positive"
"REACTOME_HOST_INTERACTIONS_OF_HIV_FACTORS",0.191646191646192,0.57926956232041,0.157402899305283,0.25498961439573,1.14972499782341,112,"reactome","Ubc; Ap2s1; Psmc4; Psmc3; Sem1; Ap2a2; Psmb3; Psmb6; Nup85; Psmd2; Elob; Nup214; Aaas; Psmd11; Psmc5; Uba52; Psmd1; Ap2m1; Ranbp1; Nup210; Psmb5; Ap1b1; Psmb4; Psmb1; Cd247; Adrm1; Banf1; Rbx1; Nup133; Rangap1; Psmc2","gastrocnemius","RR-9","GLDS-326","Stat_(Space Flight)v(Ground Control)",1,"flight_positive"
"REACTOME_HSF1_ACTIVATION",0.335216572504708,0.696469383650559,0.0982123351217438,-0.332949862756377,-1.09369038497018,27,"reactome","Rpa3; Hspa1b; Ptges3; Hspa1a; Mrpl18; Col4a6; Serpinh1","gastrocnemius","RR-9","GLDS-326","Stat_(Space Flight)v(Ground Control)",1,"flight_positive"
"REACTOME_HSF1_DEPENDENT_TRANSACTIVATION",0.670349907918969,0.856724921087074,0.0603786357920401,-0.252630403820881,-0.873738334110677,35,"reactome","Hspa1b; Ptges3; Mlst8; Mtor; Hspa1a; Ep300; Mrpl18; Col4a6; Serpinh1; Tnfrsf21; Camk2g","gastrocnemius","RR-9","GLDS-326","Stat_(Space Flight)v(Ground Control)",1,"flight_positive"
"REACTOME_HSP90_CHAPERONE_CYCLE_FOR_STEROID_HORMONE_RECEPTORS_SHR_IN_THE_PRESENCE_OF_LIGAND",0.935779816513762,0.963700099778368,0.044774889329693,-0.186964338959741,-0.693711349091224,48,"reactome","Dnaja1; Dnaja2; Hspa1b; Ptges3; Capza1; Hspa1a; Capza2; Dnaja4; Dync1i1; Tuba1b; Dctn4; Ar; Tubb2a; Tubb3; Tuba4a; Tubb2b","gastrocnemius","RR-9","GLDS-326","Stat_(Space Flight)v(Ground Control)",1,"flight_positive"
"REACTOME_HS_GAG_BIOSYNTHESIS",0.538461538461538,0.808317632683035,0.072003313661988,-0.294445261744989,-0.944731662301163,25,"reactome","Slc35d2; Agrn; Ndst2; Hs2st1","gastrocnemius","RR-9","GLDS-326","Stat_(Space Flight)v(Ground Control)",1,"flight_positive"
"REACTOME_HS_GAG_DEGRADATION",0.407894736842105,0.760361269026224,0.086794975677172,-0.338602410849686,-1.04454478250339,22,"reactome","Glb1l; Naglu; Agrn; Glb1l2","gastrocnemius","RR-9","GLDS-326","Stat_(Space Flight)v(Ground Control)",1,"flight_positive"
"REACTOME_HYALURONAN_METABOLISM",0.854054054054054,0.933885670000369,0.0481183992657975,-0.248832822887337,-0.725473422411431,17,"reactome","Hmmr; Chp1; Hexb; Hyal1; Cd44; Cemip; Stab2; Hyal3; Has1","gastrocnemius","RR-9","GLDS-326","Stat_(Space Flight)v(Ground Control)",1,"flight_positive"
"REACTOME_IKK_COMPLEX_RECRUITMENT_MEDIATED_BY_RIP1",0.695095948827292,0.862774286495646,0.0656813601934011,0.254764486557752,0.822878735869022,23,"reactome","Ubc; Uba52; Sarm1; Birc3; Ube2d1; Tlr4; Ikbkg","gastrocnemius","RR-9","GLDS-326","Stat_(Space Flight)v(Ground Control)",1,"flight_positive"
"REACTOME_IL_6_TYPE_CYTOKINE_RECEPTOR_LIGAND_INTERACTIONS",0.685022026431718,0.860297615354388,0.0679922591544058,0.279606030756596,0.828407244389242,16,"reactome","Il6st; Il11ra1; Tyk2; Clcf1; Osmr; Cntfr","gastrocnemius","RR-9","GLDS-326","Stat_(Space Flight)v(Ground Control)",1,"flight_positive"
"REACTOME_IMMUNOREGULATORY_INTERACTIONS_BETWEEN_A_LYMPHOID_AND_A_NON_LYMPHOID_CELL",0.0647985989492119,0.369228114823042,0.234392647294686,-0.317717005254778,-1.32894569389425,86,"reactome","Col3a1; Pilrb2; Siglec1; Itga4; Cd1d1; Itgb1; Lilra5; H2-M2; Pilra; Cd33; Colec12; B2m; Itgb2; Iglc1; Siglece; Fcgr4; Cd300ld; Jaml; Itgb7; H2-D1; Itgal; Vcam1; Iglc2; Npdc1; Cd40","gastrocnemius","RR-9","GLDS-326","Stat_(Space Flight)v(Ground Control)",1,"flight_positive"
"REACTOME_INACTIVATION_OF_CSF3_G_CSF_SIGNALING",0.0353570897118545,0.266423140786509,0.321775918075361,0.489982845290601,1.61055139485765,24,"reactome","Ubc; Stat5b; Socs1; Stat5a; Elob; Socs3; Uba52; Ube2d1; Hck; Tyk2","gastrocnemius","RR-9","GLDS-326","Stat_(Space Flight)v(Ground Control)",1,"flight_positive"
"REACTOME_INCRETIN_SYNTHESIS_SECRETION_AND_INACTIVATION",0.0121318421833027,0.154707274550291,0.380730400722792,-0.610903991648951,-1.70076879958426,15,"reactome","Spcs1; Dpp4; Ctnnb1; Sec11c; Lep; Spcs3; Ffar4","gastrocnemius","RR-9","GLDS-326","Stat_(Space Flight)v(Ground Control)",1,"flight_positive"
"REACTOME_INFECTION_WITH_MYCOBACTERIUM_TUBERCULOSIS",0.360225140712946,0.717767040154286,0.0937465422491719,-0.338222438756989,-1.08519133539727,25,"reactome","Atp6v1h; Pgk1; Mapk1; Coro1a; Mrc1; B2m; Rnf213; Sfpq; Dusp16","gastrocnemius","RR-9","GLDS-326","Stat_(Space Flight)v(Ground Control)",1,"flight_positive"
"REACTOME_INFLAMMASOMES",0.573712255772647,0.822074209208504,0.066132620475844,-0.300868868951804,-0.908824210073896,19,"reactome","Aim2; Hmox1; Mefv; Casp1; Txn1; Nfkb1; Pstpip1; P2rx7; Panx1; Bcl2; Pycard; App","gastrocnemius","RR-9","GLDS-326","Stat_(Space Flight)v(Ground Control)",1,"flight_positive"
"REACTOME_INFLUENZA_INFECTION",4.96077101607157e-19,4.42335415599715e-17,1.12391496374483,0.596111994131359,2.8031915070617,141,"reactome","Rps27; Rps26; Rpl28; Rpl27a; Rps17; Polr2j; Rpl21; Rpl17; Rpl14; Rpl18a; Rpl24; Rpl27; Rpl19; Rpl6; Rpl15; Rpl22; Pabpn1; Rpl26; Rpsa; Rps11; Rps16; Rpl32; Rps18; Rpl13a; Rps28; Rpl13; Rpl35; Rpl37a; Rps6; Rps29; Rpl7; Rps15a; Rpl8; Rpl35a; Rps19; Fau; Rpl3l; Rpl36; Rpl31; Rpl29; Rps25; Rps15; Rpl18; Rps2; Gtf2f1; Rpl12; Polr2e; Rpl7a; Rpl36a; Nup85; Rps12; Rps21; Rpl5; Rpl38; Rpl10; Rps20; Rpl23; Rps14; Nup214; Rplp1; Rps3a1; Aaas; Calr; Uba52; Rps5; Isg15; Nup210; Polr2f; Rps7","gastrocnemius","RR-9","GLDS-326","Stat_(Space Flight)v(Ground Control)",1,"flight_positive"
"REACTOME_INHIBITION_OF_DNA_RECOMBINATION_AT_TELOMERE",0.828507795100223,0.920504033697437,0.0593487680335629,0.214106893165251,0.793029773639249,40,"reactome","Polr2j; H2ax; Polr2e; H2az2; Terf2; Polr2f; H2ac19; Terf2ip; H4c4","gastrocnemius","RR-9","GLDS-326","Stat_(Space Flight)v(Ground Control)",1,"flight_positive"
"REACTOME_INHIBITION_OF_THE_PROTEOLYTIC_ACTIVITY_OF_APC_C_REQUIRED_FOR_THE_ONSET_OF_ANAPHASE_BY_MITOTIC_SPINDLE_CHECKPOINT_COMPONENTS",0.466522678185745,0.79234804072817,0.0870515867946735,0.312689543964533,0.984727184599055,21,"reactome","Anapc15; Anapc4; Anapc5; Ube2s; Cdc23; Ube2d1; Anapc1; Bub1b; Anapc11; Anapc2; Ube2c","gastrocnemius","RR-9","GLDS-326","Stat_(Space Flight)v(Ground Control)",1,"flight_positive"
"REACTOME_INITIAL_TRIGGERING_OF_COMPLEMENT",0.434137291280148,0.774400330851944,0.0826646449123753,-0.333779381643163,-1.02173689885502,21,"reactome","Ighg2c; Masp2; Cfb; Iglc1; C2; Iglc2","gastrocnemius","RR-9","GLDS-326","Stat_(Space Flight)v(Ground Control)",1,"flight_positive"
"REACTOME_INITIATION_OF_NUCLEAR_ENVELOPE_NE_REFORMATION",0.993166287015945,0.994350352025996,0.0519512476197082,0.176590187538004,0.534453155127726,19,"reactome","Ppp2r1a; Banf1; Emd; Kpnb1; Lemd2; Lbr","gastrocnemius","RR-9","GLDS-326","Stat_(Space Flight)v(Ground Control)",1,"flight_positive"
"REACTOME_INLB_MEDIATED_ENTRY_OF_LISTERIA_MONOCYTOGENES_INTO_HOST_CELL",0.478821362799263,0.796822976235862,0.0770736734944102,-0.352666070058395,-0.981829316597402,15,"reactome","Met; Sh3kbp1; Cbl; Grb2; Stam2","gastrocnemius","RR-9","GLDS-326","Stat_(Space Flight)v(Ground Control)",1,"flight_positive"
"REACTOME_INOSITOL_PHOSPHATE_METABOLISM",0.521178637200737,0.804857081452826,0.0727141077934447,-0.26192508236487,-0.968075391153006,47,"reactome","Inpp5j; Minpp1; Inpp4b; Pld4; Ocrl; Inpp1; Ip6k3; Synj1; Pten; Inpp4a; Mtmr7","gastrocnemius","RR-9","GLDS-326","Stat_(Space Flight)v(Ground Control)",1,"flight_positive"
"REACTOME_INSERTION_OF_TAIL_ANCHORED_PROTEINS_INTO_THE_ENDOPLASMIC_RETICULUM_MEMBRANE",0.280777537796976,0.681020337128934,0.118287526124085,0.366145537668896,1.1530717013777,21,"reactome","Bag6; Ube2j2; Sgta; Get3; Emd; Cyb5a; Sec61g; Stx5a","gastrocnemius","RR-9","GLDS-326","Stat_(Space Flight)v(Ground Control)",1,"flight_positive"
"REACTOME_INSULIN_PROCESSING",0.547974413646055,0.811567464675306,0.0776798560117236,0.287011486935369,0.927035210991728,23,"reactome","Kif5a; Exoc1; Exoc4; P4hb","gastrocnemius","RR-9","GLDS-326","Stat_(Space Flight)v(Ground Control)",1,"flight_positive"
"REACTOME_INSULIN_RECEPTOR_RECYCLING",0.549893842887473,0.811567464675306,0.077274697304471,0.273242122816192,0.934097416177725,27,"reactome","Atp6v1b1; Atp6v1f; Atp6v1d; Atp6v0d1; Atp6v1a; Atp6v0e2; Ins2; Tcirg1; Atp6v0a2; Atp6v1e1; Atp6v1b2","gastrocnemius","RR-9","GLDS-326","Stat_(Space Flight)v(Ground Control)",1,"flight_positive"
"REACTOME_INSULIN_RECEPTOR_SIGNALLING_CASCADE",0.610603290676417,0.837670485542826,0.0645031249656493,-0.241437907027602,-0.900402673964087,49,"reactome","Ptpn11; Fgfr3; Flt3; Mapk1; Pik3r1; Pik3c3; Pdpk1; Insr; Grb2; Gab1; Kras; Pik3r4; Fgf1; Pik3r2; Sos1; Fgf9; Pde3b","gastrocnemius","RR-9","GLDS-326","Stat_(Space Flight)v(Ground Control)",1,"flight_positive"
"REACTOME_INTEGRATION_OF_ENERGY_METABOLISM",0.514190317195326,0.802472889429411,0.0684714904492087,-0.223513018443991,-0.970817199308012,101,"reactome","Pfkfb1; Kcns3; Gng5; Cacnb2; Kcnc2; Acsl4; Ahcyl1; Acsl3; Ppp2ca; Adcy6; Prkacb; Prkab2; Rapgef4; Cd36; Acly; Rap1a; Itpr3; Adcy1; Prkaa2; Adcy5; Gna14; Gnai2; Prkag2; Prkar2b; Prkar1b; Acacb; Gnai1","gastrocnemius","RR-9","GLDS-326","Stat_(Space Flight)v(Ground Control)",1,"flight_positive"
"REACTOME_INTEGRIN_CELL_SURFACE_INTERACTIONS",0.147110332749562,0.509411184602044,0.151148761385484,-0.295336910081178,-1.21495152210456,77,"reactome","Itgav; Col3a1; Col6a3; Fn1; Agrn; Lum; Col7a1; Itga4; Itga2; Itgb1; Col6a2; Col8a1; Itgb2; Itga8; Col6a5; Itgb7; Col5a1; Col4a6; Itgal; Vcam1; Itga6; Itgax; Col1a2; Cd44; Col4a5; Col6a6; Itgam; Col10a1; Col4a4; F11r","gastrocnemius","RR-9","GLDS-326","Stat_(Space Flight)v(Ground Control)",1,"flight_positive"
"REACTOME_INTEGRIN_SIGNALING",0.113207547169811,0.459875974703751,0.181383128498408,-0.422217162932846,-1.33710505543501,24,"reactome","Crk; Fn1; Ptpn1; Rap1b; Rapgef4; Pdpk1; Grb2; Src; Rap1a","gastrocnemius","RR-9","GLDS-326","Stat_(Space Flight)v(Ground Control)",1,"flight_positive"
"REACTOME_INTERACTIONS_OF_REV_WITH_HOST_CELLULAR_PROTEINS",0.184981684981685,0.565515436944008,0.136490437780413,-0.353117786648004,-1.21128635118309,34,"reactome","Xpo1; Nup160; Npm1; Nup93; Rcc1; Nup88; Nup107; Ranbp2; Nup37; Nup35","gastrocnemius","RR-9","GLDS-326","Stat_(Space Flight)v(Ground Control)",1,"flight_positive"
"REACTOME_INTERACTIONS_OF_VPR_WITH_HOST_CELLULAR_PROTEINS",0.22140221402214,0.625066936685198,0.12384217120105,-0.345360189998191,-1.17474446590067,33,"reactome","Slc25a5; Nup160; Nup93; Nup88; Slc25a4; Nup107; Ranbp2; Nup37; Nup35","gastrocnemius","RR-9","GLDS-326","Stat_(Space Flight)v(Ground Control)",1,"flight_positive"
"REACTOME_INTERACTION_BETWEEN_L1_AND_ANKYRINS",0.670967741935484,0.856724921087074,0.0678338263479455,0.250042008655718,0.853812649904134,28,"reactome","Ank3; Ank1; Sptb; Sptbn2; Sptbn4; Scn3a; Scn4a","gastrocnemius","RR-9","GLDS-326","Stat_(Space Flight)v(Ground Control)",1,"flight_positive"
"REACTOME_INTERCONVERSION_OF_NUCLEOTIDE_DI_AND_TRIPHOSPHATES",0.757518796992481,0.891753592188841,0.0555947097758869,-0.249763616747547,-0.809110083451461,26,"reactome","Dctd; Ctps2; Txnrd1; Glrx; Nme1; Rrm1; Txn1","gastrocnemius","RR-9","GLDS-326","Stat_(Space Flight)v(Ground Control)",1,"flight_positive"
"REACTOME_INTERFERON_ALPHA_BETA_SIGNALING",0.580498866213152,0.822074209208504,0.0778840111977068,0.231712968375427,0.942532770711489,59,"reactome","Ubc; Socs1; Irf7; Socs3; Uba52; Isg15; Ifitm3; Irf8; Ifitm2; Ifnar1; Egr1; Kpnb1; Rsad2; Tyk2; Oas1a; Oas1g; Ifit3","gastrocnemius","RR-9","GLDS-326","Stat_(Space Flight)v(Ground Control)",1,"flight_positive"
"REACTOME_INTERFERON_GAMMA_SIGNALING",0.292982456140351,0.684745220382369,0.102080107662747,-0.260644407465359,-1.08763105416073,85,"reactome","Jak2; H2-Eb1; Trim3; Ptpn11; Irf5; Gbp3; Mapk1; Irf1; Ptpn1; H2-M2; Trim17; B2m; Gbp7; H2-Aa; Gbp4; Ybx1; Ifngr2; H2-D1; Vcam1; Mid1; Irf4; Cd44; Gbp10; Camk2g; Ifi30; Trim26","gastrocnemius","RR-9","GLDS-326","Stat_(Space Flight)v(Ground Control)",1,"flight_positive"
"REACTOME_INTERFERON_SIGNALING",0.15927750410509,0.529276178237412,0.139599673451922,-0.234796899551117,-1.13834999127701,235,"reactome","Jak2; Nup160; Flna; H2-Eb1; Hspa5; Trim3; Ifi44; Ilf3; Eif2s3x; Npm1; Kpna3; Ptpn11; Hspa1b; Irf5; Nck1; Nup93; Gbp3; Mapk1; Kpna4; Ppp2ca; Irf1; Nup88; Ptpn1; Tarbp2; H2-M2; Fancg; Flnb; Mavs; Prkra; Hspa1a; Eif4a2; Stat2; Abce1; Trim17; Nup107; B2m; Gbp7; H2-Aa; Gbp4; Fancc; Map2k6; Ifih1; Ranbp2; Ybx1; Cdk1; Nup37; Ifngr2; Nup35","gastrocnemius","RR-9","GLDS-326","Stat_(Space Flight)v(Ground Control)",1,"flight_positive"
"REACTOME_INTERLEUKIN_10_SIGNALING",0.333948339483395,0.696469383650559,0.0972150808846466,-0.312330429561558,-1.06239356557495,33,"reactome","Tnf; Timp1; Ccr2; Il1r1; Il10; Ccl22; Ccr1","gastrocnemius","RR-9","GLDS-326","Stat_(Space Flight)v(Ground Control)",1,"flight_positive"
"REACTOME_INTERLEUKIN_12_FAMILY_SIGNALING",0.231192660550459,0.631061598951507,0.120433371642259,-0.31067744997346,-1.15273572571354,48,"reactome","Jak2; Canx; Mtap; Rap1b; Hnrnpa2b1; Capza1; Gsto1; Il10; Lcp1; Il27; Il12rb1; Hnrnpf; Hnrnpdl","gastrocnemius","RR-9","GLDS-326","Stat_(Space Flight)v(Ground Control)",1,"flight_positive"
"REACTOME_INTERLEUKIN_12_SIGNALING",0.222423146473779,0.626296754544589,0.122107920287081,-0.323670904072345,-1.1610038075152,40,"reactome","Jak2; Mtap; Rap1b; Hnrnpa2b1; Capza1; Gsto1; Il10; Lcp1; Il12rb1; Hnrnpf; Hnrnpdl","gastrocnemius","RR-9","GLDS-326","Stat_(Space Flight)v(Ground Control)",1,"flight_positive"
"REACTOME_INTERLEUKIN_17_SIGNALING",0.68735632183908,0.860451283029114,0.0699458736501659,0.209890293260367,0.880404630940808,68,"reactome","Ubc; Fos; Map2k7; Map3k7; Cul1; Rps6ka2; Rps6ka3; Uba52; Ppp2r1a; Map2k3; Map3k8; Creb1; Mapk10; Mapk9; Mapk3; Tab1; Ikbkg; Rps6ka1","gastrocnemius","RR-9","GLDS-326","Stat_(Space Flight)v(Ground Control)",1,"flight_positive"
"REACTOME_INTERLEUKIN_1_FAMILY_SIGNALING",0.389952153110048,0.746192575913938,0.103576326612592,0.223916051482598,1.03362011644059,124,"reactome","Ubc; Psmc4; Psmc3; Sem1; Smad3; Psmb3; Psmb6; Map3k7; Cul1; Nfkbib; Psmd2; Nfkb2; Psmd11; Psmc5; Uba52; Psmd1; Psmb5; Ptpn12; Traf2; Psmb4; Psmb1; Adrm1; Trp53; Ptpn14; Rbx1; Psmc2; Map3k8","gastrocnemius","RR-9","GLDS-326","Stat_(Space Flight)v(Ground Control)",1,"flight_positive"
"REACTOME_INTERLEUKIN_1_SIGNALING",0.0926829268292683,0.418441905938047,0.231126709673834,0.284792631316535,1.25673424831703,97,"reactome","Ubc; Psmc4; Psmc3; Sem1; Psmb3; Psmb6; Map3k7; Cul1; Nfkbib; Psmd2; Nfkb2; Psmd11; Psmc5; Uba52; Psmd1; Psmb5; Traf2; Psmb4; Psmb1; Adrm1; Trp53; Rbx1; Psmc2; Map3k8","gastrocnemius","RR-9","GLDS-326","Stat_(Space Flight)v(Ground Control)",1,"flight_positive"
"REACTOME_INTERLEUKIN_20_FAMILY_SIGNALING",0.516423357664234,0.802472889429411,0.0727141077934447,-0.334626497862961,-0.956458862844178,16,"reactome","Jak2; Ptpn11; Stat2; Jak3","gastrocnemius","RR-9","GLDS-326","Stat_(Space Flight)v(Ground Control)",1,"flight_positive"
"REACTOME_INTERLEUKIN_2_FAMILY_SIGNALING",0.300184162062615,0.690230799155,0.103576326612592,-0.306385358678951,-1.08041488772367,37,"reactome","Jak2; Sos2; Pik3r1; Il15; Grb2; Jak3; Il21r; Havcr2; Il15ra; Pik3r2; Sos1; Ptpn6; Syk","gastrocnemius","RR-9","GLDS-326","Stat_(Space Flight)v(Ground Control)",1,"flight_positive"
"REACTOME_INTERLEUKIN_37_SIGNALING",0.493601462522852,0.800732512789602,0.0751181635276301,-0.324685059316988,-0.958338244871027,18,"reactome","Ptpn4; Ptpn11; Tbk1","gastrocnemius","RR-9","GLDS-326","Stat_(Space Flight)v(Ground Control)",1,"flight_positive"
"REACTOME_INTERLEUKIN_3_INTERLEUKIN_5_AND_GM_CSF_SIGNALING",0.318385650224215,0.696469383650559,0.112378519110475,0.286436429087238,1.07787262016387,43,"reactome","Ubc; Stat5b; Tec; Pik3r3; Stat5a; Prkaca; Pik3ca; Uba52","gastrocnemius","RR-9","GLDS-326","Stat_(Space Flight)v(Ground Control)",1,"flight_positive"
"REACTOME_INTERLEUKIN_4_AND_INTERLEUKIN_13_SIGNALING",0.490848585690516,0.800164037246104,0.070619624712259,-0.225380394666211,-0.97835525655996,100,"reactome","Jak2; Fn1; Tnf; Mcl1; Ighg2c; Itgb1; Pik3r1; Ccnd1; Timp1; Il10; Ccl22; Tgfb1; Lama5; Jak3; Itgb2; Cd36; Hmox1; Vegfa; F13a1; Socs5; Sox2; Saa1; Vcam1; Hgf; Irf4; Itgax; Fasl; Hsp90b1; Il1b; Col1a2; Itgam; Pomc; Mmp3; Alox15","gastrocnemius","RR-9","GLDS-326","Stat_(Space Flight)v(Ground Control)",1,"flight_positive"
"REACTOME_INTERLEUKIN_6_FAMILY_SIGNALING",0.549718574108818,0.811567464675306,0.0709609456938284,-0.295413542400602,-0.924612662534688,23,"reactome","Jak2; Ptpn11; Lifr; Cbl","gastrocnemius","RR-9","GLDS-326","Stat_(Space Flight)v(Ground Control)",1,"flight_positive"
"REACTOME_INTERLEUKIN_7_SIGNALING",0.0743099787685775,0.37347294938918,0.241339976815091,0.416209614814946,1.4228418436366,27,"reactome","Stat5b; Socs1; H3c10; Pik3r3; Stat5a; Cish","gastrocnemius","RR-9","GLDS-326","Stat_(Space Flight)v(Ground Control)",1,"flight_positive"
"REACTOME_INTERLEUKIN_RECEPTOR_SHC_SIGNALING",0.479323308270677,0.796822976235862,0.0780892306943345,-0.318921816941318,-0.983832687654543,22,"reactome","Jak2; Pik3r1; Grb2; Jak3; Pik3r2; Sos1; Ptpn6; Csf2ra; Il2ra","gastrocnemius","RR-9","GLDS-326","Stat_(Space Flight)v(Ground Control)",1,"flight_positive"
"REACTOME_INTRACELLULAR_SIGNALING_BY_SECOND_MESSENGERS",0.024616614423005,0.2179904692114,0.352487857583619,0.248872961179112,1.28478812249648,290,"reactome","Fgfr1; Ubc; Cdkn1a; Adcy2; Rps6kb2; Gsk3b; Erbb3; Psmc4; Psmc3; Sem1; Egfr; Akt2; Akt1s1; Tsc2; Psmb3; Psmb6; Slc38a9; Csnk2b; Prkar2a; Lamtor2; Pik3r3; Calm1; Camk2b; Lamtor4; Prkaca; Prkce; Usp13; Camk2a; Psmd2; Tnrc6a; Bad; Pik3ca; Psmd11; Psmc5; Flt3l; Uba52; Pdgfa; Psmd1; Adcy9; Hdac5; Prex2; Rragb; Psmb5; Erbb2; Maf1; Psmb4; Psmb1; Ppp2r1a; Adrm1; Adcy3; Gsk3a; Ago3; Trp53; Ago4; Fgfr4; Frs2; Itpr1; Foxo1; Pdgfb; Hdac3; Psmc2; Nr4a1; Mta1; Pik3cd; Tnrc6b; Sall4; Creb1; Icos; Camk4; Egf; Adcy8; Egr1; Rictor; Mapkap1","gastrocnemius","RR-9","GLDS-326","Stat_(Space Flight)v(Ground Control)",1,"flight_positive"
"REACTOME_INTRAFLAGELLAR_TRANSPORT",0.44097995545657,0.776614093913427,0.0919686140000427,0.264222639206216,1.00448412805652,45,"reactome","Wdr19; Ift20; Dynlrb1; Dync2i1; Ift122; Ift46; Ift172; Dynlt2a2; Kif3a; Ttc21b","gastrocnemius","RR-9","GLDS-326","Stat_(Space Flight)v(Ground Control)",1,"flight_positive"
"REACTOME_INTRA_GOLGI_AND_RETROGRADE_GOLGI_TO_ER_TRAFFIC",0.57672849915683,0.822074209208504,0.0633597010643758,-0.202489020788348,-0.960754246790467,186,"reactome","Snap29; Tmed7; Vps45; Kifap3; Kif16b; Kif20b; Pafah1b1; Copb1; Cog5; Vamp4; Tmed2; Trip11; Kif21a; Cenpe; Naa30; Kif3b; Rab1a; Cog1; Kif3c; Rab43; Vamp3; Capza1; Kif26b; Cog8; Man1a; Rab3gap2; Capza2; Kif26a; Pafah1b3; Man1a2; Rab18; Golga4; Usp6nl; Dync1i1; Rab3gap1; Tuba1b; Cyth1; Zw10; Cyth2; Arf4; Kif18a; Arf5; Tgoln1; Arfrp1; Tmed10; Dctn4","gastrocnemius","RR-9","GLDS-326","Stat_(Space Flight)v(Ground Control)",1,"flight_positive"
"REACTOME_INTRA_GOLGI_TRAFFIC",0.695810564663024,0.862774286495646,0.0580983576873206,-0.238047692199904,-0.858604475948174,41,"reactome","Snap29; Vps45; Cog5; Trip11; Cog1; Cog8; Man1a; Man1a2","gastrocnemius","RR-9","GLDS-326","Stat_(Space Flight)v(Ground Control)",1,"flight_positive"
"REACTOME_INTRINSIC_PATHWAY_FOR_APOPTOSIS",0.129662522202487,0.48372513562387,0.163180127180689,-0.324532095636635,-1.23821279699728,54,"reactome","Apaf1; Ywhaq; C1qbp; Mapk1; Gzmb; Gsdmd; Tfdp1; Bcl2l11; Xiap; Ppp1r13b; Casp7; Ywhah; Cycs","gastrocnemius","RR-9","GLDS-326","Stat_(Space Flight)v(Ground Control)",1,"flight_positive"
"REACTOME_INTRINSIC_PATHWAY_OF_FIBRIN_CLOT_FORMATION",0.123042505592841,0.470198146372643,0.190023305279108,0.444514678406262,1.33315782424276,17,"reactome","Vwf; Serpinc1; Serping1; Gp1ba; F10; Kng2","gastrocnemius","RR-9","GLDS-326","Stat_(Space Flight)v(Ground Control)",1,"flight_positive"
"REACTOME_INWARDLY_RECTIFYING_K_CHANNELS",0.153191489361702,0.519291434117933,0.16440575583821,0.376462489177001,1.27559849390461,26,"reactome","Gng2; Gng7; Abcc8; Gnb2; Kcnj15; Kcnj12; Gng11; Gng12; Kcnj11; Gngt2; Gng10; Gabbr2; Gng4","gastrocnemius","RR-9","GLDS-326","Stat_(Space Flight)v(Ground Control)",1,"flight_positive"
"REACTOME_ION_CHANNEL_TRANSPORT",0.0582591810536945,0.364545752792123,0.321775918075361,0.27955227128487,1.32246519733339,148,"reactome","Ubc; Atp1a2; Fxyd1; Atp9a; Atp2a1; Ano8; Atp10a; Casq2; Atp11a; Scnn1a; Asic3; Ryr1; Atp6v1b1; Atp8b2; Atp6v1f; Raf1; Calm1; Trpm4; Camk2b; Mcoln2; Camk2a; Wnk4; Ano6; Atp6v1d; Atp13a1; Atp6v0d1; Uba52; Trdn; Slc9b2; Atp6v1a; Asph; Atp6v0e2; Atp1b2; Trpv3; Asic2; Casq1; Atp7b; Ttyh2; Atp13a2; Scnn1b; Stoml3; Trpv1; Atp9b","gastrocnemius","RR-9","GLDS-326","Stat_(Space Flight)v(Ground Control)",1,"flight_positive"
"REACTOME_ION_HOMEOSTASIS",0.056044204407911,0.354836087079673,0.321775918075361,0.353195433403757,1.41191408175809,52,"reactome","Atp1a2; Fxyd1; Slc8a1; Atp2a1; Casq2; Ryr1; Calm1; Camk2b; Prkaca; Camk2a; Slc8a3; Stim1; Trdn; Asph; Atp1b2; Itpr1; Casq1","gastrocnemius","RR-9","GLDS-326","Stat_(Space Flight)v(Ground Control)",1,"flight_positive"
"REACTOME_ION_TRANSPORT_BY_P_TYPE_ATPASES",0.0859030837004405,0.401381220783718,0.227987202850442,0.344140097737401,1.31716082667551,46,"reactome","Atp1a2; Fxyd1; Atp9a; Atp2a1; Atp10a; Atp11a; Atp8b2; Calm1; Camk2b; Camk2a; Atp13a1","gastrocnemius","RR-9","GLDS-326","Stat_(Space Flight)v(Ground Control)",1,"flight_positive"
"REACTOME_IRAK4_DEFICIENCY_TLR2_4",0.650092081031308,0.850364947070292,0.0618406035753285,-0.3121124403073,-0.868927209010278,15,"reactome","Tlr1; Cd36; Btk","gastrocnemius","RR-9","GLDS-326","Stat_(Space Flight)v(Ground Control)",1,"flight_positive"
"REACTOME_IRE1ALPHA_ACTIVATES_CHAPERONES",0.526508226691042,0.806255713898044,0.0718276293603809,-0.259326961459193,-0.96711693869242,49,"reactome","Hspa5; Extl1; Edem1; Dnajb9; Ern1","gastrocnemius","RR-9","GLDS-326","Stat_(Space Flight)v(Ground Control)",1,"flight_positive"
"REACTOME_IRON_UPTAKE_AND_TRANSPORT",0.546697038724374,0.811567464675306,0.0813027345384498,0.236778282685172,0.949533444428976,54,"reactome","Ubc; Nedd8; Atp6v1b1; Cul1; Atp6v1f; Atp6v1d; Atp6v0d1; Uba52; Atp6v1a; Atp6v0e2; Hmox2; Heph; Tcirg1; Flvcr1; Tfr2; Atp6v0a2; Atp6v1e1; Mcoln1; Atp6v1b2","gastrocnemius","RR-9","GLDS-326","Stat_(Space Flight)v(Ground Control)",1,"flight_positive"
"REACTOME_IRS_MEDIATED_SIGNALLING",0.615107913669065,0.838996948272679,0.0633597010643758,-0.249589208843769,-0.913662078588921,43,"reactome","Ptpn11; Fgfr3; Flt3; Pik3r1; Pik3c3; Pdpk1; Grb2; Gab1; Kras; Pik3r4; Fgf1; Pik3r2; Sos1; Fgf9; Pde3b","gastrocnemius","RR-9","GLDS-326","Stat_(Space Flight)v(Ground Control)",1,"flight_positive"
"REACTOME_ISG15_ANTIVIRAL_MECHANISM",0.333333333333333,0.696469383650559,0.111918316325105,0.258236157228083,1.07275101635012,66,"reactome","Ubc; Eif4g3; Eif4a3; Ube2l6; Nup85; Nup214; Pin1; Aaas; Uba52; Isg15; Nup210","gastrocnemius","RR-9","GLDS-326","Stat_(Space Flight)v(Ground Control)",1,"flight_positive"
"REACTOME_JNK_C_JUN_KINASES_PHOSPHORYLATION_AND_ACTIVATION_MEDIATED_BY_ACTIVATED_HUMAN_TAK1",0.263829787234043,0.661692710271812,0.121543282035469,0.363494951688017,1.16213786395072,22,"reactome","Ubc; Map2k7; Map3k7; Uba52; Mapk10; Mapk9; Tab1; Ikbkg; Nod2; Irak1","gastrocnemius","RR-9","GLDS-326","Stat_(Space Flight)v(Ground Control)",1,"flight_positive"
"REACTOME_KEAP1_NFE2L2_PATHWAY",0.0640394088669951,0.369228114823042,0.282013350011725,0.290631779390782,1.30611263946535,111,"reactome","Ubc; Cdkn1a; Amer1; Gsk3b; Psmc4; Psmc3; Sem1; Akt2; Psmb3; Psmb6; Csnk2b; Cul1; Psmd2; Brca1; Psmd11; Psmc5; Uba52; Map1lc3b; Pdgfa; Psmd1; Psmb5; Psmb4; Psmb1; Adrm1","gastrocnemius","RR-9","GLDS-326","Stat_(Space Flight)v(Ground Control)",1,"flight_positive"
"REACTOME_KERATAN_SULFATE_BIOSYNTHESIS",0.366737739872068,0.724926071431615,0.10027910675413,0.314865519441598,1.05281051197308,25,"reactome","B4galt5; St3gal1; Fmod; St3gal3; St3gal4; B4galt1; Chst5","gastrocnemius","RR-9","GLDS-326","Stat_(Space Flight)v(Ground Control)",1,"flight_positive"
"REACTOME_KERATAN_SULFATE_DEGRADATION",0.425414364640884,0.766811849380657,0.0833634065110386,-0.369098383340486,-1.0275772018907,15,"reactome","Glb1l; Lum; Glb1l2; Acan; Hexb; Ogn","gastrocnemius","RR-9","GLDS-326","Stat_(Space Flight)v(Ground Control)",1,"flight_positive"
"REACTOME_KERATAN_SULFATE_KERATIN_METABOLISM",0.721739130434783,0.88092352345488,0.0647943366000727,0.239159536325726,0.84655372846097,33,"reactome","B4galt5; St3gal1; Fmod; St3gal3; St3gal4; B4galt1; Chst5; Gns; Glb1l3; Hexa; B3gnt3","gastrocnemius","RR-9","GLDS-326","Stat_(Space Flight)v(Ground Control)",1,"flight_positive"
"REACTOME_KERATINIZATION",0.63003663003663,0.83987832373712,0.0630790410571939,-0.261693480618916,-0.897677073353619,34,"reactome","Pcsk6; Krt10; Krt75; Perp; Cdsn; Krt84; Ppl; Kazn; Krt8; St14; Pkp4; Ivl; Krt7; Klk13; Krt80","gastrocnemius","RR-9","GLDS-326","Stat_(Space Flight)v(Ground Control)",1,"flight_positive"
"REACTOME_KIDNEY_DEVELOPMENT",0.931860036832412,0.961772225810162,0.0451344222209097,-0.200318731108585,-0.692815083864869,35,"reactome","Ctnnb1; Robo2; Itgb1; Ret; Itga8; Dll1; Pcdh19; Slit2; Irx1; Jag1; Eya1","gastrocnemius","RR-9","GLDS-326","Stat_(Space Flight)v(Ground Control)",1,"flight_positive"
"REACTOME_KINESINS",0.353369763205829,0.713888971054647,0.0931454575337804,-0.283647132757413,-1.06219073709318,50,"reactome","Kifap3; Kif16b; Kif20b; Kif21a; Cenpe; Kif3b; Kif3c; Kif26b; Kif26a","gastrocnemius","RR-9","GLDS-326","Stat_(Space Flight)v(Ground Control)",1,"flight_positive"
"REACTOME_KSRP_KHSRP_BINDS_AND_DESTABILIZES_MRNA",0.886861313868613,0.950791433403006,0.0469758727821845,-0.243138901395728,-0.694960974780238,16,"reactome","Dcp2; Mapk14; Exosc9","gastrocnemius","RR-9","GLDS-326","Stat_(Space Flight)v(Ground Control)",1,"flight_positive"
"REACTOME_L1CAM_INTERACTIONS",0.829145728643216,0.920504033697437,0.0650877566917313,0.187700391275221,0.833134895433247,107,"reactome","Fgfr1; Ap2s1; Egfr; Ank3; Ap2a2; Ank1; Csnk2b; Sptb; Rps6ka2; Dnm2; Numb; Rps6ka3; Ap2m1; Vav2; Sptbn2; Sptbn4; Tuba8; Scn3a; Map2k2; Clta; Tubb4a; Scn4a; Mapk3; Chl1; Ezr; Rps6ka1; Itga9; Itga1; Actb","gastrocnemius","RR-9","GLDS-326","Stat_(Space Flight)v(Ground Control)",1,"flight_positive"
"REACTOME_LAGGING_STRAND_SYNTHESIS",0.826401446654611,0.920504033697437,0.0497903187820785,-0.249120767781982,-0.758211947234212,20,"reactome","Rpa3; Rfc5; Prim1; Pold3; Fen1; Pcna","gastrocnemius","RR-9","GLDS-326","Stat_(Space Flight)v(Ground Control)",1,"flight_positive"
"REACTOME_LAMININ_INTERACTIONS",0.0024924072695597,0.0592639061873085,0.431707695803346,-0.555665339391242,-1.87019404465709,30,"reactome","Itgav; Lamc3; Col7a1; Itga2; Itgb1; Lama5; Lamc1; Lama1; Lama2; Col4a6; Nid1; Lama3; Itga6","gastrocnemius","RR-9","GLDS-326","Stat_(Space Flight)v(Ground Control)",1,"flight_positive"
"REACTOME_LATE_ENDOSOMAL_MICROAUTOPHAGY",0.407725321888412,0.760361269026224,0.0943563635421779,0.29546272009026,1.02677812357669,30,"reactome","Ubc; Chmp2a; Uba52; Plin3; Park7; Vps28; Plin2; Hbb-bt","gastrocnemius","RR-9","GLDS-326","Stat_(Space Flight)v(Ground Control)",1,"flight_positive"
"REACTOME_LATE_SARS_COV_2_INFECTION_EVENTS",0.00029999805160169,0.0118888116745855,0.49849310876659,0.440772857856463,1.84886332389113,68,"reactome","Ubc; St6galnac3; Gsk3b; Man1b1; Ano8; St3gal1; Tmem258; Parp10; Magt1; Mogs; Ano6; Zdhhc9; Uba52; St6galnac4; Dad1; St3gal3; Gsk3a; Ddost; St3gal4; Parp4; Prmt1; Ube2i; Tmprss2","gastrocnemius","RR-9","GLDS-326","Stat_(Space Flight)v(Ground Control)",1,"flight_positive"
"REACTOME_LDL_CLEARANCE",0.328193832599119,0.696469383650559,0.109250039480711,0.377379723886067,1.11808781916072,16,"reactome","Ap2s1; Lipa; Ap2a2; Ap2m1; Clta; Ldlr","gastrocnemius","RR-9","GLDS-326","Stat_(Space Flight)v(Ground Control)",1,"flight_positive"
"REACTOME_LEISHMANIA_INFECTION",0.274410774410774,0.675451747810305,0.103576326612592,-0.235140548592951,-1.08881022052891,157,"reactome","Myh2; Crk; Wipf1; Gng5; Fyn; Nck1; Ahcyl1; Ighg2c; Wasl; Mapk1; Adcy6; Gsdmd; Prkacb; Adam17; Abi1; Prkx; Nckap1; Il10; Mapk14; Actr2; Grb2; Src; Gnai3; Btk; Iglc1; Fcgr4; Hmox1; Mefv; Itpr3; Adcy1; Adcy5; Actg1; Mapk8; Iglc2; Gnai2; Casp1; Txn1; Prkar2b; Prkar1b; Plk2; Gnai1; Wasf3; Il1b; Actr3; Entpd5; Wnt5a; Arpc5; Wasf1; Syk; Abl1; Gnb5; Arpc1b; Nckap1l","gastrocnemius","RR-9","GLDS-326","Stat_(Space Flight)v(Ground Control)",1,"flight_positive"
"REACTOME_LISTERIA_MONOCYTOGENES_ENTRY_INTO_HOST_CELLS",0.175406871609403,0.553502808158439,0.139599673451922,-0.41408354695719,-1.2602847014779,20,"reactome","Met; Ctnnb1; Sh3kbp1; Cbl; Grb2; Src; Stam2","gastrocnemius","RR-9","GLDS-326","Stat_(Space Flight)v(Ground Control)",1,"flight_positive"
"REACTOME_LONG_TERM_POTENTIATION",0.835189309576837,0.922242065270605,0.0589694466690997,0.249310890169284,0.766247451229948,20,"reactome","Calm1; Camk2b; Camk2a","gastrocnemius","RR-9","GLDS-326","Stat_(Space Flight)v(Ground Control)",1,"flight_positive"
"REACTOME_LYSOSOME_VESICLE_BIOGENESIS",0.38695652173913,0.744682514857679,0.0982123351217438,0.3030519901072,1.05527695026799,31,"reactome","Chmp2a; Bloc1s1; Cltb; Dnm2; Ap1b1; Gns; Ap1s1; Clta; Vamp8","gastrocnemius","RR-9","GLDS-326","Stat_(Space Flight)v(Ground Control)",1,"flight_positive"
"REACTOME_MAP2K_AND_MAPK_ACTIVATION",0.543278084714549,0.810911189741273,0.070619624712259,-0.269179813998072,-0.949215980072175,37,"reactome","Fn1; Mapk1; Lamtor3; Rap1b; Vcl; Ksr2; Src; Kras; Rap1a; Map2k1; Actg1","gastrocnemius","RR-9","GLDS-326","Stat_(Space Flight)v(Ground Control)",1,"flight_positive"
"REACTOME_MAP3K8_TPL2_DEPENDENT_MAPK1_3_ACTIVATION",0.469162995594714,0.794310767858139,0.0878312634480124,0.329443013070406,0.976062561678152,16,"reactome","Ubc; Cul1; Uba52; Map3k8","gastrocnemius","RR-9","GLDS-326","Stat_(Space Flight)v(Ground Control)",1,"flight_positive"
"REACTOME_MAPK1_MAPK3_SIGNALING",0.144329896907216,0.50633767111712,0.188204146308491,0.224020979139845,1.13212027064756,247,"reactome","Fgfr1; Ubc; Dusp10; Rasal3; Abhd17a; Ksr1; Vwf; Il6st; Erbb3; Prkg2; Psmc4; Psmc3; Sem1; Egfr; Psmb3; Psmb6; Raf1; Lamtor2; Calm1; Camk2b; Mras; Sptb; Prkcq; Camk2a; Psmd2; Ptk2; Zdhhc9; Pik3ca; Psmd11; Psmc5; Flt3l; Uba52; Pdgfa; Psmd1; Dusp2; Psmb5; Erbb2; Fntb; Psmb4; Psmb1; Ppp2r1a; Adrm1; Sptbn2; Arl2; Dab2ip; Sptbn4","gastrocnemius","RR-9","GLDS-326","Stat_(Space Flight)v(Ground Control)",1,"flight_positive"
"REACTOME_MAPK6_MAPK4_SIGNALING",0.0311391794950853,0.243203810655046,0.352487857583619,0.344133895444483,1.449060198737,74,"reactome","Ubc; Psmc4; Psmc3; Sem1; Psmb3; Cdc42ep5; Psmb6; Prkaca; Psmd2; Tnrc6a; Psmd11; Psmc5; Uba52; Psmd1; Psmb5; Psmb4; Psmb1; Adrm1; Cdc42ep2; Ago3; Ago4; Foxo1; Psmc2; Tnrc6b","gastrocnemius","RR-9","GLDS-326","Stat_(Space Flight)v(Ground Control)",1,"flight_positive"
"REACTOME_MAPK_FAMILY_SIGNALING_CASCADES",0.16624685138539,0.539782227940801,0.172324344900946,0.21495573878168,1.11154278716685,284,"reactome","Fgfr1; Ubc; Dusp10; Rasal3; Abhd17a; Ksr1; Vwf; Il6st; Erbb3; Prkg2; Psmc4; Psmc3; Sem1; Egfr; Psmb3; Cdc42ep5; Psmb6; Raf1; Lamtor2; Calm1; Camk2b; Prkaca; Mras; Sptb; Prkcq; Camk2a; Psmd2; Ptk2; Tnrc6a; Zdhhc9; Pik3ca; Psmd11; Psmc5; Flt3l; Uba52; Pdgfa; Psmd1; Dusp2; Psmb5; Erbb2; Fntb; Psmb4; Psmb1; Ppp2r1a; Adrm1; Cdc42ep2; Sptbn2; Arl2; Dab2ip; Sptbn4; Ago3; Ago4; Fgfr4; Frs2; Rbx1; Foxo1; Pdgfb; Psmc2; Braf; Nras; Hras; Tnrc6b","gastrocnemius","RR-9","GLDS-326","Stat_(Space Flight)v(Ground Control)",1,"flight_positive"
"REACTOME_MAPK_TARGETS_NUCLEAR_EVENTS_MEDIATED_BY_MAP_KINASES",0.798892988929889,0.91174270574366,0.0522693317499306,-0.229827647705867,-0.777896691780367,31,"reactome","Dusp7; Mapk1; Mef2a; Ppp2ca; Mapk14","gastrocnemius","RR-9","GLDS-326","Stat_(Space Flight)v(Ground Control)",1,"flight_positive"
"REACTOME_MATERNAL_TO_ZYGOTIC_TRANSITION_MZT",0.790697674418605,0.909727431857965,0.0636424081651019,0.19669919778888,0.841957897212301,78,"reactome","Pabpn1; Eif4a3; Yap1; Cnot3; H2ax; H3c10; Rps2; Cnot6l; H2az2; H1f8; H2ac19; Trp53","gastrocnemius","RR-9","GLDS-326","Stat_(Space Flight)v(Ground Control)",1,"flight_positive"
"REACTOME_MATURATION_OF_SARS_COV_2_NUCLEOPROTEIN",0.0849673202614379,0.400506751893121,0.227987202850442,0.493977075943499,1.4479084503329,15,"reactome","Gsk3b; Parp10; Gsk3a; Parp4; Prmt1; Ube2i","gastrocnemius","RR-9","GLDS-326","Stat_(Space Flight)v(Ground Control)",1,"flight_positive"
"REACTOME_MATURATION_OF_SARS_COV_2_SPIKE_PROTEIN",0.00944835312322323,0.131669874453421,0.380730400722792,0.451241046548119,1.65980492594149,38,"reactome","St6galnac3; Man1b1; St3gal1; Tmem258; Magt1; Mogs; Zdhhc9; St6galnac4; Dad1; St3gal3; Ddost; St3gal4","gastrocnemius","RR-9","GLDS-326","Stat_(Space Flight)v(Ground Control)",1,"flight_positive"
"REACTOME_MATURATION_OF_TCA_ENZYMES_AND_REGULATION_OF_TCA_CYCLE",0.00332201625885031,0.0740532791035381,0.431707695803346,-0.629041436034662,-1.90012375889753,19,"reactome","Sdha; Sdhd; Isca2; Isca1; Idh2; Acat1; Nfs1; Fxn; Aco2; Sdhaf4; Sdhc; Sdhaf3","gastrocnemius","RR-9","GLDS-326","Stat_(Space Flight)v(Ground Control)",1,"flight_positive"
"REACTOME_MECHANICAL_LOAD_ACTIVATES_SIGNALING_BY_PIEZO1_AND_INTEGRINS_IN_OSTEOCYTES",0.111711711711712,0.459875974703751,0.178219874951973,-0.459207410783864,-1.33882165556952,17,"reactome","Itgav; Cacnb2; Itgb1; Gja1; Cacna2d1; Piezo1; Cacnb3; Spp1; P2rx7; Akt1; Panx1; Hspg2; Itga5","gastrocnemius","RR-9","GLDS-326","Stat_(Space Flight)v(Ground Control)",1,"flight_positive"
"REACTOME_MECP2_REGULATES_NEURONAL_RECEPTORS_AND_CHANNELS",0.0967153284671533,0.426644397800197,0.193813302725311,-0.479180108454654,-1.36963469586853,16,"reactome","Met; Ptpn4; Sin3a; Ptpn1; Gprin1","gastrocnemius","RR-9","GLDS-326","Stat_(Space Flight)v(Ground Control)",1,"flight_positive"
"REACTOME_MEIOSIS",0.337182448036952,0.697588502466551,0.110564716336619,0.245148441834175,1.05363805282266,79,"reactome","Stag2; Stag1; H2ax; Dmc1; H3c10; Sun1; Msh5; Brca1; H2az2; Terf2; Mlh3; Syce2; H2ac19; Sun2; Terf2ip; Rec8; Top3a; H4c4; Ube2i; Mnd1","gastrocnemius","RR-9","GLDS-326","Stat_(Space Flight)v(Ground Control)",1,"flight_positive"
"REACTOME_MEIOTIC_RECOMBINATION",0.862815884476534,0.939801766644987,0.0477342401407188,-0.203374635660866,-0.767349172715732,52,"reactome","Rad50; Rpa3; Fignl1; Atm; H4c16; H4c14; Msh4; H3f3a; H2ac10; H4c8","gastrocnemius","RR-9","GLDS-326","Stat_(Space Flight)v(Ground Control)",1,"flight_positive"
"REACTOME_MEIOTIC_SYNAPSIS",0.140969162995595,0.499460279487703,0.175204047558551,0.324703445482973,1.24276903937852,46,"reactome","Stag2; Stag1; H2ax; Sun1; Brca1; H2az2; Terf2; Syce2; H2ac19; Sun2; Terf2ip; Rec8; H4c4; Ube2i","gastrocnemius","RR-9","GLDS-326","Stat_(Space Flight)v(Ground Control)",1,"flight_positive"
"REACTOME_METABOLIC_DISORDERS_OF_BIOLOGICAL_OXIDATION_ENZYMES",0.864406779661017,0.939954526663911,0.0550211117163117,0.221825005793338,0.729128735686413,24,"reactome","Cyp26b1; Fdx2; Acy1; Ggt1; Cyp4f39; Slc35d1","gastrocnemius","RR-9","GLDS-326","Stat_(Space Flight)v(Ground Control)",1,"flight_positive"
"REACTOME_METABOLISM_OF_AMINO_ACIDS_AND_DERIVATIVES",1.53314426872593e-11,1.17176026252625e-09,0.863415391606693,0.416338063661763,2.14931423888531,290,"reactome","Rps27; Rps26; Rpl28; Rpl27a; Rps17; Rpl21; Rpl17; Rpl14; Rpl18a; Rpl24; Rpl27; Rpl19; Rpl6; Rpl15; Asl; Rpl22; Pnmt; Rpl26; Oaz3; Rpsa; Rps11; Rps16; Txn2; Dbt; Rpl32; Psmc4; Rps18; Rpl13a; Rps28; Rpl13; Rpl35; Rpl37a; Rps6; Rps29; Rpl7; Rps15a; Rpl8; Rpl35a; Rps19; Psmc3; Fau; Sem1; Rpl3l; Rpl36; Rpl31; Rpl29; Psmb3; Hsd17b10; Rps25; Psmb6; Aimp1; Rps15; Rpl18; Rps2; Auh; Rpl12; Rpl7a; Rpl36a; Rps12; Rps21; Rpl5; Rpl38; Rpl10; Aldh7a1; Rps20; Rpl23; Gpt2; Carns1; Mri1; Mars1; Psmd2; Glul; Rps14; Rplp1; Rps3a1; Psmd11; Psmc5; Grhpr; Uba52; Sardh; Rps5; Psmd1; Sephs2; Mrps36; Psmb5; Gcdh; Rps7; Bcat2; Psmb4; Psmb1; Adrm1; Slc25a44","gastrocnemius","RR-9","GLDS-326","Stat_(Space Flight)v(Ground Control)",1,"flight_positive"
"REACTOME_METABOLISM_OF_CARBOHYDRATES_AND_CARBOHYDRATE_DERIVATIVES",0.263843648208469,0.661692710271812,0.103958471559957,-0.220148636071431,-1.07735421710156,247,"reactome","Gck; Hk2; Pck1; Pgk1; Pfkfb1; Glb1l; Nup160; Naglu; Sord; Slc35d2; Agrn; Pfkfb2; Pygb; Lum; Nup93; Pfkfb4; Chpf; Xylt2; Dsel; Ndst2; Ppp2ca; Nup88; Nhlrc1; Phkb; Glb1l2; Hs2st1; Prkacb; Pygl; Phka1; Galm; Ust; Cspg4; Ncan; Nup107; Gbe1; Slc35b3; Papss1; Ranbp2; Chsy3; Papss2; Uxs1; Nup37; Hs6st2; Nup35; B4galt4; Pgm2l1; Aldoc; Idua; Dcn; Chst2; Glce; Fut4; Hmmr; Acan; Gnpda1; Pfkm; B4galt3; Slc26a2; Gys1; B3galt1; Chp1; Prps1; Gys2; Hexb; Hyal1; Ogn; Cd44; Cemip; Chst1; Csgalnact1","gastrocnemius","RR-9","GLDS-326","Stat_(Space Flight)v(Ground Control)",1,"flight_positive"
"REACTOME_METABOLISM_OF_COFACTORS",0.0769230769230769,0.381054131054131,0.222056046145248,-0.428620507828655,-1.37523478033765,25,"reactome","Coq7; Pdss1; Coq2; Coq8b; Coq6; Gchfr; Gch1; Coq9","gastrocnemius","RR-9","GLDS-326","Stat_(Space Flight)v(Ground Control)",1,"flight_positive"
"REACTOME_METABOLISM_OF_FAT_SOLUBLE_VITAMINS",0.961467889908257,0.97428613053613,0.0435378240914002,-0.18638848010511,-0.653218759168986,36,"reactome","Agrn; Gpihbp1; Vkorc1l1; Apom; Lpl; Lrp1; Apoc2","gastrocnemius","RR-9","GLDS-326","Stat_(Space Flight)v(Ground Control)",1,"flight_positive"
"REACTOME_METABOLISM_OF_FOLATE_AND_PTERINES",0.537444933920705,0.808317632683035,0.080419996876154,0.313703616565336,0.929430412679673,16,"reactome","Aldh1l1; Mthfs; Shmt2; Slc19a1","gastrocnemius","RR-9","GLDS-326","Stat_(Space Flight)v(Ground Control)",1,"flight_positive"
"REACTOME_METABOLISM_OF_NITRIC_OXIDE_NOS3_ACTIVATION_AND_REGULATION",0.460850111856823,0.786458723583415,0.0897104652742981,0.332128244076585,0.996096166790768,17,"reactome","Calm1; Dnm2; Nmt2; Nosip; Nmt1; Ddah1","gastrocnemius","RR-9","GLDS-326","Stat_(Space Flight)v(Ground Control)",1,"flight_positive"
"REACTOME_METABOLISM_OF_NUCLEOTIDES",0.287037037037037,0.682510288065844,0.121543282035469,0.248852347278203,1.08439338000791,85,"reactome","Nt5c2; Entpd6; Ampd1; Nt5c; Dctpp1; Ppat; Aprt; Entpd1; Nudt16; Impdh2; Nme4; Gart; Dguok; Nme3; Ak8; Nudt5; Ak4; Upp1; Dhodh; Uckl1","gastrocnemius","RR-9","GLDS-326","Stat_(Space Flight)v(Ground Control)",1,"flight_positive"
"REACTOME_METABOLISM_OF_POLYAMINES",0.198237885462555,0.589531680440771,0.14551614609036,0.307703212918003,1.17770239783872,46,"reactome","Oaz3; Psmc4; Psmc3; Sem1; Psmb3; Psmb6; Psmd2; Psmd11; Psmc5; Psmd1; Psmb5; Psmb4; Psmb1; Adrm1; Paox; Psmc2; Smox","gastrocnemius","RR-9","GLDS-326","Stat_(Space Flight)v(Ground Control)",1,"flight_positive"
"REACTOME_METABOLISM_OF_PORPHYRINS",0.459662288930582,0.786458723583415,0.0802023444698144,-0.320411547282304,-1.00285373321784,23,"reactome","Alas1; Ugt1a5; Blvra; Slco1b2; Hmox1; Blvrb","gastrocnemius","RR-9","GLDS-326","Stat_(Space Flight)v(Ground Control)",1,"flight_positive"
"REACTOME_METABOLISM_OF_STEROIDS",0.787414965986395,0.907968834374759,0.0491927521045191,-0.193564177911845,-0.865662497358964,125,"reactome","Hsd11b1; Stard6; Osbpl2; Sec24a; Ncoa6; Baat; Osbpl3; Lss; Stard5; Hsd17b4; Hsd17b7; Star; Slco1b2; Stard3; Ppara; Sc5d; Scd1; Srd5a3; Cubn; Vdr; Cyp46a1; Cyp27a1; Slc27a2; Srd5a1; Cyp11a1; Sp1; Sar1b; Slc27a5; Acacb; Cyp39a1; Ran; Acot8; Cyp27b1; Mbtps1; Cyp2r1; Chd9; Pomc; Fdft1; Nfyb; Amacr; Insig2; Ggps1; Acox2","gastrocnemius","RR-9","GLDS-326","Stat_(Space Flight)v(Ground Control)",1,"flight_positive"
"REACTOME_METABOLISM_OF_STEROID_HORMONES",0.652908067542214,0.851671504822549,0.0625237414724762,-0.273456133111446,-0.855888329519247,23,"reactome","Hsd11b1; Stard6; Star; Stard3; Srd5a3; Srd5a1; Cyp11a1","gastrocnemius","RR-9","GLDS-326","Stat_(Space Flight)v(Ground Control)",1,"flight_positive"
"REACTOME_METABOLISM_OF_VITAMINS_AND_COFACTORS",0.0221686211637196,0.211457625265872,0.352487857583619,-0.287924621123086,-1.35764335589015,172,"reactome","Coq7; Aox1; Pdxk; Slc19a2; Agrn; Shmt1; Pdss1; Mccc2; Mtr; Coq2; Coasy; Coq8b; Coq6; Gchfr; Gpihbp1; Nampt; Mmadhc; Nmnat3; Enpp2; Tpk1; Mmachc; Mthfd2; Slc25a42; Nadsyn1; Gsto1; Ppcdc; Vkorc1l1; Pank1; Mmut; Slc23a2; Gch1; Pcca; Rfk; Apom; Coq9; Lpl; Nfs1; Aldh1l2; Lrp1; Amn; Apoc2; Cubn","gastrocnemius","RR-9","GLDS-326","Stat_(Space Flight)v(Ground Control)",1,"flight_positive"
"REACTOME_METABOLISM_OF_WATER_SOLUBLE_VITAMINS_AND_COFACTORS",0.0722689075630252,0.369658078182867,0.216542836735348,-0.285111536679205,-1.26273134869388,112,"reactome","Aox1; Pdxk; Slc19a2; Shmt1; Mccc2; Mtr; Coasy; Nampt; Mmadhc; Nmnat3; Enpp2; Tpk1; Mmachc; Mthfd2; Slc25a42; Nadsyn1; Gsto1; Ppcdc; Pank1; Mmut; Slc23a2; Pcca; Rfk; Nfs1; Aldh1l2; Amn; Cubn","gastrocnemius","RR-9","GLDS-326","Stat_(Space Flight)v(Ground Control)",1,"flight_positive"
"REACTOME_METALLOPROTEASE_DUBS",0.714821763602251,0.878780954680279,0.0582216241124161,-0.257076503841557,-0.824833489842832,25,"reactome","Psmd14; Brcc3; Mysm1; Ep300; Stambp; H2ac10; Kat2b","gastrocnemius","RR-9","GLDS-326","Stat_(Space Flight)v(Ground Control)",1,"flight_positive"
"REACTOME_METAL_ION_SLC_TRANSPORTERS",0.723562152133581,0.881040448013964,0.0571258510018113,-0.265494590176383,-0.812709334813275,21,"reactome","Slc30a5; Slc30a1; Slc31a1; Slc39a6; Slc11a2; Slc40a1; Slc11a1; Slc39a14","gastrocnemius","RR-9","GLDS-326","Stat_(Space Flight)v(Ground Control)",1,"flight_positive"
"REACTOME_MET_ACTIVATES_PTK2_SIGNALING",0.000863787088170311,0.0281177565239828,0.477270815362862,-0.581669281828065,-1.95771510245103,30,"reactome","Col3a1; Met; Fn1; Lamc3; Itga2; Itgb1; Src; Lama5; Lamc1; Col11a1; Lama1; Lama2; Col5a1; Hgf; Lama3","gastrocnemius","RR-9","GLDS-326","Stat_(Space Flight)v(Ground Control)",1,"flight_positive"
"REACTOME_MET_PROMOTES_CELL_MOTILITY",1.38066183976641e-05,0.000703480080261933,0.593325476396405,-0.590242196462127,-2.12892041545307,41,"reactome","Crk; Col3a1; Met; Fn1; Lamc3; Itga2; Itgb1; Rap1b; Grb2; Src; Lama5; Lamc1; Gab1; Col11a1; Lama1; Rap1a; Lama2; Col5a1; Hgf; Lama3","gastrocnemius","RR-9","GLDS-326","Stat_(Space Flight)v(Ground Control)",1,"flight_positive"
"REACTOME_MHC_CLASS_II_ANTIGEN_PRESENTATION",0.628140703517588,0.83987832373712,0.0791316651768349,0.210073131559837,0.930968952109229,106,"reactome","Kif5a; Ap2s1; Ap2a2; Rab7; Dync1i2; Klc1; Lag3; Dnm2; Dctn5; Ap2m1; Dync1h1; Ap1b1; Sptbn2; Kif3a; Kif22; Tuba8; Actr1a; Klc2; Sec24c; Ap1s1; Clta; Dctn6; Lgmn; Tubb4a; Ctsa; Dctn2; Actr10","gastrocnemius","RR-9","GLDS-326","Stat_(Space Flight)v(Ground Control)",1,"flight_positive"
"REACTOME_MICRORNA_MIRNA_BIOGENESIS",0.890566037735849,0.950791433403006,0.0483117581055019,-0.217528704424341,-0.688884194966452,24,"reactome","Ago1; Tarbp2; Polr2l; Prkra; Polr2k; Polr2d; Ran; Polr2a; Polr2b; Polr2g; Ago2","gastrocnemius","RR-9","GLDS-326","Stat_(Space Flight)v(Ground Control)",1,"flight_positive"
"REACTOME_MISCELLANEOUS_TRANSPORT_AND_BINDING_EVENTS",0.805194805194805,0.913851280399871,0.0521630305460055,-0.251154000170508,-0.768811147069555,21,"reactome","Nipal1; Mmgt1; Slc66a1; Lrrc8d; Ank; Ctns; Nipal2; Nipa1; Tusc3; Nipa2","gastrocnemius","RR-9","GLDS-326","Stat_(Space Flight)v(Ground Control)",1,"flight_positive"
"REACTOME_MISMATCH_REPAIR",0.499079189686924,0.800732512789602,0.0749278818393739,-0.34796570476683,-0.968743406628205,15,"reactome","Rpa3; Exo1; Pold3; Msh3; Msh2; Pcna; Mlh1","gastrocnemius","RR-9","GLDS-326","Stat_(Space Flight)v(Ground Control)",1,"flight_positive"
"REACTOME_MITF_M_DEPENDENT_GENE_EXPRESSION",0.129032258064516,0.48372513562387,0.195789002148949,0.270846578077385,1.20253022435482,101,"reactome","Cdkn1a; Bcl7c; Dpf3; Smarce1; Pxn; Akt2; Tert; Ss18l1; Smarcd3; Atp6v1f; Smarcb1; Tnrc6a; Atp6v1d; Atp6v0d1; Brca1; Smarcc2; Mcm2; Atp6v1a; Atp6v0e2; Ago3; Arid1a; Ago4; Hint1","gastrocnemius","RR-9","GLDS-326","Stat_(Space Flight)v(Ground Control)",1,"flight_positive"
"REACTOME_MITF_M_REGULATED_MELANOCYTE_DEVELOPMENT",0.0680315630001479,0.369228114823042,0.287805130535564,0.2744455853216,1.29175717348512,139,"reactome","Cdkn1a; Bcl7c; Zic1; Gsk3b; Dpf3; Foxd3; Smarce1; Tfeb; Pxn; Akt2; Tert; Ss18l1; Aimp1; Smarcd3; Atp6v1f; Mars1; Smarcb1; Tnrc6a; Mc5r; Atp6v1d; Atp6v0d1; Brca1; Tfe3; Smarcc2; Tfec; Mcm2; Atp6v1a; Atp6v0e2; Ago3; Arid1a; Ago4","gastrocnemius","RR-9","GLDS-326","Stat_(Space Flight)v(Ground Control)",1,"flight_positive"
"REACTOME_MITOCHONDRIAL_BIOGENESIS",0.30122591943958,0.690230799155,0.10027910675413,-0.262453330902056,-1.07967566185079,77,"reactome","Mtx2; Atp5pb; Dmac2l; Alas1; Sirt5; Ncoa6; Immt; Perm1; Tfb2m; Prkab2; Mapk14; Idh2; Cycs; Apoo; Polg2; Ppara; Hcfc1; Tfam; Chchd3","gastrocnemius","RR-9","GLDS-326","Stat_(Space Flight)v(Ground Control)",1,"flight_positive"
"REACTOME_MITOCHONDRIAL_CALCIUM_ION_TRANSPORT",0.595864661654135,0.83033401889092,0.0670512579829467,-0.291853063419038,-0.900329072929486,22,"reactome","Yme1l1; Vdac1; Micu3; Mcub; Afg3l2; Maip1","gastrocnemius","RR-9","GLDS-326","Stat_(Space Flight)v(Ground Control)",1,"flight_positive"
"REACTOME_MITOCHONDRIAL_FATTY_ACID_BETA_OXIDATION",0.165745856353591,0.539782227940801,0.14551614609036,-0.351621921249033,-1.21610679895343,35,"reactome","Hadh; Ndufab1; Acadm; Hadhb; Acaa2; Acads; Mmut; Pcca; Acadl; Acad10; Acbd7; Acot2; Acot9; Eci1","gastrocnemius","RR-9","GLDS-326","Stat_(Space Flight)v(Ground Control)",1,"flight_positive"
"REACTOME_MITOCHONDRIAL_PROTEIN_DEGRADATION",0.0401448238622401,0.29624111401791,0.321775918075361,-0.334742674133905,-1.39328448724892,82,"reactome","Dld; Slc25a5; Pdhb; Cox5a; Yme1l1; Hadh; Oxct1; Ndufb6; Alas1; Clpx; Ndufs1; Triap1; Idh3a; Idh2; Mdh2; Afg3l2; Star; Uqcrc2; Mrpl32; Opa1; Acat1; Tfam; Hmgcs2; Aco2","gastrocnemius","RR-9","GLDS-326","Stat_(Space Flight)v(Ground Control)",1,"flight_positive"
"REACTOME_MITOCHONDRIAL_PROTEIN_IMPORT",0.760907504363002,0.891753592188841,0.0519512476197082,-0.212042511941993,-0.834293541547238,60,"reactome","Mtx2; Timm8a1; Slc25a12; Cyc1; Timm21; Coq2; Vdac1","gastrocnemius","RR-9","GLDS-326","Stat_(Space Flight)v(Ground Control)",1,"flight_positive"
"REACTOME_MITOCHONDRIAL_TRANSLATION",0.0303258179896937,0.242187435913538,0.352487857583619,0.318782907971572,1.39681142441611,93,"reactome","Mrps21; Mrpl23; Dap3; Mrps35; Mrps26; Mrpl54; Mrpl33; Aurkaip1; Mrps36; Mrpl37; Mrpl27; Mrpl38; Mrpl58; Mrps16; Mrpl20; Mrpl57; Mrpl49; Mrpl51; Mrpl13; Mrpl10; Mrpl24; Mrps11; Mrps23; Mrps28; Mrpl40; Mrps15; Mrpl34; Mrps34; Mrps18b; Mrps10; Mrpl16; Mrpl21; Mrpl53; Mrpl46; Mrrf; Mrpl11; Mrpl22; Mrps24","gastrocnemius","RR-9","GLDS-326","Stat_(Space Flight)v(Ground Control)",1,"flight_positive"
"REACTOME_MITOCHONDRIAL_TRNA_AMINOACYLATION",0.120658135283364,0.469469835466179,0.172324344900946,-0.459444258833843,-1.35609259493838,18,"reactome","Hars2; Yars2; Cars2; Mars2","gastrocnemius","RR-9","GLDS-326","Stat_(Space Flight)v(Ground Control)",1,"flight_positive"
"REACTOME_MITOCHONDRIAL_UNFOLDED_PROTEIN_RESPONSE_UPRMT",0.206204379562044,0.597936818784246,0.128142916898415,-0.431029743352192,-1.23200709092526,16,"reactome","Cat; Dnaja1; Hspa1b; Hspa1a","gastrocnemius","RR-9","GLDS-326","Stat_(Space Flight)v(Ground Control)",1,"flight_positive"
"REACTOME_MITOPHAGY",0.0931263858093126,0.418677448806574,0.219250346703755,0.353417070913335,1.30690338608392,39,"reactome","Map1lc3a; Ubc; Atg9a; Csnk2b; Tomm7; Ube2l3; Uba52; Map1lc3b; Tomm6; Optn; Atg5","gastrocnemius","RR-9","GLDS-326","Stat_(Space Flight)v(Ground Control)",1,"flight_positive"
"REACTOME_MITOTIC_G1_PHASE_AND_G1_S_TRANSITION",0.542997542997543,0.810911189741273,0.0857844408075645,0.204830662582768,0.964362689197332,137,"reactome","Ubc; Cdkn1a; Psmc4; Psmc3; Sem1; Akt2; Psmb3; Psmb6; Cul1; Psmd2; Psmd11; Psmc5; Uba52; Psmd1; Psmb5; Mcm2; Ccnh; Lin37; Psmb4; Psmb1; Ppp2r1a; Adrm1","gastrocnemius","RR-9","GLDS-326","Stat_(Space Flight)v(Ground Control)",1,"flight_positive"
"REACTOME_MITOTIC_G2_G2_M_PHASES",0.263546798029557,0.661692710271812,0.132147260608774,0.223530977073791,1.0893714918378,180,"reactome","Ubc; Cdkn1a; Aurka; Psmc4; Psmc3; Sem1; Csnk1d; Haus7; Sdccag8; Psmb3; Psmb6; Dync1i2; Cul1; Tpx2; Tubg1; Prkaca; Mzt2; Psmd2; Mapre1; Psmd11; Psmc5; Uba52; Psmd1; Dync1h1; Psmb5; Ccnh; Lin37; Psmb4; Psmb1; Ppp2r1a; Adrm1; Cdk11b; Tubg2; Trp53; Lcmt1; Optn; Tuba8; Actr1a; Rbx1","gastrocnemius","RR-9","GLDS-326","Stat_(Space Flight)v(Ground Control)",1,"flight_positive"
"REACTOME_MITOTIC_METAPHASE_AND_ANAPHASE",0.323456790123457,0.696469383650559,0.11776578836269,0.21091509135081,1.05114156205769,210,"reactome","Rps27; Ubc; Chmp2a; Cenpt; Psmc4; Psmc3; Sem1; Stag2; Spc24; Stag1; Psmb3; Hdac8; Psmb6; Dync1i2; Nup85; Mad1l1; Psmd2; Mapre1; Vps4a; Anapc15; Itgb3bp; Psmd11; Psmc5; Uba52; Psmd1; Ska2; Dync1h1; Psmb5; Psmb4; Psmb1; Ppp2r1a; Adrm1; Anapc4; Banf1; Mis12; Anapc5; Tuba8; Nup133; Rangap1; Psmc2; Cc2d1b; Ube2s; B9d2; Emd; Cdc23; Nup62; Tubb4a; Ube2d1; Ube2i","gastrocnemius","RR-9","GLDS-326","Stat_(Space Flight)v(Ground Control)",1,"flight_positive"
"REACTOME_MITOTIC_PROMETAPHASE",0.153846153846154,0.519291434117933,0.143758989039275,-0.240984859997404,-1.1483607633972,191,"reactome","Taok1; Xpo1; Cdk5rap2; Nedd1; Nup160; Ercc6l; Pafah1b1; Ncaph; Ahctf1; Nek9; Ndel1; Cenpe; Csnk2a1; Odf2; Ppp2ca; Cep76; Cep72; Nme7; Ccp110; Haus5; Haus1; Pcm1; Cep152; Nup107; Cenpf; Clasp2; Ranbp2; Sgo2a; Cdc20; Tubgcp5; Cdk1; Nup37; Haus6; Cep57; Smc3; Zwint; Mzt1; Mad2l1; Ywhag; Nsl1; Cenpq; Sfi1; Cep70; Dync1i1; Plk4; Tubgcp3; Tuba1b; Pcnt; Zw10; Cep250; Prkar2b; Kif18a; Bub3","gastrocnemius","RR-9","GLDS-326","Stat_(Space Flight)v(Ground Control)",1,"flight_positive"
"REACTOME_MITOTIC_PROPHASE",0.5,0.800898203592814,0.0702812841717392,-0.223983850558204,-0.980206633148757,105,"reactome","Kmt5a; Nup160; Blzf1; Gorasp2; Nek9; Nup93; Mapk1; Ppp2ca; Nup88; Rab1a; Rb1; H4c16; H4c14; Nup107; Ranbp2; Cdk1; Nup37; Nup35; H3f3a; H2ac10; H4c8","gastrocnemius","RR-9","GLDS-326","Stat_(Space Flight)v(Ground Control)",1,"flight_positive"
"REACTOME_MITOTIC_SPINDLE_CHECKPOINT",0.660596026490066,0.851964379256155,0.0560595875032335,-0.207008244971173,-0.909268054939421,107,"reactome","Taok1; Xpo1; Nup160; Ercc6l; Pafah1b1; Ahctf1; Ndel1; Cenpe; Ppp2ca; Nup107; Cenpf; Anapc10; Cdc27; Clasp2; Ranbp2; Sgo2a; Cdc20; Nup37; Zwint; Mad2l1; Nsl1; Cenpq; Dync1i1; Zw10; Kif18a; Bub3; Cenpk","gastrocnemius","RR-9","GLDS-326","Stat_(Space Flight)v(Ground Control)",1,"flight_positive"
"REACTOME_MODULATION_OF_HOST_RESPONSES_BY_IFN_STIMULATED_GENES",0.728102189781022,0.88109030353184,0.0560595875032335,-0.285372527701977,-0.815676836938901,16,"reactome","Hspa5; Ifi44","gastrocnemius","RR-9","GLDS-326","Stat_(Space Flight)v(Ground Control)",1,"flight_positive"
"REACTOME_MOLECULES_ASSOCIATED_WITH_ELASTIC_FIBRES",0.10865561694291,0.454146523941068,0.183023938384487,-0.384648601259959,-1.33033167425551,35,"reactome","Itgav; Fn1; Gdf5; Emilin2; Bmp7; Mfap5; Itgb1; Tgfb1; Itga8","gastrocnemius","RR-9","GLDS-326","Stat_(Space Flight)v(Ground Control)",1,"flight_positive"
"REACTOME_MRNA_CAPPING",0.0369442722566809,0.276436163039501,0.321775918075361,0.453026826573165,1.57280212408086,29,"reactome","Gtf2h5; Polr2j; Gtf2h4; Ercc3; Gtf2f1; Polr2e; Gtf2h3; Polr2f; Ccnh; Ncbp2; Gtf2f2; Rngtt; Ncbp1","gastrocnemius","RR-9","GLDS-326","Stat_(Space Flight)v(Ground Control)",1,"flight_positive"
"REACTOME_MRNA_DECAY_BY_5_TO_3_EXORIBONUCLEASE",0.202614379084967,0.591634329436261,0.142901149386948,0.420160641809206,1.23154327072948,15,"reactome","Lsm6; Lsm2; Lsm7","gastrocnemius","RR-9","GLDS-326","Stat_(Space Flight)v(Ground Control)",1,"flight_positive"
"REACTOME_MRNA_SPLICING",0.00118845808500575,0.0374014750281221,0.45505986738723,0.3070978084316,1.53048920298631,210,"reactome","Lsm6; Snrpd1; Sart1; Polr2j; Snrnp48; Eif4a3; Bud31; Ubl5; Cwc25; Lsm2; Snrpd2; Rbm8a; Zcrb1; Ppih; Pqbp1; Cactin; Gtf2f1; Mfap1a; Polr2e; Ppil1; Lsm7; Acin1; Snrpg; Casc3; Ddx39b; Sap18; Puf60; Zmat5; Srrm1; Sf3a2; Nsrp1; Nkap; Fus; Prkrip1; Snrpd3; Syf2; Hnrnpr; Polr2f; Txnl4a; Ncbp2; Snrpf; U2af2; Gtf2f2; Rbm17; Ppil2; Dhx8; Ccdc12; Srsf4; Snrnp70; Cdc40; Snrnp27; Dhx38; Snrpa; Sf3b5; Rbmx2; Ncbp1; Sf3b6; Gcfc2; Gpatch1; Phf5a; Snrnp35; Pcbp2; Dnajc8; Lsm4; Ccar1; Lsm3; Prpf19","gastrocnemius","RR-9","GLDS-326","Stat_(Space Flight)v(Ground Control)",1,"flight_positive"
"REACTOME_MRNA_SPLICING_MINOR_PATHWAY",0.0618101545253863,0.369228114823042,0.271288554688953,0.34692060563567,1.37261748091291,50,"reactome","Snrpd1; Polr2j; Snrnp48; Snrpd2; Zcrb1; Gtf2f1; Polr2e; Snrpg; Zmat5; Snrpd3; Polr2f; Txnl4a; Ncbp2; Snrpf; Gtf2f2; Sf3b5; Ncbp1; Sf3b6","gastrocnemius","RR-9","GLDS-326","Stat_(Space Flight)v(Ground Control)",1,"flight_positive"
"REACTOME_MTORC1_MEDIATED_SIGNALLING",0.324152542372881,0.696469383650559,0.107554375265169,0.333184862711842,1.09516353591473,24,"reactome","Rps6; Akt1s1; Slc38a9; Lamtor2; Lamtor4; Rragb","gastrocnemius","RR-9","GLDS-326","Stat_(Space Flight)v(Ground Control)",1,"flight_positive"
"REACTOME_MTOR_SIGNALLING",0.0684326710816777,0.369228114823042,0.257206466468838,0.36718499174331,1.36987375468777,41,"reactome","Rps6; Stk11; Akt2; Akt1s1; Tsc2; Prkag3; Slc38a9; Lamtor2; Lamtor4; Tsc1; Rragb","gastrocnemius","RR-9","GLDS-326","Stat_(Space Flight)v(Ground Control)",1,"flight_positive"
"REACTOME_MUSCLE_CONTRACTION",0.00731855242955221,0.114018093527766,0.407017918923954,-0.308740315334477,-1.45824015686514,177,"reactome","Tnnt1; Tnnc1; Myl2; Tnni1; Atp2a2; Tpm3; Myl3; Myh6; Atp1b1; Slc8a2; Kcnk3; Cacnb2; Actc1; Actn2; Fgf13; Nos1; Ahcyl1; Myl4; Tmod2; Mybpc1; Myh3; Neb; Myl1","gastrocnemius","RR-9","GLDS-326","Stat_(Space Flight)v(Ground Control)",1,"flight_positive"
"REACTOME_MYD88_INDEPENDENT_TLR4_CASCADE",0.580808080808081,0.822074209208504,0.0835990603684159,0.214281608306472,0.9548152212723,108,"reactome","Ubc; Fos; Map2k7; Map3k7; Cul1; Nfkbib; Rps6ka2; Irf7; Rps6ka3; Nfkb2; Uba52; Sarm1; Traf2; Ppp2r1a; Trp53; Ikbke; Optn; Map2k3; Map3k8; Creb1; Mapk10; Birc3; Rela; Ube2d1; Mapk9; Tlr4; Mapk3; Tab1; S100b; Ikbkg; Rps6ka1","gastrocnemius","RR-9","GLDS-326","Stat_(Space Flight)v(Ground Control)",1,"flight_positive"
"REACTOME_MYOGENESIS",0.0349969353713298,0.265720785024832,0.321775918075361,-0.455502464432164,-1.5104739665079,28,"reactome","Spag9; Cdh2; Ctnnb1; Myod1; Mef2a; Tcf12; Cdh4; Mapk14; Bnip2; Map2k6; Myf5; Ctnna2","gastrocnemius","RR-9","GLDS-326","Stat_(Space Flight)v(Ground Control)",1,"flight_positive"
"REACTOME_M_DECAY_DEGRADATION_OF_MATERNAL_MRNAS_BY_MATERNALLY_STORED_FACTORS",0.745726495726496,0.885601942760655,0.0623861492893626,0.234459782014763,0.813988977107074,29,"reactome","Eif4a3; Cnot3; Rps2; Cnot6l","gastrocnemius","RR-9","GLDS-326","Stat_(Space Flight)v(Ground Control)",1,"flight_positive"
"REACTOME_M_PHASE",0.634146341463415,0.841856805664831,0.0770736734944102,0.181245354380161,0.955596406687892,353,"reactome","Rps27; Ubc; Chmp2a; Cenpt; Psmc4; Psmc3; Sem1; Stag2; Spc24; Csnk1d; Stag1; H2ax; Haus7; Sdccag8; Psmb3; Hdac8; Psmb6; H3c10; Csnk2b; Dync1i2; Lpin2; Tubg1; Nup85; Prkaca; Mzt2; Mad1l1; Psmd2; Mapre1; Vps4a; Nup214; Anapc15; Aaas; Itgb3bp; H2az2; Psmd11; Psmc5; Uba52; Rab2a; Psmd1; Nup210; Ska2; Dync1h1; Arpp19; Psmb5; Psmb4; Psmb1; Ppp2r1a; Adrm1; Ppp2r2d; Anapc4; H2ac19; Lpin1; Tubg2; Ncapd2; Ncaph2; Banf1; Mis12; Anapc5; Golga2; Tuba8; Actr1a; Nup133; Rangap1; Nek6; Psmc2; Cc2d1b; Ube2s; B9d2; Emd; H4c4; Cdc23; Cep41; Nup62; Tubb4a; Ube2d1; Dctn2; Ube2i","gastrocnemius","RR-9","GLDS-326","Stat_(Space Flight)v(Ground Control)",1,"flight_positive"
"REACTOME_NA_CL_DEPENDENT_NEUROTRANSMITTER_TRANSPORTERS",0.10865561694291,0.454146523941068,0.183023938384487,-0.486278253206183,-1.35380827801935,15,"reactome","Slc6a9; Slc22a2; Slc6a7; Slc6a2; Slc6a1; Slc6a13; Slc6a11; Slc22a1","gastrocnemius","RR-9","GLDS-326","Stat_(Space Flight)v(Ground Control)",1,"flight_positive"
"REACTOME_NCAM1_INTERACTIONS",0.506329113924051,0.802472889429411,0.0732558655828455,-0.270262142922344,-0.969427195995119,40,"reactome","Col3a1; Col6a3; Cacnb2; Agrn; Col6a2; Ncan; Col6a5; Col5a1; Col4a5; Col6a6; Cacnb3; St8sia4; Col4a4","gastrocnemius","RR-9","GLDS-326","Stat_(Space Flight)v(Ground Control)",1,"flight_positive"
"REACTOME_NCAM_SIGNALING_FOR_NEURITE_OUT_GROWTH",0.655536028119508,0.851671504822549,0.059221919380382,-0.226086514351275,-0.889966017818935,61,"reactome","Col3a1; Col6a3; Cacnb2; Agrn; Fyn; Mapk1; Col6a2; Ncan; Ptpra; Grb2; Src; Kras; Col6a5; Col5a1","gastrocnemius","RR-9","GLDS-326","Stat_(Space Flight)v(Ground Control)",1,"flight_positive"
"REACTOME_NEDDYLATION",0.1375,0.492056856187291,0.190023305279108,0.230970616632826,1.16157000057187,227,"reactome","Dcaf4; Ubc; Cdkn1a; Fbxw7; Amer1; Nedd8; Psmc4; Spsb3; Psmc3; Sem1; Psmb3; Fbxo41; Psmb6; Commd4; Cul1; Dcaf10; Psmd2; Cish; Elob; Klhl3; Zbtb16; Brca1; Ccdc22; Socs3; Asb3; Psmd11; Psmc5; Uba52; Asb16; Psmd1; Fbxo32; Dda1; Fbxo17; Psmb5; Asb7; Wdtc1; Psmb4; Psmb1; Adrm1; Lmo7; Senp8; Fbxl12; Lrrc41; Cul9; Spsb2; Commd7; Cops7b; Fbxo7; Asb2","gastrocnemius","RR-9","GLDS-326","Stat_(Space Flight)v(Ground Control)",1,"flight_positive"
"REACTOME_NEF_MEDIATES_DOWN_MODULATION_OF_CELL_SURFACE_RECEPTORS_BY_RECRUITING_THEM_TO_CLATHRIN_ADAPTERS",0.851717902350814,0.93303147797987,0.0484087618816951,-0.242065613935498,-0.73673922144099,20,"reactome","Atp6v1h; Ap2a1; Ap1s2; B2m","gastrocnemius","RR-9","GLDS-326","Stat_(Space Flight)v(Ground Control)",1,"flight_positive"
"REACTOME_NEGATIVE_EPIGENETIC_REGULATION_OF_RRNA_EXPRESSION",0.244186046511628,0.64994793474488,0.133554954557592,0.264864242554081,1.11527587672822,74,"reactome","Gtf2h5; Gtf2h4; Ercc3; H2ax; H3c10; Polr2e; Sap18; H2az2; Gtf2h3; Polr2f; Ccnh; Sap30bp; H2ac19; Polr1e; Arid4b; H4c4; Polr1h; Ubtf; Taf1a; Polr1c; Hdac2; H3c4","gastrocnemius","RR-9","GLDS-326","Stat_(Space Flight)v(Ground Control)",1,"flight_positive"
"REACTOME_NEGATIVE_REGULATION_OF_FGFR1_SIGNALING",0.619354838709677,0.839512084119504,0.0718276293603809,0.25980190813546,0.88713955238103,28,"reactome","Fgfr1; Ubc; Uba52; Ppp2r1a; Frs2; Braf","gastrocnemius","RR-9","GLDS-326","Stat_(Space Flight)v(Ground Control)",1,"flight_positive"
"REACTOME_NEGATIVE_REGULATION_OF_FGFR2_SIGNALING",0.569029850746269,0.822035709540836,0.0689567351672811,-0.275684555254575,-0.927867147527845,30,"reactome","Ptpn11; Mapk1; Ppp2ca; Spry2; Cbl; Grb2; Src","gastrocnemius","RR-9","GLDS-326","Stat_(Space Flight)v(Ground Control)",1,"flight_positive"
"REACTOME_NEGATIVE_REGULATION_OF_FGFR3_SIGNALING",0.310734463276836,0.695235148514851,0.102821842840815,-0.340433041781117,-1.11827150622554,27,"reactome","Ptpn11; Fgfr3; Mapk1; Ppp2ca; Spry2; Cbl; Grb2; Src","gastrocnemius","RR-9","GLDS-326","Stat_(Space Flight)v(Ground Control)",1,"flight_positive"
"REACTOME_NEGATIVE_REGULATION_OF_FGFR4_SIGNALING",0.536312849162011,0.808317632683035,0.0718276293603809,-0.286409203669113,-0.949750395861759,28,"reactome","Ptpn11; Mapk1; Ppp2ca; Spry2; Cbl; Grb2; Src","gastrocnemius","RR-9","GLDS-326","Stat_(Space Flight)v(Ground Control)",1,"flight_positive"
"REACTOME_NEGATIVE_REGULATION_OF_MAPK_PATHWAY",0.470588235294118,0.795465105473469,0.0870515867946735,0.25771283918881,0.973139115852602,42,"reactome","Ubc; Dusp10; Ksr1; Raf1; Uba52; Dusp2; Ppp2r1a; Braf; Nras; Hras; Map2k2; Ppp2r5e; Brap; Mapk3","gastrocnemius","RR-9","GLDS-326","Stat_(Space Flight)v(Ground Control)",1,"flight_positive"
"REACTOME_NEGATIVE_REGULATION_OF_MET_ACTIVITY",0.309833024118738,0.695235148514851,0.102080107662747,-0.366550915628848,-1.12205431612752,21,"reactome","Met; Ptpn1; Sh3kbp1; Cbl; Grb2; Stam2; Lrig1; Hgf","gastrocnemius","RR-9","GLDS-326","Stat_(Space Flight)v(Ground Control)",1,"flight_positive"
"REACTOME_NEGATIVE_REGULATION_OF_NMDA_RECEPTOR_MEDIATED_NEURONAL_TRANSMISSION",0.797266514806378,0.91174270574366,0.062249042949858,0.258066890438135,0.781043758725152,19,"reactome","Calm1; Camk2b; Camk2a; Camk1; Camk4","gastrocnemius","RR-9","GLDS-326","Stat_(Space Flight)v(Ground Control)",1,"flight_positive"
"REACTOME_NEGATIVE_REGULATION_OF_NOTCH4_SIGNALING",0.00130538580707706,0.0399075089592131,0.45505986738723,0.484739470344728,1.83369763635672,44,"reactome","Ubc; Fbxw7; Psmc4; Psmc3; Sem1; Psmb3; Psmb6; Cul1; Psmd2; Psmd11; Psmc5; Uba52; Psmd1; Psmb5; Psmb4; Psmb1; Adrm1; Rbx1; Psmc2","gastrocnemius","RR-9","GLDS-326","Stat_(Space Flight)v(Ground Control)",1,"flight_positive"
"REACTOME_NEGATIVE_REGULATION_OF_THE_PI3K_AKT_NETWORK",0.208333333333333,0.602477477477478,0.120985142145252,-0.255284397340633,-1.13094722633584,110,"reactome","Met; Kitl; Il1rl1; Fyn; Ptpn11; Fgfr3; Flt3; Mapk1; Ntf5; Ppp2ca; Pik3r1; Nrg4; Kit; Ntrk2; Btc; Pip4k2a; Insr; Grb2; Src; Epgn; Pten; Gab1; Pik3ap1; Pip5k1b","gastrocnemius","RR-9","GLDS-326","Stat_(Space Flight)v(Ground Control)",1,"flight_positive"
"REACTOME_NEGATIVE_REGULATORS_OF_DDX58_IFIH1_SIGNALING",0.378260869565217,0.735963607018452,0.0995791200495904,0.296559426998814,1.04973229373622,33,"reactome","Ubc; Ube2l6; Pin1; Uba52; Isg15; Otud5; Ikbke; Atg5; Ube2d1; Pcbp2","gastrocnemius","RR-9","GLDS-326","Stat_(Space Flight)v(Ground Control)",1,"flight_positive"
"REACTOME_NEPHRIN_FAMILY_INTERACTIONS",0.0596745027124774,0.366963895990522,0.248911114434702,-0.47426605998099,-1.44345329394611,20,"reactome","Fyn; Actn2; Nck1; Wasl; Pik3r1; Cd2ap; Actn1","gastrocnemius","RR-9","GLDS-326","Stat_(Space Flight)v(Ground Control)",1,"flight_positive"
"REACTOME_NETRIN_1_SIGNALING",0.453551912568306,0.78262049276542,0.0793434960134973,-0.27867982142092,-0.990484907127339,38,"reactome","Fyn; Ptpn11; Nck1; Wasl; Trpc4; Ntn4; Src; Agap2; Slit3","gastrocnemius","RR-9","GLDS-326","Stat_(Space Flight)v(Ground Control)",1,"flight_positive"
"REACTOME_NEUREXINS_AND_NEUROLIGINS",0.916483516483516,0.953669549903624,0.0540088272801684,0.186566802992025,0.731261829142764,49,"reactome","Syt7; Sipa1l1; Apba3; Epb41l5; Dbnl; Dlgap4; Sharpin","gastrocnemius","RR-9","GLDS-326","Stat_(Space Flight)v(Ground Control)",1,"flight_positive"
"REACTOME_NEURONAL_SYSTEM",0.786195286195286,0.907968834374759,0.0487989701682839,-0.178227229971912,-0.896270731474488,324,"reactome","Nptn; Syt12; Cacna1b; Slc17a7; Kcns3; Gabrb3; Kcnk3; Gng5; Cacnb2; Kcnc2; Flot2; Ppfia1; Kcnc1; Gls2; Actn2; Gls; Gria4; Cacna2d3; Grin2d; Begain; Kcnv2; Mapk1; Syt1; Bche; Ap2a1; Adcy6; Prkacb; Prkx; Slc22a2; Rims1; Nlgn2; Homer2; Prkab2; Cplx1; Pdpk1; Kcnd3; Src; Gnai3; Kcnq5; Kras; Slitrk5; Lrfn4; Slitrk2; Slc6a4; Lrrtm1; Ppm1e; Kcnab2; Flot1; Adcy1; Epb41l1; Kcnmb4; Prkaa2; Adcy5; Kcnb2; Glrb; Lrrc51; Homer3; Gnai2; Hcn2; Kcnh2; Pdlim5; Tuba1b; Gria1; Prkag2; Prkar2b; Camkk1; Prkcg; Prkar1b; Syt9; Gnai1; Il1rap; Tomt; Gabrq; Slc6a1; Rasgrf1; Nrxn2; Chrnb2; Cacng8; Slc6a13; Camk2g; Gnal; Gabbr1; Slc6a11; Kcnq4; Slitrk4; Tubb2a; Cacnb3; Slc22a1; Kcnd1; Lrrtm4; Gabrg2; Slc38a1; Kcng4; Ptprd; Tubb3; Tuba4a","gastrocnemius","RR-9","GLDS-326","Stat_(Space Flight)v(Ground Control)",1,"flight_positive"
"REACTOME_NEUROTRANSMITTER_RECEPTORS_AND_POSTSYNAPTIC_SIGNAL_TRANSMISSION",0.266169154228856,0.664733899358045,0.132147260608774,0.228134706080727,1.09219350627223,159,"reactome","Grip2; Adcy2; Gng2; Mapt; Ap2s1; Nsf; Gabra2; Ap2a2; Prkag3; Prkar2a; Calm1; Camk2b; Prkaca; Gng7; Camk2a; Rps6ka2; Rps6ka3; Adcy9; Ap2m1; Grik5; Adcy3; Chrne; Gnb2; Camk1; Tuba8; Plcb3; Kcnj15; Kcnj12; Nras; Gng11; Hras; Creb1; Git1; Camk4; Adcy8; Tubb4a; Gng12; Chrnd; Plcb1; Mapk3; Pick1","gastrocnemius","RR-9","GLDS-326","Stat_(Space Flight)v(Ground Control)",1,"flight_positive"
"REACTOME_NEUROTRANSMITTER_RELEASE_CYCLE",0.103825136612022,0.442601179979535,0.186432558434075,-0.357181212110193,-1.30862492634865,44,"reactome","Slc17a7; Ppfia1; Gls2; Gls; Syt1; Slc22a2; Rims1; Cplx1","gastrocnemius","RR-9","GLDS-326","Stat_(Space Flight)v(Ground Control)",1,"flight_positive"
"REACTOME_NEUTROPHIL_DEGRANULATION",0.070840197693575,0.369658078182867,0.216542836735348,-0.230648507461849,-1.1913781905263,414,"reactome","Cat; Rnaset2a; Commd3; Itgav; Ampd3; Atp11b; Tmem30a; Plau; Apaf1; Snap29; Ptges2; Cd55; Pdxk; Copb1; Tspan14; Ddx3x; Atp8a1; Huwe1; Psmd6; Psmd14; Mndal; Tmc6; Hspa1b; Frk; Pygb; Pld1; Mgst1; Mapk1; Creg1; Rab10; Ptprc; Cd59b; Enpp4; Gsdmd; Lamtor3; Ndufc2; Serpina3c; Hp; Qpct; Rap1b; Asah1; H2-M2; Pygl; Pgrmc1; Stk10; Cand1; Ear2; Hspa1a; Rab14; Lamp2; Cd68; Cd33; Vcl; Ctsb; Cpne3; Mapk14; Clec5a; Actr2; Ticam2; Gla; B2m; Itgb2; Cd36; Rhoa; Agpat2; Ypel5; C5ar1; Acly; Psmd12; Clec12a; Siglece; Rap1a; Ifi204; Fcgr4; Rab18; Sirpa; Kcnab2; Crispld2; Aldoc; H2-D1; Arhgap45; Ubr4; Itgal; Rab27a; Slc27a2; Cpped1; Clec4d; Degs1; Idh1; Trpm2; Arl8a","gastrocnemius","RR-9","GLDS-326","Stat_(Space Flight)v(Ground Control)",1,"flight_positive"
"REACTOME_NFE2L2_REGULATING_ANTI_OXIDANT_DETOXIFICATION_ENZYMES",0.0307103364407223,0.242187435913538,0.352487857583619,-0.539512199017055,-1.62968588210916,19,"reactome","Bach1; Txnrd1; Nqo1; Ep300; Hmox1; Srxn1; Gclc; Nfe2l2; Txn1; Sod3","gastrocnemius","RR-9","GLDS-326","Stat_(Space Flight)v(Ground Control)",1,"flight_positive"
"REACTOME_NGF_STIMULATED_TRANSCRIPTION",0.10239651416122,0.440017149206849,0.206587922696891,0.373915418198076,1.33674132036704,35,"reactome","Fosb; Rrad; Fos; Nab2; Dnm2; Jund; Cdk5; Creb1; Egr1; Junb","gastrocnemius","RR-9","GLDS-326","Stat_(Space Flight)v(Ground Control)",1,"flight_positive"
"REACTOME_NICOTINATE_METABOLISM",0.834394904458599,0.922242065270605,0.0567672387487446,0.223183149800254,0.76296729586991,27,"reactome","Parp10; Naprt; Nadk; Naxe; Parp4","gastrocnemius","RR-9","GLDS-326","Stat_(Space Flight)v(Ground Control)",1,"flight_positive"
"REACTOME_NITRIC_OXIDE_STIMULATES_GUANYLATE_CYCLASE",0.41036717062635,0.76258793039615,0.0943563635421779,0.324669477421176,1.02245459305305,21,"reactome","Prkg2; Pde10a; Kcnma1; Pde2a; Itpr1; Pde9a","gastrocnemius","RR-9","GLDS-326","Stat_(Space Flight)v(Ground Control)",1,"flight_positive"
"REACTOME_NOD1_2_SIGNALING_PATHWAY",0.932110091743119,0.961772225810162,0.0449543067640062,-0.195787641468112,-0.686159145395143,36,"reactome","Irak2; Mapk14; Map2k6; Birc2; Casp2; Tab3; Casp1; Tab2; Mapk11; Ube2n; Tnfaip3","gastrocnemius","RR-9","GLDS-326","Stat_(Space Flight)v(Ground Control)",1,"flight_positive"
"REACTOME_NONHOMOLOGOUS_END_JOINING_NHEJ",0.133211678832117,0.484423191194364,0.163180127180689,-0.342550682847819,-1.26912316960795,46,"reactome","Rad50; Tdp2; Ube2v2; Atm; Rif1; H4c16; Brcc3; H4c14; Nsd2; Dclre1c; Paxip1; H4c8; Lig4; Xrcc4","gastrocnemius","RR-9","GLDS-326","Stat_(Space Flight)v(Ground Control)",1,"flight_positive"
"REACTOME_NONSENSE_MEDIATED_DECAY_NMD",1.37330416314056e-26,4.898118181868e-24,1.33449749081658,0.712330648114538,3.15679455105179,106,"reactome","Rps27; Rps26; Rpl28; Rpl27a; Rps17; Rpl21; Rpl17; Rpl14; Rpl18a; Rpl24; Rpl27; Rpl19; Rpl6; Rpl15; Rpl22; Rpl26; Rpsa; Rps11; Rps16; Rpl32; Eif4a3; Rps18; Rpl13a; Rps28; Rpl13; Rpl35; Rpl37a; Rps6; Rps29; Rpl7; Rps15a; Rpl8; Rpl35a; Rps19; Fau; Rpl3l; Rpl36; Rpl31; Rpl29; Rps25; Rps15; Rbm8a; Rpl18; Rps2; Rpl12; Rpl7a; Rpl36a; Rps12; Rps21; Rpl5; Rpl38; Rpl10; Rps20; Rpl23; Casc3; Rps14; Rplp1; Rps3a1; Uba52; Rps5; Rps7; Ppp2r1a; Rps23; Ncbp2; Etf1; Rps13; Rpl10a; Rplp2; Smg5","gastrocnemius","RR-9","GLDS-326","Stat_(Space Flight)v(Ground Control)",1,"flight_positive"
"REACTOME_NON_INTEGRIN_MEMBRANE_ECM_INTERACTIONS",0.0073525686480522,0.114018093527766,0.407017918923954,-0.375290557355297,-1.55097724246452,78,"reactome","Itgav; Col3a1; Fn1; Sspn; Lamc3; Actc1; Agrn; Itga2; Itgb1; Dmd; Ntn4; Tgfb1; Actn1; Lama5; Lamc1; Col11a1; Lama1; Ddr2; Lama2; Actg2; Col5a1; Col4a6; Actg1; Lama3; Itga6; Acta1","gastrocnemius","RR-9","GLDS-326","Stat_(Space Flight)v(Ground Control)",1,"flight_positive"
"REACTOME_NOREPINEPHRINE_NEUROTRANSMITTER_RELEASE_CYCLE",0.0968921389396709,0.426644397800197,0.193813302725311,-0.47465126663826,-1.40097749724858,18,"reactome","Ppfia1; Syt1; Slc22a2; Rims1; Cplx1","gastrocnemius","RR-9","GLDS-326","Stat_(Space Flight)v(Ground Control)",1,"flight_positive"
"REACTOME_NOTCH1_INTRACELLULAR_DOMAIN_REGULATES_TRANSCRIPTION",0.241830065359477,0.64528221928838,0.129442887745046,0.295363354653872,1.14551902300647,47,"reactome","Ubc; Fbxw7; Hdac8; Cul1; Maml3; Uba52; Hdac5; Rbx1; Hdac3","gastrocnemius","RR-9","GLDS-326","Stat_(Space Flight)v(Ground Control)",1,"flight_positive"
"REACTOME_NOTCH2_ACTIVATION_AND_TRANSMISSION_OF_SIGNAL_TO_THE_NUCLEUS",0.342553191489362,0.700825841096782,0.104343952581949,0.341550191251131,1.09197777809367,22,"reactome","Ubc; Uba52; Psen1; Jag2; Psenen","gastrocnemius","RR-9","GLDS-326","Stat_(Space Flight)v(Ground Control)",1,"flight_positive"
"REACTOME_NOTCH3_ACTIVATION_AND_TRANSMISSION_OF_SIGNAL_TO_THE_NUCLEUS",0.248936170212766,0.657683215130024,0.12563992130984,0.344312298021296,1.1666613843758,26,"reactome","Ubc; Egfr; Uba52; Psen1; Jag2; Psenen; Egf; Tacc3; Ncstn; Psen2","gastrocnemius","RR-9","GLDS-326","Stat_(Space Flight)v(Ground Control)",1,"flight_positive"
"REACTOME_NOTCH3_INTRACELLULAR_DOMAIN_REGULATES_TRANSCRIPTION",0.760593220338983,0.891753592188841,0.0610363728309177,0.242477588970961,0.797012840127677,24,"reactome","Pbx1; Maml3; Wwc1; Dlgap5","gastrocnemius","RR-9","GLDS-326","Stat_(Space Flight)v(Ground Control)",1,"flight_positive"
"REACTOME_NOTCH4_INTRACELLULAR_DOMAIN_REGULATES_TRANSCRIPTION",0.954441913439636,0.973571877940863,0.05378728077603,0.202765173676521,0.613672188315196,19,"reactome","Smad3; Maml3","gastrocnemius","RR-9","GLDS-326","Stat_(Space Flight)v(Ground Control)",1,"flight_positive"
"REACTOME_NOTCH_HLH_TRANSCRIPTION_PATHWAY",0.959139784946237,0.97428613053613,0.0509082865515105,0.187326925905106,0.639660910841815,28,"reactome","Hdac8; Maml3; Hdac5; Hdac3; Hdac2","gastrocnemius","RR-9","GLDS-326","Stat_(Space Flight)v(Ground Control)",1,"flight_positive"
"REACTOME_NPAS4_REGULATES_EXPRESSION_OF_TARGET_GENES",0.081374321880651,0.388707698269181,0.211400189384923,-0.460804046958437,-1.40248096073439,20,"reactome","Xpo1; Arnt2; Iqsec3; Mapk1; Nampt; Ret","gastrocnemius","RR-9","GLDS-326","Stat_(Space Flight)v(Ground Control)",1,"flight_positive"
"REACTOME_NR1H2_AND_NR1H3_MEDIATED_SIGNALING",0.914798206278027,0.953669549903624,0.0550211117163117,0.197132750729029,0.741819031976879,43,"reactome","Ncoa1; Srebf1; Tnrc6a; Apod; Nr1h2; Ago3; Ago4; Hdac3; Tnrc6b; Gps2; Abcg1; Eepd1; Kdm4a; Rxra; Pltp; Apoe","gastrocnemius","RR-9","GLDS-326","Stat_(Space Flight)v(Ground Control)",1,"flight_positive"
"REACTOME_NR1H3_NR1H2_REGULATE_GENE_EXPRESSION_LINKED_TO_CHOLESTEROL_TRANSPORT_AND_EFFLUX",0.280701754385965,0.681020337128934,0.119348440591015,0.313763176426214,1.11046199045445,34,"reactome","Ncoa1; Tnrc6a; Apod; Nr1h2; Ago3; Ago4; Hdac3; Tnrc6b; Gps2; Abcg1; Eepd1; Kdm4a; Rxra; Pltp; Apoe; Nr1h3; Ncor1","gastrocnemius","RR-9","GLDS-326","Stat_(Space Flight)v(Ground Control)",1,"flight_positive"
"REACTOME_NRAGE_SIGNALS_DEATH_THROUGH_JNK",0.901060070671378,0.950791433403006,0.044774889329693,-0.19311794073809,-0.744448871857551,56,"reactome","Sos2; Gna13; Arhgef6; Plekhg2; Arhgef12; Bcl2l11; Ect2; Arhgef26","gastrocnemius","RR-9","GLDS-326","Stat_(Space Flight)v(Ground Control)",1,"flight_positive"
"REACTOME_NRIF_SIGNALS_CELL_DEATH_FROM_THE_NUCLEUS",0.239373601789709,0.644208286078324,0.132147260608774,0.39870306709974,1.19576279316431,17,"reactome","Ubc; Itgb3bp; Uba52; Psen1; Psenen; Ncstn; Psen2; Ngf; Ngfr","gastrocnemius","RR-9","GLDS-326","Stat_(Space Flight)v(Ground Control)",1,"flight_positive"
"REACTOME_NS1_MEDIATED_EFFECTS_ON_HOST_PATHWAYS",0.504587155963303,0.802472889429411,0.0741758965588009,-0.27644066994077,-0.968816481043894,36,"reactome","Nup160; Kpna3; Nup93; Kpna4; Nup88; Nup107; Ranbp2; Nup37; Nup35","gastrocnemius","RR-9","GLDS-326","Stat_(Space Flight)v(Ground Control)",1,"flight_positive"
"REACTOME_NUCLEAR_ENVELOPE_BREAKDOWN",0.752276867030965,0.889432317926114,0.0544555953940371,-0.223193179543395,-0.835805127267494,50,"reactome","Nup160; Nek9; Nup93; Nup88; Nup107; Ranbp2; Cdk1; Nup37; Nup35; Cnep1r1; Plk1; Tmpo; Ndc1; Ccnb2; Nup153; Nup155; Nup54; Rae1","gastrocnemius","RR-9","GLDS-326","Stat_(Space Flight)v(Ground Control)",1,"flight_positive"
"REACTOME_NUCLEAR_ENVELOPE_NE_REASSEMBLY",0.290434782608696,0.683924576542026,0.102080107662747,-0.271290120960481,-1.08919223233033,67,"reactome","Nup160; Ahctf1; Nup93; Rcc1; Ppp2ca; Chmp4b; Nup107; Chmp3; Tnpo1; Ankle2; Cdk1; Nup37; Nup35; Chmp4c; Tuba1b; Ran; Tmpo; Chmp7; Tubb2a; Ndc1; Chmp2b; Tubb3; Tuba4a; Ist1; Ccnb2; Tubb2b; Nup155; Nup54","gastrocnemius","RR-9","GLDS-326","Stat_(Space Flight)v(Ground Control)",1,"flight_positive"
"REACTOME_NUCLEAR_EVENTS_KINASE_AND_TRANSCRIPTION_FACTOR_ACTIVATION",0.497674418604651,0.800732512789602,0.0875697115548511,0.244696184064677,0.985769991902086,57,"reactome","Fosb; Rrad; Fos; Nab2; Rps6ka2; Dnm2; Rps6ka3; Jund; Ppp2r1a; Cdk5; Creb1; Egr1; Junb","gastrocnemius","RR-9","GLDS-326","Stat_(Space Flight)v(Ground Control)",1,"flight_positive"
"REACTOME_NUCLEAR_EVENTS_MEDIATED_BY_NFE2L2",0.18287037037037,0.563894225637741,0.156312403073186,0.271215584085029,1.18184291670752,85,"reactome","Ubc; Gsk3b; Psmc4; Psmc3; Sem1; Psmb3; Psmb6; Cul1; Psmd2; Psmd11; Psmc5; Uba52; Pdgfa; Psmd1; Psmb5; Psmb4; Psmb1; Adrm1; Rbx1; Psmc2; Taldo1; Egf; Rela; Mafk","gastrocnemius","RR-9","GLDS-326","Stat_(Space Flight)v(Ground Control)",1,"flight_positive"
"REACTOME_NUCLEAR_EVENTS_STIMULATED_BY_ALK_SIGNALING_IN_CANCER",0.553505535055351,0.814070189070189,0.0697792517076235,-0.275421475651501,-0.936847568660106,33,"reactome","Npm1; Skp1; Mapk1; Gzmb; Prf1; Ago1; Rb1","gastrocnemius","RR-9","GLDS-326","Stat_(Space Flight)v(Ground Control)",1,"flight_positive"
"REACTOME_NUCLEAR_IMPORT_OF_REV_PROTEIN",0.226937269372694,0.629074814064203,0.122107920287081,-0.349287954042459,-1.1822334981912,31,"reactome","Nup160; Npm1; Nup93; Rcc1; Nup88; Nup107; Ranbp2; Nup37; Nup35; Ran; Ndc1; Nup153; Nup155; Nup54; Rae1","gastrocnemius","RR-9","GLDS-326","Stat_(Space Flight)v(Ground Control)",1,"flight_positive"
"REACTOME_NUCLEAR_PORE_COMPLEX_NPC_DISASSEMBLY",0.33210332103321,0.696469383650559,0.09754492162472,-0.313171132392018,-1.06525322058485,33,"reactome","Nup160; Nek9; Nup93; Nup88; Nup107; Ranbp2; Cdk1; Nup37; Nup35; Ndc1; Ccnb2; Nup153; Nup155; Nup54; Rae1","gastrocnemius","RR-9","GLDS-326","Stat_(Space Flight)v(Ground Control)",1,"flight_positive"
"REACTOME_NUCLEAR_RECEPTOR_TRANSCRIPTION_PATHWAY",0.524663677130045,0.806037702822242,0.0826646449123753,0.252882967396861,0.951609498594372,43,"reactome","Nr1d1; Rara; Nr3c2; Nr2f6; Nr4a2; Rxrg; Nr1h2","gastrocnemius","RR-9","GLDS-326","Stat_(Space Flight)v(Ground Control)",1,"flight_positive"
"REACTOME_NUCLEAR_RNA_DECAY",0.532894736842105,0.808133085045266,0.0806388495950661,0.272718103896395,0.96519640046725,34,"reactome","Pabpn1; Zc3h4; Ythdc2; Exosc1; Exosc8; Ncbp2; Dis3; Ncbp1; Mphosph6; Dxo; Exosc3; Xrn2; Zc3h3; Exosc5; Zc3h18; Exosc4","gastrocnemius","RR-9","GLDS-326","Stat_(Space Flight)v(Ground Control)",1,"flight_positive"
"REACTOME_NUCLEAR_SIGNALING_BY_ERBB4",0.340782122905028,0.700825841096782,0.0965629554309422,-0.323176813849154,-1.07167403475336,28,"reactome","Adam17; Nrg4; Aph1a; Btc; Src; Sparc; Aph1c; Wwox","gastrocnemius","RR-9","GLDS-326","Stat_(Space Flight)v(Ground Control)",1,"flight_positive"
"REACTOME_NUCLEOTIDE_BINDING_DOMAIN_LEUCINE_RICH_REPEAT_CONTAINING_RECEPTOR_NLR_SIGNALING_PATHWAYS",0.955595026642984,0.973571877940863,0.042331839351853,-0.17799952003748,-0.679135550945797,54,"reactome","Irak2; Mapk14; Map2k6; Aim2; Hmox1; Mefv; Birc2; Casp2; Tab3; Casp1; Txn1; Tab2; Mapk11; Ube2n; Tnfaip3","gastrocnemius","RR-9","GLDS-326","Stat_(Space Flight)v(Ground Control)",1,"flight_positive"
"REACTOME_NUCLEOTIDE_CATABOLISM",0.311158798283262,0.695235148514851,0.11101149245045,0.318839334706471,1.10801543325784,30,"reactome","Nt5c2; Entpd6; Nt5c; Entpd1; Nudt16; Nudt5; Upp1; Gda","gastrocnemius","RR-9","GLDS-326","Stat_(Space Flight)v(Ground Control)",1,"flight_positive"
"REACTOME_NUCLEOTIDE_EXCISION_REPAIR",0.113636363636364,0.459875974703751,0.211400189384923,0.274705164180112,1.2240559243243,108,"reactome","Ubc; Gtf2h5; Polr2j; Ercc6; Xrcc1; Pold2; Gtf2h4; Ercc3; Rad23a; Polr2e; Ruvbl1; Ell; Actr5; Parp2; Uba52; Gtf2h3; Polr2f; Ccnh; Chd1l; Ino80b; Cops7b; Rfc1; Rbx1","gastrocnemius","RR-9","GLDS-326","Stat_(Space Flight)v(Ground Control)",1,"flight_positive"
"REACTOME_NUCLEOTIDE_SALVAGE",0.818574514038877,0.918167057179266,0.0584693210386381,0.241965823493277,0.762002851508054,21,"reactome","Ampd1; Aprt; Dguok; Upp1; Uckl1; Ampd2; Gmpr2","gastrocnemius","RR-9","GLDS-326","Stat_(Space Flight)v(Ground Control)",1,"flight_positive"
"REACTOME_N_GLYCAN_ANTENNAE_ELONGATION_IN_THE_MEDIAL_TRANS_GOLGI",0.682978723404255,0.859377526708999,0.066436413766281,0.263710290505698,0.843114085317893,22,"reactome","B4galt5; Fuca1; St3gal4; B4galt1; St8sia6","gastrocnemius","RR-9","GLDS-326","Stat_(Space Flight)v(Ground Control)",1,"flight_positive"
"REACTOME_N_GLYCAN_TRIMMING_IN_THE_ER_AND_CALNEXIN_CALRETICULIN_CYCLE",0.248618784530387,0.657683215130024,0.115734447701689,-0.32800629469228,-1.13443065113194,35,"reactome","Edem1; Marchf6; Ngly1; Rnf139; Rad23b; Canx; Engase; Uggt2; Sel1l","gastrocnemius","RR-9","GLDS-326","Stat_(Space Flight)v(Ground Control)",1,"flight_positive"
"REACTOME_OLFACTORY_SIGNALING_PATHWAY",0.901918976545842,0.950791433403006,0.053347785067549,0.214674386900967,0.693389375039445,23,"reactome","Or2y1g; Reep1; Or6x1; Adcy3; Or5d18; Or2k2; Or2y1; Or51v8","gastrocnemius","RR-9","GLDS-326","Stat_(Space Flight)v(Ground Control)",1,"flight_positive"
"REACTOME_ONCOGENE_INDUCED_SENESCENCE",0.593478260869565,0.83033401889092,0.0745500777420554,0.259622298816961,0.918985830260888,33,"reactome","Ubc; Tnrc6a; Uba52; Ago3; Trp53; Ago4; Mdm4; Tnrc6b; Mapk3; Mdm2","gastrocnemius","RR-9","GLDS-326","Stat_(Space Flight)v(Ground Control)",1,"flight_positive"
"REACTOME_ONCOGENIC_MAPK_SIGNALING",0.219683655536028,0.623505335340982,0.120985142145252,-0.280840102988232,-1.15004337730097,75,"reactome","Jak2; Dusp7; Fn1; Ppp1cb; Qki; Mapk1; Rap1b; Bcl2l11; Spred2; Shoc2; Vcl; Ksr2; Fxr1; Src; Papss1; Aggf1; Kras; Rap1a; Agk; Map2k1; Actg1; Trak1; Dusp16; Agtrap; Spred1","gastrocnemius","RR-9","GLDS-326","Stat_(Space Flight)v(Ground Control)",1,"flight_positive"
"REACTOME_OPIOID_SIGNALLING",0.291666666666667,0.684393274853801,0.120433371642259,0.247763122524447,1.07964699876926,85,"reactome","Adcy2; Gng2; Prkar2a; Calm1; Camk2b; Prkaca; Gng7; Camk2a; Adcy9; Pde4a; Ppp2r1a; Adcy3; Gnb2; Pde4b; Cdk5; Itpr1; Gna11; Oprm1; Plcb3; Gng11; Creb1; Camk4; Adcy8; Gng12","gastrocnemius","RR-9","GLDS-326","Stat_(Space Flight)v(Ground Control)",1,"flight_positive"
"REACTOME_ORC1_REMOVAL_FROM_CHROMATIN",0.027659980032939,0.232711436587032,0.352487857583619,0.372449907415914,1.500431825779,57,"reactome","Ubc; Psmc4; Psmc3; Sem1; Psmb3; Psmb6; Cul1; Psmd2; Psmd11; Psmc5; Uba52; Psmd1; Psmb5; Mcm2; Psmb4; Psmb1; Adrm1","gastrocnemius","RR-9","GLDS-326","Stat_(Space Flight)v(Ground Control)",1,"flight_positive"
"REACTOME_ORGANELLE_BIOGENESIS_AND_MAINTENANCE",0.297029702970297,0.690230799155,0.09754492162472,-0.215400439091342,-1.05962089030543,264,"reactome","Mtx2; Atp5pb; Dmac2l; Cdk5rap2; Mkks; Nedd1; Bbs5; Kifap3; Alas1; Pafah1b1; Sirt5; C2cd3; Lztfl1; Trip11; Mchr1; Bbs4; Ncoa6; Odf2; Kif3b; Tmem67; Immt; Cep76; Cep72; Perm1; Kif3c; Iqcb1; Tfb2m; Ccp110; Haus5; Nphp3; Prkab2; Haus1; Mapk14; Idh2; Pcm1; Exoc8; Cep152; Cycs; Cct4; Ift74; Apoo; Tnpo1; Polg2; Ppara; Hcfc1; Cdk1; Tfam; Chchd3; Haus6; Exoc7; Cep57; Septin2; Prkaa2; Dynlt2b; Ywhag; Sfi1; Dync2h1; Cep70; Plk4; Tuba1b; Prkag2; Pcnt; Sclt1; Rp2; Cep250; Prkar2b; Arf4; Mapk11","gastrocnemius","RR-9","GLDS-326","Stat_(Space Flight)v(Ground Control)",1,"flight_positive"
"REACTOME_OTHER_INTERLEUKIN_SIGNALING",0.609071274298056,0.837668719150283,0.0728938564822936,0.284184049971697,0.894957202241236,21,"reactome","Stxbp2; Stx4a; Tyk2; Txlna; Sdc1; Csf1; Csf3r; Il34","gastrocnemius","RR-9","GLDS-326","Stat_(Space Flight)v(Ground Control)",1,"flight_positive"
"REACTOME_OTHER_SEMAPHORIN_INTERACTIONS",0.925399644760213,0.960405062942219,0.0438002031299891,-0.22417432611403,-0.677155651095519,19,"reactome","Ptprc; Itgb1; Cd72; Plxnd1; Plxnc1; Sema5a; Tyrobp; Plxna1; Plxna2; Plxna4","gastrocnemius","RR-9","GLDS-326","Stat_(Space Flight)v(Ground Control)",1,"flight_positive"
"REACTOME_OVARIAN_TUMOR_DOMAIN_PROTEASES",0.712418300653595,0.877200899538949,0.0655321029282414,0.233396855549792,0.855493874735529,37,"reactome","Ubc; Otub2; Zranb1; Uba52; Otud5; Trp53","gastrocnemius","RR-9","GLDS-326","Stat_(Space Flight)v(Ground Control)",1,"flight_positive"
"REACTOME_OXIDATIVE_STRESS_INDUCED_SENESCENCE",0.747404844290657,0.885629217487268,0.0523759084097997,-0.203806369518465,-0.858567126953545,89,"reactome","Rbbp7; Cbx8; Cbx4; Mapk1; Ago1; Phc3; H4c16; Ezh2; Tfdp1; H4c14; Mapk14; Map4k4; Map2k6; Cbx2; H3f3a; H2ac10; H4c8; Map2k4; Suz12; Mapk8; Map3k5; Txn1; Mapk11","gastrocnemius","RR-9","GLDS-326","Stat_(Space Flight)v(Ground Control)",1,"flight_positive"
"REACTOME_O_GLYCOSYLATION_OF_TSR_DOMAIN_CONTAINING_PROTEINS",0.39963167587477,0.754155014437396,0.086794975677172,-0.289762327728791,-1.02179664893092,37,"reactome","Adamtsl5; Adamts5; Adamtsl2; Adamts1; Spon1; Adamts14","gastrocnemius","RR-9","GLDS-326","Stat_(Space Flight)v(Ground Control)",1,"flight_positive"
"REACTOME_O_LINKED_GLYCOSYLATION",0.122641509433962,0.470198146372643,0.195789002148949,0.279090226993696,1.22151478333597,89,"reactome","B4galt5; St6galnac3; Pomk; St3gal1; Sema5b; Adamts18; Adamts12; Emid1; Adamts2; C1galt1c1; Thbs2; Adamts3; Pomgnt2; St6galnac4; Thbs1; St3gal3; Spon2; Galnt10; St3gal4; Galnt2; Galnt18; Galnt16; Muc1; Galnt6; Galnt5; Fut10; B3gnt3; Cfp","gastrocnemius","RR-9","GLDS-326","Stat_(Space Flight)v(Ground Control)",1,"flight_positive"
"REACTOME_O_LINKED_GLYCOSYLATION_OF_MUCINS",0.0580807032270653,0.364545752792123,0.321775918075361,0.393843412420725,1.44867857431453,38,"reactome","B4galt5; St6galnac3; St3gal1; C1galt1c1; St6galnac4; St3gal3; Galnt10; St3gal4; Galnt2; Galnt18; Galnt16; Muc1; Galnt6; Galnt5; B3gnt3","gastrocnemius","RR-9","GLDS-326","Stat_(Space Flight)v(Ground Control)",1,"flight_positive"
"REACTOME_P75NTR_SIGNALS_VIA_NF_KB",0.114537444933921,0.459875974703751,0.195789002148949,0.465543946772709,1.37929778211328,16,"reactome","Ubc; Uba52; Rela; Ngf; Irak1; Myd88; Ngfr; Nfkbia; Ubb; Ikbkb; Prkci; Rps27a","gastrocnemius","RR-9","GLDS-326","Stat_(Space Flight)v(Ground Control)",1,"flight_positive"
"REACTOME_P75_NTR_RECEPTOR_MEDIATED_SIGNALLING",0.895781637717122,0.950791433403006,0.0607719451853533,0.178775104528398,0.785368976256254,95,"reactome","Ubc; Trio; Arhgef11; Fgd1; Bad; Arhgef1; Itgb3bp; Uba52; Psen1; Arhgef10l; Vav2; Arhgdia; Psenen; Fgd3; Abr; Hdac3; Arhgef17; Arhgef33; Rela; Kalrn; Arhgef10; Hdac2; Arhgef15; Ncstn; Psen2; Ngf; Ywhae; Arhgef7; Irak1; Myd88; Arhgef37; Ngfr; Tiam2; Rac1","gastrocnemius","RR-9","GLDS-326","Stat_(Space Flight)v(Ground Control)",1,"flight_positive"
"REACTOME_PARACETAMOL_ADME",0.657446808510638,0.851671504822549,0.0683110858318647,0.267116338306215,0.8540036371453,22,"reactome","Gstm2; Gstp2; Acy1; Ggt1; Ugt1a9","gastrocnemius","RR-9","GLDS-326","Stat_(Space Flight)v(Ground Control)",1,"flight_positive"
"REACTOME_PARASITE_INFECTION",0.0179476935595934,0.19013893176995,0.352487857583619,-0.381899630510757,-1.50906523603481,63,"reactome","Myh2; Crk; Wipf1; Fyn; Nck1; Ighg2c; Wasl; Mapk1; Abi1; Nckap1; Actr2; Grb2; Src; Btk; Iglc1; Fcgr4; Actg1; Iglc2; Wasf3; Actr3; Arpc5; Wasf1; Syk; Abl1; Arpc1b; Nckap1l","gastrocnemius","RR-9","GLDS-326","Stat_(Space Flight)v(Ground Control)",1,"flight_positive"
"REACTOME_PCNA_DEPENDENT_LONG_PATCH_BASE_EXCISION_REPAIR",0.961038961038961,0.97428613053613,0.0440640346597561,-0.201657789950235,-0.617297581172896,21,"reactome","Rpa3; Rfc5; Pold3; Pole4; Fen1; Pcna","gastrocnemius","RR-9","GLDS-326","Stat_(Space Flight)v(Ground Control)",1,"flight_positive"
"REACTOME_PCP_CE_PATHWAY",0.000663009716335463,0.0228845289186757,0.477270815362862,0.409891924912581,1.75451525508565,78,"reactome","Ubc; Wnt4; Ap2s1; Psmc4; Psmc3; Sem1; Ap2a2; Psmb3; Psmb6; Ryk; Psmd2; Cltb; Psmd11; Psmc5; Dvl2; Uba52; Pfn1; Psmd1; Ap2m1; Psmb5; Psmb4; Psmb1; Adrm1","gastrocnemius","RR-9","GLDS-326","Stat_(Space Flight)v(Ground Control)",1,"flight_positive"
"REACTOME_PEPTIDE_HORMONE_METABOLISM",0.199649737302977,0.589531680440771,0.127505315300183,-0.298375517618704,-1.17902214338381,63,"reactome","Spcs1; Cpe; Slc30a5; Dpp4; Ctnnb1; Sec11c; Bche; Lep; Spcs3; Ero1b; Exoc8; Ces1d; Ffar4; Exoc7; Rab27a; Ace; Atp6ap2","gastrocnemius","RR-9","GLDS-326","Stat_(Space Flight)v(Ground Control)",1,"flight_positive"
"REACTOME_PEPTIDE_LIGAND_BINDING_RECEPTORS",0.73841059602649,0.884641571831534,0.0509082865515105,-0.199720154341127,-0.87793681678343,106,"reactome","Gal; Mchr1; Ednrb; Bdkrb1; Cxcl9; Ccr2; Sst; Cxcr6; Nln; Ccl22; Ccl17; F2r; Ccr1; Hebp1; C5ar1; Cxcl13; Insl3; Trh; Saa1; Ackr3; Prok1; Ece1; Ccr10; Xcr1; Uts2r; Npffr1; Rxfp2; Cxcl1; Bdkrb2","gastrocnemius","RR-9","GLDS-326","Stat_(Space Flight)v(Ground Control)",1,"flight_positive"
"REACTOME_PERK_REGULATES_GENE_EXPRESSION",0.301498127340824,0.690230799155,0.104343952581949,-0.333265058333006,-1.11255396148046,29,"reactome","Herpud1; Hspa5; Eif2s3x; Dcp2; Ddit3; Exosc9","gastrocnemius","RR-9","GLDS-326","Stat_(Space Flight)v(Ground Control)",1,"flight_positive"
"REACTOME_PEROXISOMAL_LIPID_METABOLISM",0.0274702318109775,0.232711436587032,0.352487857583619,-0.482796556304227,-1.58591430900518,27,"reactome","Nudt7; Acbd5; Nudt19; Phyh; Hacl1; Hsd17b4; Mlycd; Acox1; Acot4; Slc25a17; Slc27a2; Pecr; Acot8","gastrocnemius","RR-9","GLDS-326","Stat_(Space Flight)v(Ground Control)",1,"flight_positive"
"REACTOME_PEROXISOMAL_PROTEIN_IMPORT",0.0078947833464016,0.118207250248658,0.380730400722792,-0.415341388942777,-1.61708360705937,59,"reactome","Nudt7; Cat; Pex13; Pex12; Nudt19; Pex1; Phyh; Zfand6; Ephx2; Baat; Hacl1; Hsd17b4; Mlycd; Pex5; Ube2d2a; Acox1; Acot4; Slc27a2; Idh1; Pecr; Agps; Acot8; Pex7; Lonp2","gastrocnemius","RR-9","GLDS-326","Stat_(Space Flight)v(Ground Control)",1,"flight_positive"
"REACTOME_PHASE_0_RAPID_DEPOLARISATION",0.806794055201699,0.913851280399871,0.0583452776743612,0.226302742757867,0.773631843821736,27,"reactome","Calm1; Camk2b; Camk2a; Cacng6; Cacnb1; Scn3a; Scn4a; Cacng7","gastrocnemius","RR-9","GLDS-326","Stat_(Space Flight)v(Ground Control)",1,"flight_positive"
"REACTOME_PHASE_II_CONJUGATION_OF_COMPOUNDS",0.282685512367491,0.681428501445158,0.104732821580651,-0.272372577094267,-1.10268540219031,71,"reactome","Ugt1a7c; Acsm5; Slc35d2; Cndp2; Ugt1a5; Bpnt2; Mgst1; Mtr; Mat2b; Gsto1; Sult6b1; Chac1; Slc35b3; Papss1; Papss2; Uxs1; Gclc; Sult4a1; Nat1; Slc26a2; Nat2","gastrocnemius","RR-9","GLDS-326","Stat_(Space Flight)v(Ground Control)",1,"flight_positive"
"REACTOME_PHASE_I_FUNCTIONALIZATION_OF_COMPOUNDS",0.199300699300699,0.589531680440771,0.127505315300183,-0.290989437331484,-1.17639382866212,70,"reactome","Adh1; Arnt2; Cyp4f18; Bphl; Ptges3; Adh7; Cyb5b; Por; Ephx1; Ces1d; Aoc3; Nqo2; Cyp4b1; Adh5; Cyp1a1; Maob; Cyp46a1; Cyp27a1; Cyp4v3; Cyp11a1; Cyp39a1; Cyp27b1; Cyp2r1; Fmo2","gastrocnemius","RR-9","GLDS-326","Stat_(Space Flight)v(Ground Control)",1,"flight_positive"
"REACTOME_PHOSPHOLIPID_METABOLISM",0.0127658941182526,0.156986115554532,0.380730400722792,-0.28459615469404,-1.35254998270426,195,"reactome","Plaat1; Inpp5j; Gpcpd1; Pnpla8; Mtmr6; Inpp4b; Etnk1; Pld4; Rufy1; Pitpnm1; Pld1; Dgat2; Mtmr4; Pla2r1; Plbd1; Csnk2a1; Bche; Gpat3; Ocrl; Lpgat1; Cds1; Chpt1; Cpne7; Pik3r1; Synj2; Hadhb; Pik3c3; Slc44a1; Pla1a; Rab14; Plekha6; Mtmr1; Cpne3; Pip4k2a; Pla2g5; Synj1; Pi4kb; Pten; Agpat2; Plekha1; Pikfyve; Agk; Crls1; Inpp4a; Pip5k1b; Pik3r4; Pgs1; Mtmr7; Cpne6; Enpp6; Plekha3; Chka; Slc44a4; Pik3r2; Sbf2","gastrocnemius","RR-9","GLDS-326","Stat_(Space Flight)v(Ground Control)",1,"flight_positive"
"REACTOME_PHOSPHORYLATED_BMAL1_CLOCK_ARNTL_CLOCK_ACTIVATES_EXPRESSION_OF_CORE_CLOCK_GENES",0.0667903525046382,0.369228114823042,0.237793834423688,-0.458948428189226,-1.4048936799031,21,"reactome","Per2; Per3; Cry2; Dbp","gastrocnemius","RR-9","GLDS-326","Stat_(Space Flight)v(Ground Control)",1,"flight_positive"
"REACTOME_PHOSPHORYLATION_OF_THE_APC_C",0.501113585746102,0.801482117710508,0.0847985102819124,0.315079462605868,0.968384634111715,20,"reactome","Anapc15; Anapc4; Anapc5; Ube2s; Cdc23; Ube2d1; Anapc1; Anapc11; Anapc2; Ube2c","gastrocnemius","RR-9","GLDS-326","Stat_(Space Flight)v(Ground Control)",1,"flight_positive"
"REACTOME_PI3K_AKT_SIGNALING_IN_CANCER",0.11166253101737,0.459875974703751,0.211400189384923,0.275772895689289,1.22382860295356,102,"reactome","Fgfr1; Cdkn1a; Rps6kb2; Gsk3b; Erbb3; Egfr; Akt2; Akt1s1; Tsc2; Pik3r3; Bad; Pik3ca; Flt3l; Pdgfa; Erbb2; Gsk3a; Fgfr4; Frs2; Foxo1; Pdgfb; Nr4a1; Pik3cd; Creb1; Icos; Egf; Rictor; Mapkap1","gastrocnemius","RR-9","GLDS-326","Stat_(Space Flight)v(Ground Control)",1,"flight_positive"
"REACTOME_PINK1_PRKN_MEDIATED_MITOPHAGY",0.066079295154185,0.369228114823042,0.261663521711573,0.407726544827882,1.42919749124873,32,"reactome","Map1lc3a; Ubc; Atg9a; Tomm7; Ube2l3; Uba52; Map1lc3b; Tomm6; Optn; Atg5","gastrocnemius","RR-9","GLDS-326","Stat_(Space Flight)v(Ground Control)",1,"flight_positive"
"REACTOME_PIWI_INTERACTING_RNA_PIRNA_BIOGENESIS",0.8,0.91174270574366,0.0588438169595807,0.240763592962905,0.769750683864129,22,"reactome","Polr2j; Polr2e; Polr2f; Tdrd9; Tdrd6; Polr2c; Polr2h","gastrocnemius","RR-9","GLDS-326","Stat_(Space Flight)v(Ground Control)",1,"flight_positive"
"REACTOME_PI_3K_CASCADE_FGFR1",0.787472035794183,0.907968834374759,0.0619762736001998,0.257248101518062,0.771520797783333,17,"reactome","Fgfr1; Pik3ca; Frs2","gastrocnemius","RR-9","GLDS-326","Stat_(Space Flight)v(Ground Control)",1,"flight_positive"
"REACTOME_PI_3K_CASCADE_FGFR2",0.600355239786856,0.834259878664852,0.0639271933359996,-0.293614352984935,-0.886910744031271,19,"reactome","Ptpn11; Pik3r1; Grb2; Gab1; Fgf1; Fgf9; Fgf10","gastrocnemius","RR-9","GLDS-326","Stat_(Space Flight)v(Ground Control)",1,"flight_positive"
"REACTOME_PI_3K_CASCADE_FGFR3",0.259124087591241,0.661692710271812,0.112378519110475,-0.409837798546488,-1.17143441195403,16,"reactome","Ptpn11; Fgfr3; Pik3r1; Grb2; Gab1; Fgf1","gastrocnemius","RR-9","GLDS-326","Stat_(Space Flight)v(Ground Control)",1,"flight_positive"
"REACTOME_PI_3K_CASCADE_FGFR4",0.544144144144144,0.810911189741273,0.0694481442003175,-0.318520324304706,-0.928647704509459,17,"reactome","Ptpn11; Pik3r1; Grb2; Gab1; Fgf1; Fgf9","gastrocnemius","RR-9","GLDS-326","Stat_(Space Flight)v(Ground Control)",1,"flight_positive"
"REACTOME_PI_METABOLISM",0.075043630017452,0.37347294938918,0.216542836735348,-0.312697554001877,-1.29768808365605,80,"reactome","Inpp5j; Mtmr6; Inpp4b; Rufy1; Mtmr4; Ocrl; Pik3r1; Synj2; Pik3c3; Rab14; Plekha6; Mtmr1; Pip4k2a; Synj1; Pi4kb; Pten; Plekha1; Pikfyve; Inpp4a; Pip5k1b; Pik3r4; Mtmr7; Enpp6; Plekha3; Pik3r2; Sbf2","gastrocnemius","RR-9","GLDS-326","Stat_(Space Flight)v(Ground Control)",1,"flight_positive"
"REACTOME_PKA_ACTIVATION_IN_GLUCAGON_SIGNALLING",0.328193832599119,0.696469383650559,0.109250039480711,0.376542745174732,1.11560804708287,16,"reactome","Adcy2; Prkar2a; Prkaca; Adcy9; Adcy3; Adcy8","gastrocnemius","RR-9","GLDS-326","Stat_(Space Flight)v(Ground Control)",1,"flight_positive"
"REACTOME_PKA_MEDIATED_PHOSPHORYLATION_OF_CREB",0.266514806378132,0.664733899358045,0.12563992130984,0.382953933881498,1.15901648378676,19,"reactome","Adcy2; Prkar2a; Calm1; Prkaca; Adcy9; Adcy3; Creb1; Adcy8","gastrocnemius","RR-9","GLDS-326","Stat_(Space Flight)v(Ground Control)",1,"flight_positive"
"REACTOME_PKMTS_METHYLATE_HISTONE_LYSINES",0.299465240641711,0.690230799155,0.101713902282311,-0.287530114330625,-1.10060569917908,55,"reactome","Rbbp7; Kmt5a; Smyd2; Setd7; Setd2; H4c16; Ezh2; H4c14; Nsd2; Kmt2d; H4c8; Ehmt1; Suz12; Kmt2c; Setd3","gastrocnemius","RR-9","GLDS-326","Stat_(Space Flight)v(Ground Control)",1,"flight_positive"
"REACTOME_PKR_MEDIATED_SIGNALING",0.485008818342152,0.799276601600126,0.0741758965588009,-0.242991963200446,-0.977103374223823,68,"reactome","Ilf3; Eif2s3x; Npm1; Hspa1b; Nck1; Ppp2ca; Tarbp2; Fancg; Mavs; Prkra; Hspa1a; Fancc; Map2k6; Cdk1","gastrocnemius","RR-9","GLDS-326","Stat_(Space Flight)v(Ground Control)",1,"flight_positive"
"REACTOME_PLASMA_LIPOPROTEIN_ASSEMBLY_REMODELING_AND_CLEARANCE",0.237762237762238,0.64406479596353,0.135740943810425,0.278972665149916,1.12794935967894,60,"reactome","Ubc; Ap2s1; Lipa; Ap2a2; Lmf1; Apobr; Prkaca; P4hb; Uba52; Ap2m1; Nr1h2","gastrocnemius","RR-9","GLDS-326","Stat_(Space Flight)v(Ground Control)",1,"flight_positive"
"REACTOME_PLASMA_LIPOPROTEIN_CLEARANCE",0.0650409278952019,0.369228114823042,0.287805130535564,0.423940885275713,1.47623199685774,31,"reactome","Ubc; Ap2s1; Lipa; Ap2a2; Apobr; Uba52; Ap2m1; Nr1h2; Hdlbp; Clta; Ldlr","gastrocnemius","RR-9","GLDS-326","Stat_(Space Flight)v(Ground Control)",1,"flight_positive"
"REACTOME_PLASMA_LIPOPROTEIN_REMODELING",0.943396226415094,0.966890768452252,0.0456790414930062,-0.201649846749363,-0.638597985082744,24,"reactome","Pcsk6; Gpihbp1; Lpl; Apoc2; Cidec; Mbtps1","gastrocnemius","RR-9","GLDS-326","Stat_(Space Flight)v(Ground Control)",1,"flight_positive"
"REACTOME_PLATELET_ACTIVATION_SIGNALING_AND_AGGREGATION",0.135048231511254,0.484904723882691,0.151148761385484,-0.236613733345196,-1.15559257898845,240,"reactome","Vti1b; Crk; Itih3; Flna; Ola1; Fn1; Hspa5; Gng5; Dgkd; Gna13; Dgkq; Fyn; Ptpn11; Actn2; Mapk1; Ptpn1; Apoh; Pcdh7; Pik3r1; Dgkg; Selenop; Serpina3c; Rap1b; Timp1; Lamp2; Vcl; Rapgef4; Mapk14; Pdpk1; Tgfb1; Actn1; F2r; Grb2; Src; Sparc; Cd36; Gnai3; Pros1; Cd109; Rhoa; Calu; Rap1a; Prkcz; Vegfa; Cdc37l1; Itpr3; Endod1; F13a1; Adra2b; Hgf; Gna14; Dgkk; Serpine1; Gnai2; Lcp2; Ctsw; Pik3r2; Tmx3; Prkcg; Sytl4; Gnai1; Trf; Sos1; Gna12; Itih4","gastrocnemius","RR-9","GLDS-326","Stat_(Space Flight)v(Ground Control)",1,"flight_positive"
"REACTOME_PLATELET_AGGREGATION_PLUG_FORMATION",0.151012891344383,0.516079610741492,0.153158808683073,-0.358220713783076,-1.23892914301272,35,"reactome","Crk; Fn1; Ptpn1; Rap1b; Rapgef4; Pdpk1; Grb2; Src; Rap1a; Adra2b; Sos1; Col1a2; Syk; Gp5; Tln1; Apbb1ip; F2","gastrocnemius","RR-9","GLDS-326","Stat_(Space Flight)v(Ground Control)",1,"flight_positive"
"REACTOME_PLATELET_CALCIUM_HOMEOSTASIS",0.721804511278195,0.88092352345488,0.0578529757032509,-0.253909759578138,-0.822541527211551,26,"reactome","Atp2a2; Slc8a2","gastrocnemius","RR-9","GLDS-326","Stat_(Space Flight)v(Ground Control)",1,"flight_positive"
"REACTOME_PLATELET_HOMEOSTASIS",0.736596736596737,0.884641571831534,0.0672065093710464,0.205652440432579,0.883708371129255,80,"reactome","Slc8a1; Gng2; Prkg2; Atp2a1; Pde10a; Calm1; Gng7; Slc8a3; Stim1; Pecam1; Ppp2r1a; Kcnma1; Gnb2; Pde2a; Itpr1; Pde9a; Gng11","gastrocnemius","RR-9","GLDS-326","Stat_(Space Flight)v(Ground Control)",1,"flight_positive"
"REACTOME_PLATELET_SENSITIZATION_BY_LDL",0.58029197080292,0.822074209208504,0.0668966276500666,-0.320904226416399,-0.917236660695702,16,"reactome","Ptpn11; Ppp2ca; Mapk14; Ptpn6; Ppp2r5a; Pla2g4a; Ppp2r1b; Ppp2r5c; Ppp2r5d","gastrocnemius","RR-9","GLDS-326","Stat_(Space Flight)v(Ground Control)",1,"flight_positive"
"REACTOME_POLO_LIKE_KINASE_MEDIATED_EVENTS",0.103130755064457,0.441399631675875,0.188204146308491,-0.488344456413219,-1.35956062862789,15,"reactome","Wee1; Foxm1; Cenpf; Mybl2; Ep300; Pkmyt1; Plk1; Ccnb2; Ccnb1; Cdc25a","gastrocnemius","RR-9","GLDS-326","Stat_(Space Flight)v(Ground Control)",1,"flight_positive"
"REACTOME_POLYMERASE_SWITCHING_ON_THE_C_STRAND_OF_THE_TELOMERE",0.504255319148936,0.802472889429411,0.0819778796501272,0.282290375859713,0.956507457297061,26,"reactome","Pold2; Stn1; Terf2; Chtf8; Terf2ip; Rfc1; Pold4; Rfc4","gastrocnemius","RR-9","GLDS-326","Stat_(Space Flight)v(Ground Control)",1,"flight_positive"
"REACTOME_POSITIVE_EPIGENETIC_REGULATION_OF_RRNA_EXPRESSION",0.727064220183486,0.881040448013964,0.0670512579829467,0.206297236774488,0.867530559304006,71,"reactome","Ercc6; Gsk3b; H2ax; H3c10; Polr2e; H2az2; Polr2f; H2ac19; Polr1e; Mta1; H4c4; Polr1h; Gatad2b; Taf1a; Polr1c; Rbbp4; Hdac2; Gatad2a; H3c4; Mybbp1a; Actb; Polr2h; Ddx21","gastrocnemius","RR-9","GLDS-326","Stat_(Space Flight)v(Ground Control)",1,"flight_positive"
"REACTOME_POSTMITOTIC_NUCLEAR_PORE_COMPLEX_NPC_REFORMATION",0.201127819548872,0.591227381640915,0.132147260608774,-0.37695411134176,-1.22114412201752,26,"reactome","Nup160; Ahctf1; Nup93; Rcc1; Nup107; Tnpo1; Nup37; Nup35","gastrocnemius","RR-9","GLDS-326","Stat_(Space Flight)v(Ground Control)",1,"flight_positive"
"REACTOME_POST_CHAPERONIN_TUBULIN_FOLDING_PATHWAY",0.954296160877514,0.973571877940863,0.0437125833579551,-0.205439170628436,-0.606372879066177,18,"reactome","Tuba1b; Tubb2a; Tbce; Tubb3; Tuba4a; Tbca; Tubb2b; Tubb1; Tuba1a; Tbcc","gastrocnemius","RR-9","GLDS-326","Stat_(Space Flight)v(Ground Control)",1,"flight_positive"
"REACTOME_POST_TRANSLATIONAL_MODIFICATION_SYNTHESIS_OF_GPI_ANCHORED_PROTEINS",0.590747330960854,0.828520209095976,0.0647943366000727,-0.226757435974619,-0.920565873954154,72,"reactome","Dpm1; Gpld1; Pgap1; Gpihbp1; Pigk; Rtn4rl1; Pigs; Ly6h; Cd109; Cd52; Pigx; Fcgr4; Prnd; Mdga1; Pigp; Art3; Ntng1; Xpnpep2; Pigt; Prss41; Sprn","gastrocnemius","RR-9","GLDS-326","Stat_(Space Flight)v(Ground Control)",1,"flight_positive"
"REACTOME_POTASSIUM_CHANNELS",0.987826086956522,0.993396534815299,0.0398406946073899,-0.159031712577195,-0.65336769429715,76,"reactome","Kcns3; Kcnk3; Gng5; Kcnc2; Kcnc1; Kcnv2","gastrocnemius","RR-9","GLDS-326","Stat_(Space Flight)v(Ground Control)",1,"flight_positive"
"REACTOME_POTENTIAL_THERAPEUTICS_FOR_SARS",0.196994991652755,0.589531680440771,0.125033367555272,-0.260642325934643,-1.13208642005076,101,"reactome","Jak2; Atp1b1; Rbbp7; Ripk1; Cul3; Tbk1; Nck1; Ptges3; Itga4; Ap2a1; Itgb1; Sh3kbp1; Il1r1; Stat2; Ighm; Grb2; Jak3; Btk; Iglc1; Ifngr2; Vegfa; Nfe2l2; Iglc2; Crbn","gastrocnemius","RR-9","GLDS-326","Stat_(Space Flight)v(Ground Control)",1,"flight_positive"
"REACTOME_PRC2_METHYLATES_HISTONES_AND_DNA",0.308529945553539,0.695235148514851,0.100990587455923,-0.304760985731956,-1.08563219748801,39,"reactome","Rbbp7; Jarid2; H4c16; Ezh2; H4c14; Phf19; H3f3a; H2ac10; H4c8; Suz12","gastrocnemius","RR-9","GLDS-326","Stat_(Space Flight)v(Ground Control)",1,"flight_positive"
"REACTOME_PRESYNAPTIC_FUNCTION_OF_KAINATE_RECEPTORS",0.287015945330296,0.682510288065844,0.120433371642259,0.374568425258689,1.13363760173621,19,"reactome","Gng2; Gng7; Gnb2; Plcb3; Gng11; Gng12; Plcb1; Gngt2; Gng10; Gng4","gastrocnemius","RR-9","GLDS-326","Stat_(Space Flight)v(Ground Control)",1,"flight_positive"
"REACTOME_PRE_NOTCH_EXPRESSION_AND_PROCESSING",0.351493848857645,0.712307610374394,0.0913924325943768,-0.253462694420939,-1.03793258160098,75,"reactome","Atp2a2; Mfng; Tmed2; Rbpj; Poglut1; Ago1; H4c16; Ccnd1; Tfdp1; H4c14; Sel1l; Ep300; Pofut1; H3f3a; H2ac10; H4c8","gastrocnemius","RR-9","GLDS-326","Stat_(Space Flight)v(Ground Control)",1,"flight_positive"
"REACTOME_PRE_NOTCH_PROCESSING_IN_GOLGI",0.210237659963437,0.604715849894832,0.126875729929857,-0.415299774348119,-1.22579603040972,18,"reactome","Atp2a2; Mfng; Tmed2; Sel1l","gastrocnemius","RR-9","GLDS-326","Stat_(Space Flight)v(Ground Control)",1,"flight_positive"
"REACTOME_PROCESSING_OF_CAPPED_INTRONLESS_PRE_MRNA",0.547008547008547,0.811567464675306,0.0778840111977068,0.270577356552698,0.939380663907632,29,"reactome","Pabpn1; Sympk; Snrpg; Snrpd3; Cpsf3; Ncbp2; Snrpf; Cpsf2; Ncbp1; Clp1; Lsm10","gastrocnemius","RR-9","GLDS-326","Stat_(Space Flight)v(Ground Control)",1,"flight_positive"
"REACTOME_PROCESSING_OF_CAPPED_INTRON_CONTAINING_PRE_MRNA",0.0159906647665882,0.176391869074735,0.352487857583619,0.25786331715318,1.32835429679056,275,"reactome","Lsm6; Snrpd1; Sart1; Polr2j; Snrnp48; Pabpn1; Eif4a3; Bud31; Ubl5; Cwc25; Lsm2; Snrpd2; Rbm8a; Zcrb1; Ppih; Pqbp1; Cactin; Gtf2f1; Sympk; Mfap1a; Polr2e; Ppil1; Lsm7; Nup85; Acin1; Snrpg; Casc3; Ddx39b; Sap18; Puf60; Zmat5; Srrm1; Sf3a2; Nup214; Nsrp1; Aaas; Nkap; Fus; Prkrip1; Snrpd3; Syf2; Hnrnpr; Nup210; Polr2f; Txnl4a; Cpsf3; Ncbp2; Snrpf; U2af2; Gtf2f2; Rbm17; Ppil2; Dhx8; Ccdc12; Nup133; Cpsf2; Srsf4; Snrnp70; Cdc40; Snrnp27; Dhx38; Snrpa; Sf3b5; Rbmx2; Nup62; Ncbp1; Sf3b6; Gcfc2; Gpatch1; Clp1; Phf5a; Snrnp35; Pcbp2; Dnajc8; Lsm4; Ccar1; Lsm3; Prpf19","gastrocnemius","RR-9","GLDS-326","Stat_(Space Flight)v(Ground Control)",1,"flight_positive"
"REACTOME_PROCESSING_OF_DNA_DOUBLE_STRAND_BREAK_ENDS",0.272241992882562,0.674303084223013,0.107554375265169,-0.272458687275932,-1.11006167111166,73,"reactome","Rad50; Rpa3; Rad17; Ube2v2; Atm; H4c16; Brcc3; Exo1; H4c14; Nsd2; Rad1; Atr; Rfc5; Wrn; H4c8; Chek1; Rnf4; Topbp1; Timeless; Rmi2","gastrocnemius","RR-9","GLDS-326","Stat_(Space Flight)v(Ground Control)",1,"flight_positive"
"REACTOME_PROCESSING_OF_INTRONLESS_PRE_MRNAS",0.639198218262806,0.843331804613074,0.072003313661988,0.287415220570497,0.883359648097593,20,"reactome","Pabpn1; Sympk; Cpsf3; Ncbp2; Cpsf2; Ncbp1; Clp1; Cstf3; Cpsf4; Fip1l1","gastrocnemius","RR-9","GLDS-326","Stat_(Space Flight)v(Ground Control)",1,"flight_positive"
"REACTOME_PROCESSING_OF_SMDT1",0.58195211786372,0.822074209208504,0.0672065093710464,-0.326008806287162,-0.907614966840045,15,"reactome","Yme1l1; Micu3; Mcub; Afg3l2; Maip1","gastrocnemius","RR-9","GLDS-326","Stat_(Space Flight)v(Ground Control)",1,"flight_positive"
"REACTOME_PROCESSIVE_SYNTHESIS_ON_THE_C_STRAND_OF_THE_TELOMERE",0.678507992895204,0.859175801654282,0.0580983576873206,-0.278590286335459,-0.841528064352985,19,"reactome","Rpa3; Pot1a; Wrn; Pold3; Fen1; Pcna; Acd; Lig1; Blm; Tinf2","gastrocnemius","RR-9","GLDS-326","Stat_(Space Flight)v(Ground Control)",1,"flight_positive"
"REACTOME_PROCESSIVE_SYNTHESIS_ON_THE_LAGGING_STRAND",0.744014732965009,0.885288507391512,0.0554793308704233,-0.290975391361895,-0.810081246546361,15,"reactome","Rpa3; Prim1; Pold3; Fen1; Pcna","gastrocnemius","RR-9","GLDS-326","Stat_(Space Flight)v(Ground Control)",1,"flight_positive"
"REACTOME_PROGRAMMED_CELL_DEATH",0.440298507462687,0.776614093913427,0.0985499803531691,0.205072500098318,1.00221755076402,185,"reactome","Ubc; Chmp2a; Trp63; Mapt; Psmc4; Psmc3; Sem1; Tjp1; Akt2; Psmb3; Psmb6; H1f4; Unc5a; Prkcq; Acin1; Dbnl; Ube2l3; Psmd2; Ptk2; Bad; Bax; Psmd11; Psmc5; Uba52; Psmd1; Psmb5; Traf2; Psmb4; Psmb1; Adrm1","gastrocnemius","RR-9","GLDS-326","Stat_(Space Flight)v(Ground Control)",1,"flight_positive"
"REACTOME_PROSTACYCLIN_SIGNALLING_THROUGH_PROSTACYCLIN_RECEPTOR",0.527964205816555,0.806332568380574,0.0822054920415869,0.318920344033651,0.956483942179458,17,"reactome","Gng2; Gng7; Gnb2; Gng11; Gng12; Gngt2; Gng10; Gng4","gastrocnemius","RR-9","GLDS-326","Stat_(Space Flight)v(Ground Control)",1,"flight_positive"
"REACTOME_PROTEASOME_ASSEMBLY",0.00086718314513218,0.0281177565239828,0.477270815362862,0.472573454597541,1.85228520439451,49,"reactome","Psmd9; Psmc4; Psme3; Psmc3; Sem1; Psmd4; Psmb3; Psmb6; Psmb10; Psmd2; Pomp; Psmd11; Psmc5; Psmd1; Psmb5; Psmb4; Psmb1; Adrm1","gastrocnemius","RR-9","GLDS-326","Stat_(Space Flight)v(Ground Control)",1,"flight_positive"
"REACTOME_PROTEIN_FOLDING",0.563549160671463,0.819290219997915,0.0824344091527096,0.220795406905677,0.956790975309684,87,"reactome","Fbxw7; Pfdn6; Gng2; Pfdn1; Csnk2b; Pfdn5; Gng7; Pfdn2; Arl2; Gnb2; Trp53; Tuba8; Fbxo6; Hdac3; Gna11; Gng11; Tubb4a; Gng12; Rgs6; Rgs7; Fbxo4; Actb; Xrn2; Cct3; Cct5; Gna15; Tubb4b; Dcaf7; Tbcb; Gngt2; Gng10; Wrap53; Fbxw4; Gng4","gastrocnemius","RR-9","GLDS-326","Stat_(Space Flight)v(Ground Control)",1,"flight_positive"
"REACTOME_PROTEIN_HYDROXYLATION",0.00653810468850238,0.108521577968805,0.407017918923954,0.596166671071295,1.80430839775554,19,"reactome","Rpl27a; Rps6; Rpl8; Rwdd1; Rccd1; Drg1; Asph; Rps23; Etf1; U2af2; Drg2","gastrocnemius","RR-9","GLDS-326","Stat_(Space Flight)v(Ground Control)",1,"flight_positive"
"REACTOME_PROTEIN_LOCALIZATION",0.0509519286706545,0.336534343688891,0.321775918075361,-0.277939847387826,-1.28540373967602,154,"reactome","Nudt7; Cat; Mtx2; Pex13; Atad1; Abcd3; Pex12; Acbd5; Timm8a1; Nudt19; Pex1; Caml; Slc25a12; Phyh; Cyc1; Timm21; Zfand6; Ephx2; Coq2; Baat; Vdac1; Hacl1; Hsd17b4; Mlycd; Pex5; Slc25a4; Ube2d2a; Acox1; Acot4; Hmox1; Pex19; Chchd3; Fxn; Aco2; Slc25a17; Slc27a2; Pxmp4; Idh1","gastrocnemius","RR-9","GLDS-326","Stat_(Space Flight)v(Ground Control)",1,"flight_positive"
"REACTOME_PROTEIN_METHYLATION",0.0858538285378387,0.401381220783718,0.287805130535564,0.503769018889683,1.51086936330609,17,"reactome","Rps2; Calm1; Eef1akmt2; Etfbkmt; Etfb; Mettl22; Prmt3","gastrocnemius","RR-9","GLDS-326","Stat_(Space Flight)v(Ground Control)",1,"flight_positive"
"REACTOME_PROTEIN_PROTEIN_INTERACTIONS_AT_SYNAPSES",0.739130434782609,0.884641571831534,0.0531298054705469,-0.211611228062443,-0.869385972935649,76,"reactome","Syt12; Flot2; Ppfia1; Gria4; Grin2d; Begain; Syt1; Nlgn2; Homer2; Slitrk5; Lrfn4; Slitrk2; Lrrtm1; Flot1; Epb41l1; Homer3; Pdlim5; Gria1; Syt9; Il1rap","gastrocnemius","RR-9","GLDS-326","Stat_(Space Flight)v(Ground Control)",1,"flight_positive"
"REACTOME_PROTEIN_UBIQUITINATION",0.46031746031746,0.786458723583415,0.0768736734126542,-0.245342233928721,-0.986554129008836,68,"reactome","Pex13; Ube2g1; Pex12; Cdc73; Uchl3; Ube2v2; Hltf; Ube2z; Pex5; Uba6; Ube2d2a","gastrocnemius","RR-9","GLDS-326","Stat_(Space Flight)v(Ground Control)",1,"flight_positive"
"REACTOME_PTEN_REGULATION",0.0772946859903382,0.381130479307197,0.252961123069611,0.270961033213483,1.25083595905299,125,"reactome","Ubc; Psmc4; Psmc3; Sem1; Akt2; Psmb3; Psmb6; Slc38a9; Csnk2b; Lamtor2; Lamtor4; Usp13; Psmd2; Tnrc6a; Psmd11; Psmc5; Uba52; Psmd1; Hdac5; Prex2; Rragb; Psmb5; Maf1; Psmb4; Psmb1; Adrm1; Ago3; Trp53; Ago4; Hdac3; Psmc2; Mta1; Tnrc6b; Sall4","gastrocnemius","RR-9","GLDS-326","Stat_(Space Flight)v(Ground Control)",1,"flight_positive"
"REACTOME_PURINERGIC_SIGNALING_IN_LEISHMANIASIS_INFECTION",0.870544090056285,0.945667184122056,0.0490939668192139,-0.228066024676503,-0.713822164672074,23,"reactome","Gsdmd; Hmox1; Mefv; Casp1; Txn1; Il1b; Entpd5; Nfkb1; Pstpip1; P2rx7","gastrocnemius","RR-9","GLDS-326","Stat_(Space Flight)v(Ground Control)",1,"flight_positive"
"REACTOME_PURINE_CATABOLISM",0.621145374449339,0.839512084119504,0.0728938564822936,0.295629426932266,0.8758808179589,16,"reactome","Nt5c2; Nt5c; Nudt16; Nudt5; Gda","gastrocnemius","RR-9","GLDS-326","Stat_(Space Flight)v(Ground Control)",1,"flight_positive"
"REACTOME_PYROPTOSIS",0.474671669793621,0.796079446205603,0.0785029047348687,-0.317269049750404,-0.99301805342345,23,"reactome","Irf1; Gzmb; Gsdmd; Chmp4b; Cycs; Chmp3; Chmp4c; Casp1; Il1b; Chmp7; Chmp2b","gastrocnemius","RR-9","GLDS-326","Stat_(Space Flight)v(Ground Control)",1,"flight_positive"
"REACTOME_PYRUVATE_METABOLISM",0.00233269821022807,0.0589896343408554,0.431707695803346,-0.487244555707794,-1.78514532458159,44,"reactome","Wdr26; Dld; Dlat; Pdhb; Fahd1; Mpc1; Pdhx; Gid4; Mpc2; Vdac1; Me1; Rmnd5a","gastrocnemius","RR-9","GLDS-326","Stat_(Space Flight)v(Ground Control)",1,"flight_positive"
"REACTOME_RAB_GEFS_EXCHANGE_GTP_FOR_GDP_ON_RABS",0.604938271604938,0.837035433354983,0.0632191170859458,-0.220175280641606,-0.918335215815519,84,"reactome","Chm; Trappc6b; Rab21; Dennd4c; Dennd4a; Rab10; Rab1a; Rab12; Rab14; Rab3gap2; Trappc2l; Chml; Madd; Rab18; Ccz1; Dennd2d; Trappc2; Rin1; Rab27a; Rab3gap1; Sbf2; Rinl; Trappc8; Trappc12; Trappc5","gastrocnemius","RR-9","GLDS-326","Stat_(Space Flight)v(Ground Control)",1,"flight_positive"
"REACTOME_RAB_GERANYLGERANYLATION",0.720353982300885,0.88092352345488,0.0551351763385257,-0.221677207247497,-0.860843405371271,58,"reactome","Chm; Rab3c; Rab21; Rab34; Rab10; Rab1a; Rab12; Rab43; Rab14","gastrocnemius","RR-9","GLDS-326","Stat_(Space Flight)v(Ground Control)",1,"flight_positive"
"REACTOME_RAB_REGULATION_OF_TRAFFICKING",0.264058679706601,0.661692710271812,0.131457611642763,0.241499588695458,1.09234132621561,115,"reactome","Dennd2c; Rab13; Tbc1d16; Rab38; Dennd1a; Akt2; Tsc2; Rab7; Rab5c; Dennd1c; Ankrd27; Tsc1; Rab11b; Tbc1d10b; Ric1; Map1lc3b; Mon1a; Tbc1d2; Dennd4b; Hps1; Tbc1d20; Optn; Gabarap; Gga2; Als2; Dennd6b; Gdi2; Trappc6a; Dennd6a; Rab3a; Als2cl; Rab8a","gastrocnemius","RR-9","GLDS-326","Stat_(Space Flight)v(Ground Control)",1,"flight_positive"
"REACTOME_RAC1_GTPASE_CYCLE",0.904841402337229,0.951996362341037,0.0419926218968594,-0.17226930551473,-0.817137738434199,179,"reactome","Sos2; Slc1a5; Wipf1; Dock5; Tfrc; Gna13; Arhgap22; Pld1; Dock11; Arhgef6; Wasl; Itgb1; Plekhg2; Pik3r1; Abi1; Vamp3; Garre1; Ect2; Ncf2; Nckap1; Nhs; Dock8; Arhgap35; Arap1","gastrocnemius","RR-9","GLDS-326","Stat_(Space Flight)v(Ground Control)",1,"flight_positive"
"REACTOME_RAC2_GTPASE_CYCLE",0.668981481481482,0.856724921087074,0.0716527366829457,0.207696292734008,0.905052684277694,85,"reactome","Ophn1; Trio; Rab7; Pik3r3; Mcam; Ncf4; Pik3ca; Cdc42ep4; Taok3; Vav2; Arhgdia; Def6; Abr; Syde1; Emd; Arhgap26; Git1; Vangl1; Cyba; Cybb; Baiap2l1; Pak2","gastrocnemius","RR-9","GLDS-326","Stat_(Space Flight)v(Ground Control)",1,"flight_positive"
"REACTOME_RAC3_GTPASE_CYCLE",0.831034482758621,0.920504033697437,0.0473534245254193,-0.193927965659937,-0.816324256129551,88,"reactome","Slc1a5; Tfrc; Ocrl; Itgb1; Pik3r1; Abi1; Vamp3; Garre1; Ncf2; Nckap1; Nhs; Arhgap35; Slitrk5; Esyt1; Pik3r2; Arhgap42; Ncf1; Arhgap15; Erbin; Jag1; Tmpo; Arhgap21; Cav1; Wasf1; Pak1; Nckap1l; Arhgap17","gastrocnemius","RR-9","GLDS-326","Stat_(Space Flight)v(Ground Control)",1,"flight_positive"
"REACTOME_RAF_ACTIVATION",0.427312775330396,0.767155485911953,0.0931454575337804,0.293284074489842,1.02804408690396,32,"reactome","Ksr1; Raf1; Calm1; Camk2b; Mras; Camk2a; Ppp2r1a; Braf; Nras; Hras; Map2k2; Ppp2r5e; Brap","gastrocnemius","RR-9","GLDS-326","Stat_(Space Flight)v(Ground Control)",1,"flight_positive"
"REACTOME_RAF_INDEPENDENT_MAPK1_3_ACTIVATION",0.342105263157895,0.700825841096782,0.096887770327544,-0.357782139529771,-1.10371177269799,22,"reactome","Jak2; Dusp7; Ptpn11; Mapk1; Dusp5; Map2k1; Cdk1","gastrocnemius","RR-9","GLDS-326","Stat_(Space Flight)v(Ground Control)",1,"flight_positive"
"REACTOME_RAP1_SIGNALLING",0.410681399631676,0.76258793039615,0.0852884689790502,-0.372561554607566,-1.03721873921765,15,"reactome","Prkg1; Prkacb; Rap1b; Rapgef4; Rap1a","gastrocnemius","RR-9","GLDS-326","Stat_(Space Flight)v(Ground Control)",1,"flight_positive"
"REACTOME_RAS_ACTIVATION_UPON_CA2_INFLUX_THROUGH_NMDA_RECEPTOR",0.847380410022779,0.929945680742947,0.0593487680335629,0.246074592714066,0.744748869155028,19,"reactome","Calm1; Camk2b; Camk2a; Nras; Hras","gastrocnemius","RR-9","GLDS-326","Stat_(Space Flight)v(Ground Control)",1,"flight_positive"
"REACTOME_RAS_PROCESSING",0.00831474646324089,0.121873681036545,0.380730400722792,0.55708926842504,1.78108259669315,22,"reactome","Ubc; Abhd17a; Prkg2; Calm1; Prkcq; Zdhhc9; Uba52; Fntb; Arl2; Nras; Hras","gastrocnemius","RR-9","GLDS-326","Stat_(Space Flight)v(Ground Control)",1,"flight_positive"
"REACTOME_RA_BIOSYNTHESIS_PATHWAY",0.565765765765766,0.820318071601769,0.0675188953767744,-0.313933222296624,-0.915273984137125,17,"reactome","Aldh1a2; Adh1","gastrocnemius","RR-9","GLDS-326","Stat_(Space Flight)v(Ground Control)",1,"flight_positive"
"REACTOME_RECEPTOR_TYPE_TYROSINE_PROTEIN_PHOSPHATASES",0.29082774049217,0.683924576542026,0.118287526124085,0.375605454960475,1.12649002481571,17,"reactome","Ppfibp1; Ppfia4; Slitrk3","gastrocnemius","RR-9","GLDS-326","Stat_(Space Flight)v(Ground Control)",1,"flight_positive"
"REACTOME_RECOGNITION_AND_ASSOCIATION_OF_DNA_GLYCOSYLASE_WITH_SITE_CONTAINING_AN_AFFECTED_PURINE",0.959139784946237,0.97428613053613,0.0509082865515105,0.189970346581611,0.648687338139981,28,"reactome","H2ax; H2az2; Terf2; H2ac19; Terf2ip; H4c4; Ogg1","gastrocnemius","RR-9","GLDS-326","Stat_(Space Flight)v(Ground Control)",1,"flight_positive"
"REACTOME_RECOGNITION_OF_DNA_DAMAGE_BY_PCNA_CONTAINING_REPLICATION_COMPLEX",0.53862660944206,0.808317632683035,0.0789209638180035,0.274246265910048,0.953047701662699,30,"reactome","Ubc; Pold2; Uba52; Wdr48; Rfc1; Rbx1; Pold4; Rfc4","gastrocnemius","RR-9","GLDS-326","Stat_(Space Flight)v(Ground Control)",1,"flight_positive"
"REACTOME_RECRUITMENT_OF_MITOTIC_CENTROSOME_PROTEINS_AND_COMPLEXES",0.258347978910369,0.661692710271812,0.110122263835536,-0.270386197244582,-1.11722151317099,79,"reactome","Cdk5rap2; Nedd1; Pafah1b1; Odf2; Cep76; Cep72; Nme7; Ccp110; Haus5; Haus1; Pcm1; Cep152; Tubgcp5; Cdk1; Haus6; Cep57; Mzt1; Ywhag; Sfi1; Cep70; Plk4; Tubgcp3; Pcnt; Cep250; Prkar2b","gastrocnemius","RR-9","GLDS-326","Stat_(Space Flight)v(Ground Control)",1,"flight_positive"
"REACTOME_RECRUITMENT_OF_NUMA_TO_MITOTIC_CENTROSOMES",0.324786324786325,0.696469383650559,0.0943563635421779,-0.254030812200888,-1.0703144104575,87,"reactome","Cdk5rap2; Nedd1; Pafah1b1; Odf2; Cep76; Cep72; Nme7; Ccp110; Haus5; Haus1; Pcm1; Cep152; Tubgcp5; Cdk1; Haus6; Cep57; Mzt1; Ywhag; Sfi1; Cep70; Plk4; Tubgcp3; Tuba1b; Pcnt; Cep250; Prkar2b","gastrocnemius","RR-9","GLDS-326","Stat_(Space Flight)v(Ground Control)",1,"flight_positive"
"REACTOME_RECYCLING_PATHWAY_OF_L1",0.80794701986755,0.913851280399871,0.0601186142531851,0.217429071085165,0.811172527971753,41,"reactome","Ap2s1; Ap2a2; Rps6ka2; Dnm2; Numb; Rps6ka3; Ap2m1; Tuba8; Clta; Tubb4a; Ezr; Rps6ka1; Actb; Tubb4b; Shtn1","gastrocnemius","RR-9","GLDS-326","Stat_(Space Flight)v(Ground Control)",1,"flight_positive"
"REACTOME_REGULATED_NECROSIS",0.44582593250444,0.780742631390755,0.0789209638180035,-0.264925560814417,-1.01079130250149,54,"reactome","Flot2; Ripk1; Irf1; Gzmb; Tnfsf10; Gsdmd; Xiap; Chmp4b; Cycs; Ripk3; Chmp3; Flot1; Birc2; Chmp4c; Casp1; Ogt; Peli1; Fasl; Pdcd6ip; Il1b; Chmp7; Chmp2b; Cflar","gastrocnemius","RR-9","GLDS-326","Stat_(Space Flight)v(Ground Control)",1,"flight_positive"
"REACTOME_REGULATION_OF_APOPTOSIS",0.00903518925498401,0.130643952740985,0.380730400722792,0.458357091620002,1.69770723043842,40,"reactome","Ubc; Psmc4; Psmc3; Sem1; Psmb3; Psmb6; Psmd2; Psmd11; Psmc5; Uba52; Psmd1; Psmb5; Psmb4; Psmb1; Adrm1","gastrocnemius","RR-9","GLDS-326","Stat_(Space Flight)v(Ground Control)",1,"flight_positive"
"REACTOME_REGULATION_OF_BETA_CELL_DEVELOPMENT",0.716165413533835,0.878780954680279,0.0582216241124161,-0.264810981599719,-0.816907736969362,22,"reactome","Gck; Rbpj","gastrocnemius","RR-9","GLDS-326","Stat_(Space Flight)v(Ground Control)",1,"flight_positive"
"REACTOME_REGULATION_OF_CHOLESTEROL_BIOSYNTHESIS_BY_SREBP_SREBF",0.284403669724771,0.681428501445158,0.121543282035469,0.270604688461245,1.09042628027273,56,"reactome","Ncoa1; Srebf1; Mvk; Acaca; Smarcd3; Elovl6; Tm7sf2; Dhcr7; Hmgcs1; Sec24c; Kpnb1; Hmgcr; Fdps; Srebf2; Ncoa2; Rxra; Idi1","gastrocnemius","RR-9","GLDS-326","Stat_(Space Flight)v(Ground Control)",1,"flight_positive"
"REACTOME_REGULATION_OF_ENDOGENOUS_RETROELEMENTS",0.315165876777251,0.696469383650559,0.116739204791222,0.245660577332137,1.06830246567904,88,"reactome","Bcl7c; Dpf3; Smarce1; H2ax; Ss18l1; H3c10; Smarcd3; Zfp354a; Smarcb1; H2az2; Cbx5; Smarcc2; Zfp454; H2ac19; Arid1a; Mta1; H4c4; Ube2i; Dnmt3a; Gatad2b; Smarca4; Rbbp4; Hdac2; Gatad2a; H3c4; Zfp160","gastrocnemius","RR-9","GLDS-326","Stat_(Space Flight)v(Ground Control)",1,"flight_positive"
"REACTOME_REGULATION_OF_ENDOGENOUS_RETROELEMENTS_BY_KRAB_ZFP_PROTEINS",0.671981776765376,0.856968747279533,0.070619624712259,0.221085665551803,0.886602568211053,54,"reactome","H2ax; H3c10; Zfp354a; H2az2; Cbx5; Zfp454; H2ac19; Mta1; H4c4; Ube2i; Gatad2b; Rbbp4; Hdac2; Gatad2a; H3c4; Zfp160","gastrocnemius","RR-9","GLDS-326","Stat_(Space Flight)v(Ground Control)",1,"flight_positive"
"REACTOME_REGULATION_OF_ENDOGENOUS_RETROELEMENTS_BY_PIWI_INTERACTING_RNAS_PIRNAS",0.0951276102088167,0.422350800512174,0.222056046145248,0.312446680205571,1.27963554257475,63,"reactome","Bcl7c; Dpf3; Smarce1; H2ax; Ss18l1; H3c10; Smarcd3; Smarcb1; H2az2; Smarcc2; H2ac19; Arid1a; Mta1; H4c4; Dnmt3a; Gatad2b; Smarca4; Rbbp4; Hdac2; Gatad2a; H3c4","gastrocnemius","RR-9","GLDS-326","Stat_(Space Flight)v(Ground Control)",1,"flight_positive"
"REACTOME_REGULATION_OF_ENDOGENOUS_RETROELEMENTS_BY_THE_HUMAN_SILENCING_HUB_HUSH_COMPLEX",0.666666666666667,0.855315747402078,0.060640400949416,-0.250576945489938,-0.883616187127713,37,"reactome","Mtrex; Mphosph8; H4c16; H4c14; H3f3a; H2ac10; H4c8; Ehmt1; Tasor; Atf7ip; H2bc18; H3c7","gastrocnemius","RR-9","GLDS-326","Stat_(Space Flight)v(Ground Control)",1,"flight_positive"
"REACTOME_REGULATION_OF_EXPRESSION_OF_SLITS_AND_ROBOS",3.02604865553699e-27,1.61893603071229e-24,1.3575740855908,0.665254365865052,3.15043726875483,144,"reactome","Rps27; Rps26; Ubc; Rpl28; Rpl27a; Rps17; Rpl21; Rpl17; Rpl14; Rpl18a; Rpl24; Rpl27; Rpl19; Rpl6; Rpl15; Rpl22; Rpl26; Rpsa; Rps11; Rps16; Rpl32; Psmc4; Eif4a3; Rps18; Rpl13a; Rps28; Rpl13; Rpl35; Rpl37a; Rps6; Rps29; Rpl7; Rps15a; Rpl8; Rpl35a; Rps19; Psmc3; Fau; Sem1; Rpl3l; Rpl36; Rpl31; Rpl29; Psmb3; Rps25; Psmb6; Rps15; Rbm8a; Rpl18; Rps2; Rpl12; Rpl7a; Rpl36a; Rps12; Rps21; Rpl5; Msi1; Rpl38; Rpl10; Rps20; Rpl23; Casc3; Psmd2; Elob; Rps14; Rplp1; Rps3a1; Psmd11; Psmc5; Uba52; Rps5; Psmd1; Psmb5; Rps7; Psmb4; Psmb1; Adrm1; Rps23; Ncbp2; Slit1; Etf1; Rps13; Rpl10a","gastrocnemius","RR-9","GLDS-326","Stat_(Space Flight)v(Ground Control)",1,"flight_positive"
"REACTOME_REGULATION_OF_FZD_BY_UBIQUITINATION",0.486288848263254,0.799276601600126,0.0758886900606117,-0.327486223050333,-0.966606140971503,18,"reactome","Rspo3; Rnf43; Lgr4; Fzd5; Lrp6","gastrocnemius","RR-9","GLDS-326","Stat_(Space Flight)v(Ground Control)",1,"flight_positive"
"REACTOME_REGULATION_OF_GLUCOKINASE_BY_GLUCOKINASE_REGULATORY_PROTEIN",0.166666666666667,0.539782227940801,0.14641623786055,-0.374112867119387,-1.24891806670769,29,"reactome","Gck; Nup160; Nup93; Nup88; Nup107; Ranbp2; Nup37; Nup35","gastrocnemius","RR-9","GLDS-326","Stat_(Space Flight)v(Ground Control)",1,"flight_positive"
"REACTOME_REGULATION_OF_HOMOTYPIC_CELL_CELL_ADHESION",0.619850187265918,0.839512084119504,0.0649407684612899,-0.26585762948184,-0.887524663849618,29,"reactome","Ilf3; Amot; Ctnnb1; Ago1; Cdh11; Sp1; Ctnna1; Cdh19; Foxf1; Prdm8; Ago2","gastrocnemius","RR-9","GLDS-326","Stat_(Space Flight)v(Ground Control)",1,"flight_positive"
"REACTOME_REGULATION_OF_HSF1_MEDIATED_HEAT_SHOCK_RESPONSE",0.0921739130434783,0.417907148120855,0.193813302725311,-0.31227816973498,-1.28296717951798,76,"reactome","Nup160; Hspa5; Bag3; Rpa3; Hspa1b; Nup93; Mapk1; Atm; Nup88; Sirt1; Hspa1a; Atr; Nup107; Hikeshi; Ranbp2; Nup37; Nup35; Mrpl18; Col4a6; Ccar2; Serpinh1; St13","gastrocnemius","RR-9","GLDS-326","Stat_(Space Flight)v(Ground Control)",1,"flight_positive"
"REACTOME_REGULATION_OF_INSULIN_LIKE_GROWTH_FACTOR_IGF_TRANSPORT_AND_UPTAKE_BY_INSULIN_LIKE_GROWTH_FACTOR_BINDING_PROTEINS_IGFBPS",0.818627450980392,0.918167057179266,0.0645031249656493,0.191289817726435,0.841506804927035,94,"reactome","Fam20c; Mfge8; Ano8; Igfbp6; Men1; Cst3; P4hb; Qsox1; Serpinc1; Mxra8; Eva1a; Kng2; Gas6; Fam20a; Igfbp4; Igf2; Igfals; Nucb1; Msln; Hrc","gastrocnemius","RR-9","GLDS-326","Stat_(Space Flight)v(Ground Control)",1,"flight_positive"
"REACTOME_REGULATION_OF_INSULIN_SECRETION",0.418149466192171,0.763430146018624,0.0824344091527096,-0.248942902862268,-1.01063208777744,72,"reactome","Kcns3; Gng5; Cacnb2; Kcnc2; Acsl4; Ahcyl1; Acsl3; Adcy6; Prkacb; Rapgef4; Cd36; Rap1a; Itpr3; Adcy5; Gna14; Gnai2; Prkar2b; Prkar1b; Gnai1","gastrocnemius","RR-9","GLDS-326","Stat_(Space Flight)v(Ground Control)",1,"flight_positive"
"REACTOME_REGULATION_OF_KIT_SIGNALING",0.0288074595933643,0.237107552037691,0.352487857583619,-0.564950502394579,-1.6147911732467,16,"reactome","Kitl; Fyn; Sh2b3; Kit; Cbl; Grb2; Src; Sos1; Socs6; Ptpn6","gastrocnemius","RR-9","GLDS-326","Stat_(Space Flight)v(Ground Control)",1,"flight_positive"
"REACTOME_REGULATION_OF_LIPID_METABOLISM_BY_PPARALPHA",0.616806722689076,0.838996948272679,0.059989249649033,-0.211231406123075,-0.935523414615125,112,"reactome","Arnt2; Ugt1a7c; Cdk19; Alas1; Sin3a; Acadm; Ncoa6; Txnrd1; Me1; Med12; G0s2; Cd36; Pparg; Ep300; Acox1; Pex11a; Ppara; Cyp1a1; Ncor2; Med17; Hmgcs2; Grhl1; Sp1; Cpt2; Med7; Slc27a1; Abca1; Med21; Thrap3; Tnfrsf21; Chd9; Fdft1; Med8; Med30; Nfyb","gastrocnemius","RR-9","GLDS-326","Stat_(Space Flight)v(Ground Control)",1,"flight_positive"
"REACTOME_REGULATION_OF_MECP2_EXPRESSION_AND_ACTIVITY",0.0622317596566524,0.369228114823042,0.266350657088526,0.413916592538404,1.4384234399318,30,"reactome","Calm1; Hipk2; Camk2b; Prkaca; Camk2a; Tnrc6a; Ago3; Ago4; Hdac3; Tnrc6b; Creb1; Camk4; Gps2; Hdac2; Mecp2; Lbr","gastrocnemius","RR-9","GLDS-326","Stat_(Space Flight)v(Ground Control)",1,"flight_positive"
"REACTOME_REGULATION_OF_MITF_M_DEPENDENT_GENES_INVOLVED_IN_APOPTOSIS",0.786496350364963,0.907968834374759,0.0524827622635459,-0.269270332956478,-0.769652128872049,16,"reactome","Sin3a; Ago1; Mitf; Trpm1","gastrocnemius","RR-9","GLDS-326","Stat_(Space Flight)v(Ground Control)",1,"flight_positive"
"REACTOME_REGULATION_OF_MITF_M_DEPENDENT_GENES_INVOLVED_IN_CELL_CYCLE_AND_PROLIFERATION",0.325411334552102,0.696469383650559,0.0982123351217438,-0.371148218298022,-1.09547859349907,18,"reactome","Met; Ctnnb1; Sin3a; Ccnd1; Mitf","gastrocnemius","RR-9","GLDS-326","Stat_(Space Flight)v(Ground Control)",1,"flight_positive"
"REACTOME_REGULATION_OF_MITF_M_DEPENDENT_GENES_INVOLVED_IN_LYSOSOME_BIOGENESIS_AND_AUTOPHAGY",0.63758389261745,0.84293792627126,0.0723570851036907,0.293220173855413,0.879405760913697,17,"reactome","Atp6v1f; Atp6v1d; Atp6v0d1; Atp6v1a; Atp6v0e2","gastrocnemius","RR-9","GLDS-326","Stat_(Space Flight)v(Ground Control)",1,"flight_positive"
"REACTOME_REGULATION_OF_MITF_M_DEPENDENT_GENES_INVOLVED_IN_PIGMENTATION",0.087527352297593,0.407192465036628,0.224966093540314,0.373154769580862,1.3483003891479,36,"reactome","Bcl7c; Dpf3; Smarce1; Akt2; Ss18l1; Smarcd3; Smarcb1; Smarcc2; Arid1a; Creb1; Smarca4; Sytl2; Tfap2a; Actb","gastrocnemius","RR-9","GLDS-326","Stat_(Space Flight)v(Ground Control)",1,"flight_positive"
"REACTOME_REGULATION_OF_MRNA_STABILITY_BY_PROTEINS_THAT_BIND_AU_RICH_ELEMENTS",0.0707376050458059,0.369658078182867,0.287805130535564,0.328339749104934,1.38357065088026,73,"reactome","Ubc; Psmc4; Psmc3; Sem1; Psmb3; Psmb6; Psmd2; Nup214; Psmd11; Psmc5; Uba52; Zfp36; Exosc1; Psmd1; Psmb5; Psmb4; Psmb1; Adrm1; Exosc8; Dis3; Elavl1; Psmc2","gastrocnemius","RR-9","GLDS-326","Stat_(Space Flight)v(Ground Control)",1,"flight_positive"
"REACTOME_REGULATION_OF_NF_KAPPA_B_SIGNALING",0.224175824175824,0.627646249382542,0.135740943810425,0.399414407371212,1.20352399033544,18,"reactome","Ubc; Uba52; Traf2; Trp53","gastrocnemius","RR-9","GLDS-326","Stat_(Space Flight)v(Ground Control)",1,"flight_positive"
"REACTOME_REGULATION_OF_ORNITHINE_DECARBOXYLASE_ODC",0.0232833186467625,0.212932914119965,0.352487857583619,0.420842127589032,1.54798824654682,38,"reactome","Oaz3; Psmc4; Psmc3; Sem1; Psmb3; Psmb6; Psmd2; Psmd11; Psmc5; Psmd1; Psmb5; Psmb4; Psmb1; Adrm1","gastrocnemius","RR-9","GLDS-326","Stat_(Space Flight)v(Ground Control)",1,"flight_positive"
"REACTOME_REGULATION_OF_PLK1_ACTIVITY_AT_G2_M_TRANSITION",0.617094017094017,0.838996948272679,0.0607719451853533,-0.218339051032203,-0.919933415402296,87,"reactome","Cdk5rap2; Nedd1; Ppp1cb; Pafah1b1; Skp1; Odf2; Cep76; Cep72; Ccp110; Haus5; Haus1; Pcm1; Cep152; Cdk1; Haus6; Cep57; Ppp1r12b; Ywhag; Sfi1; Cep70; Plk4; Pcnt; Cep250; Prkar2b","gastrocnemius","RR-9","GLDS-326","Stat_(Space Flight)v(Ground Control)",1,"flight_positive"
"REACTOME_REGULATION_OF_PTEN_GENE_TRANSCRIPTION",0.273996509598604,0.675451747810305,0.105920292736253,-0.28382195410692,-1.11671391313029,60,"reactome","Rbbp7; Cbx8; Cbx4; Mapk1; Mlst8; Phc3; Lamtor3; Rheb; Ezh2; Mtor; Pparg; Pten; Cbx2","gastrocnemius","RR-9","GLDS-326","Stat_(Space Flight)v(Ground Control)",1,"flight_positive"
"REACTOME_REGULATION_OF_PTEN_STABILITY_AND_ACTIVITY",0.00454449144082912,0.09004825632754,0.407017918923954,0.431075353242636,1.73705746425359,56,"reactome","Ubc; Psmc4; Psmc3; Sem1; Akt2; Psmb3; Psmb6; Csnk2b; Usp13; Psmd2; Psmd11; Psmc5; Uba52; Psmd1; Prex2; Psmb5; Psmb4; Psmb1; Adrm1","gastrocnemius","RR-9","GLDS-326","Stat_(Space Flight)v(Ground Control)",1,"flight_positive"
"REACTOME_REGULATION_OF_PYRUVATE_METABOLISM",0.0184279706526601,0.191436199983945,0.352487857583619,-0.467889512735559,-1.59377817158353,32,"reactome","Wdr26; Dld; Dlat; Pdhb; Pdhx; Gid4; Me1; Rmnd5a","gastrocnemius","RR-9","GLDS-326","Stat_(Space Flight)v(Ground Control)",1,"flight_positive"
"REACTOME_REGULATION_OF_RAS_BY_GAPS",0.0212029547398911,0.211457625265872,0.352487857583619,0.375849557830151,1.51119182306546,55,"reactome","Ubc; Rasal3; Psmc4; Psmc3; Sem1; Psmb3; Psmb6; Psmd2; Psmd11; Psmc5; Uba52; Psmd1; Psmb5; Psmb4; Psmb1; Adrm1; Dab2ip; Rbx1; Psmc2; Nras; Hras","gastrocnemius","RR-9","GLDS-326","Stat_(Space Flight)v(Ground Control)",1,"flight_positive"
"REACTOME_REGULATION_OF_RUNX1_EXPRESSION_AND_ACTIVITY",0.616216216216216,0.838996948272679,0.0633597010643758,-0.307634152779567,-0.896909013360675,17,"reactome","Ptpn11; Ago1; Ccnd1; Src","gastrocnemius","RR-9","GLDS-326","Stat_(Space Flight)v(Ground Control)",1,"flight_positive"
"REACTOME_REGULATION_OF_RUNX2_EXPRESSION_AND_ACTIVITY",0.00659243230651621,0.108521577968805,0.407017918923954,0.40901377131807,1.64453636796975,55,"reactome","Ubc; Gsk3b; Psmc4; Psmc3; Sem1; Psmb3; Psmb6; Cul1; Psmd2; Twist1; Psmd11; Psmc5; Uba52; Psmd1; Psmb5; Psmb4; Psmb1; Adrm1","gastrocnemius","RR-9","GLDS-326","Stat_(Space Flight)v(Ground Control)",1,"flight_positive"
"REACTOME_REGULATION_OF_RUNX3_EXPRESSION_AND_ACTIVITY",0.0161637147991097,0.17648137586783,0.352487857583619,0.417221852266118,1.58613482076596,45,"reactome","Ubc; Psmc4; Psmc3; Sem1; Psmb3; Psmb6; Psmd2; Psmd11; Psmc5; Uba52; Psmd1; Psmb5; Psmb4; Psmb1; Adrm1","gastrocnemius","RR-9","GLDS-326","Stat_(Space Flight)v(Ground Control)",1,"flight_positive"
"REACTOME_REGULATION_OF_SIGNALING_BY_CBL",0.570212765957447,0.822035709540836,0.0755015292281669,0.2844215020239,0.909330364256076,22,"reactome","Ubc; Pik3r3; Pik3ca; Uba52; Pik3cd; Crkl; Hck","gastrocnemius","RR-9","GLDS-326","Stat_(Space Flight)v(Ground Control)",1,"flight_positive"
"REACTOME_REGULATION_OF_TLR_BY_ENDOGENOUS_LIGAND",0.416206261510129,0.76258793039615,0.0845557442441281,-0.371910247989661,-1.0354054887072,15,"reactome","Tlr1; Gsdmd; Cd36","gastrocnemius","RR-9","GLDS-326","Stat_(Space Flight)v(Ground Control)",1,"flight_positive"
"REACTOME_REGULATION_OF_TP53_ACTIVITY",0.508684863523573,0.802472889429411,0.0899860794997137,0.206459151137872,0.981583534691876,154,"reactome","Ubc; Dyrk2; Aurka; Taf3; Trp63; Nuak1; Stk11; Akt2; Prkag3; Csnk2b; Taf12; Taf9; Tpx2; Taf10; Hipk2; Meaf6; Pin1; Kat5; Brca1; Uba52; Ppp2r1a; Trp53; Cdk5; Brd7; Kat6a; Mdm4; Ppp1r13l; Top3a; Noc2l; Prmt5; Rictor; Mapkap1; Taf6; Gatad2b; Rfc4; Ttc5; Pip4p1; Rbbp4; Hdac2; Gatad2a; Taf9b","gastrocnemius","RR-9","GLDS-326","Stat_(Space Flight)v(Ground Control)",1,"flight_positive"
"REACTOME_REGULATION_OF_TP53_ACTIVITY_THROUGH_ACETYLATION",0.570815450643777,0.822035709540836,0.0758886900606117,0.265630998139818,0.92310832903212,30,"reactome","Akt2; Meaf6; Pin1; Trp53; Brd7; Kat6a; Gatad2b; Pip4p1; Rbbp4; Hdac2; Gatad2a","gastrocnemius","RR-9","GLDS-326","Stat_(Space Flight)v(Ground Control)",1,"flight_positive"
"REACTOME_REGULATION_OF_TP53_ACTIVITY_THROUGH_METHYLATION",0.517367458866545,0.802472889429411,0.0727141077934447,-0.320188420136087,-0.945065994803505,18,"reactome","Kmt5a; Smyd2; Atm; Jmy; Ep300; Ehmt1","gastrocnemius","RR-9","GLDS-326","Stat_(Space Flight)v(Ground Control)",1,"flight_positive"
"REACTOME_REGULATION_OF_TP53_ACTIVITY_THROUGH_PHOSPHORYLATION",0.030665948435082,0.242187435913538,0.352487857583619,0.315864845343069,1.37359928388146,88,"reactome","Ubc; Dyrk2; Aurka; Taf3; Nuak1; Stk11; Prkag3; Csnk2b; Taf12; Taf9; Tpx2; Taf10; Hipk2; Pin1; Kat5; Brca1; Uba52","gastrocnemius","RR-9","GLDS-326","Stat_(Space Flight)v(Ground Control)",1,"flight_positive"
"REACTOME_REGULATION_OF_TP53_EXPRESSION_AND_DEGRADATION",0.87964989059081,0.950791433403006,0.0557104226766671,0.202409005134531,0.731353750875183,36,"reactome","Ubc; Akt2; Uba52; Ppp2r1a; Trp53; Mdm4; Rictor; Mapkap1","gastrocnemius","RR-9","GLDS-326","Stat_(Space Flight)v(Ground Control)",1,"flight_positive"
"REACTOME_REGULATION_OF_T_CELL_ACTIVATION_BY_CD28_FAMILY",0.231040564373898,0.631061598951507,0.11776578836269,-0.289491616310459,-1.13995244774827,62,"reactome","H2-Eb1; Fyn; Ptpn11; Cd274; Mlst8; Ppp2ca; Pik3r1; Mtor; Pdpk1; Tnfrsf14; Grb2; Src; H2-Aa","gastrocnemius","RR-9","GLDS-326","Stat_(Space Flight)v(Ground Control)",1,"flight_positive"
"REACTOME_REPLACEMENT_OF_PROTAMINES_BY_NUCLEOSOMES_IN_THE_MALE_PRONUCLEUS",0.517179023508137,0.802472889429411,0.0721797965581253,-0.312947839968599,-0.952472944098297,20,"reactome","H4c16; H4c14; Prm1; H3f3a; H4c8; Npm2","gastrocnemius","RR-9","GLDS-326","Stat_(Space Flight)v(Ground Control)",1,"flight_positive"
"REACTOME_REPRODUCTION",0.158536585365854,0.529276178237412,0.173747838999571,0.264977685481797,1.17600481160851,104,"reactome","Tet2; Catsperg1; Stag2; Stag1; Cbfa2t2; H2ax; Dmc1; H3c10; Sun1; Msh5; Brca1; H2az2; Terf2; Kcnu1; Mlh3; Syce2; H2ac19; Sun2; Terf2ip; B4galt1; Rec8; Top3a; H4c4; Ube2i; Mnd1","gastrocnemius","RR-9","GLDS-326","Stat_(Space Flight)v(Ground Control)",1,"flight_positive"
"REACTOME_RESOLUTION_OF_ABASIC_SITES_AP_SITES",0.726269315673289,0.881040448013964,0.0652353056017703,0.232104916382082,0.853754077766806,38,"reactome","Xrcc1; Pold2; Polb; Parp2; Rfc1; Mbd4; Pold4; Parg; Rfc4; Ogg1","gastrocnemius","RR-9","GLDS-326","Stat_(Space Flight)v(Ground Control)",1,"flight_positive"
"REACTOME_RESOLUTION_OF_AP_SITES_VIA_THE_MULTIPLE_NUCLEOTIDE_PATCH_REPLACEMENT_PATHWAY",0.67590618336887,0.857911762994888,0.0670512579829467,0.252807182521994,0.845307100420123,25,"reactome","Pold2; Polb; Parp2; Rfc1; Pold4; Parg; Rfc4; Pole2; Rfc3; Rpa1","gastrocnemius","RR-9","GLDS-326","Stat_(Space Flight)v(Ground Control)",1,"flight_positive"
"REACTOME_RESOLUTION_OF_D_LOOP_STRUCTURES",0.931860036832412,0.961772225810162,0.0451344222209097,-0.201448111993705,-0.696721119552643,35,"reactome","Rad50; Fignl1; Atm; Exo1; Wrn","gastrocnemius","RR-9","GLDS-326","Stat_(Space Flight)v(Ground Control)",1,"flight_positive"
"REACTOME_RESOLUTION_OF_D_LOOP_STRUCTURES_THROUGH_SYNTHESIS_DEPENDENT_STRAND_ANNEALING_SDSA",0.774011299435028,0.901188346458629,0.0546808488785442,-0.239999569242579,-0.788362605422237,27,"reactome","Rad50; Atm; Exo1; Wrn; Rad51d; Rmi2; Nbn","gastrocnemius","RR-9","GLDS-326","Stat_(Space Flight)v(Ground Control)",1,"flight_positive"
"REACTOME_RESOLUTION_OF_SISTER_CHROMATID_COHESION",0.578414839797639,0.822074209208504,0.0632191170859458,-0.21203805301223,-0.942375937532924,115,"reactome","Taok1; Xpo1; Nup160; Ercc6l; Pafah1b1; Ahctf1; Ndel1; Cenpe; Ppp2ca; Nup107; Cenpf; Clasp2; Ranbp2; Sgo2a; Cdc20; Cdk1; Nup37; Smc3; Zwint; Mad2l1; Nsl1; Cenpq; Dync1i1; Tuba1b; Zw10; Kif18a; Bub3; Cenpk; Plk1; Clip1; Tubb2a; Ska1; Tubb3; Tuba4a; Ccnb2; Cenpu; Ppp2r5a; Tubb2b; Cenpo; Rcc2; Ppp2r1b; Cenpi; Nuf2; Cenpa; Dynll2","gastrocnemius","RR-9","GLDS-326","Stat_(Space Flight)v(Ground Control)",1,"flight_positive"
"REACTOME_RESPIRATORY_ELECTRON_TRANSPORT",0.00340873484918412,0.0744356385434084,0.431707695803346,-0.340543794672534,-1.56046115912929,142,"reactome","Coq10b; Etfa; Ndufaf1; Sdha; Cox5a; Nubpl; Got1; Uqcrfs1; Sdhd; Ndufb6; Etfdh; Pet117; Ndufab1; Ndufa4; Cox6c; Slc25a12; Cyc1; Timm21; Ndufs4; Ndufb1; Ndufs1; Cox7a2; Slc25a22; Pyurf; Cox11; Ndufc2; Ndufaf4; Mdh1; Mdh2; Tmem126b; Uqcrc2; Cycs; Lyrm2; Cox20; Tmem126a; Dmac2; Nfs1; Fxn","gastrocnemius","RR-9","GLDS-326","Stat_(Space Flight)v(Ground Control)",1,"flight_positive"
"REACTOME_RESPIRATORY_SYNCYTIAL_VIRUS_INFECTION_PATHWAY",0.58560794044665,0.825560601156674,0.0822054920415869,0.214885458013654,0.953621526940003,102,"reactome","Ubc; Med27; Med24; Egfr; Med19; Sdc4; Rab5c; Csnk2b; Ube2l6; Elob; Uba52; Med29; Med9; Isg15; Ncl; Rbx1; Ifnar1; Kpnb1; Tlr4; Tyk2; Becn1; Arih1; Bcap31; Med18; Med31","gastrocnemius","RR-9","GLDS-326","Stat_(Space Flight)v(Ground Control)",1,"flight_positive"
"REACTOME_RESPIRATORY_SYNCYTIAL_VIRUS_RSV_ATTACHMENT_AND_ENTRY",0.51063829787234,0.802472889429411,0.0813027345384498,0.298045060940519,0.952886550071704,22,"reactome","Egfr; Sdc4; Rab5c; Ncl; Tlr4; Gpc1; Sdc1; Ly96; Gpc4","gastrocnemius","RR-9","GLDS-326","Stat_(Space Flight)v(Ground Control)",1,"flight_positive"
"REACTOME_RESPIRATORY_SYNCYTIAL_VIRUS_RSV_GENOME_REPLICATION_TRANSCRIPTION_AND_TRANSLATION",0.00503489768674937,0.0962025093718183,0.407017918923954,-0.634369789557288,-1.81321148031482,16,"reactome","Xpo1; Spcs1; Ppp1cb; Sec11c; Csnk2a1; Spcs3","gastrocnemius","RR-9","GLDS-326","Stat_(Space Flight)v(Ground Control)",1,"flight_positive"
"REACTOME_RESPONSE_OF_EIF2AK1_HRI_TO_HEME_DEFICIENCY",0.187363834422658,0.570376781055589,0.149207542435322,0.433033055039669,1.26927392018718,15,"reactome","Ppp1r15a; Grb10; Atf3; Eif2ak1; Atf5","gastrocnemius","RR-9","GLDS-326","Stat_(Space Flight)v(Ground Control)",1,"flight_positive"
"REACTOME_RESPONSE_OF_EIF2AK4_GCN2_TO_AMINO_ACID_DEFICIENCY",1.28378907208709e-25,2.28942384522197e-23,1.31101476274061,0.745064533598611,3.2605129079024,92,"reactome","Rps27; Rps26; Rpl28; Rpl27a; Rps17; Rpl21; Rpl17; Rpl14; Rpl18a; Rpl24; Rpl27; Rpl19; Rpl6; Rpl15; Rpl22; Rpl26; Rpsa; Rps11; Rps16; Rpl32; Rps18; Rpl13a; Rps28; Rpl13; Rpl35; Rpl37a; Rps6; Rps29; Rpl7; Rps15a; Rpl8; Rpl35a; Rps19; Fau; Rpl3l; Rpl36; Rpl31; Rpl29; Rps25; Rps15; Rpl18; Rps2; Rpl12; Rpl7a; Atf3; Rpl36a; Rps12; Rps21; Rpl5; Rpl38; Rpl10; Rps20; Rpl23; Rps14; Rplp1; Rps3a1; Uba52; Rps5","gastrocnemius","RR-9","GLDS-326","Stat_(Space Flight)v(Ground Control)",1,"flight_positive"
"REACTOME_RESPONSE_OF_MTB_TO_PHAGOCYTOSIS",0.565789473684211,0.820318071601769,0.0696133438850965,-0.297034822159201,-0.916314130574662,22,"reactome","Atp6v1h; Pgk1; Mapk1; Coro1a; Rnf213; Sfpq; Dusp16","gastrocnemius","RR-9","GLDS-326","Stat_(Space Flight)v(Ground Control)",1,"flight_positive"
"REACTOME_RESPONSE_TO_ELEVATED_PLATELET_CYTOSOLIC_CA2",0.401023890784983,0.755449935105514,0.0824344091527096,-0.229703082271118,-1.02164429750887,118,"reactome","Vti1b; Itih3; Flna; Ola1; Fn1; Hspa5; Actn2; Apoh; Pcdh7; Selenop; Serpina3c; Timp1; Lamp2; Vcl; Tgfb1; Actn1; Sparc; Cd36; Pros1; Cd109; Calu; Vegfa; Cdc37l1; Endod1; F13a1; Hgf; Serpine1; Ctsw; Tmx3; Prkcg; Sytl4; Trf; Itih4","gastrocnemius","RR-9","GLDS-326","Stat_(Space Flight)v(Ground Control)",1,"flight_positive"
"REACTOME_RETROGRADE_TRANSPORT_AT_THE_TRANS_GOLGI_NETWORK",0.300653594771242,0.690230799155,0.114266502484433,0.284087828581524,1.10178871792033,47,"reactome","Nsf; Cog4; Stx16; Napa; Naa38; Cog6; Ric1; Plin3; Arl1; Gcc1; Scoc; Vps52; Stx6; Vps53; Tmf1; Cog2; Napb","gastrocnemius","RR-9","GLDS-326","Stat_(Space Flight)v(Ground Control)",1,"flight_positive"
"REACTOME_RET_SIGNALING",0.747276688453159,0.885629217487268,0.0632191170859458,0.227497730405991,0.833871195137158,37,"reactome","Grb10; Pik3r3; Prkaca; Dok5; Pik3ca; Frs2; Pik3cd; Dok2; Pdlim7; Rap1gap; Gfra1","gastrocnemius","RR-9","GLDS-326","Stat_(Space Flight)v(Ground Control)",1,"flight_positive"
"REACTOME_RHOA_GTPASE_CYCLE",0.77326565143824,0.901188346458629,0.0497903187820785,-0.19057183339128,-0.87419172174039,145,"reactome","Maco1; Abcd3; Tfrc; Acbd5; Actc1; Flot2; Arhgap22; Pld1; C1qbp; Tex2; Pcdh7; Pik3r1; Arhgef12; Vamp3; Stk10; Ect2; Arhgap35; Arap1; Arhgap19; Rhoa; Plekhg5; Flot1; Slk; Cit; Arhgap45; Sowahc; Pkn3; Pik3r2; Arhgap24; Farp1; Arhgap42; Anln; Dock2; Erbin; Tmpo; Arhgap21; Plekhg3; Cav1; Pkn1; Arhgef18","gastrocnemius","RR-9","GLDS-326","Stat_(Space Flight)v(Ground Control)",1,"flight_positive"
"REACTOME_RHOBTB1_GTPASE_CYCLE",0.166979362101313,0.539782227940801,0.14641623786055,-0.409221567785622,-1.28081955986901,23,"reactome","Cul3; Rbbp6; Cops2; Cops4; Cpsf7; Rbmx; Stk38; Pde5a; Rnf20; Rhobtb1; Tra2b","gastrocnemius","RR-9","GLDS-326","Stat_(Space Flight)v(Ground Control)",1,"flight_positive"
"REACTOME_RHOBTB2_GTPASE_CYCLE",0.649155722326454,0.85017946498079,0.0628003977812234,-0.274089685286309,-0.857871279787858,23,"reactome","Cul3; Actn1; Rbmx; Twf1; Stk38; Actg1","gastrocnemius","RR-9","GLDS-326","Stat_(Space Flight)v(Ground Control)",1,"flight_positive"
"REACTOME_RHOBTB_GTPASE_CYCLE",0.173112338858195,0.552925977845579,0.142056643575821,-0.349289993324481,-1.20804167777543,35,"reactome","Cul3; Rbbp6; Cops2; Cops4; Actn1; Cpsf7; Rbmx; Twf1; Stk38; Actg1; Pde5a; Rnf20; Rhobtb1; Cct6a; Tra2b","gastrocnemius","RR-9","GLDS-326","Stat_(Space Flight)v(Ground Control)",1,"flight_positive"
"REACTOME_RHOB_GTPASE_CYCLE",0.698412698412698,0.863932470868887,0.0564118388217596,-0.218342949070013,-0.877986372324177,68,"reactome","Tfrc; Actc1; Flot2; Pcdh7; Pik3r1; Arhgef12; Vamp3; Stk10; Ect2; Arhgap35; Flot1; Slk; Cit; Sowahc; Pkn3; Pik3r2; Anln; Erbin; Arhgap21; Cav1; Pkn1","gastrocnemius","RR-9","GLDS-326","Stat_(Space Flight)v(Ground Control)",1,"flight_positive"
"REACTOME_RHOC_GTPASE_CYCLE",0.562277580071174,0.818553756021982,0.0672065093710464,-0.229684503605188,-0.932448873776744,72,"reactome","Maco1; Abcd3; Tfrc; Acbd5; Flot2; C1qbp; Pik3r1; Arhgef12; Vamp3; Stk10; Arhgap35; Rhoa; Flot1; Slk; Cit; Pkn3; Anln; Erbin; Tmpo; Arhgap21; Cav1; Pkn1","gastrocnemius","RR-9","GLDS-326","Stat_(Space Flight)v(Ground Control)",1,"flight_positive"
"REACTOME_RHOD_GTPASE_CYCLE",0.904017857142857,0.951996362341037,0.0553642837725362,0.188004650948882,0.748936682118171,51,"reactome","Filip1; Rab7; Ankfy1; Mcam; Add3; Golga2; Emd; Whamm; Arhgap26; Vangl1","gastrocnemius","RR-9","GLDS-326","Stat_(Space Flight)v(Ground Control)",1,"flight_positive"
"REACTOME_RHOF_GTPASE_CYCLE",0.811934900542496,0.91624941745812,0.0506004243853618,-0.221026385867588,-0.792819102134174,40,"reactome","Pik3r1; Vamp3; Mtmr1; Actn1; Esyt1; Steap3; Sowahc; Pik3r2; Farp1; Tmpo; Arhgap21; Akap12; Cav1","gastrocnemius","RR-9","GLDS-326","Stat_(Space Flight)v(Ground Control)",1,"flight_positive"
"REACTOME_RHOG_GTPASE_CYCLE",0.490825688073394,0.800164037246104,0.0875697115548511,0.230986817090149,0.971356309736329,71,"reactome","Iqgap2; Ophn1; Trio; Rab7; Mcam; Ndufs3; Shmt2; Elmo2; Ndufa5; Vav2; Arhgdia; Letm1; Emd; Vangl1; Kalrn","gastrocnemius","RR-9","GLDS-326","Stat_(Space Flight)v(Ground Control)",1,"flight_positive"
"REACTOME_RHOH_GTPASE_CYCLE",0.425688073394495,0.766811849380657,0.083129129135339,-0.28786118704035,-1.00884092893171,36,"reactome","Slc1a5; Tfrc; Wdr11; Mtr; Vamp3; Osbpl11; Nipsnap2; Tuba1b; Fam91a1; Rhoh; Cav1; Pak1","gastrocnemius","RR-9","GLDS-326","Stat_(Space Flight)v(Ground Control)",1,"flight_positive"
"REACTOME_RHOJ_GTPASE_CYCLE",0.507992895204263,0.802472889429411,0.0721797965581253,-0.255988575666782,-0.976693321053248,54,"reactome","Slc1a5; Tfrc; Wasl; Ocrl; Pik3r1; Vamp3; Cdc42bpb; Dock8; Arhgap35; Gja1; Nipsnap2; Steap3; Pik3r2; Tmpo; Arhgap21; Cav1; Pak1; Cpne8","gastrocnemius","RR-9","GLDS-326","Stat_(Space Flight)v(Ground Control)",1,"flight_positive"
"REACTOME_RHOQ_GTPASE_CYCLE",0.722027972027972,0.88092352345488,0.0544555953940371,-0.219012966490609,-0.849945925382918,57,"reactome","Rhoq; Slc1a5; Tfrc; Wasl; Vamp3; Cdc42bpb; Arhgap35; Gja1; Steap3; Gopc; Arhgap21; Plekhg3; Cav1; Pak1; Arhgap17; Cpne8","gastrocnemius","RR-9","GLDS-326","Stat_(Space Flight)v(Ground Control)",1,"flight_positive"
"REACTOME_RHOU_GTPASE_CYCLE",0.377495462794918,0.735963607018452,0.0891647117820678,-0.291086435258701,-1.0369201478,39,"reactome","Cltc; Nck1; Arhgef6; Pik3r1; Grb2; Src; Stam2","gastrocnemius","RR-9","GLDS-326","Stat_(Space Flight)v(Ground Control)",1,"flight_positive"
"REACTOME_RHOV_GTPASE_CYCLE",0.0718232044198895,0.369658078182867,0.227987202850442,-0.404923000603945,-1.40045197505853,35,"reactome","Tpm3; Cltc; Nck1; Wasl; Pik3r1; Ccp110","gastrocnemius","RR-9","GLDS-326","Stat_(Space Flight)v(Ground Control)",1,"flight_positive"
"REACTOME_RHO_GTPASES_ACTIVATE_CIT",0.793960923623446,0.910249750885153,0.0508054139066364,-0.255482415896243,-0.771726917522555,19,"reactome","Ppp1cb; Myh10; Rhoa; Ppp1r12b; Cit; Prc1","gastrocnemius","RR-9","GLDS-326","Stat_(Space Flight)v(Ground Control)",1,"flight_positive"
"REACTOME_RHO_GTPASES_ACTIVATE_FORMINS",0.499148211243612,0.800732512789602,0.0709609456938284,-0.219637405056827,-0.987174500637894,129,"reactome","Pfn2; Taok1; Xpo1; Nup160; Ercc6l; Pafah1b1; Scai; Ahctf1; Ndel1; Cenpe; Ppp2ca; Itgb1; Nup107; Cenpf; Src; Clasp2; Ranbp2; Rhoa; Sgo2a; Cdc20; Nup37; Zwint; Mad2l1; Actg1; Nsl1; Cenpq; Dync1i1; Tuba1b; Zw10; Kif18a; Bub3; Cenpk; Plk1; Clip1; Tubb2a; Ska1; Tubb3; Tuba4a; Cenpu; Ppp2r5a; Tubb2b; Cenpo; Rcc2; Ppp2r1b; Cenpi; Nuf2; Cenpa","gastrocnemius","RR-9","GLDS-326","Stat_(Space Flight)v(Ground Control)",1,"flight_positive"
"REACTOME_RHO_GTPASES_ACTIVATE_IQGAPS",0.628997867803838,0.83987832373712,0.070619624712259,0.26305070525376,0.87955819412757,25,"reactome","Iqgap2; Men1; Calm1; Tuba8; Tubb4a; Actb; Cdh1; Tubb4b; Rac1","gastrocnemius","RR-9","GLDS-326","Stat_(Space Flight)v(Ground Control)",1,"flight_positive"
"REACTOME_RHO_GTPASES_ACTIVATE_NADPH_OXIDASES",0.479323308270677,0.796822976235862,0.0780892306943345,-0.319738360008201,-0.986351617741491,22,"reactome","Mapk1; Pik3c3; Ncf2; Mapk14; Pik3r4; Prkcz; Mapk11; Ncf1","gastrocnemius","RR-9","GLDS-326","Stat_(Space Flight)v(Ground Control)",1,"flight_positive"
"REACTOME_RHO_GTPASES_ACTIVATE_PAKS",0.595547309833024,0.83033401889092,0.066436413766281,-0.2950265967188,-0.903110187715188,21,"reactome","Flna; Ppp1cb; Myh10","gastrocnemius","RR-9","GLDS-326","Stat_(Space Flight)v(Ground Control)",1,"flight_positive"
"REACTOME_RHO_GTPASES_ACTIVATE_PKNS",0.635398230088496,0.841912005770113,0.0610363728309177,-0.233066779148703,-0.905072751197561,58,"reactome","Ppp1cb; Myh10; Ywhaq; H4c16; H4c14; Pdpk1; Ywhah; Rhoa; H3f3a; Ppp1r12b; H2ac10; H4c8; Ywhag; Pkn3; Ywhab; Ar; Pkn1; H2bc18; Pak1; H3c7","gastrocnemius","RR-9","GLDS-326","Stat_(Space Flight)v(Ground Control)",1,"flight_positive"
"REACTOME_RHO_GTPASES_ACTIVATE_ROCKS",0.783599088838269,0.907414529282411,0.0630790410571939,0.260385254993587,0.788060327814706,19,"reactome","Myl9; Rhob; Myl12b; Myh14; Myl6; Rhoc; Cfl1","gastrocnemius","RR-9","GLDS-326","Stat_(Space Flight)v(Ground Control)",1,"flight_positive"
"REACTOME_RHO_GTPASES_ACTIVATE_WASPS_AND_WAVES",0.0532110091743119,0.344249927888349,0.266350657088526,-0.419125059461581,-1.46886948766215,36,"reactome","Wipf1; Nck1; Wasl; Mapk1; Abi1; Nckap1; Actr2; Grb2; Btk; Actg1; Wasf3; Actr3; Arpc5; Wasf1; Abl1; Arpc1b; Nckap1l","gastrocnemius","RR-9","GLDS-326","Stat_(Space Flight)v(Ground Control)",1,"flight_positive"
"REACTOME_RHO_GTPASE_CYCLE",0.480327868852459,0.796822976235862,0.0709609456938284,-0.191098010071465,-0.991704717876427,433,"reactome","Tpm3; Sos2; Maco1; Rhoq; Abcd3; Slc1a5; Wipf1; Dock5; Picalm; Tfrc; Wdr11; Acbd5; Cltc; Actc1; Flot2; Gna13; Kidins220; Cul3; Nck1; Arhgap22; Pld1; Dock11; C1qbp; Arhgef6; Wasl; Mtr; Rnd3; Ocrl; Tex2; Itgb1; Plekhg2; Pcdh7; Pik3r1; Abi1; Rbbp6; Cops2; Arhgef12; Vamp3; Garre1; Stk10; Ect2; Ncf2; Ccp110; Cops4; Nckap1; Nhs; Mtmr1; Cdc42bpb; Arhgef26; Efhd2; Actn1; Cpsf7; Dock8; Arhgap35; Arap1; Grb2; Plxnb1; Arhgap19; Src; Rbmx; Rhoa; Stam2; Twf1; Ankle2; Slitrk5; Osbpl11; Plekhg5; Gja1; Golga3; Esyt1; Flot1; Stk38; Nipsnap2; Slk; Cit; Arhgap45; Actg1; Steap3; Sowahc; Gopc; Pkn3; Tuba1b; Pik3r2; Ddx4; Arhgap24; Farp1; Arhgap42; Anln; Sos1; Fam91a1; Ncf1; Pde5a; Arhgap15; Wasf3; Rnf20; Rhoh; Vangl2; Dock2; Erbin; Jag1; Tmpo; Dock3; Arhgap21; Plekhg3; Akap12; Rhobtb1; Cav1; Pkn1; Arhgef18; Hspe1; Cpd; Wasf1; Rasal2; Pak1; Armcx3; Itsn2; Cct6a; Tra2b; Nckap1l; Plxnd1; Arhgap17; Pkp4; Cpne8","gastrocnemius","RR-9","GLDS-326","Stat_(Space Flight)v(Ground Control)",1,"flight_positive"
"REACTOME_RHO_GTPASE_EFFECTORS",0.164473684210526,0.539782227940801,0.137250779610133,-0.230383083265583,-1.13712793338977,273,"reactome","Pfn2; Taok1; Xpo1; Rhoq; Wipf1; Nup160; Flna; Ercc6l; Ppp1cb; Pafah1b1; Scai; Ahctf1; Myh10; Ywhaq; Ctnnb1; Nck1; Ndel1; Cenpe; Wasl; Mapk1; Ppp2ca; Itgb1; H4c16; Abi1; Pik3c3; Ncf2; H4c14; Nckap1; Mapk14; Pdpk1; Actr2; Ywhah; Nup107; Cenpf; Grb2; Src; Clasp2; Btk; Ranbp2; Rhoa; Sgo2a; Cdc20; Nup37; Pik3r4; H3f3a; Prkcz; Ppp1r12b; H2ac10; Zwint; H4c8; Mad2l1; Cit; Ywhag; Actg1; Nsl1; Tax1bp3; Cenpq; Gopc; Dync1i1; Pkn3; Tuba1b; Zw10; Kif18a; Prc1; Mapk11; Bub3; Cenpk; Limk1; Ncf1; Ctnna1; Wasf3; Actr3; Ywhab; Plk1; Ar; Clip1; Arpc5; Tubb2a; Pkn1; Ska1; Wasf1; H2bc18; Pak1; Tubb3; Tuba4a; H3c7; Abl1; Cenpu; Arpc1b; Nckap1l; Ppp2r5a; Tubb2b; Cenpo; Rcc2","gastrocnemius","RR-9","GLDS-326","Stat_(Space Flight)v(Ground Control)",1,"flight_positive"
"REACTOME_RIPK1_MEDIATED_REGULATED_NECROSIS",0.715867158671587,0.878780954680279,0.0573667426768556,-0.248415099517218,-0.840809563303909,31,"reactome","Flot2; Ripk1; Tnfsf10; Xiap; Ripk3; Flot1; Birc2; Ogt; Peli1; Fasl; Pdcd6ip","gastrocnemius","RR-9","GLDS-326","Stat_(Space Flight)v(Ground Control)",1,"flight_positive"
"REACTOME_RIP_MEDIATED_NFKB_ACTIVATION_VIA_ZBP1",0.948545861297539,0.971238346017576,0.0532386494755899,0.198793260568245,0.596207062685721,17,"reactome","Nfkbib; Nfkb2; Rela; Ikbkg; Myd88; Nfkbia","gastrocnemius","RR-9","GLDS-326","Stat_(Space Flight)v(Ground Control)",1,"flight_positive"
"REACTOME_RMTS_METHYLATE_HISTONE_ARGININES",0.640794223826715,0.843357711555455,0.0615706755421678,-0.23888592825978,-0.895316574470705,51,"reactome","Jak2; Rbbp7; Actl6b; Coprs; H4c16; Pbrm1; Ccnd1; H4c14","gastrocnemius","RR-9","GLDS-326","Stat_(Space Flight)v(Ground Control)",1,"flight_positive"
"REACTOME_RNA_POLYMERASE_III_CHAIN_ELONGATION",0.892138939670932,0.950791433403006,0.046788296531803,-0.236721615118867,-0.698705932552838,18,"reactome","Polr3f; Polr2l; Polr2k; Polr3a; Polr3b; Polr3k","gastrocnemius","RR-9","GLDS-326","Stat_(Space Flight)v(Ground Control)",1,"flight_positive"
"REACTOME_RNA_POLYMERASE_III_TRANSCRIPTION",0.280353200883002,0.681020337128934,0.119887845115423,0.299512057586615,1.11740326028157,41,"reactome","Polr2e; Nfix; Brf2; Polr3c; Polr2f; Gtf3c5; Gtf3c1; Polr3d; Nfic; Snapc5; Nfia; Nfib; Polr1c; Gtf3c3; Pou2f1; Brf1; Polr2h","gastrocnemius","RR-9","GLDS-326","Stat_(Space Flight)v(Ground Control)",1,"flight_positive"
"REACTOME_RNA_POLYMERASE_III_TRANSCRIPTION_INITIATION_FROM_TYPE_1_PROMOTER",0.840860215053763,0.92563830257976,0.0570059526582387,0.21813856516692,0.744872701082399,28,"reactome","Polr2e; Polr3c; Polr2f; Gtf3c5; Gtf3c1; Polr3d; Polr1c; Gtf3c3; Brf1; Polr2h","gastrocnemius","RR-9","GLDS-326","Stat_(Space Flight)v(Ground Control)",1,"flight_positive"
"REACTOME_RNA_POLYMERASE_III_TRANSCRIPTION_INITIATION_FROM_TYPE_3_PROMOTER",0.899441340782123,0.950791433403006,0.0472587336673259,-0.213039839699688,-0.706453107990414,28,"reactome","Polr3f; Polr2l; Polr2k; Polr3a; Snapc3; Bdp1; Polr3b; Polr3k","gastrocnemius","RR-9","GLDS-326","Stat_(Space Flight)v(Ground Control)",1,"flight_positive"
"REACTOME_RNA_POLYMERASE_III_TRANSCRIPTION_TERMINATION",0.479744136460554,0.796822976235862,0.0847985102819124,0.299733762246478,0.968127633121802,23,"reactome","Polr2e; Nfix; Polr3c; Polr2f; Polr3d; Nfic; Nfia; Nfib; Polr1c","gastrocnemius","RR-9","GLDS-326","Stat_(Space Flight)v(Ground Control)",1,"flight_positive"
"REACTOME_RNA_POLYMERASE_II_PRE_TRANSCRIPTION_EVENTS",0.00700317111665472,0.113460319023578,0.407017918923954,0.372952816436432,1.59518240767296,77,"reactome","Gtf2h5; Polr2j; Taf3; Gtf2h4; Ercc3; Taf12; Taf9; Gtf2f1; Taf10; Polr2e; Ell; Eaf1; Elob; Nelfa; Gtf2h3; Supt6; Supt4a; Polr2f; Ccnh; Ncbp2; Gtf2f2; Nelfcd; Ncbp1; Taf6; Cdk9; Taf9b; Leo1; Ccnk; Polr2c; Taf15; Polr2h","gastrocnemius","RR-9","GLDS-326","Stat_(Space Flight)v(Ground Control)",1,"flight_positive"
"REACTOME_RNA_POLYMERASE_II_TRANSCRIBES_SNRNA_GENES",0.311363636363636,0.695235148514851,0.114750719227023,0.25452256114105,1.07251694789196,73,"reactome","Polr2j; Ints1; Ice1; Taf9; Gtf2f1; Polr2e; Ell; Supt4a; Nabp2; Polr2f; Ints4; Ncbp2; Gtf2f2; Snapc5; Ncbp1; Taf6; Cdk9; Taf8; Rprd1b; Pou2f1; Ccnk; Polr2c; Polr2h; Ints2; Ints11","gastrocnemius","RR-9","GLDS-326","Stat_(Space Flight)v(Ground Control)",1,"flight_positive"
"REACTOME_RNA_POLYMERASE_II_TRANSCRIPTION_TERMINATION",0.414918414918415,0.76258793039615,0.0982123351217438,0.247127588275785,1.02660438544573,66,"reactome","Pabpn1; Eif4a3; Rbm8a; Sympk; Snrpg; Casc3; Ddx39b; Srrm1; Snrpd3; Cpsf3; Ncbp2; Snrpf; U2af2; Cpsf2; Srsf4; Cdc40; Dhx38; Ncbp1","gastrocnemius","RR-9","GLDS-326","Stat_(Space Flight)v(Ground Control)",1,"flight_positive"
"REACTOME_RNA_POLYMERASE_I_PROMOTER_ESCAPE",0.13302752293578,0.484423191194364,0.184706471207739,0.307479424210956,1.23901639217449,56,"reactome","Gtf2h5; Gtf2h4; Ercc3; H2ax; H3c10; Polr2e; H2az2; Gtf2h3; Polr2f; Ccnh; H2ac19; Polr1e; H4c4; Polr1h; Ubtf; Taf1a; Polr1c","gastrocnemius","RR-9","GLDS-326","Stat_(Space Flight)v(Ground Control)",1,"flight_positive"
"REACTOME_RNA_POLYMERASE_I_TRANSCRIPTION",0.114754098360656,0.459875974703751,0.20207170902116,0.293796080179951,1.25058462654145,76,"reactome","Gtf2h5; Ercc6; Gtf2h4; Ercc3; H2ax; H3c10; Polr2e; H2az2; Gtf2h3; Polr2f; Ccnh; H2ac19; Polr1e; Mta1; H4c4; Polr1h; Ubtf; Gatad2b; Taf1a; Mapk3; Polr1c; Rbbp4; Hdac2; Gatad2a; H3c4","gastrocnemius","RR-9","GLDS-326","Stat_(Space Flight)v(Ground Control)",1,"flight_positive"
"REACTOME_RNA_POLYMERASE_I_TRANSCRIPTION_INITIATION",0.0725497162788804,0.369658078182867,0.287805130535564,0.365035850577269,1.39713717138373,46,"reactome","Gtf2h5; Ercc6; Gtf2h4; Ercc3; Polr2e; Gtf2h3; Polr2f; Ccnh; Polr1e; Mta1; Polr1h; Ubtf; Gatad2b; Taf1a; Polr1c; Rbbp4; Hdac2; Gatad2a","gastrocnemius","RR-9","GLDS-326","Stat_(Space Flight)v(Ground Control)",1,"flight_positive"
"REACTOME_RNA_POLYMERASE_I_TRANSCRIPTION_TERMINATION",0.0686695278969957,0.369228114823042,0.252961123069611,0.41002159404863,1.42488772470031,30,"reactome","Gtf2h5; Gtf2h4; Ercc3; Polr2e; Gtf2h3; Polr2f; Ccnh; Polr1e; Polr1h; Ubtf; Taf1a; Polr1c","gastrocnemius","RR-9","GLDS-326","Stat_(Space Flight)v(Ground Control)",1,"flight_positive"
"REACTOME_RND1_GTPASE_CYCLE",0.497277676950998,0.800732512789602,0.0743625384422526,-0.272186412932697,-0.969593705994891,39,"reactome","Tfrc; Flot2; Kidins220; Pik3r1; Arhgap35; Rbmx; Plekhg5; Pik3r2; Vangl2; Cav1; Cpd; Rasal2; Pkp4; Rras2; Ptpn13","gastrocnemius","RR-9","GLDS-326","Stat_(Space Flight)v(Ground Control)",1,"flight_positive"
"REACTOME_RND2_GTPASE_CYCLE",0.887477313974592,0.950791433403006,0.0466948041282054,-0.210307881455582,-0.749167440003234,39,"reactome","Tfrc; Kidins220; Pik3r1; Arhgap35; Rbmx; Golga3; Pik3r2; Vangl2; Cav1; Plxnd1; Pkp4; Ptpn13","gastrocnemius","RR-9","GLDS-326","Stat_(Space Flight)v(Ground Control)",1,"flight_positive"
"REACTOME_RND3_GTPASE_CYCLE",0.347905282331512,0.707716068621136,0.0940503465727813,-0.297671286943433,-1.05798444788478,38,"reactome","Picalm; Flot2; Rnd3; Pik3r1; Arhgap35; Rbmx; Plekhg5; Pik3r2; Ddx4; Vangl2; Arhgap21; Cav1; Cpd; Rasal2; Pkp4","gastrocnemius","RR-9","GLDS-326","Stat_(Space Flight)v(Ground Control)",1,"flight_positive"
"REACTOME_ROLE_OF_LAT2_NTAL_LAB_ON_CALCIUM_MOBILIZATION",0.113924050632911,0.459875974703751,0.176694268938498,-0.445130842364755,-1.35477875156018,20,"reactome","Fyn; Pik3r1; Pdpk1; Grb2; Iglc1; Iglc2; Pik3r2; Sos1; Syk; Lat2; Ighe","gastrocnemius","RR-9","GLDS-326","Stat_(Space Flight)v(Ground Control)",1,"flight_positive"
"REACTOME_ROLE_OF_PHOSPHOLIPIDS_IN_PHAGOCYTOSIS",0.333333333333333,0.696469383650559,0.0978773277424561,-0.325637525883415,-1.07983390600995,28,"reactome","Pld4; Pld1; Ahcyl1; Ighg2c; Pik3r1; Iglc1; Fcgr4; Itpr3; Iglc2; Pik3r2","gastrocnemius","RR-9","GLDS-326","Stat_(Space Flight)v(Ground Control)",1,"flight_positive"
"REACTOME_RORA_B_C_AND_NR1D1_REV_ERBA_REGULATE_GENE_EXPRESSION",0.11063829787234,0.459875974703751,0.195789002148949,0.406369400286824,1.37693451506419,26,"reactome","Nr1d1; Ncoa1; Srebf1; Smarcd3","gastrocnemius","RR-9","GLDS-326","Stat_(Space Flight)v(Ground Control)",1,"flight_positive"
"REACTOME_ROS_AND_RNS_PRODUCTION_IN_PHAGOCYTES",0.482608695652174,0.799211613888231,0.0855356947987884,0.281389249931572,0.979843720547576,31,"reactome","Atp6v1b1; Atp6v1f; Atp6v1d; Ncf4; Atp6v0d1; Atp6v1a; Atp6v0e2; Cyba; Cybb; Tcirg1; Atp6v0a2; Atp6v1e1; Atp6v1b2","gastrocnemius","RR-9","GLDS-326","Stat_(Space Flight)v(Ground Control)",1,"flight_positive"
"REACTOME_RRNA_MODIFICATION_IN_THE_NUCLEUS_AND_CYTOSOL",0.430839002267574,0.772190506576723,0.0943563635421779,0.250045721740198,1.01710443126556,59,"reactome","Fcf1; Rps6; Nhp2; Rps2; Utp3; Bud23; Rps14; Utp11; Imp4; Bms1; Rps7; Rrp36; Nop2; Trmt112; Tsr3; Rps9; Nop14; Pwp2; Utp14a; Ddx49","gastrocnemius","RR-9","GLDS-326","Stat_(Space Flight)v(Ground Control)",1,"flight_positive"
"REACTOME_RRNA_PROCESSING",1.44243447865924e-20,1.54340489216539e-18,1.16906996676109,0.560680301363017,2.74977613684334,189,"reactome","Rps27; Rps26; Rpl28; Rpl27a; Rps17; Rpl21; Rpl17; Rpl14; Rpp21; Rpl18a; Rpl24; Rpl27; Rpl19; Rpl6; Rpl15; Rpl22; Rpl26; Rpsa; Rps11; Rps16; Fcf1; Nol12; Rpl32; Rps18; Rpl13a; Rps28; Rpl13; Rpl35; Rpl37a; Rps6; Rps29; Rpl7; Rps15a; Rpl8; Rpl35a; Rps19; Fau; Rrp1; Rpl3l; Rpl36; Csnk1d; Rpl31; Rbm28; Rpl29; Hsd17b10; Riok3; Rps25; Rps15; Rpl18; Nhp2; Rps2; Rpl12; Rpl7a; Mrm3; Rpl36a; Rps12; Rps21; Rpl5; Rpl38; Rpl10; Rps20; Rpl23; Utp3; Wdr18; Bud23; Rps14; Rplp1; Rps3a1; Utp11; Imp4; Uba52; Rps5; Exosc1; Bms1; Rps7; Exosc8; Riok1; Rps23; Rrp36; Rps13; Dis3; Rpl10a; Ncl; Nop2; Rplp2","gastrocnemius","RR-9","GLDS-326","Stat_(Space Flight)v(Ground Control)",1,"flight_positive"
"REACTOME_RSV_HOST_INTERACTIONS",0.205128205128205,0.596432552954292,0.147331213699377,0.26895390581587,1.15572087312678,80,"reactome","Ubc; Med27; Med24; Med19; Sdc4; Ube2l6; Elob; Uba52; Med29; Med9; Isg15; Rbx1; Ifnar1; Tlr4; Tyk2; Becn1; Arih1; Bcap31; Med18; Med31; Gpc1; Sdc1; Med6; Ly96; Med11","gastrocnemius","RR-9","GLDS-326","Stat_(Space Flight)v(Ground Control)",1,"flight_positive"
"REACTOME_RUNX1_INTERACTS_WITH_CO_FACTORS_WHOSE_PRECISE_EFFECT_ON_RUNX1_TARGETS_IS_NOT_KNOWN",0.66605504587156,0.855315747402078,0.0605092988656667,-0.253542610253369,-0.888567733224574,36,"reactome","Actl6b; Cbx8; Cbx4; Csnk2a1; Pcgf5; Phc3; Pbrm1","gastrocnemius","RR-9","GLDS-326","Stat_(Space Flight)v(Ground Control)",1,"flight_positive"
"REACTOME_RUNX1_REGULATES_GENES_INVOLVED_IN_MEGAKARYOCYTE_DIFFERENTIATION_AND_PLATELET_FUNCTION",0.302540415704388,0.690230799155,0.11776578836269,0.265062745080647,1.08411494943177,61,"reactome","Myl9; H2ax; Pf4; H3c10; Prkcq; Tnrc6a; H2az2; Thbs1; Gp1ba; H2ac19; Ago3; Ago4; Tnrc6b; H4c4; Prmt1; Kmt2b; Nfe2","gastrocnemius","RR-9","GLDS-326","Stat_(Space Flight)v(Ground Control)",1,"flight_positive"
"REACTOME_RUNX1_REGULATES_TRANSCRIPTION_OF_GENES_INVOLVED_IN_DIFFERENTIATION_OF_HSCS",0.00945641019927231,0.131669874453421,0.380730400722792,0.363637766124904,1.56973971139875,82,"reactome","Ubc; Psmc4; Yap1; Psmc3; Sem1; H2ax; Psmb3; Psmb6; H3c10; Tcf3; Psmd2; H2az2; Psmd11; Psmc5; Uba52; Psmd1; Psmb5; Ccnh; Psmb4; Psmb1; Adrm1; H2ac19","gastrocnemius","RR-9","GLDS-326","Stat_(Space Flight)v(Ground Control)",1,"flight_positive"
"REACTOME_RUNX2_REGULATES_BONE_DEVELOPMENT",0.631086142322097,0.83987832373712,0.0640703750499722,-0.264043922320915,-0.881469882418445,29,"reactome","Mapk1; Runx2; Rb1; Src; Hdac4; Ihh; Gli3; Ar; Hes1; Abl1; Hey1","gastrocnemius","RR-9","GLDS-326","Stat_(Space Flight)v(Ground Control)",1,"flight_positive"
"REACTOME_RUNX2_REGULATES_OSTEOBLAST_DIFFERENTIATION",0.68796992481203,0.860451283029114,0.0601186142531851,-0.271343345675061,-0.837059237944172,22,"reactome","Mapk1; Runx2; Rb1; Src; Gli3; Ar; Hes1; Abl1; Hey1","gastrocnemius","RR-9","GLDS-326","Stat_(Space Flight)v(Ground Control)",1,"flight_positive"
"REACTOME_SARS_COV_1_ACTIVATES_MODULATES_INNATE_IMMUNE_RESPONSES",0.830022075055188,0.920504033697437,0.0588438169595807,0.216974498734869,0.798099695403968,38,"reactome","Ubc; Ppih; Ppib; Uba52; Ikbke; Rela; Kpnb1; Pcbp2","gastrocnemius","RR-9","GLDS-326","Stat_(Space Flight)v(Ground Control)",1,"flight_positive"
"REACTOME_SARS_COV_1_HOST_INTERACTIONS",1.93165715995968e-05,0.000939487800525843,0.575610261071129,0.455772467783052,1.99791845356134,91,"reactome","Rps27; Rps26; Ubc; Rps17; Rpsa; Rps11; Rps16; Rps18; Rps28; Rps6; Rps29; Rps15a; Rps19; Fau; Smad3; Rps25; Rps15; Ppih; Rps2; Rps12; Rps21; Rps20; Ppib; Rps14; Rps3a1; Uba52; Rps5; Rps7; Rps23; Rps13; Ikbke","gastrocnemius","RR-9","GLDS-326","Stat_(Space Flight)v(Ground Control)",1,"flight_positive"
"REACTOME_SARS_COV_1_INFECTION",3.68536968521648e-06,0.000207544503325349,0.627256739718528,0.418120634917389,1.96665267807463,135,"reactome","Rps27; Rps26; Ubc; Rps17; Chmp2a; St6galnac3; Gsk3b; Rpsa; Rps11; Rps16; Rps18; Rps28; Rps6; Rps29; Rps15a; St3gal1; Rps19; Fau; Smad3; Parp10; Rps25; Rps15; Zcrb1; Ppih; Rps2; Mogs; Rps12; Rps21; Rps20; Ppib; Rps14; Rps3a1; Uba52; Rps5; Map1lc3b; Rps7; St6galnac4; Rps23; St3gal3; Gsk3a; Rps13; Ikbke; St3gal4","gastrocnemius","RR-9","GLDS-326","Stat_(Space Flight)v(Ground Control)",1,"flight_positive"
"REACTOME_SARS_COV_1_MODULATES_HOST_TRANSLATION_MACHINERY",2.77566042951051e-12,2.28458204582788e-10,0.898671232061694,0.777320529622385,2.75107140480064,34,"reactome","Rps27; Rps26; Rps17; Rpsa; Rps11; Rps16; Rps18; Rps28; Rps6; Rps29; Rps15a; Rps19; Fau; Rps25; Rps15; Rps2; Rps12; Rps21; Rps20; Rps14; Rps3a1; Rps5; Rps7; Rps23; Rps13","gastrocnemius","RR-9","GLDS-326","Stat_(Space Flight)v(Ground Control)",1,"flight_positive"
"REACTOME_SARS_COV_1_TARGETS_HOST_INTRACELLULAR_SIGNALLING_AND_REGULATORY_PATHWAYS",0.0656934306569343,0.369228114823042,0.237793834423688,-0.501543072532118,-1.43355448503034,16,"reactome","Ywhaq; Pdpk1; Ywhah; Ep300; Psmc6; Ywhag; Serpine1; Sp1; Ywhab; Cav1","gastrocnemius","RR-9","GLDS-326","Stat_(Space Flight)v(Ground Control)",1,"flight_positive"
"REACTOME_SARS_COV_2_ACTIVATES_MODULATES_INNATE_AND_ADAPTIVE_IMMUNE_RESPONSES",0.13355592654424,0.484423191194364,0.155241966228839,-0.277631375983403,-1.20860218445784,102,"reactome","Nup160; Tlr1; Irak2; Ptpn11; Tbk1; Sec24a; Nup93; Il17ra; Cnbp; Nup88; Pik3c3; H2-M2; Masp2; Mavs; Stat2; Nup107; B2m; Ifih1; Ranbp2; Nup37; Pik3r4; Nup35","gastrocnemius","RR-9","GLDS-326","Stat_(Space Flight)v(Ground Control)",1,"flight_positive"
"REACTOME_SARS_COV_2_HOST_INTERACTIONS",0.000103457502929023,0.00481302296235019,0.538434096309916,0.349429755120239,1.69757692759825,176,"reactome","Rps27; Rps26; Ubc; Snrpd1; Rps17; Vps16; Rpsa; Rps11; Rps16; Rps18; Rps28; Rps6; Rps29; Rps15a; Rps19; Fau; Tjp1; Akt2; Snrpd2; Rps25; Map3k7; Rps15; G3bp1; Rps2; Nup85; Rps12; Rps21; Rps20; Snrpg; Irf7; Rps14; Nup214; Rps3a1; Aaas; Uba52; Rps5; Map1lc3b; Gemin2; Snrpd3; Vps39; Isg15; Nup210; Rps7; Rps23; Snrpf; Rps13; Ikbke; Nup133; Gemin7; Gemin4; Sec24c; Ifnar1; Gemin6; Rps10","gastrocnemius","RR-9","GLDS-326","Stat_(Space Flight)v(Ground Control)",1,"flight_positive"
"REACTOME_SARS_COV_2_INFECTION",6.40022531119841e-06,0.000342412054149115,0.610526878385931,0.339258917922978,1.73320965120884,266,"reactome","Rps27; Rps26; Ubc; Snrpd1; Rps17; Vps16; Chmp2a; St6galnac3; Gsk3b; Man1b1; Rpsa; Rps11; Rps16; Rps18; Rps28; Rps6; Rps29; Ano8; Rps15a; St3gal1; Rps19; Fau; Tjp1; Akt2; Snrpd2; Tmem258; Sdc4; Parp10; Rps25; Map3k7; Magt1; Rps15; G3bp1; Zcrb1; Rps2; Mogs; Nup85; Rps12; Rps21; Rps20; Snrpg; Irf7; Ano6; Rps14; Nup214; Rps3a1; Aaas; Zdhhc9; Uba52; Rps5; Map1lc3b; Gemin2; Snrpd3; Vps39; Isg15; Nup210; Rps7; St6galnac4; Dad1; Rps23; St3gal3; Gsk3a; Ddost; Snrpf; Rps13; Ikbke; St3gal4; Nup133; Gemin7; Gemin4; Sec24c; Ifnar1; Parp4; Gemin6; Rps10; Nup62; Prmt1; Ube2i; Rps3; Smn1; Tmprss2; Rps9; Tyk2","gastrocnemius","RR-9","GLDS-326","Stat_(Space Flight)v(Ground Control)",1,"flight_positive"
"REACTOME_SARS_COV_2_MODULATES_HOST_TRANSLATION_MACHINERY",5.02611658895031e-11,3.58529650011789e-09,0.851339057116899,0.704544699930888,2.73246272299081,47,"reactome","Rps27; Rps26; Snrpd1; Rps17; Rpsa; Rps11; Rps16; Rps18; Rps28; Rps6; Rps29; Rps15a; Rps19; Fau; Snrpd2; Rps25; Rps15; Rps2; Rps12; Rps21; Rps20; Snrpg; Rps14; Rps3a1; Rps5; Gemin2; Snrpd3; Rps7; Rps23; Snrpf; Rps13; Gemin7; Gemin4; Gemin6; Rps10; Rps3; Smn1; Rps9","gastrocnemius","RR-9","GLDS-326","Stat_(Space Flight)v(Ground Control)",1,"flight_positive"
"REACTOME_SARS_COV_INFECTIONS",0.000245781625118295,0.0101148591875606,0.49849310876659,0.280013004480722,1.48644585145201,383,"reactome","Rps27; Rps26; Ubc; Snrpd1; Atp1a2; Fxyd1; Rps17; Vps16; Chmp2a; St6galnac3; Gsk3b; Man1b1; Rpsa; Rps11; Rps16; Ap2s1; Rps18; Rps28; Rps6; Rps29; Ano8; Rps15a; St3gal1; Rps19; Fau; Tjp1; Akt2; Snrpd2; Ap2a2; Smad3; Tmem258; Sdc4; Parp10; Rps25; Map3k7; Magt1; Rps15; G3bp1; Zcrb1; Ppih; Rps2; Comt; Mogs; Nup85; Rps12; Rps21; Rps20; Snrpg; Brms1; Sap18; Irf7; Ppib; Ano6; Rps14; Nup214; Impdh2; Rps3a1; Aaas; Zdhhc9; Uba52; Rps5; Map1lc3b; Gemin2; Snrpd3; Ap2m1; Vps39; Isg15; Nup210; Igkv17-127; Rps7; St6galnac4; Fntb; Dad1; Rps23; St3gal3; Gsk3a; Ddost; Snrpf; Rps13; Ikbke; Atp1b2; St3gal4; Rbx1; Nup133; Gemin7; Gemin4; Sec24c; Mta1; Ifnar1; Parp4; Fkbp4; Arid4b; Gemin6; Rps10; Nup62; Rela; Prmt1; Ube2i; Rps3; Smn1; Gatad2b; Kpnb1; Tmprss2; Rps9; Tyk2","gastrocnemius","RR-9","GLDS-326","Stat_(Space Flight)v(Ground Control)",1,"flight_positive"
"REACTOME_SCAVENGING_BY_CLASS_A_RECEPTORS",0.300184162062615,0.690230799155,0.103576326612592,-0.409963767276906,-1.14134723929788,15,"reactome","Col3a1; Colec12; Hsp90b1; Col1a2; Ftl1","gastrocnemius","RR-9","GLDS-326","Stat_(Space Flight)v(Ground Control)",1,"flight_positive"
"REACTOME_SCAVENGING_OF_HEME_FROM_PLASMA",0.607843137254902,0.837559307708561,0.0734381410838857,0.300729152644991,0.881474672775985,15,"reactome","Hba-a1; Hba-a2; Igkv17-127; Hpx","gastrocnemius","RR-9","GLDS-326","Stat_(Space Flight)v(Ground Control)",1,"flight_positive"
"REACTOME_SCF_BETA_TRCP_MEDIATED_DEGRADATION_OF_EMI1",0.00601116325128247,0.107199077981204,0.407017918923954,0.462439262652355,1.74619835243576,42,"reactome","Ubc; Psmc4; Psmc3; Sem1; Psmb3; Psmb6; Cul1; Psmd2; Psmd11; Psmc5; Uba52; Psmd1; Psmb5; Psmb4; Psmb1; Adrm1","gastrocnemius","RR-9","GLDS-326","Stat_(Space Flight)v(Ground Control)",1,"flight_positive"
"REACTOME_SCF_SKP2_MEDIATED_DEGRADATION_OF_P27_P21",0.0037865581784297,0.0794434755082309,0.431707695803346,0.440436768634901,1.72632318230513,49,"reactome","Ubc; Cdkn1a; Psmc4; Psmc3; Sem1; Psmb3; Psmb6; Cul1; Psmd2; Psmd11; Psmc5; Uba52; Psmd1; Psmb5; Psmb4; Psmb1; Adrm1","gastrocnemius","RR-9","GLDS-326","Stat_(Space Flight)v(Ground Control)",1,"flight_positive"
"REACTOME_SEALING_OF_THE_NUCLEAR_ENVELOPE_NE_BY_ESCRT_III",0.928301886792453,0.961065423701068,0.0464154956843849,-0.205943283750732,-0.652194723500114,24,"reactome","Chmp4b; Chmp3; Chmp4c; Tuba1b; Chmp7; Tubb2a; Chmp2b; Tubb3; Tuba4a; Ist1; Tubb2b","gastrocnemius","RR-9","GLDS-326","Stat_(Space Flight)v(Ground Control)",1,"flight_positive"
"REACTOME_SELECTIVE_AUTOPHAGY",0.153846153846154,0.519291434117933,0.172324344900946,0.27856540721954,1.19702242166021,80,"reactome","Map1lc3a; Ubc; Atg9a; Hsf1; Prkag3; Csnk2b; Dync1i2; Tomm7; Ube2l3; Uba52; Map1lc3b; Dync1h1; Plin3; Park7; Tomm6; Optn; Tuba8; Atg5","gastrocnemius","RR-9","GLDS-326","Stat_(Space Flight)v(Ground Control)",1,"flight_positive"
"REACTOME_SELENOAMINO_ACID_METABOLISM",7.38426302695937e-26,1.97529035971163e-23,1.31888879607587,0.727624773139239,3.21078053859845,99,"reactome","Rps27; Rps26; Rpl28; Rpl27a; Rps17; Rpl21; Rpl17; Rpl14; Rpl18a; Rpl24; Rpl27; Rpl19; Rpl6; Rpl15; Rpl22; Rpl26; Rpsa; Rps11; Rps16; Rpl32; Rps18; Rpl13a; Rps28; Rpl13; Rpl35; Rpl37a; Rps6; Rps29; Rpl7; Rps15a; Rpl8; Rpl35a; Rps19; Fau; Rpl3l; Rpl36; Rpl31; Rpl29; Rps25; Aimp1; Rps15; Rpl18; Rps2; Rpl12; Rpl7a; Rpl36a; Rps12; Rps21; Rpl5; Rpl38; Rpl10; Rps20; Rpl23; Mars1; Rps14; Rplp1; Rps3a1; Uba52; Rps5; Sephs2; Rps7","gastrocnemius","RR-9","GLDS-326","Stat_(Space Flight)v(Ground Control)",1,"flight_positive"
"REACTOME_SEMA3A_PAK_DEPENDENT_AXON_REPULSION",0.988986784140969,0.993629914582946,0.0506004243853618,0.1638272577825,0.485381831029212,16,"reactome","Plxna3; Cfl1; Pak2; Fes; Sema3a; Rac1; Pak3","gastrocnemius","RR-9","GLDS-326","Stat_(Space Flight)v(Ground Control)",1,"flight_positive"
"REACTOME_SEMA4D_INDUCED_CELL_MIGRATION_AND_GROWTH_CONE_COLLAPSE",0.158129175946548,0.529276178237412,0.165656695205483,0.413788203527059,1.27176216043487,20,"reactome","Myl9; Arhgef11; Rhob; Sema4d; Myl12b; Erbb2; Myh14; Rnd1; Myl6; Rhoc","gastrocnemius","RR-9","GLDS-326","Stat_(Space Flight)v(Ground Control)",1,"flight_positive"
"REACTOME_SEMA4D_IN_SEMAPHORIN_SIGNALING",0.404661016949153,0.759626821290514,0.0940503465727813,0.313137644024537,1.0292692371037,24,"reactome","Myl9; Arhgef11; Rhob; Sema4d; Myl12b; Erbb2; Myh14; Rnd1; Myl6; Rhoc","gastrocnemius","RR-9","GLDS-326","Stat_(Space Flight)v(Ground Control)",1,"flight_positive"
"REACTOME_SEMAPHORIN_INTERACTIONS",0.817757009345794,0.918167057179266,0.062249042949858,0.201271878729259,0.826095628259425,64,"reactome","Gsk3b; Myl9; Arhgef11; Rhob; Sema4d; Myl12b; Plxna3; Erbb2; Myh14; Cdk5; Rnd1; Myl6; Rhoc; Cfl1; Pak2; Itga1; Fes; Sema6a; Rock2; Sema3a; Trem2; Rac1; Rock1; Sema3e; Dpysl3; Pip5k1c; Rras; Farp2; Pak3; Dpysl4","gastrocnemius","RR-9","GLDS-326","Stat_(Space Flight)v(Ground Control)",1,"flight_positive"
"REACTOME_SENESCENCE_ASSOCIATED_SECRETORY_PHENOTYPE_SASP",0.0646837282090317,0.369228114823042,0.287805130535564,0.323740511945898,1.36318885407562,74,"reactome","Ubc; Cdkn1a; Fos; H2ax; H3c10; Rps6ka2; Rps6ka3; Anapc15; H2az2; Uba52; Anapc4; H2ac19; Anapc5; Ube2s; H4c4; Cdc23; Rela; Ube2d1; Mapk3; Anapc1; Rps6ka1; H3c4; Anapc11","gastrocnemius","RR-9","GLDS-326","Stat_(Space Flight)v(Ground Control)",1,"flight_positive"
"REACTOME_SENSORY_PERCEPTION",0.483627204030227,0.799211613888231,0.0937465422491719,0.206328827689427,0.992512294833642,168,"reactome","Triobp; Ush1c; Dhrs3; Guca1b; Scnn1a; Sdc4; Tmie; Hsd17b1; Calm1; Trpm4; Or2y1g; Kcnn2; Prkcq; Plb1; Nmt2; Reep1; Mpp1; Or6x1; Fntb; Rdh5; Adcy3; Kcnma1; Awat2; Nmt1; Rdh11; Slc26a5; Chrna10; Myo7a; Espnl; Scn3a; Ldlr; Scnn1b; Bco1; Twf2; Rab3a; Or5d18; Sag; Guca1a; Ezr; Pde6g; Or2k2; Abca4; Actb; Syp; Or2y1; Gpc1; Sdc1; Rho; Apoe; Or51v8; Grk1; Gpc4","gastrocnemius","RR-9","GLDS-326","Stat_(Space Flight)v(Ground Control)",1,"flight_positive"
"REACTOME_SENSORY_PERCEPTION_OF_TASTE",0.61978021978022,0.839512084119504,0.0728938564822936,0.296542137609207,0.893547078351477,18,"reactome","Scnn1a; Trpm4; Scn3a; Scnn1b","gastrocnemius","RR-9","GLDS-326","Stat_(Space Flight)v(Ground Control)",1,"flight_positive"
"REACTOME_SENSORY_PROCESSING_OF_SOUND",0.872822299651568,0.94718038603162,0.0455878202571231,-0.19609822978651,-0.778658403451933,64,"reactome","Cacnb2; Rdx; Clic5; Capza1; Cdh23; Capza2; Ctbp2; Cabp1; Atp2b1; Twf1; Epb41l1; Actg1; Pclo; Ripor2; Atp2b2; Eps8; Kcnq4; Strc; Lrrc52; Whrn","gastrocnemius","RR-9","GLDS-326","Stat_(Space Flight)v(Ground Control)",1,"flight_positive"
"REACTOME_SENSORY_PROCESSING_OF_SOUND_BY_OUTER_HAIR_CELLS_OF_THE_COCHLEA",0.187637969094923,0.570376781055589,0.150169802128406,0.318201031001372,1.20370738124242,44,"reactome","Triobp; Ush1c; Tmie; Kcnn2; Mpp1; Kcnma1; Slc26a5; Chrna10; Myo7a; Espnl; Twf2","gastrocnemius","RR-9","GLDS-326","Stat_(Space Flight)v(Ground Control)",1,"flight_positive"
"REACTOME_SEPARATION_OF_SISTER_CHROMATIDS",0.147058823529412,0.509411184602044,0.181383128498408,0.240642636836224,1.16236217998801,167,"reactome","Rps27; Ubc; Cenpt; Psmc4; Psmc3; Sem1; Stag2; Spc24; Stag1; Psmb3; Hdac8; Psmb6; Dync1i2; Nup85; Mad1l1; Psmd2; Mapre1; Anapc15; Itgb3bp; Psmd11; Psmc5; Uba52; Psmd1; Ska2; Dync1h1; Psmb5; Psmb4; Psmb1; Ppp2r1a; Adrm1; Anapc4; Mis12; Anapc5; Tuba8; Nup133; Rangap1; Psmc2; Ube2s; B9d2","gastrocnemius","RR-9","GLDS-326","Stat_(Space Flight)v(Ground Control)",1,"flight_positive"
"REACTOME_SEROTONIN_NEUROTRANSMITTER_RELEASE_CYCLE",0.202925045703839,0.591634329436261,0.129442887745046,-0.421517553803207,-1.24414838657455,18,"reactome","Ppfia1; Syt1; Rims1; Cplx1","gastrocnemius","RR-9","GLDS-326","Stat_(Space Flight)v(Ground Control)",1,"flight_positive"
"REACTOME_SHC1_EVENTS_IN_ERBB2_SIGNALING",0.113895216400911,0.459875974703751,0.199915231309662,0.441083851924787,1.33494765266252,19,"reactome","Erbb3; Egfr; Prkce; Erbb2; Ptpn12; Nras; Hras; Egf","gastrocnemius","RR-9","GLDS-326","Stat_(Space Flight)v(Ground Control)",1,"flight_positive"
"REACTOME_SHC_MEDIATED_CASCADE_FGFR1",0.606263982102908,0.837035433354983,0.0749278818393739,0.300748500899098,0.901984201152684,17,"reactome","Fgfr1; Nras; Hras","gastrocnemius","RR-9","GLDS-326","Stat_(Space Flight)v(Ground Control)",1,"flight_positive"
"REACTOME_SHC_MEDIATED_CASCADE_FGFR3",0.476277372262774,0.796276231751825,0.0768736734126542,-0.344855878381042,-0.985697377189001,16,"reactome","Fgfr3; Grb2; Kras; Fgf1; Sos1; Fgf9","gastrocnemius","RR-9","GLDS-326","Stat_(Space Flight)v(Ground Control)",1,"flight_positive"
"REACTOME_SHC_MEDIATED_CASCADE_FGFR4",0.936936936936937,0.963963963963964,0.0438879842863647,-0.224255094184148,-0.653816923278777,17,"reactome","Grb2; Kras; Fgf1; Sos1; Fgf9","gastrocnemius","RR-9","GLDS-326","Stat_(Space Flight)v(Ground Control)",1,"flight_positive"
"REACTOME_SIALIC_ACID_METABOLISM",0.126068376068376,0.474975923919586,0.183023938384487,0.37602355382026,1.30546495143908,29,"reactome","Neu3; St6galnac3; St3gal1; Neu2; St6galnac4; St3gal3; St3gal4; St8sia5; St8sia6; Slc35a1; Ctsa","gastrocnemius","RR-9","GLDS-326","Stat_(Space Flight)v(Ground Control)",1,"flight_positive"
"REACTOME_SIGNALING_BY_ACTIVIN",0.460352422907489,0.786458723583415,0.0888945288620449,0.332368907376266,0.984731301879259,16,"reactome","Acvr2b; Smad3; Acvr1c; Mapk3; Acvr2a; Fst; Drap1","gastrocnemius","RR-9","GLDS-326","Stat_(Space Flight)v(Ground Control)",1,"flight_positive"
"REACTOME_SIGNALING_BY_ALK",0.240223463687151,0.644208286078324,0.118815039412263,-0.351515646787059,-1.16564733399178,28,"reactome","Sin3a; Cd274; Pik3r1; Mycn; Src; Jak3; Ep300; Pik3r2; Alkal2","gastrocnemius","RR-9","GLDS-326","Stat_(Space Flight)v(Ground Control)",1,"flight_positive"
"REACTOME_SIGNALING_BY_ALK_IN_CANCER",0.556872037914692,0.81623709666948,0.0824344091527096,0.220360661155616,0.958280893938176,88,"reactome","Ubc; Cdkn1a; Ppfibp1; Rps6; Cul1; Stat5a; Klc1; Il10ra; Rrbp1; Eef1g; Twist1; Pik3ca; Uba52; Lmo7; Ago3; Trp53; Ago4; Frs2; Rbx1; Zc3hc1; Icos; Junb; Mapk9; Tyk2; Mapk3","gastrocnemius","RR-9","GLDS-326","Stat_(Space Flight)v(Ground Control)",1,"flight_positive"
"REACTOME_SIGNALING_BY_BMP",0.202150537634409,0.591634329436261,0.142056643575821,0.355729968079063,1.21470287464415,28,"reactome","Amh; Grem2; Acvr2b; Bmpr1a; Ube2d1; Ski; Acvrl1; Acvr2a; Smurf1","gastrocnemius","RR-9","GLDS-326","Stat_(Space Flight)v(Ground Control)",1,"flight_positive"
"REACTOME_SIGNALING_BY_BRAF_AND_RAF1_FUSIONS",0.332161687170475,0.696469383650559,0.0946646223153342,-0.275386252620006,-1.08402930316097,61,"reactome","Jak2; Fn1; Qki; Mapk1; Rap1b; Bcl2l11; Vcl; Ksr2; Fxr1; Src; Papss1; Aggf1; Kras; Rap1a; Agk; Map2k1","gastrocnemius","RR-9","GLDS-326","Stat_(Space Flight)v(Ground Control)",1,"flight_positive"
"REACTOME_SIGNALING_BY_CSF1_M_CSF_IN_MYELOID_CELLS",0.462686567164179,0.787082077687872,0.0795564677235957,-0.29629665009936,-0.997240949156099,30,"reactome","Fyn; Ptpn11; Pik3r1; Cbl; Grb2; Src; Kras","gastrocnemius","RR-9","GLDS-326","Stat_(Space Flight)v(Ground Control)",1,"flight_positive"
"REACTOME_SIGNALING_BY_CSF3_G_CSF",0.0897435897435897,0.412127214702322,0.219250346703755,0.400434115153522,1.39021265392147,29,"reactome","Ubc; Stat5b; Socs1; Stat5a; Elob; Socs3; Uba52","gastrocnemius","RR-9","GLDS-326","Stat_(Space Flight)v(Ground Control)",1,"flight_positive"
"REACTOME_SIGNALING_BY_CTNNB1_PHOSPHO_SITE_MUTANTS",0.603485838779956,0.837035433354983,0.0738052724171275,0.301199733931931,0.882854005249315,15,"reactome","Amer1; Gsk3b; Ppp2r1a; Ppp2r5e; Axin1","gastrocnemius","RR-9","GLDS-326","Stat_(Space Flight)v(Ground Control)",1,"flight_positive"
"REACTOME_SIGNALING_BY_CYTOSOLIC_FGFR1_FUSION_MUTANTS",0.0813186813186813,0.388707698269181,0.234392647294686,0.469013458264163,1.41324133129353,18,"reactome","Stat5b; Fgfr1op2; Stat5a; Pik3ca; Myo18a","gastrocnemius","RR-9","GLDS-326","Stat_(Space Flight)v(Ground Control)",1,"flight_positive"
"REACTOME_SIGNALING_BY_EGFR",0.158469945355191,0.529276178237412,0.148261500475107,-0.325567106128634,-1.21917102094531,50,"reactome","Ptpn3; Ptpn11; Spry2; Pik3r1; Adam17; Sh3kbp1; Btc; Cbl; Grb2; Src; Epgn; Gab1; Kras; Stam2; Lrig1; Eps15l1","gastrocnemius","RR-9","GLDS-326","Stat_(Space Flight)v(Ground Control)",1,"flight_positive"
"REACTOME_SIGNALING_BY_EGFR_IN_CANCER",0.447761194029851,0.781937369761519,0.0886261133285098,0.308165731365002,0.99536254401102,23,"reactome","Ubc; Egfr; Pik3ca; Uba52; Nras; Hras; Egf","gastrocnemius","RR-9","GLDS-326","Stat_(Space Flight)v(Ground Control)",1,"flight_positive"
"REACTOME_SIGNALING_BY_ERBB2",0.374727668845316,0.73435642063093,0.10027910675413,0.271841711949482,1.0542941342527,47,"reactome","Ubc; Erbb3; Egfr; Akt2; Prkce; Pik3ca; Uba52; Erbb2; Ptpn12; Nras; Hras; Egf","gastrocnemius","RR-9","GLDS-326","Stat_(Space Flight)v(Ground Control)",1,"flight_positive"
"REACTOME_SIGNALING_BY_ERBB2_ECD_MUTANTS",0.537444933920705,0.808317632683035,0.080419996876154,0.313598136162229,0.929117898926525,16,"reactome","Egfr; Pik3ca; Erbb2; Nras; Hras; Egf","gastrocnemius","RR-9","GLDS-326","Stat_(Space Flight)v(Ground Control)",1,"flight_positive"
"REACTOME_SIGNALING_BY_ERBB2_IN_CANCER",0.398720682302772,0.753765247462837,0.0952879846194844,0.322777463520733,1.04255783346295,23,"reactome","Erbb3; Egfr; Pik3ca; Erbb2; Ptpn12; Nras; Hras; Egf","gastrocnemius","RR-9","GLDS-326","Stat_(Space Flight)v(Ground Control)",1,"flight_positive"
"REACTOME_SIGNALING_BY_ERBB4",0.503610108303249,0.802472889429411,0.0734381410838857,-0.257980522766394,-0.966880885810039,51,"reactome","Wwp1; Gabrb3; Pik3r1; Adam17; Nrg4; Aph1a; Btc; Grb2; Src; Sparc; Aph1c; Wwox; Kras","gastrocnemius","RR-9","GLDS-326","Stat_(Space Flight)v(Ground Control)",1,"flight_positive"
"REACTOME_SIGNALING_BY_ERYTHROPOIETIN",0.658898305084746,0.851919993974802,0.0679922591544058,0.262917125509251,0.864196669925764,24,"reactome","Stat5b; Stat5a; Pik3ca; Pik3cd; Nras; Hras; Crkl","gastrocnemius","RR-9","GLDS-326","Stat_(Space Flight)v(Ground Control)",1,"flight_positive"
"REACTOME_SIGNALING_BY_FGFR",0.367205542725173,0.724926071431615,0.105125131597001,0.239823510637326,1.03075171466899,79,"reactome","Fgfr1; Ubc; Polr2j; Gtf2f1; Polr2e; Fgfbp1; Pik3ca; Uba52; Polr2f; Ppp2r1a; Tial1; Ncbp2; Gtf2f2; Fgfr4; Frs2; Braf; Gipc1; Nras; Hras; Ncbp1; Fgf7; Mapk3; Flrt1","gastrocnemius","RR-9","GLDS-326","Stat_(Space Flight)v(Ground Control)",1,"flight_positive"
"REACTOME_SIGNALING_BY_FGFR1",0.615101289134438,0.838996948272679,0.0645031249656493,-0.245598490636678,-0.9077322902527,47,"reactome","Ptpn11; Mapk1; Ppp2ca; Spry2; Pik3r1; Fgfrl1; Spred2; Cbl; Grb2; Src; Gab1; Kras","gastrocnemius","RR-9","GLDS-326","Stat_(Space Flight)v(Ground Control)",1,"flight_positive"
"REACTOME_SIGNALING_BY_FGFR1_IN_DISEASE",0.113785557986871,0.459875974703751,0.195789002148949,0.358767452738049,1.29631545828464,36,"reactome","Fgfr1; Stat5b; Fgfr1op2; Stat5a; Pik3ca; Myo18a; Frs2; Nras; Hras","gastrocnemius","RR-9","GLDS-326","Stat_(Space Flight)v(Ground Control)",1,"flight_positive"
"REACTOME_SIGNALING_BY_FGFR2",0.517482517482518,0.802472889429411,0.0855356947987884,0.232802086612801,0.967094142443168,66,"reactome","Ubc; Polr2j; Gtf2f1; Polr2e; Fgfbp1; Pik3ca; Uba52; Polr2f; Ppp2r1a; Tial1; Ncbp2; Gtf2f2; Frs2; Braf; Nras; Hras; Ncbp1; Fgf7; Mapk3","gastrocnemius","RR-9","GLDS-326","Stat_(Space Flight)v(Ground Control)",1,"flight_positive"
"REACTOME_SIGNALING_BY_FGFR2_IIIA_TM",0.314350797266515,0.696469383650559,0.114266502484433,0.365929385424252,1.10749140323469,19,"reactome","Polr2j; Gtf2f1; Polr2e; Polr2f; Ncbp2; Gtf2f2; Ncbp1; Polr2c; Polr2h","gastrocnemius","RR-9","GLDS-326","Stat_(Space Flight)v(Ground Control)",1,"flight_positive"
"REACTOME_SIGNALING_BY_FGFR2_IN_DISEASE",0.498891352549889,0.800732512789602,0.0847985102819124,0.262976693149131,0.972463299097482,39,"reactome","Polr2j; Gtf2f1; Polr2e; Pik3ca; Polr2f; Ncbp2; Gtf2f2; Frs2; Nras; Hras; Ncbp1; Fgf7; Polr2c; Fgf20; Polr2h","gastrocnemius","RR-9","GLDS-326","Stat_(Space Flight)v(Ground Control)",1,"flight_positive"
"REACTOME_SIGNALING_BY_FGFR3",0.252302025782689,0.65954620330517,0.114750719227023,-0.320921499909701,-1.13167407146362,37,"reactome","Ptpn11; Fgfr3; Mapk1; Ppp2ca; Spry2; Pik3r1; Cbl; Grb2; Src; Gab1; Kras","gastrocnemius","RR-9","GLDS-326","Stat_(Space Flight)v(Ground Control)",1,"flight_positive"
"REACTOME_SIGNALING_BY_FGFR4",0.444444444444444,0.77959927140255,0.080419996876154,-0.280577429624698,-0.997229393598944,38,"reactome","Ptpn11; Mapk1; Ppp2ca; Spry2; Pik3r1; Cbl; Grb2; Src; Gab1; Kras","gastrocnemius","RR-9","GLDS-326","Stat_(Space Flight)v(Ground Control)",1,"flight_positive"
"REACTOME_SIGNALING_BY_FGFR_IN_DISEASE",0.0680272108843537,0.369228114823042,0.261663521711573,0.331901176201174,1.35006571880968,59,"reactome","Fgfr1; Stat5b; Polr2j; Gtf2f1; Fgfr1op2; Stat5a; Polr2e; Pik3ca; Myo18a; Polr2f; Ncbp2; Gtf2f2; Fgfr4; Frs2; Nras; Hras; Ncbp1; Fgf7","gastrocnemius","RR-9","GLDS-326","Stat_(Space Flight)v(Ground Control)",1,"flight_positive"
"REACTOME_SIGNALING_BY_FLT3_FUSION_PROTEINS",0.0660592255125285,0.369228114823042,0.266350657088526,0.472704312316317,1.43064750472371,19,"reactome","Pim1; Cdkn1a; Stat5b; Stat5a; Pik3ca; Myo18a; Nras; Hras","gastrocnemius","RR-9","GLDS-326","Stat_(Space Flight)v(Ground Control)",1,"flight_positive"
"REACTOME_SIGNALING_BY_FLT3_ITD_AND_TKD_MUTANTS",0.171806167400881,0.550397003350128,0.157402899305283,0.429367871121038,1.27211653476206,16,"reactome","Pim1; Cdkn1a; Stat5b; Stat5a; Pik3ca; Nras; Hras","gastrocnemius","RR-9","GLDS-326","Stat_(Space Flight)v(Ground Control)",1,"flight_positive"
"REACTOME_SIGNALING_BY_GPCR",0.976973684210526,0.985260925641153,0.037770500132479,-0.155157940114056,-0.811670228169292,473,"reactome","Gal; Sos2; Ptch1; Gpr176; Fn1; Cd55; Gng5; Dgkd; Gna13; Dgkq; Mchr1; Gpr68; Ahcyl1; Arhgef6; Mapk1; Ednrb; Ppp2ca; Adcy6; Fzd1; Itgb1; Prkacb; Plekhg2; Pik3r1; Gpr4; Dgkg; Bdkrb1; Cxcl9; Prkx; Plppr4; Arhgef12; Wnt10b; Ect2; Ccr2; Sst; Pde1c; Pde8a; Grm8; Cxcr6; Nln; Ccl22; Ccl17; Pdpk1; Fzd5; Dhh; Arhgef26; F2r; Grb2; Plxnb1; Src; Ccr1; Ffar2; Wnt7b; Gnai3; Rgs4; Hebp1; Btk; P2ry2; Kras; Rhoa; Ffar4; C5ar1; Rgs1; Plekhg5; Pde7b; Cxcl13; Insl3; Trh; Itpr3; Adcy1; Ptger4; Adcy5; Pde3a; Saa1; Wnt9a; Adra2b; Ackr3; Opn1mw; Prok1; Gna14; Ece1; Adgre1; Dgkk; Gnai2; Ptgir; Ccr10; Gpr65; Ppp3r1; Pik3r2; Xcr1; Ihh; Prkar2b; Pde7a; Uts2r; Camkk1; Tshr; Prkcg; Prkar1b; Gpsm1; Gnai1; Sos1; Gna12; Npffr1; Ptger1; Rxfp2; Cxcl1; P2ry13; Camk2g; Gnal; Gpr183; Abhd6; Wnt5a; Gabbr1; Pde3b; Bdkrb2; Tas1r1; Cnr2; Arhgef18; Calcr; Ramp2; Pomc; Chrm3; Wnt2; Adra1b; Pak1; Mmp3","gastrocnemius","RR-9","GLDS-326","Stat_(Space Flight)v(Ground Control)",1,"flight_positive"
"REACTOME_SIGNALING_BY_HEDGEHOG",0.0267546450049806,0.232711436587032,0.352487857583619,0.304211871622035,1.42364251581394,132,"reactome","Ubc; Wdr19; Adcy2; Gsk3b; Psmc4; Psmc3; Sem1; Psmb3; Psmb6; Cul1; Prkar2a; Os9; Ift122; Prkaca; Psmd2; Numb; P4hb; Evc2; Psmd11; Psmc5; Uba52; Psmd1; Adcy9; Ift172; Psmb5; Psmb4; Psmb1; Adrm1; Adcy3; Kif3a; Ttc21b; Rbx1; Scube2; Gas8; Gli1; Psmc2","gastrocnemius","RR-9","GLDS-326","Stat_(Space Flight)v(Ground Control)",1,"flight_positive"
"REACTOME_SIGNALING_BY_HIPPO",0.151447661469933,0.516079610741492,0.169570644405628,0.421579549295527,1.29570856258636,20,"reactome","Amotl1; Yap1; Tjp1; Dvl2; Wwc1","gastrocnemius","RR-9","GLDS-326","Stat_(Space Flight)v(Ground Control)",1,"flight_positive"
"REACTOME_SIGNALING_BY_INSULIN_RECEPTOR",0.813953488372093,0.916768665850673,0.062249042949858,0.19849014494039,0.835791454088423,74,"reactome","Fgfr1; Grb10; Akt2; Atp6v1b1; Atp6v1f; Atp6v1d; Atp6v0d1; Pik3ca; Flt3l; Atp6v1a; Atp6v0e2; Fgfr4; Frs2; Nras; Hras","gastrocnemius","RR-9","GLDS-326","Stat_(Space Flight)v(Ground Control)",1,"flight_positive"
"REACTOME_SIGNALING_BY_INTERLEUKINS",0.790082644628099,0.909727431857965,0.0477342401407188,-0.174852447509398,-0.899608819944162,394,"reactome","Jak2; Psma3; Sos2; Crk; Dusp7; Fn1; Ptpn4; Psmd6; Irak2; Psmd14; Il1rl1; Lrrc14; Fyn; Ptpn11; Tbk1; Skp1; Tnf; Il17ra; Mcl1; Ighg2c; Mapk1; Canx; Mef2a; Ppp2ca; Gsdmd; Itgb1; Pik3r1; Mtap; Rap1b; Lifr; Ccnd1; Hnrnpa2b1; Timp1; Il15; Ccr2; Capza1; Il1r1; Stat2; Gsto1; Il10; Ccl22; Mapk14; Cbl; Tgfb1; Stx3; Lcp1; Grb2; Ccr1; Lama5; Jak3; Itgb2; Il27; Cd36; Ptpn9; Socs2; Map2k6; Psmd12; Il12rb1; Map2k1; Hmox1; Il21r; Tnip2; Hnrnpf; Psmc6; Vegfa; Hnrnpdl; Havcr2; F13a1; Socs5; Il15ra; Map2k4; Sox2; Peli3; Saa1","gastrocnemius","RR-9","GLDS-326","Stat_(Space Flight)v(Ground Control)",1,"flight_positive"
"REACTOME_SIGNALING_BY_KIT_IN_DISEASE",0.334538878842676,0.696469383650559,0.0959206777921745,-0.360296553423935,-1.09658120350854,20,"reactome","Jak2; Fyn; Pik3r1; Kit; Grb2; Src; Kras","gastrocnemius","RR-9","GLDS-326","Stat_(Space Flight)v(Ground Control)",1,"flight_positive"
"REACTOME_SIGNALING_BY_MET",0.000172734638632088,0.00739304253345337,0.518848077743792,-0.446494298941771,-1.84524359320138,78,"reactome","Crk; Col3a1; Met; Fn1; Lamc3; Ptpn11; Arf6; Ptpn1; Itga2; Itgb1; Pik3r1; Sh3kbp1; Rap1b; Cbl; Grb2; Src; Lama5; Lamc1; Gab1; Kras; Stam2; Col11a1; Lama1; Rap1a; Lrig1; Lama2; Col5a1; Hgf; Lama3; Spint2","gastrocnemius","RR-9","GLDS-326","Stat_(Space Flight)v(Ground Control)",1,"flight_positive"
"REACTOME_SIGNALING_BY_MODERATE_KINASE_ACTIVITY_BRAF_MUTANTS",0.688524590163934,0.860451283029114,0.0585937568945671,-0.239508278917512,-0.863872606387327,41,"reactome","Jak2; Fn1; Mapk1; Rap1b; Vcl; Ksr2; Src; Kras; Rap1a; Map2k1","gastrocnemius","RR-9","GLDS-326","Stat_(Space Flight)v(Ground Control)",1,"flight_positive"
"REACTOME_SIGNALING_BY_NODAL",0.373601789709172,0.733493421997824,0.102080107662747,0.354366319599054,1.06279107208653,17,"reactome","Gdf1; Acvr2b; Smad3; Nodal; Acvr1c; Mapk3; Acvr2a; Foxo3; Drap1","gastrocnemius","RR-9","GLDS-326","Stat_(Space Flight)v(Ground Control)",1,"flight_positive"
"REACTOME_SIGNALING_BY_NOTCH",0.00710452464913996,0.113460319023578,0.407017918923954,0.286137464352468,1.40538161588375,191,"reactome","Ubc; Fbxw7; Psmc4; Atp2a1; Psmc3; Sem1; Egfr; H2ax; Smad3; Psmb3; Hdac8; Psmb6; Pbx1; H3c10; Cul1; Psmd2; Numb; Tnrc6a; Maml3; H2az2; Psmd11; Psmc5; Uba52; Psmd1; Hdac5; Psen1; Dtx4; Sirt6; Psmb5; Psmb4; Psmb1; Adrm1; Wwc1; St3gal3; Jag2; Psenen; H2ac19; Rfng; Ago3; Dtx1; Trp53; Ago4; Dlgap5; St3gal4; B4galt1; Rbx1; Hdac3; Psmc2; Tnrc6b; Creb1; H4c4; Egf","gastrocnemius","RR-9","GLDS-326","Stat_(Space Flight)v(Ground Control)",1,"flight_positive"
"REACTOME_SIGNALING_BY_NOTCH1",0.240909090909091,0.644431818181818,0.132846300606183,0.267572541702974,1.12750745741527,73,"reactome","Ubc; Fbxw7; Hdac8; Cul1; Numb; Maml3; Uba52; Hdac5; Psen1; Dtx4; Jag2; Psenen; Dtx1; Rbx1; Hdac3","gastrocnemius","RR-9","GLDS-326","Stat_(Space Flight)v(Ground Control)",1,"flight_positive"
"REACTOME_SIGNALING_BY_NOTCH1_HD_DOMAIN_MUTANTS_IN_CANCER",0.413943355119826,0.76258793039615,0.0943563635421779,0.346716761553647,1.01627009303363,15,"reactome","Ubc; Uba52; Jag2","gastrocnemius","RR-9","GLDS-326","Stat_(Space Flight)v(Ground Control)",1,"flight_positive"
"REACTOME_SIGNALING_BY_NOTCH1_PEST_DOMAIN_MUTANTS_IN_CANCER",0.274599542334096,0.675451747810305,0.12384217120105,0.272636591475837,1.1062714363526,58,"reactome","Ubc; Fbxw7; Hdac8; Cul1; Maml3; Uba52; Hdac5; Psen1; Jag2; Psenen; Rbx1; Hdac3","gastrocnemius","RR-9","GLDS-326","Stat_(Space Flight)v(Ground Control)",1,"flight_positive"
"REACTOME_SIGNALING_BY_NOTCH2",0.665198237885463,0.855315747402078,0.0694481442003175,0.247774296168186,0.868519371553256,32,"reactome","Ubc; Maml3; Uba52; Psen1; Jag2; Psenen; Creb1","gastrocnemius","RR-9","GLDS-326","Stat_(Space Flight)v(Ground Control)",1,"flight_positive"
"REACTOME_SIGNALING_BY_NOTCH3",0.261538461538462,0.661692710271812,0.124434168630393,0.285399261771161,1.11864266767596,49,"reactome","Ubc; Egfr; Pbx1; Maml3; Uba52; Psen1; Wwc1; Jag2; Psenen; Dlgap5; Egf; Tacc3; Ncstn; Psen2","gastrocnemius","RR-9","GLDS-326","Stat_(Space Flight)v(Ground Control)",1,"flight_positive"
"REACTOME_SIGNALING_BY_NOTCH4",0.00475568537402875,0.0925196972765592,0.407017918923954,0.383811957019535,1.6164039928446,72,"reactome","Ubc; Fbxw7; Psmc4; Psmc3; Sem1; Smad3; Psmb3; Psmb6; Cul1; Psmd2; Maml3; Psmd11; Psmc5; Uba52; Psmd1; Psen1; Psmb5; Psmb4; Psmb1; Adrm1; Psenen","gastrocnemius","RR-9","GLDS-326","Stat_(Space Flight)v(Ground Control)",1,"flight_positive"
"REACTOME_SIGNALING_BY_NTRK2_TRKB",0.0469043151969981,0.315645391577283,0.287857117255149,-0.453967971050464,-1.45656246386953,25,"reactome","Fyn; Ptpn11; Ntf5; Pik3r1; Ntrk2; Grb2; Src; Gab1; Kras","gastrocnemius","RR-9","GLDS-326","Stat_(Space Flight)v(Ground Control)",1,"flight_positive"
"REACTOME_SIGNALING_BY_NTRK3_TRKC",0.427007299270073,0.767155485911953,0.0826646449123753,-0.360879759474273,-1.03149824229281,16,"reactome","Pik3r1; Ptpro; Grb2; Src; Kras","gastrocnemius","RR-9","GLDS-326","Stat_(Space Flight)v(Ground Control)",1,"flight_positive"
"REACTOME_SIGNALING_BY_NTRKS",0.123924268502582,0.470209103892775,0.16440575583821,-0.268027976348088,-1.20143648763337,127,"reactome","Crk; Dusp7; Cltc; Kidins220; Fyn; Ptpn11; Id2; Mapk1; Mef2a; Ntf5; Pcsk6; Ppp2ca; Dnal4; Ap2a1; Tcf12; Pik3r1; Ptpro; F3; Ntrk2; Mapk14; Grb2; Src; Ep300; Gab1; Kras; Rhoa; Arc; Rap1a; Map2k1","gastrocnemius","RR-9","GLDS-326","Stat_(Space Flight)v(Ground Control)",1,"flight_positive"
"REACTOME_SIGNALING_BY_NUCLEAR_RECEPTORS",0.284210526315789,0.681428501445158,0.131457611642763,0.210963179005175,1.0612460155008,240,"reactome","Ncoa1; Fosb; Srebf1; Polr2j; Fos; Rara; Gng2; Dhrs3; Egfr; Stag2; Akt2; Dhrs4; Stag1; Cxxc5; H2ax; Cyp26b1; H3c10; Fkbp5; Gtf2f1; Zfp217; Pik3r3; Calm1; Polr2e; Gng7; Ptk2; Tnrc6a; Apod; Kat5; Jund; Pik3ca; H2az2; Polr2f; Rxrg; Rdh5; Nr1h2; H2ac19; Gnb2; Ago3; Ago4; Gtf2f2; Rdh11; Hdac3; Nras; Gng11; Hras; Fkbp4; Tnrc6b; Creb1; Fabp5; H4c4; Egf; Gata3; Prmt1; Gng12","gastrocnemius","RR-9","GLDS-326","Stat_(Space Flight)v(Ground Control)",1,"flight_positive"
"REACTOME_SIGNALING_BY_PDGF",0.309440559440559,0.695235148514851,0.0985499803531691,-0.2801287061107,-1.08712400072344,57,"reactome","Crk; Col3a1; Col6a3; Ptpn11; Nck1; Pik3r1; Col6a2; Thbs4; Grb2; Src; Kras; Col6a5; Col5a1; Pdgfc; Rasa1; Pik3r2; Pdgfra","gastrocnemius","RR-9","GLDS-326","Stat_(Space Flight)v(Ground Control)",1,"flight_positive"
"REACTOME_SIGNALING_BY_PDGFR_IN_DISEASE",0.72875226039783,0.88109030353184,0.0555947097758869,-0.26788154387442,-0.815311340027998,20,"reactome","Pik3r1; Grb2; Kras; Golga4; Pik3r2; Pdgfra; Sos1","gastrocnemius","RR-9","GLDS-326","Stat_(Space Flight)v(Ground Control)",1,"flight_positive"
"REACTOME_SIGNALING_BY_PTK6",0.437158469945355,0.77645484007327,0.0813027345384498,-0.268993569422504,-1.00731664374897,50,"reactome","Crk; Khdrbs1; Ptpn1; Nrg4; Ccnd1; Khdrbs3; Ptk6; Btc; Cbl; Arhgap35; Arap1; Kras; Rhoa","gastrocnemius","RR-9","GLDS-326","Stat_(Space Flight)v(Ground Control)",1,"flight_positive"
"REACTOME_SIGNALING_BY_RECEPTOR_TYROSINE_KINASES",0.0350155426995339,0.265720785024832,0.321775918075361,-0.231516761170636,-1.21640645621084,496,"reactome","Ptpn3; Jak2; Wwp1; Itgav; Crk; Atp6v1h; Col3a1; Dusp7; Col6a3; Met; Fn1; Gabrb3; Lamc3; Cltc; Kitl; Kidins220; Fyn; Ptpn11; Ctnnb1; Nck1; Sin3a; Cd274; Fgfr3; Flt3; Arf6; Ahcyl1; Id2; Sh2b3; Axl; Mapk1; Mef2a; Matk; Ntf5; Pcsk6; Mlst8; Ppp2ca; Dnal4; Ap2a1; Ptpn1; Spry2; Itga2; Itgb1; Tcf12; Prkacb; Pik3r1; Ptpro; Adam17; Abi1; Ptpru; Sh3kbp1; Rap1b; Nrg4; Polr2l; Fgfrl1; Aph1a; Pik3c3; Mtor; Col6a2; F3; Thbs4; Ncf2; Spred2; Sh2d2a; Ptk6; Nckap1; Kit; Ntrk2; Mapk14; Pdpk1; Btc; Mycn; Cbl; Insr; Atp6v0d2; Polr2k; Grb2; Src; Lama5; Jak3; Lamc1; Epgn; Sparc; Aph1c; Wwox; Ep300; Gab1; Kras; Rhoa; Stam2; Col11a1; Lama1; Arc; Rap1a; Lrig1; Map2k1; Hnrnpf; Pik3r4; Prkcz; Vegfa; Itpr3; Lama2; Eps15l1; Col6a5; Polr2d; Col5a1; Actg1; Igf1r; Hgf; Pdgfc; Lama3; Chek1; Rasa1; Fgf1; Spint2","gastrocnemius","RR-9","GLDS-326","Stat_(Space Flight)v(Ground Control)",1,"flight_positive"
"REACTOME_SIGNALING_BY_RETINOIC_ACID",0.0641025641025641,0.369228114823042,0.241339976815091,-0.41806238631546,-1.43406331154803,34,"reactome","Dld; Dlat; Aldh1a2; Adh1; Pdhb; Pdhx","gastrocnemius","RR-9","GLDS-326","Stat_(Space Flight)v(Ground Control)",1,"flight_positive"
"REACTOME_SIGNALING_BY_ROBO_RECEPTORS",3.16166818523633e-23,4.22873119775359e-21,1.24623277191648,0.586770643227751,2.87935787580545,187,"reactome","Rps27; Rps26; Ubc; Rpl28; Rpl27a; Rps17; Rpl21; Rpl17; Rpl14; Rpl18a; Rpl24; Rpl27; Rpl19; Rpl6; Rpl15; Rpl22; Rpl26; Rpsa; Rps11; Rps16; Rpl32; Psmc4; Eif4a3; Rps18; Rpl13a; Rps28; Rpl13; Rpl35; Rpl37a; Rps6; Rps29; Rpl7; Rps15a; Rpl8; Rpl35a; Rps19; Psmc3; Fau; Sem1; Rpl3l; Rpl36; Rpl31; Rpl29; Psmb3; Rps25; Psmb6; Vasp; Rps15; Rbm8a; Rpl18; Rps2; Prkar2a; Rpl12; Rpl7a; Rpl36a; Rps12; Rps21; Rpl5; Msi1; Prkaca; Rpl38; Rpl10; Rps20; Rpl23; Casc3; Psmd2; Elob; Rps14; Rplp1; Rps3a1; Psmd11; Psmc5; Uba52; Pfn1; Rps5; Psmd1; Cap2; Psmb5; Rps7; Psmb4; Psmb1; Adrm1; Rps23; Ncbp2; Slit1; Etf1; Rps13; Rpl10a; Nell2; Rplp2; Rbx1; Myo9b","gastrocnemius","RR-9","GLDS-326","Stat_(Space Flight)v(Ground Control)",1,"flight_positive"
"REACTOME_SIGNALING_BY_SCF_KIT",0.260791366906475,0.661692710271812,0.11101149245045,-0.313270788984459,-1.14677890743223,43,"reactome","Jak2; Kitl; Fyn; Ptpn11; Sh2b3; Pik3r1; Ptpru; Kit; Cbl; Grb2; Src; Kras","gastrocnemius","RR-9","GLDS-326","Stat_(Space Flight)v(Ground Control)",1,"flight_positive"
"REACTOME_SIGNALING_BY_TGFBR3",0.522875816993464,0.805003056378427,0.0813027345384498,0.249590866577269,0.967997827516495,47,"reactome","Rara; Smad3; Tcf3; Tnrc6a; Psen1; Psenen; Ago3; Ago4; Tcf4; Gipc1; Mmp14; Tnrc6b; Timp2; Acvr2a; Ncstn; Psen2; Myf6; Rxra","gastrocnemius","RR-9","GLDS-326","Stat_(Space Flight)v(Ground Control)",1,"flight_positive"
"REACTOME_SIGNALING_BY_TGFB_FAMILY_MEMBERS",0.679465776293823,0.859371608314882,0.0551351763385257,-0.198857492630646,-0.919667212500687,154,"reactome","Xpo1; Itgav; Ppp1cb; E2f5; Myod1; Mtmr4; Mapk1; Ago1; Itgb1; Tcf12; Amhr2; Uchl5; Tfdp1; Bmpr2; Aph1a; Timp1; Smad2; Ppm1a; Mycn; Cbl; Tgfb1; Aph1c; Itga8; Ep300; Trim33; Rhoa; Ccnt2; Hells; Ybx1; Ncor2; Myf5; Prkcz","gastrocnemius","RR-9","GLDS-326","Stat_(Space Flight)v(Ground Control)",1,"flight_positive"
"REACTOME_SIGNALING_BY_TGF_BETA_RECEPTOR_COMPLEX",0.315966386554622,0.696469383650559,0.0949751525905595,-0.250776663771499,-1.07148780358207,93,"reactome","Xpo1; Itgav; Ppp1cb; E2f5; Mtmr4; Mapk1; Itgb1; Uchl5; Tfdp1; Smad2; Ppm1a; Cbl; Tgfb1; Itga8; Ep300; Trim33; Rhoa; Ccnt2; Ybx1; Ncor2; Prkcz; Ltbp2","gastrocnemius","RR-9","GLDS-326","Stat_(Space Flight)v(Ground Control)",1,"flight_positive"
"REACTOME_SIGNALING_BY_THE_B_CELL_RECEPTOR_BCR",0.0719602977667494,0.369658078182867,0.266350657088526,0.291406639422181,1.29381472703236,101,"reactome","Ubc; Psmc4; Psmc3; Sem1; Nfatc2; Psmb3; Psmb6; Map3k7; Cul1; Calm1; Nfkbib; Psmd2; Psmd11; Psmc5; Uba52; Psmd1; Igkv17-127; Stim1; Psmb5; Psmb4; Psmb1; Adrm1; Nfatc1; Bcl10; Itpr1; Psmc2; Pik3cd; Nras; Hras","gastrocnemius","RR-9","GLDS-326","Stat_(Space Flight)v(Ground Control)",1,"flight_positive"
"REACTOME_SIGNALING_BY_TYPE_1_INSULIN_LIKE_GROWTH_FACTOR_1_RECEPTOR_IGF1R",0.691743119266055,0.862663330553239,0.0587185879555941,-0.233646485047357,-0.866920500746004,48,"reactome","Ptpn11; Fgfr3; Flt3; Pik3r1; Pik3c3; Pdpk1; Grb2; Gab1; Kras; Pik3r4; Igf1r; Fgf1; Pik3r2; Sos1; Fgf9; Pde3b","gastrocnemius","RR-9","GLDS-326","Stat_(Space Flight)v(Ground Control)",1,"flight_positive"
"REACTOME_SIGNALING_BY_VEGF",0.146464646464646,0.509411184602044,0.148261500475107,-0.273214508404156,-1.19565170766916,105,"reactome","Itgav; Crk; Fyn; Ctnnb1; Nck1; Ahcyl1; Axl; Mlst8; Prkacb; Pik3r1; Abi1; Mtor; Ncf2; Sh2d2a; Nckap1; Mapk14; Pdpk1; Src; Kras; Rhoa; Prkcz; Vegfa; Itpr3; Actg1; Rasa1; Pik3r2; Mapk11; Ncf1; Ctnna1; Wasf3","gastrocnemius","RR-9","GLDS-326","Stat_(Space Flight)v(Ground Control)",1,"flight_positive"
"REACTOME_SIGNALING_BY_WNT",0.0141917496329851,0.165056218557544,0.380730400722792,0.262316634460224,1.34186875814663,265,"reactome","Ubc; Wnt4; Amer1; Gng2; Gsk3b; Ap2s1; Prkg2; Psmc4; Psmc3; Sem1; Akt2; H2ax; Tert; Ap2a2; Psmb3; Men1; Psmb6; Map3k7; H3c10; Ryk; Csnk2b; Pygo1; Cul1; Porcn; Calm1; Sfrp2; Zranb1; Ruvbl1; Gng7; Camk2a; Psmd2; Cltb; Tnrc6a; Kat5; Rspo1; H2az2; Psmd11; Psmc5; Dvl2; Uba52; Pfn1; Psmd1; Ap2m1; Ctbp1; Psmb5; Psmb4; Psmb1; Ppp2r1a; Adrm1; Sox4; Sox6; Sfrp1; H2ac19; Nfatc1; Gnb2; Ago3; Tmed5; Bcl9; Ago4; Itpr1; Rbx1; Psmc2; Plcb3; Tcf4; Gnat2; Gng11","gastrocnemius","RR-9","GLDS-326","Stat_(Space Flight)v(Ground Control)",1,"flight_positive"
"REACTOME_SIGNALING_BY_WNT_IN_CANCER",0.885608856088561,0.950791433403006,0.0475434194201301,-0.211370708633443,-0.715425566186267,31,"reactome","Rnf43; Ctnnb1; Ppp2ca; Fzd5; Dkk2; Ctbp2; Lrp6; Tnks2; Ppp2r5a; Tnks; Ppp2r1b; Kremen1; Csnk1a1; Apc; Ppp2r5c; Ppp2r5d","gastrocnemius","RR-9","GLDS-326","Stat_(Space Flight)v(Ground Control)",1,"flight_positive"
"REACTOME_SIGNALLING_TO_ERKS",0.166051660516605,0.539782227940801,0.14551614609036,-0.372344406496594,-1.26653141736815,33,"reactome","Crk; Kidins220; Mapk1; Mapk14; Grb2; Src; Kras; Rap1a; Map2k1; Mapk11; Sos1; Ywhab; Ralb; Ralgds","gastrocnemius","RR-9","GLDS-326","Stat_(Space Flight)v(Ground Control)",1,"flight_positive"
"REACTOME_SIGNALLING_TO_RAS",0.358047016274864,0.717767040154286,0.0919686140000427,-0.351021842425194,-1.06835314067379,20,"reactome","Mapk14; Grb2; Src; Kras; Mapk11; Sos1; Ralb; Ralgds; Shc3","gastrocnemius","RR-9","GLDS-326","Stat_(Space Flight)v(Ground Control)",1,"flight_positive"
"REACTOME_SIGNAL_AMPLIFICATION",0.830223880597015,0.920504033697437,0.051011413203915,-0.226299987208795,-0.761654287898407,30,"reactome","Gng5; Gna13; Mapk14; Src; Gnai3; Gna14; Gnai2; Gnai1; Gnb5; Pla2g4a; P2ry1; Gnb4; Gnaq; Gng8; P2ry12","gastrocnemius","RR-9","GLDS-326","Stat_(Space Flight)v(Ground Control)",1,"flight_positive"
"REACTOME_SIGNAL_TRANSDUCTION_BY_L1",0.62152133580705,0.839512084119504,0.0643583367917361,-0.288622180109868,-0.883505535286472,21,"reactome","Itgav; Csnk2a1; Mapk1; Itgb1; L1cam","gastrocnemius","RR-9","GLDS-326","Stat_(Space Flight)v(Ground Control)",1,"flight_positive"
"REACTOME_SIRT1_NEGATIVELY_REGULATES_RRNA_EXPRESSION",0.990842490842491,0.994350352025996,0.042077210988939,-0.156435703627319,-0.536615372565133,34,"reactome","H4c16; Sirt1; H4c14; H3f3a; H2ac10; H4c8","gastrocnemius","RR-9","GLDS-326","Stat_(Space Flight)v(Ground Control)",1,"flight_positive"
"REACTOME_SLC_MEDIATED_TRANSMEMBRANE_TRANSPORT",0.0619765494137353,0.369228114823042,0.234392647294686,-0.258793524968209,-1.23213324269079,189,"reactome","Slc25a5; Slc7a2; Slc7a8; Slc4a8; Slc38a3; Slc16a1; Slc30a5; Slc1a5; Slc17a7; Slc8a2; Slc6a9; Slc30a1; Slc9a5; Slc24a2; Slc35d2; Slc22a4; Slc12a4; Slc9a3; Slc47a1; Slc12a6; Slc25a22; Slc22a2; Slc29a2; Slc44a1; Slc22a3; Slc25a4; Slc13a3; Slc36a2; Slc7a10; Slc28a1; Slco1b2; Slc31a1; Slc39a6; Slc35b3; Rsc1a1; Slc9a9; Slc35c1; Slc9a7; Slc5a5; Ahcyl2; Slc6a7; Slc25a29; Slc24a1; Slc35a3; Slc44a4; Slc11a2; Slc9a6; Slc12a7; Slc26a2; Slc35b4; Slc28a2b; Slc15a3; Slc6a2; Slc6a1; Slc27a1; Slc40a1; Slc6a13; Ctns; Slc6a11; Slc11a1; Slc22a1; Slc2a6; Slc39a14; Slc38a1; Pdzd11; Slc4a10","gastrocnemius","RR-9","GLDS-326","Stat_(Space Flight)v(Ground Control)",1,"flight_positive"
"REACTOME_SLC_TRANSPORTER_DISORDERS",0.320284697508897,0.696469383650559,0.09754492162472,-0.263355351880313,-1.07297251163951,73,"reactome","Gck; Slc16a1; Nup160; Nup93; Nup88; Slc12a6; Slc36a2; Nup107; Slco1b2; Ranbp2; Slc9a9; Slc35c1; Slc5a5; Nup37; Nup35; Slc24a1; Slc35a3; Slc11a2; Slc9a6; Slc26a2; Slc6a2","gastrocnemius","RR-9","GLDS-326","Stat_(Space Flight)v(Ground Control)",1,"flight_positive"
"REACTOME_SMAD2_SMAD3_SMAD4_HETEROTRIMER_REGULATES_TRANSCRIPTION",0.921225382932166,0.957001125958658,0.0535669384770951,0.1936577800103,0.699733412071059,36,"reactome","Ubc; Smad3; Men1; Uba52; E2f4; Junb; Cdk9; Mapk3","gastrocnemius","RR-9","GLDS-326","Stat_(Space Flight)v(Ground Control)",1,"flight_positive"
"REACTOME_SMOOTH_MUSCLE_CONTRACTION",0.0706401766004415,0.369658078182867,0.252961123069611,0.360260925002105,1.34404182386878,41,"reactome","Cacna1g; Myl9; Pxn; Dysf; Cacna1i; Calm1; Mylpf; Myl12b; Itgb5; Cav3; Myl6; Tpm2; Aldh2; Pak2; Anxa6; Cacna1h; Itga1","gastrocnemius","RR-9","GLDS-326","Stat_(Space Flight)v(Ground Control)",1,"flight_positive"
"REACTOME_SNRNP_ASSEMBLY",0.134657836644592,0.484904723882691,0.179782316298324,0.316477667918854,1.2521677070983,50,"reactome","Snrpd1; Snrpd2; Nup85; Snrpg; Nup214; Aaas; Gemin2; Snrpd3; Nup210; Ncbp2; Snrpf; Nup133; Gemin7; Gemin4; Gemin6; Prmt5; Nup62; Ncbp1; Smn1","gastrocnemius","RR-9","GLDS-326","Stat_(Space Flight)v(Ground Control)",1,"flight_positive"
"REACTOME_SOMITOGENESIS",0.055425614955285,0.354254924422251,0.321775918075361,0.381062833752972,1.42164845128002,41,"reactome","Psmc4; Psmc3; Sem1; Psmb3; Psmb6; Psmd2; Psmd11; Psmc5; Psmd1; Psmb5; Psmb4; Psmb1; Adrm1; Tbx6","gastrocnemius","RR-9","GLDS-326","Stat_(Space Flight)v(Ground Control)",1,"flight_positive"
"REACTOME_SPHINGOLIPID_DE_NOVO_BIOSYNTHESIS",0.63003663003663,0.83987832373712,0.0630790410571939,-0.261743032045614,-0.897847047705267,34,"reactome","Cers5; Cyb5b; Sptlc2; Spns2; Samd8; Ormdl1; Degs2; Degs1; Ormdl3; Prkd3; Sphk1; Vapa; Cert1; Cers6; Abcg2; Abcc1; Sgms1; Prkd1","gastrocnemius","RR-9","GLDS-326","Stat_(Space Flight)v(Ground Control)",1,"flight_positive"
"REACTOME_SPHINGOLIPID_METABOLISM",0.711635750421585,0.877200899538949,0.053457214108991,-0.207096431173791,-0.883268338162692,92,"reactome","Glb1l; Cers5; Cyb5b; Asah2; Glb1l2; Sumf1; Asah1; St3gal5; Sptlc2; Acer2; Gla; Spns2; Samd8; Ormdl1; Degs2; Gal3st1; Degs1; Arsi; Ormdl3; Arsg; Smpd2; Smpd3; B3galnt1; St6galnac5; Acer3; Prkd3; Hexb; Sphk1; Vapa; Sgpl1","gastrocnemius","RR-9","GLDS-326","Stat_(Space Flight)v(Ground Control)",1,"flight_positive"
"REACTOME_SPRY_REGULATION_OF_FGF_SIGNALING",0.217153284671533,0.617962804783352,0.124434168630393,-0.423427796238008,-1.21027853763176,16,"reactome","Ptpn11; Mapk1; Ppp2ca; Spry2; Cbl; Grb2; Src","gastrocnemius","RR-9","GLDS-326","Stat_(Space Flight)v(Ground Control)",1,"flight_positive"
"REACTOME_SRP_DEPENDENT_COTRANSLATIONAL_PROTEIN_TARGETING_TO_MEMBRANE",5.46694298696674e-25,8.35661285150631e-23,1.29512308741004,0.715749693195544,3.17636345261019,102,"reactome","Rps27; Rps26; Rpl28; Rpl27a; Rps17; Rpl21; Rpl17; Rpl14; Rpl18a; Rpl24; Rpl27; Rpl19; Rpl6; Rpl15; Rpl22; Rpl26; Rpsa; Rps11; Rps16; Rpl32; Rps18; Rpl13a; Rps28; Rpl13; Rpl35; Rpl37a; Rps6; Rps29; Rpl7; Rps15a; Rpl8; Rpl35a; Rps19; Fau; Rpl3l; Rpl36; Rpl31; Rpl29; Rps25; Rps15; Rpl18; Rps2; Rpl12; Rpl7a; Rpl36a; Rps12; Rps21; Rpl5; Rpl38; Rpl10; Rps20; Rpl23; Rps14; Rplp1; Rps3a1; Uba52; Rps5; Srp68; Rps7; Ssr4; Rps23; Tram1; Ddost; Rps13; Rpl10a","gastrocnemius","RR-9","GLDS-326","Stat_(Space Flight)v(Ground Control)",1,"flight_positive"
"REACTOME_STABILIZATION_OF_P53",0.0119130852016429,0.154707274550291,0.380730400722792,0.422070398119745,1.59662981613178,44,"reactome","Ubc; Psmc4; Psmc3; Sem1; Psmb3; Psmb6; Psmd2; Psmd11; Psmc5; Uba52; Psmd1; Psmb5; Psmb4; Psmb1; Adrm1; Trp53; Mdm4; Psmc2","gastrocnemius","RR-9","GLDS-326","Stat_(Space Flight)v(Ground Control)",1,"flight_positive"
"REACTOME_STIMULI_SENSING_CHANNELS",0.175115207373272,0.553502808158439,0.159646701919906,0.271239422948647,1.17567778440045,83,"reactome","Ubc; Ano8; Casq2; Scnn1a; Asic3; Ryr1; Raf1; Calm1; Trpm4; Mcoln2; Wnk4; Ano6; Uba52; Trdn; Slc9b2; Asph; Trpv3; Asic2; Casq1; Ttyh2; Scnn1b; Stoml3; Trpv1","gastrocnemius","RR-9","GLDS-326","Stat_(Space Flight)v(Ground Control)",1,"flight_positive"
"REACTOME_STING_MEDIATED_INDUCTION_OF_HOST_IMMUNE_RESPONSES",0.917127071823204,0.953669549903624,0.0458620343117985,-0.237968559519763,-0.662509177949185,15,"reactome","Tbk1","gastrocnemius","RR-9","GLDS-326","Stat_(Space Flight)v(Ground Control)",1,"flight_positive"
"REACTOME_STRIATED_MUSCLE_CONTRACTION",6.39629338513591e-08,4.02590230711496e-06,0.704975715167238,-0.693102013804003,-2.39713743773785,35,"reactome","Tnnt1; Tnnc1; Myl2; Tnni1; Tpm3; Myl3; Myh6; Actc1; Actn2; Myl4; Tmod2; Mybpc1; Myh3; Neb; Myl1","gastrocnemius","RR-9","GLDS-326","Stat_(Space Flight)v(Ground Control)",1,"flight_positive"
"REACTOME_SULFUR_AMINO_ACID_METABOLISM",0.378986866791745,0.735963607018452,0.0908241419007155,-0.332829141500909,-1.06788686715137,25,"reactome","Got1; Mtr; Gadl1; Mtap; Ado; Enoph1","gastrocnemius","RR-9","GLDS-326","Stat_(Space Flight)v(Ground Control)",1,"flight_positive"
"REACTOME_SUMOYLATION",0.738805970149254,0.884641571831534,0.0702812841717392,0.186906362555483,0.902539455066965,169,"reactome","Ncoa1; Aurka; Rara; Sp3; Safb; Stag2; Stag1; Nr3c2; Nr4a2; Hipk2; Nup85; Smc6; Nup214; Nfkb2; Aaas; Brca1; Cbx5; Nup210; Ctbp1; Mrtfa; Nr1h2; Nsmce1; Rwdd3; Trp53; Park7; Ikbke; Nup133; Rangap1; Mta1; H4c4; Nup62; Rela; Ube2i; Senp2; Dnmt3a; Sae1; Top2a; Thra; Hdac2; Uhrf2; Ikbkg; Rad52; Phc2; Mdm2; Sp100; Tfap2a; Nup205; Ncoa2; Rxra","gastrocnemius","RR-9","GLDS-326","Stat_(Space Flight)v(Ground Control)",1,"flight_positive"
"REACTOME_SUMOYLATION_OF_CHROMATIN_ORGANIZATION_PROTEINS",0.131907308377897,0.484423191194364,0.161978948883402,-0.319822437664586,-1.24519163003142,59,"reactome","Nup160; Cbx8; Nup93; Cbx4; Nup88; Phc3; H4c16; H4c14; Nup107; Ranbp2; Cbx2; Nup37; Nup35; H4c8; Suz12; Hdac4; Ndc1; Bmi1; Nup153; Nup155; Phc1; Nup54; Chd3; Rae1","gastrocnemius","RR-9","GLDS-326","Stat_(Space Flight)v(Ground Control)",1,"flight_positive"
"REACTOME_SUMOYLATION_OF_DNA_DAMAGE_RESPONSE_AND_REPAIR_PROTEINS",0.424825174825175,0.766811849380657,0.0806388495950661,-0.246349563014077,-1.00791873383771,74,"reactome","Nup160; Cbx8; Tdg; Nup93; Cbx4; Nup88; Phc3; Nup107; Nsmce2; Wrn; Ranbp2; Cbx2; Nup37; Nup35; Smc3; Xpc","gastrocnemius","RR-9","GLDS-326","Stat_(Space Flight)v(Ground Control)",1,"flight_positive"
"REACTOME_SUMOYLATION_OF_DNA_METHYLATION_PROTEINS",0.260948905109489,0.661692710271812,0.111918316325105,-0.407970485290174,-1.16609709310716,16,"reactome","Cbx8; Cbx4; Phc3; Cbx2","gastrocnemius","RR-9","GLDS-326","Stat_(Space Flight)v(Ground Control)",1,"flight_positive"
"REACTOME_SUMOYLATION_OF_DNA_REPLICATION_PROTEINS",0.559352517985611,0.817594886977074,0.0679922591544058,-0.25523787973517,-0.934339961305929,43,"reactome","Top1; Nup160; Nup93; Nup88; Top2b; Nup107; Ranbp2; Nup37; Nup35","gastrocnemius","RR-9","GLDS-326","Stat_(Space Flight)v(Ground Control)",1,"flight_positive"
"REACTOME_SUMOYLATION_OF_INTRACELLULAR_RECEPTORS",0.59447983014862,0.83033401889092,0.0732558655828455,0.263864456013201,0.902039202604476,27,"reactome","Rara; Nr3c2; Nr4a2; Nr1h2; Ube2i; Thra; Rxra; Pias1; Nr1h3","gastrocnemius","RR-9","GLDS-326","Stat_(Space Flight)v(Ground Control)",1,"flight_positive"
"REACTOME_SUMOYLATION_OF_RNA_BINDING_PROTEINS",0.174863387978142,0.553502808158439,0.140406238523342,-0.335316507306226,-1.22851797574875,44,"reactome","Nup160; Cbx8; Nup93; Cbx4; Nup88; Phc3; Nup107; Ranbp2; Cbx2; Nup37; Nup35","gastrocnemius","RR-9","GLDS-326","Stat_(Space Flight)v(Ground Control)",1,"flight_positive"
"REACTOME_SUMOYLATION_OF_SUMOYLATION_PROTEINS",0.589416058394161,0.828520209095976,0.066132620475844,-0.269621600032014,-0.91841558535063,32,"reactome","Nup160; Nup93; Nup88; Nup107; Ranbp2; Nup37; Nup35","gastrocnemius","RR-9","GLDS-326","Stat_(Space Flight)v(Ground Control)",1,"flight_positive"
"REACTOME_SUMOYLATION_OF_TRANSCRIPTION_COFACTORS",0.366482504604052,0.724926071431615,0.0916795246008379,-0.28982348380447,-1.04805209965254,42,"reactome","Cbx8; Npm1; Sin3a; Cbx4; Phc3; Nrip1; Ddx17; Ep300; Cbx2; Mbd1; Ncor2","gastrocnemius","RR-9","GLDS-326","Stat_(Space Flight)v(Ground Control)",1,"flight_positive"
"REACTOME_SUMOYLATION_OF_TRANSCRIPTION_FACTORS",0.344519015659955,0.702162565249813,0.107140237276725,0.361356790166945,1.08375641020795,17,"reactome","Sp3; Trp53; Mta1; Ube2i; Mdm2; Tfap2a; Pias1","gastrocnemius","RR-9","GLDS-326","Stat_(Space Flight)v(Ground Control)",1,"flight_positive"
"REACTOME_SUMOYLATION_OF_UBIQUITINYLATION_PROTEINS",0.530275229357798,0.807104545395226,0.0716527366829457,-0.271904432999108,-0.952918743884077,36,"reactome","Nup160; Nup93; Nup88; Vhl; Nup107; Ranbp2; Nup37; Nup35","gastrocnemius","RR-9","GLDS-326","Stat_(Space Flight)v(Ground Control)",1,"flight_positive"
"REACTOME_SURFACTANT_METABOLISM",0.810810810810811,0.916122035446217,0.0504983044100709,-0.26051295805279,-0.759526918788578,17,"reactome","Napsa; P2ry2; Adgrf5; Zdhhc2; Csf2ra; Lmcd1","gastrocnemius","RR-9","GLDS-326","Stat_(Space Flight)v(Ground Control)",1,"flight_positive"
"REACTOME_SWITCHING_OF_ORIGINS_TO_A_POST_REPLICATIVE_STATE",0.0479011151315614,0.320338707442317,0.321775918075361,0.31516565325346,1.34904571889325,78,"reactome","Ubc; Psmc4; Psmc3; Sem1; Psmb3; Psmb6; Cul1; Psmd2; Anapc15; Psmd11; Psmc5; Uba52; Psmd1; Psmb5; Mcm2; Psmb4; Psmb1; Adrm1; Anapc4; Anapc5; Rbx1; Psmc2; Ube2s; Cdc23; Ube2d1","gastrocnemius","RR-9","GLDS-326","Stat_(Space Flight)v(Ground Control)",1,"flight_positive"
"REACTOME_SYNAPTIC_ADHESION_LIKE_MOLECULES",0.181172291296625,0.561896671557649,0.135740943810425,-0.41496783668121,-1.25347902457229,19,"reactome","Flot2; Gria4; Grin2d; Lrfn4; Flot1; Gria1","gastrocnemius","RR-9","GLDS-326","Stat_(Space Flight)v(Ground Control)",1,"flight_positive"
"REACTOME_SYNDECAN_INTERACTIONS",0.116760828625235,0.464438983750936,0.178219874951973,-0.396587257333179,-1.30272968595385,27,"reactome","Itgav; Col3a1; Fn1; Itga2; Itgb1; Tgfb1; Actn1; Col5a1; Itga6","gastrocnemius","RR-9","GLDS-326","Stat_(Space Flight)v(Ground Control)",1,"flight_positive"
"REACTOME_SYNTHESIS_OF_ACTIVE_UBIQUITIN_ROLES_OF_E1_AND_E2_ENZYMES",0.759656652360515,0.891753592188841,0.0617054053637522,0.23240157053277,0.807630987878997,30,"reactome","Ubc; Ube2l3; Uba52; Cdc34; Ube2s; Ube2d1; Otulin; Usp5","gastrocnemius","RR-9","GLDS-326","Stat_(Space Flight)v(Ground Control)",1,"flight_positive"
"REACTOME_SYNTHESIS_OF_BILE_ACIDS_AND_BILE_SALTS",0.448210922787194,0.781937369761519,0.0817515582532145,-0.305803880249809,-1.00451990202655,27,"reactome","Osbpl2; Baat; Osbpl3; Hsd17b4; Cyp46a1; Cyp27a1; Slc27a2; Slc27a5; Cyp39a1; Acot8","gastrocnemius","RR-9","GLDS-326","Stat_(Space Flight)v(Ground Control)",1,"flight_positive"
"REACTOME_SYNTHESIS_OF_BILE_ACIDS_AND_BILE_SALTS_VIA_7ALPHA_HYDROXYCHOLESTEROL",0.781981981981982,0.907414529282411,0.0521630305460055,-0.268857187535055,-0.783854564352548,17,"reactome","Baat; Hsd17b4; Cyp27a1; Slc27a2; Slc27a5; Acot8; Amacr; Acox2; Cyp8b1","gastrocnemius","RR-9","GLDS-326","Stat_(Space Flight)v(Ground Control)",1,"flight_positive"
"REACTOME_SYNTHESIS_OF_DNA",0.221105527638191,0.625066936685198,0.147331213699377,0.253847090550763,1.126736432488,107,"reactome","Ubc; Pold2; Psmc4; Psmc3; Sem1; Psmb3; Psmb6; Cul1; Psmd2; Anapc15; Psmd11; Psmc5; Uba52; Psmd1; Psmb5; Mcm2; Psmb4; Psmb1; Adrm1; Anapc4; Anapc5; Rfc1; Rbx1; Psmc2; Ube2s; Cdc23; Pold4; Ube2d1","gastrocnemius","RR-9","GLDS-326","Stat_(Space Flight)v(Ground Control)",1,"flight_positive"
"REACTOME_SYNTHESIS_OF_GLYCOSYLPHOSPHATIDYLINOSITOL_GPI",0.914285714285714,0.953669549903624,0.0541200569620232,0.219043855056011,0.660027604488632,18,"reactome","Pigv; Piga; Pigz; Pigyl","gastrocnemius","RR-9","GLDS-326","Stat_(Space Flight)v(Ground Control)",1,"flight_positive"
"REACTOME_SYNTHESIS_OF_IP3_AND_IP4_IN_THE_CYTOSOL",0.617021276595745,0.838996948272679,0.0714786287425507,0.260252662497326,0.8818352793714,26,"reactome","Plcd4; Plcd3; Calm1; Plcd1; Plch1; Plcb3","gastrocnemius","RR-9","GLDS-326","Stat_(Space Flight)v(Ground Control)",1,"flight_positive"
"REACTOME_SYNTHESIS_OF_LEUKOTRIENES_LT_AND_EOXINS_EX",0.121145374449339,0.46965779224925,0.190023305279108,0.459269810341152,1.36070898394564,16,"reactome","Dpep1; Cyp4f14; Alox5ap; Ggt1; Cyp4f39; Lta4h; Dpep2; Alox5; Ltc4s","gastrocnemius","RR-9","GLDS-326","Stat_(Space Flight)v(Ground Control)",1,"flight_positive"
"REACTOME_SYNTHESIS_OF_PA",0.767527675276753,0.897546024640574,0.0541200569620232,-0.238222435255753,-0.806310494594958,31,"reactome","Pld1; Pla2r1; Gpat3; Pla2g5; Agpat2","gastrocnemius","RR-9","GLDS-326","Stat_(Space Flight)v(Ground Control)",1,"flight_positive"
"REACTOME_SYNTHESIS_OF_PC",0.549893842887473,0.811567464675306,0.077274697304471,0.273335861588459,0.934417868764128,27,"reactome","Stard10; Csnk2b; Lpin2; Slc44a3; Lpin1; Chkb; Slc44a2","gastrocnemius","RR-9","GLDS-326","Stat_(Space Flight)v(Ground Control)",1,"flight_positive"
"REACTOME_SYNTHESIS_OF_PIPS_AT_THE_EARLY_ENDOSOME_MEMBRANE",0.251824817518248,0.65954620330517,0.114266502484433,-0.412138400367815,-1.17801019425441,16,"reactome","Inpp4b; Mtmr4; Pik3c3; Pikfyve; Inpp4a; Pik3r4","gastrocnemius","RR-9","GLDS-326","Stat_(Space Flight)v(Ground Control)",1,"flight_positive"
"REACTOME_SYNTHESIS_OF_PIPS_AT_THE_GOLGI_MEMBRANE",0.476277372262774,0.796276231751825,0.0768736734126542,-0.344485734773312,-0.984639400201527,16,"reactome","Ocrl; Pik3c3; Pi4kb; Pikfyve; Pik3r4","gastrocnemius","RR-9","GLDS-326","Stat_(Space Flight)v(Ground Control)",1,"flight_positive"
"REACTOME_SYNTHESIS_OF_PIPS_AT_THE_PLASMA_MEMBRANE",0.0274099573714571,0.232711436587032,0.352487857583619,-0.397775765794541,-1.49081713867778,51,"reactome","Inpp5j; Mtmr6; Inpp4b; Rufy1; Ocrl; Pik3r1; Synj2; Rab14; Plekha6; Mtmr1; Pip4k2a; Synj1; Pten; Plekha1; Inpp4a; Pip5k1b; Plekha3; Pik3r2; Sbf2","gastrocnemius","RR-9","GLDS-326","Stat_(Space Flight)v(Ground Control)",1,"flight_positive"
"REACTOME_SYNTHESIS_OF_SUBSTRATES_IN_N_GLYCAN_BIOSYTHESIS",0.575757575757576,0.822074209208504,0.0797705918628453,0.234564324145949,0.948396428308724,60,"reactome","Neu3; St6galnac3; Gmppa; St3gal1; Neu2; Mpi; St6galnac4; Dpm3; St3gal3; Uap1; St3gal4; St8sia5; Fcsk; St8sia6; Slc35a1; Ctsa; Fuom; Hk1","gastrocnemius","RR-9","GLDS-326","Stat_(Space Flight)v(Ground Control)",1,"flight_positive"
"REACTOME_SYNTHESIS_OF_VERY_LONG_CHAIN_FATTY_ACYL_COAS",0.569620253164557,0.822035709540836,0.0673623868166279,-0.3026763990971,-0.921211282321082,20,"reactome","Acsl4; Hacd3; Acsl3; Acsl5","gastrocnemius","RR-9","GLDS-326","Stat_(Space Flight)v(Ground Control)",1,"flight_positive"
"REACTOME_SYNTHESIS_SECRETION_AND_DEACYLATION_OF_GHRELIN",0.0645163177202537,0.369228114823042,0.287805130535564,-0.524356166492719,-1.49876087498112,16,"reactome","Spcs1; Sec11c; Bche; Lep; Spcs3","gastrocnemius","RR-9","GLDS-326","Stat_(Space Flight)v(Ground Control)",1,"flight_positive"
"REACTOME_S_PHASE",0.099009900990099,0.428909287689903,0.224966093540314,0.254903460762802,1.20841375384536,149,"reactome","Ubc; Cdkn1a; Gsk3b; Pold2; Psmc4; Psmc3; Sem1; Stag2; Akt2; Stag1; Psmb3; Psmb6; Cul1; Psmd2; Anapc15; Psmd11; Psmc5; Uba52; Psmd1; Psmb5; Mcm2; Ccnh; Lin37; Psmb4; Psmb1; Adrm1; Anapc4; E2f4; Anapc5; Rfc1; Rbx1; Psmc2; Ube2s; Cdc23; Max; Pold4; Ube2d1","gastrocnemius","RR-9","GLDS-326","Stat_(Space Flight)v(Ground Control)",1,"flight_positive"
"REACTOME_TAK1_DEPENDENT_IKK_AND_NF_KAPPA_B_ACTIVATION",0.394618834080717,0.751320555989978,0.0988903007520636,0.273186290167216,1.02801177669235,43,"reactome","Ubc; Map3k7; Nfkbib; Nfkb2; Uba52; Traf2; Trp53; Rela; Tab1; S100b; Ikbkg","gastrocnemius","RR-9","GLDS-326","Stat_(Space Flight)v(Ground Control)",1,"flight_positive"
"REACTOME_TBC_RABGAPS",0.0556213339279796,0.354254924422251,0.321775918075361,0.383539706297283,1.44327643477787,43,"reactome","Tbc1d16; Tsc2; Rab7; Rab5c; Tsc1; Rab11b; Tbc1d10b; Map1lc3b; Tbc1d2; Tbc1d20; Optn; Gabarap; Gga2; Rab8a; Tbc1d7; Rabgap1","gastrocnemius","RR-9","GLDS-326","Stat_(Space Flight)v(Ground Control)",1,"flight_positive"
"REACTOME_TCF_DEPENDENT_SIGNALING_IN_RESPONSE_TO_WNT",0.0421705351612846,0.304875124606277,0.321775918075361,0.26935956822137,1.30858514920426,176,"reactome","Ubc; Wnt4; Amer1; Gsk3b; Psmc4; Psmc3; Sem1; Akt2; H2ax; Tert; Psmb3; Men1; Psmb6; H3c10; Ryk; Csnk2b; Pygo1; Sfrp2; Ruvbl1; Psmd2; Kat5; Rspo1; H2az2; Psmd11; Psmc5; Dvl2; Uba52; Psmd1; Ctbp1; Psmb5; Psmb4; Psmb1; Ppp2r1a; Adrm1; Sox4; Sox6; Sfrp1; H2ac19; Bcl9","gastrocnemius","RR-9","GLDS-326","Stat_(Space Flight)v(Ground Control)",1,"flight_positive"
"REACTOME_TCR_SIGNALING",0.0222390501994831,0.211457625265872,0.352487857583619,0.329544541555849,1.44396568632917,93,"reactome","Ubc; Psmc4; Psmc3; Sem1; Psmb3; Psmb6; Map3k7; Vasp; Pag1; Cul1; Prkcq; Psmd2; Pik3ca; Psmd11; Psmc5; Uba52; Psmd1; Ptpn22; Psmb5; Psmb4; Psmb1; Cd247; Adrm1; Bcl10; Cdc34","gastrocnemius","RR-9","GLDS-326","Stat_(Space Flight)v(Ground Control)",1,"flight_positive"
"REACTOME_TELOMERE_C_STRAND_LAGGING_STRAND_SYNTHESIS",0.961538461538462,0.97428613053613,0.0434506826723125,-0.188717551044689,-0.647350551154745,34,"reactome","Rpa3; Pot1a; Rfc5; Wrn; Prim1; Pold3; Fen1; Pcna; Acd; Lig1; Ctc1; Blm; Tinf2; Pola2; Dscc1","gastrocnemius","RR-9","GLDS-326","Stat_(Space Flight)v(Ground Control)",1,"flight_positive"
"REACTOME_TELOMERE_EXTENSION_BY_TELOMERASE",0.323404255319149,0.696469383650559,0.107972360317345,0.347016232740256,1.10945338195265,22,"reactome","Tert; Nhp2; Ruvbl1; Terf2; Ppp6r3; Terf2ip","gastrocnemius","RR-9","GLDS-326","Stat_(Space Flight)v(Ground Control)",1,"flight_positive"
"REACTOME_TELOMERE_MAINTENANCE",0.590804597701149,0.828520209095976,0.0776798560117236,0.21788932791945,0.946858456562691,84,"reactome","Polr2j; Pold2; H2ax; Tert; Nhp2; Polr2e; Ruvbl1; Stn1; H2az2; Terf2; Polr2f; Chtf8; Ppp6r3; H2ac19; Terf2ip; Rfc1","gastrocnemius","RR-9","GLDS-326","Stat_(Space Flight)v(Ground Control)",1,"flight_positive"
"REACTOME_TERMINATION_OF_TRANSLESION_DNA_SYNTHESIS",0.38695652173913,0.744682514857679,0.0982123351217438,0.301666048892585,1.05045087465736,31,"reactome","Ubc; Pold2; Usp10; Ube2l6; Uba52; Isg15; Rfc1; Pold4; Rfc4","gastrocnemius","RR-9","GLDS-326","Stat_(Space Flight)v(Ground Control)",1,"flight_positive"
"REACTOME_TGFBR3_EXPRESSION",0.484008528784648,0.799211613888231,0.0843144320642653,0.288723382327481,0.965399490251828,25,"reactome","Rara; Smad3; Tcf3; Tnrc6a; Ago3; Ago4; Tcf4; Tnrc6b","gastrocnemius","RR-9","GLDS-326","Stat_(Space Flight)v(Ground Control)",1,"flight_positive"
"REACTOME_TGF_BETA_RECEPTOR_SIGNALING_ACTIVATES_SMADS",0.378854625550661,0.735963607018452,0.10027910675413,0.271691180572336,1.03987004814583,46,"reactome","Ubc; Pmepa1; Ppp1r15a; Nedd8; Smad3; Tgfb3; Uba52; Itgb5","gastrocnemius","RR-9","GLDS-326","Stat_(Space Flight)v(Ground Control)",1,"flight_positive"
"REACTOME_TGF_BETA_RECEPTOR_SIGNALING_IN_EMT_EPITHELIAL_TO_MESENCHYMAL_TRANSITION",0.356828193832599,0.71768076579113,0.103958471559957,0.365988641585996,1.08433870769386,16,"reactome","Ubc; Pard3; Uba52","gastrocnemius","RR-9","GLDS-326","Stat_(Space Flight)v(Ground Control)",1,"flight_positive"
"REACTOME_THE_NLRP3_INFLAMMASOME",0.738489871086556,0.884641571831534,0.055826471778749,-0.291824473716799,-0.812445108621644,15,"reactome","Hmox1; Mefv; Casp1; Txn1; Nfkb1; Pstpip1; P2rx7; Panx1; Pycard; App","gastrocnemius","RR-9","GLDS-326","Stat_(Space Flight)v(Ground Control)",1,"flight_positive"
"REACTOME_THE_PHOTOTRANSDUCTION_CASCADE",0.119148936170213,0.466993998908893,0.188204146308491,0.422842396427245,1.35187891080678,22,"reactome","Guca1b; Calm1; Prkcq; Nmt2; Fntb; Nmt1; Sag; Guca1a; Pde6g; Rho; Grk1","gastrocnemius","RR-9","GLDS-326","Stat_(Space Flight)v(Ground Control)",1,"flight_positive"
"REACTOME_THE_ROLE_OF_GTSE1_IN_G2_M_PROGRESSION_AFTER_G2_CHECKPOINT",0.00642447454866599,0.108521577968805,0.407017918923954,0.407248697981792,1.65655485909408,59,"reactome","Ubc; Cdkn1a; Psmc4; Psmc3; Sem1; Psmb3; Psmb6; Psmd2; Mapre1; Psmd11; Psmc5; Uba52; Psmd1; Psmb5; Psmb4; Psmb1; Adrm1; Trp53; Tuba8; Psmc2","gastrocnemius","RR-9","GLDS-326","Stat_(Space Flight)v(Ground Control)",1,"flight_positive"
"REACTOME_THE_ROLE_OF_NEF_IN_HIV_1_REPLICATION_AND_DISEASE_PATHOGENESIS",0.792843691148776,0.910239001640762,0.0535669384770951,-0.237938070085514,-0.781590889740961,27,"reactome","Atp6v1h; Fyn; Ap2a1; Ap1s2","gastrocnemius","RR-9","GLDS-326","Stat_(Space Flight)v(Ground Control)",1,"flight_positive"
"REACTOME_THROMBIN_SIGNALLING_THROUGH_PROTEINASE_ACTIVATED_RECEPTORS_PARS",0.906716417910448,0.953031991320412,0.0469758727821845,-0.206442175886524,-0.6948191663925,30,"reactome","Gng5; Gna13; Mapk1; F2r; Src","gastrocnemius","RR-9","GLDS-326","Stat_(Space Flight)v(Ground Control)",1,"flight_positive"
"REACTOME_THROMBOXANE_SIGNALLING_THROUGH_TP_RECEPTOR",0.725531914893617,0.881040448013964,0.0635007968065945,0.255703937783167,0.817516795430402,22,"reactome","Gng2; Gng7; Gnb2; Gna11; Gng11; Gng12; Gna15; Gngt2; Gng10; Gng4","gastrocnemius","RR-9","GLDS-326","Stat_(Space Flight)v(Ground Control)",1,"flight_positive"
"REACTOME_TICAM1_RIP1_MEDIATED_IKK_COMPLEX_RECRUITMENT",0.851936218678816,0.93303147797987,0.0590954798717342,0.243490408290941,0.736927791791519,19,"reactome","Ubc; Uba52; Birc3; Ube2d1; Ikbkg","gastrocnemius","RR-9","GLDS-326","Stat_(Space Flight)v(Ground Control)",1,"flight_positive"
"REACTOME_TIE2_SIGNALING",0.360146252285192,0.717767040154286,0.0922597260527354,-0.361855586713303,-1.06805052439768,18,"reactome","Ptpn11; Pik3r1; Grb2; Kras; Grb14; Pik3r2; Angpt4; Sos1","gastrocnemius","RR-9","GLDS-326","Stat_(Space Flight)v(Ground Control)",1,"flight_positive"
"REACTOME_TIGHT_JUNCTION_INTERACTIONS",0.130198915009042,0.48372513562387,0.16440575583821,-0.434513845371771,-1.32246537184679,20,"reactome","Cldn12; Patj; Pals1; Crb3; Cldn15; F11r; Pard6a; Cldn11; Cldn10; Cldn9; Cldn2; Cldn3","gastrocnemius","RR-9","GLDS-326","Stat_(Space Flight)v(Ground Control)",1,"flight_positive"
"REACTOME_TNFR1_INDUCED_NF_KAPPA_B_SIGNALING_PATHWAY",0.0826086956521739,0.391111966140823,0.231126709673834,0.385086656241448,1.36309239276067,33,"reactome","Ubc; Rnf31; Spata2; Map3k7; Rack1; Uba52; Traf2; Sharpin; Otud1; Optn; Birc3; Tab1; Ikbkg","gastrocnemius","RR-9","GLDS-326","Stat_(Space Flight)v(Ground Control)",1,"flight_positive"
"REACTOME_TNFR1_INDUCED_PROAPOPTOTIC_SIGNALING",0.422174840085288,0.764343619105343,0.0919686140000427,0.30253083137873,1.01156722411633,25,"reactome","Rnf31; Spata2; Traf2; Sharpin; Otud1; Ikbke; Optn; Birc3","gastrocnemius","RR-9","GLDS-326","Stat_(Space Flight)v(Ground Control)",1,"flight_positive"
"REACTOME_TNFR2_NON_CANONICAL_NF_KB_PATHWAY",0.0222857109787943,0.211457625265872,0.352487857583619,0.346363839728839,1.48865772480386,79,"reactome","Ubc; Psmc4; Psmc3; Sem1; Psmb3; Psmb6; Cul1; Relb; Psmd2; Nfkb2; Psmd11; Psmc5; Uba52; Psmd1; Psmb5; Traf2; Psmb4; Psmb1; Adrm1; Lta; Ltbr; Tnfsf12; Tnfrsf4; Psmc2","gastrocnemius","RR-9","GLDS-326","Stat_(Space Flight)v(Ground Control)",1,"flight_positive"
"REACTOME_TNFS_BIND_THEIR_PHYSIOLOGICAL_RECEPTORS",0.860902255639098,0.939006537751106,0.0496901392724606,-0.231766142385047,-0.71496866836163,22,"reactome","Tnfsf13b; Tnfrsf8; Tnfrsf14; Fasl; Tnfsf9","gastrocnemius","RR-9","GLDS-326","Stat_(Space Flight)v(Ground Control)",1,"flight_positive"
"REACTOME_TNF_SIGNALING",0.532558139534884,0.808133085045266,0.0838361057159929,0.240833657663885,0.970209624120362,57,"reactome","Ubc; Rnf31; Spata2; Map3k7; Rack1; Ube2l3; Uba52; Traf2; Sharpin; Otud1; Ikbke; Optn; Birc3; Ube2d1; Otulin","gastrocnemius","RR-9","GLDS-326","Stat_(Space Flight)v(Ground Control)",1,"flight_positive"
"REACTOME_TOLL_LIKE_RECEPTOR_9_TLR9_CASCADE",0.547738693467337,0.811567464675306,0.0865399737444125,0.216097385354557,0.959178994394214,107,"reactome","Ubc; Fos; Map2k7; Map3k7; Rbsn; Cul1; Nfkbib; Rps6ka2; Irf7; Rps6ka3; Nfkb2; Map3k1; Uba52; Traf2; Ppp2r1a; Trp53; Map2k3; Map3k8; Creb1; Mapk10; Rela; Ecsit; Mapk9; Tlr4; Mapk3; Tab1; S100b; Ikbkg; Rps6ka1","gastrocnemius","RR-9","GLDS-326","Stat_(Space Flight)v(Ground Control)",1,"flight_positive"
"REACTOME_TOLL_LIKE_RECEPTOR_CASCADES",0.578859060402685,0.822074209208504,0.0629394692018967,-0.207325406835224,-0.961690793535936,158,"reactome","Dusp7; Ptpn4; Tlr1; Irak2; Lrrc14; Ptpn11; Ripk1; Tbk1; Irf5; Skp1; Mapk1; Mef2a; Ppp2ca; Ctsk; Gsdmd; Pik3c3; Ctsb; Mapk14; Ticam2; Ube2d2a; Ripk3; Itgb2; Cd36; Btk; Map2k6; Map2k1; Tnip2; Pik3r4; Map2k4; Peli3; Saa1; Birc2; Mapk8; Tab3; Tab2; Mapk11; Peli1; N4bp1; Hsp90b1; Tank","gastrocnemius","RR-9","GLDS-326","Stat_(Space Flight)v(Ground Control)",1,"flight_positive"
"REACTOME_TOLL_LIKE_RECEPTOR_TLR1_TLR2_CASCADE",0.512562814070352,0.802472889429411,0.0902635484340068,0.21848237128487,0.969765093816604,107,"reactome","Ubc; Fos; Socs1; Map2k7; Map3k7; Cul1; Nfkbib; Rps6ka2; Rps6ka3; Nfkb2; Map3k1; Uba52; Traf2; Ppp2r1a; Trp53; Map2k3; Map3k8; Creb1; Tirap; Mapk10; Rela; Ecsit; Mapk9; Tlr4; Mapk3; Tab1; S100b; Ikbkg; Rps6ka1; S100a1; Nod2; Ly96; Irak1; Vrk3; Myd88; S100a9","gastrocnemius","RR-9","GLDS-326","Stat_(Space Flight)v(Ground Control)",1,"flight_positive"
"REACTOME_TP53_REGULATES_METABOLIC_GENES",0.166083916083916,0.539782227940801,0.141225119642531,-0.289893441150636,-1.19805340462829,78,"reactome","Cox5a; Tigar; Sesn2; Ndufa4; Cox6c; Gls2; Ywhaq; Gls; Txnrd1; Mlst8; Ago1; Cox7a2; Lamtor3; Rheb; Mtor; Prkab2; Ywhah; Cycs; Pten","gastrocnemius","RR-9","GLDS-326","Stat_(Space Flight)v(Ground Control)",1,"flight_positive"
"REACTOME_TP53_REGULATES_TRANSCRIPTION_OF_ADDITIONAL_CELL_CYCLE_GENES_WHOSE_EXACT_ROLE_IN_THE_P53_PATHWAY_REMAIN_UNCERTAIN",0.719376391982183,0.88092352345488,0.066132620475844,0.27385894904877,0.841694967927984,20,"reactome","Cnot3; Rgcc; Cnot6l; Trp53; Btg2; Cenpj; Cnot11; Cnot6; Cnot8; Cnot10; Cnot2","gastrocnemius","RR-9","GLDS-326","Stat_(Space Flight)v(Ground Control)",1,"flight_positive"
"REACTOME_TP53_REGULATES_TRANSCRIPTION_OF_CELL_CYCLE_GENES",0.525054466230937,0.806037702822242,0.0810802057550866,0.249026654914148,0.965809623790735,47,"reactome","Cdkn1a; Aurka; Cnot3; Rgcc; Cnot6l; Bax; Trp53; E2f4; Btg2; Prmt1; Cenpj","gastrocnemius","RR-9","GLDS-326","Stat_(Space Flight)v(Ground Control)",1,"flight_positive"
"REACTOME_TP53_REGULATES_TRANSCRIPTION_OF_CELL_DEATH_GENES",0.414364640883978,0.76258793039615,0.0847985102819124,-0.28782336542795,-1.01495923429206,37,"reactome","Chm; Apaf1; Bnip3l; Atm; Triap1; Ppp1r13b; Perp; Casp2; Steap3; Casp1; Aifm2; Casp6; Rabggtb","gastrocnemius","RR-9","GLDS-326","Stat_(Space Flight)v(Ground Control)",1,"flight_positive"
"REACTOME_TP53_REGULATES_TRANSCRIPTION_OF_DNA_REPAIR_GENES",0.0146981168062404,0.169107365405131,0.380730400722792,0.37952160862945,1.55225529495817,61,"reactome","Gtf2h5; Polr2j; Fos; Gtf2h4; Ercc3; Gtf2f1; Polr2e; Ell; Elob; Brca1; Nelfa; Gtf2h3; Supt4a; Polr2f; Ccnh; Trp53; Gtf2f2; Pms2; Fancd2","gastrocnemius","RR-9","GLDS-326","Stat_(Space Flight)v(Ground Control)",1,"flight_positive"
"REACTOME_TP53_REGULATES_TRANSCRIPTION_OF_GENES_INVOLVED_IN_CYTOCHROME_C_RELEASE",0.676731793960924,0.857941966277474,0.0582216241124161,-0.28005372432603,-0.845948620990853,19,"reactome","Bnip3l; Atm; Triap1; Ppp1r13b","gastrocnemius","RR-9","GLDS-326","Stat_(Space Flight)v(Ground Control)",1,"flight_positive"
"REACTOME_TP53_REGULATES_TRANSCRIPTION_OF_GENES_INVOLVED_IN_G2_CELL_CYCLE_ARREST",0.543624161073825,0.810911189741273,0.0806388495950661,0.313944760225972,0.941561513729703,17,"reactome","Aurka; Bax; Trp53; E2f4; Prmt1","gastrocnemius","RR-9","GLDS-326","Stat_(Space Flight)v(Ground Control)",1,"flight_positive"
"REACTOME_TRAF6_MEDIATED_INDUCTION_OF_TAK1_COMPLEX_WITHIN_TLR4_COMPLEX",0.334801762114537,0.696469383650559,0.107972360317345,0.373830220645787,1.10757147160458,16,"reactome","Ubc; Map3k7; Uba52; Sarm1; Tlr4; Tab1","gastrocnemius","RR-9","GLDS-326","Stat_(Space Flight)v(Ground Control)",1,"flight_positive"
"REACTOME_TRAF6_MEDIATED_IRF7_ACTIVATION",0.52670349907919,0.806255713898044,0.0721797965581253,-0.341219910117734,-0.949962980858489,15,"reactome","Tbk1; Mavs; Ep300; Ifih1","gastrocnemius","RR-9","GLDS-326","Stat_(Space Flight)v(Ground Control)",1,"flight_positive"
"REACTOME_TRAF6_MEDIATED_NF_KB_ACTIVATION",0.507462686567164,0.802472889429411,0.0817515582532145,0.294130121479077,0.950028105619968,23,"reactome","Nfkbib; Nfkb2; Map3k1; Traf2; Rela; S100b; Ikbkg; Rnf135; Nfkbia","gastrocnemius","RR-9","GLDS-326","Stat_(Space Flight)v(Ground Control)",1,"flight_positive"
"REACTOME_TRAFFICKING_OF_AMPA_RECEPTORS",0.0424545734264816,0.304875124606277,0.321775918075361,0.459805836489913,1.57187859390768,27,"reactome","Grip2; Ap2s1; Nsf; Ap2a2; Camk2b; Camk2a; Ap2m1","gastrocnemius","RR-9","GLDS-326","Stat_(Space Flight)v(Ground Control)",1,"flight_positive"
"REACTOME_TRAFFICKING_OF_GLUR2_CONTAINING_AMPA_RECEPTORS",0.0586150823909894,0.364640338129992,0.321775918075361,0.519592886142666,1.53943214260783,16,"reactome","Grip2; Ap2s1; Nsf; Ap2a2; Ap2m1","gastrocnemius","RR-9","GLDS-326","Stat_(Space Flight)v(Ground Control)",1,"flight_positive"
"REACTOME_TRANSCRIPTIONAL_ACTIVATION_OF_MITOCHONDRIAL_BIOGENESIS",0.386160714285714,0.744682514857679,0.0999276973731092,0.257450971699009,1.03277109896079,53,"reactome","Nr1d1; Ncoa1; Polrmt; Smarcd3; Calm1; Crtc3; Twnk; Pprc1; Hdac3; Crtc1; Creb1; Tfb1m; Camk4; Sirt4","gastrocnemius","RR-9","GLDS-326","Stat_(Space Flight)v(Ground Control)",1,"flight_positive"
"REACTOME_TRANSCRIPTIONAL_ACTIVITY_OF_SMAD2_SMAD3_SMAD4_HETEROTRIMER",0.898916967509025,0.950791433403006,0.0458620343117985,-0.198772248687099,-0.744975185816901,51,"reactome","E2f5; Mapk1; Tfdp1; Smad2; Ppm1a; Ep300; Trim33; Ccnt2; Ybx1; Ncor2","gastrocnemius","RR-9","GLDS-326","Stat_(Space Flight)v(Ground Control)",1,"flight_positive"
"REACTOME_TRANSCRIPTIONAL_AND_POST_TRANSLATIONAL_REGULATION_OF_MITF_M_EXPRESSION_AND_ACTIVITY",0.50989010989011,0.802472889429411,0.083129129135339,0.245514824266327,0.962312783385866,49,"reactome","Zic1; Gsk3b; Foxd3; Tfeb; Aimp1; Mars1; Mc5r; Tfe3; Tfec; Hint1; Creb1; Ube2i; Pou3f2; Aimp2; Mapk3","gastrocnemius","RR-9","GLDS-326","Stat_(Space Flight)v(Ground Control)",1,"flight_positive"
"REACTOME_TRANSCRIPTIONAL_REGULATION_BY_E2F6",0.0682656826568266,0.369228114823042,0.234392647294686,-0.415575621973058,-1.41358261957939,33,"reactome","Rbbp7; Apaf1; Phc3; Ezh2; Tfdp1; Epc1; Cdc7; Ehmt1; Yaf2; Suz12; Chek1; Cbx3","gastrocnemius","RR-9","GLDS-326","Stat_(Space Flight)v(Ground Control)",1,"flight_positive"
"REACTOME_TRANSCRIPTIONAL_REGULATION_BY_MECP2",0.492063492063492,0.800164037246104,0.086794975677172,0.242584503775494,0.975368231438987,55,"reactome","Fkbp5; Calm1; Hipk2; Camk2b; Prkaca; Rbfox1; Camk2a; Tnrc6a; Pvalb; Ago3; Ago4; Hdac3; Oprm1; Tnrc6b; Creb1; Camk4","gastrocnemius","RR-9","GLDS-326","Stat_(Space Flight)v(Ground Control)",1,"flight_positive"
"REACTOME_TRANSCRIPTIONAL_REGULATION_BY_NPAS4",0.178832116788321,0.556251060940418,0.13880510939114,-0.3605347569167,-1.22809426163772,32,"reactome","Xpo1; Arnt2; Iqsec3; Mapk1; Nampt; Ago1; Ret","gastrocnemius","RR-9","GLDS-326","Stat_(Space Flight)v(Ground Control)",1,"flight_positive"
"REACTOME_TRANSCRIPTIONAL_REGULATION_BY_RUNX1",0.013842199149414,0.162759924064539,0.380730400722792,0.282555862938269,1.37702749733415,180,"reactome","Auts2; Ubc; Psmc4; Smarce1; Yap1; Myl9; Psmc3; Sem1; Tjp1; Nfatc2; H2ax; Psmb3; Psmb6; Pf4; H3c10; Smarcd3; Csnk2b; Tcf3; Hipk2; Prkcq; Psmd2; Smarcb1; Tnrc6a; Socs3; H2az2; Psmd11; Psmc5; Uba52; Psmd1; Smarcc2; Psmb5; Ccnh; Psmb4; Psmb1; Adrm1; Thbs1; Gp1ba; Cr1l; H2ac19; Ago3; Arid1a; Ago4","gastrocnemius","RR-9","GLDS-326","Stat_(Space Flight)v(Ground Control)",1,"flight_positive"
"REACTOME_TRANSCRIPTIONAL_REGULATION_BY_RUNX2",0.00624745317866749,0.107818950018939,0.407017918923954,0.346077868538702,1.52746524957901,98,"reactome","Ubc; Cdkn1a; Maf; Gsk3b; Psmc4; Yap1; Psmc3; Sem1; Akt2; Psmb3; Psmb6; Cul1; Psmd2; Twist1; Bax; Psmd11; Psmc5; Uba52; Psmd1; Psmb5; Psmb4; Psmb1; Adrm1","gastrocnemius","RR-9","GLDS-326","Stat_(Space Flight)v(Ground Control)",1,"flight_positive"
"REACTOME_TRANSCRIPTIONAL_REGULATION_BY_RUNX3",0.0596500718981157,0.366963895990522,0.321775918075361,0.315956463300591,1.37722433980812,86,"reactome","Ubc; Cdkn1a; Psmc4; Yap1; Psmc3; Sem1; Smad3; Psmb3; Zfhx3; Psmb6; Psmd2; Maml3; Psmd11; Psmc5; Uba52; Psmd1; Psmb5; Psmb4; Psmb1; Adrm1","gastrocnemius","RR-9","GLDS-326","Stat_(Space Flight)v(Ground Control)",1,"flight_positive"
"REACTOME_TRANSCRIPTIONAL_REGULATION_BY_SMALL_RNAS",0.638111888111888,0.84293792627126,0.0602484086158019,-0.224971911276566,-0.909502318967648,70,"reactome","Nup160; Nup93; Nup88; Ago1; H4c16; Polr2l; H4c14; Nup107; Polr2k; Ranbp2; Ipo8; Nup37; Nup35; H3f3a; H2ac10; H4c8; Polr2d; Ran; Polr2a; Polr2b; Ndc1; H2bc18; H3c7; Nup153; Polr2g; Nup155; Nup54; Ago2; Rae1","gastrocnemius","RR-9","GLDS-326","Stat_(Space Flight)v(Ground Control)",1,"flight_positive"
"REACTOME_TRANSCRIPTIONAL_REGULATION_BY_THE_AP_2_TFAP2_FAMILY_OF_TRANSCRIPTION_FACTORS",0.528260869565217,0.806332568380574,0.0806388495950661,0.275370365992451,0.958884975201452,31,"reactome","Cdkn1a; Egfr; Cited4; Kctd15; Erbb2; Cited2; Nop2","gastrocnemius","RR-9","GLDS-326","Stat_(Space Flight)v(Ground Control)",1,"flight_positive"
"REACTOME_TRANSCRIPTIONAL_REGULATION_BY_TP53",0.0812807881773399,0.388707698269181,0.248911114434702,0.222341867171757,1.16515714427298,339,"reactome","Ubc; Dyrk2; Cdkn1a; Gtf2h5; Aurka; Polr2j; Taf3; Fos; Trp63; Cox6a2; Nuak1; Gtf2h4; Stk11; Akt2; Cnot3; Ercc3; Tsc2; Prkag3; Slc38a9; Bcl6; Rgcc; Csnk2b; Taf12; Taf9; Gtf2f1; Tpx2; Lamtor2; Taf10; Polr2e; Hipk2; Lamtor4; Ell; Meaf6; Elob; Tsc1; Tnrc6a; Ddit4; Pin1; Kat5; Brca1; Nelfa; Cnot6l; Cox6b1; Bax; Uba52; Gtf2h3; Supt4a; Rragb; Polr2f; Ccnh; Ppp2r1a; Tnfrsf10b; Ago3; Trp53; Cdk5; Ago4; E2f4; Gtf2f2; Pms2; Brd7; Kat6a; Sesn1; Prdx5; Mdm4; Fancd2; Cox5b; Ppp1r13l; Tnrc6b; Ndrg1; Top3a; Noc2l; Nelfcd; Btg2; Prmt5; Fas; Rictor; Mapkap1; Taf6; Prmt1; Gatad2b; Bbc3; Rfc4; Rrm2b; Cenpj; Ttc5; Cdk9","gastrocnemius","RR-9","GLDS-326","Stat_(Space Flight)v(Ground Control)",1,"flight_positive"
"REACTOME_TRANSCRIPTIONAL_REGULATION_BY_VENTX",0.452538631346578,0.78262049276542,0.0899860794997137,0.271530971809003,0.998775372945165,38,"reactome","Tnrc6a; Anapc15; Anapc4; Ago3; Trp53; Ago4; Anapc5; Ube2s; Tnrc6b; Cdc23; Rela; Ube2d1; Anapc1; Anapc11; Anapc2; Tcf7l2; Ube2c; Fzr1","gastrocnemius","RR-9","GLDS-326","Stat_(Space Flight)v(Ground Control)",1,"flight_positive"
"REACTOME_TRANSCRIPTIONAL_REGULATION_OF_BROWN_AND_BEIGE_ADIPOCYTE_DIFFERENTIATION",0.474169741697417,0.796079446205603,0.0776798560117236,-0.292414106973511,-0.989732822465808,31,"reactome","Ucp1; Rbbp7; Bmp7; Cidea; Hnrnpu; Pparg; Ppara","gastrocnemius","RR-9","GLDS-326","Stat_(Space Flight)v(Ground Control)",1,"flight_positive"
"REACTOME_TRANSCRIPTIONAL_REGULATION_OF_GRANULOPOIESIS",0.560090702947846,0.817594886977074,0.0797705918628453,0.2351143116003,0.945332561323918,55,"reactome","Cdkn1a; Rara; Klf5; H2ax; H3c10","gastrocnemius","RR-9","GLDS-326","Stat_(Space Flight)v(Ground Control)",1,"flight_positive"
"REACTOME_TRANSCRIPTIONAL_REGULATION_OF_PLURIPOTENT_STEM_CELLS",0.271714922048998,0.674303084223013,0.122679189568808,0.37727163713964,1.15952989531789,20,"reactome","Foxd3; Pbx1; Foxp1; Sall4; Klf4; Gsc; Hif3a","gastrocnemius","RR-9","GLDS-326","Stat_(Space Flight)v(Ground Control)",1,"flight_positive"
"REACTOME_TRANSCRIPTIONAL_REGULATION_OF_WHITE_ADIPOCYTE_DIFFERENTIATION",0.517482517482518,0.802472889429411,0.0855356947987884,0.225193914060045,0.972109782304485,82,"reactome","Ncoa1; Srebf1; Cebpd; Med27; Klf5; Med24; Med19; Smarcd3; Nr2f2; Med29; Med9; Slc2a4","gastrocnemius","RR-9","GLDS-326","Stat_(Space Flight)v(Ground Control)",1,"flight_positive"
"REACTOME_TRANSCRIPTION_COUPLED_NUCLEOTIDE_EXCISION_REPAIR_TC_NER",0.0889929742388759,0.412127214702322,0.231126709673834,0.301424948513802,1.28305798510491,76,"reactome","Ubc; Gtf2h5; Polr2j; Ercc6; Xrcc1; Pold2; Gtf2h4; Ercc3; Polr2e; Ell; Uba52; Gtf2h3; Polr2f; Ccnh; Cops7b; Rfc1; Rbx1","gastrocnemius","RR-9","GLDS-326","Stat_(Space Flight)v(Ground Control)",1,"flight_positive"
"REACTOME_TRANSCRIPTION_OF_E2F_TARGETS_UNDER_NEGATIVE_CONTROL_BY_DREAM_COMPLEX",0.954441913439636,0.973571877940863,0.05378728077603,0.201700745125289,0.610450677507914,19,"reactome","Lin37; E2f4; Max; Top2a; Rbbp4; Myc; Tfdp2; Rbl2","gastrocnemius","RR-9","GLDS-326","Stat_(Space Flight)v(Ground Control)",1,"flight_positive"
"REACTOME_TRANSCRIPTION_OF_E2F_TARGETS_UNDER_NEGATIVE_CONTROL_BY_P107_RBL1_AND_P130_RBL2_IN_COMPLEX_WITH_HDAC1",0.450729927007299,0.781937369761519,0.0797705918628453,-0.353643939710977,-1.01081618636853,16,"reactome","E2f5; Tfdp1; Mybl2; Cdk1","gastrocnemius","RR-9","GLDS-326","Stat_(Space Flight)v(Ground Control)",1,"flight_positive"
"REACTOME_TRANSCRIPTION_OF_THE_HIV_GENOME",0.0122898302212848,0.154707274550291,0.380730400722792,0.383086198870328,1.59239941400217,67,"reactome","Gtf2h5; Polr2j; Taf3; Gtf2h4; Ercc3; Taf12; Taf9; Gtf2f1; Taf10; Polr2e; Ell; Elob; Nelfa; Gtf2h3; Supt4a; Polr2f; Ccnh; Ncbp2; Gtf2f2; Rngtt; Nelfcd; Ncbp1; Taf6; Cdk9; Taf9b; Ccnk; Polr2c; Taf15; Polr2h","gastrocnemius","RR-9","GLDS-326","Stat_(Space Flight)v(Ground Control)",1,"flight_positive"
"REACTOME_TRANSFERRIN_ENDOCYTOSIS_AND_RECYCLING",0.726881720430108,0.881040448013964,0.0639271933359996,0.240258791884155,0.820406126411449,28,"reactome","Atp6v1b1; Atp6v1f; Atp6v1d; Atp6v0d1; Atp6v1a; Atp6v0e2; Tcirg1; Tfr2; Atp6v0a2; Atp6v1e1; Mcoln1; Atp6v1b2","gastrocnemius","RR-9","GLDS-326","Stat_(Space Flight)v(Ground Control)",1,"flight_positive"
"REACTOME_TRANSLATION",1.47749104632977e-19,1.43719583597532e-17,1.14219120216838,0.499608271924618,2.55240417562173,266,"reactome","Rps27; Rps26; Rpl28; Rpl27a; Mrps21; Mrpl23; Rps17; Eif5b; Rpl21; Rpl17; Eif3k; Rpl14; Rpl18a; Rpl24; Rpl27; Rpl19; Rpl6; Rpl15; Rpl22; Rpl26; Rpsa; Rps11; Rps16; Rpl32; Rps18; Rpl13a; Rps28; Rpl13; Rpl35; Rpl37a; Rps6; Rps29; Rpl7; Rps15a; Rpl8; Rpl35a; Rps19; Fau; Apeh; Eif3f; Rpl3l; Rpl36; Fars2; Rpl31; Rpl29; Rps25; Dap3; Aimp1; Rps15; Rpl18; Eif2b3; Rps2; Rpl12; Rpl7a; Rpl36a; Rps12; Rps21; Wars1; Rpl5; Rpl38; Rpl10; Rps20; Rpl23; Eif3c; Eef1d; Mrps35; Mars1; Eif3d; Eif2b1; Rps14; Rplp1; Eef1g; Rps3a1; Mrps26; Farsa; Uba52; Mrpl54; Rps5; Mrpl33; Lars2; Srp68; Aurkaip1; Mrps36; Mrpl37; Rps7; Ssr4; Mrpl27; Mrpl38; Mrpl58; Rps23; Eif3h; Tram1; Mrps16; Ddost; Mrpl20; Etf1; Rps13; Mrpl57; Rpl10a; Eif2b5; Rplp2; Eif2b2; Mrpl49; Trmt112; Ssr1; Mrpl51; Mrpl13; Rps10; Rpl36al; Eef1b2; Rps3; Mrpl10; Tars2; Mrpl24; Eif3g; Aimp2; Rps9; Mrps11; Mrps23","gastrocnemius","RR-9","GLDS-326","Stat_(Space Flight)v(Ground Control)",1,"flight_positive"
"REACTOME_TRANSLATION_OF_SARS_COV_1_STRUCTURAL_PROTEINS",0.00352388551986244,0.0754111501250561,0.431707695803346,0.5369884131919,1.86429691871377,29,"reactome","Ubc; St6galnac3; Gsk3b; St3gal1; Parp10; Mogs; Uba52; St6galnac4; St3gal3; Gsk3a; St3gal4; Parp4; Ube2i","gastrocnemius","RR-9","GLDS-326","Stat_(Space Flight)v(Ground Control)",1,"flight_positive"
"REACTOME_TRANSLATION_OF_SARS_COV_2_STRUCTURAL_PROTEINS",0.000589761445648492,0.021505536555567,0.477270815362862,0.455623649284362,1.84877395290756,58,"reactome","Ubc; St6galnac3; Gsk3b; Man1b1; St3gal1; Tmem258; Parp10; Magt1; Mogs; Zdhhc9; Uba52; St6galnac4; Dad1; St3gal3; Gsk3a; Ddost; St3gal4; Parp4; Prmt1; Ube2i","gastrocnemius","RR-9","GLDS-326","Stat_(Space Flight)v(Ground Control)",1,"flight_positive"
"REACTOME_TRANSLESION_SYNTHESIS_BY_POLH",0.886104783599089,0.950791433403006,0.0572461135202884,0.234405866880144,0.709433275320473,19,"reactome","Ubc; Uba52; Rfc1; Rfc4","gastrocnemius","RR-9","GLDS-326","Stat_(Space Flight)v(Ground Control)",1,"flight_positive"
"REACTOME_TRANSLESION_SYNTHESIS_BY_POLK",0.515315315315315,0.802472889429411,0.0721797965581253,-0.325150028671893,-0.947976642955076,17,"reactome","Rev1; Rpa3; Polk; Rfc5; Mad2l2","gastrocnemius","RR-9","GLDS-326","Stat_(Space Flight)v(Ground Control)",1,"flight_positive"
"REACTOME_TRANSLESION_SYNTHESIS_BY_Y_FAMILY_DNA_POLYMERASES_BYPASSES_LESIONS_ON_DNA_TEMPLATE",0.529801324503311,0.807104545395226,0.0813027345384498,0.258300371661407,0.950109110276613,38,"reactome","Ubc; Pold2; Usp10; Ube2l6; Uba52; Isg15; Rfc1; Pold4; Rev3l; Rfc4","gastrocnemius","RR-9","GLDS-326","Stat_(Space Flight)v(Ground Control)",1,"flight_positive"
"REACTOME_TRANSLOCATION_OF_SLC2A4_GLUT4_TO_THE_PLASMA_MEMBRANE",0.533216783216783,0.808133085045266,0.0689567351672811,-0.238183148027279,-0.949350507202694,65,"reactome","Tbc1d1; Rhoq; Kifap3; Lnpep; Ywhaq; Kif3b; Rab10; Prkab2; Rab14; Ywhah; Exoc8; Exoc7; Prkaa2; Ywhag; Actg1; Tuba1b; Prkag2; Ywhab; Tubb2a; Ralgapa2; Rab4a; Tubb3; Tuba4a; Tubb2b","gastrocnemius","RR-9","GLDS-326","Stat_(Space Flight)v(Ground Control)",1,"flight_positive"
"REACTOME_TRANSMISSION_ACROSS_CHEMICAL_SYNAPSES",0.754342431761787,0.890890068416238,0.069119845655101,0.181799124986707,0.906859345840779,216,"reactome","Grip2; Adcy2; Gng2; Mapt; Ap2s1; Nsf; Gabra2; Ppfia4; Ap2a2; Prkag3; Cacna1a; Prkar2a; Comt; Calm1; Camk2b; Prkaca; Gng7; Camk2a; Rps6ka2; Glul; Rps6ka3; Adcy9; Ap2m1; Slc1a3; Grik5; Adcy3; Chrne; Gnb2; Camk1; Tuba8; Cacnb1; Plcb3; Kcnj15; Slc6a12; Kcnj12; Nras; Gng11; Hras; Creb1; Git1; Camk4; Adcy8; Tubb4a; Gng12; Cacna1e; Aldh2; Chrnd; Rab3a; Plcb1; Mapk3; Pick1","gastrocnemius","RR-9","GLDS-326","Stat_(Space Flight)v(Ground Control)",1,"flight_positive"
"REACTOME_TRANSPORT_OF_BILE_SALTS_AND_ORGANIC_ACIDS_METAL_IONS_AND_AMINE_COMPOUNDS",0.259581881533101,0.661692710271812,0.109250039480711,-0.281116920475165,-1.1162469580619,64,"reactome","Slc16a1; Slc30a5; Slc6a9; Slc30a1; Slc22a4; Slc47a1; Slc22a2; Slc44a1; Slc22a3; Slc13a3; Slc31a1; Slc39a6; Rsc1a1; Slc6a7; Slc44a4; Slc11a2; Slc6a2; Slc6a1; Slc40a1; Slc6a13; Slc6a11; Slc11a1; Slc22a1; Slc39a14","gastrocnemius","RR-9","GLDS-326","Stat_(Space Flight)v(Ground Control)",1,"flight_positive"
"REACTOME_TRANSPORT_OF_INORGANIC_CATIONS_ANIONS_AND_AMINO_ACIDS_OLIGOPEPTIDES",0.114638447971781,0.459875974703751,0.173747838999571,-0.297754066388512,-1.24191073593741,84,"reactome","Slc7a2; Slc7a8; Slc4a8; Slc38a3; Slc1a5; Slc17a7; Slc8a2; Slc9a5; Slc24a2; Slc12a4; Slc9a3; Slc12a6; Slc25a22; Slc36a2; Slc7a10; Slc9a9; Slc9a7; Slc5a5; Ahcyl2; Slc25a29; Slc24a1; Slc9a6; Slc12a7; Slc26a2; Slc15a3","gastrocnemius","RR-9","GLDS-326","Stat_(Space Flight)v(Ground Control)",1,"flight_positive"
"REACTOME_TRANSPORT_OF_MATURE_MRNAS_DERIVED_FROM_INTRONLESS_TRANSCRIPTS",0.65924276169265,0.851919993974802,0.0704500850658419,0.238713526417117,0.884170196580652,40,"reactome","Sympk; Nup85; Nup214; Aaas; Nup210; Cpsf3; Ncbp2; Nup133; Cpsf2; Nup62; Ncbp1","gastrocnemius","RR-9","GLDS-326","Stat_(Space Flight)v(Ground Control)",1,"flight_positive"
"REACTOME_TRANSPORT_OF_MATURE_TRANSCRIPT_TO_CYTOPLASM",0.453488372093023,0.78262049276542,0.0928481214159878,0.231402617274035,0.990503587404485,78,"reactome","Eif4a3; Rbm8a; Sympk; Nup85; Casc3; Ddx39b; Srrm1; Nup214; Aaas; Nup210; Cpsf3; Ncbp2; U2af2; Nup133; Cpsf2; Srsf4; Cdc40; Dhx38; Nup62; Ncbp1","gastrocnemius","RR-9","GLDS-326","Stat_(Space Flight)v(Ground Control)",1,"flight_positive"
"REACTOME_TRANSPORT_OF_THE_SLBP_DEPENDANT_MATURE_MRNA",0.693726937269373,0.862774286495646,0.0588438169595807,-0.250930472965052,-0.853541296821374,33,"reactome","Nup160; Nup93; Nup88; Nup107; Ranbp2; Nup37; Nup35; Alyref; Ndc1; Nup153; Nup155; Nup54; Rae1","gastrocnemius","RR-9","GLDS-326","Stat_(Space Flight)v(Ground Control)",1,"flight_positive"
"REACTOME_TRANSPORT_OF_VITAMINS_NUCLEOSIDES_AND_RELATED_MOLECULES",0.413284132841328,0.76258793039615,0.0850427463764322,-0.299331032807923,-1.01817605053229,33,"reactome","Slc25a5; Slc35d2; Slc29a2; Slc25a4; Slc28a1; Slco1b2; Slc35b3; Slc35c1; Slc35a3; Slc35b4; Slc28a2b; Slc27a1","gastrocnemius","RR-9","GLDS-326","Stat_(Space Flight)v(Ground Control)",1,"flight_positive"
"REACTOME_TRANSPORT_TO_THE_GOLGI_AND_SUBSEQUENT_MODIFICATION",0.575376884422111,0.822074209208504,0.0838361057159929,0.198019019380061,0.957129082101093,172,"reactome","B4galt5; Cope; Sec31b; Nsf; Ank3; Csnk1d; Ank1; Kdelr2; Dync1i2; Cog4; Sptb; Napa; Lman2l; Dctn5; Cog6; Lman2; Dync1h1; Sec22c; Copz2; Sptbn2; Ppp6r3; Sptbn4; Fuca1; Golga2; St3gal4; Tbc1d20; B4galt1; Tuba8; Actr1a; Kdelr1; St8sia6; Sec24c; Copz1; Ppp6r1; Kdelr3; Dctn6; Tubb4a; Dctn2; Trappc6a; Actr10; Arfgap2; Cog2; Ins2; Napb","gastrocnemius","RR-9","GLDS-326","Stat_(Space Flight)v(Ground Control)",1,"flight_positive"
"REACTOME_TRANS_GOLGI_NETWORK_VESICLE_BUDDING",0.473563218390805,0.796079446205603,0.0897104652742981,0.234989887276303,0.985687245315701,68,"reactome","Sort1; Chmp2a; Tpd52; Rab5c; Bloc1s1; Snx5; Napa; Cltb; Dnm2; Gak; Ap1b1; Stx4a; Gns; Ap1s1; Clta; Vamp8","gastrocnemius","RR-9","GLDS-326","Stat_(Space Flight)v(Ground Control)",1,"flight_positive"
"REACTOME_TRIGLYCERIDE_CATABOLISM",0.297445255474453,0.690230799155,0.103576326612592,-0.394810237488341,-1.12848131633014,16,"reactome","Ppp1cb; Plin1; Prkacb; Fabp3; Lipe; Abhd5","gastrocnemius","RR-9","GLDS-326","Stat_(Space Flight)v(Ground Control)",1,"flight_positive"
"REACTOME_TRIGLYCERIDE_METABOLISM",0.270676691729323,0.673544325931107,0.11146266692298,-0.356290597124984,-1.15420459763821,26,"reactome","Ppp1cb; Plin1; Agmo; Dgat2; Prkacb; Fabp3","gastrocnemius","RR-9","GLDS-326","Stat_(Space Flight)v(Ground Control)",1,"flight_positive"
"REACTOME_TRISTETRAPROLIN_TTP_ZFP36_BINDS_AND_DESTABILIZES_MRNA",0.735401459854015,0.884641571831534,0.0555947097758869,-0.283258136508666,-0.809633298219529,16,"reactome","Dcp2; Xrn1; Exosc9; Tnpo1","gastrocnemius","RR-9","GLDS-326","Stat_(Space Flight)v(Ground Control)",1,"flight_positive"
"REACTOME_TRNA_AMINOACYLATION",0.414893617021277,0.76258793039615,0.0928481214159878,0.302824844787617,1.02608606975013,26,"reactome","Fars2; Aimp1; Wars1; Mars1; Farsa; Lars2","gastrocnemius","RR-9","GLDS-326","Stat_(Space Flight)v(Ground Control)",1,"flight_positive"
"REACTOME_TRNA_MODIFICATION_IN_THE_NUCLEUS_AND_CYTOSOL",0.742152466367713,0.885215754205666,0.0649407684612899,0.225538949195344,0.848712780329178,43,"reactome","Osgep; Trmt1; Mettl1; Tyw1; Tprkb; Trmt112; Dus2; Trdmt1; Urm1; Cdkal1","gastrocnemius","RR-9","GLDS-326","Stat_(Space Flight)v(Ground Control)",1,"flight_positive"
"REACTOME_TRNA_PROCESSING",0.43424317617866,0.774400330851944,0.0992333343771191,0.228605898848175,1.01451028069678,102,"reactome","Osgep; Trmt1; Pop5; Rpp21; Hsd17b10; Mettl1; Tsen2; Nup85; Tsen15; Nup214; Aaas; Tyw1; Nup210; Tsen54; Tprkb; Nup133; Trmt112; Rtcb; Pop1","gastrocnemius","RR-9","GLDS-326","Stat_(Space Flight)v(Ground Control)",1,"flight_positive"
"REACTOME_TRNA_PROCESSING_IN_THE_NUCLEUS",0.46875,0.794310767858139,0.0886261133285098,0.247607755795396,0.993284788852914,53,"reactome","Pop5; Rpp21; Tsen2; Nup85; Tsen15; Nup214; Aaas; Nup210; Tsen54; Nup133; Rtcb; Pop1; Nup62; Clp1; Nup205; Elac2; Rtraf; Zbtb8os; Rpp30; Cpsf4; Seh1l; Nup43","gastrocnemius","RR-9","GLDS-326","Stat_(Space Flight)v(Ground Control)",1,"flight_positive"
"REACTOME_TRP_CHANNELS",0.419529837251356,0.763430146018624,0.083129129135339,-0.336041961990166,-1.02276109945177,20,"reactome","Trpm7; Ripk1; Trpc4; Ripk3; Trpm1; Trpm2; Trpm6","gastrocnemius","RR-9","GLDS-326","Stat_(Space Flight)v(Ground Control)",1,"flight_positive"
"REACTOME_TURBULENT_OSCILLATORY_DISTURBED_FLOW_SHEAR_STRESS_ACTIVATES_SIGNALING_BY_PIEZO1_AND_INTEGRINS_IN_ENDOTHELIAL_CELLS",0.421348314606742,0.764343619105343,0.0847985102819124,-0.303856556526219,-1.01437821707447,29,"reactome","Itgav; Fn1; Ppp2ca; Ptpn1; Itgb1; Vcl","gastrocnemius","RR-9","GLDS-326","Stat_(Space Flight)v(Ground Control)",1,"flight_positive"
"REACTOME_UBIQUITIN_DEPENDENT_DEGRADATION_OF_CYCLIN_D",0.00175838920300138,0.0508507147894994,0.45505986738723,0.497381758989416,1.83927138358023,39,"reactome","Ubc; Gsk3b; Psmc4; Psmc3; Sem1; Psmb3; Psmb6; Psmd2; Psmd11; Psmc5; Uba52; Psmd1; Psmb5; Psmb4; Psmb1; Adrm1","gastrocnemius","RR-9","GLDS-326","Stat_(Space Flight)v(Ground Control)",1,"flight_positive"
"REACTOME_UB_SPECIFIC_PROCESSING_PROTEASES",0.293103448275862,0.684745220382369,0.124434168630393,0.225265499168151,1.07330214566444,155,"reactome","Ubc; Psmc4; Psmc3; Sem1; Smad3; Psmb3; Usp3; Psmb6; Map3k7; Usp10; Taf10; Usp13; Ruvbl1; Psmd2; Polb; Psmd11; Psmc5; Uba52; Psmd1; Wdr48; Psmb5; Rnf123; Traf2; Psmb4; Psmb1; Adrm1; H2ac19; Trp53","gastrocnemius","RR-9","GLDS-326","Stat_(Space Flight)v(Ground Control)",1,"flight_positive"
"REACTOME_UCH_PROTEINASES",0.00395465796110848,0.0813746926612707,0.407017918923954,0.385809085893477,1.6501708511499,77,"reactome","Ubc; Nedd8; Psmc4; Psmc3; Sem1; Psmb3; Psmb6; Ruvbl1; Foxk2; Psmd2; Actr5; Mbd6; Psmd11; Psmc5; Uba52; Psmd1; Psmb5; Psmb4; Psmb1; Adrm1; Senp8; Ino80b; H2ac19","gastrocnemius","RR-9","GLDS-326","Stat_(Space Flight)v(Ground Control)",1,"flight_positive"
"REACTOME_UNBLOCKING_OF_NMDA_RECEPTORS_GLUTAMATE_BINDING_AND_ACTIVATION",0.497335701598579,0.800732512789602,0.0732558655828455,-0.316428612545328,-0.95582499061195,19,"reactome","Actn2; Gria4; Grin2d","gastrocnemius","RR-9","GLDS-326","Stat_(Space Flight)v(Ground Control)",1,"flight_positive"
"REACTOME_UNFOLDED_PROTEIN_RESPONSE_UPR",0.656896551724138,0.851671504822549,0.0582216241124161,-0.213893488801404,-0.900367528440649,88,"reactome","Herpud1; Hspa5; Extl1; Edem1; Dnajb9; Eif2s3x; Dcp2; Ern1","gastrocnemius","RR-9","GLDS-326","Stat_(Space Flight)v(Ground Control)",1,"flight_positive"
"REACTOME_UPTAKE_AND_ACTIONS_OF_BACTERIAL_TOXINS",0.0469043151969981,0.315645391577283,0.287857117255149,-0.453573644965121,-1.45529726321428,25,"reactome","Sv2b; Stx1b; Txnrd1; Syt1; Sv2a; Sv2c; Map2k6; Map2k1; Map2k4; Antxr2","gastrocnemius","RR-9","GLDS-326","Stat_(Space Flight)v(Ground Control)",1,"flight_positive"
"REACTOME_VASOPRESSIN_REGULATES_RENAL_WATER_HOMEOSTASIS_VIA_AQUAPORINS",0.332603938730853,0.696469383650559,0.107972360317345,0.30001961695114,1.0840450109792,36,"reactome","Adcy2; Gng2; Prkar2a; Prkaca; Gng7; Adcy9; Adcy3; Gnb2; Gng11; Adcy8; Gng12","gastrocnemius","RR-9","GLDS-326","Stat_(Space Flight)v(Ground Control)",1,"flight_positive"
"REACTOME_VEGFR2_MEDIATED_CELL_PROLIFERATION",0.326820603907638,0.696469383650559,0.096240602328129,-0.363759245619956,-1.09879500065721,19,"reactome","Ahcyl1; Pdpk1; Src; Kras; Prkcz; Vegfa; Itpr3; Rasa1","gastrocnemius","RR-9","GLDS-326","Stat_(Space Flight)v(Ground Control)",1,"flight_positive"
"REACTOME_VEGFR2_MEDIATED_VASCULAR_PERMEABILITY",0.964218455743879,0.976077339305536,0.0445961615888961,-0.189868926014812,-0.623690957755283,27,"reactome","Ctnnb1; Mlst8; Mtor; Pdpk1","gastrocnemius","RR-9","GLDS-326","Stat_(Space Flight)v(Ground Control)",1,"flight_positive"
"REACTOME_VIF_MEDIATED_DEGRADATION_OF_APOBEC3G",0.00293430727364439,0.0677653306200782,0.431707695803346,0.489150956721868,1.81176451981473,40,"reactome","Ubc; Psmc4; Psmc3; Sem1; Psmb3; Psmb6; Psmd2; Elob; Psmd11; Psmc5; Uba52; Psmd1; Psmb5; Psmb4; Psmb1; Adrm1; Rbx1; Psmc2","gastrocnemius","RR-9","GLDS-326","Stat_(Space Flight)v(Ground Control)",1,"flight_positive"
"REACTOME_VIRAL_MESSENGER_RNA_SYNTHESIS",0.635761589403974,0.841912005770113,0.0718276293603809,0.240979222461226,0.899032149182914,41,"reactome","Polr2j; Gtf2f1; Polr2e; Nup85; Nup214; Aaas; Nup210; Polr2f; Gtf2f2; Nup133","gastrocnemius","RR-9","GLDS-326","Stat_(Space Flight)v(Ground Control)",1,"flight_positive"
"REACTOME_VISUAL_PHOTOTRANSDUCTION",0.318501170960187,0.696469383650559,0.115240003147781,0.25856692468378,1.07480201730307,67,"reactome","Dhrs3; Guca1b; Sdc4; Hsd17b1; Calm1; Prkcq; Plb1; Nmt2; Fntb; Rdh5; Awat2; Nmt1; Rdh11; Myo7a; Ldlr; Bco1; Sag; Guca1a; Pde6g; Abca4; Gpc1; Sdc1; Rho; Apoe; Grk1; Gpc4","gastrocnemius","RR-9","GLDS-326","Stat_(Space Flight)v(Ground Control)",1,"flight_positive"
"REACTOME_VITAMIN_B5_PANTOTHENATE_METABOLISM",0.239786856127886,0.644208286078324,0.115734447701689,-0.390061654343522,-1.1782457790462,19,"reactome","Coasy; Enpp2; Slc25a42; Ppcdc; Pank1","gastrocnemius","RR-9","GLDS-326","Stat_(Space Flight)v(Ground Control)",1,"flight_positive"
"REACTOME_VLDLR_INTERNALISATION_AND_DEGRADATION",0.0691261166346591,0.369658078182867,0.287805130535564,0.533256918712654,1.56304257100961,15,"reactome","Ubc; Ap2s1; Ap2a2; Uba52; Ap2m1; Nr1h2; Clta","gastrocnemius","RR-9","GLDS-326","Stat_(Space Flight)v(Ground Control)",1,"flight_positive"
"REACTOME_VOLTAGE_GATED_POTASSIUM_CHANNELS",0.398523985239852,0.753765247462837,0.0870515867946735,-0.303721592871349,-1.03311056321234,33,"reactome","Kcns3; Kcnc2; Kcnc1; Kcnv2; Kcnd3; Kcnq5; Kcnab2; Kcnb2; Kcnh2; Kcnq4; Kcnd1; Kcng4; Kcnd2; Kcna7; Kcnq3; Kcna5; Kcnh3; Kcnq1","gastrocnemius","RR-9","GLDS-326","Stat_(Space Flight)v(Ground Control)",1,"flight_positive"
"REACTOME_VXPX_CARGO_TARGETING_TO_CILIUM",0.34075723830735,0.700825841096782,0.107554375265169,0.351803953530371,1.08125594731232,20,"reactome","Rab11fip3; Exoc1; Exoc4; Rab8a; Exoc3; Asap1; Rho","gastrocnemius","RR-9","GLDS-326","Stat_(Space Flight)v(Ground Control)",1,"flight_positive"
"REACTOME_WNT5A_DEPENDENT_INTERNALIZATION_OF_FZD4",0.193899782135076,0.584430329252202,0.14641623786055,0.427266402482264,1.25237114195187,15,"reactome","Ap2s1; Ap2a2; Cltb; Dvl2; Ap2m1; Clta","gastrocnemius","RR-9","GLDS-326","Stat_(Space Flight)v(Ground Control)",1,"flight_positive"
"REACTOME_WNT_LIGAND_BIOGENESIS_AND_TRAFFICKING",0.672760511882998,0.856968747279533,0.0598603117764473,-0.289082431483707,-0.853253767185738,18,"reactome","Vps35; Wnt10b; Wls; Wnt7b; Wnt9a; Wnt5a; Vps26a; Wnt2","gastrocnemius","RR-9","GLDS-326","Stat_(Space Flight)v(Ground Control)",1,"flight_positive"
"REACTOME_ZBP1_DAI_MEDIATED_INDUCTION_OF_TYPE_I_IFNS",0.909584086799277,0.953669549903624,0.0454059226590179,-0.22500171606751,-0.684804365326483,20,"reactome","Ripk1; Tbk1","gastrocnemius","RR-9","GLDS-326","Stat_(Space Flight)v(Ground Control)",1,"flight_positive"
