"pathway","pval","padj","log2err","ES","NES","size","db","leadingEdge_str","tissue","mission","glds","contrast_column","rank_sign","sign_convention"
"REACTOME_ABC_FAMILY_PROTEINS_MEDIATED_TRANSPORT",0.00337516352720348,0.0153991835928659,0.431707695803346,-0.361066654632198,-1.61176842890109,86,"reactome","Uba52; Psma7; Rps27a; Psmc1; Sem1; Abcb6; Psmd2; Psmc3; Psma5; Psmb6; Psmd14; Psmd8; Psmb1; Psma1; Eif2s1; Psmb7; Os9; Psmc5; Psma2; Psma4; Psmb3; Psma6; Psmb4; Abcb10; Psmd3; Psmd6; Psma3; Psmd12; Psmd13; Adrm1; Rnf185; Psmd1","eye","RR-3","GLDS-194","Stat_(Space Flight)v(Ground Control)",1,"flight_positive"
"REACTOME_ABC_TRANSPORTERS_IN_LIPID_HOMEOSTASIS",0.0120522879808854,0.0409852650281662,0.380730400722792,0.54876304272364,1.62829888405166,17,"reactome","Abcg4; Abcd1; Abca5; Abca3; Abca2; Abca7; Abcg1; Abcd2","eye","RR-3","GLDS-194","Stat_(Space Flight)v(Ground Control)",1,"flight_positive"
"REACTOME_ABC_TRANSPORTER_DISORDERS",0.000333883960962895,0.00226842367350208,0.49849310876659,-0.430034197073513,-1.83104458569649,64,"reactome","Uba52; Psma7; Rps27a; Psmc1; Sem1; Abcb6; Psmd2; Psmc3; Psma5; Psmb6; Psmd14; Psmd8; Psmb1; Psma1; Psmb7; Os9; Psmc5; Psma2; Psma4; Psmb3; Psma6; Psmb4; Psmd3; Psmd6; Psma3; Psmd12; Psmd13; Adrm1; Rnf185; Psmd1; Psmc2","eye","RR-3","GLDS-194","Stat_(Space Flight)v(Ground Control)",1,"flight_positive"
"REACTOME_ABERRANT_REGULATION_OF_MITOTIC_EXIT_IN_CANCER_DUE_TO_RB1_DEFECTS",0.552123552123552,0.684470774828567,0.0721797965581253,-0.29684325117938,-0.940420830392996,20,"reactome","Anapc15; Cdc26; Anapc11; Cdc16; Ube2s","eye","RR-3","GLDS-194","Stat_(Space Flight)v(Ground Control)",1,"flight_positive"
"REACTOME_ABERRANT_REGULATION_OF_MITOTIC_G1_S_TRANSITION_IN_CANCER_DUE_TO_RB1_DEFECTS",0.964774951076321,0.986394557823129,0.0463227785794633,-0.186358226300476,-0.558440779907059,17,"reactome","Cdkn1c; Ccnd1; E2f1; Tfdp1; Cdk4","eye","RR-3","GLDS-194","Stat_(Space Flight)v(Ground Control)",1,"flight_positive"
"REACTOME_ABORTIVE_ELONGATION_OF_HIV_1_TRANSCRIPT_IN_THE_ABSENCE_OF_TAT",0.0108702763146269,0.0380286024425445,0.380730400722792,-0.488531324928532,-1.6086183242434,23,"reactome","Polr2h; Nelfb; Polr2f; Polr2i; Polr2l; Ctdp1; Ncbp2; Polr2k; Polr2j; Polr2g; Polr2c; Polr2d; Gtf2f1; Supt4a","eye","RR-3","GLDS-194","Stat_(Space Flight)v(Ground Control)",1,"flight_positive"
"REACTOME_ACETYLCHOLINE_NEUROTRANSMITTER_RELEASE_CYCLE",0.631364562118126,0.74178561751003,0.0681513438679483,0.294639930543111,0.874260532777926,17,"reactome","Syt1; Stxbp1; Vamp2; Ppfia1; Slc5a7; Unc13b","eye","RR-3","GLDS-194","Stat_(Space Flight)v(Ground Control)",1,"flight_positive"
"REACTOME_ACTIVATED_NOTCH1_TRANSMITS_SIGNAL_TO_THE_NUCLEUS",0.245833333333333,0.420779344512195,0.125033367555272,0.327464845898933,1.16151496575156,32,"reactome","Numb; Notch1; Dll4; Adam10; Ncstn; Ubc; Dlk1; Psen1; Psen2; Dner; Mib1","eye","RR-3","GLDS-194","Stat_(Space Flight)v(Ground Control)",1,"flight_positive"
"REACTOME_ACTIVATED_PKN1_STIMULATES_TRANSCRIPTION_OF_AR_ANDROGEN_RECEPTOR_REGULATED_GENES_KLK2_AND_KLK3",2.89266752650954e-06,3.81623005003367e-05,0.627256739718528,-0.575735926147969,-2.27535001934797,46,"reactome","H2ac19; H4c1; H2aj; H3c3; H3c7; H2ac13; H4c4; H3c1; H2ac20; H2bc7; H3c11; H4c2; H4c3; H4c12; H2ac4; H4c11; H2ac10; H2bc14; H4c18; H3f3b; H2bc18; H4c6; H4c8; H3c8; H2bc3; H2ax; H3c4; H2bc21; H3f3a; H4c17; H2ac18; H2az2; H2bc8; H2bc4; H3c10","eye","RR-3","GLDS-194","Stat_(Space Flight)v(Ground Control)",1,"flight_positive"
"REACTOME_ACTIVATED_TAK1_MEDIATES_P38_MAPK_ACTIVATION",0.481624758220503,0.639257884972171,0.0793434960134973,-0.300260887720649,-0.988688219965599,23,"reactome","Uba52; Rps27a; Ripk2; Mapkapk2","eye","RR-3","GLDS-194","Stat_(Space Flight)v(Ground Control)",1,"flight_positive"
"REACTOME_ACTIVATION_OF_AMPK_DOWNSTREAM_OF_NMDARS",0.118217054263566,0.248460027674865,0.179782316298324,-0.419449752570455,-1.345290468219,21,"reactome","Tubb3; Tuba1c; Tubb4b; Tuba1b; Tubb2a; Prkag1; Tuba8; Tubb2b; Calm1; Prkab1; Tuba1a; Tuba4a; Camkk2; Prkaa1; Prkag3; Mapt","eye","RR-3","GLDS-194","Stat_(Space Flight)v(Ground Control)",1,"flight_positive"
"REACTOME_ACTIVATION_OF_ANTERIOR_HOX_GENES_IN_HINDBRAIN_DEVELOPMENT_DURING_EARLY_EMBRYOGENESIS",0.0035421576734396,0.0158961584115425,0.431707695803346,-0.341517445317114,-1.54522672258928,92,"reactome","Ezh2; Polr2h; H2ac19; H4c1; Hdac3; H2aj; H3c3; H3c7; H2ac13; H4c4; Polr2f; Polr2i; H3c1; H2ac20; H2bc7; Polr2l; H3c11; H4c2; H4c3; H4c12; H2ac4; H4c11; H2ac10; Polr2k; Pax6; H2bc14; H4c18; H3f3b; H2bc18; H4c6; H4c8; Polr2j; H3c8; H2bc3; H2ax; Dpy30; H3c4; H2bc21; H3f3a; H4c17; Rbbp7; Polr2g; Polr2c; H2ac18; H2az2; Meis1; Polr2d; H2bc8; H2bc4; H3c10","eye","RR-3","GLDS-194","Stat_(Space Flight)v(Ground Control)",1,"flight_positive"
"REACTOME_ACTIVATION_OF_APC_C_AND_APC_C_CDC20_MEDIATED_DEGRADATION_OF_MITOTIC_PROTEINS",2.73870667168989e-07,4.83690936371036e-06,0.674962860011025,-0.532326764892047,-2.26659658071399,64,"reactome","Uba52; Anapc15; Psma7; Rps27a; Psmc1; Sem1; Psmd2; Psmc3; Cdc26; Psma5; Psmb6; Psmd14; Psmd8; Psmb1; Psma1; Psmb7; Anapc11; Psmc5; Pttg1; Psma2; Psma4; Cdc16; Psmb3; Ube2s; Psma6; Psmb4; Bub3; Psmd3; Psmd6; Psma3; Psmd12; Psmd13; Adrm1; Psmd1; Psmc2; Plk1; Ubb; Bub1b; Psmb2; Cdc23; Cdk1; Psmb5; Anapc16","eye","RR-3","GLDS-194","Stat_(Space Flight)v(Ground Control)",1,"flight_positive"
"REACTOME_ACTIVATION_OF_ATR_IN_RESPONSE_TO_REPLICATION_STRESS",0.05859375,0.145818536931818,0.261663521711573,-0.377144055035002,-1.40387255316175,36,"reactome","Chek1; Rfc4; Rad1; Rfc3; Orc1; Mcm4; Rad9a; Orc6; Orc2; Mcm5; Mcm3; Mcm2; Rfc5; Rpa3; Rpa2; Mcm7; Cdc25a","eye","RR-3","GLDS-194","Stat_(Space Flight)v(Ground Control)",1,"flight_positive"
"REACTOME_ACTIVATION_OF_BAD_AND_TRANSLOCATION_TO_MITOCHONDRIA",0.443579766536965,0.60619835340366,0.0840745577910723,-0.348818473191959,-1.01298198511693,15,"reactome","Akt3; Ppp3cc; Bad","eye","RR-3","GLDS-194","Stat_(Space Flight)v(Ground Control)",1,"flight_positive"
"REACTOME_ACTIVATION_OF_BH3_ONLY_PROTEINS",0.921455938697318,0.956392656752193,0.0474483193656297,-0.198059929933113,-0.705850435806064,30,"reactome","Akt3; Ppp3cc; Bad; Ywhaq; Trp73; E2f1; Ywhah; Dynll1; Bbc3; Tfdp1","eye","RR-3","GLDS-194","Stat_(Space Flight)v(Ground Control)",1,"flight_positive"
"REACTOME_ACTIVATION_OF_GENE_EXPRESSION_BY_SREBF_SREBP",0.00836282308288291,0.0316926192213403,0.380730400722792,0.425868709593181,1.66318081498493,43,"reactome","Chd9; Ncoa2; Tgs1; Nfya; Acaca; Crebbp; Ncoa1; Ncoa6; Dhcr7; Sp1; Tbl1x; Acacb; Fasn; Scd1; Carm1; Srebf1","eye","RR-3","GLDS-194","Stat_(Space Flight)v(Ground Control)",1,"flight_positive"
"REACTOME_ACTIVATION_OF_IRF3_IRF7_MEDIATED_BY_TBK1_IKK_IKBKE",0.503861003861004,0.656413279981843,0.0768736734126542,-0.314736346418647,-0.968296137724257,18,"reactome","Uba52; Rps27a; Irf7","eye","RR-3","GLDS-194","Stat_(Space Flight)v(Ground Control)",1,"flight_positive"
"REACTOME_ACTIVATION_OF_KAINATE_RECEPTORS_UPON_GLUTAMATE_BINDING",0.421455938697318,0.584910333173084,0.0860347242455604,-0.28185180328394,-1.0044697998625,30,"reactome","Gng4; Gnb2; Gng10; Gng8; Gngt2; Gngt1; Calm1; Gnb3; Dlg3; Gng11; Gng2","eye","RR-3","GLDS-194","Stat_(Space Flight)v(Ground Control)",1,"flight_positive"
"REACTOME_ACTIVATION_OF_MATRIX_METALLOPROTEINASES",0.994197292069632,0.998757830106649,0.0444181153081573,-0.127541192248638,-0.419963037123615,23,"reactome","Ctsk; Ctrb1; Mmp3","eye","RR-3","GLDS-194","Stat_(Space Flight)v(Ground Control)",1,"flight_positive"
"REACTOME_ACTIVATION_OF_NF_KAPPAB_IN_B_CELLS",2.54910597376784e-08,6.20282453616842e-07,0.73376198835648,-0.584454860266899,-2.38447472589287,54,"reactome","Uba52; Psma7; Rps27a; Psmc1; Bcl10; Sem1; Psmd2; Psmc3; Skp1; Psma5; Psmb6; Nfkb1; Psmd14; Psmd8; Psmb1; Psma1; Psmb7; Psmc5; Psma2; Psma4; Psmb3; Psma6; Psmb4; Psmd3; Psmd6; Psma3; Cul1; Nfkbib; Card11; Psmd12; Psmd13; Adrm1; Psmd1; Psmc2","eye","RR-3","GLDS-194","Stat_(Space Flight)v(Ground Control)",1,"flight_positive"
"REACTOME_ACTIVATION_OF_NMDA_RECEPTORS_AND_POSTSYNAPTIC_EVENTS",0.357142857142857,0.530626090327583,0.0992333343771191,0.235409945895928,1.04500064535265,85,"reactome","Rps6ka3; Prkab2; Kras; Prkaa2; Prkar2a; Tubb4a; Arhgef7; Camk2a; Ppm1e; Camk2d; Actn2; Git1; Rasgrf2; Nbea; Gria3; Dlg1; Mapk3; Grin1","eye","RR-3","GLDS-194","Stat_(Space Flight)v(Ground Control)",1,"flight_positive"
"REACTOME_ACTIVATION_OF_SMO",0.828512396694215,0.895578553188712,0.055826471778749,0.239506301426935,0.721791251866545,18,"reactome","Ptch1; Cdon; Iqce; Gas1; Grk2; Evc; Ihh; Evc2; Boc; Efcab7; Dhh; Arrb1; Csnk1a1; Smo; Arrb2; Kif3a; Gas8; Shh","eye","RR-3","GLDS-194","Stat_(Space Flight)v(Ground Control)",1,"flight_positive"
"REACTOME_ACTIVATION_OF_THE_MRNA_UPON_BINDING_OF_THE_CAP_BINDING_COMPLEX_AND_EIFS_AND_SUBSEQUENT_BINDING_TO_43S",7.02957338140581e-18,4.05125413296809e-16,1.0864405425825,-0.7404333247686,-3.06169739171785,58,"reactome","Rps6; Rps7; Rps5; Rps3a1; Rps4x; Rps25; Rps9; Rps24; Rps29; Rps11; Rps19; Rps26; Rps10; Rps27a; Rpsa; Rps28; Rps15a; Rps20; Rps3; Eif4h; Eif3k; Rps13; Rps17; Rps16; Eif4e; Eif4a2; Rps14; Rps12; Rps27; Eif3i; Rps21; Rps2; Rps15; Rps23; Eif3g; Fau; Eif3l; Eif4a1; Rps18; Eif2s1","eye","RR-3","GLDS-194","Stat_(Space Flight)v(Ground Control)",1,"flight_positive"
"REACTOME_ACTIVATION_OF_THE_PRE_REPLICATIVE_COMPLEX",0.013475482752084,0.044579013938163,0.380730400722792,-0.438523211893301,-1.5887418090881,32,"reactome","Pola1; Gmnn; Orc1; Pole3; Mcm4; Pole4; Orc6; Orc2; Mcm5; Mcm3; Mcm2; Rpa3; Rpa2; Mcm7","eye","RR-3","GLDS-194","Stat_(Space Flight)v(Ground Control)",1,"flight_positive"
"REACTOME_ACYL_CHAIN_REMODELLING_OF_PC",0.785299806576402,0.861626541283728,0.0552495663125249,-0.239051047887339,-0.787138667346287,23,"reactome","Pla2g5; Plb1; Pnpla8","eye","RR-3","GLDS-194","Stat_(Space Flight)v(Ground Control)",1,"flight_positive"
"REACTOME_ACYL_CHAIN_REMODELLING_OF_PE",0.577909270216962,0.702342564803079,0.0709609456938284,-0.28881929723149,-0.93538568283294,22,"reactome","Plaat1; Pla2g5; Pnpla8","eye","RR-3","GLDS-194","Stat_(Space Flight)v(Ground Control)",1,"flight_positive"
"REACTOME_ACYL_CHAIN_REMODELLING_OF_PS",0.961389961389961,0.984772691975685,0.0458620343117985,-0.188794967699374,-0.580833577453796,18,"reactome","Pla2g5","eye","RR-3","GLDS-194","Stat_(Space Flight)v(Ground Control)",1,"flight_positive"
"REACTOME_ADHERENS_JUNCTIONS_INTERACTIONS",5.46906520449111e-05,0.00045368381809983,0.557332238758646,0.496840832460184,2.029923999055,56,"reactome","Amot; Tnrc6b; Tnrc6a; Snai1; Afdn; Nectin1; Cdh2; Cdh5; Ago2; Sp1; Cadm2; Cdh4; Ago1; Cdh15; Adam19; Sox10; Ctnnd1; Prdm8; Tnrc6c; Ago3; Cdh11; Cadm3; Cdh8; Cdh6; Heyl","eye","RR-3","GLDS-194","Stat_(Space Flight)v(Ground Control)",1,"flight_positive"
"REACTOME_ADIPOGENESIS",0.00191326322808355,0.00961019832454808,0.45505986738723,0.351920742284632,1.645218511187,107,"reactome","Chd9; Ncoa2; Tgs1; Ncor2; Gatad2b; Ep300; Crebbp; Ncoa1; Ppargc1b; Ncoa6; Med12; Med13; Med15; Med24; Ncoa3; Tbl1x; Med13l; Chd4; Ppargc1a; Nr2f2; Elovl3; Med14; Mbd3; Ebf2; Carm1; Ncor1; Lpl; Hdac1; Slc2a4; Mta1; Srebf1; Zfp423; Srebf2; Cox7a1; Cebpd; Med25; Pparg","eye","RR-3","GLDS-194","Stat_(Space Flight)v(Ground Control)",1,"flight_positive"
"REACTOME_ADORA2B_MEDIATED_ANTI_INFLAMMATORY_CYTOKINES_PRODUCTION",0.0509803921568627,0.13354684849227,0.282013350011725,-0.361951759159331,-1.38231712535111,41,"reactome","Adora2b; Gng4; Gnaz; Gnb2; Gng10; Gng8; Gngt2; Gngt1; Gnai2; Gnb3; Gnai3; Prkar2b; Gng11; Gng2","eye","RR-3","GLDS-194","Stat_(Space Flight)v(Ground Control)",1,"flight_positive"
"REACTOME_ADP_SIGNALLING_THROUGH_P2Y_PURINOCEPTOR_1",0.0108310502995072,0.0380128207626934,0.380730400722792,-0.486801225992403,-1.64124262373102,25,"reactome","Gna15; Gng4; Gna11; Gnb2; Gng10; Gng8; Gngt2; Gngt1; Gnb3; Pla2g4a; Gng11; Gng2","eye","RR-3","GLDS-194","Stat_(Space Flight)v(Ground Control)",1,"flight_positive"
"REACTOME_ADP_SIGNALLING_THROUGH_P2Y_PURINOCEPTOR_12",0.0169674150837948,0.0532358725408462,0.352487857583619,-0.508505473351892,-1.64687312785167,22,"reactome","P2ry12; Gng4; Gnb2; Gng10; Gng8; Gngt2; Gngt1; Gnai2; Gnb3; Gnai3; Gng11; Gng2","eye","RR-3","GLDS-194","Stat_(Space Flight)v(Ground Control)",1,"flight_positive"
"REACTOME_ADRENALINE_NORADRENALINE_INHIBITS_INSULIN_SECRETION",0.394174757281553,0.559820180574969,0.0905428948469474,-0.296256952356139,-1.0290839048782,28,"reactome","Adra2c; Gng4; Gnb2; Gng10; Gng8; Gngt2; Gngt1; Gnai2; Gnb3; Gng11; Gng2","eye","RR-3","GLDS-194","Stat_(Space Flight)v(Ground Control)",1,"flight_positive"
"REACTOME_AEROBIC_RESPIRATION_AND_RESPIRATORY_ELECTRON_TRANSPORT",6.46972392363543e-26,5.44949822798522e-24,1.31888879607587,-0.542988532049483,-2.83452316942242,236,"reactome","Maea; Cox7a2l; Uba52; Mrps36; Lyrm2; Uqcc3; Rps27a; Idh3b; Smim4; Ndufaf1; Atp5g2; Smim20; Cox7c; Atp5b; Etfb; Coa3; Ndufb10; Ndufa12; Cox14; Ndufa1; Iscu; Ndufa6; Sirt3; Ndufb8; Uqcrfs1; Cox8a; Uqcrb; Ndufb11; Ndufa2; Ecsit; Sfxn4; Sucla2; Cox6b1; Higd1a; Pkm; Atp5k; Uqcr10; Ldhb; Sdhd; Isca2; Tmem186; Cox6c; Ndufb7; Hscb; Atp5a1; Ndufs6; Atp5c1; Surf1; Atp5h; Nfs1; Uqcr11; Ndufb3; Slc25a11; Ndufs8; Ndufa7; Tmem177; Mkln1; Ndufs5; Mdh1; Ndufv3; Sdhc; Sdhb; Atp5mpl; Uqcc2; Ndufb5; Pgam5; Ndufc1; Lyrm4; Fh1; Ndufa4; Uqcrh; Ndufs3; Ndufv1; Coq10b; Sco1; Atp5j2; Ndufa13; Hagh; Ndufb6; Atp5pb; Ndufs7; Tmem126b; Cox4i1; Pdhb; Timmdc1; L2hgdh; Cox7a2; Cox17; Ndufb1; Higd2a; Rab5if; Hspa9; Pyurf; Atp5g1; Atp5l; Ndufa11; Cycs; Atp5o; Got2; Ndufaf5; Ndufc2; Pdhx; Slc25a4; Sdhaf1; Ndufv2; Cox6b2; Ndufa10; Ndufa9; Dlat; Ndufa5; Ndufs2; Sdha; Ndufaf8; Suclg1; Mpc1; Pdp1; Tmem126a; Ndufb2; Ndufa8; Got1; Cox5b; Atp5e; Cox6a1; Ndufs1; Pcx; Gstz1; Tmem223; Ndufa3; Slc25a14; Uqcrc2; Vdac1; Uqcc1; Aco2; Idh3g; Ndufaf4; Sdhaf4; Cox19; Ndufb9; Uqcrc1; Pdha1; Ndufs4; Mpc2","eye","RR-3","GLDS-194","Stat_(Space Flight)v(Ground Control)",1,"flight_positive"
"REACTOME_AGGREPHAGY",0.00890630947030151,0.0333986605136307,0.380730400722792,-0.457595241784589,-1.69756527132488,35,"reactome","Uba52; Park7; Rps27a; Tubb3; Tuba1c; Tubb4b; Tuba1b; Tubb2a; Tuba8; Hsp90aa1; Tubb2b; Dync1li1; Ube2v1; Tuba1a; Dynll1; Tuba4a; Dync1i1; Ubb","eye","RR-3","GLDS-194","Stat_(Space Flight)v(Ground Control)",1,"flight_positive"
"REACTOME_AMINE_LIGAND_BINDING_RECEPTORS",0.72848948374761,0.815640066159134,0.0582216241124161,-0.228364100986124,-0.843816862290588,34,"reactome","Adra2c; Hrh1; Htr1d; Htr4","eye","RR-3","GLDS-194","Stat_(Space Flight)v(Ground Control)",1,"flight_positive"
"REACTOME_AMINO_ACIDS_REGULATE_MTORC1",0.407484407484408,0.574994105921941,0.0925528864684773,0.252683331171305,1.01930868610898,53,"reactome","Castor2; Slc38a9; Rptor; Sh3bp4; Wdr59; Szt2; Kics2; Rraga; Mtor; Sesn2; Nprl3; Depdc5; Fnip1; Rragc","eye","RR-3","GLDS-194","Stat_(Space Flight)v(Ground Control)",1,"flight_positive"
"REACTOME_AMINO_ACID_TRANSPORT_ACROSS_THE_PLASMA_MEMBRANE",0.0327520494961902,0.0907936561982993,0.321775918075361,0.428408919469833,1.51281702688824,31,"reactome","Slc38a1; Slc7a1; Slc38a2; Slc7a8; Slc7a5; Slc43a2; Slc7a3; Slc7a2; Slc1a4; Slc7a11; Slc38a3; Slc36a1; Slc7a6","eye","RR-3","GLDS-194","Stat_(Space Flight)v(Ground Control)",1,"flight_positive"
"REACTOME_AMYLOID_FIBER_FORMATION",1.30420854661924e-05,0.000134727203636611,0.593325476396405,-0.449929341255229,-2.0119959654873,85,"reactome","Uba52; Ttr; Cst3; H2ac19; Rps27a; H4c1; H3c3; H3c7; Ltf; H2ac13; H4c4; H3c1; H2ac20; H2bc7; H3c11; H4c2; Ins2; H4c3; H4c12; H2ac4; Snca; Siah2; H4c11; H2ac10; H2bc14; H4c18; H3f3b; Nppa; H2bc18; H4c6; H4c8; Apoe; Aph1a; H3c8; H2bc3; H2ax; H3c4; H2bc21; H3f3a; H4c17; Tgfbi; H2ac18; H2bc8; B2m; Ubb; H2bc4; H3c10; Siah1a; H2ac7; Psenen","eye","RR-3","GLDS-194","Stat_(Space Flight)v(Ground Control)",1,"flight_positive"
"REACTOME_ANCHORING_FIBRIL_FORMATION",0.522540983606557,0.670731407317025,0.0780892306943345,0.32829992189534,0.945497081363648,15,"reactome","Col4a2; Col4a1; Col4a4; Lama3; Col1a1; Lamb3; Bmp1; Col4a5; Col4a3; Col1a2; Lamc2; Tll1; Col4a6; Tll2; Col7a1","eye","RR-3","GLDS-194","Stat_(Space Flight)v(Ground Control)",1,"flight_positive"
"REACTOME_ANCHORING_OF_THE_BASAL_BODY_TO_THE_PLASMA_MEMBRANE",0.0985626283367557,0.21671903218624,0.204294756516886,0.275353800393747,1.25229239428817,96,"reactome","Pcm1; Cep162; Cdk5rap2; Clasp1; Rpgrip1l; Akap9; C2cd3; Dctn1; Tubb4a; Cep192; Mark4; Csnk1d; Sfi1; Ttbk2; Cep97; Alms1; Tctn3; Ywhae; Ccp110; Cep89; Cep290; Cep164; Cep250; Mks1; Cep135; Cep63; Cntrl; Mapre1; Nphp4; Cep41","eye","RR-3","GLDS-194","Stat_(Space Flight)v(Ground Control)",1,"flight_positive"
"REACTOME_ANTIGEN_ACTIVATES_B_CELL_RECEPTOR_BCR_LEADING_TO_GENERATION_OF_SECOND_MESSENGERS",0.435684647302905,0.599632779281021,0.0886261133285098,0.288957881999389,1.02038119207045,31,"reactome","Ahcyl1; Ighm; Sos1; Grb2; Cd19; Stim1","eye","RR-3","GLDS-194","Stat_(Space Flight)v(Ground Control)",1,"flight_positive"
"REACTOME_ANTIGEN_PRESENTATION_FOLDING_ASSEMBLY_AND_PEPTIDE_LOADING_OF_CLASS_I_MHC",0.217557251908397,0.388170611802634,0.127505315300183,-0.33895195050686,-1.19856827260816,29,"reactome","Erap1; Calr; H2-T23; Tap1; Bcap31; H2-M3; Sec31a; H2-Q1; H2-D1; Pik3c3; Becn1; B2m; H2-Q2; Sec23a; Sec13; Canx; Hspa5","eye","RR-3","GLDS-194","Stat_(Space Flight)v(Ground Control)",1,"flight_positive"
"REACTOME_ANTIGEN_PROCESSING_CROSS_PRESENTATION",5.49509623663085e-08,1.17982948610015e-06,0.719512826338911,-0.485837342271679,-2.22751768762131,95,"reactome","Vamp8; Psmb10; Uba52; Ctss; Psma7; Psme2; Rps27a; Psmc1; Sem1; Psmd2; Psmc3; Psme1; Calr; Psma5; Psmb6; Psmd14; Psmb8; Psmd8; Psmb1; Psma1; Psmb7; Sec61b; H2-T23; Psmc5; Psma2; Psma4; Vamp3; Psmb3; Hmgb1; Psma6; Psmb4; Psmd3; Psmd6; Tap1; Psma3; H2-M3; Psmd12; Psmd13; Adrm1; Psmd1; Cd207; Cd14; H2-Q1; H2-D1; Psmc2; Sec61g; Sec61a1; B2m; Ubb; Ncf4; Tlr1; H2-Q2; Itgav; Ncf1; Psmb2","eye","RR-3","GLDS-194","Stat_(Space Flight)v(Ground Control)",1,"flight_positive"
"REACTOME_ANTIGEN_PROCESSING_UBIQUITINATION_PROTEASOME_DEGRADATION",0.0100406035288635,0.0358574167722179,0.380730400722792,-0.243083063270804,-1.29974867511327,289,"reactome","Uba52; Psma7; Fbxo9; Fbxw4; Fbxl4; Rps27a; Klhl13; Psmc1; Sem1; Psmd2; Ube2g2; Psmc3; Stub1; Cdc26; Rnf14; Spsb4; Skp1; Ube2m; Psma5; Psmb6; Psmd14; Lrrc41; Socs1; Fbxo15; Fbxo44; Rnf114; Mkrn1; Znrf2; Fbxl15; Klhl25; Fbxw21; Cdc34; Ube2q1; Psmd8; Psmb1; Psma1; Hace1; Psmb7; Fbxo6; Elob; Anapc11; Siah2; Rnf7; Rbx1; Ube2cbp; Psmc5; Psma2; Psma4; Ubac1; Cdc16; Trim37; Psmb3; Fbxl14; Ube2s; Rnf4; Psma6; Asb1; Rnf34; Psmb4; Fbxw2; Ube2l3; Psmd3; Psmd6; Psma3; Thop1; Uba5; Kctd7; Ube2q2; Tpp2; Klhl22; Ube2f; Cul1; Ube2j2; Rnf115; Trim11; Mib2; Rnf19b; Asb6; Psmd12; Psmd13; Hectd3; Rnf220; Ube2v1; Adrm1; Psmd1; Fbxo17; Trim41; Det1; Ube2w; Rnf126; Psmc2; Klhl2; Herc6; Ubox5; Mex3c; Rbck1; Kbtbd8; Anapc13; Fbxo2; Ubb; Keap1; Trim39; Klhl9; Vhl; Rnf25; Fbxw10; Rnf41; Siah1a; Btbd1; Fbxo21; Psmb2; Fbxo4; Klhl21; Cdc23; Klhl11; Blmh; Fbxo31; Pja1; Fbxw8; Psmb5; Cul7","eye","RR-3","GLDS-194","Stat_(Space Flight)v(Ground Control)",1,"flight_positive"
"REACTOME_ANTIGEN_PROCESSING_UB_ATP_INDEPENDENT_PROTEASOMAL_DEGRADATION",4.66473381124992e-08,1.04242520884054e-06,0.719512826338911,-0.796256186031635,-2.49526211095226,19,"reactome","Psmb10; Psma7; Psme2; Psme1; Psma5; Psmb6; Psmb8; Psmb1; Psma1; Psmb7; Psma2; Psma4; Psmb3; Psma6; Psmb4; Psma3","eye","RR-3","GLDS-194","Stat_(Space Flight)v(Ground Control)",1,"flight_positive"
"REACTOME_ANTIMICROBIAL_PEPTIDES",0.771966527196653,0.85298016879953,0.0597317976364411,0.22808451168149,0.790164761418114,29,"reactome","Bpifb6; Rnase6; Art1; Atp7a; Cd4; Defb12; Ccr2; S100a8","eye","RR-3","GLDS-194","Stat_(Space Flight)v(Ground Control)",1,"flight_positive"
"REACTOME_ANTIVIRAL_MECHANISM_BY_IFN_STIMULATED_GENES",0.115537848605578,0.244707822481833,0.184706471207739,-0.248176981311785,-1.19724728629684,138,"reactome","Uba52; Cenpx; Faap20; Fancl; Rps27a; Ppm1b; Tubb3; Eif4e; Eif4a2; Tuba1c; Eif4e2; Npm1; Nck1; Pin1; Tubb4b; Eif4a1; Tuba1b; Eif4a3; Isg15; Ppp2r1a; Mx2; Eif2s1; Stat1; Snca; Prkra; Tubb2a; Fancc; Ppp2cb; Tuba8; Sumo1; Rnasel; Rae1; Ube2i; Tubb2b; Ppp2ca; Fancb; Usp18; Nup50","eye","RR-3","GLDS-194","Stat_(Space Flight)v(Ground Control)",1,"flight_positive"
"REACTOME_ANTI_INFLAMMATORY_RESPONSE_FAVOURING_LEISHMANIA_PARASITE_INFECTION",0.282982791586998,0.45507439115618,0.109684061970549,-0.255144220592703,-1.1078146374285,72,"reactome","Adora2b; Gng4; Gnaz; Gnb2; Yes1; Gng10; Plk2; Gng8; Gngt2; Gngt1; Ggt1; Dpep2; Gnai2; Calm1; Gnb3; Gnai3; Prkar2b; Gng11; Plcg2; Gng2; Fyn; Lyn; Fcgr4","eye","RR-3","GLDS-194","Stat_(Space Flight)v(Ground Control)",1,"flight_positive"
"REACTOME_APC_CDC20_MEDIATED_DEGRADATION_OF_NEK2A",0.0407371682975037,0.110413859618234,0.321775918075361,-0.428890188114571,-1.46216081440135,26,"reactome","Uba52; Anapc15; Rps27a; Cdc26; Anapc11; Cdc16; Ube2s; Bub3","eye","RR-3","GLDS-194","Stat_(Space Flight)v(Ground Control)",1,"flight_positive"
"REACTOME_APC_C_CDC20_MEDIATED_DEGRADATION_OF_CYCLIN_B",0.0597400119388764,0.147664363596094,0.321775918075361,-0.438566927688066,-1.46557454728875,24,"reactome","Uba52; Anapc15; Rps27a; Cdc26; Anapc11; Cdc16; Ube2s","eye","RR-3","GLDS-194","Stat_(Space Flight)v(Ground Control)",1,"flight_positive"
"REACTOME_APC_C_CDH1_MEDIATED_DEGRADATION_OF_CDC20_AND_OTHER_APC_C_CDH1_TARGETED_PROTEINS_IN_LATE_MITOSIS_EARLY_G1",3.31807048308261e-06,4.32534187973268e-05,0.627256739718528,-0.512462214017135,-2.14120470260574,61,"reactome","Uba52; Anapc15; Psma7; Rps27a; Psmc1; Sem1; Psmd2; Psmc3; Cdc26; Psma5; Psmb6; Psmd14; Psmd8; Psmb1; Psma1; Psmb7; Anapc11; Psmc5; Pttg1; Psma2; Psma4; Cdc16; Psmb3; Ube2s; Psma6; Psmb4; Psmd3; Psmd6; Psma3; Aurka; Psmd12; Psmd13; Adrm1; Psmd1; Psmc2","eye","RR-3","GLDS-194","Stat_(Space Flight)v(Ground Control)",1,"flight_positive"
"REACTOME_APC_C_MEDIATED_DEGRADATION_OF_CELL_CYCLE_PROTEINS",2.7463871060164e-05,0.000257033665050253,0.575610261071129,-0.462403847111837,-2.01534768479498,75,"reactome","Uba52; Anapc15; Psma7; Rps27a; Psmc1; Sem1; Psmd2; Psmc3; Cdc26; Skp1; Psma5; Psmb6; Psmd14; Psmd8; Psmb1; Psma1; Psmb7; Anapc11; Psmc5; Pttg1; Psma2; Psma4; Cdc16; Psmb3; Ube2s; Psma6; Psmb4; Bub3; Psmd3; Psmd6; Psma3; Cul1; Aurka; Psmd12; Psmd13; Adrm1; Psmd1","eye","RR-3","GLDS-194","Stat_(Space Flight)v(Ground Control)",1,"flight_positive"
"REACTOME_APOPTOSIS",0.000702814040611064,0.00427545208038397,0.477270815362862,-0.321227917191063,-1.60100734059596,163,"reactome","Akt3; Oma1; Uba52; Psma7; Arhgap10; Ppp3cc; H1f5; Rps27a; H1f3; Psmc1; Sem1; Psmd2; Psmc3; H1f4; H1f2; Bad; H1f1; Fnta; Psma5; Psmb6; Psmd14; Psmd8; Psmb1; Psma1; Psmb7; Tradd; Psmc5; Gas2; Psma2; Ctnnb1; Psma4; Psmb3; Casp7; H1f0; Cycs; Hmgb1; Psma6; Psmb4; Psmd3; Psmd6; Psma3; Ywhaq; Dbnl; Trp73; Bcap31; Casp3; E2f1; Psmd12; Psmd13; Adrm1; Psmd1; Cd14; Ywhah; Psmc2; Dynll1","eye","RR-3","GLDS-194","Stat_(Space Flight)v(Ground Control)",1,"flight_positive"
"REACTOME_APOPTOTIC_CLEAVAGE_OF_CELLULAR_PROTEINS",0.866935483870968,0.916307292315357,0.0525898950623616,0.197695153394769,0.743479858045726,38,"reactome","Apc; Tjp1; Lmnb1; Rock1; Casp6","eye","RR-3","GLDS-194","Stat_(Space Flight)v(Ground Control)",1,"flight_positive"
"REACTOME_APOPTOTIC_EXECUTION_PHASE",0.172147001934236,0.327827768900849,0.14641623786055,-0.300322490507526,-1.20986691133699,52,"reactome","H1f5; H1f3; H1f4; H1f2; H1f1; Fnta; Gas2; Ctnnb1; Casp7; H1f0; Hmgb1; Dbnl; Bcap31; Casp3","eye","RR-3","GLDS-194","Stat_(Space Flight)v(Ground Control)",1,"flight_positive"
"REACTOME_APOPTOTIC_FACTOR_MEDIATED_RESPONSE",0.422932330827068,0.585571598613052,0.0847985102819124,-0.329327336408593,-1.03202717800744,19,"reactome","Casp7; Cycs; Casp3; Aven; Bax; Septin4; Gsdmd; Gsdme; Apaf1; Bak1","eye","RR-3","GLDS-194","Stat_(Space Flight)v(Ground Control)",1,"flight_positive"
"REACTOME_AQUAPORIN_MEDIATED_TRANSPORT",0.310546875,0.480500246832319,0.105125131597001,-0.274274681699259,-1.08705365290969,48,"reactome","Gng4; Rab11a; Gnb2; Rab11fip2; Gng10; Gng8; Gngt2; Gngt1; Gnb3; Prkar2b; Gng11; Myo5b; Avp; Gng2","eye","RR-3","GLDS-194","Stat_(Space Flight)v(Ground Control)",1,"flight_positive"
"REACTOME_ARACHIDONATE_METABOLISM",0.013055156659767,0.0437168089983024,0.380730400722792,-0.394303761578568,-1.57609624106082,50,"reactome","Pon1; Ptges; Ptgis; Alox5ap; Mapkapk2; Gpx4; Prxl2b; Ephx2; Ptgr2; Ggt1; Dpep2; Pla2g4a; Cbr1; Faah; Ptgs1; Gpx1; Ptgr1; Ptges2; Tbxas1; Ptges3; Alox12; Hpgd; Ptgds; Cyp2u1; Pon3; Cyp4f15; Ptgs2; Alox15; Cyp2j9; Cyp2c65; Akr1c18; Ltc4s","eye","RR-3","GLDS-194","Stat_(Space Flight)v(Ground Control)",1,"flight_positive"
"REACTOME_ASPARAGINE_N_LINKED_GLYCOSYLATION",0.00392454630257019,0.0172585469932304,0.407017918923954,-0.261465845527078,-1.39740997924009,294,"reactome","Man1a2; Uap1; Gosr2; Uba52; Nagk; Nans; Dctn5; Tmed2; Rps27a; Copz2; Psmc1; Tubb3; Ost4; Mvd; Rpn1; Rab1b; Arfgap3; Tuba1c; Calr; Kdelr1; St6galnac6; Alg1; Tubb4b; Tmem258; Trappc6b; Ykt6; St3gal4; Tuba1b; Fuom; Rad23b; Alg3; Gmppa; Gmds; Actr1a; Trappc3; Ins2; Kdelr2; Os9; Capza2; Tmed3; Dpm2; Cnih3; Arf5; Mgat1; Tubb2a; Cmas; Copg2; Tuba8; Mpdu1; Ddost; Cog4; Copz1; Bet1l; Copb2; Trappc6a; Trappc1; Dctn2; Mcfd2; Sptbn4; Ppp6c; Arf1; Dolk; Glb1; Rpn2; Tubb2b; Trappc5; Capza1; Napb; Dpm3; Dpagt1; B4galt2; Dctn3; Gfpt2; Renbp; Dync1li1; Fpgt; Ostc; Rnf185; Ubxn1; Amfr; Ctsz; Tmem115; Alg14; Sec31a; Cog6; Arcn1; Man1a; Slc35a1; Dolpp1; Tuba1a; Rnf139; Pmm1; Alg12; Alg9; Dynll1; Trappc9; Trappc4; Mgat2; Tuba4a; Trappc2","eye","RR-3","GLDS-194","Stat_(Space Flight)v(Ground Control)",1,"flight_positive"
"REACTOME_ASPIRIN_ADME",0.98559670781893,0.99705735383932,0.0476387259290825,0.161307243667215,0.51563877639823,21,"reactome","Slco2b1; Glyatl3; Ugt1a5; Cyp2d22; Ugt1a10; Bche; Ugt1a2; Ugt1a6b; Ugt1a7c; Ugt1a1","eye","RR-3","GLDS-194","Stat_(Space Flight)v(Ground Control)",1,"flight_positive"
"REACTOME_ASSEMBLY_AND_CELL_SURFACE_PRESENTATION_OF_NMDA_RECEPTORS",0.53125,0.675318452353659,0.0747385227439092,-0.256330690569808,-0.95415960087334,36,"reactome","Tubb3; Lin7b; Tuba1c; Nefl; Tubb4b; Tuba1b; Tubb2a; Tuba8; Tubb2b; Dlg3; Tuba1a; Tuba4a; Grin3a; Lrrc7; Camk2b","eye","RR-3","GLDS-194","Stat_(Space Flight)v(Ground Control)",1,"flight_positive"
"REACTOME_ASSEMBLY_OF_ACTIVE_LPL_AND_LIPC_LIPASE_COMPLEXES",0.510245901639344,0.661206227568144,0.0793434960134973,0.335120260195955,0.965139516609795,15,"reactome","Mbtps2; Mbtps1; Lpl; Furin; Pcsk6; Gpihbp1","eye","RR-3","GLDS-194","Stat_(Space Flight)v(Ground Control)",1,"flight_positive"
"REACTOME_ASSEMBLY_OF_COLLAGEN_FIBRILS_AND_OTHER_MULTIMERIC_STRUCTURES",0.268292682926829,0.441328880700138,0.111918316325105,-0.272288661742107,-1.12591567338044,58,"reactome","Col9a3; Ctss; Col8a2; Loxl4; Col12a1; Col8a1; Col9a2","eye","RR-3","GLDS-194","Stat_(Space Flight)v(Ground Control)",1,"flight_positive"
"REACTOME_ASSEMBLY_OF_THE_HIV_VIRION",0.015818303834185,0.0504986667592787,0.352487857583619,-0.543791346808573,-1.60072545416165,16,"reactome","Uba52; Nmt2; Rps27a; Ppia; Mvb12a; Vps37d; Vps28","eye","RR-3","GLDS-194","Stat_(Space Flight)v(Ground Control)",1,"flight_positive"
"REACTOME_ASSEMBLY_OF_THE_ORC_COMPLEX_AT_THE_ORIGIN_OF_REPLICATION",9.05895413690602e-08,1.90760668844463e-06,0.704975715167238,-0.599537517943734,-2.39644893222194,50,"reactome","H2ac19; H4c1; H2aj; H3c3; H3c7; H2ac13; H4c4; H3c1; Orc1; H2ac20; H2bc7; H3c11; H4c2; H4c3; H4c12; H2ac4; H4c11; H2ac10; H2bc14; H4c18; H3f3b; H2bc18; H4c6; H4c8; H3c8; Orc6; H2bc3; H2ax; H3c4; H2bc21; H3f3a; H4c17; Orc2; H2ac18; H2az2; H2bc8; H2bc4; H3c10","eye","RR-3","GLDS-194","Stat_(Space Flight)v(Ground Control)",1,"flight_positive"
"REACTOME_ASSOCIATION_OF_TRIC_CCT_WITH_TARGET_PROTEINS_DURING_BIOSYNTHESIS",0.00787028732480454,0.0303326901811584,0.380730400722792,-0.435384833932991,-1.63380377917705,38,"reactome","Fbxw4; Hdac3; Tcp1; Cct7; Ap3m1; Fbxo6; Cct6a; Cct3; Lonp2; Wrap53; Cct5; Cct2; Fbxw2; Usp11; Cct8","eye","RR-3","GLDS-194","Stat_(Space Flight)v(Ground Control)",1,"flight_positive"
"REACTOME_ASYMMETRIC_LOCALIZATION_OF_PCP_PROTEINS",3.33809788855251e-05,0.000302084065121075,0.557332238758646,-0.517369951936166,-2.07334865968448,51,"reactome","Uba52; Psma7; Rps27a; Psmc1; Sem1; Psmd2; Psmc3; Psma5; Psmb6; Psmd14; Psmd8; Psmb1; Psma1; Psmb7; Pard6a; Psmc5; Psma2; Psma4; Psmb3; Psma6; Psmb4; Psmd3; Psmd6; Psma3; Psmd12; Psmd13; Adrm1; Psmd1; Psmc2","eye","RR-3","GLDS-194","Stat_(Space Flight)v(Ground Control)",1,"flight_positive"
"REACTOME_ATF4_ACTIVATES_GENES_IN_RESPONSE_TO_ENDOPLASMIC_RETICULUM_STRESS",0.333984375,0.505216292465029,0.100633389423036,-0.319658692349501,-1.07772421866971,25,"reactome","Exosc4; Cebpb; Ddit3; Nfyb; Exosc2; Exosc7; Exosc3; Exosc9; Atf4","eye","RR-3","GLDS-194","Stat_(Space Flight)v(Ground Control)",1,"flight_positive"
"REACTOME_ATP_DEPENDENT_CHROMATIN_REMODELERS",0.0274693807405222,0.0781271997684982,0.352487857583619,0.435984498257096,1.53956825464533,31,"reactome","Arid2; Arid1b; Arid1a; Bicra; Bicral; Smarcd1; Smarca4; Bcl11a; Pbrm1; Dpf2; Bcl7a; Smarcc1","eye","RR-3","GLDS-194","Stat_(Space Flight)v(Ground Control)",1,"flight_positive"
"REACTOME_ATTACHMENT_AND_ENTRY",0.483471074380165,0.640323365984992,0.0826646449123753,0.325175338564046,0.979968849670838,18,"reactome","Sdc3; Gpc6; Hspg2; Furin; Gpc2; Agrn; Gpc4; Gpc1; Nrp1","eye","RR-3","GLDS-194","Stat_(Space Flight)v(Ground Control)",1,"flight_positive"
"REACTOME_ATTENUATION_PHASE",0.705653021442495,0.802378046188507,0.060640400949416,-0.246512353740955,-0.84040324049004,26,"reactome","Dnajb1; Mrpl18; Hsbp1; Fkbp4; Hsp90aa1; Rln1; Hspa8; Ubb; Tnfrsf21; Dnajb6; Ptges3; Hspb1","eye","RR-3","GLDS-194","Stat_(Space Flight)v(Ground Control)",1,"flight_positive"
"REACTOME_AUF1_HNRNP_D0_BINDS_AND_DESTABILIZES_MRNA",2.96391587180048e-05,0.000275041345730637,0.575610261071129,-0.545338077097313,-2.10226477535706,42,"reactome","Uba52; Psma7; Rps27a; Psmc1; Sem1; Psmd2; Psmc3; Psma5; Psmb6; Psmd14; Psmd8; Psmb1; Psma1; Psmb7; Psmc5; Psma2; Psma4; Psmb3; Psma6; Psmb4; Psmd3; Psmd6; Psma3; Psmd12; Psmd13; Adrm1; Psmd1; Psmc2; Hspa8","eye","RR-3","GLDS-194","Stat_(Space Flight)v(Ground Control)",1,"flight_positive"
"REACTOME_AURKA_ACTIVATION_BY_TPX2",0.407098121085595,0.574994105921941,0.0928481214159878,0.237079431978499,1.01869682142759,72,"reactome","Pcm1; Cdk5rap2; Clasp1; Akap9; Dctn1; Tubb4a; Cep192; Csnk1d; Sfi1; Alms1; Ywhae; Ccp110; Cep290; Cep164; Cep250; Cep135; Cep63; Cntrl; Mapre1; Cep41","eye","RR-3","GLDS-194","Stat_(Space Flight)v(Ground Control)",1,"flight_positive"
"REACTOME_AUTOPHAGY",0.0005655902606255,0.00364306667873484,0.477270815362862,-0.336846810403295,-1.64228431840917,146,"reactome","Tomm22; Eef1a1; Gfap; Uba52; Gabarap; Lamtor5; Park7; Rps27a; Lamtor4; Tubb3; Wdr45b; Gabarapl1; Tuba1c; Chmp4b; Tomm7; Chmp3; Tubb4b; Tuba1b; Csnk2b; Mvb12a; Atg4c; Hbb-bt; Pex5; Vps37d; Pgam5; Tomm5; Chmp6; Rheb; Chmp2a; Chmp7; Vdac2; Tubb2a; Atg5; Lamtor2; Prkag1; Atg10; Mtmr14; Vps28; Tuba8; Atg101; Map1lc3a; Hsp90aa1; Ube2l3; Rragd; Sqstm1; Tubb2b; Dync1li1; Wipi2; Ube2v1; Prkab1; Vdac1; Vdac3; Tuba1a; Pink1; Atg4a; Pik3c3; Dynll1; Hspa8; Tuba4a; Dync1i1; Becn1","eye","RR-3","GLDS-194","Stat_(Space Flight)v(Ground Control)",1,"flight_positive"
"REACTOME_AZATHIOPRINE_ADME",0.268858800773694,0.441328880700138,0.11378726182188,-0.34901327185754,-1.14921831183766,23,"reactome","Nudt15; Nme2; Vav3; Slc28a3; Guk1","eye","RR-3","GLDS-194","Stat_(Space Flight)v(Ground Control)",1,"flight_positive"
"REACTOME_A_TETRASACCHARIDE_LINKER_SEQUENCE_IS_REQUIRED_FOR_GAG_SYNTHESIS",0.87321063394683,0.919390042472865,0.0529129848430583,0.211506502668889,0.721509997962258,27,"reactome","Sdc3; Gpc6; B3gat1; Xylt1; Hspg2; Uxs1; Gpc2; Agrn; Gpc4; Bgn; Gpc1; Ncan","eye","RR-3","GLDS-194","Stat_(Space Flight)v(Ground Control)",1,"flight_positive"
"REACTOME_BACTERIAL_INFECTION_PATHWAYS",0.308943089430894,0.480500246832319,0.107972360317345,0.251893889980569,1.08597638610887,69,"reactome","Cbll1; Syt1; Cbl; Vamp2; Pdcd6ip; Dusp16; Antxr2; Sh3gl2; Antxr1; Stam2; Grb2; Hgs; Sfpq; Ubc; Map2k3; Stam; Ctnnd1; Mapk3; Furin; Rab7; Sv2a","eye","RR-3","GLDS-194","Stat_(Space Flight)v(Ground Control)",1,"flight_positive"
"REACTOME_BASE_EXCISION_REPAIR",4.27368225156597e-09,1.23149528038546e-07,0.761460801445585,-0.546530316618582,-2.38986547517751,76,"reactome","H2ac19; H4c1; H2aj; Pold2; H2ac13; H4c4; Rfc4; Rfc3; Adprs; Apex1; H2ac20; Pole3; H2bc7; H4c2; H4c3; H4c12; H2ac4; H4c11; H2ac10; H2bc14; H4c18; Polb; Pold4; H2bc18; H4c6; H4c8; Nthl1; Pcna; Pole4; Terf2ip; Parp1; H2bc3; H2ax; Parg; Tinf2; H2bc21; H4c17; Fen1; H2ac18; H2az2; Rfc5; H2bc8; H2bc4; H3f4; Rpa3; Rpa2; H2ac7","eye","RR-3","GLDS-194","Stat_(Space Flight)v(Ground Control)",1,"flight_positive"
"REACTOME_BASE_EXCISION_REPAIR_AP_SITE_FORMATION",2.86053802049489e-06,3.81623005003367e-05,0.627256739718528,-0.555478208411486,-2.20156892289292,48,"reactome","H2ac19; H4c1; H2aj; H2ac13; H4c4; H2ac20; H2bc7; H4c2; H4c3; H4c12; H2ac4; H4c11; H2ac10; H2bc14; H4c18; H2bc18; H4c6; H4c8; Nthl1; Terf2ip; H2bc3; H2ax; Tinf2; H2bc21; H4c17; H2ac18; H2az2; H2bc8; H2bc4; H3f4; H2ac7","eye","RR-3","GLDS-194","Stat_(Space Flight)v(Ground Control)",1,"flight_positive"
"REACTOME_BASIGIN_INTERACTIONS",0.647422680412371,0.752577319587629,0.0675188953767744,0.259213723320076,0.851797819815107,23,"reactome","Atp1b2; Slc7a8; Slc7a5; Slc16a3; Slc7a11; Itga6; Slc7a6; Itga3; L1cam","eye","RR-3","GLDS-194","Stat_(Space Flight)v(Ground Control)",1,"flight_positive"
"REACTOME_BBSOME_MEDIATED_CARGO_TARGETING_TO_CILIUM",0.0146136350134115,0.0474756606648402,0.380730400722792,-0.475957424410257,-1.56721543818718,23,"reactome","Sstr3; Tcp1; Cct3; Cct5; Cct2; Cct8; Rab3ip; Arl6; Mkks; Bbs10; Bbs2; Cct4; Bbip1; Smo; Bbs4","eye","RR-3","GLDS-194","Stat_(Space Flight)v(Ground Control)",1,"flight_positive"
"REACTOME_BETA_CATENIN_INDEPENDENT_WNT_SIGNALING",0.0752475247524752,0.176436915640172,0.231126709673834,-0.262347870270349,-1.25720881780959,132,"reactome","Uba52; Psma7; Rps27a; Gng4; Gnat2; Psmc1; Sem1; Psmd2; Psmc3; Clta; Psma5; Psmb6; Gnb2; Psmd14; Cltb; Dvl1; Psmd8; Psmb1; Psma1; Gng10; Psmb7; Pard6a; Gng8; Psmc5; Psma2; Ctnnb1; Psma4; Rac3; Psmb3; Gngt2; Psma6; Gngt1; Psmb4; Ap2s1; Psmd3; Psmd6; Psma3","eye","RR-3","GLDS-194","Stat_(Space Flight)v(Ground Control)",1,"flight_positive"
"REACTOME_BETA_CATENIN_PHOSPHORYLATION_CASCADE",0.495107632093933,0.650831761275939,0.0785029047348687,-0.325388225305238,-0.975057865269922,17,"reactome","Ppp2r5b; Ppp2r1a; Ppp2r5d; Ctnnb1; Ppp2cb; Ppp2r5c; Ppp2ca","eye","RR-3","GLDS-194","Stat_(Space Flight)v(Ground Control)",1,"flight_positive"
"REACTOME_BILE_ACID_AND_BILE_SALT_METABOLISM",0.317327766179541,0.488711538630938,0.107972360317345,0.30359968718898,1.09662841541027,34,"reactome","Ncoa2; Ncoa1; Osbpl6; Slco1b2; Acox2; Cyp39a1; Osbp; Slc51a; Baat; Abcb11","eye","RR-3","GLDS-194","Stat_(Space Flight)v(Ground Control)",1,"flight_positive"
"REACTOME_BINDING_AND_UPTAKE_OF_LIGANDS_BY_SCAVENGER_RECEPTORS",0.875494071146245,0.920908749188413,0.051218434854034,-0.199470687943349,-0.748523922739689,38,"reactome","Hba-a2; Calr; Hbb-bt; Hsp90b1; Hsp90aa1; Apoe","eye","RR-3","GLDS-194","Stat_(Space Flight)v(Ground Control)",1,"flight_positive"
"REACTOME_BIOLOGICAL_OXIDATIONS",0.224448897795591,0.397046111609325,0.128788713061714,-0.22011500992793,-1.09636928138028,165,"reactome","Ptgis; Paox; Pomc; Adh5; Slc35b2; Sult4a1; Acsm2; Fdx1; Cyp3a13; Podxl2; Fdx2; Aip; Chac1; Cyp11a1; Cyp24a1; Aldh1b1; Ahcy; Gclc; Akr1a1; Cyp27a1; As3mt; Tpst1; Papss1; Sult1a1; Esd; Ggt6; Tpst2; Nr1h4; Cyp46a1; Slc35b3; Ggt1; Dpep2; Abhd10; Smox; Bpnt1; Comt; Acy1; Maoa; Gstt2","eye","RR-3","GLDS-194","Stat_(Space Flight)v(Ground Control)",1,"flight_positive"
"REACTOME_BIOSYNTHESIS_OF_SPECIALIZED_PRORESOLVING_MEDIATORS_SPMS",0.148221343873518,0.292058938019925,0.160801401070022,-0.440676978834928,-1.29719397196006,16,"reactome","Alox5ap; Gpx4; Ephx2; Ptgr1; Alox12; Hpgd; Ptgs2; Alox15; Cyp2c65; Ltc4s; Cyp2e1","eye","RR-3","GLDS-194","Stat_(Space Flight)v(Ground Control)",1,"flight_positive"
"REACTOME_BIOSYNTHESIS_OF_THE_N_GLYCAN_PRECURSOR_DOLICHOL_LIPID_LINKED_OLIGOSACCHARIDE_LLO_AND_TRANSFER_TO_A_NASCENT_PROTEIN",0.230616302186879,0.40468726104909,0.126253987849115,-0.25981787151681,-1.13438790249464,77,"reactome","Uap1; Nagk; Nans; Mvd; St6galnac6; Alg1; St3gal4; Fuom; Alg3; Gmppa; Gmds; Dpm2; Cmas; Mpdu1; Dolk; Glb1; Dpm3; Dpagt1; Gfpt2; Renbp; Fpgt; Alg14; Slc35a1; Dolpp1; Pmm1; Alg12; Alg9","eye","RR-3","GLDS-194","Stat_(Space Flight)v(Ground Control)",1,"flight_positive"
"REACTOME_BMAL1_CLOCK_NPAS2_ACTIVATES_CIRCADIAN_EXPRESSION",9.70836524186447e-05,0.000764795679125295,0.538434096309916,0.6141874996212,2.09047481115868,26,"reactome","Chd9; Ncoa2; Tgs1; Bhlhe41; Crebbp; Ncoa1; Clock; Ncoa6; Noct; Npas2; Tbl1x; Carm1","eye","RR-3","GLDS-194","Stat_(Space Flight)v(Ground Control)",1,"flight_positive"
"REACTOME_BRANCHED_CHAIN_AMINO_ACID_CATABOLISM",0.0181211299230465,0.0563711285958406,0.352487857583619,-0.492126058610622,-1.57838332661753,21,"reactome","Echs1; Ppm1k; Mccc2; Slc25a44; Bcat1; Hsd17b10; Bckdha; Bckdhb; Dbt; Hibch; Auh","eye","RR-3","GLDS-194","Stat_(Space Flight)v(Ground Control)",1,"flight_positive"
"REACTOME_BUDDING_AND_MATURATION_OF_HIV_VIRION",0.0009918694563502,0.00559843842630654,0.45505986738723,-0.549425107230507,-1.8896289311851,27,"reactome","Uba52; Rps27a; Ppia; Chmp4b; Chmp3; Chmp5; Mvb12a; Vps37d; Vps4a; Chmp6; Chmp2a; Chmp7; Vps28; Vta1","eye","RR-3","GLDS-194","Stat_(Space Flight)v(Ground Control)",1,"flight_positive"
"REACTOME_BUTYRATE_RESPONSE_FACTOR_1_BRF1_BINDS_AND_DESTABILIZES_MRNA",0.776679841897233,0.855598014967274,0.0567672387487446,-0.264861474410189,-0.779656584098644,16,"reactome","Exosc4; Mapkapk2; Exosc2; Exosc7; Exosc3; Exosc9","eye","RR-3","GLDS-194","Stat_(Space Flight)v(Ground Control)",1,"flight_positive"
"REACTOME_B_WICH_COMPLEX_POSITIVELY_REGULATES_RRNA_EXPRESSION",3.73149855566013e-07,6.48569987055212e-06,0.674962860011025,-0.521569919750141,-2.26461250111554,72,"reactome","Polr1d; Polr2h; H2ac19; Kat2b; H4c1; H2aj; H3c3; H3c7; H2ac13; H4c4; Polr2f; H3c1; H2ac20; H2bc7; Polr2l; H3c11; H4c2; H4c3; H4c12; H2ac4; Polr1c; H4c11; H2ac10; Polr2k; H2bc14; H4c18; H3f3b; Polr1e; H2bc18; H4c6; H4c8; Cd3eap; H3c8; Polr1f; H2bc3; Taf1a; H2ax; H3c4; H2bc21; H3f3a; H4c17; Taf1d; Polr1h; H2ac18; H2az2; Actb; H2bc8; H2bc4; H3c10","eye","RR-3","GLDS-194","Stat_(Space Flight)v(Ground Control)",1,"flight_positive"
"REACTOME_CA2_PATHWAY",0.00425562549494415,0.0183461020352907,0.407017918923954,0.392825565618142,1.6451620581328,62,"reactome","Ppp3cb; Prkca; Tnrc6b; Tnrc6a; Kras; Fzd5; Camk2a; Tcf7l2; Gnao1; Ago2; Lef1; Ago1; Fzd3; Tcf7; Nfatc1; Prkg1; Gng12; Ppp3r1; Tnrc6c; Ago3","eye","RR-3","GLDS-194","Stat_(Space Flight)v(Ground Control)",1,"flight_positive"
"REACTOME_CALNEXIN_CALRETICULIN_CYCLE",0.666666666666667,0.769168543927913,0.0656813601934011,0.250216727808846,0.851648343767249,26,"reactome","Marchf6; Uggt1; Syvn1; Pdia3; Ubc; Rnf5; Rnf103","eye","RR-3","GLDS-194","Stat_(Space Flight)v(Ground Control)",1,"flight_positive"
"REACTOME_CARBOXYTERMINAL_POST_TRANSLATIONAL_MODIFICATIONS_OF_TUBULIN",0.00531658060854821,0.0218077827946771,0.407017918923954,-0.455110972734424,-1.69409485509537,36,"reactome","Tubb3; Tuba1c; Tubb4b; Tpgs2; Svbp; Nicn1; Tuba1b; Ttll12; Tubb2a; Tuba8; Ttll13; Ttll9; Vash1; Tubb2b; Tuba1a; Tpgs1; Tuba4a; Ttl; Vash2; Ttll8; Ttll1","eye","RR-3","GLDS-194","Stat_(Space Flight)v(Ground Control)",1,"flight_positive"
"REACTOME_CARDIAC_CONDUCTION",0.00110129892836737,0.00615266493144016,0.45505986738723,0.341725670156135,1.63074106813424,123,"reactome","Akap9; Kcnk3; Atp1b2; Hipk2; Abcc9; Ahcyl1; Atp1a3; Ryr1; Ryr2; Camk2a; Atp2b4; Sln; Pln; Camk2d; Atp2a1; Npr2; Scn4a; Tbx5; Cacna1c; Hipk1; Cacng6; Casq1; Cacng4; Cacna2d2; Trdn; Atp2b1; Nos1; Atp2a2; Stim1; Kcnd1; Scn7a; Slc8a2; Scn8a; Atp2b2; Kcnk9; Scn9a; Cacnb2; Cacng8; Atp1a1; Kcnj12; Kcnk15","eye","RR-3","GLDS-194","Stat_(Space Flight)v(Ground Control)",1,"flight_positive"
"REACTOME_CARDIOGENESIS",0.0864197530864197,0.197145061728395,0.219250346703755,0.449302544781796,1.4362517711967,21,"reactome","Myocd; Gata6; Tbx5; Foxo4; Lef1; Smyd1; Kat2a; Tbx1; Ldb1","eye","RR-3","GLDS-194","Stat_(Space Flight)v(Ground Control)",1,"flight_positive"
"REACTOME_CARGO_CONCENTRATION_IN_THE_ER",0.939958592132505,0.970856787354759,0.0500922874402106,0.182705880407187,0.656183120313573,33,"reactome","Sec24a; Lman2l; Mia2; Sec24b; Preb; Tmed10","eye","RR-3","GLDS-194","Stat_(Space Flight)v(Ground Control)",1,"flight_positive"
"REACTOME_CARGO_RECOGNITION_FOR_CLATHRIN_MEDIATED_ENDOCYTOSIS",0.146,0.29120218579235,0.163180127180689,0.257845323276468,1.18941256303912,100,"reactome","Fcho2; Aak1; Ubqln2; Sgip1; Syt1; Cbl; Itsn1; Ston2; Vamp2; Picalm; Ap2m1; Ston1; Agtr1a; Sh3gl2; Agfg1; Stam2; Grb2; Cltc; Hgs; Ubc; Epn2; Cd4; Stam; Tacr1; Dab2; Igf2r; Ap2b1; Il7r; Cops6; Syt9; Tgfa","eye","RR-3","GLDS-194","Stat_(Space Flight)v(Ground Control)",1,"flight_positive"
"REACTOME_CARGO_TRAFFICKING_TO_THE_PERICILIARY_MEMBRANE",0.629126213592233,0.740793010752688,0.065981614400873,-0.227954265626115,-0.91352168663166,51,"reactome","Rab8a; Sstr3; Rp2; Rab11a; Tcp1; Cct3; Cct5; Arl3; Cct2; Exoc8; Exoc6; Cct8; Rab3ip","eye","RR-3","GLDS-194","Stat_(Space Flight)v(Ground Control)",1,"flight_positive"
"REACTOME_CASPASE_ACTIVATION_VIA_DEATH_RECEPTORS_IN_THE_PRESENCE_OF_LIGAND",0.85655737704918,0.913289393545584,0.0538979025357319,0.240455423161853,0.692506716069433,15,"reactome","Fasl; Ly96; Ticam1","eye","RR-3","GLDS-194","Stat_(Space Flight)v(Ground Control)",1,"flight_positive"
"REACTOME_CASPASE_ACTIVATION_VIA_EXTRINSIC_APOPTOTIC_SIGNALLING_PATHWAY",0.326530612244898,0.498676458030911,0.104732821580651,0.328073392220621,1.105297880286,25,"reactome","Appl1; Dcc; Fasl; Ly96; Ticam1; Dapk1","eye","RR-3","GLDS-194","Stat_(Space Flight)v(Ground Control)",1,"flight_positive"
"REACTOME_CA_DEPENDENT_EVENTS",0.177551020408163,0.334397148840206,0.148261500475107,0.33089452136805,1.21862788676066,36,"reactome","Prkca; Prkar2a; Prkcg; Camk2a; Camk2d; Nbea","eye","RR-3","GLDS-194","Stat_(Space Flight)v(Ground Control)",1,"flight_positive"
"REACTOME_CD209_DC_SIGN_SIGNALING",0.334042553191489,0.505216292465029,0.105920292736253,0.362825378171576,1.10722874602588,19,"reactome","Kras; Ep300; Crebbp; Icam2","eye","RR-3","GLDS-194","Stat_(Space Flight)v(Ground Control)",1,"flight_positive"
"REACTOME_CD28_DEPENDENT_PI3K_AKT_SIGNALING",0.535787321063395,0.677467802037433,0.0766746872490091,0.273389773397334,0.932611774852192,27,"reactome","Rictor; Trib3; Mtor; Pik3r5; Pik3cb; Cd86; Pik3r6; Lck","eye","RR-3","GLDS-194","Stat_(Space Flight)v(Ground Control)",1,"flight_positive"
"REACTOME_CDC42_GTPASE_CYCLE",0.000329083280771746,0.00225216370278164,0.49849310876659,0.338500996215914,1.66471756376926,153,"reactome","Prex1; Wasl; Arhgap31; Arhgef26; Steap3; Srgap3; Srgap2; Fam13b; Arhgap21; Arhgap33; Itsn1; Arhgap42; Fnbp1; Arhgap17; Arhgef7; Bcr; Pak5; Plekhg1; Farp1; Arhgap35; Dock6; Cdc42ep1; Wipf2; Plekhg2; Dlc1; Git1; Rasgrf2; Arhgef19; Plekhg3; Fmnl2; Kctd3; Wipf3; Arhgap29; Arhgap39; Cdc42bpa; Arhgap26; Arap3; Snap23; Fgd1; Plekhg4; Daam1; Spata13; Dock7; Arhgef16; Fnbp1l; Arhgef12; Sh3pxd2a; Rab7; Wdr81","eye","RR-3","GLDS-194","Stat_(Space Flight)v(Ground Control)",1,"flight_positive"
"REACTOME_CDK_MEDIATED_PHOSPHORYLATION_AND_REMOVAL_OF_CDC6",1.08956612335204e-06,1.61226338523039e-05,0.643551836150722,-0.524879337298518,-2.18335316524682,60,"reactome","Uba52; Anapc15; Psma7; Rps27a; Psmc1; Sem1; Psmd2; Psmc3; Cdc26; Psma5; Psmb6; Psmd14; Psmd8; Psmb1; Psma1; Psmb7; Anapc11; Psmc5; Psma2; Psma4; Cdc16; Psmb3; Ube2s; Psma6; Psmb4; Psmd3; Psmd6; Psma3; Psmd12; Psmd13; Adrm1; Psmd1; Psmc2","eye","RR-3","GLDS-194","Stat_(Space Flight)v(Ground Control)",1,"flight_positive"
"REACTOME_CELLULAR_HEXOSE_TRANSPORT",0.310276679841897,0.480500246832319,0.105920292736253,-0.382373236214571,-1.12556879728042,16,"reactome","Slc5a2; Slc5a1; Slc2a6; Slc50a1; Slc2a12; Mfsd4b1; Slc2a8; Slc45a3; Slc5a9; Slc2a10","eye","RR-3","GLDS-194","Stat_(Space Flight)v(Ground Control)",1,"flight_positive"
"REACTOME_CELLULAR_RESPONSES_TO_MECHANICAL_STIMULI",0.186746987951807,0.346951374870157,0.142901149386948,0.249371984376932,1.15697410711145,102,"reactome","Fn1; Flt4; Prkar2a; Cdh5; Capns2; Ppp2r2a; Rictor; Kdr; Cacna2d1; Panx1; Calcrl; Abl1; Mtor; Gnaq; Itga5; Nos3; Pik3cb; Cacna1h; Ikbkb; Gng12; Hspg2; Ppp2r1b; Pde4d; Cacnb2; Pkn2; Pecam1; P2rx7; Vcl","eye","RR-3","GLDS-194","Stat_(Space Flight)v(Ground Control)",1,"flight_positive"
"REACTOME_CELLULAR_RESPONSE_TO_CHEMICAL_STRESS",0.0012063224314571,0.00653922308141351,0.45505986738723,-0.30243233970138,-1.54129360845843,189,"reactome","Akt3; Cox7a2l; Uba52; Psma7; Prdx5; Rps27a; Psmc1; Hdac3; Mafk; Sem1; Psmd2; Psmc3; Cox7c; Taldo1; Skp1; Hba-a2; Srxn1; Cox8a; Psma5; Psmb6; Nfkb1; Psmd14; Cox6b1; Hmox2; Cox6c; Prdx3; Psmd8; Csnk2b; Psmb1; Psma1; Hbb-bt; Idh1; Psmb7; Mul1; Ndufa4; Gclc; Rbx1; Psmc5; Psma2; Prdx2; Cox4i1; Sod1; Psma4; Dpp3; Cox7a2; Nqo1; Psmb3; Palb2; Abcf2; Cycs; Psma6; Psmb4; Gsr; Psmd3; Psmd6; Cox6b2; Psma3; Tkt; Prdx1; Cul1; P4hb; Sqstm1; Cox5b; Cox6a1; Atox1; Psmd12; Psmd13; Adrm1; Gpx8; Psmd1","eye","RR-3","GLDS-194","Stat_(Space Flight)v(Ground Control)",1,"flight_positive"
"REACTOME_CELLULAR_RESPONSE_TO_HEAT_STRESS",0.225152129817444,0.397647713145325,0.129442887745046,0.24670249378644,1.12856106481991,98,"reactome","Nup160; Pom121; Nup98; Ep300; Crebbp; Nup153; Rptor; Nup214; Camk2a; Gsk3b; Camk2d; Nup155; Mtor; Atm; Tpr; Nup188; Ywhae; Bag3; Ranbp2; Hsph1; Nup93; Atr; Hspa12b; Mapk3; Hspa1l; Hsf1","eye","RR-3","GLDS-194","Stat_(Space Flight)v(Ground Control)",1,"flight_positive"
"REACTOME_CELLULAR_RESPONSE_TO_HYPOXIA",0.00232552230657824,0.0113680666326035,0.431707695803346,-0.407783694422154,-1.70926000745373,62,"reactome","Uba52; Psma7; Rps27a; Psmc1; Sem1; Psmd2; Psmc3; Psma5; Psmb6; Psmd14; Higd1a; Egln2; Psmd8; Psmb1; Psma1; Psmb7; Elob; Rbx1; Psmc5; Psma2; Psma4; Car9; Psmb3; Psma6; Psmb4; Psmd3; Psmd6; Psma3","eye","RR-3","GLDS-194","Stat_(Space Flight)v(Ground Control)",1,"flight_positive"
"REACTOME_CELLULAR_RESPONSE_TO_STARVATION",2.16828061015863e-28,2.3742672681237e-26,1.38026491759359,-0.650796057615148,-3.18615390498301,145,"reactome","Rpl27a; Rpl6; Rpl26; Rps6; Rps7; Rps5; Rpl7; Rpl7a; Rpl30; Rps3a1; Rpl14; Rps4x; Uba52; Rpl39; Rpl8; Rpl18a; Rpl13; Rpl36a; Rplp1; Lamtor5; Rps25; Rps9; Rpl3; Rpl23; Rpl32; Rpl29; Rpl17; Rpl36al; Rpl35a; Rps24; Rps29; Rps11; Rplp2; Rps19; Rps26; Rps10; Rps27a; Rpl22l1; Rpl9; Rpsa; Rps28; Rpl5; Rps15a; Rps20; Rpl36; Lamtor4; Rps3; Rpl38; Rps13; Rps17; Rpl37a; Rpl21; Rps16; Rpl27; Rpl19; Rpl10; Rpl35; Rps14; Atp6v0e; Rpl24; Rps12; Rpl4; Rpl22; Rpl18; Cebpb; Rps27; Rps21; Atp6v1e1; Atp6v1g1; Rps2; Rps15; Rps23; Fau; Ddit3; Rpl13a; Atp6v1f; Rpl31; Rps18; Eif2s1; Impact; Rplp0; Rheb","eye","RR-3","GLDS-194","Stat_(Space Flight)v(Ground Control)",1,"flight_positive"
"REACTOME_CELLULAR_SENESCENCE",0.00832705051521424,0.0316926192213403,0.380730400722792,-0.285671945774192,-1.43890806439295,173,"reactome","Ezh2; Uba52; Anapc15; H2ac19; H1f5; Rps27a; H1f3; H4c1; H2aj; H3c3; H3c7; H1f4; Cdc26; H1f2; H2ac13; Mapkapk2; H4c4; Kat5; Cebpb; H1f1; Nfkb1; H3c1; H2ac20; H2bc7; H3c11; H4c2; Ehmt1; H4c3; H4c12; Anapc11; H2ac4; H4c11; H2ac10; H2bc14; H4c18; H3f3b; Cdc16; Cdkn2c; H2bc18; Ube2s; H1f0; H4c6; Ehmt2; H4c8; Mapk11; Terf2ip; Il1a; H3c8; H2bc3; H2ax; E2f1; H3c4; Tinf2; H2bc21; H3f3a; Rps6ka1; H4c17","eye","RR-3","GLDS-194","Stat_(Space Flight)v(Ground Control)",1,"flight_positive"
"REACTOME_CELL_CELL_COMMUNICATION",2.73941854859012e-05,0.000257033665050253,0.575610261071129,0.381406759112626,1.85634129811733,144,"reactome","Wasl; Amot; Tnrc6b; Actn3; Tnrc6a; Sdk2; Snai1; Afdn; Nectin1; Sdk1; Cdh2; Magi2; Parvb; Cdh5; Cd47; Dst; Ago2; Actn4; Sp1; Cadm2; Fermt2; Kirrel; Cdh4; Lims2; Ago1; Actn2; Actn1; Grb2; Cdh15; Sptbn1; Flnc; Cldn11; Pik3cb; Adam19; Sox10; Ctnnd1; Prdm8; Tnrc6c; Ago3; Kirrel3; Cldn5; Lims1; Cdh11; Itga6; Cadm3; Cd2ap; Fblim1; Cdh8; Cdh6; Fyb; Heyl; Plec","eye","RR-3","GLDS-194","Stat_(Space Flight)v(Ground Control)",1,"flight_positive"
"REACTOME_CELL_CELL_JUNCTION_ORGANIZATION",0.00397871138193072,0.0173573265466699,0.407017918923954,0.371728171830703,1.64911388887012,82,"reactome","Amot; Tnrc6b; Tnrc6a; Sdk2; Snai1; Afdn; Nectin1; Sdk1; Cdh2; Cdh5; Ago2; Sp1; Cadm2; Cdh4; Ago1; Cdh15; Cldn11; Adam19; Sox10; Ctnnd1; Prdm8; Tnrc6c; Ago3; Cldn5; Cdh11; Cadm3; Cdh8; Cdh6; Heyl","eye","RR-3","GLDS-194","Stat_(Space Flight)v(Ground Control)",1,"flight_positive"
"REACTOME_CELL_CYCLE_CHECKPOINTS",1.12772330311047e-07,2.28837733588265e-06,0.704975715167238,-0.35915151680822,-1.89656937542964,262,"reactome","Rhno1; Uba52; Anapc15; Psma7; Cop1; Rps27a; Abraxas1; Psmc1; H4c1; Sem1; Psmd2; Psmc3; Ppp2r5b; Chek1; Cdc26; H4c4; Rfc4; Kat5; Rps27; Rad1; Rfc3; Psma5; Psmb6; Psmd14; Spc24; Nudc; Orc1; Zwint; Ppp2r1a; Psmd8; H2bc7; Mis12; Psmb1; Psma1; H4c2; Pmf1; H4c3; Ndel1; Psmb7; H4c12; Ppp2r5d; Anapc11; Cdca8; H4c11; Rbbp8; H2bc14; Psmc5; Psma2; H4c18; Cenpc1; Psma4; Top3a; Cdc16; Mcm4; Cenph; H2bc18; Psmb3; Ube2s; Ppp2cb; Rad9a; Knl1; Uimc1; H4c6; Nsl1; Nsd2; H4c8; Wrn; Psma6; Psmb4; Bub3; Psmd3; Psmd6; Ppp2r5c; Psma3; Cenpp; Ywhaq; Brip1; Orc6; H2bc3; Babam1; Ppp2ca; H2ax; Rnf168; Nde1; Psmd12; Psmd13; Dync1li1; Cenpq; Adrm1; Ska2; H2bc21; H4c17; Nup107; Psmd1; Orc2; Mcm5; Ywhah; Mcm3; Psmc2; Ccnb2; Dynll1; Pias4; Rnf8; Dync1i1; Mcm2; Rfc5; Plk1; Zwilch; H2bc8; Ubb; H2bc4; H3f4; Spdl1; Rpa3; Nup43; Rpa2; Bub1b; Psmb2; Bub1; Mcm7; Mad1l1; Cdc23; Cdk1; Sec13; Psmb5; Anapc16","eye","RR-3","GLDS-194","Stat_(Space Flight)v(Ground Control)",1,"flight_positive"
"REACTOME_CELL_DEATH_SIGNALLING_VIA_NRAGE_NRIF_AND_NADE",0.0194276235638222,0.0593783858587516,0.352487857583619,0.333133560595962,1.45315653751227,76,"reactome","Prex1; Arhgef26; Kalrn; Itsn1; Arhgef7; Arhgef39; Tiam2; Sos1; Obscn; Traf6; Ncstn; Arhgef1; Plekhg2; Rasgrf2; Arhgef19; Arhgef33; Ywhae; Ubc; Bcl2l11; Fgd1; Arhgef16; Psen1; Arhgef12; Psen2; Casp2; Akap13; Plekhg5; Fgd4; Arhgef11; Sos2; Arhgef38","eye","RR-3","GLDS-194","Stat_(Space Flight)v(Ground Control)",1,"flight_positive"
"REACTOME_CELL_EXTRACELLULAR_MATRIX_INTERACTIONS",0.361570247933884,0.532578865853327,0.0992333343771191,0.353293452101871,1.06470736489852,18,"reactome","Parvb; Fermt2; Lims2; Actn1; Flnc; Lims1; Fblim1; Arhgef6; Pxn; Flna","eye","RR-3","GLDS-194","Stat_(Space Flight)v(Ground Control)",1,"flight_positive"
"REACTOME_CELL_JUNCTION_ORGANIZATION",0.000580813186894923,0.00369761883517407,0.477270815362862,0.368211435459232,1.71893901516113,109,"reactome","Amot; Tnrc6b; Tnrc6a; Sdk2; Snai1; Afdn; Nectin1; Sdk1; Cdh2; Parvb; Cdh5; Dst; Ago2; Sp1; Cadm2; Fermt2; Cdh4; Lims2; Ago1; Actn1; Cdh15; Flnc; Cldn11; Adam19; Sox10; Ctnnd1; Prdm8; Tnrc6c; Ago3; Cldn5; Lims1; Cdh11; Itga6; Cadm3; Fblim1; Cdh8; Cdh6; Heyl; Plec","eye","RR-3","GLDS-194","Stat_(Space Flight)v(Ground Control)",1,"flight_positive"
"REACTOME_CELL_SURFACE_INTERACTIONS_AT_THE_VASCULAR_WALL",0.0271027657742507,0.0776898652429437,0.352487857583619,0.299639378885551,1.39882081120767,109,"reactome","Cd44; Fn1; Sdc3; Kras; Atp1b2; Jchain; Slc7a8; Jam2; Glg1; Cd47; Slc7a5; Ighm; Sos1; Tek; Grb2; Itga5; Slc16a3; Pik3cb; Vpreb1; Sele; Angpt1; Slc7a11; Itga4; Itga6; Sell; Lck; F2; Pecam1; Cd48; Pf4; Plcg1; Slc7a6; Igha; Tgfb1; Sirpa; Apob; Itgal","eye","RR-3","GLDS-194","Stat_(Space Flight)v(Ground Control)",1,"flight_positive"
"REACTOME_CGMP_EFFECTS",0.510245901639344,0.661206227568144,0.0793434960134973,0.334101570068741,0.962205709813455,15,"reactome","Kcnma1; Prkg1; Kcnmb1; Irag1; Pde2a","eye","RR-3","GLDS-194","Stat_(Space Flight)v(Ground Control)",1,"flight_positive"
"REACTOME_CHAPERONE_MEDIATED_AUTOPHAGY",0.00177873445632744,0.00905913595199324,0.45505986738723,-0.597978833236722,-1.89444007460384,20,"reactome","Eef1a1; Gfap; Uba52; Park7; Rps27a; Hbb-bt; Hsp90aa1","eye","RR-3","GLDS-194","Stat_(Space Flight)v(Ground Control)",1,"flight_positive"
"REACTOME_CHEMOKINE_RECEPTORS_BIND_CHEMOKINES",0.320328542094456,0.491949163525146,0.106323255932708,0.284840094295894,1.08582749252467,40,"reactome","Cxcl12; Ackr2; Cxcl13; Ccr10; Ccl25; Ccl17; Cxcr5; Ccr9; Ccr2; Ccl11; Pf4; Cxcl16; Ccr7; Ccl19; Ccrl2; Ccr5; Ccr6","eye","RR-3","GLDS-194","Stat_(Space Flight)v(Ground Control)",1,"flight_positive"
"REACTOME_CHK1_CHK2_CDS1_MEDIATED_INACTIVATION_OF_CYCLIN_B_CDK1_COMPLEX",0.625,0.73826860841424,0.0689567351672811,0.305149492265402,0.878824316042677,15,"reactome","Ywhab; Ccna2; Ywhae; Chek2; Ywhag; Ywhaz","eye","RR-3","GLDS-194","Stat_(Space Flight)v(Ground Control)",1,"flight_positive"
"REACTOME_CHOLESTEROL_BIOSYNTHESIS",0.0419094409698125,0.11328745708489,0.321775918075361,-0.426257383581513,-1.45318512848711,26,"reactome","Fdft1; Msmo1; Pmvk; Mvd; Fdps; Ggps1; Nsdhl; Plpp6; Idi1; Ebp; Mvk; Sc5d; Tm7sf2","eye","RR-3","GLDS-194","Stat_(Space Flight)v(Ground Control)",1,"flight_positive"
"REACTOME_CHONDROITIN_SULFATE_BIOSYNTHESIS",0.799227799227799,0.873407624904631,0.0543434390269162,-0.238202116506829,-0.75464148609312,20,"reactome","Cspg5","eye","RR-3","GLDS-194","Stat_(Space Flight)v(Ground Control)",1,"flight_positive"
"REACTOME_CHONDROITIN_SULFATE_DERMATAN_SULFATE_METABOLISM",0.550308008213552,0.683981009073598,0.0755015292281669,0.231561181230614,0.934899975684864,51,"reactome","Sdc3; Arsb; Gpc6; Ids; Chst13; B3gat1; Xylt1","eye","RR-3","GLDS-194","Stat_(Space Flight)v(Ground Control)",1,"flight_positive"
"REACTOME_CHROMATIN_MODIFICATIONS_DURING_THE_MATERNAL_TO_ZYGOTIC_TRANSITION_MZT",6.47840504878559e-05,0.000529392054359718,0.538434096309916,-0.512243164718348,-2.04751921003629,50,"reactome","H2ac19; H4c1; H2aj; H3c3; H3c7; H2ac13; H4c4; H3c1; H2ac20; H2bc7; H3c11; H4c2; H4c3; H4c12; H2ac4; H4c11; H2ac10; H2bc14; H4c18; H3f3b; H2bc18; H4c6; H4c8; Mettl23; H3c8; H2bc3; H2ax; H3c4; H2bc21; H3f3a; H4c17; H2ac18; H2az2; H2bc8; H2bc4; H3c10","eye","RR-3","GLDS-194","Stat_(Space Flight)v(Ground Control)",1,"flight_positive"
"REACTOME_CHROMATIN_ORGANIZATION",0.000575856040427948,0.00368749920624914,0.477270815362862,0.296839753364276,1.55750532703867,260,"reactome","Atf7ip; Kdm6b; Setd1a; Kmt2a; Arid4b; Phf8; Setd1b; Arid2; Arid1b; Ncoa2; Nsd3; Sap130; Msl2; Kmt2c; Kdm7a; Nsd1; Ncor2; Arid1a; Bicra; Gatad2b; Ep300; Arid5b; Crebbp; Ncoa1; Clock; Bicral; Kat6a; Hcfc1; Aebp2; Dnmt3a; Kdm5b; Rcor1; Kmt2d; Kdm6a; Kdm3b; Kdm2a; Ash1l; Supt20; Setdb2; Phf2; Kansl1; Dot1l; Tbl1x; Chd4; Prdm9; H3c15; Trrap; Kmt5a; Setd2; Kmt5b; Kdm5c; Ogt; Suz12; Mbd3; Smarcd1; Smarca4; Bcl11a; Kat2a; Yeats2; Carm1; Ncor1; Pbrm1; Hdac1; Mbip; Ep400; Mta1","eye","RR-3","GLDS-194","Stat_(Space Flight)v(Ground Control)",1,"flight_positive"
"REACTOME_CHROMOSOME_MAINTENANCE",6.58329012917913e-09,1.84838530550029e-07,0.761460801445585,-0.476949461757959,-2.27259510838075,124,"reactome","Pola1; Nop10; Cenpx; Polr2h; H2ac19; H4c1; H2aj; Pold2; Stn1; H2ac13; H4c4; Rfc4; Polr2f; Rfc3; Npm1; Polr2i; H2ac20; H2bc7; Polr2l; H4c2; H4c3; Ruvbl2; H4c12; H2ac4; H4c11; H2ac10; Polr2k; Ctc1; H2bc14; H4c18; Cenpc1; H3f3b; Pold4; Cenph; Wrap53; H2bc18; Daxx; Knl1; H4c6; H4c8; Wrn; Pcna; Polr2j; Cenpp; Terf2ip; Oip5; Ppp6c; H2bc3; H2ax; Ten1; Chtf8; Cenpq; Tinf2; Nhp2; H2bc21; H3f3a; H4c17; Rbbp7; Polr2g; Polr2c; Fen1; H2ac18; H2az2; Polr2d; Ruvbl1; Rfc5; H2bc8; H2bc4; H3f4; Rpa3; Rpa2; H2ac7","eye","RR-3","GLDS-194","Stat_(Space Flight)v(Ground Control)",1,"flight_positive"
"REACTOME_CILIUM_ASSEMBLY",0.496031746031746,0.651264702523695,0.0791316651768349,-0.193419769537151,-0.98596105484259,194,"reactome","Haus1; Rab8a; Sstr3; Tmem216; Cetn2; Tubb3; Rp2; Rab11a; Tuba1c; Cluap1; Tcp1; Haus6; B9d1; Tubb4b; Ift57; Fbf1; Tuba1b; Nphp1; Ppp2r1a; Actr1a; Dynlrb1; Ssna1; Hspb11; Cct3; Septin2; Tubb2a; Ift20; Cct5; Tuba8; Hsp90aa1; Tubb5; Arl3; Cct2; Exoc8; Ift81; Haus8; Dctn2; Dynlt2a1; Ttc30a1; Tubb2b; Exoc6; Nde1; Kif3c; Dctn3; Haus2; Ift74; Cct8; Rab3ip; Prkar2b; Ift80; Tuba1a; Wdr35; Dynll1; Sdccag8; Tuba4a","eye","RR-3","GLDS-194","Stat_(Space Flight)v(Ground Control)",1,"flight_positive"
"REACTOME_CIRCADIAN_CLOCK",0.0117414154734419,0.040052492035573,0.380730400722792,0.313052865660932,1.4780737509314,111,"reactome","Csnk2a2; Kmt2a; Chd9; Ncoa2; Tgs1; Bhlhe41; Ep300; Rai1; Crebbp; Ncoa1; Nrip1; Clock; Ncoa6; Crtc1; Mef2d; Crtc2; Psmd11; Per1; Crtc3; Noct; Btrc; Rora; Csnk1d; Npas2; Tbl1x; Ppargc1a; Elovl3; Nr1d1","eye","RR-3","GLDS-194","Stat_(Space Flight)v(Ground Control)",1,"flight_positive"
"REACTOME_CITRIC_ACID_CYCLE_TCA_CYCLE",4.67674640077685e-06,5.81936057823937e-05,0.610526878385931,-0.615696688874824,-2.24526500239373,33,"reactome","Mrps36; Idh3b; Iscu; Sirt3; Sucla2; Sdhd; Isca2; Nfs1; Sdhc; Sdhb; Lyrm4; Fh1; Sdhaf1; Sdha; Suclg1; Aco2; Idh3g; Sdhaf4; Fxn; Nnt; Isca1; Dlst","eye","RR-3","GLDS-194","Stat_(Space Flight)v(Ground Control)",1,"flight_positive"
"REACTOME_CLASS_A_1_RHODOPSIN_LIKE_RECEPTORS",0.987903225806452,0.99705735383932,0.0466015072985992,0.144915711935908,0.758393819013019,257,"reactome","Adra2a; Qrfpr; Mc5r; Npff; Ptgfr; Edn2; Ackr1; Cxcl12; S1pr3; Agtr1a; Ackr2; Drd2; Cxcl13; Plppr2; Ccr10; Sucnr1; S1pr2; Ccl25; Adora2a; Mtnr1b; Ednra; Hrh2; P2ry10; Cnr2; Ccl17; Gpr18; Tacr1; Gpr37; Cxcr5; Cysltr1; Ptger1; Xk; Chrm1; Gpr132; Gpr4; Cck; Agt; Ccr9; Tbxa2r; Htr1f; Ccr2; Cmklr1; Ccl11; Adra1a; Ghrl; Nmur1; Sstr5; Lpar5; F2; Adrb1; Nmur2; Grpr; Mtnr1a; Chrm3; Ntsr1; Pf4; Htr2c; Gper1; Oprk1; Insl5; C5ar1; Hrh4; Chrm2; Ptger2; Ece1; Cxcl16; Gpr183; Tacr3; Ccr7; Trhr; Ffar1; Plppr5; S1pr1; Ptgdr2; Cysltr2; P2ry1; Plppr1; Pnoc","eye","RR-3","GLDS-194","Stat_(Space Flight)v(Ground Control)",1,"flight_positive"
"REACTOME_CLASS_B_2_SECRETIN_FAMILY_RECEPTORS",0.573359073359073,0.699919939050374,0.0702812841717392,-0.207831924789456,-0.934905093229468,87,"reactome","Gng4; Sct; Gip; Adgre4; Gnb2; Gng10; Adgre1; Gng8; Crhr1; Gngt2; Gngt1; Wnt9b; Vip; Gnb3; Gng11; Wnt2; Crhbp; Gng2; Pthlh; Wnt3; Shh; Ramp2; Ramp3","eye","RR-3","GLDS-194","Stat_(Space Flight)v(Ground Control)",1,"flight_positive"
"REACTOME_CLASS_C_3_METABOTROPIC_GLUTAMATE_PHEROMONE_RECEPTORS",0.00592110518772637,0.0235767642929468,0.407017918923954,0.573976493912203,1.70311265837156,17,"reactome","Grm6; Tas1r3; Tas2r108; Grm4; Grm2; Casr","eye","RR-3","GLDS-194","Stat_(Space Flight)v(Ground Control)",1,"flight_positive"
"REACTOME_CLASS_I_MHC_MEDIATED_ANTIGEN_PROCESSING_PRESENTATION",0.00132448169357839,0.00704032744887544,0.45505986738723,-0.260505169954128,-1.43477399011681,363,"reactome","Vamp8; Psmb10; Uba52; Ctss; Psma7; Fbxo9; Fbxw4; Erap1; Psme2; Fbxl4; Rps27a; Klhl13; Psmc1; Sem1; Psmd2; Ube2g2; Psmc3; Psme1; Stub1; Cdc26; Rnf14; Spsb4; Skp1; Ube2m; Calr; Psma5; Psmb6; Psmd14; Lrrc41; Socs1; Fbxo15; Psmb8; Fbxo44; Rnf114; Mkrn1; Znrf2; Fbxl15; Klhl25; Fbxw21; Cdc34; Ube2q1; Psmd8; Psmb1; Psma1; Hace1; Psmb7; Fbxo6; Sec61b; Elob; Anapc11; H2-T23; Siah2; Rnf7; Rbx1; Ube2cbp; Psmc5; Psma2; Psma4; Ubac1; Vamp3; Cdc16; Trim37; Psmb3; Fbxl14; Ube2s; Hmgb1; Rnf4; Psma6; Asb1; Rnf34; Psmb4; Fbxw2; Ube2l3; Psmd3; Psmd6; Tap1; Psma3; Thop1; Uba5; Kctd7; Ube2q2; Tpp2; Klhl22; Ube2f; Cul1; Ube2j2; Rnf115; Trim11; Mib2; Bcap31; Rnf19b; H2-M3; Asb6; Psmd12; Psmd13; Hectd3; Rnf220; Ube2v1; Adrm1; Psmd1; Fbxo17; Trim41; Sec31a; Cd207; Cd14; Det1; H2-Q1; H2-D1; Ube2w; Rnf126; Psmc2; Sec61g; Klhl2; Pik3c3; Herc6; Ubox5; Mex3c; Sec61a1; Becn1; Rbck1; Kbtbd8; Anapc13; Fbxo2; B2m; Ubb; Keap1; Trim39; Klhl9; Vhl; Rnf25; Ncf4; Fbxw10; Rnf41; Tlr1; Siah1a; H2-Q2; Btbd1; Itgav; Fbxo21; Ncf1; Sec23a; Psmb2; Fbxo4; Klhl21; Cdc23; Klhl11; Sec13; Blmh; Fbxo31; Pja1; Fbxw8; Psmb5; Cul7","eye","RR-3","GLDS-194","Stat_(Space Flight)v(Ground Control)",1,"flight_positive"
"REACTOME_CLASS_I_PEROXISOMAL_MEMBRANE_PROTEIN_IMPORT",0.0675675675675676,0.161896031699095,0.241339976815091,-0.461212547856366,-1.4611546178648,20,"reactome","Fis1; Acbd5; Pex2; Pex26; Pex16; Pex14; Pex11b; Aldh3a2; Gdap1; Pxmp4; Pex19; Pex12","eye","RR-3","GLDS-194","Stat_(Space Flight)v(Ground Control)",1,"flight_positive"
"REACTOME_CLATHRIN_MEDIATED_ENDOCYTOSIS",0.0707098842213981,0.167955147987919,0.287805130535564,0.271114117611605,1.32182854094878,140,"reactome","Wasl; Fcho2; Aak1; Ubqln2; Pacsin1; Sgip1; Syt1; Cbl; Synj1; Itsn1; Ston2; Vamp2; Fnbp1; Picalm; Dnm3; Ap2m1; Ston1; Agtr1a; Dnm1; Sh3gl2; Agfg1; Stam2; Synj2; Grb2; Cltc; Hgs; Pacsin2; Gapvd1; Ubc; Epn2; Cd4; Stam; Tacr1; Bin1; Dab2; Hip1; Igf2r; Fnbp1l; Ap2b1; Dnm2; Il7r; Hip1r; Actr2; Cops6; Syt9; Tgfa","eye","RR-3","GLDS-194","Stat_(Space Flight)v(Ground Control)",1,"flight_positive"
"REACTOME_CLEC7A_DECTIN_1_SIGNALING",0.000761714924778266,0.00453303175343588,0.477270815362862,-0.386719366019681,-1.73960716241518,87,"reactome","Uba52; Psma7; Rps27a; Psmc1; Bcl10; Sem1; Psmd2; Psmc3; Skp1; Ube2m; Psma5; Psmb6; Nfkb1; Psmd14; Cdc34; Psmd8; Card9; Psmb1; Psma1; Psmb7; Psmc5; Psma2; Psma4; Psmb3; Psma6; Psmb4; Psmd3; Psmd6; Psma3; Cul1; Calm1; Card11; Psmd12; Psmd13; Ube2v1; Adrm1; Psmd1; Plcg2; Psmc2","eye","RR-3","GLDS-194","Stat_(Space Flight)v(Ground Control)",1,"flight_positive"
"REACTOME_COBALAMIN_CBL_VITAMIN_B12_TRANSPORT_AND_METABOLISM",0.530332681017613,0.675318452353659,0.0749278818393739,-0.315182539126948,-0.944475521458055,17,"reactome","Mmut; Mmadhc; Amn; Mmab; Ctrb1","eye","RR-3","GLDS-194","Stat_(Space Flight)v(Ground Control)",1,"flight_positive"
"REACTOME_COLLAGEN_BIOSYNTHESIS_AND_MODIFYING_ENZYMES",1,1,0.0445070537769277,-0.132140473621005,-0.562045055391411,66,"reactome","Col9a3; Col8a2; Col12a1; Col8a1; Col9a2","eye","RR-3","GLDS-194","Stat_(Space Flight)v(Ground Control)",1,"flight_positive"
"REACTOME_COLLAGEN_CHAIN_TRIMERIZATION",0.541338582677165,0.67772828310166,0.0741758965588009,-0.247889075772802,-0.95562147960175,43,"reactome","Col9a3; Col8a2; Col12a1; Col8a1; Col9a2","eye","RR-3","GLDS-194","Stat_(Space Flight)v(Ground Control)",1,"flight_positive"
"REACTOME_COLLAGEN_DEGRADATION",0.361904761904762,0.532578865853327,0.0943563635421779,-0.259028441783032,-1.06307452755333,57,"reactome","Ctsd; Col9a3; Col8a2; Col12a1; Col8a1; Col9a2; Ctsk","eye","RR-3","GLDS-194","Stat_(Space Flight)v(Ground Control)",1,"flight_positive"
"REACTOME_COLLAGEN_FORMATION",0.972277227722772,0.992212082345234,0.0465084048719156,-0.155286453829298,-0.693184486872717,86,"reactome","Col9a3; Ctss; Col8a2; Loxl4; Col12a1; Col8a1; Col9a2","eye","RR-3","GLDS-194","Stat_(Space Flight)v(Ground Control)",1,"flight_positive"
"REACTOME_COMMON_PATHWAY_OF_FIBRIN_CLOT_FORMATION",0.116935483870968,0.246940689131286,0.184706471207739,0.461784228033243,1.36127740223405,16,"reactome","Serpinc1; F2; Pf4; Serpine2; Prtn3; Fgg","eye","RR-3","GLDS-194","Stat_(Space Flight)v(Ground Control)",1,"flight_positive"
"REACTOME_COMPLEMENT_CASCADE",0.242718446601942,0.417231866607733,0.120985142145252,-0.301701992197388,-1.15206297632596,40,"reactome","C1qa; C1qb; C1qc; Hc; Gzmm","eye","RR-3","GLDS-194","Stat_(Space Flight)v(Ground Control)",1,"flight_positive"
"REACTOME_COMPLEX_III_ASSEMBLY",0.000120289074178098,0.000914698168229289,0.538434096309916,-0.625423135850782,-2.08999851863058,24,"reactome","Uqcc3; Smim4; Iscu; Uqcrfs1; Uqcrb; Uqcr10; Hscb; Nfs1; Uqcr11; Uqcc2; Lyrm4; Uqcrh; Hspa9; Uqcrc2; Uqcc1; Uqcrc1; Fxn; Uqcrq","eye","RR-3","GLDS-194","Stat_(Space Flight)v(Ground Control)",1,"flight_positive"
"REACTOME_COMPLEX_IV_ASSEMBLY",6.17570752035755e-05,0.000508451107879062,0.538434096309916,-0.532224852597795,-2.05171361981806,42,"reactome","Cox7a2l; Smim20; Cox7c; Coa3; Cox14; Cox8a; Cox6b1; Higd1a; Cox6c; Surf1; Tmem177; Ndufa4; Coq10b; Sco1; Cox4i1; Cox7a2; Cox17; Higd2a; Rab5if; Cox6b2; Cox5b; Cox6a1; Tmem223; Cox19; Cmc1; Coa5; Cox7b; Pnkd; Timm21; Cox5a; Cox4i2; Coq10a; Cox16; Pet100","eye","RR-3","GLDS-194","Stat_(Space Flight)v(Ground Control)",1,"flight_positive"
"REACTOME_COMPLEX_I_BIOGENESIS",3.96804564042734e-16,2.0690523696514e-14,1.03769615548758,-0.704743269345112,-2.93153747627129,60,"reactome","Lyrm2; Ndufaf1; Ndufb10; Ndufa12; Ndufa1; Ndufa6; Ndufb8; Ndufb11; Ndufa2; Ecsit; Sfxn4; Tmem186; Ndufb7; Hscb; Ndufs6; Ndufb3; Ndufs8; Ndufa7; Ndufs5; Ndufv3; Ndufb5; Ndufc1; Ndufs3; Ndufv1; Ndufa13; Ndufb6; Ndufs7; Tmem126b; Timmdc1; Ndufb1; Hspa9; Pyurf; Ndufa11; Ndufaf5; Ndufc2; Ndufv2; Ndufa10; Ndufa9; Ndufa5; Ndufs2; Ndufaf8; Tmem126a; Ndufb2; Ndufa8; Ndufs1; Ndufa3; Ndufaf4; Ndufb9; Ndufs4","eye","RR-3","GLDS-194","Stat_(Space Flight)v(Ground Control)",1,"flight_positive"
"REACTOME_CONDENSATION_OF_PROPHASE_CHROMOSOMES",1.23328723404157e-05,0.000128614240121478,0.593325476396405,-0.523243222303477,-2.13184453426633,55,"reactome","H2ac19; H4c1; H2aj; H3c3; H3c7; H2ac13; H4c4; Set; H3c1; H2ac20; H2bc7; H3c11; H4c2; H4c3; H4c12; H2ac4; H4c11; H2ac10; H2bc14; H4c18; H3f3b; H2bc18; H4c6; H4c8; Ncaph2; H3c8; H2bc3; H2ax; H3c4; H2bc21; H3f3a; H4c17; H2ac18; H2az2; Plk1; H2bc8; H2bc4; H3c10; H3f4","eye","RR-3","GLDS-194","Stat_(Space Flight)v(Ground Control)",1,"flight_positive"
"REACTOME_CONSTITUTIVE_SIGNALING_BY_ABERRANT_PI3K_IN_CANCER",0.241379310344828,0.415582303188029,0.124434168630393,0.254267555299908,1.12712559676917,81,"reactome","Gab1; Pdgfrb; Frs2; Grb2; Irs1; Irs2; Cd19; Pik3r5; Fgfr1; Pik3cb; Cd86; Pik3r6; Pdgfra; Rac2; Nrg4; Strn; Trat1; Lck; Tgfa; Pdgfb; Rhog; Kitl; Nrg3; Egf; Nrg1; Kl; Fgf2; Kit; Erbb4; Fgf15; Fgfr4","eye","RR-3","GLDS-194","Stat_(Space Flight)v(Ground Control)",1,"flight_positive"
"REACTOME_CONSTITUTIVE_SIGNALING_BY_AKT1_E17K_IN_CANCER",0.249488752556237,0.423106646058733,0.122679189568808,0.342220685457876,1.16479694433438,26,"reactome","Foxo1; Rictor; Gsk3b; Foxo4; Mtor; Foxo3","eye","RR-3","GLDS-194","Stat_(Space Flight)v(Ground Control)",1,"flight_positive"
"REACTOME_CONSTITUTIVE_SIGNALING_BY_EGFRVIII",0.0203871369945204,0.0614983884545449,0.352487857583619,0.542344409457565,1.56194084139774,15,"reactome","Kras; Cbl; Gab1; Sos1; Grb2","eye","RR-3","GLDS-194","Stat_(Space Flight)v(Ground Control)",1,"flight_positive"
"REACTOME_CONSTITUTIVE_SIGNALING_BY_LIGAND_RESPONSIVE_EGFR_CANCER_VARIANTS",0.246808510638298,0.42161516247884,0.126253987849115,0.383197054742414,1.16939668482235,19,"reactome","Kras; Cbl; Gab1; Sos1; Grb2; Ubc","eye","RR-3","GLDS-194","Stat_(Space Flight)v(Ground Control)",1,"flight_positive"
"REACTOME_CONVERSION_FROM_APC_C_CDC20_TO_APC_C_CDH1_IN_LATE_ANAPHASE",0.322393822393822,0.494427500730022,0.102080107662747,-0.352273800106549,-1.11602880747895,20,"reactome","Anapc15; Cdc26; Anapc11; Cdc16; Ube2s","eye","RR-3","GLDS-194","Stat_(Space Flight)v(Ground Control)",1,"flight_positive"
"REACTOME_COOPERATION_OF_PDCL_PHLP1_AND_TRIC_CCT_IN_G_PROTEIN_BETA_FOLDING",0.00213035993780744,0.0105078564499961,0.431707695803346,-0.468532319050723,-1.75819140647759,38,"reactome","Gna15; Gng4; Gna11; Tcp1; Gnb2; Cct7; Csnk2b; Gng10; Gng8; Cct6a; Cct3; Cct5; Gngt2; Gngt1; Cct2; Gnb3; Cct8; Gng11; Gng2","eye","RR-3","GLDS-194","Stat_(Space Flight)v(Ground Control)",1,"flight_positive"
"REACTOME_COOPERATION_OF_PREFOLDIN_AND_TRIC_CCT_IN_ACTIN_AND_TUBULIN_FOLDING",9.10496174642685e-06,0.000100006662864167,0.593325476396405,-0.645784506465714,-2.22103626257607,27,"reactome","Tubb3; Pfdn1; Tuba1c; Tcp1; Tubb4b; Pfdn5; Cct7; Tuba1b; Pfdn4; Cct6a; Cct3; Tubb2a; Cct5; Pfdn6; Tuba8; Cct2; Tubb2b; Cct8; Tuba1a; Tuba4a; Actb","eye","RR-3","GLDS-194","Stat_(Space Flight)v(Ground Control)",1,"flight_positive"
"REACTOME_COPII_MEDIATED_VESICLE_TRANSPORT",0.843137254901961,0.906910897954467,0.0525898950623616,-0.189046269059958,-0.807530464527076,69,"reactome","Gosr2; Tmed2; Rab1b; Trappc6b; Ykt6; Trappc3; Cnih3; Trappc6a; Trappc1; Mcfd2; Ppp6c; Trappc5; Napb; Ctsz; Sec31a; Trappc9; Trappc4; Trappc2; Scfd1; Sec16b; Sec23a; Lman1; Sec13; Trappc2l; Cnih2; Sec31b; Areg; Col7a1; Lman1l; Sec22b","eye","RR-3","GLDS-194","Stat_(Space Flight)v(Ground Control)",1,"flight_positive"
"REACTOME_COPI_DEPENDENT_GOLGI_TO_ER_RETROGRADE_TRAFFIC",0.000115787307595955,0.000886623089633361,0.538434096309916,-0.404987741011251,-1.82550499204889,89,"reactome","Use1; Kif23; Tmed2; Copz2; Tubb3; Rab1b; Arfgap3; Tuba1c; Kdelr1; Tubb4b; Tuba1b; Kif5a; Stx18; Bnip1; Kdelr2; Tmed3; Kifc2; Kif18b; Klc1; Arf5; Tubb2a; Copg2; Tuba8; Copz1; Copb2; Klc2; Arf1; Racgap1; Tubb2b; Napb; Kif3c; Surf4; Nbas; Kif11; Arcn1; Tuba1a; Rint1; Kif5b; Tuba4a; Kif22; Kif27; Kif3a; Tmed7; Klc4","eye","RR-3","GLDS-194","Stat_(Space Flight)v(Ground Control)",1,"flight_positive"
"REACTOME_COPI_INDEPENDENT_GOLGI_TO_ER_RETROGRADE_TRAFFIC",0.0155117475583287,0.0496648057788595,0.380730400722792,-0.399781128243895,-1.54989931949956,44,"reactome","Dctn5; Tubb3; Tuba1c; Tubb4b; Tuba1b; Actr1a; Capza2; Tubb2a; Tuba8; Dctn2; Tubb2b; Capza1; Dctn3; Pafah1b3; Dync1li1; Pla2g4a; Rab6a; Tuba1a; Dynll1; Tuba4a; Dync1i1; Rab3gap1","eye","RR-3","GLDS-194","Stat_(Space Flight)v(Ground Control)",1,"flight_positive"
"REACTOME_COPI_MEDIATED_ANTEROGRADE_TRANSPORT",0.00373986177068454,0.016512696124595,0.431707695803346,-0.354603998146834,-1.61397436777178,93,"reactome","Gosr2; Dctn5; Tmed2; Copz2; Tubb3; Rab1b; Arfgap3; Tuba1c; Kdelr1; Tubb4b; Ykt6; Tuba1b; Actr1a; Ins2; Kdelr2; Capza2; Tmed3; Arf5; Tubb2a; Copg2; Tuba8; Cog4; Copz1; Bet1l; Copb2; Dctn2; Sptbn4; Arf1; Tubb2b; Capza1; Napb; Dctn3; Dync1li1; Tmem115; Cog6; Arcn1; Tuba1a; Dynll1; Tuba4a; Dync1i1","eye","RR-3","GLDS-194","Stat_(Space Flight)v(Ground Control)",1,"flight_positive"
"REACTOME_CO_INHIBITION_BY_CTLA4",0.113899613899614,0.2426460646305,0.183023938384487,-0.424887378926441,-1.34607386263954,20,"reactome","Akt3; Ppp2r5b; Yes1; Ppp2r1a; Ppp2r5d; Ppp2cb; Ppp2r5c; Ppp2ca; Fyn; Lyn","eye","RR-3","GLDS-194","Stat_(Space Flight)v(Ground Control)",1,"flight_positive"
"REACTOME_CO_STIMULATION_BY_CD28",0.331395348837209,0.503997093023256,0.100633389423036,-0.274674126420276,-1.08338563690064,47,"reactome","Akt3; Them4; Ppp2r5b; Yes1; Ppp2r1a; Grap2; Ppp2r5d; Ppp2cb; Cdc42; Pak1; Ppp2r5c; Ppp2ca","eye","RR-3","GLDS-194","Stat_(Space Flight)v(Ground Control)",1,"flight_positive"
"REACTOME_CREB1_PHOSPHORYLATION_THROUGH_NMDA_RECEPTOR_MEDIATED_ACTIVATION_OF_RAS_SIGNALING",0.0759753593429158,0.177383834713204,0.234392647294686,0.403385675138135,1.39915399514185,28,"reactome","Rps6ka3; Kras; Camk2a; Camk2d; Actn2; Rasgrf2; Dlg1; Mapk3; Grin1; Grin2b; Grin2d; Rasgrf1; Dlg4; Dlg2","eye","RR-3","GLDS-194","Stat_(Space Flight)v(Ground Control)",1,"flight_positive"
"REACTOME_CRISTAE_FORMATION",7.02681415442005e-07,1.13152374986617e-05,0.659444398037935,-0.671275326090404,-2.39230611475417,30,"reactome","Chchd3; Atp5g2; Atp5b; Atp5k; Dnajc11; Apoo; Atp5a1; Chchd6; Atp5c1; Atp5h; Atp5mpl; Atp5j2; Atp5pb; Hspa9; Atp5g1; Atp5l; Micos13; Atp5o; Tmem11","eye","RR-3","GLDS-194","Stat_(Space Flight)v(Ground Control)",1,"flight_positive"
"REACTOME_CRMPS_IN_SEMA3A_SIGNALING",0.00365930634669108,0.0162224309701487,0.431707695803346,0.600255173474865,1.76947100749961,16,"reactome","Plxna4; Plxna2; Plxna1; Gsk3b; Dpysl4; Dpysl5; Plxna3","eye","RR-3","GLDS-194","Stat_(Space Flight)v(Ground Control)",1,"flight_positive"
"REACTOME_CROSSLINKING_OF_COLLAGEN_FIBRILS",0.974903474903475,0.993965833351308,0.0452247443372884,-0.17583873775881,-0.540973333939915,18,"reactome","Loxl4","eye","RR-3","GLDS-194","Stat_(Space Flight)v(Ground Control)",1,"flight_positive"
"REACTOME_CROSS_PRESENTATION_OF_SOLUBLE_EXOGENOUS_ANTIGENS_ENDOSOMES",5.83575620039058e-10,2.28219751408132e-08,0.801215574617779,-0.680204251863578,-2.59774393215137,41,"reactome","Psmb10; Psma7; Psme2; Psmc1; Sem1; Psmd2; Psmc3; Psme1; Psma5; Psmb6; Psmd14; Psmb8; Psmd8; Psmb1; Psma1; Psmb7; Psmc5; Psma2; Psma4; Psmb3; Psma6; Psmb4; Psmd3; Psmd6; Psma3; Psmd12; Psmd13; Adrm1; Psmd1; Cd207; Psmc2","eye","RR-3","GLDS-194","Stat_(Space Flight)v(Ground Control)",1,"flight_positive"
"REACTOME_CYCLIN_A_B1_B2_ASSOCIATED_EVENTS_DURING_G2_M_TRANSITION",0.903846153846154,0.942857142857143,0.048505983646947,-0.201213543472678,-0.722059717733087,31,"reactome","Ppp2r1a; Lcmt1; Cdk7; Ppp2cb; Obi1; Ppp2ca; Ppme1; Ccnb2; Plk1; Mnat1","eye","RR-3","GLDS-194","Stat_(Space Flight)v(Ground Control)",1,"flight_positive"
"REACTOME_CYCLIN_A_CDK2_ASSOCIATED_EVENTS_AT_S_PHASE_ENTRY",2.23216903880436e-06,3.05528137186347e-05,0.627256739718528,-0.477152530575285,-2.07928657716822,74,"reactome","Akt3; Uba52; Psma7; Rps27a; Psmc1; Sem1; Psmd2; Psmc3; Lin37; Skp1; Psma5; Psmb6; Psmd14; Psmd8; Psmb1; Psma1; Lin52; Psmb7; Ccnd1; Cdk7; Psmc5; Psma2; Psma4; Psmb3; Psma6; Psmb4; Psmd3; Psmd6; Psma3; Cks1b; Cul1; E2f1; Psmd12; Psmd13; Adrm1; Psmd1","eye","RR-3","GLDS-194","Stat_(Space Flight)v(Ground Control)",1,"flight_positive"
"REACTOME_CYCLIN_D_ASSOCIATED_EVENTS_IN_G1",0.197674418604651,0.360755813953488,0.135740943810425,-0.297257262994564,-1.17245935534515,47,"reactome","Uba52; Rps27a; Cdkn1c; Skp1; Ppp2r1a; Jak2; Ccnd1; Cdk7; Cdkn2c; Ppp2cb; Cks1b; Cul1; Ppp2ca; E2f1; Cdkn2d; Lyn; Mnat1; Ubb; Tfdp1","eye","RR-3","GLDS-194","Stat_(Space Flight)v(Ground Control)",1,"flight_positive"
"REACTOME_CYTOCHROME_P450_ARRANGED_BY_SUBSTRATE_TYPE",0.137860082304527,0.278005138348908,0.170932335370056,0.317119806886747,1.25354013897943,47,"reactome","Cyp26b1; Ncoa2; Cyp2b19; Ncoa1; Arnt; Cyp4f14; Cyp39a1; Cyp27b1; Ahr; Cyp3a57","eye","RR-3","GLDS-194","Stat_(Space Flight)v(Ground Control)",1,"flight_positive"
"REACTOME_CYTOPROTECTION_BY_HMOX1",0.310272536687631,0.480500246832319,0.109684061970549,0.267377546532657,1.08112032965869,54,"reactome","Chd9; Ncoa2; Tgs1; Ncor2; Crebbp; Ncoa1; Cox6a2; Ncoa6","eye","RR-3","GLDS-194","Stat_(Space Flight)v(Ground Control)",1,"flight_positive"
"REACTOME_CYTOSOLIC_SENSORS_OF_PATHOGEN_ASSOCIATED_DNA",0.0128115876281931,0.0430327866652497,0.380730400722792,-0.360193803065304,-1.52187716084202,63,"reactome","Uba52; Xrcc6; Polr1d; Polr3g; Polr2h; Rps27a; Polr2f; Nfkb1; Crcp; Polr2l; Irf7; Polr1c; Polr2k; Nkiras1; Aim2; Ctnnb1","eye","RR-3","GLDS-194","Stat_(Space Flight)v(Ground Control)",1,"flight_positive"
"REACTOME_CYTOSOLIC_SULFONATION_OF_SMALL_MOLECULES",0.00118677400560854,0.00649758768070676,0.45505986738723,-0.631592794608643,-1.85918122627104,16,"reactome","Slc35b2; Sult4a1; Podxl2; Tpst1; Papss1; Sult1a1; Tpst2; Slc35b3; Bpnt1","eye","RR-3","GLDS-194","Stat_(Space Flight)v(Ground Control)",1,"flight_positive"
"REACTOME_CYTOSOLIC_TRNA_AMINOACYLATION",0.0218479105539623,0.0653577731724835,0.352487857583619,-0.462388474771647,-1.52253609028129,23,"reactome","Ppa1; Farsb; Aimp1; Hars; Kars; Aimp2; Farsa; Eef1e1; Dars; Qars; Rars","eye","RR-3","GLDS-194","Stat_(Space Flight)v(Ground Control)",1,"flight_positive"
"REACTOME_C_TYPE_LECTIN_RECEPTORS_CLRS",0.00353552959117717,0.0158961584115425,0.431707695803346,-0.336237367954939,-1.60264769741478,117,"reactome","Uba52; Psma7; Rps27a; Psmc1; Bcl10; Sem1; Psmd2; Psmc3; Skp1; Ube2m; Psma5; Psmb6; Nfkb1; Psmd14; Cdc34; Psmd8; Card9; Psmb1; Psma1; Psmb7; Hras; Psmc5; Psma2; Psma4; Muc13; Psmb3; Psma6; Psmb4; Psmd3; Pak1; Psmd6; Psma3; Cul1; Muc3; Calm1; Card11; Psmd12; Psmd13; Ube2v1; Adrm1; Psmd1; Plcg2; Psmc2; Mgl2; Clec4n; Fyn; Pycard; Lyn; Ubb; Clec4a3; Muc15; Prkcd","eye","RR-3","GLDS-194","Stat_(Space Flight)v(Ground Control)",1,"flight_positive"
"REACTOME_DAG_AND_IP3_SIGNALING",0.0595482546201232,0.147523390970667,0.266350657088526,0.374291698675785,1.42682236379173,40,"reactome","Prkca; Prkar2a; Ahcyl1; Prkcg; Camk2a; Camk2d; Prkce; Nbea","eye","RR-3","GLDS-194","Stat_(Space Flight)v(Ground Control)",1,"flight_positive"
"REACTOME_DAP12_INTERACTIONS",0.649805447470817,0.754546092238118,0.0645031249656493,-0.241065645337166,-0.8942939748192,35,"reactome","Trem2; Grap2; Hras; H2-T23; Vav3; Clec5a; Siglec15; Plcg2; H2-D1; Tyrobp; Fyn; B2m","eye","RR-3","GLDS-194","Stat_(Space Flight)v(Ground Control)",1,"flight_positive"
"REACTOME_DAP12_SIGNALING",0.91812865497076,0.95474917112344,0.0484087618816951,-0.200950167787655,-0.69112467883406,27,"reactome","Trem2; Grap2; Hras; H2-T23; Vav3; Plcg2; Tyrobp; Fyn; B2m","eye","RR-3","GLDS-194","Stat_(Space Flight)v(Ground Control)",1,"flight_positive"
"REACTOME_DARPP_32_EVENTS",0.607350096711799,0.727542108546475,0.0675188953767744,-0.277886631432071,-0.915015075950954,23,"reactome","Ppp3cc; Ppp1ca; Ppp2r1a; Ppp2r5d; Ppp2cb; Ppp2ca; Calm1; Prkar2b; Cdk5","eye","RR-3","GLDS-194","Stat_(Space Flight)v(Ground Control)",1,"flight_positive"
"REACTOME_DDX58_IFIH1_MEDIATED_INDUCTION_OF_INTERFERON_ALPHA_BETA",0.65424430641822,0.757291242629969,0.0672065093710464,0.211788662729948,0.886975550376203,62,"reactome","Rnf125; Ep300; Crebbp; Pcbp2; Traf3; Traf6; Ubc; Trim25; Ikbkb; Mavs; Ube2d2a; Map3k1; Rnf216","eye","RR-3","GLDS-194","Stat_(Space Flight)v(Ground Control)",1,"flight_positive"
"REACTOME_DEACTIVATION_OF_THE_BETA_CATENIN_TRANSACTIVATING_COMPLEX",0.0015559548562687,0.00815201228523551,0.45505986738723,0.483651230554308,1.86334954234773,41,"reactome","Sox9; Apc; Tle4; Bcl9l; Kmt2d; Tcf7l2; Tle2; Btrc; Chd8; Bcl9; Lef1; Sox17; Tcf7; Hdac1; Ubc; Sox6; Sox13","eye","RR-3","GLDS-194","Stat_(Space Flight)v(Ground Control)",1,"flight_positive"
"REACTOME_DEADENYLATION_DEPENDENT_MRNA_DECAY",0.294797687861272,0.467705450100459,0.107554375265169,-0.27106659131655,-1.1044038536733,55,"reactome","Exosc4; Dcps; Eif4e; Eif4a2; Nt5c3b; Cnot8; Lsm6; Eif4a1; Eif4a3; Lsm7; Wdr61; Paip1; Lsm3; Exosc2; Lsm4; Eif4b; Exosc7","eye","RR-3","GLDS-194","Stat_(Space Flight)v(Ground Control)",1,"flight_positive"
"REACTOME_DEADENYLATION_OF_MRNA",0.175510204081633,0.331862877155172,0.149207542435322,0.369187252475959,1.24381280916521,25,"reactome","Tut4; Cnot6; Pan3; Pabpc1; Cnot1; Cnot7; Cnot3; Cnot4; Tnks1bp1","eye","RR-3","GLDS-194","Stat_(Space Flight)v(Ground Control)",1,"flight_positive"
"REACTOME_DEATH_RECEPTOR_SIGNALING",0.129666011787819,0.263994960414366,0.172324344900946,0.242023477019072,1.1937847445183,151,"reactome","Prex1; Arhgef26; Clip3; Kalrn; Itsn1; Arhgef7; Fasl; Arhgef39; Tiam2; Madd; Sos1; Obscn; Tab2; Traf6; Ncstn; Ulk1; Tab3; Arhgef1; Plekhg2; Rasgrf2; Arhgef19; Arhgef33; Hdac1; Ywhae; Ubc; Usp2; Ikbkb; Bcl2l11; Spata2; Fgd1; Arhgef16; Ube2d2a; Psen1; Arhgef12; Psen2; Otud1; Casp2; Rtn4r; Otud7b; Akap13; Nsmaf; Plekhg5","eye","RR-3","GLDS-194","Stat_(Space Flight)v(Ground Control)",1,"flight_positive"
"REACTOME_DECTIN_1_MEDIATED_NONCANONICAL_NF_KB_SIGNALING",9.23865323495193e-07,1.38579798524279e-05,0.659444398037935,-0.572233592709883,-2.27477939463224,49,"reactome","Uba52; Psma7; Rps27a; Psmc1; Sem1; Psmd2; Psmc3; Skp1; Ube2m; Psma5; Psmb6; Psmd14; Psmd8; Psmb1; Psma1; Psmb7; Psmc5; Psma2; Psma4; Psmb3; Psma6; Psmb4; Psmd3; Psmd6; Psma3; Cul1; Psmd12; Psmd13; Adrm1; Psmd1; Psmc2","eye","RR-3","GLDS-194","Stat_(Space Flight)v(Ground Control)",1,"flight_positive"
"REACTOME_DECTIN_2_FAMILY",0.00969971525390599,0.0352863395449404,0.380730400722792,-0.56259739894832,-1.73084835829782,18,"reactome","Muc13; Muc3; Plcg2; Mgl2; Clec4n; Fyn; Lyn; Clec4a3; Muc15","eye","RR-3","GLDS-194","Stat_(Space Flight)v(Ground Control)",1,"flight_positive"
"REACTOME_DEFECTIVE_B4GALT7_CAUSES_EDS_PROGEROID_TYPE",0.847490347490347,0.908025372311086,0.05163559644842,-0.224689378713583,-0.711832158119791,20,"reactome","Cspg5; Gpc5; Bcan; Gpc3","eye","RR-3","GLDS-194","Stat_(Space Flight)v(Ground Control)",1,"flight_positive"
"REACTOME_DEFECTIVE_CFTR_CAUSES_CYSTIC_FIBROSIS",7.09551060742472e-06,8.26551501609581e-05,0.610526878385931,-0.541599598032237,-2.1465627735225,48,"reactome","Uba52; Psma7; Rps27a; Psmc1; Sem1; Psmd2; Psmc3; Psma5; Psmb6; Psmd14; Psmd8; Psmb1; Psma1; Psmb7; Os9; Psmc5; Psma2; Psma4; Psmb3; Psma6; Psmb4; Psmd3; Psmd6; Psma3; Psmd12; Psmd13; Adrm1; Rnf185; Psmd1; Psmc2","eye","RR-3","GLDS-194","Stat_(Space Flight)v(Ground Control)",1,"flight_positive"
"REACTOME_DEFECTIVE_INTRINSIC_PATHWAY_FOR_APOPTOSIS",0.386694386694387,0.554228211296274,0.0956031492204301,0.316408947687923,1.04745433477515,24,"reactome","Capns2; Fasl; Lmnb1; Foxo3; Ywhae; Bcl2l11","eye","RR-3","GLDS-194","Stat_(Space Flight)v(Ground Control)",1,"flight_positive"
"REACTOME_DEFECTS_IN_VITAMIN_AND_COFACTOR_METABOLISM",0.697530864197531,0.796450778202603,0.0637845390312975,0.254638333339829,0.813983275904924,21,"reactome","Acaca; Mccc1; Mtr; Lmbrd1; Cubn","eye","RR-3","GLDS-194","Stat_(Space Flight)v(Ground Control)",1,"flight_positive"
"REACTOME_DEFECTS_OF_CONTACT_ACTIVATION_SYSTEM_CAS_AND_KALLIKREIN_KININ_SYSTEM_KKS",0.895256916996047,0.938092176182461,0.0501934252649434,-0.231011762019044,-0.680015248210248,16,"reactome","Tpst1; Tpst2; Gp1bb; Gp1ba; Gp5","eye","RR-3","GLDS-194","Stat_(Space Flight)v(Ground Control)",1,"flight_positive"
"REACTOME_DEGRADATION_OF_AXIN",6.06186263016782e-06,7.29421931871842e-05,0.610526878385931,-0.572677503157943,-2.20765758543125,42,"reactome","Uba52; Psma7; Rps27a; Psmc1; Sem1; Psmd2; Psmc3; Psma5; Psmb6; Psmd14; Psmd8; Psmb1; Psma1; Rnf146; Psmb7; Psmc5; Psma2; Psma4; Psmb3; Psma6; Psmb4; Psmd3; Psmd6; Psma3; Psmd12; Psmd13; Adrm1; Psmd1; Psmc2","eye","RR-3","GLDS-194","Stat_(Space Flight)v(Ground Control)",1,"flight_positive"
"REACTOME_DEGRADATION_OF_BETA_CATENIN_BY_THE_DESTRUCTION_COMPLEX",0.000106885536698236,0.000824222976651892,0.538434096309916,-0.450212797977568,-1.95478591048852,72,"reactome","Uba52; Psma7; Zranb1; Rps27a; Psmc1; Sem1; Psmd2; Psmc3; Ppp2r5b; Tle5; Skp1; Psma5; Psmb6; Psmd14; Ctbp1; Ppp2r1a; Psmd8; Psmb1; Psma1; Psmb7; Ppp2r5d; Rbx1; Psmc5; Psma2; Ctnnb1; Psma4; Psmb3; Ppp2cb; Psma6; Psmb4; Psmd3; Psmd6; Ppp2r5c; Psma3; Cul1; Ppp2ca; Psmd12; Psmd13; Adrm1; Psmd1","eye","RR-3","GLDS-194","Stat_(Space Flight)v(Ground Control)",1,"flight_positive"
"REACTOME_DEGRADATION_OF_CRY_AND_PER_PROTEINS",4.26998817895223e-06,5.4367872743636e-05,0.610526878385931,-0.549860889541744,-2.17930537687737,48,"reactome","Uba52; Psma7; Rps27a; Psmc1; Sem1; Psmd2; Psmc3; Skp1; Psma5; Psmb6; Psmd14; Psmd8; Psmb1; Psma1; Psmb7; Rbx1; Psmc5; Psma2; Psma4; Psmb3; Psma6; Psmb4; Psmd3; Psmd6; Psma3; Cul1; Psmd12; Psmd13; Adrm1; Psmd1; Psmc2","eye","RR-3","GLDS-194","Stat_(Space Flight)v(Ground Control)",1,"flight_positive"
"REACTOME_DEGRADATION_OF_CYSTEINE_AND_HOMOCYSTEINE",0.0113681677877088,0.0392685922004452,0.380730400722792,-0.576962341238913,-1.67552037143478,15,"reactome","Suox; Mpst; Got2; Gadl1; Ethe1; Csad; Cdo1; Sqor; Ado","eye","RR-3","GLDS-194","Stat_(Space Flight)v(Ground Control)",1,"flight_positive"
"REACTOME_DEGRADATION_OF_DVL",4.57049404149354e-06,5.75251836256945e-05,0.610526878385931,-0.570581925603445,-2.21207174559779,44,"reactome","Uba52; Psma7; Rps27a; Psmc1; Sem1; Psmd2; Psmc3; Psma5; Psmb6; Psmd14; Dvl1; Psmd8; Psmb1; Psma1; Psmb7; Rbx1; Psmc5; Psma2; Psma4; Psmb3; Psma6; Psmb4; Psmd3; Psmd6; Psma3; Psmd12; Psmd13; Adrm1; Psmd1; Psmc2","eye","RR-3","GLDS-194","Stat_(Space Flight)v(Ground Control)",1,"flight_positive"
"REACTOME_DEGRADATION_OF_GLI1_BY_THE_PROTEASOME",3.4018455479253e-05,0.00030415189330841,0.557332238758646,-0.539834557629263,-2.13346521445105,46,"reactome","Uba52; Psma7; Rps27a; Psmc1; Sem1; Psmd2; Psmc3; Skp1; Psma5; Psmb6; Psmd14; Psmd8; Psmb1; Psma1; Psmb7; Rbx1; Psmc5; Psma2; Psma4; Psmb3; Psma6; Psmb4; Psmd3; Psmd6; Psma3; Cul1; Psmd12; Psmd13; Adrm1; Psmd1; Psmc2","eye","RR-3","GLDS-194","Stat_(Space Flight)v(Ground Control)",1,"flight_positive"
"REACTOME_DEGRADATION_OF_THE_EXTRACELLULAR_MATRIX",0.98159509202454,0.996226799725929,0.0475434194201301,0.149374237292348,0.714306820244352,124,"reactome","Cd44; Fn1; Adamts5; Capn15; Adam10; Capns2; Ncstn; Lamc1; Mmp17; Adamts4; Col5a3; Phykpl; Nid1; Col10a1; Hspg2; Col4a2; Psen1; Furin; Col15a1; Col26a1","eye","RR-3","GLDS-194","Stat_(Space Flight)v(Ground Control)",1,"flight_positive"
"REACTOME_DEPOLYMERIZATION_OF_THE_NUCLEAR_LAMINA",0.0778688524590164,0.181032682468414,0.231126709673834,0.515675582887184,1.48513516462476,15,"reactome","Prkca; Cnep1r1; Ctdnep1; Lmnb1; Lemd3","eye","RR-3","GLDS-194","Stat_(Space Flight)v(Ground Control)",1,"flight_positive"
"REACTOME_DEPOSITION_OF_NEW_CENPA_CONTAINING_NUCLEOSOMES_AT_THE_CENTROMERE",3.44445074815536e-09,1.01937123492706e-07,0.774939030136436,-0.597772791576623,-2.45330985128592,57,"reactome","Cenpx; H2ac19; H4c1; H2aj; H2ac13; H4c4; Npm1; H2ac20; H2bc7; H4c2; H4c3; H4c12; H2ac4; H4c11; H2ac10; H2bc14; H4c18; Cenpc1; Cenph; H2bc18; Knl1; H4c6; H4c8; Cenpp; Oip5; H2bc3; H2ax; Cenpq; H2bc21; H4c17; Rbbp7; H2ac18; H2az2; Ruvbl1; H2bc8; H2bc4","eye","RR-3","GLDS-194","Stat_(Space Flight)v(Ground Control)",1,"flight_positive"
"REACTOME_DETOXIFICATION_OF_REACTIVE_OXYGEN_SPECIES",0.202334630350195,0.368033920653593,0.134273452883202,-0.32104661170286,-1.19100359605543,35,"reactome","Prdx5; Prdx3; Prdx2; Sod1; Cycs; Gsr; Prdx1; P4hb; Atox1; Gpx8; Nudt2; Gpx7; Gpx1; Txn1; Ncf4; Ncf1; Txnrd1","eye","RR-3","GLDS-194","Stat_(Space Flight)v(Ground Control)",1,"flight_positive"
"REACTOME_DEUBIQUITINATION",0.0154817441781385,0.0496648057788595,0.380730400722792,-0.251844468845891,-1.32331540775494,242,"reactome","Ino80b; Uba52; Psma7; H2ac22; Zranb1; H2ac19; Kat2b; Rps27a; Abraxas1; Nedd8; Otub1; Psmc1; Ripk2; Sem1; Psmd2; Psmc3; Snx3; H2ac13; Josd1; Fkbp8; Stambpl1; Psma5; Psmb6; Psmd14; H2ac20; Smad2; Rad23b; Psmd8; H2bc7; Tfpt; Psmb1; Psma1; Taf10; Rnf146; Bap1; Suds3; Psmb7; Mul1; H2ac4; Siah2; Ino80c; H2ac10; H2bc14; Psmc5; Psma2; Mcrs1; Vdac2; Psma4; Polb; Otud7a; Uchl1; H2bc18; Usp5; Psmb3; Uimc1; Psma6; Ino80e; Actl6a; H2ac8; Psmb4; Psmd3; Psmd6; H2ac21; Psma3; Usp12; H2bc3; Babam1; Usp18; Otud3; Usp11; Birc3; Usp44; Psmd12; Psmd13; Adrm1; H2bc21","eye","RR-3","GLDS-194","Stat_(Space Flight)v(Ground Control)",1,"flight_positive"
"REACTOME_DEVELOPMENTAL_CELL_LINEAGES",0.497933884297521,0.652365917436297,0.0810802057550866,0.21627937244626,0.981398827478811,95,"reactome","Numb; Fn1; Sox9; Gata6; Tfpi2; Cer1; Aqp8; Lamc1; Sox17; Bhlha15; Col5a3; Lamc3; Lama4; Onecut1; Itga6; Gnmt; Lama2; Col2a1; Hhex","eye","RR-3","GLDS-194","Stat_(Space Flight)v(Ground Control)",1,"flight_positive"
"REACTOME_DEVELOPMENTAL_CELL_LINEAGES_OF_THE_EXOCRINE_PANCREAS",0.210633946830266,0.37997392385361,0.135002033828631,0.273509004403102,1.16921072391272,66,"reactome","Fn1; Sox9; Gata6; Tfpi2; Cer1; Aqp8; Lamc1; Sox17; Bhlha15; Col5a3; Lamc3; Lama4; Onecut1; Gnmt; Lama2; Col2a1; Hhex","eye","RR-3","GLDS-194","Stat_(Space Flight)v(Ground Control)",1,"flight_positive"
"REACTOME_DEVELOPMENTAL_LINEAGE_OF_PANCREATIC_ACINAR_CELLS",0.635245901639344,0.744747604170323,0.0681513438679483,0.302653496506288,0.871635899147194,15,"reactome","Sox9; Aqp8; Bhlha15; Onecut1; Gnmt; Pnliprp2; Pdia2","eye","RR-3","GLDS-194","Stat_(Space Flight)v(Ground Control)",1,"flight_positive"
"REACTOME_DEVELOPMENTAL_LINEAGE_OF_PANCREATIC_DUCTAL_CELLS",0.189300411522634,0.34924439709596,0.143758989039275,0.304162249316096,1.18713804152357,44,"reactome","Fn1; Sox9; Tfpi2; Lamc1; Col5a3; Lamc3; Lama4; Onecut1; Lama2; Col2a1","eye","RR-3","GLDS-194","Stat_(Space Flight)v(Ground Control)",1,"flight_positive"
"REACTOME_DIFFERENTIATION_OF_KERATINOCYTES_IN_INTERFOLLICULAR_EPIDERMIS_IN_MAMMALIAN_SKIN",0.9375,0.969369688385269,0.0504983044100709,0.184731389800567,0.655240636009116,32,"reactome","Numb; Itga6; Tfrc; Egf; Lor; Itgb1; Cspg4; Yap1; Abcg2; Lgals7; Krt1; Sbsn; Gjb3; Spink5; Dmkn; Fabp5; Aqp3; Krt19; Krt15; Itgb4; Trp63; Krt14; Krt78; Krt5; Lrig1; Dll1; Krt24; Ivl; Krt10; Hopx; Krtdap; Calm4","eye","RR-3","GLDS-194","Stat_(Space Flight)v(Ground Control)",1,"flight_positive"
"REACTOME_DIGESTION_AND_ABSORPTION",0.718199608610568,0.811587793011942,0.059989249649033,-0.274015937177779,-0.82111574413569,17,"reactome","Slc5a1; Pir; Mgam; Lct; Chit1; Gucy2c; Pnlip","eye","RR-3","GLDS-194","Stat_(Space Flight)v(Ground Control)",1,"flight_positive"
"REACTOME_DISASSEMBLY_OF_THE_DESTRUCTION_COMPLEX_AND_RECRUITMENT_OF_AXIN_TO_THE_MEMBRANE",0.316666666666667,0.488380281690141,0.107972360317345,0.315480571921163,1.10518371779245,30,"reactome","Ppp2r5e; Apc; Dvl3; Fzd5; Gsk3b; Lrp6","eye","RR-3","GLDS-194","Stat_(Space Flight)v(Ground Control)",1,"flight_positive"
"REACTOME_DISEASES_ASSOCIATED_WITH_GLYCOSAMINOGLYCAN_METABOLISM",0.73921568627451,0.823439650529591,0.0587185879555941,-0.221415271071091,-0.845599208377098,41,"reactome","Chst5; Cspg5; Gpc5; Hexb; B3gat3; Bcan; Gpc3","eye","RR-3","GLDS-194","Stat_(Space Flight)v(Ground Control)",1,"flight_positive"
"REACTOME_DISEASES_ASSOCIATED_WITH_GLYCOSYLATION_PRECURSOR_BIOSYNTHESIS",0.788537549407115,0.864312929530321,0.0560595875032335,-0.26278661295056,-0.773548940842129,16,"reactome","Dpm2; Galt; Galk1; Dolk; Dpm3","eye","RR-3","GLDS-194","Stat_(Space Flight)v(Ground Control)",1,"flight_positive"
"REACTOME_DISEASES_ASSOCIATED_WITH_N_GLYCOSYLATION_OF_PROTEINS",0.262548262548263,0.435942352098097,0.115240003147781,-0.36542158725682,-1.15768194549224,20,"reactome","Alg1; Alg3; Mpdu1; Glb1; Dpagt1; Alg14; Alg12; Alg9; Mgat2; Rft1; Mogs; Alg11; Ctsa","eye","RR-3","GLDS-194","Stat_(Space Flight)v(Ground Control)",1,"flight_positive"
"REACTOME_DISEASES_ASSOCIATED_WITH_O_GLYCOSYLATION_OF_PROTEINS",0.00244789432809422,0.0119130857300586,0.431707695803346,0.414795796899855,1.72757440249955,61,"reactome","Adamtsl1; Sema5a; Notch1; Thsd7a; Adamts5; Adamts3; Adamts17; Dag1; Adamts12; Adamts6; Adamts20; Notch2; Adamtsl4; Adamts4; Notch4; Spon1","eye","RR-3","GLDS-194","Stat_(Space Flight)v(Ground Control)",1,"flight_positive"
"REACTOME_DISEASES_OF_CARBOHYDRATE_METABOLISM",0.919087136929461,0.954839103356508,0.051218434854034,0.190370192940147,0.672243868424252,31,"reactome","Arsb; Gys1; Ids; Ubc; Sis; Gys2; Gyg; Idua","eye","RR-3","GLDS-194","Stat_(Space Flight)v(Ground Control)",1,"flight_positive"
"REACTOME_DISEASES_OF_DNA_REPAIR",0.10077519379845,0.220257160098408,0.195789002148949,-0.323302683938275,-1.29229339035473,50,"reactome","Rhno1; Sem1; Rfc4; Kat5; Rad1; Rfc3; Rbbp8; Top3a; Palb2; Rad9a; Wrn; Nthl1; Pms2; Brip1","eye","RR-3","GLDS-194","Stat_(Space Flight)v(Ground Control)",1,"flight_positive"
"REACTOME_DISEASES_OF_GLYCOSYLATION",0.0617529880478088,0.151274098237921,0.257206466468838,0.259164487517402,1.26059808196331,137,"reactome","Adamtsl1; Alg2; Sema5a; Notch1; Thsd7a; Adamts5; Nus1; Prelp; Sdc3; Adamts3; Adamts17; Gpc6; Dag1; Adamts12; Gfpt1; Adamts6; Adamts20; Notch2; Ext2; Adamtsl4; Adamts4; Notch4; Spon1","eye","RR-3","GLDS-194","Stat_(Space Flight)v(Ground Control)",1,"flight_positive"
"REACTOME_DISEASES_OF_HEMOSTASIS",0.332706766917293,0.504589902734676,0.0985499803531691,-0.350272258238044,-1.09766317653996,19,"reactome","Adamts13; Tpst1; Tpst2; Gp1bb; Gp1ba; Gp5","eye","RR-3","GLDS-194","Stat_(Space Flight)v(Ground Control)",1,"flight_positive"
"REACTOME_DISEASES_OF_IMMUNE_SYSTEM",0.922594142259414,0.956667221376949,0.0514264916187015,0.19166818360414,0.664005825965512,29,"reactome","Traf3; Tlr3; Ikbkb; S100a8; Ly96; Ticam1; S100a9; Fgg; Tlr5; Nfkb2","eye","RR-3","GLDS-194","Stat_(Space Flight)v(Ground Control)",1,"flight_positive"
"REACTOME_DISEASES_OF_METABOLISM",0.391038696537678,0.556810627709698,0.0937465422491719,0.197171330296653,1.02191595391254,240,"reactome","Adamtsl1; Alg2; Sema5a; Notch1; Thsd7a; Cyp26b1; Adamts5; Nus1; Prelp; Sdc3; Slc35d1; Acaca; Arsb; Adamts3; Adamts17; Gpc6; Gys1; Ids; Mccc1; Dag1; Adamts12; Gfpt1; Adamts6; Adamts20; Notch2; Mtr; Cyp27b1; Csf2ra; Ext2; Adamtsl4; Csf2rb2; Adamts4; Lmbrd1; Notch4; Spon1; Ubc; Cubn; Abca3; Sis; C1galt1; Cyp1b1; Gys2; Ugt1a5; Hspg2","eye","RR-3","GLDS-194","Stat_(Space Flight)v(Ground Control)",1,"flight_positive"
"REACTOME_DISEASES_OF_MITOTIC_CELL_CYCLE",0.484189723320158,0.640323365984992,0.0802023444698144,-0.261505727102835,-0.981313568866322,38,"reactome","Anapc15; Cdkn1c; Cdc26; Anapc11; Ccnd1; Cdc16; Daxx; Ube2s","eye","RR-3","GLDS-194","Stat_(Space Flight)v(Ground Control)",1,"flight_positive"
"REACTOME_DISEASES_OF_PROGRAMMED_CELL_DEATH",4.12198647348967e-05,0.000352623061599311,0.557332238758646,-0.434455676878868,-1.94280076650409,85,"reactome","Ezh2; Pola1; H2ac19; H4c1; H2aj; H3c3; H3c7; H2ac13; H4c4; H3c1; H2ac20; H2bc7; H3c11; H4c2; H4c3; H4c12; H2ac4; Tradd; H4c11; H2ac10; H2bc14; H4c18; Prdx2; H3f3b; H2bc18; H4c6; H4c8; Prdx1; H3c8; H2bc3; H2ax; H3c4; H2bc21; H3f3a; H4c17; Cdk5; Rbbp7; H2ac18; H2az2; Lmna; Capn1; H2bc8; H2bc4; H3c10","eye","RR-3","GLDS-194","Stat_(Space Flight)v(Ground Control)",1,"flight_positive"
"REACTOME_DISEASES_OF_SIGNAL_TRANSDUCTION_BY_GROWTH_FACTOR_RECEPTORS_AND_SECOND_MESSENGERS",0.00255221540166921,0.0122573502843324,0.431707695803346,0.243569922407036,1.3438713045712,441,"reactome","Mecp2; Ptpn12; Mamld1; Fn1; Notch1; Foxo1; Tnks; Ppp2r5e; Polr2a; Apc; Rb1; Birc6; Kdm7a; Ncor2; D630045J12Rik; Kras; Akap9; Ep300; Vwf; Crebbp; Fzd5; Fkbp1a; Cbl; Dll4; Rbpj; Erlec1; Gab1; Nf1; Maml1; Hdac4; Pdgfrb; Adam10; Dctn1; Frs2; Braf; Golgb1; Rictor; Kdr; Msn; Camk2a; Tcf7l2; Psmd11; Bcr; Gsk3b; Dusp8; Ago2; Sos1; Camk2d; Ywhab; Tbl1x; Hdac7; Ncstn; Zmym2; Maml2; Dusp16; Tfg; Foxo4; Syvn1; Rap1a; Ksr1; Ago1; Kremen1; Spred3; Pten; Lrp6; Grb2; Rrbp1; Mtor; Golga4; Foxo3; Cltc; Bcl11a; Irs1; Kat2a; Rap1b; Irs2; Cd19; Ncor1; Cnksr2; Sptbn1; Tpr; Hdac1; Ubc; Pik3r5; Ranbp2; Fgfr1; Pik3cb","eye","RR-3","GLDS-194","Stat_(Space Flight)v(Ground Control)",1,"flight_positive"
"REACTOME_DISORDERS_OF_TRANSMEMBRANE_TRANSPORTERS",0.0709939148073022,0.168242638149924,0.241339976815091,-0.252127051188126,-1.23970555504657,151,"reactome","Slc1a1; Uba52; Psma7; Slc5a2; Slc35a2; Rps27a; Psmc1; Sem1; Abcb6; Psmd2; Psmc3; Psma5; Slc5a1; Psmb6; Psmd14; Slc6a20a; Slc39a4; Psmd8; Psmb1; Psma1; Psmb7; Os9; Psmc5; Psma2; Psma4; Psmb3; Psma6; Psmb4; Slc16a1; Rae1; Psmd3; Psmd6; Psma3; Heph; Slc5a5; Nup50; Slc26a4; Slc22a5; Psmd12; Psmd13; Adrm1; Rnf185; Nup107; Psmd1; Slc22a18; Slc35a1; Psmc2; Slc33a1; Avp; Bsg","eye","RR-3","GLDS-194","Stat_(Space Flight)v(Ground Control)",1,"flight_positive"
"REACTOME_DNA_DAMAGE_BYPASS",0.0188470954176132,0.0584633696382051,0.352487857583619,-0.379082461035754,-1.50244627564552,48,"reactome","Uba52; Rps27a; Pold2; Rfc4; Rfc3; Isg15; Pole3; Rev1; Rbx1; Pold4; Cul4a; Rad18; Pcna; Pole4; Sprtn; Usp43; Rfc5; Ubb; Rpa3; Rpa2","eye","RR-3","GLDS-194","Stat_(Space Flight)v(Ground Control)",1,"flight_positive"
"REACTOME_DNA_DAMAGE_RECOGNITION_IN_GG_NER",0.0238011796306349,0.070059923912756,0.352487857583619,-0.389467857118511,-1.46149798347396,38,"reactome","Ino80b; Uba52; Rps27a; Cetn2; Cops4; Cops7b; Rad23b; Tfpt; Ino80c; Rbx1; Mcrs1; Cul4a; Cops8; Ino80e; Actl6a; Parp1; Xpc; Cops7a; Actb; Ruvbl1; Ubb; Gps1; Cops2","eye","RR-3","GLDS-194","Stat_(Space Flight)v(Ground Control)",1,"flight_positive"
"REACTOME_DNA_DAMAGE_TELOMERE_STRESS_INDUCED_SENESCENCE",0.000259688732555172,0.0018228151419738,0.49849310876659,-0.453070103680365,-1.92962107932712,65,"reactome","H2ac19; H1f5; H1f3; H4c1; H2aj; H1f4; H1f2; H2ac13; H4c4; Kat5; H1f1; H2ac20; H2bc7; H4c2; H4c3; H4c12; H2ac4; H4c11; H2ac10; H2bc14; H4c18; H2bc18; H1f0; H4c6; H4c8; Terf2ip; H2bc3; H2ax; Tinf2; H2bc21; H4c17; H2ac18; H2az2; H2bc8; H2bc4; H3f4","eye","RR-3","GLDS-194","Stat_(Space Flight)v(Ground Control)",1,"flight_positive"
"REACTOME_DNA_DOUBLE_STRAND_BREAK_REPAIR",6.64712065575291e-06,7.82644851403165e-05,0.610526878385931,-0.375946975129148,-1.86250861043017,155,"reactome","Spidr; Rhno1; Tipin; Uba52; Xrcc6; Poll; Xrcc4; Mus81; Rps27a; Abraxas1; BC055324; H4c1; Sem1; Pold2; Chek1; H4c4; Rfc4; Kat5; Rad1; Ppp4c; Rfc3; Nhej1; Pole3; H2bc7; H4c2; H4c3; Bap1; H4c12; H4c11; Rad52; Rbbp8; H2bc14; H4c18; Pold4; Top3a; H2bc18; Palb2; Rad9a; Uimc1; H4c6; Nsd2; H4c8; Rnf4; Eya3; Wrn; Sumo1; Xrcc5; Pcna; Ube2i; Pole4; Brip1; Parp1; H2bc3; Babam1; H2ax; Rnf168","eye","RR-3","GLDS-194","Stat_(Space Flight)v(Ground Control)",1,"flight_positive"
"REACTOME_DNA_DOUBLE_STRAND_BREAK_RESPONSE",0.000820189180594283,0.0048027120467954,0.477270815362862,-0.434008760490091,-1.84843900767538,65,"reactome","Uba52; Rps27a; Abraxas1; H4c1; H4c4; Kat5; H2bc7; H4c2; H4c3; Bap1; H4c12; H4c11; H2bc14; H4c18; H2bc18; Uimc1; H4c6; Nsd2; H4c8; Eya3; Sumo1; Ube2i; H2bc3; Babam1; H2ax; Rnf168; H2bc21; Ubxn1; H4c17; Pias4; Apbb1; Rnf8; H2bc8; Ubb; H2bc4; H3f4","eye","RR-3","GLDS-194","Stat_(Space Flight)v(Ground Control)",1,"flight_positive"
"REACTOME_DNA_METHYLATION",2.24915489574569e-07,4.03741739482218e-06,0.690132458796796,-0.603548215436783,-2.38526619809821,46,"reactome","H2ac19; H4c1; H2aj; H3c3; H3c7; H2ac13; H4c4; H3c1; H2ac20; H2bc7; H3c11; H4c2; H4c3; H4c12; H2ac4; H4c11; H2ac10; H2bc14; H4c18; H3f3b; H2bc18; H4c6; H4c8; H3c8; H2bc3; H2ax; H3c4; H2bc21; H3f3a; H4c17; H2ac18; H2az2; H2bc8; H2bc4; H3c10","eye","RR-3","GLDS-194","Stat_(Space Flight)v(Ground Control)",1,"flight_positive"
"REACTOME_DNA_REPAIR",3.25485428478381e-08,7.58311796135803e-07,0.719512826338911,-0.346843217315613,-1.87450445075485,316,"reactome","Spidr; Rhno1; Tipin; Ino80b; Uba52; Cenpx; Xrcc6; Faap20; Polr2h; Fancl; H2ac19; Poll; Xrcc4; Mus81; Rps27a; Abraxas1; BC055324; Cetn2; H4c1; Sem1; H2aj; Pold2; Chek1; H2ac13; H4c4; Rfc4; Kat5; Cops4; Polr2f; Rad1; Ppp4c; Rfc3; Adprs; Apex1; Xpa; Cops7b; Zfp830; Polr2i; Nhej1; H2ac20; Rad23b; Isg15; Pole3; H2bc7; Tfpt; Polr2l; H4c2; H4c3; Bap1; H4c12; H2ac4; H4c11; Rev1; Rad52; Ino80c; H2ac10; Rbx1; Polr2k; Cdk7; Rbbp8; H2bc14; Mcrs1; H4c18; Polb; Gtf2h5; Pold4; Fancc; Ascc1; Top3a; H2bc18; Palb2; Rad9a; Cul4a; Rad18; Uimc1; H4c6; Nsd2; H4c8; Rnf4; Cops8; Eya3; Wrn; Ino80e; Actl6a; Sumo1; Xrcc5; Chd1l; Nthl1; Pcna; Pms2; Ube2i; Polr2j; Ercc5; Pole4; Terf2ip; Ppie; Brip1; Parp1; H2bc3; Babam1; H2ax; Fancb; Rnf168; Parg; Ercc8; Tinf2; H2bc21; Ubxn1; Ercc1; H4c17; Alkbh2; Polr2g; Xpc; Gtf2h2; Polr2c; Fancf; Pias4; Fen1; Apbb1; H2ac18; Sprtn; Rnf8; H2az2; Cops7a; Fanci; Polr2d; Actb; Ruvbl1; Usp43; Rfc5; Mnat1; H2bc8; Ubb; H2bc4; Ercc3; Sumo2; H3f4; Mlh1; Gps1; Mgmt; Rpa3","eye","RR-3","GLDS-194","Stat_(Space Flight)v(Ground Control)",1,"flight_positive"
"REACTOME_DNA_REPLICATION",1.71537581853069e-16,9.39168260645554e-15,1.04762648849882,-0.524940133011124,-2.6146705605652,165,"reactome","Pola1; Uba52; Anapc15; Psma7; Gmnn; H2ac19; Rps27a; Psmc1; H4c1; Sem1; H2aj; Psmd2; H3c3; Pold2; Psmc3; H3c7; Cdc26; H2ac13; H4c4; Skp1; Rfc4; Rfc3; Psma5; Psmb6; Psmd14; Rnaseh1; H3c1; Orc1; H2ac20; Pole3; Psmd8; H2bc7; Gins4; Psmb1; H3c11; Psma1; H4c2; H4c3; Psmb7; H4c12; Anapc11; H2ac4; H4c11; H2ac10; Rbx1; H2bc14; Gins2; Psmc5; Psma2; H4c18; H3f3b; Psma4; Pold4; Top3a; Cdc16; Mcm4; H2bc18; Psmb3; Ube2s; H4c6; H4c8; Psma6; Psmb4; Pcna; Psmd3; Psmd6; Psma3; Pole4; H3c8; Cul1; Orc6; H2bc3; H2ax; Gins3; H3c4; Psmd12; Psmd13; Adrm1; H2bc21; H3f3a; H4c17; Psmd1; Orc2; Mcm5; Mgme1; Mcm3; Psmc2; Fen1; H2ac18; H2az2; Mcm2; Rfc5; H2bc8; Ubb; H2bc4; H3c10; Polrmt; Rpa3; Exog; Rpa2; Gins1; H2ac7; Psmb2; Mcm7; Cdc23; Pold3; Psmb5; Anapc16; Polg2","eye","RR-3","GLDS-194","Stat_(Space Flight)v(Ground Control)",1,"flight_positive"
"REACTOME_DNA_REPLICATION_PRE_INITIATION",6.47836509453869e-15,3.2244589902363e-13,0.996986217533181,-0.545765405983067,-2.60919208310472,130,"reactome","Pola1; Uba52; Anapc15; Psma7; Gmnn; H2ac19; Rps27a; Psmc1; H4c1; Sem1; H2aj; Psmd2; H3c3; Psmc3; H3c7; Cdc26; H2ac13; H4c4; Psma5; Psmb6; Psmd14; H3c1; Orc1; H2ac20; Pole3; Psmd8; H2bc7; Psmb1; H3c11; Psma1; H4c2; H4c3; Psmb7; H4c12; Anapc11; H2ac4; H4c11; H2ac10; H2bc14; Psmc5; Psma2; H4c18; H3f3b; Psma4; Cdc16; Mcm4; H2bc18; Psmb3; Ube2s; H4c6; H4c8; Psma6; Psmb4; Psmd3; Psmd6; Psma3; Pole4; H3c8; Orc6; H2bc3; H2ax; H3c4; Psmd12; Psmd13; Adrm1; H2bc21; H3f3a; H4c17; Psmd1; Orc2; Mcm5; Mcm3; Psmc2; H2ac18; H2az2; Mcm2; H2bc8; Ubb; H2bc4; H3c10","eye","RR-3","GLDS-194","Stat_(Space Flight)v(Ground Control)",1,"flight_positive"
"REACTOME_DNA_STRAND_ELONGATION",0.00188856506003748,0.00952985594811538,0.45505986738723,-0.50117349126919,-1.81571980134941,32,"reactome","Pola1; Pold2; Rfc4; Rfc3; Gins4; Gins2; Pold4; Mcm4; Pcna; Gins3; Mcm5; Mcm3; Fen1; Mcm2; Rfc5; Rpa3; Rpa2; Gins1; Mcm7; Pold3","eye","RR-3","GLDS-194","Stat_(Space Flight)v(Ground Control)",1,"flight_positive"
"REACTOME_DOPAMINE_NEUROTRANSMITTER_RELEASE_CYCLE",0.348453608247423,0.521965391287179,0.101350743797099,0.329526484170427,1.08285139070786,23,"reactome","Syt1; Stxbp1; Vamp2; Syn3; Ppfia1; Syn1","eye","RR-3","GLDS-194","Stat_(Space Flight)v(Ground Control)",1,"flight_positive"
"REACTOME_DOWNREGULATION_OF_ERBB2_SIGNALING",0.120229007633588,0.251172175698057,0.176694268938498,-0.37246780435029,-1.31708371111217,29,"reactome","Akt3; Uba52; Rps27a; Matk; Stub1","eye","RR-3","GLDS-194","Stat_(Space Flight)v(Ground Control)",1,"flight_positive"
"REACTOME_DOWNREGULATION_OF_SMAD2_3_SMAD4_TRANSCRIPTIONAL_ACTIVITY",0.24896265560166,0.423106646058733,0.12384217120105,0.327686960318209,1.15714307179252,31,"reactome","Rnf111; Ncor2; Trim33; Ski; Usp9x; Ncor1; Hdac1; Ubc; Atp1b4; Smad3; Mapk3; Nedd4l","eye","RR-3","GLDS-194","Stat_(Space Flight)v(Ground Control)",1,"flight_positive"
"REACTOME_DOWNREGULATION_OF_TGF_BETA_RECEPTOR_SIGNALING",0.09375,0.210361168032787,0.204294756516886,-0.402659067913499,-1.35755867036734,25,"reactome","Ppp1r15a; Uba52; Rps27a; Stub1; Ppp1ca; Smad2","eye","RR-3","GLDS-194","Stat_(Space Flight)v(Ground Control)",1,"flight_positive"
"REACTOME_DOWNSTREAM_SIGNALING_EVENTS_OF_B_CELL_RECEPTOR_BCR",4.75738867735498e-05,0.000399925217472501,0.557332238758646,-0.463217431473328,-1.98414289225234,68,"reactome","Uba52; Psma7; Rps27a; Psmc1; Bcl10; Sem1; Psmd2; Psmc3; Skp1; Ppia; Psma5; Psmb6; Nfkb1; Psmd14; Psmd8; Psmb1; Psma1; Psmb7; Hras; Psmc5; Psma2; Psma4; Psmb3; Psma6; Psmb4; Psmd3; Psmd6; Psma3; Cul1; Nfkbib; Calm1; Card11; Psmd12; Psmd13; Adrm1; Psmd1","eye","RR-3","GLDS-194","Stat_(Space Flight)v(Ground Control)",1,"flight_positive"
"REACTOME_DOWNSTREAM_SIGNALING_OF_ACTIVATED_FGFR1",0.287474332648871,0.460884911054924,0.11331290842208,0.329495128082576,1.14286265787361,28,"reactome","Kras; Gab1; Frs2; Sos1; Grb2; Flrt1; Fgfr1","eye","RR-3","GLDS-194","Stat_(Space Flight)v(Ground Control)",1,"flight_positive"
"REACTOME_DOWNSTREAM_SIGNALING_OF_ACTIVATED_FGFR2",0.445807770961145,0.607675906183369,0.0865399737444125,0.297358768757238,1.01437696682057,27,"reactome","Kras; Gab1; Frs2; Sos1; Grb2","eye","RR-3","GLDS-194","Stat_(Space Flight)v(Ground Control)",1,"flight_positive"
"REACTOME_DOWNSTREAM_SIGNALING_OF_ACTIVATED_FGFR3",0.25979381443299,0.43298969072165,0.120433371642259,0.352822554527906,1.15940421239723,23,"reactome","Kras; Gab1; Frs2; Sos1; Grb2","eye","RR-3","GLDS-194","Stat_(Space Flight)v(Ground Control)",1,"flight_positive"
"REACTOME_DOWNSTREAM_SIGNALING_OF_ACTIVATED_FGFR4",0.291060291060291,0.464593321736179,0.11331290842208,0.336777974351279,1.11488487183672,24,"reactome","Kras; Gab1; Frs2; Sos1; Grb2","eye","RR-3","GLDS-194","Stat_(Space Flight)v(Ground Control)",1,"flight_positive"
"REACTOME_DOWNSTREAM_SIGNAL_TRANSDUCTION",0.320083682008368,0.491949163525146,0.107554375265169,0.317258844294438,1.09909593229975,29,"reactome","Kras; Pdgfrb; Sos1; Grb2; Pik3cb; Pdgfra; Crkl; Rapgef1; Pdgfb; Plcg1; Stat3","eye","RR-3","GLDS-194","Stat_(Space Flight)v(Ground Control)",1,"flight_positive"
"REACTOME_DOWNSTREAM_TCR_SIGNALING",1.75862332775102e-05,0.000175438452362408,0.575610261071129,-0.449674935146838,-1.95954751746263,74,"reactome","Uba52; Psma7; Rps27a; Psmc1; Bcl10; Ripk2; Sem1; Psmd2; Psmc3; Skp1; Psma5; Psmb6; Nfkb1; Psmd14; Cdc34; Psmd8; Psmb1; Psma1; Psmb7; Psmc5; Psma2; Psma4; Psmb3; Psma6; Psmb4; Psmd3; Psmd6; Psma3; Cul1; Card11; Psmd12; Psmd13; Ube2v1; Adrm1; Psmd1","eye","RR-3","GLDS-194","Stat_(Space Flight)v(Ground Control)",1,"flight_positive"
"REACTOME_DRUG_ADME",0.884691848906561,0.92879920858359,0.051011413203915,-0.17965625276195,-0.78439515554068,77,"reactome","Pon1; Nudt15; Nme2; Acsm2; Vav3; Slc22a8; Sult1a1; Slc16a1; Ggt6; Slc28a3; Ggt1; Guk1; Acy1; Hprt; Bsg; Slc22a7; Cndp2","eye","RR-3","GLDS-194","Stat_(Space Flight)v(Ground Control)",1,"flight_positive"
"REACTOME_DUAL_INCISION_IN_GG_NER",0.000979727824976427,0.005580443513709,0.45505986738723,-0.485684445430332,-1.85486023881837,41,"reactome","Uba52; Rps27a; Pold2; Rfc4; Rfc3; Xpa; Pole3; Rbx1; Gtf2h5; Pold4; Cul4a; Chd1l; Pcna; Ercc5; Pole4; Parp1; Ercc1; Gtf2h2; Rfc5; Ubb; Ercc3; Rpa3; Rpa2; Gtf2h1; Pold3","eye","RR-3","GLDS-194","Stat_(Space Flight)v(Ground Control)",1,"flight_positive"
"REACTOME_DUAL_INCISION_IN_TC_NER",0.00117245293420908,0.00647634602295892,0.45505986738723,-0.416983586546328,-1.76182319465333,63,"reactome","Uba52; Polr2h; Rps27a; Pold2; Rfc4; Polr2f; Rfc3; Xpa; Zfp830; Polr2i; Pole3; Polr2l; Rbx1; Polr2k; Cdk7; Gtf2h5; Pold4; Cul4a; Pcna; Polr2j; Ercc5; Pole4; Ppie; Ercc8; Ercc1; Polr2g; Gtf2h2; Polr2c; Polr2d; Rfc5; Mnat1; Ubb; Ercc3; Rpa3; Rpa2; Isy1; Gtf2h1; Pold3","eye","RR-3","GLDS-194","Stat_(Space Flight)v(Ground Control)",1,"flight_positive"
"REACTOME_E2F_MEDIATED_REGULATION_OF_DNA_REPLICATION",0.493096646942801,0.648967341829768,0.0791316651768349,-0.305760809718254,-0.990253374768886,22,"reactome","Pola1; Orc1; Ppp2r1a; Ppp2cb; Orc6; Ppp2ca; E2f1; Orc2","eye","RR-3","GLDS-194","Stat_(Space Flight)v(Ground Control)",1,"flight_positive"
"REACTOME_E3_UBIQUITIN_LIGASES_UBIQUITINATE_TARGET_PROTEINS",0.0967117988394584,0.213938221675166,0.199915231309662,-0.323547781083229,-1.30343136775264,52,"reactome","Uba52; Rps27a; Bcl10; Pex2; H2bc7; Pex5; Wdr61; Leo1; H2bc14; H2bc18; Rad18; Pex14; Pcna; Ube2l3; Rnf181; Ube2j2; Selenos; H2bc3","eye","RR-3","GLDS-194","Stat_(Space Flight)v(Ground Control)",1,"flight_positive"
"REACTOME_EARLY_SARS_COV_2_INFECTION_EVENTS",0.653688524590164,0.757291242629969,0.0667426134241917,0.239172036456088,0.875972470316436,35,"reactome","Sdc3; Rb1; Gpc6; Uvrag; Pik3r4","eye","RR-3","GLDS-194","Stat_(Space Flight)v(Ground Control)",1,"flight_positive"
"REACTOME_ECM_PROTEOGLYCANS",0.310416666666667,0.480500246832319,0.109250039480711,0.251238948961867,1.08249445745039,73,"reactome","Fn1; Ptprs; Ncam1; Tgfb2; Dag1; Tnr; Tnxb; Lamc1; Col5a3; Itga8; Aspn; Hspg2; Col4a2; Itga9; Lrp4; Lama4; Lama2; Col2a1; Tgfb1; Col4a1; Agrn; Bgn; Col9a1; Tnc; Col4a4; Lama1; Ncan; Col6a2","eye","RR-3","GLDS-194","Stat_(Space Flight)v(Ground Control)",1,"flight_positive"
"REACTOME_EFFECTS_OF_PIP2_HYDROLYSIS",0.811860940695297,0.882808073546524,0.0562940749700968,0.221861180683993,0.756832806572418,27,"reactome","Dgkh; Dagla; Dgkk; Prkce","eye","RR-3","GLDS-194","Stat_(Space Flight)v(Ground Control)",1,"flight_positive"
"REACTOME_EGFR_DOWNREGULATION",0.20954356846473,0.378630705394191,0.136490437780413,0.343815362451059,1.21409641765953,31,"reactome","Ptpn12; Ptpn3; Cbl; Arhgef7; Sh3gl2; Stam2; Grb2; Hgs; Ubc; Stam","eye","RR-3","GLDS-194","Stat_(Space Flight)v(Ground Control)",1,"flight_positive"
"REACTOME_EGR2_AND_SOX10_MEDIATED_INITIATION_OF_SCHWANN_CELL_MYELINATION",0.121149897330595,0.25124836662311,0.183023938384487,0.376616315313609,1.30630375514994,28,"reactome","Dag1; Tead1; Lamc1; Smarca4; Adgrv1; Mpz; Sox10; Srebf2; Pou3f2; Lama2; Wwtr1","eye","RR-3","GLDS-194","Stat_(Space Flight)v(Ground Control)",1,"flight_positive"
"REACTOME_ELASTIC_FIBRE_FORMATION",0.868852459016393,0.917043438447891,0.0532386494755899,0.195264604865306,0.753952558121951,42,"reactome","Fn1; Tgfb2; Itga5; Mfap2; Ltbp3; Itga8; Ltbp4; Furin; Mfap5; Tgfb1; Fbn2","eye","RR-3","GLDS-194","Stat_(Space Flight)v(Ground Control)",1,"flight_positive"
"REACTOME_ELEVATION_OF_CYTOSOLIC_CA2_LEVELS",0.992094861660079,0.99858638630891,0.0454967810085007,-0.155244376782963,-0.456983412829902,16,"reactome","P2rx2; Trpc6; P2rx4; Orai2; P2rx5; Trpc3; Trpc7; Itpr1; P2rx6; Itpr3","eye","RR-3","GLDS-194","Stat_(Space Flight)v(Ground Control)",1,"flight_positive"
"REACTOME_ENDOGENOUS_STEROLS",0.534042553191489,0.677278963586064,0.0789209638180035,0.308230875773728,0.940623524708395,19,"reactome","Ncoa2; Ncoa1; Arnt; Cyp39a1; Ahr; Cyp1b1","eye","RR-3","GLDS-194","Stat_(Space Flight)v(Ground Control)",1,"flight_positive"
"REACTOME_ENDOSOMAL_SORTING_COMPLEX_REQUIRED_FOR_TRANSPORT_ESCRT",0.00670463294997221,0.026219903857927,0.407017918923954,-0.48823382314165,-1.73997868703769,30,"reactome","Uba52; Rps27a; Chmp4b; Chmp3; Chmp5; Mvb12a; Vps37d; Vps4a; Chmp6; Chmp2a; Snf8; Chmp7; Vps28; Vta1","eye","RR-3","GLDS-194","Stat_(Space Flight)v(Ground Control)",1,"flight_positive"
"REACTOME_ENERGY_DEPENDENT_REGULATION_OF_MTOR_BY_LKB1_AMPK",0.623430962343096,0.73826860841424,0.070113215764256,0.256767060489022,0.88953117243955,29,"reactome","Prkab2; Prkaa2; Slc38a9; Rptor; Rraga; Mtor","eye","RR-3","GLDS-194","Stat_(Space Flight)v(Ground Control)",1,"flight_positive"
"REACTOME_EPHA_MEDIATED_GROWTH_CONE_COLLAPSE",0.619246861924686,0.735775961128074,0.0704500850658419,0.258366377195132,0.895071766556174,29,"reactome","Myh10; Efna5; Rock1; Epha5; Rock2","eye","RR-3","GLDS-194","Stat_(Space Flight)v(Ground Control)",1,"flight_positive"
"REACTOME_EPHB_MEDIATED_FORWARD_SIGNALING",0.836065573770492,0.901962367762255,0.0550211117163117,0.2039262618832,0.787396809171551,42,"reactome","Wasl; Kalrn; Itsn1; Rock1; Efnb2; Rock2; Ephb1; Grin1; Ephb2; Grin2b; Actr2","eye","RR-3","GLDS-194","Stat_(Space Flight)v(Ground Control)",1,"flight_positive"
"REACTOME_EPHRIN_SIGNALING",0.604255319148936,0.727098433481412,0.0725351864394589,0.28976942381977,0.884284989626289,19,"reactome","Arhgef7; Git1; Efnb2; Ephb1; Ephb2; Efnb3; Pak2; Pak3; Ephb4","eye","RR-3","GLDS-194","Stat_(Space Flight)v(Ground Control)",1,"flight_positive"
"REACTOME_EPH_EPHRIN_MEDIATED_REPULSION_OF_CELLS",0.451745379876797,0.612204444263728,0.0860347242455604,0.245959884702659,0.993032981633313,51,"reactome","Adam10; Efna5; Ap2m1; Ncstn; Dnm1; Efnb2; Epha5; Ephb1; Cltc; Ephb2; Psen1; Ap2b1; Psen2","eye","RR-3","GLDS-194","Stat_(Space Flight)v(Ground Control)",1,"flight_positive"
"REACTOME_EPH_EPHRIN_SIGNALING",0.28,0.45258437653933,0.11331290842208,0.242583427456356,1.09945594810486,92,"reactome","Wasl; Kalrn; Adam10; Itsn1; Myh10; Arhgef7; Efna5; Ap2m1; Ncstn; Rock1; Dnm1; Git1; Efnb2; Epha5; Rock2; Ephb1; Cltc; Grin1; Myh9; Ephb2; Psen1; Grin2b; Ap2b1; Psen2; Actr2","eye","RR-3","GLDS-194","Stat_(Space Flight)v(Ground Control)",1,"flight_positive"
"REACTOME_EPIGENETIC_REGULATION_BY_WDR5_CONTAINING_HISTONE_MODIFYING_COMPLEXES",0.0357825860319449,0.0982003300876683,0.321775918075361,0.276461859764594,1.35203998388142,147,"reactome","Setd1a; Kmt2a; Setd1b; Ncoa2; Rb1; Kmt2c; Ncor2; Ep300; Crebbp; Ncoa1; Ppargc1b; Ncoa6; Med12; Med13; Hcfc1; Kmt2d; Kdm6a; Med24; Bod1l; Phf20l1; Kansl1; Ncoa3; Pnpla2; Tbl1x; Elovl5; Ppargc1a; H3c15; Ogt; Abl1; Med14; Scd1; Kat2a; Yeats2; Ncor1; Lpl","eye","RR-3","GLDS-194","Stat_(Space Flight)v(Ground Control)",1,"flight_positive"
"REACTOME_EPIGENETIC_REGULATION_OF_GENE_EXPRESSION",0.00427331462733704,0.0183501157526826,0.407017918923954,0.2658807009131,1.40821687194239,277,"reactome","Atf7ip; Jarid2; Setd1a; Kmt2a; Arid4b; Setd1b; Arid1b; Ncoa2; Sap130; Rb1; Tet2; Kmt2c; Tet3; Ncor2; Arid1a; Gatad2b; Baz2a; Ep300; Crebbp; Ncoa1; Mybbp1a; Ppargc1b; Ncoa6; Med12; Med13; Hcfc1; Aebp2; Ercc6; Dnmt3a; Kmt2d; Kdm6a; Pphln1; Med24; Gsk3b; Bod1l; Phf20l1; Kansl1; Ncoa3; Pnpla2; Tbl1x; Chd4; Elovl5; Ppargc1a; Dek; H3c15; Zfp160; Ogt; Suz12; Abl1; Med14; Scd1; Baz1b; Mbd3; Smarcd1; Smarca4; Kat2a; Yeats2; Ncor1; Lpl; Hdac1; Mbip","eye","RR-3","GLDS-194","Stat_(Space Flight)v(Ground Control)",1,"flight_positive"
"REACTOME_EPIGENETIC_REGULATION_OF_GENE_EXPRESSION_BY_MLL3_AND_MLL4_COMPLEXES",0.147859922178988,0.292058938019925,0.159646701919906,-0.248756096273348,-1.17683129919982,116,"reactome","Med10; Gpam; Ncoa4; H2ac19; H4c1; Hdac3; H2aj; H3c3; H3c7; H2ac13; H4c4; H3c1; H2ac20; H2bc7; H3c11; H4c2; H4c3; H4c12; H2ac4; H4c11; H2ac10; Med4; Cidec; H2bc14; H4c18; Med27; H3f3b; Med30; H2bc18; H4c6; H4c8","eye","RR-3","GLDS-194","Stat_(Space Flight)v(Ground Control)",1,"flight_positive"
"REACTOME_ERBB2_REGULATES_CELL_MOTILITY",0.200819672131148,0.365886091486866,0.13880510939114,0.419943079989392,1.20942750816557,15,"reactome","Memo1; Diaph1; Nrg4; Nrg3; Egf; Rhoa; Nrg1; Erbb4; Erbb2","eye","RR-3","GLDS-194","Stat_(Space Flight)v(Ground Control)",1,"flight_positive"
"REACTOME_ERCC6_CSB_AND_EHMT2_G9A_POSITIVELY_REGULATE_RRNA_EXPRESSION",2.34446281779472e-05,0.000227184671281877,0.575610261071129,-0.490810928801851,-2.01432936345686,57,"reactome","H2ac19; H4c1; H2aj; H3c3; H3c7; H2ac13; H4c4; H3c1; H2ac20; H2bc7; H3c11; H4c2; H4c3; H4c12; H2ac4; H4c11; H2ac10; H2bc14; H4c18; H3f3b; H2bc18; H4c6; Ehmt2; H4c8; Hdac2; H3c8; H2bc3; H2ax; H3c4; H2bc21; H3f3a; H4c17; Rbbp7; H2ac18; H2az2; H2bc8; H2bc4; H3c10","eye","RR-3","GLDS-194","Stat_(Space Flight)v(Ground Control)",1,"flight_positive"
"REACTOME_ERK_MAPK_TARGETS",0.353057199211045,0.526699772664979,0.0978773277424561,-0.331307444099064,-1.07299007648319,22,"reactome","Dusp6; Ppp2r1a; Ppp2r5d; Ppp2cb; Mapk11; Dusp4; Ppp2ca; Rps6ka1","eye","RR-3","GLDS-194","Stat_(Space Flight)v(Ground Control)",1,"flight_positive"
"REACTOME_ER_QUALITY_CONTROL_COMPARTMENT_ERQC",0.590534979423868,0.714514698860924,0.072003313661988,0.27878577705938,0.891173599473915,21,"reactome","Marchf6; Uggt1; Syvn1; Ubc; Rnf5; Rnf103","eye","RR-3","GLDS-194","Stat_(Space Flight)v(Ground Control)",1,"flight_positive"
"REACTOME_ER_TO_GOLGI_ANTEROGRADE_TRANSPORT",0.0577689243027888,0.144422310756972,0.266350657088526,-0.262665522946432,-1.28668231751205,147,"reactome","Gosr2; Dctn5; Tmed2; Copz2; Tubb3; Rab1b; Arfgap3; Tuba1c; Kdelr1; Tubb4b; Trappc6b; Ykt6; Tuba1b; Actr1a; Trappc3; Ins2; Kdelr2; Capza2; Tmed3; Cnih3; Arf5; Tubb2a; Copg2; Tuba8; Cog4; Copz1; Bet1l; Copb2; Trappc6a; Trappc1; Dctn2; Mcfd2; Sptbn4; Ppp6c; Arf1; Tubb2b; Trappc5; Capza1; Napb; Dctn3; Dync1li1; Ctsz; Tmem115; Sec31a; Cog6; Arcn1; Tuba1a; Dynll1; Trappc9; Trappc4; Tuba4a; Trappc2; Dync1i1","eye","RR-3","GLDS-194","Stat_(Space Flight)v(Ground Control)",1,"flight_positive"
"REACTOME_ESR_MEDIATED_SIGNALING",0.0353582865928309,0.0977710197453279,0.321775918075361,-0.251743625291419,-1.28954759048597,200,"reactome","Ctsd; Akt3; Gpam; Polr2h; H2ac19; Kat2b; Gng4; H4c1; H2aj; H3c3; H3c7; Jund; H2ac13; H4c4; Kat5; Polr2f; Gnb2; Polr2i; H3c1; H2ac20; H2bc7; Polr2l; H3c11; H4c2; Gng10; H4c3; H4c12; Hras; Gng8; H2ac4; Ccnd1; H4c11; H2ac10; Polr2k; H2bc14; H4c18; H3f3b; H2bc18; Fkbp4; H4c6; Gngt2; Hsp90aa1; H4c8; Gngt1; Esr2; Usf1; Kank1; Polr2j; H3c8; H2bc3; Mmp3; H2ax; Btc; Gnai2; H3c4; Calm1; Gnb3; H2bc21; H3f3a; Gnai3; H4c17; Gng11; Polr2g; Polr2c; Gng2; H2ac18; H2az2; Polr2d; Ebag9; H2bc8; H2bc4; H3c10; Gtf2f1","eye","RR-3","GLDS-194","Stat_(Space Flight)v(Ground Control)",1,"flight_positive"
"REACTOME_ESTROGEN_DEPENDENT_GENE_EXPRESSION",0.00882265628950458,0.0333131332310604,0.380730400722792,-0.296114562844606,-1.41566278220671,130,"reactome","Ctsd; Gpam; Polr2h; H2ac19; Kat2b; H4c1; H2aj; H3c3; H3c7; Jund; H2ac13; H4c4; Kat5; Polr2f; Polr2i; H3c1; H2ac20; H2bc7; Polr2l; H3c11; H4c2; H4c3; H4c12; H2ac4; Ccnd1; H4c11; H2ac10; Polr2k; H2bc14; H4c18; H3f3b; H2bc18; Fkbp4; H4c6; Hsp90aa1; H4c8; Usf1; Kank1; Polr2j; H3c8; H2bc3; H2ax; H3c4; H2bc21; H3f3a; H4c17; Polr2g; Polr2c; H2ac18; H2az2; Polr2d; Ebag9; H2bc8; H2bc4; H3c10; Gtf2f1","eye","RR-3","GLDS-194","Stat_(Space Flight)v(Ground Control)",1,"flight_positive"
"REACTOME_ESTROGEN_DEPENDENT_NUCLEAR_EVENTS_DOWNSTREAM_OF_ESR_MEMBRANE_SIGNALING",0.971209213051823,0.992046724152749,0.0451344222209097,-0.171064019741257,-0.571650659139541,24,"reactome","Akt3","eye","RR-3","GLDS-194","Stat_(Space Flight)v(Ground Control)",1,"flight_positive"
"REACTOME_EUKARYOTIC_TRANSLATION_ELONGATION",1.44182239877257e-47,7.89397763327982e-45,1.79734246412339,-0.860795298684338,-3.82085109971657,84,"reactome","Eef1a1; Rpl27a; Rpl6; Rpl26; Rps6; Rps7; Rps5; Rpl7; Rpl7a; Rpl30; Rps3a1; Rpl14; Eef1g; Rps4x; Uba52; Rpl39; Rpl8; Rpl18a; Rpl13; Rpl36a; Rplp1; Eef1d; Rps25; Rps9; Rpl3; Rpl23; Rpl32; Rpl29; Rpl17; Rpl36al; Rpl35a; Rps24; Rps29; Rps11; Rplp2; Rps19; Rps26; Rps10; Rps27a; Rpl22l1; Rpl9; Rpsa; Rps28; Rpl5; Rps15a; Rps20; Rpl36; Rps3; Rpl38; Rps13; Rps17; Rpl37a; Rpl21; Rps16; Rpl27; Rpl19; Rpl10; Eef2; Rpl35; Rps14; Rpl24; Rps12; Rpl4; Rpl22; Rpl18; Rps27; Rps21; Rps2; Rps15; Rps23; Fau; Rpl13a; Eef1b2; Rpl31; Rps18","eye","RR-3","GLDS-194","Stat_(Space Flight)v(Ground Control)",1,"flight_positive"
"REACTOME_EUKARYOTIC_TRANSLATION_INITIATION",1.6030675596641e-37,4.38839744458047e-35,1.5959566534683,-0.760214943808438,-3.55562672058992,111,"reactome","Rpl27a; Rpl6; Rpl26; Rps6; Rps7; Rps5; Rpl7; Rpl7a; Rpl30; Rps3a1; Rpl14; Rps4x; Uba52; Rpl39; Rpl8; Rpl18a; Rpl13; Rpl36a; Rplp1; Rps25; Rps9; Rpl3; Rpl23; Rpl32; Rpl29; Rpl17; Rpl36al; Rpl35a; Rps24; Rps29; Rps11; Rplp2; Rps19; Rps26; Rps10; Eif2b4; Rps27a; Rpl22l1; Rpl9; Rpsa; Rps28; Rpl5; Rps15a; Rps20; Rpl36; Rps3; Rpl38; Eif4h; Eif3k; Rps13; Rps17; Rpl37a; Rpl21; Rps16; Rpl27; Eif4e; Rpl19; Rpl10; Eif4a2; Rpl35; Rps14; Rpl24; Rps12; Rpl4; Rpl22; Rpl18; Rps27; Eif3i; Rps21; Rps2; Rps15; Rps23; Eif3g; Fau; Eif3l; Eif4a1; Rpl13a; Rpl31; Eif2b3; Rps18; Eif2s1","eye","RR-3","GLDS-194","Stat_(Space Flight)v(Ground Control)",1,"flight_positive"
"REACTOME_EVASION_BY_RSV_OF_HOST_INTERFERON_RESPONSES",0.704633204633205,0.802051308808066,0.0602484086158019,-0.263903768046596,-0.836066171975209,20,"reactome","Uba52; Rps27a; Elob; Rbx1; Stat2","eye","RR-3","GLDS-194","Stat_(Space Flight)v(Ground Control)",1,"flight_positive"
"REACTOME_EXPORT_OF_VIRAL_RIBONUCLEOPROTEINS_FROM_NUCLEUS",0.0146545874928913,0.0474756606648402,0.380730400722792,0.446725809582458,1.58453256865823,32,"reactome","Nup160; Pom121; Nup98; Nup153; Nup214; Nup155; Tpr; Nup188; Ranbp2; Nup93","eye","RR-3","GLDS-194","Stat_(Space Flight)v(Ground Control)",1,"flight_positive"
"REACTOME_EXPRESSION_OF_BMAL_ARNTL_CLOCK_AND_NPAS2",9.29744789464556e-10,3.28409853052803e-08,0.801215574617779,0.714212196623226,2.63032127661481,36,"reactome","Chd9; Ncoa2; Tgs1; Ep300; Rai1; Crebbp; Ncoa1; Nrip1; Clock; Ncoa6; Crtc1; Mef2d; Crtc2; Crtc3; Rora; Npas2; Tbl1x; Ppargc1a; Nr1d1; Carm1; Ncor1","eye","RR-3","GLDS-194","Stat_(Space Flight)v(Ground Control)",1,"flight_positive"
"REACTOME_EXTENSION_OF_TELOMERES",0.0399951058380027,0.108671565490355,0.321775918075361,-0.348494038998825,-1.39658216709771,51,"reactome","Pola1; Nop10; Pold2; Stn1; Rfc4; Rfc3; Ruvbl2; Ctc1; Pold4; Wrap53; Wrn; Pcna; Terf2ip; Ppp6c; Ten1; Chtf8; Tinf2; Nhp2; Fen1; Ruvbl1; Rfc5; Rpa3; Rpa2","eye","RR-3","GLDS-194","Stat_(Space Flight)v(Ground Control)",1,"flight_positive"
"REACTOME_EXTRACELLULAR_MATRIX_ORGANIZATION",0.020730520471629,0.0623624173528399,0.352487857583619,0.239799507366842,1.28343825504019,294,"reactome","Cd44; Prkca; Fn1; Adamts5; Sdc3; Ptprs; Vwf; Capn15; Ncam1; Adamts3; Adam10; Jam2; Cd47; Tgfb2; Capns2; Kdr; Sntb2; Dst; Acta1; Sgca; Dag1; Tnr; Ncstn; Itga1; Tnxb; Actn1; Sgcb; Plod2; Dmd; Lamc1; Mmp17; Adamts4; Itga5; Ddr1; P3h2; Plod1; Mfap2; Col5a3; Phykpl; Actc1; Lamc3; Adam19; Ltbp3; Icam2; Nid1; Itga8; Aspn; Sgcg; Col10a1; Hspg2; Adam12; Col4a2; Sntg2; Psen1; Ltbp4; Itga9; Lrp4; Sgcd; Pxdn; Lama4; Sh3pxd2a; Furin; Col15a1; Itga4; Col26a1; Itga6; Pecam1; Mfap5; Pdgfb; Lama2; Itga11; Col2a1","eye","RR-3","GLDS-194","Stat_(Space Flight)v(Ground Control)",1,"flight_positive"
"REACTOME_EXTRA_NUCLEAR_ESTROGEN_SIGNALING",0.793436293436293,0.868812741312741,0.0546808488785442,-0.191518658342835,-0.834580453947089,74,"reactome","Akt3; Gng4; Gnb2; Gng10; Hras; Gng8; Ccnd1; Gngt2; Hsp90aa1; Gngt1; Esr2; Mmp3; Btc; Gnai2; Calm1; Gnb3; Gnai3; Gng11","eye","RR-3","GLDS-194","Stat_(Space Flight)v(Ground Control)",1,"flight_positive"
"REACTOME_FACTORS_INVOLVED_IN_MEGAKARYOCYTE_DEVELOPMENT_AND_PLATELET_PRODUCTION",0.106930693069307,0.230944987989923,0.191892240384838,-0.250772887120908,-1.20266129888084,133,"reactome","Kif23; Phf21a; Tubb3; Mafk; H3c3; H3c7; Tuba1c; Tubb4b; H3c1; Tuba1b; Kif5a; Jak2; H3c11; Hbb-bt; Capza2; Kifc2; Kif18b; Dock11; Klc1; H3f3b; Tubb2a; Tuba8; Hdac2; Cdc42; Vps45; Klc2; H3c8; Ehd1; Rbsn; Racgap1; Tubb2b; Capza1; Nfe2; Kif3c; H3c4; Irf1; H3f3a; Kif11; Itpk1; Prkar2b; Cdk5; Mical1; Tuba1a; Kif5b; Tuba4a; Kif22; Actb; Kif27; Ehd3; H3c10; Kif3a","eye","RR-3","GLDS-194","Stat_(Space Flight)v(Ground Control)",1,"flight_positive"
"REACTOME_FANCONI_ANEMIA_PATHWAY",0.117296222664016,0.246998776571341,0.183023938384487,-0.345540484368132,-1.28919686597181,37,"reactome","Uba52; Cenpx; Faap20; Fancl; Mus81; Rps27a","eye","RR-3","GLDS-194","Stat_(Space Flight)v(Ground Control)",1,"flight_positive"
"REACTOME_FATTY_ACID_METABOLISM",0.0265145488770033,0.0763933396030106,0.352487857583619,-0.262883703913263,-1.30835304314728,161,"reactome","Pon1; Ptges; Them4; Scp2; Ptgis; Them5; Acbd5; Alox5ap; Mapkapk2; Echs1; Gpx4; Prxl2b; Nudt19; Mmut; Tecr; Ephx2; Ptgr2; Mcee; H2-Ke6; Acot9; Acaa2; Mcat; Fads2; Ehhadh; Elovl1; Acaa1a; Decr2; Acot13; Acot7; Hacl1; Acbd4; Thrsp; Hsd17b12; Hacd1; Ggt1; Dpep2; Eci1; Hadhb; Mlycd; Slc22a5; Decr1; Pla2g4a; Slc25a20; Cbr1; Faah; Acsl5; Aldh3a2; Ptgs1; Gpx1; Amacr; Ptgr1; Hsd17b4; Elovl7; Acot2; Acot8; Ptges2; Tbxas1; Ptges3; Acoxl","eye","RR-3","GLDS-194","Stat_(Space Flight)v(Ground Control)",1,"flight_positive"
"REACTOME_FATTY_ACYL_COA_BIOSYNTHESIS",0.238095238095238,0.411870909501241,0.126875729929857,0.323191763696781,1.16073428775015,33,"reactome","Acaca; Elovl5; Elovl3; Fasn; Acsl4; Scd1; Acsbg1; Hacd2; Morc2a; Scd2; Ppt2","eye","RR-3","GLDS-194","Stat_(Space Flight)v(Ground Control)",1,"flight_positive"
"REACTOME_FBXL7_DOWN_REGULATES_AURKA_DURING_MITOTIC_ENTRY_AND_IN_EARLY_MITOSIS",4.24875194985776e-07,7.26934903920976e-06,0.674962860011025,-0.613092270616617,-2.36345551262689,42,"reactome","Uba52; Psma7; Rps27a; Psmc1; Sem1; Psmd2; Psmc3; Skp1; Psma5; Psmb6; Psmd14; Psmd8; Psmb1; Psma1; Psmb7; Rbx1; Psmc5; Psma2; Psma4; Psmb3; Psma6; Psmb4; Psmd3; Psmd6; Psma3; Cul1; Aurka; Psmd12; Psmd13; Adrm1; Psmd1; Psmc2","eye","RR-3","GLDS-194","Stat_(Space Flight)v(Ground Control)",1,"flight_positive"
"REACTOME_FCERI_MEDIATED_CA_2_MOBILIZATION",0.115062761506276,0.244173883429016,0.190023305279108,0.387635436604293,1.34290513644945,29,"reactome","Ppp3cb; Ahcyl1; Nfatc3; Sos1; Grb2; Nfatc1; Lat; Ppp3r1","eye","RR-3","GLDS-194","Stat_(Space Flight)v(Ground Control)",1,"flight_positive"
"REACTOME_FCERI_MEDIATED_MAPK_ACTIVATION",0.83125,0.897651627218935,0.0560595875032335,0.211705821761652,0.741642585938119,30,"reactome","Kras; Sos1; Grb2; Lat; Mapk3; Map3k1","eye","RR-3","GLDS-194","Stat_(Space Flight)v(Ground Control)",1,"flight_positive"
"REACTOME_FCERI_MEDIATED_NF_KB_ACTIVATION",4.05946279135101e-05,0.000350008799726721,0.557332238758646,-0.481047715017721,-2.04608385473555,66,"reactome","Uba52; Psma7; Rps27a; Psmc1; Bcl10; Sem1; Psmd2; Psmc3; Skp1; Psma5; Psmb6; Nfkb1; Psmd14; Cdc34; Psmd8; Psmb1; Psma1; Psmb7; Psmc5; Psma2; Psma4; Psmb3; Psma6; Psmb4; Psmd3; Psmd6; Psma3; Cul1; Card11; Psmd12; Psmd13; Ube2v1; Adrm1; Psmd1; Psmc2","eye","RR-3","GLDS-194","Stat_(Space Flight)v(Ground Control)",1,"flight_positive"
"REACTOME_FCGAMMA_RECEPTOR_FCGR_DEPENDENT_PHAGOCYTOSIS",0.528571428571429,0.674847540519182,0.077274697304471,0.216672979779333,0.961825987590107,85,"reactome","Wasl; Wasf1; Myo10; Myo5a; Ahcyl1; Wasf2; Myh2; Wipf2; Abl1; Grb2; Prkce; Wipf3; Cyfip2; Pik3cb; Mapk3; Nckap1; Myh9; Actr2; Elmo1; Abi2","eye","RR-3","GLDS-194","Stat_(Space Flight)v(Ground Control)",1,"flight_positive"
"REACTOME_FCGR3A_MEDIATED_IL10_SYNTHESIS",0.989754098360656,0.997956480391269,0.0472587336673259,0.15663421422153,0.573676009958208,35,"reactome","Prkar2a; Ahcyl1; Plcg1; Prkx; Adcy4; Creb1; Cd247; Adcy1; Adcy5; Prkaca; Itpr2; Adcy6; Hck; Adcy8; Prkar1a; Adcy3; Itpr3; Fcgr2b; Fcgr1; Prkacb; Itpr1; Prkar1b; Adcy2; Src; Syk; Adcy7; Adcy9; Fgr; Fcgr4; Lyn; Fyn; Plcg2; Prkar2b; Calm1","eye","RR-3","GLDS-194","Stat_(Space Flight)v(Ground Control)",1,"flight_positive"
"REACTOME_FC_EPSILON_RECEPTOR_FCERI_SIGNALING",0.00934075424202911,0.0343225701175231,0.380730400722792,-0.31112249471976,-1.47187825808703,116,"reactome","Uba52; Psma7; Rps27a; Psmc1; Bcl10; Sem1; Psmd2; Psmc3; Skp1; Psma5; Psmb6; Nfkb1; Psmd14; Cdc34; Psmd8; Grap2; Psmb1; Psma1; Psmb7; Hras; Psmc5; Psma2; Psma4; Vav3; Psmb3; Psma6; Psmb4; Psmd3; Pak1; Psmd6; Psma3; Cul1; Calm1; Card11; Psmd12; Psmd13; Ube2v1; Adrm1; Psmd1; Plcg2; Psmc2","eye","RR-3","GLDS-194","Stat_(Space Flight)v(Ground Control)",1,"flight_positive"
"REACTOME_FERTILIZATION",0.955193482688391,0.979341632531637,0.0486034247259069,0.206052003032516,0.611400951728123,17,"reactome","Catsperg2; Catsper4; Catsperd; Hvcn1; Catsper3; Zp1; Catsperg1; Ovgp1; B4galt1","eye","RR-3","GLDS-194","Stat_(Space Flight)v(Ground Control)",1,"flight_positive"
"REACTOME_FGFR1_MUTANT_RECEPTOR_ACTIVATION",0.618069815195072,0.735637443085439,0.0696133438850965,0.255131412838225,0.884930124096615,28,"reactome","Bcr; Zmym2; Grb2; Fgfr1; Cntrl; Cux1; Myo18a; Stat3","eye","RR-3","GLDS-194","Stat_(Space Flight)v(Ground Control)",1,"flight_positive"
"REACTOME_FGFR2_ALTERNATIVE_SPLICING",0.331384015594542,0.503997093023256,0.100990587455923,-0.315405268580907,-1.0847682654383,27,"reactome","Polr2h; Polr2f; Polr2i; Polr2l; Ncbp2; Polr2k; Polr2j; Hnrnpf; Hnrnpa1; Polr2g; Polr2c; Polr2d; Gtf2f1; Esrp2","eye","RR-3","GLDS-194","Stat_(Space Flight)v(Ground Control)",1,"flight_positive"
"REACTOME_FGFR2_LIGAND_BINDING_AND_ACTIVATION",0.0288274567028242,0.0813558378597745,0.352487857583619,-0.512341568131721,-1.50814865691903,16,"reactome","Fgfbp1; Fgf1; Fgf17; Fgf10; Fgf8; Fgf22; Fgf5; Fgfr2; Fgf9","eye","RR-3","GLDS-194","Stat_(Space Flight)v(Ground Control)",1,"flight_positive"
"REACTOME_FGFR2_MUTANT_RECEPTOR_ACTIVATION",0.00976798368483991,0.035367893644601,0.380730400722792,-0.476486314945459,-1.69811265294024,30,"reactome","Polr2h; Polr2f; Polr2i; Polr2l; Ncbp2; Polr2k; Polr2j; Fgf1; Fgf17; Fgf10; Polr2g; Polr2c; Fgf8; Fgf22; Polr2d; Gtf2f1; Fgf5; Fgfr2; Fgf9","eye","RR-3","GLDS-194","Stat_(Space Flight)v(Ground Control)",1,"flight_positive"
"REACTOME_FLT3_SIGNALING",0.715725806451613,0.810488450143065,0.0615706755421678,0.22455916743876,0.844508401259846,38,"reactome","Kras; Cbl; Sos1; Abl2; Grb2; Foxo3; Ubc; Bcl2l11","eye","RR-3","GLDS-194","Stat_(Space Flight)v(Ground Control)",1,"flight_positive"
"REACTOME_FLT3_SIGNALING_IN_DISEASE",0.0513347022587269,0.13354684849227,0.287857117255149,0.420533757079821,1.45863257565791,28,"reactome","Kras; Cbl; Golgb1; Sos1; Zmym2; Grb2; Sptbn1; Ubc; Etv6","eye","RR-3","GLDS-194","Stat_(Space Flight)v(Ground Control)",1,"flight_positive"
"REACTOME_FORMATION_OF_ATP_BY_CHEMIOSMOTIC_COUPLING",3.20012284761259e-05,0.000292011209844649,0.557332238758646,-0.713317072087514,-2.13752486254777,17,"reactome","Atp5g2; Atp5b; Atp5k; Atp5a1; Atp5c1; Atp5h; Atp5mpl; Atp5j2; Atp5pb; Atp5g1; Atp5l; Atp5o","eye","RR-3","GLDS-194","Stat_(Space Flight)v(Ground Control)",1,"flight_positive"
"REACTOME_FORMATION_OF_FIBRIN_CLOT_CLOTTING_CASCADE",0.629166666666667,0.740793010752688,0.0694481442003175,0.250566743277256,0.888758063288376,32,"reactome","Vwf; Serpinc1; F2; Pf4; C1qbp; Serpine2; Prcp; Prtn3; Fgg; Gp9","eye","RR-3","GLDS-194","Stat_(Space Flight)v(Ground Control)",1,"flight_positive"
"REACTOME_FORMATION_OF_INCISION_COMPLEX_IN_GG_NER",0.0381786003981064,0.103993948845588,0.321775918075361,-0.367464376114838,-1.41658864840676,43,"reactome","Uba52; Rps27a; Cetn2; Xpa; Rad23b; Rbx1; Cdk7; Gtf2h5; Cul4a; Sumo1; Chd1l; Ube2i; Ercc5; Parp1; Ercc1; Xpc; Gtf2h2; Mnat1; Ubb; Ercc3; Sumo2; Rpa3; Rpa2; Gtf2h1","eye","RR-3","GLDS-194","Stat_(Space Flight)v(Ground Control)",1,"flight_positive"
"REACTOME_FORMATION_OF_NEURONAL_PROGENITOR_AND_NEURONAL_BAF_NPBAF_AND_NBAF",0.381632653061225,0.54912977017351,0.0952879846194844,0.315390887790226,1.06256980298369,25,"reactome","Arid1b; Arid1a; Smarcd1; Smarca4; Bcl11a; Dpf2; Bcl7a; Smarcc1","eye","RR-3","GLDS-194","Stat_(Space Flight)v(Ground Control)",1,"flight_positive"
"REACTOME_FORMATION_OF_PARAXIAL_MESODERM",0.00786901829132221,0.0303326901811584,0.380730400722792,-0.387545226533264,-1.59051822945177,57,"reactome","Psma7; Nog; Kat2b; Psmc1; Sem1; Psmd2; Psmc3; Psma5; Psmb6; Psmd14; Psmd8; Psmb1; Psma1; Psmb7; Snw1; Psmc5; Psma2; Ctnnb1; Psma4; Psmb3; Psma6; Psmb4; Psmd3; Psmd6; Psma3; Bmp4; Psmd12; Psmd13; Adrm1; Psmd1; Psmc2","eye","RR-3","GLDS-194","Stat_(Space Flight)v(Ground Control)",1,"flight_positive"
"REACTOME_FORMATION_OF_RNA_POL_II_ELONGATION_COMPLEX",0.39047619047619,0.556761686466942,0.0899860794997137,-0.254708447271406,-1.04534490646281,57,"reactome","Polr2h; Nelfb; Polr2f; Polr2i; Polr2l; Ctdp1; Ncbp2; Elob; Wdr61; Leo1; Polr2k; Cdk7; Gtf2h5; Polr2j; Polr2g; Gtf2h2; Polr2c; Paf1; Eaf2; Polr2d; Mnat1; Ercc3; Gtf2f1","eye","RR-3","GLDS-194","Stat_(Space Flight)v(Ground Control)",1,"flight_positive"
"REACTOME_FORMATION_OF_SENESCENCE_ASSOCIATED_HETEROCHROMATIN_FOCI_SAHF",0.283757338551859,0.455592794302472,0.11101149245045,-0.388272244868787,-1.16349602346605,17,"reactome","H1f5; H1f3; H1f4; H1f2; H1f1","eye","RR-3","GLDS-194","Stat_(Space Flight)v(Ground Control)",1,"flight_positive"
"REACTOME_FORMATION_OF_TC_NER_PRE_INCISION_COMPLEX",0.00831088148508761,0.0316926192213403,0.380730400722792,-0.398986758366289,-1.59893062516446,51,"reactome","Uba52; Polr2h; Rps27a; Cops4; Polr2f; Xpa; Cops7b; Zfp830; Polr2i; Polr2l; Rbx1; Polr2k; Cdk7; Gtf2h5; Cul4a; Cops8; Polr2j; Ppie; Ercc8; Polr2g; Gtf2h2; Polr2c; Cops7a; Polr2d; Mnat1; Ubb; Ercc3; Gps1; Cops2; Isy1; Gtf2h1","eye","RR-3","GLDS-194","Stat_(Space Flight)v(Ground Control)",1,"flight_positive"
"REACTOME_FORMATION_OF_THE_BETA_CATENIN_TCF_TRANSACTIVATING_COMPLEX",0.0515554334967588,0.13354684849227,0.321775918075361,-0.328706238937876,-1.43046235395183,73,"reactome","H2ac19; H4c1; H2aj; H3c3; H3c7; H2ac13; H4c4; Kat5; H3c1; H2ac20; H2bc7; H3c11; H4c2; H4c3; H4c12; H2ac4; Leo1; H4c11; H2ac10; H2bc14; Ctnnb1; H4c18; H3f3b; H2bc18; H4c6; H4c8; H3c8; H2bc3; H2ax; H3c4; H2bc21; H3f3a; H4c17; H2ac18; H2az2; Ruvbl1; H2bc8; H2bc4; H3c10; H3f4","eye","RR-3","GLDS-194","Stat_(Space Flight)v(Ground Control)",1,"flight_positive"
"REACTOME_FORMATION_OF_THE_CANONICAL_BAF_CBAF_COMPLEX",0.471074380165289,0.630594677605124,0.0840745577910723,0.327587391898093,0.98723796528566,18,"reactome","Arid1b; Arid1a; Smarcd1; Smarca4; Dpf2; Bcl7a; Smarcc1","eye","RR-3","GLDS-194","Stat_(Space Flight)v(Ground Control)",1,"flight_positive"
"REACTOME_FORMATION_OF_THE_CORNIFIED_ENVELOPE",0.0553435114503817,0.139956455053506,0.266350657088526,-0.324005473065202,-1.35378184697537,61,"reactome","Krt23; Krt25; Krt8; Tgm5; Krt18; Krt71; Krt28; Krt10; Ivl; Krt75; Capn1; Krt77; Pkp3; St14; Krt12; Dsc1; Krt24; Perp; Pkp1; Krt17; Krt7; Dsp; Dsg1a; Evpl; Dsc3; Krt16; Kazn; Ppl; Krt26; Dsc2; Dsg3; Krt5; Krt6a; Krt78; Krt14; Klk8; Krt80; Krt6b; Krt15; Krt19; Tchh","eye","RR-3","GLDS-194","Stat_(Space Flight)v(Ground Control)",1,"flight_positive"
"REACTOME_FORMATION_OF_THE_DYSTROPHIN_GLYCOPROTEIN_COMPLEX_DGC",0.00396808954073665,0.0173573265466699,0.407017918923954,0.468646892184948,1.72594629097852,36,"reactome","Sntb2; Acta1; Sgca; Dag1; Sgcb; Dmd; Lamc1; Actc1; Lamc3; Sgcg; Hspg2; Sntg2; Sgcd; Lama4; Lama2","eye","RR-3","GLDS-194","Stat_(Space Flight)v(Ground Control)",1,"flight_positive"
"REACTOME_FORMATION_OF_THE_EARLY_ELONGATION_COMPLEX",0.00307109688757171,0.0141892451134642,0.431707695803346,-0.481445485840759,-1.75569029272215,33,"reactome","Polr2h; Nelfb; Polr2f; Polr2i; Polr2l; Ctdp1; Ncbp2; Polr2k; Cdk7; Gtf2h5; Polr2j; Polr2g; Gtf2h2; Polr2c; Polr2d; Mnat1; Ercc3; Gtf2f1; Supt4a; Gtf2h1","eye","RR-3","GLDS-194","Stat_(Space Flight)v(Ground Control)",1,"flight_positive"
"REACTOME_FORMATION_OF_THE_EMBRYONIC_STEM_CELL_BAF_ESBAF_COMPLEX",0.387234042553191,0.554276178556529,0.096887770327544,0.345725779588322,1.05504615837919,19,"reactome","Arid1a; Smarcd1; Smarca4; Bcl11a; Dpf2; Bcl7a; Smarcc1","eye","RR-3","GLDS-194","Stat_(Space Flight)v(Ground Control)",1,"flight_positive"
"REACTOME_FORMATION_OF_THE_NEPHRIC_DUCT",0.798387096774194,0.873360510457285,0.0564118388217596,0.255172851763569,0.752215029622795,16,"reactome","Lhx1; Pcdh19; Emx2; Mecom; Pax2; Fgf2","eye","RR-3","GLDS-194","Stat_(Space Flight)v(Ground Control)",1,"flight_positive"
"REACTOME_FORMATION_OF_THE_NON_CANONICAL_BAF_NCBAF_COMPLEX",0.313645621181263,0.484403321852585,0.107140237276725,0.374512481540144,1.11125970278276,17,"reactome","Bicra; Bicral; Smarcd1; Smarca4; Bcl7a; Smarcc1","eye","RR-3","GLDS-194","Stat_(Space Flight)v(Ground Control)",1,"flight_positive"
"REACTOME_FORMATION_OF_THE_POLYBROMO_BAF_PBAF_COMPLEX",0.473140495867769,0.631046093757864,0.0838361057159929,0.326594859848371,0.984246808283033,18,"reactome","Arid2; Smarcd1; Smarca4; Pbrm1; Bcl7a; Smarcc1","eye","RR-3","GLDS-194","Stat_(Space Flight)v(Ground Control)",1,"flight_positive"
"REACTOME_FORMATION_OF_THE_URETERIC_BUD",0.547520661157025,0.682064987448171,0.0760837160951725,0.308323903238213,0.929184304432926,18,"reactome","Itga8; Sall1; Robo2; Gfra1; Pax2; Foxc2; Npnt; Itgb1; Ret; Wnt11; Gdnf; Foxc1; Six1; Eya1","eye","RR-3","GLDS-194","Stat_(Space Flight)v(Ground Control)",1,"flight_positive"
"REACTOME_FORMATION_OF_TUBULIN_FOLDING_INTERMEDIATES_BY_CCT_TRIC",0.000291360283386642,0.00200653780068159,0.49849310876659,-0.645725393800621,-2.04570462232562,20,"reactome","Tubb3; Tuba1c; Tcp1; Tubb4b; Cct7; Tuba1b; Cct6a; Cct3; Tubb2a; Cct5; Tuba8; Cct2; Tubb2b; Cct8; Tuba1a; Tuba4a","eye","RR-3","GLDS-194","Stat_(Space Flight)v(Ground Control)",1,"flight_positive"
"REACTOME_FORMATION_OF_WDR5_CONTAINING_HISTONE_MODIFYING_COMPLEXES",0.00290256505466636,0.0136996066157744,0.431707695803346,0.467028396903845,1.79930721697287,41,"reactome","Setd1a; Kmt2a; Setd1b; Kmt2c; Ncoa6; Hcfc1; Kmt2d; Kdm6a; Bod1l; Phf20l1; Kansl1; Ogt; Kat2a; Yeats2; Mbip; Phf20","eye","RR-3","GLDS-194","Stat_(Space Flight)v(Ground Control)",1,"flight_positive"
"REACTOME_FOXO_MEDIATED_TRANSCRIPTION",0.16597510373444,0.31773206047065,0.155241966228839,0.288083255478359,1.21043302106875,64,"reactome","Plxna4; Foxo1; Nfya; Foxg1; Ep300; Crebbp; Cited2; Fasl; Ywhab; Foxo4; Ppargc1a; Foxo3; Hdac1; Bcl6; Fbxo32; Srebf1; Bcl2l11; Smad3","eye","RR-3","GLDS-194","Stat_(Space Flight)v(Ground Control)",1,"flight_positive"
"REACTOME_FOXO_MEDIATED_TRANSCRIPTION_OF_CELL_CYCLE_GENES",0.142566191446029,0.285915713614288,0.166933848713193,0.440835208041543,1.30805360678455,17,"reactome","Foxo1; Foxg1; Foxo4; Foxo3; Smad3; Klf4; Rbl2; Cdkn1a","eye","RR-3","GLDS-194","Stat_(Space Flight)v(Ground Control)",1,"flight_positive"
"REACTOME_FOXO_MEDIATED_TRANSCRIPTION_OF_CELL_DEATH_GENES",0.00496541710385818,0.0207524111783386,0.407017918923954,0.590761838998931,1.74148594237736,16,"reactome","Foxo1; Nfya; Ep300; Crebbp; Cited2; Fasl; Foxo4; Foxo3; Bcl6; Bcl2l11","eye","RR-3","GLDS-194","Stat_(Space Flight)v(Ground Control)",1,"flight_positive"
"REACTOME_FOXO_MEDIATED_TRANSCRIPTION_OF_OXIDATIVE_STRESS_METABOLIC_AND_NEURONAL_GENES",0.503080082135524,0.656413279981843,0.0802023444698144,0.280479100292331,0.972849255475969,28,"reactome","Plxna4; Foxo1; Foxo4; Ppargc1a; Foxo3; Hdac1; Fbxo32; Srebf1; Smad3; Trim63; Nr3c1","eye","RR-3","GLDS-194","Stat_(Space Flight)v(Ground Control)",1,"flight_positive"
"REACTOME_FRS_MEDIATED_FGFR1_SIGNALING",0.607438016528926,0.727542108546475,0.0707899094502623,0.280266082483284,0.874483659379664,20,"reactome","Kras; Frs2; Sos1; Grb2; Fgfr1","eye","RR-3","GLDS-194","Stat_(Space Flight)v(Ground Control)",1,"flight_positive"
"REACTOME_FRS_MEDIATED_FGFR2_SIGNALING",0.638383838383838,0.746827246827247,0.0672065093710464,0.263023121024148,0.856340684972704,22,"reactome","Kras; Frs2; Sos1; Grb2","eye","RR-3","GLDS-194","Stat_(Space Flight)v(Ground Control)",1,"flight_positive"
"REACTOME_FRS_MEDIATED_FGFR3_SIGNALING",0.491735537190083,0.648550315884477,0.0817515582532145,0.323957928597317,0.97629998643557,18,"reactome","Kras; Frs2; Sos1; Grb2","eye","RR-3","GLDS-194","Stat_(Space Flight)v(Ground Control)",1,"flight_positive"
"REACTOME_FRS_MEDIATED_FGFR4_SIGNALING",0.548936170212766,0.683051257253385,0.0774767547848578,0.306023521201639,0.933887373981551,19,"reactome","Kras; Frs2; Sos1; Grb2","eye","RR-3","GLDS-194","Stat_(Space Flight)v(Ground Control)",1,"flight_positive"
"REACTOME_G0_AND_EARLY_G1",0.98635477582846,0.99705735383932,0.0451344222209097,-0.16103823389029,-0.549007185848422,26,"reactome","Lin37; Lin52; Pcna; E2f1; Tfdp1; Cdk1; Cdc25a; Lin9","eye","RR-3","GLDS-194","Stat_(Space Flight)v(Ground Control)",1,"flight_positive"
"REACTOME_G1_S_DNA_DAMAGE_CHECKPOINTS",7.19870044437307e-05,0.000583894591599149,0.538434096309916,-0.488742120334632,-1.99127704571932,55,"reactome","Uba52; Psma7; Cop1; Rps27a; Psmc1; Sem1; Psmd2; Psmc3; Chek1; Psma5; Psmb6; Psmd14; Psmd8; Psmb1; Psma1; Psmb7; Psmc5; Psma2; Psma4; Psmb3; Psma6; Psmb4; Psmd3; Psmd6; Psma3; Psmd12; Psmd13; Adrm1; Psmd1; Psmc2","eye","RR-3","GLDS-194","Stat_(Space Flight)v(Ground Control)",1,"flight_positive"
"REACTOME_G1_S_SPECIFIC_TRANSCRIPTION",0.231067961165049,0.404831067961165,0.124434168630393,-0.33967408507194,-1.17989850051368,28,"reactome","Pola1; Lin37; Orc1; Lin52; Pcna; E2f1; Tk1; Tfdp1; Cdk1; Cdc25a; Lin9","eye","RR-3","GLDS-194","Stat_(Space Flight)v(Ground Control)",1,"flight_positive"
"REACTOME_G2_M_CHECKPOINTS",7.64604813632034e-09,2.09310567731769e-07,0.747739663149885,-0.453181607791434,-2.20614981096561,142,"reactome","Rhno1; Uba52; Psma7; Rps27a; Abraxas1; Psmc1; H4c1; Sem1; Psmd2; Psmc3; Chek1; H4c4; Rfc4; Kat5; Rad1; Rfc3; Psma5; Psmb6; Psmd14; Orc1; Psmd8; H2bc7; Psmb1; Psma1; H4c2; H4c3; Psmb7; H4c12; H4c11; Rbbp8; H2bc14; Psmc5; Psma2; H4c18; Psma4; Top3a; Mcm4; H2bc18; Psmb3; Rad9a; Uimc1; H4c6; Nsd2; H4c8; Wrn; Psma6; Psmb4; Psmd3; Psmd6; Psma3; Ywhaq; Brip1; Orc6; H2bc3; Babam1; H2ax; Rnf168; Psmd12; Psmd13; Adrm1; H2bc21; H4c17; Psmd1; Orc2; Mcm5; Ywhah; Mcm3; Psmc2; Ccnb2; Pias4; Rnf8; Mcm2; Rfc5; H2bc8; Ubb; H2bc4","eye","RR-3","GLDS-194","Stat_(Space Flight)v(Ground Control)",1,"flight_positive"
"REACTOME_G2_M_DNA_DAMAGE_CHECKPOINT",0.000728570923858596,0.00440765282665836,0.477270815362862,-0.389538599353566,-1.7204118499629,82,"reactome","Rhno1; Abraxas1; H4c1; Chek1; H4c4; Rfc4; Kat5; Rad1; Rfc3; H2bc7; H4c2; H4c3; H4c12; H4c11; Rbbp8; H2bc14; H4c18; Top3a; H2bc18; Rad9a; Uimc1; H4c6; Nsd2; H4c8; Wrn; Ywhaq; Brip1; H2bc3; Babam1; H2ax; Rnf168; H2bc21; H4c17; Ywhah; Pias4; Rnf8; Rfc5; H2bc8; H2bc4; H3f4; Rpa3; Rpa2","eye","RR-3","GLDS-194","Stat_(Space Flight)v(Ground Control)",1,"flight_positive"
"REACTOME_GAB1_SIGNALOSOME",0.279022403258656,0.451966762674894,0.114750719227023,0.38441101204921,1.14063078816356,17,"reactome","Gab1; Pag1; Grb2; Tgfa; Csk; Egf; Pxn","eye","RR-3","GLDS-194","Stat_(Space Flight)v(Ground Control)",1,"flight_positive"
"REACTOME_GABA_B_RECEPTOR_ACTIVATION",0.509842519685039,0.661206227568144,0.077274697304471,-0.252593478345626,-0.973757124076072,43,"reactome","Gng4; Kcnj3; Gnb2; Gng10; Gng8; Gngt2; Gngt1; Gnai2; Gnb3; Gnai3; Gng11; Gng2","eye","RR-3","GLDS-194","Stat_(Space Flight)v(Ground Control)",1,"flight_positive"
"REACTOME_GABA_RECEPTOR_ACTIVATION",0.986742424242424,0.99705735383932,0.0438002031299891,-0.152043404238512,-0.63245859440311,60,"reactome","Gng4; Kcnj3; Gnb2; Gng10; Gng8; Gngt2; Gngt1; Gnai2; Gnb3; Gnai3; Gng11; Gng2","eye","RR-3","GLDS-194","Stat_(Space Flight)v(Ground Control)",1,"flight_positive"
"REACTOME_GABA_SYNTHESIS_RELEASE_REUPTAKE_AND_DEGRADATION",0.569548872180451,0.698382995562815,0.0692836467392548,-0.295624001577572,-0.926409594255009,19,"reactome","Stx1a; Slc6a12; Slc6a13; Cplx1; Snap25; Hspa8; Abat; Rab3a; Rims1","eye","RR-3","GLDS-194","Stat_(Space Flight)v(Ground Control)",1,"flight_positive"
"REACTOME_GAMMA_CARBOXYLATION_HYPUSINYLATION_HYDROXYLATION_AND_ARYLSULFATASE_ACTIVATION",0.000751558725781223,0.00450241558562978,0.477270815362862,-0.4321496832781,-1.77357867429862,57,"reactome","Rpl27a; Rps6; Rpl8; Rwdd1; Eef2; Arsk; Rps23; Dph5; Dph3; Zc3h15; Eif5a2; Fn3krp; Riox1; Dohh; Arsg; Dhps; Tpst1; Etf1; Tpst2; Icmt; Drg1","eye","RR-3","GLDS-194","Stat_(Space Flight)v(Ground Control)",1,"flight_positive"
"REACTOME_GAP_FILLING_DNA_REPAIR_SYNTHESIS_AND_LIGATION_IN_GG_NER",0.0249832512295101,0.0727570747242382,0.352487857583619,-0.451585741707599,-1.52251417618916,25,"reactome","Uba52; Rps27a; Pold2; Rfc4; Rfc3; Pole3; Pold4; Pcna; Pole4; Rfc5; Ubb; Rpa3; Rpa2; Pold3","eye","RR-3","GLDS-194","Stat_(Space Flight)v(Ground Control)",1,"flight_positive"
"REACTOME_GAP_JUNCTION_ASSEMBLY",0.295145631067961,0.467705450100459,0.107972360317345,-0.320570598839461,-1.11354025962665,28,"reactome","Tubb3; Tuba1c; Tubb4b; Tuba1b; Tubb2a; Tuba8; Tubb2b; Tuba1a; Tuba4a","eye","RR-3","GLDS-194","Stat_(Space Flight)v(Ground Control)",1,"flight_positive"
"REACTOME_GAP_JUNCTION_TRAFFICKING_AND_REGULATION",0.70873786407767,0.805049752245901,0.0602484086158019,-0.227850883667576,-0.870059111259788,40,"reactome","Tubb3; Clta; Tuba1c; Cltb; Tubb4b; Tuba1b; Tubb2a; Tuba8","eye","RR-3","GLDS-194","Stat_(Space Flight)v(Ground Control)",1,"flight_positive"
"REACTOME_GASTRIN_CREB_SIGNALLING_PATHWAY_VIA_PKC_AND_MAPK",0.120162932790224,0.251172175698057,0.183023938384487,0.454611168460385,1.34892986708337,17,"reactome","Prkca; Rps6ka3; Kras; Sos1; Grb2; Mapk3","eye","RR-3","GLDS-194","Stat_(Space Flight)v(Ground Control)",1,"flight_positive"
"REACTOME_GASTRULATION",0.270588235294118,0.442496017934045,0.114266502484433,-0.23909286150244,-1.11147537822299,105,"reactome","Psma7; Nog; Kat2b; Psmc1; Sem1; Psmd2; Psmc3; Psma5; Psmb6; Psmd14; Smad2; Psmd8; Psmb1; Psma1; Psmb7; Snw1; Pax6; Psmc5; Psma2; Eomes; Ctnnb1; Psma4; Psmb3; Psma6; Psmb4; Psmd3; Psmd6; Psma3","eye","RR-3","GLDS-194","Stat_(Space Flight)v(Ground Control)",1,"flight_positive"
"REACTOME_GENERATION_OF_SECOND_MESSENGER_MOLECULES",0.979209979209979,0.996214844100997,0.0484087618816951,0.174422755583817,0.577416892773505,24,"reactome","Enah; Lat; Cd4; Lck; Plcg1; Fyb; Pak2; Cd247; Pak3; Evl","eye","RR-3","GLDS-194","Stat_(Space Flight)v(Ground Control)",1,"flight_positive"
"REACTOME_GENE_AND_PROTEIN_EXPRESSION_BY_JAK_STAT_SIGNALING_AFTER_INTERLEUKIN_12_STIMULATION",0.0120922454096555,0.0409938350575008,0.380730400722792,-0.446433269517114,-1.65615711243131,35,"reactome","Snrpa1; Bola2; Psme2; Taldo1; Ppia; Tcp1; Aip; Cfl1; Rplp0; Sod1; Hspa9; Cdc42; Arf1; Capza1; Hnrnpf","eye","RR-3","GLDS-194","Stat_(Space Flight)v(Ground Control)",1,"flight_positive"
"REACTOME_GENE_SILENCING_BY_RNA",0.00580025689478284,0.0231798587583475,0.407017918923954,-0.322584980863216,-1.5261057229104,116,"reactome","Polr2h; H2ac19; H4c1; H2aj; H3c3; H3c7; H2ac13; H4c4; Polr2f; Tdrd9; Tdrd1; Polr2i; H3c1; H2ac20; Mael; Tdrd12; H2bc7; Polr2l; H3c11; H4c2; Ran; H4c3; Bcdin3d; H4c12; H2ac4; H4c11; H2ac10; Polr2k; H2bc14; H4c18; H3f3b; Prkra; H2bc18; H4c6; Hsp90aa1; H4c8; Tsn; Rae1; Polr2j; H3c8; H2bc3; H2ax; Nup50; H3c4; H2bc21; H3f3a; Mybl1; H4c17; Nup107; Polr2g; Polr2c; Tarbp2; H2ac18; H2az2; Polr2d; H2bc8; Tsnax; H2bc4; H3c10","eye","RR-3","GLDS-194","Stat_(Space Flight)v(Ground Control)",1,"flight_positive"
"REACTOME_GLOBAL_GENOME_NUCLEOTIDE_EXCISION_REPAIR_GG_NER",0.00231243772495858,0.0113547951068594,0.431707695803346,-0.35963626502784,-1.59633378670843,84,"reactome","Ino80b; Uba52; Rps27a; Cetn2; Pold2; Rfc4; Cops4; Rfc3; Xpa; Cops7b; Rad23b; Pole3; Tfpt; Ino80c; Rbx1; Cdk7; Mcrs1; Gtf2h5; Pold4; Cul4a; Cops8; Ino80e; Actl6a; Sumo1; Chd1l; Pcna; Ube2i; Ercc5; Pole4; Parp1; Ercc1; Xpc; Gtf2h2; Cops7a; Actb; Ruvbl1; Rfc5; Mnat1; Ubb; Ercc3; Sumo2; Gps1; Rpa3; Rpa2; Cops2","eye","RR-3","GLDS-194","Stat_(Space Flight)v(Ground Control)",1,"flight_positive"
"REACTOME_GLUCAGON_LIKE_PEPTIDE_1_GLP1_REGULATES_INSULIN_SECRETION",0.18252427184466,0.340483948330329,0.142056643575821,-0.312661909717041,-1.19391392701414,40,"reactome","Rapgef4; Gng4; Gnb2; Gng10; Akap5; Gng8; Kcns3; Gngt2; Gngt1; Gnb3; Prkar2b; Gng11; Gng2","eye","RR-3","GLDS-194","Stat_(Space Flight)v(Ground Control)",1,"flight_positive"
"REACTOME_GLUCAGON_SIGNALING_IN_METABOLIC_REGULATION",0.578846153846154,0.702701262152482,0.0696133438850965,-0.255995918021206,-0.918647607497225,31,"reactome","Gng4; Gnb2; Gng10; Gng8; Gnb3; Prkar2b; Gng11; Gng2","eye","RR-3","GLDS-194","Stat_(Space Flight)v(Ground Control)",1,"flight_positive"
"REACTOME_GLUCAGON_TYPE_LIGAND_RECEPTORS",0.0653846153846154,0.157809403711043,0.245041785430996,-0.393013395359886,-1.41033817317279,31,"reactome","Gng4; Sct; Gip; Gnb2; Gng10; Gng8; Gngt2; Gngt1; Vip; Gnb3; Gng11; Gng2","eye","RR-3","GLDS-194","Stat_(Space Flight)v(Ground Control)",1,"flight_positive"
"REACTOME_GLUCONEOGENESIS",0.595660749506903,0.718335375231343,0.0694481442003175,-0.283775964042925,-0.919052073189954,22,"reactome","Aldoa; Pgam1; Tpi1; Pgk1; Eno2; Pcx; Aldoc; Gapdh; Pck2","eye","RR-3","GLDS-194","Stat_(Space Flight)v(Ground Control)",1,"flight_positive"
"REACTOME_GLUCOSE_METABOLISM",0.468937875751503,0.628503028088,0.0826646449123753,0.22391074449321,0.984772356128768,77,"reactome","Nup160; Pom121; Nup98; Nup153; Nup214; Gckr; Eno3; Pfkfb3; Nup155; Pgam2; Tpr; Nup188; Ranbp2; Nup93","eye","RR-3","GLDS-194","Stat_(Space Flight)v(Ground Control)",1,"flight_positive"
"REACTOME_GLUTAMATE_NEUROTRANSMITTER_RELEASE_CYCLE",0.280665280665281,0.452619267052257,0.115734447701689,0.344641196969167,1.14091563574714,24,"reactome","Syt1; Slc1a2; Slc38a2; Stxbp1; Vamp2; Ppfia1","eye","RR-3","GLDS-194","Stat_(Space Flight)v(Ground Control)",1,"flight_positive"
"REACTOME_GLUTATHIONE_CONJUGATION",0.10019267822736,0.219421965317919,0.195789002148949,-0.365705307976683,-1.33361985540352,33,"reactome","Chac1; Gclc; Akr1a1; Esd; Ggt6; Ggt1; Gstt2; Gstz1; Cndp2; Ggct; Mgst3; Gss; Chac2; Gsta3; Gstm5; Gstk1; Ggt7; Gsto1","eye","RR-3","GLDS-194","Stat_(Space Flight)v(Ground Control)",1,"flight_positive"
"REACTOME_GLYCEROPHOSPHOLIPID_BIOSYNTHESIS",0.523109243697479,0.670731407317025,0.0793434960134973,0.204366107967809,0.967823993950511,120,"reactome","Csnk2a2; Phospho1; Ptdss2; Pitpnm2; Etnk1; Pnpla2; Mboat2; Miga1; Lpgat1; Pitpnb; Pitpnm3; Ddhd1; Lclat1; Tmem86b; Stard7; Dgat2l6; Pcyt1b; Pla2g4b; Pla2r1; Pla2g15; Slc44a5; Slc44a1; Cpne1; Pla2g2e; Acp6; Chka; Cds2; Chpt1; Slc44a2; Agk; Pla2g4f; Lpcat2; Selenoi; Agpat3; Osbpl8; Bche","eye","RR-3","GLDS-194","Stat_(Space Flight)v(Ground Control)",1,"flight_positive"
"REACTOME_GLYCOGEN_METABOLISM",0.442857142857143,0.606160714285714,0.086794975677172,0.298554605737583,1.00584741309793,25,"reactome","Phkg1; Gys1; Agl; Phka2; Phka1; Ubc; Pygm; Gys2; Gyg","eye","RR-3","GLDS-194","Stat_(Space Flight)v(Ground Control)",1,"flight_positive"
"REACTOME_GLYCOSAMINOGLYCAN_METABOLISM",0.880081300813008,0.924845512850522,0.0522693317499306,0.170419058253204,0.817523232596882,126,"reactome","Cd44; Prelp; Sdc3; Arsb; Gpc6; Ids; Hs6st3; Chst13; Slc9a1; B3gat1; Xylt1; Ext2; St3gal1; Hs2st1; B4galt6","eye","RR-3","GLDS-194","Stat_(Space Flight)v(Ground Control)",1,"flight_positive"
"REACTOME_GLYCOSPHINGOLIPID_BIOSYNTHESIS",0.996240601503759,0.998896104853453,0.0430173196927508,-0.151178637083231,-0.473754969464314,19,"reactome","St6galnac6; B3galt4; Fut1","eye","RR-3","GLDS-194","Stat_(Space Flight)v(Ground Control)",1,"flight_positive"
"REACTOME_GLYCOSPHINGOLIPID_CATABOLISM",0.630769230769231,0.74178561751003,0.0653834195468773,-0.246673701911773,-0.885194607184956,31,"reactome","Arsk; Hexb; M6pr; Smpd1; Glb1l3; Arsg; Gla; Glb1; Psap; Hexa; Smpd2; Sumf1","eye","RR-3","GLDS-194","Stat_(Space Flight)v(Ground Control)",1,"flight_positive"
"REACTOME_GLYCOSPHINGOLIPID_METABOLISM",0.844961240310077,0.907980920647237,0.0519512476197082,-0.196562206953464,-0.785691098339281,50,"reactome","Arsk; St6galnac6; Hexb; M6pr; Smpd1; Glb1l3; Arsg; B3galt4; Gla; Glb1; Fut1; Psap; Hexa; Smpd2; Sumf1; B3galnt1","eye","RR-3","GLDS-194","Stat_(Space Flight)v(Ground Control)",1,"flight_positive"
"REACTOME_GLYOXYLATE_METABOLISM_AND_GLYCINE_DEGRADATION",0.120553359683794,0.251172175698057,0.179782316298324,-0.457037610942862,-1.34535376783589,16,"reactome","Mrps36; Gcsh; Grhpr; Got2; Gldc","eye","RR-3","GLDS-194","Stat_(Space Flight)v(Ground Control)",1,"flight_positive"
"REACTOME_GOLGI_ASSOCIATED_VESICLE_BIOGENESIS",0.853564547206166,0.912747245303468,0.051218434854034,-0.19034301577781,-0.775512611583042,55,"reactome","Vamp8; Snx2; Clta; Snx5; Rab5c; Bloc1s4; Dtnbp1; Txndc5; Pik3c2a; Bloc1s1; Arf1; Bloc1s3; Yipf6","eye","RR-3","GLDS-194","Stat_(Space Flight)v(Ground Control)",1,"flight_positive"
"REACTOME_GOLGI_TO_ER_RETROGRADE_TRANSPORT",7.93998727979156e-05,0.000639285740542041,0.538434096309916,-0.372168189360862,-1.76996312372266,122,"reactome","Use1; Kif23; Dctn5; Tmed2; Copz2; Tubb3; Rab1b; Arfgap3; Tuba1c; Kdelr1; Tubb4b; Tuba1b; Kif5a; Actr1a; Stx18; Bnip1; Kdelr2; Capza2; Tmed3; Kifc2; Kif18b; Klc1; Arf5; Tubb2a; Copg2; Tuba8; Copz1; Copb2; Klc2; Dctn2; Arf1; Racgap1; Tubb2b; Capza1; Napb; Kif3c; Surf4; Nbas; Dctn3; Pafah1b3; Dync1li1; Kif11; Pla2g4a; Rab6a; Arcn1; Tuba1a; Rint1; Dynll1; Kif5b; Tuba4a; Dync1i1; Rab3gap1; Kif22; Kif27; Kif3a","eye","RR-3","GLDS-194","Stat_(Space Flight)v(Ground Control)",1,"flight_positive"
"REACTOME_GPCR_LIGAND_BINDING",0.997929606625259,0.998896104853453,0.0473534245254193,-0.139501682026962,-0.766210433369091,361,"reactome","Adora2b; Adra2c; Npy; Ffar2; Sstr3; P2ry12; Pomc; Cckar; Gng4; Hrh1; Kiss1; Hc; Rgr; Sct; Gip; Cckbr; Oprl1; Adgre4; Htr1d; Npffr2; Rrh; Gnb2; Gal; Gpr31b; Htr4; Ece2; Ptafr; Gng10; Adgre1; Gng8; Gpr68; Ackr4; Crhr1; Cx3cr1; Hcrtr2; Gngt2; Gngt1; Wnt9b; Opn1sw; Plppr3; Kiss1r; Prokr1; Tshr; Chrm5; Ptger3; Htr5a; Vip; Fpr1; Tac1; Mc3r; Tas1r1; Bdkrb2; Gnb3; Adora1; Hcar2; Grm8; Ccl4; Cxcr2; Psap; Gng11; Rxfp1; Ntsr2; Prlhr; F2rl1; Rln1; Wnt2; Avp; Crhbp; Gng2; Mc4r; Pthlh; Galr1; Wnt3; Shh; Galr3; Ramp2; Opn1mw; Ramp3","eye","RR-3","GLDS-194","Stat_(Space Flight)v(Ground Control)",1,"flight_positive"
"REACTOME_GPER1_SIGNALING",0.498062015503876,0.652365917436297,0.0776798560117236,-0.25154408197794,-0.975203615023828,44,"reactome","Gng4; Gnaz; Gnb2; Gng10; Gng8; Gngt2; Gngt1; Gnai2; Gnb3; Gnai3; Prkar2b; Gng11; Gng2","eye","RR-3","GLDS-194","Stat_(Space Flight)v(Ground Control)",1,"flight_positive"
"REACTOME_GPVI_MEDIATED_ACTIVATION_CASCADE",0.98343685300207,0.99705735383932,0.0480220415968251,0.163399244859624,0.586843872293078,33,"reactome","Lat; Pik3r5; Pik3cb; Clec1b; Pik3r6; Rac2; Lck; Rhog","eye","RR-3","GLDS-194","Stat_(Space Flight)v(Ground Control)",1,"flight_positive"
"REACTOME_GRB2_EVENTS_IN_ERBB2_SIGNALING",0.328629032258065,0.50118215922365,0.103576326612592,0.377885643405736,1.11395573033705,16,"reactome","Kras; Sos1; Grb2; Nrg4; Nrg3; Egf; Nrg1; Erbb4","eye","RR-3","GLDS-194","Stat_(Space Flight)v(Ground Control)",1,"flight_positive"
"REACTOME_GROWTH_HORMONE_RECEPTOR_SIGNALING",0.61969111969112,0.735775961128074,0.066436413766281,-0.281287336715284,-0.891138571356535,20,"reactome","Ptpn1; Socs1; Jak2; Stat1","eye","RR-3","GLDS-194","Stat_(Space Flight)v(Ground Control)",1,"flight_positive"
"REACTOME_G_ALPHA_12_13_SIGNALLING_EVENTS",0.0557851239669422,0.140715356607411,0.276500599254472,0.309505591309663,1.36259791022518,79,"reactome","Prex1; Arhgef26; Kalrn; Itsn1; Arhgef7; Arhgef39; Tiam2; Sos1; Obscn; Rock1; Arhgef1; Plekhg2; Plxnb1; Rasgrf2; Arhgef19; Arhgef33; Rock2; Gng12; Fgd1; Arhgef16; Tbxa2r; Arhgef12; Adra1a; Akap13; Plekhg5; Fgd4; Arhgef11; Sos2; Arhgef38; Gng5; Arhgef6; Rhoa","eye","RR-3","GLDS-194","Stat_(Space Flight)v(Ground Control)",1,"flight_positive"
"REACTOME_G_ALPHA_I_SIGNALLING_EVENTS",0.820158102766798,0.888301802699945,0.0542315935495841,-0.168460997975157,-0.888316114227346,257,"reactome","Adra2c; Npy; Sstr3; P2ry12; Ppp3cc; Pomc; Gna15; Gng4; Gnat2; Gna11; Hc; Rgr; Gnaz; Oprl1; Ppp1ca; Htr1d; Rrh; Gnb2; Gal; Gpr31b; Ppp2r1a; Gng10; Rgs1; Ppp2r5d; Gng8; Cx3cr1; Camkk1; Ppp2cb; Gngt2; Rgs10; Gngt1; Opn1sw; Ptger3; Htr5a; Rgs19; Fpr1; Ppp2ca; Tas1r1; Rgs4; Gnai2; Calm1; Bdkrb2; Gnb3; Adora1; Hcar2; Gnai3; Grm8; Pla2g4a; Prkar2b; Ccl4; Cxcr2; Psap; Gng11; Cdk5","eye","RR-3","GLDS-194","Stat_(Space Flight)v(Ground Control)",1,"flight_positive"
"REACTOME_G_ALPHA_Q_SIGNALLING_EVENTS",0.813765182186235,0.884000867553499,0.0557104226766671,0.172869491236574,0.868525970801252,187,"reactome","Prkca; Rps6ka3; Qrfpr; Kras; Npff; Plcb4; Kalrn; Ptgfr; Edn2; Sos1; Dgkh; Dagla; Agtr1a; Grb2; Dgkk; Gnaq; Prkce; Ednra; P2ry10; Gng12; Casr; Tacr1; Cysltr1; Ptger1; Chrm1; Mapk3; Gpr132; Gpr4; Cck; Agt; Tbxa2r; Adra1a; Ghrl; Gcgr; Nmur1; Lpar5; F2; Nmur2; Grpr; Rgs5; Chrm3; Ntsr1; Htr2c","eye","RR-3","GLDS-194","Stat_(Space Flight)v(Ground Control)",1,"flight_positive"
"REACTOME_G_ALPHA_S_SIGNALLING_EVENTS",0.869306930693069,0.917043438447891,0.05163559644842,-0.172852711182652,-0.828335112677623,132,"reactome","Adora2b; Pde3b; Pomc; Gng4; Gnaz; Sct; Gip; Gnb2; Htr4; Gng10; Gng8; Crhr1; Gngt2; Gngt1; Tshr; Vip; Mc3r; Gnai2; Gpr27; Gnb3; Gnai3; Prkar2b; Gng11; Rxfp1; Rln1; Avp; Pde1a; Gng2; Grk6; Mc4r; Pthlh; Ramp2; Ramp3","eye","RR-3","GLDS-194","Stat_(Space Flight)v(Ground Control)",1,"flight_positive"
"REACTOME_G_ALPHA_Z_SIGNALLING_EVENTS",0.501953125,0.655923665418321,0.0776798560117236,-0.248483970951729,-0.984835372478027,48,"reactome","Adra2c; Gng4; Gnaz; Gnb2; Gng10; Gng8; Gngt2; Gngt1; Rgs19; Rgs4; Gnai2; Gnb3; Gnai3; Gng11; Gng2","eye","RR-3","GLDS-194","Stat_(Space Flight)v(Ground Control)",1,"flight_positive"
"REACTOME_G_BETA_GAMMA_SIGNALLING_THROUGH_CDC42",0.00984341213028269,0.0354557114561169,0.380730400722792,-0.539719160871787,-1.70986923040854,20,"reactome","Gng4; Gnb2; Gng10; Gng8; Gngt2; Cdc42; Gngt1; Pak1; Gnb3; Gng11; Gng2","eye","RR-3","GLDS-194","Stat_(Space Flight)v(Ground Control)",1,"flight_positive"
"REACTOME_G_BETA_GAMMA_SIGNALLING_THROUGH_PI3KGAMMA",0.05078125,0.13354684849227,0.282013350011725,-0.428090892959753,-1.44330166573488,25,"reactome","Akt3; Gng4; Gnb2; Gng10; Gng8; Gngt2; Gngt1; Gnb3; Gng11; Gng2","eye","RR-3","GLDS-194","Stat_(Space Flight)v(Ground Control)",1,"flight_positive"
"REACTOME_G_PROTEIN_ACTIVATION",0.00621991383554776,0.0246768320649449,0.407017918923954,-0.528226820300305,-1.76519416798802,24,"reactome","Pomc; Gna15; Gng4; Gna11; Gnb2; Gng10; Gng8; Gngt2; Gngt1; Gnb3; Gng11; Gng2","eye","RR-3","GLDS-194","Stat_(Space Flight)v(Ground Control)",1,"flight_positive"
"REACTOME_G_PROTEIN_BETA_GAMMA_SIGNALLING",0.0498084291187739,0.13205866800256,0.282013350011725,-0.395972496013059,-1.43458326173617,32,"reactome","Akt3; Gng4; Gnb2; Gng10; Gng8; Gngt2; Cdc42; Gngt1; Pak1; Gnb3; Gng11; Gng2","eye","RR-3","GLDS-194","Stat_(Space Flight)v(Ground Control)",1,"flight_positive"
"REACTOME_G_PROTEIN_MEDIATED_EVENTS",0.147609147609148,0.292058938019925,0.165656695205483,0.30629389661118,1.23557033964493,53,"reactome","Prkca; Plcb4; Prkar2a; Ahcyl1; Prkcg; Camk2a; Camk2d; Gnaq; Gnat3; Nbea","eye","RR-3","GLDS-194","Stat_(Space Flight)v(Ground Control)",1,"flight_positive"
"REACTOME_HATS_ACETYLATE_HISTONES",0.00304145349370689,0.0141718790451449,0.431707695803346,-0.331225841602588,-1.56941600228022,118,"reactome","Zzz3; H2ac22; Elp5; H2ac19; Kat2b; H4c1; H3c3; Ing5; H3c7; Morf4l2; H2ac13; H4c4; Kat5; H3c1; H2ac20; Vps72; H2bc7; H3c11; H4c2; Taf10; H4c3; Taf12; Ruvbl2; H4c12; H2ac4; H4c11; H2ac10; H2bc14; Mcrs1; H4c18; H2bc18; Atxn7l3; H4c6; H4c8; Actl6a; H2ac8; H2ac21; H3c8; H2bc3; Kansl3; Dmap1; H3c4; Eny2; H2bc21; H4c17; Rbbp7; Hat1; Yeats4; H2ac18; Taf9; Ing4; Actb; Ruvbl1; H2bc8; H2bc4; H3c10; H2ac6; Tada1; H2ac7; Kat6b; Usp22","eye","RR-3","GLDS-194","Stat_(Space Flight)v(Ground Control)",1,"flight_positive"
"REACTOME_HCMV_EARLY_EVENTS",0.000541569052645266,0.00350898291506844,0.477270815362862,-0.36658914793595,-1.71439094270274,108,"reactome","Ezh2; H2ac22; H2ac19; Tubb3; H4c1; Hdac3; H3c3; H3c7; Tuba1c; H2ac13; H4c4; Nfkb1; Tubb4b; H3c1; H2ac20; Tuba1b; H2bc7; H3c11; H4c2; H4c3; H4c12; H2ac4; H4c11; H2ac10; H2bc14; Cbx1; H4c18; Tubb2a; H2bc18; Daxx; Tuba8; H4c6; H4c8; H2ac8; Rae1; H2ac21; H3c8; H2bc3; Tubb2b; Nup50; H3c4; Dync1li1; H2bc21; Trim28; H4c17; Nup107; Rbbp7; Tuba1a; Dynll1; Tuba4a; H2ac18; Dync1i1; H2bc8; H2bc4; H3c10; H2ac6","eye","RR-3","GLDS-194","Stat_(Space Flight)v(Ground Control)",1,"flight_positive"
"REACTOME_HCMV_INFECTION",3.79645059653222e-05,0.000329929635174824,0.557332238758646,-0.382011086799115,-1.82503513587977,131,"reactome","Ezh2; H2ac22; H2ac19; Tubb3; H4c1; Hdac3; H3c3; H3c7; Tuba1c; H2ac13; H4c4; Chmp4b; Chmp3; Nfkb1; Tubb4b; H3c1; H2ac20; Tuba1b; H2bc7; Mvb12a; H3c11; H4c2; H4c3; Vps37d; H4c12; H2ac4; Vps4a; H4c11; H2ac10; Chmp6; H2bc14; Chmp2a; Snf8; Chmp7; Cbx1; H4c18; Tubb2a; H2bc18; Daxx; Vps28; Tuba8; H4c6; H4c8; H2ac8; Rae1; H2ac21; Chmp1a; H3c8; H2bc3; Tubb2b; Nup50; H3c4; Dync1li1; H2bc21; Trim28; H4c17; Nup107; Vps36; Rbbp7; Tuba1a; Dynll1; Tuba4a; H2ac18; Dync1i1; H2bc8; H2bc4; H3c10; H2ac6","eye","RR-3","GLDS-194","Stat_(Space Flight)v(Ground Control)",1,"flight_positive"
"REACTOME_HCMV_LATE_EVENTS",0.000362680771091882,0.00242155758747324,0.49849310876659,-0.392527322982602,-1.78658176798578,93,"reactome","H2ac22; H2ac19; H4c1; H3c3; H3c7; H2ac13; H4c4; Chmp4b; Chmp3; H3c1; H2ac20; H2bc7; Mvb12a; H3c11; H4c2; H4c3; Vps37d; H4c12; H2ac4; Vps4a; H4c11; H2ac10; Chmp6; H2bc14; Chmp2a; Snf8; Chmp7; H4c18; H2bc18; Vps28; H4c6; H4c8; H2ac8; Rae1; H2ac21; Chmp1a; H3c8; H2bc3; Nup50; H3c4; H2bc21; H4c17; Nup107; Vps36; H2ac18; H2bc8; H2bc4; H3c10; H2ac6; Nup43; H2ac7; Vps25; Sec13; Chmp4c; Hnrnpk; Nup35","eye","RR-3","GLDS-194","Stat_(Space Flight)v(Ground Control)",1,"flight_positive"
"REACTOME_HDACS_DEACETYLATE_HISTONES",0.00315934563849736,0.0144748262516929,0.431707695803346,-0.392875915520366,-1.70971566813631,73,"reactome","H2ac22; H2ac19; Phf21a; H4c1; Hdac3; H3c3; H3c7; H2ac13; Sap30; H4c4; Sap30l; H3c1; H2ac20; H2bc7; H3c11; H4c2; H4c3; Suds3; H4c12; H2ac4; H4c11; H2ac10; H2bc14; H4c18; H2bc18; H4c6; H4c8; Hdac2; H2ac8; H2ac21; H3c8; H2bc3; H3c4; H2bc21; H4c17; Rbbp7; H2ac18; H2bc8; H2bc4; H3c10; H2ac6","eye","RR-3","GLDS-194","Stat_(Space Flight)v(Ground Control)",1,"flight_positive"
"REACTOME_HDMS_DEMETHYLATE_HISTONES",0.104508196721311,0.226606881999675,0.197822021315103,0.342674504335454,1.32312929588599,42,"reactome","Kdm6b; Phf8; Kdm7a; Arid5b; Kdm5b; Kdm6a; Kdm3b; Kdm2a; Phf2; H3c15; Kdm5c","eye","RR-3","GLDS-194","Stat_(Space Flight)v(Ground Control)",1,"flight_positive"
"REACTOME_HDR_THROUGH_HOMOLOGOUS_RECOMBINATION_HRR",0.000846505164043621,0.00493044231184981,0.477270815362862,-0.411625379197416,-1.76315379109876,68,"reactome","Spidr; Rhno1; Uba52; Mus81; Rps27a; BC055324; Sem1; Pold2; Chek1; Rfc4; Kat5; Rad1; Rfc3; Pole3; Rbbp8; Pold4; Top3a; Palb2; Rad9a; Wrn; Pcna; Pole4; Brip1","eye","RR-3","GLDS-194","Stat_(Space Flight)v(Ground Control)",1,"flight_positive"
"REACTOME_HDR_THROUGH_SINGLE_STRAND_ANNEALING_SSA",0.197265625,0.360755813953488,0.136490437780413,-0.320824827616382,-1.19423112694084,36,"reactome","Rhno1; Rfc4; Kat5; Rad1; Rfc3; Rad52; Rbbp8; Top3a; Rad9a; Wrn; Brip1","eye","RR-3","GLDS-194","Stat_(Space Flight)v(Ground Control)",1,"flight_positive"
"REACTOME_HEDGEHOG_LIGAND_BIOGENESIS",1.01052562132335e-05,0.000109556985678125,0.593325476396405,-0.520045316152075,-2.0950333068459,52,"reactome","Uba52; Psma7; Rps27a; Gpc5; Psmc1; Sem1; Psmd2; Psmc3; Psma5; Psmb6; Psmd14; Psmd8; Psmb1; Psma1; Psmb7; Os9; Psmc5; Psma2; Psma4; Psmb3; Psma6; Psmb4; Psmd3; Psmd6; Psma3; P4hb; Psmd12; Psmd13; Adrm1; Psmd1; Psmc2","eye","RR-3","GLDS-194","Stat_(Space Flight)v(Ground Control)",1,"flight_positive"
"REACTOME_HEDGEHOG_OFF_STATE",0.00205735121947968,0.0101936632820373,0.431707695803346,-0.353933075241398,-1.62403122272348,96,"reactome","Uba52; Psma7; Rps27a; Psmc1; Tubb3; Sem1; Psmd2; Psmc3; Tuba1c; Skp1; Psma5; Psmb6; Psmd14; Tubb4b; Ift57; Tuba1b; Psmd8; Psmb1; Psma1; Psmb7; Rbx1; Psmc5; Psma2; Psma4; Tubb2a; Psmb3; Psma6; Psmb4; Psmd3; Psmd6; Psma3; Cul1; Tubb2b; Psmd12; Psmd13; Adrm1; Prkar2b; Psmd1; Psmc2; Tuba1a; Wdr35; Tuba4a","eye","RR-3","GLDS-194","Stat_(Space Flight)v(Ground Control)",1,"flight_positive"
"REACTOME_HEDGEHOG_ON_STATE",0.0131902900399105,0.0437677805869758,0.380730400722792,-0.360945179674169,-1.57075963338153,73,"reactome","Uba52; Psma7; Rps27a; Psmc1; Spopl; Sem1; Psmd2; Psmc3; Psma5; Psmb6; Psmd14; Psmd8; Psmb1; Psma1; Psmb7; Rbx1; Psmc5; Psma2; Psma4; Psmb3; Psma6; Psmb4; Psmd3; Psmd6; Psma3; Psmd12; Psmd13; Adrm1; Psmd1; Psmc2; Shh; Gas8; Ubb; Kif3a","eye","RR-3","GLDS-194","Stat_(Space Flight)v(Ground Control)",1,"flight_positive"
"REACTOME_HEME_SIGNALING",1.53932127219459e-06,2.21783788559616e-05,0.643551836150722,0.572190305965646,2.28869936596084,49,"reactome","Chd9; Ncoa2; Tgs1; Ep300; Rai1; Crebbp; Ncoa1; Nrip1; Clock; Ncoa6; Crtc1; Mef2d; Crtc2; Crtc3; Rora; Npas2; Tbl1x; Ppargc1a; Nr1d1; Carm1; Ncor1","eye","RR-3","GLDS-194","Stat_(Space Flight)v(Ground Control)",1,"flight_positive"
"REACTOME_HEPARAN_SULFATE_HEPARIN_HS_GAG_METABOLISM",0.637526652452026,0.74662212239034,0.0699458736501659,0.22056571393978,0.901704490724876,58,"reactome","Sdc3; Gpc6; Ids; Hs6st3; B3gat1; Xylt1; Ext2; Hs2st1; Hspg2; Uxs1; Ndst3; Ndst1; Idua; Ndst2; Sgsh; Gpc2; Hs6st2; Agrn; Glb1l2; Slc35d2; Gpc4; Bgn; Gpc1; Ncan","eye","RR-3","GLDS-194","Stat_(Space Flight)v(Ground Control)",1,"flight_positive"
"REACTOME_HH_MUTANTS_ABROGATE_LIGAND_SECRETION",1.58760157248419e-05,0.000160965159432425,0.575610261071129,-0.55330503277229,-2.18670150644759,46,"reactome","Uba52; Psma7; Rps27a; Psmc1; Sem1; Psmd2; Psmc3; Psma5; Psmb6; Psmd14; Psmd8; Psmb1; Psma1; Psmb7; Os9; Psmc5; Psma2; Psma4; Psmb3; Psma6; Psmb4; Psmd3; Psmd6; Psma3; Psmd12; Psmd13; Adrm1; Psmd1; Psmc2","eye","RR-3","GLDS-194","Stat_(Space Flight)v(Ground Control)",1,"flight_positive"
"REACTOME_HIGH_LAMINAR_FLOW_SHEAR_STRESS_ACTIVATES_SIGNALING_BY_PIEZO1_AND_PECAM1_CDH5_KDR_IN_ENDOTHELIAL_CELLS",0.383817427385892,0.550825796838207,0.0959206777921745,0.242661283527283,1.0400518216506,68,"reactome","Flt4; Prkar2a; Cdh5; Capns2; Rictor; Kdr; Panx1; Calcrl; Mtor; Gnaq; Nos3; Pik3cb; Gng12","eye","RR-3","GLDS-194","Stat_(Space Flight)v(Ground Control)",1,"flight_positive"
"REACTOME_HIV_ELONGATION_ARREST_AND_RECOVERY",0.262452107279693,0.435942352098097,0.114750719227023,-0.316502179625088,-1.1466673412039,32,"reactome","Polr2h; Nelfb; Polr2f; Polr2i; Polr2l; Ctdp1; Elob; Polr2k; Polr2j; Polr2g; Polr2c; Polr2d; Gtf2f1; Supt4a; Eloa; Polr2e; Supt16; Eloc; Nelfa; Ssrp1; Nelfcd; Supt5; Gtf2f2; Tcea1","eye","RR-3","GLDS-194","Stat_(Space Flight)v(Ground Control)",1,"flight_positive"
"REACTOME_HIV_INFECTION",0.000160831425877212,0.00118993521172667,0.518848077743792,-0.323421723679851,-1.66239684886419,210,"reactome","Uba52; Gtf2e1; Nmt2; Xrcc6; Polr2h; Psma7; Xrcc4; Rps27a; Psmc1; Ranbp1; Sem1; Psmd2; Psmc3; Skp1; Ppia; Nelfb; Chmp4b; Polr2f; Npm1; Psma5; Chmp3; Psmb6; Psmd14; Polr2i; Slc25a5; Psmd8; Chmp5; Mvb12a; Polr2l; Psmb1; Psma1; Taf10; Ran; Taf12; Psmb7; Vps37d; Gtf2b; Ctdp1; Ncbp2; Elob; Vps4a; Rbx1; Polr2k; Chmp6; Cdk7; Chmp2a; Psmc5; Psma2; Chmp7; Psma4; Gtf2h5; Psmb3; Vps28; Psma6; Psmb4; Xrcc5; Ap2s1; Slc25a4; Rcc1; Rae1; Psmd3; Psmd6; Psma3; Polr2j; Taf7; Vta1; Arf1; Nup50; Psmd12; Psmd13; Adrm1; Taf6; Taf11; Nup107; Atp6v1h; Psmd1; Rngtt; Polr2g; Gtf2h2; Psmc2; Polr2c; Fen1; Ap2a2; Taf9; Polr2d; Fyn; Mnat1; B2m; Ubb; Ercc3; Gtf2f1; Rnmt; Taf5","eye","RR-3","GLDS-194","Stat_(Space Flight)v(Ground Control)",1,"flight_positive"
"REACTOME_HIV_LIFE_CYCLE",0.0532544378698225,0.136246751092186,0.276500599254472,-0.267197977815636,-1.30527933720573,144,"reactome","Uba52; Gtf2e1; Nmt2; Xrcc6; Polr2h; Xrcc4; Rps27a; Ranbp1; Ppia; Nelfb; Chmp4b; Polr2f; Chmp3; Polr2i; Chmp5; Mvb12a; Polr2l; Taf10; Ran; Taf12; Vps37d; Gtf2b; Ctdp1; Ncbp2; Elob; Vps4a; Polr2k; Chmp6; Cdk7; Chmp2a; Chmp7; Gtf2h5; Vps28; Xrcc5; Rcc1; Rae1; Polr2j; Taf7; Vta1; Nup50; Taf6; Taf11; Nup107; Rngtt; Polr2g; Gtf2h2; Polr2c; Fen1; Taf9; Polr2d; Mnat1; Ubb; Ercc3; Gtf2f1; Rnmt; Taf5; Nmt1; Nup43; Supt4a; Gtf2h1; Cxcr4; Sec13; Chmp4c; Rangap1; Nup35; Eloa","eye","RR-3","GLDS-194","Stat_(Space Flight)v(Ground Control)",1,"flight_positive"
"REACTOME_HIV_TRANSCRIPTION_ELONGATION",0.0110785369073733,0.0383892339037143,0.380730400722792,-0.413862275166727,-1.59542881649338,42,"reactome","Polr2h; Nelfb; Polr2f; Polr2i; Polr2l; Ctdp1; Ncbp2; Elob; Polr2k; Cdk7; Gtf2h5; Polr2j; Polr2g; Gtf2h2; Polr2c; Polr2d; Mnat1; Ercc3; Gtf2f1; Supt4a; Gtf2h1; Eloa; Polr2e; Supt16; Eloc; Nelfa; Ssrp1; Nelfcd; Supt5; Gtf2f2; Tcea1","eye","RR-3","GLDS-194","Stat_(Space Flight)v(Ground Control)",1,"flight_positive"
"REACTOME_HIV_TRANSCRIPTION_INITIATION",0.0100531752959552,0.0358574167722179,0.380730400722792,-0.407343396536616,-1.59525314173308,45,"reactome","Gtf2e1; Polr2h; Polr2f; Polr2i; Polr2l; Taf10; Taf12; Gtf2b; Polr2k; Cdk7; Gtf2h5; Polr2j; Taf7; Taf6; Taf11; Polr2g; Gtf2h2; Polr2c; Taf9; Polr2d; Mnat1; Ercc3; Gtf2f1; Taf5","eye","RR-3","GLDS-194","Stat_(Space Flight)v(Ground Control)",1,"flight_positive"
"REACTOME_HOMOLOGOUS_DNA_PAIRING_AND_STRAND_EXCHANGE",0.0505836575875486,0.133467723032207,0.282013350011725,-0.363467038957614,-1.40115642955108,42,"reactome","Rhno1; Sem1; Chek1; Rfc4; Kat5; Rad1; Rfc3; Rbbp8; Top3a; Palb2; Rad9a; Wrn; Brip1","eye","RR-3","GLDS-194","Stat_(Space Flight)v(Ground Control)",1,"flight_positive"
"REACTOME_HOMOLOGY_DIRECTED_REPAIR",1.06929276228438e-05,0.00011479172300994,0.593325476396405,-0.39988631196271,-1.906394595949,125,"reactome","Spidr; Rhno1; Tipin; Uba52; Mus81; Rps27a; Abraxas1; BC055324; H4c1; Sem1; Pold2; Chek1; H4c4; Rfc4; Kat5; Rad1; Ppp4c; Rfc3; Pole3; H2bc7; H4c2; H4c3; H4c12; H4c11; Rad52; Rbbp8; H2bc14; H4c18; Pold4; Top3a; H2bc18; Palb2; Rad9a; Uimc1; H4c6; Nsd2; H4c8; Rnf4; Wrn; Pcna; Ube2i; Pole4; Brip1; Parp1; H2bc3; Babam1; H2ax; Rnf168; H2bc21; Ercc1; H4c17; Pias4; Fen1; Rnf8; Rfc5; H2bc8; Ubb; H2bc4; Sumo2; H3f4","eye","RR-3","GLDS-194","Stat_(Space Flight)v(Ground Control)",1,"flight_positive"
"REACTOME_HOST_INTERACTIONS_OF_HIV_FACTORS",0.00753142697831705,0.0292443707136779,0.407017918923954,-0.313130081346863,-1.47540574858801,114,"reactome","Uba52; Psma7; Rps27a; Psmc1; Ranbp1; Sem1; Psmd2; Psmc3; Skp1; Ppia; Npm1; Psma5; Psmb6; Psmd14; Slc25a5; Psmd8; Psmb1; Psma1; Ran; Psmb7; Elob; Rbx1; Psmc5; Psma2; Psma4; Psmb3; Psma6; Psmb4; Ap2s1; Slc25a4; Rcc1; Rae1; Psmd3; Psmd6; Psma3; Arf1; Nup50; Psmd12; Psmd13; Adrm1; Nup107; Atp6v1h; Psmd1","eye","RR-3","GLDS-194","Stat_(Space Flight)v(Ground Control)",1,"flight_positive"
"REACTOME_HSF1_ACTIVATION",0.0640776699029126,0.156225680933852,0.248911114434702,-0.413077245635749,-1.43487314499932,28,"reactome","Eef1a1; Dnajb1; Mrpl18; Hsbp1; Fkbp4; Hsp90aa1; Rln1; Ubb; Tnfrsf21; Rpa3; Dnajb6; Rpa2; Ptges3; Hspb1","eye","RR-3","GLDS-194","Stat_(Space Flight)v(Ground Control)",1,"flight_positive"
"REACTOME_HSF1_DEPENDENT_TRANSACTIVATION",0.575510204081633,0.700204081632653,0.0728938564822936,0.253925244256858,0.935163213112657,36,"reactome","Ep300; Crebbp; Rptor; Camk2a; Camk2d; Mtor; Hsph1; Hspa1l; Hsf1","eye","RR-3","GLDS-194","Stat_(Space Flight)v(Ground Control)",1,"flight_positive"
"REACTOME_HSP90_CHAPERONE_CYCLE_FOR_STEROID_HORMONE_RECEPTORS_SHR_IN_THE_PRESENCE_OF_LIGAND",0.00158470578914434,0.00822394710480119,0.45505986738723,-0.440998019065477,-1.74784090380136,48,"reactome","Dctn5; Tubb3; Tuba1c; Tubb4b; Dnajb1; Tuba1b; Actr1a; Stip1; Capza2; Tubb2a; Tuba8; Fkbp4; Hsp90aa1; Dctn2; Tubb2b; Capza1; Dctn3; Dync1li1; Tuba1a; Dynll1; Hspa8; Dnaja2; Tuba4a; Dync1i1","eye","RR-3","GLDS-194","Stat_(Space Flight)v(Ground Control)",1,"flight_positive"
"REACTOME_HS_GAG_BIOSYNTHESIS",0.230290456431535,0.40468726104909,0.129442887745046,0.33281653544871,1.17525686038434,31,"reactome","Sdc3; Gpc6; Hs6st3; Ext2; Hs2st1; Hspg2; Ndst3; Ndst1; Ndst2; Gpc2; Hs6st2; Agrn; Slc35d2; Gpc4; Gpc1","eye","RR-3","GLDS-194","Stat_(Space Flight)v(Ground Control)",1,"flight_positive"
"REACTOME_HS_GAG_DEGRADATION",0.642411642411642,0.747893695160245,0.0683110858318647,0.259048871742123,0.857566973398379,24,"reactome","Sdc3; Gpc6; Ids; Hspg2; Idua; Sgsh; Gpc2; Agrn; Glb1l2; Gpc4; Gpc1","eye","RR-3","GLDS-194","Stat_(Space Flight)v(Ground Control)",1,"flight_positive"
"REACTOME_HYALURONAN_METABOLISM",0.86105675146771,0.915395284327323,0.051530912208539,-0.235805372636931,-0.706614024053449,17,"reactome","Hexb; Hmmr; Hyal3; Has2; Has3; Hexa","eye","RR-3","GLDS-194","Stat_(Space Flight)v(Ground Control)",1,"flight_positive"
"REACTOME_IKK_COMPLEX_RECRUITMENT_MEDIATED_BY_RIP1",0.624742268041237,0.73826860841424,0.0692836467392548,0.262158443806248,0.861474415860869,23,"reactome","Traf6; Ube2n; Ubc; Ikbkb; Sarm1; Ube2d2a; Ly96; Ticam1","eye","RR-3","GLDS-194","Stat_(Space Flight)v(Ground Control)",1,"flight_positive"
"REACTOME_IL_6_TYPE_CYTOKINE_RECEPTOR_LIGAND_INTERACTIONS",0.862704918032787,0.91625789063618,0.0535669384770951,0.237835493508331,0.684961372084937,15,"reactome","Cntfr; Il6st; Jak1; Clcf1; Lifr","eye","RR-3","GLDS-194","Stat_(Space Flight)v(Ground Control)",1,"flight_positive"
"REACTOME_IMMUNOREGULATORY_INTERACTIONS_BETWEEN_A_LYMPHOID_AND_A_NON_LYMPHOID_CELL",0.997983870967742,0.998896104853453,0.0461379160269737,0.132228605818967,0.587867810555566,84,"reactome","Cd300lg; Pianp; Siglecg; Pilra; Cd40; Cd19; Slamf7; Npdc1; Icam2; Klrk1; Cd1d1; Itga4; Sell; Cd200; Ulbp1; Col2a1; Oscar; Cd34; Siglec1","eye","RR-3","GLDS-194","Stat_(Space Flight)v(Ground Control)",1,"flight_positive"
"REACTOME_INACTIVATION_OF_CSF3_G_CSF_SIGNALING",0.00978673221398548,0.035367893644601,0.380730400722792,-0.517959302808575,-1.73088284319422,24,"reactome","Uba52; Rps27a; Csf3r; Socs1; Jak2; Stat1; Elob; Rnf7","eye","RR-3","GLDS-194","Stat_(Space Flight)v(Ground Control)",1,"flight_positive"
"REACTOME_INCRETIN_SYNTHESIS_SECRETION_AND_INACTIVATION",0.25,0.423106646058733,0.116739204791222,-0.371523067385665,-1.16425774726148,19,"reactome","Gip; Pax6; Sec11c; Ctnnb1; Sec11a; Gnb3; Spcs1","eye","RR-3","GLDS-194","Stat_(Space Flight)v(Ground Control)",1,"flight_positive"
"REACTOME_INFECTION_WITH_MYCOBACTERIUM_TUBERCULOSIS",0.220272904483431,0.390289369594428,0.128142916898415,-0.347735180388743,-1.1854893598484,26,"reactome","Uba52; Rps27a; Ltf; Gsk3a; Trim27; Coro1a; Pgk1; Atp6v1h; B2m; Ubb","eye","RR-3","GLDS-194","Stat_(Space Flight)v(Ground Control)",1,"flight_positive"
"REACTOME_INFLAMMASOMES",0.526315789473684,0.674053554939982,0.0732558655828455,-0.305936988190918,-0.958727842073326,19,"reactome","Nfkb1; Casp1; Aim2; Sugt1; Txn1; Pycard","eye","RR-3","GLDS-194","Stat_(Space Flight)v(Ground Control)",1,"flight_positive"
"REACTOME_INFLUENZA_INFECTION",1.63121579179077e-26,1.48848441000908e-24,1.33449749081658,-0.643336464363367,-3.13184956061969,142,"reactome","Rpl27a; Rpl6; Rpl26; Rps6; Rps7; Rps5; Rpl7; Rpl7a; Rpl30; Rps3a1; Rpl14; Rps4x; Uba52; Rpl39; Rpl8; Rpl18a; Polr2h; Rpl13; Rpl36a; Rplp1; Rps25; Rps9; Rpl3; Rpl23; Rpl32; Rpl29; Rpl17; Rpl36al; Rpl35a; Rps24; Rps29; Rps11; Rplp2; Rps19; Rps26; Rps10; Rps27a; Rpl22l1; Rpl9; Rpsa; Rps28; Rpl5; Rps15a; Rps20; Rpl36; Rps3; Rpl38; Rps13; Rps17; Rpl37a; Rpl21; Rps16; Rpl27; Clta; Rpl19; Rpl10; Rpl35; Rps14; Rpl24; Rps12; Rpl4; Rpl22; Rpl18; Polr2f; Calr; Rps27; Rps21; Rps2; Rps15; Rps23; Fau; Polr2i; Rpl13a; Isg15; Polr2l; Rpl31; Ran; Rps18","eye","RR-3","GLDS-194","Stat_(Space Flight)v(Ground Control)",1,"flight_positive"
"REACTOME_INHIBITION_OF_DNA_RECOMBINATION_AT_TELOMERE",3.1671864616471e-08,7.53928081631212e-07,0.719512826338911,-0.589740064818978,-2.390298616238,53,"reactome","Polr2h; H2ac19; H4c1; H2aj; H2ac13; H4c4; Polr2f; Polr2i; H2ac20; H2bc7; Polr2l; H4c2; H4c3; H4c12; H2ac4; H4c11; H2ac10; Polr2k; H2bc14; H4c18; H3f3b; H2bc18; Daxx; H4c6; H4c8; Polr2j; Terf2ip; H2bc3; H2ax; Tinf2; H2bc21; H3f3a; H4c17; Polr2g; Polr2c; H2ac18; H2az2; Polr2d; H2bc8; H2bc4; H3f4","eye","RR-3","GLDS-194","Stat_(Space Flight)v(Ground Control)",1,"flight_positive"
"REACTOME_INHIBITION_OF_THE_PROTEOLYTIC_ACTIVITY_OF_APC_C_REQUIRED_FOR_THE_ONSET_OF_ANAPHASE_BY_MITOTIC_SPINDLE_CHECKPOINT_COMPONENTS",0.153100775193798,0.298833063880943,0.156312403073186,-0.404789633489348,-1.29827144307497,21,"reactome","Anapc15; Cdc26; Anapc11; Cdc16; Ube2s; Bub3","eye","RR-3","GLDS-194","Stat_(Space Flight)v(Ground Control)",1,"flight_positive"
"REACTOME_INITIAL_TRIGGERING_OF_COMPLEMENT",0.0103710622618352,0.0367518225783479,0.380730400722792,-0.560553496291314,-1.65006717226907,16,"reactome","C1qa; C1qb; C1qc; Gzmm","eye","RR-3","GLDS-194","Stat_(Space Flight)v(Ground Control)",1,"flight_positive"
"REACTOME_INITIATION_OF_NUCLEAR_ENVELOPE_NE_REFORMATION",0.863829787234043,0.916307292315357,0.0552495663125249,0.229855068776026,0.701445254053374,19,"reactome","Ppp2r2a; Lmnb1; Lemd3; Sirt2","eye","RR-3","GLDS-194","Stat_(Space Flight)v(Ground Control)",1,"flight_positive"
"REACTOME_INLB_MEDIATED_ENTRY_OF_LISTERIA_MONOCYTOGENES_INTO_HOST_CELL",0.26844262295082,0.441328880700138,0.11776578836269,0.401399186947174,1.15602147429473,15,"reactome","Cbl; Sh3gl2; Stam2; Grb2; Hgs; Ubc; Stam","eye","RR-3","GLDS-194","Stat_(Space Flight)v(Ground Control)",1,"flight_positive"
"REACTOME_INOSITOL_PHOSPHATE_METABOLISM",0.481632653061224,0.639257884972171,0.0822054920415869,0.24433324417821,0.971915862190549,48,"reactome","Ppip5k1; Plcb4; Synj1; Inpp4a; Inpp5a; Inpp5j; Pten","eye","RR-3","GLDS-194","Stat_(Space Flight)v(Ground Control)",1,"flight_positive"
"REACTOME_INSERTION_OF_TAIL_ANCHORED_PROTEINS_INTO_THE_ENDOPLASMIC_RETICULUM_MEMBRANE",0.00577777527891159,0.0231798587583475,0.407017918923954,-0.533717628860196,-1.71177890659374,21,"reactome","Stx1a; Serp1; Get3; Sgta; Sec61b; Caml; Ube2j2; Get1; Emd; Sec61g; Aldh3a2; Cyb5a","eye","RR-3","GLDS-194","Stat_(Space Flight)v(Ground Control)",1,"flight_positive"
"REACTOME_INSULIN_PROCESSING",0.2578125,0.431096931062286,0.117249716749792,-0.342332943881733,-1.15417009860773,25,"reactome","Stx1a; Cltrn; Kif5a; Ins2; Exoc8; Slc30a5; P4hb; Exoc6","eye","RR-3","GLDS-194","Stat_(Space Flight)v(Ground Control)",1,"flight_positive"
"REACTOME_INSULIN_RECEPTOR_RECYCLING",0.194174757281553,0.356747247018961,0.137250779610133,-0.350004899687871,-1.21578381885299,28,"reactome","Ctsd; Ptpn1; Atp6v0e; Atp6v1e1; Atp6v1g1; Atp6v1f; Ins2","eye","RR-3","GLDS-194","Stat_(Space Flight)v(Ground Control)",1,"flight_positive"
"REACTOME_INSULIN_RECEPTOR_SIGNALLING_CASCADE",0.123203285420945,0.254542636860253,0.181383128498408,0.316922628757305,1.27953639010033,51,"reactome","Insr; Kras; Gab1; Frs2; Sos1; Trib3; Pik3r4; Grb2; Irs1; Irs2; Fgfr1; Pik3cb","eye","RR-3","GLDS-194","Stat_(Space Flight)v(Ground Control)",1,"flight_positive"
"REACTOME_INTEGRATION_OF_ENERGY_METABOLISM",0.134146341463415,0.271516162481403,0.172324344900946,0.259583778239487,1.20718783307921,105,"reactome","Adra2a; Prkca; Prkab2; Cacna1e; Acaca; Prkaa2; Prkar2a; Stxbp1; Ahcyl1; Vamp2; Kcng2; Cacna1d; Cacna1c; Rap1a; Acacb; Fasn; Acsl4; Cacna2d2; Gnaq; Marcks; Cacna1a","eye","RR-3","GLDS-194","Stat_(Space Flight)v(Ground Control)",1,"flight_positive"
"REACTOME_INTEGRIN_CELL_SURFACE_INTERACTIONS",0.429447852760736,0.592956414352782,0.0886261133285098,0.227151636995939,1.00346434439495,80,"reactome","Cd44; Fn1; Vwf; Jam2; Cd47; Kdr; Itga1; Itga5; Col5a3; Icam2; Itga8; Col10a1; Hspg2; Col4a2; Itga9; Itga4; Itga6; Pecam1; Itga11; Col2a1; Col4a1; Itgal; Cdh1; Agrn; Itga3; Col9a1; Fgg; Tnc; Col4a4; Col6a2","eye","RR-3","GLDS-194","Stat_(Space Flight)v(Ground Control)",1,"flight_positive"
"REACTOME_INTEGRIN_SIGNALING",0.236734693877551,0.411467444120505,0.126253987849115,0.347109046466762,1.16943007993104,25,"reactome","Fn1; Vwf; Sos1; Rap1a; Grb2; Rap1b","eye","RR-3","GLDS-194","Stat_(Space Flight)v(Ground Control)",1,"flight_positive"
"REACTOME_INTERACTIONS_OF_REV_WITH_HOST_CELLULAR_PROTEINS",0.112244897959184,0.240055006377551,0.190023305279108,0.354462123470647,1.30542333150712,36,"reactome","Nup160; Pom121; Nup98; Nup153; Nup214; Nup155; Tpr; Nup188; Ranbp2; Nup93","eye","RR-3","GLDS-194","Stat_(Space Flight)v(Ground Control)",1,"flight_positive"
"REACTOME_INTERACTIONS_OF_VPR_WITH_HOST_CELLULAR_PROTEINS",0.0283579186123705,0.0804453908822427,0.352487857583619,0.4077500708449,1.4933929656751,35,"reactome","Nup160; Pom121; Nup98; Nup153; Nup214; Nup155; Tpr; Nup188; Ranbp2; Nup93","eye","RR-3","GLDS-194","Stat_(Space Flight)v(Ground Control)",1,"flight_positive"
"REACTOME_INTERACTION_BETWEEN_L1_AND_ANKYRINS",0.325,0.497032122905028,0.106323255932708,0.313705665186977,1.0989659085268,30,"reactome","Ank3; Nfasc; Ank2; Scn4a; Sptbn1; Scn7a; Scn8a; Kcnq3; Scn9a; Ank1; Sptb; Scn5a; L1cam","eye","RR-3","GLDS-194","Stat_(Space Flight)v(Ground Control)",1,"flight_positive"
"REACTOME_INTERCONVERSION_OF_NUCLEOTIDE_DI_AND_TRIPHOSPHATES",0.00578899426003569,0.0231798587583475,0.407017918923954,-0.495870889611085,-1.72246675508551,28,"reactome","Ak2; Nme2; Ak5; Ctps; Nme3; Gsr; Guk1; Ak1; Dctpp1; Ak9; Glrx; Txn1; Cmpk1; Nudt13; Txnrd1; Dtymk; Dut","eye","RR-3","GLDS-194","Stat_(Space Flight)v(Ground Control)",1,"flight_positive"
"REACTOME_INTERFERON_ALPHA_BETA_SIGNALING",0.00416648176165361,0.0180327965573546,0.407017918923954,-0.386103303740704,-1.63134899792291,63,"reactome","Uba52; Ifi27; Ptpn1; Rps27a; Socs1; Psmb8; Isg15; Irf7; Mx2; Stat1; H2-T23; Stat2; Rnasel; Usp18; H2-M3; Irf1; H2-Q1; H2-D1; Ifit2; Ip6k2; Ifitm3; Ifnar2; Ptpn6; Ubb; Ifitm1; Ifit3; Ifit1bl1; H2-Q2; Gbp2; Irf9; Xaf1; Oas3; Abce1; Irf8; Ifi35; Irf5","eye","RR-3","GLDS-194","Stat_(Space Flight)v(Ground Control)",1,"flight_positive"
"REACTOME_INTERFERON_GAMMA_SIGNALING",0.76530612244898,0.847330843358577,0.0589694466690997,0.192204452268753,0.86120855477539,89,"reactome","Cd44; Irf2; Ncam1; Trim38; Trim2; Camk2a; Camk2d; Trim26; Mid1; Pml; Trim62; Trim10; Pias1; Trim25; Trim8; Gbp5; Ciita; Mapk3; Jak1; Trim6","eye","RR-3","GLDS-194","Stat_(Space Flight)v(Ground Control)",1,"flight_positive"
"REACTOME_INTERFERON_SIGNALING",0.0715667311411992,0.168528108816372,0.234392647294686,-0.233002184940959,-1.22430872826361,242,"reactome","Gbp3; Uba52; Cenpx; Ifi27; Faap20; Fancl; Ptpn1; Rps27a; Ppm1b; Ifi44; Tubb3; Eif4e; Trim17; Ybx1; Eif4a2; Tuba1c; Eif4e2; Npm1; Nck1; Pin1; Tubb4b; Socs1; Eif4a1; Psmb8; Tuba1b; Eif4a3; Isg15; Ppp2r1a; Jak2; Ptafr; Irf7; Mx2; Eif2s1; Stat1; H2-T23; Snca; Ifngr2; Prkra; Tubb2a; Fancc; Ppp2cb; Stat2; Tuba8; Sumo1; Rnasel; Rae1; Trim3; Ube2i; Gbp10; Tubb2b; Ppp2ca; Fancb; Usp18; H2-M3; Nup50; Irf1; Trim68; Nup107; Ifi44l; Ifih1; H2-Q1; Trim35; H2-D1; Tuba1a; Hspa8; Fancf; Ifit2; Tarbp2; Tuba4a; Ip6k2; Ifitm3; Ifnar2; Becn1; Eif2s3x; Trim12c; Trim46; Ptpn6; B2m; Ubb; Prkcd; Ilf2; Ifitm1; Ifit3; Nup43; H2-Ab1; Ifit1bl1; Mt2; H2-Q2; Eif4g1; Camk2b; Gbp2; Ptpn2; Cdk1; Sec13; Irf9; Trim5; Nup35; Mapt; Xaf1; Flnb","eye","RR-3","GLDS-194","Stat_(Space Flight)v(Ground Control)",1,"flight_positive"
"REACTOME_INTERLEUKIN_10_SIGNALING",0.739130434782609,0.823439650529591,0.0590954798717342,-0.223871516565156,-0.840089275756773,38,"reactome","Il12b; Ptafr; Tnf; Il1a; Il18; Fpr1; Il12a; Il1r2; Ccl4","eye","RR-3","GLDS-194","Stat_(Space Flight)v(Ground Control)",1,"flight_positive"
"REACTOME_INTERLEUKIN_12_FAMILY_SIGNALING",0.00305930764808007,0.0141892451134642,0.431707695803346,-0.418741183406454,-1.69721633473476,53,"reactome","Snrpa1; Bola2; Psme2; Il12b; Taldo1; Ppia; Tcp1; Aip; Jak2; Stat1; Cfl1; Rplp0; Sod1; Hspa9; Il12rb2; Cdc42; Arf1; P4hb; Capza1; Hnrnpf; Il12a","eye","RR-3","GLDS-194","Stat_(Space Flight)v(Ground Control)",1,"flight_positive"
"REACTOME_INTERLEUKIN_12_SIGNALING",0.000983585021137751,0.005580443513709,0.45505986738723,-0.475413308287123,-1.83273574146566,43,"reactome","Snrpa1; Bola2; Psme2; Il12b; Taldo1; Ppia; Tcp1; Aip; Jak2; Cfl1; Rplp0; Sod1; Hspa9; Il12rb2; Cdc42; Arf1; P4hb; Capza1; Hnrnpf; Il12a","eye","RR-3","GLDS-194","Stat_(Space Flight)v(Ground Control)",1,"flight_positive"
"REACTOME_INTERLEUKIN_17_SIGNALING",0.438223938223938,0.601387728580711,0.0843144320642653,-0.232093465000775,-0.998473329265384,70,"reactome","Dusp6; Uba52; Rps27a; Ripk2; Mapkapk2; Skp1; Nfkb1; Ppp2r1a; Ppp2r5d; Ppp2cb; Mapk11; Dusp4; Map2k1; Cul1; Ppp2ca; Ube2v1; Rps6ka1","eye","RR-3","GLDS-194","Stat_(Space Flight)v(Ground Control)",1,"flight_positive"
"REACTOME_INTERLEUKIN_1_FAMILY_SIGNALING",0.000695127562325869,0.00425231665221691,0.477270815362862,-0.336466409622957,-1.60857665692011,130,"reactome","Uba52; Psma7; Rps27a; Psmc1; Ripk2; Sem1; Psmd2; Psmc3; Skp1; Psma5; Psmb6; Nfkb1; Psmd14; Casp1; Psmd8; Psmb1; Psma1; Psmb7; Rbx1; Nkiras1; Psmc5; Psma2; Psma4; Ptpn13; Psmb3; Hmgb1; Psma6; Psmb4; Psmd3; Psmd6; Psma3; Map2k1; Il1a; Il18; Lrrc14; Cul1; Nfkbib; Nkiras2; Sqstm1; Usp18; Psmd12; Psmd13; Il1r2; Ube2v1; Adrm1; Psmd1","eye","RR-3","GLDS-194","Stat_(Space Flight)v(Ground Control)",1,"flight_positive"
"REACTOME_INTERLEUKIN_1_SIGNALING",1.7623954118598e-05,0.000175438452362408,0.575610261071129,-0.425809454150974,-1.9577138126849,98,"reactome","Uba52; Psma7; Rps27a; Psmc1; Ripk2; Sem1; Psmd2; Psmc3; Skp1; Psma5; Psmb6; Nfkb1; Psmd14; Psmd8; Psmb1; Psma1; Psmb7; Rbx1; Nkiras1; Psmc5; Psma2; Psma4; Psmb3; Hmgb1; Psma6; Psmb4; Psmd3; Psmd6; Psma3; Map2k1; Il1a; Lrrc14; Cul1; Nfkbib; Nkiras2; Sqstm1; Usp18; Psmd12; Psmd13; Il1r2; Ube2v1; Adrm1; Psmd1","eye","RR-3","GLDS-194","Stat_(Space Flight)v(Ground Control)",1,"flight_positive"
"REACTOME_INTERLEUKIN_20_FAMILY_SIGNALING",0.305019305019305,0.477819941339255,0.105520936843198,-0.373072760384606,-1.14776992578426,18,"reactome","Jak2; Stat1; Il20rb; Stat2","eye","RR-3","GLDS-194","Stat_(Space Flight)v(Ground Control)",1,"flight_positive"
"REACTOME_INTERLEUKIN_2_FAMILY_SIGNALING",0.930894308943089,0.963449213887224,0.0496901392724606,0.180038912613232,0.693630873301336,41,"reactome","Sos1; Il2ra; Csf2ra; Grb2; Csf2rb2; Pik3cb; Jak1; Lck; Lgals9; Stat3; Sos2; Il5","eye","RR-3","GLDS-194","Stat_(Space Flight)v(Ground Control)",1,"flight_positive"
"REACTOME_INTERLEUKIN_37_SIGNALING",0.361570247933884,0.532578865853327,0.0992333343771191,0.34531550538014,1.07745027193354,20,"reactome","Ptpn12; Ptpn23; Ptpn14; Smad3; Il18bp; Stat3; Ptpn5; Ptpn7; Sigirr","eye","RR-3","GLDS-194","Stat_(Space Flight)v(Ground Control)",1,"flight_positive"
"REACTOME_INTERLEUKIN_3_INTERLEUKIN_5_AND_GM_CSF_SIGNALING",0.738683127572016,0.823439650529591,0.0610363728309177,0.215786730234486,0.852981497635239,47,"reactome","Cbl; Sos1; Il2ra; Csf2ra; Grb2; Csf2rb2; Ubc; Pik3cb; Jak1; Crkl; Rapgef1","eye","RR-3","GLDS-194","Stat_(Space Flight)v(Ground Control)",1,"flight_positive"
"REACTOME_INTERLEUKIN_4_AND_INTERLEUKIN_13_SIGNALING",0.950884086444008,0.976230015839348,0.0471642455670861,-0.158584807322255,-0.729114078492663,98,"reactome","Pomc; Il12b; Rhou; Socs1; Jak2; Junb; Stat1; Ccnd1; Batf; Hsp90b1; Hsp90aa1; Tnf; Il1a; Il18; Mmp3; Itgax; Il12a; Maoa; Hgf; Itgam; Hspa8; Lbp; Zeb1; Ndn; Il4ra; Mcl1","eye","RR-3","GLDS-194","Stat_(Space Flight)v(Ground Control)",1,"flight_positive"
"REACTOME_INTERLEUKIN_6_FAMILY_SIGNALING",0.534979423868313,0.677278963586064,0.0770736734944102,0.290830957515484,0.929677525092377,21,"reactome","Cbl; Cntfr; Il6st; Il6ra; Jak1; Clcf1; Lifr; Stat3","eye","RR-3","GLDS-194","Stat_(Space Flight)v(Ground Control)",1,"flight_positive"
"REACTOME_INTERLEUKIN_7_SIGNALING",0.528735632183908,0.674847540519182,0.0739901439101341,-0.262195457520987,-0.949917528237773,32,"reactome","H3c3; H3c7; Socs1; H3c1; H3c11; H3c8; H3c4; Hgf; Il7","eye","RR-3","GLDS-194","Stat_(Space Flight)v(Ground Control)",1,"flight_positive"
"REACTOME_INTERLEUKIN_RECEPTOR_SHC_SIGNALING",0.214723926380368,0.386079966151893,0.133554954557592,0.355897830980044,1.211349061107,26,"reactome","Sos1; Il2ra; Csf2ra; Grb2; Csf2rb2; Pik3cb; Jak1","eye","RR-3","GLDS-194","Stat_(Space Flight)v(Ground Control)",1,"flight_positive"
"REACTOME_INTRACELLULAR_SIGNALING_BY_SECOND_MESSENGERS",0.0115579558566694,0.0396738610127054,0.380730400722792,0.249432514506303,1.33496087491144,297,"reactome","Phc1; Csnk2a2; Atn1; Prkca; Phc3; Foxo1; Nr2e1; Tnks; Ppp2r5e; Insr; Tnrc6b; Phlpp2; Gatad2b; Phlpp1; Tnrc6a; Snai1; Gab1; Slc38a9; Prkar2a; Pdgfrb; Rptor; Ahcyl1; Il1rap; Prkcg; Frs2; Rcor1; Rictor; Camk2a; Psmd11; Scmh1; Gsk3b; Ago2; Trib3; Camk2d; Traf6; Hdac7; Chd4; Foxo4; Ago1; Pten; Suz12; Rraga; Phc2; Grb2; Mtor; Mbd3; Foxo3; Pml; Egr1; Irs1; Irs2; Cd19; Prkce; Hdac1; Nbea; Ubc; Pik3r5; Mta1; Fgfr1; Pik3cb; Rest; Tnks2; Tnrc6c; Rragc; Ago3; Mapk3; Psmc4; Pparg; Cd86; Sall4; Il1rl1; Pik3r6; Ppp2r1b; Pdgfra; Cbx4; Rac2; Nrg4; Strn; Usp7; Trat1","eye","RR-3","GLDS-194","Stat_(Space Flight)v(Ground Control)",1,"flight_positive"
"REACTOME_INTRAFLAGELLAR_TRANSPORT",0.0311163904424548,0.0871418095511201,0.352487857583619,-0.356814951336666,-1.43745013023503,52,"reactome","Tubb3; Tuba1c; Cluap1; Tubb4b; Ift57; Tuba1b; Dynlrb1; Hspb11; Tubb2a; Ift20; Ift81; Dynlt2a1; Ttc30a1; Tubb2b; Kif3c; Ift74; Ift80; Tuba1a; Wdr35; Dynll1; Tuba4a","eye","RR-3","GLDS-194","Stat_(Space Flight)v(Ground Control)",1,"flight_positive"
"REACTOME_INTRA_GOLGI_AND_RETROGRADE_GOLGI_TO_ER_TRAFFIC",3.77965211869851e-05,0.000329929635174824,0.557332238758646,-0.341257668424282,-1.73829903747932,188,"reactome","Man1a2; Use1; Gosr2; Stx6; Kif23; Dctn5; Tmed2; Copz2; Golga5; Tubb3; Rab1b; Arfgap3; Tuba1c; Kdelr1; Tubb4b; Ykt6; Scoc; Tuba1b; Kif5a; Actr1a; Stx18; Bnip1; M6pr; Kdelr2; Capza2; Tmed3; Kifc2; Kif18b; Snap29; Cyth2; Vps52; Klc1; Naa38; Arf5; Vamp3; Tubb2a; Tmf1; Copg2; Sys1; Tuba8; Cog4; Copz1; Bet1l; Vps45; Copb2; Klc2; Rab9b; Dctn2; Rab9; Arf1; Racgap1; Tubb2b; Capza1; Napb; Kif3c; Surf4; Nbas; Dctn3; Pafah1b3; Gcc1; Dync1li1; Kif11; Pla2g4a; Cog6; Rab6a; Arcn1; Man1a; Tuba1a; Rabepk; Rint1; Dynll1; Kif5b; Tuba4a; Dync1i1; Rab3gap1; Kif22; Kif27; Rab33b; Kif3a; Vps53; Tmed7; Klc4; Cyth3; Arl1; Gosr1","eye","RR-3","GLDS-194","Stat_(Space Flight)v(Ground Control)",1,"flight_positive"
"REACTOME_INTRA_GOLGI_TRAFFIC",0.0642023346303502,0.156225680933852,0.248911114434702,-0.352990401228211,-1.36076925068411,42,"reactome","Man1a2; Gosr2; Stx6; Golga5; Ykt6; Snap29; Cyth2; Cog4; Bet1l; Vps45; Arf1; Napb; Cog6; Man1a; Rab33b; Cyth3; Gosr1","eye","RR-3","GLDS-194","Stat_(Space Flight)v(Ground Control)",1,"flight_positive"
"REACTOME_INTRINSIC_PATHWAY_FOR_APOPTOSIS",0.710172744721689,0.805843684425129,0.0596037042575973,-0.214767188906606,-0.870481327420683,53,"reactome","Akt3; Ppp3cc; Bad; Casp7; Cycs; Ywhaq; Trp73; Casp3; E2f1; Ywhah; Dynll1; Bbc3; Tfdp1; Aven; Nmt1; Bax; Septin4; Bid; Gsdmd","eye","RR-3","GLDS-194","Stat_(Space Flight)v(Ground Control)",1,"flight_positive"
"REACTOME_INTRINSIC_PATHWAY_OF_FIBRIN_CLOT_FORMATION",0.448347107438017,0.609106802288621,0.086794975677172,0.314351117127992,0.980835471779099,20,"reactome","Vwf; Serpinc1; F2; C1qbp; Serpine2; Prcp","eye","RR-3","GLDS-194","Stat_(Space Flight)v(Ground Control)",1,"flight_positive"
"REACTOME_INWARDLY_RECTIFYING_K_CHANNELS",0.416342412451362,0.580757887432154,0.0875697115548511,-0.277722957913769,-1.0302835461431,35,"reactome","Gng4; Kcnj3; Gnb2; Gng10; Gng8; Gngt2; Gngt1; Gnb3; Gng11; Kcnj1; Gng2","eye","RR-3","GLDS-194","Stat_(Space Flight)v(Ground Control)",1,"flight_positive"
"REACTOME_ION_CHANNEL_TRANSPORT",0.0689655172413793,0.164884806505044,0.245041785430996,0.254980593182154,1.26300083204879,170,"reactome","Wnk1; Atp6v0a1; Ttyh3; Atp1b2; Best3; Tpcn1; Atp1a3; Atp11c; Ryr1; Ryr2; Camk2a; Atp2b4; Sln; Pln; Unc80; Camk2d; Atp6v0a2; Atp2a1; Clcnka; Wnk2; Wnk4; Slc9b1; Asic3; Casq1; Atp8a1; Trdn; Atp11b; Atp2b1; Wwp1; Trpm1; Atp7a; Atp2a2; Ubc; Clcn1; Clcn6; Trpc4ap","eye","RR-3","GLDS-194","Stat_(Space Flight)v(Ground Control)",1,"flight_positive"
"REACTOME_ION_HOMEOSTASIS",0.00010687445219081,0.000824222976651892,0.538434096309916,0.487591735238831,1.96691443278049,53,"reactome","Atp1b2; Abcc9; Ahcyl1; Atp1a3; Ryr1; Ryr2; Camk2a; Atp2b4; Sln; Pln; Camk2d; Atp2a1; Casq1; Trdn; Atp2b1; Nos1; Atp2a2; Stim1","eye","RR-3","GLDS-194","Stat_(Space Flight)v(Ground Control)",1,"flight_positive"
"REACTOME_ION_TRANSPORT_BY_P_TYPE_ATPASES",0.0274436810670086,0.0781271997684982,0.352487857583619,0.376259015504973,1.52137408752125,54,"reactome","Atp1b2; Atp1a3; Atp11c; Camk2a; Atp2b4; Sln; Pln; Camk2d; Atp2a1; Atp8a1; Atp11b; Atp2b1; Atp7a; Atp2a2; Atp11a; Atp9b; Atp2b2; Atp10a; Atp12a; Atp1a1","eye","RR-3","GLDS-194","Stat_(Space Flight)v(Ground Control)",1,"flight_positive"
"REACTOME_IRAK4_DEFICIENCY_TLR2_4",0.962450592885375,0.984937756270548,0.0468819856878333,-0.189650994369818,-0.55826407661044,16,"reactome","Hmgb1; Cd14; Tlr1; Tirap; S100a1","eye","RR-3","GLDS-194","Stat_(Space Flight)v(Ground Control)",1,"flight_positive"
"REACTOME_IRE1ALPHA_ACTIVATES_CHAPERONES",0.866255144032922,0.916307292315357,0.0535669384770951,0.192792224128177,0.771840684043041,50,"reactome","Tpp1; Ern1; Dctn1; Wfs1; Extl1; Gfpt1; Syvn1; Pla2g4b; Klhdc3; Ddx11; Preb","eye","RR-3","GLDS-194","Stat_(Space Flight)v(Ground Control)",1,"flight_positive"
"REACTOME_IRON_UPTAKE_AND_TRANSPORT",0.0420042991565895,0.11328745708489,0.321775918075361,-0.345783244877532,-1.40882115469715,55,"reactome","Tfr2; Uba52; Trf; Glrx3; Rps27a; Nedd8; Atp6v0e; Skp1; Atp6v1e1; Atp6v1g1; Hmox2; Atp6v1f","eye","RR-3","GLDS-194","Stat_(Space Flight)v(Ground Control)",1,"flight_positive"
"REACTOME_IRS_MEDIATED_SIGNALLING",0.139583333333333,0.280447247706422,0.170932335370056,0.319856395254876,1.24972440421452,45,"reactome","Kras; Gab1; Frs2; Sos1; Trib3; Pik3r4; Grb2; Irs1; Irs2; Fgfr1; Pik3cb","eye","RR-3","GLDS-194","Stat_(Space Flight)v(Ground Control)",1,"flight_positive"
"REACTOME_ISG15_ANTIVIRAL_MECHANISM",0.265560165975104,0.439257374233744,0.119348440591015,0.262133017154103,1.12350811815944,68,"reactome","Nup160; Eif4g3; Pom121; Nup98; Nup153; Eif4g2; Nup214; Nup155; Ube2n; Tpr; Nup188; Kpna4; Ubc; Trim25; Ranbp2; Kpna3; Nup93","eye","RR-3","GLDS-194","Stat_(Space Flight)v(Ground Control)",1,"flight_positive"
"REACTOME_JNK_C_JUN_KINASES_PHOSPHORYLATION_AND_ACTIVATION_MEDIATED_BY_ACTIVATED_HUMAN_TAK1",0.58974358974359,0.714346494213751,0.0699458736501659,-0.285657157159141,-0.925144606218114,22,"reactome","Uba52; Rps27a; Ripk2","eye","RR-3","GLDS-194","Stat_(Space Flight)v(Ground Control)",1,"flight_positive"
"REACTOME_KEAP1_NFE2L2_PATHWAY",0.000208243171554892,0.00150017284771452,0.518848077743792,-0.371600434413943,-1.74286639930306,112,"reactome","Akt3; Uba52; Psma7; Rps27a; Psmc1; Mafk; Sem1; Psmd2; Psmc3; Taldo1; Skp1; Srxn1; Psma5; Psmb6; Nfkb1; Psmd14; Psmd8; Csnk2b; Psmb1; Psma1; Idh1; Psmb7; Mul1; Gclc; Rbx1; Psmc5; Psma2; Psma4; Dpp3; Nqo1; Psmb3; Palb2; Abcf2; Psma6; Psmb4; Gsr; Psmd3; Psmd6; Psma3; Tkt; Prdx1; Cul1; Sqstm1","eye","RR-3","GLDS-194","Stat_(Space Flight)v(Ground Control)",1,"flight_positive"
"REACTOME_KERATAN_SULFATE_BIOSYNTHESIS",0.951267056530214,0.976230015839348,0.046788296531803,-0.186200935720272,-0.640397882296171,27,"reactome","Chst5; St3gal4; B4galt2; B3gnt2; B3gnt7; Chst2; B3gnt4; Omd; B4galt3","eye","RR-3","GLDS-194","Stat_(Space Flight)v(Ground Control)",1,"flight_positive"
"REACTOME_KERATAN_SULFATE_DEGRADATION",0.684824902723735,0.783577083053804,0.0619762736001998,-0.286647658156549,-0.832435596462075,15,"reactome","Hexb; Glb1l3; Glb1; Galns; Hexa; Omd","eye","RR-3","GLDS-194","Stat_(Space Flight)v(Ground Control)",1,"flight_positive"
"REACTOME_KERATAN_SULFATE_KERATIN_METABOLISM",0.361867704280156,0.532578865853327,0.0956031492204301,-0.283450807267533,-1.05153245184503,35,"reactome","Chst5; Hexb; St3gal4; Glb1l3; Glb1; B4galt2; B3gnt2; B3gnt7; Galns; Hexa; Chst2; B3gnt4; Omd; B4galt3","eye","RR-3","GLDS-194","Stat_(Space Flight)v(Ground Control)",1,"flight_positive"
"REACTOME_KERATINIZATION",0.0553435114503817,0.139956455053506,0.266350657088526,-0.324005473065202,-1.35378184697537,61,"reactome","Krt23; Krt25; Krt8; Tgm5; Krt18; Krt71; Krt28; Krt10; Ivl; Krt75; Capn1; Krt77; Pkp3; St14; Krt12; Dsc1; Krt24; Perp; Pkp1; Krt17; Krt7; Dsp; Dsg1a; Evpl; Dsc3; Krt16; Kazn; Ppl; Krt26; Dsc2; Dsg3; Krt5; Krt6a; Krt78; Krt14; Klk8; Krt80; Krt6b; Krt15; Krt19; Tchh","eye","RR-3","GLDS-194","Stat_(Space Flight)v(Ground Control)",1,"flight_positive"
"REACTOME_KIDNEY_DEVELOPMENT",0.897330595482546,0.939366158750849,0.0518457624865066,0.191026016125401,0.728202609991242,40,"reactome","Lhx1; Pcdh19; Irx1; Itga8; Emx2; Sall1; Lfng; Robo2; Gfra1; Mecom; Wt1; Pax2; Fgf2","eye","RR-3","GLDS-194","Stat_(Space Flight)v(Ground Control)",1,"flight_positive"
"REACTOME_KINESINS",0.0503875968992248,0.133271542523312,0.282013350011725,-0.35250235936269,-1.40900924031866,50,"reactome","Kif23; Tubb3; Tuba1c; Tubb4b; Tuba1b; Kif5a; Kifc2; Kif18b; Klc1; Tubb2a; Tuba8; Klc2; Racgap1; Tubb2b; Kif3c; Kif11; Tuba1a; Kif5b; Tuba4a; Kif22; Kif27; Kif3a; Klc4","eye","RR-3","GLDS-194","Stat_(Space Flight)v(Ground Control)",1,"flight_positive"
"REACTOME_KSRP_KHSRP_BINDS_AND_DESTABILIZES_MRNA",0.383399209486166,0.550825796838207,0.0931454575337804,-0.364661918492748,-1.07343307046084,16,"reactome","Exosc4; Exosc2; Mapk11; Exosc7; Exosc3; Exosc9","eye","RR-3","GLDS-194","Stat_(Space Flight)v(Ground Control)",1,"flight_positive"
"REACTOME_L1CAM_INTERACTIONS",0.0590631364562118,0.14665336603073,0.266350657088526,0.27911191518196,1.30910600480793,110,"reactome","Csnk2a2; Numb; Ank3; Rps6ka3; Nfasc; Ank2; Ncam1; Tubb4a; Msn; Dnm3; Ap2m1; Scn4a; Itga1; Dnm1; Sh3gl2; Lamc1; Cltc; Itga5; Sptbn1; Nrp2; Fgfr1; Scn7a; Cntnap1; Scn8a; Dlg1; Kcnq3; Mapk3; Ephb2; Ap2b1; Itga9; Dnm2; Scn9a","eye","RR-3","GLDS-194","Stat_(Space Flight)v(Ground Control)",1,"flight_positive"
"REACTOME_LAGGING_STRAND_SYNTHESIS",0.102316602316602,0.22318063652725,0.193813302725311,-0.431659603080995,-1.36752875722693,20,"reactome","Pola1; Pold2; Rfc4; Rfc3; Pold4; Pcna; Fen1; Rfc5; Rpa3; Rpa2; Pold3","eye","RR-3","GLDS-194","Stat_(Space Flight)v(Ground Control)",1,"flight_positive"
"REACTOME_LAMININ_INTERACTIONS",0.0854166666666667,0.195953949330629,0.222056046145248,0.395879235848392,1.386834323925,30,"reactome","Itga1; Lamc1; Lamc3; Nid1; Hspg2; Col4a2; Lama4; Itga6; Lama2; Col4a1; Itga3; Col4a4; Lama1; Lama3; Lamb2","eye","RR-3","GLDS-194","Stat_(Space Flight)v(Ground Control)",1,"flight_positive"
"REACTOME_LATE_ENDOSOMAL_MICROAUTOPHAGY",0.00020303709226602,0.00147235507305491,0.518848077743792,-0.566270150863963,-2.03207427411081,31,"reactome","Uba52; Park7; Rps27a; Chmp4b; Chmp3; Mvb12a; Hbb-bt; Vps37d; Chmp6; Chmp2a; Chmp7; Vps28","eye","RR-3","GLDS-194","Stat_(Space Flight)v(Ground Control)",1,"flight_positive"
"REACTOME_LATE_SARS_COV_2_INFECTION_EVENTS",0.233269598470363,0.407384705462596,0.122679189568808,-0.262322545192323,-1.1389823160269,72,"reactome","Uba52; Parp9; Rps27a; Parp10; Ost4; Ano2; Rpn1; Gsk3a; Tmem258; St3gal4; Mgat1; Sumo1; Ddost; Ube2i; Zdhhc3; Rpn2; Ano3; Ostc; Mgat2; Ano10; Ano4; Ubb","eye","RR-3","GLDS-194","Stat_(Space Flight)v(Ground Control)",1,"flight_positive"
"REACTOME_LDL_CLEARANCE",0.981670061099796,0.996226799725929,0.0473534245254193,0.18239449799651,0.541204006871224,17,"reactome","Ap2m1; Cltc; Npc1; Ap2b1","eye","RR-3","GLDS-194","Stat_(Space Flight)v(Ground Control)",1,"flight_positive"
"REACTOME_LEISHMANIA_INFECTION",0.856573705179283,0.913289393545584,0.0525898950623616,-0.171308391092985,-0.846960238255697,154,"reactome","Adora2b; Gng4; Gnaz; Brk1; Gnb2; Nfkb1; Nck1; Yes1; Dvl1; Casp1; Gng10; Plk2; Arpc3; Gng8; Arpc4; Vav3; Abi1; Gngt2; Cdc42; Gngt1; Arpc5; Il1a; Il18; Ggt1; Dpep2; Gnai2; Calm1; Gnb3; Gnai3; Actr3; Prkar2b; Gng11; Plcg2; Gng2; Sugt1; Fyn; Txn1; Crk; Pycard; Actb; Lyn; Fcgr4; Nckap1l","eye","RR-3","GLDS-194","Stat_(Space Flight)v(Ground Control)",1,"flight_positive"
"REACTOME_LISTERIA_MONOCYTOGENES_ENTRY_INTO_HOST_CELLS",0.159090909090909,0.30669814340589,0.158514105424824,0.419274134119794,1.30821530682431,20,"reactome","Cbll1; Cbl; Sh3gl2; Stam2; Grb2; Hgs; Ubc; Stam; Ctnnd1","eye","RR-3","GLDS-194","Stat_(Space Flight)v(Ground Control)",1,"flight_positive"
"REACTOME_LONG_TERM_POTENTIATION",0.379381443298969,0.547945031497663,0.096240602328129,0.321062006548923,1.05503641435737,23,"reactome","Camk2a; Camk2d; Actn2; Dlg1; Grin1; Grin2b; Grin2d; Dlg4; Dlg2; Nrg1; Erbb4","eye","RR-3","GLDS-194","Stat_(Space Flight)v(Ground Control)",1,"flight_positive"
"REACTOME_LYSOSOME_VESICLE_BIOGENESIS",0.460500963391137,0.621761473382608,0.0815265143256594,-0.271590060280837,-0.990409187453892,33,"reactome","Vamp8; Clta; Ap4s1; Cltb; Clvs2; M6pr; Chmp2a; Txndc5; Bloc1s1; Arf1","eye","RR-3","GLDS-194","Stat_(Space Flight)v(Ground Control)",1,"flight_positive"
"REACTOME_MAP2K_AND_MAPK_ACTIVATION",0.125,0.256801125703565,0.178219874951973,0.340575590957247,1.28081588076723,38,"reactome","Fn1; Kras; Vwf; Braf; Ywhab; Rap1a; Ksr1; Rap1b; Cnksr2; Mapk3; Vcl; Ksr2; Csk; Iqgap1; Il17rd","eye","RR-3","GLDS-194","Stat_(Space Flight)v(Ground Control)",1,"flight_positive"
"REACTOME_MAP3K8_TPL2_DEPENDENT_MAPK1_3_ACTIVATION",0.219367588932806,0.38948927957242,0.129442887745046,-0.412938242231784,-1.21554114315444,16,"reactome","Uba52; Rps27a; Skp1; Nfkb1; Map2k1; Cul1","eye","RR-3","GLDS-194","Stat_(Space Flight)v(Ground Control)",1,"flight_positive"
"REACTOME_MAPK1_MAPK3_SIGNALING",0.808853118712274,0.881287726358149,0.0557104226766671,0.169759018513443,0.889135783309145,261,"reactome","Fn1; Ppp2r5e; Ptpn3; Kras; Vwf; Ncam1; Nf1; Zdhhc9; Pdgfrb; Rasal2; Frs2; Braf; Camk2a; Psmd11; Syngap1; Dusp8; Sos1; Rasa2; Camk2d; Ywhab; Dusp16; Rap1a; Ksr1; Il6st; Il2ra; Spred3; Actn2; Rasgrf2; Csf2ra; Tek; Grb2; Csf2rb2; Rapgef2; Irs1; Rap1b; Irs2; Cnksr2; Sptbn1; Rasal1; Ubc; Lat; Fgfr1; Pik3cb","eye","RR-3","GLDS-194","Stat_(Space Flight)v(Ground Control)",1,"flight_positive"
"REACTOME_MAPK6_MAPK4_SIGNALING",0.00508964003362596,0.021110438775835,0.407017918923954,-0.357493610975104,-1.56324656196921,76,"reactome","Uba52; Psma7; Rps27a; Psmc1; Sem1; Psmd2; Psmc3; Cdc42ep2; Psma5; Psmb6; Psmd14; Dnajb1; Psmd8; Psmb1; Psma1; Psmb7; Psmc5; Psma2; Psma4; Psmb3; Cdc42; Psma6; Psmb4; Psmd3; Pak1; Psmd6; Psma3; Psmd12; Psmd13; Cdc42ep3; Adrm1; Psmd1","eye","RR-3","GLDS-194","Stat_(Space Flight)v(Ground Control)",1,"flight_positive"
"REACTOME_MAPK_FAMILY_SIGNALING_CASCADES",0.301775147928994,0.474775556008978,0.107554375265169,0.197441664596753,1.05625329910149,300,"reactome","Fn1; Foxo1; Ppp2r5e; Tnrc6b; Ptpn3; Tnrc6a; Kras; Vwf; Ncam1; Nf1; Kalrn; Zdhhc9; Pdgfrb; Rasal2; Frs2; Braf; Camk2a; Psmd11; Syngap1; Dusp8; Ago2; Sos1; Rasa2; Camk2d; Ncoa3; Ywhab; Dusp16; Rap1a; Ksr1; Ago1; Il6st; Il2ra; Spred3; Actn2; Rasgrf2; Csf2ra; Tek; Cdc14b; Grb2; Csf2rb2; Rapgef2; Foxo3; Irs1; Rap1b; Irs2; Cnksr2; Sptbn1; Rasal1; Ubc; Lat; Fgfr1; Pik3cb; Cdc14a","eye","RR-3","GLDS-194","Stat_(Space Flight)v(Ground Control)",1,"flight_positive"
"REACTOME_MAPK_TARGETS_NUCLEAR_EVENTS_MEDIATED_BY_MAP_KINASES",0.348076923076923,0.521965391287179,0.0972150808846466,-0.301145970178725,-1.08066967297971,31,"reactome","Dusp6; Mapkapk2; Ppp2r1a; Ppp2r5d; Ppp2cb; Mapk11; Dusp4; Ppp2ca; Rps6ka1","eye","RR-3","GLDS-194","Stat_(Space Flight)v(Ground Control)",1,"flight_positive"
"REACTOME_MATERNAL_TO_ZYGOTIC_TRANSITION_MZT",0.00533742994426801,0.0218077827946771,0.407017918923954,-0.347051432705158,-1.57959898820052,93,"reactome","H2ac19; H1f8; H4c1; H2aj; H3c3; H3c7; Eif4e; Eif4a2; H2ac13; H4c4; Cnot8; Paip2; Rps2; H3c1; Eif4a1; H2ac20; Eif4a3; H2bc7; H3c11; H4c2; H4c3; H4c12; H2ac4; Paip1; H4c11; H2ac10; Pabpn1l; H2bc14; H4c18; H3f3b; H2bc18; H4c6; H4c8; Mettl23; Eif4b; H3c8; H2bc3; H2ax; Cnot11; H3c4; H2bc21; H3f3a; H4c17; Fgf8; H2ac18; H2az2; Polr2d; H2bc8; H2bc4; H3c10; Cnot6l; Cnot2; H2ac7","eye","RR-3","GLDS-194","Stat_(Space Flight)v(Ground Control)",1,"flight_positive"
"REACTOME_MATURATION_OF_SARS_COV_2_NUCLEOPROTEIN",0.324902723735409,0.497032122905028,0.102080107662747,-0.380412005471382,-1.10473079289195,15,"reactome","Parp9; Parp10; Gsk3a; Sumo1; Ube2i","eye","RR-3","GLDS-194","Stat_(Space Flight)v(Ground Control)",1,"flight_positive"
"REACTOME_MATURATION_OF_SARS_COV_2_SPIKE_PROTEIN",0.84251968503937,0.906910897954467,0.052805004567129,-0.20862552425896,-0.790757156265104,39,"reactome","Ost4; Rpn1; Tmem258; St3gal4; Mgat1; Ddost; Zdhhc3; Rpn2; Ostc; Mgat2","eye","RR-3","GLDS-194","Stat_(Space Flight)v(Ground Control)",1,"flight_positive"
"REACTOME_MATURATION_OF_TCA_ENZYMES_AND_REGULATION_OF_TCA_CYCLE",0.000102965233701882,0.000805335220739719,0.538434096309916,-0.671078207652207,-2.10298651918263,19,"reactome","Iscu; Sirt3; Sdhd; Isca2; Nfs1; Sdhc; Sdhb; Lyrm4; Sdhaf1; Sdha; Aco2; Sdhaf4; Fxn; Isca1","eye","RR-3","GLDS-194","Stat_(Space Flight)v(Ground Control)",1,"flight_positive"
"REACTOME_MECHANICAL_LOAD_ACTIVATES_SIGNALING_BY_PIEZO1_AND_INTEGRINS_IN_OSTEOCYTES",0.0855397148676171,0.195953949330629,0.219250346703755,0.479323403812596,1.42225642538567,17,"reactome","Cacna2d1; Panx1; Itga5; Cacna1h; Hspg2; Cacnb2; P2rx7; Cacnb1","eye","RR-3","GLDS-194","Stat_(Space Flight)v(Ground Control)",1,"flight_positive"
"REACTOME_MECP2_REGULATES_NEURONAL_RECEPTORS_AND_CHANNELS",0.351239669421488,0.525026821547305,0.100990587455923,0.3569272730315,1.07565847617296,18,"reactome","Mecp2; Notch1; Hdac1; Grin2b; Fkbp5; Oprk1; Sin3a; Creb1","eye","RR-3","GLDS-194","Stat_(Space Flight)v(Ground Control)",1,"flight_positive"
"REACTOME_MEIOSIS",2.4454826374742e-05,0.000234895042810022,0.575610261071129,-0.411276401820232,-1.8957964654672,99,"reactome","Mnd1; H2ac19; BC055324; H4c1; H2aj; H3c3; H3c7; Psmc3ip; H2ac13; H4c4; Msh5; H3c1; H2ac20; H2bc7; H3c11; H4c2; H4c3; H4c12; H2ac4; H4c11; H2ac10; Rbbp8; H2bc14; H4c18; H3f3b; Top3a; H2bc18; Spo11; H4c6; H4c8; Ube2i; Terf2ip; H3c8; H2bc3; H2ax; H3c4; Tinf2; H2bc21; H3f3a; H4c17; Syce1; H2ac18; H2az2; Syce2; Lmna; H2bc8; H2bc4; H3c10; H3f4; Mlh1; Rpa3; Rpa2; H2ac7","eye","RR-3","GLDS-194","Stat_(Space Flight)v(Ground Control)",1,"flight_positive"
"REACTOME_MEIOTIC_RECOMBINATION",1.46920867193387e-07,2.6813058262793e-06,0.690132458796796,-0.52924535297578,-2.27683002441364,70,"reactome","Mnd1; H2ac19; BC055324; H4c1; H2aj; H3c3; H3c7; Psmc3ip; H2ac13; H4c4; Msh5; H3c1; H2ac20; H2bc7; H3c11; H4c2; H4c3; H4c12; H2ac4; H4c11; H2ac10; Rbbp8; H2bc14; H4c18; H3f3b; Top3a; H2bc18; Spo11; H4c6; H4c8; H3c8; H2bc3; H2ax; H3c4; H2bc21; H3f3a; H4c17; H2ac18; H2az2; H2bc8; H2bc4; H3c10; H3f4; Mlh1; Rpa3; Rpa2; H2ac7","eye","RR-3","GLDS-194","Stat_(Space Flight)v(Ground Control)",1,"flight_positive"
"REACTOME_MEIOTIC_SYNAPSIS",0.000665942817342722,0.00411981573440837,0.477270815362862,-0.428465163118364,-1.79024247462097,61,"reactome","H2ac19; H4c1; H2aj; H2ac13; H4c4; H2ac20; H2bc7; H4c2; H4c3; H4c12; H2ac4; H4c11; H2ac10; H2bc14; H4c18; H2bc18; H4c6; H4c8; Ube2i; Terf2ip; H2bc3; H2ax; Tinf2; H2bc21; H4c17; Syce1; H2ac18; H2az2; Syce2; Lmna; H2bc8; H2bc4; H3f4","eye","RR-3","GLDS-194","Stat_(Space Flight)v(Ground Control)",1,"flight_positive"
"REACTOME_METABOLIC_DISORDERS_OF_BIOLOGICAL_OXIDATION_ENZYMES",0.309160305343511,0.480500246832319,0.103958471559957,-0.312222046035628,-1.10404863529332,29,"reactome","Fdx1; Fdx2; Cyp11a1; Cyp24a1; Ahcy; Gclc; Cyp27a1; Ggt1; Acy1; Maoa; Fmo3","eye","RR-3","GLDS-194","Stat_(Space Flight)v(Ground Control)",1,"flight_positive"
"REACTOME_METABOLISM_OF_AMINE_DERIVED_HORMONES",0.542801556420233,0.67772828310166,0.0734381410838857,-0.319290429152244,-0.927231432990892,15,"reactome","Tph2; Ddc; Slc5a5; Aanat; Iyd; Duox2","eye","RR-3","GLDS-194","Stat_(Space Flight)v(Ground Control)",1,"flight_positive"
"REACTOME_METABOLISM_OF_AMINO_ACIDS_AND_DERIVATIVES",1.12596406369296e-31,1.54116331217973e-29,1.46045153084133,-0.527904671870211,-2.85728399922376,326,"reactome","Azin2; Afmid; Rpl27a; Rpl6; Rpl26; Rps6; Rps7; Rps5; Rpl7; Rpl7a; Rpl30; Rps3a1; Rpl14; Rps4x; Uba52; Rpl39; Rpl8; Mrps36; Rida; Rpl18a; Rpl13; Rpl36a; Psma7; Rplp1; Rps25; Rps9; Gcsh; Rpl3; Rpl23; Rpl32; Rpl29; Paox; Rpl17; Rpl36al; Rpl35a; Odc1; Rps24; Rps29; Rps11; Rplp2; Rps19; Rps26; Rps10; Rps27a; Rpl22l1; Psmc1; Rpl9; Rpsa; Rps28; Rpl5; Rps15a; Rps20; Rpl36; Suox; Rps3; Rpl38; Sem1; Aass; Oaz2; Sephs2; Rps13; Rps17; Psmd2; Rpl37a; Rpl21; Rps16; Psmc3; Rpl27; Hdc; Rpl19; Oaz1; Rpl10; Rpl35; Aadat; Rps14; Rpl24; Rps12; Rpl4; Rpl22; Rpl18; Echs1; Rps27; Rps21; Psma5; Rps2; Rps15; Rps23; Psmb6; Psmd14; Fau; Grhpr; Mpst; Rpl13a; Ppm1k; Slc6a12; Arg2; Psmd8; Psmb1; Rpl31; Psma1; Bbox1; Rps18; Psmb7; Mccc2; Ahcy; Rplp0; Aimp1; Psmc5; Slc25a44; Psma2; Psma4; Oat; Rpl12; Slc25a15; Nqo1; Psmb3; Got2; Rpl15; Papss1; Psma6; Psmb4; Nat8l; Bcat1; Gadl1; Ethe1; Gsr; Psmd3; Psmd6; Psma3; Rpl10a; Kars; Pycr2; Tph2; Ddc; Slc5a5; Nmral1; Fah; Hsd17b10; Bckdha; Smox; Aimp2; Got1; Pycrl; Csad; Hnmt; Rimkla; Hal; Gldc; Psmd12; Psmd13; Bckdhb; Adrm1; Enoph1; Asrgl1; Gstz1; Rps27l; Psmd1","eye","RR-3","GLDS-194","Stat_(Space Flight)v(Ground Control)",1,"flight_positive"
"REACTOME_METABOLISM_OF_CARBOHYDRATES_AND_CARBOHYDRATE_DERIVATIVES",0.838899803536346,0.904129217393995,0.0529129848430583,0.166876966891766,0.880861501737884,272,"reactome","Cd44; B3galt1; Nup160; Prelp; Sdc3; Pom121; Nup98; Nup153; Arsb; Phkg1; Gpc6; Nup214; Gys1; Ids; Agl; Hs6st3; Chst13; Slc9a1; Gckr; Eno3; Pfkfb3; Nup155; Fut9; Pgd; B3gat1; Xylt1; Ext2; Pgam2; Phka2; St3gal1; Hs2st1; B4galt6; Xylb; Phka1; Tpr; Nup188; Ubc; Ranbp2; Nup93; Pygm; Gys2; Hspg2; Uxs1; St3gal2; Gyg; Ndst3; Ndst1; B3gnt3; Ppp2r1b; Hkdc1; Idua; Fbp2; Fbp1; Ndst2; Fut7; Man2b2","eye","RR-3","GLDS-194","Stat_(Space Flight)v(Ground Control)",1,"flight_positive"
"REACTOME_METABOLISM_OF_COFACTORS",0.17578125,0.331862877155172,0.14551614609036,-0.368086273837,-1.24099704268419,25,"reactome","Spr; Pts; Coq7; Idh1; Hsp90aa1; Coq5; Aco1; Calm1; Gch1; Gchfr; Coq8b; Coq3; Coq2; Coq6; Hpdl","eye","RR-3","GLDS-194","Stat_(Space Flight)v(Ground Control)",1,"flight_positive"
"REACTOME_METABOLISM_OF_FAT_SOLUBLE_VITAMINS",0.393410852713178,0.55946088794926,0.0905428948469474,-0.268109761733602,-1.03942659596625,44,"reactome","Lrat; Ttr; Plb1; Gpc5; Rbp1","eye","RR-3","GLDS-194","Stat_(Space Flight)v(Ground Control)",1,"flight_positive"
"REACTOME_METABOLISM_OF_FOLATE_AND_PTERINES",0.995967741935484,0.998896104853453,0.0462302524077616,0.148250364507394,0.437022009037408,16,"reactome","Mthfd2; Shmt2; Aldh1l2; Slc25a32","eye","RR-3","GLDS-194","Stat_(Space Flight)v(Ground Control)",1,"flight_positive"
"REACTOME_METABOLISM_OF_NITRIC_OXIDE_NOS3_ACTIVATION_AND_REGULATION",0.810176125244618,0.88185174666288,0.0543434390269162,-0.248775108791889,-0.74547911585726,17,"reactome","Nmt2; Spr; Hsp90aa1; Lypla1; Calm1; Cygb; Nmt1; Cyb5b","eye","RR-3","GLDS-194","Stat_(Space Flight)v(Ground Control)",1,"flight_positive"
"REACTOME_METABOLISM_OF_NUCLEOTIDES",0.00439341084169666,0.0187190072827153,0.407017918923954,-0.349194530411687,-1.589353262783,93,"reactome","Ak2; Nudt15; Aprt; Nme2; Paics; Ak5; Cda; Adss; Nudt9; Ctps; Uck1; Nme3; Umps; Gsr; Dguok; Tk2; Guk1; Gmpr; Ak1; Dctpp1; Ampd2; Ak9; Ppat; Hprt; Nt5c; Adsl; Tk1; Glrx; Txn1; Cmpk1; Nudt5; Nt5m; Tymp; Nt5c3; Nudt16; Atic; Nudt13; Txnrd1; Upp2; Entpd1; Dtymk; Dut; Impdh2; Nudt1; Upp1","eye","RR-3","GLDS-194","Stat_(Space Flight)v(Ground Control)",1,"flight_positive"
"REACTOME_METABOLISM_OF_POLYAMINES",3.11002119097351e-09,9.72992344033141e-08,0.774939030136436,-0.650499876486127,-2.57082255827155,46,"reactome","Azin2; Psma7; Paox; Odc1; Psmc1; Sem1; Oaz2; Psmd2; Psmc3; Oaz1; Psma5; Psmb6; Psmd14; Psmd8; Psmb1; Psma1; Psmb7; Psmc5; Psma2; Psma4; Nqo1; Psmb3; Psma6; Psmb4; Psmd3; Psmd6; Psma3; Smox; Psmd12; Psmd13; Adrm1; Psmd1; Psmc2","eye","RR-3","GLDS-194","Stat_(Space Flight)v(Ground Control)",1,"flight_positive"
"REACTOME_METABOLISM_OF_PORPHYRINS",0.746361746361746,0.830554992140358,0.0610363728309177,0.24174307313243,0.800277083517176,24,"reactome","Slco2b1; Slco1b2; Cpox; Ugt1a5; Flvcr1; Cox10","eye","RR-3","GLDS-194","Stat_(Space Flight)v(Ground Control)",1,"flight_positive"
"REACTOME_METABOLISM_OF_STEROIDS",0.0613861386138614,0.151051284903771,0.257206466468838,0.265646052521736,1.28254987636809,131,"reactome","Chd9; Sec24a; Mbtps2; Ncoa2; Tgs1; Nfya; Acaca; Arv1; Crebbp; Ncoa1; Ncoa6; Osbpl6; Dhcr7; Slco1b2; Sp1; Acox2; Tbl1x; Acacb; Fasn; Cyp39a1; Cyp27b1; Scd1; Mbtps1; Osbp; Carm1; Insig2; Srebf1; Cubn; Stard4; Sec24b; Hsd17b11; Slc51a; Srebf2; Baat; Abcb11","eye","RR-3","GLDS-194","Stat_(Space Flight)v(Ground Control)",1,"flight_positive"
"REACTOME_METABOLISM_OF_STEROID_HORMONES",0.0170857748747372,0.0534540671081065,0.352487857583619,-0.494194746229728,-1.65146798755711,24,"reactome","Pomc; Stard6; Fdx1; Stard3nl; Fdx2; Cyp11a1; Akr1b3; Star; Hsd17b12; Srd5a1; Tspo; Hsd17b2; Hsd17b1; Hsd17b14; Akr1b8; Stard3; Fdxr","eye","RR-3","GLDS-194","Stat_(Space Flight)v(Ground Control)",1,"flight_positive"
"REACTOME_METABOLISM_OF_VITAMINS_AND_COFACTORS",0.0512820512820513,0.13354684849227,0.282013350011725,-0.249386913696743,-1.26557332907033,184,"reactome","Ppcs; Lrat; Ttr; Pnpo; Mocs2; Plb1; Thtpa; Parp9; Gpc5; Rbp1; Enpp2; Parp10; Nmnat2; Spr; Slc19a2; Pts; Naxe; Mmut; Mmadhc; Nfs1; Coq7; Idh1; Pdzd11; Mccc2; Nampt; Amn; Naxd; Mmab; Hsp90aa1; Coq5; Aco1; Apoe; Mocs3; Slc19a1; Gpc3; Ctrb1; Mthfd2l; Coasy; Calm1; Rnls; Pcx; Ldlr; Btd; Slc25a51; Gch1; Sdc4; Aldh1l1; Nudt8; Cd320; Rdh11; Gchfr; Slc25a16; Nmnat1; Acp5; Cyb5a; Coq8b; Coq3; Slc22a13; Coq2; Tpk1; Nadk","eye","RR-3","GLDS-194","Stat_(Space Flight)v(Ground Control)",1,"flight_positive"
"REACTOME_METABOLISM_OF_WATER_SOLUBLE_VITAMINS_AND_COFACTORS",0.128544423440454,0.263095595639807,0.169570644405628,-0.251974760620648,-1.20101692554719,117,"reactome","Ppcs; Pnpo; Mocs2; Thtpa; Parp9; Enpp2; Parp10; Nmnat2; Slc19a2; Naxe; Mmut; Mmadhc; Nfs1; Pdzd11; Mccc2; Nampt; Amn; Naxd; Mmab; Mocs3; Slc19a1; Ctrb1; Mthfd2l; Coasy; Rnls; Pcx; Btd; Slc25a51; Aldh1l1; Nudt8; Cd320; Slc25a16; Nmnat1; Acp5; Cyb5a; Slc22a13; Tpk1; Nadk","eye","RR-3","GLDS-194","Stat_(Space Flight)v(Ground Control)",1,"flight_positive"
"REACTOME_METALLOPROTEASE_DUBS",0.00264505389141744,0.0126477467733716,0.431707695803346,-0.486268782446403,-1.77327943890484,33,"reactome","Uba52; H2ac22; H2ac19; Kat2b; Rps27a; Abraxas1; H2ac13; Stambpl1; Psmd14; H2ac20; H2ac4; H2ac10; Uimc1; H2ac8; H2ac21; Babam1","eye","RR-3","GLDS-194","Stat_(Space Flight)v(Ground Control)",1,"flight_positive"
"REACTOME_METAL_ION_SLC_TRANSPORTERS",0.754318618042226,0.836858041293048,0.0567672387487446,-0.244232401248185,-0.816160016395814,24,"reactome","Slc39a7; Slc39a4; Slc41a2; Heph; Slc30a5; Slc39a3; Slc39a10","eye","RR-3","GLDS-194","Stat_(Space Flight)v(Ground Control)",1,"flight_positive"
"REACTOME_MET_ACTIVATES_PTK2_SIGNALING",0.125,0.256801125703565,0.181383128498408,0.369368224237787,1.29396160534261,30,"reactome","Fn1; Lamc1; Col5a3; Lamc3; Lama4; Lama2; Col2a1; Itga3; Lama1; Lama3; Lamb2; Col1a1; Itgb1; Lamb3","eye","RR-3","GLDS-194","Stat_(Space Flight)v(Ground Control)",1,"flight_positive"
"REACTOME_MET_PROMOTES_CELL_MOTILITY",0.00342689266916701,0.0155703214636426,0.431707695803346,0.461918708735655,1.77962126455872,41,"reactome","Fn1; Gab1; Rap1a; Grb2; Lamc1; Rap1b; Col5a3; Lamc3; Dock7; Lama4; Crkl; Rapgef1; Lama2; Col2a1","eye","RR-3","GLDS-194","Stat_(Space Flight)v(Ground Control)",1,"flight_positive"
"REACTOME_MHC_CLASS_II_ANTIGEN_PRESENTATION",0.0252794953152355,0.0732302840481029,0.352487857583619,-0.296102185646056,-1.3760719982112,107,"reactome","Ctsd; Ctss; Kif23; Dctn5; Tubb3; Clta; Actr1b; Tuba1c; Tubb4b; Tuba1b; Kif5a; Actr1a; Osbpl1a; Capza2; Ctsk; Klc1; Tubb2a; Tuba8; Ap2s1; Klc2; Dctn2; H2-Oa; Arf1; Racgap1; Tubb2b; Capza1; Kif3c; Dctn3; Lag3; H2-DMa; Dync1li1; Kif11; Sec31a; Tuba1a; Dynll1; Ap2a2; Kif5b; Tuba4a; Dync1i1; Kif22; Kif3a; Lgmn; Klc4; H2-Ab1; Sec23a; Dctn6; Sec13; Klc3","eye","RR-3","GLDS-194","Stat_(Space Flight)v(Ground Control)",1,"flight_positive"
"REACTOME_MICRORNA_MIRNA_BIOGENESIS",0.280230326295585,0.45258437653933,0.110564716336619,-0.338146616946127,-1.12999645837528,24,"reactome","Polr2h; Polr2f; Polr2i; Polr2l; Ran; Bcdin3d; Polr2k; Prkra; Polr2j; Polr2g; Polr2c; Tarbp2; Polr2d","eye","RR-3","GLDS-194","Stat_(Space Flight)v(Ground Control)",1,"flight_positive"
"REACTOME_MISCELLANEOUS_TRANSPORT_AND_BINDING_EVENTS",0.216049382716049,0.386558944565481,0.133554954557592,0.38416642334693,1.22803601353803,21,"reactome","Lrrc8c; Mrs2; Lrrc8d; Lrrc8b; Nipal1; Add3; Lrrc8a; Ctns; Mmgt1; Nipal2; Nipal3","eye","RR-3","GLDS-194","Stat_(Space Flight)v(Ground Control)",1,"flight_positive"
"REACTOME_MISMATCH_REPAIR",0.416342412451362,0.580757887432154,0.0875697115548511,-0.35721488416639,-1.03736547885482,15,"reactome","Pold2; Pold4; Pcna; Pms2; Mlh1; Rpa3; Rpa2; Pold3; Msh6","eye","RR-3","GLDS-194","Stat_(Space Flight)v(Ground Control)",1,"flight_positive"
"REACTOME_MITF_M_DEPENDENT_GENE_EXPRESSION",0.0202884427150907,0.0614165662667262,0.352487857583619,0.305513756007247,1.42624444624947,109,"reactome","Arid1b; Tnrc6b; Arid1a; Atp6v0a1; Myo5a; Tnrc6a; Cdh2; Dicer1; Tcf7l2; Ago2; Tfap2a; Ppargc1a; Mlph; Lef1; Ago1; Lig1; Smarcd1; Smarca4; Tcf7; Trpm1; Diaph1; Hdac1; Tbx2; Sox10; Tnrc6c; Edil3; Ago3; Dpf2; Bcl7a; Pou3f2; Pxdn","eye","RR-3","GLDS-194","Stat_(Space Flight)v(Ground Control)",1,"flight_positive"
"REACTOME_MITF_M_REGULATED_MELANOCYTE_DEVELOPMENT",0.0316036776096899,0.0880560483018077,0.321775918075361,0.27355626650181,1.34293879643975,159,"reactome","Arid1b; Sox9; Tnrc6b; Mc5r; Arid1a; Atp6v0a1; Myo5a; Tnrc6a; Ep300; Crebbp; Cdh2; Dicer1; Tbx3; Tcf7l2; Gsk3b; Ago2; Tfap2a; Ywhab; Ppargc1a; Mlph; Lef1; Ago1; Lig1; Smarcd1; Smarca4; Tcf7; Trpm1; Diaph1; Hdac1; Ywhae; Tbx2; Sox10; Csf1; Tfe3; Iars; Tnrc6c; Edil3; Ago3; Mapk3; Dpf2; Bcl7a; Pou3f2; Pxdn","eye","RR-3","GLDS-194","Stat_(Space Flight)v(Ground Control)",1,"flight_positive"
"REACTOME_MITOCHONDRIAL_BIOGENESIS",0.096,0.212793522267206,0.204294756516886,0.279382259053232,1.26623854618557,92,"reactome","Chd9; Ncoa2; Prkab2; Tgs1; Crebbp; Ncoa1; Ppargc1b; Prkaa2; Ncoa6; Crtc1; Hcfc1; Mef2d; Pprc1; Crtc2; Crtc3; Tbl1x; Ppargc1a; Nr1d1; Perm1; Carm1; Ncor1; Samm50; Gabpb1","eye","RR-3","GLDS-194","Stat_(Space Flight)v(Ground Control)",1,"flight_positive"
"REACTOME_MITOCHONDRIAL_CALCIUM_ION_TRANSPORT",0.0715667311411992,0.168528108816372,0.234392647294686,-0.430923075798657,-1.41892795957446,23,"reactome","Pmpcb; Smdt1; Micu2; Vdac2; Phb2; Parl; Vdac1; Vdac3; Slc8a3; Phb; Micu1; Spg7","eye","RR-3","GLDS-194","Stat_(Space Flight)v(Ground Control)",1,"flight_positive"
"REACTOME_MITOCHONDRIAL_FATTY_ACID_BETA_OXIDATION",0.00969300715512777,0.0352863395449404,0.380730400722792,-0.427754065692115,-1.59593224482912,37,"reactome","Them4; Them5; Echs1; Mmut; Mcee; Acot9; Acaa2; Mcat; Acot13; Acot7; Eci1; Hadhb; Decr1","eye","RR-3","GLDS-194","Stat_(Space Flight)v(Ground Control)",1,"flight_positive"
"REACTOME_MITOCHONDRIAL_PROTEIN_DEGRADATION",1.09127082747397e-08,2.84509894305713e-07,0.747739663149885,-0.511551229885007,-2.31030990898522,91,"reactome","Oma1; Mrpl12; Smdt1; Clpp; Atp5b; Triap1; Micu2; Ndufa2; Tfam; Mrpl32; Slc25a5; Atp5a1; Chchd2; Timm10; Atp5c1; Atp5h; Arg2; Ndufv3; Alas1; Fh1; Ndufs3; Ndufv1; Ech1; Aldh1b1; Ndufa13; Hspd1; Ndufb6; Cox4i1; Pdhb; Timm22; Prelid1; Hspa9; Atp5l; Atp5o; Mrps10; Star; Eci1; Hsd17b10; Cox5b; Mrps2; Ndufs1; Uqcrc2; Aldh2; Aco2; Ldhd; Dbt","eye","RR-3","GLDS-194","Stat_(Space Flight)v(Ground Control)",1,"flight_positive"
"REACTOME_MITOCHONDRIAL_PROTEIN_IMPORT",1.02058164994669e-08,2.72569977241861e-07,0.747739663149885,-0.57260522469958,-2.41934982288163,63,"reactome","Tomm22; Coa4; Pmpcb; Timm23; Chchd4; Chchd3; Grpel1; Atp5b; Tomm7; Ndufb8; Hscb; Atp5a1; Chchd2; Timm10; Coa6; Tomm5; Chchd5; Pam16; Timm8b; Hspd1; Timm22; Cox17; Gfer; Hspa9; Atp5g1; Slc25a4; Timm10b; Timm8a1; Dnajc19; Cmc2; Mtx1; Vdac1; Aco2; Ldhd; Idh3g; Cox19; Fxn; Tomm20; Chchd10; Coq2; Tomm6; Slc25a13; Bcs1l; Chchd7; Timm21; Timm17b; Timm17a; Timm9","eye","RR-3","GLDS-194","Stat_(Space Flight)v(Ground Control)",1,"flight_positive"
"REACTOME_MITOCHONDRIAL_TRANSLATION",6.78741611764436e-22,4.37189449930622e-20,1.21254456769062,-0.687422694549471,-3.12879328666804,93,"reactome","Mrpl17; Mrps18a; Mrps23; Mrps24; Mrpl54; Mrps36; Mrpl30; Mrpl55; Mrpl39; Mrpl36; Mrps21; Mtif2; Mtrf1l; Mrpl12; Mrpl52; Aurkaip1; Mrpl13; Mrps17; Mrpl51; Tsfm; Mrps34; Mrpl58; Mrps14; Mrpl21; Mrps33; Mrpl32; Mrpl4; Mrps31; Mrps18c; Mrpl42; Mrpl43; Mrpl18; Mrps5; Mrpl9; Mrpl23; Mrpl20; Mrpl50; Chchd1; Mrps28; Mrps11; Mrpl53; Mrpl47; Mrpl14; Mrpl10; Mrpl28; Mrps18b; Mrps26; Mrps7; Mrpl41; Mrpl34; Mrpl57; Mrpl15; Mrpl33; Mrps16; Gadd45gip1; Eral1; Mrps10; Mrpl27; Mrpl16; Mrps12; Mrpl22; Mrpl49; Mrpl46; Mrps2; Mrpl44","eye","RR-3","GLDS-194","Stat_(Space Flight)v(Ground Control)",1,"flight_positive"
"REACTOME_MITOCHONDRIAL_TRNA_AMINOACYLATION",0.0523255813953488,0.134695905187708,0.276500599254472,-0.456046048805333,-1.46266483355166,21,"reactome","Fars2; Pars2; Ears2; Kars; Qars; Ppa2; Dars2; Yars2; Tars2; Lars2; Wars2; Cars2; Rars2","eye","RR-3","GLDS-194","Stat_(Space Flight)v(Ground Control)",1,"flight_positive"
"REACTOME_MITOCHONDRIAL_UNFOLDED_PROTEIN_RESPONSE_UPRMT",0.409090909090909,0.576518076518077,0.0894366833718621,-0.355592237566569,-1.04673520333797,16,"reactome","Sirt3; Hspd1; Hspa9; Hspe1; Atf5","eye","RR-3","GLDS-194","Stat_(Space Flight)v(Ground Control)",1,"flight_positive"
"REACTOME_MITOPHAGY",0.0866141732283465,0.197177795602992,0.213927855492356,-0.346256052819153,-1.31242067642207,39,"reactome","Tomm22; Uba52; Rps27a; Tomm7; Csnk2b; Pgam5; Tomm5; Vdac2; Atg5; Map1lc3a; Ube2l3; Sqstm1; Ube2v1; Vdac1; Vdac3; Pink1; Ubb; Tomm20; Tomm6; Atg12; Map1lc3b","eye","RR-3","GLDS-194","Stat_(Space Flight)v(Ground Control)",1,"flight_positive"
"REACTOME_MITOTIC_G1_PHASE_AND_G1_S_TRANSITION",1.64489818796936e-06,2.33917339717721e-05,0.643551836150722,-0.408573916247855,-1.96258498647605,137,"reactome","Akt3; Pola1; Uba52; Psma7; Gmnn; Rps27a; Psmc1; Cdkn1c; Sem1; Psmd2; Psmc3; Lin37; Skp1; Psma5; Psmb6; Psmd14; Orc1; Ppp2r1a; Pole3; Jak2; Psmd8; Psmb1; Psma1; Lin52; Psmb7; Ccnd1; Cdk7; Psmc5; Psma2; Psma4; Mcm4; Cdkn2c; Psmb3; Ppp2cb; Psma6; Psmb4; Pcna; Psmd3; Psmd6; Psma3; Pole4; Cks1b; Cul1; Orc6; Ppp2ca; E2f1; Psmd12; Psmd13; Adrm1; Psmd1; Orc2; Mcm5; Mcm3; Psmc2; Cdkn2d; Tk1; Mcm2; Lyn; Mnat1; Ubb; Tfdp1; Rpa3; Rpa2; Cdk4; Psmb2; Mcm7; Cdk1; Psmb5","eye","RR-3","GLDS-194","Stat_(Space Flight)v(Ground Control)",1,"flight_positive"
"REACTOME_MITOTIC_G2_G2_M_PHASES",0.000139752092596305,0.00104101048566635,0.518848077743792,-0.334298633815804,-1.69023852054717,181,"reactome","Fkbpl; Haus1; Uba52; Rab8a; Psma7; Rps27a; Psmc1; Cetn2; Tubb3; Sem1; Psmd2; Psmc3; Tuba1c; Lin37; Skp1; Psma5; Haus6; Psmb6; Psmd14; Tubb4b; Tuba1b; Ppp2r1a; Psmd8; Actr1a; Hmmr; Psmb1; Psma1; Ssna1; Lin52; Psmb7; Lcmt1; Rbx1; Cdk7; Psmc5; Tpx2; Psma2; Psma4; Tubb2a; Psmb3; Ppp2cb; Tuba8; Hsp90aa1; Tubb5; Psma6; Mzt1; Psmb4; Psmd3; Obi1; Psmd6; Psma3; Haus8; Dctn2; Cul1; Aurka; Tubb2b; Ppp2ca; Nde1; E2f1; Dctn3; Haus2; Psmd12; Psmd13; Ppme1; Adrm1; Prkar2b; Psmd1; Mzt2; Psmc2; Tuba1a; Ccnb2; Dynll1; Sdccag8; Tuba4a","eye","RR-3","GLDS-194","Stat_(Space Flight)v(Ground Control)",1,"flight_positive"
"REACTOME_MITOTIC_METAPHASE_AND_ANAPHASE",3.07867005996592e-05,0.000283289387870813,0.557332238758646,-0.335254011849001,-1.73004100390825,212,"reactome","Uba52; Anapc15; Psma7; Rps27a; Psmc1; Tubb3; Sem1; Psmd2; Psmc3; Ppp2r5b; Cdc26; Tuba1c; Chmp4b; Rps27; Psma5; Chmp3; Psmb6; Psmd14; Tubb4b; Spc24; Nudc; Tuba1b; Zwint; Ppp2r1a; Psmd8; Wapl; Mis12; Psmb1; Psma1; Ran; Pmf1; Ndel1; Psmb7; Ppp2r5d; Anapc11; Cdca8; Vps4a; Chmp6; Chmp2a; Psmc5; Pttg1; Psma2; Chmp7; Cenpc1; Psma4; Tubb2a; Cdc16; Cenph; Psmb3; Ube2s; Ppp2cb; Tuba8; Knl1; Nsl1; Psma6; Sumo1; Psmb4; Rcc1; Bub3; Psmd3; Psmd6; Ube2i; Ppp2r5c; Psma3; Cenpp; Tubb2b; Ppp2ca; Nde1; Psmd12; Psmd13; Dync1li1; Cenpq; Adrm1; Ska2; Nup107; Psmd1; Emd; Psmc2; Tuba1a; Ccnb2; Dynll1; Tuba4a; Dync1i1; Spast; Lmna; Plk1; Zwilch; Ubb; Spdl1; Nup43; Vrk1; Bub1b; Psmb2; Bub1; Mad1l1; Cdc23; Cdk1; Sec13; Chmp4c; Psmb5; Anapc16; Rangap1; Nup35","eye","RR-3","GLDS-194","Stat_(Space Flight)v(Ground Control)",1,"flight_positive"
"REACTOME_MITOTIC_PROMETAPHASE",0.44047619047619,0.603656356159485,0.0855356947987884,-0.196524746208102,-0.999859047831977,193,"reactome","Haus1; BC055324; Cetn2; Tubb3; Ppp2r5b; Tuba1c; Rps27; Haus6; Tubb4b; Spc24; Nudc; Tuba1b; Zwint; Ppp2r1a; Wapl; Csnk2b; Mis12; Actr1a; Pmf1; Ssna1; Ndel1; Ppp2r5d; Cdca8; Cenpc1; Tubb2a; Cenph; Ppp2cb; Tuba8; Knl1; Nsl1; Hsp90aa1; Tubb5; Mzt1; Bub3; Ppp2r5c; Cenpp; Haus8; Dctn2; Tubb2b; Ppp2ca; Nde1; Dctn3; Haus2; Dync1li1; Cenpq; Ska2; Nup107; Prkar2b; Mzt2; Tuba1a; Ccnb2; Dynll1; Sdccag8; Tuba4a; Dync1i1; Plk1; Zwilch; Nek6; Cep78; Spdl1; Tubgcp2; Nup43; Bub1b; Haus4; Bub1; Mad1l1; Cdk1; Sec13","eye","RR-3","GLDS-194","Stat_(Space Flight)v(Ground Control)",1,"flight_positive"
"REACTOME_MITOTIC_PROPHASE",0.0265806962454311,0.0763933396030106,0.352487857583619,-0.284977058300972,-1.35776814136836,123,"reactome","Arpp19; Blzf1; H2ac19; H4c1; H2aj; H3c3; H3c7; Rab1b; H2ac13; H4c4; Ensa; Set; H3c1; H2ac20; Ppp2r1a; H2bc7; H3c11; H4c2; H4c3; Ppp2r2d; H4c12; H2ac4; H4c11; H2ac10; H2bc14; H4c18; H3f3b; H2bc18; Ppp2cb; H4c6; H4c8; Rab2a; Rae1; Ncaph2; H3c8; H2bc3; Ppp2ca; H2ax; Nup50; H3c4; H2bc21; H3f3a; H4c17; Nup107; Emd; Ccnb2; H2ac18; H2az2; Lmna; Plk1; H2bc8; Nek6; H2bc4; H3c10; H3f4","eye","RR-3","GLDS-194","Stat_(Space Flight)v(Ground Control)",1,"flight_positive"
"REACTOME_MITOTIC_SPINDLE_CHECKPOINT",0.109826589595376,0.235804148248895,0.186432558434075,-0.260780990047657,-1.22387638207646,109,"reactome","Anapc15; Ppp2r5b; Cdc26; Rps27; Spc24; Nudc; Zwint; Ppp2r1a; Mis12; Pmf1; Ndel1; Ppp2r5d; Anapc11; Cdca8; Cenpc1; Cdc16; Cenph; Ube2s; Ppp2cb; Knl1; Nsl1; Bub3; Ppp2r5c; Cenpp; Ppp2ca; Nde1; Dync1li1; Cenpq; Ska2; Nup107; Dynll1; Dync1i1; Plk1; Zwilch; Spdl1; Nup43; Bub1b; Bub1; Mad1l1; Cdc23; Sec13; Anapc16; Rangap1","eye","RR-3","GLDS-194","Stat_(Space Flight)v(Ground Control)",1,"flight_positive"
"REACTOME_MODULATION_OF_HOST_RESPONSES_BY_IFN_STIMULATED_GENES",0.463796477495108,0.625439831104856,0.0819778796501272,-0.331497934818881,-0.993366211585168,17,"reactome","Ifi27; Ifi44; Isg15","eye","RR-3","GLDS-194","Stat_(Space Flight)v(Ground Control)",1,"flight_positive"
"REACTOME_MOLECULES_ASSOCIATED_WITH_ELASTIC_FIBRES",0.860655737704918,0.915395284327323,0.0536769600638126,0.203257557966368,0.744434959038264,35,"reactome","Fn1; Tgfb2; Mfap2; Ltbp3; Itga8; Ltbp4; Mfap5; Tgfb1; Fbn2","eye","RR-3","GLDS-194","Stat_(Space Flight)v(Ground Control)",1,"flight_positive"
"REACTOME_MRNA_CAPPING",0.00283080357609774,0.0134187442243594,0.431707695803346,-0.498594247408914,-1.76307953075837,29,"reactome","Polr2h; Polr2f; Polr2i; Polr2l; Ncbp2; Polr2k; Cdk7; Gtf2h5; Polr2j; Rngtt; Polr2g; Gtf2h2; Polr2c; Polr2d; Mnat1; Ercc3; Gtf2f1; Rnmt","eye","RR-3","GLDS-194","Stat_(Space Flight)v(Ground Control)",1,"flight_positive"
"REACTOME_MRNA_DECAY_BY_3_TO_5_EXORIBONUCLEASE",0.016154222661071,0.0514211448077695,0.352487857583619,-0.562310545678143,-1.63297100523619,15,"reactome","Exosc4; Dcps; Nt5c3b; Wdr61; Exosc2; Exosc7; Exosc3; Exosc9","eye","RR-3","GLDS-194","Stat_(Space Flight)v(Ground Control)",1,"flight_positive"
"REACTOME_MRNA_DECAY_BY_5_TO_3_EXORIBONUCLEASE",0.149590163934426,0.294077611325308,0.163180127180689,0.447397853171673,1.28849669515618,15,"reactome","Edc3; Xrn1; Dcp1a; Ddx6; Patl1; Dcp1b","eye","RR-3","GLDS-194","Stat_(Space Flight)v(Ground Control)",1,"flight_positive"
"REACTOME_MRNA_SPLICING",0.000882428816067468,0.00508557659786251,0.477270815362862,-0.295390238467834,-1.5207478697454,211,"reactome","Prkrip1; Rbm8a; Polr2h; Snrpa1; BC005624; Snrnp25; Zmat2; Cwc22; Snrpd2; Prpf31; Snrnp27; Sf3b5; Ddx23; Dnajc8; Ybx1; Cwc15; Lsm6; Mfap1a; Polr2f; Steep1; Bud31; Txnl4a; Snrpf; Zfp830; Polr2i; Fam32a; Eif4a3; Lsm7; Snrpn; Syf2; Ccdc12; Polr2l; Sf3b2; Ubl5; Wbp4; Snrpe; U2af1l4; Snrnp35; Bud13; Snw1; Ncbp2; Bcas2; Snip1; Snrpd1; Polr2k; Cactin; Lsm3; Rnps1; Slu7; Puf60; Zrsr2; Magoh; Plrg1; Ppih; Ppp1r8; Cwc25; Snrpa; Usp39; Rbm7; Snrpc; Lsm4; Alyref; Prpf38a; Smu1; Polr2j; Ppie; Rbm10; Ppil1; Ppil3; Pqbp1; Sde2; Phf5a; Hnrnpf; Prcc; Hnrnpr; Ik; Ctnnbl1; Hnrnpa1","eye","RR-3","GLDS-194","Stat_(Space Flight)v(Ground Control)",1,"flight_positive"
"REACTOME_MRNA_SPLICING_MINOR_PATHWAY",0.00144805032608479,0.00762314955318674,0.45505986738723,-0.450547821042873,-1.80091289091677,50,"reactome","Polr2h; Snrnp25; Snrpd2; Sf3b5; Ddx23; Ybx1; Polr2f; Txnl4a; Snrpf; Polr2i; Polr2l; Sf3b2; Snrpe; Snrnp35; Ncbp2; Snrpd1; Polr2k; Zrsr2","eye","RR-3","GLDS-194","Stat_(Space Flight)v(Ground Control)",1,"flight_positive"
"REACTOME_MTORC1_MEDIATED_SIGNALLING",0.452975047984645,0.613112085961911,0.0822054920415869,-0.299080354446658,-0.999447353182277,24,"reactome","Rps6; Lamtor5; Lamtor4; Eif4e; Akt1s1; Rheb; Lamtor2; Eif4b; Rragd","eye","RR-3","GLDS-194","Stat_(Space Flight)v(Ground Control)",1,"flight_positive"
"REACTOME_MTOR_SIGNALLING",0.455284552845528,0.61547726588377,0.0850427463764322,0.258958821104405,0.997683393131818,41,"reactome","Prkab2; Fkbp1a; Prkaa2; Slc38a9; Rptor; Rps6kb1; Ywhab; Rraga; Mtor","eye","RR-3","GLDS-194","Stat_(Space Flight)v(Ground Control)",1,"flight_positive"
"REACTOME_MUSCLE_CONTRACTION",8.82990498552995e-10,3.22291531971843e-08,0.801215574617779,0.420283079276352,2.12570060218848,194,"reactome","Myl2; Tnni1; Mylpf; Actn3; Myh3; Akap9; Kcnk3; Atp1b2; Tmod1; Hipk2; Neb; Abcc9; Ahcyl1; Myl3; Myl1; Atp1a3; Ryr1; Cacna1i; Acta1; Ryr2; Camk2a; Atp2b4; Sln; Pln; Tnnc2; Tcap; Camk2d; Atp2a1; Tnnt3; Npr2; Sorbs1; Ttn; Cacna1g; Scn4a; Tbx5; Cacna1c; Itga1; Hipk1; Cacng6; Tnnt2; Casq1; Mybpc2; Actn2; Tnni2; Cacng4; Dmd; Trim72; Cacna2d2; Trdn; Atp2b1; Nos1; Atp2a2; Tmod4; Myh8; Stim1; Actc1; Des; Kcnd1; Cacna1h; Scn7a; Tnnc1; Slc8a2; Mylk; Scn8a; Myh6; Mybpc1; Myl6b; Cav3; Atp2b2; Kcnk9; Scn9a; Cacnb2; Cacng8; Sorbs3; Atp1a1; Vcl; Kcnj12; Kcnk15","eye","RR-3","GLDS-194","Stat_(Space Flight)v(Ground Control)",1,"flight_positive"
"REACTOME_MYD88_INDEPENDENT_TLR4_CASCADE",0.290513833992095,0.464398026600502,0.110122263835536,-0.238037594045709,-1.10622914509455,107,"reactome","Dusp6; Uba52; Rps27a; Ripk2; Mapkapk2; Skp1; Nfkb1; Ppp2r1a; Irf7; Ppp2r5d; Nkiras1; Ppp2cb; Hmgb1; Mapk11; Dusp4; Map2k1; Lrrc14; Cul1; Nfkbib; Nkiras2; Ppp2ca; Usp18; Birc3; Ube2v1; Rps6ka1","eye","RR-3","GLDS-194","Stat_(Space Flight)v(Ground Control)",1,"flight_positive"
"REACTOME_MYOGENESIS",0.00280732713628968,0.0133653183227704,0.431707695803346,0.538986407301237,1.83863889160133,27,"reactome","Neo1; Tcf4; Mef2a; Cdh2; Mef2d; Tcf12; Cdh4; Myf6; Abl1; Cdh15; Myog; Myod1; Cdon; Spag9","eye","RR-3","GLDS-194","Stat_(Space Flight)v(Ground Control)",1,"flight_positive"
"REACTOME_M_DECAY_DEGRADATION_OF_MATERNAL_MRNAS_BY_MATERNALLY_STORED_FACTORS",0.46551724137931,0.626988166433388,0.0806388495950661,-0.274543059417274,-0.978422733980853,30,"reactome","Eif4e; Eif4a2; Cnot8; Paip2; Rps2; Eif4a1; Eif4a3; Paip1; Pabpn1l","eye","RR-3","GLDS-194","Stat_(Space Flight)v(Ground Control)",1,"flight_positive"
"REACTOME_M_PHASE",1.41753268362593e-06,2.06959771809386e-05,0.643551836150722,-0.30855611646737,-1.69895642809884,373,"reactome","Haus1; Uba52; Anapc15; Psma7; Arpp19; Kif23; Blzf1; H2ac19; Rps27a; Psmc1; BC055324; Cetn2; Tubb3; H4c1; Sem1; H2aj; Psmd2; H3c3; Psmc3; H3c7; Ppp2r5b; Rab1b; Cdc26; Tuba1c; H2ac13; H4c4; Chmp4b; Rps27; Psma5; Chmp3; Haus6; Psmb6; Psmd14; Ensa; Set; Tubb4b; Spc24; Nudc; H3c1; H2ac20; Tuba1b; Zwint; Ppp2r1a; Psmd8; H2bc7; Wapl; Csnk2b; Mis12; Actr1a; Psmb1; H3c11; Psma1; H4c2; Ran; Pmf1; H4c3; Ssna1; Ndel1; Ppp2r2d; Psmb7; H4c12; Ppp2r5d; Anapc11; H2ac4; Cdca8; Vps4a; H4c11; H2ac10; Chmp6; H2bc14; Chmp2a; Psmc5; Pttg1; Psma2; Chmp7; H4c18; Cenpc1; H3f3b; Psma4; Tubb2a; Cdc16; Cenph; H2bc18; Psmb3; Ube2s; Ppp2cb; Tuba8; Knl1; H4c6; Nsl1; Hsp90aa1; H4c8; Tubb5; Psma6; Mzt1; Sumo1; Psmb4; Rcc1; Rab2a; Rae1; Bub3; Psmd3; Psmd6; Ube2i; Ppp2r5c; Psma3; Ncaph2; Cenpp; Haus8; Dctn2; H3c8; H2bc3; Tubb2b; Ppp2ca; H2ax; Nde1; Nup50; Dctn3; H3c4; Haus2; Psmd12; Psmd13; Dync1li1; Cenpq; Adrm1; Ska2; H2bc21; H3f3a; H4c17; Nup107; Prkar2b; Psmd1; Mzt2","eye","RR-3","GLDS-194","Stat_(Space Flight)v(Ground Control)",1,"flight_positive"
"REACTOME_NA_CL_DEPENDENT_NEUROTRANSMITTER_TRANSPORTERS",0.557915057915058,0.687969581550663,0.0716527366829457,-0.3019525682796,-0.928966447529855,18,"reactome","Slc6a20a; Slc6a12; Slc6a13; Slc18a1; Slc6a15; Slc6a19; Slc6a14","eye","RR-3","GLDS-194","Stat_(Space Flight)v(Ground Control)",1,"flight_positive"
"REACTOME_NCAM1_INTERACTIONS",0.0573770491803279,0.143770866939265,0.271288554688953,0.377777074753548,1.45866677735445,42,"reactome","St8sia2; Ncam1; Cacna1i; Cacna1d; Cacna1g; Cacna1c; Col5a3; Cacna1h; Cacnb4; Col4a2; Cacnb2; Col2a1; Cacnb1; Gfra1; Col4a1; Agrn; Col9a1; Col4a4; Ncan; Col6a2; St8sia4","eye","RR-3","GLDS-194","Stat_(Space Flight)v(Ground Control)",1,"flight_positive"
"REACTOME_NCAM_SIGNALING_FOR_NEURITE_OUT_GROWTH",0.0225032236801779,0.0667778588883328,0.352487857583619,0.353050896788802,1.48077313408678,63,"reactome","St8sia2; Kras; Ncam1; Cacna1i; Sos1; Cacna1d; Cacna1g; Cacna1c; Grb2; Sptbn1; Col5a3; Fgfr1; Cacna1h; Mapk3; Cacnb4; Col4a2; Cacnb2; Col2a1; Cacnb1; Gfra1; Col4a1; Sptb; Agrn; Creb1; Col9a1; Col4a4; Ncan; Col6a2; St8sia4","eye","RR-3","GLDS-194","Stat_(Space Flight)v(Ground Control)",1,"flight_positive"
"REACTOME_NEDDYLATION",5.30973970735616e-06,6.53276963994944e-05,0.610526878385931,-0.338528277314948,-1.76181090977347,231,"reactome","Ankrd9; Tulp4; Dcun1d4; Uba52; Dcun1d1; Psma7; Fbxo9; Fbxw4; Spsb3; Commd5; Fbxl4; Cop1; Dcaf4; Rps27a; Nedd8; Klhl13; Psmc1; Commd1; Sem1; Psmd2; Psmc3; Nub1; Commd9; Spsb4; Skp1; Cops4; Ube2m; Psma5; Psmb6; Psmd14; Lrrc41; Cops7b; Fbxo15; Fbxo44; Fbxl15; Klhl25; Commd6; Fbxw21; Psmd8; Commd2; Psmb1; Psma1; Commd7; Commd10; Psmb7; Fbxo6; Mul1; Elob; Rnf7; Rbx1; Commd8; Psmc5; Psma2; Psma4; Dpp3; Psmb3; Palb2; Fbxl14; Cul4a; Cops8; Psma6; Asb1; Psmb4; Obsl1; Fbxw2; Wsb2; Psmd3; Psmd6; Psma3; Kctd7; Klhl22; Ube2f; Cul1; Sqstm1; Commd4; Asb6; Socs6; Ercc8; Psmd12; Psmd13; Adrm1; Psmd1; Fbxo17; Rbbp7; Psmc2; Klhl2; Ccdc22; Cops7a; Neurl2; Kbtbd8; Fbxo2; Ubb; Keap1; Klhl9; Vhl; Gps1; Dcaf10; Fbxw10; Btbd1; Dcaf11; Cops2; Fbxo21; Psmb2; Uchl3; Fbxo4; Klhl21; Klhl11; Fbxo31; Fbxw8; Psmb5; Cul7; Wdr5; Dcaf13; Asb3; Fbxw15; Fem1b; Dcaf8","eye","RR-3","GLDS-194","Stat_(Space Flight)v(Ground Control)",1,"flight_positive"
"REACTOME_NEF_MEDIATES_DOWN_MODULATION_OF_CELL_SURFACE_RECEPTORS_BY_RECRUITING_THEM_TO_CLATHRIN_ADAPTERS",0.390495867768595,0.556761686466942,0.0946646223153342,0.332274963309187,1.03676129219879,20,"reactome","Ap1g1; Pacs1; Ap2m1; Ap1s3; Cd4; Ap2b1; Lck; Ap1m1","eye","RR-3","GLDS-194","Stat_(Space Flight)v(Ground Control)",1,"flight_positive"
"REACTOME_NEGATIVE_EPIGENETIC_REGULATION_OF_RRNA_EXPRESSION",7.11430510147168e-10,2.68626347796948e-08,0.801215574617779,-0.536317073547016,-2.41594862994978,90,"reactome","Polr1d; Polr2h; H2ac19; H4c1; H2aj; H3c3; H3c7; H2ac13; Sap30; H4c4; Polr2f; Sap30l; H3c1; H2ac20; Rrp8; H2bc7; Polr2l; H3c11; H4c2; H4c3; Suds3; H4c12; H2ac4; Polr1c; H4c11; H2ac10; Polr2k; Cdk7; H2bc14; H4c18; H3f3b; Polr1e; Gtf2h5; H2bc18; Mbd2; H4c6; H4c8; Cd3eap; Hdac2; H3c8; Polr1f; Suv39h1; H2bc3; Taf1a; H2ax; H3c4; H2bc21; H3f3a; H4c17; Taf1d; Gtf2h2; Polr1h; H2ac18; H2az2; Mnat1; H2bc8; H2bc4; H3c10; Ercc3","eye","RR-3","GLDS-194","Stat_(Space Flight)v(Ground Control)",1,"flight_positive"
"REACTOME_NEGATIVE_REGULATION_OF_FGFR1_SIGNALING",0.616412213740458,0.734462866208707,0.066132620475844,-0.249862253150987,-0.883538120082603,29,"reactome","Uba52; Rps27a; Ppp2r1a; Spry2; Ppp2cb; Fgf1; Ppp2ca; Fgf17; Fgf10; Fgf8; Fgf22; Ubb","eye","RR-3","GLDS-194","Stat_(Space Flight)v(Ground Control)",1,"flight_positive"
"REACTOME_NEGATIVE_REGULATION_OF_FGFR2_SIGNALING",0.553846153846154,0.685267275097784,0.0718276293603809,-0.260881254288687,-0.936178756074246,31,"reactome","Uba52; Rps27a; Ppp2r1a; Spry2; Ppp2cb; Fgf1; Ppp2ca; Fgf17; Fgf10; Fgf8; Fgf22; Ubb; Fgf5; Fgfr2; Fgf9","eye","RR-3","GLDS-194","Stat_(Space Flight)v(Ground Control)",1,"flight_positive"
"REACTOME_NEGATIVE_REGULATION_OF_FGFR3_SIGNALING",0.717348927875244,0.811463921511768,0.0598603117764473,-0.243396120838737,-0.837108362217861,27,"reactome","Uba52; Rps27a; Ppp2r1a; Spry2; Ppp2cb; Fgf1; Ppp2ca; Fgf17; Fgf8; Ubb","eye","RR-3","GLDS-194","Stat_(Space Flight)v(Ground Control)",1,"flight_positive"
"REACTOME_NEGATIVE_REGULATION_OF_FGFR4_SIGNALING",0.780582524271845,0.858170546262721,0.0557104226766671,-0.229852693762816,-0.798420782239946,28,"reactome","Uba52; Rps27a; Ppp2r1a; Spry2; Ppp2cb; Fgf1; Ppp2ca; Fgf17; Fgf8; Ubb","eye","RR-3","GLDS-194","Stat_(Space Flight)v(Ground Control)",1,"flight_positive"
"REACTOME_NEGATIVE_REGULATION_OF_FLT3",0.817120622568093,0.885888199714913,0.0536769600638126,-0.257507625738968,-0.747811844701978,15,"reactome","Uba52; Rps27a","eye","RR-3","GLDS-194","Stat_(Space Flight)v(Ground Control)",1,"flight_positive"
"REACTOME_NEGATIVE_REGULATION_OF_MAPK_PATHWAY",0.299212598425197,0.471421288166317,0.107972360317345,-0.286327112662624,-1.10380152170778,43,"reactome","Dusp6; Uba52; Rps27a; Ppp2r5b; Pebp1; Ppp2r1a; Ppp2r5d; Hras; Ppp2cb; Dusp4; Ppp2r5c; Map2k1; Map2k2; Ppp2ca","eye","RR-3","GLDS-194","Stat_(Space Flight)v(Ground Control)",1,"flight_positive"
"REACTOME_NEGATIVE_REGULATION_OF_MET_ACTIVITY",0.551440329218107,0.684470774828567,0.0755015292281669,0.286050320054346,0.914395619612978,21,"reactome","Cbl; Sh3gl2; Stam2; Grb2; Hgs; Ubc; Stam","eye","RR-3","GLDS-194","Stat_(Space Flight)v(Ground Control)",1,"flight_positive"
"REACTOME_NEGATIVE_REGULATION_OF_NMDA_RECEPTOR_MEDIATED_NEURONAL_TRANSMISSION",0.438271604938272,0.601387728580711,0.0878312634480124,0.317388070223842,1.01457065692134,21,"reactome","Camk2a; Ppm1e; Camk2d; Actn2; Dlg1; Grin1; Grin2b; Grin2d; Dlg4; Dlg2","eye","RR-3","GLDS-194","Stat_(Space Flight)v(Ground Control)",1,"flight_positive"
"REACTOME_NEGATIVE_REGULATION_OF_NOTCH4_SIGNALING",1.14941327373101e-07,2.28837733588265e-06,0.704975715167238,-0.618066638012597,-2.39616378559193,44,"reactome","Uba52; Psma7; Rps27a; Psmc1; Sem1; Psmd2; Psmc3; Skp1; Psma5; Psmb6; Psmd14; Psmd8; Psmb1; Psma1; Psmb7; Rbx1; Psmc5; Psma2; Psma4; Psmb3; Tacc3; Psma6; Psmb4; Psmd3; Psmd6; Psma3; Cul1; Psmd12; Psmd13; Adrm1; Psmd1; Psmc2","eye","RR-3","GLDS-194","Stat_(Space Flight)v(Ground Control)",1,"flight_positive"
"REACTOME_NEGATIVE_REGULATION_OF_THE_PI3K_AKT_NETWORK",0.129098360655738,0.263736389772449,0.176694268938498,0.254163596638636,1.20152865265879,116,"reactome","Ppp2r5e; Insr; Phlpp2; Phlpp1; Gab1; Pdgfrb; Il1rap; Frs2; Trib3; Traf6; Pten; Grb2; Irs1; Irs2; Cd19; Pik3r5; Fgfr1; Pik3cb; Mapk3; Cd86; Il1rl1; Pik3r6; Ppp2r1b; Pdgfra; Rac2; Nrg4; Strn; Trat1; Lck; Tgfa; Pdgfb; Rhog; Pip5k1c; Kitl","eye","RR-3","GLDS-194","Stat_(Space Flight)v(Ground Control)",1,"flight_positive"
"REACTOME_NEGATIVE_REGULATORS_OF_DDX58_IFIH1_SIGNALING",0.75,0.832910750507099,0.0609039347452418,0.230611084192585,0.817975513745835,32,"reactome","Rnf125; Pcbp2; Traf3; Ubc; Trim25; Mavs; Ube2d2a; Rnf216","eye","RR-3","GLDS-194","Stat_(Space Flight)v(Ground Control)",1,"flight_positive"
"REACTOME_NEPHRIN_FAMILY_INTERACTIONS",0.00836453603193365,0.0316926192213403,0.380730400722792,0.523708127728077,1.7209483961904,23,"reactome","Wasl; Actn3; Magi2; Actn4; Kirrel; Actn2; Actn1; Sptbn1; Pik3cb; Kirrel3; Cd2ap; Iqgap1","eye","RR-3","GLDS-194","Stat_(Space Flight)v(Ground Control)",1,"flight_positive"
"REACTOME_NETRIN_1_SIGNALING",0.0355759658768039,0.097878599585679,0.321775918075361,0.378749353546052,1.47824973943334,44,"reactome","Wasl; Neo1; Myo10; Rgma; Unc5c; Dcc; Hjv; Slit1; Ablim1; Rgmb; Robo1; Plcg1; Trpc5; Slit3; Trpc4; Dscaml1; Unc5d; Dscam","eye","RR-3","GLDS-194","Stat_(Space Flight)v(Ground Control)",1,"flight_positive"
"REACTOME_NEUREXINS_AND_NEUROLIGINS",0.0733752620545073,0.172416120063703,0.241339976815091,0.342987958418087,1.38684515391285,54,"reactome","Nrxn3; Syt1; Stxbp1; Shank2; Nlgn2; Shank1; Lrrtm4; Epb41; Epb41l5; Homer2; Grin1; Grin2b; Begain; Sipa1l1; Dlgap4; Syt9; Grin2d; Nlgn3; Syt7; Dlg4; Dlg2; Dlgap1; Dlgap2; Nrxn2; Lrrtm1; Lin7a; Grm5; Nlgn1; Grin2a; Pdlim5","eye","RR-3","GLDS-194","Stat_(Space Flight)v(Ground Control)",1,"flight_positive"
"REACTOME_NEURONAL_SYSTEM",0.00158404880783489,0.00822394710480119,0.45505986738723,0.258327068587981,1.41617662969225,386,"reactome","Prkca; Kcnh6; Rps6ka3; Prkab2; Cacna1e; Slc38a1; Ptprs; Kcnc3; Hcn1; Nrxn3; Syt1; Kras; Kcnk3; Slc1a2; Prkaa2; Abcc9; Kcnn4; Prkar2a; Slc38a2; Stxbp1; Il1rap; Prkcg; Vamp2; Slitrk3; Syn3; Tubb4a; Arhgef7; Camk2a; Kcnj10; Kcng2; Grik5; Ppm1e; Camk2d; Glra1; Ap2m1; Shank2; Panx1; Panx2; Nlgn2; Shank1; Grik3; Kcna7; Actn2; Kcnb2; Git1; Rasgrf2; Cacng4; Lrrtm4; Ppfia1; Kcnma1; Cacna2d2; Syn1; Kcnj6; Cacna1a; Ptprd; Gnat3; Chrna4; Kcnn2; Slitrk2; Nptn; Gabrr2; Epb41; Epb41l5; Nbea; Grik2; Cacna1b; Lrfn3; Chrna1; Chrnb3; Gabrb3; Kcnd1; Ptprf; Gng12; Homer2; Rtn3; Kcnmb1; Kcnh1; Kcnc1; Gria3; Dlg1; Slc18a2; Kcnq3; Mapk3; Cacnb4; Grin1; Kcna3; Hcn3; Slc5a7; Kcnn3; Grin2b; Ap2b1; Begain; Kcnb1; Sipa1l1; Kcnk9; Dlgap4; Grip2; Cacnb2; Gls; Cacng8; Slitrk1; Kcna2; Syt9; Gabra1; Unc13b","eye","RR-3","GLDS-194","Stat_(Space Flight)v(Ground Control)",1,"flight_positive"
"REACTOME_NEUROTRANSMITTER_RECEPTORS_AND_POSTSYNAPTIC_SIGNAL_TRANSMISSION",0.419222903885481,0.58328980909098,0.0899860794997137,0.2024750643129,1.0164075193757,189,"reactome","Prkca; Rps6ka3; Prkab2; Kras; Prkaa2; Prkar2a; Prkcg; Tubb4a; Arhgef7; Camk2a; Kcnj10; Grik5; Ppm1e; Camk2d; Glra1; Ap2m1; Grik3; Actn2; Git1; Rasgrf2; Cacng4; Kcnj6; Gnat3; Chrna4; Nptn; Gabrr2; Nbea; Grik2; Chrna1; Chrnb3; Gabrb3; Gng12; Gria3; Dlg1; Mapk3; Grin1","eye","RR-3","GLDS-194","Stat_(Space Flight)v(Ground Control)",1,"flight_positive"
"REACTOME_NEUROTRANSMITTER_RELEASE_CYCLE",0.681724845995893,0.78125377899243,0.0647943366000727,0.216645289926762,0.874678887058611,51,"reactome","Syt1; Slc1a2; Slc38a2; Stxbp1; Vamp2; Syn3; Ppfia1; Syn1","eye","RR-3","GLDS-194","Stat_(Space Flight)v(Ground Control)",1,"flight_positive"
"REACTOME_NEUTROPHIL_DEGRANULATION",0.000166734320934554,0.00122383288975044,0.518848077743792,-0.267276913717922,-1.49472972519637,440,"reactome","Ctsd; Eef1a1; Vamp8; Ctss; Xrcc6; Ttr; Cst3; Aprt; Chil1; Srp14; Ghdc; Nme2; Psmd2; Rab5b; Psmc3; Commd9; Ltf; Actr1b; Eef2; Cda; Clec12a; Ppia; Adgre4; Rab5c; Psma5; Pygb; Pfkl; Rhof; Nfkb1; Psmd14; Hexb; Pkm; Tubb4b; Hmox2; Rab37; Ypel5; Tmem179b; Ptafr; Csnk2b; Psmb1; Rab24; Hbb-bt; Idh1; Aldoa; Psmb7; Svip; Gdi2; Mettl7a1; Cystm1; Snap29; Cstb; Pgam1; Psma2; Txndc5; Qsox1; Rab31; Lamtor2; Rnaset2a; Calm4; Hsp90aa1; Hmgb1; Acaa1a; Tubb5; Pdap1; Ndufc2; Ddost; Xrcc5; Arpc5; Cct2; Psmd3; Psmd6; Dynlt1b; Trappc1; Rab9b; Gla; Cotl1; Ppie; Dbnl; Cd68; Cfd; Siglecf; Cap1; Snap25; Glb1; Fpr1; Clec5a; Aga; Ormdl3; Surf4; Itgax; Pigr; Nhlrc3; Ostf1; Psmd12; Psmd13; Dync1li1; Cct8; Glipr1; Manba; Serpinb6a; Itgam; Ctsz; Psmd1; Cxcr2; Psap; Aldoc; Cd300a; Cd14; Rab6a; H2-D1; Kcnab2; Psmc2; Mvp; Degs1; Dynll1; Hspa8; Ap2a2; Galns; Slpi; Kcmf1; Tyrobp; Olfm4; Ggh; Capn1; Plac8; Frk; Rab3a; Pglyrp1; Mgam; Pycard; Ptpn6; B2m; Hgsnat; Cab39; Fcgr4; Padi2; Bri3; Nckap1l; Prkcd; Arg1; 2310033P09Rik; Ilf2","eye","RR-3","GLDS-194","Stat_(Space Flight)v(Ground Control)",1,"flight_positive"
"REACTOME_NFE2L2_REGULATING_ANTI_OXIDANT_DETOXIFICATION_ENZYMES",0.466165413533835,0.627089837616153,0.0795564677235957,-0.317935408312142,-0.99632780505633,19,"reactome","Mafk; Srxn1; Gclc; Nqo1; Gsr; Prdx1; Atf4; Txn1; Bach1; Txnrd1","eye","RR-3","GLDS-194","Stat_(Space Flight)v(Ground Control)",1,"flight_positive"
"REACTOME_NGF_STIMULATED_TRANSCRIPTION",0.574898785425101,0.700204081632653,0.0725351864394589,0.245643324661242,0.930331121585425,39,"reactome","Ep300; Mef2d; Tcf12; Chd4; Egr1; Rest; Vgf; Trib1; Atf1; Cdk5r2; Dnm2","eye","RR-3","GLDS-194","Stat_(Space Flight)v(Ground Control)",1,"flight_positive"
"REACTOME_NICOTINAMIDE_SALVAGE",0.158102766798419,0.305870193717789,0.155241966228839,-0.434460949766042,-1.27889622593528,16,"reactome","Parp9; Parp10; Naxe; Nampt; Naxd; Rnls; Slc22a13; Parp6; Slc5a8","eye","RR-3","GLDS-194","Stat_(Space Flight)v(Ground Control)",1,"flight_positive"
"REACTOME_NICOTINATE_METABOLISM",0.219465648854962,0.38948927957242,0.126875729929857,-0.338290820069758,-1.19623044872256,29,"reactome","Parp9; Parp10; Nmnat2; Naxe; Nampt; Naxd; Rnls; Slc25a51; Nmnat1; Slc22a13; Nadk; Parp6","eye","RR-3","GLDS-194","Stat_(Space Flight)v(Ground Control)",1,"flight_positive"
"REACTOME_NITRIC_OXIDE_STIMULATES_GUANYLATE_CYCLASE",0.216049382716049,0.386558944565481,0.133554954557592,0.385395111023719,1.23196366734844,21,"reactome","Kcnma1; Nos1; Nos3; Prkg1; Kcnmb1; Irag1; Pde2a","eye","RR-3","GLDS-194","Stat_(Space Flight)v(Ground Control)",1,"flight_positive"
"REACTOME_NOD1_2_SIGNALING_PATHWAY",0.3359375,0.506682592975207,0.10027910675413,-0.287638696974863,-1.07069982018606,36,"reactome","Uba52; Rps27a; Aamp; Ripk2; Casp1; Card9","eye","RR-3","GLDS-194","Stat_(Space Flight)v(Ground Control)",1,"flight_positive"
"REACTOME_NONHOMOLOGOUS_END_JOINING_NHEJ",0.0014220155295552,0.0075222560621398,0.45505986738723,-0.43249321277216,-1.7621026942244,55,"reactome","Xrcc6; Poll; Xrcc4; Abraxas1; H4c1; H4c4; Kat5; Nhej1; H2bc7; H4c2; H4c3; H4c12; H4c11; H2bc14; H4c18; H2bc18; Uimc1; H4c6; Nsd2; H4c8; Xrcc5; H2bc3; Babam1; H2ax; Rnf168; H2bc21; H4c17; Pias4; Rnf8; H2bc8; H2bc4; H3f4","eye","RR-3","GLDS-194","Stat_(Space Flight)v(Ground Control)",1,"flight_positive"
"REACTOME_NONSENSE_MEDIATED_DECAY_NMD",6.28938404490811e-27,6.26079593561307e-25,1.34992572002205,-0.704475804127471,-3.27352925853008,106,"reactome","Rpl27a; Rpl6; Rpl26; Rps6; Rps7; Rps5; Rpl7; Rpl7a; Rpl30; Rps3a1; Rpl14; Rps4x; Uba52; Rpl39; Rpl8; Rbm8a; Rpl18a; Rpl13; Rpl36a; Rplp1; Rps25; Rps9; Rpl3; Rpl23; Rpl32; Rpl29; Rpl17; Rpl36al; Rpl35a; Rps24; Rps29; Rps11; Rplp2; Rps19; Rps26; Rps10; Rps27a; Rpl22l1; Rpl9; Rpsa; Rps28; Rpl5; Rps15a; Rps20; Rpl36; Rps3; Rpl38; Rps13; Rps17; Rpl37a; Rpl21; Rps16; Rpl27; Rpl19; Rpl10; Rpl35; Rps14; Rpl24; Rps12; Rpl4; Rpl22; Rpl18; Rps27; Rps21; Rps2; Rps15; Rps23; Fau; Rpl13a; Eif4a3; Ppp2r1a; Upf3a; Rpl31; Rps18; Ncbp2; Rplp0; Rnps1","eye","RR-3","GLDS-194","Stat_(Space Flight)v(Ground Control)",1,"flight_positive"
"REACTOME_NON_INTEGRIN_MEMBRANE_ECM_INTERACTIONS",0.00197833283420967,0.00984670206117995,0.431707695803346,0.379528158016775,1.67660237584171,80,"reactome","Prkca; Fn1; Sdc3; Sntb2; Acta1; Sgca; Dag1; Actn1; Sgcb; Dmd; Lamc1; Ddr1; Col5a3; Actc1; Lamc3; Sgcg; Col10a1; Hspg2; Col4a2; Sntg2; Sgcd; Lama4; Itga6; Pdgfb; Lama2; Col2a1","eye","RR-3","GLDS-194","Stat_(Space Flight)v(Ground Control)",1,"flight_positive"
"REACTOME_NOREPINEPHRINE_NEUROTRANSMITTER_RELEASE_CYCLE",0.586776859504132,0.711540045578101,0.0725351864394589,0.296757837775044,0.894328082195375,18,"reactome","Syt1; Stxbp1; Vamp2; Ppfia1; Slc18a2; Unc13b","eye","RR-3","GLDS-194","Stat_(Space Flight)v(Ground Control)",1,"flight_positive"
"REACTOME_NOTCH1_INTRACELLULAR_DOMAIN_REGULATES_TRANSCRIPTION",0.0040436699351051,0.0175707086465876,0.407017918923954,0.429924362661414,1.71016559379051,48,"reactome","Mamld1; Notch1; Ncor2; Ep300; Crebbp; Rbpj; Maml1; Tle4; Hdac4; Tle2; Tbl1x; Hdac7; Maml2; Kat2a; Ncor1; Hdac1; Nbea; Ubc","eye","RR-3","GLDS-194","Stat_(Space Flight)v(Ground Control)",1,"flight_positive"
"REACTOME_NOTCH2_ACTIVATION_AND_TRANSMISSION_OF_SIGNAL_TO_THE_NUCLEUS",0.552577319587629,0.684470774828567,0.0755015292281669,0.277597567013715,0.912208656778114,23,"reactome","Dll4; Adam10; Ncstn; Notch2; Ubc; Psen1; Psen2; Mib1","eye","RR-3","GLDS-194","Stat_(Space Flight)v(Ground Control)",1,"flight_positive"
"REACTOME_NOTCH3_ACTIVATION_AND_TRANSMISSION_OF_SIGNAL_TO_THE_NUCLEUS",0.865497076023392,0.916307292315357,0.0511147954416412,-0.219922616485769,-0.74975422832524,26,"reactome","Uba52; Rps27a; Ybx1; Tacc3; Aph1a; Mib2","eye","RR-3","GLDS-194","Stat_(Space Flight)v(Ground Control)",1,"flight_positive"
"REACTOME_NOTCH3_INTRACELLULAR_DOMAIN_REGULATES_TRANSCRIPTION",0.0135959705442049,0.0448421317647721,0.380730400722792,0.487392086699958,1.64205160513402,25,"reactome","Mamld1; Notch1; Ep300; Crebbp; Rbpj; Maml1; Maml2; Pbx1; Kat2a; Plxnd1","eye","RR-3","GLDS-194","Stat_(Space Flight)v(Ground Control)",1,"flight_positive"
"REACTOME_NOTCH4_INTRACELLULAR_DOMAIN_REGULATES_TRANSCRIPTION",0.00120283449839073,0.00653922308141351,0.45505986738723,0.600394311892001,1.87334482389737,20,"reactome","Mamld1; Notch1; Ep300; Crebbp; Rbpj; Flt4; Maml1; Maml2; Notch2; Kat2a; Notch4; Smad3; Maml3","eye","RR-3","GLDS-194","Stat_(Space Flight)v(Ground Control)",1,"flight_positive"
"REACTOME_NOTCH_HLH_TRANSCRIPTION_PATHWAY",0.000214476608940542,0.00153497965222152,0.518848077743792,0.596324215911229,2.06836648030774,28,"reactome","Mamld1; Notch1; Ncor2; Crebbp; Rbpj; Maml1; Hdac4; Tbl1x; Hdac7; Maml2; Notch2; Kat2a; Ncor1; Notch4; Hdac1","eye","RR-3","GLDS-194","Stat_(Space Flight)v(Ground Control)",1,"flight_positive"
"REACTOME_NPAS4_REGULATES_EXPRESSION_OF_TARGET_GENES",0.903030303030303,0.942857142857143,0.0508054139066364,0.207292560542464,0.674895243404786,22,"reactome","Crebbp; Arnt; Iqsec3; Mapk3","eye","RR-3","GLDS-194","Stat_(Space Flight)v(Ground Control)",1,"flight_positive"
"REACTOME_NR1H2_AND_NR1H3_MEDIATED_SIGNALING",0.00636303741336715,0.0249732113535377,0.407017918923954,0.428377187849087,1.69332847690506,47,"reactome","Tnrc6b; Ncor2; Tnrc6a; Ep300; Ncoa1; Nrip1; Ago2; Tbl1x; Ago1; Fasn; Scd1; Ncor1; Srebf1; Abca1; Tnrc6c; Ago3; Kdm3a; Scd2","eye","RR-3","GLDS-194","Stat_(Space Flight)v(Ground Control)",1,"flight_positive"
"REACTOME_NR1H3_NR1H2_REGULATE_GENE_EXPRESSION_LINKED_TO_CHOLESTEROL_TRANSPORT_AND_EFFLUX",0.0203039241904611,0.0614165662667262,0.352487857583619,0.414399848665275,1.52616371454273,36,"reactome","Tnrc6b; Ncor2; Tnrc6a; Ep300; Ncoa1; Ago2; Tbl1x; Ago1; Ncor1; Abca1; Tnrc6c; Ago3; Kdm3a","eye","RR-3","GLDS-194","Stat_(Space Flight)v(Ground Control)",1,"flight_positive"
"REACTOME_NRAGE_SIGNALS_DEATH_THROUGH_JNK",0.00896731186926622,0.0335126501598857,0.380730400722792,0.385349313134145,1.57536364081352,58,"reactome","Prex1; Arhgef26; Kalrn; Itsn1; Arhgef7; Arhgef39; Tiam2; Sos1; Obscn; Arhgef1; Plekhg2; Rasgrf2; Arhgef19; Arhgef33; Bcl2l11; Fgd1; Arhgef16; Arhgef12; Akap13; Plekhg5; Fgd4; Arhgef11; Sos2; Arhgef38","eye","RR-3","GLDS-194","Stat_(Space Flight)v(Ground Control)",1,"flight_positive"
"REACTOME_NRIF_SIGNALS_CELL_DEATH_FROM_THE_NUCLEUS",0.847358121330724,0.908025372311086,0.0522693317499306,-0.240864405517388,-0.721773914354092,17,"reactome","Uba52; Rps27a","eye","RR-3","GLDS-194","Stat_(Space Flight)v(Ground Control)",1,"flight_positive"
"REACTOME_NS1_MEDIATED_EFFECTS_ON_HOST_PATHWAYS",0.00500978252970329,0.0208582200381182,0.407017918923954,0.443288353142561,1.65447086435984,37,"reactome","Nup160; Pom121; Nup98; Nup153; Nup214; Nup155; Tpr; Nup188; Kpna4; Ranbp2; Kpna3; Nup93","eye","RR-3","GLDS-194","Stat_(Space Flight)v(Ground Control)",1,"flight_positive"
"REACTOME_NUCLEAR_ENVELOPE_BREAKDOWN",0.00123816009657303,0.00667874534850972,0.45505986738723,0.431036189113124,1.74112824946061,52,"reactome","Prkca; Nup160; Cnep1r1; Pom121; Nup98; Nup153; Nup214; Ctdnep1; Lmnb1; Nup155; Tpr; Nup188; Ranbp2; Nup93; Lemd3","eye","RR-3","GLDS-194","Stat_(Space Flight)v(Ground Control)",1,"flight_positive"
"REACTOME_NUCLEAR_ENVELOPE_NE_REASSEMBLY",0.148076923076923,0.292058938019925,0.158514105424824,-0.281923575027804,-1.20896746176781,67,"reactome","Tubb3; Tuba1c; Chmp4b; Chmp3; Tubb4b; Tuba1b; Ppp2r1a; Ran; Vps4a; Chmp6; Chmp2a; Chmp7; Tubb2a; Tuba8; Sumo1; Rcc1; Ube2i; Tubb2b; Ppp2ca; Nup107; Emd; Tuba1a; Ccnb2; Tuba4a; Spast; Lmna; Nup43; Vrk1; Cdk1; Sec13; Chmp4c; Rangap1; Nup35; Lemd2; Nup62; Nup54","eye","RR-3","GLDS-194","Stat_(Space Flight)v(Ground Control)",1,"flight_positive"
"REACTOME_NUCLEAR_EVENTS_KINASE_AND_TRANSCRIPTION_FACTOR_ACTIVATION",0.540076335877863,0.67772828310166,0.0727141077934447,-0.229580217816832,-0.959247781726624,61,"reactome","Dusp6; Jund; Mapkapk2; Arc; Ppp2r1a; Junb; Ppp2r5d; Sh3gl3; Nab2; Ppp2cb; Mapk11; Dusp4; Sgk1; Ppp2ca; Nab1; Rps6ka1; Lyl1; Cdk5; Id1","eye","RR-3","GLDS-194","Stat_(Space Flight)v(Ground Control)",1,"flight_positive"
"REACTOME_NUCLEAR_EVENTS_MEDIATED_BY_NFE2L2",8.62202067122279e-05,0.00068413859673833,0.538434096309916,-0.421197853801815,-1.88018858670347,86,"reactome","Uba52; Psma7; Rps27a; Psmc1; Mafk; Sem1; Psmd2; Psmc3; Taldo1; Skp1; Srxn1; Psma5; Psmb6; Nfkb1; Psmd14; Psmd8; Psmb1; Psma1; Idh1; Psmb7; Gclc; Rbx1; Psmc5; Psma2; Psma4; Nqo1; Psmb3; Abcf2; Psma6; Psmb4; Gsr; Psmd3; Psmd6; Psma3; Tkt; Prdx1; Cul1; Sqstm1; Psmd12; Psmd13; Adrm1; Psmd1","eye","RR-3","GLDS-194","Stat_(Space Flight)v(Ground Control)",1,"flight_positive"
"REACTOME_NUCLEAR_EVENTS_STIMULATED_BY_ALK_SIGNALING_IN_CANCER",0.414583333333333,0.580522698209719,0.0916795246008379,0.288088484090355,1.02184735223427,32,"reactome","Mecp2; Notch1; Rb1; Ago2; Ago1; Hdac1; Tnrc6c; Ago3; Mapk3","eye","RR-3","GLDS-194","Stat_(Space Flight)v(Ground Control)",1,"flight_positive"
"REACTOME_NUCLEAR_IMPORT_OF_REV_PROTEIN",0.0538302277432712,0.137264888350561,0.282013350011725,0.401700609312101,1.44269663714616,33,"reactome","Nup160; Pom121; Nup98; Nup153; Nup214; Nup155; Tpr; Nup188; Ranbp2; Nup93","eye","RR-3","GLDS-194","Stat_(Space Flight)v(Ground Control)",1,"flight_positive"
"REACTOME_NUCLEAR_PORE_COMPLEX_NPC_DISASSEMBLY",0.0194674342678464,0.0593783858587516,0.352487857583619,0.421845241821007,1.54501681736956,35,"reactome","Nup160; Pom121; Nup98; Nup153; Nup214; Nup155; Tpr; Nup188; Ranbp2; Nup93","eye","RR-3","GLDS-194","Stat_(Space Flight)v(Ground Control)",1,"flight_positive"
"REACTOME_NUCLEAR_RECEPTOR_TRANSCRIPTION_PATHWAY",0.334702258726899,0.505515825249593,0.103576326612592,0.262141339301448,1.05836362742876,51,"reactome","Nr2e1; Ncor2; Nr4a3; Thrb; Rora; Rara; Nr1d1; Nr2c2; Esrrg; Ncor1; Rarb; Rorb; Pparg","eye","RR-3","GLDS-194","Stat_(Space Flight)v(Ground Control)",1,"flight_positive"
"REACTOME_NUCLEAR_RNA_DECAY",0.801242236024845,0.874736040326226,0.0574877409561325,0.2187138000891,0.785504568754205,33,"reactome","Rbm26; Rbm27; Zc3h4; Zfc3h1; Zcchc7; Zc3h3; Tent4a; Zcchc8","eye","RR-3","GLDS-194","Stat_(Space Flight)v(Ground Control)",1,"flight_positive"
"REACTOME_NUCLEAR_SIGNALING_BY_ERBB4",0.94375,0.971366826629985,0.0501934252649434,0.180922526600928,0.641730631303917,32,"reactome","Cxcl12; Tab2; Ncstn; Ncor1; Psen1; Psen2; Nrg4; Wwox","eye","RR-3","GLDS-194","Stat_(Space Flight)v(Ground Control)",1,"flight_positive"
"REACTOME_NUCLEOTIDE_BINDING_DOMAIN_LEUCINE_RICH_REPEAT_CONTAINING_RECEPTOR_NLR_SIGNALING_PATHWAYS",0.339047619047619,0.510670072705836,0.0982123351217438,-0.261589435106634,-1.06723964325922,54,"reactome","Uba52; Rps27a; Aamp; Ripk2; Nfkb1; Casp1; Card9; Aim2; Mapk11; Birc3; Ube2v1; Mapk12; Sugt1; Txn1; Pycard; Ubb","eye","RR-3","GLDS-194","Stat_(Space Flight)v(Ground Control)",1,"flight_positive"
"REACTOME_NUCLEOTIDE_CATABOLISM",0.942196531791908,0.971366826629985,0.0466948041282054,-0.188348016160874,-0.686849899630167,33,"reactome","Nudt15; Nudt9; Nt5c; Nudt5; Nt5m; Tymp; Nt5c3; Nudt16; Upp2; Entpd1; Nudt1; Upp1","eye","RR-3","GLDS-194","Stat_(Space Flight)v(Ground Control)",1,"flight_positive"
"REACTOME_NUCLEOTIDE_EXCISION_REPAIR",0.00117697977951491,0.00647634602295892,0.45505986738723,-0.35139124008938,-1.64331640133432,108,"reactome","Ino80b; Uba52; Polr2h; Rps27a; Cetn2; Pold2; Rfc4; Cops4; Polr2f; Rfc3; Xpa; Cops7b; Zfp830; Polr2i; Rad23b; Pole3; Tfpt; Polr2l; Ino80c; Rbx1; Polr2k; Cdk7; Mcrs1; Gtf2h5; Pold4; Cul4a; Cops8; Ino80e; Actl6a; Sumo1; Chd1l; Pcna; Ube2i; Polr2j; Ercc5; Pole4; Ppie; Parp1; Ercc8; Ercc1; Polr2g; Xpc; Gtf2h2; Polr2c; Cops7a; Polr2d; Actb; Ruvbl1; Rfc5; Mnat1; Ubb; Ercc3; Sumo2; Gps1; Rpa3; Rpa2; Cops2; Isy1; Gtf2h1","eye","RR-3","GLDS-194","Stat_(Space Flight)v(Ground Control)",1,"flight_positive"
"REACTOME_NUCLEOTIDE_SALVAGE",0.0571992110453649,0.14365398186852,0.266350657088526,-0.453643587702217,-1.46919447943092,22,"reactome","Aprt; Cda; Uck1; Dguok; Tk2; Gmpr; Ampd2; Hprt; Tk1; Tymp; Upp2; Upp1; Uck2; Adk; Adal","eye","RR-3","GLDS-194","Stat_(Space Flight)v(Ground Control)",1,"flight_positive"
"REACTOME_N_GLYCAN_ANTENNAE_ELONGATION",0.135245901639344,0.273236646300889,0.172324344900946,0.452967895281509,1.30453830286513,15,"reactome","St8sia2; St8sia3; B4galt6; Mgat4b; Mgat5","eye","RR-3","GLDS-194","Stat_(Space Flight)v(Ground Control)",1,"flight_positive"
"REACTOME_N_GLYCAN_ANTENNAE_ELONGATION_IN_THE_MEDIAL_TRANS_GOLGI",0.191752577319588,0.35288919691588,0.142901149386948,0.378148061472461,1.24262593123519,23,"reactome","St8sia2; St8sia3; Chst10; B4galt6; Mgat4b; Mgat5; Man2a2","eye","RR-3","GLDS-194","Stat_(Space Flight)v(Ground Control)",1,"flight_positive"
"REACTOME_N_GLYCAN_TRIMMING_IN_THE_ER_AND_CALNEXIN_CALRETICULIN_CYCLE",0.607003891050584,0.727542108546475,0.0678338263479455,-0.247155017677651,-0.91688404146644,35,"reactome","Uba52; Rps27a; Psmc1; Calr; Rad23b; Os9","eye","RR-3","GLDS-194","Stat_(Space Flight)v(Ground Control)",1,"flight_positive"
"REACTOME_ONCOGENE_INDUCED_SENESCENCE",0.0973084886128364,0.214824183530355,0.206587922696891,0.371494851118988,1.33421349134691,33,"reactome","Tnrc6b; Rb1; Tnrc6a; Mdm4; Sp1; Ago1; Ubc; Ets1; Tnrc6c; Ago3; Mapk3","eye","RR-3","GLDS-194","Stat_(Space Flight)v(Ground Control)",1,"flight_positive"
"REACTOME_ONCOGENIC_MAPK_SIGNALING",0.00991987482911761,0.0356139768455206,0.380730400722792,0.348780553220261,1.53959038742125,78,"reactome","Fn1; Kdm7a; D630045J12Rik; Kras; Akap9; Vwf; Nf1; Braf; Camk2a; Dusp8; Camk2d; Ywhab; Dusp16; Rap1a; Ksr1; Spred3; Rap1b; Cnksr2; Clcn6; Bcl2l11; Mapk3; Trak1; Tent4a; Snd1","eye","RR-3","GLDS-194","Stat_(Space Flight)v(Ground Control)",1,"flight_positive"
"REACTOME_OPIOID_SIGNALLING",0.560546875,0.689661604634832,0.072003313661988,-0.2097796464331,-0.945593540282584,89,"reactome","Ppp3cc; Pomc; Gna15; Gng4; Gna11; Ppp1ca; Gnb2; Ppp2r1a; Gng10; Ppp2r5d; Gng8; Camkk1; Ppp2cb; Gngt2; Gngt1; Ppp2ca; Gnai2; Calm1; Gnb3; Gnai3; Pla2g4a; Prkar2b; Gng11; Cdk5; Pde1a; Gng2","eye","RR-3","GLDS-194","Stat_(Space Flight)v(Ground Control)",1,"flight_positive"
"REACTOME_ORC1_REMOVAL_FROM_CHROMATIN",1.13244704328979e-07,2.28837733588265e-06,0.704975715167238,-0.564404212947473,-2.33381568447893,58,"reactome","Uba52; Psma7; Rps27a; Psmc1; Sem1; Psmd2; Psmc3; Skp1; Psma5; Psmb6; Psmd14; Orc1; Psmd8; Psmb1; Psma1; Psmb7; Rbx1; Psmc5; Psma2; Psma4; Mcm4; Psmb3; Psma6; Psmb4; Psmd3; Psmd6; Psma3; Cul1; Orc6; Psmd12; Psmd13; Adrm1; Psmd1; Orc2; Mcm5; Mcm3; Psmc2","eye","RR-3","GLDS-194","Stat_(Space Flight)v(Ground Control)",1,"flight_positive"
"REACTOME_ORGANELLE_BIOGENESIS_AND_MAINTENANCE",0.171936758893281,0.327827768900849,0.148261500475107,0.208701811952558,1.11188488507172,286,"reactome","Chd9; Pcm1; Ncoa2; Prkab2; Tgs1; Cep162; Cdk5rap2; Gbf1; Clasp1; Rpgrip1l; Pkd1; Akap9; Crebbp; Ncoa1; Ppargc1b; Prkaa2; Ncoa6; C2cd3; Crtc1; Hcfc1; Rab11fip3; Mef2d; Dctn1; Pprc1; Tubb4a; Crtc2; Crtc3; Cep192; Asap1; Mark4; Dynlt2a2; Csnk1d; Tbl1x; Inpp5e; Arf4; Atat1; Ppargc1a; Tnpo1; Sfi1; Nr1d1; Ttbk2; Cep97; Perm1; Carm1; Alms1; Ncor1; Tctn3; Ywhae; Samm50; Ccp110; Gabpb1; Cep89; Cep290; Traf3ip1; Ift172","eye","RR-3","GLDS-194","Stat_(Space Flight)v(Ground Control)",1,"flight_positive"
"REACTOME_OTHER_INTERLEUKIN_SIGNALING",0.722222222222222,0.813614540466392,0.0621124188949471,0.250545687615662,0.800900622048446,21,"reactome","Ptprz1; Vamp2; Cd4; Csf1; Stx4a; Jak1","eye","RR-3","GLDS-194","Stat_(Space Flight)v(Ground Control)",1,"flight_positive"
"REACTOME_OTHER_SEMAPHORIN_INTERACTIONS",0.000335602406490719,0.00226842367350208,0.49849310876659,0.654587530415272,1.9975949149928,19,"reactome","Plxna4; Sema5a; Plxna2; Sema4d; Plxna1; Sema6a; Itga1; Plxnb3; Sema7a; Plxnd1; Plxnc1","eye","RR-3","GLDS-194","Stat_(Space Flight)v(Ground Control)",1,"flight_positive"
"REACTOME_OVARIAN_TUMOR_DOMAIN_PROTEASES",0.196392785571142,0.360217923283753,0.13880510939114,0.316890035040855,1.18271848665614,37,"reactome","Vcpip1; Apc; Tnip1; Tnip3; Rnf128; Traf3; Traf6; Pten; Ubc; Trim25; Mavs; Yod1","eye","RR-3","GLDS-194","Stat_(Space Flight)v(Ground Control)",1,"flight_positive"
"REACTOME_OXIDATIVE_STRESS_INDUCED_SENESCENCE",0.0146136350134115,0.0474756606648402,0.380730400722792,-0.316107748661022,-1.47251064283082,104,"reactome","Ezh2; Uba52; H2ac19; Rps27a; H4c1; H2aj; H3c3; H3c7; H2ac13; Mapkapk2; H4c4; H3c1; H2ac20; H2bc7; H3c11; H4c2; H4c3; H4c12; H2ac4; H4c11; H2ac10; H2bc14; H4c18; H3f3b; Cdkn2c; H2bc18; H4c6; H4c8; Mapk11; H3c8; H2bc3; H2ax; E2f1; H3c4; H2bc21; H3f3a; H4c17; Rbbp7; Cdkn2d; H2ac18; H2az2; Txn1; H2bc8; Ubb; H2bc4; H3c10","eye","RR-3","GLDS-194","Stat_(Space Flight)v(Ground Control)",1,"flight_positive"
"REACTOME_O_GLYCOSYLATION_OF_TSR_DOMAIN_CONTAINING_PROTEINS",0.00363682094976592,0.016194645020178,0.431707695803346,0.451182039739758,1.70877304990538,39,"reactome","Adamtsl1; Sema5a; Thsd7a; Adamts5; Adamts3; Adamts17; Adamts12; Adamts6; Adamts20; Adamtsl4; Adamts4; Spon1","eye","RR-3","GLDS-194","Stat_(Space Flight)v(Ground Control)",1,"flight_positive"
"REACTOME_O_LINKED_GLYCOSYLATION",0.0515463917525773,0.13354684849227,0.287857117255149,0.286910658405308,1.33210544334378,104,"reactome","Adamtsl1; Sema5a; Thsd7a; Adamts5; Adamts3; Adamts17; Dag1; Adamts12; Galnt7; Adamts6; Adamts20; Adamtsl4; St3gal1; B4galt6; Adamts4; Fut11; Spon1; Gcnt4; C1galt1; Galnt17; Mmrn2; St3gal2; Sbspon; B3gnt3; Large2; Pomt2; St6galnac4; Sema5b; Adamts16; Adamts19","eye","RR-3","GLDS-194","Stat_(Space Flight)v(Ground Control)",1,"flight_positive"
"REACTOME_O_LINKED_GLYCOSYLATION_OF_MUCINS",0.993839835728953,0.998757830106649,0.0471642455670861,0.128938295462475,0.52057261347559,51,"reactome","Galnt7; St3gal1; B4galt6; Gcnt4; C1galt1; Galnt17; St3gal2; B3gnt3; St6galnac4; St6galnac2; Galnt15; Galnt18","eye","RR-3","GLDS-194","Stat_(Space Flight)v(Ground Control)",1,"flight_positive"
"REACTOME_P75NTR_SIGNALS_VIA_NF_KB",0.148221343873518,0.292058938019925,0.160801401070022,-0.440265033827377,-1.29598135454132,16,"reactome","Uba52; Rps27a; Ripk2; Nfkb1","eye","RR-3","GLDS-194","Stat_(Space Flight)v(Ground Control)",1,"flight_positive"
"REACTOME_P75_NTR_RECEPTOR_MEDIATED_SIGNALLING",0.102880658436214,0.22396485285816,0.199915231309662,0.272763548945311,1.2447324495532,97,"reactome","Prex1; Arhgef26; Kalrn; Itsn1; Arhgef7; Arhgef39; Tiam2; Sos1; Obscn; Traf6; Ncstn; Arhgef1; Plekhg2; Rasgrf2; Arhgef19; Arhgef33; Hdac1; Ywhae; Ubc; Ikbkb; Bcl2l11; Fgd1; Arhgef16; Psen1; Arhgef12; Psen2; Casp2; Rtn4r; Akap13; Plekhg5; Fgd4; Arhgef11; Sos2; Arhgef38","eye","RR-3","GLDS-194","Stat_(Space Flight)v(Ground Control)",1,"flight_positive"
"REACTOME_PARACETAMOL_ADME",0.89922480620155,0.940450012216521,0.0490939668192139,-0.211050942647904,-0.676898292853731,21,"reactome","Sult1a1; Ggt6; Ggt1; Acy1; Cndp2; Nat2","eye","RR-3","GLDS-194","Stat_(Space Flight)v(Ground Control)",1,"flight_positive"
"REACTOME_PARASITE_INFECTION",0.302771855010661,0.475660231329518,0.112378519110475,0.266391827417436,1.08904826042134,58,"reactome","Wasl; Wasf1; Myo10; Myo5a; Wasf2; Myh2; Wipf2; Abl1; Grb2; Wipf3; Cyfip2; Mapk3; Nckap1; Myh9; Actr2; Elmo1; Abi2","eye","RR-3","GLDS-194","Stat_(Space Flight)v(Ground Control)",1,"flight_positive"
"REACTOME_PCNA_DEPENDENT_LONG_PATCH_BASE_EXCISION_REPAIR",0.00301753204900662,0.0141205025370181,0.431707695803346,-0.553209621698238,-1.77429507691192,21,"reactome","Pold2; Rfc4; Rfc3; Apex1; Pole3; Polb; Pold4; Pcna; Pole4; Fen1; Rfc5; Rpa3; Rpa2; Pold3","eye","RR-3","GLDS-194","Stat_(Space Flight)v(Ground Control)",1,"flight_positive"
"REACTOME_PCP_CE_PATHWAY",0.00309551995484575,0.0142419930695634,0.431707695803346,-0.375106875993503,-1.64317936798262,78,"reactome","Uba52; Psma7; Rps27a; Psmc1; Sem1; Psmd2; Psmc3; Clta; Psma5; Psmb6; Psmd14; Cltb; Dvl1; Psmd8; Psmb1; Psma1; Psmb7; Pard6a; Psmc5; Psma2; Psma4; Rac3; Psmb3; Psma6; Psmb4; Ap2s1; Psmd3; Psmd6; Psma3","eye","RR-3","GLDS-194","Stat_(Space Flight)v(Ground Control)",1,"flight_positive"
"REACTOME_PEPTIDE_HORMONE_METABOLISM",0.226923076923077,0.400130063173541,0.125033367555272,-0.264694682726579,-1.13379168758499,68,"reactome","Ctsd; Pomc; Stx1a; Gip; Cltrn; Kif5a; Ins2; Pax6; Sec11c; Ctnnb1; Exoc8; Slc30a5; Sec11a; P4hb; Exoc6; Gnb3; Spcs1; Ctsz","eye","RR-3","GLDS-194","Stat_(Space Flight)v(Ground Control)",1,"flight_positive"
"REACTOME_PEPTIDE_LIGAND_BINDING_RECEPTORS",0.987951807228916,0.99705735383932,0.0464154956843849,-0.14750746395175,-0.726156910123343,150,"reactome","Npy; Sstr3; Pomc; Cckar; Kiss1; Hc; Cckbr; Oprl1; Npffr2; Gal; Ece2; Ackr4; Cx3cr1; Hcrtr2; Kiss1r; Prokr1; Fpr1; Tac1; Mc3r; Bdkrb2; Ccl4; Cxcr2; Psap; Rxfp1; Ntsr2; Prlhr; F2rl1; Rln1; Avp; Mc4r; Galr1","eye","RR-3","GLDS-194","Stat_(Space Flight)v(Ground Control)",1,"flight_positive"
"REACTOME_PERK_REGULATES_GENE_EXPRESSION",0.277777777777778,0.451546391752577,0.11101149245045,-0.319798336739261,-1.1397045098102,30,"reactome","Exosc4; Cebpb; Ddit3; Eif2s1; Nfyb; Exosc2; Exosc7; Exosc3; Exosc9; Atf4; Eif2s3x","eye","RR-3","GLDS-194","Stat_(Space Flight)v(Ground Control)",1,"flight_positive"
"REACTOME_PEROXISOMAL_LIPID_METABOLISM",0.0219327568085408,0.0653577731724835,0.352487857583619,-0.448959072673708,-1.55951295644921,28,"reactome","Scp2; Acbd5; Nudt19; Ehhadh; Acaa1a; Decr2; Hacl1; Acbd4; Mlycd; Aldh3a2; Amacr; Hsd17b4; Acot8; Acoxl; Hao2","eye","RR-3","GLDS-194","Stat_(Space Flight)v(Ground Control)",1,"flight_positive"
"REACTOME_PEROXISOMAL_PROTEIN_IMPORT",0.00249822622971083,0.0120878062362519,0.431707695803346,-0.397528880728751,-1.6796239113711,63,"reactome","Uba52; Scp2; Paox; Rps27a; Mpv17; Nudt19; Dhrs4; Pex2; Ephx2; Pex26; Idh1; Pex5; Ech1; Lonp2; Ehhadh; Acaa1a; Decr2; Tysnd1; Pex14; Hacl1; Hmgcl","eye","RR-3","GLDS-194","Stat_(Space Flight)v(Ground Control)",1,"flight_positive"
"REACTOME_PHASE_0_RAPID_DEPOLARISATION",0.0933609958506224,0.210350391885662,0.211400189384923,0.38478822492464,1.35878164986033,31,"reactome","Camk2a; Camk2d; Scn4a; Cacna1c; Cacng6; Cacng4; Cacna2d2; Scn7a; Scn8a; Scn9a; Cacnb2; Cacng8","eye","RR-3","GLDS-194","Stat_(Space Flight)v(Ground Control)",1,"flight_positive"
"REACTOME_PHASE_2_PLATEAU_PHASE",0.122950819672131,0.254501224085035,0.181383128498408,0.466812894075527,1.34441161710674,15,"reactome","Akap9; Cacna1c; Cacng6; Cacng4; Cacna2d2; Cacnb2; Cacng8; Cacnb1","eye","RR-3","GLDS-194","Stat_(Space Flight)v(Ground Control)",1,"flight_positive"
"REACTOME_PHASE_4_RESTING_MEMBRANE_POTENTIAL",0.940711462450593,0.970856787354759,0.047925896705813,-0.205846498837789,-0.605937796313808,16,"reactome","Kcnk10; Kcnk7; Kcnk12","eye","RR-3","GLDS-194","Stat_(Space Flight)v(Ground Control)",1,"flight_positive"
"REACTOME_PHASE_II_CONJUGATION_OF_COMPOUNDS",0.115009746588694,0.244173883429016,0.183023938384487,-0.281440969407679,-1.24627278711161,80,"reactome","Slc35b2; Sult4a1; Acsm2; Podxl2; Chac1; Ahcy; Gclc; Akr1a1; As3mt; Tpst1; Papss1; Sult1a1; Esd; Ggt6; Tpst2; Slc35b3; Ggt1; Abhd10; Bpnt1; Comt; Gstt2; Gstz1; Cndp2; Ggct; Ugt3a2; Mgst3; Trmt112; Nat2; Gss; Chac2; Gsta3; Sult1c2; Mat2b; Gstm5; Gstk1; Ggt7","eye","RR-3","GLDS-194","Stat_(Space Flight)v(Ground Control)",1,"flight_positive"
"REACTOME_PHASE_I_FUNCTIONALIZATION_OF_COMPOUNDS",0.736196319018405,0.822586703393014,0.0609039347452418,0.194216315003002,0.857969371397373,80,"reactome","Cyp26b1; Ncoa2; Cyp2b19; Ncoa1; Arnt; Cyp4f14; Cyp39a1; Cyp27b1; Ahr; Aoc3; Cyp3a57","eye","RR-3","GLDS-194","Stat_(Space Flight)v(Ground Control)",1,"flight_positive"
"REACTOME_PHOSPHOLIPASE_C_MEDIATED_CASCADE_FGFR2",0.215953307392996,0.386558944565481,0.129442887745046,-0.427543623513196,-1.24160278699501,15,"reactome","Fgf1; Fgf17; Fgf10; Fgf8; Fgf22; Fgf5; Fgfr2; Fgf9","eye","RR-3","GLDS-194","Stat_(Space Flight)v(Ground Control)",1,"flight_positive"
"REACTOME_PHOSPHOLIPID_METABOLISM",0.0548641637097967,0.13938807253417,0.321775918075361,0.250334483459131,1.2689989191376,200,"reactome","Csnk2a2; Plekha5; Phospho1; Sbf2; Ptdss2; Rab14; Mtm1; Pi4k2a; Synj1; Pitpnm2; Inpp4a; Plekha6; Pik3r4; Etnk1; Pnpla2; Mboat2; Miga1; Inpp5j; Inpp5e; Lpgat1; Pitpnb; Pi4k2b; Pitpnm3; Mtmr10; Pten; Ddhd1; Synj2; Lclat1; Vac14; Tmem86b; Stard7; Dgat2l6; Pcyt1b; Gdpd5; Pik3r5; Pla2g4b; Pik3cb; Pik3c2b; Pla2r1; Pla2g15; Pi4ka; Slc44a5; Slc44a1; Cpne1; Pik3r6; Pla2g2e; Acp6; Chka; Cds2","eye","RR-3","GLDS-194","Stat_(Space Flight)v(Ground Control)",1,"flight_positive"
"REACTOME_PHOSPHORYLATED_BMAL1_CLOCK_ARNTL_CLOCK_ACTIVATES_EXPRESSION_OF_CORE_CLOCK_GENES",0.01677428373291,0.0529332584655231,0.352487857583619,0.50766225360144,1.65282747878249,22,"reactome","Kmt2a; Crebbp; Clock; Crtc1; Per1; Rora; Npas2; Nr1d1","eye","RR-3","GLDS-194","Stat_(Space Flight)v(Ground Control)",1,"flight_positive"
"REACTOME_PHOSPHORYLATION_OF_THE_APC_C",0.187258687258687,0.346951374870157,0.139599673451922,-0.391656580883413,-1.24079629757419,20,"reactome","Anapc15; Cdc26; Anapc11; Cdc16; Ube2s; Plk1; Cdc23; Cdk1; Anapc16; Anapc5","eye","RR-3","GLDS-194","Stat_(Space Flight)v(Ground Control)",1,"flight_positive"
"REACTOME_PI3K_AKT_SIGNALING_IN_CANCER",0.146694214876033,0.292054845980466,0.165656695205483,0.255313724136026,1.19311631550866,108,"reactome","Foxo1; Gab1; Pdgfrb; Frs2; Rictor; Gsk3b; Foxo4; Pten; Grb2; Mtor; Foxo3; Irs1; Irs2; Cd19; Pik3r5; Fgfr1; Pik3cb; Cd86; Pik3r6; Pdgfra; Rac2; Nrg4; Strn; Trat1; Lck; Tgfa; Pdgfb; Rhog; Kitl; Nrg3; Tsc2; Egf; Nrg1; Cdkn1a; Kl; Fgf2; Foxo6; Creb1; Kit; Erbb4; Fgf15; Fgfr4","eye","RR-3","GLDS-194","Stat_(Space Flight)v(Ground Control)",1,"flight_positive"
"REACTOME_PI3K_EVENTS_IN_ERBB2_SIGNALING",0.25,0.423106646058733,0.121543282035469,0.396176871543793,1.16787579518962,16,"reactome","Gab1; Grb2; Nrg4; Nrg3; Egf; Nrg1; Erbb4; Erbb2","eye","RR-3","GLDS-194","Stat_(Space Flight)v(Ground Control)",1,"flight_positive"
"REACTOME_PINK1_PRKN_MEDIATED_MITOPHAGY",0.0196324387404748,0.0597153345022774,0.352487857583619,-0.428774756996717,-1.55342377472146,32,"reactome","Tomm22; Uba52; Rps27a; Tomm7; Tomm5; Vdac2; Atg5; Map1lc3a; Ube2l3; Sqstm1; Ube2v1; Vdac1; Vdac3; Pink1; Ubb; Tomm20; Tomm6; Atg12; Map1lc3b","eye","RR-3","GLDS-194","Stat_(Space Flight)v(Ground Control)",1,"flight_positive"
"REACTOME_PIWI_INTERACTING_RNA_PIRNA_BIOGENESIS",0.0935672514619883,0.210361168032787,0.204294756516886,-0.392886039919846,-1.33941644741629,26,"reactome","Polr2h; Polr2f; Tdrd9; Tdrd1; Polr2i; Mael; Tdrd12; Polr2l; Polr2k; Hsp90aa1; Polr2j; Mybl1; Polr2g; Polr2c; Polr2d","eye","RR-3","GLDS-194","Stat_(Space Flight)v(Ground Control)",1,"flight_positive"
"REACTOME_PI_3K_CASCADE_FGFR1",0.541322314049587,0.67772828310166,0.0766746872490091,0.309500566099812,0.932730369629703,18,"reactome","Gab1; Frs2; Grb2; Fgfr1","eye","RR-3","GLDS-194","Stat_(Space Flight)v(Ground Control)",1,"flight_positive"
"REACTOME_PI_3K_CASCADE_FGFR2",0.628099173553719,0.740793010752688,0.069119845655101,0.274302086882204,0.855874855019373,20,"reactome","Gab1; Frs2; Grb2","eye","RR-3","GLDS-194","Stat_(Space Flight)v(Ground Control)",1,"flight_positive"
"REACTOME_PI_3K_CASCADE_FGFR3",0.356854838709677,0.530626090327583,0.0985499803531691,0.367684782160294,1.08388497206129,16,"reactome","Gab1; Frs2; Grb2","eye","RR-3","GLDS-194","Stat_(Space Flight)v(Ground Control)",1,"flight_positive"
"REACTOME_PI_3K_CASCADE_FGFR4",0.443991853360489,0.60619835340366,0.0865399737444125,0.338875176429409,1.00551609465927,17,"reactome","Gab1; Frs2; Grb2","eye","RR-3","GLDS-194","Stat_(Space Flight)v(Ground Control)",1,"flight_positive"
"REACTOME_PI_METABOLISM",0.00567172129931957,0.0230874900474161,0.407017918923954,0.354708976339028,1.57236563730651,81,"reactome","Plekha5; Sbf2; Rab14; Mtm1; Pi4k2a; Synj1; Inpp4a; Plekha6; Pik3r4; Inpp5j; Inpp5e; Pitpnb; Pi4k2b; Mtmr10; Pten; Synj2; Vac14; Gdpd5; Pik3r5; Pik3cb; Pik3c2b","eye","RR-3","GLDS-194","Stat_(Space Flight)v(Ground Control)",1,"flight_positive"
"REACTOME_PKA_ACTIVATION_IN_GLUCAGON_SIGNALLING",0.858870967741935,0.914847966612276,0.0530212512043078,0.238255074736061,0.702343712748968,16,"reactome","Prkar2a; Adcy4; Adcy1; Adcy5; Prkaca; Adcy6; Adcy8; Gnas; Prkar1a; Adcy3; Prkacb; Prkar1b; Adcy2; Adcy7; Adcy9","eye","RR-3","GLDS-194","Stat_(Space Flight)v(Ground Control)",1,"flight_positive"
"REACTOME_PKA_MEDIATED_PHOSPHORYLATION_OF_CREB",0.887234042553191,0.930575935436537,0.0540088272801684,0.220526245192718,0.672976623523459,19,"reactome","Prkar2a; Nbea; Prkx; Adcy4; Creb1; Adcy1; Adcy5; Prkaca; Adcy6","eye","RR-3","GLDS-194","Stat_(Space Flight)v(Ground Control)",1,"flight_positive"
"REACTOME_PKMTS_METHYLATE_HISTONE_LYSINES",0.0601659751037344,0.148382303465291,0.266350657088526,0.336681923851402,1.4121180603318,63,"reactome","Atf7ip; Setd1a; Kmt2a; Setd1b; Nsd3; Kmt2c; Nsd1; Aebp2; Kmt2d; Ash1l; Setdb2; Dot1l; Prdm9; H3c15; Kmt5a; Setd2; Kmt5b; Suz12","eye","RR-3","GLDS-194","Stat_(Space Flight)v(Ground Control)",1,"flight_positive"
"REACTOME_PKR_MEDIATED_SIGNALING",0.00430892217166403,0.0184307413202036,0.407017918923954,-0.398327969733721,-1.70814219588627,67,"reactome","Cenpx; Faap20; Fancl; Tubb3; Tuba1c; Npm1; Nck1; Tubb4b; Tuba1b; Isg15; Ppp2r1a; Eif2s1; Stat1; Snca; Prkra; Tubb2a; Fancc; Ppp2cb; Tuba8; Sumo1; Ube2i; Tubb2b; Ppp2ca; Fancb; Tuba1a; Hspa8; Fancf; Tarbp2; Tuba4a","eye","RR-3","GLDS-194","Stat_(Space Flight)v(Ground Control)",1,"flight_positive"
"REACTOME_PLASMA_LIPOPROTEIN_ASSEMBLY",0.446183953033268,0.607675906183369,0.0840745577910723,-0.337392128076663,-1.0110287422131,17,"reactome","A2m; Apoe; P4hb; Apoc4","eye","RR-3","GLDS-194","Stat_(Space Flight)v(Ground Control)",1,"flight_positive"
"REACTOME_PLASMA_LIPOPROTEIN_ASSEMBLY_REMODELING_AND_CLEARANCE",0.727095516569201,0.815640066159134,0.059221919380382,-0.203328466412598,-0.864835398541767,66,"reactome","Nr1h3; Uba52; Rps27a; Clta; Cidec; Amn; A2m; Apoe; Ap2s1; P4hb; Apoc4; Creb3l3; Ldlr; Pltp; Ap2a2; Angptl3; Lsr; Ubb; Angptl4; Lmf2","eye","RR-3","GLDS-194","Stat_(Space Flight)v(Ground Control)",1,"flight_positive"
"REACTOME_PLASMA_LIPOPROTEIN_CLEARANCE",0.367704280155642,0.534264410946497,0.0946646223153342,-0.283086288220456,-1.05018017625614,35,"reactome","Nr1h3; Uba52; Rps27a; Clta; Amn; Apoe; Ap2s1; Apoc4; Ldlr; Ap2a2; Lsr; Ubb","eye","RR-3","GLDS-194","Stat_(Space Flight)v(Ground Control)",1,"flight_positive"
"REACTOME_PLASMA_LIPOPROTEIN_REMODELING",0.870636550308008,0.917562100661472,0.0532386494755899,0.204340058930203,0.708758955611922,28,"reactome","Mbtps2; Mbtps1; Lpl; Lcat; Furin; Pcsk6; Gpihbp1; Apob; Abcg1","eye","RR-3","GLDS-194","Stat_(Space Flight)v(Ground Control)",1,"flight_positive"
"REACTOME_PLATELET_ACTIVATION_SIGNALING_AND_AGGREGATION",0.517786561264822,0.666247102920071,0.0766746872490091,-0.186337816906567,-0.981111533815993,251,"reactome","Adra2c; Vti1b; Rapgef4; Trf; Serpine1; P2ry12; Gna15; Ptpn1; Aamp; Gng4; Gna11; Wdr1; Maged2; Ppia; Gnb2; Abhd12; Gng10; Tmsb4x; Aldoa; Cfl1; Gng8; Cyrib; Pdpn; Itga2b; Sod1; Qsox1; Tgfb3; Vav3; Sccpdh; A2m; Gngt2; Cdc42; Gngt1; Trpc6; Cfd; Cap1; Dgka; Manf; Rarres2; Calu; Gnai2; Thbs1; Selp; Calm1; Gas6; Gnb3; Fermt3; Hgf; Gnai3; Pla2g4a; Psap; Gng11; Plcg2; Habp4; Rab27b; Tex264; Gng2; Apoh; Tuba4a; Gp1bb; Fyn; Gp1ba; Crk; Lyn; Rasgrp2; Ptpn6; Anxa5; Lgals3bp; Prkcd; Timp3","eye","RR-3","GLDS-194","Stat_(Space Flight)v(Ground Control)",1,"flight_positive"
"REACTOME_PLATELET_ADHESION_TO_EXPOSED_COLLAGEN",0.642023346303502,0.747893695160245,0.0650877566917313,-0.298935856700364,-0.868120987893665,15,"reactome","Adamts13; Gp1bb; Fyn; Gp1ba; Lyn; Gp5","eye","RR-3","GLDS-194","Stat_(Space Flight)v(Ground Control)",1,"flight_positive"
"REACTOME_PLATELET_AGGREGATION_PLUG_FORMATION",0.377551020408163,0.546127301647211,0.0959206777921745,0.282481572117894,1.0403312809642,36,"reactome","Adra2a; Fn1; Vwf; Sos1; Rap1a; Grb2; Rap1b","eye","RR-3","GLDS-194","Stat_(Space Flight)v(Ground Control)",1,"flight_positive"
"REACTOME_PLATELET_CALCIUM_HOMEOSTASIS",0.642710472279261,0.747893695160245,0.0676760401641789,0.249982513748009,0.867071029992218,28,"reactome","Atp2b4; Atp2a1; Atp2b1; Atp2a2; Stim1; Slc8a2; Atp2b2; P2rx7","eye","RR-3","GLDS-194","Stat_(Space Flight)v(Ground Control)",1,"flight_positive"
"REACTOME_PLATELET_HOMEOSTASIS",0.60546875,0.727542108546475,0.0681513438679483,-0.205275309608937,-0.917951013363784,85,"reactome","Gng4; Ppp2r5b; Gnb2; Ppp2r1a; Pde5a; Gng10; Ppp2r5d; Gng8; P2rx2; Ppp2cb; Gngt2; Sri; Gngt1; Ppp2r5c; Trpc6; Kcnmb2; Ppp2ca; Calm1; Gnb3; Pde9a; Pla2g4a; Gng11; Pde1a; Gng2; Slc8a3; Ptpn6","eye","RR-3","GLDS-194","Stat_(Space Flight)v(Ground Control)",1,"flight_positive"
"REACTOME_PLATELET_SENSITIZATION_BY_LDL",0.412915851272016,0.579859629155404,0.0883594442500905,-0.349316429290126,-1.04676108524772,17,"reactome","Ppp2r5b; Ppp2r1a; Ppp2r5d; Ppp2cb; Ppp2r5c; Ppp2ca; Pla2g4a; Ptpn6","eye","RR-3","GLDS-194","Stat_(Space Flight)v(Ground Control)",1,"flight_positive"
"REACTOME_POLO_LIKE_KINASE_MEDIATED_EVENTS",0.846303501945525,0.908025372311086,0.0520570030732099,-0.250228147684589,-0.726671966235502,15,"reactome","Lin37; Lin52; Ccnb2; Plk1; Cdc25a; Lin9","eye","RR-3","GLDS-194","Stat_(Space Flight)v(Ground Control)",1,"flight_positive"
"REACTOME_POLYMERASE_SWITCHING_ON_THE_C_STRAND_OF_THE_TELOMERE",0.0109550348044095,0.0380817876534237,0.380730400722792,-0.489713085136067,-1.66951658776178,26,"reactome","Pola1; Pold2; Stn1; Rfc4; Rfc3; Ctc1; Pold4; Pcna; Terf2ip; Ten1; Chtf8; Tinf2","eye","RR-3","GLDS-194","Stat_(Space Flight)v(Ground Control)",1,"flight_positive"
"REACTOME_POSITIVE_EPIGENETIC_REGULATION_OF_RRNA_EXPRESSION",1.10208373700843e-05,0.000117163271070313,0.593325476396405,-0.446211048640365,-2.00722281936112,87,"reactome","Polr1d; Polr2h; H2ac19; Kat2b; H4c1; H2aj; H3c3; H3c7; H2ac13; H4c4; Polr2f; H3c1; H2ac20; H2bc7; Polr2l; H3c11; H4c2; H4c3; H4c12; H2ac4; Polr1c; H4c11; H2ac10; Polr2k; H2bc14; H4c18; H3f3b; Polr1e; H2bc18; H4c6; Ehmt2; H4c8; Cd3eap; Hdac2; H3c8; Polr1f; H2bc3; Taf1a; H2ax; H3c4; H2bc21; H3f3a; H4c17; Taf1d; Rbbp7; Polr1h; H2ac18; H2az2; Actb; H2bc8; H2bc4; H3c10","eye","RR-3","GLDS-194","Stat_(Space Flight)v(Ground Control)",1,"flight_positive"
"REACTOME_POSTMITOTIC_NUCLEAR_PORE_COMPLEX_NPC_REFORMATION",0.267893660531697,0.441328880700138,0.11776578836269,0.340185878499259,1.16047265405846,27,"reactome","Nup160; Pom121; Nup98; Nup155; Tnpo1; Nup188; Nup93","eye","RR-3","GLDS-194","Stat_(Space Flight)v(Ground Control)",1,"flight_positive"
"REACTOME_POST_CHAPERONIN_TUBULIN_FOLDING_PATHWAY",0.000647178748670206,0.00402648141928338,0.477270815362862,-0.647213871650127,-1.93944011179957,17,"reactome","Tubb3; Tuba1c; Arl2; Tubb4b; Tuba1b; Tbcd; Tbca; Tbcb; Tubb2a; Tuba8; Tubb2b; Tbcc; Tuba1a; Tuba4a","eye","RR-3","GLDS-194","Stat_(Space Flight)v(Ground Control)",1,"flight_positive"
"REACTOME_POST_TRANSLATIONAL_MODIFICATION_SYNTHESIS_OF_GPI_ANCHORED_PROTEINS",0.340770791075051,0.512560461850523,0.101713902282311,0.239656794182753,1.06235853349206,81,"reactome","Pigl; Mdga1; Pgap1; Rtn4rl1; Reck; Ntm; Pigb; Pigs; Pigw; Negr1; Ntng1; Ntng2","eye","RR-3","GLDS-194","Stat_(Space Flight)v(Ground Control)",1,"flight_positive"
"REACTOME_POTASSIUM_CHANNELS",0.362139917695473,0.532578865853327,0.0988903007520636,0.22885668624458,1.04436734588374,97,"reactome","Kcnh6; Kcnc3; Hcn1; Kcnk3; Abcc9; Kcnn4; Kcnj10; Kcng2; Kcna7; Kcnb2; Kcnma1; Kcnj6; Kcnn2; Kcnd1; Gng12; Kcnmb1; Kcnh1; Kcnc1; Kcnq3; Kcna3; Hcn3; Kcnn3; Kcnb1; Kcnk9","eye","RR-3","GLDS-194","Stat_(Space Flight)v(Ground Control)",1,"flight_positive"
"REACTOME_POTENTIAL_THERAPEUTICS_FOR_SARS",0.233265720081136,0.407384705462596,0.126875729929857,0.243069393398308,1.11326353232629,99,"reactome","Brd4; Arid4b; Gatad2b; Fkbp1a; Atp1b2; Rcor1; Atp1a3; Ighm; Sos1; Ap2m1; Chd4; Rock1; Grb2; Mbd3; Rock2; Hdac1; Mta1; Il1r1; Cysltr1; Rest; Il6ra; Ap2b1; Jak1; Cd79a; Furin; Itga4; Nr3c1; Atp1a1; Fntb; Fxyd2; Brms1; Cul3; Tlr9","eye","RR-3","GLDS-194","Stat_(Space Flight)v(Ground Control)",1,"flight_positive"
"REACTOME_PRC2_METHYLATES_HISTONES_AND_DNA",8.89684833507995e-06,9.94086625195158e-05,0.593325476396405,-0.517675625071531,-2.11202699833852,54,"reactome","Ezh2; H2ac19; H4c1; H2aj; H3c3; H3c7; H2ac13; H4c4; H3c1; H2ac20; H2bc7; H3c11; H4c2; H4c3; H4c12; H2ac4; H4c11; H2ac10; H2bc14; H4c18; H3f3b; H2bc18; H4c6; H4c8; Phf19; H3c8; H2bc3; H2ax; H3c4; H2bc21; H3f3a; H4c17; Rbbp7; H2ac18; H2az2; H2bc8; H2bc4; H3c10","eye","RR-3","GLDS-194","Stat_(Space Flight)v(Ground Control)",1,"flight_positive"
"REACTOME_PRESYNAPTIC_FUNCTION_OF_KAINATE_RECEPTORS",0.151162790697674,0.296197847538808,0.157402899305283,-0.404862867797638,-1.29850632559972,21,"reactome","Gng4; Gnb2; Gng10; Gng8; Gngt2; Gngt1; Gnb3; Gng11; Gng2","eye","RR-3","GLDS-194","Stat_(Space Flight)v(Ground Control)",1,"flight_positive"
"REACTOME_PRE_NOTCH_EXPRESSION_AND_PROCESSING",0.0631163708086785,0.154268808114962,0.252961123069611,-0.294037708047661,-1.32455227131427,90,"reactome","H2ac19; Kat2b; Tmed2; H4c1; H2aj; H3c3; H3c7; Poglut1; H2ac13; H4c4; H3c1; St3gal4; H2ac20; H2bc7; H3c11; H4c2; H4c3; Snw1; H4c12; H2ac4; Ccnd1; H4c11; H2ac10; H2bc14; H4c18; H3f3b; H2bc18; H4c6; H4c8; H3c8; H2bc3; H2ax; E2f1; H3c4; H2bc21; H3f3a; H4c17","eye","RR-3","GLDS-194","Stat_(Space Flight)v(Ground Control)",1,"flight_positive"
"REACTOME_PRE_NOTCH_PROCESSING_IN_GOLGI",0.175619834710744,0.331862877155172,0.150169802128406,0.423794238181558,1.27717296742697,18,"reactome","Notch1; Atp2a1; Notch2; Rfng; Atp2a2; Notch4; Furin; Lfng; Mfng; Notch3; B4galt1; Atp2a3; Sel1l","eye","RR-3","GLDS-194","Stat_(Space Flight)v(Ground Control)",1,"flight_positive"
"REACTOME_PROCESSING_OF_CAPPED_INTRONLESS_PRE_MRNA",0.258252427184466,0.431096931062286,0.116739204791222,-0.330576457693728,-1.14829680531956,28,"reactome","Pcf11; Sympk; Snrpf; Lsm10; Snrpe; Ncbp2; Cstf2; Slbp; Clp1","eye","RR-3","GLDS-194","Stat_(Space Flight)v(Ground Control)",1,"flight_positive"
"REACTOME_PROCESSING_OF_CAPPED_INTRON_CONTAINING_PRE_MRNA",0.00789480977317822,0.0303326901811584,0.380730400722792,-0.253892362734485,-1.35273717033595,277,"reactome","Prkrip1; Rbm8a; Polr2h; Snrpa1; BC005624; Snrnp25; Zmat2; Cwc22; Snrpd2; Prpf31; Snrnp27; Pcf11; Eif4e; Sf3b5; Ddx23; Dnajc8; Ybx1; Cwc15; Sympk; Lsm6; Mfap1a; Polr2f; Steep1; Bud31; Txnl4a; Snrpf; Zfp830; Polr2i; Fam32a; Eif4a3; Lsm7; Snrpn; Syf2; Ccdc12; Polr2l; Sf3b2; Ubl5; Wbp4; Snrpe; U2af1l4; Snrnp35; Bud13; Snw1; Ncbp2; Cstf2; Bcas2; Snip1; Snrpd1; Polr2k; Cactin; Lsm3; Rnps1; Nxt1; Slu7; Thoc3; Sarnp; Puf60; Zrsr2; Magoh; Plrg1; Ppih; Ppp1r8; Cwc25; Snrpa; Usp39; Rbm7; Snrpc; Lsm4; Alyref; Prpf38a; Smu1; Rae1; Chtop; Thoc7; Polr2j; Slbp; Ppie; Clp1; Rbm10; Ppil1; Ppil3; Pqbp1; Ddx39a; Sde2; Phf5a; Nup50; Hnrnpf; Prcc; Hnrnpr; Ik; Ctnnbl1; Hnrnpa1; Wtap; Nup107; Cpsf4; Thoc5; Snrnp40; Polr2g","eye","RR-3","GLDS-194","Stat_(Space Flight)v(Ground Control)",1,"flight_positive"
"REACTOME_PROCESSING_OF_DNA_DOUBLE_STRAND_BREAK_ENDS",7.43844885395963e-06,8.57379104745873e-05,0.610526878385931,-0.451531768202736,-1.99880727310819,83,"reactome","Rhno1; Tipin; Uba52; Rps27a; Abraxas1; H4c1; Chek1; H4c4; Rfc4; Kat5; Rad1; Ppp4c; Rfc3; H2bc7; H4c2; H4c3; H4c12; H4c11; Rbbp8; H2bc14; H4c18; Top3a; H2bc18; Rad9a; Uimc1; H4c6; Nsd2; H4c8; Rnf4; Wrn; Ube2i; Brip1; H2bc3; Babam1; H2ax; Rnf168; H2bc21; H4c17; Pias4; Rnf8; Rfc5; H2bc8; Ubb; H2bc4; Sumo2; H3f4; Rpa3; Rpa2","eye","RR-3","GLDS-194","Stat_(Space Flight)v(Ground Control)",1,"flight_positive"
"REACTOME_PROCESSING_OF_INTRONLESS_PRE_MRNAS",0.774436090225564,0.85398541671399,0.0545680646670941,-0.249522361669999,-0.781938910909433,19,"reactome","Pcf11; Sympk; Ncbp2; Cstf2; Clp1; Cpsf4; Nudt21","eye","RR-3","GLDS-194","Stat_(Space Flight)v(Ground Control)",1,"flight_positive"
"REACTOME_PROCESSING_OF_SMDT1",0.270750988142292,0.442496017934045,0.114750719227023,-0.394392553150914,-1.16094932820383,16,"reactome","Pmpcb; Smdt1; Micu2; Phb2; Parl; Phb; Micu1; Spg7","eye","RR-3","GLDS-194","Stat_(Space Flight)v(Ground Control)",1,"flight_positive"
"REACTOME_PROCESSIVE_SYNTHESIS_ON_THE_C_STRAND_OF_THE_TELOMERE",0.240601503759398,0.414895506482742,0.119348440591015,-0.375106551927586,-1.17548746623824,19,"reactome","Pold2; Pold4; Wrn; Pcna; Terf2ip; Tinf2; Fen1; Rpa3; Rpa2; Pold3","eye","RR-3","GLDS-194","Stat_(Space Flight)v(Ground Control)",1,"flight_positive"
"REACTOME_PROCESSIVE_SYNTHESIS_ON_THE_LAGGING_STRAND",0.278210116731518,0.451546391752577,0.111918316325105,-0.401780202420464,-1.1667848417093,15,"reactome","Pola1; Pold2; Pold4; Pcna; Fen1; Rpa3; Rpa2; Pold3; Prim1","eye","RR-3","GLDS-194","Stat_(Space Flight)v(Ground Control)",1,"flight_positive"
"REACTOME_PROGRAMMED_CELL_DEATH",3.52887784338536e-05,0.000311622680524756,0.557332238758646,-0.339587900854312,-1.72690083401165,192,"reactome","Akt3; Oma1; Flot2; Uba52; Psma7; Arhgap10; Ppp3cc; H1f5; Rps27a; H1f3; Psmc1; Flot1; Sem1; Psmd2; Psmc3; Stub1; H1f4; H1f2; Chmp4b; Bad; H1f1; Fnta; Psma5; Chmp3; Psmb6; Psmd14; Casp1; Psmd8; Psmb1; Psma1; Psmb7; Tradd; Chmp6; Chmp2a; Psmc5; Gas2; Psma2; Chmp7; Ctnnb1; Psma4; Psmb3; Casp7; H1f0; Cycs; Hsp90aa1; Hmgb1; Psma6; Psmb4; Ube2l3; Psmd3; Psmd6; Psma3; Il1a; Ywhaq; Il18; Dbnl; Trp73; Bcap31; Casp3; E2f1; Birc3; Psmd12; Psmd13; Irf1; Adrm1; Psmd1; Cd14; Ywhah; Psmc2","eye","RR-3","GLDS-194","Stat_(Space Flight)v(Ground Control)",1,"flight_positive"
"REACTOME_PROSTACYCLIN_SIGNALLING_THROUGH_PROSTACYCLIN_RECEPTOR",0.0192634079370824,0.0590852428322274,0.352487857583619,-0.522872882603748,-1.63854914497793,19,"reactome","Gng4; Gnb2; Gng10; Gng8; Gngt2; Gngt1; Gnb3; Gng11; Gng2","eye","RR-3","GLDS-194","Stat_(Space Flight)v(Ground Control)",1,"flight_positive"
"REACTOME_PROTEASOME_ASSEMBLY",1.16152727571772e-09,3.97460114659656e-08,0.788186810800237,-0.638820342066923,-2.56005841670345,51,"reactome","Psmb10; Psma7; Psme2; Psmc1; Sem1; Psmd2; Psmc3; Psme1; Pomp; Psmg3; Psma5; Psmd10; Psmb6; Psmd14; Psmd4; Psmb8; Psmd8; Psmb1; Psma1; Psmb7; Psmc5; Psma2; Psma4; Psmb3; Psma6; Psmb4; Psmd3; Psmd6; Psma3; Psmg4; Psmd12; Psmd13; Adrm1; Psmd1; Psmg1; Psmc2","eye","RR-3","GLDS-194","Stat_(Space Flight)v(Ground Control)",1,"flight_positive"
"REACTOME_PROTEIN_FOLDING",4.92199379161005e-07,8.28627919995129e-06,0.659444398037935,-0.473542812220874,-2.13865315434495,91,"reactome","Fbxw4; Gna15; Gng4; Gna11; Tubb3; Pfdn1; Hdac3; Tuba1c; Tcp1; Gnb2; Arl2; Tubb4b; Pfdn5; Cct7; Tuba1b; Tbcd; Csnk2b; Gng10; Ap3m1; Pfdn4; Tbca; Fbxo6; Gng8; Tbcb; Cct6a; Cct3; Lonp2; Tubb2a; Wrap53; Cct5; Pfdn6; Tuba8; Gngt2; Gngt1; Cct2; Fbxw2; Tubb2b; Usp11; Gnb3; Cct8; Gng11; Tbcc; Tuba1a; Gng2; Tuba4a","eye","RR-3","GLDS-194","Stat_(Space Flight)v(Ground Control)",1,"flight_positive"
"REACTOME_PROTEIN_HYDROXYLATION",0.00170793965127099,0.00878025313681564,0.45505986738723,-0.599465909188573,-1.89915123847885,20,"reactome","Rpl27a; Rps6; Rpl8; Rwdd1; Rps23; Zc3h15; Riox1; Etf1; Drg1","eye","RR-3","GLDS-194","Stat_(Space Flight)v(Ground Control)",1,"flight_positive"
"REACTOME_PROTEIN_LOCALIZATION",6.10514592019296e-11,2.57120568561973e-09,0.839088935621274,-0.46553248707727,-2.31692127387413,161,"reactome","Tomm22; Coa4; Uba52; Pmpcb; Scp2; Paox; Fis1; Acbd5; Rps27a; Timm23; Chchd4; Chchd3; Stx1a; Grpel1; Serp1; Atp5b; Mpv17; Tomm7; Nudt19; Ndufb8; Dhrs4; Pex2; Get3; Ephx2; Hscb; Atp5a1; Chchd2; Timm10; Coa6; Pex26; Sgta; Idh1; Pex5; Tomm5; Sec61b; Chchd5; Pam16; Ech1; Pex16; Timm8b; Hspd1; Lonp2; Ehhadh; Timm22; Cox17; Gfer; Hspa9; Atp5g1; Acaa1a; Decr2; Caml; Tysnd1; Slc25a4; Pex14; Timm10b; Hacl1; Hmgcl; Timm8a1; Ube2j2; Dnajc19; Get1; Mlycd; Pex11b; Cmc2; Mtx1; Pex7; Emd; Vdac1; Sec61g; Aco2; Ldhd; Idh3g; Aldh3a2; Cox19; Fxn; Amacr; Hsd17b4; Ubb; Tomm20; Cyb5a; Chchd10; Acot2; Coq2; Tomm6; Acot8; Slc25a13; Bcs1l; Gdap1; Hao2; Pxmp4; Chchd7; Timm21; Timm17b; Pex19; Phyh; Pex12; Timm17a; Timm9","eye","RR-3","GLDS-194","Stat_(Space Flight)v(Ground Control)",1,"flight_positive"
"REACTOME_PROTEIN_METHYLATION",0.0121632370656809,0.0411072363793844,0.380730400722792,-0.554202096286326,-1.66072116600453,17,"reactome","Eef1a1; Vcpkmt; Etfb; Eef2; Eef1akmt2; Rps2; Eef1akmt1; Kin; Calm1; Hspa8","eye","RR-3","GLDS-194","Stat_(Space Flight)v(Ground Control)",1,"flight_positive"
"REACTOME_PROTEIN_PROTEIN_INTERACTIONS_AT_SYNAPSES",0.0167404646124808,0.0529332584655231,0.352487857583619,0.332016643917897,1.47609434675007,84,"reactome","Ptprs; Nrxn3; Syt1; Stxbp1; Il1rap; Slitrk3; Shank2; Nlgn2; Shank1; Lrrtm4; Ppfia1; Ptprd; Slitrk2; Epb41; Epb41l5; Lrfn3; Ptprf; Homer2; Rtn3; Gria3; Dlg1; Grin1; Grin2b; Begain; Sipa1l1; Dlgap4; Slitrk1; Syt9; Grin2d; Nlgn3; Syt7; Dlg4; Dlg2; Dlgap1; Dlgap2; Nrxn2; Lrrtm1","eye","RR-3","GLDS-194","Stat_(Space Flight)v(Ground Control)",1,"flight_positive"
"REACTOME_PROTEIN_UBIQUITINATION",0.0307594146438798,0.0863629718847393,0.352487857583619,-0.332129379893634,-1.44207769124261,72,"reactome","Uba52; Rps27a; Bcl10; Ube2g2; Pex2; Cdc34; H2bc7; Pex5; Wdr61; Leo1; H2bc14; H2bc18; Usp5; Ube2s; Rad18; Pex14; Pcna; Ube2l3; Otulin; Rnf181; Ube2q2; Ube2j2; Selenos; H2bc3","eye","RR-3","GLDS-194","Stat_(Space Flight)v(Ground Control)",1,"flight_positive"
"REACTOME_PTEN_REGULATION",0.134146341463415,0.271516162481403,0.172324344900946,0.246822597797153,1.18404132787358,126,"reactome","Phc1; Csnk2a2; Atn1; Phc3; Nr2e1; Tnks; Tnrc6b; Gatad2b; Tnrc6a; Snai1; Slc38a9; Rptor; Rcor1; Psmd11; Scmh1; Ago2; Hdac7; Chd4; Ago1; Pten; Suz12; Rraga; Phc2; Mtor; Mbd3; Pml; Egr1; Hdac1; Ubc; Mta1; Rest; Tnks2; Tnrc6c; Rragc; Ago3; Mapk3; Psmc4","eye","RR-3","GLDS-194","Stat_(Space Flight)v(Ground Control)",1,"flight_positive"
"REACTOME_PURINERGIC_SIGNALING_IN_LEISHMANIASIS_INFECTION",0.0940499040307102,0.210602545835639,0.20207170902116,-0.408684370490596,-1.36571495352645,24,"reactome","Nfkb1; Casp1; Il1a; Il18; Sugt1; Txn1; Pycard; Gsdmd; Entpd1; P2rx4; Il1b","eye","RR-3","GLDS-194","Stat_(Space Flight)v(Ground Control)",1,"flight_positive"
"REACTOME_PURINE_CATABOLISM",0.513833992094862,0.663025210084034,0.0770736734944102,-0.325050141849883,-0.956830297119689,16,"reactome","Nudt15; Nudt9; Nt5c; Nudt5; Nudt16","eye","RR-3","GLDS-194","Stat_(Space Flight)v(Ground Control)",1,"flight_positive"
"REACTOME_PYROPTOSIS",0.00957450201108257,0.0350638117128275,0.380730400722792,-0.494182571324959,-1.62722654452372,23,"reactome","Chmp4b; Chmp3; Casp1; Chmp6; Chmp2a; Chmp7; Cycs; Hmgb1; Il1a; Il18; Casp3; Irf1; Bax; Gsdmd; Chmp4c; Gsdme; Il1b; Casp4","eye","RR-3","GLDS-194","Stat_(Space Flight)v(Ground Control)",1,"flight_positive"
"REACTOME_PYRUVATE_METABOLISM",0.0285587187897011,0.0808056771956659,0.352487857583619,-0.379493427890138,-1.4712465498938,44,"reactome","Maea; Uba52; Rps27a; Pkm; Ldhb; Mkln1; Pgam5; Hagh; Pdhb; Pdhx; Dlat; Mpc1; Pdp1; Pcx; Gstz1; Vdac1; Pdha1; Mpc2; Gid8; Ubb; Ldha; Glo1; Fahd1; Gid4; Pdk3","eye","RR-3","GLDS-194","Stat_(Space Flight)v(Ground Control)",1,"flight_positive"
"REACTOME_RAB_GEFS_EXCHANGE_GTP_FOR_GDP_ON_RABS",0.514619883040936,0.663025210084034,0.0762797180809272,-0.21716591312516,-0.976306321978966,88,"reactome","Akt3; Rab8a; Rab5b; Rab1b; Rab5c; Trappc6b; Rin1; Trappc3; Gdi2; Ccz1; Rab35; Rab31; Dennd1b; Trappc6a; Trappc1; Rab9b; Rab9; Trappc5; Rab3ip; Rab6a; Hps1; Rab27b; Trappc9; Trappc4; Trappc2; Mon1b; Rab3gap1; Rab3a; Rinl; Rab13; Dennd2d","eye","RR-3","GLDS-194","Stat_(Space Flight)v(Ground Control)",1,"flight_positive"
"REACTOME_RAB_GERANYLGERANYLATION",0.0108075631820425,0.0380128207626934,0.380730400722792,-0.363949643459279,-1.53774619486402,63,"reactome","Rab8a; Rab15; Rab5b; Rab20; Rab11a; Rab1b; Rab5c; Rab37; Rab24; Rab35; Rab33a; Rab31; Ptp4a2; Rab2a; Rab9b; Rab2b; Rab9; Rab26; Rab19; Rabggtb; Rab22a; Rab6a; Rab27b; Rab3a; Rab13; Rab33b","eye","RR-3","GLDS-194","Stat_(Space Flight)v(Ground Control)",1,"flight_positive"
"REACTOME_RAB_REGULATION_OF_TRAFFICKING",0.306238185255198,0.479044018363489,0.103958471559957,-0.224952351590128,-1.07186385034254,119,"reactome","Akt3; Rab8a; Gabarap; Rab5b; Rab11a; Arf6; Rab1b; Rab5c; Trappc6b; Tbc1d2; Rin1; Trappc3; Rabep1; Gdi2; Tbc1d10a; Ccz1; Rab35; Rab33a; Rab31; Dennd1b; Trappc6a; Trappc1; Rab9b; Rab9; Trappc5; Rab3ip; Rab6a; Hps1; Rab27b; Trappc9; Trappc4; Trappc2; Mon1b; Rab3gap1; Rab3a; Rinl; Rab13; Rab33b; Tbc1d13; Dennd2d","eye","RR-3","GLDS-194","Stat_(Space Flight)v(Ground Control)",1,"flight_positive"
"REACTOME_RAC1_GTPASE_CYCLE",1.93955753010789e-06,2.7228403788053e-05,0.627256739718528,0.381123145157722,1.91127762106217,182,"reactome","Prex1; Wasl; Dock4; Arhgap31; Wasf1; Srgap3; Srgap2; Farp2; Fam13b; Cit; Arhgap21; Arhgap33; Kalrn; Arhgap42; Arhgap17; Arhgef7; Bcr; Arhgef39; Tiam2; Sos1; Pak5; Wasf2; Fgd5; Plekhg1; Farp1; Fermt2; Arhgap35; Dock6; Cdc42ep1; Wipf2; Plekhg2; Dlc1; Als2; Abl2; Git1; Rasgrf2; Arhgef19; Nisch; Plekhg3; Arhgap23; Pkn1; Dock3; Nhs; Wipf3; Cyfip2; Arhgap29; Arhgap39; Cdc42bpa; Arhgap26; Arap3; Taok3; Snap23; Lemd3; Garre1; Plekhg4; Nckap1; Spata13; Dock7; Baiap2l1; Nox1; Rab7; Pkn2; Abi2; Sh3bp1; Mcam; Dock9; Ktn1; Cyfip1; Git2; Arhgap20; Arhgef11; Iqgap1","eye","RR-3","GLDS-194","Stat_(Space Flight)v(Ground Control)",1,"flight_positive"
"REACTOME_RAC2_GTPASE_CYCLE",0.0511247443762781,0.13354684849227,0.287857117255149,0.2983528439732,1.33450001036918,88,"reactome","Prex1; Dock4; Arhgap21; Arhgap42; Arhgap17; Bcr; Wasf2; Arhgap35; Cdc42ep1; Git1; Dock3; Samm50; Nhs; Arhgap39; Arhgap26; Taok3; Lemd3; Garre1; Nckap1; Baiap2l1; Rac2; Rab7; Abi2; Mcam; Cyfip1; Git2; Iqgap1","eye","RR-3","GLDS-194","Stat_(Space Flight)v(Ground Control)",1,"flight_positive"
"REACTOME_RAC3_GTPASE_CYCLE",0.00904298845085781,0.0336805182098276,0.380730400722792,0.334123011963853,1.51051157643512,91,"reactome","Prex1; Wasf1; Srgap2; Arhgap21; Arhgap42; Slitrk3; Arhgap17; Bcr; Wasf2; Fermt2; Arhgap35; Cdc42ep1; Abl2; Git1; Nhs; Arhgap39; Arhgap26; Arap3; Taok3; Snap23; Lemd3; Garre1; Nckap1; Baiap2l1; Nox1; Rab7; Rapgef1; Arhgap6; Abi2; Mcam","eye","RR-3","GLDS-194","Stat_(Space Flight)v(Ground Control)",1,"flight_positive"
"REACTOME_RAF_ACTIVATION",0.36231884057971,0.532578865853327,0.0992333343771191,0.298775898234448,1.0730453816869,33,"reactome","Ppp2r5e; Kras; Braf; Camk2a; Camk2d; Ywhab; Ksr1","eye","RR-3","GLDS-194","Stat_(Space Flight)v(Ground Control)",1,"flight_positive"
"REACTOME_RAF_INDEPENDENT_MAPK1_3_ACTIVATION",0.72189349112426,0.813614540466392,0.0601186142531851,-0.255114939706204,-0.826228940951642,22,"reactome","Dusp6; Jak2; Dusp4; Map2k1; Map2k2","eye","RR-3","GLDS-194","Stat_(Space Flight)v(Ground Control)",1,"flight_positive"
"REACTOME_RAP1_SIGNALLING",0.508196721311475,0.660897161325494,0.0795564677235957,0.33555959983776,0.966404805820513,15,"reactome","Ywhab; Rap1a; Rap1b; Prkg1","eye","RR-3","GLDS-194","Stat_(Space Flight)v(Ground Control)",1,"flight_positive"
"REACTOME_RAS_ACTIVATION_UPON_CA2_INFLUX_THROUGH_NMDA_RECEPTOR",0.159090909090909,0.30669814340589,0.158514105424824,0.420021120656255,1.31054604736246,20,"reactome","Kras; Camk2a; Camk2d; Actn2; Rasgrf2; Dlg1; Grin1; Grin2b; Grin2d; Rasgrf1; Dlg4; Dlg2","eye","RR-3","GLDS-194","Stat_(Space Flight)v(Ground Control)",1,"flight_positive"
"REACTOME_RAS_PROCESSING",0.16370808678501,0.314491850929098,0.152144922367565,-0.39267341394098,-1.27173320117572,22,"reactome","Uba52; Rps27a; Fnta; Arl2; Hras; Lypla1; Abhd17a; Icmt","eye","RR-3","GLDS-194","Stat_(Space Flight)v(Ground Control)",1,"flight_positive"
"REACTOME_RA_BIOSYNTHESIS_PATHWAY",0.172932330827068,0.32875156641604,0.143758989039275,-0.403652734869357,-1.26494386225308,19,"reactome","Rdh5; Rdh10; Dhrs4; Rdh13; Crabp1","eye","RR-3","GLDS-194","Stat_(Space Flight)v(Ground Control)",1,"flight_positive"
"REACTOME_RECEPTOR_TYPE_TYROSINE_PROTEIN_PHOSPHATASES",0.029125656524249,0.0819861025554052,0.352487857583619,0.501260468010881,1.52968902623338,19,"reactome","Ptprs; Il1rap; Slitrk3; Ppfia1; Ptprd; Slitrk2; Ptprf; Slitrk1","eye","RR-3","GLDS-194","Stat_(Space Flight)v(Ground Control)",1,"flight_positive"
"REACTOME_RECOGNITION_AND_ASSOCIATION_OF_DNA_GLYCOSYLASE_WITH_SITE_CONTAINING_AN_AFFECTED_PURINE",8.43933190215198e-07,1.30155893420513e-05,0.659444398037935,-0.604873435932288,-2.31005068493426,41,"reactome","H2ac19; H4c1; H2aj; H2ac13; H4c4; H2ac20; H2bc7; H4c2; H4c3; H4c12; H2ac4; H4c11; H2ac10; H2bc14; H4c18; H2bc18; H4c6; H4c8; Terf2ip; H2bc3; H2ax; Tinf2; H2bc21; H4c17; H2ac18; H2az2; H2bc8; H2bc4; H3f4; H2ac7","eye","RR-3","GLDS-194","Stat_(Space Flight)v(Ground Control)",1,"flight_positive"
"REACTOME_RECOGNITION_OF_DNA_DAMAGE_BY_PCNA_CONTAINING_REPLICATION_COMPLEX",0.00450525508053714,0.0190473139505335,0.407017918923954,-0.500669529946134,-1.78429733882387,30,"reactome","Uba52; Rps27a; Pold2; Rfc4; Rfc3; Pole3; Rbx1; Pold4; Cul4a; Rad18; Pcna; Pole4","eye","RR-3","GLDS-194","Stat_(Space Flight)v(Ground Control)",1,"flight_positive"
"REACTOME_RECRUITMENT_OF_MITOTIC_CENTROSOME_PROTEINS_AND_COMPLEXES",0.413223140495868,0.579859629155404,0.0913924325943768,0.229989891732738,1.0125301598652,79,"reactome","Pcm1; Cdk5rap2; Clasp1; Akap9; Dctn1; Tubb4a; Cep192; Csnk1d; Sfi1; Alms1; Ywhae; Ccp110; Cep290; Cep164; Cep250; Cep135; Cep63; Cntrl; Mapre1; Cep41","eye","RR-3","GLDS-194","Stat_(Space Flight)v(Ground Control)",1,"flight_positive"
"REACTOME_RECRUITMENT_OF_NUMA_TO_MITOTIC_CENTROSOMES",0.510891089108911,0.661259742995576,0.0774767547848578,-0.216347434798382,-0.965755105347449,86,"reactome","Haus1; Cetn2; Tubb3; Tuba1c; Haus6; Tubb4b; Tuba1b; Ppp2r1a; Actr1a; Ssna1; Tubb2a; Tuba8; Hsp90aa1; Tubb5; Mzt1; Haus8; Dctn2; Tubb2b; Nde1; Dctn3; Haus2; Prkar2b; Mzt2; Tuba1a; Dynll1; Sdccag8; Tuba4a","eye","RR-3","GLDS-194","Stat_(Space Flight)v(Ground Control)",1,"flight_positive"
"REACTOME_RECYCLING_PATHWAY_OF_L1",0.362348178137652,0.532578865853327,0.0978773277424561,0.280135302068141,1.06096345230685,39,"reactome","Numb; Rps6ka3; Tubb4a; Msn; Dnm3; Ap2m1; Dnm1; Sh3gl2; Cltc","eye","RR-3","GLDS-194","Stat_(Space Flight)v(Ground Control)",1,"flight_positive"
"REACTOME_REGULATED_NECROSIS",0.0122642282103554,0.0413210150471975,0.380730400722792,-0.381700840411548,-1.55727339900599,54,"reactome","Flot2; Uba52; Rps27a; Flot1; Stub1; Chmp4b; Chmp3; Casp1; Tradd; Chmp6; Chmp2a; Chmp7; Cycs; Hsp90aa1; Hmgb1; Ube2l3; Il1a; Il18; Casp3; Birc3; Irf1","eye","RR-3","GLDS-194","Stat_(Space Flight)v(Ground Control)",1,"flight_positive"
"REACTOME_REGULATION_OF_APOPTOSIS",1.25355809156693e-07,2.3666312245962e-06,0.690132458796796,-0.6392819256795,-2.4411275266882,40,"reactome","Oma1; Uba52; Psma7; Arhgap10; Rps27a; Psmc1; Sem1; Psmd2; Psmc3; Psma5; Psmb6; Psmd14; Psmd8; Psmb1; Psma1; Psmb7; Psmc5; Psma2; Psma4; Psmb3; Psma6; Psmb4; Psmd3; Psmd6; Psma3; Psmd12; Psmd13; Adrm1; Psmd1; Psmc2","eye","RR-3","GLDS-194","Stat_(Space Flight)v(Ground Control)",1,"flight_positive"
"REACTOME_REGULATION_OF_BETA_CELL_DEVELOPMENT",0.0559006211180124,0.140715356607411,0.276500599254472,0.397891751416185,1.42901722927268,33,"reactome","Mamld1; Notch1; Foxo1; Ep300; Crebbp; Rbpj; Maml1; Onecut3; Maml2; Kat2a","eye","RR-3","GLDS-194","Stat_(Space Flight)v(Ground Control)",1,"flight_positive"
"REACTOME_REGULATION_OF_CHOLESTEROL_BIOSYNTHESIS_BY_SREBP_SREBF",0.00126226816933483,0.00677541002657666,0.45505986738723,0.438657155018917,1.79220512517245,56,"reactome","Chd9; Sec24a; Mbtps2; Ncoa2; Tgs1; Nfya; Acaca; Crebbp; Ncoa1; Ncoa6; Dhcr7; Sp1; Tbl1x; Acacb; Fasn; Scd1; Mbtps1; Carm1; Insig2; Srebf1; Sec24b; Srebf2","eye","RR-3","GLDS-194","Stat_(Space Flight)v(Ground Control)",1,"flight_positive"
"REACTOME_REGULATION_OF_ENDOGENOUS_RETROELEMENTS",0.00919593927022081,0.0340902157366372,0.380730400722792,-0.318867973131001,-1.47886833301722,103,"reactome","H2ac19; H4c1; H2aj; H3c3; H3c7; H2ac13; H4c4; Dpf1; H3c1; H2ac20; H2bc7; H3c11; H4c2; Ehmt1; H4c3; H4c12; H2ac4; H4c11; H2ac10; H2bc14; H4c18; H3f3b; H2bc18; H4c6; Rbm7; Ehmt2; H4c8; Hdac2; Actl6a; Ube2i; Bcl7b; Smarce1; H3c8; H2bc3; H2ax; Bcl7c; H3c4; H2bc21; H3f3a; Trim28; H4c17; Smarcb1; Rbbp7; H2ac18; H2az2; Actb; H2bc8; H2bc4; H3c10; Sumo2","eye","RR-3","GLDS-194","Stat_(Space Flight)v(Ground Control)",1,"flight_positive"
"REACTOME_REGULATION_OF_ENDOGENOUS_RETROELEMENTS_BY_KRAB_ZFP_PROTEINS",0.0009437755380928,0.00541065033618647,0.477270815362862,-0.418156742056909,-1.7861992719425,69,"reactome","H2ac19; H4c1; H2aj; H3c3; H3c7; H2ac13; H4c4; H3c1; H2ac20; H2bc7; H3c11; H4c2; H4c3; H4c12; H2ac4; H4c11; H2ac10; H2bc14; H4c18; H3f3b; H2bc18; H4c6; H4c8; Hdac2; Ube2i; H3c8; H2bc3; H2ax; H3c4; H2bc21; H3f3a; Trim28; H4c17; Rbbp7; H2ac18; H2az2; H2bc8; H2bc4; H3c10; Sumo2","eye","RR-3","GLDS-194","Stat_(Space Flight)v(Ground Control)",1,"flight_positive"
"REACTOME_REGULATION_OF_ENDOGENOUS_RETROELEMENTS_BY_PIWI_INTERACTING_RNAS_PIRNAS",0.00128498422756711,0.00686369623993163,0.45505986738723,-0.394193867960669,-1.72679114213159,78,"reactome","H2ac19; H4c1; H2aj; H3c3; H3c7; H2ac13; H4c4; Dpf1; H3c1; H2ac20; H2bc7; H3c11; H4c2; H4c3; H4c12; H2ac4; H4c11; H2ac10; H2bc14; H4c18; H3f3b; H2bc18; H4c6; H4c8; Hdac2; Actl6a; Bcl7b; Smarce1; H3c8; H2bc3; H2ax; Bcl7c; H3c4; H2bc21; H3f3a; H4c17; Smarcb1; Rbbp7; H2ac18; H2az2; Actb; H2bc8; H2bc4; H3c10","eye","RR-3","GLDS-194","Stat_(Space Flight)v(Ground Control)",1,"flight_positive"
"REACTOME_REGULATION_OF_ENDOGENOUS_RETROELEMENTS_BY_THE_HUMAN_SILENCING_HUB_HUSH_COMPLEX",8.63299058596326e-06,9.7454893728142e-05,0.593325476396405,-0.521538049541428,-2.10104687157152,52,"reactome","H2ac19; H4c1; H2aj; H3c3; H3c7; H2ac13; H4c4; H3c1; H2ac20; H2bc7; H3c11; H4c2; Ehmt1; H4c3; H4c12; H2ac4; H4c11; H2ac10; H2bc14; H4c18; H3f3b; H2bc18; H4c6; Rbm7; Ehmt2; H4c8; H3c8; H2bc3; H2ax; H3c4; H2bc21; H3f3a; H4c17; H2ac18; H2az2; H2bc8; H2bc4; H3c10","eye","RR-3","GLDS-194","Stat_(Space Flight)v(Ground Control)",1,"flight_positive"
"REACTOME_REGULATION_OF_EXPRESSION_OF_SLITS_AND_ROBOS",6.98451148015872e-33,1.09257715296768e-30,1.48853970961455,-0.676695353274129,-3.32593259616703,148,"reactome","Rpl27a; Rpl6; Rpl26; Rps6; Rps7; Rps5; Rpl7; Rpl7a; Rpl30; Rps3a1; Rpl14; Rps4x; Uba52; Rpl39; Rpl8; Rbm8a; Rpl18a; Rpl13; Rpl36a; Psma7; Rplp1; Rps25; Rps9; Rpl3; Rpl23; Rpl32; Rpl29; Rpl17; Rpl36al; Rpl35a; Rps24; Rps29; Rps11; Rplp2; Rps19; Rps26; Rps10; Rps27a; Rpl22l1; Psmc1; Rpl9; Rpsa; Rps28; Rpl5; Rps15a; Rps20; Rpl36; Rps3; Rpl38; Sem1; Rps13; Rps17; Psmd2; Rpl37a; Rpl21; Rps16; Psmc3; Rpl27; Rpl19; Rpl10; Rpl35; Rps14; Rpl24; Rps12; Rpl4; Rpl22; Rpl18; Rps27; Rps21; Psma5; Rps2; Rps15; Rps23; Psmb6; Psmd14; Fau; Rpl13a; Eif4a3; Psmd8; Upf3a; Psmb1; Rpl31; Psma1; Rps18; Psmb7; Ncbp2; Elob; Rplp0; Rbx1; Rnps1; Psmc5; Psma2; Psma4; Magoh; Rpl12; Psmb3; Rpl15; Psma6; Psmb4; Etf1; Psmd3; Psmd6; Psma3; Rpl10a","eye","RR-3","GLDS-194","Stat_(Space Flight)v(Ground Control)",1,"flight_positive"
"REACTOME_REGULATION_OF_FZD_BY_UBIQUITINATION",0.374485596707819,0.542409693644262,0.096887770327544,0.331461134568807,1.05955696698428,21,"reactome","Fzd5; Znrf3; Lgr5; Lrp6; Ubc","eye","RR-3","GLDS-194","Stat_(Space Flight)v(Ground Control)",1,"flight_positive"
"REACTOME_REGULATION_OF_GENE_EXPRESSION_IN_BETA_CELLS",0.250972762645914,0.423524417471149,0.118815039412263,-0.411749924656614,-1.19573729061324,15,"reactome","Akt3; Foxa3; Ins2; Pax6","eye","RR-3","GLDS-194","Stat_(Space Flight)v(Ground Control)",1,"flight_positive"
"REACTOME_REGULATION_OF_GLUCOKINASE_BY_GLUCOKINASE_REGULATORY_PROTEIN",0.00441812454813081,0.0187513425589273,0.407017918923954,0.499584815458524,1.76415658230406,31,"reactome","Nup160; Pom121; Nup98; Nup153; Nup214; Gckr; Nup155; Tpr; Nup188; Ranbp2; Nup93","eye","RR-3","GLDS-194","Stat_(Space Flight)v(Ground Control)",1,"flight_positive"
"REACTOME_REGULATION_OF_HOMOTYPIC_CELL_CELL_ADHESION",0.000342795084137236,0.00230282587196486,0.49849310876659,0.575527501426124,2.01617367384788,30,"reactome","Amot; Tnrc6b; Tnrc6a; Snai1; Ago2; Sp1; Ago1; Adam19; Sox10; Ctnnd1; Prdm8; Tnrc6c; Ago3; Cdh11; Cdh8; Heyl; Zc3h12a","eye","RR-3","GLDS-194","Stat_(Space Flight)v(Ground Control)",1,"flight_positive"
"REACTOME_REGULATION_OF_HSF1_MEDIATED_HEAT_SHOCK_RESPONSE",0.545454545454545,0.680265065230897,0.0762797180809272,0.214526149529733,0.944451057575265,79,"reactome","Nup160; Pom121; Nup98; Nup153; Nup214; Gsk3b; Nup155; Atm; Tpr; Nup188; Ywhae; Bag3; Ranbp2; Hsph1; Nup93; Atr; Hspa12b; Mapk3; Hspa1l; Hsf1","eye","RR-3","GLDS-194","Stat_(Space Flight)v(Ground Control)",1,"flight_positive"
"REACTOME_REGULATION_OF_INSULIN_LIKE_GROWTH_FACTOR_IGF_TRANSPORT_AND_UPTAKE_BY_INSULIN_LIKE_GROWTH_FACTOR_BINDING_PROTEINS_IGFBPS",0.915983606557377,0.953424001121985,0.0508054139066364,0.16919071934363,0.785548278054652,103,"reactome","Fn1; Cdh2; Adam10; Wfs1; Serpinc1; Hrc; Pappa2; Pnpla2; Igf2; Lamc1; Mbtps1","eye","RR-3","GLDS-194","Stat_(Space Flight)v(Ground Control)",1,"flight_positive"
"REACTOME_REGULATION_OF_INSULIN_SECRETION",0.169734151329243,0.324361074529706,0.152144922367565,0.275042286916682,1.19975752851286,76,"reactome","Adra2a; Prkca; Cacna1e; Prkar2a; Stxbp1; Ahcyl1; Vamp2; Kcng2; Cacna1d; Cacna1c; Rap1a; Acsl4; Cacna2d2; Gnaq; Marcks; Cacna1a","eye","RR-3","GLDS-194","Stat_(Space Flight)v(Ground Control)",1,"flight_positive"
"REACTOME_REGULATION_OF_KIT_SIGNALING",0.475806451612903,0.633829762185072,0.0822054920415869,0.337634747966185,0.995301538497474,16,"reactome","Prkca; Cbl; Sos1; Grb2; Lck; Kitl; Sh2b3","eye","RR-3","GLDS-194","Stat_(Space Flight)v(Ground Control)",1,"flight_positive"
"REACTOME_REGULATION_OF_LIPID_METABOLISM_BY_PPARALPHA",0.000644357884421323,0.00402648141928338,0.477270815362862,0.367952576246982,1.73647296360181,113,"reactome","Chd9; Ncoa2; Tgs1; Nfya; Ncor2; Ep300; Crebbp; Ncoa1; Clock; Ppargc1b; Ncoa6; Med12; Med13; Med15; Arnt; Med24; Tiam2; Trib3; Ncoa3; Rora; Sp1; Npas2; Tbl1x; Med13l; Ppargc1a; Nr1d1; Ahr; Med14; Carm1; Ncor1; Srebf1; Abca1; Me1; Fhl2; Srebf2; Ankrd1; Med25; Cpt1a; Agt; Pparg","eye","RR-3","GLDS-194","Stat_(Space Flight)v(Ground Control)",1,"flight_positive"
"REACTOME_REGULATION_OF_MECP2_EXPRESSION_AND_ACTIVITY",4.78449346930572e-05,0.000399925217472501,0.557332238758646,0.605149827177037,2.13693254450638,31,"reactome","Mecp2; Tnrc6b; Foxg1; Ncor2; Tnrc6a; Hipk2; Htt; Camk2a; Ago2; Camk2d; Tbl1x; Ago1; Ncor1; Hdac1; Tnrc6c; Ago3","eye","RR-3","GLDS-194","Stat_(Space Flight)v(Ground Control)",1,"flight_positive"
"REACTOME_REGULATION_OF_MITF_M_DEPENDENT_GENES_INVOLVED_IN_APOPTOSIS",0.00455290292424943,0.0191747257771274,0.407017918923954,0.589394837782377,1.77623734854593,18,"reactome","Tnrc6b; Tnrc6a; Dicer1; Ago2; Ago1; Trpm1; Hdac1; Tnrc6c; Ago3; Pou3f2; Bcl2; Sin3a; Mov10","eye","RR-3","GLDS-194","Stat_(Space Flight)v(Ground Control)",1,"flight_positive"
"REACTOME_REGULATION_OF_MITF_M_DEPENDENT_GENES_INVOLVED_IN_CELL_CYCLE_AND_PROLIFERATION",0.332644628099174,0.504589902734676,0.104343952581949,0.361360790358567,1.0890196028014,18,"reactome","Tcf7l2; Lef1; Tcf7; Hdac1; Tbx2; Sin3a; Cdkn1a; Cdk2; Cdc25b; Cdkn2a","eye","RR-3","GLDS-194","Stat_(Space Flight)v(Ground Control)",1,"flight_positive"
"REACTOME_REGULATION_OF_MITF_M_DEPENDENT_GENES_INVOLVED_IN_LYSOSOME_BIOGENESIS_AND_AUTOPHAGY",0.234833659491194,0.409463148316651,0.12384217120105,-0.405517118543353,-1.21517198591429,17,"reactome","Atp6v0e; Atp6v1e1; Atp6v1g1; Atp6v1f","eye","RR-3","GLDS-194","Stat_(Space Flight)v(Ground Control)",1,"flight_positive"
"REACTOME_REGULATION_OF_MITF_M_DEPENDENT_GENES_INVOLVED_IN_PIGMENTATION",0.125,0.256801125703565,0.179782316298324,0.327061605456317,1.26284502133585,42,"reactome","Arid1b; Arid1a; Myo5a; Tfap2a; Mlph; Lef1; Smarcd1; Smarca4; Sox10; Dpf2; Bcl7a; Smarcc1","eye","RR-3","GLDS-194","Stat_(Space Flight)v(Ground Control)",1,"flight_positive"
"REACTOME_REGULATION_OF_MRNA_STABILITY_BY_PROTEINS_THAT_BIND_AU_RICH_ELEMENTS",0.00627894607587629,0.0247318199751243,0.407017918923954,-0.376295173692436,-1.6375596693269,73,"reactome","Exosc4; Uba52; Psma7; Rps27a; Psmc1; Sem1; Psmd2; Psmc3; Mapkapk2; Psma5; Psmb6; Psmd14; Set; Psmd8; Psmb1; Psma1; Psmb7; Psmc5; Psma2; Psma4; Psmb3; Exosc2; Psma6; Psmb4; Mapk11; Psmd3; Psmd6; Anp32a; Exosc7; Psma3; Psmd12; Psmd13; Adrm1; Psmd1; Psmc2; Hspa8; Exosc3; Exosc9","eye","RR-3","GLDS-194","Stat_(Space Flight)v(Ground Control)",1,"flight_positive"
"REACTOME_REGULATION_OF_NF_KAPPA_B_SIGNALING",0.727799227799228,0.815640066159134,0.0587185879555941,-0.263884729017563,-0.811849558589715,18,"reactome","Uba52; Rps27a","eye","RR-3","GLDS-194","Stat_(Space Flight)v(Ground Control)",1,"flight_positive"
"REACTOME_REGULATION_OF_ORNITHINE_DECARBOXYLASE_ODC",2.25016779963007e-09,7.24686394292625e-08,0.774939030136436,-0.680094903193103,-2.55209078598028,38,"reactome","Psma7; Odc1; Psmc1; Sem1; Oaz2; Psmd2; Psmc3; Oaz1; Psma5; Psmb6; Psmd14; Psmd8; Psmb1; Psma1; Psmb7; Psmc5; Psma2; Psma4; Nqo1; Psmb3; Psma6; Psmb4; Psmd3; Psmd6; Psma3; Psmd12; Psmd13; Adrm1; Psmd1; Psmc2","eye","RR-3","GLDS-194","Stat_(Space Flight)v(Ground Control)",1,"flight_positive"
"REACTOME_REGULATION_OF_PLK1_ACTIVITY_AT_G2_M_TRANSITION",0.380165289256198,0.547945031497663,0.096240602328129,0.231701116896482,1.03175698697805,87,"reactome","Pcm1; Cdk5rap2; Clasp1; Akap9; Dctn1; Ppp1r12b; Tubb4a; Bora; Cep192; Btrc; Csnk1d; Sfi1; Alms1; Ywhae; Ubc; Ccp110; Cep290; Cep164; Cep250; Cep135; Cep63; Cntrl; Mapre1; Cep41","eye","RR-3","GLDS-194","Stat_(Space Flight)v(Ground Control)",1,"flight_positive"
"REACTOME_REGULATION_OF_PTEN_GENE_TRANSCRIPTION",0.000672773009505895,0.00413868789555593,0.477270815362862,0.438840614615231,1.82771816458276,61,"reactome","Phc1; Atn1; Phc3; Nr2e1; Gatad2b; Snai1; Slc38a9; Rptor; Rcor1; Scmh1; Hdac7; Chd4; Pten; Suz12; Rraga; Phc2; Mtor; Mbd3; Egr1; Hdac1; Mta1; Rest; Rragc; Mapk3; Pparg; Sall4; Cbx4","eye","RR-3","GLDS-194","Stat_(Space Flight)v(Ground Control)",1,"flight_positive"
"REACTOME_REGULATION_OF_PTEN_STABILITY_AND_ACTIVITY",1.17995642532573e-05,0.000124235796704969,0.593325476396405,-0.517419565124195,-2.11263287472051,56,"reactome","Akt3; Uba52; Psma7; Rps27a; Psmc1; Sem1; Psmd2; Psmc3; Stub1; Psma5; Psmb6; Psmd14; Mkrn1; Trim27; Psmd8; Csnk2b; Psmb1; Psma1; Rnf146; Psmb7; Psmc5; Psma2; Psma4; Psmb3; Psma6; Psmb4; Psmd3; Psmd6; Psma3; Otud3; Psmd12; Psmd13; Adrm1; Psmd1; Psmc2","eye","RR-3","GLDS-194","Stat_(Space Flight)v(Ground Control)",1,"flight_positive"
"REACTOME_REGULATION_OF_PYRUVATE_METABOLISM",0.10536398467433,0.228010994502749,0.190023305279108,-0.366276761914208,-1.32699749880537,32,"reactome","Maea; Uba52; Rps27a; Pkm; Mkln1; Pgam5; Pdhb; Pdhx; Dlat; Pdp1; Gstz1; Pdha1; Gid8; Ubb; Ldha","eye","RR-3","GLDS-194","Stat_(Space Flight)v(Ground Control)",1,"flight_positive"
"REACTOME_REGULATION_OF_RAS_BY_GAPS",0.00177530722230754,0.00905913595199324,0.45505986738723,-0.428874265582169,-1.74735805452737,55,"reactome","Uba52; Psma7; Rps27a; Psmc1; Sem1; Psmd2; Psmc3; Psma5; Psmb6; Psmd14; Psmd8; Psmb1; Psma1; Psmb7; Hras; Rbx1; Psmc5; Psma2; Psma4; Psmb3; Psma6; Psmb4; Psmd3; Psmd6; Psma3; Psmd12; Psmd13; Adrm1; Psmd1; Psmc2","eye","RR-3","GLDS-194","Stat_(Space Flight)v(Ground Control)",1,"flight_positive"
"REACTOME_REGULATION_OF_RUNX1_EXPRESSION_AND_ACTIVITY",0.00697708527054325,0.027188286018665,0.407017918923954,0.567741304249893,1.68461149925814,17,"reactome","Tnrc6b; Tnrc6a; Ago2; Ago1; Pml; Tnrc6c; Ago3; Cdk6","eye","RR-3","GLDS-194","Stat_(Space Flight)v(Ground Control)",1,"flight_positive"
"REACTOME_REGULATION_OF_RUNX2_EXPRESSION_AND_ACTIVITY",9.13302857207005e-06,0.000100006662864167,0.593325476396405,-0.522629903460644,-2.13390677466543,56,"reactome","Uba52; Psma7; Esrra; Rps27a; Psmc1; Sem1; Psmd2; Psmc3; Stub1; Skp1; Psma5; Psmb6; Psmd14; Psmd8; Psmb1; Psma1; Psmb7; Stat1; Rbx1; Psmc5; Psma2; Psma4; Psmb3; Psma6; Psmb4; Psmd3; Psmd6; Psma3; Cul1; Psmd12; Psmd13; Adrm1; Psmd1; Psmc2","eye","RR-3","GLDS-194","Stat_(Space Flight)v(Ground Control)",1,"flight_positive"
"REACTOME_REGULATION_OF_RUNX3_EXPRESSION_AND_ACTIVITY",5.77109647392834e-06,7.02150070994615e-05,0.610526878385931,-0.553701061471063,-2.16842439426474,45,"reactome","Uba52; Psma7; Rps27a; Psmc1; Sem1; Psmd2; Psmc3; Psma5; Psmb6; Psmd14; Psmd8; Psmb1; Psma1; Psmb7; Psmc5; Psma2; Psma4; Psmb3; Psma6; Psmb4; Psmd3; Psmd6; Psma3; Psmd12; Psmd13; Adrm1; Psmd1; Psmc2","eye","RR-3","GLDS-194","Stat_(Space Flight)v(Ground Control)",1,"flight_positive"
"REACTOME_REGULATION_OF_SIGNALING_BY_CBL",0.759368836291913,0.841608173825552,0.0577308549299813,-0.24773344929052,-0.802322849776353,22,"reactome","Uba52; Rps27a; Yes1","eye","RR-3","GLDS-194","Stat_(Space Flight)v(Ground Control)",1,"flight_positive"
"REACTOME_REGULATION_OF_TLR_BY_ENDOGENOUS_LIGAND",0.727799227799228,0.815640066159134,0.0587185879555941,-0.263861402988892,-0.811777795338577,18,"reactome","Hmgb1; Cd14; Lbp; Tlr1; Tlr7; Gsdmd; S100a1; Gsdme","eye","RR-3","GLDS-194","Stat_(Space Flight)v(Ground Control)",1,"flight_positive"
"REACTOME_REGULATION_OF_TP53_ACTIVITY",0.406570841889117,0.574994105921941,0.0919686140000427,0.207749333492494,1.01618691712971,156,"reactome","Csnk2a2; Jmy; Prdm1; Prkab2; Trp53bp2; Gatad2b; Ep300; Taf15; Prkaa2; Hipk2; Kat6a; Taf3; Mdm4; Rictor; Trp53inp1; Chd4; Kmt5a; Hipk1; Zfp385a; Ccna2; Mtor; Exo1; Mbd3; Pml; Dna2; Atm; Hdac1; Ubc; Usp2; Chek2; Phf20; Atr; Ppp1r13b; Hus1","eye","RR-3","GLDS-194","Stat_(Space Flight)v(Ground Control)",1,"flight_positive"
"REACTOME_REGULATION_OF_TP53_ACTIVITY_THROUGH_ACETYLATION",0.4875,0.643923401688782,0.0826646449123753,0.279316708713478,0.978495368819901,30,"reactome","Gatad2b; Ep300; Kat6a; Chd4; Mbd3; Pml; Hdac1","eye","RR-3","GLDS-194","Stat_(Space Flight)v(Ground Control)",1,"flight_positive"
"REACTOME_REGULATION_OF_TP53_ACTIVITY_THROUGH_METHYLATION",0.25,0.423106646058733,0.123257226381337,0.385786348120331,1.16262999972777,18,"reactome","Jmy; Ep300; Mdm4; Kmt5a; Atm; Ubc; Chek2","eye","RR-3","GLDS-194","Stat_(Space Flight)v(Ground Control)",1,"flight_positive"
"REACTOME_REGULATION_OF_TP53_ACTIVITY_THROUGH_PHOSPHORYLATION",0.20703125,0.37532983236755,0.132846300606183,-0.254944920915718,-1.14917855208912,89,"reactome","Rhno1; Uba52; Trp53rka; Rps27a; Chek1; Rfc4; Kat5; Rad1; Rfc3; Pin1; Csnk2b; Taf10; Taf12; Rbbp8; Tpx2; Noc2l; Stk11; Top3a; Prkag1; Rad9a; Wrn; Mapk11; Taf7; Brip1; Aurka","eye","RR-3","GLDS-194","Stat_(Space Flight)v(Ground Control)",1,"flight_positive"
"REACTOME_REGULATION_OF_TP53_EXPRESSION_AND_DEGRADATION",0.481113320079523,0.639257884972171,0.0808589150280032,-0.262702120611986,-0.980130450405646,37,"reactome","Akt3; Uba52; Rps27a; Ppp2r1a; Ccng1; Daxx; Ppp2cb; Rnf34; Ppp2r5c; Sgk1; Ppp2ca","eye","RR-3","GLDS-194","Stat_(Space Flight)v(Ground Control)",1,"flight_positive"
"REACTOME_REGULATION_OF_T_CELL_ACTIVATION_BY_CD28_FAMILY",0.682080924855491,0.78125377899243,0.0617054053637522,-0.212203773834389,-0.889470150492049,62,"reactome","Akt3; Them4; Ppp2r5b; Yes1; Ppp2r1a; Grap2; Ppp2r5d; Ppp2cb; Cdc42; Pak1; Ppp2r5c","eye","RR-3","GLDS-194","Stat_(Space Flight)v(Ground Control)",1,"flight_positive"
"REACTOME_REPLACEMENT_OF_PROTAMINES_BY_NUCLEOSOMES_IN_THE_MALE_PRONUCLEUS",9.22064416431849e-07,1.38579798524279e-05,0.659444398037935,-0.677245376047572,-2.32923912513142,27,"reactome","H1f8; H4c1; H4c4; H2bc7; H4c2; H4c3; H4c12; H4c11; H2bc14; H4c18; H3f3b; H2bc18; H4c6; H4c8; Mettl23; H2bc3; H2ax; H2bc21; H3f3a; H4c17; H2bc8; H2bc4","eye","RR-3","GLDS-194","Stat_(Space Flight)v(Ground Control)",1,"flight_positive"
"REACTOME_REPRODUCTION",0.000782607380627808,0.00460728538595403,0.477270815362862,-0.346494349106214,-1.65600721998132,126,"reactome","Kcnu1; Mnd1; H2ac19; BC055324; H4c1; H2aj; H3c3; H3c7; Psmc3ip; H2ac13; H4c4; Msh5; H3c1; H2ac20; H2bc7; H3c11; H4c2; Adam30; H4c3; H4c12; H2ac4; Pdpn; H4c11; H2ac10; Rbbp8; H2bc14; Eomes; H4c18; H3f3b; Top3a; H2bc18; Spo11; H4c6; H4c8; Ube2i; Terf2ip; H3c8; H2bc3; H2ax; Bmp4; H3c4; Tinf2; H2bc21; H3f3a; H4c17; Catsper2; Syce1; H2ac18; H2az2; Syce2; Lmna; H2bc8; H2bc4; H3c10; H3f4; Mlh1; Rpa3; Tfap2c; Rpa2; H2ac7","eye","RR-3","GLDS-194","Stat_(Space Flight)v(Ground Control)",1,"flight_positive"
"REACTOME_RESOLUTION_OF_ABASIC_SITES_AP_SITES",0.0131660584321352,0.0437677805869758,0.380730400722792,-0.417249369332704,-1.56574952397155,38,"reactome","Pold2; Rfc4; Rfc3; Adprs; Apex1; Pole3; Polb; Pold4; Nthl1; Pcna; Pole4; Parp1; Parg; Fen1; Rfc5; Rpa3; Rpa2","eye","RR-3","GLDS-194","Stat_(Space Flight)v(Ground Control)",1,"flight_positive"
"REACTOME_RESOLUTION_OF_AP_SITES_VIA_THE_MULTIPLE_NUCLEOTIDE_PATCH_REPLACEMENT_PATHWAY",0.000770641271553011,0.00456136320189485,0.477270815362862,-0.567557278883504,-1.91351037708138,25,"reactome","Pold2; Rfc4; Rfc3; Adprs; Apex1; Pole3; Polb; Pold4; Pcna; Pole4; Parp1; Parg; Fen1; Rfc5; Rpa3; Rpa2; Pold3","eye","RR-3","GLDS-194","Stat_(Space Flight)v(Ground Control)",1,"flight_positive"
"REACTOME_RESOLUTION_OF_D_LOOP_STRUCTURES",0.177734375,0.334397148840206,0.144630528034484,-0.326115932501331,-1.21392661683313,36,"reactome","Spidr; Mus81; BC055324; Sem1; Kat5; Rbbp8; Top3a; Palb2; Wrn; Brip1","eye","RR-3","GLDS-194","Stat_(Space Flight)v(Ground Control)",1,"flight_positive"
"REACTOME_RESOLUTION_OF_D_LOOP_STRUCTURES_THROUGH_SYNTHESIS_DEPENDENT_STRAND_ANNEALING_SDSA",0.539961013645224,0.67772828310166,0.0738052724171275,-0.273316945413278,-0.940014572758481,27,"reactome","Sem1; Kat5; Rbbp8; Top3a; Palb2; Wrn; Brip1","eye","RR-3","GLDS-194","Stat_(Space Flight)v(Ground Control)",1,"flight_positive"
"REACTOME_RESOLUTION_OF_SISTER_CHROMATID_COHESION",0.0831758034026465,0.191701680672269,0.213927855492356,-0.266699534166935,-1.27120134485324,117,"reactome","BC055324; Tubb3; Ppp2r5b; Tuba1c; Rps27; Tubb4b; Spc24; Nudc; Tuba1b; Zwint; Ppp2r1a; Wapl; Mis12; Pmf1; Ndel1; Ppp2r5d; Cdca8; Cenpc1; Tubb2a; Cenph; Ppp2cb; Tuba8; Knl1; Nsl1; Bub3; Ppp2r5c; Cenpp; Tubb2b; Ppp2ca; Nde1; Dync1li1; Cenpq; Ska2; Nup107; Tuba1a; Ccnb2; Dynll1; Tuba4a; Dync1i1; Plk1; Zwilch; Spdl1; Nup43; Bub1b; Bub1; Mad1l1; Cdk1; Sec13","eye","RR-3","GLDS-194","Stat_(Space Flight)v(Ground Control)",1,"flight_positive"
"REACTOME_RESPIRATORY_ELECTRON_TRANSPORT",3.84241724328446e-21,2.33747048966471e-19,1.18665095279281,-0.594385188259439,-2.89860907649933,143,"reactome","Cox7a2l; Lyrm2; Uqcc3; Smim4; Ndufaf1; Smim20; Cox7c; Etfb; Coa3; Ndufb10; Ndufa12; Cox14; Ndufa1; Iscu; Ndufa6; Ndufb8; Uqcrfs1; Cox8a; Uqcrb; Ndufb11; Ndufa2; Ecsit; Sfxn4; Cox6b1; Higd1a; Uqcr10; Sdhd; Tmem186; Cox6c; Ndufb7; Hscb; Ndufs6; Surf1; Nfs1; Uqcr11; Ndufb3; Slc25a11; Ndufs8; Ndufa7; Tmem177; Ndufs5; Mdh1; Ndufv3; Sdhc; Sdhb; Uqcc2; Ndufb5; Ndufc1; Lyrm4; Ndufa4; Uqcrh; Ndufs3; Ndufv1; Coq10b; Sco1; Ndufa13; Ndufb6; Ndufs7; Tmem126b; Cox4i1; Timmdc1; Cox7a2; Cox17; Ndufb1; Higd2a; Rab5if; Hspa9; Pyurf; Ndufa11; Cycs; Got2; Ndufaf5; Ndufc2; Ndufv2; Cox6b2; Ndufa10; Ndufa9; Ndufa5; Ndufs2; Sdha; Ndufaf8; Tmem126a; Ndufb2; Ndufa8; Got1; Cox5b; Cox6a1; Ndufs1","eye","RR-3","GLDS-194","Stat_(Space Flight)v(Ground Control)",1,"flight_positive"
"REACTOME_RESPIRATORY_SYNCYTIAL_VIRUS_INFECTION_PATHWAY",0.361111111111111,0.532578865853327,0.096887770327544,-0.229379189693529,-1.06041407634658,102,"reactome","Med10; Uba52; Med11; Rps27a; Gpc5; Med18; Rab5b; Med8; Med28; Ppp1ca; Rab5c; Isg15; Csnk2b; Med22; Elob; Med4; Rbx1; Sec11c; Med27; Cx3cr1; Med30; Stat2; Hsp90aa1; Gpc3; Med19; Sec11a","eye","RR-3","GLDS-194","Stat_(Space Flight)v(Ground Control)",1,"flight_positive"
"REACTOME_RESPIRATORY_SYNCYTIAL_VIRUS_RSV_ATTACHMENT_AND_ENTRY",0.239175257731959,0.413086604442421,0.126253987849115,0.357804657041551,1.17577581496851,23,"reactome","Ncl; Igf1r; Sdc3; Gpc6","eye","RR-3","GLDS-194","Stat_(Space Flight)v(Ground Control)",1,"flight_positive"
"REACTOME_RESPIRATORY_SYNCYTIAL_VIRUS_RSV_GENOME_REPLICATION_TRANSCRIPTION_AND_TRANSLATION",0.50197628458498,0.655923665418321,0.0782955249944794,-0.328076204323376,-0.965737932843633,16,"reactome","Ppp1ca; Csnk2b; Sec11c; Hsp90aa1; Sec11a; Spcs1; Hspa8","eye","RR-3","GLDS-194","Stat_(Space Flight)v(Ground Control)",1,"flight_positive"
"REACTOME_RESPONSE_OF_EIF2AK1_HRI_TO_HEME_DEFICIENCY",0.143968871595331,0.288200940396503,0.161978948883402,-0.457287466621746,-1.32798002774546,15,"reactome","Ppp1r15a; Cebpb; Ddit3; Chac1; Eif2s1; Atf5; Atf4; Eif2s3x","eye","RR-3","GLDS-194","Stat_(Space Flight)v(Ground Control)",1,"flight_positive"
"REACTOME_RESPONSE_OF_EIF2AK4_GCN2_TO_AMINO_ACID_DEFICIENCY",2.35435216896537e-41,8.59338541672361e-39,1.67199671627594,-0.818747047162274,-3.70449543255824,92,"reactome","Rpl27a; Rpl6; Rpl26; Rps6; Rps7; Rps5; Rpl7; Rpl7a; Rpl30; Rps3a1; Rpl14; Rps4x; Uba52; Rpl39; Rpl8; Rpl18a; Rpl13; Rpl36a; Rplp1; Rps25; Rps9; Rpl3; Rpl23; Rpl32; Rpl29; Rpl17; Rpl36al; Rpl35a; Rps24; Rps29; Rps11; Rplp2; Rps19; Rps26; Rps10; Rps27a; Rpl22l1; Rpl9; Rpsa; Rps28; Rpl5; Rps15a; Rps20; Rpl36; Rps3; Rpl38; Rps13; Rps17; Rpl37a; Rpl21; Rps16; Rpl27; Rpl19; Rpl10; Rpl35; Rps14; Rpl24; Rps12; Rpl4; Rpl22; Rpl18; Cebpb; Rps27; Rps21; Rps2; Rps15; Rps23; Fau; Ddit3; Rpl13a; Rpl31; Rps18; Eif2s1; Impact; Rplp0","eye","RR-3","GLDS-194","Stat_(Space Flight)v(Ground Control)",1,"flight_positive"
"REACTOME_RESPONSE_OF_MTB_TO_PHAGOCYTOSIS",0.435897435897436,0.599632779281021,0.0857844408075645,-0.316074277680566,-1.02365512584569,22,"reactome","Uba52; Rps27a; Gsk3a; Trim27; Coro1a; Pgk1","eye","RR-3","GLDS-194","Stat_(Space Flight)v(Ground Control)",1,"flight_positive"
"REACTOME_RESPONSE_TO_ELEVATED_PLATELET_CYTOSOLIC_CA2",0.701960784313725,0.79984085205362,0.0611692626746689,-0.188206476198984,-0.899498892945061,126,"reactome","Vti1b; Trf; Serpine1; Wdr1; Maged2; Ppia; Tmsb4x; Aldoa; Cfl1; Cyrib; Itga2b; Sod1; Qsox1; Tgfb3; Sccpdh; A2m; Cfd; Cap1; Manf; Rarres2; Calu; Thbs1; Selp; Calm1; Gas6; Fermt3; Hgf; Psap; Habp4; Rab27b; Tex264; Apoh; Tuba4a","eye","RR-3","GLDS-194","Stat_(Space Flight)v(Ground Control)",1,"flight_positive"
"REACTOME_RETROGRADE_TRANSPORT_AT_THE_TRANS_GOLGI_NETWORK",0.4921875,0.648550315884477,0.0787113806986485,-0.25012818229529,-0.991352000028557,48,"reactome","Stx6; Scoc; M6pr; Vps52; Naa38; Vamp3; Tmf1; Sys1; Cog4; Rab9b; Rab9; Napb; Gcc1; Cog6; Rab6a; Rabepk","eye","RR-3","GLDS-194","Stat_(Space Flight)v(Ground Control)",1,"flight_positive"
"REACTOME_RET_SIGNALING",0.263157894736842,0.435942352098097,0.118287526124085,0.298453309784183,1.13033970214868,39,"reactome","Prkca; Gab1; Frs2; Sos1; Grb2; Irs2; Pik3cb","eye","RR-3","GLDS-194","Stat_(Space Flight)v(Ground Control)",1,"flight_positive"
"REACTOME_RHOA_GTPASE_CYCLE",0.0766129032258065,0.178491763898421,0.231126709673834,0.255507336391337,1.25186105036479,148,"reactome","Prex1; Arhgap31; Arhgap11a; Cit; Arhgap21; Kalrn; Arhgap42; Arhgef7; Bcr; Obscn; Farp1; Rock1; Arhgap35; Arhgef1; Dlc1; Arhgap19; Rasgrf2; Arhgef19; Cavin1; Rock2; Plekhg3; Arhgap23; Pkn1; Diaph1; Pkn3; Arhgap29; Arhgap39; Actc1; Arhgap26; Arap3; Snap23; Myo9a; Plekhg4; Daam1; Arhgef12; Arhgap6; Pkn2; Mcam; Akap13; Plekhg5; Ktn1; Faf2; C1qbp; Arhgap20; Arhgef11; Iqgap1","eye","RR-3","GLDS-194","Stat_(Space Flight)v(Ground Control)",1,"flight_positive"
"REACTOME_RHOBTB1_GTPASE_CYCLE",0.344329896907216,0.517203343091087,0.102080107662747,0.330051686922555,1.08457725056394,23,"reactome","Rbbp6; Srrm1; Stk38; Rock1; Rock2","eye","RR-3","GLDS-194","Stat_(Space Flight)v(Ground Control)",1,"flight_positive"
"REACTOME_RHOBTB2_GTPASE_CYCLE",0.571134020618557,0.698761734723262,0.0738052724171275,0.272595617833967,0.895771836413962,23,"reactome","Srrm1; Phip; Stk38; Actn1","eye","RR-3","GLDS-194","Stat_(Space Flight)v(Ground Control)",1,"flight_positive"
"REACTOME_RHOBTB_GTPASE_CYCLE",0.295081967213115,0.467705450100459,0.11146266692298,0.30019173068074,1.09945834717703,35,"reactome","Rbbp6; Srrm1; Phip; Stk38; Rock1; Actn1; Rock2","eye","RR-3","GLDS-194","Stat_(Space Flight)v(Ground Control)",1,"flight_positive"
"REACTOME_RHOB_GTPASE_CYCLE",0.181818181818182,0.339745578653428,0.147331213699377,0.27833780999511,1.19776104494638,70,"reactome","Prex1; Cit; Arhgap21; Bcr; Rock1; Arhgap35; Arhgef1; Dlc1; Cavin1; Rock2; Pkn1; Diaph1; Pkn3; Arhgap39; Actc1; Arhgap26; Snap23; Myo9a; Daam1; Arhgef12; Pkn2; Mcam; Akap13","eye","RR-3","GLDS-194","Stat_(Space Flight)v(Ground Control)",1,"flight_positive"
"REACTOME_RHOC_GTPASE_CYCLE",0.272727272727273,0.445061644763582,0.117249716749792,0.257319601504642,1.11389930340058,74,"reactome","Prex1; Cit; Arhgap21; Bcr; Rock1; Arhgap35; Arhgef1; Dlc1; Cavin1; Rock2; Pkn1; Fmnl2; Diaph1; Pkn3; Arhgap39; Arhgap26; Daam1; Arhgef12; Pkn2; Mcam; Akap13; C1qbp; Arhgef11; Iqgap1","eye","RR-3","GLDS-194","Stat_(Space Flight)v(Ground Control)",1,"flight_positive"
"REACTOME_RHOD_GTPASE_CYCLE",0.0234830972066497,0.0693099499764999,0.352487857583619,0.377241597577634,1.521768908895,53,"reactome","Steap3; Arhgap21; Plxna1; Tor1aip1; Arhgap17; Pak5; Lmnb1; Arhgap35; Actn1; Diaph2; Plxnb1; Ankfy1; Slc4a7; Diaph1; Arhgap39; Arhgap26; Lemd3; Add3; Filip1; Rab7; Mcam; Akap12","eye","RR-3","GLDS-194","Stat_(Space Flight)v(Ground Control)",1,"flight_positive"
"REACTOME_RHOF_GTPASE_CYCLE",0.0711382113821138,0.168242638149924,0.241339976815091,0.361739990034235,1.39366552237786,41,"reactome","Steap3; Srgap2; Arhgap21; Tor1aip1; Lmnb1; Farp1; Actn1; Diaph2; Slc4a7; Diaph1; Arhgap39; Snap23; Add3; Baiap2l1; Rab7; Mcam; Akap12","eye","RR-3","GLDS-194","Stat_(Space Flight)v(Ground Control)",1,"flight_positive"
"REACTOME_RHOG_GTPASE_CYCLE",0.293388429752066,0.467311974270163,0.112378519110475,0.25242994814956,1.09273270188928,74,"reactome","Prex1; Dock4; Arhgef26; Arhgap21; Kalrn; Itsn1; Arhgap35; Cdc42ep1; Plekhg3; Dock3; Arhgap39; Lemd3; Shmt2; Garre1; Arhgef16; Rab7; Mcam; Ktn1; Rhog; Cyfip1","eye","RR-3","GLDS-194","Stat_(Space Flight)v(Ground Control)",1,"flight_positive"
"REACTOME_RHOH_GTPASE_CYCLE",0.67935871743487,0.780585304922542,0.0637845390312975,0.232462336670599,0.86761170320851,37,"reactome","Ralgapa1; Pak5; Rock1; Mtr; Slc4a7; Rock2; Rab7; Lck; Csk; Tfrc; Osbpl11; Pak2","eye","RR-3","GLDS-194","Stat_(Space Flight)v(Ground Control)",1,"flight_positive"
"REACTOME_RHOJ_GTPASE_CYCLE",0.0314391643556671,0.087821135126162,0.321775918075361,0.365247996411068,1.485703308303,55,"reactome","Prex1; Wasl; Steap3; Arhgap21; Fnbp1; Arhgef7; Arhgap35; Cdc42ep1; Wipf2; Git1; Slc4a7; Cdc42bpa; Arhgap26; Snap23","eye","RR-3","GLDS-194","Stat_(Space Flight)v(Ground Control)",1,"flight_positive"
"REACTOME_RHOQ_GTPASE_CYCLE",0.000130836341642566,0.000988039959300759,0.518848077743792,0.47916691014406,1.98091117866451,59,"reactome","Prex1; Wasl; Steap3; Srgap2; Arhgap21; Arhgap33; Itsn1; Fnbp1; Arhgap17; Arhgef7; Obscn; Arhgap35; Cdc42ep1; Dlc1; Git1; Slc4a7; Plekhg3; Gopc; Cdc42bpa; Arhgap26; Snap23","eye","RR-3","GLDS-194","Stat_(Space Flight)v(Ground Control)",1,"flight_positive"
"REACTOME_RHOU_GTPASE_CYCLE",0.0219649867830812,0.0653577731724835,0.352487857583619,0.420832064475064,1.60423702454001,40,"reactome","Arhgap31; Srgap2; Peak1; Dst; Arhgef7; Usp9x; Stam2; Git1; Grb2; Cltc; Dlg5; Hgs; Sptbn1; Stam","eye","RR-3","GLDS-194","Stat_(Space Flight)v(Ground Control)",1,"flight_positive"
"REACTOME_RHOV_GTPASE_CYCLE",0.148296593186373,0.292058938019925,0.161978948883402,0.335458217752388,1.25201991784096,37,"reactome","Wasl; Peak1; Dst; Arhgef7; Zfp512b; Usp9x; Git1; Cep97; Cltc; Dlg5; Sptbn1; Ccp110; Myo9a","eye","RR-3","GLDS-194","Stat_(Space Flight)v(Ground Control)",1,"flight_positive"
"REACTOME_RHO_GTPASES_ACTIVATE_CIT",0.257446808510638,0.431096931062286,0.123257226381337,0.380325134762322,1.16063248984164,19,"reactome","Cit; Ppp1r12b; Myh10; Myh9; Kif14; Dlg4; Rhoa; Myh11; Ppp1r12a","eye","RR-3","GLDS-194","Stat_(Space Flight)v(Ground Control)",1,"flight_positive"
"REACTOME_RHO_GTPASES_ACTIVATE_FORMINS",0.296812749003984,0.468989841499802,0.109250039480711,-0.225498674642184,-1.07806275402741,130,"reactome","Tubb3; Ppp2r5b; Tuba1c; Rps27; Dvl1; Tubb4b; Spc24; Nudc; Tuba1b; Zwint; Ppp2r1a; Mis12; Pmf1; Ndel1; Ppp2r5d; Cdca8; Cenpc1; Tubb2a; Cenph; Ppp2cb; Tuba8; Knl1; Rhoc; Nsl1; Cdc42; Bub3; Ppp2r5c; Cenpp; Tubb2b; Ppp2ca; Nde1; Dync1li1; Cenpq; Ska2; Nup107; Tuba1a; Dynll1; Tuba4a; Dync1i1; Diaph3; Actb; Plk1; Zwilch; Spdl1; Nup43; Srf; Bub1b; Bub1; Mad1l1; Sec13","eye","RR-3","GLDS-194","Stat_(Space Flight)v(Ground Control)",1,"flight_positive"
"REACTOME_RHO_GTPASES_ACTIVATE_IQGAPS",0.00921525466488093,0.0340902157366372,0.380730400722792,-0.519383477311136,-1.73564205728466,24,"reactome","Iqgap3; Tubb3; Tuba1c; Tubb4b; Tuba1b; Ctnnb1; Tubb2a; Tuba8; Cdc42; Tubb2b; Calm1; Tuba1a; Tuba4a; Actb","eye","RR-3","GLDS-194","Stat_(Space Flight)v(Ground Control)",1,"flight_positive"
"REACTOME_RHO_GTPASES_ACTIVATE_NADPH_OXIDASES",0.62020202020202,0.735775961128074,0.0686325631836726,0.266641773999697,0.86812215785499,22,"reactome","Prkca; Pik3r4; Mapk3; S100a8; Nox1; Rac2; Mapk14; S100a9; Ncf2","eye","RR-3","GLDS-194","Stat_(Space Flight)v(Ground Control)",1,"flight_positive"
"REACTOME_RHO_GTPASES_ACTIVATE_PAKS",0.930232558139535,0.963449213887224,0.0475434194201301,-0.197091476052548,-0.632126452515119,21,"reactome","Myl12b; Cdc42; Myl6; Pak1; Calm1; Cttn; Limk1","eye","RR-3","GLDS-194","Stat_(Space Flight)v(Ground Control)",1,"flight_positive"
"REACTOME_RHO_GTPASES_ACTIVATE_PKNS",0.000167648341061704,0.00122383288975044,0.518848077743792,-0.437093254476666,-1.9021404878577,73,"reactome","H2ac19; H4c1; H2aj; H3c3; H3c7; H2ac13; H4c4; H3c1; H2ac20; H2bc7; H3c11; H4c2; H4c3; H4c12; H2ac4; H4c11; H2ac10; H2bc14; H4c18; H3f3b; H2bc18; H4c6; Rhoc; H4c8; Myl12b; Myl6; Pak1; Ywhaq; H3c8; H2bc3; H2ax; H3c4; H2bc21; H3f3a; H4c17; Ywhah; H2ac18; H2az2; H2bc8; H2bc4; H3c10","eye","RR-3","GLDS-194","Stat_(Space Flight)v(Ground Control)",1,"flight_positive"
"REACTOME_RHO_GTPASES_ACTIVATE_ROCKS",0.678723404255319,0.780585304922542,0.0667426134241917,0.274087879952009,0.836429858213072,19,"reactome","Ppp1r12b; Myh10; Rock1; Rock2; Myh9","eye","RR-3","GLDS-194","Stat_(Space Flight)v(Ground Control)",1,"flight_positive"
"REACTOME_RHO_GTPASES_ACTIVATE_WASPS_AND_WAVES",0.36734693877551,0.534264410946497,0.09754492162472,0.284803790324848,1.04888361315283,36,"reactome","Wasl; Wasf1; Wasf2; Wipf2; Abl1; Grb2; Wipf3; Cyfip2; Mapk3; Nckap1; Actr2; Abi2","eye","RR-3","GLDS-194","Stat_(Space Flight)v(Ground Control)",1,"flight_positive"
"REACTOME_RHO_GTPASE_CYCLE",5.00096019362776e-07,8.28627919995129e-06,0.659444398037935,0.306116008377341,1.69139238524509,444,"reactome","Rbbp6; Prex1; Wasl; Dock4; Arhgap31; Arhgef26; Wasf1; Steap3; Srgap3; Srgap2; Farp2; Fam13b; Arhgap11a; Srrm1; Cit; Vangl2; Prag1; Phip; Arhgap21; Arhgap33; Kalrn; Plxna1; Itsn1; Rasal2; Tor1aip1; Frs2; Ralgapa1; Arhgap42; Fnbp1; Peak1; Slitrk3; Arhgap17; Picalm; Dst; Arhgef7; Bcr; Arhgef39; Tiam2; Sos1; Obscn; Pak5; Wasf2; Fam135a; Fgd5; Ubxn11; Plekhg1; Stk38; Lmnb1; Farp1; Fermt2; Rock1; Sema4f; Arhgap35; Golga3; Dock6; Cdc42ep1; Wipf2; Zfp512b; Arhgef1; Plekhg2; Dlc1; Als2; Mtr; Usp9x; Abl2; Arhgap19; Stam2; Git1; Actn1; Diaph2; Plxnb1; Rasgrf2; Arhgef19; Ankfy1; Slc4a7; Cavin1; Grb2; Rock2; Cep97; Nisch; Plekhg3; Arhgap23; Cltc; Dlg5; Hgs; Pkn1; Fmnl2; Diaph1; Pkn3; Dock3; Sptbn1; Gopc; Plxnd1; Kctd3; Samm50; Nhs; Ccp110; Wipf3; Cyfip2; Arhgap29; Arhgap39; Cdc42bpa; Actc1; Arhgap26; Arap3; Taok3; Ccdc88a; Snap23; Lemd3; Shmt2; Stam; Garre1; Cpd; Myo9a; Fgd1; Plekhg4; Daam1; Nckap1; Spata13; Dock7; Arhgef16; Add3; Fnbp1l; Baiap2l1; Filip1; Arhgef12; Cpsf7; Nox1; Sh3pxd2a; Rac2; Rab7; Rapgef1; Arhgap6; Wdr81; Pkn2; Ddx4; Lck; Abi2; Sh3bp1; Mcam; Lrrc1; Dock9; Akap13; Plekhg5; Ktn1; Rhog; Faf2; Akap12; Fgd4; C1qbp; Cyfip1; Csk; Git2","eye","RR-3","GLDS-194","Stat_(Space Flight)v(Ground Control)",1,"flight_positive"
"REACTOME_RHO_GTPASE_EFFECTORS",0.0103216345819563,0.0366954216468903,0.380730400722792,-0.248286667971113,-1.32744019309621,290,"reactome","Iqgap3; H2ac19; Tubb3; H4c1; H2aj; H3c3; H3c7; Ppp2r5b; Brk1; Lin7b; Tuba1c; H2ac13; H4c4; Rps27; Nck1; Pin1; Dvl1; Tubb4b; Spc24; Nudc; H3c1; H2ac20; Tuba1b; Zwint; Kif5a; Ppp2r1a; H2bc7; Mis12; H3c11; H4c2; Pmf1; H4c3; Ndel1; Arpc3; H4c12; Ppp2r5d; Cfl1; H2ac4; Cdca8; H4c11; H2ac10; H2bc14; Klc1; Arpc4; Ctnnb1; H4c18; Cenpc1; H3f3b; Tubb2a; Cenph; H2bc18; Abi1; Ppp2cb; Tuba8; Knl1; H4c6; Rhoc; Nsl1; H4c8; Myl12b; Cdc42; Myl6; Mapk11; Arpc5; Bub3; Klc2; Pak1; Ppp2r5c; Cenpp; Ywhaq; H3c8; H2bc3; Tubb2b; Ppp2ca; H2ax; Nde1; H3c4; Calm1; Dync1li1; Cenpq; Ska2; H2bc21; H3f3a; H4c17; Actr3; Nup107; Ywhah; Tuba1a; Cttn; Pik3c3; Dynll1; Kif5b; Tuba4a; H2ac18; H2az2; Dync1i1; Diaph3; Actb; Plk1; Zwilch; H2bc8; H2bc4; H3c10; Limk1; Nckap1l; Prkcd; Spdl1; Ncf4; Klc4; Nup43; Limk2; H2ac7; Srf; Ncf1; Bub1b; Bub1; Mad1l1; Prkcz; Sec13; Klc3","eye","RR-3","GLDS-194","Stat_(Space Flight)v(Ground Control)",1,"flight_positive"
"REACTOME_RIPK1_MEDIATED_REGULATED_NECROSIS",0.269230769230769,0.441328880700138,0.11331290842208,-0.321951075357638,-1.15532930132094,31,"reactome","Flot2; Uba52; Rps27a; Flot1; Stub1; Tradd; Hsp90aa1; Ube2l3","eye","RR-3","GLDS-194","Stat_(Space Flight)v(Ground Control)",1,"flight_positive"
"REACTOME_RIP_MEDIATED_NFKB_ACTIVATION_VIA_ZBP1",0.784114052953157,0.861188453343738,0.0577308549299813,0.25646943646276,0.761000403950268,17,"reactome","Dhx9; Tlr3; Ikbkb; Ticam1","eye","RR-3","GLDS-194","Stat_(Space Flight)v(Ground Control)",1,"flight_positive"
"REACTOME_RMTS_METHYLATE_HISTONE_ARGININES",0.000449039770344983,0.00294430268579495,0.49849310876659,-0.4387481392063,-1.86616723435056,66,"reactome","H2ac22; H2ac19; H4c1; H2aj; H3c3; H3c7; H2ac13; H4c4; Rps2; H3c1; H2ac20; Jak2; H3c11; H4c2; H4c3; H4c12; H2ac4; Ccnd1; H4c11; H2ac10; H4c18; Coprs; H4c6; H4c8; Actl6a; H2ac8; Prmt6; H2ac21; Smarce1; H3c8; H2ax; Prmt5; H3c4; H4c17; Smarcb1; Rbbp7; H2ac18; Actl6b; H2az2","eye","RR-3","GLDS-194","Stat_(Space Flight)v(Ground Control)",1,"flight_positive"
"REACTOME_RNA_POLYMERASE_III_CHAIN_ELONGATION",0.0114240799201057,0.0393376336871563,0.380730400722792,-0.554478096481098,-1.70586907227165,18,"reactome","Polr1d; Polr3g; Polr2h; Polr2f; Crcp; Polr2l; Polr1c; Polr2k","eye","RR-3","GLDS-194","Stat_(Space Flight)v(Ground Control)",1,"flight_positive"
"REACTOME_RNA_POLYMERASE_III_TRANSCRIPTION",0.366666666666667,0.534264410946497,0.0952879846194844,-0.278807541289803,-1.06478399192496,41,"reactome","Polr1d; Polr3g; Polr2h; Polr2f; Snapc5; Crcp; Polr2l; Polr1c; Polr2k; Zfp143; Snapc2; Gtf3a","eye","RR-3","GLDS-194","Stat_(Space Flight)v(Ground Control)",1,"flight_positive"
"REACTOME_RNA_POLYMERASE_III_TRANSCRIPTION_INITIATION_FROM_TYPE_1_PROMOTER",0.0951456310679612,0.211757044754914,0.20207170902116,-0.391161651565854,-1.35874671169942,28,"reactome","Polr1d; Polr3g; Polr2h; Polr2f; Crcp; Polr2l; Polr1c; Polr2k","eye","RR-3","GLDS-194","Stat_(Space Flight)v(Ground Control)",1,"flight_positive"
"REACTOME_RNA_POLYMERASE_III_TRANSCRIPTION_INITIATION_FROM_TYPE_3_PROMOTER",0.0190278016143472,0.0587147625692982,0.352487857583619,-0.456270239181492,-1.5849091664595,28,"reactome","Polr1d; Polr3g; Polr2h; Polr2f; Snapc5; Crcp; Polr2l; Polr1c; Polr2k; Zfp143; Snapc2; Polr3h; Polr3f; Polr3gl; Brf2; Polr3d","eye","RR-3","GLDS-194","Stat_(Space Flight)v(Ground Control)",1,"flight_positive"
"REACTOME_RNA_POLYMERASE_III_TRANSCRIPTION_TERMINATION",0.187620889748549,0.34703526059909,0.139599673451922,-0.377525889866482,-1.24310363189988,23,"reactome","Polr1d; Polr3g; Polr2h; Polr2f; Crcp; Polr2l; Polr1c; Polr2k","eye","RR-3","GLDS-194","Stat_(Space Flight)v(Ground Control)",1,"flight_positive"
"REACTOME_RNA_POLYMERASE_II_PRE_TRANSCRIPTION_EVENTS",0.202783300198807,0.368238331206789,0.135740943810425,-0.264328249387403,-1.15790659560148,78,"reactome","Gtf2e1; Polr2h; Nelfb; Polr2f; Polr2i; Polr2l; Taf10; Taf12; Gtf2b; Ctdp1; Ncbp2; Elob; Wdr61; Leo1; Polr2k; Cdk7; Gtf2h5; Polr2j; Taf7; Taf6; Taf11; Polr2g; Gtf2h2; Polr2c; Paf1; Eaf2; Taf9; Polr2d; Mnat1; Ercc3; Gtf2f1; Taf5","eye","RR-3","GLDS-194","Stat_(Space Flight)v(Ground Control)",1,"flight_positive"
"REACTOME_RNA_POLYMERASE_II_TRANSCRIBES_SNRNA_GENES",0.138996138996139,0.279780831251419,0.16440575583821,-0.279506411347262,-1.21800449983179,74,"reactome","Gtf2e1; Polr2h; Pcf11; Ints12; Polr2f; Snapc5; Ints5; Polr2i; Phax; Polr2l; Nabp2; Gtf2b; Ncbp2; Polr2k; Cdk7; Rprd1b; Zfp143; Snapc2; Polr2j; Ell2; Ints14; Taf6; Taf11; Ssu72; Polr2g; Polr2c; Taf9; Polr2d; Gtf2f1; Ints2; Taf5","eye","RR-3","GLDS-194","Stat_(Space Flight)v(Ground Control)",1,"flight_positive"
"REACTOME_RNA_POLYMERASE_II_TRANSCRIPTION_TERMINATION",0.248076923076923,0.423106646058733,0.118815039412263,-0.26546283891322,-1.13060359883368,65,"reactome","Rbm8a; Pcf11; Sympk; Snrpf; Eif4a3; Lsm10; Snrpe; U2af1l4; Ncbp2; Cstf2; Rnps1; Slu7; Thoc3; Sarnp; Magoh; Alyref; Chtop; Thoc7; Slbp; Clp1; Ddx39a","eye","RR-3","GLDS-194","Stat_(Space Flight)v(Ground Control)",1,"flight_positive"
"REACTOME_RNA_POLYMERASE_I_PROMOTER_ESCAPE",1.68415855092077e-12,8.01805918807932e-11,0.910119734774459,-0.63290581737184,-2.74802355690994,72,"reactome","Polr1d; Polr2h; H2ac19; H4c1; H2aj; H3c3; H3c7; H2ac13; H4c4; Polr2f; H3c1; H2ac20; H2bc7; Polr2l; H3c11; H4c2; H4c3; H4c12; H2ac4; Polr1c; H4c11; H2ac10; Polr2k; Cdk7; H2bc14; H4c18; H3f3b; Polr1e; Gtf2h5; H2bc18; H4c6; H4c8; Cd3eap; H3c8; Polr1f; H2bc3; Taf1a; H2ax; Rrn3; H3c4; H2bc21; H3f3a; H4c17; Taf1d; Gtf2h2; Polr1h; H2ac18; H2az2; Mnat1; H2bc8; H2bc4; H3c10; Ercc3","eye","RR-3","GLDS-194","Stat_(Space Flight)v(Ground Control)",1,"flight_positive"
"REACTOME_RNA_POLYMERASE_I_TRANSCRIPTION",1.66120857535118e-08,4.1341440682035e-07,0.73376198835648,-0.500492006335685,-2.26452157345611,92,"reactome","Polr1d; Polr2h; H2ac19; Kat2b; H4c1; H2aj; H3c3; H3c7; H2ac13; H4c4; Polr2f; H3c1; H2ac20; H2bc7; Polr2l; H3c11; H4c2; H4c3; H4c12; H2ac4; Polr1c; H4c11; H2ac10; Polr2k; Cdk7; H2bc14; H4c18; H3f3b; Polr1e; Gtf2h5; H2bc18; Mbd2; H4c6; Ehmt2; H4c8; Cd3eap; Hdac2; H3c8; Polr1f; H2bc3; Taf1a; H2ax; Rrn3; H3c4; H2bc21; H3f3a; H4c17; Taf1d; Rbbp7; Gtf2h2; Polr1h; H2ac18; H2az2; Mnat1; H2bc8; H2bc4; H3c10; Ercc3","eye","RR-3","GLDS-194","Stat_(Space Flight)v(Ground Control)",1,"flight_positive"
"REACTOME_RNA_POLYMERASE_I_TRANSCRIPTION_INITIATION",0.0539031068408597,0.137264888350561,0.321775918075361,-0.362380954428755,-1.42932400015628,47,"reactome","Polr1d; Polr2h; Kat2b; Polr2f; Polr2l; Polr1c; Polr2k; Cdk7; Polr1e; Gtf2h5; Ehmt2; Cd3eap; Hdac2; Polr1f; Taf1a; Rrn3; Taf1d; Rbbp7; Gtf2h2; Polr1h; Mnat1; Ercc3","eye","RR-3","GLDS-194","Stat_(Space Flight)v(Ground Control)",1,"flight_positive"
"REACTOME_RNA_POLYMERASE_I_TRANSCRIPTION_TERMINATION",0.000539486094750477,0.00350898291506844,0.477270815362862,-0.544065567613622,-1.95239258451172,31,"reactome","Polr1d; Polr2h; Polr2f; Polr2l; Polr1c; Polr2k; Cdk7; Polr1e; Gtf2h5; Cd3eap; Polr1f; Taf1a; Taf1d; Gtf2h2; Polr1h; Mnat1; Ercc3","eye","RR-3","GLDS-194","Stat_(Space Flight)v(Ground Control)",1,"flight_positive"
"REACTOME_RND1_GTPASE_CYCLE",0.256147540983607,0.430847246354914,0.120985142145252,0.292126903607704,1.12795571129341,42,"reactome","Vangl2; Plxna1; Rasal2; Frs2; Dst; Fam135a; Ubxn11; Arhgap35; Dlg5; Ccdc88a; Lemd3; Cpd","eye","RR-3","GLDS-194","Stat_(Space Flight)v(Ground Control)",1,"flight_positive"
"REACTOME_RND2_GTPASE_CYCLE",0.0910931174089069,0.206088767691639,0.211400189384923,0.348548261285437,1.36121477865811,43,"reactome","Vangl2; Prag1; Frs2; Fnbp1; Dst; Ubxn11; Arhgap35; Golga3; Nisch; Dlg5; Plxnd1; Lemd3","eye","RR-3","GLDS-194","Stat_(Space Flight)v(Ground Control)",1,"flight_positive"
"REACTOME_RND3_GTPASE_CYCLE",0.0167083320808098,0.0529332584655231,0.352487857583619,0.401925580436008,1.55190859988891,42,"reactome","Vangl2; Arhgap21; Rasal2; Picalm; Dst; Ubxn11; Rock1; Sema4f; Arhgap35; Nisch; Dlg5; Ccdc88a; Lemd3; Cpd","eye","RR-3","GLDS-194","Stat_(Space Flight)v(Ground Control)",1,"flight_positive"
"REACTOME_ROLE_OF_PHOSPHOLIPIDS_IN_PHAGOCYTOSIS",0.943866943866944,0.971366826629985,0.0500922874402106,0.191955472267987,0.635457982399493,24,"reactome","Ahcyl1; Prkce; Pik3cb","eye","RR-3","GLDS-194","Stat_(Space Flight)v(Ground Control)",1,"flight_positive"
"REACTOME_RORA_B_C_AND_NR1D1_REV_ERBA_REGULATE_GENE_EXPRESSION",2.64478493462611e-06,3.57535741162418e-05,0.627256739718528,0.676278298266393,2.30180970588148,26,"reactome","Chd9; Ncoa2; Tgs1; Ep300; Crebbp; Ncoa1; Nrip1; Ncoa6; Rora; Tbl1x; Ppargc1a; Elovl3; Nr1d1; Carm1; Ncor1; Srebf1","eye","RR-3","GLDS-194","Stat_(Space Flight)v(Ground Control)",1,"flight_positive"
"REACTOME_ROS_AND_RNS_PRODUCTION_IN_PHAGOCYTES",0.947976878612717,0.974680452658145,0.0464154956843849,-0.185674546676426,-0.677100541582832,33,"reactome","Atp6v0e; Atp6v1e1; Atp6v1g1; Atp6v1f","eye","RR-3","GLDS-194","Stat_(Space Flight)v(Ground Control)",1,"flight_positive"
"REACTOME_RRNA_MODIFICATION_IN_THE_NUCLEUS_AND_CYTOSOL",8.11043522005723e-05,0.000648242815033771,0.538434096309916,-0.486882832268499,-2.01868273819277,59,"reactome","Nop10; Rrp36; Imp3; Tbl3; Rps6; Rps7; Rps9; Nop14; Rps14; Rrp7a; Rps2; Pno1; Rcl1; Thumpd1; Utp4; Nop2; Emg1; Wdr3; Pwp2; Krr1; Utp3; Fcf1; Nhp2; Wdr36; Utp11; Snu13; Noc4l; Wdr46; Trmt112; Mphosph10; Utp6; Nop58; Dcaf13; Tsr3; Rrp9; Wdr43; Ddx47; Heatr1","eye","RR-3","GLDS-194","Stat_(Space Flight)v(Ground Control)",1,"flight_positive"
"REACTOME_RRNA_PROCESSING",1.08574005739714e-30,1.32098373649986e-28,1.43902565267782,-0.61445464000997,-3.12808586806464,190,"reactome","Nop10; Rrp36; Rpl27a; Rpl6; Rpl26; Imp3; Tbl3; Rps6; Exosc4; Rps7; C1d; Rps5; Rpl7; Rpl7a; Rpl30; Rps3a1; Rpl14; Rps4x; Uba52; Rpl39; Rpl8; Rpl18a; Rpl13; Rpl36a; Rplp1; Rps25; Rps9; Rpl3; Rpl23; Rpl32; Rpl29; Rpl17; Rpl36al; Rpl35a; Mrm2; Rps24; Rps29; Rps11; Rplp2; Rps19; Rps26; Rps10; Nop14; Rps27a; Bysl; Rpl22l1; Rpl9; Rpp38; Rpsa; Rps28; Rpl5; Rps15a; Rps20; Rpl36; Rps3; Rpl38; Riok2; Rps13; Rps17; Rpl37a; Rpl21; Rps16; Rpl27; Rpl19; Rpl10; Rpl35; Rps14; Rpl24; Rps12; Rpl4; Rpl22; Rpl18; Rps27; Rrp7a; Rps21; Rps2; Rps15; Rps23; Fau; Nol9; Pno1; Rcl1; Rpl13a; Rpl31; Thumpd1; Rps18; Utp4; Rplp0; Mphosph6; Rpl12; Rpp21; Nop2; Emg1; Wdr3; Rrp1; Exosc2; Rpl15; Pes1; Pwp2; Exosc7; Krr1; Rpl10a; Tsr1; Utp3; Trmt10c; Mterf4","eye","RR-3","GLDS-194","Stat_(Space Flight)v(Ground Control)",1,"flight_positive"
"REACTOME_RSV_HOST_INTERACTIONS",0.423001949317739,0.585571598613052,0.086794975677172,-0.230541069733933,-1.02087859534342,80,"reactome","Med10; Uba52; Med11; Rps27a; Gpc5; Med18; Med8; Med28; Isg15; Med22; Elob; Med4; Rbx1; Med27; Cx3cr1; Med30; Stat2; Gpc3; Med19; Bcap31; Med9; Ifih1; Cd14; Sdc4; Ifnar2; Becn1; Med21; Ubb; Med6","eye","RR-3","GLDS-194","Stat_(Space Flight)v(Ground Control)",1,"flight_positive"
"REACTOME_RUNX1_INTERACTS_WITH_CO_FACTORS_WHOSE_PRECISE_EFFECT_ON_RUNX1_TARGETS_IS_NOT_KNOWN",1.830733193136e-05,0.000180599355539092,0.575610261071129,0.590644959999687,2.17524429372361,36,"reactome","Phc1; Csnk2a2; Phc3; Arid2; Arid1b; Arid1a; Ep300; Hipk2; Auts2; Scmh1; Pcgf5; Phc2; Smarcd1; Smarca4; Pbrm1","eye","RR-3","GLDS-194","Stat_(Space Flight)v(Ground Control)",1,"flight_positive"
"REACTOME_RUNX1_REGULATES_GENES_INVOLVED_IN_MEGAKARYOCYTE_DIFFERENTIATION_AND_PLATELET_FUNCTION",0.0108099371410286,0.0380128207626934,0.380730400722792,-0.342554639801356,-1.49792149150706,76,"reactome","H2ac19; Kat2b; H4c1; H2aj; H3c3; H3c7; H2ac13; H4c4; H3c1; H2ac20; H2bc7; H3c11; H4c2; H4c3; H4c12; H2ac4; H4c11; H2ac10; Itga2b; H2bc14; H4c18; H3f3b; H2bc18; H4c6; H4c8; Prmt6; H3c8; H2bc3; H2ax; Dpy30; Nfe2; Thbs1; H3c4; H2bc21; H3f3a; H4c17; H2ac18; H2az2; Gp1ba; H2bc8; H2bc4; H3c10","eye","RR-3","GLDS-194","Stat_(Space Flight)v(Ground Control)",1,"flight_positive"
"REACTOME_RUNX1_REGULATES_TRANSCRIPTION_OF_GENES_INVOLVED_IN_DIFFERENTIATION_OF_HSCS",1.31605784233773e-11,5.76433334943927e-10,0.875325132024659,-0.541379549797369,-2.48599997108016,97,"reactome","Uba52; Psma7; H2ac19; Rps27a; Psmc1; H4c1; Sem1; H2aj; Psmd2; H3c3; Psmc3; H3c7; H2ac13; H4c4; Psma5; Psmb6; Psmd14; H3c1; H2ac20; Psmd8; H2bc7; Psmb1; H3c11; Psma1; H4c2; H4c3; Psmb7; H4c12; H2ac4; H4c11; H2ac10; Cdk7; H2bc14; Psmc5; Psma2; H4c18; H3f3b; Psma4; H2bc18; Psmb3; Spi1; H4c6; H4c8; Psma6; Psmb4; Psmd3; Psmd6; Psma3; H3c8; H2bc3; Trp73; H2ax; H3c4; Psmd12; Psmd13; Adrm1; H2bc21; H3f3a; H4c17; Psmd1; Psmc2; H2ac18; H2az2; Mnat1; H2bc8; Lmo1; Ubb; H2bc4; H3c10","eye","RR-3","GLDS-194","Stat_(Space Flight)v(Ground Control)",1,"flight_positive"
"REACTOME_RUNX2_REGULATES_BONE_DEVELOPMENT",0.184265010351967,0.343146575400346,0.14641623786055,0.337923318588826,1.21364226003101,33,"reactome","Rb1; Hdac4; Gli2; Rbm14; Abl1; Bglap2; Maf; Zfp521; Mapk3; Gli3; Runx2; Wwtr1; Ar; Bglap","eye","RR-3","GLDS-194","Stat_(Space Flight)v(Ground Control)",1,"flight_positive"
"REACTOME_RUNX2_REGULATES_OSTEOBLAST_DIFFERENTIATION",0.468302658486708,0.628420846866354,0.0838361057159929,0.290479923134742,0.988689875380083,26,"reactome","Rb1; Abl1; Bglap2; Maf; Zfp521; Mapk3; Gli3; Runx2; Wwtr1; Ar; Bglap","eye","RR-3","GLDS-194","Stat_(Space Flight)v(Ground Control)",1,"flight_positive"
"REACTOME_SARS_COV_1_ACTIVATES_MODULATES_INNATE_IMMUNE_RESPONSES",0.608267716535433,0.727542108546475,0.0683110858318647,-0.243402676968779,-0.922573636906653,39,"reactome","Uba52; Rps27a; Nmi; Ppia; Nfkb1; Casp1","eye","RR-3","GLDS-194","Stat_(Space Flight)v(Ground Control)",1,"flight_positive"
"REACTOME_SARS_COV_1_HOST_INTERACTIONS",2.90467110896819e-12,1.32525619346674e-10,0.898671232061694,-0.571542075911448,-2.58599407114464,92,"reactome","Eef1a1; Rps6; Rps7; Rps5; Rps3a1; Rps4x; Uba52; Rps25; Rps9; Serpine1; Rps24; Rps29; Rps11; Rps19; Rps26; Rps10; Rps27a; Rpsa; Rps28; Rps15a; Rps20; Rps3; Rps13; Rps17; Rps16; Rps14; Nmi; Rps12; Ppia; Rps27; Rps21; Npm1; Rps2; Rps15; Rps23; Nfkb1; Fau; Casp1","eye","RR-3","GLDS-194","Stat_(Space Flight)v(Ground Control)",1,"flight_positive"
"REACTOME_SARS_COV_1_INFECTION",1.48754753830175e-09,4.93595319527397e-08,0.788186810800237,-0.468218102488314,-2.24487187336739,136,"reactome","Eef1a1; Rps6; Rps7; Rps5; Rps3a1; Rps4x; Uba52; Rps25; Rps9; Serpine1; Rps24; Rps29; Rps11; Rps19; Rps26; Rps10; Parp9; Rps27a; Rpsa; Rps28; Rps15a; Rps20; Rps3; Rps13; Parp10; Rps17; Rps16; Rps14; Nmi; Rps12; Ppia; Chmp4b; Rps27; Rps21; Npm1; Rps2; Rps15; Rps23; Gsk3a; Chmp3; Nfkb1; Fau; Casp1; St3gal4; Rps18; Chmp6; Chmp2a; Chmp7; Mgat1; Ppih","eye","RR-3","GLDS-194","Stat_(Space Flight)v(Ground Control)",1,"flight_positive"
"REACTOME_SARS_COV_1_MODULATES_HOST_TRANSLATION_MACHINERY",3.98664738987047e-23,3.1181277799344e-21,1.24623277191648,-0.891650411308728,-3.29469320738972,34,"reactome","Eef1a1; Rps6; Rps7; Rps5; Rps3a1; Rps4x; Rps25; Rps9; Rps24; Rps29; Rps11; Rps19; Rps26; Rps10; Rps27a; Rpsa; Rps28; Rps15a; Rps20; Rps3; Rps13; Rps17; Rps16; Rps14; Rps12; Rps27; Rps21; Rps2; Rps15; Rps23; Fau","eye","RR-3","GLDS-194","Stat_(Space Flight)v(Ground Control)",1,"flight_positive"
"REACTOME_SARS_COV_1_TARGETS_HOST_INTRACELLULAR_SIGNALLING_AND_REGULATORY_PATHWAYS",0.540322580645161,0.67772828310166,0.0755015292281669,0.319181552771047,0.940904016682705,16,"reactome","Ep300; Sp1; Ywhab; Ywhae; Smad3; Ywhag; Ywhaz","eye","RR-3","GLDS-194","Stat_(Space Flight)v(Ground Control)",1,"flight_positive"
"REACTOME_SARS_COV_2_ACTIVATES_MODULATES_INNATE_AND_ADAPTIVE_IMMUNE_RESPONSES",0.0950413223140496,0.211757044754914,0.208955027549354,0.267328589291854,1.24926344075453,108,"reactome","Sec24a; Nup160; Pom121; Nup98; Crebbp; Nup153; Nup214; Larp1; Tab2; Pik3r4; Traf3; Traf6; Tab3; Nup155; Ube2n; Tpr; Nup188; Ubc; Trim25; Ranbp2; Nup93; Ikbkb; Sec24b; Mavs","eye","RR-3","GLDS-194","Stat_(Space Flight)v(Ground Control)",1,"flight_positive"
"REACTOME_SARS_COV_2_HOST_INTERACTIONS",2.64055028516725e-05,0.000251426309761578,0.575610261071129,-0.348832130126627,-1.76447839818846,182,"reactome","Akt3; Gemin6; Rps6; Rps7; Rps5; Rps3a1; Rps4x; Uba52; Rps25; Rps9; Rps24; Rps29; Rps11; Rps19; Rps26; Rps10; Rps27a; Rpsa; Rps28; Rps15a; Rps20; Rps3; Snrpd2; Ripk2; Rps13; Rps17; Rps16; Rps14; Rps12; Rps27; Rps21; Rps2; Rps15; Rps23; Fau; Snrpf; Patj; Isg15; Irf7; Rps18; Snrpe; Gemin7; Stat1; H2-T23; Snrpd1","eye","RR-3","GLDS-194","Stat_(Space Flight)v(Ground Control)",1,"flight_positive"
"REACTOME_SARS_COV_2_INFECTION",3.41650071935474e-05,0.00030415189330841,0.557332238758646,-0.309971390119306,-1.6515259326394,277,"reactome","Akt3; Gemin6; Rps6; Rps7; Rps5; Rps3a1; Rps4x; Uba52; Rps25; Rps9; Rps24; Rps29; Rps11; Rps19; Rps26; Rps10; Parp9; Rps27a; Gpc5; Rpsa; Rps28; Rps15a; Rps20; Rps3; Snrpd2; Ripk2; Rps13; Parp10; Rps17; Ost4; Rps16; Ano2; Rpn1; Rps14; Rps12; Iscu; Chmp4b; Rps27; Rps21; Rps2; Rps15; Rps23; Gsk3a; Chmp3; Fau; Snrpf; Tmem258; Patj; St3gal4; Isg15; Irf7; Rps18; Snrpe; Gemin7; Stat1; H2-T23; Snrpd1; Chmp6; Chmp2a; Chmp7; Mgat1; Stat2; Cnbp; Hsp90aa1; Sumo1; Ddost; Crb3; Vps45; Rae1; Ube2i; Zdhhc3; Gpc3; Ywhaq","eye","RR-3","GLDS-194","Stat_(Space Flight)v(Ground Control)",1,"flight_positive"
"REACTOME_SARS_COV_2_MODULATES_HOST_TRANSLATION_MACHINERY",1.60390729122299e-22,1.09767405243073e-20,1.22950405660873,-0.83214868897504,-3.28220917328714,47,"reactome","Gemin6; Rps6; Rps7; Rps5; Rps3a1; Rps4x; Rps25; Rps9; Rps24; Rps29; Rps11; Rps19; Rps26; Rps10; Rps27a; Rpsa; Rps28; Rps15a; Rps20; Rps3; Snrpd2; Rps13; Rps17; Rps16; Rps14; Rps12; Rps27; Rps21; Rps2; Rps15; Rps23; Fau; Snrpf; Rps18; Snrpe; Gemin7; Snrpd1","eye","RR-3","GLDS-194","Stat_(Space Flight)v(Ground Control)",1,"flight_positive"
"REACTOME_SARS_COV_INFECTIONS",0.000412430707657966,0.00273704015082105,0.49849310876659,-0.264952903846532,-1.46526551216995,392,"reactome","Akt3; Eef1a1; Gemin6; Rps6; Rps7; Rps5; Rps3a1; Rps4x; Uba52; Rps25; Rps9; Serpine1; Rps24; Rps29; Rps11; Phf21a; Rps19; Rps26; Rps10; Parp9; Rps27a; Gpc5; Rpsa; Rps28; Rps15a; Rps20; Rps3; Snrpd2; Ripk2; Rps13; Parp10; Rps17; Ost4; Rps16; Ano2; Rpn1; Rps14; Nmi; Rps12; Sap30; Iscu; Ppia; Chmp4b; Rps27; Fnta; Sap30l; Rps21; Npm1; Rps2; Rps15; Rps23; Gsk3a; Chmp3; Nfkb1; Nck1; Fau; Snrpf; Tmem258; Casp1; Patj; St3gal4; Isg15; Jak2; Irf7; Rps18; Snrpe; Suds3; Gemin7; Stat1; H2-T23; Snrpd1; Rbx1; Chmp6; Chmp2a; Chmp7; Fxyd1; Ifngr2; Mgat1; Ppih; Stat2; Fkbp4; Cnbp; Hsp90aa1; Tubb5; Hdac2; Sumo1; Ddost; Ap2s1; Crb3; Vps45; Rae1; Ube2i; Zdhhc3; Gpc3","eye","RR-3","GLDS-194","Stat_(Space Flight)v(Ground Control)",1,"flight_positive"
"REACTOME_SCAVENGING_BY_CLASS_A_RECEPTORS",0.608610567514677,0.727542108546475,0.0679922591544058,-0.298560161071464,-0.894664928443246,17,"reactome","Calr; Hsp90b1; Apoe","eye","RR-3","GLDS-194","Stat_(Space Flight)v(Ground Control)",1,"flight_positive"
"REACTOME_SCF_BETA_TRCP_MEDIATED_DEGRADATION_OF_EMI1",8.2086593644329e-07,1.284068857722e-05,0.659444398037935,-0.601988241473358,-2.32064975540439,42,"reactome","Uba52; Psma7; Rps27a; Psmc1; Sem1; Psmd2; Psmc3; Skp1; Psma5; Psmb6; Psmd14; Psmd8; Psmb1; Psma1; Psmb7; Psmc5; Psma2; Psma4; Psmb3; Psma6; Psmb4; Psmd3; Psmd6; Psma3; Cul1; Psmd12; Psmd13; Adrm1; Psmd1; Psmc2","eye","RR-3","GLDS-194","Stat_(Space Flight)v(Ground Control)",1,"flight_positive"
"REACTOME_SCF_SKP2_MEDIATED_DEGRADATION_OF_P27_P21",8.17684285526843e-07,1.284068857722e-05,0.659444398037935,-0.577447620923401,-2.30815202244917,50,"reactome","Uba52; Psma7; Rps27a; Psmc1; Sem1; Psmd2; Psmc3; Skp1; Psma5; Psmb6; Psmd14; Psmd8; Psmb1; Psma1; Psmb7; Ccnd1; Psmc5; Psma2; Psma4; Psmb3; Psma6; Psmb4; Psmd3; Psmd6; Psma3; Cks1b; Cul1; Psmd12; Psmd13; Adrm1; Psmd1; Psmc2","eye","RR-3","GLDS-194","Stat_(Space Flight)v(Ground Control)",1,"flight_positive"
"REACTOME_SEALING_OF_THE_NUCLEAR_ENVELOPE_NE_BY_ESCRT_III",0.000234857229939115,0.00165915268892471,0.518848077743792,-0.603550022003175,-1.98734774097412,23,"reactome","Tubb3; Tuba1c; Chmp4b; Chmp3; Tubb4b; Tuba1b; Vps4a; Chmp6; Chmp2a; Chmp7; Tubb2a; Tuba8; Tubb2b; Tuba1a; Tuba4a; Spast","eye","RR-3","GLDS-194","Stat_(Space Flight)v(Ground Control)",1,"flight_positive"
"REACTOME_SELECTIVE_AUTOPHAGY",0.0234764071990278,0.0693099499764999,0.352487857583619,-0.326088783332921,-1.4439815841505,80,"reactome","Tomm22; Uba52; Park7; Rps27a; Tubb3; Tuba1c; Tomm7; Tubb4b; Tuba1b; Csnk2b; Pex5; Pgam5; Tomm5; Vdac2; Tubb2a; Atg5; Prkag1; Tuba8; Map1lc3a; Hsp90aa1; Ube2l3; Sqstm1; Tubb2b; Dync1li1; Ube2v1; Prkab1; Vdac1; Vdac3; Tuba1a; Pink1; Dynll1; Hspa8; Tuba4a; Dync1i1; Ubb; Tomm20; Tomm6; Atg12; Map1lc3b; Nbr1; Prkag3","eye","RR-3","GLDS-194","Stat_(Space Flight)v(Ground Control)",1,"flight_positive"
"REACTOME_SELENOAMINO_ACID_METABOLISM",1.65784782192979e-34,3.63068673002623e-32,1.52970525162309,-0.752020171968171,-3.51689781001714,108,"reactome","Rpl27a; Rpl6; Rpl26; Rps6; Rps7; Rps5; Rpl7; Rpl7a; Rpl30; Rps3a1; Rpl14; Rps4x; Uba52; Rpl39; Rpl8; Rpl18a; Rpl13; Rpl36a; Rplp1; Rps25; Rps9; Rpl3; Rpl23; Rpl32; Rpl29; Rpl17; Rpl36al; Rpl35a; Rps24; Rps29; Rps11; Rplp2; Rps19; Rps26; Rps10; Rps27a; Rpl22l1; Rpl9; Rpsa; Rps28; Rpl5; Rps15a; Rps20; Rpl36; Rps3; Rpl38; Sephs2; Rps13; Rps17; Rpl37a; Rpl21; Rps16; Rpl27; Rpl19; Rpl10; Rpl35; Rps14; Rpl24; Rps12; Rpl4; Rpl22; Rpl18; Rps27; Rps21; Rps2; Rps15; Rps23; Fau; Rpl13a; Rpl31; Rps18; Ahcy; Rplp0; Aimp1","eye","RR-3","GLDS-194","Stat_(Space Flight)v(Ground Control)",1,"flight_positive"
"REACTOME_SEMA3A_PAK_DEPENDENT_AXON_REPULSION",0.181451612903226,0.339640198511166,0.14551614609036,0.415180409119066,1.22389565185276,16,"reactome","Plxna4; Plxna2; Plxna1; Plxna3","eye","RR-3","GLDS-194","Stat_(Space Flight)v(Ground Control)",1,"flight_positive"
"REACTOME_SEMA4D_INDUCED_CELL_MIGRATION_AND_GROWTH_CONE_COLLAPSE",0.390495867768595,0.556761686466942,0.0946646223153342,0.33299782361221,1.0390167542847,20,"reactome","Sema4d; Myh10; Rock1; Plxnb1; Rock2; Myh9; Arhgef12; Arhgef11; Rhoa; Myh11","eye","RR-3","GLDS-194","Stat_(Space Flight)v(Ground Control)",1,"flight_positive"
"REACTOME_SEMA4D_IN_SEMAPHORIN_SIGNALING",0.197505197505198,0.360755813953488,0.141225119642531,0.36659753082595,1.21360086554899,24,"reactome","Sema4d; Myh10; Rock1; Arhgap35; Plxnb1; Rock2; Myh9; Arhgef12; Rras; Arhgef11; Rhoa; Myh11","eye","RR-3","GLDS-194","Stat_(Space Flight)v(Ground Control)",1,"flight_positive"
"REACTOME_SEMAPHORIN_INTERACTIONS",0.00105566189026484,0.00592794753764102,0.45505986738723,0.409948806592676,1.72247280260542,64,"reactome","Plxna4; Sema5a; Plxna2; Sema4d; Farp2; Plxna1; Sema6a; Myh10; Gsk3b; Itga1; Rock1; Arhgap35; Plxnb1; Rock2; Plxnb3; Sema7a; Plxnd1; Plxnc1; Dpysl4; Dpysl5; Plxna3; Myh9; Arhgef12; Sema3e; Rras; Pip5k1c; Ptprc; Arhgef11","eye","RR-3","GLDS-194","Stat_(Space Flight)v(Ground Control)",1,"flight_positive"
"REACTOME_SENESCENCE_ASSOCIATED_SECRETORY_PHENOTYPE_SASP",1.45967641875989e-07,2.6813058262793e-06,0.690132458796796,-0.48524142947469,-2.18586807050714,90,"reactome","Uba52; Anapc15; H2ac19; Rps27a; H4c1; H2aj; H3c3; H3c7; Cdc26; H2ac13; H4c4; Cebpb; Nfkb1; H3c1; H2ac20; H2bc7; H3c11; H4c2; Ehmt1; H4c3; H4c12; Anapc11; H2ac4; H4c11; H2ac10; H2bc14; H4c18; H3f3b; Cdc16; Cdkn2c; H2bc18; Ube2s; H4c6; Ehmt2; H4c8; Il1a; H3c8; H2bc3; H2ax; H3c4; H2bc21; H3f3a; Rps6ka1; H4c17; Cdkn2d; H2ac18; H2az2; H2bc8; Ubb; H2bc4; H3c10","eye","RR-3","GLDS-194","Stat_(Space Flight)v(Ground Control)",1,"flight_positive"
"REACTOME_SENSORY_PERCEPTION",0.979838709677419,0.996214844100997,0.0469758727821845,-0.150484483982448,-0.767061578571124,197,"reactome","Rdh5; Lrat; Nmt2; Ttr; Rdh10; Rpe65; Plb1; Gpc5; Stx1a; Rbp1; Ano2; Fnta; Fscn2; Stra6; Capza2; Scn2b; Cib2; Scn1b; Grk4; Ezr; Gngt1; Apoe; Scnn1g; Guca1a; Opn1sw; Gpc3; Tmie; Snap25; Ppef1; Rcvrn; Capza1; Tas1r1; Awat2; Scnn1b; Calm1; Gnb3; Lhfpl5; Guca1b; Ldlr; Tmc1; Sdc4; Twf1; Rdh11; Pjvk; Rab3a; Opn1mw; Twf2; Cabp1; Actb","eye","RR-3","GLDS-194","Stat_(Space Flight)v(Ground Control)",1,"flight_positive"
"REACTOME_SENSORY_PERCEPTION_OF_TASTE",0.715746421267894,0.810488450143065,0.062249042949858,0.240899573945526,0.819936080858978,26,"reactome","Tas1r3; Tas2r108; Grm4; Gnat3","eye","RR-3","GLDS-194","Stat_(Space Flight)v(Ground Control)",1,"flight_positive"
"REACTOME_SENSORY_PROCESSING_OF_SOUND",0.0647181628392484,0.157131681394628,0.257206466468838,0.31413693063717,1.34980200543979,72,"reactome","Pclo; Bsn; Whrn; Vamp2; Pcdh15; Msn; Cacna1d; Cdh23; Kcnma1; Cacna2d2; Syn1; Atp2b1; Kcnn2; Sptbn1; Espn; Kcnmb1; Grxcr2; Myh9; Strc; Atp2b2; Ctbp2; Eps8; Cacnb2","eye","RR-3","GLDS-194","Stat_(Space Flight)v(Ground Control)",1,"flight_positive"
"REACTOME_SENSORY_PROCESSING_OF_SOUND_BY_OUTER_HAIR_CELLS_OF_THE_COCHLEA",0.296296296296296,0.468850353243417,0.11146266692298,0.272872318967243,1.09244010374641,50,"reactome","Whrn; Pcdh15; Msn; Cdh23; Kcnma1; Kcnn2; Sptbn1; Espn; Kcnmb1; Grxcr2; Myh9; Strc; Atp2b2; Eps8","eye","RR-3","GLDS-194","Stat_(Space Flight)v(Ground Control)",1,"flight_positive"
"REACTOME_SEPARATION_OF_SISTER_CHROMATIDS",3.82161800201579e-06,4.9231431908321e-05,0.610526878385931,-0.369797713335066,-1.84319182546646,168,"reactome","Uba52; Anapc15; Psma7; Rps27a; Psmc1; Tubb3; Sem1; Psmd2; Psmc3; Ppp2r5b; Cdc26; Tuba1c; Rps27; Psma5; Psmb6; Psmd14; Tubb4b; Spc24; Nudc; Tuba1b; Zwint; Ppp2r1a; Psmd8; Wapl; Mis12; Psmb1; Psma1; Pmf1; Ndel1; Psmb7; Ppp2r5d; Anapc11; Cdca8; Psmc5; Pttg1; Psma2; Cenpc1; Psma4; Tubb2a; Cdc16; Cenph; Psmb3; Ube2s; Ppp2cb; Tuba8; Knl1; Nsl1; Psma6; Psmb4; Bub3; Psmd3; Psmd6; Ppp2r5c; Psma3; Cenpp; Tubb2b; Ppp2ca; Nde1; Psmd12; Psmd13; Dync1li1; Cenpq; Adrm1; Ska2; Nup107; Psmd1","eye","RR-3","GLDS-194","Stat_(Space Flight)v(Ground Control)",1,"flight_positive"
"REACTOME_SEROTONIN_NEUROTRANSMITTER_RELEASE_CYCLE",0.237603305785124,0.411670284548593,0.126875729929857,0.387728459163278,1.16848286770077,18,"reactome","Syt1; Stxbp1; Vamp2; Syn3; Ppfia1; Syn1; Slc18a2","eye","RR-3","GLDS-194","Stat_(Space Flight)v(Ground Control)",1,"flight_positive"
"REACTOME_SHC1_EVENTS_IN_ERBB2_SIGNALING",0.0525252525252525,0.134695905187708,0.282013350011725,0.473123560398861,1.54037771360598,22,"reactome","Ptpn12; Prkca; Kras; Sos1; Grb2; Prkce; Nrg4; Nrg3; Egf; Nrg1; Erbb4","eye","RR-3","GLDS-194","Stat_(Space Flight)v(Ground Control)",1,"flight_positive"
"REACTOME_SHC_MEDIATED_CASCADE_FGFR1",0.727272727272727,0.815640066159134,0.0619762736001998,0.269452214031515,0.812038137307012,18,"reactome","Kras; Sos1; Grb2; Fgfr1","eye","RR-3","GLDS-194","Stat_(Space Flight)v(Ground Control)",1,"flight_positive"
"REACTOME_SHC_MEDIATED_CASCADE_FGFR3",0.560483870967742,0.689661604634832,0.0736212741014394,0.314497261158856,0.927095359023894,16,"reactome","Kras; Sos1; Grb2","eye","RR-3","GLDS-194","Stat_(Space Flight)v(Ground Control)",1,"flight_positive"
"REACTOME_SHC_MEDIATED_CASCADE_FGFR4",0.639511201629328,0.747347668926482,0.0675188953767744,0.291396039661555,0.864635205466874,17,"reactome","Kras; Sos1; Grb2","eye","RR-3","GLDS-194","Stat_(Space Flight)v(Ground Control)",1,"flight_positive"
"REACTOME_SIALIC_ACID_METABOLISM",0.472916666666667,0.631046093757864,0.0843144320642653,0.278391328380794,0.98745162511138,32,"reactome","St8sia2; St8sia3; St8sia1; Neu3; St3gal1","eye","RR-3","GLDS-194","Stat_(Space Flight)v(Ground Control)",1,"flight_positive"
"REACTOME_SIGNALING_BY_ACTIVIN",0.672097759674134,0.773866505618483,0.0650877566917313,0.281632675165832,0.835665186942903,17,"reactome","Acvr2b; Acvr2a; Inhba; Smad3; Mapk3","eye","RR-3","GLDS-194","Stat_(Space Flight)v(Ground Control)",1,"flight_positive"
"REACTOME_SIGNALING_BY_ALK",0.129707112970711,0.263994960414366,0.178219874951973,0.375634326940754,1.30132908253797,29,"reactome","Prdm1; Ptprz1; Ep300; Frs2; Irs1; Hdac1; Pik3cb; Plcg1; Hif1a; Stat3; Sin3a","eye","RR-3","GLDS-194","Stat_(Space Flight)v(Ground Control)",1,"flight_positive"
"REACTOME_SIGNALING_BY_ALK_IN_CANCER",0.065439672801636,0.157809403711043,0.252961123069611,0.291515333843629,1.30391656689568,88,"reactome","Mecp2; Fn1; Notch1; Rb1; Birc6; Dctn1; Frs2; Msn; Ago2; Tfg; Ago1; Grb2; Rrbp1; Cltc; Bcl11a; Irs1; Tpr; Hdac1; Ubc; Ranbp2; Pik3cb; Cars; Tnrc6c; Ago3; Mapk3; Myh9; Hip1","eye","RR-3","GLDS-194","Stat_(Space Flight)v(Ground Control)",1,"flight_positive"
"REACTOME_SIGNALING_BY_BMP",0.0117081934472127,0.040052492035573,0.380730400722792,0.472046379013661,1.65366117143705,30,"reactome","Bmpr2; Acvr2b; Smad5; Cer1; Acvrl1; Ski; Acvr2a; Smad9; Inhba","eye","RR-3","GLDS-194","Stat_(Space Flight)v(Ground Control)",1,"flight_positive"
"REACTOME_SIGNALING_BY_BRAF_AND_RAF1_FUSIONS",0.00932382660150557,0.0343225701175231,0.380730400722792,0.372404705653638,1.55963905008932,62,"reactome","Fn1; Kdm7a; D630045J12Rik; Kras; Akap9; Vwf; Braf; Camk2a; Camk2d; Ywhab; Rap1a; Ksr1; Rap1b; Cnksr2; Clcn6; Bcl2l11; Mapk3; Trak1; Tent4a; Snd1; Vcl; Ksr2; Csk; Agk; Iqgap1","eye","RR-3","GLDS-194","Stat_(Space Flight)v(Ground Control)",1,"flight_positive"
"REACTOME_SIGNALING_BY_CSF1_M_CSF_IN_MYELOID_CELLS",0.542145593869732,0.67772828310166,0.0727141077934447,-0.260687759847766,-0.929044905549511,30,"reactome","Uba52; Rps27a; Yes1; Grap2; Stat1; Inppl1; Thoc5; Plcg2; Fyn; Il34; Lyn; Ubb","eye","RR-3","GLDS-194","Stat_(Space Flight)v(Ground Control)",1,"flight_positive"
"REACTOME_SIGNALING_BY_CSF3_G_CSF",0.049618320610687,0.131873934632773,0.282013350011725,-0.420654618865296,-1.48747714578447,29,"reactome","Uba52; Rps27a; Csf3r; Socs1; Jak2; Stat1; Elob; Rnf7","eye","RR-3","GLDS-194","Stat_(Space Flight)v(Ground Control)",1,"flight_positive"
"REACTOME_SIGNALING_BY_CTNNB1_PHOSPHO_SITE_MUTANTS",0.429961089494163,0.592956414352782,0.0857844408075645,-0.351864115384921,-1.02182664476568,15,"reactome","Ppp2r5b; Ppp2r1a; Ppp2r5d; Ctnnb1; Ppp2cb; Ppp2r5c; Ppp2ca","eye","RR-3","GLDS-194","Stat_(Space Flight)v(Ground Control)",1,"flight_positive"
"REACTOME_SIGNALING_BY_CYTOSOLIC_FGFR1_FUSION_MUTANTS",0.103305785123967,0.224444116489571,0.199915231309662,0.460538247175272,1.38790702365913,18,"reactome","Bcr; Zmym2; Grb2; Cntrl; Cux1; Myo18a; Stat3","eye","RR-3","GLDS-194","Stat_(Space Flight)v(Ground Control)",1,"flight_positive"
"REACTOME_SIGNALING_BY_EGFR",0.0706860706860707,0.167955147987919,0.245041785430996,0.343601429482795,1.38606658384536,53,"reactome","Ptpn12; Ptpn3; Kras; Cbl; Gab1; Adam10; Arhgef7; Pag1; Sos1; Sh3gl2; Stam2; Grb2; Hgs; Ubc; Stam; Adam12; Fam83d; Tgfa; Plcg1; Csk","eye","RR-3","GLDS-194","Stat_(Space Flight)v(Ground Control)",1,"flight_positive"
"REACTOME_SIGNALING_BY_EGFR_IN_CANCER",0.412244897959184,0.579859629155404,0.0908241419007155,0.308266800099377,1.03856834718025,25,"reactome","Kras; Cbl; Gab1; Sos1; Grb2; Ubc","eye","RR-3","GLDS-194","Stat_(Space Flight)v(Ground Control)",1,"flight_positive"
"REACTOME_SIGNALING_BY_ERBB2",0.41358024691358,0.579859629155404,0.0911073131586733,0.251471709465241,1.00676309497877,50,"reactome","Ptpn12; Prkca; Kras; Gab1; Sos1; Memo1; Grb2; Diaph1; Prkce; Ubc","eye","RR-3","GLDS-194","Stat_(Space Flight)v(Ground Control)",1,"flight_positive"
"REACTOME_SIGNALING_BY_ERBB2_ECD_MUTANTS",0.145161290322581,0.290057687779609,0.16440575583821,0.442732874696447,1.30511659117774,16,"reactome","Kras; Gab1; Sos1; Grb2; Plcg1; Erbin; Egf","eye","RR-3","GLDS-194","Stat_(Space Flight)v(Ground Control)",1,"flight_positive"
"REACTOME_SIGNALING_BY_ERBB2_IN_CANCER",0.098159509202454,0.216266926713656,0.204294756516886,0.402712988326777,1.37069113054692,26,"reactome","Ptpn12; Kras; Gab1; Sos1; Grb2; Nrg4; Plcg1; Nrg3; Erbin; Egf; Nrg1; Erbb4","eye","RR-3","GLDS-194","Stat_(Space Flight)v(Ground Control)",1,"flight_positive"
"REACTOME_SIGNALING_BY_ERBB4",0.528784648187633,0.674847540519182,0.0795564677235957,0.232664537526057,0.951166228750089,58,"reactome","Kras; Cxcl12; Sos1; Tab2; Ncstn; Grb2; Wwp1; Ncor1; Ubc; Gabrb3; Psen1; Psen2; Nrg4; Gabra1; Wwox; Gabrg3; Nrg3; Dlg4; Nedd4; Egf; Nrg1","eye","RR-3","GLDS-194","Stat_(Space Flight)v(Ground Control)",1,"flight_positive"
"REACTOME_SIGNALING_BY_ERYTHROPOIETIN",0.019082659265902,0.0587147625692982,0.352487857583619,0.473478983894923,1.5951775720571,25,"reactome","Kras; Gab1; Sos1; Grb2; Irs2; Pik3r5; Pik3cb; Epo; Crkl; Rapgef1; Plcg1","eye","RR-3","GLDS-194","Stat_(Space Flight)v(Ground Control)",1,"flight_positive"
"REACTOME_SIGNALING_BY_FGFR",0.407114624505929,0.574994105921941,0.0897104652742981,-0.232045413616013,-1.02999049269211,84,"reactome","Frs3; Uba52; Polr2h; Rps27a; Polr2f; Gipc1; Polr2i; Ppp2r1a; Polr2l; Ncbp2; Hras; Polr2k; Spry2; Ppp2cb; Fgfbp1; Polr2j; Fgf1; Ppp2ca; Hnrnpf; Fgf17; Hnrnpa1; Fgf10; Polr2g; Polr2c; Fgf8; Fgf22; Polr2d; Ubb; Gtf2f1; Esrp2","eye","RR-3","GLDS-194","Stat_(Space Flight)v(Ground Control)",1,"flight_positive"
"REACTOME_SIGNALING_BY_FGFR1",0.536734693877551,0.67772828310166,0.0764767053228531,0.238547190110544,0.948899928575901,48,"reactome","Kras; Cbl; Gab1; Frs2; Braf; Sos1; Grb2; Flrt1; Ubc; Fgfr1","eye","RR-3","GLDS-194","Stat_(Space Flight)v(Ground Control)",1,"flight_positive"
"REACTOME_SIGNALING_BY_FGFR1_IN_DISEASE",0.0655737704918033,0.157809403711043,0.252961123069611,0.383568545808943,1.40482763615065,35,"reactome","Kras; Gab1; Frs2; Bcr; Sos1; Zmym2; Grb2; Fgfr1; Cntrl; Cux1; Plcg1; Myo18a; Stat3","eye","RR-3","GLDS-194","Stat_(Space Flight)v(Ground Control)",1,"flight_positive"
"REACTOME_SIGNALING_BY_FGFR2",0.237254901960784,0.411670284548593,0.123257226381337,-0.266191208935916,-1.13706296174969,69,"reactome","Frs3; Uba52; Polr2h; Rps27a; Polr2f; Polr2i; Ppp2r1a; Polr2l; Ncbp2; Hras; Polr2k; Spry2; Ppp2cb; Fgfbp1; Polr2j; Fgf1; Ppp2ca; Hnrnpf; Fgf17; Hnrnpa1; Fgf10; Polr2g; Polr2c; Fgf8; Fgf22; Polr2d; Ubb; Gtf2f1; Esrp2","eye","RR-3","GLDS-194","Stat_(Space Flight)v(Ground Control)",1,"flight_positive"
"REACTOME_SIGNALING_BY_FGFR2_IIIA_TM",0.0381518642001573,0.103993948845588,0.321775918075361,-0.498566150954671,-1.56237809903943,19,"reactome","Polr2h; Polr2f; Polr2i; Polr2l; Ncbp2; Polr2k; Polr2j; Fgf1; Polr2g; Polr2c; Polr2d; Gtf2f1","eye","RR-3","GLDS-194","Stat_(Space Flight)v(Ground Control)",1,"flight_positive"
"REACTOME_SIGNALING_BY_FGFR2_IN_DISEASE",0.351456310679612,0.525026821547305,0.0972150808846466,-0.279606332771426,-1.06768968141744,40,"reactome","Polr2h; Polr2f; Polr2i; Polr2l; Ncbp2; Hras; Polr2k; Polr2j; Fgf1; Fgf17; Fgf10; Polr2g; Polr2c; Fgf8; Fgf22; Polr2d; Gtf2f1","eye","RR-3","GLDS-194","Stat_(Space Flight)v(Ground Control)",1,"flight_positive"
"REACTOME_SIGNALING_BY_FGFR3",0.542338709677419,0.67772828310166,0.0753093764172773,0.251471954212313,0.945720365976353,38,"reactome","Kras; Cbl; Gab1; Frs2; Braf; Sos1; Grb2; Ubc","eye","RR-3","GLDS-194","Stat_(Space Flight)v(Ground Control)",1,"flight_positive"
"REACTOME_SIGNALING_BY_FGFR4",0.556451612903226,0.686938575117285,0.0739901439101341,0.248091302850208,0.93300661881746,38,"reactome","Kras; Cbl; Gab1; Frs2; Braf; Sos1; Grb2; Ubc","eye","RR-3","GLDS-194","Stat_(Space Flight)v(Ground Control)",1,"flight_positive"
"REACTOME_SIGNALING_BY_FGFR_IN_DISEASE",0.778481012658228,0.856720310412824,0.0597317976364411,0.198382014891278,0.820346425395594,60,"reactome","Polr2a; Kras; Gab1; Frs2; Bcr; Sos1; Zmym2; Grb2","eye","RR-3","GLDS-194","Stat_(Space Flight)v(Ground Control)",1,"flight_positive"
"REACTOME_SIGNALING_BY_FLT3_FUSION_PROTEINS",0.00531889677089774,0.0218077827946771,0.407017918923954,0.576814906855026,1.76025737015592,19,"reactome","Kras; Golgb1; Sos1; Zmym2; Grb2; Sptbn1; Etv6","eye","RR-3","GLDS-194","Stat_(Space Flight)v(Ground Control)",1,"flight_positive"
"REACTOME_SIGNALING_BY_FLT3_ITD_AND_TKD_MUTANTS",0.151209677419355,0.296197847538808,0.160801401070022,0.439697761052635,1.29616948695521,16,"reactome","Kras; Sos1; Grb2","eye","RR-3","GLDS-194","Stat_(Space Flight)v(Ground Control)",1,"flight_positive"
"REACTOME_SIGNALING_BY_HEDGEHOG",0.0431687747767721,0.116142035333085,0.321775918075361,-0.277527812324074,-1.33097306920705,133,"reactome","Uba52; Psma7; Rps27a; Gpc5; Psmc1; Spopl; Tubb3; Sem1; Psmd2; Psmc3; Tuba1c; Skp1; Psma5; Psmb6; Psmd14; Tubb4b; Ift57; Tuba1b; Psmd8; Psmb1; Psma1; Psmb7; Os9; Rbx1; Psmc5; Psma2; Psma4; Tubb2a; Psmb3; Psma6; Psmb4; Psmd3; Psmd6; Psma3; Cul1; P4hb; Tubb2b; Psmd12; Psmd13; Adrm1; Prkar2b; Psmd1; Psmc2; Tuba1a; Wdr35; Tuba4a; Shh; Gas8; Ubb; Kif3a","eye","RR-3","GLDS-194","Stat_(Space Flight)v(Ground Control)",1,"flight_positive"
"REACTOME_SIGNALING_BY_HIPPO",0.0785123966942149,0.182142106737638,0.231126709673834,0.471612388759842,1.47152064879663,20,"reactome","Mob1b; Amot; Tjp1; Lats1; Ywhab; Lats2; Ywhae","eye","RR-3","GLDS-194","Stat_(Space Flight)v(Ground Control)",1,"flight_positive"
"REACTOME_SIGNALING_BY_INSULIN_RECEPTOR",0.354709418837675,0.528444644390823,0.0985499803531691,0.238964041904295,1.05097762552115,77,"reactome","Insr; Atp6v0a1; Kras; Gab1; Frs2; Sos1; Trib3; Atp6v0a2; Pik3r4; Ide; Grb2; Irs1; Irs2; Fgfr1; Pik3cb; Ptprf","eye","RR-3","GLDS-194","Stat_(Space Flight)v(Ground Control)",1,"flight_positive"
"REACTOME_SIGNALING_BY_INTERLEUKINS",0.00250587398687597,0.0120878062362519,0.431707695803346,-0.244484425954385,-1.35895497360812,418,"reactome","Dusp6; Uba52; Psma7; Snrpa1; Bola2; Psme2; Pomc; Rps27a; Havcr2; Psmc1; Stx1a; Ripk2; Sem1; Psmd2; H3c3; Psmc3; H3c7; Il12b; Taldo1; Mapkapk2; Skp1; Ppia; Csf3r; Psma5; Tcp1; Psmb6; Nfkb1; Psmd14; Rhou; Yes1; Socs1; Casp1; H3c1; Aip; Ppp2r1a; Jak2; Psmd8; Il11ra1; Ptafr; Psmb1; H3c11; Psma1; Junb; Psmb7; Ppp2r5d; Stat1; Cfl1; Ccnd1; Batf; Rplp0; Rbx1; Nkiras1; Psmc5; Psma2; Il20rb; Il15; Sod1; Psma4; Ptpn13; Hsp90b1; Hspa9; Psmb3; Ppp2cb; Stat2; Il12rb2; Hsp90aa1; Hmgb1; Ctf1; Cdc42; Psma6; Psmb4; Mapk11; Tnf; Psmd3; Dusp4; Psmd6; Psma3; Map2k1; Il1a; H3c8; Il18; Lrrc14; Cul1; Nfkbib; Arf1; P4hb; Nkiras2; Sqstm1; Snap25; Fpr1; Ppp2ca; Mmp3; Capza1; Usp18; Casp3; Itgax; Inppl1; Hnrnpf; H3c4; Psmd12; Il12a; Psmd13; Maoa; Il1r2; Ube2v1; Adrm1; Rps6ka1; Stx3; Hgf; Il7; Itgam; Ccl4; Psmd1","eye","RR-3","GLDS-194","Stat_(Space Flight)v(Ground Control)",1,"flight_positive"
"REACTOME_SIGNALING_BY_KIT_IN_DISEASE",0.727799227799228,0.815640066159134,0.0587185879555941,-0.256798888823018,-0.813557402135461,20,"reactome","Yes1; Jak2; Stat1; Hras","eye","RR-3","GLDS-194","Stat_(Space Flight)v(Ground Control)",1,"flight_positive"
"REACTOME_SIGNALING_BY_MET",0.0168464174699074,0.0530081239354846,0.352487857583619,0.332364535632654,1.46323437896444,79,"reactome","Fn1; Kras; Cbl; Ranbp10; Gab1; Sos1; Rap1a; Sh3gl2; Stam2; Grb2; Lamc1; Hgs; Rap1b; Ubc; Col5a3; Lamc3; Stam; Dock7; Lama4; Crkl; Rapgef1; Gga3; Lama2; Col2a1; Stat3; Hpn; Ranbp9","eye","RR-3","GLDS-194","Stat_(Space Flight)v(Ground Control)",1,"flight_positive"
"REACTOME_SIGNALING_BY_MODERATE_KINASE_ACTIVITY_BRAF_MUTANTS",0.0809716599190283,0.18705478399016,0.224966093540314,0.353977917289797,1.38241966996615,43,"reactome","Fn1; Kras; Vwf; Braf; Camk2a; Camk2d; Ywhab; Rap1a; Ksr1; Rap1b; Cnksr2","eye","RR-3","GLDS-194","Stat_(Space Flight)v(Ground Control)",1,"flight_positive"
"REACTOME_SIGNALING_BY_NODAL",0.570212765957447,0.698414965014994,0.0755015292281669,0.302470043698626,0.923043280165623,19,"reactome","Acvr2b; Cer1; Acvr2a; Foxo3; Smad3; Mapk3; Furin; Pcsk6","eye","RR-3","GLDS-194","Stat_(Space Flight)v(Ground Control)",1,"flight_positive"
"REACTOME_SIGNALING_BY_NOTCH",0.0018027994465125,0.00913919163857032,0.45505986738723,-0.290993162623169,-1.49348510628531,207,"reactome","Uba52; Psma7; H2ac19; Kat2b; Tmed2; Rps27a; Psmc1; H4c1; Hdac3; Sem1; H2aj; Psmd2; H3c3; Psmc3; H3c7; Ybx1; Poglut1; H2ac13; H4c4; Skp1; Psma5; Psmb6; Psmd14; H3c1; St3gal4; H2ac20; Psmd8; H2bc7; Psmb1; H3c11; Psma1; H4c2; H4c3; Psmb7; Snw1; H4c12; Stat1; H2ac4; Ccnd1; H4c11; H2ac10; Rbx1; H2bc14; Psmc5; Psma2; H4c18; H3f3b; Psma4; Hes5; H2bc18; Psmb3; H4c6; Tacc3; H4c8; Hdac2; Psma6; Psmb4; Hdac11; Psmd3; Psmd6; Psma3; Aph1a; H3c8; Cul1; H2bc3; Mib2; Wwc1; H2ax; E2f1; H3c4; Dtx1; Psmd12; Psmd13; Adrm1; H2bc21; H3f3a; H4c17; Psmd1","eye","RR-3","GLDS-194","Stat_(Space Flight)v(Ground Control)",1,"flight_positive"
"REACTOME_SIGNALING_BY_NOTCH1",0.00353049994095392,0.0158961584115425,0.431707695803346,0.387262208937194,1.68238988082173,75,"reactome","Numb; Mamld1; Notch1; Ncor2; Ep300; Crebbp; Dll4; Rbpj; Maml1; Tle4; Hdac4; Adam10; Tle2; Tbl1x; Hdac7; Ncstn; Maml2; Kat2a; Ncor1; Hdac1; Nbea; Ubc; Dlk1; Psen1; Maml3; Psen2; Tle3; Dner; Mib1; Hif1a; Heyl; Cdk8","eye","RR-3","GLDS-194","Stat_(Space Flight)v(Ground Control)",1,"flight_positive"
"REACTOME_SIGNALING_BY_NOTCH1_HD_DOMAIN_MUTANTS_IN_CANCER",0.426229508196721,0.589294585196224,0.0891647117820678,0.358915912029035,1.0336705087204,15,"reactome","Notch1; Dll4; Adam10; Ubc","eye","RR-3","GLDS-194","Stat_(Space Flight)v(Ground Control)",1,"flight_positive"
"REACTOME_SIGNALING_BY_NOTCH1_PEST_DOMAIN_MUTANTS_IN_CANCER",0.0131312095066639,0.0437677805869758,0.380730400722792,0.378958313483619,1.56664148449203,59,"reactome","Mamld1; Notch1; Ncor2; Ep300; Crebbp; Dll4; Rbpj; Maml1; Hdac4; Adam10; Tbl1x; Hdac7; Ncstn; Maml2; Kat2a; Ncor1; Hdac1; Ubc","eye","RR-3","GLDS-194","Stat_(Space Flight)v(Ground Control)",1,"flight_positive"
"REACTOME_SIGNALING_BY_NOTCH2",0.0246248269444385,0.0720967526849202,0.352487857583619,0.426679678017157,1.53240827209125,33,"reactome","Mamld1; Ep300; Dll4; Rbpj; Maml1; Adam10; Ncstn; Maml2; Notch2; Ubc; Psen1; Maml3; Fcer2a; Psen2","eye","RR-3","GLDS-194","Stat_(Space Flight)v(Ground Control)",1,"flight_positive"
"REACTOME_SIGNALING_BY_NOTCH3",0.0617283950617284,0.151274098237921,0.261663521711573,0.350905487666389,1.40484468634385,50,"reactome","Mamld1; Notch1; Ep300; Crebbp; Dll4; Rbpj; Maml1; Adam10; Ncstn; Maml2; Pbx1; Kat2a; Plxnd1; Ubc","eye","RR-3","GLDS-194","Stat_(Space Flight)v(Ground Control)",1,"flight_positive"
"REACTOME_SIGNALING_BY_NOTCH4",0.0360025944337243,0.0985571022623203,0.321775918075361,-0.336975804240828,-1.46644981159073,73,"reactome","Uba52; Psma7; Kat2b; Rps27a; Psmc1; Sem1; Psmd2; Psmc3; Skp1; Psma5; Psmb6; Psmd14; Psmd8; Psmb1; Psma1; Psmb7; Snw1; Rbx1; Psmc5; Psma2; Psma4; Hes5; Psmb3; Tacc3; Psma6; Psmb4; Psmd3; Psmd6; Psma3; Aph1a; Cul1","eye","RR-3","GLDS-194","Stat_(Space Flight)v(Ground Control)",1,"flight_positive"
"REACTOME_SIGNALING_BY_NTRK2_TRKB",0.208163265306122,0.376758306628437,0.135740943810425,0.355534059496863,1.19781442704472,25,"reactome","Kras; Gab1; Frs2; Sos1; Grb2; Dock3","eye","RR-3","GLDS-194","Stat_(Space Flight)v(Ground Control)",1,"flight_positive"
"REACTOME_SIGNALING_BY_NTRK3_TRKC",0.120967741935484,0.25124836662311,0.181383128498408,0.457209107009452,1.34779056469371,16,"reactome","Ptprs; Kras; Sos1; Grb2; Irs1","eye","RR-3","GLDS-194","Stat_(Space Flight)v(Ground Control)",1,"flight_positive"
"REACTOME_SIGNALING_BY_NTRKS",0.126760563380282,0.259930368729229,0.176694268938498,0.246815985356961,1.19190929323441,133,"reactome","Rps6ka3; Ptprs; Kras; Ep300; Mef2a; Gab1; Mef2d; Frs2; Braf; Tcf12; Dnm3; Sos1; Ywhab; Ap2m1; Chd4; Rap1a; Dnm1; Sh3gl2; Grb2; Egr1; Cltc; Irs1; Adora2a; Irs2; Dock3; Pik3cb; Rest; Vgf; Trib1; Atf1; Cdk5r2; Mapk3; Grin2b; Ap2b1; Ppp2r1b; Dnm2; Furin; Crkl; Rapgef1","eye","RR-3","GLDS-194","Stat_(Space Flight)v(Ground Control)",1,"flight_positive"
"REACTOME_SIGNALING_BY_NUCLEAR_RECEPTORS",0.0463312158788162,0.123437180991007,0.321775918075361,-0.236652304158165,-1.25341081001486,269,"reactome","Ctsd; Akt3; Gpam; Nr1h3; Rdh5; Polr2h; Rdh10; H2ac19; Kat2b; Gng4; H4c1; Hdac3; H2aj; H3c3; H3c7; Jund; H2ac13; H4c4; Kat5; Polr2f; Gnb2; Dhrs4; Polr2i; H3c1; H2ac20; H2bc7; Polr2l; H3c11; H4c2; Gng10; H4c3; Rxrg; H4c12; Hras; Gng8; H2ac4; Ccnd1; H4c11; H2ac10; Polr2k; Rdh13; H2bc14; H4c18; Pdhb; H3f3b; H2bc18; Crabp1; Fkbp4; H4c6; Gngt2; Hsp90aa1; H4c8; Gngt1; Apoe; Pdhx; Esr2; Usf1; Kank1; Polr2j; Dlat; H3c8; H2bc3; Mmp3; H2ax; Btc; Apoc4; Gnai2; H3c4; Calm1; Gnb3; H2bc21; H3f3a; Gnai3; H4c17; Gng11; Polr2g; Pltp; Polr2c; Angptl3; Gng2; H2ac18; Pdha1; H2az2; Rdh11; Arl4c; Polr2d; Ebag9; H2bc8; H2bc4; H3c10; Gtf2f1; Aldh1a3","eye","RR-3","GLDS-194","Stat_(Space Flight)v(Ground Control)",1,"flight_positive"
"REACTOME_SIGNALING_BY_PDGF",0.484008528784648,0.640323365984992,0.0843144320642653,0.239512125902454,0.979160158900621,58,"reactome","Ptpn12; Kras; Pdgfrb; Sos1; Grb2; Col5a3; Pik3cb; Col4a2; Pdgfra; Furin; Crkl; Rapgef1; Pdgfb; Col2a1; Plcg1; Pdgfc; Stat3","eye","RR-3","GLDS-194","Stat_(Space Flight)v(Ground Control)",1,"flight_positive"
"REACTOME_SIGNALING_BY_PDGFR_IN_DISEASE",0.0909090909090909,0.206088767691639,0.213927855492356,0.462624382015602,1.44347635260998,20,"reactome","Kras; Kdr; Sos1; Grb2; Golga4; Pik3cb; Etv6; Pdgfra; Strn; Stat3","eye","RR-3","GLDS-194","Stat_(Space Flight)v(Ground Control)",1,"flight_positive"
"REACTOME_SIGNALING_BY_PTK6",0.540880503144654,0.67772828310166,0.0774767547848578,0.233036175214333,0.942263663636947,54,"reactome","Kras; Epas1; Cbl; Pelp1; Khdrbs1; Arhgap35; Sfpq; Ubc; Srms; Nrg4; Elmo1; Nr3c1; Hif1a; Stat3; Nrg3; Egf; Rhoa; Nrg1; Rasa1; Pxn; Cdk2; Erbb4","eye","RR-3","GLDS-194","Stat_(Space Flight)v(Ground Control)",1,"flight_positive"
"REACTOME_SIGNALING_BY_RETINOIC_ACID",0.25390625,0.427734375,0.118287526124085,-0.305141457288625,-1.13585170175763,36,"reactome","Rdh5; Rdh10; Dhrs4; Rxrg; Rdh13; Pdhb; Crabp1; Pdhx; Dlat; Pdha1; Rdh11; Aldh1a3; Rxrb; Rdh14; Crabp2; Pdk3","eye","RR-3","GLDS-194","Stat_(Space Flight)v(Ground Control)",1,"flight_positive"
"REACTOME_SIGNALING_BY_ROBO_RECEPTORS",1.12067504307711e-22,8.1809278144629e-21,1.22950405660873,-0.554650130257522,-2.82189374020066,193,"reactome","Rpl27a; Rpl6; Rpl26; Rps6; Rps7; Rps5; Rpl7; Rpl7a; Rpl30; Rps3a1; Rpl14; Rps4x; Uba52; Rpl39; Rpl8; Rbm8a; Rpl18a; Rpl13; Rpl36a; Psma7; Rplp1; Rps25; Rps9; Rpl3; Rpl23; Rpl32; Rpl29; Rpl17; Rpl36al; Rpl35a; Rps24; Rps29; Rps11; Rplp2; Rps19; Rps26; Rps10; Rps27a; Rpl22l1; Psmc1; Rpl9; Rpsa; Rps28; Rpl5; Rps15a; Rps20; Rpl36; Rps3; Rpl38; Sem1; Rps13; Rps17; Psmd2; Rpl37a; Rpl21; Rps16; Psmc3; Rpl27; Rpl19; Rpl10; Rpl35; Rps14; Rpl24; Rps12; Rpl4; Rpl22; Rpl18; Rps27; Rps21; Psma5; Rps2; Rps15; Rps23; Psmb6; Psmd14; Nck1; Fau; Rpl13a; Eif4a3; Psmd8; Upf3a; Psmb1; Rpl31; Psma1; Rps18; Akap5; Psmb7; Ncbp2; Elob; Rplp0; Rbx1; Rnps1; Psmc5; Psma2; Psma4; Magoh; Rpl12; Psmb3; Cdc42; Rpl15; Psma6; Psmb4; Etf1; Psmd3; Pak1; Psmd6; Psma3; Rpl10a","eye","RR-3","GLDS-194","Stat_(Space Flight)v(Ground Control)",1,"flight_positive"
"REACTOME_SIGNALING_BY_SCF_KIT",0.773622047244094,0.853947723520447,0.0567672387487446,-0.216353623122994,-0.834051152925713,43,"reactome","Chek1; Yes1; Socs1; Jak2; Grap2; Stat1; Hras","eye","RR-3","GLDS-194","Stat_(Space Flight)v(Ground Control)",1,"flight_positive"
"REACTOME_SIGNALING_BY_TGFBR3",0.000137561330280953,0.00103170997710715,0.518848077743792,0.518469798663242,2.02308702830081,46,"reactome","Tnrc6b; Tnrc6a; Ep300; Tcf4; Tgfb2; Tcf12; Ago2; Sp1; Ncstn; Myf6; Ago1; Rara; Acvr2a; Myog; Inhba; Myod1; Tnrc6c; Smad3; Ago3; Psen1; Psen2; Tgfb1; Tgfbr2; Timp2; Mmp16; Fgf2; Tcf3; Mov10","eye","RR-3","GLDS-194","Stat_(Space Flight)v(Ground Control)",1,"flight_positive"
"REACTOME_SIGNALING_BY_TGFB_FAMILY_MEMBERS",0.00574159876912639,0.0231798587583475,0.407017918923954,0.301482592140719,1.47467460292391,156,"reactome","Rnf111; Pmepa1; Ccnk; Tnrc6b; Bmpr2; Ncor2; Acvr2b; Tnrc6a; Ep300; Tcf4; Fkbp1a; Cbl; Smad5; Tgfb2; Trim33; Ccnt2; Tcf12; Ago2; Sp1; Ncstn; Myf6; Cer1; Acvrl1; Ski; Ago1; Rara; Usp9x; Acvr2a; Smad9; Ncor1; Myog; Hdac1; Ubc; Inhba; Myod1; Ltbp3; Itga8; Atp1b4; Tnrc6c; Smad3; Ago3; Mapk3; Nedd4l; Psen1; Ltbp4; Psen2; Furin","eye","RR-3","GLDS-194","Stat_(Space Flight)v(Ground Control)",1,"flight_positive"
"REACTOME_SIGNALING_BY_TGF_BETA_RECEPTOR_COMPLEX",0.367886178861789,0.534264410946497,0.0972150808846466,0.228954432112168,1.03798320953566,93,"reactome","Rnf111; Pmepa1; Ccnk; Ncor2; Ep300; Fkbp1a; Cbl; Tgfb2; Trim33; Ccnt2; Sp1; Ski; Usp9x; Ncor1; Hdac1; Ubc; Ltbp3; Itga8; Atp1b4; Smad3; Mapk3; Nedd4l; Ltbp4","eye","RR-3","GLDS-194","Stat_(Space Flight)v(Ground Control)",1,"flight_positive"
"REACTOME_SIGNALING_BY_THE_B_CELL_RECEPTOR_BCR",0.00363824901823177,0.016194645020178,0.431707695803346,-0.348190191905412,-1.6008492566089,98,"reactome","Uba52; Psma7; Rps27a; Psmc1; Bcl10; Sem1; Psmd2; Psmc3; Skp1; Ppia; Psma5; Psmb6; Nfkb1; Psmd14; Nck1; Psmd8; Psmb1; Psma1; Psmb7; Hras; Psmc5; Psma2; Psma4; Psmb3; Psma6; Psmb4; Psmd3; Psmd6; Psma3; Cul1; Nfkbib; Calm1; Card11; Psmd12; Psmd13; Adrm1; Psmd1; Plcg2; Psmc2; Fyn; Lyn; Ptpn6; Cd22; Ubb","eye","RR-3","GLDS-194","Stat_(Space Flight)v(Ground Control)",1,"flight_positive"
"REACTOME_SIGNALING_BY_TYPE_1_INSULIN_LIKE_GROWTH_FACTOR_1_RECEPTOR_IGF1R",0.0355029146121698,0.097878599585679,0.321775918075361,0.363107171754921,1.46600083934879,51,"reactome","Igf1r; Kras; Gab1; Frs2; Sos1; Trib3; Pik3r4; Igf2; Grb2; Irs1; Irs2; Fgfr1; Pik3cb; Igf1; Cilp","eye","RR-3","GLDS-194","Stat_(Space Flight)v(Ground Control)",1,"flight_positive"
"REACTOME_SIGNALING_BY_VEGF",0.186991869918699,0.346951374870157,0.143758989039275,0.246352452764857,1.14565588668098,105,"reactome","Prkca; Wasf1; Flt1; Kras; Flt4; Ahcyl1; Cdh5; Rictor; Kdr; Wasf2; Trib3; Rock1; Sphk1; Mtor; Rock2; Nos3; Nrp2; Cyfip2; Sh2d2a; Pik3cb","eye","RR-3","GLDS-194","Stat_(Space Flight)v(Ground Control)",1,"flight_positive"
"REACTOME_SIGNALING_BY_WNT",0.015387473120028,0.0495567149012666,0.380730400722792,-0.243104784663055,-1.30236027057328,296,"reactome","Uba52; Psma7; Zranb1; H2ac19; Rps27a; Gng4; Gnat2; Psmc1; H4c1; Sem1; H2aj; Psmd2; H3c3; Psmc3; H3c7; Ppp2r5b; Clta; Snx3; H2ac13; Tle5; H4c4; Skp1; Kat5; Psma5; Psmb6; Gnb2; Psmd14; Cltb; Dvl1; H3c1; H2ac20; Ctbp1; Ppp2r1a; Psmd8; H2bc7; Csnk2b; Psmb1; H3c11; Psma1; H4c2; Gng10; Rnf146; H4c3; Psmb7; H4c12; Ppp2r5d; Pard6a; Gng8; H2ac4; Leo1; H4c11; H2ac10; Rbx1; Dkk1; H2bc14; Psmc5; Psma2; Ctnnb1; H4c18; H3f3b; Psma4; Rac3; Cby1; H2bc18; Psmb3; Ppp2cb; Rspo4; H4c6; Gngt2; H4c8; Psma6; Gngt1; Wnt9b; Psmb4; Ap2s1; Psmd3; Psmd6; Ppp2r5c; Psma3; H3c8; Cul1; H2bc3; Ppp2ca; H2ax; Ctnnbip1; Csnk1g2; Vps29; H3c4; Calm1; Psmd12; Psmd13; Gnb3; Adrm1; H2bc21; H3f3a; H4c17; Psmd1","eye","RR-3","GLDS-194","Stat_(Space Flight)v(Ground Control)",1,"flight_positive"
"REACTOME_SIGNALING_BY_WNT_IN_CANCER",0.12008281573499,0.251172175698057,0.184706471207739,0.361680273303966,1.29896470635505,33,"reactome","Tnks; Ppp2r5e; Apc; Fzd5; Tcf7l2; Gsk3b; Kremen1; Lrp6; Tnks2; Ctbp2; Ppp2r1b; Lrp5","eye","RR-3","GLDS-194","Stat_(Space Flight)v(Ground Control)",1,"flight_positive"
"REACTOME_SIGNALLING_TO_ERKS",0.519832985386221,0.668095210091446,0.0793434960134973,0.266940065258063,0.964210679806287,34,"reactome","Kras; Frs2; Braf; Sos1; Ywhab; Rap1a; Grb2; Mapk3; Crkl; Rapgef1","eye","RR-3","GLDS-194","Stat_(Space Flight)v(Ground Control)",1,"flight_positive"
"REACTOME_SIGNALLING_TO_RAS",0.573359073359073,0.699919939050374,0.0702812841717392,-0.290081953427569,-0.919000551437588,20,"reactome","Mapkapk2; Ralb; Hras; Mapk11; Ntrk1; Shc2; Mapk12; Rala; Ralgds","eye","RR-3","GLDS-194","Stat_(Space Flight)v(Ground Control)",1,"flight_positive"
"REACTOME_SIGNAL_AMPLIFICATION",0.00495944260040656,0.0207524111783386,0.407017918923954,-0.466866053452533,-1.70252338458778,33,"reactome","P2ry12; Gna15; Aamp; Gng4; Gna11; Gnb2; Gng10; Gng8; Gngt2; Gngt1; Gnai2; Gnb3; Gnai3; Pla2g4a; Gng11; Gng2","eye","RR-3","GLDS-194","Stat_(Space Flight)v(Ground Control)",1,"flight_positive"
"REACTOME_SIGNAL_TRANSDUCTION_BY_L1",0.467078189300412,0.627546769673559,0.0843144320642653,0.308122177322513,0.98495107153102,21,"reactome","Csnk2a2; Ncam1; Itga5; Fgfr1; Mapk3; Itga9","eye","RR-3","GLDS-194","Stat_(Space Flight)v(Ground Control)",1,"flight_positive"
"REACTOME_SIRT1_NEGATIVELY_REGULATES_RRNA_EXPRESSION",2.50913149283206e-10,1.01759221653745e-08,0.814035837847908,-0.653605146929971,-2.59825277544597,49,"reactome","H2ac19; H4c1; H2aj; H3c3; H3c7; H2ac13; H4c4; H3c1; H2ac20; Rrp8; H2bc7; H3c11; H4c2; H4c3; H4c12; H2ac4; H4c11; H2ac10; H2bc14; H4c18; H3f3b; H2bc18; H4c6; H4c8; H3c8; Suv39h1; H2bc3; Taf1a; H2ax; H3c4; H2bc21; H3f3a; H4c17; Taf1d; H2ac18; H2az2; H2bc8; H2bc4; H3c10","eye","RR-3","GLDS-194","Stat_(Space Flight)v(Ground Control)",1,"flight_positive"
"REACTOME_SLC_MEDIATED_TRANSMEMBRANE_TRANSPORT",0.180327868852459,0.338114754098361,0.147331213699377,0.217970656730357,1.11943757618335,224,"reactome","Slc25a22; Slc35c1; Slc4a8; Slc38a1; Slc35d1; Slc1a2; Slc24a4; Slc7a1; Slc38a2; Slc7a8; Slc35b4; Slco2b1; Slc12a6; Rhcg; Slc13a5; Slc7a5; Slc40a1; Slco1b2; Slc43a2; Slc9a1; Slc12a7; Slc29a2; Slc9a6; Slc24a2; Slc7a3; Slc7a2; Slc22a3; Slc4a7; Slc6a2; Slc30a1; Slc1a4; Slc16a7; Slc16a3; Slc2a4; Slc12a5; Slco3a1; Slc9a2; Slc5a3; Slc8a2; Slc9a9; Slc22a6; Slc18a2; Slc44a5; Slc22a15; Slc44a1; Slc5a7; Slc6a5; Slc24a3; Slc17a1; Slc7a11; Slc30a10","eye","RR-3","GLDS-194","Stat_(Space Flight)v(Ground Control)",1,"flight_positive"
"REACTOME_SLC_TRANSPORTER_DISORDERS",0.0929752066115702,0.209913095339525,0.211400189384923,0.2845985307474,1.26730732469239,87,"reactome","Slc35c1; Nup160; Pom121; Nup98; Nup153; Slc24a4; Nup214; Slc12a6; Slc40a1; Slco1b2; Gckr; Slc9a6; Nup155; Slc6a2; Tpr; Nup188; Ranbp2; Nup93","eye","RR-3","GLDS-194","Stat_(Space Flight)v(Ground Control)",1,"flight_positive"
"REACTOME_SMAD2_SMAD3_SMAD4_HETEROTRIMER_REGULATES_TRANSCRIPTION",0.304081632653061,0.477033506812467,0.109250039480711,0.296907499005821,1.09345950057121,36,"reactome","Rnf111; Ccnk; Ep300; Ccnt2; Sp1; Hdac1; Ubc; Smad3; Mapk3; Furin; E2f4; Ccnt1; Cdk9; Cdk8; Wwtr1","eye","RR-3","GLDS-194","Stat_(Space Flight)v(Ground Control)",1,"flight_positive"
"REACTOME_SMOOTH_MUSCLE_CONTRACTION",0.245934959349594,0.420779344512195,0.123257226381337,0.290186869096526,1.1179948185113,41,"reactome","Mylpf; Cacna1i; Sorbs1; Cacna1g; Itga1; Trim72; Cacna1h; Mylk; Myl6b; Cav3; Sorbs3; Vcl; Tpm2; Pak2; Dysf; Tpm1; Myh11; Pxn","eye","RR-3","GLDS-194","Stat_(Space Flight)v(Ground Control)",1,"flight_positive"
"REACTOME_SNRNP_ASSEMBLY",0.278350515463918,0.451546391752577,0.115734447701689,0.274038654395871,1.10695216472323,52,"reactome","Nup160; Tgs1; Pom121; Nup98; Nup153; Nup214; Nup155; Gemin8; Tpr; Nup188; Ranbp2; Nup93","eye","RR-3","GLDS-194","Stat_(Space Flight)v(Ground Control)",1,"flight_positive"
"REACTOME_SOMITOGENESIS",0.000230914146634027,0.00164188954911857,0.518848077743792,-0.506151846152051,-1.96228472654647,44,"reactome","Psma7; Psmc1; Sem1; Psmd2; Psmc3; Psma5; Psmb6; Psmd14; Psmd8; Psmb1; Psma1; Psmb7; Psmc5; Psma2; Ctnnb1; Psma4; Psmb3; Psma6; Psmb4; Psmd3; Psmd6; Psma3; Psmd12; Psmd13; Adrm1; Psmd1; Psmc2","eye","RR-3","GLDS-194","Stat_(Space Flight)v(Ground Control)",1,"flight_positive"
"REACTOME_SPHINGOLIPID_DE_NOVO_BIOSYNTHESIS",0.0755102040816327,0.17667451596023,0.234392647294686,0.376905589922007,1.38807877705553,36,"reactome","Cert1; Ppm1l; Cers4; Cers6; Samd8; Prkd2; Sphk1; Osbp; Mfsd2b; Sptlc3; Sgms2; Sptlc1","eye","RR-3","GLDS-194","Stat_(Space Flight)v(Ground Control)",1,"flight_positive"
"REACTOME_SPHINGOLIPID_METABOLISM",0.217659137577002,0.388170611802634,0.132846300606183,0.248988804457076,1.13238599081846,96,"reactome","Cert1; Arsb; Ppm1l; Cers4; Cers6; Samd8; Neu3; Prkd2; Plpp3; Sphk1; Osbp; B4galt6; Mfsd2b; Galc; Gba2; Sptlc3; Acer2; Smpd4; Arsi; Sgms2; Ugcg; Sptlc1; St3gal2","eye","RR-3","GLDS-194","Stat_(Space Flight)v(Ground Control)",1,"flight_positive"
"REACTOME_SPRY_REGULATION_OF_FGF_SIGNALING",0.531620553359684,0.675318452353659,0.0753093764172773,-0.318385393271835,-0.937211682816461,16,"reactome","Uba52; Rps27a; Ppp2r1a; Spry2; Ppp2cb; Ppp2ca","eye","RR-3","GLDS-194","Stat_(Space Flight)v(Ground Control)",1,"flight_positive"
"REACTOME_SRP_DEPENDENT_COTRANSLATIONAL_PROTEIN_TARGETING_TO_MEMBRANE",3.82854124719332e-34,6.98708777612781e-32,1.52292160289117,-0.758089381547263,-3.51592030067651,103,"reactome","Rpl27a; Rpl6; Rpl26; Rps6; Rps7; Rps5; Rpl7; Rpl7a; Rpl30; Rps3a1; Rpl14; Rps4x; Uba52; Rpl39; Rpl8; Rpl18a; Rpl13; Rpl36a; Rplp1; Rps25; Rps9; Rpl3; Rpl23; Rpl32; Rpl29; Rpl17; Rpl36al; Rpl35a; Rps24; Rps29; Rps11; Rplp2; Rps19; Rps26; Rps10; Srp14; Rps27a; Rpl22l1; Rpl9; Rpsa; Rps28; Rpl5; Rps15a; Rps20; Rpl36; Rps3; Rpl38; Rps13; Rps17; Rpl37a; Rpl21; Rps16; Rpl27; Rpl19; Rpl10; Rpl35; Rpn1; Rps14; Rpl24; Rps12; Rpl4; Rpl22; Rpl18; Rps27; Rps21; Rps2; Rps15; Rps23; Fau; Srp9; Rpl13a; Rpl31; Rps18; Sec61b","eye","RR-3","GLDS-194","Stat_(Space Flight)v(Ground Control)",1,"flight_positive"
"REACTOME_STABILIZATION_OF_P53",2.30449600816431e-05,0.000225305636512492,0.575610261071129,-0.547974574144789,-2.12442599104361,44,"reactome","Uba52; Psma7; Cop1; Rps27a; Psmc1; Sem1; Psmd2; Psmc3; Psma5; Psmb6; Psmd14; Psmd8; Psmb1; Psma1; Psmb7; Psmc5; Psma2; Psma4; Psmb3; Psma6; Psmb4; Psmd3; Psmd6; Psma3; Psmd12; Psmd13; Adrm1; Psmd1; Psmc2","eye","RR-3","GLDS-194","Stat_(Space Flight)v(Ground Control)",1,"flight_positive"
"REACTOME_STIMULI_SENSING_CHANNELS",0.262833675564682,0.435942352098097,0.119348440591015,0.240606842672788,1.09426533667579,96,"reactome","Wnk1; Ttyh3; Best3; Tpcn1; Ryr1; Ryr2; Unc80; Clcnka; Wnk2; Wnk4; Slc9b1; Asic3; Casq1; Trdn; Wwp1; Trpm1; Ubc; Clcn1; Clcn6; Trpc4ap","eye","RR-3","GLDS-194","Stat_(Space Flight)v(Ground Control)",1,"flight_positive"
"REACTOME_STING_MEDIATED_INDUCTION_OF_HOST_IMMUNE_RESPONSES",0.82295719844358,0.890452699896956,0.053347785067549,-0.254861359358606,-0.740126987456324,15,"reactome","Xrcc6; Xrcc5","eye","RR-3","GLDS-194","Stat_(Space Flight)v(Ground Control)",1,"flight_positive"
"REACTOME_STRIATED_MUSCLE_CONTRACTION",1.23182504912951e-07,2.3664007522751e-06,0.690132458796796,0.662449958898728,2.43968981462682,36,"reactome","Myl2; Tnni1; Actn3; Myh3; Tmod1; Neb; Myl3; Myl1; Acta1; Tnnc2; Tcap; Tnnt3; Ttn; Tnnt2; Mybpc2; Actn2; Tnni2; Dmd; Tmod4; Myh8; Actc1; Des; Tnnc1; Myh6; Mybpc1","eye","RR-3","GLDS-194","Stat_(Space Flight)v(Ground Control)",1,"flight_positive"
"REACTOME_SULFUR_AMINO_ACID_METABOLISM",0.310679611650485,0.480500246832319,0.104732821580651,-0.315541445311463,-1.096070894234,28,"reactome","Suox; Mpst; Ahcy; Got2; Gadl1; Ethe1; Got1; Csad; Enoph1; Cdo1; Sqor; Ado","eye","RR-3","GLDS-194","Stat_(Space Flight)v(Ground Control)",1,"flight_positive"
"REACTOME_SUMOYLATION",0.0247346852140387,0.0722252808249931,0.352487857583619,0.268665917653928,1.34732083967659,182,"reactome","Phc1; Phc3; Nup160; Ncoa2; Pom121; Ncor2; Nup98; Ep300; Crebbp; Ncoa1; Nrip1; Nup153; Hipk2; Mdc1; Hdac4; Nup214; Dnmt3a; Top1; Scmh1; Rad21; Thrb; Tfap2a; Rora; Mrtfa; Pcgf2; Hdac7; Ddx17; Ppargc1a; Nup155; Rara; Suz12; Phc2; Pml; Pias1; Safb; Tpr; Nup188; Hdac1; Ranbp2; Mta1","eye","RR-3","GLDS-194","Stat_(Space Flight)v(Ground Control)",1,"flight_positive"
"REACTOME_SUMOYLATION_OF_CHROMATIN_ORGANIZATION_PROTEINS",0.0212632682335102,0.0637898047005307,0.352487857583619,0.352283918556784,1.50596188354929,66,"reactome","Phc1; Phc3; Nup160; Pom121; Nup98; Nup153; Hdac4; Nup214; Scmh1; Pcgf2; Nup155; Suz12; Phc2; Pias1; Tpr; Nup188; Hdac1; Ranbp2; Nup93","eye","RR-3","GLDS-194","Stat_(Space Flight)v(Ground Control)",1,"flight_positive"
"REACTOME_SUMOYLATION_OF_DNA_DAMAGE_RESPONSE_AND_REPAIR_PROTEINS",0.014232651727845,0.0465216526626575,0.380730400722792,0.340827710404801,1.48671906443183,76,"reactome","Phc1; Phc3; Nup160; Pom121; Nup98; Nup153; Mdc1; Nup214; Scmh1; Rad21; Pcgf2; Hdac7; Nup155; Phc2; Pml; Pias1; Tpr; Nup188; Ranbp2; Nup93","eye","RR-3","GLDS-194","Stat_(Space Flight)v(Ground Control)",1,"flight_positive"
"REACTOME_SUMOYLATION_OF_DNA_METHYLATION_PROTEINS",0.00578674991583174,0.0231798587583475,0.407017918923954,0.584986572536043,1.72446123852099,16,"reactome","Phc1; Phc3; Dnmt3a; Scmh1; Pcgf2; Phc2","eye","RR-3","GLDS-194","Stat_(Space Flight)v(Ground Control)",1,"flight_positive"
"REACTOME_SUMOYLATION_OF_DNA_REPLICATION_PROTEINS",0.133333333333333,0.270871985157699,0.175204047558551,0.322177215240292,1.25879217780477,45,"reactome","Nup160; Pom121; Nup98; Nup153; Nup214; Top1; Nup155; Tpr; Nup188; Ranbp2; Nup93","eye","RR-3","GLDS-194","Stat_(Space Flight)v(Ground Control)",1,"flight_positive"
"REACTOME_SUMOYLATION_OF_INTRACELLULAR_RECEPTORS",0.852083333333333,0.912054007820137,0.0549073703290958,0.207452358832801,0.726741960062575,30,"reactome","Hdac4; Thrb; Rora; Rara; Pias1; Pparg; Nr3c1; Nr5a1; Ar; Pias3; Nr1i2","eye","RR-3","GLDS-194","Stat_(Space Flight)v(Ground Control)",1,"flight_positive"
"REACTOME_SUMOYLATION_OF_RNA_BINDING_PROTEINS",0.00111687441741796,0.00620800754859222,0.45505986738723,0.473223698648355,1.84653518621217,46,"reactome","Phc1; Phc3; Nup160; Pom121; Nup98; Nup153; Nup214; Scmh1; Pcgf2; Nup155; Phc2; Tpr; Nup188; Ranbp2; Nup93","eye","RR-3","GLDS-194","Stat_(Space Flight)v(Ground Control)",1,"flight_positive"
"REACTOME_SUMOYLATION_OF_SUMOYLATION_PROTEINS",0.0521920668058455,0.134695905187708,0.287857117255149,0.396379335091027,1.43175655471501,34,"reactome","Nup160; Pom121; Nup98; Nup153; Nup214; Nup155; Tpr; Nup188; Ranbp2; Nup93","eye","RR-3","GLDS-194","Stat_(Space Flight)v(Ground Control)",1,"flight_positive"
"REACTOME_SUMOYLATION_OF_TRANSCRIPTION_COFACTORS",0.000752458495132648,0.00450241558562978,0.477270815362862,0.486192358589136,1.87727813113126,42,"reactome","Phc1; Phc3; Ncoa2; Ncor2; Ep300; Crebbp; Ncoa1; Nrip1; Hipk2; Scmh1; Mrtfa; Pcgf2; Ddx17; Ppargc1a; Phc2; Pias1; Safb","eye","RR-3","GLDS-194","Stat_(Space Flight)v(Ground Control)",1,"flight_positive"
"REACTOME_SUMOYLATION_OF_TRANSCRIPTION_FACTORS",0.642561983471074,0.747893695160245,0.0679922591544058,0.271396204208708,0.846807946560343,20,"reactome","Tfap2a; Pias1; Mta1; Trp53bp1; Hic1; Tfap2b; Trp53; Pias3; Foxl2; Cdkn2a","eye","RR-3","GLDS-194","Stat_(Space Flight)v(Ground Control)",1,"flight_positive"
"REACTOME_SUMOYLATION_OF_UBIQUITINYLATION_PROTEINS",0.0137316453923143,0.045018418277198,0.380730400722792,0.41591903883952,1.56416291772939,38,"reactome","Nup160; Pom121; Nup98; Nup153; Nup214; Nup155; Pml; Pias1; Tpr; Nup188; Ranbp2; Nup93","eye","RR-3","GLDS-194","Stat_(Space Flight)v(Ground Control)",1,"flight_positive"
"REACTOME_SURFACTANT_METABOLISM",0.258264462809917,0.431096931062286,0.120985142145252,0.381399508360702,1.1900392469958,20,"reactome","Adra2a; Adgrf5; Gata6; Csf2ra; Csf2rb2; Adora2a; Abca3","eye","RR-3","GLDS-194","Stat_(Space Flight)v(Ground Control)",1,"flight_positive"
"REACTOME_SWITCHING_OF_ORIGINS_TO_A_POST_REPLICATIVE_STATE",5.49509623663085e-08,1.17982948610015e-06,0.719512826338911,-0.515719533216222,-2.27487093658851,79,"reactome","Uba52; Anapc15; Psma7; Gmnn; Rps27a; Psmc1; Sem1; Psmd2; Psmc3; Cdc26; Skp1; Psma5; Psmb6; Psmd14; Orc1; Psmd8; Psmb1; Psma1; Psmb7; Anapc11; Rbx1; Psmc5; Psma2; Psma4; Cdc16; Mcm4; Psmb3; Ube2s; Psma6; Psmb4; Psmd3; Psmd6; Psma3; Cul1; Orc6; Psmd12; Psmd13; Adrm1; Psmd1; Orc2; Mcm5; Mcm3; Psmc2","eye","RR-3","GLDS-194","Stat_(Space Flight)v(Ground Control)",1,"flight_positive"
"REACTOME_SYNAPTIC_ADHESION_LIKE_MOLECULES",0.298353909465021,0.470745721706336,0.11101149245045,0.357931274241925,1.14417207862982,21,"reactome","Ptprs; Ptprd; Lrfn3; Ptprf; Rtn3; Gria3; Dlg1; Grin1; Grin2b; Grin2d; Dlg4","eye","RR-3","GLDS-194","Stat_(Space Flight)v(Ground Control)",1,"flight_positive"
"REACTOME_SYNDECAN_INTERACTIONS",0.120654396728016,0.251172175698057,0.183023938384487,0.38621251463498,1.31748285339253,27,"reactome","Prkca; Fn1; Sdc3; Actn1; Col5a3","eye","RR-3","GLDS-194","Stat_(Space Flight)v(Ground Control)",1,"flight_positive"
"REACTOME_SYNTHESIS_OF_ACTIVE_UBIQUITIN_ROLES_OF_E1_AND_E2_ENZYMES",0.0804597701149425,0.186265218342203,0.219250346703755,-0.38789902157704,-1.38240326310003,30,"reactome","Uba52; Rps27a; Ube2g2; Cdc34; Usp5; Ube2s; Ube2l3; Otulin; Ube2q2","eye","RR-3","GLDS-194","Stat_(Space Flight)v(Ground Control)",1,"flight_positive"
"REACTOME_SYNTHESIS_OF_BILE_ACIDS_AND_BILE_SALTS",0.513292433537832,0.663025210084034,0.0789209638180035,0.278731821625612,0.950835050059636,27,"reactome","Ncoa2; Ncoa1; Osbpl6; Acox2; Cyp39a1; Osbp; Baat; Abcb11","eye","RR-3","GLDS-194","Stat_(Space Flight)v(Ground Control)",1,"flight_positive"
"REACTOME_SYNTHESIS_OF_BILE_ACIDS_AND_BILE_SALTS_VIA_7ALPHA_HYDROXYCHOLESTEROL",0.657841140529532,0.76065052680025,0.066132620475844,0.286170324627238,0.849129376363445,17,"reactome","Ncoa2; Ncoa1; Acox2; Baat; Abcb11","eye","RR-3","GLDS-194","Stat_(Space Flight)v(Ground Control)",1,"flight_positive"
"REACTOME_SYNTHESIS_OF_DNA",3.30563966111878e-09,1.00546539692363e-07,0.774939030136436,-0.496120640282496,-2.32015796696961,108,"reactome","Pola1; Uba52; Anapc15; Psma7; Gmnn; Rps27a; Psmc1; Sem1; Psmd2; Pold2; Psmc3; Cdc26; Skp1; Rfc4; Rfc3; Psma5; Psmb6; Psmd14; Orc1; Pole3; Psmd8; Gins4; Psmb1; Psma1; Psmb7; Anapc11; Rbx1; Gins2; Psmc5; Psma2; Psma4; Pold4; Cdc16; Mcm4; Psmb3; Ube2s; Psma6; Psmb4; Pcna; Psmd3; Psmd6; Psma3; Pole4; Cul1; Orc6; Gins3; Psmd12; Psmd13; Adrm1; Psmd1; Orc2; Mcm5; Mcm3; Psmc2; Fen1; Mcm2; Rfc5; Ubb; Rpa3; Rpa2; Gins1; Psmb2; Mcm7; Cdc23; Pold3; Psmb5; Anapc16","eye","RR-3","GLDS-194","Stat_(Space Flight)v(Ground Control)",1,"flight_positive"
"REACTOME_SYNTHESIS_OF_GLYCOSYLPHOSPHATIDYLINOSITOL_GPI",0.400826446280992,0.5685297392198,0.0931454575337804,0.342332141605126,1.03167367025915,18,"reactome","Pigl; Pigb; Pigw; Pigv","eye","RR-3","GLDS-194","Stat_(Space Flight)v(Ground Control)",1,"flight_positive"
"REACTOME_SYNTHESIS_OF_IP3_AND_IP4_IN_THE_CYTOSOL",0.865030674846626,0.916307292315357,0.053347785067549,0.210017141174352,0.714823313413763,26,"reactome","Plcb4; Synj1; Inpp5j; Pten; Itpkb; Plcd1","eye","RR-3","GLDS-194","Stat_(Space Flight)v(Ground Control)",1,"flight_positive"
"REACTOME_SYNTHESIS_OF_LEUKOTRIENES_LT_AND_EOXINS_EX",0.747553816046967,0.831036983321247,0.0580983576873206,-0.265174957127668,-0.794622876649571,17,"reactome","Alox5ap; Mapkapk2; Ggt1; Dpep2","eye","RR-3","GLDS-194","Stat_(Space Flight)v(Ground Control)",1,"flight_positive"
"REACTOME_SYNTHESIS_OF_PA",0.907514450867052,0.945507444052733,0.0484087618816951,-0.196685899587741,-0.717255711762426,33,"reactome","Gpam; Pla2g5","eye","RR-3","GLDS-194","Stat_(Space Flight)v(Ground Control)",1,"flight_positive"
"REACTOME_SYNTHESIS_OF_PC",0.449691991786448,0.610176866178637,0.0862865626267245,0.291004269584274,1.00935608646178,28,"reactome","Csnk2a2; Phospho1; Stard7; Pcyt1b; Slc44a5; Slc44a1; Chka; Chpt1; Slc44a2","eye","RR-3","GLDS-194","Stat_(Space Flight)v(Ground Control)",1,"flight_positive"
"REACTOME_SYNTHESIS_OF_PIPS_AT_THE_EARLY_ENDOSOME_MEMBRANE",0.0524193548387097,0.134695905187708,0.282013350011725,0.51898509934822,1.52989782879303,16,"reactome","Mtm1; Pi4k2a; Inpp4a; Pik3r4; Pi4k2b; Mtmr10; Vac14","eye","RR-3","GLDS-194","Stat_(Space Flight)v(Ground Control)",1,"flight_positive"
"REACTOME_SYNTHESIS_OF_PIPS_AT_THE_GOLGI_MEMBRANE",0.112903225806452,0.240992265610262,0.188204146308491,0.467228779062799,1.37732720175494,16,"reactome","Pi4k2a; Pik3r4; Inpp5e; Pi4k2b; Vac14; Pi4ka","eye","RR-3","GLDS-194","Stat_(Space Flight)v(Ground Control)",1,"flight_positive"
"REACTOME_SYNTHESIS_OF_PIPS_AT_THE_PLASMA_MEMBRANE",0.00294445774617701,0.0138376876912611,0.431707695803346,0.409036892006075,1.65226425467592,52,"reactome","Plekha5; Sbf2; Rab14; Mtm1; Pi4k2a; Synj1; Inpp4a; Plekha6; Inpp5j; Pi4k2b; Pten; Synj2; Pik3r5; Pik3cb; Pik3c2b","eye","RR-3","GLDS-194","Stat_(Space Flight)v(Ground Control)",1,"flight_positive"
"REACTOME_SYNTHESIS_OF_SUBSTRATES_IN_N_GLYCAN_BIOSYTHESIS",0.363461538461538,0.532784986098239,0.0946646223153342,-0.249461350588515,-1.05401461308493,63,"reactome","Uap1; Nagk; Nans; Mvd; St6galnac6; St3gal4; Fuom; Gmppa; Gmds; Dpm2; Cmas; Dolk; Glb1; Dpm3; Gfpt2; Renbp; Fpgt; Slc35a1; Dolpp1; Pmm1","eye","RR-3","GLDS-194","Stat_(Space Flight)v(Ground Control)",1,"flight_positive"
"REACTOME_SYNTHESIS_OF_VERY_LONG_CHAIN_FATTY_ACYL_COAS",0.690909090909091,0.789713418105902,0.0633597010643758,0.250300437482595,0.814918655242989,22,"reactome","Elovl5; Elovl3; Acsl4; Acsbg1; Hacd2","eye","RR-3","GLDS-194","Stat_(Space Flight)v(Ground Control)",1,"flight_positive"
"REACTOME_SYNTHESIS_SECRETION_AND_DEACYLATION_OF_GHRELIN",0.770750988142292,0.852497305066475,0.0571258510018113,-0.266088685914334,-0.783269051828877,16,"reactome","Ins2; Sec11c; Sec11a; Spcs1; Pla2g7","eye","RR-3","GLDS-194","Stat_(Space Flight)v(Ground Control)",1,"flight_positive"
"REACTOME_SYNTHESIS_SECRETION_AND_INACTIVATION_OF_GLUCAGON_LIKE_PEPTIDE_1_GLP_1",0.5146771037182,0.663025210084034,0.0764767053228531,-0.319365237412729,-0.95700938883379,17,"reactome","Pax6; Sec11c; Ctnnb1; Sec11a; Gnb3; Spcs1","eye","RR-3","GLDS-194","Stat_(Space Flight)v(Ground Control)",1,"flight_positive"
"REACTOME_S_PHASE",5.07014343741312e-07,8.28627919995129e-06,0.659444398037935,-0.408028324467933,-2.00932358087359,149,"reactome","Akt3; Pola1; Uba52; Anapc15; Psma7; Gmnn; Rps27a; Psmc1; Sem1; Psmd2; Pold2; Psmc3; Cdc26; Lin37; Skp1; Rfc4; Rfc3; Psma5; Psmb6; Psmd14; Orc1; Pole3; Psmd8; Wapl; Gins4; Psmb1; Psma1; Lin52; Psmb7; Anapc11; Ccnd1; Rbx1; Cdk7; Gins2; Psmc5; Psma2; Psma4; Pold4; Cdc16; Mcm4; Psmb3; Ube2s; Psma6; Psmb4; Pcna; Psmd3; Psmd6; Psma3; Pole4; Cks1b; Cul1; Orc6; Esco1; Gins3; E2f1; Psmd12; Psmd13; Adrm1; Psmd1; Orc2; Mcm5; Mcm3; Psmc2; Fen1; Mcm2; Rfc5; Mnat1; Ubb; Tfdp1; Rpa3; Rpa2; Gins1; Cdk4; Psmb2; Mcm7; Cdc23; Pold3; Psmb5; Anapc16","eye","RR-3","GLDS-194","Stat_(Space Flight)v(Ground Control)",1,"flight_positive"
"REACTOME_TAK1_DEPENDENT_IKK_AND_NF_KAPPA_B_ACTIVATION",0.278210116731518,0.451546391752577,0.111918316325105,-0.29100916062713,-1.12183310387745,42,"reactome","Uba52; Rps27a; Ripk2; Nfkb1; Nkiras1; Hmgb1; Lrrc14; Nfkbib; Nkiras2; Usp18; Ube2v1","eye","RR-3","GLDS-194","Stat_(Space Flight)v(Ground Control)",1,"flight_positive"
"REACTOME_TBC_RABGAPS",0.0251799697431283,0.0731354558852135,0.352487857583619,-0.388058135001097,-1.49597834428625,43,"reactome","Rab8a; Gabarap; Rab5b; Rab11a; Arf6; Rab5c; Tbc1d2; Rabep1; Tbc1d10a; Rab35; Rab33a","eye","RR-3","GLDS-194","Stat_(Space Flight)v(Ground Control)",1,"flight_positive"
"REACTOME_TCF_DEPENDENT_SIGNALING_IN_RESPONSE_TO_WNT",0.00193480951185706,0.00967404755928529,0.45505986738723,-0.288813101205866,-1.47594546621267,199,"reactome","Uba52; Psma7; H2ac19; Rps27a; Psmc1; H4c1; Sem1; H2aj; Psmd2; H3c3; Psmc3; H3c7; Ppp2r5b; H2ac13; H4c4; Kat5; Psma5; Psmb6; Psmd14; Dvl1; H3c1; H2ac20; Ctbp1; Ppp2r1a; Psmd8; H2bc7; Csnk2b; Psmb1; H3c11; Psma1; H4c2; Rnf146; H4c3; Psmb7; H4c12; Ppp2r5d; H2ac4; Leo1; H4c11; H2ac10; Rbx1; Dkk1; H2bc14; Psmc5; Psma2; Ctnnb1; H4c18; H3f3b; Psma4; Cby1; H2bc18; Psmb3; Ppp2cb; Rspo4; H4c6; H4c8; Psma6; Psmb4; Psmd3; Psmd6; Ppp2r5c; Psma3; H3c8; H2bc3; Ppp2ca; H2ax; Ctnnbip1; Csnk1g2; H3c4; Psmd12; Psmd13; Adrm1; H2bc21; H3f3a; H4c17; Psmd1","eye","RR-3","GLDS-194","Stat_(Space Flight)v(Ground Control)",1,"flight_positive"
"REACTOME_TCR_SIGNALING",0.000271023559233304,0.00189025985579916,0.49849310876659,-0.387558216631288,-1.77832106819336,96,"reactome","Uba52; Psma7; Rps27a; Psmc1; Bcl10; Ripk2; Sem1; Psmd2; Psmc3; Skp1; Psma5; Psmb6; Nfkb1; Psmd14; Nck1; Cdc34; Psmd8; Grap2; Psmb1; Psma1; Psmb7; Psmc5; Psma2; Psma4; Psmb3; Psma6; Psmb4; Psmd3; Pak1; Psmd6; Psma3; Ptpn22; Cul1; Card11; Psmd12; Psmd13; Ube2v1; Adrm1; Psmd1; Plcg2; Psmc2; Vasp","eye","RR-3","GLDS-194","Stat_(Space Flight)v(Ground Control)",1,"flight_positive"
"REACTOME_TELOMERE_C_STRAND_LAGGING_STRAND_SYNTHESIS",0.0462824814181401,0.123437180991007,0.321775918075361,-0.405467751775798,-1.49822377766925,34,"reactome","Pola1; Pold2; Stn1; Rfc4; Rfc3; Ctc1; Pold4; Wrn; Pcna; Terf2ip; Ten1; Chtf8; Tinf2; Fen1; Rfc5; Rpa3; Rpa2","eye","RR-3","GLDS-194","Stat_(Space Flight)v(Ground Control)",1,"flight_positive"
"REACTOME_TELOMERE_EXTENSION_BY_TELOMERASE",0.593810444874275,0.716893535983827,0.0686325631836726,-0.279992542920233,-0.921949345333964,23,"reactome","Nop10; Ruvbl2; Wrap53; Terf2ip; Ppp6c; Tinf2; Nhp2","eye","RR-3","GLDS-194","Stat_(Space Flight)v(Ground Control)",1,"flight_positive"
"REACTOME_TELOMERE_MAINTENANCE",3.3439584932463e-08,7.62840531271813e-07,0.719512826338911,-0.490441208203399,-2.25486662696136,98,"reactome","Pola1; Nop10; Polr2h; H2ac19; H4c1; H2aj; Pold2; Stn1; H2ac13; H4c4; Rfc4; Polr2f; Rfc3; Polr2i; H2ac20; H2bc7; Polr2l; H4c2; H4c3; Ruvbl2; H4c12; H2ac4; H4c11; H2ac10; Polr2k; Ctc1; H2bc14; H4c18; H3f3b; Pold4; Wrap53; H2bc18; Daxx; H4c6; H4c8; Wrn; Pcna; Polr2j; Terf2ip; Ppp6c; H2bc3; H2ax; Ten1; Chtf8; Tinf2; Nhp2; H2bc21; H3f3a; H4c17; Polr2g; Polr2c; Fen1; H2ac18; H2az2; Polr2d; Ruvbl1; Rfc5; H2bc8; H2bc4; H3f4; Rpa3; Rpa2; H2ac7","eye","RR-3","GLDS-194","Stat_(Space Flight)v(Ground Control)",1,"flight_positive"
"REACTOME_TERMINATION_OF_O_GLYCAN_BIOSYNTHESIS",0.904109589041096,0.942857142857143,0.0492917662312669,-0.217752588283147,-0.652517077682181,17,"reactome","St3gal4; Muc13; Muc3; Muc15","eye","RR-3","GLDS-194","Stat_(Space Flight)v(Ground Control)",1,"flight_positive"
"REACTOME_TERMINATION_OF_TRANSLESION_DNA_SYNTHESIS",0.00627894607587629,0.0247318199751243,0.407017918923954,-0.465980435582791,-1.68821759065194,32,"reactome","Uba52; Rps27a; Pold2; Rfc4; Rfc3; Isg15; Pole3; Rev1; Pold4; Pcna; Pole4; Usp43; Rfc5; Ubb; Rpa3; Rpa2; Pold3","eye","RR-3","GLDS-194","Stat_(Space Flight)v(Ground Control)",1,"flight_positive"
"REACTOME_TGFBR3_EXPRESSION",6.40617264799727e-06,7.62473809734457e-05,0.610526878385931,0.69333814371696,2.29525760699278,24,"reactome","Tnrc6b; Tnrc6a; Ep300; Tcf4; Tcf12; Ago2; Sp1; Myf6; Ago1; Rara; Myog; Myod1; Tnrc6c; Smad3; Ago3","eye","RR-3","GLDS-194","Stat_(Space Flight)v(Ground Control)",1,"flight_positive"
"REACTOME_TGF_BETA_RECEPTOR_SIGNALING_ACTIVATES_SMADS",0.283018867924528,0.45507439115618,0.108820126769161,-0.284053909681286,-1.12260159482052,46,"reactome","Ppp1r15a; Uba52; Rps27a; Nedd8; Stub1; Ube2m; Ppp1ca; Smad2; Itgb8; Tgfb3","eye","RR-3","GLDS-194","Stat_(Space Flight)v(Ground Control)",1,"flight_positive"
"REACTOME_TGF_BETA_RECEPTOR_SIGNALING_IN_EMT_EPITHELIAL_TO_MESENCHYMAL_TRANSITION",0.612648221343874,0.730773205197758,0.0681513438679483,-0.305011224727641,-0.897842957766713,16,"reactome","Uba52; Rps27a; Pard6a","eye","RR-3","GLDS-194","Stat_(Space Flight)v(Ground Control)",1,"flight_positive"
"REACTOME_THE_CANONICAL_RETINOID_CYCLE_IN_RODS_TWILIGHT_VISION",4.5775799556417e-05,0.000388562019490516,0.557332238758646,-0.667630334890365,-2.14127370517641,21,"reactome","Rdh5; Lrat; Ttr; Rdh10; Rpe65; Rbp1; Stra6","eye","RR-3","GLDS-194","Stat_(Space Flight)v(Ground Control)",1,"flight_positive"
"REACTOME_THE_NLRP3_INFLAMMASOME",0.535019455252918,0.677278963586064,0.0741758965588009,-0.320894876101629,-0.931890807366711,15,"reactome","Nfkb1; Casp1; Sugt1; Txn1; Pycard","eye","RR-3","GLDS-194","Stat_(Space Flight)v(Ground Control)",1,"flight_positive"
"REACTOME_THE_PHOTOTRANSDUCTION_CASCADE",0.530651340996169,0.675318452353659,0.0738052724171275,-0.262055095259084,-0.949409004657137,32,"reactome","Nmt2; Fnta; Grk4; Gngt1; Guca1a; Ppef1; Rcvrn; Calm1; Guca1b; Nmt1; Pde6b; Pde6g; Grk1; Sag; Metap2","eye","RR-3","GLDS-194","Stat_(Space Flight)v(Ground Control)",1,"flight_positive"
"REACTOME_THE_ROLE_OF_GTSE1_IN_G2_M_PROGRESSION_AFTER_G2_CHECKPOINT",1.21292831987364e-08,3.08873607037589e-07,0.747739663149885,-0.58905939045973,-2.43576502975618,58,"reactome","Fkbpl; Uba52; Psma7; Rps27a; Psmc1; Tubb3; Sem1; Psmd2; Psmc3; Tuba1c; Psma5; Psmb6; Psmd14; Tubb4b; Tuba1b; Psmd8; Psmb1; Psma1; Psmb7; Psmc5; Psma2; Psma4; Tubb2a; Psmb3; Tuba8; Hsp90aa1; Psma6; Psmb4; Psmd3; Psmd6; Psma3; Tubb2b; Psmd12; Psmd13; Adrm1; Psmd1; Psmc2; Tuba1a; Ccnb2; Tuba4a","eye","RR-3","GLDS-194","Stat_(Space Flight)v(Ground Control)",1,"flight_positive"
"REACTOME_THE_ROLE_OF_NEF_IN_HIV_1_REPLICATION_AND_DISEASE_PATHOGENESIS",0.415132924335378,0.580549875028403,0.0905428948469474,0.304982765861501,1.04038463119849,27,"reactome","Ap1g1; Pacs1; Ap2m1; Ap1s3; Cd4; Ap2b1; Elmo1; Lck; Ap1m1; Pak2; Cd247; Ap1b1; Ap2a1; Ap1s2","eye","RR-3","GLDS-194","Stat_(Space Flight)v(Ground Control)",1,"flight_positive"
"REACTOME_THROMBIN_SIGNALLING_THROUGH_PROTEINASE_ACTIVATED_RECEPTORS_PARS",0.0673076923076923,0.161627024291498,0.241339976815091,-0.389535555246066,-1.39785785893765,31,"reactome","Gna15; Gng4; Gna11; Gnb2; Gng10; Gng8; Gngt2; Gngt1; Gnb3; Gng11; Gng2; Gna12; Arrb2","eye","RR-3","GLDS-194","Stat_(Space Flight)v(Ground Control)",1,"flight_positive"
"REACTOME_THROMBOXANE_SIGNALLING_THROUGH_TP_RECEPTOR",0.0136442174771781,0.0448661205330633,0.380730400722792,-0.504799394574379,-1.68690591439486,24,"reactome","Gna15; Aamp; Gng4; Gna11; Gnb2; Gng10; Gng8; Gngt2; Gngt1; Gnb3; Gng11; Gng2","eye","RR-3","GLDS-194","Stat_(Space Flight)v(Ground Control)",1,"flight_positive"
"REACTOME_TICAM1_RIP1_MEDIATED_IKK_COMPLEX_RECRUITMENT",0.634042553191489,0.744133543134706,0.070113215764256,0.28367307899581,0.865680865877308,19,"reactome","Traf6; Tlr3; Ube2n; Ubc; Ikbkb; Ube2d2a; Ticam1","eye","RR-3","GLDS-194","Stat_(Space Flight)v(Ground Control)",1,"flight_positive"
"REACTOME_TIE2_SIGNALING",0.0702479338842975,0.167584940312213,0.245041785430996,0.485027435599484,1.4617091819514,18,"reactome","Kras; Sos1; Tek; Grb2; Pik3cb; Angpt1","eye","RR-3","GLDS-194","Stat_(Space Flight)v(Ground Control)",1,"flight_positive"
"REACTOME_TIGHT_JUNCTION_INTERACTIONS",0.0959692898272553,0.212793522267206,0.199915231309662,-0.407584340910988,-1.36203894594047,24,"reactome","Patj; Pard6a; Pard6b; Crb3; Cldn2; Cldn23; Cldn1; Cldn10; Cldn3; Pard6g; Cldn7; F11r; Cldn8; Cldn12; Pard3; Pals1; Cldn4","eye","RR-3","GLDS-194","Stat_(Space Flight)v(Ground Control)",1,"flight_positive"
"REACTOME_TNFR1_INDUCED_NF_KAPPA_B_SIGNALING_PATHWAY",0.732177263969171,0.818931669097286,0.0583452776743612,-0.229310110840464,-0.836226628903955,33,"reactome","Uba52; Rps27a; Sharpin; Rack1; Tradd; Tnf; Birc3; Rbck1; Ubb; Usp4","eye","RR-3","GLDS-194","Stat_(Space Flight)v(Ground Control)",1,"flight_positive"
"REACTOME_TNFR1_INDUCED_PROAPOPTOTIC_SIGNALING",0.5625,0.691287878787879,0.0718276293603809,-0.276312355141464,-0.931582729269358,25,"reactome","Sharpin; Tradd; Tnf; Mib2; Birc3; Rbck1; Usp4; Birc2; Traf2; Ikbke; Rnf31; Ripk1","eye","RR-3","GLDS-194","Stat_(Space Flight)v(Ground Control)",1,"flight_positive"
"REACTOME_TNFR2_NON_CANONICAL_NF_KB_PATHWAY",7.58990057784057e-06,8.6572303465994e-05,0.610526878385931,-0.451710271016288,-2.00502684947721,84,"reactome","Uba52; Psma7; Rps27a; Psmc1; Sem1; Psmd2; Psmc3; Skp1; Ube2m; Ltb; Psma5; Psmb6; Psmd14; Tnfrsf12a; Psmd8; Psmb1; Psma1; Psmb7; Psmc5; Psma2; Psma4; Psmb3; Psma6; Psmb4; Tnf; Psmd3; Psmd6; Edar; Psma3; Cul1; Birc3; Psmd12; Psmd13; Tnfrsf11b; Adrm1; Psmd1","eye","RR-3","GLDS-194","Stat_(Space Flight)v(Ground Control)",1,"flight_positive"
"REACTOME_TNFS_BIND_THEIR_PHYSIOLOGICAL_RECEPTORS",0.421267893660532,0.584910333173084,0.0897104652742981,0.302522429015998,1.02967826284079,26,"reactome","Fasl; Tnfrsf25; Tnfsf13; Tnfrsf17; Tnfrsf18; Eda","eye","RR-3","GLDS-194","Stat_(Space Flight)v(Ground Control)",1,"flight_positive"
"REACTOME_TNF_RECEPTOR_SUPERFAMILY_TNFSF_MEMBERS_MEDIATING_NON_CANONICAL_NF_KB_PATHWAY",0.667315175097276,0.769168543927913,0.0632191170859458,-0.293753304808574,-0.853070661988398,15,"reactome","Ltb; Tnfrsf12a; Birc3; Birc2; Tnfsf11; Tnfrsf13c; Traf2","eye","RR-3","GLDS-194","Stat_(Space Flight)v(Ground Control)",1,"flight_positive"
"REACTOME_TNF_SIGNALING",0.815238095238095,0.884723205436783,0.052805004567129,-0.193171054742762,-0.792790267910621,57,"reactome","Uba52; Rps27a; Stub1; Mapkapk2; Sharpin; Rack1; Tradd; Tnf; Ube2l3; Otulin; Mib2; Birc3","eye","RR-3","GLDS-194","Stat_(Space Flight)v(Ground Control)",1,"flight_positive"
"REACTOME_TOLL_LIKE_RECEPTOR_9_TLR9_CASCADE",0.306930693069307,0.479442380757334,0.106729884364606,-0.234722631749377,-1.09069949339486,106,"reactome","Dusp6; Uba52; Rps27a; Ripk2; Mapkapk2; Skp1; Ecsit; Nfkb1; Ppp2r1a; Irf7; Ppp2r5d; Nkiras1; Ppp2cb; Hmgb1; Mapk11; Dusp4; Map2k1; Lrrc14; Cul1; Nfkbib; Rbsn; Nkiras2; Ppp2ca; Usp18; Ube2v1; Rps6ka1","eye","RR-3","GLDS-194","Stat_(Space Flight)v(Ground Control)",1,"flight_positive"
"REACTOME_TOLL_LIKE_RECEPTOR_CASCADES",0.6,0.722772277227723,0.0692836467392548,-0.190694990460861,-0.948212780287257,160,"reactome","Dusp6; Uba52; Ctss; Rps27a; Ripk2; Mapkapk2; Skp1; Ecsit; Nfkb1; Socs1; Ppp2r1a; Irf7; Ppp2r5d; Ctsk; Nkiras1; Cnpy3; Hsp90b1; Ppp2cb; Hmgb1; Mapk11; Dusp4; Map2k1; Lrrc14; Cul1; Nfkbib; Rbsn; Nkiras2; Ppp2ca; Usp18; Ly86; Birc3; Ube2v1; Rps6ka1; Itgam; Plcg2; Cd14","eye","RR-3","GLDS-194","Stat_(Space Flight)v(Ground Control)",1,"flight_positive"
"REACTOME_TOLL_LIKE_RECEPTOR_TLR1_TLR2_CASCADE",0.368725868725869,0.534774604311028,0.0940503465727813,-0.225226539166276,-1.05329451506407,108,"reactome","Dusp6; Uba52; Rps27a; Ripk2; Mapkapk2; Skp1; Ecsit; Nfkb1; Socs1; Ppp2r1a; Ppp2r5d; Nkiras1; Ppp2cb; Hmgb1; Mapk11; Dusp4; Map2k1; Lrrc14; Cul1; Nfkbib; Nkiras2; Ppp2ca; Usp18; Ube2v1; Rps6ka1","eye","RR-3","GLDS-194","Stat_(Space Flight)v(Ground Control)",1,"flight_positive"
"REACTOME_TP53_REGULATES_METABOLIC_GENES",0.362934362934363,0.532725371867463,0.0949751525905595,-0.236763361660465,-1.04437791396311,79,"reactome","Akt3; Cox7a2l; Prdx5; Lamtor5; Lamtor4; Cox7c; Cox8a; Cox6b1; Cox6c; Ndufa4; Rheb; Prdx2; Cox4i1; Cox7a2; Lamtor2; Prkag1; Cycs; Gsr; Cox6b2; Ywhaq; Prdx1; Rragd; Cox5b; Cox6a1","eye","RR-3","GLDS-194","Stat_(Space Flight)v(Ground Control)",1,"flight_positive"
"REACTOME_TP53_REGULATES_TRANSCRIPTION_OF_ADDITIONAL_CELL_CYCLE_GENES_WHOSE_EXACT_ROLE_IN_THE_P53_PATHWAY_REMAIN_UNCERTAIN",0.267489711934156,0.441328880700138,0.118287526124085,0.366526291752267,1.17164712693762,21,"reactome","Cnot6; Plagl1; Cnot1; Cnot7; Cnot3; Cnot4; Tnks1bp1","eye","RR-3","GLDS-194","Stat_(Space Flight)v(Ground Control)",1,"flight_positive"
"REACTOME_TP53_REGULATES_TRANSCRIPTION_OF_CELL_CYCLE_GENES",0.251020408163265,0.423524417471149,0.122107920287081,0.282490817259091,1.1299327297402,49,"reactome","Cnot6; Ep300; Plagl1; Cnot1; Cnot7; Zfp385a; Cnot3; Ccna2; Carm1; Cnot4; Tnks1bp1","eye","RR-3","GLDS-194","Stat_(Space Flight)v(Ground Control)",1,"flight_positive"
"REACTOME_TP53_REGULATES_TRANSCRIPTION_OF_CELL_DEATH_GENES",0.179435483870968,0.337018618934322,0.14641623786055,0.321652875593205,1.20965248858935,38,"reactome","Trp53bp2; Steap3; Crebbp; Trp53inp1; Atm; Casp6; Bcl6; Ndrg1; Ppp1r13b; Birc5; Casp2; Pidd1; Igfbp3; Pmaip1","eye","RR-3","GLDS-194","Stat_(Space Flight)v(Ground Control)",1,"flight_positive"
"REACTOME_TP53_REGULATES_TRANSCRIPTION_OF_DNA_REPAIR_GENES",0.290076335877863,0.464376590330789,0.107972360317345,-0.26378545481738,-1.10216644444166,61,"reactome","Polr2h; Chek1; Nelfb; Polr2f; Polr2i; Polr2l; Ctdp1; Elob; Polr2k; Cdk7; Gtf2h5; Fancc; Pms2; Polr2j; Polr2g; Gtf2h2; Polr2c; Fanci; Polr2d; Mnat1; Ercc3; Gtf2f1; Mlh1; Supt4a; Gtf2h1","eye","RR-3","GLDS-194","Stat_(Space Flight)v(Ground Control)",1,"flight_positive"
"REACTOME_TP53_REGULATES_TRANSCRIPTION_OF_GENES_INVOLVED_IN_CYTOCHROME_C_RELEASE",0.293617021276596,0.467311974270163,0.114266502484433,0.371029540401478,1.13226526442982,19,"reactome","Trp53bp2; Steap3; Crebbp; Trp53inp1; Atm; Ppp1r13b","eye","RR-3","GLDS-194","Stat_(Space Flight)v(Ground Control)",1,"flight_positive"
"REACTOME_TP53_REGULATES_TRANSCRIPTION_OF_GENES_INVOLVED_IN_G2_CELL_CYCLE_ARREST",0.681818181818182,0.78125377899243,0.0650877566917313,0.27931719768099,0.8417678724145,18,"reactome","Ep300; Zfp385a; Carm1; E2f4; Prmt1; Trp53; Rbl2","eye","RR-3","GLDS-194","Stat_(Space Flight)v(Ground Control)",1,"flight_positive"
"REACTOME_TRAF6_MEDIATED_INDUCTION_OF_TAK1_COMPLEX_WITHIN_TLR4_COMPLEX",0.366935483870968,0.534264410946497,0.096887770327544,0.365679966973242,1.07797504823948,16,"reactome","Tab2; Traf6; Tab3; Ubc; Sarm1; Ly96; Ticam1","eye","RR-3","GLDS-194","Stat_(Space Flight)v(Ground Control)",1,"flight_positive"
"REACTOME_TRAF6_MEDIATED_NF_KB_ACTIVATION",0.701550387596899,0.79984085205362,0.060640400949416,-0.260671648232454,-0.836045513325587,21,"reactome","Nfkb1; Nkiras1; Hmgb1; Nfkbib; Nkiras2; Ifih1","eye","RR-3","GLDS-194","Stat_(Space Flight)v(Ground Control)",1,"flight_positive"
"REACTOME_TRAFFICKING_OF_AMPA_RECEPTORS",0.0274693807405222,0.0781271997684982,0.352487857583619,0.435405906356728,1.53752510465774,31,"reactome","Prkca; Prkcg; Camk2a; Camk2d; Ap2m1; Cacng4; Gria3; Dlg1; Ap2b1; Grip2; Cacng8; Cacng2; Dlg4; Myo6","eye","RR-3","GLDS-194","Stat_(Space Flight)v(Ground Control)",1,"flight_positive"
"REACTOME_TRAFFICKING_OF_GLUR2_CONTAINING_AMPA_RECEPTORS",0.09979633401222,0.218991955397557,0.20207170902116,0.463130821807597,1.37420952507367,17,"reactome","Prkca; Prkcg; Ap2m1; Gria3; Ap2b1; Grip2","eye","RR-3","GLDS-194","Stat_(Space Flight)v(Ground Control)",1,"flight_positive"
"REACTOME_TRANSCRIPTIONAL_ACTIVATION_OF_MITOCHONDRIAL_BIOGENESIS",0.000425834936202706,0.00280897141651785,0.49849310876659,0.469967984881349,1.9002790224268,54,"reactome","Chd9; Ncoa2; Tgs1; Crebbp; Ncoa1; Ppargc1b; Ncoa6; Crtc1; Hcfc1; Mef2d; Pprc1; Crtc2; Crtc3; Tbl1x; Ppargc1a; Nr1d1; Perm1; Carm1; Ncor1; Gabpb1","eye","RR-3","GLDS-194","Stat_(Space Flight)v(Ground Control)",1,"flight_positive"
"REACTOME_TRANSCRIPTIONAL_ACTIVITY_OF_SMAD2_SMAD3_SMAD4_HETEROTRIMER",0.117043121149897,0.246940689131286,0.186432558434075,0.320688568420296,1.29474091134457,51,"reactome","Rnf111; Ccnk; Ncor2; Ep300; Trim33; Ccnt2; Sp1; Ski; Usp9x; Ncor1; Hdac1; Ubc; Atp1b4; Smad3; Mapk3; Nedd4l; Furin; E2f4; Ccnt1; Cdk9; Cdk8","eye","RR-3","GLDS-194","Stat_(Space Flight)v(Ground Control)",1,"flight_positive"
"REACTOME_TRANSCRIPTIONAL_AND_POST_TRANSLATIONAL_REGULATION_OF_MITF_M_EXPRESSION_AND_ACTIVITY",0.364016736401674,0.532885463047905,0.0995791200495904,0.25255774467042,1.05187250716278,61,"reactome","Sox9; Mc5r; Ep300; Crebbp; Tbx3; Gsk3b; Ywhab; Lef1; Hdac1; Ywhae; Sox10; Csf1; Tfe3; Iars; Mapk3; Pou3f2; Snai2; Ywhag; Mars1; Kitl; Ywhaz; Xpo1; Foxd3; Cdh1","eye","RR-3","GLDS-194","Stat_(Space Flight)v(Ground Control)",1,"flight_positive"
"REACTOME_TRANSCRIPTIONAL_REGULATION_BY_E2F6",0.592132505175983,0.71565683572594,0.0721797965581253,0.25279267719885,0.907897914106973,33,"reactome","Phc1; Phc3; Mga; Pcgf2; Suz12; Rad51","eye","RR-3","GLDS-194","Stat_(Space Flight)v(Ground Control)",1,"flight_positive"
"REACTOME_TRANSCRIPTIONAL_REGULATION_BY_MECP2",0.000277758674090713,0.00192497308942615,0.49849310876659,0.456452572095765,1.90106984063319,61,"reactome","Mecp2; Notch1; Tnrc6b; Foxg1; Ncor2; Tnrc6a; Hipk2; Htt; Camk2a; Ago2; Camk2d; Tbl1x; Dgcr8; Ago1; Pten; Ncor1; Hdac1; Pvalb; Tnrc6c; Ago3; Pparg; Grin2b","eye","RR-3","GLDS-194","Stat_(Space Flight)v(Ground Control)",1,"flight_positive"
"REACTOME_TRANSCRIPTIONAL_REGULATION_BY_NPAS4",0.045511965056931,0.122146082689557,0.321775918075361,0.411628243008607,1.48683693335843,34,"reactome","Tnrc6b; Tnrc6a; Crebbp; Arnt; Ago2; Ago1; Iqsec3; Rest; Tnrc6c; Ago3; Mapk3","eye","RR-3","GLDS-194","Stat_(Space Flight)v(Ground Control)",1,"flight_positive"
"REACTOME_TRANSCRIPTIONAL_REGULATION_BY_RUNX1",0.0153789488191965,0.0495567149012666,0.380730400722792,-0.264219522370441,-1.35016984328575,198,"reactome","Gpam; Uba52; Psma7; H2ac19; Kat2b; Elf2; Rps27a; Psmc1; H4c1; Sem1; H2aj; Psmd2; H3c3; Psmc3; H3c7; H2ac13; H4c4; Psma5; Psmb6; Psmd14; H3c1; H2ac20; Psmd8; H2bc7; Csnk2b; Psmb1; H3c11; Psma1; H4c2; H4c3; Psmb7; H4c12; H2ac4; Ccnd1; H4c11; Ctsk; H2ac10; Itga2b; Cdk7; H2bc14; Psmc5; Psma2; H4c18; H3f3b; Psma4; H2bc18; Psmb3; Spi1; H4c6; H4c8; Psma6; Actl6a; Psmb4; Prmt6; Psmd3; Psmd6; Psma3; Smarce1; H3c8; H2bc3; Trp73; H2ax; Dpy30; Nfe2; Thbs1; H3c4; Psmd12; Psmd13; Adrm1; H2bc21; H3f3a; H4c17; Smarcb1; Psmd1","eye","RR-3","GLDS-194","Stat_(Space Flight)v(Ground Control)",1,"flight_positive"
"REACTOME_TRANSCRIPTIONAL_REGULATION_BY_RUNX2",0.00885462875770788,0.0333189638820967,0.380730400722792,-0.328125794137218,-1.52849376866271,104,"reactome","Akt3; Uba52; Psma7; Esrra; Rps27a; Psmc1; Hdac3; Sem1; Psmd2; Psmc3; Stub1; Skp1; Psma5; Psmb6; Psmd14; Yes1; Psmd8; Psmb1; Psma1; Psmb7; Stat1; Ccnd1; Rbx1; Psmc5; Psma2; Psma4; Psmb3; Psma6; Psmb4; Psmd3; Psmd6; Psma3; Cul1; Ucma","eye","RR-3","GLDS-194","Stat_(Space Flight)v(Ground Control)",1,"flight_positive"
"REACTOME_TRANSCRIPTIONAL_REGULATION_BY_RUNX3",0.110891089108911,0.237623762376238,0.188204146308491,-0.280638711876142,-1.25274546936547,86,"reactome","Uba52; Psma7; Kat2b; Rps27a; Psmc1; Sem1; Psmd2; Psmc3; Psma5; Psmb6; Psmd14; Psmd8; Psmb1; Psma1; Psmb7; Snw1; Ccnd1; Brd2; Psmc5; Psma2; Ctnnb1; Psma4; Psmb3; Psma6; Psmb4; Psmd3; Psmd6; Psma3","eye","RR-3","GLDS-194","Stat_(Space Flight)v(Ground Control)",1,"flight_positive"
"REACTOME_TRANSCRIPTIONAL_REGULATION_BY_SMALL_RNAS",0.00167254225839761,0.00863883855162916,0.45505986738723,-0.37299620406035,-1.67787528929709,87,"reactome","Polr2h; H2ac19; H4c1; H2aj; H3c3; H3c7; H2ac13; H4c4; Polr2f; Polr2i; H3c1; H2ac20; H2bc7; Polr2l; H3c11; H4c2; Ran; H4c3; H4c12; H2ac4; H4c11; H2ac10; Polr2k; H2bc14; H4c18; H3f3b; H2bc18; H4c6; H4c8; Rae1; Polr2j; H3c8; H2bc3; H2ax; Nup50; H3c4; H2bc21; H3f3a; H4c17; Nup107; Polr2g; Polr2c; H2ac18; H2az2; Polr2d; H2bc8; H2bc4; H3c10","eye","RR-3","GLDS-194","Stat_(Space Flight)v(Ground Control)",1,"flight_positive"
"REACTOME_TRANSCRIPTIONAL_REGULATION_BY_THE_AP_2_TFAP2_FAMILY_OF_TRANSCRIPTION_FACTORS",0.160751565762004,0.309354946413699,0.158514105424824,0.341689448543164,1.23421193871342,34,"reactome","Yy1; Ep300; Crebbp; Kdm5b; Cited2; Tfap2a; Dek","eye","RR-3","GLDS-194","Stat_(Space Flight)v(Ground Control)",1,"flight_positive"
"REACTOME_TRANSCRIPTIONAL_REGULATION_BY_TP53",0.258264462809917,0.431096931062286,0.120985142145252,-0.195323065811419,-1.06807204596363,344,"reactome","Akt3; Rhno1; Cox7a2l; Uba52; Polr2h; Prdx5; Lamtor5; Trp53rka; Rps27a; Lamtor4; Ing5; Cox7c; Chek1; Triap1; Cnot8; Rfc4; Kat5; Nelfb; Polr2f; Cox8a; Rad1; Rfc3; Npm1; E2f7; Cox6b1; Pin1; Ing2; Casp1; Polr2i; Cox6c; Ppp2r1a; Csnk2b; Polr2l; Ccng1; Taf10; Ehmt1; Taf12; Plk2; Ctdp1; Ndufa4; Elob; Polr2k; Cdk7; Rheb; Rbbp8; Tpx2; Prdx2; Cox4i1; Noc2l; Gtf2h5; Fancc; Stk11; Top3a; Cox7a2; Lamtor2; Prelid1; Daxx; Prkag1; Ppp2cb; Rad9a; Cycs; Ehmt2; Hdac2; Wrn; Rnf34; Mapk11; Gsr; Pcna; Smyd2; Pms2; Ppp2r5c; Cox6b2; Sgk1; Polr2j; Ywhaq; Taf7; Prdx1; Brip1; Rragd; Aurka; Trp73; Ppp2ca; Cox5b; Cnot11; Cox6a1; Rgcc; E2f1; Prmt5","eye","RR-3","GLDS-194","Stat_(Space Flight)v(Ground Control)",1,"flight_positive"
"REACTOME_TRANSCRIPTIONAL_REGULATION_BY_VENTX",0.236580516898608,0.411467444120505,0.124434168630393,-0.307928935942916,-1.14886977682391,37,"reactome","Anapc15; Cdc26; Cebpb; Nfkb1; Ehmt1; Anapc11; Ccnd1; Ctnnb1; Cdc16; Ube2s; Ehmt2","eye","RR-3","GLDS-194","Stat_(Space Flight)v(Ground Control)",1,"flight_positive"
"REACTOME_TRANSCRIPTIONAL_REGULATION_OF_BROWN_AND_BEIGE_ADIPOCYTE_DIFFERENTIATION",0.0190890004334887,0.0587147625692982,0.352487857583619,0.449051899306344,1.58571245451153,31,"reactome","Gatad2b; Ncoa1; Ppargc1b; Chd4; Ppargc1a; Elovl3; Mbd3; Ebf2; Hdac1; Mta1; Zfp423; Cox7a1; Pparg","eye","RR-3","GLDS-194","Stat_(Space Flight)v(Ground Control)",1,"flight_positive"
"REACTOME_TRANSCRIPTIONAL_REGULATION_OF_GRANULOPOIESIS",0.00062962725682852,0.00396230946107603,0.477270815362862,-0.407728051314297,-1.75405880053243,70,"reactome","H2ac19; H4c1; H2aj; H3c3; H3c7; H2ac13; H4c4; Cebpb; Gfi1; Csf3r; H3c1; H2ac20; H2bc7; H3c11; H4c2; H4c3; H4c12; H2ac4; H4c11; H2ac10; H2bc14; H4c18; H3f3b; H2bc18; Spi1; H4c6; H4c8; H3c8; H2bc3; H2ax; E2f1; H3c4; H2bc21; H3f3a; H4c17; H2ac18; H2az2; H2bc8; H2bc4; H3c10; Tfdp1","eye","RR-3","GLDS-194","Stat_(Space Flight)v(Ground Control)",1,"flight_positive"
"REACTOME_TRANSCRIPTIONAL_REGULATION_OF_PLURIPOTENT_STEM_CELLS",0.175510204081633,0.331862877155172,0.149207542435322,0.369816936509491,1.2459342504159,25,"reactome","Epas1; Hif3a; Gata6; Pbx1; Foxp1; Sall4; Zic3; Sall1; Hhex; Stat3; Klf4; Nr5a1; Foxd3; Nr6a1; Fgf2","eye","RR-3","GLDS-194","Stat_(Space Flight)v(Ground Control)",1,"flight_positive"
"REACTOME_TRANSCRIPTIONAL_REGULATION_OF_WHITE_ADIPOCYTE_DIFFERENTIATION",0.0109465062806171,0.0380817876534237,0.380730400722792,0.340342195145931,1.50868009627544,81,"reactome","Chd9; Ncoa2; Tgs1; Ncor2; Ep300; Crebbp; Ncoa1; Ncoa6; Med12; Med13; Med15; Med24; Ncoa3; Tbl1x; Med13l; Ppargc1a; Nr2f2; Med14; Carm1; Ncor1; Lpl; Slc2a4; Srebf1; Srebf2; Cebpd; Med25; Pparg","eye","RR-3","GLDS-194","Stat_(Space Flight)v(Ground Control)",1,"flight_positive"
"REACTOME_TRANSCRIPTION_COUPLED_NUCLEOTIDE_EXCISION_REPAIR_TC_NER",0.000600197356268152,0.00379893702377819,0.477270815362862,-0.4006025313472,-1.7517530680801,76,"reactome","Uba52; Polr2h; Rps27a; Pold2; Rfc4; Cops4; Polr2f; Rfc3; Xpa; Cops7b; Zfp830; Polr2i; Pole3; Polr2l; Rbx1; Polr2k; Cdk7; Gtf2h5; Pold4; Cul4a; Cops8; Pcna; Polr2j; Ercc5; Pole4; Ppie; Ercc8; Ercc1; Polr2g; Gtf2h2; Polr2c; Cops7a; Polr2d; Rfc5; Mnat1; Ubb; Ercc3; Gps1; Rpa3; Rpa2; Cops2; Isy1; Gtf2h1; Pold3","eye","RR-3","GLDS-194","Stat_(Space Flight)v(Ground Control)",1,"flight_positive"
"REACTOME_TRANSCRIPTION_OF_E2F_TARGETS_UNDER_NEGATIVE_CONTROL_BY_DREAM_COMPLEX",0.722007722007722,0.813614540466392,0.0590954798717342,-0.265559891349267,-0.81700324749253,18,"reactome","Lin37; Lin52; Pcna; E2f1; Tfdp1; Cdc25a; Lin9","eye","RR-3","GLDS-194","Stat_(Space Flight)v(Ground Control)",1,"flight_positive"
"REACTOME_TRANSCRIPTION_OF_E2F_TARGETS_UNDER_NEGATIVE_CONTROL_BY_P107_RBL1_AND_P130_RBL2_IN_COMPLEX_WITH_HDAC1",0.976653696498054,0.994823997828251,0.0454967810085007,-0.185045673939588,-0.53737960724766,15,"reactome","Lin37; Lin52; E2f1; Tfdp1; Cdk1; Lin9","eye","RR-3","GLDS-194","Stat_(Space Flight)v(Ground Control)",1,"flight_positive"
"REACTOME_TRANSCRIPTION_OF_THE_HIV_GENOME",0.0581144539238743,0.144955186894402,0.321775918075361,-0.331563260892912,-1.42183637497371,67,"reactome","Gtf2e1; Polr2h; Nelfb; Polr2f; Polr2i; Polr2l; Taf10; Taf12; Gtf2b; Ctdp1; Ncbp2; Elob; Polr2k; Cdk7; Gtf2h5; Polr2j; Taf7; Taf6; Taf11; Rngtt; Polr2g; Gtf2h2; Polr2c; Taf9; Polr2d; Mnat1; Ercc3; Gtf2f1; Rnmt; Taf5","eye","RR-3","GLDS-194","Stat_(Space Flight)v(Ground Control)",1,"flight_positive"
"REACTOME_TRANSFERRIN_ENDOCYTOSIS_AND_RECYCLING",0.154580152671756,0.300115721942504,0.154190966581424,-0.356282764120517,-1.2598517769655,29,"reactome","Tfr2; Trf; Atp6v0e; Atp6v1e1; Atp6v1g1; Atp6v1f","eye","RR-3","GLDS-194","Stat_(Space Flight)v(Ground Control)",1,"flight_positive"
"REACTOME_TRANSLATION",2.19105306394089e-52,2.39920310501527e-49,1.88726445046568,-0.644021329924252,-3.43533677290671,282,"reactome","Mrpl17; Eef1a1; Rpl27a; Rpl6; Rpl26; Mrps18a; Rps6; Mrps23; Rps7; Rps5; Mrps24; Rpl7; Rpl7a; Rpl30; Rps3a1; Rpl14; Fars2; Eef1g; Mrpl54; Rps4x; Uba52; Rpl39; Rpl8; Mrps36; Rpl18a; Rpl13; Rpl36a; Rplp1; Eef1d; Rps25; Rps9; Mrpl30; Rpl3; Rpl23; Rpl32; Rpl29; Mrpl55; Ppa1; Mrpl39; Rpl17; Rpl36al; Rpl35a; Rps24; Rps29; Mrpl36; Rps11; Mrps21; Rplp2; Rps19; Rps26; Rps10; Eif2b4; Srp14; Rps27a; Mtif2; Mtrf1l; Rpl22l1; Rpl9; Mrpl12; Rpsa; Rps28; Rpl5; Rps15a; Mrpl52; Rps20; Rpl36; Aurkaip1; Rps3; Rpl38; Eif4h; Mrpl13; Mrps17; Eif3k; Rps13; Rps17; Rpl37a; Rpl21; Rps16; Mrpl51; Rpl27; Tsfm; Eif4e; Rpl19; Rpl10; Eif4a2; Eef2; Rpl35; Mrps34; Rpn1; Rps14; Rpl24; Mrpl58; Rps12; Rpl4; Rpl22; Rpl18; Rps27; Mrps14; Eif3i; Rps21; Rps2; Rps15; Rps23; Eif3g; Fau; Mrpl21; Mrps33; Eif3l; Mrpl32; Eif4a1; Mrpl4; Mrps31; Mrps18c; Srp9; Rpl13a; Eef1b2; Pars2; Rpl31; Mrpl42; Mrpl43; Eif2b3; Mrpl18; Rps18; Mrps5; Eif2s1; Farsb; Mrpl9; Mrpl23; Mrpl20; Sec61b; Mrpl50; Rplp0; Aimp1; Chchd1; Mrps28; Mrps11; Sec11c; Mrpl53; Mrpl47; Eif3h; Mrpl14; Rpl12; Mrpl10; Mrpl28; Mrps18b; Mrps26; Hars; Mrps7; Ears2; Mrpl41; Mrpl34; Rpl15; Eif3m; Mrpl57; Mrpl15; Ddost; Etf1; Mrpl33; Mrps16; Gadd45gip1; Eif2b5; Eif4b; Eral1; Mrps10; Mrpl27; Rpl10a; Kars; Sec11a; Mrpl16; Mrps12; Mrpl22; Mrpl49; Rpn2; Aimp2; Mrpl46; Eif3e; Mrps2","eye","RR-3","GLDS-194","Stat_(Space Flight)v(Ground Control)",1,"flight_positive"
"REACTOME_TRANSLATION_OF_SARS_COV_1_STRUCTURAL_PROTEINS",0.154580152671756,0.300115721942504,0.154190966581424,-0.356749429884146,-1.26150195415835,29,"reactome","Uba52; Parp9; Rps27a; Parp10; Gsk3a; St3gal4; Mgat1; Sumo1; Ube2i","eye","RR-3","GLDS-194","Stat_(Space Flight)v(Ground Control)",1,"flight_positive"
"REACTOME_TRANSLATION_OF_SARS_COV_2_STRUCTURAL_PROTEINS",0.212237093690249,0.3822362131428,0.129442887745046,-0.278894624100555,-1.15633521277266,59,"reactome","Uba52; Parp9; Rps27a; Parp10; Ost4; Rpn1; Gsk3a; Tmem258; St3gal4; Mgat1; Sumo1; Ddost; Ube2i; Zdhhc3","eye","RR-3","GLDS-194","Stat_(Space Flight)v(Ground Control)",1,"flight_positive"
"REACTOME_TRANSLESION_SYNTHESIS_BY_POLH",0.0460647111534567,0.123327282916956,0.321775918075361,-0.488595067019632,-1.53113128628659,19,"reactome","Uba52; Rps27a; Rfc4; Rfc3; Pcna; Sprtn; Rfc5; Ubb; Rpa3; Rpa2","eye","RR-3","GLDS-194","Stat_(Space Flight)v(Ground Control)",1,"flight_positive"
"REACTOME_TRANSLESION_SYNTHESIS_BY_POLK",0.10958904109589,0.235756385068762,0.188204146308491,-0.453808769170415,-1.35988267336037,17,"reactome","Uba52; Rps27a; Rfc4; Rfc3; Rev1; Pcna; Rfc5; Ubb; Rpa3; Rpa2","eye","RR-3","GLDS-194","Stat_(Space Flight)v(Ground Control)",1,"flight_positive"
"REACTOME_TRANSLESION_SYNTHESIS_BY_Y_FAMILY_DNA_POLYMERASES_BYPASSES_LESIONS_ON_DNA_TEMPLATE",0.0178175067543102,0.0555845296181474,0.352487857583619,-0.400049419886393,-1.5163146635989,39,"reactome","Uba52; Rps27a; Pold2; Rfc4; Rfc3; Isg15; Pole3; Rev1; Pold4; Pcna; Pole4; Sprtn; Usp43; Rfc5; Ubb; Rpa3; Rpa2","eye","RR-3","GLDS-194","Stat_(Space Flight)v(Ground Control)",1,"flight_positive"
"REACTOME_TRANSLOCATION_OF_SLC2A4_GLUT4_TO_THE_PLASMA_MEMBRANE",0.365145228215768,0.533823798259367,0.0988903007520636,0.24658743702722,1.03608096160549,64,"reactome","Prkab2; C2cd5; Ralgapb; Rab14; Myo5a; Lnpep; Prkaa2; Vamp2; Tubb4a; Ywhab","eye","RR-3","GLDS-194","Stat_(Space Flight)v(Ground Control)",1,"flight_positive"
"REACTOME_TRANSMISSION_ACROSS_CHEMICAL_SYNAPSES",0.152304609218437,0.297809905525336,0.159646701919906,0.217991055528418,1.13692931709599,254,"reactome","Prkca; Rps6ka3; Prkab2; Cacna1e; Slc38a1; Syt1; Kras; Slc1a2; Prkaa2; Prkar2a; Slc38a2; Stxbp1; Prkcg; Vamp2; Syn3; Tubb4a; Arhgef7; Camk2a; Kcnj10; Grik5; Ppm1e; Camk2d; Glra1; Ap2m1; Grik3; Actn2; Git1; Rasgrf2; Cacng4; Ppfia1; Cacna2d2; Syn1; Kcnj6; Cacna1a; Gnat3; Chrna4; Nptn; Gabrr2; Nbea; Grik2; Cacna1b; Chrna1; Chrnb3; Gabrb3; Gng12; Gria3; Dlg1; Slc18a2; Mapk3; Cacnb4; Grin1","eye","RR-3","GLDS-194","Stat_(Space Flight)v(Ground Control)",1,"flight_positive"
"REACTOME_TRANSPORT_OF_BILE_SALTS_AND_ORGANIC_ACIDS_METAL_IONS_AND_AMINE_COMPOUNDS",0.805068226120858,0.878037557372848,0.0544555953940371,-0.189736427841827,-0.829678655501095,76,"reactome","Slc16a8; Slc39a7; Slc6a20a; Slc39a4; Slc6a12; Slc6a13; Slc41a2; Slc18a1; Slc13a3; Slc22a8; Slc16a1; Heph; Slc30a5; Slc22a5; Slc39a3; Slc22a18; Bsg; Slc22a7; Slc39a10; Slc6a15; Rhbg; Emb; Slc13a4; Slc6a19","eye","RR-3","GLDS-194","Stat_(Space Flight)v(Ground Control)",1,"flight_positive"
"REACTOME_TRANSPORT_OF_INORGANIC_CATIONS_ANIONS_AND_AMINO_ACIDS_OLIGOPEPTIDES",0.0240867937862025,0.0707105608468948,0.352487857583619,0.309176129634421,1.42619601591414,100,"reactome","Slc25a22; Slc4a8; Slc38a1; Slc1a2; Slc24a4; Slc7a1; Slc38a2; Slc7a8; Slc12a6; Slc7a5; Slc43a2; Slc9a1; Slc12a7; Slc9a6; Slc24a2; Slc7a3; Slc7a2; Slc4a7; Slc1a4; Slc12a5; Slc9a2; Slc8a2; Slc9a9; Slc24a3; Slc17a1; Slc7a11; Slc38a3","eye","RR-3","GLDS-194","Stat_(Space Flight)v(Ground Control)",1,"flight_positive"
"REACTOME_TRANSPORT_OF_MATURE_MRNAS_DERIVED_FROM_INTRONLESS_TRANSCRIPTS",0.108606557377049,0.234102717180844,0.193813302725311,0.339541365150955,1.31103166915669,42,"reactome","Nup160; Pom121; Nup98; Nup153; Nup214; Nup155; Wdr33; Tpr; Nup188; Ranbp2; Nup93","eye","RR-3","GLDS-194","Stat_(Space Flight)v(Ground Control)",1,"flight_positive"
"REACTOME_TRANSPORT_OF_MATURE_TRANSCRIPT_TO_CYTOPLASM",0.0858895705521472,0.196344634143218,0.219250346703755,0.290672281734953,1.28407294124041,80,"reactome","Casc3; Nup160; Cdc40; Pom121; Nup98; Srrm1; Nup153; Nup214; Thoc2; Srsf11; Zc3h11a; Nup155; Srsf6; Wdr33; Tpr; Nup188; Magohb; Ranbp2; Nup93","eye","RR-3","GLDS-194","Stat_(Space Flight)v(Ground Control)",1,"flight_positive"
"REACTOME_TRANSPORT_OF_THE_SLBP_DEPENDANT_MATURE_MRNA",0.0655737704918033,0.157809403711043,0.252961123069611,0.38029576273984,1.39284100129011,35,"reactome","Nup160; Pom121; Nup98; Nup153; Nup214; Nup155; Tpr; Nup188; Ranbp2; Nup93","eye","RR-3","GLDS-194","Stat_(Space Flight)v(Ground Control)",1,"flight_positive"
"REACTOME_TRANSPORT_OF_VITAMINS_NUCLEOSIDES_AND_RELATED_MOLECULES",0.556451612903226,0.686938575117285,0.0739901439101341,0.248129181529095,0.933149070639459,38,"reactome","Slc35c1; Slc35d1; Slc35b4; Slco2b1; Slco1b2; Slc29a2","eye","RR-3","GLDS-194","Stat_(Space Flight)v(Ground Control)",1,"flight_positive"
"REACTOME_TRANSPORT_TO_THE_GOLGI_AND_SUBSEQUENT_MODIFICATION",0.0884615384615385,0.200965528247686,0.208955027549354,-0.237996745903599,-1.20539201460353,175,"reactome","Man1a2; Gosr2; Dctn5; Tmed2; Copz2; Tubb3; Rab1b; Arfgap3; Tuba1c; Kdelr1; Tubb4b; Trappc6b; Ykt6; St3gal4; Tuba1b; Actr1a; Trappc3; Ins2; Kdelr2; Capza2; Tmed3; Cnih3; Arf5; Mgat1; Tubb2a; Copg2; Tuba8; Cog4; Copz1; Bet1l; Copb2; Trappc6a; Trappc1; Dctn2; Mcfd2; Sptbn4; Ppp6c; Arf1; Tubb2b; Trappc5; Capza1; Napb; B4galt2; Dctn3; Dync1li1; Ctsz; Tmem115; Sec31a; Cog6; Arcn1; Man1a; Tuba1a; Dynll1; Trappc9; Trappc4; Mgat2; Tuba4a; Trappc2","eye","RR-3","GLDS-194","Stat_(Space Flight)v(Ground Control)",1,"flight_positive"
"REACTOME_TRANS_GOLGI_NETWORK_VESICLE_BUDDING",0.611570247933884,0.730282902385609,0.0704500850658419,0.210523152136735,0.905936677065652,70,"reactome","Gbf1; Pum1; Vamp2; Golgb1; Picalm; Ap1g1; Sh3gl2; Ap1s3; Cltc; Hgs; Ap1g2; Tbc1d8b; Snap23; Cpd; Ap4e1; Clvs1; Stx4a; Igf2r; Dnm2; Hip1r; Sort1; Ap4m1; Ap1m1","eye","RR-3","GLDS-194","Stat_(Space Flight)v(Ground Control)",1,"flight_positive"
"REACTOME_TRIGLYCERIDE_CATABOLISM",0.38030888030888,0.547945031497663,0.0922597260527354,-0.347384481978648,-1.06873914002243,18,"reactome","Ppp1ca; Fabp12; Lipe; Fabp9; Fabp6; Fabp3; Prkacb; Plin3; Ppp1cb; Fabp5; Fabp7","eye","RR-3","GLDS-194","Stat_(Space Flight)v(Ground Control)",1,"flight_positive"
"REACTOME_TRIGLYCERIDE_METABOLISM",0.154580152671756,0.300115721942504,0.154190966581424,-0.355135330514455,-1.25579433604181,29,"reactome","Gpam; Ppp1ca; Gk; Mogat1; Fabp12; Lipe; Lpin2; Fabp9; Fabp6; Fabp3; Agmo; Prkacb; Plin3; Dgat2; Dgat1; Ppp1cb; Fabp5; Fabp7","eye","RR-3","GLDS-194","Stat_(Space Flight)v(Ground Control)",1,"flight_positive"
"REACTOME_TRISTETRAPROLIN_TTP_ZFP36_BINDS_AND_DESTABILIZES_MRNA",0.540322580645161,0.67772828310166,0.0755015292281669,0.319266622369907,0.941154790346063,16,"reactome","Xrn1; Dcp1a; Ywhab; Tnpo1","eye","RR-3","GLDS-194","Stat_(Space Flight)v(Ground Control)",1,"flight_positive"
"REACTOME_TRNA_AMINOACYLATION",0.0262546023193856,0.0758543259623411,0.352487857583619,-0.40047993711555,-1.52945872322912,41,"reactome","Fars2; Ppa1; Pars2; Farsb; Aimp1; Hars; Ears2; Kars; Aimp2; Farsa; Eef1e1; Dars; Qars; Rars; Ppa2","eye","RR-3","GLDS-194","Stat_(Space Flight)v(Ground Control)",1,"flight_positive"
"REACTOME_TRNA_MODIFICATION_IN_THE_NUCLEUS_AND_CYTOSOL",0.0051318216544517,0.0212050743834891,0.407017918923954,-0.439406491066068,-1.70352168567474,44,"reactome","Wdr4; Trp53rka; Urm1; Trit1; Trmt11; Trdmt1; Nsun2; Lage3; Lcmt2; Tprkb; Osgep; Pus1; Ctu1; Trmt12; Tyw5; Trmt61a; Gon7; Trmt10a; Trmt5; Pus3; Trmt112; Adat3","eye","RR-3","GLDS-194","Stat_(Space Flight)v(Ground Control)",1,"flight_positive"
"REACTOME_TRNA_PROCESSING",0.0950495049504951,0.211757044754914,0.204294756516886,-0.268056667634625,-1.24559472348782,106,"reactome","Wdr4; Rtraf; Trp53rka; Rpp38; Urm1; AI597479; Trit1; Ran; Trmt11; Rtcb; Cstf2; Trdmt1; Tsen54; Nsun2; Rpp21; Lage3; Lcmt2; Tprkb; Rae1; Pop5; Clp1; Osgep; Pus1; Trmt10c; Ctu1; Hsd17b10; Pop7; Tsen34; Nup50; Trmt12; Tyw5; Nup107; Cpsf4; Mto1; Gtpbp3; Trmt61a; Gon7; Rpp30","eye","RR-3","GLDS-194","Stat_(Space Flight)v(Ground Control)",1,"flight_positive"
"REACTOME_TRNA_PROCESSING_IN_THE_NUCLEUS",0.567287784679089,0.696390273793276,0.0743625384422526,0.228197265750949,0.932337030297734,56,"reactome","Fam98b; Nup160; Pom121; Nup98; Nup153; Nup214; Nup155; Tpr; Nup188; Ranbp2; Nup93; Ddx1; Pop1","eye","RR-3","GLDS-194","Stat_(Space Flight)v(Ground Control)",1,"flight_positive"
"REACTOME_TRP_CHANNELS",0.992202729044834,0.99858638630891,0.0448645113168564,-0.157444298407971,-0.541495642275087,27,"reactome","Trpv2; Trpc6; Trpv4; Trpv3; Trpa1; Mlkl; Trpm8; Ripk1; Trpm3; Trpc3; Trpc7; Trpm6","eye","RR-3","GLDS-194","Stat_(Space Flight)v(Ground Control)",1,"flight_positive"
"REACTOME_TURBULENT_OSCILLATORY_DISTURBED_FLOW_SHEAR_STRESS_ACTIVATES_SIGNALING_BY_PIEZO1_AND_INTEGRINS_IN_ENDOTHELIAL_CELLS",0.504149377593361,0.656413279981843,0.0806388495950661,0.275256026363136,0.97199657736135,31,"reactome","Fn1; Capns2; Ppp2r2a; Abl1; Gnaq; Itga5; Ikbkb; Ppp2r1b; Pde4d; Vcl","eye","RR-3","GLDS-194","Stat_(Space Flight)v(Ground Control)",1,"flight_positive"
"REACTOME_UBIQUITIN_DEPENDENT_DEGRADATION_OF_CYCLIN_D",2.00635352833369e-06,2.78095837155113e-05,0.627256739718528,-0.606050072042674,-2.29712271892419,39,"reactome","Uba52; Psma7; Rps27a; Psmc1; Sem1; Psmd2; Psmc3; Psma5; Psmb6; Psmd14; Psmd8; Psmb1; Psma1; Psmb7; Ccnd1; Psmc5; Psma2; Psma4; Psmb3; Psma6; Psmb4; Psmd3; Psmd6; Psma3; Psmd12; Psmd13; Adrm1; Psmd1; Psmc2","eye","RR-3","GLDS-194","Stat_(Space Flight)v(Ground Control)",1,"flight_positive"
"REACTOME_UB_SPECIFIC_PROCESSING_PROTEASES",0.000875114682510304,0.00507010887486129,0.477270815362862,-0.322910775180147,-1.61086821400173,166,"reactome","Uba52; Psma7; H2ac22; H2ac19; Rps27a; Otub1; Psmc1; Sem1; Psmd2; Psmc3; Snx3; H2ac13; Fkbp8; Psma5; Psmb6; Psmd14; H2ac20; Smad2; Psmd8; H2bc7; Psmb1; Psma1; Taf10; Rnf146; Suds3; Psmb7; Mul1; H2ac4; Siah2; H2ac10; H2bc14; Psmc5; Psma2; Vdac2; Psma4; Polb; H2bc18; Usp5; Psmb3; Psma6; H2ac8; Psmb4; Psmd3; Psmd6; H2ac21; Psma3; Usp12; H2bc3; Usp18; Usp11; Birc3; Usp44; Psmd12; Psmd13; Adrm1; H2bc21; Psmd1; Ifih1; Psmc2; Vdac1; Vdac3; H2ac18; Becn1; Ruvbl1; H2bc8; Ubb; H2bc4; Keap1; Tomm20; Usp4; H2ac6","eye","RR-3","GLDS-194","Stat_(Space Flight)v(Ground Control)",1,"flight_positive"
"REACTOME_UCH_PROTEINASES",1.47050551868791e-05,0.000150486312426473,0.593325476396405,-0.443977213673557,-1.97070177742198,84,"reactome","Ino80b; Uba52; Psma7; H2ac22; H2ac19; Rps27a; Nedd8; Psmc1; Sem1; Psmd2; Psmc3; H2ac13; Psma5; Psmb6; Psmd14; H2ac20; Psmd8; Tfpt; Psmb1; Psma1; Bap1; Psmb7; H2ac4; Ino80c; H2ac10; Psmc5; Psma2; Mcrs1; Psma4; Uchl1; Psmb3; Psma6; Ino80e; Actl6a; H2ac8; Psmb4; Psmd3; Psmd6; H2ac21; Psma3","eye","RR-3","GLDS-194","Stat_(Space Flight)v(Ground Control)",1,"flight_positive"
"REACTOME_UNBLOCKING_OF_NMDA_RECEPTORS_GLUTAMATE_BINDING_AND_ACTIVATION",0.244855967078189,0.420246526568366,0.124434168630393,0.374265981617718,1.19638801346691,21,"reactome","Camk2a; Camk2d; Actn2; Gria3; Dlg1; Grin1; Grin2b; Grin2d; Dlg4; Dlg2","eye","RR-3","GLDS-194","Stat_(Space Flight)v(Ground Control)",1,"flight_positive"
"REACTOME_UNFOLDED_PROTEIN_RESPONSE_UPR",0.472222222222222,0.631046093757864,0.0817515582532145,-0.220148440352186,-0.994252566468523,91,"reactome","Crebrf; Gosr2; Exosc4; Hdgf; Serp1; Ppp2r5b; Cebpb; Calr; Tatdn2; Gsk3a; Ddit3; Pdia6; Eif2s1; Nfyb; Zbtb17; Hsp90b1; Exosc2; Sult1a1; Mydgf; Exosc7; Yif1a; Xbp1; Creb3l3; Creb3l4; Sec31a; Exosc3; Exosc9; Atf4; Lmna; Eif2s3x; Dnajb11","eye","RR-3","GLDS-194","Stat_(Space Flight)v(Ground Control)",1,"flight_positive"
"REACTOME_UPTAKE_AND_ACTIONS_OF_BACTERIAL_TOXINS",0.652977412731006,0.757291242629969,0.0668966276500666,0.24850871914999,0.861959134040209,28,"reactome","Syt1; Vamp2; Pdcd6ip; Antxr2; Antxr1; Map2k3; Furin; Sv2a; Stx1b","eye","RR-3","GLDS-194","Stat_(Space Flight)v(Ground Control)",1,"flight_positive"
"REACTOME_VASOPRESSIN_REGULATES_RENAL_WATER_HOMEOSTASIS_VIA_AQUAPORINS",0.0515893305134521,0.13354684849227,0.321775918075361,-0.371390553718236,-1.41836449086675,41,"reactome","Gng4; Rab11a; Gnb2; Rab11fip2; Gng10; Gng8; Gngt2; Gngt1; Gnb3; Prkar2b; Gng11; Myo5b; Avp; Gng2","eye","RR-3","GLDS-194","Stat_(Space Flight)v(Ground Control)",1,"flight_positive"
"REACTOME_VEGFR2_MEDIATED_CELL_PROLIFERATION",0.0319904479615884,0.0889074632435009,0.321775918075361,0.496805185049494,1.51609290627235,19,"reactome","Prkca; Kras; Ahcyl1; Kdr; Sphk1","eye","RR-3","GLDS-194","Stat_(Space Flight)v(Ground Control)",1,"flight_positive"
"REACTOME_VEGFR2_MEDIATED_VASCULAR_PERMEABILITY",0.57504873294347,0.700204081632653,0.070619624712259,-0.266173884327252,-0.915447557695382,27,"reactome","Akt3; Them4; Ctnnb1; Vav3; Hsp90aa1; Pak1","eye","RR-3","GLDS-194","Stat_(Space Flight)v(Ground Control)",1,"flight_positive"
"REACTOME_VIF_MEDIATED_DEGRADATION_OF_APOBEC3G",1.21279288796587e-07,2.3664007522751e-06,0.690132458796796,-0.639674281919902,-2.44262575709366,40,"reactome","Uba52; Psma7; Rps27a; Psmc1; Sem1; Psmd2; Psmc3; Psma5; Psmb6; Psmd14; Psmd8; Psmb1; Psma1; Psmb7; Elob; Rbx1; Psmc5; Psma2; Psma4; Psmb3; Psma6; Psmb4; Psmd3; Psmd6; Psma3; Psmd12; Psmd13; Adrm1; Psmd1; Psmc2","eye","RR-3","GLDS-194","Stat_(Space Flight)v(Ground Control)",1,"flight_positive"
"REACTOME_VIRAL_MESSENGER_RNA_SYNTHESIS",0.157894736842105,0.305870193717789,0.157402899305283,0.314724247054638,1.2291190170132,43,"reactome","Nup160; Polr2a; Pom121; Nup98; Nup153; Nup214; Nup155; Tpr; Nup188; Ranbp2; Nup93","eye","RR-3","GLDS-194","Stat_(Space Flight)v(Ground Control)",1,"flight_positive"
"REACTOME_VISUAL_PHOTOTRANSDUCTION",0.0833333333333333,0.191701680672269,0.219250346703755,-0.28595771286366,-1.29146583760179,91,"reactome","Rdh5; Lrat; Nmt2; Ttr; Rdh10; Rpe65; Plb1; Gpc5; Rbp1; Fnta; Stra6; Grk4; Gngt1; Apoe; Guca1a; Opn1sw; Gpc3; Ppef1; Rcvrn; Awat2; Calm1; Guca1b; Ldlr","eye","RR-3","GLDS-194","Stat_(Space Flight)v(Ground Control)",1,"flight_positive"
"REACTOME_VITAMIN_B5_PANTOTHENATE_METABOLISM",0.659774436090226,0.762081231559912,0.0621124188949471,-0.271214870185775,-0.849917653857339,19,"reactome","Ppcs; Enpp2; Pdzd11; Coasy; Nudt8; Slc25a16","eye","RR-3","GLDS-194","Stat_(Space Flight)v(Ground Control)",1,"flight_positive"
"REACTOME_VLDLR_INTERNALISATION_AND_DEGRADATION",0.219367588932806,0.38948927957242,0.129442887745046,-0.411897981802174,-1.21247899191131,16,"reactome","Nr1h3; Uba52; Rps27a; Clta","eye","RR-3","GLDS-194","Stat_(Space Flight)v(Ground Control)",1,"flight_positive"
"REACTOME_VOLTAGE_GATED_POTASSIUM_CHANNELS",0.447154471544715,0.608241175579458,0.0860347242455604,0.260602594246287,1.00401631185124,41,"reactome","Kcnh6; Kcnc3; Kcng2; Kcna7; Kcnb2; Kcnd1; Kcnh1; Kcnc1; Kcnq3; Kcna3; Kcnb1; Kcna2","eye","RR-3","GLDS-194","Stat_(Space Flight)v(Ground Control)",1,"flight_positive"
"REACTOME_VXPX_CARGO_TARGETING_TO_CILIUM",0.228395061728395,0.402078123139216,0.129442887745046,0.379169639756393,1.21206316992621,21,"reactome","Gbf1; Pkd1; Rab11fip3; Asap1; Arf4","eye","RR-3","GLDS-194","Stat_(Space Flight)v(Ground Control)",1,"flight_positive"
"REACTOME_WNT5A_DEPENDENT_INTERNALIZATION_OF_FZD4",0.418032786885246,0.582373920660743,0.0902635484340068,0.360606168576549,1.03853841311467,15,"reactome","Prkca; Prkcg; Ap2m1; Cltc; Ap2b1","eye","RR-3","GLDS-194","Stat_(Space Flight)v(Ground Control)",1,"flight_positive"
"REACTOME_WNT_LIGAND_BIOGENESIS_AND_TRAFFICKING",0.189453125,0.34924439709596,0.139599673451922,-0.36477860131271,-1.22984527715373,25,"reactome","Snx3; Wnt9b; Vps29; Vps35; Wnt2; Wnt3; Wls; Wnt6; Wnt8b; Wnt4; Wnt8a; Wnt3a; Wnt10a","eye","RR-3","GLDS-194","Stat_(Space Flight)v(Ground Control)",1,"flight_positive"
"REACTOME_XENOBIOTICS",0.165322580645161,0.317037173041071,0.153158808683073,0.433085411726784,1.27667717611711,16,"reactome","Cyp2b19; Arnt; Ahr; Cyp3a57; Cyp2b10; Cyp2d22","eye","RR-3","GLDS-194","Stat_(Space Flight)v(Ground Control)",1,"flight_positive"
"REACTOME_ZBP1_DAI_MEDIATED_INDUCTION_OF_TYPE_I_IFNS",0.855371900826446,0.913289393545584,0.0543434390269162,0.228920202832149,0.714274716743625,20,"reactome","Dhx9; Tlr3; Ikbkb; Ticam1","eye","RR-3","GLDS-194","Stat_(Space Flight)v(Ground Control)",1,"flight_positive"
"REACTOME_ZINC_TRANSPORTERS",0.624513618677043,0.73826860841424,0.066436413766281,-0.302784157848633,-0.87929659938244,15,"reactome","Slc39a7; Slc39a4; Slc30a5; Slc39a3; Slc39a10","eye","RR-3","GLDS-194","Stat_(Space Flight)v(Ground Control)",1,"flight_positive"
