"pathway","pval","padj","log2err","ES","NES","size","db","leadingEdge_str","tissue","mission","glds","contrast_column","rank_sign","sign_convention"
"REACTOME_ABC_FAMILY_PROTEINS_MEDIATED_TRANSPORT",1.85965037881144e-09,3.15830622668143e-07,0.788186810800237,0.580126640379526,2.41317048170515,82,"reactome","Sel1l; Abcd2; Vcp; Psmd11; Psmd1; Psmd3; Derl3; Psmd2; Psmc4; Ubb; Adrm1; Psmc1; Psmc2; Abcd1; Abcg8; Psmc5; Abca2; Psmd7; Abcc3; Psmd14; Psmd12; Eif2s3x; Psma1; Abcc4; Psma7; Psmc6; Abca6; Psma5; Psmd6; Abca5; Psmc3; Psmb4; Abcg5; Abca8b; Psmb2; Psmd13; Psma6","liver","MHU-2","GLDS-617","Stat_(Space Flight & uG)v(Ground Control & 1G on Earth)",1,"flight_positive"
"REACTOME_ABC_TRANSPORTERS_IN_LIPID_HOMEOSTASIS",0.0283417361623127,0.130679769906772,0.352487857583619,0.565580062990334,1.58418794401705,15,"reactome","Abcd2; Abcd1; Abcg8; Abca2; Abca6; Abca5; Abcg5; Abcg1","liver","MHU-2","GLDS-617","Stat_(Space Flight & uG)v(Ground Control & 1G on Earth)",1,"flight_positive"
"REACTOME_ABC_TRANSPORTER_DISORDERS",2.43696427111635e-08,1.46074505427503e-06,0.73376198835648,0.613020447790922,2.37832123470488,61,"reactome","Sel1l; Vcp; Psmd11; Psmd1; Psmd3; Derl3; Psmd2; Psmc4; Ubb; Adrm1; Psmc1; Psmc2; Abcd1; Abcg8; Psmc5; Psmd7; Psmd14; Psmd12; Psma1; Psma7; Psmc6; Psma5; Abca1; Psmd6; Psmc3; Psmb4; Abcg5; Abcb11; Psmb2; Psmd13; Psma6","liver","MHU-2","GLDS-617","Stat_(Space Flight & uG)v(Ground Control & 1G on Earth)",1,"flight_positive"
"REACTOME_ABERRANT_REGULATION_OF_MITOTIC_EXIT_IN_CANCER_DUE_TO_RB1_DEFECTS",0.929657794676806,1,0.0466948041282054,-0.214640311701532,-0.62364077031291,20,"reactome","Ube2c; Anapc15; Cdc23; Skp2; Rb1; Anapc16","liver","MHU-2","GLDS-617","Stat_(Space Flight & uG)v(Ground Control & 1G on Earth)",1,"flight_positive"
"REACTOME_ABERRANT_REGULATION_OF_MITOTIC_G1_S_TRANSITION_IN_CANCER_DUE_TO_RB1_DEFECTS",0.112962962962963,0.351567340731144,0.179782316298324,-0.495992759887752,-1.38367858173422,17,"reactome","Cdk2; Tfdp2; E2f2; Ccne1; Ccnd3; Ccnd1; E2f3","liver","MHU-2","GLDS-617","Stat_(Space Flight & uG)v(Ground Control & 1G on Earth)",1,"flight_positive"
"REACTOME_ABORTIVE_ELONGATION_OF_HIV_1_TRANSCRIPT_IN_THE_ABSENCE_OF_TAT",0.998137802607076,1,0.0425023180036553,-0.142030615779945,-0.424672909720677,23,"reactome","Polr2f; Polr2l; Polr2d; Nelfe; Polr2k; Polr2g","liver","MHU-2","GLDS-617","Stat_(Space Flight & uG)v(Ground Control & 1G on Earth)",1,"flight_positive"
"REACTOME_ACTIVATED_NOTCH1_TRANSMITS_SIGNAL_TO_THE_NUCLEUS",0.770244821092279,0.941553336600506,0.0549073703290958,-0.249069896771229,-0.792414567993363,29,"reactome","Aph1b; Psen2; Dtx4; Rps27a; Adam17; Ubc; Uba52; Jag1","liver","MHU-2","GLDS-617","Stat_(Space Flight & uG)v(Ground Control & 1G on Earth)",1,"flight_positive"
"REACTOME_ACTIVATED_PKN1_STIMULATES_TRANSCRIPTION_OF_AR_ANDROGEN_RECEPTOR_REGULATED_GENES_KLK2_AND_KLK3",0.85,0.971573018552884,0.0513223330421143,-0.232396340507304,-0.750544537061334,32,"reactome","Klk1b4; H2bc21; H2az2; H3f3a; H2ac19; H3c4; H3f3b; H3c15; H2bc6; H2aj; H4c17; H2bc8","liver","MHU-2","GLDS-617","Stat_(Space Flight & uG)v(Ground Control & 1G on Earth)",1,"flight_positive"
"REACTOME_ACTIVATED_TAK1_MEDIATES_P38_MAPK_ACTIVATION",0.18494623655914,0.464509610414023,0.149207542435322,0.409217349036878,1.26928753027557,23,"reactome","Ubb; Traf6; Irak2; Map3k7; Tab3; Ikbkg; Tab1; Tab2; Ube2v1; Mapkapk3","liver","MHU-2","GLDS-617","Stat_(Space Flight & uG)v(Ground Control & 1G on Earth)",1,"flight_positive"
"REACTOME_ACTIVATION_OF_AMPK_DOWNSTREAM_OF_NMDARS",0.127615062761506,0.381348237401686,0.179782316298324,0.445708254846182,1.3410493111092,19,"reactome","Tubb4b; Tuba4a; Tuba1c; Prkab2; Tubb2a; Camkk2; Tuba8","liver","MHU-2","GLDS-617","Stat_(Space Flight & uG)v(Ground Control & 1G on Earth)",1,"flight_positive"
"REACTOME_ACTIVATION_OF_ANTERIOR_HOX_GENES_IN_HINDBRAIN_DEVELOPMENT_DURING_EARLY_EMBRYOGENESIS",0.691609977324263,0.901946373474347,0.0689567351672811,0.215390816967586,0.89596775144905,82,"reactome","Mafb; Jun; Yy1; Ncoa6; Pbx1; Paxip1; Rxra; Polr2i; Ncor1; Ep300; Hoxa2; H2ac18; Rarg; H4c16; Zfp335; Pias2; Cnot9; Ncoa3; Kdm6a; Polr2c; H2ax; H4c12; H3c1; Rbbp4; Polr2h; Hdac3; Hoxa3; Pknox1; H3c2","liver","MHU-2","GLDS-617","Stat_(Space Flight & uG)v(Ground Control & 1G on Earth)",1,"flight_positive"
"REACTOME_ACTIVATION_OF_APC_C_AND_APC_C_CDC20_MEDIATED_DEGRADATION_OF_MITOTIC_PROTEINS",5.9033174000255e-05,0.000613824533737345,0.557332238758646,0.506228843383575,1.96905283838897,63,"reactome","Psmd11; Psmd1; Psmd3; Psmd2; Psmc4; Ubb; Adrm1; Psmc1; Psmc2; Cdc27; Psmc5; Psmd7; Psmd14; Psmd12; Psma1; Psma7; Psmc6; Psma5; Anapc1; Psmd6; Anapc7; Psmc3; Psmb4; Psmb2; Bub3; Psmd13; Psma6; Cdc26","liver","MHU-2","GLDS-617","Stat_(Space Flight & uG)v(Ground Control & 1G on Earth)",1,"flight_positive"
"REACTOME_ACTIVATION_OF_ATR_IN_RESPONSE_TO_REPLICATION_STRESS",0.00340417049683818,0.0242576904634833,0.431707695803346,-0.530418057393767,-1.75657617508265,34,"reactome","Rpa1; Mcm4; Cdk2; Cdc6; Mcm6; Mcm10; Clspn; Mcm3; Rpa3; Mcm5; Rfc2; Mcm8; Rad9b; Orc5","liver","MHU-2","GLDS-617","Stat_(Space Flight & uG)v(Ground Control & 1G on Earth)",1,"flight_positive"
"REACTOME_ACTIVATION_OF_BAD_AND_TRANSLOCATION_TO_MITOCHONDRIA",0.987577639751553,1,0.0478299633114229,0.181699256403195,0.50893903492444,15,"reactome","Ppp3r1; Akt3; Ywhab; Akt1; Sfn; Bcl2; Bad; Ywhaq; Akt2; Ywhae; Ywhag; Ywhaz; Ppp3cc; Bid; Ywhah","liver","MHU-2","GLDS-617","Stat_(Space Flight & uG)v(Ground Control & 1G on Earth)",1,"flight_positive"
"REACTOME_ACTIVATION_OF_BH3_ONLY_PROTEINS",0.622676579925651,0.874418822354667,0.0643583367917361,-0.277938530268828,-0.876406876086628,28,"reactome","Tfdp2; Bbc3; Trp53bp2; Ppp1r13b; Ywhah; Bid; Ppp3cc; Bmf","liver","MHU-2","GLDS-617","Stat_(Space Flight & uG)v(Ground Control & 1G on Earth)",1,"flight_positive"
"REACTOME_ACTIVATION_OF_GENE_EXPRESSION_BY_SREBF_SREBP",1.03098729951591e-06,2.23526820895045e-05,0.643551836150722,-0.645863526964252,-2.25559452929876,43,"reactome","Acacb; Elovl6; Fasn; Pmvk; Scd1; Sc5d; Dhcr7; Fdps; Acaca; Gpam; Tm7sf2; Ggps1; Lss; Srebf1; Scd2","liver","MHU-2","GLDS-617","Stat_(Space Flight & uG)v(Ground Control & 1G on Earth)",1,"flight_positive"
"REACTOME_ACTIVATION_OF_IRF3_IRF7_MEDIATED_BY_TBK1_IKK_IKBKE",0.5995670995671,0.852104427418235,0.0738052724171275,0.302220436544592,0.888258883004155,18,"reactome","Ubb; Ly96; Tbk1; Ptpn11; Ticam2; Ticam1; Ikbke; Traf3; Irf3","liver","MHU-2","GLDS-617","Stat_(Space Flight & uG)v(Ground Control & 1G on Earth)",1,"flight_positive"
"REACTOME_ACTIVATION_OF_KAINATE_RECEPTORS_UPON_GLUTAMATE_BINDING",0.323754789272031,0.629698291530353,0.101350743797099,-0.378950974825693,-1.10848371604526,21,"reactome","Dlg4; Plcb1; Dlg3; Gng2; Gnb4; Gng10; Gng11; Plcb3; Gng5; Gngt2","liver","MHU-2","GLDS-617","Stat_(Space Flight & uG)v(Ground Control & 1G on Earth)",1,"flight_positive"
"REACTOME_ACTIVATION_OF_MATRIX_METALLOPROTEINASES",0.362962962962963,0.674946183142904,0.0925528864684773,-0.388622772735948,-1.0841468878106,17,"reactome","Klk1b4; Mmp15; Ctsl; Mmp11","liver","MHU-2","GLDS-617","Stat_(Space Flight & uG)v(Ground Control & 1G on Earth)",1,"flight_positive"
"REACTOME_ACTIVATION_OF_NF_KAPPAB_IN_B_CELLS",7.75727872831251e-08,3.16186680966018e-06,0.704975715167238,0.610896962091182,2.31009596154006,54,"reactome","Psmd11; Psmd1; Psmd3; Psmd2; Psmc4; Ubb; Adrm1; Psmc1; Psmc2; Psmc5; Psmd7; Psmd14; Psmd12; Psma1; Psma7; Psmc6; Cul1; Psma5; Psmd6; Map3k7; Psmc3; Psmb4; Psmb2; Psmd13; Psma6","liver","MHU-2","GLDS-617","Stat_(Space Flight & uG)v(Ground Control & 1G on Earth)",1,"flight_positive"
"REACTOME_ACTIVATION_OF_NMDA_RECEPTORS_AND_POSTSYNAPTIC_EVENTS",0.672055427251732,0.891698542147806,0.0713052987340038,0.226064049388786,0.892692625978549,67,"reactome","Tubb4b; Rasgrf2; Tuba4a; Tuba1c; Lin7a; Rps6ka2; Pdpk1; Arhgef7; Rps6ka3; Prkab2; Kras; Tubb2a","liver","MHU-2","GLDS-617","Stat_(Space Flight & uG)v(Ground Control & 1G on Earth)",1,"flight_positive"
"REACTOME_ACTIVATION_OF_SMO",0.162962962962963,0.442824691358025,0.147331213699377,-0.459627945595981,-1.30763369572364,18,"reactome","Ihh; Shh; Gas1; Evc; Smo","liver","MHU-2","GLDS-617","Stat_(Space Flight & uG)v(Ground Control & 1G on Earth)",1,"flight_positive"
"REACTOME_ACTIVATION_OF_THE_MRNA_UPON_BINDING_OF_THE_CAP_BINDING_COMPLEX_AND_EIFS_AND_SUBSEQUENT_BINDING_TO_43S",0.0168740815678669,0.086405472953047,0.352487857583619,-0.405816071974504,-1.51380248040467,58,"reactome","Rps24; Eif4ebp1; Rpsa; Rps17; Rps12; Rps20; Rps27l; Rps7; Rps14; Rps9; Rps21; Eif3k; Rps16; Rps10; Rps15; Rps27a; Rps3a1; Rps6; Rps11; Rps29; Rps23; Rps4x; Pabpc1; Rps3; Rps15a; Rps26; Rps2; Rps18; Rps13; Rps28; Rps19; Rps25; Eif3h; Eif4e","liver","MHU-2","GLDS-617","Stat_(Space Flight & uG)v(Ground Control & 1G on Earth)",1,"flight_positive"
"REACTOME_ACTIVATION_OF_THE_PRE_REPLICATIVE_COMPLEX",0.00353552959117717,0.0246760592699283,0.431707695803346,-0.53444356548216,-1.72178742199096,31,"reactome","Rpa1; Mcm4; Cdk2; Cdc6; Mcm6; Mcm10; Pole2; Gmnn; Mcm3; Rpa3; Mcm5; Pola2; Mcm8; Orc5; Pole; Dbf4; Mcm2","liver","MHU-2","GLDS-617","Stat_(Space Flight & uG)v(Ground Control & 1G on Earth)",1,"flight_positive"
"REACTOME_ADHERENS_JUNCTIONS_INTERACTIONS",0.628571428571429,0.875019516003123,0.0619762736001998,-0.253144531136193,-0.888852970082508,44,"reactome","Cdh1; Mov10; Amot; Nectin2; Ago4; Adam33; Nectin1; Nectin4; Pvr; Cdh2","liver","MHU-2","GLDS-617","Stat_(Space Flight & uG)v(Ground Control & 1G on Earth)",1,"flight_positive"
"REACTOME_ADIPOGENESIS",0.871252204585538,0.985242481298662,0.0462302524077616,-0.196531850124863,-0.792779639512076,99,"reactome","Elovl3; Pparg; Med12; Usp46; Bmp7; Zfp467; Slc2a4; Cox7a1; Ppargc1b; Lpl; Srebf1; Ccnd3","liver","MHU-2","GLDS-617","Stat_(Space Flight & uG)v(Ground Control & 1G on Earth)",1,"flight_positive"
"REACTOME_ADORA2B_MEDIATED_ANTI_INFLAMMATORY_CYTOKINES_PRODUCTION",0.158878504672897,0.438608608608609,0.150169802128406,-0.383442741382723,-1.25751597346977,33,"reactome","Adcy1; Prkx; Gnaz; Gng2; Gnai1; Adcy6; Gnb4; Gng10; Gng11; Adcy7; Gng5; Prkaca; Gngt2; Adcy2","liver","MHU-2","GLDS-617","Stat_(Space Flight & uG)v(Ground Control & 1G on Earth)",1,"flight_positive"
"REACTOME_ADP_SIGNALLING_THROUGH_P2Y_PURINOCEPTOR_1",0.680608365019011,0.898083922480325,0.0611692626746689,-0.285995286528912,-0.830963761573214,20,"reactome","Gng2; Src; Gnb4; Gng10; Gng11; Gng5; Gngt2","liver","MHU-2","GLDS-617","Stat_(Space Flight & uG)v(Ground Control & 1G on Earth)",1,"flight_positive"
"REACTOME_ADP_SIGNALLING_THROUGH_P2Y_PURINOCEPTOR_12",0.345489443378119,0.652201740911418,0.09754492162472,-0.401434440166508,-1.09399238022621,16,"reactome","Gng2; Gnai1; Gnb4; Gng10; Gng11; P2ry12; Gng5; Gngt2","liver","MHU-2","GLDS-617","Stat_(Space Flight & uG)v(Ground Control & 1G on Earth)",1,"flight_positive"
"REACTOME_ADRENALINE_NORADRENALINE_INHIBITS_INSULIN_SECRETION",0.324427480916031,0.629698291530353,0.100990587455923,-0.391555872636928,-1.11806246360614,19,"reactome","Gng2; Gnai1; Adcy6; Gnb4; Gng10; Gng11; Gng5; Cacna1d; Gngt2","liver","MHU-2","GLDS-617","Stat_(Space Flight & uG)v(Ground Control & 1G on Earth)",1,"flight_positive"
"REACTOME_AEROBIC_RESPIRATION_AND_RESPIRATORY_ELECTRON_TRANSPORT",2.88027218175291e-15,2.93499735320621e-12,1.00731795687447,-0.52812388864427,-2.39324863541441,215,"reactome","Pklr; Me1; Pdk1; Cycs; Cyc1; Cox5a; Ndufa8; Cs; Ndufs1; Pdha1; Fh1; Cox7a2; Ldhb; Slc25a11; Mdh2; Uqcr10; Ndufs4; Ndufs5; Ndufc2; Sdhd; Uqcrc1; Dlat; Ndufaf5; Uqcr11; Ndufs8; Ndufa12; Smim20; Sdhb; Hscb; Cox7a1; Ndufaf4; Ndufb8; Sdha; Ndufs3; Cmc1; Pdhb; Vdac1; Uqcrh; Ndufa6; Got1; Pyurf; Ndufa11; Ndufv2; Aco2; Rmnd5a; Ndufa13; Ndufs7; Lyrm7; Ndufs6; Ogdh; Dlst; Trap1; Adhfe1; Atp5pb; Cox14; Ndufv1; Cox6c; Uqcrb; Cox5b; Uqcrc2; Ndufb3; Ndufa4; Pdk2; Ndufc1; Ucp2; Pet117; Cox7c; Nfs1; Cox6a1; Higd2a; Uqcrfs1; Ndufa5; Mdh1; Uqcc1; Cox7b; Rps27a; Gpt; Higd1a; Ubc; Ndufb6; Sdhaf4; Pm20d1; Suclg1; Ndufab1; Sirt3; Slc25a12; Uba52; Uqcrq; Cox6b1; Ndufb1; Ndufb2; Mrps36; Idh3a; Cox19; Pdk4","liver","MHU-2","GLDS-617","Stat_(Space Flight & uG)v(Ground Control & 1G on Earth)",1,"flight_positive"
"REACTOME_AGGREPHAGY",0.0599571734475375,0.229685562943762,0.271288554688953,0.418980923968078,1.43053202087562,33,"reactome","Vcp; Tubb4b; Dync1h1; Tuba4a; Ubb; Tuba1c; Dync1li1","liver","MHU-2","GLDS-617","Stat_(Space Flight & uG)v(Ground Control & 1G on Earth)",1,"flight_positive"
"REACTOME_AMINO_ACIDS_REGULATE_MTORC1",0.852193995381062,0.971573018552884,0.0597317976364411,0.207890105434851,0.771780935446558,50,"reactome","Atp6v1a; Wdr59; Atp6v0d2; Atp6v1b2; Rptor; Seh1l; Mios; Fnip1; Nprl2; Atp6v0d1","liver","MHU-2","GLDS-617","Stat_(Space Flight & uG)v(Ground Control & 1G on Earth)",1,"flight_positive"
"REACTOME_AMINO_ACID_TRANSPORT_ACROSS_THE_PLASMA_MEMBRANE",0.625235404896422,0.874418822354667,0.0647943366000727,-0.293073230414135,-0.867758616833013,22,"reactome","Slc38a3; Slc1a5; Slc1a4; Slc7a5; Slc6a12; Slc43a1; Slc3a1; Slc7a2","liver","MHU-2","GLDS-617","Stat_(Space Flight & uG)v(Ground Control & 1G on Earth)",1,"flight_positive"
"REACTOME_AMYLOID_FIBER_FORMATION",0.105448154657293,0.33683908964195,0.181383128498408,-0.334736238495541,-1.28481661992377,70,"reactome","Nat8; Gsn; Tspan15; H2az1; Tgfbi; Aph1b; Sorl1; Apoa1; H2bc21; Mfge8; Cst3; Saa2; Saa1; Ube2l6; Rps27a; H3f3a; Ubc; Uba52; H2ac19; H3c4","liver","MHU-2","GLDS-617","Stat_(Space Flight & uG)v(Ground Control & 1G on Earth)",1,"flight_positive"
"REACTOME_ANCHORING_OF_THE_BASAL_BODY_TO_THE_PLASMA_MEMBRANE",0.170068027210884,0.453788289101523,0.160801401070022,0.274235049847693,1.17184872468351,96,"reactome","Mapre1; Tubb4b; Pafah1b1; Dync1h1; Tuba4a; Pcm1; Cep290; Tubb5; Cep63; Septin2; Cep135; Cep250; Cep162; Ttbk2; Tctn2; Cep192; Tmem67; Haus6; Tctn1; Dynll1","liver","MHU-2","GLDS-617","Stat_(Space Flight & uG)v(Ground Control & 1G on Earth)",1,"flight_positive"
"REACTOME_ANTIGEN_ACTIVATES_B_CELL_RECEPTOR_BCR_LEADING_TO_GENERATION_OF_SECOND_MESSENGERS",0.55,0.830353959765724,0.0702812841717392,-0.283327613724064,-0.913375508738245,30,"reactome","Blnk; Cd22; Ighm; Lyn; Cd79b","liver","MHU-2","GLDS-617","Stat_(Space Flight & uG)v(Ground Control & 1G on Earth)",1,"flight_positive"
"REACTOME_ANTIGEN_PRESENTATION_FOLDING_ASSEMBLY_AND_PEPTIDE_LOADING_OF_CLASS_I_MHC",0.0883620689655172,0.302194543297746,0.222056046145248,0.427276191755499,1.38920944030251,28,"reactome","Calr; Pdia3; Hspa5; Sec24d; Canx; Sec24c","liver","MHU-2","GLDS-617","Stat_(Space Flight & uG)v(Ground Control & 1G on Earth)",1,"flight_positive"
"REACTOME_ANTIGEN_PROCESSING_CROSS_PRESENTATION",0.00129932885900267,0.0103438758384666,0.45505986738723,0.385924414822436,1.64911463208322,96,"reactome","Calr; Pdia3; Psmd11; Psmd1; Psmd3; Cd36; Psmd2; Psmc4; Ubb; Adrm1; Psmc1; Psmc2; Psmc5; Psmd7; Mrc2; Psmd14; Fga; Psmd12; Psma1; Psma7; Psmc6; Ly96; Snap23; Psma5; Tlr6; Psmd6","liver","MHU-2","GLDS-617","Stat_(Space Flight & uG)v(Ground Control & 1G on Earth)",1,"flight_positive"
"REACTOME_ANTIGEN_PROCESSING_UBIQUITINATION_PROTEASOME_DEGRADATION",2.87053555899982e-06,5.62514564350157e-05,0.627256739718528,0.356835388302746,1.77839548284205,265,"reactome","Psmd11; Psmd1; Psmd3; Wsb1; Ufl1; Psmd2; Rnf144b; Psmc4; Ubb; Hectd1; Adrm1; Psmc1; Unkl; Ube4a; Psmc2; Cdc27; Pja2; Ubr1; Ube2z; Hecw2; Psmc5; Asb13; Arih2; Psmd7; Psmd14; Psmd12; Fbxo21; Psma1; Fbxw7; Kbtbd8; Psma7; Psmc6; Cul1; Fbxo40; Ubox5; Herc1; Psma5; Atg7; Anapc1; Rnf115; Rnf217; Hace1; Psmd6; Ube3c; Itch; Rnf7; Ubr4; Anapc7; Rnf4; Psmc3; Psmb4; Klhl11; Npepps; Dtx3l; Rnf25; Psmb2; Ube2g2; Mgrn1; Asb3; Psmd13; Kbtbd7; Uba3; Trim39; Huwe1; Psma6; Ltn1; Cdc26; Znrf2; Ube2l3; Cul5; Ube3a; Trim37","liver","MHU-2","GLDS-617","Stat_(Space Flight & uG)v(Ground Control & 1G on Earth)",1,"flight_positive"
"REACTOME_ANTIGEN_PROCESSING_UB_ATP_INDEPENDENT_PROTEASOMAL_DEGRADATION",0.74618320610687,0.929536292204035,0.0570059526582387,-0.27917239670858,-0.79715871845511,19,"reactome","Psme1; Psmb9; Psmb8; Psmb10; Psme2; Psmb5","liver","MHU-2","GLDS-617","Stat_(Space Flight & uG)v(Ground Control & 1G on Earth)",1,"flight_positive"
"REACTOME_ANTIMICROBIAL_PEPTIDES",0.17680608365019,0.460611349803079,0.142901149386948,-0.442802871959404,-1.28657064451869,20,"reactome","Clu; Cd4; Pglyrp2; Rnase2a; Prtn3; Slc11a1; Pdzd11; Lyz2","liver","MHU-2","GLDS-617","Stat_(Space Flight & uG)v(Ground Control & 1G on Earth)",1,"flight_positive"
"REACTOME_ANTIVIRAL_MECHANISM_BY_IFN_STIMULATED_GENES",0.9075,1,0.0605092988656667,0.179762569995432,0.808074161830313,136,"reactome","Dnajc3; Tubb4b; Tuba4a; Ubb; Tuba1c; Ranbp2; Ppp2r1b; Eif2s3x; Kpna1; Eif4g2; Pde12; Eif2ak2; Arih1; Kpna4; Nup50; Eif4a2; Seh1l; Pin1; Tubb2a; Ifit1bl1; Ikbkg; Stat3; Becn1; Ppp2ca; Rae1; Stat1; Kpnb1; Nup188; Dhx9; Tuba8; Nup62; Adar; Ptpn2","liver","MHU-2","GLDS-617","Stat_(Space Flight & uG)v(Ground Control & 1G on Earth)",1,"flight_positive"
"REACTOME_ANTI_INFLAMMATORY_RESPONSE_FAVOURING_LEISHMANIA_PARASITE_INFECTION",0.234875444839858,0.528340128679503,0.117249716749792,-0.304718298056144,-1.15074684356328,64,"reactome","Adcy1; Plk2; Lyn; Prkx; Gnaz; Gng2; Src; Adam17; Gnai1; Adcy6; Gnb4; Gng10; Gng11; Fcgr1; Rhbdf2; Adcy7; Gng5; Prkaca; Gngt2; Adcy2; Prkacb; Ggt5; Cysltr1; Calm1; Myh9; Ighg2b","liver","MHU-2","GLDS-617","Stat_(Space Flight & uG)v(Ground Control & 1G on Earth)",1,"flight_positive"
"REACTOME_APC_CDC20_MEDIATED_DEGRADATION_OF_NEK2A",0.563302752293578,0.832004354618801,0.0686325631836726,-0.292695898371619,-0.9114177390366,26,"reactome","Ube2c; Anapc15; Bub1b; Cdc23; Rps27a; Ubc; Cdc20; Mad2l1; Uba52","liver","MHU-2","GLDS-617","Stat_(Space Flight & uG)v(Ground Control & 1G on Earth)",1,"flight_positive"
"REACTOME_APC_C_CDC20_MEDIATED_DEGRADATION_OF_CYCLIN_B",0.58955223880597,0.849722392281872,0.0672065093710464,-0.300211405541657,-0.909280721551472,24,"reactome","Cdk1; Ube2c; Anapc15; Cdc23; Rps27a; Ubc; Cdc20; Uba52","liver","MHU-2","GLDS-617","Stat_(Space Flight & uG)v(Ground Control & 1G on Earth)",1,"flight_positive"
"REACTOME_APC_C_CDH1_MEDIATED_DEGRADATION_OF_CDC20_AND_OTHER_APC_C_CDH1_TARGETED_PROTEINS_IN_LATE_MITOSIS_EARLY_G1",1.74241741482432e-05,0.000216527237281217,0.575610261071129,0.532423696123692,2.06563188375556,61,"reactome","Psmd11; Psmd1; Psmd3; Psmd2; Psmc4; Ubb; Adrm1; Psmc1; Psmc2; Cdc27; Psmc5; Psmd7; Psmd14; Psmd12; Psma1; Psma7; Psmc6; Psma5; Anapc1; Psmd6; Anapc7; Psmc3; Psmb4; Psmb2; Psmd13; Psma6; Cdc26","liver","MHU-2","GLDS-617","Stat_(Space Flight & uG)v(Ground Control & 1G on Earth)",1,"flight_positive"
"REACTOME_APC_C_MEDIATED_DEGRADATION_OF_CELL_CYCLE_PROTEINS",0.000134848816082371,0.00130867565321844,0.518848077743792,0.457412932933946,1.86591666966838,74,"reactome","Psmd11; Psmd1; Psmd3; Psmd2; Psmc4; Ubb; Adrm1; Psmc1; Psmc2; Cdc27; Psmc5; Psmd7; Psmd14; Psmd12; Psma1; Psma7; Psmc6; Cul1; Psma5; Anapc1; Psmd6; Anapc7; Psmc3; Psmb4; Psmb2; Bub3; Psmd13; Psma6; Cdc26","liver","MHU-2","GLDS-617","Stat_(Space Flight & uG)v(Ground Control & 1G on Earth)",1,"flight_positive"
"REACTOME_APOPTOSIS",0.0124986380634908,0.0676763776608263,0.380730400722792,0.302829876009819,1.39773285066332,154,"reactome","Nmt1; Psmd11; Psmd1; Psmd3; Cflar; Psmd2; Psmc4; Ubb; Adrm1; Psmc1; Psmc2; Psmc5; Psmd7; Psmd14; Apc; Psmd12; Psma1; Rock1; Dffb; Ppp3r1; Psma7; Psmc6; Kpna1; Opa1; Ly96; Psma5; Casp6; Psmd6; Dsg2; Lmna; Dapk1; Psmc3; Psmb4; H1f3","liver","MHU-2","GLDS-617","Stat_(Space Flight & uG)v(Ground Control & 1G on Earth)",1,"flight_positive"
"REACTOME_APOPTOTIC_CLEAVAGE_OF_CELLULAR_PROTEINS",0.0560578661844485,0.221406843573461,0.257206466468838,-0.438970692603774,-1.47151876931701,35,"reactome","Cdh1; Vim; Casp3; Gsn; Sptan1; Clspn; Prkcd; Satb1; Casp7; Pkp1","liver","MHU-2","GLDS-617","Stat_(Space Flight & uG)v(Ground Control & 1G on Earth)",1,"flight_positive"
"REACTOME_APOPTOTIC_EXECUTION_PHASE",0.17719298245614,0.460611349803079,0.136490437780413,-0.344077138002001,-1.22522596328863,47,"reactome","Cdh1; Vim; Casp3; Gsn; Sptan1; Clspn; Prkcd; Satb1; Hmgb1; Casp7; Pkp1; H1f2","liver","MHU-2","GLDS-617","Stat_(Space Flight & uG)v(Ground Control & 1G on Earth)",1,"flight_positive"
"REACTOME_APOPTOTIC_FACTOR_MEDIATED_RESPONSE",0.000891343563754311,0.00732483138278744,0.477270815362862,-0.678295239146544,-1.92973843051876,18,"reactome","Casp3; Cycs; Casp9; Bax; Casp7; Apip; Apaf1; Xiap; Uaca; C1qbp; Septin4","liver","MHU-2","GLDS-617","Stat_(Space Flight & uG)v(Ground Control & 1G on Earth)",1,"flight_positive"
"REACTOME_AQUAPORIN_MEDIATED_TRANSPORT",0.280289330922242,0.582887404509724,0.106729884364606,-0.336822630638866,-1.12909775360152,35,"reactome","Adcy1; Aqp8; Gng2; Rab11fip2; Adcy6; Gnb4; Gng10; Gng11; Aqp11; Adcy7; Gng5; Prkaca; Gngt2; Adcy2; Myo5b","liver","MHU-2","GLDS-617","Stat_(Space Flight & uG)v(Ground Control & 1G on Earth)",1,"flight_positive"
"REACTOME_ARACHIDONATE_METABOLISM",0.775985663082437,0.941553336600506,0.0522693317499306,-0.232034927160588,-0.810351862985176,43,"reactome","Cyp1a2; Ptgr1; Ephx2; Cyp2u1; Cyp4b1","liver","MHU-2","GLDS-617","Stat_(Space Flight & uG)v(Ground Control & 1G on Earth)",1,"flight_positive"
"REACTOME_ASPARAGINE_N_LINKED_GLYCOSYLATION",3.71711941834935e-09,4.13375535809336e-07,0.774939030136436,0.402265337391645,2.01331102830688,275,"reactome","Calr; Pdia3; Stt3b; St6galnac3; St3gal1; Sel1l; St6gal1; Vcp; Gosr2; Nus1; Tmed7; Tubb4b; Edem1; Mcfd2; Syvn1; Dpagt1; Dync1h1; Rad23b; Tuba4a; Ubb; Mlec; Tuba1c; Psmc1; Magt1; Ctsc; Sec16a; Sec24d; Asgr2; Canx; Mia3; Uggt1; Gmppb; Lman2; B4galt1; Gnpnat1; Alg10b; Edem3; Hk1; Cog3; Man1a; Tmed3; Uso1; Stx5a; Manea; Sec24c; Arcn1; Scfd1; F5; Dync1li1; Stt3a; Trappc10; Tmed2; Nans; Tfg; Arfgap3; St3gal4; Man1a2; Uap1; Preb; Alg12; Tmem115; Arfgap2; Dctn5; Nsf; Man1b1; Capza1; Rab1a; Ankrd28; Tmed9; Gfpt1; Man2a1; Gmppa; Ppp6c; Copg1; Dctn4; Ykt6; Sec31a; Tubb2a; Sec22c; Cog8; Alg2; St3gal6; Lman1; Fpgt; Copa; Cog6; Cog4; Man1c1; Sec24b; Trappc2; Os9; Ddost; Dynll1; Gmds; Neu2","liver","MHU-2","GLDS-617","Stat_(Space Flight & uG)v(Ground Control & 1G on Earth)",1,"flight_positive"
"REACTOME_ASPIRIN_ADME",0.0944444444444444,0.318671817512877,0.197822021315103,-0.43092864512351,-1.389203351188,30,"reactome","Ugt2b38; Ugt2b1; Ugt1a5; Ugt2b37","liver","MHU-2","GLDS-617","Stat_(Space Flight & uG)v(Ground Control & 1G on Earth)",1,"flight_positive"
"REACTOME_ASSEMBLY_AND_CELL_SURFACE_PRESENTATION_OF_NMDA_RECEPTORS",0.221258134490239,0.513569798402434,0.135740943810425,0.383494248978452,1.21551341019788,25,"reactome","Tubb4b; Tuba4a; Tuba1c; Lin7a","liver","MHU-2","GLDS-617","Stat_(Space Flight & uG)v(Ground Control & 1G on Earth)",1,"flight_positive"
"REACTOME_ASSEMBLY_OF_ACTIVE_LPL_AND_LIPC_LIPASE_COMPLEXES",0.0774058577405858,0.278715791652498,0.234392647294686,0.472502823608335,1.42166894870679,19,"reactome","Apoa5; Fgf21; Lipc; Pcsk5; Angptl3; Gpihbp1","liver","MHU-2","GLDS-617","Stat_(Space Flight & uG)v(Ground Control & 1G on Earth)",1,"flight_positive"
"REACTOME_ASSEMBLY_OF_COLLAGEN_FIBRILS_AND_OTHER_MULTIMERIC_STRUCTURES",0.00150896982911749,0.0117377118768758,0.45505986738723,-0.494652944218329,-1.76389866090602,48,"reactome","Col1a1; Pcolce; Lama3; Col27a1; Col1a2; Col14a1; Cd151; Col9a3; Col5a2; Col5a3; Col3a1; Ctsl; Col8a2; Col4a4; Col4a6; Itgb4; Col6a1; Col6a3; Col6a2","liver","MHU-2","GLDS-617","Stat_(Space Flight & uG)v(Ground Control & 1G on Earth)",1,"flight_positive"
"REACTOME_ASSEMBLY_OF_THE_HIV_VIRION",0.431861804222649,0.737231060606061,0.0847985102819124,-0.371124803460389,-1.01139231335062,16,"reactome","Ppia; Vps28; Mvb12a; Rps27a; Ubc; Uba52; Mvb12b; Nmt2; Tsg101","liver","MHU-2","GLDS-617","Stat_(Space Flight & uG)v(Ground Control & 1G on Earth)",1,"flight_positive"
"REACTOME_ASSEMBLY_OF_THE_ORC_COMPLEX_AT_THE_ORIGIN_OF_REPLICATION",0.991266375545852,1,0.0500922874402106,0.156127093951711,0.535635898904379,34,"reactome","Kpna1; Orc2; Kpna6; H2ac18; H4c16; Kpnb1; H2ax; H4c12; Orc3; H3c1","liver","MHU-2","GLDS-617","Stat_(Space Flight & uG)v(Ground Control & 1G on Earth)",1,"flight_positive"
"REACTOME_ASSOCIATION_OF_TRIC_CCT_WITH_TARGET_PROTEINS_DURING_BIOSYNTHESIS",0.928730512249443,1,0.0540088272801684,0.203419029848318,0.699825456274791,35,"reactome","Xrn2; Arfgef2; Fbxw7; Ap3m1; Dcaf7; Stat3; Cct6a","liver","MHU-2","GLDS-617","Stat_(Space Flight & uG)v(Ground Control & 1G on Earth)",1,"flight_positive"
"REACTOME_ASYMMETRIC_LOCALIZATION_OF_PCP_PROTEINS",1.09469788196405e-05,0.000148732952229516,0.593325476396405,0.561255796301147,2.09249286531322,51,"reactome","Psmd11; Psmd1; Psmd3; Psmd2; Psmc4; Ubb; Adrm1; Psmc1; Psmc2; Psmc5; Psmd7; Psmd14; Psmd12; Psma1; Psma7; Psmc6; Psma5; Psmd6; Pard6a; Psmc3; Psmb4; Psmb2; Psmd13; Psma6","liver","MHU-2","GLDS-617","Stat_(Space Flight & uG)v(Ground Control & 1G on Earth)",1,"flight_positive"
"REACTOME_ATF4_ACTIVATES_GENES_IN_RESPONSE_TO_ENDOPLASMIC_RETICULUM_STRESS",0.00879999994682824,0.0524397657650174,0.380730400722792,0.502709226008625,1.59337410475225,25,"reactome","Atf6; Dcp2; Igfbp1; Cebpg; Herpud1; Ddit3; Khsrp; Nfyb; Exosc3; Parn; Exosc2; Cebpb","liver","MHU-2","GLDS-617","Stat_(Space Flight & uG)v(Ground Control & 1G on Earth)",1,"flight_positive"
"REACTOME_ATP_DEPENDENT_CHROMATIN_REMODELERS",0.705627705627706,0.907553302619039,0.0656813601934011,0.255466317749959,0.844313882599347,30,"reactome","Actb; Smarcc2; Arid1b; Smarca4; Bcl7b; Pbrm1; Dpf3; Bcl11b; Brd7; Bicra; Bcl11a; Arid2; Bicral; Ss18l1; Brd9","liver","MHU-2","GLDS-617","Stat_(Space Flight & uG)v(Ground Control & 1G on Earth)",1,"flight_positive"
"REACTOME_ATTACHMENT_AND_ENTRY",0.294372294372294,0.604768887026952,0.115240003147781,0.401581223105272,1.15595461107349,17,"reactome","Vcp; Gpc1; Sdc2; Gpc4; Sdc4; Sdc1","liver","MHU-2","GLDS-617","Stat_(Space Flight & uG)v(Ground Control & 1G on Earth)",1,"flight_positive"
"REACTOME_ATTENUATION_PHASE",0.544776119402985,0.830353959765724,0.0711327399327894,-0.306902813237486,-0.929547666462778,24,"reactome","Serpinh1; Hspa1a; Hspb1; Hsbp1","liver","MHU-2","GLDS-617","Stat_(Space Flight & uG)v(Ground Control & 1G on Earth)",1,"flight_positive"
"REACTOME_AUF1_HNRNP_D0_BINDS_AND_DESTABILIZES_MRNA",8.06268194729297e-06,0.000119070621801327,0.593325476396405,0.617247281474438,2.22436762004469,42,"reactome","Psmd11; Psmd1; Psmd3; Psmd2; Psmc4; Ubb; Adrm1; Psmc1; Psmc2; Psmc5; Psmd7; Psmd14; Psmd12; Psma1; Psma7; Psmc6; Psma5; Psmd6; Psmc3; Psmb4; Psmb2; Psmd13; Psma6","liver","MHU-2","GLDS-617","Stat_(Space Flight & uG)v(Ground Control & 1G on Earth)",1,"flight_positive"
"REACTOME_AURKA_ACTIVATION_BY_TPX2",0.170114942528736,0.453788289101523,0.161978948883402,0.297525960872079,1.19415413135616,71,"reactome","Mapre1; Tubb4b; Pafah1b1; Dync1h1; Tuba4a; Pcm1; Cep290; Tubb5; Cep63; Cep135; Cep250","liver","MHU-2","GLDS-617","Stat_(Space Flight & uG)v(Ground Control & 1G on Earth)",1,"flight_positive"
"REACTOME_AUTOPHAGY",0.493765586034913,0.788631868604351,0.0919686140000427,0.217552043991414,0.988693595889713,142,"reactome","Vcp; Gabarapl1; Tubb4b; Sqstm1; Dync1h1; Tuba4a; Ubb; Tuba1c; Lamp2; Vps37a; Atg12; Chmp6; Dync1li1; Tbk1; Wdr45b; Atg7; Atg13; Ubap1; Rptor; Fundc1; Prkab2; Atg5; Tubb2a; Atg16l1; Chmp3; Ube2l3; Becn1; Dynll1; Mtmr14; Ube2d2a; Csnk2a2; Csnk2a1; Tuba8; Pink1; Dync1i2; Dync1li2; Mtmr3; Chmp7; Ube2v1; Vps37c; Wipi2; Prkab1; Mfn2","liver","MHU-2","GLDS-617","Stat_(Space Flight & uG)v(Ground Control & 1G on Earth)",1,"flight_positive"
"REACTOME_AZATHIOPRINE_ADME",0.647058823529412,0.887419840076003,0.0684714904492087,0.284608993591915,0.858954711507875,20,"reactome","Abcc4; Gmps; Impdh1; Xdh; Vav3; Nudt15; Slc28a2","liver","MHU-2","GLDS-617","Stat_(Space Flight & uG)v(Ground Control & 1G on Earth)",1,"flight_positive"
"REACTOME_A_TETRASACCHARIDE_LINKER_SEQUENCE_IS_REQUIRED_FOR_GAG_SYNTHESIS",0.92911877394636,1,0.0470699590082662,-0.224540127827201,-0.656810753448147,21,"reactome","Cspg5; Bgn","liver","MHU-2","GLDS-617","Stat_(Space Flight & uG)v(Ground Control & 1G on Earth)",1,"flight_positive"
"REACTOME_BACTERIAL_INFECTION_PATHWAYS",0.657193605683837,0.891698542147806,0.0596037042575973,-0.237411397343316,-0.885608005681031,58,"reactome","Eno1; Cdh1; Cd9; Pgk1; Src; Hbegf; Rps27a; Ubc; Map2k1; Uba52; Sh3gl1","liver","MHU-2","GLDS-617","Stat_(Space Flight & uG)v(Ground Control & 1G on Earth)",1,"flight_positive"
"REACTOME_BASE_EXCISION_REPAIR",0.845470692717584,0.969527996836253,0.047925896705813,-0.206664717693748,-0.77916883108328,62,"reactome","Rpa1; Apex1; Pole2; Rpa3; H2bc21; Pold4; H2az2; Rfc2; Pold2; H2ac19; Mbd4; Pold1; Pold3; Pcna","liver","MHU-2","GLDS-617","Stat_(Space Flight & uG)v(Ground Control & 1G on Earth)",1,"flight_positive"
"REACTOME_BASE_EXCISION_REPAIR_AP_SITE_FORMATION",0.823144104803493,0.958610106051154,0.0587185879555941,0.224565746608303,0.770433065159562,34,"reactome","Ung; Tdg; Acd; H2ac18; H4c16; H2ax; H4c12","liver","MHU-2","GLDS-617","Stat_(Space Flight & uG)v(Ground Control & 1G on Earth)",1,"flight_positive"
"REACTOME_BASIGIN_INTERACTIONS",0.640684410646388,0.882239749254958,0.0640703750499722,-0.294678699307931,-0.856193552713208,20,"reactome","Ppia; Cav1; Atp1b2; Slc7a5; Atp1b1","liver","MHU-2","GLDS-617","Stat_(Space Flight & uG)v(Ground Control & 1G on Earth)",1,"flight_positive"
"REACTOME_BBSOME_MEDIATED_CARGO_TARGETING_TO_CILIUM",0.997916666666667,1,0.0476387259290825,0.150738849608414,0.464124132989919,21,"reactome","Bbs1; Ttc8; Bbs2; Bbs10; Bbs9; Cct3; Tcp1; Bbip1","liver","MHU-2","GLDS-617","Stat_(Space Flight & uG)v(Ground Control & 1G on Earth)",1,"flight_positive"
"REACTOME_BETA_CATENIN_INDEPENDENT_WNT_SIGNALING",0.000202223326650789,0.00183987115943887,0.518848077743792,0.387850294841384,1.72753924061536,120,"reactome","Psmd11; Psmd1; Psmd3; Psmd2; Psmc4; Ubb; Adrm1; Psmc1; Psmc2; Psmc5; Psmd7; Psmd14; Psmd12; Psma1; Ago2; Ppp3r1; Psma7; Psmc6; Cltb; Prkca; Psma5; Psmd6; Itpr2; Ap2b1; Ap2a2; Pard6a; Itpr1; Map3k7; Psmc3; Psmb4; Dvl3; Ap2m1; Psmb2; Daam1; Kras; Psmd13; Psma6; Cltc","liver","MHU-2","GLDS-617","Stat_(Space Flight & uG)v(Ground Control & 1G on Earth)",1,"flight_positive"
"REACTOME_BETA_CATENIN_PHOSPHORYLATION_CASCADE",0.0541125541125541,0.214555224282851,0.287857117255149,0.514135238788585,1.47994220296809,17,"reactome","Ppp2r1b; Apc; Ppp2r5e; Axin1; Ppp2r5c; Ppp2ca; Csnk1a1; Ppp2r1a; Ppp2r5b","liver","MHU-2","GLDS-617","Stat_(Space Flight & uG)v(Ground Control & 1G on Earth)",1,"flight_positive"
"REACTOME_BILE_ACID_AND_BILE_SALT_METABOLISM",0.357615894039735,0.669872419166342,0.103958471559957,0.303350770588616,1.07212665339445,37,"reactome","Cyp39a1; Akr1d1; Abcc3; Osbp; Rxra; Akr1c20; Hsd3b7; Abcb11","liver","MHU-2","GLDS-617","Stat_(Space Flight & uG)v(Ground Control & 1G on Earth)",1,"flight_positive"
"REACTOME_BINDING_AND_UPTAKE_OF_LIGANDS_BY_SCAVENGER_RECEPTORS",0.0746606334841629,0.270490464328011,0.248911114434702,0.382059608276737,1.37682424383902,42,"reactome","Hsp90b1; Calr; Hp; Hyou1; Cd36; Apob; Msr1","liver","MHU-2","GLDS-617","Stat_(Space Flight & uG)v(Ground Control & 1G on Earth)",1,"flight_positive"
"REACTOME_BIOLOGICAL_OXIDATIONS",0.0118337275481938,0.0651814506573488,0.380730400722792,-0.319918803197146,-1.41263166372138,174,"reactome","Acss2; Cyb5r3; Ugt2b38; Ugt2b1; Cyp1a2; Ugt1a5; Gstp1; Ugt2b37; Cyp27a1; Cyp7b1; Paox; Aadac; Cyp2f2; Fdxr; Mtarc1; Slc35b2; Fdx1; Gstm5; Aldh1a7; Nqo2; Tpmt; Comt; Papss2; Adh5; Cyp2u1; Cyp4b1; Acy1; Mgst1; Adh7; Tpst2; Acy3; Aldh1b1; Cyp4f39; Ggt7; Ces3b; Glyat; Gstp2; Akr7a5; Aldh2; Gstm7; Cyp21a1; Aoc2; Cyp2c55; Abhd10; Cbr3; Sult4a1","liver","MHU-2","GLDS-617","Stat_(Space Flight & uG)v(Ground Control & 1G on Earth)",1,"flight_positive"
"REACTOME_BIOSYNTHESIS_OF_THE_N_GLYCAN_PRECURSOR_DOLICHOL_LIPID_LINKED_OLIGOSACCHARIDE_LLO_AND_TRANSFER_TO_A_NASCENT_PROTEIN",0.0689655172413793,0.253703473173161,0.261663521711573,0.325395661948139,1.30601233217362,71,"reactome","St6galnac3; St3gal1; St6gal1; Nus1; Dpagt1; Gmppb; Gnpnat1; Alg10b; Hk1; Nans; St3gal4; Uap1; Alg12; Gfpt1; Gmppa; Alg2; St3gal6; Fpgt; Gmds; Neu2","liver","MHU-2","GLDS-617","Stat_(Space Flight & uG)v(Ground Control & 1G on Earth)",1,"flight_positive"
"REACTOME_BMAL1_CLOCK_NPAS2_ACTIVATES_CIRCADIAN_EXPRESSION",0.0287953702857778,0.131580638211693,0.352487857583619,0.501464252476415,1.5554138260397,23,"reactome","Npas2; Clock; Tbl1x; Tgs1; Ncoa6; Med1; Rxra","liver","MHU-2","GLDS-617","Stat_(Space Flight & uG)v(Ground Control & 1G on Earth)",1,"flight_positive"
"REACTOME_BRANCHED_CHAIN_AMINO_ACID_CATABOLISM",0.388655462184874,0.700366294442513,0.0959206777921745,0.344172393174045,1.03871804947834,20,"reactome","Aldh6a1; Acat1; Bcat2; Hsd17b10; Ivd; Mccc2; Acad8","liver","MHU-2","GLDS-617","Stat_(Space Flight & uG)v(Ground Control & 1G on Earth)",1,"flight_positive"
"REACTOME_BUDDING_AND_MATURATION_OF_HIV_VIRION",0.748623853211009,0.930302081002461,0.0550211117163117,-0.258399842252166,-0.804624189485122,26,"reactome","Ppia; Vps28; Nedd4l; Mvb12a; Rps27a; Ubc; Uba52","liver","MHU-2","GLDS-617","Stat_(Space Flight & uG)v(Ground Control & 1G on Earth)",1,"flight_positive"
"REACTOME_BUTYRATE_RESPONSE_FACTOR_1_BRF1_BINDS_AND_DESTABILIZES_MRNA",0.602910602910603,0.85566281945112,0.0714786287425507,0.314775713604039,0.900404509602167,16,"reactome","Dcp2; Zfp36l1; Exosc3; Exosc2; Xrn1; Ywhab; Dcp1a; Akt1; Mapkapk2","liver","MHU-2","GLDS-617","Stat_(Space Flight & uG)v(Ground Control & 1G on Earth)",1,"flight_positive"
"REACTOME_B_WICH_COMPLEX_POSITIVELY_REGULATES_RRNA_EXPRESSION",0.95169946332737,1,0.042845050912155,-0.187186781151499,-0.69315489323634,56,"reactome","Tbp; Polr2f; H2bc21; Dek; H2az2; Polr2l; H3f3a; H2ac19; H3c4; H3f3b; Taf1b; Polr2k; H3c15; H2bc6; H2aj; Polr1d; H4c17; H2bc8; Mybbp1a; Polr1e; Polr1h; Polr1c","liver","MHU-2","GLDS-617","Stat_(Space Flight & uG)v(Ground Control & 1G on Earth)",1,"flight_positive"
"REACTOME_CA2_PATHWAY",0.31634446397188,0.624719009277803,0.09754492162472,-0.302047725679005,-1.09582720177342,51,"reactome","Mov10; Axin2; Ago4; Plcb1; Gnat2; Gng2; Fzd2; Gnb4; Gng10; Gng11; Tcf7l1; Fzd6; Fzd5; Tnrc6c; Fzd4; Plcb3; Gng5","liver","MHU-2","GLDS-617","Stat_(Space Flight & uG)v(Ground Control & 1G on Earth)",1,"flight_positive"
"REACTOME_CALNEXIN_CALRETICULIN_CYCLE",0.00023349774073903,0.00210561237002718,0.518848077743792,0.627179477645444,1.99486727689446,26,"reactome","Calr; Pdia3; Sel1l; Edem1; Syvn1; Ubb; Canx; Uggt1; Edem3","liver","MHU-2","GLDS-617","Stat_(Space Flight & uG)v(Ground Control & 1G on Earth)",1,"flight_positive"
"REACTOME_CARBOXYTERMINAL_POST_TRANSLATIONAL_MODIFICATIONS_OF_TUBULIN",0.163793103448276,0.443896735143067,0.159646701919906,0.391206189695354,1.27193450586769,28,"reactome","Tubb4b; Tuba4a; Tuba1c; Ttll8; Ttll13; Tubb2a; Agbl3; Nicn1; Tuba8; Tpgs2","liver","MHU-2","GLDS-617","Stat_(Space Flight & uG)v(Ground Control & 1G on Earth)",1,"flight_positive"
"REACTOME_CARDIAC_CONDUCTION",0.676537585421412,0.896478282892613,0.0702812841717392,0.226312546677229,0.885529617867694,65,"reactome","Hipk2; Atp2b1; Atp2a2; Stim1; Gata4; Itpr2; Atp2b4; Itpr1; Asph; Rangrf; Hipk1; Cacnb2","liver","MHU-2","GLDS-617","Stat_(Space Flight & uG)v(Ground Control & 1G on Earth)",1,"flight_positive"
"REACTOME_CARDIOGENESIS",0.783549783549784,0.941553336600506,0.060640400949416,0.266905316561237,0.768288987750089,17,"reactome","Gata4; Smad4; Mef2c","liver","MHU-2","GLDS-617","Stat_(Space Flight & uG)v(Ground Control & 1G on Earth)",1,"flight_positive"
"REACTOME_CARGO_CONCENTRATION_IN_THE_ER",0.0182174028299026,0.0923558879784617,0.352487857583619,0.486820758157373,1.58280757509289,28,"reactome","Gosr2; Mcfd2; Ctsc; Sec24d; Mia3; Lman2; Stx5a; Sec24c; F5; Tmed2; Preb","liver","MHU-2","GLDS-617","Stat_(Space Flight & uG)v(Ground Control & 1G on Earth)",1,"flight_positive"
"REACTOME_CARGO_RECOGNITION_FOR_CLATHRIN_MEDIATED_ENDOCYTOSIS",0.345622119815668,0.652201740911418,0.108820126769161,0.251286429502217,1.05870040547844,90,"reactome","Ubqln2; Stam2; Ubb; Apob; Agfg1; Itsn1; Ubqln1; Cltb; Cops4; Picalm; Eps15; Hgs; Ap2b1; Ap2a2; Tfrc; Tgoln1; Ap2m1; Arrb1; Cops8; Cltc; Sh3kbp1; Itsn2; Cops7b; Cd3d","liver","MHU-2","GLDS-617","Stat_(Space Flight & uG)v(Ground Control & 1G on Earth)",1,"flight_positive"
"REACTOME_CARGO_TRAFFICKING_TO_THE_PERICILIARY_MEMBRANE",0.983842010771993,1,0.041488040200221,-0.169491702533569,-0.597452938563575,45,"reactome","Cys1; Inpp5e; Exoc4; Smo; Rab11fip3; Asap1; Arl6; Lztfl1","liver","MHU-2","GLDS-617","Stat_(Space Flight & uG)v(Ground Control & 1G on Earth)",1,"flight_positive"
"REACTOME_CASPASE_ACTIVATION_VIA_EXTRINSIC_APOPTOTIC_SIGNALLING_PATHWAY",0.391061452513966,0.701569753717838,0.0886261133285098,-0.352281567207314,-1.05332528036546,23,"reactome","Casp3; Maged1; Tnfsf10; Casp9","liver","MHU-2","GLDS-617","Stat_(Space Flight & uG)v(Ground Control & 1G on Earth)",1,"flight_positive"
"REACTOME_CA_DEPENDENT_EVENTS",0.418691588785047,0.728066090395841,0.0850427463764322,-0.312028223505569,-1.02330917470675,33,"reactome","Adcy1; Prkx; Prkcd; Camk2b; Adcy6; Pde1b; Adcy7; Grk2; Prkaca; Adcy2; Camk2d; Prkacb; Calm1","liver","MHU-2","GLDS-617","Stat_(Space Flight & uG)v(Ground Control & 1G on Earth)",1,"flight_positive"
"REACTOME_CD209_DC_SIGN_SIGNALING",0.997835497835498,1,0.0493910105981501,0.175333527037763,0.515324392553986,18,"reactome","Fyn; Ep300; Kras; Nras; Pak2; Cd209b; Crebbp; Rela; Raf1; Relb","liver","MHU-2","GLDS-617","Stat_(Space Flight & uG)v(Ground Control & 1G on Earth)",1,"flight_positive"
"REACTOME_CD28_DEPENDENT_PI3K_AKT_SIGNALING",0.366737739872068,0.675778945623214,0.10027910675413,0.325826201413268,1.05066065412787,27,"reactome","Pik3r2; Fyn; Pdpk1; Pik3r1; Pik3cd; Trib3; Pik3ca; Cd28; Akt3; Lck; Akt1; Cd80; Pik3cb; Pik3r5","liver","MHU-2","GLDS-617","Stat_(Space Flight & uG)v(Ground Control & 1G on Earth)",1,"flight_positive"
"REACTOME_CDC42_GTPASE_CYCLE",0.0872817955112219,0.300989514104268,0.241339976815091,0.268377279345397,1.21967549696555,142,"reactome","Rasgrf2; Arhgef26; Arhgap21; Pik3r2; Pld1; Fmnl3; Fam13b; Arap2; Itsn1; Arhgap31; Arhgap32; Arhgap5; Git2; Snap23; Arap1; Arfgap3; Srgap1; Pard6a; Arfgap2; Wasl; Tfrc; Arhgef7; Arhgef11; Iqgap2; Srgap3; Srgap2; Ykt6; Daam1; Pik3r1; Wdr81; Mcf2l; Vav3; Arhgef12","liver","MHU-2","GLDS-617","Stat_(Space Flight & uG)v(Ground Control & 1G on Earth)",1,"flight_positive"
"REACTOME_CDK_MEDIATED_PHOSPHORYLATION_AND_REMOVAL_OF_CDC6",4.39534205658604e-05,0.000476473782517147,0.557332238758646,0.521390018034138,2.00525004902778,59,"reactome","Psmd11; Psmd1; Psmd3; Psmd2; Psmc4; Ubb; Adrm1; Psmc1; Psmc2; Cdc27; Psmc5; Psmd7; Psmd14; Psmd12; Psma1; Psma7; Psmc6; Psma5; Anapc1; Psmd6; Anapc7; Psmc3; Psmb4; Psmb2; Psmd13; Psma6; Cdc26","liver","MHU-2","GLDS-617","Stat_(Space Flight & uG)v(Ground Control & 1G on Earth)",1,"flight_positive"
"REACTOME_CELLULAR_RESPONSES_TO_MECHANICAL_STIMULI",0.212121212121212,0.501511636082402,0.144630528034484,0.269687558683747,1.14440554097465,94,"reactome","Pik3r2; Ppp2r1b; Flt4; Pde4d; Cdh5; Calcrl; Adcy9; Ptpn1; Fyn; Pdpk1; Pecam1; Gnaq; Itgb3; Gna11; Mmp14; Fn1; Kdr; Cacnb2; Pik3cd; Panx1; Nlrp3; Ikbkg; Nos3; Ppp2ca; Stat1; Gng12; Pik3ca","liver","MHU-2","GLDS-617","Stat_(Space Flight & uG)v(Ground Control & 1G on Earth)",1,"flight_positive"
"REACTOME_CELLULAR_RESPONSE_TO_CHEMICAL_STRESS",0.0122771760646584,0.0672604430639083,0.380730400722792,0.289206749445423,1.37483163839392,184,"reactome","Vcp; Psmd11; Psmd1; Psmd3; Mafg; Psmd2; Sqstm1; Psmc4; Ufd1; Ubb; Adrm1; Gpx1; Gclm; Psmc1; Psmc2; Gsr; Nploc4; Psmc5; Psmd7; Abcc3; Tbl1x; Srxn1; Psmd14; Psmd12; Nqo1; Tgs1; Psma1; Ncoa6; Bach1; Psma7; Psmc6; Med1; Cul1; Abcf2; Txnrd1; Txnip; P4hb; Psma5; Psmd6; Gclc; Rxra; Psmc3; Psmb4; Gsta3; Ptk6; Sin3a; Sp1; Hmox1; Ncor1; Psmb2; Ep300; Psmd13","liver","MHU-2","GLDS-617","Stat_(Space Flight & uG)v(Ground Control & 1G on Earth)",1,"flight_positive"
"REACTOME_CELLULAR_RESPONSE_TO_HEAT_STRESS",0.846335697399527,0.969527996836253,0.0611692626746689,0.193124125147697,0.815530004343982,93,"reactome","Hspa5; Vcp; Ubb; Ranbp2; Hspa13; Dnajc2; St13; Rptor; Nup50; Ep300; Ptges3; Seh1l; Hspa4; Hspa12a; Tnfrsf21; Rae1; Hikeshi; Nup188; Mapk1; Nup62; Nup98; Bag3; Nup93; Nup88; Bag4; Hspb8; Dedd2; Hspa12b; Akt1s1; Nup205; Nup133; Nup43","liver","MHU-2","GLDS-617","Stat_(Space Flight & uG)v(Ground Control & 1G on Earth)",1,"flight_positive"
"REACTOME_CELLULAR_RESPONSE_TO_HYPOXIA",3.13083161689697e-05,0.000354334035144777,0.557332238758646,0.52721887205366,2.02766764315912,59,"reactome","Psmd11; Psmd1; Psmd3; Psmd2; Psmc4; Ubb; Adrm1; Psmc1; Psmc2; Psmc5; Psmd7; Psmd14; Psmd12; Psma1; Psma7; Psmc6; Psma5; Egln1; Psmd6; Psmc3; Psmb4; Psmb2; Ep300; Psmd13; Psma6","liver","MHU-2","GLDS-617","Stat_(Space Flight & uG)v(Ground Control & 1G on Earth)",1,"flight_positive"
"REACTOME_CELLULAR_RESPONSE_TO_STARVATION",5.52382498846551e-05,0.000583964688747907,0.557332238758646,-0.417625129380267,-1.78502053634507,140,"reactome","Rpl36al; Lamtor4; Rps24; Sesn1; Rpl36a; Rpl22l1; Rpl26; Rpl15; Atp6v1g1; Rpl12; Rpl27; Rpsa; Rps17; Tcirg1; Rps12; Rplp0; Rplp1; Rpl31; Rpl35a; Rpl13a; Rps20; Rps27l; Atp6v1d; Rpl39; Rpl17; Rps7; Rps14; Rpl23; Rpl3; Rps9; Rps21; Rpl19; Rps16; Rpl10a; Rps10; Fnip2; Rps15; Rps27a; Atp6v0b; Rpl38; Rpl29; Rps3a1; Rpl18; Uba52; Rps6; Rpl13; Rpl35; Rpl30; Rps11; Rpl8; Rps29; Rpl32; Rpl21; Rpl7; Castor2; Rps23; Rpl10; Rpl7a; Atf3; Rpl6; Sesn2; Rps4x; Rpl27a; Rpl37a; Castor1; Rps3; Rps15a; Rpl22; Atp6v0e2; Rps26; Rpl4; Rps2; Rps18; Rps13; Mlst8; Rps28; Rps19; Rpl36; Rpl28; Rps25; Rplp2; Rpl24; Rpl18a","liver","MHU-2","GLDS-617","Stat_(Space Flight & uG)v(Ground Control & 1G on Earth)",1,"flight_positive"
"REACTOME_CELLULAR_SENESCENCE",0.706270627062706,0.907553302619039,0.052805004567129,-0.206425433339544,-0.89618172376429,151,"reactome","Mov10; Cdk2; Cdkn2b; Ube2c; Igfbp7; Erf; Tfdp2; Ago4; E2f2; Cbx4; Hmga1; H2bc21; Anapc15; Ccne1; E2f3; H2az2; Cbx2; Cdc23; Ep400; Rps27a; H3f3a; Ubc; Cbx6; Mapk7; Uba52; H1f2; H2ac19; H3c4; Ehmt2; Ccna2; Hira; Rps6ka1; Tnrc6c; Cdk4; Rb1; H3f3b; Asf1a; Anapc16","liver","MHU-2","GLDS-617","Stat_(Space Flight & uG)v(Ground Control & 1G on Earth)",1,"flight_positive"
"REACTOME_CELL_CELL_COMMUNICATION",0.560553633217993,0.832004354618801,0.065981614400873,-0.230451112040815,-0.952040727406143,115,"reactome","Cdh1; Mov10; Lama3; Cd151; Amot; Sptan1; Crb3; Nectin2; Sdk2; Ptk2b; Ago4; Adam33; Tyrobp; Nck2; Nectin1; F11r; Nectin4; Src; Fblim1; Pvr; Cdh2; Vasp; Sptbn1; Actn1; Lims2; Cdh6; Itgb4; Pard3; Cask; Cadm3; Cldn3; Tnrc6c","liver","MHU-2","GLDS-617","Stat_(Space Flight & uG)v(Ground Control & 1G on Earth)",1,"flight_positive"
"REACTOME_CELL_CELL_JUNCTION_ORGANIZATION",0.429545454545455,0.736644526806356,0.0946646223153342,0.261104745177939,1.02053124131628,64,"reactome","Zeb2; Patj; Cdh4; Cldn2; Actg1; Actb; Ago2; Cdh5; Nectin3; Afdn; Cldn8; Pard6a; Pals1; Sp1; Cldn5; Ang; Tnrc6b; Cadm1","liver","MHU-2","GLDS-617","Stat_(Space Flight & uG)v(Ground Control & 1G on Earth)",1,"flight_positive"
"REACTOME_CELL_CYCLE_CHECKPOINTS",0.0804289544235925,0.285564824242651,0.261663521711573,0.242253971849061,1.20117007901252,243,"reactome","Psmd11; Mapre1; Psmd1; Psmd3; Mdc1; Psmd2; Pafah1b1; Psmc4; Dync1h1; Ubb; Adrm1; Psmc1; Psmc2; Cdc27; Ranbp2; Mis12; Psmc5; Psmd7; Ppp2r1b; Psmd14; Psmd12; Psma1; Zwint; Psma7; Psmc6; Dync1li1; Orc2; Brip1; Trp53bp1; Ppp2r5e; Psma5; Anapc1; Psmd6; Anapc7; Zw10; Psmc3; Psmb4; Mdm2; Brcc3; Wrn; Taok1; Psmb2; Bub3; Psmd13; Seh1l; Nbn","liver","MHU-2","GLDS-617","Stat_(Space Flight & uG)v(Ground Control & 1G on Earth)",1,"flight_positive"
"REACTOME_CELL_CYCLE_MITOTIC",0.480836236933798,0.783955400696864,0.114266502484433,0.189548359579695,0.990170453564138,485,"reactome","Psmd11; Mapre1; Psmd1; Psmd3; Tubb4b; Psmd2; Pafah1b1; Psmc4; Dync1h1; Tuba4a; Ubb; Tuba1c; Adrm1; Psmc1; Psmc2; Cdc27; Ranbp2; Mis12; Psmc5; Pcm1; Psmd7; Smc2; Ppp2r1b; Psmd14; Psmd12; Gorasp2; Cep290; Tubb5; Cdkn1c; Psma1; Prim1; Zwint; Psma7; Uso1; Psmc6; Ccnd2; Cul1; Cep63; Sirt2; Chmp6; Dync1li1; Orc2; Lin54; Prkca; Wapl; Cep135; E2f6; Ppp2r5e; Psma5; Anapc1; Nek9; Mau2; Psmd6; Cep250; Lmna; Anapc7; Zw10; Nipbl; Psmc3; Hdac8; Psmb4; Rab1a; Ptk6; Rbl1; Nup50; Cep192; Vps4a; Taok1; Psmb2; Ep300; Bub3; Phf8; Psmd13; Seh1l; Rfc1; Tubb2a; Ran; Psma6; Spast; Espl1; Cables1; Ppp2r5c; Cdc26; Chmp3; Pds5a; Cdk7; Tnpo1; H2ac18","liver","MHU-2","GLDS-617","Stat_(Space Flight & uG)v(Ground Control & 1G on Earth)",1,"flight_positive"
"REACTOME_CELL_DEATH_SIGNALLING_VIA_NRAGE_NRIF_AND_NADE",0.828924162257496,0.963139933113327,0.048505983646947,-0.20967829501732,-0.807335705215931,71,"reactome","Arhgef16; Casp3; Maged1; Aph1b; Psen2; Fgd2; Arhgef3; Arhgef15; Rps27a; Arhgef37; Ubc; Uba52; Arhgef39; Tiam2; Arhgef9; Plekhg2; Gna13; Arhgef5","liver","MHU-2","GLDS-617","Stat_(Space Flight & uG)v(Ground Control & 1G on Earth)",1,"flight_positive"
"REACTOME_CELL_EXTRACELLULAR_MATRIX_INTERACTIONS",0.5995670995671,0.852104427418235,0.0738052724171275,0.308231290998955,0.88724612010551,17,"reactome","Actg1; Actb; Tesk1","liver","MHU-2","GLDS-617","Stat_(Space Flight & uG)v(Ground Control & 1G on Earth)",1,"flight_positive"
"REACTOME_CELL_JUNCTION_ORGANIZATION",0.505244755244755,0.796972764078027,0.0716527366829457,-0.245443145235462,-0.972592178215681,87,"reactome","Cdh1; Mov10; Lama3; Cd151; Amot; Crb3; Nectin2; Sdk2; Ago4; Adam33; Nectin1; F11r; Nectin4; Fblim1; Pvr; Cdh2; Vasp; Actn1; Lims2; Cdh6; Itgb4; Pard3; Cadm3; Cldn3; Tnrc6c","liver","MHU-2","GLDS-617","Stat_(Space Flight & uG)v(Ground Control & 1G on Earth)",1,"flight_positive"
"REACTOME_CELL_SURFACE_INTERACTIONS_AT_THE_VASCULAR_WALL",0.270363951473137,0.574796931407942,0.106323255932708,-0.269795512849023,-1.09870649280362,106,"reactome","Col1a1; Ppia; Jaml; Itgav; Col1a2; Mif; Grb7; Cxadr; Ighm; Sell; Lyn; Epcam; Cd99l2; Pros1; Cav1; F11r","liver","MHU-2","GLDS-617","Stat_(Space Flight & uG)v(Ground Control & 1G on Earth)",1,"flight_positive"
"REACTOME_CHAPERONE_MEDIATED_AUTOPHAGY",0.17680608365019,0.460611349803079,0.142901149386948,-0.442897359770002,-1.28684518032475,20,"reactome","Vim; Hbb-bt; Plin3; Rps27a; Ubc; Uba52","liver","MHU-2","GLDS-617","Stat_(Space Flight & uG)v(Ground Control & 1G on Earth)",1,"flight_positive"
"REACTOME_CHEMOKINE_RECEPTORS_BIND_CHEMOKINES",0.986538461538462,1,0.0445070537769277,-0.158779273010939,-0.512791706172262,32,"reactome","Ackr2; Cxcl2; Xcr1; Cxcl13; Ackr3; Ccl2; Cxcr4; Ackr4; Cxcl10; Ccr5; Cxcl9; Ccr9; Cx3cl1; Ccl25; Ccl28; Cxcl16","liver","MHU-2","GLDS-617","Stat_(Space Flight & uG)v(Ground Control & 1G on Earth)",1,"flight_positive"
"REACTOME_CHOLESTEROL_BIOSYNTHESIS",0.00138781995980122,0.0109627018530035,0.45505986738723,-0.60429397187636,-1.88169444336294,26,"reactome","Pmvk; Sc5d; Dhcr7; Fdps; Tm7sf2; Ggps1; Lss; Srebf1","liver","MHU-2","GLDS-617","Stat_(Space Flight & uG)v(Ground Control & 1G on Earth)",1,"flight_positive"
"REACTOME_CHONDROITIN_SULFATE_DERMATAN_SULFATE_METABOLISM",0.193693693693694,0.472885176345797,0.149207542435322,0.333773852852893,1.20698239330275,43,"reactome","Chpf2; Chsy3; Ids; Gpc1; Sdc2; Hyal3; Chst11; Xylt1; Gpc4; Sdc4; Chst12; Csgalnact2; Sdc1; Dsel; B3galt6; Csgalnact1; Idua","liver","MHU-2","GLDS-617","Stat_(Space Flight & uG)v(Ground Control & 1G on Earth)",1,"flight_positive"
"REACTOME_CHROMATIN_MODIFICATIONS_DURING_THE_MATERNAL_TO_ZYGOTIC_TRANSITION_MZT",0.994485294117647,1,0.042077210988939,-0.156436246895743,-0.518067174346615,34,"reactome","H2bc21; H2az2; Uhrf1; H3f3a; H2ac19; H3c4; H3f3b; H3c15; H2bc6; H2aj; H4c17; H2bc8","liver","MHU-2","GLDS-617","Stat_(Space Flight & uG)v(Ground Control & 1G on Earth)",1,"flight_positive"
"REACTOME_CHROMATIN_ORGANIZATION",0.271739130434783,0.575680195245413,0.137250779610133,0.216017416987025,1.06305032621807,238,"reactome","Morf4l2; Dr1; Setdb2; Actb; Clock; Tbl1x; Smarcc2; Kdm3b; Wdr77; Atf2; Mecom; Ogt; Arid5b; Kansl2; Zzz3; Prdm16; Tada2b; Sgf29; Kat7; Kdm2a; Elp4; Hdac8; Hcfc1; Ash1l; Brwd1; Mta3; Ncor1; Arid1b; Ep300; Smarca4; Phf8; Kdm7a; Ing5; Kmt2a; Phf2; Bcl7b; Brpf1; Supt7l; Kdm5d; H2ac18; Pbrm1; Kdm3a; H4c16; Mcrs1; Dpf3; Setd1a; Sap30l; Sap130; Bcl11b; Nsd3; Kmt2b; Ncoa2; Kdm5c; Gatad2a; Ruvbl1; Kdm6a; H2ax; Ehmt1; Ing3; H4c12; Ncoa1; Gatad2b; Kmt5b","liver","MHU-2","GLDS-617","Stat_(Space Flight & uG)v(Ground Control & 1G on Earth)",1,"flight_positive"
"REACTOME_CHROMOSOME_MAINTENANCE",0.124783362218371,0.373983076766235,0.16440575583821,-0.304461360736776,-1.23987856698163,106,"reactome","Rpa1; Cdk2; Stn1; Polr2f; Ten1; Nop10; Nhp2; Rpa3; H2bc21; Cenpl; Mis18a; Pold4; H2az2; Polr2l; Cenpa; Chtf18; H3f3a; Rfc2; Pold2; H2ac19; Ccna2; Pold1; Cenpp; Pola2; Pold3; Pcna; Ruvbl2; Dna2; Polr2d; H3f3b; Ctc1; Cenpx; Polr2k; H2bc6; Knl1; Polr2g; Npm1","liver","MHU-2","GLDS-617","Stat_(Space Flight & uG)v(Ground Control & 1G on Earth)",1,"flight_positive"
"REACTOME_CILIUM_ASSEMBLY",0.0669479861624951,0.248978094524024,0.287805130535564,0.263615599436448,1.24513344734696,179,"reactome","Mapre1; Tubb4b; Pafah1b1; Dync1h1; Tuba4a; Tuba1c; Kifap3; Pcm1; Dync2h1; Unc119b; Cep290; Tubb5; Cep63; Pkd1; Septin2; Cep135; Ift122; Bbs1; Ift52; Cep250; Cep162; Ttbk2; Pkd2; Tctn2; Cep192; Trip11; Rp2; Wdr35; Tubb2a; Ttc8; Tmem67; Exoc8; Exoc5; Ift80; Cluap1; Tnpo1; Haus6; Tctn1; Dynll1","liver","MHU-2","GLDS-617","Stat_(Space Flight & uG)v(Ground Control & 1G on Earth)",1,"flight_positive"
"REACTOME_CIRCADIAN_CLOCK",3.17143512617091e-06,5.98461554364473e-05,0.627256739718528,0.459976904722157,2.01110963132841,107,"reactome","Psmd11; Psmd1; Psmd3; Psmd2; Psmc4; Ubb; Nrip1; Adrm1; Psmc1; Psmc2; Psmc5; Npas2; Clock; Psmd7; Tbl1x; Psmd14; Psmd12; Tgs1; Psma1; Ncoa6; Psma7; Psmc6; Med1; Atf2; Cul1; Nr1d1; Psma5; Psmd6; Rxra; Psmc3; Psmb4; Mef2c; Ppp1ca; Ncor1; Cipc; Psmb2; Ep300; Psmd13; Kmt2a; Psma6","liver","MHU-2","GLDS-617","Stat_(Space Flight & uG)v(Ground Control & 1G on Earth)",1,"flight_positive"
"REACTOME_CITRIC_ACID_CYCLE_TCA_CYCLE",0.0183164819278296,0.0923984905171204,0.352487857583619,-0.492069339012292,-1.6137612923152,33,"reactome","Cs; Fh1; Mdh2; Sdhd; Sdhb; Sdha; Aco2; Ogdh; Dlst; Trap1; Nfs1; Sdhaf4; Suclg1; Sirt3; Mrps36; Idh3a","liver","MHU-2","GLDS-617","Stat_(Space Flight & uG)v(Ground Control & 1G on Earth)",1,"flight_positive"
"REACTOME_CLASS_A_1_RHODOPSIN_LIKE_RECEPTORS",0.931279620853081,1,0.0567672387487446,0.17442290359392,0.785612188253924,128,"reactome","C3; Agt; Ednrb; Prok1; Chrm3; Ptger3; Cxcl1; Cxcr3; Psap","liver","MHU-2","GLDS-617","Stat_(Space Flight & uG)v(Ground Control & 1G on Earth)",1,"flight_positive"
"REACTOME_CLASS_B_2_SECRETIN_FAMILY_RECEPTORS",0.0185342926313485,0.0925806087810986,0.352487857583619,-0.415632811230555,-1.48802108192861,49,"reactome","Ihh; Fzd7; Shh; Wnt4; Ramp2; Ptch2; Gng2; Fzd2; Adcyap1r1; Smo; Gnb4; Gng10; Gng11; Fzd6; Fzd5; Adgre4; Fzd4; Gng5","liver","MHU-2","GLDS-617","Stat_(Space Flight & uG)v(Ground Control & 1G on Earth)",1,"flight_positive"
"REACTOME_CLASS_I_MHC_MEDIATED_ANTIGEN_PROCESSING_PRESENTATION",1.63383149369744e-05,0.000208109286509712,0.575610261071129,0.320529154499832,1.63731668900468,340,"reactome","Calr; Pdia3; Hspa5; Psmd11; Psmd1; Psmd3; Wsb1; Cd36; Ufl1; Psmd2; Rnf144b; Psmc4; Ubb; Hectd1; Adrm1; Psmc1; Unkl; Ube4a; Psmc2; Cdc27; Pja2; Ubr1; Ube2z; Sec24d; Hecw2; Psmc5; Asb13; Arih2; Canx; Psmd7; Mrc2; Psmd14; Fga; Psmd12; Fbxo21; Psma1; Fbxw7; Kbtbd8; Psma7; Psmc6; Cul1; Sec24c; Fbxo40; Ubox5; Herc1; Ly96; Snap23; Psma5; Atg7; Anapc1; Tlr6; Rnf115; Rnf217; Hace1; Psmd6; Ube3c; Itch; Rnf7; Ubr4; Anapc7; Rnf4; Psmc3; Psmb4; Klhl11; Npepps; Dtx3l; Rnf25; Psmb2; Ube2g2; Mgrn1; Asb3; Psmd13; Sec31a; Kbtbd7; Uba3; Trim39; Huwe1; Psma6; Ltn1; Cdc26; Znrf2; Fgg; Ikbkg; Sec24b; Ube2l3; Cul5; Ube3a; Trim37; Becn1","liver","MHU-2","GLDS-617","Stat_(Space Flight & uG)v(Ground Control & 1G on Earth)",1,"flight_positive"
"REACTOME_CLASS_I_PEROXISOMAL_MEMBRANE_PROTEIN_IMPORT",0.186192468619247,0.464509610414023,0.14641623786055,0.422529597254836,1.27130924581461,19,"reactome","Abcd2; Pex12; Abcd1; Pex26; Acbd5; Aldh3a2","liver","MHU-2","GLDS-617","Stat_(Space Flight & uG)v(Ground Control & 1G on Earth)",1,"flight_positive"
"REACTOME_CLATHRIN_MEDIATED_ENDOCYTOSIS",0.225181598062954,0.515640558261012,0.142901149386948,0.248212294852946,1.11353348041514,126,"reactome","Ubqln2; Stam2; Ubb; Apob; Agfg1; Actg1; Itsn1; Actb; Ubqln1; Gak; Pip5k1c; Cltb; Cops4; Picalm; Eps15; Hgs; Ap2b1; Ap2a2; Wasl; Tfrc; Tgoln1; Ap2m1; Arrb1; Cops8; Cltc; Sh3kbp1; Pacsin2; Itsn2; Cops7b; Rab5a; Cd3d; Gapvd1; Arf6; Igf2r; Tgfa; Synj1; Hip1; Epn2; Fnbp1; Bin1","liver","MHU-2","GLDS-617","Stat_(Space Flight & uG)v(Ground Control & 1G on Earth)",1,"flight_positive"
"REACTOME_CLEC7A_DECTIN_1_SIGNALING",9.63374595806222e-08,3.7237429118317e-06,0.704975715167238,0.541650946368543,2.27478186384937,86,"reactome","Psmd11; Psmd1; Psmd3; Psmd2; Psmc4; Ubb; Adrm1; Psmc1; Psmc2; Traf6; Psmc5; Psmd7; Psmd14; Psmd12; Psma1; Ppp3r1; Psma7; Psmc6; Cul1; Pdpk1; Psma5; Psmd6; Itpr2; Itpr1; Nfatc3; Map3k7; Psmc3; Tab3; Psmb4; Pycard; Psmb2; Psmd13; Uba3; Psma6; Ikbkg; Tab1; Tab2; Psma2; Ube2d2a","liver","MHU-2","GLDS-617","Stat_(Space Flight & uG)v(Ground Control & 1G on Earth)",1,"flight_positive"
"REACTOME_COBALAMIN_CBL_VITAMIN_B12_TRANSPORT_AND_METABOLISM",0.92485549132948,1,0.0475434194201301,-0.237198554245949,-0.635442124219583,15,"reactome","Lrp2; Lmbrd1; Cd320","liver","MHU-2","GLDS-617","Stat_(Space Flight & uG)v(Ground Control & 1G on Earth)",1,"flight_positive"
"REACTOME_COLLAGEN_BIOSYNTHESIS_AND_MODIFYING_ENZYMES",0.00697437020376725,0.0425561870517295,0.407017918923954,-0.453804451816523,-1.65972888149599,52,"reactome","Serpinh1; Col1a1; Pcolce; Col27a1; Col1a2; Col14a1; Col9a3; Col5a2; Col5a3; Col3a1; Colgalt1; Col8a2; Col4a4; Col4a6; Col6a1; Col6a3; P3h2; Col6a2","liver","MHU-2","GLDS-617","Stat_(Space Flight & uG)v(Ground Control & 1G on Earth)",1,"flight_positive"
"REACTOME_COLLAGEN_CHAIN_TRIMERIZATION",0.00980555285285853,0.0574244733164531,0.380730400722792,-0.510180652121817,-1.64767354136708,32,"reactome","Col1a1; Col27a1; Col1a2; Col14a1; Col9a3; Col5a2; Col5a3; Col3a1; Col8a2; Col4a4; Col4a6; Col6a1; Col6a3; Col6a2","liver","MHU-2","GLDS-617","Stat_(Space Flight & uG)v(Ground Control & 1G on Earth)",1,"flight_positive"
"REACTOME_COLLAGEN_DEGRADATION",0.0250657570608623,0.117705098824971,0.352487857583619,-0.41723081639948,-1.48571925442422,47,"reactome","Col1a1; Col1a2; Col14a1; Mmp15; Col9a3; Col5a2; Col5a3; Col3a1; Ctsl; Col8a2; Ctsd; Adam17; Col4a4; Mmp11; Col4a6; Col6a1; Col6a3; Col6a2","liver","MHU-2","GLDS-617","Stat_(Space Flight & uG)v(Ground Control & 1G on Earth)",1,"flight_positive"
"REACTOME_COLLAGEN_FORMATION",0.0129311168863128,0.0693516216165932,0.380730400722792,-0.400820960266265,-1.54330267038447,71,"reactome","Serpinh1; Col1a1; Pcolce; Lama3; Col27a1; Col1a2; Col14a1; Cd151; Col9a3; Col5a2; Col5a3; Col3a1; Ctsl; Colgalt1; Col8a2; Col4a4; Col4a6; Itgb4; Col6a1; Col6a3; P3h2; Col6a2","liver","MHU-2","GLDS-617","Stat_(Space Flight & uG)v(Ground Control & 1G on Earth)",1,"flight_positive"
"REACTOME_COMMON_PATHWAY_OF_FIBRIN_CLOT_FORMATION",0.393129770992366,0.701574845256079,0.0897104652742981,-0.367577921872792,-1.04959497639152,19,"reactome","Serpine2; F2r; Serpinc1; Pros1; Serpina5; Prtn3; Proc","liver","MHU-2","GLDS-617","Stat_(Space Flight & uG)v(Ground Control & 1G on Earth)",1,"flight_positive"
"REACTOME_COMPLEMENT_CASCADE",0.00490554140449921,0.0322499786528045,0.407017918923954,-0.466933427056856,-1.66270552376563,47,"reactome","C6; C9; Cpb2; Clu; C8b; C2; Masp2; C8g; C1s1; C1qa; Pros1; C8a; Cfd; Cfp; C1qc; C4b; Serping1; Cpn1; Cfhr2; Hc; C4bp; Colec11; Cd59b","liver","MHU-2","GLDS-617","Stat_(Space Flight & uG)v(Ground Control & 1G on Earth)",1,"flight_positive"
"REACTOME_COMPLEX_III_ASSEMBLY",7.35342644014644e-05,0.000749314154250922,0.538434096309916,-0.698630347670179,-2.06857004072045,22,"reactome","Cyc1; Uqcr10; Uqcrc1; Uqcr11; Hscb; Uqcrh; Lyrm7; Uqcrb; Uqcrc2; Nfs1; Uqcrfs1; Uqcc1; Uqcrq","liver","MHU-2","GLDS-617","Stat_(Space Flight & uG)v(Ground Control & 1G on Earth)",1,"flight_positive"
"REACTOME_COMPLEX_IV_ASSEMBLY",0.00277054544001319,0.0201656128812389,0.431707695803346,-0.499784267703603,-1.73677587293017,41,"reactome","Cox5a; Cox7a2; Smim20; Cox7a1; Cmc1; Cox14; Cox6c; Cox5b; Ndufa4; Pet117; Cox7c; Cox6a1; Higd2a; Cox7b; Higd1a; Cox6b1; Cox19; Cox8a; Cox4i1","liver","MHU-2","GLDS-617","Stat_(Space Flight & uG)v(Ground Control & 1G on Earth)",1,"flight_positive"
"REACTOME_COMPLEX_I_BIOGENESIS",6.30554013813081e-09,5.84122309159573e-07,0.761460801445585,-0.643347512704509,-2.40907606772773,60,"reactome","Ndufa8; Ndufs1; Ndufs4; Ndufs5; Ndufc2; Ndufaf5; Ndufs8; Ndufa12; Hscb; Ndufaf4; Ndufb8; Ndufs3; Ndufa6; Pyurf; Ndufa11; Ndufv2; Ndufa13; Ndufs7; Ndufs6; Ndufv1; Ndufb3; Ndufc1; Ndufa5; Ndufb6; Ndufab1; Ndufb1; Ndufb2; Ndufa9; Ndufb9; Ndufs2; Nubpl; Ndufb5; Ndufb11; Ndufa1; Ndufb10","liver","MHU-2","GLDS-617","Stat_(Space Flight & uG)v(Ground Control & 1G on Earth)",1,"flight_positive"
"REACTOME_CONDENSATION_OF_PROPHASE_CHROMOSOMES",0.373865698729583,0.680752912867275,0.0897104652742981,-0.303238783577638,-1.03746878251395,39,"reactome","Cdk1; H2bc21; H2az2; Plk1; H3f3a; Smc4; H2ac19; H3c4; Rb1; Ccnb1; H3f3b; H3c15; H2bc6; Ncaph2; H2aj; Ncapg2; H4c17","liver","MHU-2","GLDS-617","Stat_(Space Flight & uG)v(Ground Control & 1G on Earth)",1,"flight_positive"
"REACTOME_CONSTITUTIVE_SIGNALING_BY_ABERRANT_PI3K_IN_CANCER",0.493150684931507,0.788631868604351,0.0870515867946735,0.254160802776999,0.988596475005805,63,"reactome","Fgf1; Pik3ap1; Pik3r2; Hgf; Irs2; Met; Fyn; Fgfr2; Klb; Ptpn11; Pik3r1; Pik3cd; Frs2; Pdgfra; Pik3ca; Tgfa; Flt3; Cd28","liver","MHU-2","GLDS-617","Stat_(Space Flight & uG)v(Ground Control & 1G on Earth)",1,"flight_positive"
"REACTOME_CONSTITUTIVE_SIGNALING_BY_AKT1_E17K_IN_CANCER",0.55637707948244,0.832004354618801,0.0696133438850965,-0.300408324537707,-0.924540648495356,25,"reactome","Foxo3; Mapkap1; Casp9","liver","MHU-2","GLDS-617","Stat_(Space Flight & uG)v(Ground Control & 1G on Earth)",1,"flight_positive"
"REACTOME_CONSTITUTIVE_SIGNALING_BY_EGFRVIII",0.816955684007707,0.958610106051154,0.0532386494755899,-0.267159974894334,-0.715707152992505,15,"reactome","Egfr; Egf; Gab1; Hras","liver","MHU-2","GLDS-617","Stat_(Space Flight & uG)v(Ground Control & 1G on Earth)",1,"flight_positive"
"REACTOME_CONSTITUTIVE_SIGNALING_BY_LIGAND_RESPONSIVE_EGFR_CANCER_VARIANTS",0.587786259541985,0.848377051661873,0.0684714904492087,-0.313587840708136,-0.89542979237646,19,"reactome","Egfr; Egf; Rps27a; Ubc; Uba52; Gab1; Hras","liver","MHU-2","GLDS-617","Stat_(Space Flight & uG)v(Ground Control & 1G on Earth)",1,"flight_positive"
"REACTOME_CONVERSION_FROM_APC_C_CDC20_TO_APC_C_CDH1_IN_LATE_ANAPHASE",0.934873949579832,1,0.051011413203915,0.206161185702741,0.622197912843644,20,"reactome","Cdc27; Anapc1; Anapc7; Cdc26","liver","MHU-2","GLDS-617","Stat_(Space Flight & uG)v(Ground Control & 1G on Earth)",1,"flight_positive"
"REACTOME_COOPERATION_OF_PDCL_PHLP1_AND_TRIC_CCT_IN_G_PROTEIN_BETA_FOLDING",0.817427385892116,0.958610106051154,0.0566484183613995,0.224053904744639,0.765392372556401,32,"reactome","Pdcl; Gnaq; Gna11; Cct6a; Rgs11; Csnk2a2; Csnk2a1; Gng12; Rgs9","liver","MHU-2","GLDS-617","Stat_(Space Flight & uG)v(Ground Control & 1G on Earth)",1,"flight_positive"
"REACTOME_COOPERATION_OF_PREFOLDIN_AND_TRIC_CCT_IN_ACTIN_AND_TUBULIN_FOLDING",0.111597374179431,0.350980630521112,0.197822021315103,0.419044522789893,1.33285325153446,26,"reactome","Tubb4b; Tuba4a; Tuba1c; Actb; Tubb2a; Cct6a; Tuba8","liver","MHU-2","GLDS-617","Stat_(Space Flight & uG)v(Ground Control & 1G on Earth)",1,"flight_positive"
"REACTOME_COPII_MEDIATED_VESICLE_TRANSPORT",0.00425067080393801,0.0284962733500844,0.407017918923954,0.420508444551706,1.64356264230233,64,"reactome","Gosr2; Mcfd2; Ctsc; Sec16a; Sec24d; Lman2; Uso1; Stx5a; Sec24c; Scfd1; F5; Trappc10; Tmed2; Tfg; Preb; Nsf; Rab1a; Ankrd28; Ppp6c; Ykt6; Sec31a; Sec22c; Lman1; Sec24b; Trappc2","liver","MHU-2","GLDS-617","Stat_(Space Flight & uG)v(Ground Control & 1G on Earth)",1,"flight_positive"
"REACTOME_COPI_DEPENDENT_GOLGI_TO_ER_RETROGRADE_TRAFFIC",0.00612967586503953,0.0387958987979831,0.407017918923954,0.373197659643414,1.56134657822625,85,"reactome","Tmed7; Tubb4b; Tuba4a; Tuba1c; Kifap3; Tmed3; Surf4; Kif21b; Arcn1; Kif5b; Tmed2; Arfgap3; Kif5a; Arfgap2; Nsf; Kif1b; Zw10; Rab1a; Tmed9; Copg1; Rint1; Kif16b; Tubb2a; Nbas; Copa","liver","MHU-2","GLDS-617","Stat_(Space Flight & uG)v(Ground Control & 1G on Earth)",1,"flight_positive"
"REACTOME_COPI_INDEPENDENT_GOLGI_TO_ER_RETROGRADE_TRAFFIC",0.00565584045774195,0.036020633915244,0.407017918923954,0.469172222696775,1.69075106802932,42,"reactome","Rab18; Tubb4b; Pafah1b1; Agpat3; Dync1h1; Tuba4a; Tuba1c; Dync1li1; Galnt2; Dctn5; Capza1; Dctn4; Tubb2a; Dynll1; Tuba8; Pafah1b2; Rab6a; Actr1a; Dync1i2; Dync1li2","liver","MHU-2","GLDS-617","Stat_(Space Flight & uG)v(Ground Control & 1G on Earth)",1,"flight_positive"
"REACTOME_COPI_MEDIATED_ANTEROGRADE_TRANSPORT",0.000145407442335938,0.00137846541259883,0.518848077743792,0.44725031443848,1.8783257201093,86,"reactome","Gosr2; Tmed7; Tubb4b; Dync1h1; Tuba4a; Tuba1c; Cog3; Tmed3; Uso1; Stx5a; Arcn1; Dync1li1; Tmed2; Arfgap3; Tmem115; Arfgap2; Dctn5; Nsf; Capza1; Rab1a; Tmed9; Copg1; Dctn4; Ykt6; Tubb2a; Cog8; Copa; Cog6; Cog4; Dynll1; Golga2; Gosr1; Cd55; Tuba8; Cog1; Napg; Actr1a; Ank2; Dync1i2; Copb1; Sptb; Dync1li2","liver","MHU-2","GLDS-617","Stat_(Space Flight & uG)v(Ground Control & 1G on Earth)",1,"flight_positive"
"REACTOME_CO_INHIBITION_BY_CTLA4",0.203781512605042,0.487449205034126,0.139599673451922,0.41267343913333,1.24545535397235,20,"reactome","Ppp2r1b; Fyn; Ppp2r5e; Ptpn11; Ppp2r5c; Ppp2ca; Ppp2r1a; Ppp2r5b; Akt3; Yes1; Lck; Akt1; Cd80; Ppp2cb; Cd86","liver","MHU-2","GLDS-617","Stat_(Space Flight & uG)v(Ground Control & 1G on Earth)",1,"flight_positive"
"REACTOME_CO_STIMULATION_BY_CD28",0.32183908045977,0.628264411855375,0.11331290842208,0.302035432141118,1.10089645879549,46,"reactome","Pik3r2; Ppp2r1b; Fyn; Pdpk1; Ppp2r5e; Pik3r1; Pik3cd; Trib3; Ppp2r5c; Ppp2ca; Pik3ca; Cd28; Ppp2r1a; Ppp2r5b; Akt3; Pak2; Yes1; Lck; Rac1; Akt1; Cd80; Pik3cb; Pik3r5; Ppp2cb","liver","MHU-2","GLDS-617","Stat_(Space Flight & uG)v(Ground Control & 1G on Earth)",1,"flight_positive"
"REACTOME_CREB1_PHOSPHORYLATION_THROUGH_NMDA_RECEPTOR_MEDIATED_ACTIVATION_OF_RAS_SIGNALING",0.802547770700637,0.949821345347212,0.0585937568945671,0.243544379588867,0.74917551082177,22,"reactome","Rasgrf2; Rps6ka2; Pdpk1; Rps6ka3; Kras","liver","MHU-2","GLDS-617","Stat_(Space Flight & uG)v(Ground Control & 1G on Earth)",1,"flight_positive"
"REACTOME_CRISTAE_FORMATION",0.134874759152216,0.393980159844075,0.166933848713193,-0.502006032563533,-1.34484706585713,15,"reactome","Samm50; Tmem11; Apoo; Atp5pb; Chchd3; Apool","liver","MHU-2","GLDS-617","Stat_(Space Flight & uG)v(Ground Control & 1G on Earth)",1,"flight_positive"
"REACTOME_CROSSLINKING_OF_COLLAGEN_FIBRILS",0.0825335892514395,0.290005956714541,0.216542836735348,-0.527346199889766,-1.43712812528332,16,"reactome","Col1a1; Pcolce; Col1a2","liver","MHU-2","GLDS-617","Stat_(Space Flight & uG)v(Ground Control & 1G on Earth)",1,"flight_positive"
"REACTOME_CROSS_PRESENTATION_OF_SOLUBLE_EXOGENOUS_ANTIGENS_ENDOSOMES",2.41807029756402e-05,0.000283219957841119,0.575610261071129,0.581894967267424,2.08317351653362,41,"reactome","Psmd11; Psmd1; Psmd3; Psmd2; Psmc4; Adrm1; Psmc1; Psmc2; Psmc5; Psmd7; Mrc2; Psmd14; Psmd12; Psma1; Psma7; Psmc6; Psma5; Psmd6; Psmc3; Psmb4; Psmb2; Psmd13; Psma6","liver","MHU-2","GLDS-617","Stat_(Space Flight & uG)v(Ground Control & 1G on Earth)",1,"flight_positive"
"REACTOME_CYCLIN_A_B1_B2_ASSOCIATED_EVENTS_DURING_G2_M_TRANSITION",0.278810408921933,0.580997559696216,0.108820126769161,-0.361355535379139,-1.13944070874926,28,"reactome","Cdk2; Cdk1; Wee1; Pkmyt1; Plk1; Ccna2; Xpo1; Mnat1; Ccnb1","liver","MHU-2","GLDS-617","Stat_(Space Flight & uG)v(Ground Control & 1G on Earth)",1,"flight_positive"
"REACTOME_CYCLIN_A_CDK2_ASSOCIATED_EVENTS_AT_S_PHASE_ENTRY",0.000147451157971808,0.00137846541259883,0.518848077743792,0.45523486014386,1.85703169498981,74,"reactome","Psmd11; Psmd1; Psmd3; Psmd2; Psmc4; Ubb; Adrm1; Psmc1; Psmc2; Psmc5; Psmd7; Psmd14; Psmd12; Psma1; Psma7; Psmc6; Cul1; Lin54; Psma5; Psmd6; Psmc3; Psmb4; Ptk6; Psmb2; Psmd13; Psma6; Cables1; Cdk7","liver","MHU-2","GLDS-617","Stat_(Space Flight & uG)v(Ground Control & 1G on Earth)",1,"flight_positive"
"REACTOME_CYCLIN_D_ASSOCIATED_EVENTS_IN_G1",0.215167548500882,0.505197538991702,0.122679189568808,-0.337065265225378,-1.19808837722157,46,"reactome","Cdk2; Cdkn2b; Lyn; Tfdp2; E2f2; Ccne1; Ccnd3; Ccnd1; E2f3; Src; Rps27a; Skp2; Ubc; E2f5; Uba52","liver","MHU-2","GLDS-617","Stat_(Space Flight & uG)v(Ground Control & 1G on Earth)",1,"flight_positive"
"REACTOME_CYTOCHROME_P450_ARRANGED_BY_SUBSTRATE_TYPE",0.186363636363636,0.464509610414023,0.153158808683073,0.327833932352846,1.21235336302133,48,"reactome","Cyp39a1; Cyp2b10; Cyp3a13; Cyp2e1; Cyp26b1; Cyp3a25","liver","MHU-2","GLDS-617","Stat_(Space Flight & uG)v(Ground Control & 1G on Earth)",1,"flight_positive"
"REACTOME_CYTOPROTECTION_BY_HMOX1",0.0144312673547526,0.075412622740989,0.380730400722792,-0.41747060393332,-1.53351416846637,53,"reactome","Fabp1; Cycs; Cox5a; Cox7a2; Hbb-bt; Nfe2l2; Cox7a1; Sin3b; Hba-a2; Hba-a1; Blvra; Cox6c; Cox5b; H13; Ndufa4; Cox7c; Cox6a1; Cox7b; Cox6b1; Tbl1xr1; Smarcd3; Cox8a","liver","MHU-2","GLDS-617","Stat_(Space Flight & uG)v(Ground Control & 1G on Earth)",1,"flight_positive"
"REACTOME_CYTOSOLIC_SENSORS_OF_PATHOGEN_ASSOCIATED_DNA",0.781914893617021,0.941553336600506,0.0514264916187015,-0.216598776381374,-0.819848042226081,63,"reactome","Irf7; Myd88; Polr2f; Stat6; Dtx4; Xrcc5; Zbp1; Tlr3; Polr2l; Rps27a; Ubc; Nfkb2; Uba52","liver","MHU-2","GLDS-617","Stat_(Space Flight & uG)v(Ground Control & 1G on Earth)",1,"flight_positive"
"REACTOME_CYTOSOLIC_SULFONATION_OF_SMALL_MOLECULES",0.521645021645022,0.809084837488212,0.0810802057550866,0.327842619087238,0.943697477461385,17,"reactome","Sult1e1; Slc26a2; Bpnt2; Sult1b1; Sult1a1","liver","MHU-2","GLDS-617","Stat_(Space Flight & uG)v(Ground Control & 1G on Earth)",1,"flight_positive"
"REACTOME_C_TYPE_LECTIN_RECEPTORS_CLRS",6.69813792080276e-07,1.58730291658093e-05,0.659444398037935,0.484826021438545,2.12757492392935,109,"reactome","Psmd11; Psmd1; Psmd3; Psmd2; Psmc4; Ubb; Adrm1; Psmc1; Psmc2; Traf6; Psmc5; Psmd7; Psmd14; Psmd12; Psma1; Ppp3r1; Psma7; Psmc6; Cul1; Clec4n; Fyn; Pdpk1; Psma5; Psmd6; Itpr2; Itpr1; Nfatc3; Map3k7; Psmc3; Tab3; Psmb4; Pycard; Psmb2; Ep300; Kras; Psmd13; Uba3; Psma6","liver","MHU-2","GLDS-617","Stat_(Space Flight & uG)v(Ground Control & 1G on Earth)",1,"flight_positive"
"REACTOME_DAG_AND_IP3_SIGNALING",0.693989071038251,0.902008754321401,0.0582216241124161,-0.252725061980739,-0.85645765162935,37,"reactome","Adcy1; Prkx; Prkcd; Camk2b; Adcy6; Pde1b; Adcy7; Grk2; Prkaca; Adcy2; Camk2d; Prkacb; Calm1","liver","MHU-2","GLDS-617","Stat_(Space Flight & uG)v(Ground Control & 1G on Earth)",1,"flight_positive"
"REACTOME_DAP12_INTERACTIONS",0.932710280373832,1,0.04577044581081,-0.199214477480181,-0.65333193340519,33,"reactome","H2-Q10; Tyrobp; H2-T23; Lat; Hras; Btk","liver","MHU-2","GLDS-617","Stat_(Space Flight & uG)v(Ground Control & 1G on Earth)",1,"flight_positive"
"REACTOME_DAP12_SIGNALING",0.501061571125265,0.793342058458337,0.0822054920415869,0.290055753493092,0.955100555085865,29,"reactome","Pik3r2; Fyn; Shc1; Kras; Pik3r1; Lcp2; Vav3; Pik3ca; Nras; Klrc2; Lck; Rac1; Vav2; Trem2; Pik3cb","liver","MHU-2","GLDS-617","Stat_(Space Flight & uG)v(Ground Control & 1G on Earth)",1,"flight_positive"
"REACTOME_DARPP_32_EVENTS",0.940409683426443,1,0.0452247443372884,-0.215400512854286,-0.644049608929963,23,"reactome","Pde4a; Ppp1r1b","liver","MHU-2","GLDS-617","Stat_(Space Flight & uG)v(Ground Control & 1G on Earth)",1,"flight_positive"
"REACTOME_DDX58_IFIH1_MEDIATED_INDUCTION_OF_INTERFERON_ALPHA_BETA",0.697508896797153,0.902434626745364,0.0568864160475701,-0.231477959511658,-0.874159946946901,64,"reactome","Tkfc; Irf7; Otud5; Saa2; Nlrx1; Saa1; Ube2l6; Hmgb1; Rps27a; Ubc; Nfkb2; Dhx58; Nlrc5; Uba52; Ifih1","liver","MHU-2","GLDS-617","Stat_(Space Flight & uG)v(Ground Control & 1G on Earth)",1,"flight_positive"
"REACTOME_DEACTIVATION_OF_THE_BETA_CATENIN_TRANSACTIVATING_COMPLEX",0.87964989059081,0.987291099516031,0.0557104226766671,0.205915287676332,0.733249554337676,38,"reactome","Ubb; Chd8; Apc; Sox6","liver","MHU-2","GLDS-617","Stat_(Space Flight & uG)v(Ground Control & 1G on Earth)",1,"flight_positive"
"REACTOME_DEADENYLATION_DEPENDENT_MRNA_DECAY",0.116009280742459,0.358222597201716,0.199915231309662,0.340796910027944,1.27583418493289,52,"reactome","Cnot1; Dcp2; Patl1; Ddx6; Hbs1l; Tut4; Cnot10; Eif4b; Cnot4; Cnot2; Eif4a2; Edc4; Exosc3; Parn; Exosc2; Pan2; Dcp1b; Cnot9; Cnot6l; Lsm1; Cnot11; Eif4g1; Tut7; Xrn1; Dcp1a; Eif4a3","liver","MHU-2","GLDS-617","Stat_(Space Flight & uG)v(Ground Control & 1G on Earth)",1,"flight_positive"
"REACTOME_DEADENYLATION_OF_MRNA",0.112798264642082,0.351567340731144,0.195789002148949,0.427844291523399,1.35608415304429,25,"reactome","Cnot1; Tut4; Cnot10; Eif4b; Cnot4; Cnot2; Eif4a2; Parn; Pan2; Cnot9; Cnot6l; Cnot11; Eif4g1; Tut7","liver","MHU-2","GLDS-617","Stat_(Space Flight & uG)v(Ground Control & 1G on Earth)",1,"flight_positive"
"REACTOME_DEATH_RECEPTOR_SIGNALING",0.739348370927318,0.92554789923211,0.070619624712259,0.193953335772312,0.882017351573115,143,"reactome","Cflar; Rasgrf2; Arhgef26; Sqstm1; Ubb; Traf6; Itsn1; Otulin; Otud7b; Tbk1; Usp4; Arhgef17; Cyld; Map3k7; Tab3; Arhgef7; Arhgef11; Mcf2l; Vav3; Arhgef12; Kalrn; Casp2; Psen1; Rtn4; Ikbkg; Ube2l3; Tab1; Tab2; Aph1c; Arhgef1; Ube2d2a; Clip3; Aph1a; Arhgef10l; Traf1; Akap13; Ect2; Prdm4; Ikbke; Rhoa; Birc2; Aatf; Ripk1; Bag4; Tnfrsf1a; Ube2d3; Chuk; Ngfr; Tnf; Hdac3; Tax1bp1; Prex1; Rac1; Mapk8; Ncstn; Ikbkb; Trio; Vav2; Sharpin","liver","MHU-2","GLDS-617","Stat_(Space Flight & uG)v(Ground Control & 1G on Earth)",1,"flight_positive"
"REACTOME_DECTIN_1_MEDIATED_NONCANONICAL_NF_KB_SIGNALING",7.30011483148054e-08,3.16186680966018e-06,0.704975715167238,0.643337177704364,2.37910696232347,48,"reactome","Psmd11; Psmd1; Psmd3; Psmd2; Psmc4; Ubb; Adrm1; Psmc1; Psmc2; Psmc5; Psmd7; Psmd14; Psmd12; Psma1; Psma7; Psmc6; Cul1; Psma5; Psmd6; Psmc3; Psmb4; Psmb2; Psmd13; Uba3; Psma6","liver","MHU-2","GLDS-617","Stat_(Space Flight & uG)v(Ground Control & 1G on Earth)",1,"flight_positive"
"REACTOME_DEFECTIVE_B4GALT7_CAUSES_EDS_PROGEROID_TYPE",0.766859344894027,0.941553336600506,0.0561766586307176,-0.285578866947655,-0.765050370658147,15,"reactome","Cspg5; Bgn; Gpc3; B4galt7; Gpc2","liver","MHU-2","GLDS-617","Stat_(Space Flight & uG)v(Ground Control & 1G on Earth)",1,"flight_positive"
"REACTOME_DEFECTIVE_CFTR_CAUSES_CYSTIC_FIBROSIS",5.69914521287784e-08,2.90371448596126e-06,0.719512826338911,0.646433415332396,2.39055707084066,48,"reactome","Sel1l; Vcp; Psmd11; Psmd1; Psmd3; Derl3; Psmd2; Psmc4; Ubb; Adrm1; Psmc1; Psmc2; Psmc5; Psmd7; Psmd14; Psmd12; Psma1; Psma7; Psmc6; Psma5; Psmd6; Psmc3; Psmb4; Psmb2; Psmd13; Psma6","liver","MHU-2","GLDS-617","Stat_(Space Flight & uG)v(Ground Control & 1G on Earth)",1,"flight_positive"
"REACTOME_DEFECTIVE_INTRINSIC_PATHWAY_FOR_APOPTOSIS",0.956273764258555,1,0.0454059226590179,-0.203045230065802,-0.589951079938239,20,"reactome","Foxo3; Capn1","liver","MHU-2","GLDS-617","Stat_(Space Flight & uG)v(Ground Control & 1G on Earth)",1,"flight_positive"
"REACTOME_DEFECTS_IN_VITAMIN_AND_COFACTOR_METABOLISM",0.680608365019011,0.898083922480325,0.0611692626746689,-0.286074556462221,-0.831194081599679,20,"reactome","Acaca; Lmbrd1; Pcca; Cd320; Mccc1","liver","MHU-2","GLDS-617","Stat_(Space Flight & uG)v(Ground Control & 1G on Earth)",1,"flight_positive"
"REACTOME_DEGRADATION_OF_AXIN",2.18968146498605e-06,4.37506943690351e-05,0.627256739718528,0.636417158494176,2.29344990684081,42,"reactome","Psmd11; Psmd1; Psmd3; Psmd2; Psmc4; Ubb; Adrm1; Psmc1; Psmc2; Psmc5; Psmd7; Psmd14; Psmd12; Psma1; Psma7; Psmc6; Psma5; Axin1; Psmd6; Psmc3; Psmb4; Psmb2; Psmd13; Psma6","liver","MHU-2","GLDS-617","Stat_(Space Flight & uG)v(Ground Control & 1G on Earth)",1,"flight_positive"
"REACTOME_DEGRADATION_OF_BETA_CATENIN_BY_THE_DESTRUCTION_COMPLEX",3.56486059084712e-07,1.06840968884506e-05,0.674962860011025,0.552820961106023,2.21880952058792,71,"reactome","Psmd11; Psmd1; Psmd3; Psmd2; Psmc4; Ubb; Adrm1; Psmc1; Psmc2; Psmc5; Psmd7; Ppp2r1b; Psmd14; Apc; Psmd12; Psma1; Psma7; Psmc6; Cul1; Ppp2r5e; Psma5; Axin1; Psmd6; Psmc3; Psmb4; Ctbp2; Psmb2; Psmd13; Psma6; Ppp2r5c","liver","MHU-2","GLDS-617","Stat_(Space Flight & uG)v(Ground Control & 1G on Earth)",1,"flight_positive"
"REACTOME_DEGRADATION_OF_CRY_AND_PER_PROTEINS",3.28969520766489e-06,6.09490803020095e-05,0.627256739718528,0.5932403734877,2.19384539213517,48,"reactome","Psmd11; Psmd1; Psmd3; Psmd2; Psmc4; Ubb; Adrm1; Psmc1; Psmc2; Psmc5; Psmd7; Psmd14; Psmd12; Psma1; Psma7; Psmc6; Cul1; Psma5; Psmd6; Psmc3; Psmb4; Psmb2; Psmd13; Psma6","liver","MHU-2","GLDS-617","Stat_(Space Flight & uG)v(Ground Control & 1G on Earth)",1,"flight_positive"
"REACTOME_DEGRADATION_OF_DVL",4.20536533094814e-07,1.22436207778176e-05,0.674962860011025,0.64430364152986,2.32991034085025,43,"reactome","Psmd11; Psmd1; Psmd3; Psmd2; Psmc4; Ubb; Adrm1; Psmc1; Psmc2; Psmc5; Psmd7; Psmd14; Psmd12; Psma1; Psma7; Psmc6; Psma5; Klhl12; Psmd6; Psmc3; Psmb4; Dvl3; Psmb2; Psmd13; Psma6","liver","MHU-2","GLDS-617","Stat_(Space Flight & uG)v(Ground Control & 1G on Earth)",1,"flight_positive"
"REACTOME_DEGRADATION_OF_GLI1_BY_THE_PROTEASOME",3.01064342107598e-07,9.29650195780733e-06,0.674962860011025,0.638842682199594,2.32857870481042,45,"reactome","Psmd11; Psmd1; Psmd3; Psmd2; Psmc4; Ubb; Adrm1; Psmc1; Psmc2; Psmc5; Psmd7; Psmd14; Psmd12; Psma1; Psma7; Psmc6; Cul1; Psma5; Psmd6; Itch; Psmc3; Psmb4; Psmb2; Psmd13; Psma6","liver","MHU-2","GLDS-617","Stat_(Space Flight & uG)v(Ground Control & 1G on Earth)",1,"flight_positive"
"REACTOME_DEGRADATION_OF_THE_EXTRACELLULAR_MATRIX",0.00395872708350759,0.0268929526539615,0.407017918923954,-0.389360035157905,-1.56319398679023,97,"reactome","Cdh1; Casp3; Col1a1; Lama3; Col1a2; Col14a1; Klk1b4; Htra1; Mmp15; Col9a3; Col5a2; Spp1; Col5a3; Col3a1; Lamb1; Capn1; Adam15; Ctsl; Adamts5; Col8a2; Ctsd; Adam17; Col4a4; Mmp11; Col4a6; Scube1; Col6a1; Col6a3; Capn8; Col6a2","liver","MHU-2","GLDS-617","Stat_(Space Flight & uG)v(Ground Control & 1G on Earth)",1,"flight_positive"
"REACTOME_DEPOLYMERIZATION_OF_THE_NUCLEAR_LAMINA",0.751445086705202,0.932670576556152,0.0571258510018113,-0.290650009811483,-0.778635688679397,15,"reactome","Cdk1; Lpin1; Lpin2; Ccnb1; Lemd2","liver","MHU-2","GLDS-617","Stat_(Space Flight & uG)v(Ground Control & 1G on Earth)",1,"flight_positive"
"REACTOME_DEPOSITION_OF_NEW_CENPA_CONTAINING_NUCLEOSOMES_AT_THE_CENTROMERE",0.765232974910394,0.941553336600506,0.0529129848430583,-0.233641669811369,-0.815963203124055,43,"reactome","H2bc21; Cenpl; Mis18a; H2az2; Cenpa; H2ac19; Cenpp; Cenpx; H2bc6; Knl1; Npm1; H2aj; H4c17; H2bc8; Cenpo","liver","MHU-2","GLDS-617","Stat_(Space Flight & uG)v(Ground Control & 1G on Earth)",1,"flight_positive"
"REACTOME_DETOXIFICATION_OF_REACTIVE_OXYGEN_SPECIES",0.165441176470588,0.447173896083632,0.14551614609036,-0.380414279622885,-1.2598112958864,34,"reactome","Gstp1; Cycs; Prdx3; Aqp8; Ccs; Gpx6; Gstp2; Ncf4; Prdx5; Txn2; Nudt2; Gpx8; Prdx2; Gpx7; Ncf1; Nox4; Atox1","liver","MHU-2","GLDS-617","Stat_(Space Flight & uG)v(Ground Control & 1G on Earth)",1,"flight_positive"
"REACTOME_DEUBIQUITINATION",1.46120380767768e-08,9.92644453349039e-07,0.747739663149885,0.413882583007534,2.0248089026755,226,"reactome","Ide; Vcp; Psmd11; Psmd1; Psmd3; Usp34; Psmd2; Stam2; Psmc4; Rad23b; Ufd1; Ubb; Adrm1; Usp20; Psmc1; Psmc2; Ino80; Traf6; Psmc5; Actb; Usp7; Psmd7; Yy1; Psmd14; Apc; Psmd12; Actr8; Otub2; Psma1; Psma7; Usp5; Psmc6; Ogt; Ar; Otud7b; Psma5; Tada2b; Axin1; Rnf128; Psmd6; Hgs; Usp4; Smad7; Cyld; Map3k7; Smad4; Psmc3; Psmb4; Hcfc1; Usp42; Mdm2; Abraxas2; Brcc3; Arrb1; Usp15; Otud3; Foxk1; Josd1; Psmb2; Ep300; Actr5; Foxk2; Psmd13; Vcpip1; Ino80e; Psma6; Usp47; Usp9x; Ino80c; Nlrp3; H2ac18; Ikbkg; Yod1; Otub1; Becn1; Usp16; Ino80d","liver","MHU-2","GLDS-617","Stat_(Space Flight & uG)v(Ground Control & 1G on Earth)",1,"flight_positive"
"REACTOME_DEVELOPMENTAL_CELL_LINEAGES",0.0185013134629653,0.0925806087810986,0.352487857583619,-0.398914354757098,-1.51898175373458,68,"reactome","Fabp5; Col1a1; Lama3; Col27a1; Col1a2; Aqp8; Abcg2; Krt7; Prom1; Shh; Col5a2; Col5a3; Col3a1; Lama2; Lama1; Lamb1","liver","MHU-2","GLDS-617","Stat_(Space Flight & uG)v(Ground Control & 1G on Earth)",1,"flight_positive"
"REACTOME_DEVELOPMENTAL_CELL_LINEAGES_OF_THE_EXOCRINE_PANCREAS",0.0444762728378203,0.186507498031847,0.321775918075361,-0.386394315662581,-1.42236309207499,55,"reactome","Col1a1; Lama3; Col27a1; Col1a2; Aqp8; Krt7; Prom1; Shh; Col5a2; Col5a3; Col3a1; Lama2; Lama1; Lamb1; Egf; Tfpi2; Krt19","liver","MHU-2","GLDS-617","Stat_(Space Flight & uG)v(Ground Control & 1G on Earth)",1,"flight_positive"
"REACTOME_DEVELOPMENTAL_LINEAGE_OF_PANCREATIC_DUCTAL_CELLS",0.05,0.204618473895582,0.271288554688953,-0.414669615865974,-1.44320714579018,42,"reactome","Col1a1; Lama3; Col27a1; Col1a2; Krt7; Prom1; Col5a2; Col5a3; Col3a1; Lama2; Lama1; Lamb1; Tfpi2; Krt19","liver","MHU-2","GLDS-617","Stat_(Space Flight & uG)v(Ground Control & 1G on Earth)",1,"flight_positive"
"REACTOME_DIFFERENTIATION_OF_KERATINOCYTES_IN_INTERFOLLICULAR_EPIDERMIS_IN_MAMMALIAN_SKIN",0.0595009596928983,0.228798029913447,0.257206466468838,-0.553409250449477,-1.50815536127719,16,"reactome","Fabp5; Abcg2; Egf; Krt19; Hopx; Itgb4","liver","MHU-2","GLDS-617","Stat_(Space Flight & uG)v(Ground Control & 1G on Earth)",1,"flight_positive"
"REACTOME_DISASSEMBLY_OF_THE_DESTRUCTION_COMPLEX_AND_RECRUITMENT_OF_AXIN_TO_THE_MEMBRANE",0.443496801705757,0.743994159025248,0.0891647117820678,0.311034550549284,1.00296342933448,27,"reactome","Ppp2r1b; Apc; Ppp2r5e; Axin1; Lrp6; Dvl3; Ppp2r5c; Ppp2ca; Fzd1","liver","MHU-2","GLDS-617","Stat_(Space Flight & uG)v(Ground Control & 1G on Earth)",1,"flight_positive"
"REACTOME_DISEASES_ASSOCIATED_WITH_GLYCOSAMINOGLYCAN_METABOLISM",0.798076923076923,0.949821345347212,0.0542315935495841,-0.241411549942646,-0.77965995332559,32,"reactome","Cspg5; Bgn; Papss2; Fmod; Gpc3; Ogn; St3gal3; B4galt7; Gpc2; Lum","liver","MHU-2","GLDS-617","Stat_(Space Flight & uG)v(Ground Control & 1G on Earth)",1,"flight_positive"
"REACTOME_DISEASES_ASSOCIATED_WITH_GLYCOSYLATION_PRECURSOR_BIOSYNTHESIS",0.245681381957774,0.540711292040974,0.119348440591015,-0.442464525811644,-1.2058079011795,16,"reactome","Gale; Gne","liver","MHU-2","GLDS-617","Stat_(Space Flight & uG)v(Ground Control & 1G on Earth)",1,"flight_positive"
"REACTOME_DISEASES_ASSOCIATED_WITH_N_GLYCOSYLATION_OF_PROTEINS",0.401260504201681,0.709868843370682,0.0940503465727813,0.341614450188907,1.03099813468885,20,"reactome","Dpagt1; B4galt1; Alg12; Man1b1; Alg2; Neu1; Mgat2; Mogs; Alg13; Alg14; Alg9","liver","MHU-2","GLDS-617","Stat_(Space Flight & uG)v(Ground Control & 1G on Earth)",1,"flight_positive"
"REACTOME_DISEASES_ASSOCIATED_WITH_O_GLYCOSYLATION_OF_PROTEINS",0.151675485008818,0.426953920508248,0.149207542435322,-0.354273430423051,-1.25925428437268,46,"reactome","Thsd7a; B3glct; Spon2; Thbs1; Sspo; Muc1; Adamts10; Cfp; Adamts5; Galnt3; Sema5a; Adamtsl4; Adamtsl5; Adamts14; Adamtsl2; Thsd1; Pomt1; Adamts9; Sbspon; Notch3; Adamts15; B4gat1; Adamts13","liver","MHU-2","GLDS-617","Stat_(Space Flight & uG)v(Ground Control & 1G on Earth)",1,"flight_positive"
"REACTOME_DISEASES_OF_CARBOHYDRATE_METABOLISM",0.00313388697626425,0.022549946617634,0.431707695803346,-0.559541565062559,-1.76436881422229,28,"reactome","Khk; Gys2; Gusb; Taldo1; Aldob; Gbe1; Naglu; Galns; Arsb; Glb1; Rps27a; Ubc; Uba52; Rpia","liver","MHU-2","GLDS-617","Stat_(Space Flight & uG)v(Ground Control & 1G on Earth)",1,"flight_positive"
"REACTOME_DISEASES_OF_DNA_REPAIR",0.649122807017544,0.889053952084512,0.0596037042575973,-0.246617616665706,-0.878181877173798,47,"reactome","Rpa1; Msh6; Rpa3; Rfc2; Msh2; Sem1; Rad9b; Pms2; Dna2; Top3a; Topbp1; Rbbp8; Brca2; Ogg1; Neil1; Rhno1; Rad51; Nthl1","liver","MHU-2","GLDS-617","Stat_(Space Flight & uG)v(Ground Control & 1G on Earth)",1,"flight_positive"
"REACTOME_DISEASES_OF_GLYCOSYLATION",0.307291666666667,0.617613823142669,0.0985499803531691,-0.263294810522011,-1.08294117801036,113,"reactome","Gale; Gne; Cspg5; Thsd7a; Bgn; B3glct; Papss2; Spon2; Thbs1; Sspo; Fmod; Muc1; Adamts10; Ctsa; Cfp; Galk1; Glb1; Adamts5; Gpc3; Galnt3; Alg1; Ogn; Sema5a; Dpm3; St3gal3; Adamtsl4; B4galt7; Gpc2; Adamtsl5; Lum; Adamts14; Adamtsl2; Galm; Pgm1; Alg3; Thsd1; Pomt1; Adamts9; Agrn; Alg8; Sbspon","liver","MHU-2","GLDS-617","Stat_(Space Flight & uG)v(Ground Control & 1G on Earth)",1,"flight_positive"
"REACTOME_DISEASES_OF_HEMOSTASIS",0.0748560460652591,0.270490464328011,0.227987202850442,-0.538350830145116,-1.46711803258068,16,"reactome","Col1a1; Col1a2; F11; Tpst2; Serping1; F12; F10; F2; Klkb1","liver","MHU-2","GLDS-617","Stat_(Space Flight & uG)v(Ground Control & 1G on Earth)",1,"flight_positive"
"REACTOME_DISEASES_OF_IMMUNE_SYSTEM",0.670190274841438,0.891698542147806,0.0670512579829467,0.254905283679282,0.85635260188428,31,"reactome","Cd36; Fga; Ly96; Tlr6; Fgg; Ikbkg; Ticam1; Fgb; Traf3; Chuk; S100a9; Tlr1; Ikbkb; Tirap","liver","MHU-2","GLDS-617","Stat_(Space Flight & uG)v(Ground Control & 1G on Earth)",1,"flight_positive"
"REACTOME_DISEASES_OF_METABOLISM",0.0114745569037598,0.0642449092578641,0.380730400722792,-0.312659287176021,-1.41357592914248,210,"reactome","Gale; Ugt1a5; Khk; Acaca; Gys2; Gusb; Cyp27a1; Taldo1; Cyp7b1; Gne; Aldob; Cspg5; Aprt; Fdxr; Gbe1; Thsd7a; Bgn; B3glct; Fdx1; Tpmt; Papss2; Spon2; Cyp2u1; Thbs1; Sspo; Acy1; Fmod; Naglu; Lmbrd1; Galns; Arsb; Muc1; Bckdhb; Adamts10; Ctsa; Cfp; Galk1; Cyp4f39; Glb1; Adamts5; Gpc3; Pcca; Rps27a; Cyp21a1; Cd320; Ubc; Idh1; Pah; Galnt3; Alg1; Uba52; Ogn; Sema5a; Rpia; Mccc1","liver","MHU-2","GLDS-617","Stat_(Space Flight & uG)v(Ground Control & 1G on Earth)",1,"flight_positive"
"REACTOME_DISEASES_OF_MITOTIC_CELL_CYCLE",0.302752293577982,0.613845078017052,0.102821842840815,-0.328557132575455,-1.11534704565195,38,"reactome","Cdk2; Ube2c; Tfdp2; E2f2; Anapc15; Ccne1; Ccnd3; Ccnd1; E2f3; Cdc23; Skp2","liver","MHU-2","GLDS-617","Stat_(Space Flight & uG)v(Ground Control & 1G on Earth)",1,"flight_positive"
"REACTOME_DISEASES_OF_PROGRAMMED_CELL_DEATH",0.984070796460177,1,0.0408229003677776,-0.167881409884707,-0.635987761158209,66,"reactome","Foxo3; H2bc21; Capn1; H2az2; Dnmt1; H3f3a; Tradd; H2ac19; H3c4; Pola2; Mlkl; C1qbp; H3f3b; Prdx2; H3c15; H2bc6","liver","MHU-2","GLDS-617","Stat_(Space Flight & uG)v(Ground Control & 1G on Earth)",1,"flight_positive"
"REACTOME_DISEASES_OF_SIGNAL_TRANSDUCTION_BY_GROWTH_FACTOR_RECEPTORS_AND_SECOND_MESSENGERS",0.000146757890849897,0.00137846541259883,0.518848077743792,0.288701576715537,1.49645987307665,414,"reactome","Sel1l; Fgf1; Vcp; Psmd11; Psmd1; Psmd3; Pik3ap1; Syvn1; Junb; Psmd2; Sqstm1; Psmc4; Pik3r2; Ubb; Adrm1; Jun; Trim24; Psmc1; Psmc2; Hgf; Myo18a; Ranbp2; Golga4; Actg1; Psmc5; Irs2; Nr4a1; Actb; Psmd7; Spred1; Tbl1x; Ppp2r1b; Psmd14; Fga; Apc; Psmd12; Psma1; Ago2; Fbxw7; Psma7; Psmc6; Cul1; Ncbp1; Rbpj; Mark3; Ppfibp1; Qki; Kif5b; Met; Fyn; Pdpk1; Tfg; Ppp2r5e; Psma5; Atg7; Fgfr2; Axin1; Lrp6; Psmd6; Itgb3; Polr2i; Klb; Lmna; Smad4; Fxr1; Psmc3; Hdac8; Psmb4; Shc1; Mdm2; Arrb1; Trip11; Ctbp2; Ncor1; Ptpn11; Psmb2; Mapk9; Ep300; Neurl1a; Fn1; Kras; Psmd13; Sec31a; Shoc2; Pik3r1; Kdr; D630045J12Rik; Kdm7a; Cpsf6; Psma6; Cltc; Pik3cd; Ppp2r5c; Hdac4; Spred2; Dusp6; Psen1; Fgg; Stat3; Jag2; Os9","liver","MHU-2","GLDS-617","Stat_(Space Flight & uG)v(Ground Control & 1G on Earth)",1,"flight_positive"
"REACTOME_DISORDERS_OF_TRANSMEMBRANE_TRANSPORTERS",7.45211871885483e-08,3.16186680966018e-06,0.704975715167238,0.472686055740955,2.12562735696607,131,"reactome","Sel1l; Slc40a1; Slc4a4; Vcp; Psmd11; Psmd1; Psmd3; Slc26a4; Derl3; Psmd2; Psmc4; Ubb; Adrm1; Psmc1; Psmc2; Ranbp2; Abcd1; Abcg8; Psmc5; Psmd7; Slc22a18; Slc26a2; Psmd14; Psmd12; Hk1; Psma1; Psma7; Psmc6; Slc22a5; Cp; Psma5; Abca1; Psmd6; Slc3a2; Psmc3; Psmb4; Abcg5; Abcb11; Nup50; Psmb2; Psmd13; Seh1l","liver","MHU-2","GLDS-617","Stat_(Space Flight & uG)v(Ground Control & 1G on Earth)",1,"flight_positive"
"REACTOME_DNA_DAMAGE_BYPASS",0.0889679715302491,0.302194543297746,0.199915231309662,-0.375679754005391,-1.33964837926271,48,"reactome","Rpa1; Pole2; Pclaf; Rpa3; Poli; Pold4; Rbx1; Rev3l; Ube2b; Ube2l6; Usp10; Rps27a; Ubc; Uba52; Rfc2; Pold2; Pold1; Pold3; Pcna; Uba7; Rev1; Polk; Pole","liver","MHU-2","GLDS-617","Stat_(Space Flight & uG)v(Ground Control & 1G on Earth)",1,"flight_positive"
"REACTOME_DNA_DAMAGE_RECOGNITION_IN_GG_NER",0.0204606193441838,0.100237361114054,0.352487857583619,0.433414185755764,1.54335679557982,38,"reactome","Rad23b; Ubb; Ino80; Actb; Yy1; Parp2; Actr8; Cops4; Actr5; Cops8; Ino80e; Ino80c; Ino80d; Cops7b; Mcrs1; Nfrkb; Ruvbl1","liver","MHU-2","GLDS-617","Stat_(Space Flight & uG)v(Ground Control & 1G on Earth)",1,"flight_positive"
"REACTOME_DNA_DAMAGE_TELOMERE_STRESS_INDUCED_SENESCENCE",0.626334519572954,0.874418822354667,0.0619762736001998,-0.252954831519353,-0.90201967622325,48,"reactome","Cdk2; Hmga1; H2bc21; Ccne1; H2az2; Ep400; H1f2; H2ac19; Ccna2; Hira; Rb1; Asf1a; H1f4; H2bc6; H2aj; H4c17","liver","MHU-2","GLDS-617","Stat_(Space Flight & uG)v(Ground Control & 1G on Earth)",1,"flight_positive"
"REACTOME_DNA_DOUBLE_STRAND_BREAK_REPAIR",0.971900826446281,1,0.0382416816260774,-0.170058345102414,-0.730901014216313,141,"reactome","Xrcc3; Rpa1; Cdk2; Clspn; Polm; Abraxas1; Pole2; Rpa3; H2bc21; Xrcc5; Ube2n; Sumo1; Pold4; Gen1; Kdm4a; Rps27a; Ubc; Mus81; Uba52; Rfc2; Uimc1; Pold2; Ccna2; Pold1; Chek2; Pold3; Sem1; Pcna; Rad9b","liver","MHU-2","GLDS-617","Stat_(Space Flight & uG)v(Ground Control & 1G on Earth)",1,"flight_positive"
"REACTOME_DNA_DOUBLE_STRAND_BREAK_RESPONSE",0.989266547406082,1,0.0410713282497468,-0.16709853667212,-0.618767883257577,56,"reactome","Abraxas1; H2bc21; Ube2n; Sumo1; Kdm4a; Rps27a; Ubc; Uba52; Uimc1; Chek2","liver","MHU-2","GLDS-617","Stat_(Space Flight & uG)v(Ground Control & 1G on Earth)",1,"flight_positive"
"REACTOME_DNA_METHYLATION",0.688888888888889,0.90134997622327,0.0593487680335629,-0.260290491070927,-0.839109737934604,30,"reactome","H2bc21; H2az2; Dnmt1; Uhrf1; H3f3a; H2ac19; H3c4; H3f3b; H3c15; H2bc6; H2aj; H4c17; H2bc8","liver","MHU-2","GLDS-617","Stat_(Space Flight & uG)v(Ground Control & 1G on Earth)",1,"flight_positive"
"REACTOME_DNA_REPAIR",0.301675977653631,0.613588465527046,0.131457611642763,0.20552738983455,1.03851644626028,294,"reactome","Ung; Vcp; Mdc1; Rad23b; Ufd1; Ubb; Ino80; Nploc4; Actb; Rif1; Usp7; Yy1; Rad52; Xrcc2; Polh; Parp2; Actr8; Spidr; Parg; Ppp4r2; Tdg; Pias1; Dclre1c; Acd; Alkbh5; Brip1; Eme2; Trp53bp1; Cops4; Ascc3; Paxip1; Xab2; Polr2i; Pnkp; Rnf4; Brcc3; Xpa; Wrn; Uvssa; Actr5; Cops8; Alkbh2; Rfc1; Aqr; Nbn; Ino80e; Ino80c; Tcea1; Cdk7; Prpf19; Sumo3; Isy1; Ercc6; H2ac18; Mlh1; H4c16; Fan1; Timeless; Ino80d; Smarca5; Cops7b; Mcrs1; Msh3; Dclre1b; Rmi1; Gtf2h3; Xrcc6; Blm; Eya4; Pole3; Chek1; Rmi2; Nfrkb; Ruvbl1; Polr2c; H2ax; Rnf168; Ercc1; Lig3; H4c12; Rad51b; Gtf2h1","liver","MHU-2","GLDS-617","Stat_(Space Flight & uG)v(Ground Control & 1G on Earth)",1,"flight_positive"
"REACTOME_DNA_REPLICATION",0.0920716112531969,0.311697580953514,0.237793834423688,0.26663063619823,1.22008480038387,148,"reactome","Psmd11; Psmd1; Psmd3; Psmd2; Psmc4; Ubb; Adrm1; Psmc1; Psmc2; Cdc27; Psmc5; Psmd7; Psmd14; Psmd12; Psma1; Prim1; Psma7; Psmc6; Kpna1; Cul1; Orc2; Mgme1; Psma5; Anapc1; Psmd6; Anapc7; Psmc3; Psmb4","liver","MHU-2","GLDS-617","Stat_(Space Flight & uG)v(Ground Control & 1G on Earth)",1,"flight_positive"
"REACTOME_DNA_REPLICATION_PRE_INITIATION",0.0144098426286491,0.075412622740989,0.380730400722792,0.321649683272325,1.42523356334589,114,"reactome","Psmd11; Psmd1; Psmd3; Psmd2; Psmc4; Ubb; Adrm1; Psmc1; Psmc2; Cdc27; Psmc5; Psmd7; Psmd14; Psmd12; Psma1; Prim1; Psma7; Psmc6; Kpna1; Orc2; Psma5; Anapc1; Psmd6; Anapc7; Psmc3; Psmb4; Psmb2; Psmd13; Psma6; Kpna6; Cdc26; H2ac18; H4c16","liver","MHU-2","GLDS-617","Stat_(Space Flight & uG)v(Ground Control & 1G on Earth)",1,"flight_positive"
"REACTOME_DNA_STRAND_ELONGATION",0.00111956134080983,0.00912666405028176,0.45505986738723,-0.573861395455241,-1.85333613450677,32,"reactome","Rpa1; Mcm4; Mcm6; Mcm3; Rpa3; Gins2; Pold4; Gins4; Mcm5; Rfc2; Pold2; Pold1; Pola2; Pold3; Pcna; Mcm8; Dna2","liver","MHU-2","GLDS-617","Stat_(Space Flight & uG)v(Ground Control & 1G on Earth)",1,"flight_positive"
"REACTOME_DOPAMINE_NEUROTRANSMITTER_RELEASE_CYCLE",0.993506493506494,1,0.0495901956956338,0.180594970358622,0.519843998453098,17,"reactome","Lin7a; Stxbp1; Stx1a","liver","MHU-2","GLDS-617","Stat_(Space Flight & uG)v(Ground Control & 1G on Earth)",1,"flight_positive"
"REACTOME_DOWNREGULATION_OF_ERBB2_SIGNALING",0.050656660412758,0.206476547842401,0.276500599254472,-0.482194602745404,-1.50615274601289,27,"reactome","Nrg4; Ptpn18; Egfr; Egf; Hbegf; Rps27a; Ubc; Uba52; Erbb2; Erbb3","liver","MHU-2","GLDS-617","Stat_(Space Flight & uG)v(Ground Control & 1G on Earth)",1,"flight_positive"
"REACTOME_DOWNREGULATION_OF_SMAD2_3_SMAD4_TRANSCRIPTIONAL_ACTIVITY",0.554112554112554,0.830353959765724,0.0778840111977068,0.281334492997552,0.929807969144379,30,"reactome","Ubb; Skil; Smad7; Smad4; Ncor1; Ski; Usp9x; Stat1; Smurf2; Mapk1","liver","MHU-2","GLDS-617","Stat_(Space Flight & uG)v(Ground Control & 1G on Earth)",1,"flight_positive"
"REACTOME_DOWNREGULATION_OF_TGF_BETA_RECEPTOR_SIGNALING",0.645101663585952,0.885928025868039,0.0623861492893626,-0.28311418663808,-0.871315980059505,25,"reactome","Tgfbr2; Nedd4l; Zfyve9; Rps27a; Ubc; Uba52; Smurf1; Smad3; Xpo1","liver","MHU-2","GLDS-617","Stat_(Space Flight & uG)v(Ground Control & 1G on Earth)",1,"flight_positive"
"REACTOME_DOWNSTREAM_SIGNALING_EVENTS_OF_B_CELL_RECEPTOR_BCR",1.96605151077546e-06,4.00681297896038e-05,0.627256739718528,0.552829726054819,2.18834735389252,68,"reactome","Psmd11; Psmd1; Psmd3; Psmd2; Psmc4; Rasgrp3; Ubb; Adrm1; Psmc1; Psmc2; Psmc5; Psmd7; Psmd14; Psmd12; Psma1; Ppp3r1; Psma7; Psmc6; Cul1; Psma5; Psmd6; Nfatc3; Map3k7; Psmc3; Psmb4; Psmb2; Kras; Psmd13; Psma6","liver","MHU-2","GLDS-617","Stat_(Space Flight & uG)v(Ground Control & 1G on Earth)",1,"flight_positive"
"REACTOME_DOWNSTREAM_SIGNALING_OF_ACTIVATED_FGFR1",0.207112970711297,0.494257885608458,0.138022242496643,0.414497904399265,1.24714344665363,19,"reactome","Fgf1; Shc1; Ptpn11; Kras; Pik3r1; Frs2; Pik3ca; Fgf9; Nras","liver","MHU-2","GLDS-617","Stat_(Space Flight & uG)v(Ground Control & 1G on Earth)",1,"flight_positive"
"REACTOME_DOWNSTREAM_SIGNALING_OF_ACTIVATED_FGFR2",0.0341698871367179,0.149438261769595,0.321775918075361,0.530653507090553,1.52749016415751,17,"reactome","Fgf1; Fgfr2; Shc1; Ptpn11; Kras; Pik3r1; Frs2; Pik3ca; Fgf9; Nras","liver","MHU-2","GLDS-617","Stat_(Space Flight & uG)v(Ground Control & 1G on Earth)",1,"flight_positive"
"REACTOME_DOWNSTREAM_SIGNALING_OF_ACTIVATED_FGFR3",0.294372294372294,0.604768887026952,0.115240003147781,0.400701625683286,1.15342268319108,17,"reactome","Fgf1; Shc1; Ptpn11; Kras; Pik3r1; Frs2; Pik3ca; Fgf9; Nras","liver","MHU-2","GLDS-617","Stat_(Space Flight & uG)v(Ground Control & 1G on Earth)",1,"flight_positive"
"REACTOME_DOWNSTREAM_SIGNALING_OF_ACTIVATED_FGFR4",0.0584415584415584,0.226433262554936,0.276500599254472,0.50199973253858,1.47543206141624,18,"reactome","Fgf1; Klb; Shc1; Ptpn11; Kras; Pik3r1; Frs2; Pik3ca; Fgf9; Nras","liver","MHU-2","GLDS-617","Stat_(Space Flight & uG)v(Ground Control & 1G on Earth)",1,"flight_positive"
"REACTOME_DOWNSTREAM_SIGNAL_TRANSDUCTION",0.617834394904459,0.870779043440724,0.0713052987340038,0.26808956186796,0.882769902921141,29,"reactome","Pik3r2; Rasa1; Rapgef1; Ptpn11; Kras; Pik3r1; Crk; Stat3; Stat1; Pdgfra; Pik3ca","liver","MHU-2","GLDS-617","Stat_(Space Flight & uG)v(Ground Control & 1G on Earth)",1,"flight_positive"
"REACTOME_DOWNSTREAM_TCR_SIGNALING",2.3159019068538e-07,7.6125936873678e-06,0.690132458796796,0.539531062947291,2.20638216890364,75,"reactome","Psmd11; Psmd1; Psmd3; Psmd2; Psmc4; Pik3r2; Ubb; Adrm1; Psmc1; Psmc2; Traf6; Psmc5; Psmd7; Psmd14; Psmd12; Psma1; Psma7; Psmc6; Cul1; Pdpk1; Psma5; Psmd6; Map3k7; Psmc3; Psmb4; Psmb2; Psmd13; Pik3r1; Psma6; Ikbkg; Tab2; Cd3d; Psma2; Ube2d2a","liver","MHU-2","GLDS-617","Stat_(Space Flight & uG)v(Ground Control & 1G on Earth)",1,"flight_positive"
"REACTOME_DRUG_ADME",0.0654867256637168,0.245334461218116,0.234392647294686,-0.334413630684959,-1.30755994593889,81,"reactome","Ugt2b38; Ugt2b1; Ugt1a5; Gstp1; Ugt2b37; Abcg2; Serpina6; Slc29a1; Slc22a1; Tpmt; Slc29a3; Nme1; Acy1; Slc22a7; Ggt7; Glyat; Slc22a3; Gstp2","liver","MHU-2","GLDS-617","Stat_(Space Flight & uG)v(Ground Control & 1G on Earth)",1,"flight_positive"
"REACTOME_DUAL_INCISION_IN_GG_NER",0.131672597864769,0.390516287480096,0.161978948883402,-0.371776111323766,-1.29194098734986,41,"reactome","Rpa1; Chd1l; Pole2; Rpa3; Pold4; Rbx1; Rps27a; Ubc; Uba52; Rfc2; Pold2; Pold1; Pold3; Pcna; Gtf2h2; Polk; Ddb2; Pole","liver","MHU-2","GLDS-617","Stat_(Space Flight & uG)v(Ground Control & 1G on Earth)",1,"flight_positive"
"REACTOME_DUAL_INCISION_IN_TC_NER",0.74290780141844,0.927724325545821,0.05378728077603,-0.223252987474698,-0.845034897057684,63,"reactome","Rpa1; Pole2; Polr2f; Rpa3; Pold4; Polr2l; Rbx1; Rps27a; Ubc; Uba52; Rfc2; Pold2; Pold1; Pold3; Pcna; Polr2d; Gtf2h2; Mnat1; Polk; Pole; Polr2k; Polr2g; Ppie","liver","MHU-2","GLDS-617","Stat_(Space Flight & uG)v(Ground Control & 1G on Earth)",1,"flight_positive"
"REACTOME_E2F_MEDIATED_REGULATION_OF_DNA_REPLICATION",0.917624521072797,1,0.0476387259290825,-0.227921222646437,-0.666700920774547,21,"reactome","Cdk1; Tfdp2; Pola2; Mcm8; Orc5; Rb1; Ccnb1","liver","MHU-2","GLDS-617","Stat_(Space Flight & uG)v(Ground Control & 1G on Earth)",1,"flight_positive"
"REACTOME_E3_UBIQUITIN_LIGASES_UBIQUITINATE_TARGET_PROTEINS",0.256944444444444,0.559458095916429,0.129442887745046,0.311095538296887,1.14398211284627,47,"reactome","Vcp; Pex12; Cdc73; Ubb; Selenos; Wac; Rtf1; Rnf144a","liver","MHU-2","GLDS-617","Stat_(Space Flight & uG)v(Ground Control & 1G on Earth)",1,"flight_positive"
"REACTOME_EARLY_SARS_COV_2_INFECTION_EVENTS",0.240174672489083,0.533198238053106,0.130105630751129,0.33672150626361,1.15521350025082,34,"reactome","Vcp; Chmp6; Gpc1; Sdc2; Gpc4; Sdc4; Chmp3; Becn1; Sdc1","liver","MHU-2","GLDS-617","Stat_(Space Flight & uG)v(Ground Control & 1G on Earth)",1,"flight_positive"
"REACTOME_ECM_PROTEOGLYCANS",0.000625031961881811,0.00530756307631305,0.477270815362862,-0.49873970121588,-1.83591971933005,55,"reactome","Col1a1; Lama3; Itgav; Col1a2; Tnxb; Bgn; Col9a3; Col5a2; Lrp4; Col5a3; Col3a1; Lama2; Lama1; Lamb1; Sparc; Fmod; Hapln1; Serpine1; Col4a4; Col4a6; Col6a1; Col6a3; Col6a2; Itgb5; Lum; Tnc; Itga8; Lamc1","liver","MHU-2","GLDS-617","Stat_(Space Flight & uG)v(Ground Control & 1G on Earth)",1,"flight_positive"
"REACTOME_EFFECTS_OF_PIP2_HYDROLYSIS",0.820833333333333,0.958610106051154,0.0566484183613995,0.242976023785882,0.748121911968377,21,"reactome","Prkch; Itpr2; Itpr1; Dagla; Dgkh; Dgkd; Dgke; Rasgrp1","liver","MHU-2","GLDS-617","Stat_(Space Flight & uG)v(Ground Control & 1G on Earth)",1,"flight_positive"
"REACTOME_EGFR_DOWNREGULATION",0.381663113006397,0.690789897253141,0.0978773277424561,0.322422005241863,1.03968346763791,27,"reactome","Stam2; Ubb; Ptprk; Eps15; Hgs; Arhgef7","liver","MHU-2","GLDS-617","Stat_(Space Flight & uG)v(Ground Control & 1G on Earth)",1,"flight_positive"
"REACTOME_EGR2_AND_SOX10_MEDIATED_INITIATION_OF_SCHWANN_CELL_MYELINATION",0.156716417910448,0.436322485931001,0.151148761385484,-0.426053030351579,-1.2904300093406,24,"reactome","Nab2; Adgrv1; Lama2; Lamb1; Pmp22; Hmgcr; Wwtr1","liver","MHU-2","GLDS-617","Stat_(Space Flight & uG)v(Ground Control & 1G on Earth)",1,"flight_positive"
"REACTOME_ELASTIC_FIBRE_FORMATION",0.087431693989071,0.300989514104268,0.204294756516886,-0.408994867299098,-1.38603896594213,37,"reactome","Efemp1; Itgav; Ltbp4; Bmp7; Fbln1; Ltbp1; Fbln5; Mfap4","liver","MHU-2","GLDS-617","Stat_(Space Flight & uG)v(Ground Control & 1G on Earth)",1,"flight_positive"
"REACTOME_ENDOGENOUS_STEROLS",0.262357414448669,0.566463225003887,0.114266502484433,-0.404774227934832,-1.17607782671838,20,"reactome","Cyp27a1; Cyp7b1; Fdxr; Fdx1","liver","MHU-2","GLDS-617","Stat_(Space Flight & uG)v(Ground Control & 1G on Earth)",1,"flight_positive"
"REACTOME_ENDOSOMAL_SORTING_COMPLEX_REQUIRED_FOR_TRANSPORT_ESCRT",0.303609341825902,0.613845078017052,0.111918316325105,0.338735150096957,1.11539290632414,29,"reactome","Stam2; Ubb; Vps37a; Chmp6; Hgs; Ubap1; Vps4a; Chmp3","liver","MHU-2","GLDS-617","Stat_(Space Flight & uG)v(Ground Control & 1G on Earth)",1,"flight_positive"
"REACTOME_ENERGY_DEPENDENT_REGULATION_OF_MTOR_BY_LKB1_AMPK",0.99624765478424,1,0.0429311093452583,-0.145278168664127,-0.453781754136991,27,"reactome","Lamtor4","liver","MHU-2","GLDS-617","Stat_(Space Flight & uG)v(Ground Control & 1G on Earth)",1,"flight_positive"
"REACTOME_EPHA_MEDIATED_GROWTH_CONE_COLLAPSE",0.318435754189944,0.627632559999135,0.100633389423036,-0.376522882724671,-1.12580704734001,23,"reactome","Myl6; Lyn; Myl12b; Epha3; Epha4; Src; Efna1; Efna2","liver","MHU-2","GLDS-617","Stat_(Space Flight & uG)v(Ground Control & 1G on Earth)",1,"flight_positive"
"REACTOME_EPHB_MEDIATED_FORWARD_SIGNALING",0.0982142857142857,0.32344430501218,0.213927855492356,0.372563486010904,1.33507102881221,40,"reactome","Efnb2; Actg1; Itsn1; Actb; Rasa1; Rock1; Fyn; Wasl; Rock2; Sdc2; Kalrn; Ephb3","liver","MHU-2","GLDS-617","Stat_(Space Flight & uG)v(Ground Control & 1G on Earth)",1,"flight_positive"
"REACTOME_EPHRIN_SIGNALING",0.711111111111111,0.908047897521582,0.0578529757032509,-0.288532219701316,-0.804922742483772,17,"reactome","Sdcbp; Nck2; Src; Git1; Myl12a","liver","MHU-2","GLDS-617","Stat_(Space Flight & uG)v(Ground Control & 1G on Earth)",1,"flight_positive"
"REACTOME_EPH_EPHRIN_MEDIATED_REPULSION_OF_CELLS",0.157657657657658,0.437747011316494,0.166933848713193,0.34645896294849,1.25285388506768,43,"reactome","Efnb2; Actg1; Actb; Cltb; Fyn; Ap2b1; Ap2a2; Ap2m1; Epha7; Cltc; Vav3; Psen1; Ephb3; Mmp9; Aph1c; Aph1a","liver","MHU-2","GLDS-617","Stat_(Space Flight & uG)v(Ground Control & 1G on Earth)",1,"flight_positive"
"REACTOME_EPH_EPHRIN_SIGNALING",0.324263038548753,0.629698291530353,0.111918316325105,0.258683563555388,1.0760539099976,82,"reactome","Efnb2; Actg1; Itsn1; Actb; Rasa1; Rock1; Cltb; Fyn; Ap2b1; Ap2a2; Wasl; Rock2; Sdc2; Arhgef7; Ap2m1; Epha7; Cltc; Vav3; Kalrn; Psen1; Ephb3; Mmp9","liver","MHU-2","GLDS-617","Stat_(Space Flight & uG)v(Ground Control & 1G on Earth)",1,"flight_positive"
"REACTOME_EPIGENETIC_REGULATION_BY_WDR5_CONTAINING_HISTONE_MODIFYING_COMPLEXES",0.138983050847458,0.40292850885731,0.153158808683073,-0.281551946044375,-1.1906741459153,130,"reactome","Scd1; Elovl5; Thrsp; Gpam; Pnpla2; Pparg; Med12; Dgat2; Ppargc1b; Lpl; Agpat2; H2bc21; Scd2; Lpin1; Psip1; H2az2; Pagr1a; Lipe; Gps2; H3f3a; Akap8l; Kansl3; Tbl1xr1; Fabp4; H2ac19; H3c4; Tada3; Pdk4; Wdr82; Ajuba; Phf20","liver","MHU-2","GLDS-617","Stat_(Space Flight & uG)v(Ground Control & 1G on Earth)",1,"flight_positive"
"REACTOME_EPIGENETIC_REGULATION_OF_GENE_EXPRESSION",0.653666146645866,0.890845510178594,0.05378728077603,-0.197946369884524,-0.916017326393341,254,"reactome","Scd1; Elovl5; Thrsp; Gpam; Pnpla2; Pparg; Med12; Tbp; Smarca2; Smarcd2; Ubtf; Dgat2; Polr2f; Sin3b; Ppargc1b; Lpl; Agpat2; H2bc21; Scd2; Dek; Atf7ip; Lpin1; Psip1; H2az2; Pagr1a; Polr2l; Sap18; Lipe; Dnmt1; Uhrf1; Gps2; H3f3a; Phf19; Akap8l; Kansl3; Tbl1xr1; Fabp4; H2ac19; H3c4; Ehmt2; Tada3; Pdk4; Smarcd3; Wdr82; Mbd3; Ajuba; Phf20","liver","MHU-2","GLDS-617","Stat_(Space Flight & uG)v(Ground Control & 1G on Earth)",1,"flight_positive"
"REACTOME_EPIGENETIC_REGULATION_OF_GENE_EXPRESSION_BY_MLL3_AND_MLL4_COMPLEXES",0.0262538001982153,0.122718451385236,0.352487857583619,-0.342449351634158,-1.38138868263433,99,"reactome","Scd1; Elovl5; Thrsp; Gpam; Pnpla2; Pparg; Med12; Dgat2; Ppargc1b; Lpl; Agpat2; H2bc21; Scd2; Lpin1; H2az2; Pagr1a; Lipe; Gps2; H3f3a; Tbl1xr1; Fabp4; H2ac19; H3c4; Pdk4","liver","MHU-2","GLDS-617","Stat_(Space Flight & uG)v(Ground Control & 1G on Earth)",1,"flight_positive"
"REACTOME_ERCC6_CSB_AND_EHMT2_G9A_POSITIVELY_REGULATE_RRNA_EXPRESSION",0.807142857142857,0.954151474975141,0.0502948063662358,-0.227686329125097,-0.792434566265115,42,"reactome","H2bc21; H2az2; H3f3a; H2ac19; H3c4; Ehmt2; Mbd3; H3f3b; Chd3; H3c15; H2bc6; Chd4; H2aj; H4c17; H2bc8; Cbx3","liver","MHU-2","GLDS-617","Stat_(Space Flight & uG)v(Ground Control & 1G on Earth)",1,"flight_positive"
"REACTOME_ERK_MAPK_TARGETS",0.184713375796178,0.464509610414023,0.148261500475107,0.414386894929244,1.27471023642812,22,"reactome","Ppp2r1b; Dusp4; Rps6ka2; Dusp3; Mef2c; Rps6ka3; Dusp6; Ppp2ca; Mapk1; Ppp2r1a; Vrk3","liver","MHU-2","GLDS-617","Stat_(Space Flight & uG)v(Ground Control & 1G on Earth)",1,"flight_positive"
"REACTOME_ER_QUALITY_CONTROL_COMPARTMENT_ERQC",0.020103568445454,0.0994443507083382,0.352487857583619,0.508261837126445,1.56493554980008,21,"reactome","Sel1l; Edem1; Syvn1; Ubb; Uggt1; Edem3","liver","MHU-2","GLDS-617","Stat_(Space Flight & uG)v(Ground Control & 1G on Earth)",1,"flight_positive"
"REACTOME_ER_TO_GOLGI_ANTEROGRADE_TRANSPORT",1.82542060612297e-05,0.00022144090448087,0.575610261071129,0.411765848897517,1.8509823442481,136,"reactome","Gosr2; Tmed7; Tubb4b; Mcfd2; Dync1h1; Tuba4a; Tuba1c; Ctsc; Sec16a; Sec24d; Mia3; Lman2; Cog3; Tmed3; Uso1; Stx5a; Sec24c; Arcn1; Scfd1; F5; Dync1li1; Trappc10; Tmed2; Tfg; Arfgap3; Preb; Tmem115; Arfgap2; Dctn5; Nsf; Capza1; Rab1a; Ankrd28; Tmed9; Ppp6c; Copg1; Dctn4; Ykt6; Sec31a; Tubb2a; Sec22c; Cog8; Lman1; Copa; Cog6; Cog4; Sec24b; Trappc2; Dynll1; Golga2; Gosr1; Sec23ip; Cd55; Tuba8; Cog1; Tgfa; Napg; Actr1a; Ank2; Dync1i2; Copb1; Sptb; Dync1li2","liver","MHU-2","GLDS-617","Stat_(Space Flight & uG)v(Ground Control & 1G on Earth)",1,"flight_positive"
"REACTOME_ESR_MEDIATED_SIGNALING",0.841930116472546,0.968314659915942,0.0451344222209097,-0.190401141656548,-0.840937439344641,172,"reactome","Tff3; Gpam; Mov10; Foxo3; Tbp; Egfr; Polr2f; Ago4; Hspb1; H2bc21; Cav1; Ccnd1; H2az2; Egf; Polr2l; Gng2; Ctsd; Src; Kctd6; Hbegf; H3f3a; Zfp217; Cxxc5; Gnai1; Gnb4; Gng10; Jund; Fosb; H2ac19; Gng11; H3c4; Hras; Tle3; Stag2; Xpo1; Polr2d; Tnrc6c","liver","MHU-2","GLDS-617","Stat_(Space Flight & uG)v(Ground Control & 1G on Earth)",1,"flight_positive"
"REACTOME_ESTROGEN_DEPENDENT_GENE_EXPRESSION",0.910034602076125,1,0.0433636987883266,-0.184252812119372,-0.755251079601087,111,"reactome","Tff3; Gpam; Mov10; Tbp; Polr2f; Ago4; H2bc21; Ccnd1; H2az2; Polr2l; Ctsd; Kctd6; H3f3a; Zfp217; Cxxc5; Jund; Fosb; H2ac19; H3c4; Tle3; Stag2; Polr2d; Tnrc6c","liver","MHU-2","GLDS-617","Stat_(Space Flight & uG)v(Ground Control & 1G on Earth)",1,"flight_positive"
"REACTOME_ESTROGEN_DEPENDENT_NUCLEAR_EVENTS_DOWNSTREAM_OF_ESR_MEMBRANE_SIGNALING",0.293785310734463,0.604768887026952,0.106323255932708,-0.382805722688365,-1.13344696807148,22,"reactome","Foxo3; Egfr; Ccnd1; Egf; Hbegf","liver","MHU-2","GLDS-617","Stat_(Space Flight & uG)v(Ground Control & 1G on Earth)",1,"flight_positive"
"REACTOME_EUKARYOTIC_TRANSLATION_ELONGATION",1.6619586486241e-13,5.64511954315986e-11,0.943632225232838,-0.669559680881702,-2.61798365797269,81,"reactome","Rpl36al; Rps24; Rpl36a; Rpl22l1; Rpl26; Rpl15; Rpl12; Rpl27; Rpsa; Rps17; Rps12; Rplp0; Rplp1; Rpl31; Rpl35a; Rpl13a; Rps20; Rps27l; Rpl39; Rpl17; Rps7; Rps14; Rpl23; Rpl3; Rps9; Rps21; Rpl19; Rps16; Rpl10a; Rps10; Rps15; Rps27a; Rpl38; Rpl29; Rps3a1; Eef1b2; Rpl18; Uba52; Rps6; Rpl13; Rpl35; Rpl30; Rps11; Rpl8; Rps29; Rpl32; Rpl21; Rpl7; Rps23; Rpl10; Rpl7a; Rpl6; Rps4x; Rpl27a; Rpl37a; Rps3; Rps15a; Rpl22; Rps26; Rpl4; Rps2; Rps18; Rps13; Rps28; Rps19; Rpl36; Rpl28; Rps25; Rplp2; Rpl24; Rpl18a","liver","MHU-2","GLDS-617","Stat_(Space Flight & uG)v(Ground Control & 1G on Earth)",1,"flight_positive"
"REACTOME_EUKARYOTIC_TRANSLATION_INITIATION",6.16727842576967e-07,1.49629921806174e-05,0.659444398037935,-0.504592281486855,-2.06453160710636,109,"reactome","Rpl36al; Rps24; Rpl36a; Eif4ebp1; Rpl22l1; Rpl26; Rpl15; Rpl12; Rpl27; Rpsa; Rps17; Rps12; Rplp0; Rplp1; Rpl31; Rpl35a; Rpl13a; Rps20; Rps27l; Rpl39; Rpl17; Rps7; Rps14; Rpl23; Rpl3; Rps9; Rps21; Rpl19; Eif3k; Rps16; Rpl10a; Rps10; Rps15; Rps27a; Rpl38; Rpl29; Rps3a1; Rpl18; Uba52; Rps6; Rpl13; Rpl35; Rpl30; Rps11; Rpl8; Rps29; Rpl32; Rpl21; Rpl7; Rps23; Rpl10; Rpl7a; Rpl6; Rps4x; Pabpc1; Rpl27a; Rpl37a; Rps3; Rps15a; Rpl22; Rps26; Rpl4; Rps2; Rps18; Rps13; Rps28; Rps19; Rpl36; Rpl28; Rps25; Rplp2; Rpl24; Rpl18a; Eif3h; Eif4e","liver","MHU-2","GLDS-617","Stat_(Space Flight & uG)v(Ground Control & 1G on Earth)",1,"flight_positive"
"REACTOME_EVASION_BY_RSV_OF_HOST_INTERFERON_RESPONSES",0.83125,0.964664884201361,0.0560595875032335,0.23940571407534,0.737128946961575,21,"reactome","Ubb; Eif2ak2; Ifnar1; Ep300; Cul5","liver","MHU-2","GLDS-617","Stat_(Space Flight & uG)v(Ground Control & 1G on Earth)",1,"flight_positive"
"REACTOME_EXPORT_OF_VIRAL_RIBONUCLEOPROTEINS_FROM_NUCLEUS",0.961038961038961,1,0.0511147954416412,0.187717033193123,0.620403106449604,30,"reactome","Ranbp2; Nup50; Seh1l; Ran; Rae1; Nup188; Nup62; Nup98; Nup93; Nup88; Nup205; Nup133; Nup43; Tpr","liver","MHU-2","GLDS-617","Stat_(Space Flight & uG)v(Ground Control & 1G on Earth)",1,"flight_positive"
"REACTOME_EXPRESSION_OF_BMAL_ARNTL_CLOCK_AND_NPAS2",0.00380198769216561,0.0260015131430655,0.431707695803346,0.506795049006469,1.73869643483423,34,"reactome","Nrip1; Npas2; Clock; Tbl1x; Tgs1; Ncoa6; Med1; Atf2; Nr1d1; Rxra; Mef2c; Ncor1; Ep300","liver","MHU-2","GLDS-617","Stat_(Space Flight & uG)v(Ground Control & 1G on Earth)",1,"flight_positive"
"REACTOME_EXTENSION_OF_TELOMERES",0.0516014234875445,0.207833401319399,0.266350657088526,-0.398475287978316,-1.4209356986236,48,"reactome","Rpa1; Cdk2; Stn1; Ten1; Nop10; Nhp2; Rpa3; Pold4; Chtf18; Rfc2; Pold2; Ccna2; Pold1; Pola2; Pold3; Pcna; Ruvbl2; Dna2","liver","MHU-2","GLDS-617","Stat_(Space Flight & uG)v(Ground Control & 1G on Earth)",1,"flight_positive"
"REACTOME_EXTRACELLULAR_MATRIX_ORGANIZATION",0.000413050632202736,0.00362843615702231,0.49849310876659,-0.341845325695341,-1.572618177259,241,"reactome","Cdh1; Casp3; Serpinh1; Dtnb; Col1a1; Efemp1; Pcolce; Lama3; Col27a1; Itgav; Col1a2; Col14a1; Klk1b4; Ltbp4; Cd151; Htra1; Nid2; Tnxb; Mmp15; Sgce; Bgn; Bmp7; Col9a3; Ddr2; Fbln1; Col5a2; Ltbp1; Spp1; Fbln5; Mfap4; Thbs1; Lrp4; Col5a3; Col3a1; Lama2; Lama1; Lamb1; Sparc; Fmod; Capn1; Adam15; Ctsl; F11r; Adam12; Pdgfa; Emilin1; Adamts5; Colgalt1; Hapln1; Col8a2; Serpine1; Ctsd","liver","MHU-2","GLDS-617","Stat_(Space Flight & uG)v(Ground Control & 1G on Earth)",1,"flight_positive"
"REACTOME_EXTRA_NUCLEAR_ESTROGEN_SIGNALING",0.758436944937833,0.937927121422267,0.0529129848430583,-0.220219254183596,-0.834601734209978,65,"reactome","Foxo3; Egfr; Hspb1; Cav1; Ccnd1; Egf; Gng2; Src; Hbegf; Gnai1; Gnb4; Gng10; Gng11; Hras","liver","MHU-2","GLDS-617","Stat_(Space Flight & uG)v(Ground Control & 1G on Earth)",1,"flight_positive"
"REACTOME_FACTORS_INVOLVED_IN_MEGAKARYOCYTE_DEVELOPMENT_AND_PLATELET_PRODUCTION",0.745762711864407,0.929536292204035,0.0684714904492087,0.19451136689726,0.872619623817323,126,"reactome","Tubb4b; Mafg; Tuba4a; Tuba1c; Kifap3; Actb; Dock4; Rbsn; Gata4; Carmil1; Kif21b; Kif5b; Kif5a; Maff; Kif1b; Capza1; Sin3a; Dock1; Kif16b; Tubb2a; Cables1; Akap10; Ehd3; Dock2; Rab5a; Kifc2; Tuba8; Mafk; Zfpm2","liver","MHU-2","GLDS-617","Stat_(Space Flight & uG)v(Ground Control & 1G on Earth)",1,"flight_positive"
"REACTOME_FANCONI_ANEMIA_PATHWAY",0.132969034608379,0.391605336028723,0.163180127180689,-0.384383574506875,-1.29302663119579,36,"reactome","Rpa1; Faap100; Rpa3; Faap20; Fanci; Fance; Fancg; Rps27a; Ubc; Mus81; Uba52","liver","MHU-2","GLDS-617","Stat_(Space Flight & uG)v(Ground Control & 1G on Earth)",1,"flight_positive"
"REACTOME_FATTY_ACID_METABOLISM",4.56240531524513e-08,2.58282834235266e-06,0.719512826338911,-0.482330965500528,-2.07700880287844,145,"reactome","Acacb; Elovl6; Fads2; Acly; Fasn; Fads1; Scd1; Cyp1a2; Elovl5; Thrsp; Acsl5; Dbi; Nudt7; Acaca; Elovl3; Elovl1; Tecr; Hsd17b12; Ptgr1; Elovl2; Hacd1; Hacd2; Ephx2; Mecr; Acsl4; Amacr; Cyp2u1; Cyp4b1; Mcee; Mid1ip1; Acbd6; Acot11","liver","MHU-2","GLDS-617","Stat_(Space Flight & uG)v(Ground Control & 1G on Earth)",1,"flight_positive"
"REACTOME_FATTY_ACYL_COA_BIOSYNTHESIS",1.58217175989896e-12,4.0305825583426e-10,0.910119734774459,-0.842123415093939,-2.65541719166475,28,"reactome","Elovl6; Acly; Fasn; Scd1; Elovl5; Acsl5; Acaca; Elovl3; Elovl1; Tecr; Hsd17b12; Elovl2; Hacd1; Hacd2; Acsl4","liver","MHU-2","GLDS-617","Stat_(Space Flight & uG)v(Ground Control & 1G on Earth)",1,"flight_positive"
"REACTOME_FBXL7_DOWN_REGULATES_AURKA_DURING_MITOTIC_ENTRY_AND_IN_EARLY_MITOSIS",5.90021823044473e-07,1.46642009190809e-05,0.659444398037935,0.653033533118971,2.35333016356651,42,"reactome","Psmd11; Psmd1; Psmd3; Psmd2; Psmc4; Ubb; Adrm1; Psmc1; Psmc2; Psmc5; Psmd7; Psmd14; Psmd12; Psma1; Psma7; Psmc6; Cul1; Psma5; Psmd6; Psmc3; Psmb4; Psmb2; Psmd13; Psma6","liver","MHU-2","GLDS-617","Stat_(Space Flight & uG)v(Ground Control & 1G on Earth)",1,"flight_positive"
"REACTOME_FCERI_MEDIATED_CA_2_MOBILIZATION",0.399150743099788,0.7081357457917,0.0949751525905595,0.315128659258142,1.03766104880276,29,"reactome","Ppp3r1; Itpr2; Itpr1; Nfatc3; Shc1; Lcp2; Vav3","liver","MHU-2","GLDS-617","Stat_(Space Flight & uG)v(Ground Control & 1G on Earth)",1,"flight_positive"
"REACTOME_FCERI_MEDIATED_MAPK_ACTIVATION",0.174097664543524,0.458412196821321,0.153158808683073,0.376673671736282,1.24031752043878,29,"reactome","Jun; Map2k7; Shc1; Mapk9; Kras; Map2k4; Lcp2; Vav3; Mapk1; Fos; Nras; Pak2; Rac1; Mapk8; Vav2; Map3k1","liver","MHU-2","GLDS-617","Stat_(Space Flight & uG)v(Ground Control & 1G on Earth)",1,"flight_positive"
"REACTOME_FCERI_MEDIATED_NF_KB_ACTIVATION",8.19951662556562e-07,1.85673498698919e-05,0.659444398037935,0.555957619869921,2.18724968819578,66,"reactome","Psmd11; Psmd1; Psmd3; Psmd2; Psmc4; Ubb; Adrm1; Psmc1; Psmc2; Traf6; Psmc5; Psmd7; Psmd14; Psmd12; Psma1; Psma7; Psmc6; Cul1; Pdpk1; Psma5; Psmd6; Map3k7; Psmc3; Tab3; Psmb4; Psmb2; Psmd13; Psma6; Ikbkg; Tab1; Tab2; Psma2; Ube2d2a","liver","MHU-2","GLDS-617","Stat_(Space Flight & uG)v(Ground Control & 1G on Earth)",1,"flight_positive"
"REACTOME_FCGAMMA_RECEPTOR_FCGR_DEPENDENT_PHAGOCYTOSIS",0.531034482758621,0.817739803625378,0.0833634065110386,0.23154278084523,0.967703338366186,84,"reactome","Plpp5; Pik3r2; Pld1; Nckap1; Actg1; Actb; Fyn; Itpr2; Itpr1; Wasl; Dock1; Pik3r1; Myo5a; Vav3; Crk; Nf2; Mapk1; Pik3ca; Wasf2; Fcgr2b; Fcgr4","liver","MHU-2","GLDS-617","Stat_(Space Flight & uG)v(Ground Control & 1G on Earth)",1,"flight_positive"
"REACTOME_FCGR3A_MEDIATED_IL10_SYNTHESIS",0.8816029143898,0.987291099516031,0.0471642455670861,-0.212887337196843,-0.71613100740066,36,"reactome","Adcy1; Lyn; Prkx; Src; Adcy6; Fcgr1; Adcy7; Prkaca; Adcy2; Prkacb; Calm1; Ighg2b","liver","MHU-2","GLDS-617","Stat_(Space Flight & uG)v(Ground Control & 1G on Earth)",1,"flight_positive"
"REACTOME_FC_EPSILON_RECEPTOR_FCERI_SIGNALING",7.13334361656087e-09,6.05739762106294e-07,0.761460801445585,0.511537040028951,2.26864176275771,115,"reactome","Psmd11; Psmd1; Psmd3; Psmd2; Psmc4; Pik3r2; Ubb; Adrm1; Jun; Psmc1; Psmc2; Traf6; Psmc5; Psmd7; Psmd14; Psmd12; Psma1; Ppp3r1; Psma7; Psmc6; Cul1; Map2k7; Fyn; Pdpk1; Psma5; Psmd6; Itpr2; Itpr1; Nfatc3; Map3k7; Psmc3; Tab3; Psmb4; Shc1; Psmb2; Mapk9; Kras; Map2k4; Psmd13; Pik3r1; Lcp2; Psma6; Vav3","liver","MHU-2","GLDS-617","Stat_(Space Flight & uG)v(Ground Control & 1G on Earth)",1,"flight_positive"
"REACTOME_FGFR1_MUTANT_RECEPTOR_ACTIVATION",0.332618025751073,0.638471177944862,0.106729884364606,0.354818580718488,1.11065948030407,24,"reactome","Fgf1; Trim24; Myo18a; Pik3r1; Cpsf6; Stat3; Stat1; Pik3ca; Fgf9; Erlin2; Cep43; Bag4","liver","MHU-2","GLDS-617","Stat_(Space Flight & uG)v(Ground Control & 1G on Earth)",1,"flight_positive"
"REACTOME_FGFR2_ALTERNATIVE_SPLICING",0.153518123667377,0.430950325115861,0.16440575583821,0.398148745928735,1.28387226080413,27,"reactome","Rbfox2; Hnrnpf; Ncbp1; Fgfr2; Polr2i; Esrp2; Tial1","liver","MHU-2","GLDS-617","Stat_(Space Flight & uG)v(Ground Control & 1G on Earth)",1,"flight_positive"
"REACTOME_FGFR2_MUTANT_RECEPTOR_ACTIVATION",0.36344537815126,0.674946183142904,0.0999276973731092,0.354350687263984,1.0694363115871,20,"reactome","Fgf1; Ncbp1; Fgfr2; Polr2i","liver","MHU-2","GLDS-617","Stat_(Space Flight & uG)v(Ground Control & 1G on Earth)",1,"flight_positive"
"REACTOME_FLT3_SIGNALING",0.669584245076586,0.891698542147806,0.0687943095604775,0.242954555864957,0.86514372887314,38,"reactome","Abl2; Ubb; Fyn; Socs2; Ptpn11; Kras; Pik3r1; Sla; Pik3ca; Flt3; Nras; Akt3; Lck; Hck; Akt1; Socs6; Stat5b; Sla2; Cbl","liver","MHU-2","GLDS-617","Stat_(Space Flight & uG)v(Ground Control & 1G on Earth)",1,"flight_positive"
"REACTOME_FLT3_SIGNALING_IN_DISEASE",0.756465517241379,0.937759564560785,0.0621124188949471,0.248649855901494,0.808438976506038,28,"reactome","Ubb; Myo18a; Trip11; Ptpn11; Kras; Pik3r1; Pik3ca; Flt3","liver","MHU-2","GLDS-617","Stat_(Space Flight & uG)v(Ground Control & 1G on Earth)",1,"flight_positive"
"REACTOME_FORMATION_OF_FIBRIN_CLOT_CLOTTING_CASCADE",0.269230769230769,0.574796931407942,0.11331290842208,-0.354230090392207,-1.14401740847661,32,"reactome","Serpine2; F2r; Serpinc1; Pros1; F11; Serpina5; Prtn3; Proc; Serping1; F3; F12; C1qbp; Prcp; F10; F7; F2; Klkb1","liver","MHU-2","GLDS-617","Stat_(Space Flight & uG)v(Ground Control & 1G on Earth)",1,"flight_positive"
"REACTOME_FORMATION_OF_INCISION_COMPLEX_IN_GG_NER",0.593189964157706,0.851480173891549,0.0649407684612899,-0.257424737169103,-0.899022478624864,43,"reactome","Rpa1; Chd1l; Rpa3; Rad23a; Ube2n; Sumo1; Rbx1; Rps27a; Ubc; Cetn2; Uba52","liver","MHU-2","GLDS-617","Stat_(Space Flight & uG)v(Ground Control & 1G on Earth)",1,"flight_positive"
"REACTOME_FORMATION_OF_NEURONAL_PROGENITOR_AND_NEURONAL_BAF_NPBAF_AND_NBAF",0.583690987124464,0.846061331265759,0.0747385227439092,0.286537839729975,0.896925881157392,24,"reactome","Actb; Smarcc2; Arid1b; Smarca4; Bcl7b; Dpf3; Bcl11b","liver","MHU-2","GLDS-617","Stat_(Space Flight & uG)v(Ground Control & 1G on Earth)",1,"flight_positive"
"REACTOME_FORMATION_OF_PARAXIAL_MESODERM",1.34549706528199e-07,4.61758682643284e-06,0.690132458796796,0.62635438564287,2.32530727069163,50,"reactome","Psmd11; Psmd1; Psmd3; Psmd2; Psmc4; Adrm1; Psmc1; Psmc2; Psmc5; Psmd7; Psmd14; Psmd12; Psma1; Psma7; Psmc6; Rbpj; Psma5; Psmd6; Psmc3; Psmb4; Psmb2; Ep300; Psmd13; Psma6","liver","MHU-2","GLDS-617","Stat_(Space Flight & uG)v(Ground Control & 1G on Earth)",1,"flight_positive"
"REACTOME_FORMATION_OF_RNA_POL_II_ELONGATION_COMPLEX",0.997742663656885,1,0.0513223330421143,0.152811783061174,0.583821342721841,56,"reactome","Cdc73; Ncbp1; Rtf1; Eaf1; Polr2i; Eloa; Tcea1; Cdk7; Gtf2h3; Supt6; Polr2c; Nelfa; Gtf2h1; Ccnk; Polr2h; Supt5","liver","MHU-2","GLDS-617","Stat_(Space Flight & uG)v(Ground Control & 1G on Earth)",1,"flight_positive"
"REACTOME_FORMATION_OF_TC_NER_PRE_INCISION_COMPLEX",0.314087759815243,0.623785365990951,0.115240003147781,0.297476309179639,1.10906124918505,51,"reactome","Ubb; Usp7; Cops4; Xab2; Polr2i; Xpa; Uvssa; Cops8; Aqr; Tcea1; Cdk7; Prpf19; Isy1; Ercc6; Cops7b; Gtf2h3","liver","MHU-2","GLDS-617","Stat_(Space Flight & uG)v(Ground Control & 1G on Earth)",1,"flight_positive"
"REACTOME_FORMATION_OF_THE_BETA_CATENIN_TCF_TRANSACTIVATING_COMPLEX",0.991055456171735,1,0.0409883873374721,-0.166443804157643,-0.616343400912301,56,"reactome","Axin2; H2bc21; H2az2; H3f3a; H2ac19; H3c4; Tcf7l1; Tle3; H3f3b; Pygo1; H3c15; H2bc6; H2aj; H4c17; Men1; H2bc8","liver","MHU-2","GLDS-617","Stat_(Space Flight & uG)v(Ground Control & 1G on Earth)",1,"flight_positive"
"REACTOME_FORMATION_OF_THE_CANONICAL_BAF_CBAF_COMPLEX",0.448051948051948,0.746930547920103,0.0894366833718621,0.336834981711439,0.989994813165397,18,"reactome","Actb; Arid1b; Smarca4; Bcl7b; Dpf3","liver","MHU-2","GLDS-617","Stat_(Space Flight & uG)v(Ground Control & 1G on Earth)",1,"flight_positive"
"REACTOME_FORMATION_OF_THE_CORNIFIED_ENVELOPE",0.159259259259259,0.438608608608609,0.149207542435322,-0.393557166977432,-1.26872729728237,30,"reactome","Prss8; Krt8; Krt7; Capn1; Krt19; Klk8; Pkp1; Pkp2","liver","MHU-2","GLDS-617","Stat_(Space Flight & uG)v(Ground Control & 1G on Earth)",1,"flight_positive"
"REACTOME_FORMATION_OF_THE_DYSTROPHIN_GLYCOPROTEIN_COMPLEX_DGC",0.368029739776952,0.676487180016373,0.0919686140000427,-0.336950261635018,-1.0624850246941,28,"reactome","Dtnb; Lama3; Sgce; Lama2; Lama1; Lamb1","liver","MHU-2","GLDS-617","Stat_(Space Flight & uG)v(Ground Control & 1G on Earth)",1,"flight_positive"
"REACTOME_FORMATION_OF_THE_EARLY_ELONGATION_COMPLEX",0.992523364485981,1,0.0429311093452583,-0.147373811815892,-0.483318374371401,33,"reactome","Polr2f; Polr2l; Polr2d; Gtf2h2; Mnat1; Nelfe; Polr2k; Polr2g; Ercc3; Gtf2h5; Nelfcd; Gtf2h4","liver","MHU-2","GLDS-617","Stat_(Space Flight & uG)v(Ground Control & 1G on Earth)",1,"flight_positive"
"REACTOME_FORMATION_OF_THE_EMBRYONIC_STEM_CELL_BAF_ESBAF_COMPLEX",0.52510460251046,0.812159459957738,0.0789209638180035,0.311775628258665,0.938072128911349,19,"reactome","Actb; Smarcc2; Smarca4; Bcl7b; Bcl11b","liver","MHU-2","GLDS-617","Stat_(Space Flight & uG)v(Ground Control & 1G on Earth)",1,"flight_positive"
"REACTOME_FORMATION_OF_THE_NON_CANONICAL_BAF_NCBAF_COMPLEX",0.783549783549784,0.941553336600506,0.060640400949416,0.266990515781553,0.768534234355054,17,"reactome","Actb; Smarcc2; Smarca4; Bcl7b","liver","MHU-2","GLDS-617","Stat_(Space Flight & uG)v(Ground Control & 1G on Earth)",1,"flight_positive"
"REACTOME_FORMATION_OF_THE_POLYBROMO_BAF_PBAF_COMPLEX",0.681818181818182,0.898083922480325,0.0673623868166279,0.286927840198954,0.843312271505878,18,"reactome","Actb; Smarcc2; Smarca4; Bcl7b; Pbrm1","liver","MHU-2","GLDS-617","Stat_(Space Flight & uG)v(Ground Control & 1G on Earth)",1,"flight_positive"
"REACTOME_FORMATION_OF_TUBULIN_FOLDING_INTERMEDIATES_BY_CCT_TRIC",0.188284518828452,0.46536496256021,0.14551614609036,0.421516353244389,1.26826059197564,19,"reactome","Tubb4b; Tuba4a; Tuba1c; Tubb2a; Cct6a; Tuba8","liver","MHU-2","GLDS-617","Stat_(Space Flight & uG)v(Ground Control & 1G on Earth)",1,"flight_positive"
"REACTOME_FORMATION_OF_WDR5_CONTAINING_HISTONE_MODIFYING_COMPLEXES",0.181818181818182,0.464509610414023,0.155241966228839,0.342432733822548,1.22590302790074,41,"reactome","Dr1; Ncoa6; Ogt; Kansl2; Zzz3; Paxip1; Sgf29; Hcfc1; Kmt2a; Phf20l1; Mcrs1; Setd1a; Kmt2b; Kdm6a; Kat2a; Bod1l","liver","MHU-2","GLDS-617","Stat_(Space Flight & uG)v(Ground Control & 1G on Earth)",1,"flight_positive"
"REACTOME_FOXO_MEDIATED_TRANSCRIPTION",0.811529933481153,0.957116900714462,0.0601186142531851,0.210688889849641,0.804562486856618,55,"reactome","Igfbp1; Abca6; Txnip; Ddit3; Btg1; Smad4; Sin3a; Plxna4; Ep300; Nfyb","liver","MHU-2","GLDS-617","Stat_(Space Flight & uG)v(Ground Control & 1G on Earth)",1,"flight_positive"
"REACTOME_FOXO_MEDIATED_TRANSCRIPTION_OF_CELL_CYCLE_GENES",0.710982658959538,0.908047897521582,0.0597317976364411,-0.303612595339567,-0.813361755663779,15,"reactome","Foxo3; Cav1; Smad3","liver","MHU-2","GLDS-617","Stat_(Space Flight & uG)v(Ground Control & 1G on Earth)",1,"flight_positive"
"REACTOME_FOXO_MEDIATED_TRANSCRIPTION_OF_CELL_DEATH_GENES",0.350674373795761,0.659893453239168,0.096887770327544,-0.418321641602853,-1.12066109927262,15,"reactome","Foxo3; Cited2; Bbc3; Bcl6","liver","MHU-2","GLDS-617","Stat_(Space Flight & uG)v(Ground Control & 1G on Earth)",1,"flight_positive"
"REACTOME_FOXO_MEDIATED_TRANSCRIPTION_OF_OXIDATIVE_STRESS_METABOLIC_AND_NEURONAL_GENES",0.653927813163482,0.890845510178594,0.0684714904492087,0.273743088588012,0.842070831497143,22,"reactome","Igfbp1; Abca6; Smad4; Sin3a; Plxna4","liver","MHU-2","GLDS-617","Stat_(Space Flight & uG)v(Ground Control & 1G on Earth)",1,"flight_positive"
"REACTOME_G0_AND_EARLY_G1",0.0188039138028033,0.0934692105612517,0.352487857583619,-0.519015736450502,-1.6161488824129,26,"reactome","Cdk2; Cdk1; Cdc6; Top2a; Lin9; Tfdp2; Ccne1; Lin37; E2f5; Ccna2; Pcna","liver","MHU-2","GLDS-617","Stat_(Space Flight & uG)v(Ground Control & 1G on Earth)",1,"flight_positive"
"REACTOME_G1_S_DNA_DAMAGE_CHECKPOINTS",6.73605421563386e-06,0.000107250613214545,0.610526878385931,0.571000875438712,2.14495262373461,53,"reactome","Psmd11; Psmd1; Psmd3; Psmd2; Psmc4; Ubb; Adrm1; Psmc1; Psmc2; Psmc5; Psmd7; Psmd14; Psmd12; Psma1; Psma7; Psmc6; Psma5; Psmd6; Psmc3; Psmb4; Mdm2; Psmb2; Psmd13; Psma6","liver","MHU-2","GLDS-617","Stat_(Space Flight & uG)v(Ground Control & 1G on Earth)",1,"flight_positive"
"REACTOME_G1_S_SPECIFIC_TRANSCRIPTION",0.0105439640800415,0.0606234521427568,0.380730400722792,-0.530390311075359,-1.65669383053333,27,"reactome","Rrm2; Tk1; Cdk1; Cdc6; Lin9; Tfdp2; Ccne1; Lin37","liver","MHU-2","GLDS-617","Stat_(Space Flight & uG)v(Ground Control & 1G on Earth)",1,"flight_positive"
"REACTOME_G2_M_CHECKPOINTS",0.0495043701328871,0.204230579617052,0.321775918075361,0.285649321828625,1.28453971849444,131,"reactome","Psmd11; Psmd1; Psmd3; Mdc1; Psmd2; Psmc4; Ubb; Adrm1; Psmc1; Psmc2; Psmc5; Psmd7; Psmd14; Psmd12; Psma1; Psma7; Psmc6; Orc2; Brip1; Trp53bp1; Psma5; Psmd6; Psmc3; Psmb4; Brcc3; Wrn; Psmb2; Psmd13; Nbn; Psma6","liver","MHU-2","GLDS-617","Stat_(Space Flight & uG)v(Ground Control & 1G on Earth)",1,"flight_positive"
"REACTOME_G2_M_DNA_DAMAGE_CHECKPOINT",0.774021352313167,0.941553336600506,0.0520570030732099,-0.214845706460302,-0.829494176591998,72,"reactome","Rpa1; Cdk1; Wee1; Abraxas1; Rpa3; H2bc21; Ube2n; Rfc2; Uimc1; Ccna2; Chek2; Ywhah; Rad9b; Dna2; Top3a; Ccnb1; Topbp1; Rbbp8; H2bc6; Ywhaz; Rhno1; H4c17; Pias4; Nsd2; H2bc8","liver","MHU-2","GLDS-617","Stat_(Space Flight & uG)v(Ground Control & 1G on Earth)",1,"flight_positive"
"REACTOME_GAB1_SIGNALOSOME",0.238921001926782,0.53273632595928,0.121543282035469,-0.449431530111454,-1.2040028114554,15,"reactome","Egfr; Csk; Egf; Src; Hbegf; Gab1","liver","MHU-2","GLDS-617","Stat_(Space Flight & uG)v(Ground Control & 1G on Earth)",1,"flight_positive"
"REACTOME_GABA_B_RECEPTOR_ACTIVATION",0.172022684310019,0.456487279458097,0.144630528034484,-0.386871900241883,-1.24636390964361,31,"reactome","Adcy1; Gabbr2; Gng2; Gnai1; Adcy6; Gnb4; Gng10; Gng11; Gabbr1; Adcy7; Gng5; Kcnj16; Gngt2; Adcy2","liver","MHU-2","GLDS-617","Stat_(Space Flight & uG)v(Ground Control & 1G on Earth)",1,"flight_positive"
"REACTOME_GABA_RECEPTOR_ACTIVATION",0.0994575045207957,0.325875231854311,0.190023305279108,-0.410216644086969,-1.37512936838604,35,"reactome","Adcy1; Gabbr2; Gng2; Gnai1; Gabra3; Adcy6; Gnb4; Gng10; Gng11; Arhgef9; Gabbr1; Adcy7; Gng5; Kcnj16; Gngt2; Adcy2","liver","MHU-2","GLDS-617","Stat_(Space Flight & uG)v(Ground Control & 1G on Earth)",1,"flight_positive"
"REACTOME_GAMMA_CARBOXYLATION_HYPUSINYLATION_HYDROXYLATION_AND_ARYLSULFATASE_ACTIVATION",0.982174688057041,1,0.0412376090540065,-0.174283663253274,-0.639060198634323,54,"reactome","Eif5a; Pros1; Arsb; Tpst2; Arsg; Dph2; Proc; Rps6; Rpl8; Dohh; Rps23; Arsa; Dph3; F10; Rpl27a; F7; F2; Fn3k","liver","MHU-2","GLDS-617","Stat_(Space Flight & uG)v(Ground Control & 1G on Earth)",1,"flight_positive"
"REACTOME_GAP_FILLING_DNA_REPAIR_SYNTHESIS_AND_LIGATION_IN_GG_NER",0.0291801993662914,0.132743853367192,0.352487857583619,-0.488010583355662,-1.50190785126398,25,"reactome","Rpa1; Pole2; Rpa3; Pold4; Rps27a; Ubc; Uba52; Rfc2; Pold2; Pold1; Pold3; Pcna; Polk; Pole","liver","MHU-2","GLDS-617","Stat_(Space Flight & uG)v(Ground Control & 1G on Earth)",1,"flight_positive"
"REACTOME_GAP_JUNCTION_ASSEMBLY",0.006533261366403,0.0405938617827113,0.407017918923954,0.601970296974168,1.73277608732756,17,"reactome","Tubb4b; Tuba4a; Tuba1c; Gjb2; Gjc1; Gja4; Tubb2a","liver","MHU-2","GLDS-617","Stat_(Space Flight & uG)v(Ground Control & 1G on Earth)",1,"flight_positive"
"REACTOME_GAP_JUNCTION_TRAFFICKING_AND_REGULATION",0.00200550081373396,0.015250786038768,0.431707695803346,0.564202461158007,1.83439985753085,28,"reactome","Tubb4b; Tuba4a; Tuba1c; Actg1; Actb; Gjb2; Cltb; Gjc1; Ap2m1; Gja4; Tubb2a; Cltc","liver","MHU-2","GLDS-617","Stat_(Space Flight & uG)v(Ground Control & 1G on Earth)",1,"flight_positive"
"REACTOME_GASTRIN_CREB_SIGNALLING_PATHWAY_VIA_PKC_AND_MAPK",0.77639751552795,0.941553336600506,0.0589694466690997,0.276180465063897,0.773580597615101,15,"reactome","Rps6ka2; Prkca; Rps6ka3; Kras; Mapk1; Creb1; Nras","liver","MHU-2","GLDS-617","Stat_(Space Flight & uG)v(Ground Control & 1G on Earth)",1,"flight_positive"
"REACTOME_GASTRULATION",6.92749223240315e-05,0.000713041877254425,0.538434096309916,0.463655344160546,1.9136701761343,79,"reactome","Zeb2; Psmd11; Psmd1; Psmd3; Psmd2; Psmc4; Adrm1; Psmc1; Psmc2; Psmc5; Psmd7; Psmd14; Psmd12; Psma1; Gata4; Psma7; Psmc6; Rbpj; Psma5; Psmd6; Foxa2; Smad4; Psmc3; Psmb4; Psmb2; Ep300; Psmd13; Psma6","liver","MHU-2","GLDS-617","Stat_(Space Flight & uG)v(Ground Control & 1G on Earth)",1,"flight_positive"
"REACTOME_GENERATION_OF_SECOND_MESSENGER_MOLECULES",0.361266294227188,0.674946183142904,0.0931454575337804,-0.362369070773057,-1.08348701322536,23,"reactome","Cd4; Was; Vasp; Lat; Enah; Zap70; Nck1","liver","MHU-2","GLDS-617","Stat_(Space Flight & uG)v(Ground Control & 1G on Earth)",1,"flight_positive"
"REACTOME_GENE_AND_PROTEIN_EXPRESSION_BY_JAK_STAT_SIGNALING_AFTER_INTERLEUKIN_12_STIMULATION",0.448598130841121,0.746930547920103,0.0813027345384498,-0.306171132615639,-1.00410060832317,33,"reactome","Taldo1; Ppia; Mif; Rplp0; Pdcd4; Psme2; Snrpa1; Hnrnpdl","liver","MHU-2","GLDS-617","Stat_(Space Flight & uG)v(Ground Control & 1G on Earth)",1,"flight_positive"
"REACTOME_GENE_SILENCING_BY_RNA",0.859402460456942,0.97737846786342,0.0466948041282054,-0.198912540115987,-0.789463753807862,89,"reactome","Nup210; Polr2f; Ago4; H2bc21; H2az2; Polr2l; Prkra; Ndc1; H3f3a; Nup107; Tdrkh; Nup85; H2ac19; H3c4; Bcdin3d; Tarbp2; Nup160; Polr2d; Tnrc6c; Mybl1; Drosha; H3f3b; Tsn; Polr2k; Nup54; H3c15; H2bc6; Nup37; Polr2g","liver","MHU-2","GLDS-617","Stat_(Space Flight & uG)v(Ground Control & 1G on Earth)",1,"flight_positive"
"REACTOME_GLOBAL_GENOME_NUCLEOTIDE_EXCISION_REPAIR_GG_NER",0.639080459770115,0.881221905961769,0.0736212741014394,0.220629591420138,0.922093063667346,84,"reactome","Rad23b; Ubb; Ino80; Actb; Yy1; Parp2; Actr8; Pias1; Cops4; Xpa; Actr5; Cops8; Rfc1; Ino80e; Ino80c; Cdk7; Sumo3; Ino80d; Cops7b; Mcrs1; Gtf2h3; Pole3; Nfrkb; Ruvbl1; Ercc1; Lig3; Gtf2h1; Ercc5","liver","MHU-2","GLDS-617","Stat_(Space Flight & uG)v(Ground Control & 1G on Earth)",1,"flight_positive"
"REACTOME_GLUCAGON_LIKE_PEPTIDE_1_GLP1_REGULATES_INSULIN_SECRETION",0.643153526970954,0.884444593769774,0.0681513438679483,0.256226050644314,0.875295902728966,32,"reactome","Kcnb1; Rapgef4; Rapgef3; Itpr2; Itpr1; Kcns3; Akap5; Gng12","liver","MHU-2","GLDS-617","Stat_(Space Flight & uG)v(Ground Control & 1G on Earth)",1,"flight_positive"
"REACTOME_GLUCAGON_SIGNALING_IN_METABOLIC_REGULATION",0.186691312384473,0.464509610414023,0.136490437780413,-0.404118466624913,-1.24372035887258,25,"reactome","Adcy1; Gng2; Adcy6; Gnb4; Gng10; Gng11; Adcy7; Gng5; Prkaca; Adcy2; Prkacb; Gcgr; Prkar2b; Gnas; Prkar1b; Gng7","liver","MHU-2","GLDS-617","Stat_(Space Flight & uG)v(Ground Control & 1G on Earth)",1,"flight_positive"
"REACTOME_GLUCAGON_TYPE_LIGAND_RECEPTORS",0.394444444444444,0.702690365190365,0.0878312634480124,-0.376203931227819,-1.0495018558778,17,"reactome","Gng2; Adcyap1r1; Gnb4; Gng10; Gng11; Gng5; Gngt2; Gcgr; Gngt1; Gnas; Gng7; Gnb5","liver","MHU-2","GLDS-617","Stat_(Space Flight & uG)v(Ground Control & 1G on Earth)",1,"flight_positive"
"REACTOME_GLUCONEOGENESIS",1.97027950171883e-05,0.000233455210726918,0.575610261071129,-0.755648854028712,-2.14980815055024,18,"reactome","Eno1; Gpi1; Gapdh; Aldob; Fbp1; Tpi1; Slc37a2; Pgk1; Pgam1; Aldoc","liver","MHU-2","GLDS-617","Stat_(Space Flight & uG)v(Ground Control & 1G on Earth)",1,"flight_positive"
"REACTOME_GLUCOSE_METABOLISM",0.00695361359025484,0.0425561870517295,0.407017918923954,-0.403963733521808,-1.5596567882664,72,"reactome","Pklr; Eno1; Pfkfb1; Gpi1; Gapdh; Aldob; Fbp1; Nup210; Tpi1","liver","MHU-2","GLDS-617","Stat_(Space Flight & uG)v(Ground Control & 1G on Earth)",1,"flight_positive"
"REACTOME_GLUCURONIDATION",0.0117643274676027,0.0651814506573488,0.380730400722792,-0.557489606388522,-1.63073376663144,21,"reactome","Ugt2b38; Ugt2b1; Ugt1a5; Ugt2b37","liver","MHU-2","GLDS-617","Stat_(Space Flight & uG)v(Ground Control & 1G on Earth)",1,"flight_positive"
"REACTOME_GLUTAMATE_NEUROTRANSMITTER_RELEASE_CYCLE",0.944337811900192,1,0.0464154956843849,-0.225068158259505,-0.613357563604451,16,"reactome","Gls2; Tspoap1; Ppfia2","liver","MHU-2","GLDS-617","Stat_(Space Flight & uG)v(Ground Control & 1G on Earth)",1,"flight_positive"
"REACTOME_GLUTATHIONE_CONJUGATION",0.420382165605096,0.728519433251007,0.0919686140000427,0.307933955749048,1.01397020580978,29,"reactome","Gclm; Chac1; Mgst3; Gss; Hpgds; Gclc; Gsta3","liver","MHU-2","GLDS-617","Stat_(Space Flight & uG)v(Ground Control & 1G on Earth)",1,"flight_positive"
"REACTOME_GLYCEROPHOSPHOLIPID_BIOSYNTHESIS",0.150442477876106,0.425835791543756,0.150169802128406,-0.294609401144247,-1.1892596019338,103,"reactome","Pnpla3; Lpcat3; Pcyt2; Gpam; Pnpla2; Ptpmt1; Etnk2; Gpcpd1; Pgp; Slc44a1; Dgat2; Agpat2; Gpd1; Miga2; Plaat3; Lpin1; Agpat4; Gpat2; Pla2g15; Pemt; Gpd2; Lpin2; Mboat1; Osbpl10; Ddhd2; Dgat1; Slc44a2","liver","MHU-2","GLDS-617","Stat_(Space Flight & uG)v(Ground Control & 1G on Earth)",1,"flight_positive"
"REACTOME_GLYCOGEN_METABOLISM",0.132216014897579,0.390516287480096,0.165656695205483,-0.438612124724945,-1.31145447918287,23,"reactome","Pygl; Gys2; Phkb; Gbe1; Pygb; Rps27a; Ubc; Uba52","liver","MHU-2","GLDS-617","Stat_(Space Flight & uG)v(Ground Control & 1G on Earth)",1,"flight_positive"
"REACTOME_GLYCOSAMINOGLYCAN_METABOLISM",0.672055427251732,0.891698542147806,0.0713052987340038,0.212931321127986,0.909539372042412,98,"reactome","St3gal1; Chpf2; Chsy3; Slc26a2; B4galt1; St3gal4; Ids; Chp1; Gpc1; Sdc2; Hyal3; Chst11; Xylt1; Gns; Gpc4; St3gal6; Sdc4; Ext2; Chst12; Csgalnact2; Sdc1; Prelp; Dsel; Lyve1","liver","MHU-2","GLDS-617","Stat_(Space Flight & uG)v(Ground Control & 1G on Earth)",1,"flight_positive"
"REACTOME_GLYCOSPHINGOLIPID_CATABOLISM",0.0807339449541284,0.285652395514781,0.213927855492356,-0.451963942938462,-1.40735813959388,26,"reactome","Gm2a; Galc; Smpd3; Arsb; Gba2; Ctsa; Arsg; Glb1","liver","MHU-2","GLDS-617","Stat_(Space Flight & uG)v(Ground Control & 1G on Earth)",1,"flight_positive"
"REACTOME_GLYCOSPHINGOLIPID_METABOLISM",0.243682310469314,0.537472455342491,0.115734447701689,-0.337817750951702,-1.16453893782091,40,"reactome","Gm2a; Galc; Smpd3; Arsb; Gba2; Ctsa; Arsg; Glb1; Gal3st1; Smpd2; Arsa; St3gal3","liver","MHU-2","GLDS-617","Stat_(Space Flight & uG)v(Ground Control & 1G on Earth)",1,"flight_positive"
"REACTOME_GLYOXYLATE_METABOLISM_AND_GLYCINE_DEGRADATION",0.822222222222222,0.958610106051154,0.0511147954416412,-0.25520280617743,-0.726047647446954,18,"reactome","Hao1; Ogdh; Dlst; Ddo","liver","MHU-2","GLDS-617","Stat_(Space Flight & uG)v(Ground Control & 1G on Earth)",1,"flight_positive"
"REACTOME_GOLGI_ASSOCIATED_VESICLE_BIOGENESIS",0.389016018306636,0.700366294442513,0.100990587455923,0.278293529492678,1.04540371465289,53,"reactome","Txndc5; Ap1g1; Gak; Sh3d19; Picalm; Fth1; Tfrc; Tgoln1; Arrb1; Yipf6; Pum1; Cltc; Snx5; Acbd3; Igf2r; Dtnbp1; Ap1m2; Tbc1d8b","liver","MHU-2","GLDS-617","Stat_(Space Flight & uG)v(Ground Control & 1G on Earth)",1,"flight_positive"
"REACTOME_GOLGI_TO_ER_RETROGRADE_TRANSPORT",0.00014248176793609,0.00136970680685732,0.518848077743792,0.389238491295395,1.73085585394415,117,"reactome","Rab18; Tmed7; Tubb4b; Pafah1b1; Agpat3; Dync1h1; Tuba4a; Tuba1c; Kifap3; Tmed3; Surf4; Kif21b; Arcn1; Dync1li1; Galnt2; Kif5b; Tmed2; Arfgap3; Kif5a; Arfgap2; Dctn5; Nsf; Kif1b; Zw10; Capza1; Rab1a; Tmed9; Copg1; Rint1; Dctn4; Kif16b; Tubb2a; Nbas; Copa; Dynll1; Stx18; Kifc2; Tuba8; Pafah1b2; Rab6a; Napg; Actr1a; Dync1i2; Copb1; Kif13b; Dync1li2; Use1","liver","MHU-2","GLDS-617","Stat_(Space Flight & uG)v(Ground Control & 1G on Earth)",1,"flight_positive"
"REACTOME_GPCR_LIGAND_BINDING",0.33442088091354,0.639352490902246,0.0899860794997137,-0.237011257933432,-1.05139425968789,181,"reactome","Ihh; Fzd7; Gabbr2; Sucnr1; Nln; F2r; S1pr2; Sstr2; Ackr2; Shh; Lpar2; Wnt4; Hcrtr2; Lpar6; Adra1b; S1pr5; Saa2; Tas1r3; Ramp2; Ptch2; Saa1; Gng2; Fzd2; Cxcl2; Adcyap1r1; Smo; Gnb4; Gng10; Mtnr1a; Xcr1; Gng11; Plppr3; Fzd6; Ccl9; Fzd5; Adrb1; Ffar4; Adgre4; Fzd4; Hc; Gabbr1; Cxcl13; P2ry12; Gng5; Ackr3; Hcar2; Ccl2; Grm8; Cxcr4; P2ry2; Galr2; P2ry6; Gngt2; Ackr1; Lpar5; Plppr2; F2; Gpr35; Lpar4; Cysltr1; Ackr4; P2ry4; Wnt9b; Anxa1; Hebp1; Cxcl10","liver","MHU-2","GLDS-617","Stat_(Space Flight & uG)v(Ground Control & 1G on Earth)",1,"flight_positive"
"REACTOME_GPER1_SIGNALING",0.256830601092896,0.559458095916429,0.112843355675562,-0.342736030025469,-1.15292859446918,36,"reactome","Adcy1; Gnaz; Gng2; Src; Gnai1; Adcy6; Gnb4; Gng10; Gng11; Adcy7; Gng5; Prkaca; Itga5; Gngt2; Adcy2","liver","MHU-2","GLDS-617","Stat_(Space Flight & uG)v(Ground Control & 1G on Earth)",1,"flight_positive"
"REACTOME_GPVI_MEDIATED_ACTIVATION_CASCADE",0.928971962616822,1,0.0459538081039063,-0.200557994916475,-0.65773805315773,33,"reactome","Col1a1; Col1a2; Lyn","liver","MHU-2","GLDS-617","Stat_(Space Flight & uG)v(Ground Control & 1G on Earth)",1,"flight_positive"
"REACTOME_GRB2_SOS_PROVIDES_LINKAGE_TO_MAPK_SIGNALING_FOR_INTEGRINS",0.260869565217391,0.566463225003887,0.120433371642259,0.416017149583831,1.16526270284444,15,"reactome","Fga; Itgb3; Fn1; Fgg; Fgb; Apbb1ip; Tln1; Rap1a","liver","MHU-2","GLDS-617","Stat_(Space Flight & uG)v(Ground Control & 1G on Earth)",1,"flight_positive"
"REACTOME_GROWTH_HORMONE_RECEPTOR_SIGNALING",0.0609243697478992,0.232516602146477,0.266350657088526,0.490685921077248,1.48089833163957,20,"reactome","Prlr; Irs2; Ptpn1; Socs2; Cish; Stat3; Stat1; Mapk1","liver","MHU-2","GLDS-617","Stat_(Space Flight & uG)v(Ground Control & 1G on Earth)",1,"flight_positive"
"REACTOME_G_ALPHA_12_13_SIGNALLING_EVENTS",0.763345195729537,0.941553336600506,0.0526973085708419,-0.222077704184467,-0.845625073514526,68,"reactome","Arhgef16; Plxnb1; Fgd2; Arhgef3; Adra1b; Rhoc; Gng2; Arhgef15; Arhgef37; Gnb4; Gng10; Arhgef39; Tiam2; Rhob; Gng11; Arhgef9; Plekhg2; Btk; Gna13; Arhgef5","liver","MHU-2","GLDS-617","Stat_(Space Flight & uG)v(Ground Control & 1G on Earth)",1,"flight_positive"
"REACTOME_G_ALPHA_I_SIGNALLING_EVENTS",0.927986906710311,1,0.0399218624292714,-0.178451067772126,-0.78647613701957,168,"reactome","Adcy1; Gabbr2; Sucnr1; Pde4a; Ppp1r1b; S1pr2; Sstr2; Lpar2; Prkx; Prkcd; S1pr5; Saa2; Plcb1; Tas1r3; Gnaz; Camk2b; Gnat2; Pde4c; Saa1; Gng2; Cxcl2; Src; Gnat1; Gnai1; Adcy6; Gnb4; Gng10; Mtnr1a; Gng11; Pde1b; Ccl9; Hc; Gabbr1; Cxcl13; P2ry12; Adcy7; Ppp3cc; Grk2; Plcb3; Gng5; Ackr3; Hcar2; Grm8; Cxcr4; Prkaca","liver","MHU-2","GLDS-617","Stat_(Space Flight & uG)v(Ground Control & 1G on Earth)",1,"flight_positive"
"REACTOME_G_ALPHA_Q_SIGNALLING_EVENTS",0.433414043583535,0.737231060606061,0.0978773277424561,0.225845000638558,1.01318901122286,126,"reactome","Agt; Ednrb; Pik3r2; Rgs1; Prok1; Chrm3; Prkch; Rps6ka2; Prkca; Gnaq; Itpr2; Gna11; Itpr1; Rgs16; Dagla; Rps6ka3; Kras; Pik3r1; Rgs3; Gpr4; Dgkh; Kalrn; Tbxa2r; Dgkd; Adra1a; Gpr65; Fpr2; Gng12; Mapk1; Pik3ca; Rgs2; Nmb; Npff; Dgke","liver","MHU-2","GLDS-617","Stat_(Space Flight & uG)v(Ground Control & 1G on Earth)",1,"flight_positive"
"REACTOME_G_ALPHA_S_SIGNALLING_EVENTS",0.490909090909091,0.788631868604351,0.0751181635276301,-0.255321156788953,-0.986681953475944,76,"reactome","Adcy1; Pde4a; Grk3; Gnaz; Ramp2; Pde4c; Gng2; Src; Gnai1; Adcy6; Adcyap1r1; Gnb4; Gng10; Gng11; Pde1b; Adrb1; Gpr84; Adcy7; Grk2; Gng5; Prkaca; Itga5; Gngt2; Adcy2","liver","MHU-2","GLDS-617","Stat_(Space Flight & uG)v(Ground Control & 1G on Earth)",1,"flight_positive"
"REACTOME_G_ALPHA_Z_SIGNALLING_EVENTS",0.624772313296903,0.874418822354667,0.0632191170859458,-0.265859530926825,-0.900968933339198,37,"reactome","Adcy1; Prkcd; Gnaz; Gng2; Gnai1; Adcy6; Gnb4; Gng10; Gng11; Adcy7; Gng5; Gngt2; Adcy2","liver","MHU-2","GLDS-617","Stat_(Space Flight & uG)v(Ground Control & 1G on Earth)",1,"flight_positive"
"REACTOME_G_BETA_GAMMA_SIGNALLING_THROUGH_CDC42",0.186897880539499,0.464509610414023,0.139599673451922,-0.465901217979254,-1.2481242163148,15,"reactome","Gng2; Gnb4; Gng10; Gng11; Gng5; Gngt2; Cdc42; Gngt1; Gng7; Gnb5","liver","MHU-2","GLDS-617","Stat_(Space Flight & uG)v(Ground Control & 1G on Earth)",1,"flight_positive"
"REACTOME_G_BETA_GAMMA_SIGNALLING_THROUGH_PI3KGAMMA",0.872623574144487,0.985242481298662,0.0495901956956338,-0.23943561552599,-0.69568391195133,20,"reactome","Gng2; Gnb4; Gng10; Gng11; Gng5; Gngt2","liver","MHU-2","GLDS-617","Stat_(Space Flight & uG)v(Ground Control & 1G on Earth)",1,"flight_positive"
"REACTOME_G_PROTEIN_ACTIVATION",0.77962962962963,0.941553336600506,0.0535669384770951,-0.273067243263808,-0.761779861389204,17,"reactome","Gng2; Gnb4; Gng10; Gng11; Gng5; Gngt2","liver","MHU-2","GLDS-617","Stat_(Space Flight & uG)v(Ground Control & 1G on Earth)",1,"flight_positive"
"REACTOME_G_PROTEIN_BETA_GAMMA_SIGNALLING",0.50844277673546,0.798309999219466,0.0749278818393739,-0.30863692527529,-0.964038896075726,27,"reactome","Plcb1; Gng2; Gnb4; Gng10; Gng11; Btk; Plcb3; Gng5; Gngt2; Cdc42; Gngt1; Plcb2; Gng7; Pik3r6; Gnb5","liver","MHU-2","GLDS-617","Stat_(Space Flight & uG)v(Ground Control & 1G on Earth)",1,"flight_positive"
"REACTOME_G_PROTEIN_MEDIATED_EVENTS",0.92156862745098,1,0.0441523058441465,-0.198248487705394,-0.709756114520163,49,"reactome","Adcy1; Prkx; Prkcd; Plcb1; Camk2b; Gnai1; Adcy6; Pde1b; Adcy7; Grk2; Plcb3; Prkaca; Adcy2; Camk2d; Prkacb; Calm1","liver","MHU-2","GLDS-617","Stat_(Space Flight & uG)v(Ground Control & 1G on Earth)",1,"flight_positive"
"REACTOME_HATS_ACETYLATE_HISTONES",0.269767441860465,0.574796931407942,0.126253987849115,0.254136123208452,1.09193327375211,100,"reactome","Morf4l2; Dr1; Actb; Clock; Atf2; Ogt; Kansl2; Zzz3; Tada2b; Sgf29; Kat7; Elp4; Hcfc1; Ep300; Ing5; Brpf1; Supt7l; H2ac18; H4c16; Mcrs1; Sap130; Ncoa2; Ruvbl1; Ing3; H4c12; Ncoa1; Kat2a; H3c1; Tada1; Kat6b; Brd1; Jade3","liver","MHU-2","GLDS-617","Stat_(Space Flight & uG)v(Ground Control & 1G on Earth)",1,"flight_positive"
"REACTOME_HCMV_EARLY_EVENTS",0.23953488372093,0.532938966182594,0.135002033828631,0.266945199672729,1.12041065933296,87,"reactome","Tubb4b; Dync1h1; Tuba4a; Tuba1c; Ranbp2; Tbl1x; Dync1li1; Nup50; Ncor1; Seh1l; Tubb2a; Cbx1; H2ac18; H4c16; Dynll1; Rae1; Nup188; Tuba8; Nup62; Nup98; Dync1i2; Dync1li2; H4c12; Creb1; H3c1; Nup93; Rbbp4; Nup88; Hdac3; Pml; Nup205; Nup133; Nup43; H3c2; Tpr","liver","MHU-2","GLDS-617","Stat_(Space Flight & uG)v(Ground Control & 1G on Earth)",1,"flight_positive"
"REACTOME_HCMV_INFECTION",0.214622641509434,0.505081920780862,0.144630528034484,0.260697223879979,1.14542597619851,110,"reactome","Tubb4b; Dync1h1; Tuba4a; Tuba1c; Ranbp2; Tbl1x; Vps37a; Chmp6; Dync1li1; Ubap1; Nup50; Vps4a; Ncor1; Seh1l; Tubb2a; Cbx1; Chmp3; H2ac18; H4c16; Dynll1; Rae1; Nup188; Tuba8; Nup62; Nup98; Dync1i2; Dync1li2; H4c12; Creb1; Chmp7; Vps37c; H3c1; Nup93; Rbbp4; Nup88; Chmp4c; Hdac3; Pml; Nup205; Nup133; Nup43; H3c2","liver","MHU-2","GLDS-617","Stat_(Space Flight & uG)v(Ground Control & 1G on Earth)",1,"flight_positive"
"REACTOME_HCMV_LATE_EVENTS",0.970982142857143,1,0.0520570030732099,0.167783234811858,0.684435249170231,74,"reactome","Ranbp2; Vps37a; Chmp6; Ubap1; Nup50; Vps4a; Seh1l; Chmp3; H2ac18; H4c16; Rae1; Nup188; Nup62; Nup98; H4c12; Chmp7; Vps37c; H3c1; Nup93; Nup88; Chmp4c; Nup205; Nup133; Nup43; H3c2; Tpr","liver","MHU-2","GLDS-617","Stat_(Space Flight & uG)v(Ground Control & 1G on Earth)",1,"flight_positive"
"REACTOME_HDACS_DEACETYLATE_HISTONES",1,1,0.0405756447890657,-0.127977160522583,-0.4739009586736,56,"reactome","Hmg20b; H2bc21; Sap18; Gps2; Tbl1xr1; H2ac19; H3c4; Mbd3; Chd3; H3c15; H2bc6; Chd4; H2ac25; H4c17","liver","MHU-2","GLDS-617","Stat_(Space Flight & uG)v(Ground Control & 1G on Earth)",1,"flight_positive"
"REACTOME_HDMS_DEMETHYLATE_HISTONES",0.222958057395143,0.515179728992406,0.136490437780413,0.336888737962652,1.19065923088752,37,"reactome","Kdm3b; Arid5b; Kdm2a; Phf8; Kdm7a; Phf2; Kdm5d; Kdm3a; H4c16; Kdm5c; Kdm6a; H4c12; H3c1; Kdm5a; H3c2","liver","MHU-2","GLDS-617","Stat_(Space Flight & uG)v(Ground Control & 1G on Earth)",1,"flight_positive"
"REACTOME_HDR_THROUGH_HOMOLOGOUS_RECOMBINATION_HRR",0.46085409252669,0.763594016723085,0.077274697304471,-0.264435948875736,-0.998623434938409,64,"reactome","Xrcc3; Rpa1; Pole2; Rpa3; Pold4; Gen1; Rps27a; Ubc; Mus81; Uba52; Rfc2; Pold2; Pold1; Pold3; Sem1; Pcna; Rad9b; Dna2; Top3a; Polk; Pole; Topbp1; Rbbp8; Brca2","liver","MHU-2","GLDS-617","Stat_(Space Flight & uG)v(Ground Control & 1G on Earth)",1,"flight_positive"
"REACTOME_HDR_THROUGH_SINGLE_STRAND_ANNEALING_SSA",0.996383363471971,1,0.0412376090540065,-0.153658303647066,-0.515093790286734,35,"reactome","Rpa1; Rpa3; Rfc2; Rad9b; Dna2; Top3a; Topbp1; Rbbp8; Rhno1; Rad51","liver","MHU-2","GLDS-617","Stat_(Space Flight & uG)v(Ground Control & 1G on Earth)",1,"flight_positive"
"REACTOME_HEDGEHOG_LIGAND_BIOGENESIS",5.92365910130304e-06,9.58128353052032e-05,0.610526878385931,0.577489722284984,2.14389981256492,50,"reactome","Sel1l; Vcp; Psmd11; Psmd1; Psmd3; Syvn1; Psmd2; Psmc4; Ubb; Adrm1; Psmc1; Psmc2; Psmc5; Psmd7; Psmd14; Psmd12; Psma1; Psma7; Psmc6; P4hb; Psma5; Psmd6; Psmc3; Psmb4; Psmb2; Psmd13; Psma6","liver","MHU-2","GLDS-617","Stat_(Space Flight & uG)v(Ground Control & 1G on Earth)",1,"flight_positive"
"REACTOME_HEDGEHOG_OFF_STATE",4.66225289732981e-06,7.91805950396512e-05,0.610526878385931,0.487403809225662,2.06416268587294,92,"reactome","Psmd11; Psmd1; Psmd3; Tubb4b; Psmd2; Psmc4; Tuba4a; Ubb; Tuba1c; Adrm1; Psmc1; Psmc2; Psmc5; Psmd7; Dync2h1; Psmd14; Psmd12; Psma1; Psma7; Psmc6; Cul1; Adcy9; Ift122; Psma5; Psmd6; Itch; Ift52; Intu; Psmc3; Psmb4; Psmb2; Psmd13; Wdr35; Tubb2a; Psma6","liver","MHU-2","GLDS-617","Stat_(Space Flight & uG)v(Ground Control & 1G on Earth)",1,"flight_positive"
"REACTOME_HEDGEHOG_ON_STATE",5.55883952978871e-05,0.000583964688747907,0.557332238758646,0.473074195043621,1.91185137210149,72,"reactome","Psmd11; Psmd1; Psmd3; Psmd2; Psmc4; Cdc73; Ubb; Adrm1; Psmc1; Psmc2; Psmc5; Psmd7; Spopl; Psmd14; Psmd12; Psma1; Psma7; Psmc6; Psma5; Psmd6; Itch; Psmc3; Psmb4; Arrb1; Ulk3; Psmb2; Psmd13; Psma6","liver","MHU-2","GLDS-617","Stat_(Space Flight & uG)v(Ground Control & 1G on Earth)",1,"flight_positive"
"REACTOME_HEME_SIGNALING",0.0300914579930266,0.136251447373054,0.352487857583619,0.400749061281477,1.48199873236222,48,"reactome","Nrip1; Apob; Npas2; Clock; Tbl1x; Tgs1; Ncoa6; Bach1; Med1; Atf2; Ly96; Nr1d1; Rxra; Mef2c; Hmox1; Ncor1; Ep300","liver","MHU-2","GLDS-617","Stat_(Space Flight & uG)v(Ground Control & 1G on Earth)",1,"flight_positive"
"REACTOME_HEPARAN_SULFATE_HEPARIN_HS_GAG_METABOLISM",0.501785714285714,0.793342058458337,0.0730744399126987,-0.276288803931791,-0.961589566439471,42,"reactome","Gusb; Cspg5; Bgn; Ndst2; Naglu; Glb1; Gpc3; Slc35d2","liver","MHU-2","GLDS-617","Stat_(Space Flight & uG)v(Ground Control & 1G on Earth)",1,"flight_positive"
"REACTOME_HH_MUTANTS_ABROGATE_LIGAND_SECRETION",9.40698483986554e-07,2.08385164170065e-05,0.659444398037935,0.617343005957275,2.25016887688524,46,"reactome","Sel1l; Vcp; Psmd11; Psmd1; Psmd3; Syvn1; Psmd2; Psmc4; Ubb; Adrm1; Psmc1; Psmc2; Psmc5; Psmd7; Psmd14; Psmd12; Psma1; Psma7; Psmc6; Psma5; Psmd6; Psmc3; Psmb4; Psmb2; Psmd13; Psma6","liver","MHU-2","GLDS-617","Stat_(Space Flight & uG)v(Ground Control & 1G on Earth)",1,"flight_positive"
"REACTOME_HIGH_LAMINAR_FLOW_SHEAR_STRESS_ACTIVATES_SIGNALING_BY_PIEZO1_AND_PECAM1_CDH5_KDR_IN_ENDOTHELIAL_CELLS",0.437923250564334,0.74001730885009,0.0931454575337804,0.261481823332095,1.0144649744737,61,"reactome","Pik3r2; Flt4; Cdh5; Calcrl; Adcy9; Fyn; Pdpk1; Pecam1; Gnaq; Gna11; Mmp14; Kdr; Pik3cd; Panx1; Nos3; Gng12; Pik3ca","liver","MHU-2","GLDS-617","Stat_(Space Flight & uG)v(Ground Control & 1G on Earth)",1,"flight_positive"
"REACTOME_HIV_ELONGATION_ARREST_AND_RECOVERY",0.978846153846154,1,0.0448645113168564,-0.177560245468773,-0.573446517896733,32,"reactome","Polr2f; Polr2l; Elob; Polr2d; Nelfe; Polr2k; Cdk9; Polr2g; Ccnt1; Nelfcd; Ccnt2","liver","MHU-2","GLDS-617","Stat_(Space Flight & uG)v(Ground Control & 1G on Earth)",1,"flight_positive"
"REACTOME_HIV_INFECTION",0.0167864820962766,0.086391036646999,0.352487857583619,0.272965118361955,1.32698164726819,207,"reactome","Nmt1; Psmd11; Psmd1; Psmd3; Taf7; Psmd2; Psmc4; Ubb; Adrm1; Psmc1; Psmc2; Ranbp2; Psmc5; Psmd7; Psmd14; Psmd12; Vps37a; Ap1g1; Psma1; Taf3; Psma7; Psmc6; Kpna1; Ncbp1; Chmp6; Pdcd6ip; Fyn; Psma5; Psmd6; Ubap1; Ap2b1; Ap2a2; Polr2i; Psmc3; Psmb4; Eloa; Ap2m1; Taf13; Nup50; Vps4a; Psmb2; Psmd13; Seh1l; Ran; Psma6; Gtf2e2; Tcea1; Chmp3; Cdk7","liver","MHU-2","GLDS-617","Stat_(Space Flight & uG)v(Ground Control & 1G on Earth)",1,"flight_positive"
"REACTOME_HIV_LIFE_CYCLE",0.95702479338843,1,0.0389556479965885,-0.171877928962947,-0.738721481293739,141,"reactome","Ppia; Cd4; Nup210; Tbp; Taf2; Polr2f; Vps28; Hmga1; Nedd4l; Mvb12a; Xrcc5; Taf15; Psip1; Taf6; Polr2l; Elob; Gtf2b; Ndc1; Rps27a; Ubc; Nup107; Rangap1; Uba52; Nup85; Mvb12b; Taf4; Nup160; Xpo1; Polr2d; Gtf2h2; Mnat1; Nmt2; Banf1; Cxcr4; Nelfe; Polr2k; Cdk9; Nup54; Tsg101; Nup37; Polr2g","liver","MHU-2","GLDS-617","Stat_(Space Flight & uG)v(Ground Control & 1G on Earth)",1,"flight_positive"
"REACTOME_HIV_TRANSCRIPTION_ELONGATION",0.996428571428571,1,0.0406579344155557,-0.146106749538134,-0.508506765178002,42,"reactome","Polr2f; Polr2l; Elob; Polr2d; Gtf2h2; Mnat1; Nelfe; Polr2k; Cdk9; Polr2g; Ercc3; Ccnt1; Gtf2h5; Nelfcd; Gtf2h4","liver","MHU-2","GLDS-617","Stat_(Space Flight & uG)v(Ground Control & 1G on Earth)",1,"flight_positive"
"REACTOME_HIV_TRANSCRIPTION_INITIATION",0.894075403949731,0.990413584701425,0.0458620343117985,-0.206300959103335,-0.727204414153308,45,"reactome","Tbp; Taf2; Polr2f; Taf15; Taf6; Polr2l; Gtf2b","liver","MHU-2","GLDS-617","Stat_(Space Flight & uG)v(Ground Control & 1G on Earth)",1,"flight_positive"
"REACTOME_HOMOLOGOUS_DNA_PAIRING_AND_STRAND_EXCHANGE",0.832129963898917,0.964664884201361,0.0493910105981501,-0.22715266481046,-0.78304980201997,40,"reactome","Xrcc3; Rpa1; Rpa3; Rfc2; Sem1; Rad9b; Dna2; Top3a; Topbp1; Rbbp8; Brca2; Rhno1; Rad51","liver","MHU-2","GLDS-617","Stat_(Space Flight & uG)v(Ground Control & 1G on Earth)",1,"flight_positive"
"REACTOME_HOMOLOGY_DIRECTED_REPAIR",0.965277777777778,1,0.0408229003677776,-0.173233364862667,-0.712515160641165,113,"reactome","Xrcc3; Rpa1; Cdk2; Clspn; Abraxas1; Pole2; Rpa3; H2bc21; Ube2n; Pold4; Gen1; Rps27a; Ubc; Mus81; Uba52; Rfc2; Uimc1; Pold2; Ccna2; Pold1; Pold3; Sem1; Pcna; Rad9b; Dna2; Top3a; Polk; Pole; Topbp1; Rbbp8; H2bc6; Brca2","liver","MHU-2","GLDS-617","Stat_(Space Flight & uG)v(Ground Control & 1G on Earth)",1,"flight_positive"
"REACTOME_HOST_INTERACTIONS_OF_HIV_FACTORS",0.00760698382234831,0.0458669616270588,0.407017918923954,0.337913007008907,1.49571926917761,112,"reactome","Psmd11; Psmd1; Psmd3; Psmd2; Psmc4; Ubb; Adrm1; Psmc1; Psmc2; Ranbp2; Psmc5; Psmd7; Psmd14; Psmd12; Ap1g1; Psma1; Psma7; Psmc6; Kpna1; Fyn; Psma5; Psmd6; Ap2b1; Ap2a2; Psmc3; Psmb4; Ap2m1; Nup50; Psmb2; Psmd13; Seh1l; Ran; Psma6","liver","MHU-2","GLDS-617","Stat_(Space Flight & uG)v(Ground Control & 1G on Earth)",1,"flight_positive"
"REACTOME_HSF1_ACTIVATION",0.262385321100917,0.566463225003887,0.111918316325105,-0.372984629407428,-1.16142661896244,26,"reactome","Serpinh1; Rpa1; Hspa1a; Hspb1; Rpa3; Hsbp1","liver","MHU-2","GLDS-617","Stat_(Space Flight & uG)v(Ground Control & 1G on Earth)",1,"flight_positive"
"REACTOME_HSF1_DEPENDENT_TRANSACTIVATION",0.525233644859813,0.812159459957738,0.0730744399126987,-0.294247882418015,-0.964997827227041,33,"reactome","Serpinh1; Hspa1a; Hspb1; Cryab; Hsbp1; Camk2b","liver","MHU-2","GLDS-617","Stat_(Space Flight & uG)v(Ground Control & 1G on Earth)",1,"flight_positive"
"REACTOME_HSP90_CHAPERONE_CYCLE_FOR_STEROID_HORMONE_RECEPTORS_SHR_IN_THE_PRESENCE_OF_LIGAND",0.0853932584269663,0.297999076496845,0.231126709673834,0.371434662046611,1.35387767343943,45,"reactome","Tubb4b; Dync1h1; Tuba4a; Tuba1c; Dnaja2; Dync1li1; Ar; Dctn5; Capza1; Dctn4; Ptges3; Tubb2a; Dynll1; Tuba8; Fkbp5; Actr1a; Dync1i2; Dync1li2","liver","MHU-2","GLDS-617","Stat_(Space Flight & uG)v(Ground Control & 1G on Earth)",1,"flight_positive"
"REACTOME_HS_GAG_BIOSYNTHESIS",0.868817204301075,0.984788355042042,0.0554793308704233,0.231123864415622,0.716887101053512,23,"reactome","Gpc1; Sdc2; Gpc4; Sdc4; Ext2; Sdc1; Hs3st3a1; Hs2st1","liver","MHU-2","GLDS-617","Stat_(Space Flight & uG)v(Ground Control & 1G on Earth)",1,"flight_positive"
"REACTOME_HS_GAG_DEGRADATION",0.785171102661597,0.942390286940126,0.0544555953940371,-0.261846250946119,-0.760798362381526,20,"reactome","Gusb; Naglu; Glb1; Gpc3","liver","MHU-2","GLDS-617","Stat_(Space Flight & uG)v(Ground Control & 1G on Earth)",1,"flight_positive"
"REACTOME_IKK_COMPLEX_RECRUITMENT_MEDIATED_BY_RIP1",0.541935483870968,0.830353959765724,0.0787113806986485,0.29786814323258,0.923910779348161,23,"reactome","Ubb; Traf6; Ly96; Ticam2; Ikbkg; Ticam1; Ube2d2a; Ube2v1; Birc2; Ripk1; Ube2d3; Chuk","liver","MHU-2","GLDS-617","Stat_(Space Flight & uG)v(Ground Control & 1G on Earth)",1,"flight_positive"
"REACTOME_IMMUNOREGULATORY_INTERACTIONS_BETWEEN_A_LYMPHOID_AND_A_NON_LYMPHOID_CELL",0.05,0.204618473895582,0.271288554688953,-0.347557922440051,-1.35424280092827,79,"reactome","H2-Q10; Cdh1; Col1a1; Jaml; Col1a2; Cxadr; Cd22; Nectin2; H2-Q1; Sell; Mill2; Col3a1; Tyrobp; Ifitm1; Pvr; H2-T23; H2-Q2; Lair1","liver","MHU-2","GLDS-617","Stat_(Space Flight & uG)v(Ground Control & 1G on Earth)",1,"flight_positive"
"REACTOME_INACTIVATION_OF_CSF3_G_CSF_SIGNALING",0.951492537313433,1,0.044774889329693,-0.205601583802819,-0.622726362228138,24,"reactome","Lyn; Elob; Rps27a; Ubc; Uba52; Stat5a","liver","MHU-2","GLDS-617","Stat_(Space Flight & uG)v(Ground Control & 1G on Earth)",1,"flight_positive"
"REACTOME_INFECTION_WITH_MYCOBACTERIUM_TUBERCULOSIS",0.630597014925373,0.876641689234591,0.0639271933359996,-0.291848159127867,-0.883950109212066,24,"reactome","Eno1; Pgk1; Rps27a; Ubc; Uba52; Rnf213","liver","MHU-2","GLDS-617","Stat_(Space Flight & uG)v(Ground Control & 1G on Earth)",1,"flight_positive"
"REACTOME_INFLAMMASOMES",0.651260504201681,0.890784501720151,0.0681513438679483,0.283971857328304,0.857031823588578,20,"reactome","Txnip; Pycard; Hmox1; Panx1; Nlrp3; Mefv; Sugt1; Nlrc4","liver","MHU-2","GLDS-617","Stat_(Space Flight & uG)v(Ground Control & 1G on Earth)",1,"flight_positive"
"REACTOME_INFLUENZA_INFECTION",0.000134338395657838,0.00130867565321844,0.518848077743792,-0.407329530003551,-1.74268241661396,139,"reactome","Rpl36al; Nup210; Rps24; Rpl36a; Rpl22l1; Rpl26; Rpl15; Hspa1a; Rpl12; Rpl27; Polr2f; Rpsa; Rps17; Rps12; Rplp0; Rplp1; Rpl31; Rpl35a; Rpl13a; Rps20; Rps27l; Rpl39; Rpl17; Rps7; Rps14; Rpl23; Rpl3; Rps9; Rps21; Rpl19; Polr2l; Rps16; Rpl10a; Rps10; Ndc1; Rps15; Rps27a; Rpl38; Rpl29; Rps3a1; Nup107; Rpl18; Uba52; Rps6; Rpl13; Rpl35; Nup85; Rpl30; Rps11; Rpl8; Rps29; Rpl32; Rpl21; Rpl7; Rps23; Rpl10; Nup160; Rpl7a; Xpo1; Polr2d; Rpl6; Rps4x; Polr2k; Rpl27a; Rpl37a; Rps3; Rps15a; Nup54; Nup37; Rpl22; Polr2g; Rps26; Rpl4; Rps2; Isg15; Rps18; Rps13; Rps28; Rps19; Rpl36; Rpl28; Rps25; Rplp2; Rpl24; Rpl18a","liver","MHU-2","GLDS-617","Stat_(Space Flight & uG)v(Ground Control & 1G on Earth)",1,"flight_positive"
"REACTOME_INHIBITION_OF_DNA_RECOMBINATION_AT_TELOMERE",0.944043321299639,1,0.0436251240000606,-0.195676925829218,-0.674545368676608,40,"reactome","Polr2f; H2bc21; H2az2; Polr2l; H3f3a; H2ac19; Polr2d; H3f3b; Polr2k; H2bc6; Polr2g; H2aj; H4c17; H2bc8","liver","MHU-2","GLDS-617","Stat_(Space Flight & uG)v(Ground Control & 1G on Earth)",1,"flight_positive"
"REACTOME_INHIBITION_OF_THE_PROTEOLYTIC_ACTIVITY_OF_APC_C_REQUIRED_FOR_THE_ONSET_OF_ANAPHASE_BY_MITOTIC_SPINDLE_CHECKPOINT_COMPONENTS",0.768199233716475,0.941553336600506,0.055826471778749,-0.268855608574257,-0.786439629055143,21,"reactome","Ube2c; Anapc15; Bub1b; Cdc23; Cdc20; Mad2l1","liver","MHU-2","GLDS-617","Stat_(Space Flight & uG)v(Ground Control & 1G on Earth)",1,"flight_positive"
"REACTOME_INITIAL_TRIGGERING_OF_COMPLEMENT",0.32962962962963,0.637367348373041,0.0982123351217438,-0.388515924175909,-1.10532120304148,18,"reactome","C2; Masp2; C1s1; C1qa; Cfd; Cfp; C1qc; C4b","liver","MHU-2","GLDS-617","Stat_(Space Flight & uG)v(Ground Control & 1G on Earth)",1,"flight_positive"
"REACTOME_INITIATION_OF_NUCLEAR_ENVELOPE_NE_REFORMATION",0.671548117154812,0.891698542147806,0.066436413766281,0.281849720819395,0.848030903245469,19,"reactome","Sirt2; Lmna; Ankle2; Ppp2ca; Kpnb1; Emd","liver","MHU-2","GLDS-617","Stat_(Space Flight & uG)v(Ground Control & 1G on Earth)",1,"flight_positive"
"REACTOME_INOSITOL_PHOSPHATE_METABOLISM",0.340501792114695,0.649759037761937,0.0943563635421779,-0.305041393387276,-1.06531746941656,43,"reactome","Inppl1; Plce1; Itpka; Plcd3; Mtmr7; Isyna1; Plcb1; Nudt4; Nudt3; Plch2; Ppip5k2; Ipmk; Plcb3; Minpp1","liver","MHU-2","GLDS-617","Stat_(Space Flight & uG)v(Ground Control & 1G on Earth)",1,"flight_positive"
"REACTOME_INSERTION_OF_TAIL_ANCHORED_PROTEINS_INTO_THE_ENDOPLASMIC_RETICULUM_MEMBRANE",0.55893536121673,0.832004354618801,0.0707899094502623,-0.31616527559021,-0.918623134919093,20,"reactome","Prnp; Sec61b; Sec61g","liver","MHU-2","GLDS-617","Stat_(Space Flight & uG)v(Ground Control & 1G on Earth)",1,"flight_positive"
"REACTOME_INSULIN_PROCESSING",0.00538483412052511,0.0345878194910541,0.407017918923954,0.601933261941174,1.81109992351051,19,"reactome","Ero1b; Slc30a5; Kif5b; P4hb; Kif5a; Slc30a8; Myo5a; Exoc8; Exoc5; Stx1a","liver","MHU-2","GLDS-617","Stat_(Space Flight & uG)v(Ground Control & 1G on Earth)",1,"flight_positive"
"REACTOME_INSULIN_RECEPTOR_RECYCLING",0.145336225596529,0.412528172375664,0.170932335370056,0.410958804944363,1.30256435338835,25,"reactome","Ide; Atp6v1a; Insr; Ptpn1; Atp6v0d2; Atp6v1b2; Atp6v0a2; Atp6v0d1; Ptprf; Atp6v1h","liver","MHU-2","GLDS-617","Stat_(Space Flight & uG)v(Ground Control & 1G on Earth)",1,"flight_positive"
"REACTOME_INSULIN_RECEPTOR_SIGNALLING_CASCADE",0.0140891024298394,0.0744402149278839,0.380730400722792,0.445560427569898,1.58660869055855,38,"reactome","Fgf1; Pik3r2; Irs2; Insr; Pdpk1; Fgfr2; Klb; Shc1; Ptpn11; Kras; Pik3r1; Trib3; Frs2; Mapk1; Pik3ca; Flt3; Fgf9","liver","MHU-2","GLDS-617","Stat_(Space Flight & uG)v(Ground Control & 1G on Earth)",1,"flight_positive"
"REACTOME_INTEGRATION_OF_ENERGY_METABOLISM",0.000641957597246035,0.00540623794705545,0.477270815362862,-0.429474891609235,-1.70183575474659,87,"reactome","Acacb; Pklr; Acly; Fasn; Tkt; Acaca; Pfkfb1; Taldo1; Adcy1","liver","MHU-2","GLDS-617","Stat_(Space Flight & uG)v(Ground Control & 1G on Earth)",1,"flight_positive"
"REACTOME_INTEGRIN_CELL_SURFACE_INTERACTIONS",0.374113475177305,0.680752912867275,0.0883594442500905,-0.272292673048066,-1.05391273126656,73,"reactome","Cdh1; Col1a1; Itgav; Col1a2; Col9a3; Col5a2; Spp1; Thbs1; Col5a3; Col3a1","liver","MHU-2","GLDS-617","Stat_(Space Flight & uG)v(Ground Control & 1G on Earth)",1,"flight_positive"
"REACTOME_INTEGRIN_SIGNALING",0.0575692963752665,0.224762885081979,0.276500599254472,0.453873842920889,1.46356366254888,27,"reactome","Fga; Rapgef4; Rapgef3; Ptpn1; Pdpk1; Itgb3; Shc1; Fn1; Crk; Fgg","liver","MHU-2","GLDS-617","Stat_(Space Flight & uG)v(Ground Control & 1G on Earth)",1,"flight_positive"
"REACTOME_INTERACTIONS_OF_REV_WITH_HOST_CELLULAR_PROTEINS",0.888646288209607,0.988064085555596,0.0551351763385257,0.211186764437911,0.724532876025956,34,"reactome","Ranbp2; Nup50; Seh1l; Ran; Rae1; Kpnb1; Nup188; Nup62; Nup98; Nup93; Nup88; Ranbp1; Nup205; Nup133; Nup43; Tpr","liver","MHU-2","GLDS-617","Stat_(Space Flight & uG)v(Ground Control & 1G on Earth)",1,"flight_positive"
"REACTOME_INTERACTIONS_OF_VPR_WITH_HOST_CELLULAR_PROTEINS",0.872897196261682,0.985242481298662,0.0487989701682839,-0.219692552680548,-0.720490608980882,33,"reactome","Nup210; Hmga1; Psip1; Ndc1; Nup107; Nup85; Nup160; Slc25a4; Banf1; Nup54; Slc25a5; Nup37","liver","MHU-2","GLDS-617","Stat_(Space Flight & uG)v(Ground Control & 1G on Earth)",1,"flight_positive"
"REACTOME_INTERACTION_BETWEEN_L1_AND_ANKYRINS",0.888198757763975,0.988064085555596,0.0526973085708419,0.2482155095112,0.695250846726563,15,"reactome","Actg1; Actb; Scn3a; Ank2; Sptb","liver","MHU-2","GLDS-617","Stat_(Space Flight & uG)v(Ground Control & 1G on Earth)",1,"flight_positive"
"REACTOME_INTERCONVERSION_OF_NUCLEOTIDE_DI_AND_TRIPHOSPHATES",0.182835820895522,0.464509610414023,0.13880510939114,-0.409652742338765,-1.24075679425726,24,"reactome","Rrm2; Ak2; Nme1; Dctpp1; Nme4; Dtymk; Ak1; Nme2; Dut; Dctd; Nudt13; Ctps2; Cmpk1","liver","MHU-2","GLDS-617","Stat_(Space Flight & uG)v(Ground Control & 1G on Earth)",1,"flight_positive"
"REACTOME_INTERFERON_ALPHA_BETA_SIGNALING",0.00667684169026217,0.0412345556507706,0.407017918923954,-0.434068484274018,-1.6365281760531,62,"reactome","Bst2; H2-Q10; Ifitm3; Ifi27; Oas1a; Irf7; Oasl1; Psmb8; H2-Q1; Ifi27l2b; Irf6; Ifitm1; Oas3; Irf5; Rps27a; Oas2; Ubc; H2-T23; H2-Q2; Uba52; Ifit2","liver","MHU-2","GLDS-617","Stat_(Space Flight & uG)v(Ground Control & 1G on Earth)",1,"flight_positive"
"REACTOME_INTERFERON_GAMMA_SIGNALING",0.0337947638927235,0.149438261769595,0.321775918075361,-0.358546519184318,-1.40191973120523,81,"reactome","H2-Q10; Oas1a; Irf7; Trim68; Trim62; Oasl1; H2-Q1; Trim6; Irf6; Prkcd; Sumo1; Camk2b; Oas3; Trim26; Irf5; Gbp3; Ifngr1; Ifi30; Oas2; H2-T23; H2-Q2; Ybx1; Irf1; Fcgr1; Irf8; Irf9; Oas1g","liver","MHU-2","GLDS-617","Stat_(Space Flight & uG)v(Ground Control & 1G on Earth)",1,"flight_positive"
"REACTOME_INTERFERON_SIGNALING",0.451010886469673,0.749722827589881,0.0714786287425507,-0.22004627997335,-1.01113668117019,231,"reactome","Bst2; H2-Q10; Ifitm3; Ifi27; Cdk1; Nup210; Oas1a; Irf7; Faap100; Ilf2; Trim68; Trim62; Hspa1a; Oasl1; Psmb8; H2-Q1; Trim6; Ifi27l2b; Flnb; Irf6; Prkcd; Faap20; Ube2n; Sumo1; Ifitm1; Camk2b; Prkra; Oas3; Dus2; Fance; Trim26; Irf5; Ifi44; Gbp3; Fancg; Ube2l6; Ndc1; Ifngr1; Ifi30; Rps27a; Oas2; Ubc; H2-T23; H2-Q2; Nup107; Uba52; Ifit2; Nup85; Ifih1; Ybx1; Tarbp2; Tuba1b; Nedd4; Nup160; Uba7; Irf1; Fcgr1; Irf8","liver","MHU-2","GLDS-617","Stat_(Space Flight & uG)v(Ground Control & 1G on Earth)",1,"flight_positive"
"REACTOME_INTERLEUKIN_10_SIGNALING",0.995850622406639,1,0.0475434194201301,0.14409422377162,0.492241453814127,32,"reactome","Il1a; Cxcl1; Stat3; Ccl4; Il1b; Tnfrsf1a; Tnf; Il1rn; Cd80; Ptafr; Cd86","liver","MHU-2","GLDS-617","Stat_(Space Flight & uG)v(Ground Control & 1G on Earth)",1,"flight_positive"
"REACTOME_INTERLEUKIN_12_FAMILY_SIGNALING",0.669658886894075,0.891698542147806,0.059221919380382,-0.249326194918303,-0.87886702173702,45,"reactome","Taldo1; Ppia; Mif; Il27ra; Rplp0","liver","MHU-2","GLDS-617","Stat_(Space Flight & uG)v(Ground Control & 1G on Earth)",1,"flight_positive"
"REACTOME_INTERLEUKIN_12_SIGNALING",0.576146788990826,0.841108277910675,0.0675188953767744,-0.271200712191362,-0.920640227014014,38,"reactome","Taldo1; Ppia; Mif; Rplp0","liver","MHU-2","GLDS-617","Stat_(Space Flight & uG)v(Ground Control & 1G on Earth)",1,"flight_positive"
"REACTOME_INTERLEUKIN_17_SIGNALING",0.0375008238534879,0.16123771943757,0.321775918075361,0.352795216755203,1.38796771600203,66,"reactome","Ubb; Jun; Traf6; Ppp2r1b; Irak2; Atf2; Dusp4; Cul1; Rps6ka2; Dusp3; Map2k7; Atf1; Map3k7; Tab3; Mef2c; Mapk9; Rps6ka3; Map2k4; Dusp6; Ikbkg; Tab1; Ppp2ca; Tab2; Mapk1; Fos; Creb1; Ube2v1; Skp1; Mapkapk3; Ppp2r1a; Vrk3; Chuk","liver","MHU-2","GLDS-617","Stat_(Space Flight & uG)v(Ground Control & 1G on Earth)",1,"flight_positive"
"REACTOME_INTERLEUKIN_1_FAMILY_SIGNALING",1.8754140484063e-05,0.000224829048861885,0.575610261071129,0.418433335051368,1.86981926066586,122,"reactome","Psmd11; Psmd1; Psmd3; Ptpn9; Psmd2; Sqstm1; Psmc4; Ubb; Adrm1; Psmc1; Psmc2; Traf6; Psmc5; Psmd7; Psmd14; Il1a; Psmd12; Psma1; Irak2; Psma7; Psmc6; Cul1; Tbk1; Psma5; Map3k3; Psmd6; N4bp1; Map3k7; Psmc3; Tab3; Psmb4; Sigirr; Ptpn11; Psmb2; Map2k4; Psmd13; Psma6; Ptpn7","liver","MHU-2","GLDS-617","Stat_(Space Flight & uG)v(Ground Control & 1G on Earth)",1,"flight_positive"
"REACTOME_INTERLEUKIN_1_SIGNALING",1.5421588357253e-05,0.000198918968810643,0.575610261071129,0.450559350889635,1.92457111008895,98,"reactome","Psmd11; Psmd1; Psmd3; Psmd2; Sqstm1; Psmc4; Ubb; Adrm1; Psmc1; Psmc2; Traf6; Psmc5; Psmd7; Psmd14; Il1a; Psmd12; Psma1; Irak2; Psma7; Psmc6; Cul1; Psma5; Map3k3; Psmd6; N4bp1; Map3k7; Psmc3; Tab3; Psmb4; Psmb2; Map2k4; Psmd13; Psma6","liver","MHU-2","GLDS-617","Stat_(Space Flight & uG)v(Ground Control & 1G on Earth)",1,"flight_positive"
"REACTOME_INTERLEUKIN_20_FAMILY_SIGNALING",0.929313929313929,1,0.0508054139066364,0.230369548682565,0.658963736858432,16,"reactome","Stat4; Ptpn11; Stat3; Stat1; Il20rb; Jak2; Stat5b; Socs3","liver","MHU-2","GLDS-617","Stat_(Space Flight & uG)v(Ground Control & 1G on Earth)",1,"flight_positive"
"REACTOME_INTERLEUKIN_2_FAMILY_SIGNALING",0.121412803532009,0.368772145881946,0.190023305279108,0.376174048365212,1.31224972302198,36,"reactome","Pik3r2; Il2rb; Il15ra; Shc1; Stat4; Csf2rb2; Pik3r1; Pik3cd; Il3ra; Stat3; Havcr2; Stat1; Pik3ca","liver","MHU-2","GLDS-617","Stat_(Space Flight & uG)v(Ground Control & 1G on Earth)",1,"flight_positive"
"REACTOME_INTERLEUKIN_37_SIGNALING",0.300865800865801,0.613164502164502,0.11378726182188,0.382192484320972,1.1233054690047,18,"reactome","Ptpn9; Tbk1; Sigirr; Ptpn11; Ptpn7; Stat3; Ptpn2; Ptpn4","liver","MHU-2","GLDS-617","Stat_(Space Flight & uG)v(Ground Control & 1G on Earth)",1,"flight_positive"
"REACTOME_INTERLEUKIN_3_INTERLEUKIN_5_AND_GM_CSF_SIGNALING",0.333333333333333,0.638471177944862,0.109684061970549,0.300403125766052,1.08630823113798,43,"reactome","Pik3r2; Ubb; Il2rb; Fyn; Rapgef1; Shc1; Csf2rb2; Ptpn11; Pik3r1; Pik3cd; Il3ra; Crk","liver","MHU-2","GLDS-617","Stat_(Space Flight & uG)v(Ground Control & 1G on Earth)",1,"flight_positive"
"REACTOME_INTERLEUKIN_4_AND_INTERLEUKIN_13_SIGNALING",0.208333333333333,0.49485236985237,0.14551614609036,0.272396738518227,1.13962589157659,85,"reactome","Lbp; Hsp90b1; Cd36; Junb; Hgf; Lcn2; Il13ra1; Il1a","liver","MHU-2","GLDS-617","Stat_(Space Flight & uG)v(Ground Control & 1G on Earth)",1,"flight_positive"
"REACTOME_INTERLEUKIN_6_FAMILY_SIGNALING",0.716450216450216,0.91030270643737,0.0649407684612899,0.278531980606566,0.818635922849044,18,"reactome","Ptpn11; Clcf1; Stat3; Osmr; Il6st; Stat1; Ctf1; Jak2; Cbl; Socs3","liver","MHU-2","GLDS-617","Stat_(Space Flight & uG)v(Ground Control & 1G on Earth)",1,"flight_positive"
"REACTOME_INTERLEUKIN_7_SIGNALING",0.0320586578719543,0.1439108915045,0.321775918075361,0.469086217078796,1.51261755359342,27,"reactome","Pik3r2; Hgf; Irs2; Socs2; Brwd1; Smarca4; Pik3r1; Cish; Stat3","liver","MHU-2","GLDS-617","Stat_(Space Flight & uG)v(Ground Control & 1G on Earth)",1,"flight_positive"
"REACTOME_INTERLEUKIN_RECEPTOR_SHC_SIGNALING",0.13588110403397,0.395608128601759,0.175204047558551,0.436963391200858,1.34415859797686,22,"reactome","Pik3r2; Il2rb; Shc1; Csf2rb2; Pik3r1; Pik3cd; Il3ra; Pik3ca","liver","MHU-2","GLDS-617","Stat_(Space Flight & uG)v(Ground Control & 1G on Earth)",1,"flight_positive"
"REACTOME_INTRACELLULAR_SIGNALING_BY_SECOND_MESSENGERS",0.000861478475911117,0.00713696395897096,0.477270815362862,0.303310084753072,1.51561617456947,268,"reactome","Fgf1; Psmd11; Psmd1; Psmd3; Pik3ap1; Psmd2; Psmc4; Pik3r2; Ubb; Adrm1; Jun; Psmc1; Psmc2; Hgf; Traf6; Psmc5; Irs2; Nr4a1; Usp7; Psmd7; Ppp2r1b; Psmd14; Psmd12; Insr; Psma1; Ago2; Psma7; Psmc6; Atf2; Mecom; Pip5k1c; Phc3; Met; Prkca; Adcy9; Fyn; Pdpk1; Ppp2r5e; Psma5; Fgfr2; Psmd6; Itpr2; Klb; Rptor; Itpr1; Psmc3; Psmb4; Mdm2; Wwp2; Otud3; Mta3; Pip4k2b; Egr1; Ptpn11; Psmb2; Psmd13; Pik3r1; Ier3; Psma6; Pik3cd; Trib3; Ppp2r5c; Tnrc6b; Frk; Frs2; Camkk2; Pip4k2a; Ppp2ca; Gsk3a; Psma2; Phlpp1; Csnk2a2; Csnk2a1; Ring1; Pdgfra; Mapk1; Pik3ca","liver","MHU-2","GLDS-617","Stat_(Space Flight & uG)v(Ground Control & 1G on Earth)",1,"flight_positive"
"REACTOME_INTRAFLAGELLAR_TRANSPORT",0.0118192736587581,0.0651814506573488,0.380730400722792,0.442237786343343,1.59920622064081,43,"reactome","Tubb4b; Tuba4a; Tuba1c; Kifap3; Dync2h1; Ift122; Ift52; Trip11; Wdr35; Tubb2a; Ift80; Cluap1; Tnpo1; Dynll1","liver","MHU-2","GLDS-617","Stat_(Space Flight & uG)v(Ground Control & 1G on Earth)",1,"flight_positive"
"REACTOME_INTRA_GOLGI_AND_RETROGRADE_GOLGI_TO_ER_TRAFFIC",3.93657043438099e-05,0.000431329599207982,0.557332238758646,0.369673334787978,1.75302078366095,182,"reactome","Usp6nl; Rab18; Gosr2; Tmed7; Tubb4b; Pafah1b1; Agpat3; Vti1a; Dync1h1; Vps53; Tuba4a; Tuba1c; Kifap3; Golga4; Cog3; Man1a; Tmed3; Stx5a; Golga1; Surf4; Kif21b; Arcn1; Dync1li1; Galnt2; Tmf1; Kif5b; Tmed2; Golga5; Arfgap3; Kif5a; Ric1; Man1a2; Arfgap2; Dctn5; Nsf; Kif1b; Zw10; Tgoln1; Capza1; Rab1a; Tmed9; Man2a1; Copg1; Rint1; Trip11; Dctn4; Ykt6; Arfrp1; Kif16b; Tubb2a; Cog8; Nbas; Copa; Cog6; Cog4; Man1c1; Dynll1; Vps52; Gosr1; Stx18; Rab33b; Kifc2; Tuba8; Cog1; Pafah1b2; Igf2r; Rab6a; Napg; Rab30; Actr1a; Dync1i2; Copb1; Kif13b; Dync1li2; Use1; Sys1","liver","MHU-2","GLDS-617","Stat_(Space Flight & uG)v(Ground Control & 1G on Earth)",1,"flight_positive"
"REACTOME_INTRA_GOLGI_TRAFFIC",0.0950226244343891,0.319564535639084,0.219250346703755,0.369456246276591,1.33140563904604,42,"reactome","Gosr2; Vti1a; Cog3; Man1a; Stx5a; Golga5; Ric1; Man1a2; Nsf; Man2a1; Trip11; Ykt6; Cog8; Cog6; Cog4; Man1c1; Gosr1; Rab33b; Cog1; Napg; Rab30","liver","MHU-2","GLDS-617","Stat_(Space Flight & uG)v(Ground Control & 1G on Earth)",1,"flight_positive"
"REACTOME_INTRINSIC_PATHWAY_FOR_APOPTOSIS",0.0248468818321153,0.117217465680211,0.352487857583619,-0.407913970831709,-1.47990925677698,51,"reactome","Casp3; Cycs; Bcl2l1; Casp9; Tfdp2; Bbc3; Trp53bp2; Bax; Casp7; Apip; Apaf1; Ppp1r13b; Ywhah; Bid; Xiap; Uaca; C1qbp; Ppp3cc; Bmf; Septin4","liver","MHU-2","GLDS-617","Stat_(Space Flight & uG)v(Ground Control & 1G on Earth)",1,"flight_positive"
"REACTOME_INTRINSIC_PATHWAY_OF_FIBRIN_CLOT_FORMATION",0.0534351145038168,0.213530908546625,0.271288554688953,-0.522327746490884,-1.49147308944323,19,"reactome","Serpine2; Serpinc1; Pros1; F11; Serpina5; Proc; Serping1; F12; C1qbp; Prcp; F10; F2; Klkb1","liver","MHU-2","GLDS-617","Stat_(Space Flight & uG)v(Ground Control & 1G on Earth)",1,"flight_positive"
"REACTOME_INWARDLY_RECTIFYING_K_CHANNELS",0.193486590038314,0.472885176345797,0.136490437780413,-0.428936810432177,-1.25469915942336,21,"reactome","Gabbr2; Gng2; Gnb4; Gng10; Kcnj8; Gng11; Gabbr1; Gng5; Kcnj16; Gngt2","liver","MHU-2","GLDS-617","Stat_(Space Flight & uG)v(Ground Control & 1G on Earth)",1,"flight_positive"
"REACTOME_ION_CHANNEL_TRANSPORT",0.736660929432014,0.923798259095835,0.052805004567129,-0.210377748762028,-0.860757343475938,109,"reactome","Atp9a; Ttyh1; Fxyd3; Tsc22d3; Atp6v1g1; Ano8; Tcirg1; Sri; Nedd4l; Atp6v1d; Mcoln1; Camk2b; Atp4a; Ano10; Fxyd1; Rps27a; Atp6v0b; Atp1b2; Clcn6; Ubc; Clcn2; Atp8b4; Uba52; Atp2a3; Atp6ap1; Stom; Atp1b1","liver","MHU-2","GLDS-617","Stat_(Space Flight & uG)v(Ground Control & 1G on Earth)",1,"flight_positive"
"REACTOME_ION_HOMEOSTASIS",0.429175475687104,0.736644526806356,0.0905428948469474,0.301205673290156,1.01189845224576,31,"reactome","Atp2b1; Atp2a2; Stim1; Itpr2; Atp2b4; Itpr1; Asph","liver","MHU-2","GLDS-617","Stat_(Space Flight & uG)v(Ground Control & 1G on Earth)",1,"flight_positive"
"REACTOME_ION_TRANSPORT_BY_P_TYPE_ATPASES",0.664845173041894,0.891698542147806,0.0602484086158019,-0.259904829263937,-0.88078909932361,37,"reactome","Atp9a; Fxyd3; Sri; Camk2b; Atp4a; Fxyd1; Atp1b2; Atp8b4; Atp2a3; Atp1b1; Pdzd11; Atp11b; Atp1a1; Fxyd6; Atp10d; Camk2d; Calm1; Atp1b3","liver","MHU-2","GLDS-617","Stat_(Space Flight & uG)v(Ground Control & 1G on Earth)",1,"flight_positive"
"REACTOME_IRAK4_DEFICIENCY_TLR2_4",0.255411255411255,0.559458095916429,0.125033367555272,0.40196743256159,1.18142620245512,18,"reactome","Cd36; Fga; Ly96; Tlr6; Fgg; Fgb","liver","MHU-2","GLDS-617","Stat_(Space Flight & uG)v(Ground Control & 1G on Earth)",1,"flight_positive"
"REACTOME_IRE1ALPHA_ACTIVATES_CHAPERONES",5.34778894650944e-06,8.78934989756955e-05,0.610526878385931,0.57846790205706,2.14657013052541,49,"reactome","Dnajb11; Dnajc3; Hspa5; Hyou1; Pdia6; Gosr2; Edem1; Syvn1; Ern1; Xbp1; Dnajb9; Preb; Lmna; Tatdn2; Shc1; Gfpt1; Srprb; Sec31a; Ddx11; Sult1a1; Atp6v0d1; Gsk3a; Tspyl2","liver","MHU-2","GLDS-617","Stat_(Space Flight & uG)v(Ground Control & 1G on Earth)",1,"flight_positive"
"REACTOME_IRON_UPTAKE_AND_TRANSPORT",0.220417633410673,0.513569798402434,0.141225119642531,0.318508076505266,1.19239195023605,52,"reactome","Atp6v1a; Slc40a1; Ubb; Lcn2; Cul1; Cp; Steap4; Atp6v0d2; Atp6v1b2; Fth1; Tfrc; Hmox1; Atp6v0a2","liver","MHU-2","GLDS-617","Stat_(Space Flight & uG)v(Ground Control & 1G on Earth)",1,"flight_positive"
"REACTOME_IRS_MEDIATED_SIGNALLING",0.0383111199485491,0.16402954297299,0.321775918075361,0.445280318736014,1.52032638666409,33,"reactome","Fgf1; Pik3r2; Irs2; Pdpk1; Fgfr2; Klb; Ptpn11; Kras; Pik3r1; Trib3; Frs2; Pik3ca; Flt3; Fgf9","liver","MHU-2","GLDS-617","Stat_(Space Flight & uG)v(Ground Control & 1G on Earth)",1,"flight_positive"
"REACTOME_ISG15_ANTIVIRAL_MECHANISM",0.623556581986143,0.874418822354667,0.0751181635276301,0.233249584291909,0.921067212911199,67,"reactome","Ubb; Ranbp2; Kpna1; Eif4g2; Eif2ak2; Arih1; Kpna4; Nup50; Eif4a2; Seh1l; Pin1; Ifit1bl1; Becn1; Rae1; Stat1; Kpnb1; Nup188; Nup62; Nup98; Nup93; Nup88; Eif4g1; Irf3; Nup205; Nup133; Nup43; Tpr; Ube2e1; Ppm1b; Eif4a3","liver","MHU-2","GLDS-617","Stat_(Space Flight & uG)v(Ground Control & 1G on Earth)",1,"flight_positive"
"REACTOME_JNK_C_JUN_KINASES_PHOSPHORYLATION_AND_ACTIVATION_MEDIATED_BY_ACTIVATED_HUMAN_TAK1",0.0210385998284537,0.102087301072354,0.352487857583619,0.506453474600892,1.55936761100073,21,"reactome","Ubb; Traf6; Irak2; Map2k7; Map3k7; Tab3; Mapk9; Map2k4; Ikbkg; Tab1; Tab2","liver","MHU-2","GLDS-617","Stat_(Space Flight & uG)v(Ground Control & 1G on Earth)",1,"flight_positive"
"REACTOME_KEAP1_NFE2L2_PATHWAY",0.000112764622405504,0.001115603400303,0.538434096309916,0.421620715844349,1.85020940043187,109,"reactome","Vcp; Psmd11; Psmd1; Psmd3; Mafg; Psmd2; Sqstm1; Psmc4; Ufd1; Ubb; Adrm1; Gclm; Psmc1; Psmc2; Gsr; Nploc4; Psmc5; Psmd7; Abcc3; Srxn1; Psmd14; Psmd12; Nqo1; Psma1; Bach1; Psma7; Psmc6; Cul1; Abcf2; Txnrd1; Psma5; Psmd6; Gclc; Psmc3; Psmb4; Gsta3; Sp1; Hmox1; Psmb2; Ep300; Psmd13","liver","MHU-2","GLDS-617","Stat_(Space Flight & uG)v(Ground Control & 1G on Earth)",1,"flight_positive"
"REACTOME_KERATAN_SULFATE_BIOSYNTHESIS",0.552083333333333,0.830353959765724,0.0760837160951725,0.296997954553693,0.914455155489777,21,"reactome","St3gal1; B4galt1; St3gal4; St3gal6; Prelp","liver","MHU-2","GLDS-617","Stat_(Space Flight & uG)v(Ground Control & 1G on Earth)",1,"flight_positive"
"REACTOME_KERATAN_SULFATE_KERATIN_METABOLISM",0.748400852878465,0.930302081002461,0.0621124188949471,0.25310657437345,0.816168613333756,27,"reactome","St3gal1; B4galt1; St3gal4; Gns; St3gal6; Prelp","liver","MHU-2","GLDS-617","Stat_(Space Flight & uG)v(Ground Control & 1G on Earth)",1,"flight_positive"
"REACTOME_KERATINIZATION",0.159259259259259,0.438608608608609,0.149207542435322,-0.393557166977432,-1.26872729728237,30,"reactome","Prss8; Krt8; Krt7; Capn1; Krt19; Klk8; Pkp1; Pkp2","liver","MHU-2","GLDS-617","Stat_(Space Flight & uG)v(Ground Control & 1G on Earth)",1,"flight_positive"
"REACTOME_KIDNEY_DEVELOPMENT",0.818348623853211,0.958610106051154,0.0509082865515105,-0.243280647152071,-0.757544942079044,26,"reactome","Wnt4; Hoxb4; Foxc1; Plac8; Jag1; Wt1; Wfdc2; Hnf1b; Itga8; Gfra1; Bmp4; Wnt9b","liver","MHU-2","GLDS-617","Stat_(Space Flight & uG)v(Ground Control & 1G on Earth)",1,"flight_positive"
"REACTOME_KINESINS",0.32183908045977,0.628264411855375,0.11331290842208,0.302544013785927,1.10275020068203,46,"reactome","Tubb4b; Tuba4a; Tuba1c; Kifap3; Kif21b; Kif5b; Kif5a; Kif1b; Kif16b; Tubb2a","liver","MHU-2","GLDS-617","Stat_(Space Flight & uG)v(Ground Control & 1G on Earth)",1,"flight_positive"
"REACTOME_KSRP_KHSRP_BINDS_AND_DESTABILIZES_MRNA",0.553014553014553,0.830353959765724,0.0758886900606117,0.331331516788223,0.947761784013357,16,"reactome","Dcp2; Khsrp; Exosc3; Parn; Exosc2","liver","MHU-2","GLDS-617","Stat_(Space Flight & uG)v(Ground Control & 1G on Earth)",1,"flight_positive"
"REACTOME_L1CAM_INTERACTIONS",0.856392294220666,0.975043293643417,0.0466948041282054,-0.199724531983361,-0.790132337220131,86,"reactome","Itgav; Cntn2; Sptan1; Dlg4; Egfr; Sdcbp; Lama1; Lamb1; Dlg3; Src; Lypla2; Sptbn1; Map2k1; Ank3; Cntnap1; Dpysl2; Scn1b; Nfasc; Rps6ka1; Tuba1b; Shtn1; Tubb4a; Csnk2b; Kif4; Lamc1; Ank1; Itga5; Rps6ka5; Tubb6","liver","MHU-2","GLDS-617","Stat_(Space Flight & uG)v(Ground Control & 1G on Earth)",1,"flight_positive"
"REACTOME_LAGGING_STRAND_SYNTHESIS",0.0684410646387833,0.252686394445363,0.237793834423688,-0.500533737580049,-1.45430857417914,20,"reactome","Rpa1; Rpa3; Pold4; Rfc2; Pold2; Pold1; Pola2; Pold3; Pcna; Dna2","liver","MHU-2","GLDS-617","Stat_(Space Flight & uG)v(Ground Control & 1G on Earth)",1,"flight_positive"
"REACTOME_LAMININ_INTERACTIONS",0.140740740740741,0.405126595522076,0.159646701919906,-0.402323914012743,-1.29698903968053,30,"reactome","Lama3; Itgav; Nid2; Lama2; Lama1; Lamb1; Col4a4; Col4a6; Lamc3; Itgb4","liver","MHU-2","GLDS-617","Stat_(Space Flight & uG)v(Ground Control & 1G on Earth)",1,"flight_positive"
"REACTOME_LATE_ENDOSOMAL_MICROAUTOPHAGY",0.364839319470699,0.675778945623214,0.0934449219410994,-0.336250589472127,-1.0832800186636,31,"reactome","Vim; Hbb-bt; Vps28; Plin3; Mvb12a; Rps27a; Ubc; Uba52","liver","MHU-2","GLDS-617","Stat_(Space Flight & uG)v(Ground Control & 1G on Earth)",1,"flight_positive"
"REACTOME_LATE_SARS_COV_2_INFECTION_EVENTS",0.0247074118766418,0.117101640475805,0.352487857583619,0.353765285605828,1.38423451451048,65,"reactome","Stt3b; St6galnac3; St3gal1; St6gal1; Ubb; Magt1; Canx; Stt3a; St3gal4; Man1b1; Man2a1; Zdhhc5; Zdhhc8","liver","MHU-2","GLDS-617","Stat_(Space Flight & uG)v(Ground Control & 1G on Earth)",1,"flight_positive"
"REACTOME_LDL_CLEARANCE",0.595057034220532,0.851480173891549,0.0676760401641789,-0.304749268441575,-0.88545374825713,20,"reactome","Lsr; Npc1; Ldlr; Ces3b; Npc2; Pcsk9; Soat1; Ces3a; Lipa","liver","MHU-2","GLDS-617","Stat_(Space Flight & uG)v(Ground Control & 1G on Earth)",1,"flight_positive"
"REACTOME_LEISHMANIA_INFECTION",0.95273631840796,1,0.0579754757571486,0.172506002765589,0.787334392948253,144,"reactome","C3; Jun; Nt5e; Nckap1; Actg1; Actb; Il1a; Txnip; Gnai3; Adcy9; Fyn; Entpd5; Itpr2; Itpr1; Wasl; Pycard; Dvl3; Hmox1; Dock1; Myo5a; Vav3; Crk; Nlrp3","liver","MHU-2","GLDS-617","Stat_(Space Flight & uG)v(Ground Control & 1G on Earth)",1,"flight_positive"
"REACTOME_LISTERIA_MONOCYTOGENES_ENTRY_INTO_HOST_CELLS",0.333333333333333,0.638471177944862,0.107140237276725,0.375453255513253,1.10349813922418,18,"reactome","Stam2; Ubb; Cbll1; Met; Eps15; Hgs","liver","MHU-2","GLDS-617","Stat_(Space Flight & uG)v(Ground Control & 1G on Earth)",1,"flight_positive"
"REACTOME_LYSOSOME_VESICLE_BIOGENESIS",0.664502164502164,0.891698542147806,0.0686325631836726,0.261624227521877,0.864665719013701,30,"reactome","Txndc5; Ap1g1; Cltb; Hgs; Arrb1; Gns; Cltc","liver","MHU-2","GLDS-617","Stat_(Space Flight & uG)v(Ground Control & 1G on Earth)",1,"flight_positive"
"REACTOME_MAP2K_AND_MAPK_ACTIVATION",0.141906873614191,0.406188494979945,0.175204047558551,0.355618298097654,1.27384296297298,39,"reactome","Actg1; Actb; Fga; Mark3; Itgb3; Arrb1; Fn1; Kras; Fgg; Ksr2; Mapk1; Fgb; Map2k2; Braf; Nras; Apbb1ip; Tln1; Ywhab; Il17rd","liver","MHU-2","GLDS-617","Stat_(Space Flight & uG)v(Ground Control & 1G on Earth)",1,"flight_positive"
"REACTOME_MAP3K8_TPL2_DEPENDENT_MAPK1_3_ACTIVATION",0.852390852390852,0.971573018552884,0.0547939500773363,0.251501179370376,0.71940999984582,16,"reactome","Ubb; Cul1; Map2k4; Ikbkg","liver","MHU-2","GLDS-617","Stat_(Space Flight & uG)v(Ground Control & 1G on Earth)",1,"flight_positive"
"REACTOME_MAPK1_MAPK3_SIGNALING",1.76692424904132e-06,3.67448124443492e-05,0.643551836150722,0.379413363821788,1.84631027509675,221,"reactome","Fgf1; Psmd11; Psmd1; Psmd3; Rasgrf2; Psmd2; Psmc4; Pik3r2; Rasgrp3; Ubb; Icmt; Adrm1; Psmc1; Il2rb; Psmc2; Hgf; Abhd17c; Actg1; Psmc5; Irs2; Actb; Psmd7; Spred1; Ppp2r1b; Psmd14; Fga; Psmd12; Rasa1; Psma1; Psma7; Psmc6; Dusp4; Mark3; Rasal2; Met; Fyn; Dusp1; Ppp2r5e; Psma5; Rasa2; Fgfr2; Psmd6; Itgb3; Syngap1; Klb; Psmc3; Psmb4; Shc1; Dab2ip; Arrb1; Csf2rb2; Ptpn11; Rgl1; Psmb2; Fn1; Kras; Psmd13; Shoc2; Pik3r1; Kbtbd7; Psma6; Ptpn7; Ppp2r5c; Il3ra; Spred2; Dusp6; Fgg; Frs2; Ksr2; Il6st; Ppp2ca; Abhd17b; Psma2; Rasal3; Rapgef2; Pdgfra; Mapk1; Pik3ca; Fgb; Tgfa; Flt3","liver","MHU-2","GLDS-617","Stat_(Space Flight & uG)v(Ground Control & 1G on Earth)",1,"flight_positive"
"REACTOME_MAPK6_MAPK4_SIGNALING",5.17766626341262e-05,0.000555372833938681,0.557332238758646,0.474207870273294,1.91643293365372,72,"reactome","Psmd11; Psmd1; Psmd3; Psmd2; Psmc4; Ubb; Adrm1; Jun; Psmc1; Psmc2; Psmc5; Psmd7; Psmd14; Psmd12; Etv4; Psma1; Ago2; Psma7; Psmc6; Psma5; Psmd6; Psmc3; Psmb4; Septin7; Psmb2; Psmd13; Psma6; Kalrn; Tnrc6b","liver","MHU-2","GLDS-617","Stat_(Space Flight & uG)v(Ground Control & 1G on Earth)",1,"flight_positive"
"REACTOME_MAPK_FAMILY_SIGNALING_CASCADES",3.1643176838248e-05,0.000354334035144777,0.557332238758646,0.349259869824683,1.73324461087343,256,"reactome","Fgf1; Psmd11; Psmd1; Psmd3; Rasgrf2; Psmd2; Psmc4; Pik3r2; Rasgrp3; Ubb; Icmt; Adrm1; Jun; Psmc1; Il2rb; Psmc2; Hgf; Abhd17c; Actg1; Psmc5; Irs2; Actb; Psmd7; Spred1; Ppp2r1b; Psmd14; Fga; Psmd12; Rasa1; Etv4; Psma1; Ago2; Psma7; Psmc6; Dusp4; Mark3; Rasal2; Met; Fyn; Dusp1; Ppp2r5e; Psma5; Rasa2; Fgfr2; Psmd6; Itgb3; Syngap1; Klb; Psmc3; Psmb4; Shc1; Septin7; Dab2ip; Arrb1; Csf2rb2; Ptpn11; Rgl1; Psmb2; Fn1; Kras; Psmd13; Shoc2; Pik3r1; Kbtbd7; Psma6; Ptpn7; Ppp2r5c; Il3ra; Kalrn; Spred2; Dusp6","liver","MHU-2","GLDS-617","Stat_(Space Flight & uG)v(Ground Control & 1G on Earth)",1,"flight_positive"
"REACTOME_MAPK_TARGETS_NUCLEAR_EVENTS_MEDIATED_BY_MAP_KINASES",0.0212106446566857,0.102434345522098,0.352487857583619,0.47822248287634,1.5805210049601,30,"reactome","Jun; Ppp2r1b; Atf2; Dusp4; Rps6ka2; Dusp3; Atf1; Mef2c; Mapk9; Rps6ka3; Dusp6; Ppp2ca; Mapk1; Fos; Creb1; Ppp2r1a; Vrk3","liver","MHU-2","GLDS-617","Stat_(Space Flight & uG)v(Ground Control & 1G on Earth)",1,"flight_positive"
"REACTOME_MATERNAL_TO_ZYGOTIC_TRANSITION_MZT",0.638636363636364,0.881221905961769,0.0730744399126987,0.224714613661989,0.908147066489886,72,"reactome","Ung; Cnot1; Ago2; Tut4; Dicer1; Cnot10; Eif4b; Cnot4; Cnot2; Eif4a2; Ep300; H2ac18; H4c16; Cnot9; Kdm6a; H2ax; H4c12; H3c1; Cnot6l; Cnot11; Eif4g1; Tut7; Kdm5a; Tet3; Mettl23; H3c2","liver","MHU-2","GLDS-617","Stat_(Space Flight & uG)v(Ground Control & 1G on Earth)",1,"flight_positive"
"REACTOME_MATURATION_OF_SARS_COV_2_NUCLEOPROTEIN",0.955684007707129,1,0.0460457683018055,-0.221385288792944,-0.593079239579544,15,"reactome","Sumo1; Parp4","liver","MHU-2","GLDS-617","Stat_(Space Flight & uG)v(Ground Control & 1G on Earth)",1,"flight_positive"
"REACTOME_MATURATION_OF_SARS_COV_2_SPIKE_PROTEIN",0.00506500787366507,0.0330848911747738,0.407017918923954,0.484653660502451,1.72581688606888,38,"reactome","Stt3b; St6galnac3; St3gal1; St6gal1; Magt1; Canx; Stt3a; St3gal4; Man1b1; Man2a1; Zdhhc5; Zdhhc8","liver","MHU-2","GLDS-617","Stat_(Space Flight & uG)v(Ground Control & 1G on Earth)",1,"flight_positive"
"REACTOME_MATURATION_OF_TCA_ENZYMES_AND_REGULATION_OF_TCA_CYCLE",0.196564885496183,0.474643645309504,0.135002033828631,-0.441959118847445,-1.2619856724508,19,"reactome","Cs; Sdhd; Sdhb; Sdha; Aco2; Nfs1; Sdhaf4; Sirt3","liver","MHU-2","GLDS-617","Stat_(Space Flight & uG)v(Ground Control & 1G on Earth)",1,"flight_positive"
"REACTOME_MECHANICAL_LOAD_ACTIVATES_SIGNALING_BY_PIEZO1_AND_INTEGRINS_IN_OSTEOCYTES",0.689059500959693,0.90134997622327,0.0610363728309177,-0.301390473716426,-0.821351754427889,16,"reactome","Itgav; Spp1","liver","MHU-2","GLDS-617","Stat_(Space Flight & uG)v(Ground Control & 1G on Earth)",1,"flight_positive"
"REACTOME_MEIOSIS",0.595744680851064,0.851480173891549,0.0642140881844605,-0.242211611761572,-0.937483548266661,73,"reactome","Rpa1; Rec8; Cdk2; Msh5; Rpa3; H2bc21; H2az2; H3f3a; Psmc3ip; H2ac19; H3c4; Stag2; Cdk4; Top3a; H3f3b; Mlh3; Rbbp8; H3c15; H2bc6; Brca2; H2aj; Syce2; Rad51; H4c17; Tex12","liver","MHU-2","GLDS-617","Stat_(Space Flight & uG)v(Ground Control & 1G on Earth)",1,"flight_positive"
"REACTOME_MEIOTIC_RECOMBINATION",0.0711743772241993,0.260887375508846,0.224966093540314,-0.384778135583351,-1.37209258740775,48,"reactome","Rpa1; Cdk2; Msh5; Rpa3; H2bc21; H2az2; H3f3a; Psmc3ip; H2ac19; H3c4; Cdk4; Top3a; H3f3b; Mlh3; Rbbp8; H3c15; H2bc6; Brca2; H2aj; Rad51; H4c17","liver","MHU-2","GLDS-617","Stat_(Space Flight & uG)v(Ground Control & 1G on Earth)",1,"flight_positive"
"REACTOME_MEIOTIC_SYNAPSIS",0.884615384615385,0.987319909006656,0.0570059526582387,0.19943795024308,0.722967103341921,44,"reactome","Dido1; Syne2; Acd; Lmna; Syne1; H2ac18; H4c16; Stag1","liver","MHU-2","GLDS-617","Stat_(Space Flight & uG)v(Ground Control & 1G on Earth)",1,"flight_positive"
"REACTOME_METABOLIC_DISORDERS_OF_BIOLOGICAL_OXIDATION_ENZYMES",0.183368869936034,0.464509610414023,0.149207542435322,0.384824347417068,1.24090634463347,27,"reactome","Fmo3; Mat1a; Ugt1a1; Cyp26b1; Gclm; Gss; Slc35d1; Gclc","liver","MHU-2","GLDS-617","Stat_(Space Flight & uG)v(Ground Control & 1G on Earth)",1,"flight_positive"
"REACTOME_METABOLISM_OF_AMINO_ACIDS_AND_DERIVATIVES",0.00114422644936302,0.00925370438016599,0.45505986738723,-0.313065427025579,-1.46939891678064,297,"reactome","Dio1; Qdpr; Tat; Haao; Kyat1; Paox; Slc25a44; Rpl36al; Aadat; Aspg; Inmt; Ass1; Gamt; Hgd; Rps24; Hnmt; Rpl36a; Prodh; Rpl22l1; Pycr1; Hao1; Rpl26; Rpl15; Slc44a1; Arg1; Sds; Papss2; Tst; Nmral1; Rpl12; Rpl27; Mpst; Rpsa; Rps17; Glul; Got1; Gls2; Rps12; Rplp0; Rplp1; Acmsd; Rpl31; Rpl35a; Rpl13a; Rps20; Rps27l; Rpl39; Rpl17; Ogdh; Dlst; Rps7; Tstd1; Rps14; Otc; Sdsl; Bckdhb; Rpl23; Rpl3; Rps9; Rps21; Ddo; Rpl19; Sms; Pstk; Rps16; Psph; Rpl10a; Gpt2; Rps10; Adi1; Slc45a2; Rps15; Rps27a; Rpl38; Gpt; Pah; Rpl29; Rps3a1; Carns1; Rpl18; Slc25a12; Uba52; Rps6; Slc7a5; Aspa; Rpl13; Rpl35; Slc25a10; Rpl30; Mccc1; Rps11; Ckb; Rpl8; Slc6a12; Rps29; Mrps36; Rpl32; Sat1; Bhmt2; Asl; Apip; Rpl21; Rpl7; Psmb5; Sem1; Oaz2; Rps23; Slc6a8; Rpl10; Rpl7a","liver","MHU-2","GLDS-617","Stat_(Space Flight & uG)v(Ground Control & 1G on Earth)",1,"flight_positive"
"REACTOME_METABOLISM_OF_CARBOHYDRATES_AND_CARBOHYDRATE_DERIVATIVES",1.06746326935914e-05,0.000146992577226616,0.593325476396405,-0.377235109326708,-1.73302936891012,230,"reactome","Pklr; Eno1; Gale; Tkt; Pgd; Khk; Pygl; Tkfc; Pfkfb1; Gys2; Gusb; Gpi1; Gapdh; Taldo1; Aldob; Phkb; Cspg5; Fbp1; G6pdx; Manba; Gbe1; Nup210; Tpi1; Man2b2; Bgn; Slc35b2; Aldh1a7; Papss2; B4galt4; Prps2; Ndst2; Slc37a2; Fut4; Fmod; Naglu; Pgk1; Pygb; Galns; Arsb; Galk1; Glb1; Ndc1; Pgm2; Pgam1; Aldoc; Gpc3; Rps27a; Ubc; Slc2a1; Nup107; Uba52; Slc35d2; Ogn; Man2c1; Rpia; Nup85; Pgls","liver","MHU-2","GLDS-617","Stat_(Space Flight & uG)v(Ground Control & 1G on Earth)",1,"flight_positive"
"REACTOME_METABOLISM_OF_COFACTORS",0.0970149253731343,0.322060682680152,0.195789002148949,-0.457676840173494,-1.38621224839709,24,"reactome","Coq7; Spr; Coq2; Idh1; Aco1; Hpdl; Coq6; Coq8a; Coq9; Stard7; Calm1","liver","MHU-2","GLDS-617","Stat_(Space Flight & uG)v(Ground Control & 1G on Earth)",1,"flight_positive"
"REACTOME_METABOLISM_OF_FAT_SOLUBLE_VITAMINS",0.514285714285714,0.804918507596303,0.0718276293603809,-0.272890419029112,-0.949761901262099,42,"reactome","Rbp1; Rdh11; Lrp2; Apom; Apoa1; Lpl; Ldlr; Gpc3; Akr1c18; Apoc2; Gpc2; Lrp10; Apoc3; Apoe; Bco2","liver","MHU-2","GLDS-617","Stat_(Space Flight & uG)v(Ground Control & 1G on Earth)",1,"flight_positive"
"REACTOME_METABOLISM_OF_FOLATE_AND_PTERINES",0.345489443378119,0.652201740911418,0.09754492162472,-0.400882619757866,-1.09248855478947,16,"reactome","Folr2; Slc19a1; Slc46a1; Shmt1; Aldh1l1","liver","MHU-2","GLDS-617","Stat_(Space Flight & uG)v(Ground Control & 1G on Earth)",1,"flight_positive"
"REACTOME_METABOLISM_OF_NITRIC_OXIDE_NOS3_ACTIVATION_AND_REGULATION",0.352813852813853,0.662094504635941,0.103576326612592,0.379095303800444,1.09122872099414,17,"reactome","Nmt1; Ddah1; Wasl; Zdhhc21; Nos3","liver","MHU-2","GLDS-617","Stat_(Space Flight & uG)v(Ground Control & 1G on Earth)",1,"flight_positive"
"REACTOME_METABOLISM_OF_NUCLEOTIDES",0.37037037037037,0.676487180016373,0.0886261133285098,-0.270315037825455,-1.06512187415953,84,"reactome","Rrm2; Tk1; Aprt; Uck1; Ak2; Upp2; Umps; Nudt18; Entpd4; Nme1; Dctpp1; Nt5c; Dnph1; Nme4; Upp1; Nudt1; Nt5c3; Dtymk; Tk2; Nt5c2; Entpd2; Entpd6; Gmpr; Ak1; Dck; Nme2; Dut; Gart; Adk; Dctd","liver","MHU-2","GLDS-617","Stat_(Space Flight & uG)v(Ground Control & 1G on Earth)",1,"flight_positive"
"REACTOME_METABOLISM_OF_POLYAMINES",3.16999451823031e-06,5.98461554364473e-05,0.627256739718528,0.600974319683564,2.19050624516644,46,"reactome","Psmd11; Psmd1; Psmd3; Psmd2; Psmc4; Adrm1; Psmc1; Psmc2; Psmc5; Psmd7; Psmd14; Psmd12; Nqo1; Psma1; Psma7; Psmc6; Psma5; Psmd6; Psmc3; Psmb4; Psmb2; Psmd13; Psma6","liver","MHU-2","GLDS-617","Stat_(Space Flight & uG)v(Ground Control & 1G on Earth)",1,"flight_positive"
"REACTOME_METABOLISM_OF_PORPHYRINS",0.0591497227356747,0.228308967680502,0.252961123069611,-0.472890180156365,-1.45537309760527,25,"reactome","Fabp1; Ugt1a5; Abcg2; Urod; Ppox; Alas2; Blvra","liver","MHU-2","GLDS-617","Stat_(Space Flight & uG)v(Ground Control & 1G on Earth)",1,"flight_positive"
"REACTOME_METABOLISM_OF_STEROIDS",4.62345575424665e-06,7.91805950396512e-05,0.610526878385931,-0.454057008610667,-1.92016547391055,131,"reactome","Acacb; Elovl6; Fasn; Pmvk; Scd1; Sc5d; Dhcr7; Fdps; Acaca; Cyp27a1; Cyp7b1; Gpam; Tm7sf2; Hsd17b12; Serpina6; Lrp2; Fdxr; Srd5a1; Slc10a2; Ggps1; Fdx1; Amacr; Tspo; Lss; Srebf1; Scd2; Stard5; Scap; Insig1; Tspoap1; Osbpl9; Mbtps2; Nsdhl","liver","MHU-2","GLDS-617","Stat_(Space Flight & uG)v(Ground Control & 1G on Earth)",1,"flight_positive"
"REACTOME_METABOLISM_OF_STEROID_HORMONES",0.0163285150139435,0.0844606944122257,0.352487857583619,-0.531486283504483,-1.60976639274489,24,"reactome","Hsd17b12; Serpina6; Fdxr; Srd5a1; Fdx1; Tspo; Tspoap1; Cyp21a1; Srd5a2; Hsd17b2; Stard3","liver","MHU-2","GLDS-617","Stat_(Space Flight & uG)v(Ground Control & 1G on Earth)",1,"flight_positive"
"REACTOME_METABOLISM_OF_VITAMINS_AND_COFACTORS",0.00411842089344636,0.0277925224531248,0.407017918923954,-0.336859474570681,-1.48743479672824,174,"reactome","Acacb; Fasn; Cyb5r3; Rbp1; Acaca; Rdh11; Slc23a1; Acp5; Nadsyn1; Coq7; Lrp2; Qprt; Nmrk1; Spr; Apom; Folr2; Coq2; Apoa1; Lpl; Slc19a1; Lmbrd1; Pdxk; Slc46a1; Ldlr; Nfs1; Slc23a2; Gpc3; Pcca; Cd320; Idh1; Aco1; Slc2a1; Slc19a2; Akr1c18; Hpdl; Enpp3; Pank1; Ppcdc; Parp4; Nmnat2; Mccc1; Coq6; Apoc2; Pdzd11; Naxe","liver","MHU-2","GLDS-617","Stat_(Space Flight & uG)v(Ground Control & 1G on Earth)",1,"flight_positive"
"REACTOME_METABOLISM_OF_WATER_SOLUBLE_VITAMINS_AND_COFACTORS",0.00483764463765493,0.0320101291283791,0.407017918923954,-0.372074736417055,-1.52304328248975,110,"reactome","Acacb; Fasn; Cyb5r3; Acaca; Slc23a1; Acp5; Nadsyn1; Lrp2; Qprt; Nmrk1; Folr2; Slc19a1; Lmbrd1; Pdxk; Slc46a1; Nfs1; Slc23a2; Pcca; Cd320; Slc2a1; Slc19a2; Enpp3; Pank1; Ppcdc; Parp4; Nmnat2; Mccc1","liver","MHU-2","GLDS-617","Stat_(Space Flight & uG)v(Ground Control & 1G on Earth)",1,"flight_positive"
"REACTOME_METALLOPROTEASE_DUBS",0.462039045553145,0.764314589965349,0.0878312634480124,0.312424678968743,0.990253147145923,25,"reactome","Ubb; Psmd14; Abraxas2; Brcc3; Ep300; Nlrp3; H2ac18","liver","MHU-2","GLDS-617","Stat_(Space Flight & uG)v(Ground Control & 1G on Earth)",1,"flight_positive"
"REACTOME_METAL_ION_SLC_TRANSPORTERS",0.00350699363764744,0.0246457001156051,0.431707695803346,0.581933261558803,1.80500810654197,23,"reactome","Slc41a2; Slc40a1; Slc39a14; Slc30a5; Cp; Slc39a5; Slc31a1; Slc39a8; Slc39a7; Slc30a8; Slc39a6; Slc30a3; Slc30a10","liver","MHU-2","GLDS-617","Stat_(Space Flight & uG)v(Ground Control & 1G on Earth)",1,"flight_positive"
"REACTOME_MET_ACTIVATES_PTK2_SIGNALING",0.0136281473504449,0.0727072363879755,0.380730400722792,-0.509762533104466,-1.60740358219487,28,"reactome","Col1a1; Lama3; Col27a1; Col1a2; Col5a2; Col5a3; Col3a1; Lama2; Lama1; Lamb1","liver","MHU-2","GLDS-617","Stat_(Space Flight & uG)v(Ground Control & 1G on Earth)",1,"flight_positive"
"REACTOME_MET_PROMOTES_CELL_MOTILITY",0.058076225045372,0.225876615729901,0.252961123069611,-0.420691472570326,-1.43930886647219,39,"reactome","Col1a1; Lama3; Col27a1; Col1a2; Col5a2; Col5a3; Col3a1; Lama2; Lama1; Lamb1; Dock7; Src; Gab1; Lamc3","liver","MHU-2","GLDS-617","Stat_(Space Flight & uG)v(Ground Control & 1G on Earth)",1,"flight_positive"
"REACTOME_MHC_CLASS_II_ANTIGEN_PRESENTATION",0.0273120603721836,0.126504497814796,0.352487857583619,0.31201517347763,1.34061913566025,100,"reactome","Tubb4b; Dync1h1; Tuba4a; Tuba1c; Kifap3; Ctsc; Sec24d; Canx; Ap1g1; Sec24c; Dync1li1; Kif5b; Kif5a; Ap2b1; Ap2a2; Dctn5; Capza1; Ctsf; Ap2m1; Ctsh; Dctn4; Sec31a; Tubb2a; Ctso; Cltc","liver","MHU-2","GLDS-617","Stat_(Space Flight & uG)v(Ground Control & 1G on Earth)",1,"flight_positive"
"REACTOME_MICRORNA_MIRNA_BIOGENESIS",0.662313432835821,0.891698542147806,0.0615706755421678,-0.2846763912412,-0.862228248688405,24,"reactome","Polr2f; Ago4; Polr2l; Prkra; Bcdin3d; Tarbp2; Polr2d; Drosha; Polr2k; Polr2g","liver","MHU-2","GLDS-617","Stat_(Space Flight & uG)v(Ground Control & 1G on Earth)",1,"flight_positive"
"REACTOME_MISCELLANEOUS_TRANSPORT_AND_BINDING_EVENTS",0.191666666666667,0.470622489959839,0.143758989039275,0.410623116342027,1.26430643694672,21,"reactome","Magt1; Lrrc8d; Azgp1; Mmgt1; Nipal1; Mrs2; Lrrc8c","liver","MHU-2","GLDS-617","Stat_(Space Flight & uG)v(Ground Control & 1G on Earth)",1,"flight_positive"
"REACTOME_MITF_M_DEPENDENT_GENE_EXPRESSION",0.801047120418848,0.949821345347212,0.0495901956956338,-0.206784443284077,-0.828171643357011,94,"reactome","Cdh1; Mov10; Cdk2; Usp46; Smarca2; Smarcd2; Atp6v1g1; Ago4; Atp6v1d; Ccnd1; Plk1; Mcm5; Serpine1; Atp6v0b; Cdh2","liver","MHU-2","GLDS-617","Stat_(Space Flight & uG)v(Ground Control & 1G on Earth)",1,"flight_positive"
"REACTOME_MITF_M_REGULATED_MELANOCYTE_DEVELOPMENT",0.851941747572815,0.971573018552884,0.0621124188949471,0.184518805745022,0.826700578863529,127,"reactome","Stt3b; Atp6v1a; Ednrb; Actb; Smarcc2; Ago2; Tfe3; Mark3; Dicer1; Met; Atp6v1b2; Sytl2; Sin3a; Ceacam1; Arid1b; Ep300; Smarca4; Myo5a; Bcl7b; Tbx2; Zeb1; Tnrc6b","liver","MHU-2","GLDS-617","Stat_(Space Flight & uG)v(Ground Control & 1G on Earth)",1,"flight_positive"
"REACTOME_MITOCHONDRIAL_BIOGENESIS",0.467509025270758,0.769522655230282,0.077274697304471,-0.259758728551434,-1.00233916694762,74,"reactome","Acss2; Samm50; Cycs; Sirt5; Usp46; Esrra; Tmem11; Ppargc1b; Apoo; Atp5pb; Chchd3; Gabpb1; Sirt3; Mterf1a; Apool; Tbl1xr1; Smarcd3; Twnk","liver","MHU-2","GLDS-617","Stat_(Space Flight & uG)v(Ground Control & 1G on Earth)",1,"flight_positive"
"REACTOME_MITOCHONDRIAL_CALCIUM_ION_TRANSPORT",0.416349809885932,0.726473384030418,0.0862865626267245,-0.355747952847901,-1.03363122049418,20,"reactome","Micu2; Vdac1; Phb2; Vdac2; Slc8b1; Smdt1; Pmpcb; Stoml2","liver","MHU-2","GLDS-617","Stat_(Space Flight & uG)v(Ground Control & 1G on Earth)",1,"flight_positive"
"REACTOME_MITOCHONDRIAL_FATTY_ACID_BETA_OXIDATION",0.443207126948775,0.743994159025248,0.0916795246008379,0.288998490239363,0.994245722464103,35,"reactome","Acadm; Acot3; Acad10; Hadh; Acad11; Hadhb; Acadl; Acsm3","liver","MHU-2","GLDS-617","Stat_(Space Flight & uG)v(Ground Control & 1G on Earth)",1,"flight_positive"
"REACTOME_MITOCHONDRIAL_PROTEIN_DEGRADATION",0.162257495590829,0.442086598949344,0.143758989039275,-0.305702230441524,-1.20455796777712,84,"reactome","Pdk1; Cox5a; Cs; Micu2; Ndufs1; Pdha1; Fh1; Mdh2; Ndufs3; Pdhb; Aco2; Ndufa13; Ogdh; Ndufv1; Cox5b; Uqcrc2; Aldh1b1; Aldh2; Ndufb6; Uqcrq; Mrpl12; Timm10; Idh3a; Twnk","liver","MHU-2","GLDS-617","Stat_(Space Flight & uG)v(Ground Control & 1G on Earth)",1,"flight_positive"
"REACTOME_MITOCHONDRIAL_PROTEIN_IMPORT",0.000787446664226624,0.00657711599054861,0.477270815362862,-0.475860410011918,-1.78597358556741,61,"reactome","Samm50; Cyc1; Cs; Tomm5; Timm50; Coq2; Dnajc19; Hscb; Tomm6; Ndufb8; Vdac1; Aco2; Timm8a1; Otc; Timm13; Tomm7; Chchd3; Chchd7; Slc25a12; Timm10; Cox19; Timm23; Slc25a4; Timm10b; Tomm22; Timm8b; Timm44; Pam16; Idh3g; Timm9; Coa6; Pmpcb; Tomm40","liver","MHU-2","GLDS-617","Stat_(Space Flight & uG)v(Ground Control & 1G on Earth)",1,"flight_positive"
"REACTOME_MITOCHONDRIAL_TRANSLATION",0.0208003400571697,0.101414098173473,0.352487857583619,-0.355336428273071,-1.42357104661158,93,"reactome","Mrpl33; Mrps21; Mrps6; Mrpl54; Mrpl57; Mrps28; Mrpl41; Mrpl11; Mrpl27; Mrpl13; Mrpl23; Mrpl28; Mrpl58; Mrpl49; Chchd1; Aurkaip1; Mrps9; Mrpl39; Mrpl34; Mrps33; Mrpl20; Mrpl12; Mrpl14; Mtif3; Ptcd3; Mrpl42; Mrps36; Mrps11; Mrps18a","liver","MHU-2","GLDS-617","Stat_(Space Flight & uG)v(Ground Control & 1G on Earth)",1,"flight_positive"
"REACTOME_MITOCHONDRIAL_TRNA_AMINOACYLATION",0.653679653679654,0.890845510178594,0.0694481442003175,0.292090682649703,0.858486429550456,18,"reactome","Wars2; Sars2; Ears2; Cars2; Hars2; Yars2; Mars2; Nars2; Rars2","liver","MHU-2","GLDS-617","Stat_(Space Flight & uG)v(Ground Control & 1G on Earth)",1,"flight_positive"
"REACTOME_MITOCHONDRIAL_UNFOLDED_PROTEIN_RESPONSE_UPRMT",0.236084452975048,0.528725401278184,0.122107920287081,-0.444031963916653,-1.21007949616932,16,"reactome","Foxo3; Hspe1; Hspa1a","liver","MHU-2","GLDS-617","Stat_(Space Flight & uG)v(Ground Control & 1G on Earth)",1,"flight_positive"
"REACTOME_MITOPHAGY",0.633393829401089,0.876940641521345,0.0623861492893626,-0.259811916640144,-0.888892738782058,39,"reactome","Tomm5; Ulk1; Tomm6; Vdac1; Ube2n; Src; Vdac2; Rps27a; Tomm7; Ubc; Uba52","liver","MHU-2","GLDS-617","Stat_(Space Flight & uG)v(Ground Control & 1G on Earth)",1,"flight_positive"
"REACTOME_MITOTIC_G1_PHASE_AND_G1_S_TRANSITION",0.0972568578553616,0.322060682680152,0.227987202850442,0.26943500375219,1.21365010169634,135,"reactome","Psmd11; Psmd1; Psmd3; Psmd2; Psmc4; Ubb; Adrm1; Psmc1; Psmc2; Psmc5; Psmd7; Ppp2r1b; Psmd14; Psmd12; Cdkn1c; Psma1; Prim1; Psma7; Psmc6; Ccnd2; Cul1; Orc2; Lin54; E2f6; Psma5; Psmd6; Psmc3; Psmb4; Ptk6; Rbl1; Psmb2; Psmd13","liver","MHU-2","GLDS-617","Stat_(Space Flight & uG)v(Ground Control & 1G on Earth)",1,"flight_positive"
"REACTOME_MITOTIC_G2_G2_M_PHASES",0.000525727304379717,0.00453996714544857,0.477270815362862,0.345707695735067,1.63194538508112,177,"reactome","Psmd11; Mapre1; Psmd1; Psmd3; Tubb4b; Psmd2; Pafah1b1; Psmc4; Dync1h1; Tuba4a; Ubb; Tuba1c; Adrm1; Psmc1; Psmc2; Psmc5; Pcm1; Psmd7; Ppp2r1b; Psmd14; Psmd12; Cep290; Tubb5; Psma1; Psma7; Psmc6; Cul1; Cep63; Lin54; Cep135; Psma5; Psmd6; Cep250; Psmc3; Psmb4; Cep192; Psmb2; Ep300; Psmd13; Tubb2a; Psma6","liver","MHU-2","GLDS-617","Stat_(Space Flight & uG)v(Ground Control & 1G on Earth)",1,"flight_positive"
"REACTOME_MITOTIC_METAPHASE_AND_ANAPHASE",1.36354540169153e-05,0.000180448410951126,0.593325476396405,0.360170048773835,1.73018856381994,203,"reactome","Psmd11; Mapre1; Psmd1; Psmd3; Tubb4b; Psmd2; Pafah1b1; Psmc4; Dync1h1; Tuba4a; Ubb; Tuba1c; Adrm1; Psmc1; Psmc2; Cdc27; Ranbp2; Mis12; Psmc5; Psmd7; Ppp2r1b; Psmd14; Psmd12; Psma1; Zwint; Psma7; Psmc6; Sirt2; Chmp6; Dync1li1; Wapl; Ppp2r5e; Psma5; Anapc1; Psmd6; Lmna; Anapc7; Zw10; Psmc3; Hdac8; Psmb4; Vps4a; Taok1; Psmb2; Bub3; Psmd13; Seh1l; Tubb2a; Ran; Psma6; Spast; Espl1; Ppp2r5c; Cdc26; Chmp3; Pds5a","liver","MHU-2","GLDS-617","Stat_(Space Flight & uG)v(Ground Control & 1G on Earth)",1,"flight_positive"
"REACTOME_MITOTIC_PROMETAPHASE",0.758441558441558,0.937927121422267,0.0711327399327894,0.188804864461387,0.897540951730715,184,"reactome","Mapre1; Tubb4b; Pafah1b1; Dync1h1; Tuba4a; Tuba1c; Ranbp2; Mis12; Pcm1; Smc2; Ppp2r1b; Cep290; Tubb5; Zwint; Cep63; Dync1li1; Wapl; Cep135; Ppp2r5e; Nek9; Cep250; Zw10; Hdac8; Cep192; Taok1; Bub3; Seh1l; Tubb2a","liver","MHU-2","GLDS-617","Stat_(Space Flight & uG)v(Ground Control & 1G on Earth)",1,"flight_positive"
"REACTOME_MITOTIC_PROPHASE",0.997635933806147,1,0.053457214108991,0.15159084589751,0.658600591550127,105,"reactome","Ranbp2; Smc2; Ppp2r1b; Gorasp2; Uso1; Prkca; Nek9; Lmna; Rab1a; Nup50; Phf8; Seh1l; H2ac18; H4c16; Ppp2ca; Golga2; Rae1; Ppp2r2d; Nup188; Mapk1; Emd; Nup62; Nup98; H2ax; H4c12; H3c1; Nup93; Nup88","liver","MHU-2","GLDS-617","Stat_(Space Flight & uG)v(Ground Control & 1G on Earth)",1,"flight_positive"
"REACTOME_MITOTIC_SPINDLE_CHECKPOINT",0.791762013729977,0.946954802806158,0.0628003977812234,0.193627914601717,0.840649572361744,102,"reactome","Mapre1; Pafah1b1; Dync1h1; Cdc27; Ranbp2; Mis12; Ppp2r1b; Zwint; Dync1li1; Ppp2r5e; Anapc1; Anapc7; Zw10; Taok1; Bub3; Seh1l; Ppp2r5c; Cdc26","liver","MHU-2","GLDS-617","Stat_(Space Flight & uG)v(Ground Control & 1G on Earth)",1,"flight_positive"
"REACTOME_MODULATION_OF_HOST_RESPONSES_BY_IFN_STIMULATED_GENES",0.696969696969697,0.902434626745364,0.0662842187012672,0.289077031562703,0.832110438347727,17,"reactome","Hspa5; Atf6; Arih1; Ikbkg; Eif2ak3; Fkbp5","liver","MHU-2","GLDS-617","Stat_(Space Flight & uG)v(Ground Control & 1G on Earth)",1,"flight_positive"
"REACTOME_MOLECULES_ASSOCIATED_WITH_ELASTIC_FIBRES",0.0537037037037037,0.213765914351852,0.266350657088526,-0.459217560454445,-1.4803995536775,30,"reactome","Efemp1; Itgav; Ltbp4; Bmp7; Fbln1; Ltbp1; Fbln5; Mfap4","liver","MHU-2","GLDS-617","Stat_(Space Flight & uG)v(Ground Control & 1G on Earth)",1,"flight_positive"
"REACTOME_MRNA_CAPPING",0.997876857749469,1,0.048505983646947,0.14289454162438,0.470525595098859,29,"reactome","Ncbp1; Polr2i; Cdk7; Gtf2h3; Polr2c; Gtf2h1; Rnmt; Polr2h; Supt5; Gtf2f1; Polr2b; Ercc2; Rngtt; Ncbp2; Ccnh; Gtf2f2","liver","MHU-2","GLDS-617","Stat_(Space Flight & uG)v(Ground Control & 1G on Earth)",1,"flight_positive"
"REACTOME_MRNA_DECAY_BY_5_TO_3_EXORIBONUCLEASE",0.242236024844721,0.535441451880196,0.12563992130984,0.427352591862904,1.19701324034334,15,"reactome","Dcp2; Patl1; Ddx6; Edc4; Dcp1b; Lsm1; Xrn1; Dcp1a","liver","MHU-2","GLDS-617","Stat_(Space Flight & uG)v(Ground Control & 1G on Earth)",1,"flight_positive"
"REACTOME_MRNA_SPLICING",0.0811707587067076,0.28620416305237,0.287805130535564,0.252091817925752,1.22098237387279,210,"reactome","Hnrnpa3; Cherp; Wbp11; Srsf5; Ddx23; Htatsf1; Sf3a2; Hnrnpf; Snrpa; Ncbp1; Crnkl1; Rbmx2; Prpf18; Pcbp1; Dhx8; Tcerg1; Dhx38; Xab2; Polr2i; Cwc22; Prpf3; Srrt; Smu1; Cwf19l2; BC005624; Rbm5; Ppwd1; Ppil2; Pdcd7; Hnrnpu; Gpatch1; Aqr; Pcbp2; Ddx46; Fam50a; Snrnp200; Rbm42; Srsf1; Prpf19; Isy1; Ik; Cdc5l; Sf1; Prpf8; Hnrnph2; Rbm39; Dhx9; Sf3b3; Rnpc3; Cwc25; Ppil3; Usp39; Prpf4b; Polr2c; Prpf4; U2af2; Dhx15; Casc3; Hnrnpc; Prpf40a; Rbm25; Mtrex; Ddx42; Prcc; Phf5a; Snrnp48; Srsf2; Gcfc2; Hnrnpr; Snrpd1; Hnrnpd; Bcas2; Polr2h; Zfp830; Cwc15; Rbm17; Sf3a3; Gpkow; U2af1l4; Cdc40; Gtf2f1; Pnn; Srsf4; Eif4a3; Nsrp1; Sugp1; Sf3b4; Sart1; Snw1; Rbm7; Polr2b; Magoh; Snrnp70; Tfip11","liver","MHU-2","GLDS-617","Stat_(Space Flight & uG)v(Ground Control & 1G on Earth)",1,"flight_positive"
"REACTOME_MRNA_SPLICING_MINOR_PATHWAY",0.957820738137083,1,0.0417397034728504,-0.190755079821734,-0.687274511738037,50,"reactome","Txnl4a; Srsf7; Polr2f; Polr2l; Snrpd2; Snrpg; Ybx1; Polr2d; Snrnp25; Snrpe; Polr2k; Polr2g; Zmat5; Snrpf","liver","MHU-2","GLDS-617","Stat_(Space Flight & uG)v(Ground Control & 1G on Earth)",1,"flight_positive"
"REACTOME_MTORC1_MEDIATED_SIGNALLING",0.80074487895717,0.949821345347212,0.0525898950623616,-0.253127078824378,-0.756852404695566,23,"reactome","Lamtor4; Eif4ebp1; Fkbp1a; Rps6","liver","MHU-2","GLDS-617","Stat_(Space Flight & uG)v(Ground Control & 1G on Earth)",1,"flight_positive"
"REACTOME_MTOR_SIGNALLING",0.994555353901996,1,0.041488040200221,-0.146181295069871,-0.500129068034014,39,"reactome","Lamtor4; Eif4ebp1; Fkbp1a; Rps6; Tsc2","liver","MHU-2","GLDS-617","Stat_(Space Flight & uG)v(Ground Control & 1G on Earth)",1,"flight_positive"
"REACTOME_MUSCLE_CONTRACTION",0.483648881239243,0.786025853242087,0.0730744399126987,-0.241439054847634,-0.987844202559036,109,"reactome","Vim; Myl6; Mme; Fxyd3; Tpm4; Fgf12; Sri; Kcnk10; Kcnk5; Camk2b; Myl12b; Kcne4; Fxyd1; Tnnt1; Aldh2; Atp1b2; Myl12a; Wwtr1; Tnnc1; Atp2a3; Myl4; Neb; Scn1b; Atp1b1; Tpm1; Sorbs3; Itgb5; Vcl; Tpm2; Prkaca; Atp1a1; Fxyd6; Pxn; Camk2d; Kcnk2; Corin; Calm1; Anxa1; Atp1b3; Kcnk1; Anxa2","liver","MHU-2","GLDS-617","Stat_(Space Flight & uG)v(Ground Control & 1G on Earth)",1,"flight_positive"
"REACTOME_MYD88_INDEPENDENT_TLR4_CASCADE",0.0393597791131965,0.167814288352917,0.321775918075361,0.306104140311551,1.3383475962601,107,"reactome","Ubb; Jun; Traf6; Ppp2r1b; Irak2; Atf2; Dusp4; Cul1; Rps6ka2; Dusp3; Map2k7; Ly96; Atf1; Tbk1; N4bp1; Map3k7; Tab3; Mef2c; Ptpn11; Mapk9; Rps6ka3; Map2k4; Ticam2; Dusp6; Ikbkg; Ticam1; Tab1; Ppp2ca; Tab2; Ube2d2a; Mapk1; Usp14; Fos; Creb1; Ube2v1; Ikbke; Birc2; Skp1; Traf3; Mapkapk3; Ripk1; Ppp2r1a; Vrk3; Ube2d3; Irf3; Chuk","liver","MHU-2","GLDS-617","Stat_(Space Flight & uG)v(Ground Control & 1G on Earth)",1,"flight_positive"
"REACTOME_MYOGENESIS",0.278131634819533,0.580770770248164,0.11776578836269,0.378491324947613,1.16429059947068,22,"reactome","Cdh4; Tcf12; Mef2c; Neo1; Tcf4; Cdon; Mapk12; Mef2a; Mef2d; Boc; Bnip2; Ntn3","liver","MHU-2","GLDS-617","Stat_(Space Flight & uG)v(Ground Control & 1G on Earth)",1,"flight_positive"
"REACTOME_M_DECAY_DEGRADATION_OF_MATERNAL_MRNAS_BY_MATERNALLY_STORED_FACTORS",0.155650319829424,0.43454157782516,0.163180127180689,0.396218947621704,1.27764942438765,27,"reactome","Cnot1; Ago2; Dicer1; Cnot10; Eif4b; Cnot4; Cnot2; Eif4a2","liver","MHU-2","GLDS-617","Stat_(Space Flight & uG)v(Ground Control & 1G on Earth)",1,"flight_positive"
"REACTOME_M_PHASE",0.00190523601808976,0.014597259416793,0.45505986738723,0.274177821494299,1.39717997499222,346,"reactome","Psmd11; Mapre1; Psmd1; Psmd3; Tubb4b; Psmd2; Pafah1b1; Psmc4; Dync1h1; Tuba4a; Ubb; Tuba1c; Adrm1; Psmc1; Psmc2; Cdc27; Ranbp2; Mis12; Psmc5; Pcm1; Psmd7; Smc2; Ppp2r1b; Psmd14; Psmd12; Gorasp2; Cep290; Tubb5; Psma1; Zwint; Psma7; Uso1; Psmc6; Cep63; Sirt2; Chmp6; Dync1li1; Prkca; Wapl; Cep135; Ppp2r5e; Psma5; Anapc1; Nek9; Mau2; Psmd6; Cep250; Lmna; Anapc7; Zw10; Nipbl; Psmc3; Hdac8; Psmb4; Rab1a; Nup50; Cep192; Vps4a; Taok1; Psmb2; Bub3; Phf8; Psmd13; Seh1l; Tubb2a; Ran; Psma6; Spast; Espl1; Ppp2r5c; Cdc26; Chmp3; Pds5a; Tnpo1; H2ac18; H4c16; Haus6; Dynll1; Stag1; Ankle2; Ppp2ca; Golga2; Rae1; Ppp2r2d; Psma2; Csnk2a2; Kpnb1; Nup188","liver","MHU-2","GLDS-617","Stat_(Space Flight & uG)v(Ground Control & 1G on Earth)",1,"flight_positive"
"REACTOME_NCAM1_INTERACTIONS",0.0788990825688073,0.282098825044262,0.216542836735348,-0.457268938789793,-1.42387722083594,26,"reactome","Prnp; Cntn2; Col9a3; Col5a2; Col5a3; Col3a1; Col4a4; Col6a1; Col6a3; Col6a2; Cacnb4; Cacna1d; Gfra1; Agrn","liver","MHU-2","GLDS-617","Stat_(Space Flight & uG)v(Ground Control & 1G on Earth)",1,"flight_positive"
"REACTOME_NCAM_SIGNALING_FOR_NEURITE_OUT_GROWTH",0.0857142857142857,0.298098488542175,0.204294756516886,-0.385495450315867,-1.35356973515737,44,"reactome","Prnp; Cntn2; Sptan1; Col9a3; Col5a2; Col5a3; Col3a1; Src; Col4a4; Sptbn1; Hras; Col6a1; Col6a3; Col6a2; Cacnb4; Cacna1d; Ptpra; Rps6ka5; Gfra1; Agrn; Sptbn2","liver","MHU-2","GLDS-617","Stat_(Space Flight & uG)v(Ground Control & 1G on Earth)",1,"flight_positive"
"REACTOME_NEDDYLATION",1.14399652789008e-05,0.00015338585025263,0.593325476396405,0.367598258521322,1.78103580525267,211,"reactome","Dcaf5; Vcp; Psmd11; Psmd1; Psmd3; Wsb1; Psmd2; Sqstm1; Psmc4; Ufd1; Dcun1d3; Ubb; Adrm1; Psmc1; Psmc2; Nploc4; Psmc5; Asb13; Psmd7; Dcun1d4; Dcaf10; Psmd14; Psmd12; Fbxo21; Psma1; Fbxw7; Kbtbd8; Psma7; Psmc6; Cul1; Fbxo40; Cops4; Spsb3; Psma5; Ccdc8; Psmd6; Socs2; Rnf7; Wdtc1; Psmc3; Psmb4; Fem1a; Klhl11; Tulp4; Dcaf6; Psmb2; Cops8; Asb3; Psmd13; Kbtbd7; Uba3; Psma6; Dcaf7; Cish","liver","MHU-2","GLDS-617","Stat_(Space Flight & uG)v(Ground Control & 1G on Earth)",1,"flight_positive"
"REACTOME_NEF_MEDIATES_DOWN_MODULATION_OF_CELL_SURFACE_RECEPTORS_BY_RECRUITING_THEM_TO_CLATHRIN_ADAPTERS",0.114068441064639,0.35330012597224,0.181383128498408,-0.476487083392397,-1.38444064572641,20,"reactome","H2-Q10; Ap1s1; Cd4; Pacs1; Ap1s2","liver","MHU-2","GLDS-617","Stat_(Space Flight & uG)v(Ground Control & 1G on Earth)",1,"flight_positive"
"REACTOME_NEGATIVE_EPIGENETIC_REGULATION_OF_RRNA_EXPRESSION",0.889891696750903,0.988064085555596,0.0463227785794633,-0.199128485303532,-0.768383342449117,74,"reactome","Tbp; Ubtf; Polr2f; Sin3b; H2bc21; H2az2; Polr2l; Sap18; Dnmt1; H3f3a; H2ac19; H3c4; Gtf2h2; Mnat1; H3f3b; Taf1b; Polr2k; H3c15; H2bc6; H2aj; Ercc3; Polr1d; H4c17; Gtf2h5; H2bc8; Gtf2h4; Polr1e; Polr1h; Suv39h1; Polr1c","liver","MHU-2","GLDS-617","Stat_(Space Flight & uG)v(Ground Control & 1G on Earth)",1,"flight_positive"
"REACTOME_NEGATIVE_REGULATION_OF_FGFR1_SIGNALING",0.235416666666667,0.528391152716593,0.128142916898415,0.390961328124492,1.20376789341133,21,"reactome","Fgf1; Ubb; Ptpn11; Mknk1; Frs2; Ppp2ca; Mapk1; Fgf9; Braf; Ppp2r1a","liver","MHU-2","GLDS-617","Stat_(Space Flight & uG)v(Ground Control & 1G on Earth)",1,"flight_positive"
"REACTOME_NEGATIVE_REGULATION_OF_FGFR2_SIGNALING",0.141666666666667,0.406188494979945,0.169570644405628,0.430354883339136,1.32506044478002,21,"reactome","Fgf1; Ubb; Fgfr2; Ptpn11; Mknk1; Frs2; Ppp2ca; Mapk1; Fgf9; Braf","liver","MHU-2","GLDS-617","Stat_(Space Flight & uG)v(Ground Control & 1G on Earth)",1,"flight_positive"
"REACTOME_NEGATIVE_REGULATION_OF_FGFR3_SIGNALING",0.408333333333333,0.717399425287356,0.0925528864684773,0.33463327502518,1.03033411124009,21,"reactome","Fgf1; Ubb; Ptpn11; Mknk1; Frs2; Ppp2ca; Mapk1; Fgf9; Braf","liver","MHU-2","GLDS-617","Stat_(Space Flight & uG)v(Ground Control & 1G on Earth)",1,"flight_positive"
"REACTOME_NEGATIVE_REGULATION_OF_FGFR4_SIGNALING",0.186836518046709,0.464509610414023,0.147331213699377,0.411020745726099,1.26435550538064,22,"reactome","Fgf1; Ubb; Klb; Ptpn11; Mknk1; Frs2; Ppp2ca; Mapk1; Fgf9; Braf","liver","MHU-2","GLDS-617","Stat_(Space Flight & uG)v(Ground Control & 1G on Earth)",1,"flight_positive"
"REACTOME_NEGATIVE_REGULATION_OF_FLT3",0.492753623188406,0.788631868604351,0.0817515582532145,0.346760785758333,0.971275849703385,15,"reactome","Abl2; Ubb; Socs2; Sla; Flt3","liver","MHU-2","GLDS-617","Stat_(Space Flight & uG)v(Ground Control & 1G on Earth)",1,"flight_positive"
"REACTOME_NEGATIVE_REGULATION_OF_MAPK_PATHWAY",0.142533936651584,0.406840564280011,0.176694268938498,0.35485984373039,1.27880473472881,42,"reactome","Ubb; Ppp2r1b; Dusp4; Mark3; Dusp1; Ppp2r5e; Kras; Ptpn7; Ppp2r5c; Dusp6; Ppp2ca; Mapk1; Map2k2; Braf; Nras; Paqr3; Ppp2r1a; Ppp2r5b; Dusp8; Mapk12; Ywhab","liver","MHU-2","GLDS-617","Stat_(Space Flight & uG)v(Ground Control & 1G on Earth)",1,"flight_positive"
"REACTOME_NEGATIVE_REGULATION_OF_MET_ACTIVITY",0.0399456937225707,0.169225717352784,0.321775918075361,0.519970032577408,1.56448853348253,19,"reactome","Stam2; Ubb; Hgf; Met; Ptpn1; Eps15; Hgs; Sh3kbp1; Lrig1; Ptpn2","liver","MHU-2","GLDS-617","Stat_(Space Flight & uG)v(Ground Control & 1G on Earth)",1,"flight_positive"
"REACTOME_NEGATIVE_REGULATION_OF_NOTCH4_SIGNALING",9.86663970750304e-08,3.7237429118317e-06,0.704975715167238,0.649783674672381,2.35548059185421,44,"reactome","Psmd11; Psmd1; Psmd3; Psmd2; Psmc4; Ubb; Adrm1; Psmc1; Psmc2; Psmc5; Psmd7; Psmd14; Psmd12; Psma1; Fbxw7; Psma7; Psmc6; Cul1; Psma5; Psmd6; Psmc3; Psmb4; Psmb2; Psmd13; Psma6","liver","MHU-2","GLDS-617","Stat_(Space Flight & uG)v(Ground Control & 1G on Earth)",1,"flight_positive"
"REACTOME_NEGATIVE_REGULATION_OF_THE_PI3K_AKT_NETWORK",0.0683371298405467,0.252686394445363,0.261663521711573,0.305022427979603,1.30101888308149,95,"reactome","Fgf1; Pik3ap1; Pik3r2; Hgf; Traf6; Irs2; Ppp2r1b; Insr; Pip5k1c; Met; Fyn; Ppp2r5e; Fgfr2; Klb; Pip4k2b; Ptpn11; Pik3r1; Ier3; Pik3cd; Trib3; Ppp2r5c; Frs2; Pip4k2a; Ppp2ca; Phlpp1; Pdgfra; Mapk1; Pik3ca; Tgfa; Flt3; Cd28","liver","MHU-2","GLDS-617","Stat_(Space Flight & uG)v(Ground Control & 1G on Earth)",1,"flight_positive"
"REACTOME_NEGATIVE_REGULATORS_OF_DDX58_IFIH1_SIGNALING",0.69593147751606,0.902434626745364,0.0658311958368866,0.247635377040313,0.845504690291734,33,"reactome","Ubb; Atg12; Tbk1; Itch; Cyld; Atg5; Pin1; Pcbp2; Ube2d2a; Rnf216; Ikbke; Traf3; Ube2d3; Irf3; Ube2k; Tax1bp1; Rnf135","liver","MHU-2","GLDS-617","Stat_(Space Flight & uG)v(Ground Control & 1G on Earth)",1,"flight_positive"
"REACTOME_NEPHRIN_FAMILY_INTERACTIONS",0.698544698544699,0.902434626745364,0.0642140881844605,0.290924025335585,0.832177620581254,16,"reactome","Pik3r2; Fyn; Wasl; Cd2ap; Pik3r1; Pik3ca; Actn4","liver","MHU-2","GLDS-617","Stat_(Space Flight & uG)v(Ground Control & 1G on Earth)",1,"flight_positive"
"REACTOME_NERVOUS_SYSTEM_DEVELOPMENT",0.0613409415121255,0.233232908212149,0.216542836735348,-0.243552998093611,-1.19800403840558,458,"reactome","Nab2; Agap2; Rpl36al; Prnp; Itgav; Myl6; Adgrv1; Robo1; Grb7; Arpc1b; Fes; Rps24; Cntn2; Rpl36a; Sema4a; Rpl22l1; Sptan1; Rpl26; Rpl15; Col9a3; Aph1b; Dlg4; Egfr; Col5a2; Rpl12; Rpl27; Rpsa; Lyn; Rps17; Psen2; Rps12; Col5a3; Grb10; Rplp0; Plxnb1; Rplp1; Col3a1; Lama2; Rpl31; Limk1; Rpl35a; Rpl13a; Rps20; Rps27l; Sdcbp; Lama1; Myo10; Tyrobp; Lamb1; Rpl39; Dab1; Rpl17; Nck2; Pfn1; Rps7; Rps14; Dok1; Pmp22; Rpl23; Rpl3; Rps9; Rps21; Rhoc; Slit1; Ablim1; Rpl19; Rps16; Elob; Arhgap39; Rpl10a; Dlg3; Reln; Myl12b; Hjv; Rbx1; Rps10; Gspt2; Rgma; Epha3; Rps15; Epha4; Src; Rps27a; Rpl38; Ubc; Git1; Arpc2; Col4a4; Rpl29; Myl12a; Lypla2; Hmgcr; Rps3a1; Efna1; Vasp; Wwtr1; Sptbn1; Map2k1; Ank3; Rpl18; Mapk7; Uba52; Cntnap1; Rps6; Dpysl2; Erbb2; Sema5a; Gab1; Rpl13; Rpl35; Efna2; Rpl30; Rhob; Rps11; Rpl8; Scn1b; Lhx2; Rps29; Rpl32; Nfasc; Hras; Rpl21; Rpl7; Rps6ka1; Tuba1b; Col6a1; Psmb5; Sem1; Shtn1; Col6a3; Enah; Rps23; Rpl10; Rpl7a; Col6a2","liver","MHU-2","GLDS-617","Stat_(Space Flight & uG)v(Ground Control & 1G on Earth)",1,"flight_positive"
"REACTOME_NETRIN_1_SIGNALING",0.294117647058824,0.604768887026952,0.104732821580651,-0.33677232821938,-1.11528301107237,34,"reactome","Agap2; Robo1; Myo10; Slit1; Ablim1; Hjv; Rgma; Src","liver","MHU-2","GLDS-617","Stat_(Space Flight & uG)v(Ground Control & 1G on Earth)",1,"flight_positive"
"REACTOME_NEUREXINS_AND_NEUROLIGINS",0.938189845474614,1,0.0531298054705469,0.192386644275549,0.671123703936683,36,"reactome","Pdlim5; Lin7a; Epb41; Stxbp1; Sipa1l1; Shank2; Stx1a; Dbnl","liver","MHU-2","GLDS-617","Stat_(Space Flight & uG)v(Ground Control & 1G on Earth)",1,"flight_positive"
"REACTOME_NEURONAL_SYSTEM",0.658263305322129,0.891698542147806,0.0824344091527096,0.191460824730977,0.933456397058851,230,"reactome","Abat; Tubb4b; Rasgrf2; Ncald; Tuba4a; Tuba1c; Pdlim5; Cacna1a; Lin7a; Bche; Kcnma1; Kcnb1; Flot2; Slc38a2; Ppfibp1; Rps6ka2; Epb41; Prkca; Gnai3; Adcy9; Lrrc51; Pdpk1; Kcnj15; Ap2b1; Ap2a2; Nsf; Gjc1; Arhgef7; Mdm2; Ap2m1; Kcns3; Stxbp1; Rps6ka3; Prkab2; Kras; Tubb2a; Dnajc5; Cacnb2; Slc1a2; Aldh5a1; Sipa1l1; Panx1","liver","MHU-2","GLDS-617","Stat_(Space Flight & uG)v(Ground Control & 1G on Earth)",1,"flight_positive"
"REACTOME_NEUROTRANSMITTER_RECEPTORS_AND_POSTSYNAPTIC_SIGNAL_TRANSMISSION",0.841849148418491,0.968314659915942,0.0628003977812234,0.188422092430368,0.841753150794112,125,"reactome","Tubb4b; Rasgrf2; Ncald; Tuba4a; Tuba1c; Lin7a; Rps6ka2; Prkca; Gnai3; Adcy9; Pdpk1; Kcnj15; Ap2b1; Ap2a2; Nsf; Arhgef7; Mdm2; Ap2m1; Rps6ka3; Prkab2; Kras; Tubb2a","liver","MHU-2","GLDS-617","Stat_(Space Flight & uG)v(Ground Control & 1G on Earth)",1,"flight_positive"
"REACTOME_NEUROTRANSMITTER_RELEASE_CYCLE",0.473029045643154,0.773702403708465,0.0840745577910723,0.286874321555483,0.979993711116579,32,"reactome","Abat; Lin7a; Slc38a2; Stxbp1; Dnajc5; Slc1a2; Aldh5a1; Stx1a","liver","MHU-2","GLDS-617","Stat_(Space Flight & uG)v(Ground Control & 1G on Earth)",1,"flight_positive"
"REACTOME_NEUTROPHIL_DEGRANULATION",0.0123776682697611,0.0674483634592865,0.380730400722792,-0.264823894375929,-1.29042706145231,409,"reactome","Acly; Fabp5; Cyb5r3; Bst2; H2-Q10; Serpina1e; Pygl; Gstp1; Gusb; Gpi1; Dpp7; Gm2a; Cystm1; Ppia; Itgav; S100a11; Mif; Bri3; Prdx4; Aprt; Mme; Gsn; Manba; Ndufc2; Ilf2; Hbb-bt; Folr2; Sptan1; Orm1; Cd68; Arg1; Hspa1a; Grn; Ggh; Enpp4; Sell; Tnfrsf1b; Actr10; Tcirg1; Stbd1; Nfam1; Ypel5; Agpat2; Sdcbp; Mgst1; Arl8a; Atp6v1d; Tyrobp; Capn1; Cst3; Serpina3k; Prkcd; Xrcc5; Pygb; Galns; Arsb; Tnfaip6; Pdxk; Cfd; Ctsa; Ctsz; Cfp; Rnase2a; Cmtm6; Gca; Glb1; Vps35l; Prtn3; Dsn1; Gstp2; Npc2; Pgm2; Pgam1; Slc11a1; Cxcl2; Hmgb1; Ctsd; Aldoc; Anpep; Idh1; Cstb; Lgals3; Plac8; Slpi; Atp8b4; Fuca2; Mndal","liver","MHU-2","GLDS-617","Stat_(Space Flight & uG)v(Ground Control & 1G on Earth)",1,"flight_positive"
"REACTOME_NFE2L2_REGULATING_ANTI_OXIDANT_DETOXIFICATION_ENZYMES",0.00261243739635088,0.0191516094020255,0.431707695803346,0.634693842992561,1.86543454993324,18,"reactome","Gclm; Gsr; Srxn1; Nqo1; Bach1; Txnrd1; Gclc; Gsta3; Hmox1; Ep300","liver","MHU-2","GLDS-617","Stat_(Space Flight & uG)v(Ground Control & 1G on Earth)",1,"flight_positive"
"REACTOME_NGF_STIMULATED_TRANSCRIPTION",0.342494714587738,0.651309425096739,0.103958471559957,0.323310396524371,1.08615912264978,31,"reactome","Junb; Atf2; Nab1; Trib1; Atf1; Id4; Tcf12; Egr1; Ep300; Id3; Cdk5r1","liver","MHU-2","GLDS-617","Stat_(Space Flight & uG)v(Ground Control & 1G on Earth)",1,"flight_positive"
"REACTOME_NICOTINATE_METABOLISM",0.552293577981651,0.830353959765724,0.0696133438850965,-0.295763225668121,-0.92096900547052,26,"reactome","Nadsyn1; Qprt; Nmrk1","liver","MHU-2","GLDS-617","Stat_(Space Flight & uG)v(Ground Control & 1G on Earth)",1,"flight_positive"
"REACTOME_NOD1_2_SIGNALING_PATHWAY",0.350993377483444,0.659893453239168,0.105125131597001,0.30601659463808,1.06751168321979,36,"reactome","Ubb; Traf6; Irak2; Itch; Cyld; Map3k7; Tab3; Casp2; Ikbkg; Tab1; Tab2; Ube2v1; Birc2; Chuk; Casp4; Mapk12","liver","MHU-2","GLDS-617","Stat_(Space Flight & uG)v(Ground Control & 1G on Earth)",1,"flight_positive"
"REACTOME_NONHOMOLOGOUS_END_JOINING_NHEJ",0.575,0.841108277910675,0.0785029047348687,0.251901984256229,0.931551580316864,48,"reactome","Mdc1; Rif1; Dclre1c; Trp53bp1; Paxip1; Brcc3; Nbn; H4c16; Xrcc6; H2ax; Rnf168; H4c12; Rnf8; Herc2; Xrcc4; Tdp1; Prkdc","liver","MHU-2","GLDS-617","Stat_(Space Flight & uG)v(Ground Control & 1G on Earth)",1,"flight_positive"
"REACTOME_NONSENSE_MEDIATED_DECAY_NMD",1.93823543935593e-08,1.23441369543981e-06,0.73376198835648,-0.538890584783955,-2.19127920856109,104,"reactome","Rpl36al; Rps24; Rpl36a; Rpl22l1; Rpl26; Rpl15; Rpl12; Rpl27; Rpsa; Rps17; Rps12; Rplp0; Rplp1; Rpl31; Rpl35a; Rpl13a; Rps20; Rps27l; Rpl39; Rpl17; Rps7; Rps14; Rpl23; Rpl3; Rps9; Rps21; Rpl19; Rps16; Rpl10a; Rps10; Gspt2; Rps15; Rps27a; Rpl38; Rpl29; Rps3a1; Rpl18; Uba52; Rps6; Rpl13; Rpl35; Rpl30; Rps11; Rpl8; Rps29; Rpl32; Rpl21; Rpl7; Rps23; Rpl10; Rpl7a; Rpl6; Rps4x; Pabpc1; Rpl27a; Rpl37a; Rps3; Rps15a; Upf3b; Rpl22; Rps26; Rpl4; Rbm8a; Rps2; Pnrc2; Rps18; Rps13; Smg8; Rps28; Rps19; Rpl36; Rpl28; Rps25; Rplp2; Rpl24; Rpl18a; Smg6","liver","MHU-2","GLDS-617","Stat_(Space Flight & uG)v(Ground Control & 1G on Earth)",1,"flight_positive"
"REACTOME_NON_INTEGRIN_MEMBRANE_ECM_INTERACTIONS",0.0973451327433628,0.322060682680152,0.190023305279108,-0.339092878852894,-1.29961293325119,69,"reactome","Dtnb; Col1a1; Lama3; Itgav; Col1a2; Sgce; Ddr2; Col5a2; Thbs1; Col5a3; Col3a1; Lama2; Lama1; Lamb1; Pdgfa","liver","MHU-2","GLDS-617","Stat_(Space Flight & uG)v(Ground Control & 1G on Earth)",1,"flight_positive"
"REACTOME_NOTCH1_INTRACELLULAR_DOMAIN_REGULATES_TRANSCRIPTION",0.446759259259259,0.746588515431816,0.0934449219410994,0.274109853914093,1.00797578631093,47,"reactome","Ubb; Tbl1x; Fbxw7; Cul1; Rbpj; Hdac8; Ncor1; Ep300; Hdac4; Notch1; Ccnc; Skp1; Tle2; Kat2a; Maml1","liver","MHU-2","GLDS-617","Stat_(Space Flight & uG)v(Ground Control & 1G on Earth)",1,"flight_positive"
"REACTOME_NOTCH2_ACTIVATION_AND_TRANSMISSION_OF_SIGNAL_TO_THE_NUCLEUS",0.587570621468927,0.848377051661873,0.0678338263479455,-0.302796173533078,-0.896547215711585,22,"reactome","Aph1b; Psen2; Mdk; Rps27a; Ubc; Uba52; Jag1","liver","MHU-2","GLDS-617","Stat_(Space Flight & uG)v(Ground Control & 1G on Earth)",1,"flight_positive"
"REACTOME_NOTCH3_ACTIVATION_AND_TRANSMISSION_OF_SIGNAL_TO_THE_NUCLEUS",0.497247706422018,0.791711582568807,0.0749278818393739,-0.310525989914154,-0.966938372605166,26,"reactome","Aph1b; Egfr; Psen2; Egf; Rps27a; Ubc; Uba52; Jag1; Ybx1","liver","MHU-2","GLDS-617","Stat_(Space Flight & uG)v(Ground Control & 1G on Earth)",1,"flight_positive"
"REACTOME_NOTCH3_INTRACELLULAR_DOMAIN_REGULATES_TRANSCRIPTION",0.00640842197723606,0.0403097654000219,0.407017918923954,0.556619591190447,1.71223728204061,22,"reactome","Wwc1; Pbx1; Rbpj; Ep300; Fabp7; Ikzf1; Stat1; Notch1; Kat2a; Maml1; Snw1; Kat2b; Crebbp; Hes1","liver","MHU-2","GLDS-617","Stat_(Space Flight & uG)v(Ground Control & 1G on Earth)",1,"flight_positive"
"REACTOME_NOTCH4_INTRACELLULAR_DOMAIN_REGULATES_TRANSCRIPTION",0.100418410041841,0.326921277420562,0.204294756516886,0.462591062223483,1.39184638959439,19,"reactome","Flt4; Rbpj; Ep300; Notch1; Kat2a; Maml1; Notch2; Notch4; Snw1; Kat2b; Crebbp; Hes1","liver","MHU-2","GLDS-617","Stat_(Space Flight & uG)v(Ground Control & 1G on Earth)",1,"flight_positive"
"REACTOME_NOTCH_HLH_TRANSCRIPTION_PATHWAY",0.46551724137931,0.768820209020287,0.0870515867946735,0.303924643982104,0.988154717504415,28,"reactome","Tbl1x; Rbpj; Hdac8; Ncor1; Hdac4; Notch1; Kat2a; Maml1; Hdac3; Notch2; Notch4; Snw1; Kat2b; Crebbp","liver","MHU-2","GLDS-617","Stat_(Space Flight & uG)v(Ground Control & 1G on Earth)",1,"flight_positive"
"REACTOME_NPAS4_REGULATES_EXPRESSION_OF_TARGET_GENES",0.425818882466281,0.733567250136042,0.0857844408075645,-0.387283250350158,-1.03751092437939,15,"reactome","Plk2; Maged1; Bdnf","liver","MHU-2","GLDS-617","Stat_(Space Flight & uG)v(Ground Control & 1G on Earth)",1,"flight_positive"
"REACTOME_NR1H2_AND_NR1H3_MEDIATED_SIGNALING",0.160714285714286,0.441422795533308,0.14551614609036,-0.354692463557809,-1.24541284097354,44,"reactome","Fasn; Scd1; Mov10; Pltp; Ago4; Eepd1; Srebf1; Scd2","liver","MHU-2","GLDS-617","Stat_(Space Flight & uG)v(Ground Control & 1G on Earth)",1,"flight_positive"
"REACTOME_NR1H3_NR1H2_REGULATE_GENE_EXPRESSION_LINKED_TO_CHOLESTEROL_TRANSPORT_AND_EFFLUX",0.378619153674833,0.686499853371272,0.100990587455923,0.303123626350092,1.04284063431186,35,"reactome","Abcg8; Tbl1x; Ago2; Nr1h2; Abca1; Rxra; Abcg5; Ncor1; Ep300; Abcg1; Tnrc6b; Kdm3a","liver","MHU-2","GLDS-617","Stat_(Space Flight & uG)v(Ground Control & 1G on Earth)",1,"flight_positive"
"REACTOME_NRAGE_SIGNALS_DEATH_THROUGH_JNK",0.935926773455378,1,0.0549073703290958,0.19412151336748,0.729213329315814,53,"reactome","Rasgrf2; Arhgef26; Itsn1; Arhgef17; Arhgef7; Arhgef11; Mcf2l; Vav3; Arhgef12; Kalrn; Arhgef1; Arhgef10l; Akap13; Ect2","liver","MHU-2","GLDS-617","Stat_(Space Flight & uG)v(Ground Control & 1G on Earth)",1,"flight_positive"
"REACTOME_NRIF_SIGNALS_CELL_DEATH_FROM_THE_NUCLEUS",0.467532467532468,0.769522655230282,0.0870515867946735,0.344367735146609,0.991265149972677,17,"reactome","Sqstm1; Ubb; Traf6; Psen1; Aph1c; Aph1a","liver","MHU-2","GLDS-617","Stat_(Space Flight & uG)v(Ground Control & 1G on Earth)",1,"flight_positive"
"REACTOME_NS1_MEDIATED_EFFECTS_ON_HOST_PATHWAYS",0.390728476821192,0.701569753717838,0.0985499803531691,0.296509500389467,1.03434703018564,36,"reactome","Ranbp2; Kpna1; Eif2ak2; Kpna4; Nup50; Seh1l; Rae1; Kpnb1; Nup188; Nup62; Nup98; Nup93; Nup88; Nup205; Nup133; Nup43; Tpr","liver","MHU-2","GLDS-617","Stat_(Space Flight & uG)v(Ground Control & 1G on Earth)",1,"flight_positive"
"REACTOME_NUCLEAR_ENVELOPE_BREAKDOWN",0.910369068541301,1,0.0440640346597561,-0.202126288554721,-0.728244020582249,50,"reactome","Cdk1; Nup210; Lpin1; Plk1; Ndc1; Nek6; Lpin2; Nup107; Nup85; Nup160; Ccnb1; Banf1; Nup54; Lemd2; Nup37","liver","MHU-2","GLDS-617","Stat_(Space Flight & uG)v(Ground Control & 1G on Earth)",1,"flight_positive"
"REACTOME_NUCLEAR_ENVELOPE_NE_REASSEMBLY",0.195899772209567,0.474643645309504,0.149207542435322,0.300552902731386,1.17602183799529,65,"reactome","Tubb4b; Tuba4a; Tuba1c; Sirt2; Chmp6; Lmna; Vps4a; Seh1l; Tubb2a; Ran; Spast; Chmp3; Tnpo1; Ankle2; Ppp2ca; Kpnb1; Nup188; Tuba8; Emd; Nup62; Nup98; Chmp7; Nup93; Ppp2r1a; Chmp4c; Nup205; Nup133; Nup43","liver","MHU-2","GLDS-617","Stat_(Space Flight & uG)v(Ground Control & 1G on Earth)",1,"flight_positive"
"REACTOME_NUCLEAR_EVENTS_KINASE_AND_TRANSCRIPTION_FACTOR_ACTIVATION",0.0983981693363844,0.32344430501218,0.216542836735348,0.349908972088988,1.3144255990394,53,"reactome","Junb; Ppp2r1b; Atf2; Dusp4; Nab1; Rps6ka2; Dusp3; Trib1; Atf1; Id4; Tcf12; Mef2c; Egr1; Ep300; Rps6ka3; Id3; Cdk5r1; Dusp6; Ppp2ca; Id2; Mapk1; Fos","liver","MHU-2","GLDS-617","Stat_(Space Flight & uG)v(Ground Control & 1G on Earth)",1,"flight_positive"
"REACTOME_NUCLEAR_EVENTS_MEDIATED_BY_NFE2L2",8.7664877492097e-05,0.000884460496677692,0.538434096309916,0.450504560647227,1.87930328743094,83,"reactome","Psmd11; Psmd1; Psmd3; Mafg; Psmd2; Sqstm1; Psmc4; Ubb; Adrm1; Gclm; Psmc1; Psmc2; Gsr; Psmc5; Psmd7; Abcc3; Srxn1; Psmd14; Psmd12; Nqo1; Psma1; Bach1; Psma7; Psmc6; Cul1; Abcf2; Txnrd1; Psma5; Psmd6; Gclc; Psmc3; Psmb4; Gsta3; Sp1; Hmox1; Psmb2; Ep300; Psmd13","liver","MHU-2","GLDS-617","Stat_(Space Flight & uG)v(Ground Control & 1G on Earth)",1,"flight_positive"
"REACTOME_NUCLEAR_EVENTS_STIMULATED_BY_ALK_SIGNALING_IN_CANCER",0.53125,0.817739803625378,0.0716527366829457,-0.286776058540826,-0.949711241906225,34,"reactome","Mov10; Mecp2; Ago4; Rbx1; Dnmt1; Rps6; Stat5a; Twist1; Zap70; Tnrc6c; Rb1; Ccnb1; Npm1; Ptpn6; Foxm1","liver","MHU-2","GLDS-617","Stat_(Space Flight & uG)v(Ground Control & 1G on Earth)",1,"flight_positive"
"REACTOME_NUCLEAR_IMPORT_OF_REV_PROTEIN",0.733615221987315,0.92176807793474,0.0626618230932491,0.243545484506829,0.818189432263785,31,"reactome","Ranbp2; Nup50; Seh1l; Ran; Rae1; Kpnb1; Nup188; Nup62; Nup98; Nup93; Nup88; Nup205; Nup133; Nup43; Tpr","liver","MHU-2","GLDS-617","Stat_(Space Flight & uG)v(Ground Control & 1G on Earth)",1,"flight_positive"
"REACTOME_NUCLEAR_PORE_COMPLEX_NPC_DISASSEMBLY",0.955140186915888,1,0.0446854397644147,-0.191065231084415,-0.626606150365297,33,"reactome","Cdk1; Nup210; Ndc1; Nek6; Nup107; Nup85; Nup160; Ccnb1; Nup54; Nup37","liver","MHU-2","GLDS-617","Stat_(Space Flight & uG)v(Ground Control & 1G on Earth)",1,"flight_positive"
"REACTOME_NUCLEAR_RECEPTOR_TRANSCRIPTION_PATHWAY",0.561085972850679,0.832004354618801,0.0795564677235957,0.261566672797354,0.948185134938469,44,"reactome","Nr1i3; Nr4a1; Med1; Ar; Nr1d1; Nr1h2; Rxra; Nr0b2; Ncor1; Nr4a2; Rarg","liver","MHU-2","GLDS-617","Stat_(Space Flight & uG)v(Ground Control & 1G on Earth)",1,"flight_positive"
"REACTOME_NUCLEAR_RNA_DECAY",0.185589519650655,0.464509610414023,0.150169802128406,0.3563393551227,1.22251779601552,34,"reactome","Xrn2; Ncbp1; Zc3h18; Srrt; Exosc10; Zcchc7; C1d; Exosc3; Rbm26; Exosc2; Tent4b; Mtrex","liver","MHU-2","GLDS-617","Stat_(Space Flight & uG)v(Ground Control & 1G on Earth)",1,"flight_positive"
"REACTOME_NUCLEAR_SIGNALING_BY_ERBB4",0.0780669144981413,0.280106288287345,0.219250346703755,-0.447196419768723,-1.4101176143788,28,"reactome","Nrg4; Aph1b; Psen2; Sparc; Src; Hbegf; Adam17; Stat5a; Adap1; Psenen; Apoe; Stmn1","liver","MHU-2","GLDS-617","Stat_(Space Flight & uG)v(Ground Control & 1G on Earth)",1,"flight_positive"
"REACTOME_NUCLEOTIDE_BINDING_DOMAIN_LEUCINE_RICH_REPEAT_CONTAINING_RECEPTOR_NLR_SIGNALING_PATHWAYS",0.261640798226164,0.566463225003887,0.125033367555272,0.299072403909777,1.14207463531446,55,"reactome","Ubb; Traf6; Irak2; Txnip; Itch; Cyld; Map3k7; Tab3; Pycard; Hmox1; Panx1; Nlrp3; Casp2; Ikbkg; Tab1; Mefv; Tab2; Sugt1; Ube2v1; Nlrc4; Birc2","liver","MHU-2","GLDS-617","Stat_(Space Flight & uG)v(Ground Control & 1G on Earth)",1,"flight_positive"
"REACTOME_NUCLEOTIDE_CATABOLISM",0.315352697095436,0.623969705515046,0.107972360317345,0.327339654890071,1.11822766656826,32,"reactome","Dpys; Nt5e; Tymp; Entpd7; Entpd5; Xdh; Dpyd; Upb1","liver","MHU-2","GLDS-617","Stat_(Space Flight & uG)v(Ground Control & 1G on Earth)",1,"flight_positive"
"REACTOME_NUCLEOTIDE_EXCISION_REPAIR",0.312649164677804,0.622869646990741,0.11776578836269,0.245930381704416,1.07421759463798,108,"reactome","Rad23b; Ubb; Ino80; Actb; Usp7; Yy1; Parp2; Actr8; Pias1; Cops4; Xab2; Polr2i; Xpa; Uvssa; Actr5; Cops8; Rfc1; Aqr; Ino80e; Ino80c; Tcea1; Cdk7; Prpf19; Sumo3; Isy1; Ercc6; Ino80d; Cops7b; Mcrs1; Gtf2h3; Pole3; Nfrkb; Ruvbl1; Polr2c; Ercc1; Lig3; Gtf2h1; Ercc5","liver","MHU-2","GLDS-617","Stat_(Space Flight & uG)v(Ground Control & 1G on Earth)",1,"flight_positive"
"REACTOME_NUCLEOTIDE_SALVAGE",0.178707224334601,0.46218949643898,0.142056643575821,-0.442610815690572,-1.28601262203685,20,"reactome","Tk1; Aprt; Uck1; Upp2; Upp1; Tk2; Gmpr; Dck; Adk","liver","MHU-2","GLDS-617","Stat_(Space Flight & uG)v(Ground Control & 1G on Earth)",1,"flight_positive"
"REACTOME_N_GLYCAN_ANTENNAE_ELONGATION_IN_THE_MEDIAL_TRANS_GOLGI",0.562962962962963,0.832004354618801,0.069119845655101,-0.321868695254676,-0.915710969157617,18,"reactome","Man2a2; Mgat4b; B4galt4","liver","MHU-2","GLDS-617","Stat_(Space Flight & uG)v(Ground Control & 1G on Earth)",1,"flight_positive"
"REACTOME_N_GLYCAN_TRIMMING_IN_THE_ER_AND_CALNEXIN_CALRETICULIN_CYCLE",7.22484660397406e-07,1.67320879305672e-05,0.659444398037935,0.66738748743093,2.29602291020512,35,"reactome","Calr; Pdia3; Sel1l; Vcp; Edem1; Syvn1; Rad23b; Ubb; Mlec; Psmc1; Canx; Uggt1; Edem3","liver","MHU-2","GLDS-617","Stat_(Space Flight & uG)v(Ground Control & 1G on Earth)",1,"flight_positive"
"REACTOME_ONCOGENE_INDUCED_SENESCENCE",0.230769230769231,0.522564102564103,0.12384217120105,-0.36468373947586,-1.17777839281468,32,"reactome","Mov10; Cdkn2b; Erf; Tfdp2; Ago4; E2f2; E2f3; Rps27a; Ubc; Uba52; Tnrc6c; Cdk4; Rb1","liver","MHU-2","GLDS-617","Stat_(Space Flight & uG)v(Ground Control & 1G on Earth)",1,"flight_positive"
"REACTOME_ONCOGENIC_MAPK_SIGNALING",0.0575221238938053,0.224762885081979,0.282013350011725,0.322776790012543,1.32536407192687,76,"reactome","Trim24; Actg1; Actb; Spred1; Fga; Mark3; Qki; Atg7; Itgb3; Lmna; Fxr1; Arrb1; Fn1; Kras; Shoc2; D630045J12Rik; Kdm7a; Spred2; Dusp6; Fgg; Ksr2; Aggf1; Agtrap; Mapk1; Fgb","liver","MHU-2","GLDS-617","Stat_(Space Flight & uG)v(Ground Control & 1G on Earth)",1,"flight_positive"
"REACTOME_OPIOID_SIGNALLING",0.802491103202847,0.949821345347212,0.0503964322442957,-0.211927419503576,-0.826851409190254,78,"reactome","Adcy1; Pde4a; Ppp1r1b; Prkx; Prkcd; Plcb1; Camk2b; Pde4c; Gng2; Gnai1; Adcy6; Gnb4; Gng10; Gng11; Pde1b; Adcy7; Ppp3cc; Grk2; Plcb3; Gng5; Prkaca; Gngt2; Adcy2","liver","MHU-2","GLDS-617","Stat_(Space Flight & uG)v(Ground Control & 1G on Earth)",1,"flight_positive"
"REACTOME_ORC1_REMOVAL_FROM_CHROMATIN",0.000391917967721683,0.00347273399224691,0.49849310876659,0.48573945596224,1.85578006952073,56,"reactome","Psmd11; Psmd1; Psmd3; Psmd2; Psmc4; Ubb; Adrm1; Psmc1; Psmc2; Psmc5; Psmd7; Psmd14; Psmd12; Psma1; Psma7; Psmc6; Cul1; Orc2; Psma5; Psmd6; Psmc3; Psmb4; Psmb2; Psmd13; Psma6","liver","MHU-2","GLDS-617","Stat_(Space Flight & uG)v(Ground Control & 1G on Earth)",1,"flight_positive"
"REACTOME_ORGANELLE_BIOGENESIS_AND_MAINTENANCE",0.0528920819927668,0.212193037600903,0.321775918075361,0.249795294142833,1.2338774209039,253,"reactome","Mapre1; Idh2; Tubb4b; Pafah1b1; Dync1h1; Gabpa; Tuba4a; Tuba1c; Kifap3; Sirt4; Pcm1; Dync2h1; Tbl1x; Alas1; Tfam; Unc119b; Cep290; Tgs1; Tubb5; Glud1; Ncoa6; Pprc1; Med1; Atf2; Cep63; Pkd1; Septin2; Cep135; Ift122; Nr1d1; Dmac2l; Rxra; Bbs1; Ift52; Cep250; Cep162; Ttbk2; Hcfc1; Mef2c; Pkd2; Tctn2; Cep192; Trip11; Rp2; Ncor1; Prkab2; Wdr35; Tubb2a; Tfb2m; Ttc8; Tmem67; Exoc8; Exoc5; Ift80; Immt; Cluap1","liver","MHU-2","GLDS-617","Stat_(Space Flight & uG)v(Ground Control & 1G on Earth)",1,"flight_positive"
"REACTOME_OTHER_INTERLEUKIN_SIGNALING",0.0648854961832061,0.243979042843864,0.245041785430996,-0.51180769265706,-1.4614337562888,19,"reactome","Casp3; Cd4; Ifnlr1; Stxbp2; Prtn3; Csf1r; Stx4a","liver","MHU-2","GLDS-617","Stat_(Space Flight & uG)v(Ground Control & 1G on Earth)",1,"flight_positive"
"REACTOME_OTHER_SEMAPHORIN_INTERACTIONS",0.274891774891775,0.576367733775141,0.119887845115423,0.40848947022823,1.17584005306321,17,"reactome","Plxnc1; Plxna1; Sema6a; Sema6d; Plxna4; Plxna2; Ptprc; Sema4d","liver","MHU-2","GLDS-617","Stat_(Space Flight & uG)v(Ground Control & 1G on Earth)",1,"flight_positive"
"REACTOME_OVARIAN_TUMOR_DOMAIN_PROTEASES",0.0794701986754967,0.283147316259899,0.237793834423688,0.388278581000132,1.35447530893498,36,"reactome","Vcp; Ubb; Traf6; Apc; Otub2; Otud7b; Rnf128; Otud3; Vcpip1; Ikbkg; Yod1; Otub1; Tnip1","liver","MHU-2","GLDS-617","Stat_(Space Flight & uG)v(Ground Control & 1G on Earth)",1,"flight_positive"
"REACTOME_OXIDATIVE_STRESS_INDUCED_SENESCENCE",0.732517482517482,0.92176807793474,0.05378728077603,-0.217837187392524,-0.863200902918767,87,"reactome","Mov10; Cdkn2b; Tfdp2; Ago4; E2f2; Cbx4; H2bc21; E2f3; H2az2; Cbx2; Rps27a; H3f3a; Ubc; Cbx6; Uba52; H2ac19; H3c4","liver","MHU-2","GLDS-617","Stat_(Space Flight & uG)v(Ground Control & 1G on Earth)",1,"flight_positive"
"REACTOME_O_GLYCOSYLATION_OF_TSR_DOMAIN_CONTAINING_PROTEINS",0.0361410659507771,0.156049772050177,0.321775918075361,-0.458964887388118,-1.48226769913916,32,"reactome","Thsd7a; B3glct; Spon2; Thbs1; Sspo; Adamts10; Cfp; Adamts5; Sema5a; Adamtsl4; Adamtsl5; Adamts14; Adamtsl2; Thsd1; Adamts9; Sbspon; Adamts15; Pofut2; Adamts13","liver","MHU-2","GLDS-617","Stat_(Space Flight & uG)v(Ground Control & 1G on Earth)",1,"flight_positive"
"REACTOME_O_LINKED_GLYCOSYLATION",0.841918294849023,0.968314659915942,0.0481183992657975,-0.20562715738095,-0.80281127317658,80,"reactome","Thsd7a; B3glct; Spon2; Thbs1; A4gnt; Sspo; Chst4; Muc1; Adamts10; Cfp; Adamts5; Galnt3; Fut10; Sema5a; Gcnt1; B3gnt8; Galnt7; St3gal3; Adamtsl4; St6galnac2; Adamtsl5; Adamts14; Adamtsl2; Thsd1; Pomt1; B3gnt9; Mmrn1; Adamts9; Galnt4; Pomgnt2; Sbspon","liver","MHU-2","GLDS-617","Stat_(Space Flight & uG)v(Ground Control & 1G on Earth)",1,"flight_positive"
"REACTOME_O_LINKED_GLYCOSYLATION_OF_MUCINS",0.224944320712695,0.515640558261012,0.136490437780413,0.340095767123574,1.17003642963912,35,"reactome","St6galnac3; St3gal1; St6gal1; Galnt2; St3gal4; C1galt1; Galnt15; B3gnt6; Galnt18; B3gnt3; C1galt1c1; Galnt11","liver","MHU-2","GLDS-617","Stat_(Space Flight & uG)v(Ground Control & 1G on Earth)",1,"flight_positive"
"REACTOME_P130CAS_LINKAGE_TO_MAPK_SIGNALING_FOR_INTEGRINS",0.289855072463768,0.600329916342642,0.11331290842208,0.404667968754681,1.13347368371079,15,"reactome","Fga; Itgb3; Fn1; Crk; Fgg; Fgb; Apbb1ip; Tln1","liver","MHU-2","GLDS-617","Stat_(Space Flight & uG)v(Ground Control & 1G on Earth)",1,"flight_positive"
"REACTOME_P75NTR_SIGNALS_VIA_NF_KB",0.0956340956340956,0.320562971878761,0.208955027549354,0.478814731547115,1.36963216956215,16,"reactome","Sqstm1; Ubb; Traf6","liver","MHU-2","GLDS-617","Stat_(Space Flight & uG)v(Ground Control & 1G on Earth)",1,"flight_positive"
"REACTOME_P75_NTR_RECEPTOR_MEDIATED_SIGNALLING",0.788732394366197,0.945550952775476,0.0507027937029348,-0.210798262594769,-0.837636367600487,90,"reactome","Arhgef16; Casp3; Maged1; Aph1b; Myd88; Psen2; Fgd2; Arhgef3; Arhgef15; Rps27a; Arhgef37; Adam17; Ubc; Uba52; Arhgef39; Tiam2; Arhgef9; Smpd2; Plekhg2","liver","MHU-2","GLDS-617","Stat_(Space Flight & uG)v(Ground Control & 1G on Earth)",1,"flight_positive"
"REACTOME_PARACETAMOL_ADME",0.365591397849462,0.675778945623214,0.100990587455923,0.347487404011548,1.07781703263011,23,"reactome","Sult1e1; Ugt1a1; Cyp2e1; Abcc3; Abcc4; Ugt1a6b","liver","MHU-2","GLDS-617","Stat_(Space Flight & uG)v(Ground Control & 1G on Earth)",1,"flight_positive"
"REACTOME_PARASITE_INFECTION",0.988610478359909,1,0.0521630305460055,0.15501159039095,0.595400681468081,58,"reactome","Nckap1; Actg1; Actb; Fyn; Wasl; Dock1; Myo5a; Vav3; Crk","liver","MHU-2","GLDS-617","Stat_(Space Flight & uG)v(Ground Control & 1G on Earth)",1,"flight_positive"
"REACTOME_PCNA_DEPENDENT_LONG_PATCH_BASE_EXCISION_REPAIR",0.0100531752959552,0.0582056001510131,0.380730400722792,-0.562831988086827,-1.64636096780223,21,"reactome","Rpa1; Apex1; Pole2; Rpa3; Pold4; Rfc2; Pold2; Pold1; Pold3; Pcna","liver","MHU-2","GLDS-617","Stat_(Space Flight & uG)v(Ground Control & 1G on Earth)",1,"flight_positive"
"REACTOME_PCP_CE_PATHWAY",9.72137115116134e-06,0.000135699687712786,0.593325476396405,0.504259753959943,2.07055705830404,76,"reactome","Psmd11; Psmd1; Psmd3; Psmd2; Psmc4; Ubb; Adrm1; Psmc1; Psmc2; Psmc5; Psmd7; Psmd14; Psmd12; Psma1; Psma7; Psmc6; Cltb; Prkca; Psma5; Psmd6; Ap2b1; Ap2a2; Pard6a; Psmc3; Psmb4; Dvl3; Ap2m1; Psmb2; Daam1; Psmd13; Psma6; Cltc","liver","MHU-2","GLDS-617","Stat_(Space Flight & uG)v(Ground Control & 1G on Earth)",1,"flight_positive"
"REACTOME_PEPTIDE_HORMONE_METABOLISM",0.00248951992732232,0.0183827594633438,0.431707695803346,0.456987084315568,1.70375472248582,51,"reactome","Agt; Ero1b; Inhbb; Inhbc; Bche; Pla2g7; Gata4; Slc30a5; Kif5b; P4hb; Kif5a; Inhba; Slc30a8; Myo5a; Exoc8; Spcs3; Exoc5","liver","MHU-2","GLDS-617","Stat_(Space Flight & uG)v(Ground Control & 1G on Earth)",1,"flight_positive"
"REACTOME_PEPTIDE_LIGAND_BINDING_RECEPTORS",0.370114942528736,0.676487180016373,0.104343952581949,0.264320202277455,1.06087905951248,71,"reactome","C3; Agt; Ednrb; Prok1; Cxcl1; Cxcr3; Psap","liver","MHU-2","GLDS-617","Stat_(Space Flight & uG)v(Ground Control & 1G on Earth)",1,"flight_positive"
"REACTOME_PERK_REGULATES_GENE_EXPRESSION",0.00356965026687364,0.0247447185166275,0.431707695803346,0.530829140296483,1.75438553460995,30,"reactome","Hspa5; Atf6; Dcp2; Igfbp1; Cebpg; Herpud1; Eif2s3x; Ddit3; Khsrp; Nfyb; Exosc3; Parn; Exosc2; Cebpb; Eif2ak3; Eif2s2; Atf4; Nfya; Eif2s1","liver","MHU-2","GLDS-617","Stat_(Space Flight & uG)v(Ground Control & 1G on Earth)",1,"flight_positive"
"REACTOME_PEROXISOMAL_LIPID_METABOLISM",0.343544857768052,0.651903556919265,0.105920292736253,0.342741940485138,1.09015793064523,26,"reactome","Crot; Acot4; Crat; Abcd1; Hacl1; Acbd5; Eci2; Aldh3a2","liver","MHU-2","GLDS-617","Stat_(Space Flight & uG)v(Ground Control & 1G on Earth)",1,"flight_positive"
"REACTOME_PEROXISOMAL_PROTEIN_IMPORT",0.103837471783296,0.334842986541704,0.208955027549354,0.332751003330055,1.29096636162965,61,"reactome","Ide; Crot; Pex12; Acot3; Acot4; Ubb; Ech1; Crat; Pex26; Hacl1; Pex7","liver","MHU-2","GLDS-617","Stat_(Space Flight & uG)v(Ground Control & 1G on Earth)",1,"flight_positive"
"REACTOME_PHASE_II_CONJUGATION_OF_COMPOUNDS",0.108581436077058,0.345764010507881,0.178219874951973,-0.314406425285669,-1.24382659045954,86,"reactome","Ugt2b38; Ugt2b1; Cyp1a2; Ugt1a5; Gstp1; Ugt2b37; Slc35b2; Gstm5; Tpmt; Comt; Papss2","liver","MHU-2","GLDS-617","Stat_(Space Flight & uG)v(Ground Control & 1G on Earth)",1,"flight_positive"
"REACTOME_PHASE_I_FUNCTIONALIZATION_OF_COMPOUNDS",0.0719298245614035,0.262711438093441,0.222056046145248,-0.332828814561256,-1.3157499675449,85,"reactome","Acss2; Cyb5r3; Cyp1a2; Cyp27a1; Cyp7b1; Paox; Aadac; Cyp2f2; Fdxr; Mtarc1; Fdx1; Aldh1a7; Nqo2; Adh5; Cyp2u1; Cyp4b1; Adh7; Aldh1b1; Cyp4f39; Ces3b; Aldh2; Cyp21a1; Aoc2; Cyp2c55; Cbr3","liver","MHU-2","GLDS-617","Stat_(Space Flight & uG)v(Ground Control & 1G on Earth)",1,"flight_positive"
"REACTOME_PHOSPHOLIPID_METABOLISM",0.330618892508143,0.63806941565492,0.0905428948469474,-0.23760978938261,-1.05519946984599,180,"reactome","Pnpla3; Lpcat3; Pcyt2; Gpam; Pnpla2; Rab4a; Inpp5e; Ptpmt1; Inppl1; Etnk2; Vac14; Gpcpd1; Pgp; Slc44a1; Mtmr7; Dgat2; Agpat2; Gpd1; Pnpla7; Miga2; Plaat3; Lpin1; Agpat4; Gpat2","liver","MHU-2","GLDS-617","Stat_(Space Flight & uG)v(Ground Control & 1G on Earth)",1,"flight_positive"
"REACTOME_PHOSPHORYLATED_BMAL1_CLOCK_ARNTL_CLOCK_ACTIVATES_EXPRESSION_OF_CORE_CLOCK_GENES",0.508333333333333,0.798309999219466,0.080419996876154,0.308312301317462,0.949291970257324,21,"reactome","Npas2; Clock; Nr1d1; Cipc; Kmt2a; Per1; Sik1","liver","MHU-2","GLDS-617","Stat_(Space Flight & uG)v(Ground Control & 1G on Earth)",1,"flight_positive"
"REACTOME_PHOSPHORYLATION_OF_THE_APC_C",0.593155893536122,0.851480173891549,0.0678338263479455,-0.305616169954575,-0.887972544111772,20,"reactome","Cdk1; Ube2c; Anapc15; Plk1; Cdc23","liver","MHU-2","GLDS-617","Stat_(Space Flight & uG)v(Ground Control & 1G on Earth)",1,"flight_positive"
"REACTOME_PI3K_AKT_SIGNALING_IN_CANCER",0.66743648960739,0.891698542147806,0.0716527366829457,0.213593637542825,0.89780233889936,89,"reactome","Fgf1; Pik3ap1; Pik3r2; Hgf; Irs2; Nr4a1; Met; Fyn; Pdpk1; Fgfr2; Klb; Mdm2; Ptpn11; Pik3r1; Pik3cd; Frs2; Gsk3a; Pdgfra; Pik3ca; Tgfa; Flt3; Cd28; Fgf9; Creb1","liver","MHU-2","GLDS-617","Stat_(Space Flight & uG)v(Ground Control & 1G on Earth)",1,"flight_positive"
"REACTOME_PINK1_PRKN_MEDIATED_MITOPHAGY",0.709615384615385,0.908047897521582,0.0597317976364411,-0.258617823483934,-0.835229135617386,32,"reactome","Tomm5; Tomm6; Vdac1; Ube2n; Vdac2; Rps27a; Tomm7; Ubc; Uba52","liver","MHU-2","GLDS-617","Stat_(Space Flight & uG)v(Ground Control & 1G on Earth)",1,"flight_positive"
"REACTOME_PIWI_INTERACTING_RNA_PIRNA_BIOGENESIS",0.370441458733205,0.676487180016373,0.0934449219410994,-0.389170725675999,-1.06057120639688,16,"reactome","Polr2f; Polr2l; Tdrkh; Polr2d; Mybl1; Polr2k; Polr2g","liver","MHU-2","GLDS-617","Stat_(Space Flight & uG)v(Ground Control & 1G on Earth)",1,"flight_positive"
"REACTOME_PI_METABOLISM",0.565909090909091,0.833325669994745,0.0793434960134973,0.229947206262407,0.943846870571439,78,"reactome","Mtmr9; Pik3r2; Mtmr2; Mtmr4; Pip5k1c; Plekha2; Pip4k2b; Pik3r1; Pik3cd; Pikfyve; Pip4k2a; Inpp5k; Rab5a; Mtmr14; Mtmr10; Pik3ca; Mtm1; Synj1; Inpp5f; Mtmr6; Rab14; Mtmr3","liver","MHU-2","GLDS-617","Stat_(Space Flight & uG)v(Ground Control & 1G on Earth)",1,"flight_positive"
"REACTOME_PKA_ACTIVATION_IN_GLUCAGON_SIGNALLING",0.468208092485549,0.769522655230282,0.0806388495950661,-0.371012290432657,-0.993921900972661,15,"reactome","Adcy1; Adcy6; Adcy7; Prkaca; Adcy2; Prkacb; Prkar2b; Gnas; Prkar1b","liver","MHU-2","GLDS-617","Stat_(Space Flight & uG)v(Ground Control & 1G on Earth)",1,"flight_positive"
"REACTOME_PKA_MEDIATED_PHOSPHORYLATION_OF_CREB",0.342592592592593,0.651309425096739,0.0959206777921745,-0.385523374559673,-1.09680745022943,18,"reactome","Adcy1; Prkx; Adcy6; Adcy7; Prkaca; Adcy2; Prkacb; Calm1","liver","MHU-2","GLDS-617","Stat_(Space Flight & uG)v(Ground Control & 1G on Earth)",1,"flight_positive"
"REACTOME_PKMTS_METHYLATE_HISTONE_LYSINES",0.995444191343964,1,0.0518457624865066,0.141409684221705,0.543155657841083,58,"reactome","Setdb2; Mecom; Prdm16; Ash1l; Kmt2a; H4c16; Setd1a; Nsd3; Kmt2b; Ehmt1; H4c12; Kmt5b; H3c1; Rbbp4","liver","MHU-2","GLDS-617","Stat_(Space Flight & uG)v(Ground Control & 1G on Earth)",1,"flight_positive"
"REACTOME_PKR_MEDIATED_SIGNALING",0.71395881006865,0.91030270643737,0.0678338263479455,0.219879578026665,0.86505071841981,66,"reactome","Dnajc3; Tubb4b; Tuba4a; Tuba1c; Ppp2r1b; Eif2s3x; Eif2ak2; Arih1; Tubb2a; Ikbkg; Stat3; Ppp2ca; Stat1; Dhx9; Tuba8; Adar; Ptpn2","liver","MHU-2","GLDS-617","Stat_(Space Flight & uG)v(Ground Control & 1G on Earth)",1,"flight_positive"
"REACTOME_PLASMA_LIPOPROTEIN_ASSEMBLY",0.783549783549784,0.941553336600506,0.060640400949416,0.267347775985713,0.769562610575333,17,"reactome","Apob; P4hb; Abca1; Zdhhc8","liver","MHU-2","GLDS-617","Stat_(Space Flight & uG)v(Ground Control & 1G on Earth)",1,"flight_positive"
"REACTOME_PLASMA_LIPOPROTEIN_ASSEMBLY_REMODELING_AND_CLEARANCE",0.25,0.549030172413793,0.130105630751129,0.28199297560435,1.13962812383467,72,"reactome","Lcat; Ubb; Apob; Apoa5; Fgf21; Lipc; Pcsk5; Angptl3; Hdlbp; P4hb; Nr1h2; Abca1; Ap2b1; Ap2a2; Gpihbp1; Ap2m1; Zdhhc8; Cltc; Scarb1; Abcg1","liver","MHU-2","GLDS-617","Stat_(Space Flight & uG)v(Ground Control & 1G on Earth)",1,"flight_positive"
"REACTOME_PLASMA_LIPOPROTEIN_CLEARANCE",0.60485651214128,0.857230578403289,0.0743625384422526,0.254146410758518,0.898224653624683,37,"reactome","Ubb; Apob; Lipc; Hdlbp; Nr1h2; Ap2b1; Ap2a2; Ap2m1; Cltc; Scarb1","liver","MHU-2","GLDS-617","Stat_(Space Flight & uG)v(Ground Control & 1G on Earth)",1,"flight_positive"
"REACTOME_PLASMA_LIPOPROTEIN_REMODELING",0.139186295503212,0.40292850885731,0.173747838999571,0.376020691544398,1.28385234027275,33,"reactome","Lcat; Apob; Apoa5; Fgf21; Lipc; Pcsk5; Angptl3; P4hb; Gpihbp1","liver","MHU-2","GLDS-617","Stat_(Space Flight & uG)v(Ground Control & 1G on Earth)",1,"flight_positive"
"REACTOME_PLATELET_ACTIVATION_SIGNALING_AND_AGGREGATION",0.134615384615385,0.393980159844075,0.20207170902116,0.234939032623147,1.1514236772342,234,"reactome","Serpina3m; Hspa5; Apoh; Hrg; A1bg; Manf; Itih3; Cd36; Pik3r2; Tuba4a; Hgf; Selenop; Fga; Lamp2; Prkch; Abcc4; Rapgef4; Psap; Qsox1; F5; Rapgef3; Prkca; Gnai3; Ptpn1; Fyn; Pdpk1; Pecam1; Gnaq; Ctsw; Gna12; Cdc37l1; Itgb3; Itpr2; Gna11; Itpr1; Shc1; Dagla; Pf4; Arrb1; Phactr2; Ptpn11; Fn1; Serpina3n; Pik3r1; Lcp2; Thpo; Vav3; Dgkh; Serpinf2; Crk; Fgg; Tex264; Tbxa2r; Vegfc; Dgkd","liver","MHU-2","GLDS-617","Stat_(Space Flight & uG)v(Ground Control & 1G on Earth)",1,"flight_positive"
"REACTOME_PLATELET_AGGREGATION_PLUG_FORMATION",0.297644539614561,0.610261138565871,0.11378726182188,0.32957372319433,1.12526785182374,33,"reactome","Fga; Rapgef4; Rapgef3; Ptpn1; Pdpk1; Itgb3; Shc1; Fn1; Thpo; Crk; Fgg","liver","MHU-2","GLDS-617","Stat_(Space Flight & uG)v(Ground Control & 1G on Earth)",1,"flight_positive"
"REACTOME_PLATELET_CALCIUM_HOMEOSTASIS",0.129707112970711,0.386466514962441,0.178219874951973,0.445237942756161,1.33963423365108,19,"reactome","Atp2b1; Atp2a2; Stim1; Itpr2; Atp2b4; Itpr1","liver","MHU-2","GLDS-617","Stat_(Space Flight & uG)v(Ground Control & 1G on Earth)",1,"flight_positive"
"REACTOME_PLATELET_HOMEOSTASIS",0.0407546537949258,0.171607405855493,0.321775918075361,0.358812005851674,1.39107982940346,62,"reactome","Atp2b1; Apob; Atp2a2; Stim1; Kcnma1; Ppp2r1b; Ppp2r5e; Pecam1; Itpr2; Atp2b4; Itpr1; Ptpn11; Ppp2r5c; Gucy1a1; Irag1; Nos3; Ppp2ca; Pde10a; Atp2b2; Gng12; Pafah2; Gucy1b1; Pde2a; P2rx3; Prkg1","liver","MHU-2","GLDS-617","Stat_(Space Flight & uG)v(Ground Control & 1G on Earth)",1,"flight_positive"
"REACTOME_PLATELET_SENSITIZATION_BY_LDL",0.0328201410751843,0.146682998928126,0.321775918075361,0.555636370349653,1.58937768048757,16,"reactome","Apob; Ppp2r1b; Ppp2r5e; Pecam1; Ptpn11; Ppp2r5c; Ppp2ca; Ppp2r1a; Ppp2r5b","liver","MHU-2","GLDS-617","Stat_(Space Flight & uG)v(Ground Control & 1G on Earth)",1,"flight_positive"
"REACTOME_POLO_LIKE_KINASE_MEDIATED_EVENTS",0.263969171483622,0.568677771124337,0.114750719227023,-0.44011991292516,-1.17905749160053,15,"reactome","Wee1; Lin9; Pkmyt1; Lin37; Plk1","liver","MHU-2","GLDS-617","Stat_(Space Flight & uG)v(Ground Control & 1G on Earth)",1,"flight_positive"
"REACTOME_POLYMERASE_SWITCHING_ON_THE_C_STRAND_OF_THE_TELOMERE",0.22365988909427,0.515632187753532,0.123257226381337,-0.39206648296428,-1.20662901392931,25,"reactome","Stn1; Ten1; Pold4; Chtf18; Rfc2; Pold2; Pold1; Pola2; Pold3; Pcna","liver","MHU-2","GLDS-617","Stat_(Space Flight & uG)v(Ground Control & 1G on Earth)",1,"flight_positive"
"REACTOME_POSITIVE_EPIGENETIC_REGULATION_OF_RRNA_EXPRESSION",0.957671957671958,1,0.0419081748591401,-0.179590603083414,-0.691487434016603,71,"reactome","Tbp; Polr2f; H2bc21; Dek; H2az2; Polr2l; H3f3a; H2ac19; H3c4; Ehmt2; Mbd3; H3f3b; Taf1b; Chd3; Polr2k; H3c15; H2bc6; Chd4; H2aj; Polr1d; H4c17; H2bc8; Cbx3; Mybbp1a; Polr1e; Polr1h; Polr1c","liver","MHU-2","GLDS-617","Stat_(Space Flight & uG)v(Ground Control & 1G on Earth)",1,"flight_positive"
"REACTOME_POSTMITOTIC_NUCLEAR_PORE_COMPLEX_NPC_REFORMATION",0.985321100917431,1,0.0424170054438747,-0.17441191064463,-0.543096470244886,26,"reactome","Sumo1; Ndc1; Nup107; Rangap1; Nup85; Nup160; Nup54; Nup37","liver","MHU-2","GLDS-617","Stat_(Space Flight & uG)v(Ground Control & 1G on Earth)",1,"flight_positive"
"REACTOME_POST_CHAPERONIN_TUBULIN_FOLDING_PATHWAY",0.226611226611227,0.517750762145381,0.130777137971974,0.423095689186989,1.21024987021843,16,"reactome","Tubb4b; Tuba4a; Tuba1c; Tbce; Tubb2a; Tbcb; Tuba8","liver","MHU-2","GLDS-617","Stat_(Space Flight & uG)v(Ground Control & 1G on Earth)",1,"flight_positive"
"REACTOME_POST_TRANSLATIONAL_MODIFICATION_SYNTHESIS_OF_GPI_ANCHORED_PROTEINS",0.194192377495463,0.472885176345797,0.132147260608774,-0.324439456665311,-1.19429994197063,55,"reactome","Ly6e; Reck; Plet1; Folr2; Pigp; Pigx; Ntm; Msln; Alpl; Cd52; Rtn4rl2; Mdga1; Pigq; Pigs; Dpm3; Pigyl; Sprn; Lsamp; Raet1e; Bst1; Cpm","liver","MHU-2","GLDS-617","Stat_(Space Flight & uG)v(Ground Control & 1G on Earth)",1,"flight_positive"
"REACTOME_POTASSIUM_CHANNELS",0.308928571428571,0.618464075217513,0.0999276973731092,-0.313745738271843,-1.10163877553263,44,"reactome","Hcn3; Gabbr2; Kcna2; Kcnk10; Gng2; Gnb4; Kcnab1; Gng10; Kcnj8; Gng11; Gabbr1; Gng5; Kcnj16; Gngt2; Kcnq4; Kcnk2","liver","MHU-2","GLDS-617","Stat_(Space Flight & uG)v(Ground Control & 1G on Earth)",1,"flight_positive"
"REACTOME_POTENTIAL_THERAPEUTICS_FOR_SARS",0.487046632124352,0.788631868604351,0.0728938564822936,-0.247681241742806,-0.992276098027588,93,"reactome","Blnk; Ighm; Fxyd3; Hmg20b; Comt; Nfe2l2; Cd79b; Sigmar1; Fkbp1a; Zbp1; Sap18; Rbx1; Ifngr1; Fxyd1; Atp1b2; Il1r1; Atp1b1; Btk; Mbd3; Tlr7; Nck1; Chd3; Atp1a1; Fxyd6; Vav1; Fkbp4; Chd4; Cysltr1; Stat2; Fnta; Atp1b3","liver","MHU-2","GLDS-617","Stat_(Space Flight & uG)v(Ground Control & 1G on Earth)",1,"flight_positive"
"REACTOME_PRC2_METHYLATES_HISTONES_AND_DNA",0.980036297640653,1,0.0421619430092452,-0.176054700476802,-0.602334746250431,39,"reactome","H2bc21; H2az2; Dnmt1; H3f3a; Phf19; H2ac19; H3c4; H3f3b; H3c15; H2bc6; H2aj; H4c17; H2bc8","liver","MHU-2","GLDS-617","Stat_(Space Flight & uG)v(Ground Control & 1G on Earth)",1,"flight_positive"
"REACTOME_PRESYNAPTIC_FUNCTION_OF_KAINATE_RECEPTORS",0.109826589595376,0.348639547656348,0.186432558434075,-0.514489135003547,-1.37828862352829,15,"reactome","Plcb1; Gng2; Gnb4; Gng10; Gng11; Plcb3; Gng5; Gngt2; Gngt1; Plcb2; Gng7; Gnb5","liver","MHU-2","GLDS-617","Stat_(Space Flight & uG)v(Ground Control & 1G on Earth)",1,"flight_positive"
"REACTOME_PRE_NOTCH_EXPRESSION_AND_PROCESSING",0.491071428571429,0.788631868604351,0.0860347242455604,0.242988069085969,0.991217029500819,74,"reactome","Sel1l; Atp2a2; Jun; B4galt1; Ago2; Rbpj; Tmed2; St3gal4; Pofut1; Ep300; St3gal6; H2ac18; Tnrc6b; H4c16; Tfdp1; Lfng; Notch1; Rab6a; Ago3; H2ax; H4c12; Kat2a; H3c1; Maml1","liver","MHU-2","GLDS-617","Stat_(Space Flight & uG)v(Ground Control & 1G on Earth)",1,"flight_positive"
"REACTOME_PRE_NOTCH_PROCESSING_IN_GOLGI",0.0341698871367179,0.149438261769595,0.321775918075361,0.530102151649815,1.52590308331958,17,"reactome","Sel1l; Atp2a2; B4galt1; Tmed2; St3gal4; St3gal6; Lfng; Notch1; Rab6a","liver","MHU-2","GLDS-617","Stat_(Space Flight & uG)v(Ground Control & 1G on Earth)",1,"flight_positive"
"REACTOME_PROCESSING_OF_CAPPED_INTRONLESS_PRE_MRNA",0.299363057324841,0.611324559947921,0.112843355675562,0.339563475453637,1.11812043025162,29,"reactome","Wdr33; Papola; Cstf2; Ncbp1; Cstf2t; Cpsf6; Cpsf3; Cpsf2; Cstf3; Cpsf7; Fip1l1; Cpsf1; Zfp473","liver","MHU-2","GLDS-617","Stat_(Space Flight & uG)v(Ground Control & 1G on Earth)",1,"flight_positive"
"REACTOME_PROCESSING_OF_CAPPED_INTRON_CONTAINING_PRE_MRNA",0.010589768872827,0.0606234521427568,0.380730400722792,0.27080109806048,1.3553413295264,275,"reactome","Hnrnpa3; Wdr33; Cherp; Papola; Ranbp2; Wbp11; Srsf5; Cstf2; Ddx23; Htatsf1; Sf3a2; Hnrnpf; Snrpa; Ncbp1; Crnkl1; Rbmx2; Prpf18; Pcbp1; Cstf2t; Dhx8; Tcerg1; Dhx38; Wtap; Xab2; Polr2i; Cwc22; Prpf3; Srrt; Smu1; Fyttd1; Cwf19l2; BC005624; Rbm5; Ppwd1; Nup50; Ppil2; Pdcd7; Hnrnpu; Seh1l; Gpatch1; Aqr; Cpsf6; Pcbp2; Ddx46; Fam50a; Snrnp200; Thoc3; Zc3h11a; Rbm42; Srsf1; Prpf19; Isy1; Mettl3; Ik; Cdc5l; Rae1; Sf1; Prpf8; Hnrnph2; Nup188; Rbm39; Dhx9; Sf3b3; Rnpc3; Nup62; Cwc25; Ppil3; Cpsf3; Nup98; Usp39; Prpf4b; Polr2c; Prpf4; U2af2; Dhx15; Casc3; Hnrnpc; Prpf40a; Rbm25; Mtrex; Ddx42; Thoc2; Cpsf2; Nup93; Sarnp; Thoc1; Cstf3; Prcc; Cpsf7; Nup88; Phf5a; Snrnp48; Srsf2; Gcfc2; Hnrnpr; Snrpd1; Fip1l1; Hnrnpd; Bcas2; Polr2h; Cpsf1; Zfp830; Cwc15; Rbm17; Sf3a3; Gpkow; U2af1l4; Nup205; Cdc40; Nup133; Nup43","liver","MHU-2","GLDS-617","Stat_(Space Flight & uG)v(Ground Control & 1G on Earth)",1,"flight_positive"
"REACTOME_PROCESSING_OF_DNA_DOUBLE_STRAND_BREAK_ENDS",0.990974729241877,1,0.0414044273760278,-0.166720491419161,-0.643329598254834,74,"reactome","Rpa1; Cdk2; Clspn; Abraxas1; Rpa3; H2bc21; Ube2n; Rps27a; Ubc; Uba52; Rfc2; Uimc1; Ccna2; Rad9b; Dna2; Top3a","liver","MHU-2","GLDS-617","Stat_(Space Flight & uG)v(Ground Control & 1G on Earth)",1,"flight_positive"
"REACTOME_PROCESSING_OF_INTRONLESS_PRE_MRNAS",0.00149269399914178,0.0117004245009652,0.45505986738723,0.621050954456109,1.87434218674561,20,"reactome","Wdr33; Papola; Cstf2; Ncbp1; Cstf2t; Cpsf6; Cpsf3; Cpsf2; Cstf3; Cpsf7; Fip1l1; Cpsf1","liver","MHU-2","GLDS-617","Stat_(Space Flight & uG)v(Ground Control & 1G on Earth)",1,"flight_positive"
"REACTOME_PROCESSIVE_SYNTHESIS_ON_THE_C_STRAND_OF_THE_TELOMERE",0.17175572519084,0.456487279458097,0.14551614609036,-0.451913839600215,-1.29041073356506,19,"reactome","Rpa1; Rpa3; Pold4; Pold2; Pold1; Pold3; Pcna; Dna2","liver","MHU-2","GLDS-617","Stat_(Space Flight & uG)v(Ground Control & 1G on Earth)",1,"flight_positive"
"REACTOME_PROCESSIVE_SYNTHESIS_ON_THE_LAGGING_STRAND",0.0246462902302682,0.117101640475805,0.352487857583619,-0.580959564614584,-1.55635931676713,15,"reactome","Rpa1; Rpa3; Pold4; Pold2; Pold1; Pola2; Pold3; Pcna; Dna2","liver","MHU-2","GLDS-617","Stat_(Space Flight & uG)v(Ground Control & 1G on Earth)",1,"flight_positive"
"REACTOME_PROGRAMMED_CELL_DEATH",0.00652163519579802,0.0405938617827113,0.407017918923954,0.303289404587995,1.44185536302465,183,"reactome","Nmt1; Psmd11; Psmd1; Psmd3; Cflar; Psmd2; Psmc4; Ubb; Adrm1; Psmc1; Psmc2; Psmc5; Psmd7; Psmd14; Apc; Il1a; Psmd12; Psma1; Flot2; Rock1; Dffb; Ppp3r1; Psma7; Psmc6; Kpna1; Ogt; Chmp6; Opa1; Ly96; Pdcd6ip; Psma5; Casp6; Psmd6; Dsg2; Itch; Lmna; Dapk1; Psmc3; Psmb4; H1f3","liver","MHU-2","GLDS-617","Stat_(Space Flight & uG)v(Ground Control & 1G on Earth)",1,"flight_positive"
"REACTOME_PROTEASOME_ASSEMBLY",3.32470067956742e-05,0.000368246738312957,0.557332238758646,0.554390035116182,2.05814345521271,50,"reactome","Psmd11; Psmd1; Psmd3; Psmd2; Psmc4; Adrm1; Psmc1; Psmc2; Psmc5; Psmd7; Psme4; Psmd14; Psmd12; Psma1; Psma7; Psmc6; Psmd4; Psma5; Psmd6; Psma8; Psmc3; Psmb4; Psmb2; Psmd13; Psme3; Psma6","liver","MHU-2","GLDS-617","Stat_(Space Flight & uG)v(Ground Control & 1G on Earth)",1,"flight_positive"
"REACTOME_PROTEIN_FOLDING",0.173913043478261,0.458412196821321,0.159646701919906,0.28730112478336,1.18955484150423,81,"reactome","Tubb4b; Tuba4a; Tuba1c; Xrn2; Pdcl; Actb; Arfgef2; Fbxw7; Gnaq; Gna11; Ap3m1; Tbce; Tubb2a; Dcaf7; Stat3; Tbcb; Cct6a; Rgs11; Csnk2a2; Csnk2a1; Gng12; Tuba8; Rgs9","liver","MHU-2","GLDS-617","Stat_(Space Flight & uG)v(Ground Control & 1G on Earth)",1,"flight_positive"
"REACTOME_PROTEIN_HYDROXYLATION",0.710084033613445,0.908047897521582,0.0639271933359996,0.271255078706829,0.818652372629341,20,"reactome","Rccd1; F9; Asph; Etf1; U2af2; Kdm8; Jmjd7; Jmjd4","liver","MHU-2","GLDS-617","Stat_(Space Flight & uG)v(Ground Control & 1G on Earth)",1,"flight_positive"
"REACTOME_PROTEIN_LOCALIZATION",0.118136439267887,0.361504599441371,0.165656695205483,-0.277475110350662,-1.20662947266742,155,"reactome","Nudt7; Samm50; Cyc1; Paox; Prnp; Sec61b; Cs; Tomm5; Timm50; Abcd3; Coq2; Hao1; Ephx2; Dnajc19; Hscb; Sec61g; Amacr; Tomm6; Ndufb8; Vdac1; Aco2; Timm8a1; Otc; Ddo; Decr2; Agps; Timm13; Acox1; Rps27a; Tomm7; Chchd3; Chchd7; Ubc; Idh1; Pex11b; Fis1; Slc25a12; Uba52; Slc25a17; Acot8","liver","MHU-2","GLDS-617","Stat_(Space Flight & uG)v(Ground Control & 1G on Earth)",1,"flight_positive"
"REACTOME_PROTEIN_METHYLATION",0.46969696969697,0.770726589567169,0.086794975677172,0.342351903500894,0.985462563218262,17,"reactome","Vcp; Camkmt","liver","MHU-2","GLDS-617","Stat_(Space Flight & uG)v(Ground Control & 1G on Earth)",1,"flight_positive"
"REACTOME_PROTEIN_PROTEIN_INTERACTIONS_AT_SYNAPSES",0.860411899313501,0.977435591304858,0.0588438169595807,0.208232558044861,0.782221168018566,53,"reactome","Pdlim5; Lin7a; Flot2; Ppfibp1; Epb41; Stxbp1; Sipa1l1; Shank2; Stx1a; Ppfibp2; Dbnl; Rtn3; Ptprf","liver","MHU-2","GLDS-617","Stat_(Space Flight & uG)v(Ground Control & 1G on Earth)",1,"flight_positive"
"REACTOME_PROTEIN_UBIQUITINATION",0.177829099307159,0.461088682427469,0.158514105424824,0.305391142212153,1.20594327770844,67,"reactome","Vcp; Pex12; Cdc73; Ubb; Selenos; Wac; Ube2z; Usp7; Otulin; Usp5; Rtf1; Rnf144a; Shprh; Ube2g2; Usp9x","liver","MHU-2","GLDS-617","Stat_(Space Flight & uG)v(Ground Control & 1G on Earth)",1,"flight_positive"
"REACTOME_PTEN_REGULATION",9.31902014252448e-05,0.000930988384826711,0.538434096309916,0.398913463944815,1.78259238865704,122,"reactome","Psmd11; Psmd1; Psmd3; Psmd2; Psmc4; Ubb; Adrm1; Jun; Psmc1; Psmc2; Psmc5; Usp7; Psmd7; Psmd14; Psmd12; Psma1; Ago2; Psma7; Psmc6; Atf2; Mecom; Phc3; Psma5; Psmd6; Rptor; Psmc3; Psmb4; Wwp2; Otud3; Mta3; Egr1; Psmb2; Psmd13","liver","MHU-2","GLDS-617","Stat_(Space Flight & uG)v(Ground Control & 1G on Earth)",1,"flight_positive"
"REACTOME_PURINERGIC_SIGNALING_IN_LEISHMANIASIS_INFECTION",0.00993024526623639,0.0578223995788279,0.380730400722792,0.497052729558938,1.57544542053431,25,"reactome","C3; Nt5e; Il1a; Txnip; Entpd5; Pycard; Hmox1; Nlrp3; Mefv; Sugt1","liver","MHU-2","GLDS-617","Stat_(Space Flight & uG)v(Ground Control & 1G on Earth)",1,"flight_positive"
"REACTOME_PURINE_CATABOLISM",0.599229287090559,0.852104427418235,0.0679922591544058,-0.331680516994366,-0.888554202833001,15,"reactome","Nudt18; Nt5c; Dnph1; Nudt1; Nt5c2","liver","MHU-2","GLDS-617","Stat_(Space Flight & uG)v(Ground Control & 1G on Earth)",1,"flight_positive"
"REACTOME_PYROPTOSIS",0.446927374301676,0.746588515431816,0.0813027345384498,-0.3352587685129,-1.00242694824567,23,"reactome","Casp3; Cycs","liver","MHU-2","GLDS-617","Stat_(Space Flight & uG)v(Ground Control & 1G on Earth)",1,"flight_positive"
"REACTOME_PYRUVATE_METABOLISM",0.00314238706546029,0.022549946617634,0.431707695803346,-0.48506330021969,-1.70317704729056,44,"reactome","Pklr; Me1; Pdk1; Pdha1; Ldhb; Dlat; Pdhb; Vdac1; Rmnd5a; Pdk2; Rps27a; Gpt; Ubc","liver","MHU-2","GLDS-617","Stat_(Space Flight & uG)v(Ground Control & 1G on Earth)",1,"flight_positive"
"REACTOME_RAB_GEFS_EXCHANGE_GTP_FOR_GDP_ON_RABS",0.363425925925926,0.674946183142904,0.105920292736253,0.25209257757659,1.05467939903891,85,"reactome","Rab18; Gdi1; Dennd1a; Trappc10; Dennd1b; Rab21; Trappc8; Ric1; Rin3; Rab8b; Rab1a; Dennd4c; Mon1b; Dennd5b; Rinl; Trappc2; Rab5a; Gapvd1; Trappc11; Chml; Rab6a; Rab7; Rab14; Rab35; Dennd2a; Dennd4b; Chm; Rgp1; Akt3; Rab13","liver","MHU-2","GLDS-617","Stat_(Space Flight & uG)v(Ground Control & 1G on Earth)",1,"flight_positive"
"REACTOME_RAB_GERANYLGERANYLATION",1,1,0.0404114482034376,-0.142604803989944,-0.522900727830039,54,"reactome","Rab4a; Rab34; Rab20; Rab23; Rab7b; Rab22a; Rab5c; Rab43; Rab38; Rab9; Ptp4a2","liver","MHU-2","GLDS-617","Stat_(Space Flight & uG)v(Ground Control & 1G on Earth)",1,"flight_positive"
"REACTOME_RAB_REGULATION_OF_TRAFFICKING",0.561320754716981,0.832004354618801,0.0817515582532145,0.214229850847125,0.950098914506049,115,"reactome","Rab18; Tbc1d15; Gdi1; Dennd1a; Trappc10; Tbc1d16; Gga2; Dennd1b; Rab21; Trappc8; Ric1; Rin3; Rab8b; Rab1a; Rabgap1; Dennd4c; Mon1b; Dennd5b; Rinl; Trappc2; Gga3; Rab5a; Gapvd1; Rab33b; Arf6; Trappc11; Chml; Tbc1d25; Rab6a; Rab7; Rab14; Rab35; Dennd2a; Dennd4b; Chm; Tbc1d7; Rgp1","liver","MHU-2","GLDS-617","Stat_(Space Flight & uG)v(Ground Control & 1G on Earth)",1,"flight_positive"
"REACTOME_RAC1_GTPASE_CYCLE",0.229974160206718,0.522564102564103,0.14641623786055,0.235971063085511,1.10175221803544,169,"reactome","Abl2; Rasgrf2; Arhgap21; Pik3r2; Pld1; Nckap1; Fam13b; Arap2; Dock4; Arhgap31; Arhgap32; Arhgap5; Git2; Garre1; Snap23; Arap1; Srgap1; Esyt1; Pard6a; Wasl; Pkn1; Tfrc; Arhgef7; Arhgef11; Iqgap2; Srgap3; Srgap2; Cit; Dock1; Ykt6; Pik3r1; Mcf2l; Vav3; Kalrn","liver","MHU-2","GLDS-617","Stat_(Space Flight & uG)v(Ground Control & 1G on Earth)",1,"flight_positive"
"REACTOME_RAC2_GTPASE_CYCLE",0.54875283446712,0.830353959765724,0.0808589150280032,0.229993568629161,0.956711262966345,82,"reactome","Arhgap21; Pik3r2; Nckap1; Dock4; Arhgap32; Git2; Garre1; Dsg2; Esyt1; Tfrc; Dock1; Pik3r1; Lman1; Vav3; Dock2; Arhgap35; Ankle2; Pik3ca; Emd; Wasf2; Rab7; Arhgap42; Arhgap1","liver","MHU-2","GLDS-617","Stat_(Space Flight & uG)v(Ground Control & 1G on Earth)",1,"flight_positive"
"REACTOME_RAC3_GTPASE_CYCLE",0.110344827586207,0.34919683015635,0.204294756516886,0.297624104364112,1.24388174971394,84,"reactome","Abl2; Arhgap21; Pik3r2; Nckap1; Arap2; Arhgap32; Arhgap5; Git2; Garre1; Snap23; Dsg2; Esyt1; Arhgap6; Rapgef1; Tfrc; Srgap2; Ykt6; Pik3r1; Lman1","liver","MHU-2","GLDS-617","Stat_(Space Flight & uG)v(Ground Control & 1G on Earth)",1,"flight_positive"
"REACTOME_RAF_ACTIVATION",0.608879492600423,0.861733615221987,0.0718276293603809,0.267857358059417,0.899865009454389,31,"reactome","Ppp2r1b; Mark3; Ppp2r5e; Kras; Shoc2; Ppp2r5c; Ppp2ca; Map2k2; Braf; Nras; Ppp2r1a; Ppp2r5b; Ywhab; Camk2g; Jak2","liver","MHU-2","GLDS-617","Stat_(Space Flight & uG)v(Ground Control & 1G on Earth)",1,"flight_positive"
"REACTOME_RAF_INDEPENDENT_MAPK1_3_ACTIVATION",0.775,0.941553336600506,0.0593487680335629,0.251376637473556,0.773987357767543,21,"reactome","Dusp4; Dusp1; Ptpn11; Dusp6; Il6st; Mapk1; Map2k2","liver","MHU-2","GLDS-617","Stat_(Space Flight & uG)v(Ground Control & 1G on Earth)",1,"flight_positive"
"REACTOME_RAP1_SIGNALLING",0.56935817805383,0.835988448756272,0.0741758965588009,0.32827292997753,0.919491424906263,15,"reactome","Rapgef4; Rapgef3; Prkg1; Rasgrp1; Sipa1; Ywhab; Rap1a","liver","MHU-2","GLDS-617","Stat_(Space Flight & uG)v(Ground Control & 1G on Earth)",1,"flight_positive"
"REACTOME_RAS_PROCESSING",0.483333333333333,0.786025853242087,0.083129129135339,0.314831579252036,0.969364793069523,21,"reactome","Ubb; Icmt; Abhd17c","liver","MHU-2","GLDS-617","Stat_(Space Flight & uG)v(Ground Control & 1G on Earth)",1,"flight_positive"
"REACTOME_RA_BIOSYNTHESIS_PATHWAY",0.471374045801527,0.772234972141086,0.0797705918628453,-0.339564582384678,-0.969604697734772,19,"reactome","Rdh11; Sdr16c5; Aldh1a7; Akr1c18; Dhrs9; Adh1","liver","MHU-2","GLDS-617","Stat_(Space Flight & uG)v(Ground Control & 1G on Earth)",1,"flight_positive"
"REACTOME_RECOGNITION_AND_ASSOCIATION_OF_DNA_GLYCOSYLASE_WITH_SITE_CONTAINING_AN_AFFECTED_PURINE",0.983114446529081,1,0.0435378240914002,-0.171319695791,-0.535123431064092,27,"reactome","H2bc21; H2az2; H2ac19; H2bc6; Ogg1; Mpg; H2aj; H4c17; H2bc8","liver","MHU-2","GLDS-617","Stat_(Space Flight & uG)v(Ground Control & 1G on Earth)",1,"flight_positive"
"REACTOME_RECOGNITION_OF_DNA_DAMAGE_BY_PCNA_CONTAINING_REPLICATION_COMPLEX",0.00751259254719967,0.0455674512237885,0.407017918923954,-0.506414784366844,-1.63255129009103,30,"reactome","Rpa1; Pole2; Rpa3; Pold4; Rbx1; Ube2b; Rps27a; Ubc; Uba52; Rfc2; Pold2; Pold1; Pold3; Pcna","liver","MHU-2","GLDS-617","Stat_(Space Flight & uG)v(Ground Control & 1G on Earth)",1,"flight_positive"
"REACTOME_RECRUITMENT_OF_MITOTIC_CENTROSOME_PROTEINS_AND_COMPLEXES",0.264705882352941,0.569061801935964,0.12563992130984,0.273199048802797,1.12758944424275,79,"reactome","Mapre1; Tubb4b; Pafah1b1; Dync1h1; Tuba4a; Pcm1; Cep290; Tubb5; Cep63; Cep135; Cep250","liver","MHU-2","GLDS-617","Stat_(Space Flight & uG)v(Ground Control & 1G on Earth)",1,"flight_positive"
"REACTOME_RECRUITMENT_OF_NUMA_TO_MITOTIC_CENTROSOMES",0.194444444444444,0.472885176345797,0.151148761385484,0.275094048369519,1.15091062340143,85,"reactome","Mapre1; Tubb4b; Pafah1b1; Dync1h1; Tuba4a; Tuba1c; Pcm1; Cep290; Tubb5; Cep63; Cep135","liver","MHU-2","GLDS-617","Stat_(Space Flight & uG)v(Ground Control & 1G on Earth)",1,"flight_positive"
"REACTOME_RECYCLING_PATHWAY_OF_L1",0.0302186723320022,0.136251447373054,0.352487857583619,0.433168917924392,1.53094037449662,37,"reactome","Tubb4b; Tuba4a; Tuba1c; Actg1; Actb; Rps6ka2; Ap2b1; Ap2a2; Ap2m1; Rps6ka3; Tubb2a; Cltc; Mapk1; Tuba8; Rps6ka4","liver","MHU-2","GLDS-617","Stat_(Space Flight & uG)v(Ground Control & 1G on Earth)",1,"flight_positive"
"REACTOME_REGULATED_NECROSIS",0.507964601769912,0.798309999219466,0.072003313661988,-0.262122134994743,-0.962865418776398,53,"reactome","Casp3; Cycs; Tnfsf10; Birc3; Sdcbp; Bax; Hmgb1; Rps27a; Ubc; Tradd; Uba52; Xiap; Mlkl; Irf1; Casp1","liver","MHU-2","GLDS-617","Stat_(Space Flight & uG)v(Ground Control & 1G on Earth)",1,"flight_positive"
"REACTOME_REGULATION_OF_APOPTOSIS",1.22767968090821e-08,8.93575424889621e-07,0.747739663149885,0.684258683130007,2.45202221463358,40,"reactome","Psmd11; Psmd1; Psmd3; Psmd2; Psmc4; Ubb; Adrm1; Psmc1; Psmc2; Psmc5; Psmd7; Psmd14; Psmd12; Psma1; Psma7; Psmc6; Opa1; Psma5; Psmd6; Psmc3; Psmb4; Psmb2; Psmd13; Psma6","liver","MHU-2","GLDS-617","Stat_(Space Flight & uG)v(Ground Control & 1G on Earth)",1,"flight_positive"
"REACTOME_REGULATION_OF_BETA_CELL_DEVELOPMENT",0.545966228893058,0.830353959765724,0.0713052987340038,-0.299183478811736,-0.934510705031485,27,"reactome","Pklr","liver","MHU-2","GLDS-617","Stat_(Space Flight & uG)v(Ground Control & 1G on Earth)",1,"flight_positive"
"REACTOME_REGULATION_OF_CHOLESTEROL_BIOSYNTHESIS_BY_SREBP_SREBF",9.34600619363454e-06,0.000132271948768244,0.593325476396405,-0.568880926100342,-2.10657288495243,56,"reactome","Acacb; Elovl6; Fasn; Pmvk; Scd1; Sc5d; Dhcr7; Fdps; Acaca; Gpam; Tm7sf2; Ggps1; Lss; Srebf1; Scd2; Scap; Insig1","liver","MHU-2","GLDS-617","Stat_(Space Flight & uG)v(Ground Control & 1G on Earth)",1,"flight_positive"
"REACTOME_REGULATION_OF_ENDOGENOUS_RETROELEMENTS",1,1,0.0399218624292714,-0.128330909809636,-0.505662061084808,84,"reactome","Smarca2; Smarcd2; H2bc21; Atf7ip; H2az2; H3f3a; H2ac19; H3c4; Ehmt2; Smarcd3; Mbd3; Zfp354a; H3f3b; Chd3; Mphosph8; H3c15; H2bc6; Smarcd1; Chd4; Bcl7c; H2aj; Zfp457; H4c17","liver","MHU-2","GLDS-617","Stat_(Space Flight & uG)v(Ground Control & 1G on Earth)",1,"flight_positive"
"REACTOME_REGULATION_OF_ENDOGENOUS_RETROELEMENTS_BY_KRAB_ZFP_PROTEINS",0.984070796460177,1,0.0408229003677776,-0.172192131751046,-0.632521358990904,53,"reactome","H2bc21; Atf7ip; H2az2; H3f3a; H2ac19; H3c4; Mbd3; Zfp354a; H3f3b; Chd3; H3c15; H2bc6; Chd4; H2aj; Zfp457; H4c17","liver","MHU-2","GLDS-617","Stat_(Space Flight & uG)v(Ground Control & 1G on Earth)",1,"flight_positive"
"REACTOME_REGULATION_OF_ENDOGENOUS_RETROELEMENTS_BY_PIWI_INTERACTING_RNAS_PIRNAS",0.987410071942446,1,0.0414044273760278,-0.161348869178914,-0.60418621603094,60,"reactome","Smarca2; Smarcd2; H2bc21; H2az2; H3f3a; H2ac19; H3c4; Smarcd3; Mbd3; H3f3b; Chd3; H3c15; H2bc6; Smarcd1; Chd4; Bcl7c; H2aj; H4c17","liver","MHU-2","GLDS-617","Stat_(Space Flight & uG)v(Ground Control & 1G on Earth)",1,"flight_positive"
"REACTOME_REGULATION_OF_ENDOGENOUS_RETROELEMENTS_BY_THE_HUMAN_SILENCING_HUB_HUSH_COMPLEX",0.704918032786885,0.907553302619039,0.0574877409561325,-0.250908927413266,-0.850302969800369,37,"reactome","H2bc21; Atf7ip; H2az2; H3f3a; H2ac19; H3c4; Ehmt2; H3f3b; Mphosph8; H3c15; H2bc6; H2aj; H4c17; H2bc8","liver","MHU-2","GLDS-617","Stat_(Space Flight & uG)v(Ground Control & 1G on Earth)",1,"flight_positive"
"REACTOME_REGULATION_OF_EXPRESSION_OF_SLITS_AND_ROBOS",0.0479338842975207,0.198555398777128,0.266350657088526,-0.311845380648695,-1.34029356135118,141,"reactome","Rpl36al; Robo1; Rps24; Rpl36a; Rpl22l1; Rpl26; Rpl15; Rpl12; Rpl27; Rpsa; Rps17; Rps12; Rplp0; Rplp1; Rpl31; Rpl35a; Rpl13a; Rps20; Rps27l; Rpl39; Rpl17; Rps7; Rps14; Rpl23; Rpl3; Rps9; Rps21; Slit1; Rpl19; Rps16; Elob; Rpl10a; Rbx1; Rps10; Gspt2; Rps15; Rps27a; Rpl38; Ubc; Rpl29; Rps3a1; Rpl18; Uba52; Rps6; Rpl13; Rpl35; Rpl30; Rps11; Rpl8; Lhx2; Rps29; Rpl32; Rpl21; Rpl7; Psmb5; Sem1; Rps23; Rpl10; Rpl7a","liver","MHU-2","GLDS-617","Stat_(Space Flight & uG)v(Ground Control & 1G on Earth)",1,"flight_positive"
"REACTOME_REGULATION_OF_FZD_BY_UBIQUITINATION",0.312962962962963,0.622869646990741,0.101350743797099,-0.404570187099076,-1.12863563335861,17,"reactome","Lrp5; Rps27a; Ubc; Lgr5; Uba52; Rspo3; Fzd6; Fzd5; Fzd4; Rnf43","liver","MHU-2","GLDS-617","Stat_(Space Flight & uG)v(Ground Control & 1G on Earth)",1,"flight_positive"
"REACTOME_REGULATION_OF_GLUCOKINASE_BY_GLUCOKINASE_REGULATORY_PROTEIN",0.936305732484076,1,0.0514264916187015,0.195185806143157,0.642711166895199,29,"reactome","Ranbp2; Nup50; Seh1l; Rae1; Nup188; Nup62; Nup98; Nup93; Nup88; Nup205; Nup133; Nup43; Tpr","liver","MHU-2","GLDS-617","Stat_(Space Flight & uG)v(Ground Control & 1G on Earth)",1,"flight_positive"
"REACTOME_REGULATION_OF_HOMOTYPIC_CELL_CELL_ADHESION",0.516791044776119,0.806447281205001,0.0738052724171275,-0.312967398295433,-0.947916090098951,24,"reactome","Mov10; Amot; Ago4; Adam33","liver","MHU-2","GLDS-617","Stat_(Space Flight & uG)v(Ground Control & 1G on Earth)",1,"flight_positive"
"REACTOME_REGULATION_OF_HSF1_MEDIATED_HEAT_SHOCK_RESPONSE",0.913525498891353,1,0.0545680646670941,0.186306293334921,0.761889188220583,75,"reactome","Hspa5; Ubb; Ranbp2; Hspa13; Dnajc2; St13; Nup50; Seh1l; Hspa4; Hspa12a; Tnfrsf21; Rae1; Hikeshi; Nup188; Mapk1; Nup62; Nup98; Bag3; Nup93; Nup88; Bag4; Dedd2; Hspa12b; Nup205; Nup133; Nup43","liver","MHU-2","GLDS-617","Stat_(Space Flight & uG)v(Ground Control & 1G on Earth)",1,"flight_positive"
"REACTOME_REGULATION_OF_INSULIN_LIKE_GROWTH_FACTOR_IGF_TRANSPORT_AND_UPTAKE_BY_INSULIN_LIKE_GROWTH_FACTOR_BINDING_PROTEINS_IGFBPS",0.028504868179689,0.130839912950915,0.352487857583619,0.312294666119296,1.33397140923016,98,"reactome","Hsp90b1; C3; Dnajc3; Igfals; Pdia6; Apob; Apoa5; Mia3; Fga; Igfbp1; Qsox1; Cp; F5; Serpind1; P4hb; Rcn1; Vwa1; Nucb1; Lamb2; Sdc2; Tgoln1","liver","MHU-2","GLDS-617","Stat_(Space Flight & uG)v(Ground Control & 1G on Earth)",1,"flight_positive"
"REACTOME_REGULATION_OF_INSULIN_SECRETION",0.175398633257403,0.459463257813095,0.158514105424824,0.3149659276461,1.20978649071819,58,"reactome","Cd36; Cacna1a; Kcnb1; Chrm3; Rapgef4; Rapgef3; Prkca; Gnaq; Itpr2; Gna11; Itpr1; Kcns3; Stxbp1; Cacnb2","liver","MHU-2","GLDS-617","Stat_(Space Flight & uG)v(Ground Control & 1G on Earth)",1,"flight_positive"
"REACTOME_REGULATION_OF_KIT_SIGNALING",0.771593090211132,0.941553336600506,0.0557104226766671,-0.282798995827563,-0.770686108652394,16,"reactome","Lyn; Kitl; Src","liver","MHU-2","GLDS-617","Stat_(Space Flight & uG)v(Ground Control & 1G on Earth)",1,"flight_positive"
"REACTOME_REGULATION_OF_LIPID_METABOLISM_BY_PPARALPHA",0.0112702997192558,0.0634499194139317,0.380730400722792,0.320949574203736,1.42593268109992,116,"reactome","Agt; Acadm; Thrap3; Cd36; Cpt2; Apoa5; Slc27a1; Npas2; Hmgcs2; Clock; Tbl1x; Alas1; Tgs1; Ncoa6; Med1; Med13; Txnrd1; Nr1d1; Nr1h2; Abca1; Rxra; Med13l; Cyp4a31; Sin3a; Acsl1; Sp1; Ncor1; Rgl1; Ep300; Nfyb; Med14; Trib3; Mtf1","liver","MHU-2","GLDS-617","Stat_(Space Flight & uG)v(Ground Control & 1G on Earth)",1,"flight_positive"
"REACTOME_REGULATION_OF_MECP2_EXPRESSION_AND_ACTIVITY",0.883620689655172,0.987291099516031,0.0547939500773363,0.217089143041198,0.705825161146793,28,"reactome","Hipk2; Tbl1x; Ago2; Sin3a; Ncor1; Tnrc6b","liver","MHU-2","GLDS-617","Stat_(Space Flight & uG)v(Ground Control & 1G on Earth)",1,"flight_positive"
"REACTOME_REGULATION_OF_MITF_M_DEPENDENT_GENES_INVOLVED_IN_APOPTOSIS",0.876685934489403,0.986375316166081,0.0499913914024592,-0.254085241485367,-0.680680647888329,15,"reactome","Mov10; Ago4","liver","MHU-2","GLDS-617","Stat_(Space Flight & uG)v(Ground Control & 1G on Earth)",1,"flight_positive"
"REACTOME_REGULATION_OF_MITF_M_DEPENDENT_GENES_INVOLVED_IN_CELL_CYCLE_AND_PROLIFERATION",0.439539347408829,0.740315033073714,0.0838361057159929,-0.368624200846616,-1.00457765090087,16,"reactome","Cdk2; Ccnd1; Plk1; Tcf7l1; Ccnb1; Hint1","liver","MHU-2","GLDS-617","Stat_(Space Flight & uG)v(Ground Control & 1G on Earth)",1,"flight_positive"
"REACTOME_REGULATION_OF_MITF_M_DEPENDENT_GENES_INVOLVED_IN_LYSOSOME_BIOGENESIS_AND_AUTOPHAGY",0.668831168831169,0.891698542147806,0.0683110858318647,0.294767067951615,0.848489251455766,17,"reactome","Atp6v1a; Atp6v1b2; Atp6v0d1; Atp6v1h","liver","MHU-2","GLDS-617","Stat_(Space Flight & uG)v(Ground Control & 1G on Earth)",1,"flight_positive"
"REACTOME_REGULATION_OF_MITF_M_DEPENDENT_GENES_INVOLVED_IN_PIGMENTATION",0.430131004366812,0.736644526806356,0.0922597260527354,0.294107956988395,1.00901628237015,34,"reactome","Actb; Smarcc2; Sytl2; Arid1b; Smarca4; Myo5a; Bcl7b; Dpf3; Dct; Creb1","liver","MHU-2","GLDS-617","Stat_(Space Flight & uG)v(Ground Control & 1G on Earth)",1,"flight_positive"
"REACTOME_REGULATION_OF_MRNA_STABILITY_BY_PROTEINS_THAT_BIND_AU_RICH_ELEMENTS",1.79406047096402e-05,0.000220258749387028,0.575610261071129,0.501410023181826,2.026886737241,73,"reactome","Psmd11; Psmd1; Psmd3; Psmd2; Psmc4; Ubb; Adrm1; Psmc1; Psmc2; Psmc5; Dcp2; Zfp36; Psmd7; Psmd14; Psmd12; Psma1; Zfp36l1; Psma7; Psmc6; Prkca; Psma5; Psmd6; Khsrp; Psmc3; Psmb4; Psmb2; Psmd13; Psma6; Tnpo1; Exosc3; Parn; Exosc2","liver","MHU-2","GLDS-617","Stat_(Space Flight & uG)v(Ground Control & 1G on Earth)",1,"flight_positive"
"REACTOME_REGULATION_OF_NF_KAPPA_B_SIGNALING",0.718518518518519,0.911793736451271,0.0573667426768556,-0.281779622061816,-0.801658237073752,18,"reactome","Nlrx1; Rps27a; Ikbip; Ubc; Nlrc5; Uba52","liver","MHU-2","GLDS-617","Stat_(Space Flight & uG)v(Ground Control & 1G on Earth)",1,"flight_positive"
"REACTOME_REGULATION_OF_ORNITHINE_DECARBOXYLASE_ODC",1.04866753898777e-08,8.21994017098877e-07,0.747739663149885,0.706186743964172,2.51468028981327,38,"reactome","Psmd11; Psmd1; Psmd3; Psmd2; Psmc4; Adrm1; Psmc1; Psmc2; Psmc5; Psmd7; Psmd14; Psmd12; Nqo1; Psma1; Psma7; Psmc6; Psma5; Psmd6; Psmc3; Psmb4; Psmb2; Psmd13; Psma6","liver","MHU-2","GLDS-617","Stat_(Space Flight & uG)v(Ground Control & 1G on Earth)",1,"flight_positive"
"REACTOME_REGULATION_OF_PLK1_ACTIVITY_AT_G2_M_TRANSITION",0.104651162790698,0.335344449319877,0.211400189384923,0.298923783904323,1.2546297675521,87,"reactome","Mapre1; Tubb4b; Pafah1b1; Dync1h1; Tuba4a; Ubb; Pcm1; Cep290; Tubb5; Cul1; Cep63; Cep135","liver","MHU-2","GLDS-617","Stat_(Space Flight & uG)v(Ground Control & 1G on Earth)",1,"flight_positive"
"REACTOME_REGULATION_OF_PTEN_GENE_TRANSCRIPTION",0.988610478359909,1,0.0521630305460055,0.152965557463409,0.587541853645646,58,"reactome","Jun; Atf2; Mecom; Phc3; Rptor; Mta3; Egr1","liver","MHU-2","GLDS-617","Stat_(Space Flight & uG)v(Ground Control & 1G on Earth)",1,"flight_positive"
"REACTOME_REGULATION_OF_PTEN_STABILITY_AND_ACTIVITY",4.84225831979354e-07,1.29848979680779e-05,0.659444398037935,0.586482667060068,2.23961478673554,55,"reactome","Psmd11; Psmd1; Psmd3; Psmd2; Psmc4; Ubb; Adrm1; Psmc1; Psmc2; Psmc5; Psmd7; Psmd14; Psmd12; Psma1; Psma7; Psmc6; Psma5; Psmd6; Psmc3; Psmb4; Wwp2; Otud3; Psmb2; Psmd13; Psma6","liver","MHU-2","GLDS-617","Stat_(Space Flight & uG)v(Ground Control & 1G on Earth)",1,"flight_positive"
"REACTOME_REGULATION_OF_PYRUVATE_METABOLISM",0.0202833525903528,0.0998489675824611,0.352487857583619,-0.47671005333295,-1.53957728211309,32,"reactome","Me1; Pdk1; Pdha1; Dlat; Pdhb; Rmnd5a; Pdk2; Rps27a; Ubc; Uba52; Pdk4","liver","MHU-2","GLDS-617","Stat_(Space Flight & uG)v(Ground Control & 1G on Earth)",1,"flight_positive"
"REACTOME_REGULATION_OF_RAS_BY_GAPS",1.57229947011533e-09,3.15830622668143e-07,0.788186810800237,0.646446236006757,2.46859904018609,55,"reactome","Psmd11; Psmd1; Psmd3; Psmd2; Psmc4; Ubb; Adrm1; Psmc1; Psmc2; Psmc5; Psmd7; Spred1; Psmd14; Psmd12; Rasa1; Psma1; Psma7; Psmc6; Rasal2; Psma5; Rasa2; Psmd6; Syngap1; Psmc3; Psmb4; Dab2ip; Psmb2; Kras; Psmd13; Kbtbd7; Psma6; Spred2","liver","MHU-2","GLDS-617","Stat_(Space Flight & uG)v(Ground Control & 1G on Earth)",1,"flight_positive"
"REACTOME_REGULATION_OF_RUNX1_EXPRESSION_AND_ACTIVITY",0.583333333333333,0.846061331265759,0.0673623868166279,-0.324866499313629,-0.906285037557752,17,"reactome","Mov10; Ago4; Ccnd3; Ccnd1; Src","liver","MHU-2","GLDS-617","Stat_(Space Flight & uG)v(Ground Control & 1G on Earth)",1,"flight_positive"
"REACTOME_REGULATION_OF_RUNX2_EXPRESSION_AND_ACTIVITY",7.21399295402078e-06,0.000113093212617649,0.610526878385931,0.549799548146003,2.09953212077142,55,"reactome","Psmd11; Psmd1; Psmd3; Psmd2; Psmc4; Ubb; Adrm1; Psmc1; Psmc2; Psmc5; Psmd7; Bmp2; Psmd14; Psmd12; Psma1; Psma7; Psmc6; Cul1; Psma5; Psmd6; Psmc3; Psmb4; Psmb2; Psmd13; Psma6","liver","MHU-2","GLDS-617","Stat_(Space Flight & uG)v(Ground Control & 1G on Earth)",1,"flight_positive"
"REACTOME_REGULATION_OF_RUNX3_EXPRESSION_AND_ACTIVITY",4.55852357799353e-07,1.27753751069823e-05,0.674962860011025,0.630939178050849,2.28716886321981,44,"reactome","Psmd11; Psmd1; Psmd3; Psmd2; Psmc4; Ubb; Adrm1; Psmc1; Psmc2; Psmc5; Psmd7; Psmd14; Psmd12; Psma1; Psma7; Psmc6; Psma5; Psmd6; Psmc3; Psmb4; Mdm2; Psmb2; Ep300; Psmd13; Psma6; Cbfb; Psma2; Smurf2; Tgfb1","liver","MHU-2","GLDS-617","Stat_(Space Flight & uG)v(Ground Control & 1G on Earth)",1,"flight_positive"
"REACTOME_REGULATION_OF_SIGNALING_BY_CBL",0.488322717622081,0.788631868604351,0.0835990603684159,0.314450709903733,0.967292990370314,22,"reactome","Pik3r2; Ubb; Fyn; Rapgef1; Pik3r1; Pik3cd; Crk","liver","MHU-2","GLDS-617","Stat_(Space Flight & uG)v(Ground Control & 1G on Earth)",1,"flight_positive"
"REACTOME_REGULATION_OF_TLR_BY_ENDOGENOUS_LIGAND",0.000271873234264032,0.0024301651378513,0.49849310876659,0.661304608015572,2.03615344441592,21,"reactome","Lbp; Cd36; Apob; Fga; Sftpa1; Ly96; Tlr6","liver","MHU-2","GLDS-617","Stat_(Space Flight & uG)v(Ground Control & 1G on Earth)",1,"flight_positive"
"REACTOME_REGULATION_OF_TP53_ACTIVITY",0.994949494949495,1,0.0566484183613995,0.161146146122854,0.736741383574665,147,"reactome","Hipk2; Taf7; Ubb; Usp7; Jmy; Ppp2r1b; Taf3; Brip1; Pdpk1; Mdm2; Taf13; Banp; Pip4k2b; Wrn; Ep300; Hipk1; Prkab2; Nbn; Pin1; Ing5; Ppp2r5c; Brpf1; Cdk5r1; Ppp1r13l; Pip4k2a; Ppp2ca; Csnk2a2; Rmi1; Csnk2a1; Blm; Chek1; Rmi2; Gatad2a; Ehmt1; Gatad2b; Prkab1; Rbbp4; Trp53inp1; Ppp2r1a; Rad17; Brd1; Brd7; Plk3; Akt3; Aurka","liver","MHU-2","GLDS-617","Stat_(Space Flight & uG)v(Ground Control & 1G on Earth)",1,"flight_positive"
"REACTOME_REGULATION_OF_TP53_ACTIVITY_THROUGH_ACETYLATION",0.207792207792208,0.49472023303799,0.140406238523342,0.368902140996214,1.21921825823074,30,"reactome","Pip4k2b; Ep300; Pin1; Ing5; Brpf1; Pip4k2a; Gatad2a; Gatad2b; Rbbp4; Brd1; Brd7; Akt3; Pml; Akt1","liver","MHU-2","GLDS-617","Stat_(Space Flight & uG)v(Ground Control & 1G on Earth)",1,"flight_positive"
"REACTOME_REGULATION_OF_TP53_ACTIVITY_THROUGH_METHYLATION",0.57962962962963,0.844673721340388,0.0676760401641789,-0.325073447818184,-0.906862364963376,17,"reactome","Smyd2; Rps27a; Ubc; Uba52; Prmt5; Ehmt2; Chek2","liver","MHU-2","GLDS-617","Stat_(Space Flight & uG)v(Ground Control & 1G on Earth)",1,"flight_positive"
"REACTOME_REGULATION_OF_TP53_ACTIVITY_THROUGH_PHOSPHORYLATION",0.936952714535902,1,0.0425877779273254,-0.18396367975635,-0.72778066272605,86,"reactome","Rpa1; Cdk2; Tbp; Taf2; Tpx2; Rpa3; Nuak1; Taf15; Taf6; Rps27a; Ubc; Uba52; Rfc2; Ccna2; Chek2; Rad9b; Taf4; Dna2; Top3a; Csnk2b; Aurkb; Topbp1","liver","MHU-2","GLDS-617","Stat_(Space Flight & uG)v(Ground Control & 1G on Earth)",1,"flight_positive"
"REACTOME_REGULATION_OF_TP53_EXPRESSION_AND_DEGRADATION",0.564195298372514,0.832004354618801,0.0678338263479455,-0.276648954161607,-0.927383388959362,35,"reactome","Cdk2; Cdk1; Mapkap1; Usp2; Rps27a; Ubc; Uba52; Ccna2; Chek2; Phf20","liver","MHU-2","GLDS-617","Stat_(Space Flight & uG)v(Ground Control & 1G on Earth)",1,"flight_positive"
"REACTOME_REGULATION_OF_T_CELL_ACTIVATION_BY_CD28_FAMILY",0.876993166287016,0.986375316166081,0.0577308549299813,0.200759949073921,0.778327121596491,62,"reactome","Pik3r2; Ppp2r1b; Fyn; Pdpk1; Ppp2r5e; Ptpn11; Pik3r1; Pik3cd; Trib3; Ppp2r5c; Ppp2ca; Cd3d; Pik3ca; Cd28; Ppp2r1a; Ppp2r5b; Akt3; Pak2; Yes1; Lck; Cd3g; Rac1; Akt1; Cd80; Pik3cb; Pik3r5; Ppp2cb","liver","MHU-2","GLDS-617","Stat_(Space Flight & uG)v(Ground Control & 1G on Earth)",1,"flight_positive"
"REACTOME_REPLACEMENT_OF_PROTAMINES_BY_NUCLEOSOMES_IN_THE_MALE_PRONUCLEUS",0.837786259541985,0.967918592373336,0.05163559644842,-0.254283759599682,-0.726090825297555,19,"reactome","H2bc21; H3f3a; Hira; H3f3b; H2bc6; H4c17; H2bc8","liver","MHU-2","GLDS-617","Stat_(Space Flight & uG)v(Ground Control & 1G on Earth)",1,"flight_positive"
"REACTOME_REPRODUCTION",0.664335664335664,0.891698542147806,0.0583452776743612,-0.226149183920138,-0.89727231840786,88,"reactome","Cd9; Rpa1; Rec8; Cdk2; Msh5; Rpa3; H2bc21; H2az2; H3f3a; Psmc3ip; H2ac19; H3c4; Stag2; Cdk4; Top3a; H3f3b; Mlh3; Cxcr4; Sox17; Rbbp8; H3c15; H2bc6; Brca2; Bmp4; H2aj; Izumo4; Syce2; Rad51; H4c17; Tex12","liver","MHU-2","GLDS-617","Stat_(Space Flight & uG)v(Ground Control & 1G on Earth)",1,"flight_positive"
"REACTOME_RESOLUTION_OF_ABASIC_SITES_AP_SITES",0.693577981651376,0.902008754321401,0.0585937568945671,-0.253517188099286,-0.860610282759853,38,"reactome","Rpa1; Apex1; Pole2; Rpa3; Pold4; Rfc2; Pold2; Mbd4; Pold1; Pold3; Pcna","liver","MHU-2","GLDS-617","Stat_(Space Flight & uG)v(Ground Control & 1G on Earth)",1,"flight_positive"
"REACTOME_RESOLUTION_OF_AP_SITES_VIA_THE_MULTIPLE_NUCLEOTIDE_PATCH_REPLACEMENT_PATHWAY",0.134935304990758,0.393980159844075,0.163180127180689,-0.422080150956668,-1.2989994770718,25,"reactome","Rpa1; Apex1; Pole2; Rpa3; Pold4; Rfc2; Pold2; Pold1; Pold3; Pcna","liver","MHU-2","GLDS-617","Stat_(Space Flight & uG)v(Ground Control & 1G on Earth)",1,"flight_positive"
"REACTOME_RESOLUTION_OF_D_LOOP_STRUCTURES",0.682572614107884,0.898083922480325,0.0652353056017703,0.247843256972179,0.846659372851573,32,"reactome","Xrcc2; Spidr; Brip1; Eme2; Wrn; Nbn; Rmi1; Blm; Rmi2; Rad51b","liver","MHU-2","GLDS-617","Stat_(Space Flight & uG)v(Ground Control & 1G on Earth)",1,"flight_positive"
"REACTOME_RESOLUTION_OF_D_LOOP_STRUCTURES_THROUGH_SYNTHESIS_DEPENDENT_STRAND_ANNEALING_SDSA",0.76355748373102,0.941553336600506,0.0619762736001998,0.248500685049604,0.787641316462413,25,"reactome","Xrcc2; Brip1; Wrn; Nbn; Rmi1; Blm; Rmi2; Rad51b","liver","MHU-2","GLDS-617","Stat_(Space Flight & uG)v(Ground Control & 1G on Earth)",1,"flight_positive"
"REACTOME_RESOLUTION_OF_SISTER_CHROMATID_COHESION",0.443914081145585,0.743994159025248,0.0956031492204301,0.232081506939729,1.0137260651447,108,"reactome","Mapre1; Tubb4b; Pafah1b1; Dync1h1; Tuba4a; Tuba1c; Ranbp2; Mis12; Ppp2r1b; Zwint; Dync1li1; Wapl; Ppp2r5e; Zw10; Hdac8; Taok1; Bub3; Seh1l; Tubb2a; Ppp2r5c; Pds5a; Dynll1; Stag1; Ppp2ca","liver","MHU-2","GLDS-617","Stat_(Space Flight & uG)v(Ground Control & 1G on Earth)",1,"flight_positive"
"REACTOME_RESPIRATORY_ELECTRON_TRANSPORT",3.38160557329353e-14,1.72292803959305e-11,0.965327754226083,-0.586270337620786,-2.50824684560721,139,"reactome","Cycs; Cyc1; Cox5a; Ndufa8; Ndufs1; Cox7a2; Slc25a11; Mdh2; Uqcr10; Ndufs4; Ndufs5; Ndufc2; Sdhd; Uqcrc1; Ndufaf5; Uqcr11; Ndufs8; Ndufa12; Smim20; Sdhb; Hscb; Cox7a1; Ndufaf4; Ndufb8; Sdha; Ndufs3; Cmc1; Uqcrh; Ndufa6; Got1; Pyurf; Ndufa11; Ndufv2; Ndufa13; Ndufs7; Lyrm7; Ndufs6; Trap1; Cox14; Ndufv1; Cox6c; Uqcrb; Cox5b; Uqcrc2; Ndufb3; Ndufa4; Ndufc1; Pet117; Cox7c; Nfs1; Cox6a1; Higd2a; Uqcrfs1; Ndufa5; Mdh1; Uqcc1; Cox7b; Higd1a; Ndufb6; Ndufab1; Slc25a12; Uqcrq; Cox6b1; Ndufb1; Ndufb2; Cox19; Cox8a; Cox4i1; Ndufa9; Ndufb9; Ndufs2; Nubpl; Ndufb5; Ndufb11; Ndufa1; Ndufb10","liver","MHU-2","GLDS-617","Stat_(Space Flight & uG)v(Ground Control & 1G on Earth)",1,"flight_positive"
"REACTOME_RESPIRATORY_SYNCYTIAL_VIRUS_INFECTION_PATHWAY",0.716247139588101,0.91030270643737,0.0676760401641789,0.203492877132621,0.883479019500229,102,"reactome","Ubb; Med1; Med13; Ly96; Tlr6; Eif2ak2; Ifnar1; Arih1; Gpc1; Sdc2; Med13l; Ppp1ca; Ep300; Med14; Gpc4; Sdc4; Spcs3; Map1b; Cul5; Becn1; Sdc1; Rab5a; Csnk2a2; Kpnb1; Csnk2a1; Med23; Med8; Ccnc","liver","MHU-2","GLDS-617","Stat_(Space Flight & uG)v(Ground Control & 1G on Earth)",1,"flight_positive"
"REACTOME_RESPIRATORY_SYNCYTIAL_VIRUS_RSV_ATTACHMENT_AND_ENTRY",0.73036093418259,0.92176807793474,0.0630790410571939,0.257954089255779,0.793501730210313,22,"reactome","Ly96; Gpc1; Sdc2; Gpc4; Sdc4; Sdc1; Rab5a","liver","MHU-2","GLDS-617","Stat_(Space Flight & uG)v(Ground Control & 1G on Earth)",1,"flight_positive"
"REACTOME_RESPIRATORY_SYNCYTIAL_VIRUS_RSV_GENOME_REPLICATION_TRANSCRIPTION_AND_TRANSLATION",0.833679833679834,0.965332775147495,0.055826471778749,0.256304307732821,0.733149174282843,16,"reactome","Ppp1ca; Spcs3; Csnk2a2; Kpnb1; Csnk2a1; Spcs2; Furin","liver","MHU-2","GLDS-617","Stat_(Space Flight & uG)v(Ground Control & 1G on Earth)",1,"flight_positive"
"REACTOME_RESPONSE_OF_EIF2AK1_HRI_TO_HEME_DEFICIENCY",0.062111801242236,0.235285968274493,0.261663521711573,0.527106370107038,1.47642325354108,15,"reactome","Chac1; Cebpg; Eif2s3x; Atf5; Ddit3; Trib3; Cebpb; Eif2ak1; Eif2s2; Atf4; Eif2s1","liver","MHU-2","GLDS-617","Stat_(Space Flight & uG)v(Ground Control & 1G on Earth)",1,"flight_positive"
"REACTOME_RESPONSE_OF_EIF2AK4_GCN2_TO_AMINO_ACID_DEFICIENCY",1.06266597548144e-07,3.8673451036271e-06,0.704975715167238,-0.541064289265308,-2.14999459824665,90,"reactome","Rpl36al; Rps24; Rpl36a; Rpl22l1; Rpl26; Rpl15; Rpl12; Rpl27; Rpsa; Rps17; Rps12; Rplp0; Rplp1; Rpl31; Rpl35a; Rpl13a; Rps20; Rps27l; Rpl39; Rpl17; Rps7; Rps14; Rpl23; Rpl3; Rps9; Rps21; Rpl19; Rps16; Rpl10a; Rps10; Rps15; Rps27a; Rpl38; Rpl29; Rps3a1; Rpl18; Uba52; Rps6; Rpl13; Rpl35; Rpl30; Rps11; Rpl8; Rps29; Rpl32; Rpl21; Rpl7; Rps23; Rpl10; Rpl7a; Atf3; Rpl6; Rps4x; Rpl27a; Rpl37a; Rps3; Rps15a; Rpl22; Rps26; Rpl4; Rps2; Rps18; Rps13; Rps28; Rps19; Rpl36; Rpl28; Rps25; Rplp2; Rpl24; Rpl18a","liver","MHU-2","GLDS-617","Stat_(Space Flight & uG)v(Ground Control & 1G on Earth)",1,"flight_positive"
"REACTOME_RESPONSE_OF_MTB_TO_PHAGOCYTOSIS",0.553639846743295,0.830353959765724,0.0716527366829457,-0.315526869943789,-0.922959486958173,21,"reactome","Eno1; Pgk1; Rps27a; Ubc; Uba52; Rnf213","liver","MHU-2","GLDS-617","Stat_(Space Flight & uG)v(Ground Control & 1G on Earth)",1,"flight_positive"
"REACTOME_RESPONSE_TO_ELEVATED_PLATELET_CYTOSOLIC_CA2",0.104368932038835,0.335344449319877,0.216542836735348,0.273535807450088,1.22552392123853,127,"reactome","Serpina3m; Hspa5; Apoh; Hrg; A1bg; Manf; Itih3; Cd36; Tuba4a; Hgf; Selenop; Fga; Lamp2; Abcc4; Psap; Qsox1; F5; Prkca; Pecam1; Ctsw; Cdc37l1; Itgb3","liver","MHU-2","GLDS-617","Stat_(Space Flight & uG)v(Ground Control & 1G on Earth)",1,"flight_positive"
"REACTOME_RETROGRADE_TRANSPORT_AT_THE_TRANS_GOLGI_NETWORK",0.0400229616114044,0.169225717352784,0.321775918075361,0.386551235642485,1.42145304202858,47,"reactome","Usp6nl; Vti1a; Vps53; Golga4; Cog3; Golga1; Tmf1; Ric1; Nsf; Tgoln1; Arfrp1; Cog8; Cog6; Cog4; Vps52; Cog1; Igf2r; Rab6a; Napg; Sys1","liver","MHU-2","GLDS-617","Stat_(Space Flight & uG)v(Ground Control & 1G on Earth)",1,"flight_positive"
"REACTOME_RET_SIGNALING",0.595238095238095,0.851480173891549,0.0741758965588009,0.273156731760857,0.902780541804693,30,"reactome","Pik3r2; Irs2; Prkca; Shc1; Ptpn11; Pik3r1; Pik3cd; Frs2; Pik3ca; Nrtn","liver","MHU-2","GLDS-617","Stat_(Space Flight & uG)v(Ground Control & 1G on Earth)",1,"flight_positive"
"REACTOME_RHOA_GTPASE_CYCLE",0.051473318563102,0.207833401319399,0.321775918075361,0.283101685038737,1.27775301950888,137,"reactome","Rasgrf2; Arhgap21; Pik3r2; Pld1; Fmnl3; Arap2; Arhgap31; Tex2; Flot2; Rock1; Stx5a; Scfd1; Arhgap32; Arhgap5; Snap23; Arap1; Srgap1; Arhgef17; Arhgap6; Rock2; Pkn1; Tfrc; Arhgef7; Acbd5; Arhgef11; Ccdc115; Cit; Ykt6; Daam1; Pik3r1; Lman1; Mcf2l; Vav3; Arhgef12; Kalrn","liver","MHU-2","GLDS-617","Stat_(Space Flight & uG)v(Ground Control & 1G on Earth)",1,"flight_positive"
"REACTOME_RHOBTB1_GTPASE_CYCLE",0.327746741154562,0.634931424403991,0.0988903007520636,-0.373493543919699,-1.11674929512389,23,"reactome","Vim; Stk38; Tra2b; Cct7; Myo6; Rbmx","liver","MHU-2","GLDS-617","Stat_(Space Flight & uG)v(Ground Control & 1G on Earth)",1,"flight_positive"
"REACTOME_RHOBTB2_GTPASE_CYCLE",0.890130353817505,0.988064085555596,0.0477342401407188,-0.231937619785119,-0.693495717996756,23,"reactome","Stk38; Tra2b; Cct7; Myo6; Rbmx; Actn1","liver","MHU-2","GLDS-617","Stat_(Space Flight & uG)v(Ground Control & 1G on Earth)",1,"flight_positive"
"REACTOME_RHOBTB_GTPASE_CYCLE",0.78173719376392,0.941553336600506,0.0621124188949471,0.233298370010619,0.802619786175314,35,"reactome","Twf1; Actg1; Rock1; Cops4; Rhobtb2; Rock2; Cct6a; Cdc37; Dbn1; Hnrnpc; Rnf20; Cpsf7; Phip","liver","MHU-2","GLDS-617","Stat_(Space Flight & uG)v(Ground Control & 1G on Earth)",1,"flight_positive"
"REACTOME_RHOB_GTPASE_CYCLE",0.312072892938497,0.622869646990741,0.114750719227023,0.275563638285441,1.07824231087445,65,"reactome","Arhgap21; Pik3r2; Flot2; Rock1; Arhgap32; Arhgap5; Snap23; Arhgef17; Rock2; Pkn1; Tfrc; Arhgef11; Cit; Daam1; Pik3r1; Mcf2l; Arhgef12; Arhgap35; Arhgef1; Arhgef10l; Stk10; Akap13; Ect2; Arhgap1","liver","MHU-2","GLDS-617","Stat_(Space Flight & uG)v(Ground Control & 1G on Earth)",1,"flight_positive"
"REACTOME_RHOC_GTPASE_CYCLE",0.221709006928406,0.513569798402434,0.140406238523342,0.291510490904796,1.16274108633694,70,"reactome","Arhgap21; Fmnl3; Flot2; Rock1; Stx5a; Arhgap32; Arhgap5; Arhgef17; Rock2; Pkn1; Tfrc; Acbd5; Arhgef11; Cit; Daam1; Pik3r1; Lman1; Mcf2l; Arhgef12; Arhgap35; Arhgef1; Arhgef10l; Stk10; Akap13; Arhgap1; Myo9b; Rhoa","liver","MHU-2","GLDS-617","Stat_(Space Flight & uG)v(Ground Control & 1G on Earth)",1,"flight_positive"
"REACTOME_RHOD_GTPASE_CYCLE",0.392609699769053,0.701574845256079,0.100990587455923,0.284479270136215,1.05611412703664,50,"reactome","Arhgap21; Pik3r2; Plxna1; Akap12; Arhgap32; Arhgap5; Tor1aip1; Esyt1; Mospd2; Pik3r1; Lman1; Arhgap35; Golga2; Emd; Dbn1; Rab7; Arhgap1","liver","MHU-2","GLDS-617","Stat_(Space Flight & uG)v(Ground Control & 1G on Earth)",1,"flight_positive"
"REACTOME_RHOF_GTPASE_CYCLE",0.179431072210066,0.462886740714068,0.153158808683073,0.347303541709931,1.23672297502743,38,"reactome","Arhgap21; Pik3r2; Actb; Akap12; Arhgap32; Arhgap5; Snap23; Tor1aip1; Esyt1; Srgap2; Pik3r1","liver","MHU-2","GLDS-617","Stat_(Space Flight & uG)v(Ground Control & 1G on Earth)",1,"flight_positive"
"REACTOME_RHOG_GTPASE_CYCLE",0.0478218932188087,0.198555398777128,0.321775918075361,0.336009972756866,1.33564229523588,69,"reactome","Arhgef26; Arhgap21; Pld1; Itsn1; Dock4; Stx5a; Arhgap32; Arhgap5; Garre1; Arfgap3; Dsg2; Esyt1; Tfrc; Iqgap2; Dock1; Ykt6; Pik3r1; Lman1; Mcf2l; Vav3; Kalrn; Dock2; Arhgap35; Ankle2","liver","MHU-2","GLDS-617","Stat_(Space Flight & uG)v(Ground Control & 1G on Earth)",1,"flight_positive"
"REACTOME_RHOH_GTPASE_CYCLE",0.679287305122494,0.898083922480325,0.0689567351672811,0.250998231098264,0.863512876516456,35,"reactome","Vcp; Rock1; Nipsnap2; Fam91a1; Rock2; Tfrc; Nsfl1c; Rhoh; Dbn1; Rab7; Ralgapa1; Arhgdib; Slc4a7; Pak2; Lck","liver","MHU-2","GLDS-617","Stat_(Space Flight & uG)v(Ground Control & 1G on Earth)",1,"flight_positive"
"REACTOME_RHOJ_GTPASE_CYCLE",0.299303944315545,0.611324559947921,0.118815039412263,0.298213095567941,1.11641405929719,52,"reactome","Arhgap21; Pik3r2; Fmnl3; Arhgap32; Arhgap5; Git2; Snap23; Nipsnap2; Wasl; Tfrc; Arhgef7; Wwp2; Pik3r1","liver","MHU-2","GLDS-617","Stat_(Space Flight & uG)v(Ground Control & 1G on Earth)",1,"flight_positive"
"REACTOME_RHOQ_GTPASE_CYCLE",0.492099322799097,0.788631868604351,0.0865399737444125,0.259315315247524,0.990720823377481,56,"reactome","Arhgap21; Itsn1; Arhgap32; Arhgap5; Git2; Snap23; Rhoq; Wasl; Tfrc; Arhgef7; Wwp2; Srgap2","liver","MHU-2","GLDS-617","Stat_(Space Flight & uG)v(Ground Control & 1G on Earth)",1,"flight_positive"
"REACTOME_RHOU_GTPASE_CYCLE",0.161925601750547,0.442086598949344,0.161978948883402,0.353519500016803,1.25885755624153,38,"reactome","Stam2; Peak1; Pik3r2; Arhgap31; Git2; Hgs; Pard6a; Arhgef7; Wwp2; Srgap2; Pik3r1; Usp9x; Cltc; Itsn2; Dst","liver","MHU-2","GLDS-617","Stat_(Space Flight & uG)v(Ground Control & 1G on Earth)",1,"flight_positive"
"REACTOME_RHOV_GTPASE_CYCLE",0.78173719376392,0.941553336600506,0.0621124188949471,0.233256910167744,0.802477151272969,35,"reactome","Peak1; Git2; Pard6a; Wasl; Arhgef7; Pik3r1; Usp9x; Cltc","liver","MHU-2","GLDS-617","Stat_(Space Flight & uG)v(Ground Control & 1G on Earth)",1,"flight_positive"
"REACTOME_RHO_GTPASES_ACTIVATE_CIT",0.190740740740741,0.469480229021292,0.135002033828631,-0.445599306019275,-1.26772245448727,18,"reactome","Myl6; Dlg4; Rhoc; Myl12b; Rhob","liver","MHU-2","GLDS-617","Stat_(Space Flight & uG)v(Ground Control & 1G on Earth)",1,"flight_positive"
"REACTOME_RHO_GTPASES_ACTIVATE_FORMINS",0.200477326968974,0.481807538163642,0.151148761385484,0.253893259081812,1.13406155001235,121,"reactome","Mapre1; Tubb4b; Pafah1b1; Dync1h1; Tuba4a; Tuba1c; Fmnl3; Ranbp2; Mis12; Actg1; Actb; Ppp2r1b; Zwint; Dync1li1; Ppp2r5e; Zw10; Dvl3; Srgap2; Taok1; Daam1; Bub3; Seh1l; Tubb2a","liver","MHU-2","GLDS-617","Stat_(Space Flight & uG)v(Ground Control & 1G on Earth)",1,"flight_positive"
"REACTOME_RHO_GTPASES_ACTIVATE_IQGAPS",0.16989247311828,0.453788289101523,0.156312403073186,0.41872240256134,1.2987697747151,23,"reactome","Tubb4b; Tuba4a; Tuba1c; Actg1; Actb; Iqgap2; Tubb2a","liver","MHU-2","GLDS-617","Stat_(Space Flight & uG)v(Ground Control & 1G on Earth)",1,"flight_positive"
"REACTOME_RHO_GTPASES_ACTIVATE_NADPH_OXIDASES",1,1,0.0437125833579551,-0.138306828532631,-0.404566493902819,21,"reactome","Prkcd; Ncf4; Rac2","liver","MHU-2","GLDS-617","Stat_(Space Flight & uG)v(Ground Control & 1G on Earth)",1,"flight_positive"
"REACTOME_RHO_GTPASES_ACTIVATE_PAKS",0.416349809885932,0.726473384030418,0.0862865626267245,-0.356790577063063,-1.03666058139818,20,"reactome","Myl6; Limk1; Myl12b; Calm1; Myh9; Myh14; Ppp1r12a; Cdc42; Ppp1cb; Cttn","liver","MHU-2","GLDS-617","Stat_(Space Flight & uG)v(Ground Control & 1G on Earth)",1,"flight_positive"
"REACTOME_RHO_GTPASES_ACTIVATE_PKNS",0.509769094138544,0.799161087580271,0.072003313661988,-0.258749447383721,-0.965204639005579,58,"reactome","Myl6; Klk1b4; H2bc21; Rhoc; H2az2; Myl12b; H3f3a; Rhob; H2ac19; H3c4; Ywhah; Pkn3; H3f3b; H3c15; H2bc6; Ywhaz; H2aj; Myh9; H4c17; H2bc8; Myh14","liver","MHU-2","GLDS-617","Stat_(Space Flight & uG)v(Ground Control & 1G on Earth)",1,"flight_positive"
"REACTOME_RHO_GTPASES_ACTIVATE_ROCKS",0.433206106870229,0.737231060606061,0.0843144320642653,-0.353811956365532,-1.01028715243957,19,"reactome","Myl6; Limk1; Rhoc; Myl12b; Rhob","liver","MHU-2","GLDS-617","Stat_(Space Flight & uG)v(Ground Control & 1G on Earth)",1,"flight_positive"
"REACTOME_RHO_GTPASES_ACTIVATE_WASPS_AND_WAVES",0.815144766146993,0.958610106051154,0.0601186142531851,0.227298593969668,0.781978669124778,35,"reactome","Nckap1; Actg1; Actb; Wasl","liver","MHU-2","GLDS-617","Stat_(Space Flight & uG)v(Ground Control & 1G on Earth)",1,"flight_positive"
"REACTOME_RHO_GTPASE_CYCLE",0.12258064516129,0.370651861778501,0.231126709673834,0.216353567778481,1.12153413215636,411,"reactome","Vcp; Abl2; Rasgrf2; Arhgef26; Stam2; Peak1; Arhgap21; Pik3r2; Pld1; Twf1; Plxna1; Nckap1; Fmnl3; Fam13b; Actg1; Arap2; Itsn1; Actb; Dock4; Arhgap31; Tex2; Akap12; Golga3; Flot2; Rock1; Stx5a; Scfd1; Ankrd26; Arhgap32; Rasal2; Arhgap5; Git2; Garre1; Snap23; Fam135a; Arap1; Nipsnap2; Cops4; Arfgap3; Fam91a1; Picalm; Srgap1; Dsg2; Hgs; Rhobtb2; Tor1aip1; Arhgef17; Rhoq; Esyt1; Arhgap6; Pard6a; Arfgap2; Wasl; Rock2; Rapgef1; Pkn1; Tfrc; Mospd2; Arhgef7; Wwp2; Acbd5; Arhgef11; Iqgap2; Srgap3; Ccdc115; Srgap2; Cit; Dock1; Ykt6; Daam1; Pik3r1; Wdr81; Nsfl1c; Usp9x; Cltc; Lman1; Mcf2l; Vav3; Pkp4; Arhgef12","liver","MHU-2","GLDS-617","Stat_(Space Flight & uG)v(Ground Control & 1G on Earth)",1,"flight_positive"
"REACTOME_RHO_GTPASE_EFFECTORS",0.659810126582278,0.891698542147806,0.0540088272801684,-0.198879554311921,-0.920070105382648,260,"reactome","Cdh1; Pmf1; Myl6; Klk1b4; Arpc1b; Mad1l1; Baiap2; Dlg4; Spc24; Iqgap3; Limk1; Tax1bp3; H2bc21; Was; Prkcd; Rhpn2; Bub1b; Rtkn; Dvl2; Pfn1; Klc4; Cenpl; Rhoc; H2az2; Ndc80; Plk1; Myl12b; Dsn1; Cenpa; Src; H3f3a; Arpc2; Sgo2a; Klc3; Ncf4; Cdc20; Nup107; Mad2l1; Rangap1; Dvl1; Nup85; Birc5; Rhob; Klc1; H2ac19; H3c4; Nckipsd; Nsl1; Cenpp; Btk; Spdl1; Ywhah; Pkn3; Rac2; Wipf3; Tuba1b","liver","MHU-2","GLDS-617","Stat_(Space Flight & uG)v(Ground Control & 1G on Earth)",1,"flight_positive"
"REACTOME_RIPK1_MEDIATED_REGULATED_NECROSIS",0.415584415584416,0.726473384030418,0.0937465422491719,0.309994341173757,1.02452850961126,30,"reactome","Cflar; Ubb; Flot2; Ogt; Pdcd6ip; Itch","liver","MHU-2","GLDS-617","Stat_(Space Flight & uG)v(Ground Control & 1G on Earth)",1,"flight_positive"
"REACTOME_RIP_MEDIATED_NFKB_ACTIVATION_VIA_ZBP1",0.537037037037037,0.824209133096582,0.0714786287425507,-0.332739451315131,-0.928248332066254,17,"reactome","Myd88; Zbp1; Tlr3; Nfkb2; Nkiras2","liver","MHU-2","GLDS-617","Stat_(Space Flight & uG)v(Ground Control & 1G on Earth)",1,"flight_positive"
"REACTOME_RMTS_METHYLATE_HISTONE_ARGININES",0.957968476357268,1,0.0415717899246479,-0.182916077224714,-0.668991004924193,52,"reactome","Smarca2; Smarcd2; Ccnd1; H2az2; Prmt5; H2ac19; H3c4; Smarcd3; Cdk4; H3c15; Smarcd1; Rps2; H2aj; H2ac25; H4c17","liver","MHU-2","GLDS-617","Stat_(Space Flight & uG)v(Ground Control & 1G on Earth)",1,"flight_positive"
"REACTOME_RNA_POLYMERASE_III_CHAIN_ELONGATION",0.97962962962963,1,0.0431036828790402,-0.191041247845395,-0.543509104155558,18,"reactome","Polr2f; Polr2l; Polr3h; Polr2k; Polr3k; Crcp; Polr1d","liver","MHU-2","GLDS-617","Stat_(Space Flight & uG)v(Ground Control & 1G on Earth)",1,"flight_positive"
"REACTOME_RNA_POLYMERASE_III_TRANSCRIPTION",0.931818181818182,1,0.0547939500773363,0.1964557940655,0.703308209192247,41,"reactome","Polr3a; Snapc3; Zfp143; Pou2f1; Polr3e; Polr3b; Gtf3c5; Gtf3c6; Snapc2; Polr3d; Gtf3c1; Polr3c; Polr2h; Brf2; Gtf3c3","liver","MHU-2","GLDS-617","Stat_(Space Flight & uG)v(Ground Control & 1G on Earth)",1,"flight_positive"
"REACTOME_RNA_POLYMERASE_III_TRANSCRIPTION_INITIATION_FROM_TYPE_1_PROMOTER",0.994423791821561,1,0.0425877779273254,-0.171714428456017,-0.541456795056732,28,"reactome","Tbp; Polr2f; Polr2l; Polr3h; Polr2k; Polr3k; Crcp; Gtf3c4; Polr1d","liver","MHU-2","GLDS-617","Stat_(Space Flight & uG)v(Ground Control & 1G on Earth)",1,"flight_positive"
"REACTOME_RNA_POLYMERASE_III_TRANSCRIPTION_INITIATION_FROM_TYPE_3_PROMOTER",0.920258620689655,1,0.0529129848430583,0.20303234278059,0.660122077288431,28,"reactome","Polr3a; Snapc3; Zfp143; Pou2f1; Polr3e; Polr3b; Snapc2; Polr3d; Polr3c; Polr2h; Brf2","liver","MHU-2","GLDS-617","Stat_(Space Flight & uG)v(Ground Control & 1G on Earth)",1,"flight_positive"
"REACTOME_RNA_POLYMERASE_III_TRANSCRIPTION_TERMINATION",0.998137802607076,1,0.0425023180036553,-0.154768846854993,-0.462760343374533,23,"reactome","Polr2f; Polr2l; Polr3h; Polr2k; Polr3k; Crcp; Polr1d","liver","MHU-2","GLDS-617","Stat_(Space Flight & uG)v(Ground Control & 1G on Earth)",1,"flight_positive"
"REACTOME_RNA_POLYMERASE_II_PRE_TRANSCRIPTION_EVENTS",0.997747747747748,1,0.051218434854034,0.157349014969179,0.644999263277232,77,"reactome","Taf7; Cdc73; Taf3; Ncbp1; Rtf1; Eaf1; Polr2i; Eloa; Taf13; Gtf2e2; Tcea1; Cdk7","liver","MHU-2","GLDS-617","Stat_(Space Flight & uG)v(Ground Control & 1G on Earth)",1,"flight_positive"
"REACTOME_RNA_POLYMERASE_II_TRANSCRIBES_SNRNA_GENES",0.875,0.986310840707965,0.0568864160475701,0.191005840638,0.779166823649766,74,"reactome","Ncbp1; Nabp1; Snapc3; Zfp143; Polr2i; Pou2f1; Srrt; Taf13; Sp1; Ints2; Ints3; Gtf2e2; Cdk7; Ell2; Rprd1a; Ints9; Polr2c; Rprd2; Snapc2; Ccnk; Ice2; Polr2h; Supt5; Rprd1b; Gtf2f1; Ints14; Ints4; Polr2b; Gtf2e1; Ice1; Ints12","liver","MHU-2","GLDS-617","Stat_(Space Flight & uG)v(Ground Control & 1G on Earth)",1,"flight_positive"
"REACTOME_RNA_POLYMERASE_II_TRANSCRIPTION_TERMINATION",0.237986270022883,0.53181580954675,0.134273452883202,0.288696685192512,1.13579113245758,66,"reactome","Wdr33; Papola; Srsf5; Cstf2; Ncbp1; Cstf2t; Dhx38; Fyttd1; Cpsf6; Thoc3; Zc3h11a; Srsf1; Cpsf3; U2af2; Casc3; Thoc2; Cpsf2; Sarnp; Thoc1; Cstf3; Cpsf7; Srsf2; Fip1l1; Cpsf1; U2af1l4; Cdc40; Zfp473; Srsf4; Eif4a3","liver","MHU-2","GLDS-617","Stat_(Space Flight & uG)v(Ground Control & 1G on Earth)",1,"flight_positive"
"REACTOME_RNA_POLYMERASE_I_PROMOTER_ESCAPE",0.320214669051878,0.628264411855375,0.0978773277424561,-0.292913982007886,-1.08466398469549,56,"reactome","Tbp; Ubtf; Polr2f; H2bc21; H2az2; Polr2l; H3f3a; H2ac19; H3c4; Gtf2h2; Mnat1; H3f3b; Taf1b; Polr2k; H3c15; H2bc6; H2aj; Ercc3; Polr1d; H4c17; Gtf2h5; H2bc8; Cbx3; Gtf2h4; Polr1e; Polr1h; Polr1c","liver","MHU-2","GLDS-617","Stat_(Space Flight & uG)v(Ground Control & 1G on Earth)",1,"flight_positive"
"REACTOME_RNA_POLYMERASE_I_TRANSCRIPTION",0.636363636363636,0.879856913778216,0.062249042949858,-0.235702824878127,-0.910867421311211,76,"reactome","Tbp; Ubtf; Polr2f; H2bc21; H2az2; Polr2l; H3f3a; H2ac19; H3c4; Ehmt2; Mbd3; Gtf2h2; Mnat1; H3f3b; Taf1b; Chd3; Polr2k; H3c15; H2bc6; Chd4; H2aj; Ercc3; Polr1d; H4c17; Gtf2h5; Cavin1; H2bc8; Cbx3; Gtf2h4; Polr1e; Polr1h","liver","MHU-2","GLDS-617","Stat_(Space Flight & uG)v(Ground Control & 1G on Earth)",1,"flight_positive"
"REACTOME_RNA_POLYMERASE_I_TRANSCRIPTION_INITIATION",0.844797178130511,0.969527996836253,0.0476387259290825,-0.214858560234063,-0.763708309104082,46,"reactome","Tbp; Ubtf; Polr2f; Polr2l; Ehmt2; Mbd3; Gtf2h2; Mnat1; Taf1b; Chd3; Polr2k; Chd4; Ercc3; Polr1d; Gtf2h5; Gtf2h4; Polr1e; Polr1h; Polr1c","liver","MHU-2","GLDS-617","Stat_(Space Flight & uG)v(Ground Control & 1G on Earth)",1,"flight_positive"
"REACTOME_RNA_POLYMERASE_I_TRANSCRIPTION_TERMINATION",0.366666666666667,0.675778945623214,0.0919686140000427,-0.330719951751761,-1.06615624298218,30,"reactome","Tbp; Ubtf; Polr2f; Polr2l; Gtf2h2; Mnat1; Taf1b; Polr2k; Ercc3; Polr1d; Gtf2h5; Cavin1; Gtf2h4; Polr1e; Polr1h; Polr1c","liver","MHU-2","GLDS-617","Stat_(Space Flight & uG)v(Ground Control & 1G on Earth)",1,"flight_positive"
"REACTOME_RND1_GTPASE_CYCLE",0.0454690496833806,0.189889186997397,0.321775918075361,0.419905364564199,1.46480253153948,36,"reactome","Pik3r2; Plxna1; Flot2; Ankrd26; Rasal2; Arhgap5; Fam135a; Tfrc; Pik3r1; Pkp4; Aldh3a2; Frs2; Arhgap35; Dst","liver","MHU-2","GLDS-617","Stat_(Space Flight & uG)v(Ground Control & 1G on Earth)",1,"flight_positive"
"REACTOME_RND2_GTPASE_CYCLE",0.161147902869757,0.441423959742695,0.163180127180689,0.361400816197523,1.26071461605637,36,"reactome","Pik3r2; Golga3; Ankrd26; Arhgap5; Tfrc; Pik3r1; Pkp4; Aldh3a2; Frs2; Tnfaip1; Arhgap35; Dst; Arhgap1; Fnbp1","liver","MHU-2","GLDS-617","Stat_(Space Flight & uG)v(Ground Control & 1G on Earth)",1,"flight_positive"
"REACTOME_RND3_GTPASE_CYCLE",0.0181596125956241,0.0923558879784617,0.352487857583619,0.446400913190181,1.53575957464623,35,"reactome","Arhgap21; Pik3r2; Flot2; Rock1; Ankrd26; Rasal2; Arhgap5; Picalm; Pik3r1; Pkp4; Tnfaip1; Arhgap35; Dst","liver","MHU-2","GLDS-617","Stat_(Space Flight & uG)v(Ground Control & 1G on Earth)",1,"flight_positive"
"REACTOME_ROLE_OF_PHOSPHOLIPIDS_IN_PHAGOCYTOSIS",0.0889370932754881,0.302194543297746,0.222056046145248,0.437003565934145,1.38511515130203,25,"reactome","Plpp5; Pik3r2; Pld1; Itpr2; Itpr1; Pik3r1; Pik3ca; Fcgr2b; Fcgr4","liver","MHU-2","GLDS-617","Stat_(Space Flight & uG)v(Ground Control & 1G on Earth)",1,"flight_positive"
"REACTOME_RORA_B_C_AND_NR1D1_REV_ERBA_REGULATE_GENE_EXPRESSION",0.275711159737418,0.576898710004987,0.120433371642259,0.363116039473324,1.15496174648487,26,"reactome","Nrip1; Tbl1x; Tgs1; Ncoa6; Med1; Nr1d1; Rxra; Ncor1; Ep300","liver","MHU-2","GLDS-617","Stat_(Space Flight & uG)v(Ground Control & 1G on Earth)",1,"flight_positive"
"REACTOME_ROS_AND_RNS_PRODUCTION_IN_PHAGOCYTES",0.808189655172414,0.95428187557438,0.0589694466690997,0.23911337988108,0.777432890114126,28,"reactome","Atp6v1a; Atp6v0d2; Atp6v1b2; Atp6v0a2; Nos3; Atp6v0d1; Hvcn1","liver","MHU-2","GLDS-617","Stat_(Space Flight & uG)v(Ground Control & 1G on Earth)",1,"flight_positive"
"REACTOME_RRNA_MODIFICATION_IN_THE_NUCLEUS_AND_CYTOSOL",0.990950226244344,1,0.0517405459873163,0.152789739733608,0.587624661950658,59,"reactome","Utp3; Wdr3; Bms1; Imp4; Nol11; Ddx49; Wdr46; Emg1; Nol6; Rcl1; Krr1; Wdr43; Utp25; Utp18; Pwp2; Trmt112; Nop2; Wdr75; Imp3; Nop58; Nop14; Pdcd11; Utp15","liver","MHU-2","GLDS-617","Stat_(Space Flight & uG)v(Ground Control & 1G on Earth)",1,"flight_positive"
"REACTOME_RRNA_PROCESSING",0.000501467823722414,0.00436748472113795,0.477270815362862,-0.360803476636531,-1.60910251956717,187,"reactome","Rpl36al; Rps24; Rpl36a; Rpl22l1; Rpl26; Rpl15; Rpl12; Rpl27; Rpsa; Rps17; Nop10; Rps12; Rplp0; Nhp2; Rplp1; Rpl31; Rpl35a; Rpl13a; Rps20; Rps27l; Exosc8; Rpl39; Rpl17; Exosc5; Rps7; Rps14; Snu13; Rpl23; Rpl3; Rps9; Rps21; Csnk1d; Rpl19; Rps16; Rpl10a; Rps10; Rps15; Rps27a; Rpl38; Rpl29; Rps3a1; Dhx37; Nip7; Rpl18; Uba52; Rps6; Rpl13; Rpl35; Rpl30; Rps11; Rpl8; Rps29; Rpl32; Rrp36; Rpl21; Rpl7; Prorp; Rps23; Rpl10; Rpl7a; Csnk1e; Dis3; Rpl6; Ncl; Pes1; Eri1; Rps4x; Mrm3; Rpl27a; Rpl37a; Rps3; Rps15a; Rpl22; Rps26; Rpl4; Rrp7a; Rps2; Nat10; Dcaf13; Rps18; Rps13; Dimt1; Rps28; Rps19; Rpl36; Rpl28; Tbl3; Rps25; Rplp2; Fcf1; Wdr18; Rpl24; Rpl18a","liver","MHU-2","GLDS-617","Stat_(Space Flight & uG)v(Ground Control & 1G on Earth)",1,"flight_positive"
"REACTOME_RSV_HOST_INTERACTIONS",0.626423690205011,0.874418822354667,0.0741758965588009,0.223596438069185,0.925259673554116,80,"reactome","Ubb; Med1; Med13; Ly96; Tlr6; Eif2ak2; Ifnar1; Arih1; Gpc1; Sdc2; Med13l; Ep300; Med14; Gpc4; Sdc4; Map1b; Cul5; Becn1; Sdc1; Med23; Med8; Ccnc","liver","MHU-2","GLDS-617","Stat_(Space Flight & uG)v(Ground Control & 1G on Earth)",1,"flight_positive"
"REACTOME_RUNX1_INTERACTS_WITH_CO_FACTORS_WHOSE_PRECISE_EFFECT_ON_RUNX1_TARGETS_IS_NOT_KNOWN",0.521158129175947,0.809084837488212,0.0826646449123753,0.27878992116868,0.959125033347011,35,"reactome","Hipk2; Smarcc2; Phc3; Arid1b; Ep300; Smarca4; Cbfb; Pbrm1; Csnk2a2; Csnk2a1; Ring1","liver","MHU-2","GLDS-617","Stat_(Space Flight & uG)v(Ground Control & 1G on Earth)",1,"flight_positive"
"REACTOME_RUNX1_REGULATES_GENES_INVOLVED_IN_MEGAKARYOCYTE_DIFFERENTIATION_AND_PLATELET_FUNCTION",0.802158273381295,0.949821345347212,0.0509082865515105,-0.218593218154692,-0.818543135746803,60,"reactome","Mov10; Sin3b; Thbs1; Ago4; H2bc21; H2az2; H3f3a; Zfpm1; Nfe2; H2ac19; H3c4","liver","MHU-2","GLDS-617","Stat_(Space Flight & uG)v(Ground Control & 1G on Earth)",1,"flight_positive"
"REACTOME_RUNX1_REGULATES_TRANSCRIPTION_OF_GENES_INVOLVED_IN_DIFFERENTIATION_OF_HSCS",1.40116980994232e-05,0.000183050261068105,0.593325476396405,0.488349077974253,2.01558998042825,79,"reactome","Psmd11; Psmd1; Psmd3; Psmd2; Psmc4; Ubb; Adrm1; Psmc1; Psmc2; Psmc5; Psmd7; Psmd14; Psmd12; Psma1; Psma7; Psmc6; Psma5; Psmd6; Itch; Tcf12; Psmc3; Psmb4; Psmb2; Psmd13; Kmt2a; Psma6; Cdk7; H2ac18; Cbfb; H4c16","liver","MHU-2","GLDS-617","Stat_(Space Flight & uG)v(Ground Control & 1G on Earth)",1,"flight_positive"
"REACTOME_RUNX2_REGULATES_BONE_DEVELOPMENT",0.331450094161959,0.638464359075682,0.0988903007520636,-0.342668663588958,-1.09019855286692,29,"reactome","Ihh; Col1a1; Gli3; Src; Wwtr1; Smad1; Rb1; Gli2; Satb2; Runx2; Bglap3","liver","MHU-2","GLDS-617","Stat_(Space Flight & uG)v(Ground Control & 1G on Earth)",1,"flight_positive"
"REACTOME_RUNX2_REGULATES_OSTEOBLAST_DIFFERENTIATION",0.52165725047081,0.809084837488212,0.0738052724171275,-0.319696697904942,-0.946587868117667,22,"reactome","Col1a1; Gli3; Src; Wwtr1; Rb1; Satb2; Runx2; Bglap3","liver","MHU-2","GLDS-617","Stat_(Space Flight & uG)v(Ground Control & 1G on Earth)",1,"flight_positive"
"REACTOME_SARS_COV_1_ACTIVATES_MODULATES_INNATE_IMMUNE_RESPONSES",0.424187725631769,0.732622529523343,0.0824344091527096,-0.290685047683295,-1.00206118747716,40,"reactome","Bst2; Tkfc; Ppia","liver","MHU-2","GLDS-617","Stat_(Space Flight & uG)v(Ground Control & 1G on Earth)",1,"flight_positive"
"REACTOME_SARS_COV_1_HOST_INTERACTIONS",0.00539692178515957,0.0345878194910541,0.407017918923954,-0.387099390668533,-1.55033296229176,94,"reactome","Pklr; Bst2; Tkfc; Ppia; Rps24; Bcl2l1; Rpsa; Rps17; Rps12; Rps20; Rps27l; Cav1; Rps7; Rps14; Fkbp1a; Rps9; Rps21; Rps16; Rps10; Rps15; Serpine1; Rps27a; Ubc; Rps3a1; Uba52; Rps6; Smad3; Rps11; Rps29; Ifih1; Ywhah; Rps23; Tlr7","liver","MHU-2","GLDS-617","Stat_(Space Flight & uG)v(Ground Control & 1G on Earth)",1,"flight_positive"
"REACTOME_SARS_COV_1_INFECTION",0.179966044142615,0.463094441872031,0.132846300606183,-0.272066386753325,-1.15964870646557,138,"reactome","Pklr; Bst2; Tkfc; Ppia; Rps24; Bcl2l1; Rpsa; Rps17; Rps12; Rps20; Rps27l; Cav1; Rps7; Ctsl; Rps14; Fkbp1a; Rps9; Rps21; Sumo1; Rps16; Rps10; Rps15; Serpine1; Rps27a; Ubc; Rps3a1; Uba52; Rps6; Parp4; Smad3; Rps11; Rps29; Ifih1; Ywhah; Vhl; Rps23; Tlr7; Rb1; Casp1; St3gal3; St6galnac2","liver","MHU-2","GLDS-617","Stat_(Space Flight & uG)v(Ground Control & 1G on Earth)",1,"flight_positive"
"REACTOME_SARS_COV_1_MODULATES_HOST_TRANSLATION_MACHINERY",4.08209949031809e-06,7.29764803620023e-05,0.610526878385931,-0.655230221551453,-2.1699144294346,34,"reactome","Rps24; Rpsa; Rps17; Rps12; Rps20; Rps27l; Rps7; Rps14; Rps9; Rps21; Rps16; Rps10; Rps15; Rps27a; Rps3a1; Rps6; Rps11; Rps29; Rps23; Rps4x; Rps3; Rps15a; Rps26; Rps2; Rps18; Rps13; Rps28; Rps19; Rps25; Hnrnpa1","liver","MHU-2","GLDS-617","Stat_(Space Flight & uG)v(Ground Control & 1G on Earth)",1,"flight_positive"
"REACTOME_SARS_COV_1_TARGETS_HOST_INTRACELLULAR_SIGNALLING_AND_REGULATORY_PATHWAYS",0.436590436590437,0.739012715756902,0.0886261133285098,0.350348773858542,1.00215995797134,16,"reactome","Psmc6; Pdpk1; Smad4; Sp1; Ep300","liver","MHU-2","GLDS-617","Stat_(Space Flight & uG)v(Ground Control & 1G on Earth)",1,"flight_positive"
"REACTOME_SARS_COV_2_ACTIVATES_MODULATES_INNATE_AND_ADAPTIVE_IMMUNE_RESPONSES",0.922010398613518,1,0.042845050912155,-0.186025513419798,-0.757564265110049,106,"reactome","H2-Q10; Tkfc; Nup210; Masp2; Irf7; H2-Q1; Ube2n; Il17ra; Il17rc; Ndc1; Rps27a; Ubc; H2-T23; H2-Q2; Nup107; Uba52; Nup85; Ifih1; Tlr7; Nup160; Sar1b","liver","MHU-2","GLDS-617","Stat_(Space Flight & uG)v(Ground Control & 1G on Earth)",1,"flight_positive"
"REACTOME_SARS_COV_2_HOST_INTERACTIONS",0.203583061889251,0.487449205034126,0.120985142145252,-0.253936290895494,-1.12770370372288,180,"reactome","H2-Q10; Tkfc; Vps45; Nup210; Masp2; Irf7; Rps24; Crb3; H2-Q1; Rpsa; Rps17; Rps12; Rps20; Rps27l; Cav1; Rps7; Rps14; Ube2n; Rps9; Rps21; Il17ra; Rps16; Il17rc; Snrpd2; Rps10; Ndc1; Rps15; Rps27a; Snrpg; Ubc; Rps3a1; H2-T23; H2-Q2; Nup107; Uba52; Rps6; Nup85; Rps11; Rps29; Ifih1; Ywhah; Rps23; Tlr7; Nup160; Sar1b","liver","MHU-2","GLDS-617","Stat_(Space Flight & uG)v(Ground Control & 1G on Earth)",1,"flight_positive"
"REACTOME_SARS_COV_2_INFECTION",0.883359253499222,0.987291099516031,0.0398406946073899,-0.17985955630489,-0.834905789201097,267,"reactome","H2-Q10; Tkfc; Vps45; Nup210; Masp2; Irf7; Rps24; Tusc3; Crb3; Mgat4b; Ano8; H2-Q1; Rpsa; Rps17; Zdhhc2; Rps12; Rps20; Rps27l; Cav1; Rps7; Ctsl; Rps14; Ube2n; Rps9; Rps21; Sumo1; Rpn2; Il17ra; Tmem258; Rps16; Il17rc; Ano10; Snrpd2; Rps10; Ndc1; Rps15; Gpc3; Rps27a; Snrpg; Ubc; Rps3a1; H2-T23; H2-Q2; Nup107; Uba52; Rps6; Parp4; Nup85; Rps11; Rps29; Ifih1; Ywhah; Vhl; Rps23; Ost4; Tlr7; Nup160; Sar1b","liver","MHU-2","GLDS-617","Stat_(Space Flight & uG)v(Ground Control & 1G on Earth)",1,"flight_positive"
"REACTOME_SARS_COV_2_MODULATES_HOST_TRANSLATION_MACHINERY",7.46608260307207e-06,0.000113918390884676,0.610526878385931,-0.598680242464043,-2.13184340300636,47,"reactome","Rps24; Rpsa; Rps17; Rps12; Rps20; Rps27l; Rps7; Rps14; Rps9; Rps21; Rps16; Snrpd2; Rps10; Rps15; Rps27a; Snrpg; Rps3a1; Rps6; Rps11; Rps29; Rps23; Rps4x; Gemin7; Snrpe; Rps3; Rps15a; Gemin4; Rps26; Snrpf; Rps2; Rps18; Rps13; Rps28; Rps19; Rps25","liver","MHU-2","GLDS-617","Stat_(Space Flight & uG)v(Ground Control & 1G on Earth)",1,"flight_positive"
"REACTOME_SARS_COV_INFECTIONS",0.32034632034632,0.628264411855375,0.0855356947987884,-0.217414774532841,-1.05153184586563,377,"reactome","Pklr; Bst2; H2-Q10; Tkfc; Vps45; Blnk; Ppia; Nup210; Masp2; Irf7; Ighm; Rps24; Fxyd3; Hmg20b; Tusc3; Crb3; Mgat4b; Bcl2l1; Ano8; Comt; Nfe2l2; H2-Q1; Rpsa; Rps17; Zdhhc2; Rps12; Cd79b; Rps20; Rps27l; Cav1; Sigmar1; Rps7; Ctsl; Rps14; Ube2n; Fkbp1a; Rps9; Rps21; Sumo1; Rpn2; Zbp1; Il17ra; Tmem258; Rps16; Sap18; Il17rc; Ano10; Snrpd2; Rbx1; Rps10; Ndc1; Rps15; Serpine1; Ifngr1; Fxyd1; Gpc3; Rps27a; Snrpg; Atp1b2; Ubc; Rps3a1; H2-T23; H2-Q2; Nup107; Uba52; Rps6; Parp4; Il1r1; Nup85; Smad3; Rps11; Rps29; Atp1b1; Ifih1","liver","MHU-2","GLDS-617","Stat_(Space Flight & uG)v(Ground Control & 1G on Earth)",1,"flight_positive"
"REACTOME_SCAVENGING_BY_CLASS_A_RECEPTORS",0.181818181818182,0.464509610414023,0.151148761385484,0.428376271150776,1.25904466444555,18,"reactome","Hsp90b1; Calr; Apob; Msr1; Fth1; Marco","liver","MHU-2","GLDS-617","Stat_(Space Flight & uG)v(Ground Control & 1G on Earth)",1,"flight_positive"
"REACTOME_SCF_BETA_TRCP_MEDIATED_DEGRADATION_OF_EMI1",2.60148570596941e-07,8.28410604494633e-06,0.674962860011025,0.662733390671853,2.3882854395268,42,"reactome","Psmd11; Psmd1; Psmd3; Psmd2; Psmc4; Ubb; Adrm1; Psmc1; Psmc2; Psmc5; Psmd7; Psmd14; Psmd12; Psma1; Psma7; Psmc6; Cul1; Psma5; Psmd6; Psmc3; Psmb4; Psmb2; Psmd13; Psma6","liver","MHU-2","GLDS-617","Stat_(Space Flight & uG)v(Ground Control & 1G on Earth)",1,"flight_positive"
"REACTOME_SCF_SKP2_MEDIATED_DEGRADATION_OF_P27_P21",4.25483208589637e-06,7.47529981987656e-05,0.610526878385931,0.582459107064113,2.16138063500194,49,"reactome","Psmd11; Psmd1; Psmd3; Psmd2; Psmc4; Ubb; Adrm1; Psmc1; Psmc2; Psmc5; Psmd7; Psmd14; Psmd12; Psma1; Psma7; Psmc6; Cul1; Psma5; Psmd6; Psmc3; Psmb4; Ptk6; Psmb2; Psmd13; Psma6","liver","MHU-2","GLDS-617","Stat_(Space Flight & uG)v(Ground Control & 1G on Earth)",1,"flight_positive"
"REACTOME_SEALING_OF_THE_NUCLEAR_ENVELOPE_NE_BY_ESCRT_III",0.0223935102908353,0.107636731067741,0.352487857583619,0.504873743603437,1.5530600435252,22,"reactome","Tubb4b; Tuba4a; Tuba1c; Chmp6; Vps4a; Tubb2a; Spast; Chmp3; Tuba8; Chmp7","liver","MHU-2","GLDS-617","Stat_(Space Flight & uG)v(Ground Control & 1G on Earth)",1,"flight_positive"
"REACTOME_SELECTIVE_AUTOPHAGY",0.391891891891892,0.701574845256079,0.0995791200495904,0.253544043709391,1.0393183677249,77,"reactome","Vcp; Tubb4b; Sqstm1; Dync1h1; Tuba4a; Ubb; Tuba1c; Atg12; Dync1li1; Tbk1; Fundc1; Prkab2; Atg5; Tubb2a; Ube2l3; Dynll1; Ube2d2a; Csnk2a2; Csnk2a1; Tuba8; Pink1; Dync1i2; Dync1li2; Ube2v1; Prkab1; Mfn2; Mterf3; Tomm70a; Ube2d3","liver","MHU-2","GLDS-617","Stat_(Space Flight & uG)v(Ground Control & 1G on Earth)",1,"flight_positive"
"REACTOME_SELENOAMINO_ACID_METABOLISM",1.11590451967268e-06,2.36897230322178e-05,0.643551836150722,-0.512300611712966,-2.06282670193307,98,"reactome","Rpl36al; Inmt; Rps24; Hnmt; Rpl36a; Rpl22l1; Rpl26; Rpl15; Papss2; Rpl12; Rpl27; Rpsa; Rps17; Rps12; Rplp0; Rplp1; Rpl31; Rpl35a; Rpl13a; Rps20; Rps27l; Rpl39; Rpl17; Rps7; Rps14; Rpl23; Rpl3; Rps9; Rps21; Rpl19; Pstk; Rps16; Rpl10a; Rps10; Rps15; Rps27a; Rpl38; Rpl29; Rps3a1; Rpl18; Uba52; Rps6; Rpl13; Rpl35; Rpl30; Rps11; Rpl8; Rps29; Rpl32; Rpl21; Rpl7; Rps23; Rpl10; Rpl7a; Rpl6; Rps4x; Rpl27a; Rpl37a; Rps3; Rps15a; Rpl22; Rps26; Rpl4; Rps2; Papss1; Rps18; Rps13; Rps28; Rps19; Rpl36; Rpl28; Rps25; Rplp2; Rpl24; Rpl18a","liver","MHU-2","GLDS-617","Stat_(Space Flight & uG)v(Ground Control & 1G on Earth)",1,"flight_positive"
"REACTOME_SEMA3A_PAK_DEPENDENT_AXON_REPULSION",0.575569358178054,0.841108277910675,0.0736212741014394,0.325074204415842,0.910531804858393,15,"reactome","Plxna1; Fyn; Plxna4; Plxna2","liver","MHU-2","GLDS-617","Stat_(Space Flight & uG)v(Ground Control & 1G on Earth)",1,"flight_positive"
"REACTOME_SEMA4D_INDUCED_CELL_MIGRATION_AND_GROWTH_CONE_COLLAPSE",0.397338403041825,0.706610528271588,0.0888945288620449,-0.364376097053007,-1.05870042793144,20,"reactome","Myl6; Plxnb1; Limk1; Rhoc; Myl12b; Erbb2; Rhob","liver","MHU-2","GLDS-617","Stat_(Space Flight & uG)v(Ground Control & 1G on Earth)",1,"flight_positive"
"REACTOME_SEMA4D_IN_SEMAPHORIN_SIGNALING",0.690298507462687,0.901813050133946,0.0596037042575973,-0.279770670472198,-0.847369794818138,24,"reactome","Myl6; Plxnb1; Limk1; Rhoc; Myl12b; Erbb2; Rhob","liver","MHU-2","GLDS-617","Stat_(Space Flight & uG)v(Ground Control & 1G on Earth)",1,"flight_positive"
"REACTOME_SEMAPHORIN_INTERACTIONS",0.581447963800905,0.845214657793327,0.0776798560117236,0.243404484527368,0.93612619660879,59,"reactome","Plxnc1; Plxna1; Rock1; Pip5k1c; Met; Fyn; Sema6a; Rock2; Sema6d; Arhgef11; Plxna4; Arhgef12; Cdk5r1; Plxna2; Arhgap35; Ptprc; Farp2; Sema4d; Limk2","liver","MHU-2","GLDS-617","Stat_(Space Flight & uG)v(Ground Control & 1G on Earth)",1,"flight_positive"
"REACTOME_SENESCENCE_ASSOCIATED_SECRETORY_PHENOTYPE_SASP",0.797872340425532,0.949821345347212,0.0504983044100709,-0.209091554562653,-0.809291887611673,73,"reactome","Cdk2; Cdkn2b; Ube2c; Igfbp7; H2bc21; Anapc15; H2az2; Cdc23; Rps27a; H3f3a; Ubc; Mapk7; Uba52; H2ac19; H3c4; Ehmt2; Ccna2; Rps6ka1; Cdk4; H3f3b; Anapc16","liver","MHU-2","GLDS-617","Stat_(Space Flight & uG)v(Ground Control & 1G on Earth)",1,"flight_positive"
"REACTOME_SENSORY_PERCEPTION",0.840399002493766,0.968314659915942,0.0640703750499722,0.187838708472117,0.846105607901515,135,"reactome","Nmt1; Atp2b1; Apob; Twf1; Retsat; Actg1; Actb; Kcnma1; Scnn1a; Or2y1g; Grk4; Prkca; Camkmt; Lrat; Akr1c20; Gpc1; Gpihbp1; Sdc2; Capza1; Ctbp2; Gpc4; Dnajc5; Cacnb2; Sdc4","liver","MHU-2","GLDS-617","Stat_(Space Flight & uG)v(Ground Control & 1G on Earth)",1,"flight_positive"
"REACTOME_SENSORY_PROCESSING_OF_SOUND",0.732101616628176,0.92176807793474,0.0670512579829467,0.226184571639387,0.839698166097332,50,"reactome","Atp2b1; Twf1; Actg1; Actb; Kcnma1; Capza1; Ctbp2; Dnajc5; Cacnb2","liver","MHU-2","GLDS-617","Stat_(Space Flight & uG)v(Ground Control & 1G on Earth)",1,"flight_positive"
"REACTOME_SENSORY_PROCESSING_OF_SOUND_BY_OUTER_HAIR_CELLS_OF_THE_COCHLEA",0.40625,0.716065923975677,0.0857844408075645,-0.30836665515374,-1.02121244192648,34,"reactome","Gsn; Tmie; Sptan1; Pls1; Twf2; Clic5; Sptbn1; Cib2; Epb41l1; Tprn; Cask","liver","MHU-2","GLDS-617","Stat_(Space Flight & uG)v(Ground Control & 1G on Earth)",1,"flight_positive"
"REACTOME_SEPARATION_OF_SISTER_CHROMATIDS",7.49021804639185e-06,0.000113918390884676,0.610526878385931,0.395272342645201,1.82118173644423,160,"reactome","Psmd11; Mapre1; Psmd1; Psmd3; Tubb4b; Psmd2; Pafah1b1; Psmc4; Dync1h1; Tuba4a; Ubb; Tuba1c; Adrm1; Psmc1; Psmc2; Cdc27; Ranbp2; Mis12; Psmc5; Psmd7; Ppp2r1b; Psmd14; Psmd12; Psma1; Zwint; Psma7; Psmc6; Dync1li1; Wapl; Ppp2r5e; Psma5; Anapc1; Psmd6; Anapc7; Zw10; Psmc3; Hdac8; Psmb4; Taok1; Psmb2; Bub3; Psmd13; Seh1l; Tubb2a; Psma6; Espl1; Ppp2r5c; Cdc26; Pds5a","liver","MHU-2","GLDS-617","Stat_(Space Flight & uG)v(Ground Control & 1G on Earth)",1,"flight_positive"
"REACTOME_SHC1_EVENTS_IN_ERBB2_SIGNALING",0.096958174904943,0.322060682680152,0.197822021315103,-0.483083708813459,-1.40360724368019,20,"reactome","Nrg4; Egfr; Prkcd; Egf; Hbegf; Erbb2; Erbb3; Hras","liver","MHU-2","GLDS-617","Stat_(Space Flight & uG)v(Ground Control & 1G on Earth)",1,"flight_positive"
"REACTOME_SIALIC_ACID_METABOLISM",0.227571115973742,0.518780687197411,0.134273452883202,0.381289524460574,1.21276607810028,26,"reactome","St6galnac3; St3gal1; St6gal1; Nans; St3gal4","liver","MHU-2","GLDS-617","Stat_(Space Flight & uG)v(Ground Control & 1G on Earth)",1,"flight_positive"
"REACTOME_SIGNALING_BY_ACTIVIN",0.399585921325052,0.7081357457917,0.0934449219410994,0.372292080387336,1.0427889241434,15,"reactome","Inhbb; Acvr2a; Smad4; Inhba","liver","MHU-2","GLDS-617","Stat_(Space Flight & uG)v(Ground Control & 1G on Earth)",1,"flight_positive"
"REACTOME_SIGNALING_BY_ALK",0.563991323210412,0.832004354618801,0.0770736734944102,0.288724808301027,0.915134652687917,25,"reactome","Pik3r2; Shc1; Sin3a; Ep300; Pik3r1; Stat3; Frs2; Pik3ca","liver","MHU-2","GLDS-617","Stat_(Space Flight & uG)v(Ground Control & 1G on Earth)",1,"flight_positive"
"REACTOME_SIGNALING_BY_ALK_IN_CANCER",0.144186046511628,0.410406651942315,0.178219874951973,0.286147321314001,1.20243037476927,88,"reactome","Junb; Sqstm1; Pik3r2; Ubb; Jun; Ranbp2; Ago2; Cul1; Ppfibp1; Kif5b; Tfg; Shc1; Mdm2; Mapk9; Fn1; Sec31a; Pik3r1; Cltc; Stat3; Frs2; Stat1; Cebpb; Mapk1; Pik3ca; Notch1; Eif2ak3; Hip1; Ago3; Gzmb","liver","MHU-2","GLDS-617","Stat_(Space Flight & uG)v(Ground Control & 1G on Earth)",1,"flight_positive"
"REACTOME_SIGNALING_BY_BMP",0.11727078891258,0.359936547897346,0.190023305279108,0.412374279001527,1.32974397958779,27,"reactome","Bmp2; Zfyve16; Acvr2a; Smad7; Smad9; Smad4; Inhba; Smad5; Ski; Bmpr1a; Smurf2; Bmp10; Gdf2; Bmpr2; Amhr2; Ube2d3","liver","MHU-2","GLDS-617","Stat_(Space Flight & uG)v(Ground Control & 1G on Earth)",1,"flight_positive"
"REACTOME_SIGNALING_BY_BRAF_AND_RAF1_FUSIONS",0.132118451025057,0.390516287480096,0.184706471207739,0.326138002823041,1.26440584464892,62,"reactome","Trim24; Actg1; Actb; Fga; Mark3; Qki; Atg7; Itgb3; Lmna; Fxr1; Arrb1; Fn1; Kras; D630045J12Rik; Kdm7a; Fgg; Ksr2; Aggf1; Agtrap; Mapk1; Fgb; Map2k2; Braf","liver","MHU-2","GLDS-617","Stat_(Space Flight & uG)v(Ground Control & 1G on Earth)",1,"flight_positive"
"REACTOME_SIGNALING_BY_CSF1_M_CSF_IN_MYELOID_CELLS",0.655844155844156,0.891698542147806,0.0692836467392548,0.262687573157598,0.868180066776445,30,"reactome","Ubb; Fyn; Shc1; Ptpn11; Kras; Pik3r1; Pik3cd; Stat3; Stat1; Pik3ca","liver","MHU-2","GLDS-617","Stat_(Space Flight & uG)v(Ground Control & 1G on Earth)",1,"flight_positive"
"REACTOME_SIGNALING_BY_CSF3_G_CSF",0.498938428874735,0.793164210644859,0.0824344091527096,0.290898445572204,0.95787538600314,29,"reactome","Ubb; Rnf7; Shc1; Ptpn11; Kras; Stat3; Cul5; Stat1; Ube2d2a","liver","MHU-2","GLDS-617","Stat_(Space Flight & uG)v(Ground Control & 1G on Earth)",1,"flight_positive"
"REACTOME_SIGNALING_BY_CTNNB1_PHOSPHO_SITE_MUTANTS",0.0264832808064372,0.123225859094792,0.352487857583619,0.570372254190214,1.59761085621119,15,"reactome","Ppp2r1b; Apc; Ppp2r5e; Axin1; Ppp2r5c; Ppp2ca; Csnk1a1; Ppp2r1a; Ppp2r5b","liver","MHU-2","GLDS-617","Stat_(Space Flight & uG)v(Ground Control & 1G on Earth)",1,"flight_positive"
"REACTOME_SIGNALING_BY_CYTOSOLIC_FGFR1_FUSION_MUTANTS",0.627705627705628,0.875009623299637,0.0714786287425507,0.297662545579416,0.874862743471467,18,"reactome","Trim24; Myo18a; Pik3r1; Cpsf6; Stat3; Stat1; Pik3ca","liver","MHU-2","GLDS-617","Stat_(Space Flight & uG)v(Ground Control & 1G on Earth)",1,"flight_positive"
"REACTOME_SIGNALING_BY_EGFR",0.692170818505338,0.901946373474347,0.0572461135202884,-0.241745412765796,-0.862047653494914,48,"reactome","Egfr; Csk; Adam12; Egf; Fam83d; Src; Hbegf; Rps27a; Adam17; Ubc; Uba52; Sh3gl1; Gab1; Hras","liver","MHU-2","GLDS-617","Stat_(Space Flight & uG)v(Ground Control & 1G on Earth)",1,"flight_positive"
"REACTOME_SIGNALING_BY_EGFR_IN_CANCER",0.491620111731844,0.788631868604351,0.0762797180809272,-0.321716452421012,-0.961935292643688,23,"reactome","Egfr; Egf; Hbegf; Rps27a; Ubc; Uba52; Gab1; Hras","liver","MHU-2","GLDS-617","Stat_(Space Flight & uG)v(Ground Control & 1G on Earth)",1,"flight_positive"
"REACTOME_SIGNALING_BY_ERBB2",0.188612099644128,0.46536496256021,0.132846300606183,-0.33884967062083,-1.20831481393694,48,"reactome","Grb7; Nrg4; Ptpn18; Egfr; Prkcd; Egf; Src; Hbegf; Rps27a; Ubc; Uba52; Erbb2; Gab1; Erbb3; Hras","liver","MHU-2","GLDS-617","Stat_(Space Flight & uG)v(Ground Control & 1G on Earth)",1,"flight_positive"
"REACTOME_SIGNALING_BY_ERBB2_ECD_MUTANTS",0.671785028790787,0.891698542147806,0.062249042949858,-0.307046114279127,-0.836764551791082,16,"reactome","Egfr; Egf; Erbb2; Gab1; Hras","liver","MHU-2","GLDS-617","Stat_(Space Flight & uG)v(Ground Control & 1G on Earth)",1,"flight_positive"
"REACTOME_SIGNALING_BY_ERBB2_IN_CANCER",0.175373134328358,0.459463257813095,0.142056643575821,-0.415471844029993,-1.25838169753178,24,"reactome","Nrg4; Egfr; Egf; Hbegf; Erbb2; Gab1; Erbb3; Hras","liver","MHU-2","GLDS-617","Stat_(Space Flight & uG)v(Ground Control & 1G on Earth)",1,"flight_positive"
"REACTOME_SIGNALING_BY_ERBB4",0.0871886120996441,0.300989514104268,0.20207170902116,-0.375973911556928,-1.34069732502825,48,"reactome","Nrg4; Aph1b; Dlg4; Egfr; Psen2; Sparc; Egf; Src; Hbegf; Rps27a; Adam17; Ubc; Uba52; Erbb3; Hras; Stat5a; Nedd4; Adap1; Psenen; Apoe; Stmn1","liver","MHU-2","GLDS-617","Stat_(Space Flight & uG)v(Ground Control & 1G on Earth)",1,"flight_positive"
"REACTOME_SIGNALING_BY_ERYTHROPOIETIN",0.515021459227468,0.804918507596303,0.0813027345384498,0.303797832372492,0.950953419454771,24,"reactome","Irs2; Rapgef1; Shc1; Kras; Pik3r1; Pik3cd; Pik3ca; Nras; Crkl; Jak2; Pik3cb; Pik3r5; Stat5b","liver","MHU-2","GLDS-617","Stat_(Space Flight & uG)v(Ground Control & 1G on Earth)",1,"flight_positive"
"REACTOME_SIGNALING_BY_FGFR",0.113163972286374,0.351567340731144,0.20207170902116,0.312778953963637,1.24757410817775,70,"reactome","Fgf1; Rbfox2; Ubb; Spred1; Hnrnpf; Ncbp1; Fgfr2; Polr2i; Klb; Shc1; Esrp2; Tial1; Ptpn11; Mknk1; Kras; Pik3r1; Spred2; Frs2; Ppp2ca; Mapk1; Pik3ca; Fgfbp3; Polr2c; Fgf9; Braf","liver","MHU-2","GLDS-617","Stat_(Space Flight & uG)v(Ground Control & 1G on Earth)",1,"flight_positive"
"REACTOME_SIGNALING_BY_FGFR1",0.155361050328228,0.43454157782516,0.165656695205483,0.35459772772147,1.26269704767921,38,"reactome","Fgf1; Ubb; Spred1; Shc1; Ptpn11; Mknk1; Kras; Pik3r1; Spred2; Frs2; Ppp2ca; Mapk1; Pik3ca; Fgf9; Braf; Nras; Ppp2r1a","liver","MHU-2","GLDS-617","Stat_(Space Flight & uG)v(Ground Control & 1G on Earth)",1,"flight_positive"
"REACTOME_SIGNALING_BY_FGFR1_IN_DISEASE",0.272727272727273,0.576367733775141,0.118815039412263,0.341339917841539,1.14672917936979,31,"reactome","Fgf1; Trim24; Myo18a; Kras; Pik3r1; Cpsf6; Stat3; Frs2; Stat1; Pik3ca; Fgf9; Erlin2; Cep43; Nras; Bag4","liver","MHU-2","GLDS-617","Stat_(Space Flight & uG)v(Ground Control & 1G on Earth)",1,"flight_positive"
"REACTOME_SIGNALING_BY_FGFR2",0.0569476082004556,0.224052558904495,0.287857117255149,0.355076731177804,1.36385238796354,58,"reactome","Fgf1; Rbfox2; Ubb; Hnrnpf; Ncbp1; Fgfr2; Polr2i; Shc1; Esrp2; Tial1; Ptpn11; Mknk1; Kras; Pik3r1; Frs2; Ppp2ca; Mapk1; Pik3ca; Fgfbp3; Polr2c; Fgf9; Braf","liver","MHU-2","GLDS-617","Stat_(Space Flight & uG)v(Ground Control & 1G on Earth)",1,"flight_positive"
"REACTOME_SIGNALING_BY_FGFR2_IIIA_TM",0.303347280334728,0.613845078017052,0.11101149245045,0.372953533859922,1.12214452889412,19,"reactome","Fgf1; Ncbp1; Fgfr2; Polr2i","liver","MHU-2","GLDS-617","Stat_(Space Flight & uG)v(Ground Control & 1G on Earth)",1,"flight_positive"
"REACTOME_SIGNALING_BY_FGFR2_IN_DISEASE",0.417748917748918,0.727668627668628,0.0934449219410994,0.308591139763977,1.01989094157178,30,"reactome","Fgf1; Ncbp1; Fgfr2; Polr2i; Kras; Pik3r1; Frs2; Pik3ca; Polr2c; Fgf9; Nras; Polr2h","liver","MHU-2","GLDS-617","Stat_(Space Flight & uG)v(Ground Control & 1G on Earth)",1,"flight_positive"
"REACTOME_SIGNALING_BY_FGFR3",0.369294605809129,0.676487180016373,0.0982123351217438,0.314284937978401,1.07363134158359,32,"reactome","Fgf1; Ubb; Shc1; Ptpn11; Mknk1; Kras; Pik3r1; Frs2; Ppp2ca; Mapk1; Pik3ca; Fgf9; Braf; Nras; Ppp2r1a","liver","MHU-2","GLDS-617","Stat_(Space Flight & uG)v(Ground Control & 1G on Earth)",1,"flight_positive"
"REACTOME_SIGNALING_BY_FGFR4",0.103734439834025,0.334842986541704,0.199915231309662,0.393621108917924,1.34465228261183,32,"reactome","Fgf1; Ubb; Klb; Shc1; Ptpn11; Mknk1; Kras; Pik3r1; Frs2; Ppp2ca; Mapk1; Pik3ca; Fgf9; Braf; Nras; Ppp2r1a","liver","MHU-2","GLDS-617","Stat_(Space Flight & uG)v(Ground Control & 1G on Earth)",1,"flight_positive"
"REACTOME_SIGNALING_BY_FGFR_IN_DISEASE",0.623556581986143,0.874418822354667,0.0751181635276301,0.242447041104619,0.900071717163142,50,"reactome","Fgf1; Trim24; Myo18a; Ncbp1; Fgfr2; Polr2i; Kras; Pik3r1; Cpsf6; Stat3; Frs2; Stat1; Pik3ca; Polr2c; Fgf9; Erlin2; Cep43; Nras; Bag4","liver","MHU-2","GLDS-617","Stat_(Space Flight & uG)v(Ground Control & 1G on Earth)",1,"flight_positive"
"REACTOME_SIGNALING_BY_FLT3_FUSION_PROTEINS",0.698744769874477,0.902434626745364,0.0645031249656493,0.274215958669054,0.825062400056272,19,"reactome","Myo18a; Trip11; Kras; Pik3r1; Pik3ca","liver","MHU-2","GLDS-617","Stat_(Space Flight & uG)v(Ground Control & 1G on Earth)",1,"flight_positive"
"REACTOME_SIGNALING_BY_FLT3_ITD_AND_TKD_MUTANTS",0.975047984644914,1,0.0449543067640062,-0.210289499048858,-0.573082642101199,16,"reactome","Bcl2l1; Pim1; Hras; Stat5a","liver","MHU-2","GLDS-617","Stat_(Space Flight & uG)v(Ground Control & 1G on Earth)",1,"flight_positive"
"REACTOME_SIGNALING_BY_GPCR",0.882689556509299,0.987291099516031,0.035996889024589,-0.176595219206135,-0.855816950733528,381,"reactome","Arhgef16; Ihh; Adcy1; Fzd7; Gabbr2; Sucnr1; Pde4a; Ppp1r1b; Nln; F2r; S1pr2; Sstr2; Ackr2; Egfr; Shh; Grk3; Lpar2; Wnt4; Daglb; Prkx; Plxnb1; Hcrtr2; Lpar6; Fgd2; Prkcd; Arhgef3; Adra1b; S1pr5; Saa2; Plcb1; Tas1r3; Gnaz; Rhoc; Ramp2; Camk2b; Ptch2; Gnat2; Pde4c; Saa1; Gng2; Fzd2; Cxcl2; Src; Hbegf; Arhgef15; Dgka; Arhgef37; Gnat1; Gnai1; Adcy6; Adcyap1r1; Smo; Gnb4; Gng10; Mapk7; Mtnr1a; Abhd6; Xcr1; Arhgef39; Tiam2; Rhob; Gng11; Hras; Arhgef9; Plppr3; Pde1b; Plekhg2; Btk; Rps6ka1; Fzd6; Ccl9; Gna13; Fzd5; Adrb1; Ffar4; Arhgef5; Adgre4; Fzd4; Gpr84; Hc; Gabbr1; Cxcl13; P2ry12; Adcy7; Ppp3cc; Grk2; Plcb3; Gng5; Ackr3; Hcar2; Ccl2; Dgkq; Grm8; Cxcr4; Prkaca; P2ry2; Arhgef25; Galr2; P2ry6; Itga5; Gngt2; Ackr1; Adcy2; Arhgef2; Vav1; Lpar5; Plppr2","liver","MHU-2","GLDS-617","Stat_(Space Flight & uG)v(Ground Control & 1G on Earth)",1,"flight_positive"
"REACTOME_SIGNALING_BY_HEDGEHOG",7.72974296075764e-06,0.000115832471720765,0.593325476396405,0.431034144561737,1.9311645519294,127,"reactome","Sel1l; Vcp; Psmd11; Psmd1; Psmd3; Tubb4b; Syvn1; Psmd2; Psmc4; Cdc73; Tuba4a; Ubb; Tuba1c; Adrm1; Psmc1; Psmc2; Psmc5; Psmd7; Dync2h1; Spopl; Psmd14; Psmd12; Psma1; Psma7; Psmc6; Cul1; Adcy9; Ift122; P4hb; Psma5; Psmd6; Itch; Ift52; Intu; Psmc3; Psmb4; Arrb1; Ulk3; Psmb2; Psmd13; Wdr35; Tubb2a; Psma6","liver","MHU-2","GLDS-617","Stat_(Space Flight & uG)v(Ground Control & 1G on Earth)",1,"flight_positive"
"REACTOME_SIGNALING_BY_HIPPO",0.715648854961832,0.91030270643737,0.0589694466690997,-0.287056257116202,-0.819670571822832,19,"reactome","Casp3; Amot; Dvl2","liver","MHU-2","GLDS-617","Stat_(Space Flight & uG)v(Ground Control & 1G on Earth)",1,"flight_positive"
"REACTOME_SIGNALING_BY_INSULIN_RECEPTOR",0.00830969819360324,0.04980930858401,0.380730400722792,0.404890639109719,1.56972228351978,62,"reactome","Ide; Atp6v1a; Fgf1; Pik3r2; Irs2; Insr; Ptpn1; Pdpk1; Atp6v0d2; Atp6v1b2; Fgfr2; Klb; Shc1; Ptpn11; Atp6v0a2; Kras; Pik3r1; Trib3; Frs2; Atp6v0d1; Ptprf; Mapk1; Pik3ca; Flt3; Atp6v1h; Fgf9","liver","MHU-2","GLDS-617","Stat_(Space Flight & uG)v(Ground Control & 1G on Earth)",1,"flight_positive"
"REACTOME_SIGNALING_BY_INTERLEUKINS",0.000590652053851725,0.00505776842752023,0.477270815362862,0.286108212108289,1.47187657106409,372,"reactome","Lbp; Hsp90b1; Psmd11; Psmd1; Psmd3; Ptpn9; Cd36; Junb; Psmd2; Sqstm1; Psmc4; Pik3r2; Ubb; Adrm1; Jun; Psmc1; Il2rb; Psmc2; Hgf; Traf6; Psmc5; Irs2; Canx; Psmd7; Ppp2r1b; Lcn2; Psmd14; Il13ra1; Il1a; Psmd12; Psma1; Irak2; Cxcl1; Psma7; Psmc6; Lcp1; Atf2; Dusp4; Cul1; Hnrnpf; Rps6ka2; Dusp3; Map2k7; Atf1; Fyn; P4hb; Tbk1; Psma5; Map3k3; Psmd6; Il15ra; Socs2; N4bp1; Pou2f1; Rapgef1; Map3k7; Psmc3; Tab3; Psmb4; Mef2c; Capza1; Shc1; Stat4; Sigirr; Brwd1; Hmox1; Csf2rb2; Ptpn11; Psmb2; Mapk9; Il13ra2; Rps6ka3; Fn1; Smarca4; Map2k4; Psmd13; Pik3r1; Clcf1; Psma6; Cnn2; Pik3cd; Ptpn7; Cish; Il3ra; Crk; Dusp6; Ikbkg; Zeb1; Stat3; Mmp9; Sdc1; Stx1a; Osmr; Il6st; Tab1; Havcr2; Ppp2ca; Tab2; Stat1; Psma2; Stx3; Car1; Irak3; Ccl4","liver","MHU-2","GLDS-617","Stat_(Space Flight & uG)v(Ground Control & 1G on Earth)",1,"flight_positive"
"REACTOME_SIGNALING_BY_KIT_IN_DISEASE",0.376050420168067,0.683057715064636,0.0978773277424561,0.347909841227189,1.04999773032661,20,"reactome","Pik3r2; Fyn; Kras; Pik3r1; Stat3; Stat1; Pik3ca; Nras; Yes1; Lck; Jak2","liver","MHU-2","GLDS-617","Stat_(Space Flight & uG)v(Ground Control & 1G on Earth)",1,"flight_positive"
"REACTOME_SIGNALING_BY_MET",0.270758122743682,0.574796931407942,0.108820126769161,-0.289952738147638,-1.11884974041032,74,"reactome","Col1a1; Lama3; Col27a1; Col1a2; Rab4a; Hgfac; Col5a2; Col5a3; Col3a1; Lama2; Lama1; Lamb1; Dock7; Src; Rps27a; Ubc; Uba52; Sh3gl1; Gab1; Lamc3; Hras; Hpn","liver","MHU-2","GLDS-617","Stat_(Space Flight & uG)v(Ground Control & 1G on Earth)",1,"flight_positive"
"REACTOME_SIGNALING_BY_MODERATE_KINASE_ACTIVITY_BRAF_MUTANTS",0.305429864253394,0.616303033018234,0.115734447701689,0.308007709619058,1.10996418544637,42,"reactome","Actg1; Actb; Fga; Mark3; Itgb3; Arrb1; Fn1; Kras; Fgg; Ksr2; Mapk1; Fgb; Map2k2; Braf; Nras; Apbb1ip; Tln1; Ywhab; Camk2g; Jak2","liver","MHU-2","GLDS-617","Stat_(Space Flight & uG)v(Ground Control & 1G on Earth)",1,"flight_positive"
"REACTOME_SIGNALING_BY_NODAL",0.737044145873321,0.923798259095835,0.0578529757032509,-0.291646726196822,-0.794798014950845,16,"reactome","Foxo3; Nodal; Smad3; Acvr2b; Acvr1b","liver","MHU-2","GLDS-617","Stat_(Space Flight & uG)v(Ground Control & 1G on Earth)",1,"flight_positive"
"REACTOME_SIGNALING_BY_NOTCH",3.12104971184457e-05,0.000354334035144777,0.557332238758646,0.363899642690409,1.72877177552782,185,"reactome","Wwc1; Sel1l; Psmd11; Psmd1; Psmd3; Psmd2; Psmc4; Ubb; Atp2a2; Adrm1; Jun; Psmc1; Psmc2; Psmc5; Psmd7; Tbl1x; Flt4; Psmd14; B4galt1; Psmd12; Psma1; Ago2; Fbxw7; Pbx1; Psma7; Psmc6; Cul1; Rbpj; Tmed2; Psma5; St3gal4; Psmd6; Itch; Pofut1; Psmc3; Hdac8; Psmb4; Wwp2; Arrb1; Ncor1; Psmb2; Ep300; Neurl1a; Psmd13; Fabp7; Psma6; St3gal6; Hdac4; Ikzf1; Psen1; H2ac18; Tnrc6b; Jag2; H4c16; Tfdp1; Lfng; Dtx1; Aph1c; Stat1; Psma2; Aph1a; Notch1; Rab6a; Ccnc; Ago3; Gzmb; H2ax; H4c12; Creb1; Skp1; Tle2; Kat2a; Psma3; H3c1; Maml1","liver","MHU-2","GLDS-617","Stat_(Space Flight & uG)v(Ground Control & 1G on Earth)",1,"flight_positive"
"REACTOME_SIGNALING_BY_NOTCH1",0.613793103448276,0.867482902099574,0.0756946307932749,0.230760739012308,0.926184353925424,71,"reactome","Ubb; Tbl1x; Fbxw7; Cul1; Rbpj; Itch; Hdac8; Arrb1; Ncor1; Ep300; Neurl1a; Hdac4; Psen1; Jag2; Dtx1; Aph1c; Aph1a; Notch1; Ccnc; Skp1; Tle2; Kat2a; Maml1","liver","MHU-2","GLDS-617","Stat_(Space Flight & uG)v(Ground Control & 1G on Earth)",1,"flight_positive"
"REACTOME_SIGNALING_BY_NOTCH1_HD_DOMAIN_MUTANTS_IN_CANCER",0.820809248554913,0.958610106051154,0.0530212512043078,-0.266061906723925,-0.712765487631345,15,"reactome","Rps27a; Adam17; Ubc; Uba52; Jag1","liver","MHU-2","GLDS-617","Stat_(Space Flight & uG)v(Ground Control & 1G on Earth)",1,"flight_positive"
"REACTOME_SIGNALING_BY_NOTCH1_PEST_DOMAIN_MUTANTS_IN_CANCER",0.667425968109339,0.891698542147806,0.0709609456938284,0.231360381681665,0.888656961524993,58,"reactome","Ubb; Tbl1x; Fbxw7; Cul1; Rbpj; Hdac8; Ncor1; Ep300; Neurl1a; Hdac4; Psen1; Jag2; Aph1c; Aph1a; Notch1; Ccnc; Skp1; Kat2a; Maml1","liver","MHU-2","GLDS-617","Stat_(Space Flight & uG)v(Ground Control & 1G on Earth)",1,"flight_positive"
"REACTOME_SIGNALING_BY_NOTCH2",0.917547568710359,1,0.0521630305460055,0.205561019569775,0.690580875428396,31,"reactome","Ubb; Rbpj; Ep300; Neurl1a; Psen1; Jag2; Aph1c; Aph1a; Gzmb; Creb1; Maml1; Dll1","liver","MHU-2","GLDS-617","Stat_(Space Flight & uG)v(Ground Control & 1G on Earth)",1,"flight_positive"
"REACTOME_SIGNALING_BY_NOTCH3",0.321759259259259,0.628264411855375,0.11378726182188,0.300644762590037,1.10555179481775,47,"reactome","Wwc1; Ubb; Pbx1; Rbpj; Wwp2; Ep300; Neurl1a; Fabp7; Ikzf1; Psen1; Jag2; Aph1c; Stat1; Aph1a; Notch1","liver","MHU-2","GLDS-617","Stat_(Space Flight & uG)v(Ground Control & 1G on Earth)",1,"flight_positive"
"REACTOME_SIGNALING_BY_NOTCH4",3.83472755813539e-06,6.97783461024993e-05,0.610526878385931,0.512134284922604,2.06970628621841,72,"reactome","Psmd11; Psmd1; Psmd3; Psmd2; Psmc4; Ubb; Adrm1; Psmc1; Psmc2; Psmc5; Psmd7; Flt4; Psmd14; Psmd12; Psma1; Fbxw7; Psma7; Psmc6; Cul1; Rbpj; Psma5; Psmd6; Psmc3; Psmb4; Psmb2; Ep300; Psmd13; Psma6","liver","MHU-2","GLDS-617","Stat_(Space Flight & uG)v(Ground Control & 1G on Earth)",1,"flight_positive"
"REACTOME_SIGNALING_BY_NTRK2_TRKB",0.733333333333333,0.92176807793474,0.0635007968065945,0.257789166976236,0.799596048049211,23,"reactome","Fyn; Shc1; Ptpn11; Kras; Pik3r1; Cdk5r1; Frs2; Pik3ca","liver","MHU-2","GLDS-617","Stat_(Space Flight & uG)v(Ground Control & 1G on Earth)",1,"flight_positive"
"REACTOME_SIGNALING_BY_NTRK3_TRKC",0.882917466410749,0.987291099516031,0.0494904866135495,-0.253380037562349,-0.690513325861294,16,"reactome","Bax; Src; Ntf3; Hras","liver","MHU-2","GLDS-617","Stat_(Space Flight & uG)v(Ground Control & 1G on Earth)",1,"flight_positive"
"REACTOME_SIGNALING_BY_NTRKS",0.0339852782751769,0.149438261769595,0.321775918075361,0.30707516283854,1.3633712550835,118,"reactome","Junb; Pik3r2; Irs2; Pcsk5; Ppp2r1b; Atf2; Dusp4; Nab1; Rps6ka2; Dusp3; Trib1; Atf1; Fyn; Ap2b1; Ap2a2; Id4; Rapgef1; Tcf12; Mef2c; Map2k5; Shc1; Ap2m1; Egr1; Ptpn11; Ep300; Rps6ka3; Kras; Pik3r1; Id3; Cltc; Crk; Cdk5r1; Dusp6; Stat3; Frs2; Ppp2ca; Id2; Mapk1; Pik3ca; Fos; Map2k2; Braf; Creb1; Rhoa; Mapkapk3; Clta; Dnal4; Dnm3; Nras; Ppp2r1a; Vrk3","liver","MHU-2","GLDS-617","Stat_(Space Flight & uG)v(Ground Control & 1G on Earth)",1,"flight_positive"
"REACTOME_SIGNALING_BY_NUCLEAR_RECEPTORS",0.0110949558305802,0.0628097777297845,0.380730400722792,-0.300484120817195,-1.37880064440059,237,"reactome","Fabp5; Fasn; Pdk1; Scd1; Tff3; Rdh11; Gpam; Mov10; Pltp; Foxo3; Pdha1; Sdr16c5; Tbp; Dlat; Aldh1a7; Egfr; Polr2f; Pdhb; Ago4; Hspb1; Eepd1; H2bc21; Srebf1; Scd2; Rara; Cav1; Ccnd1; H2az2; Egf; Pdk2; Polr2l; Kdm4a; Gng2; Ctsd; Src; Kctd6; Hbegf; Gps2; H3f3a; Zfp217; Cxxc5; Gnai1; Gnb4; Akr1c18; Gng10; Jund; Tbl1xr1; Fosb; H2ac19; Gng11; H3c4; Hras; Pdk4; Dhrs9; Apoc2; Adh1","liver","MHU-2","GLDS-617","Stat_(Space Flight & uG)v(Ground Control & 1G on Earth)",1,"flight_positive"
"REACTOME_SIGNALING_BY_PDGF",0.111504424778761,0.350980630521112,0.176694268938498,-0.355552098266457,-1.30606604436907,53,"reactome","Thbs3; Grb7; Col9a3; Col5a2; Spp1; Thbs1; Col5a3; Stat6; Col3a1; Nck2; Pdgfa; Src; Col4a4; Pdgfrb; Hras; Col6a1; Stat5a; Col6a3; Col6a2","liver","MHU-2","GLDS-617","Stat_(Space Flight & uG)v(Ground Control & 1G on Earth)",1,"flight_positive"
"REACTOME_SIGNALING_BY_PDGFR_IN_DISEASE",0.0108683245477911,0.0618705179564199,0.380730400722792,0.556397112627108,1.67921580877973,20,"reactome","Pik3r2; Golga4; Kras; Pik3r1; Kdr; Stat3; Stat1; Pdgfra; Pik3ca; Kank1; Nras; Fip1l1","liver","MHU-2","GLDS-617","Stat_(Space Flight & uG)v(Ground Control & 1G on Earth)",1,"flight_positive"
"REACTOME_SIGNALING_BY_PTK6",0.423550087873462,0.732622529523343,0.0810802057550866,-0.278845280987267,-1.01164888199401,51,"reactome","Nrg4; Cdk2; Egfr; Ccne1; Dok1; Ccnd1; Egf; Hbegf; Rps27a; Ubc; Uba52; Erbb2; Erbb3; Hras; Cdk4; Stap2; Epas1; Bcar1; Pxn; Elmo2; Srms; Elmo1; Sfpq","liver","MHU-2","GLDS-617","Stat_(Space Flight & uG)v(Ground Control & 1G on Earth)",1,"flight_positive"
"REACTOME_SIGNALING_BY_RECEPTOR_TYROSINE_KINASES",0.426174496644295,0.733567250136042,0.119887845115423,0.191557459904151,0.999849988333582,460,"reactome","Ide; Atp6v1a; Fgf1; Rbfox2; Junb; Stam2; Pik3r2; Flt1; Ubb; Nckap1; Hgf; Actg1; Irs2; Actb; Spred1; Pcsk5; Ppp2r1b; Flt4; Rasa1; Insr; Rock1; Lamc2; Memo1; Atf2; Dusp4; Hnrnpf; Nab1; Ncbp1; Rps6ka2; Dusp3; Met; Prkca; Cdh5; Trib1; Ptpn1; Atf1; Fyn; Pdpk1; Atp6v0d2; Ptprk; Atp6v1b2; Fgfr2; Eps15; Hgs; Itgb3; Itpr2; Ap2b1; Itch; Ap2a2; Polr2i; Id4; Klb; Lamb2; Col6a6; Itpr1; Rock2; Rapgef1; Tcf12; Mef2c; Map2k5; Shc1; Ranbp10; Arhgef7; Esrp2; Ap2m1; Tial1; Ptk6; Sin3a; Egr1; Dock1; Ncor1; Ptpn11; Ep300; Rps6ka3; Atp6v0a2; Fn1; Mknk1; Kras; Pik3r1; Kdr; Id3; Cltc; Vav3; Trib3; Lamb3; Crk; Cdk5r1; Spred2; Dusp6; Tns4; Psen1; Sh3kbp1; Stat3; Cul5; Mmp9; Frs2; Vegfc; Nos3; Gga3; Atp6v0d1; Ppp2ca; Tab2; Aph1c; Stat1; Arf6; Aph1a; Id2; Ptprf; Pdgfra; Mapk1; Col4a2; Pik3ca; Lrig1; Wasf2; Cdc37; Sh2d2a; Fos; Ptpn2; Tgfa; Flt3","liver","MHU-2","GLDS-617","Stat_(Space Flight & uG)v(Ground Control & 1G on Earth)",1,"flight_positive"
"REACTOME_SIGNALING_BY_RETINOIC_ACID",0.00234914582178957,0.017472843740172,0.431707695803346,-0.528507235180416,-1.77166341487358,35,"reactome","Fabp5; Pdk1; Rdh11; Pdha1; Sdr16c5; Dlat; Aldh1a7; Pdhb; Rara; Pdk2; Akr1c18; Pdk4; Dhrs9; Adh1","liver","MHU-2","GLDS-617","Stat_(Space Flight & uG)v(Ground Control & 1G on Earth)",1,"flight_positive"
"REACTOME_SIGNALING_BY_ROBO_RECEPTORS",0.0830618892508143,0.290859330400618,0.197822021315103,-0.276401883438101,-1.22747097931506,180,"reactome","Rpl36al; Robo1; Rps24; Rpl36a; Rpl22l1; Rpl26; Rpl15; Rpl12; Rpl27; Rpsa; Rps17; Rps12; Rplp0; Rplp1; Rpl31; Rpl35a; Rpl13a; Rps20; Rps27l; Rpl39; Rpl17; Nck2; Pfn1; Rps7; Rps14; Rpl23; Rpl3; Rps9; Rps21; Slit1; Rpl19; Rps16; Elob; Arhgap39; Rpl10a; Rbx1; Rps10; Gspt2; Rps15; Src; Rps27a; Rpl38; Ubc; Rpl29; Rps3a1; Vasp; Rpl18; Uba52; Rps6; Rpl13; Rpl35; Rpl30; Rps11; Rpl8; Lhx2; Rps29; Rpl32; Rpl21; Rpl7; Psmb5; Sem1; Enah; Rps23; Rpl10; Rpl7a","liver","MHU-2","GLDS-617","Stat_(Space Flight & uG)v(Ground Control & 1G on Earth)",1,"flight_positive"
"REACTOME_SIGNALING_BY_SCF_KIT",0.976785714285714,1,0.0415717899246479,-0.177417022800307,-0.617478361792923,42,"reactome","Grb7; Fes; Lyn; Grb10; Kitl; Src","liver","MHU-2","GLDS-617","Stat_(Space Flight & uG)v(Ground Control & 1G on Earth)",1,"flight_positive"
"REACTOME_SIGNALING_BY_TGFBR3",0.585409252669039,0.847346631349078,0.0652353056017703,-0.261030022351779,-0.907092668230708,41,"reactome","Mov10; Tgfbr2; Aph1b; Mycn; Psen2; Ago4; Rara; Tcf3","liver","MHU-2","GLDS-617","Stat_(Space Flight & uG)v(Ground Control & 1G on Earth)",1,"flight_positive"
"REACTOME_SIGNALING_BY_TGFB_FAMILY_MEMBERS",0.632619439868204,0.876940641521345,0.0578529757032509,-0.212191398001831,-0.916451641201597,146,"reactome","Fst; Mov10; Itgav; Col1a2; Tgfbr2; Ltbp4; Cdkn2b; Aph1b; Mycn; Ltbp1; Nedd8; Psen2; Tfdp2; Ago4; Nedd4l; Rara; F11r; Fkbp1a; Tcf3; Zfyve9; Fstl1; Serpine1; Rps27a; Chrdl1; Ubc; Wwtr1; Smad1; E2f5; Uba52; Smurf1; Klf16; Smad3","liver","MHU-2","GLDS-617","Stat_(Space Flight & uG)v(Ground Control & 1G on Earth)",1,"flight_positive"
"REACTOME_SIGNALING_BY_TGF_BETA_RECEPTOR_COMPLEX",0.580246913580247,0.844673721340388,0.0652353056017703,-0.234720888516042,-0.934032361140043,91,"reactome","Itgav; Col1a2; Tgfbr2; Ltbp4; Cdkn2b; Ltbp1; Nedd8; Tfdp2; Nedd4l; F11r; Fkbp1a; Zfyve9; Serpine1; Rps27a; Ubc; Wwtr1; E2f5; Uba52; Smurf1; Smad3; Ybx1; Pard3","liver","MHU-2","GLDS-617","Stat_(Space Flight & uG)v(Ground Control & 1G on Earth)",1,"flight_positive"
"REACTOME_SIGNALING_BY_THE_B_CELL_RECEPTOR_BCR",5.25118923061068e-06,8.77206856720046e-05,0.610526878385931,0.467863549822327,2.0011405853246,97,"reactome","Psmd11; Psmd1; Psmd3; Pik3ap1; Psmd2; Psmc4; Rasgrp3; Ubb; Adrm1; Psmc1; Psmc2; Psmc5; Stim1; Psmd7; Psmd14; Psmd12; Psma1; Ppp3r1; Psma7; Psmc6; Cul1; Fyn; Psma5; Psmd6; Itpr2; Itpr1; Nfatc3; Map3k7; Psmc3; Psmb4; Psmb2; Kras; Psmd13; Pik3r1; Psma6; Pik3cd; Sh3kbp1; Ikbkg","liver","MHU-2","GLDS-617","Stat_(Space Flight & uG)v(Ground Control & 1G on Earth)",1,"flight_positive"
"REACTOME_SIGNALING_BY_TYPE_1_INSULIN_LIKE_GROWTH_FACTOR_1_RECEPTOR_IGF1R",0.0236135729875509,0.112968220067204,0.352487857583619,0.442714540547591,1.56467728051376,37,"reactome","Fgf1; Pik3r2; Irs2; Pdpk1; Fgfr2; Klb; Shc1; Ptpn11; Kras; Pik3r1; Trib3; Frs2; Pik3ca; Flt3; Fgf9; Igf1r; Nras","liver","MHU-2","GLDS-617","Stat_(Space Flight & uG)v(Ground Control & 1G on Earth)",1,"flight_positive"
"REACTOME_SIGNALING_BY_VEGF",0.151029748283753,0.426313887814804,0.172324344900946,0.272350835084987,1.18243081591567,102,"reactome","Pik3r2; Flt1; Nckap1; Actg1; Actb; Flt4; Rasa1; Rock1; Prkca; Cdh5; Fyn; Pdpk1; Itgb3; Itpr2; Itpr1; Rock2; Dock1; Kras; Pik3r1; Kdr; Vav3; Trib3; Crk; Vegfc; Nos3","liver","MHU-2","GLDS-617","Stat_(Space Flight & uG)v(Ground Control & 1G on Earth)",1,"flight_positive"
"REACTOME_SIGNALING_BY_WNT",0.00209945176636597,0.0158469729624216,0.431707695803346,0.295803836345265,1.46423307872829,247,"reactome","Psmd11; Psmd1; Psmd3; Usp34; Psmd2; Psmc4; Cdc73; Ubb; Adrm1; Psmc1; Psmc2; Psmc5; Psmd7; Chd8; Ppp2r1b; Psmd14; Apc; Psmd12; Psma1; Ago2; Ppp3r1; Psma7; Psmc6; Cul1; Cltb; Prkca; Ppp2r5e; Psma5; Klhl12; Axin1; Lrp6; Psmd6; Itpr2; Ap2b1; Znrf3; Ap2a2; Sox6; Pard6a; Itpr1; Map3k7; Psmc3; Psmb4; Dvl3; Ap2m1; Ctbp2; Wnt2; Psmb2; Ep300; Daam1; Smarca4; Kras; Psmd13; Vps35; Psma6; Cltc; Ppp2r5c; H2ac18; Tnrc6b; H4c16; Ccdc88c; Vps26a; Ppp2ca; Fzd1; Psma2; Csnk2a2; Smurf2; Csnk2a1; Gng12","liver","MHU-2","GLDS-617","Stat_(Space Flight & uG)v(Ground Control & 1G on Earth)",1,"flight_positive"
"REACTOME_SIGNALING_BY_WNT_IN_CANCER",0.273885350318471,0.576367733775141,0.118815039412263,0.345762560542418,1.13853288385068,29,"reactome","Ppp2r1b; Apc; Ppp2r5e; Axin1; Lrp6; Ctbp2; Ppp2r5c; Ppp2ca; Tnks2; Csnk1a1; Ppp2r1a; Ppp2r5b","liver","MHU-2","GLDS-617","Stat_(Space Flight & uG)v(Ground Control & 1G on Earth)",1,"flight_positive"
"REACTOME_SIGNALLING_TO_ERKS",0.796680497925311,0.949821345347212,0.0578529757032509,0.2287255544887,0.781351233373556,32,"reactome","Rapgef1; Shc1; Kras; Crk; Frs2; Mapk1; Map2k2; Braf; Mapkapk3; Nras; Crkl; Mapk12; Ywhab; Kidins220; Mapkapk2; Rap1a","liver","MHU-2","GLDS-617","Stat_(Space Flight & uG)v(Ground Control & 1G on Earth)",1,"flight_positive"
"REACTOME_SIGNALLING_TO_RAS",0.433206106870229,0.737231060606061,0.0843144320642653,-0.353773958122226,-1.01017865091401,19,"reactome","Ralgds; Ntrk1; Src; Shc2; Hras","liver","MHU-2","GLDS-617","Stat_(Space Flight & uG)v(Ground Control & 1G on Earth)",1,"flight_positive"
"REACTOME_SIGNAL_AMPLIFICATION",0.726078799249531,0.919098504888537,0.0574877409561325,-0.261194007821723,-0.81584918180951,27,"reactome","Gng2; Src; Gnai1; Gnb4; Gng10; Gng11; Gna13; P2ry12; Gng5; Gngt2","liver","MHU-2","GLDS-617","Stat_(Space Flight & uG)v(Ground Control & 1G on Earth)",1,"flight_positive"
"REACTOME_SIGNAL_TRANSDUCTION_BY_L1",0.834600760456274,0.965332775147495,0.05163559644842,-0.250349272887648,-0.72739371347929,20,"reactome","Itgav; Egfr","liver","MHU-2","GLDS-617","Stat_(Space Flight & uG)v(Ground Control & 1G on Earth)",1,"flight_positive"
"REACTOME_SIRT1_NEGATIVELY_REGULATES_RRNA_EXPRESSION",0.801470588235294,0.949821345347212,0.0519512476197082,-0.237431080207226,-0.786296342860991,34,"reactome","Tbp; H2bc21; H2az2; H3f3a; H2ac19; H3c4; H3f3b; Taf1b; H3c15; H2bc6; H2aj; H4c17; H2bc8","liver","MHU-2","GLDS-617","Stat_(Space Flight & uG)v(Ground Control & 1G on Earth)",1,"flight_positive"
"REACTOME_SLC_MEDIATED_TRANSMEMBRANE_TRANSPORT",0.420098846787479,0.728519433251007,0.0780892306943345,-0.22998782221239,-1.01098242333655,163,"reactome","Slc38a3; Slc25a1; Slc6a9; Slc25a11; Slc29a1; Slc12a7; Slc1a5; Slc22a1; Slc35b2; Slc44a1; Slc13a5; Slc2a4; Slc13a2; Slc29a3; Slc12a6; Mfsd4b1; Sri; Rsc1a1; Slc1a4; Slc22a7; Slc30a1; Slc2a2; Arl2bp; Slc12a4; Slc9a7; Slc22a3; Slco3a1; Slc11a1; Slc2a1; Slc47a1; Slc35d2; Slc5a3; Slc2a8; Slc7a5; Rhbg; Slc25a10; Slc35a2; Slc6a12; Slc44a2; Slc8b1; Slc50a1; Pdzd11; Slc44a3; Slc15a4; Slc25a4; Slc39a1; Slc43a1; Slc34a2; Slc41a1; Slc26a6; Slc9a1; Slc3a1","liver","MHU-2","GLDS-617","Stat_(Space Flight & uG)v(Ground Control & 1G on Earth)",1,"flight_positive"
"REACTOME_SLC_TRANSPORTER_DISORDERS",0.173210161662818,0.458412196821321,0.160801401070022,0.301309548251204,1.20182635750051,70,"reactome","Slc40a1; Slc4a4; Slc26a4; Ranbp2; Slc22a18; Slc26a2; Hk1; Slc22a5; Cp; Slc3a2; Nup50; Seh1l; Slc35a3; Slc24a5; Rae1; Nup188; Bsg; Slco2a1; Nup62; Nup98","liver","MHU-2","GLDS-617","Stat_(Space Flight & uG)v(Ground Control & 1G on Earth)",1,"flight_positive"
"REACTOME_SMAD2_SMAD3_SMAD4_HETEROTRIMER_REGULATES_TRANSCRIPTION",0.683060109289617,0.898083922480325,0.0589694466690997,-0.255205986272744,-0.858486570646485,36,"reactome","Col1a2; Cdkn2b; Tfdp2; Serpine1; Rps27a; Ubc; Wwtr1; E2f5; Uba52; Smad3; Ybx1","liver","MHU-2","GLDS-617","Stat_(Space Flight & uG)v(Ground Control & 1G on Earth)",1,"flight_positive"
"REACTOME_SMOOTH_MUSCLE_CONTRACTION",0.314647377938517,0.623785365990951,0.0995791200495904,-0.326151639999251,-1.09332642927857,35,"reactome","Myl6; Tpm4; Myl12b; Aldh2; Myl12a; Tpm1; Sorbs3; Itgb5; Vcl; Tpm2; Pxn; Calm1; Anxa1; Anxa2","liver","MHU-2","GLDS-617","Stat_(Space Flight & uG)v(Ground Control & 1G on Earth)",1,"flight_positive"
"REACTOME_SNRNP_ASSEMBLY",0.967667436489607,1,0.05378728077603,0.176819894868079,0.656434434825059,50,"reactome","Ranbp2; Tgs1; Wdr77; Ncbp1; Nup50; Seh1l; Rae1; Nup188; Nup62; Nup98; Gemin5; Nup93; Nup88; Snupn; Snrpd1; Nup205; Nup133; Nup43; Tpr; Gemin8; Smn1; Snrpb; Aaas","liver","MHU-2","GLDS-617","Stat_(Space Flight & uG)v(Ground Control & 1G on Earth)",1,"flight_positive"
"REACTOME_SOMITOGENESIS",7.35367004101221e-08,3.16186680966018e-06,0.704975715167238,0.67967171929751,2.43461891975292,39,"reactome","Psmd11; Psmd1; Psmd3; Psmd2; Psmc4; Adrm1; Psmc1; Psmc2; Psmc5; Psmd7; Psmd14; Psmd12; Psma1; Psma7; Psmc6; Rbpj; Psma5; Psmd6; Psmc3; Psmb4; Psmb2; Psmd13; Psma6","liver","MHU-2","GLDS-617","Stat_(Space Flight & uG)v(Ground Control & 1G on Earth)",1,"flight_positive"
"REACTOME_SPHINGOLIPID_DE_NOVO_BIOSYNTHESIS",0.269709543568465,0.574796931407942,0.118287526124085,0.335667595057082,1.14667681093912,32,"reactome","Ormdl2; Ppm1l; Prkd3; Cers6; Osbp; Cert1","liver","MHU-2","GLDS-617","Stat_(Space Flight & uG)v(Ground Control & 1G on Earth)",1,"flight_positive"
"REACTOME_SPHINGOLIPID_METABOLISM",0.780748663101604,0.941553336600506,0.0517405459873163,-0.214292696465356,-0.83835730576826,82,"reactome","Gm2a; Abcg2; Galc; Smpd3; Sphk2; Plpp2; Arsb; Gba2; Ctsa; Arsg; Sptssa; Glb1; Spns2; Gal3st1; Smpd2; Arsa; Aldh3b1; Kdsr; St3gal3; Sptlc2; Ormdl3","liver","MHU-2","GLDS-617","Stat_(Space Flight & uG)v(Ground Control & 1G on Earth)",1,"flight_positive"
"REACTOME_SPRY_REGULATION_OF_FGF_SIGNALING",0.669438669438669,0.891698542147806,0.0662842187012672,0.298051324457605,0.852565001161775,16,"reactome","Ubb; Ptpn11; Mknk1; Ppp2ca; Mapk1; Braf; Ppp2r1a","liver","MHU-2","GLDS-617","Stat_(Space Flight & uG)v(Ground Control & 1G on Earth)",1,"flight_positive"
"REACTOME_SRP_DEPENDENT_COTRANSLATIONAL_PROTEIN_TARGETING_TO_MEMBRANE",4.05667846721625e-09,4.13375535809336e-07,0.761460801445585,-0.561843509549423,-2.26922551105214,100,"reactome","Rpl36al; Sec61b; Ssr4; Rps24; Rpl36a; Rpl22l1; Rpl26; Rpl15; Sec61g; Rpl12; Rpl27; Rpsa; Rps17; Rps12; Rplp0; Spcs1; Rplp1; Rpl31; Rpl35a; Rpl13a; Rps20; Rps27l; Rpl39; Rpl17; Rps7; Rps14; Rpl23; Rpl3; Rps9; Rps21; Rpn2; Rpl19; Rps16; Rpl10a; Rps10; Rps15; Rps27a; Rpl38; Rpl29; Rps3a1; Rpl18; Uba52; Rps6; Rpl13; Rpl35; Rpl30; Rps11; Rpl8; Rps29; Rpl32; Rpl21; Rpl7; Rps23; Rpl10; Rpl7a; Rpl6; Rps4x; Rpn1; Rpl27a; Rpl37a; Rps3; Rps15a; Rpl22; Rps26; Rpl4; Rps2; Rps18; Rps13; Rps28; Rps19; Rpl36; Rpl28; Rps25; Srp14; Rplp2; Rpl24; Rpl18a","liver","MHU-2","GLDS-617","Stat_(Space Flight & uG)v(Ground Control & 1G on Earth)",1,"flight_positive"
"REACTOME_STABILIZATION_OF_P53",1.35944656322851e-07,4.61758682643284e-06,0.690132458796796,0.657159358801495,2.37639877686018,43,"reactome","Psmd11; Psmd1; Psmd3; Psmd2; Psmc4; Ubb; Adrm1; Psmc1; Psmc2; Psmc5; Psmd7; Psmd14; Psmd12; Psma1; Psma7; Psmc6; Psma5; Psmd6; Psmc3; Psmb4; Mdm2; Psmb2; Psmd13; Psma6","liver","MHU-2","GLDS-617","Stat_(Space Flight & uG)v(Ground Control & 1G on Earth)",1,"flight_positive"
"REACTOME_STIMULI_SENSING_CHANNELS",0.768270944741533,0.941553336600506,0.0524827622635459,-0.224993877775874,-0.825003500264993,54,"reactome","Ttyh1; Tsc22d3; Ano8; Sri; Nedd4l; Mcoln1; Ano10; Rps27a; Clcn6; Ubc; Clcn2; Uba52; Stom","liver","MHU-2","GLDS-617","Stat_(Space Flight & uG)v(Ground Control & 1G on Earth)",1,"flight_positive"
"REACTOME_STING_MEDIATED_INDUCTION_OF_HOST_IMMUNE_RESPONSES",0.780346820809249,0.941553336600506,0.0553642837725362,-0.282290196112595,-0.756240198994442,15,"reactome","Stat6; Dtx4; Xrcc5","liver","MHU-2","GLDS-617","Stat_(Space Flight & uG)v(Ground Control & 1G on Earth)",1,"flight_positive"
"REACTOME_SULFUR_AMINO_ACID_METABOLISM",0.196162046908316,0.474643645309504,0.143758989039275,0.381851138081694,1.23131892025933,27,"reactome","Mat1a; Fmo1; Cbs; Suox; Cdo1; Cth; Mtrr; Ado; Ahcy; Sqor","liver","MHU-2","GLDS-617","Stat_(Space Flight & uG)v(Ground Control & 1G on Earth)",1,"flight_positive"
"REACTOME_SUMOYLATION",0.409669211195929,0.718507618259297,0.104343952581949,0.21802303264961,1.02023546317415,170,"reactome","Ddx17; Hipk2; Mdc1; Nrip1; Dnmt3b; Ranbp2; Senp2; Rad52; Tdg; Mbd1; Pias1; Phc3; Ar; Trp53bp1; Eif2ak2; Nr1h2; Rxra; Senp5; Mdm2; Sin3a; Nup50; Wrn; Ep300; Seh1l; Topors; Nr4a2; Hdac4; Sumo3; Ikbkg; H4c16; Stag1; Rae1; Nup188; Ring1; Blm; Nup62; Pias2; Ncoa2; Nup98; L3mbtl2; Rnf168; Mrtfa; H4c12; Ncoa1; Hnrnpc; Ikbke; Nup93; Nup88; Herc2; Xrcc4; Trim27; Aurka; Top1; Sumo2; Nr3c1; Pml; Nup205; Nup133; Nup43; Parp1; Smc3","liver","MHU-2","GLDS-617","Stat_(Space Flight & uG)v(Ground Control & 1G on Earth)",1,"flight_positive"
"REACTOME_SUMOYLATION_OF_CHROMATIN_ORGANIZATION_PROTEINS",0.981776765375854,1,0.0524827622635459,0.169547032560777,0.657317629522144,62,"reactome","Ranbp2; Pias1; Phc3; Nup50; Seh1l; Hdac4; Sumo3; H4c16; Rae1; Nup188; Ring1; Nup62; Pias2; Nup98; L3mbtl2; H4c12; Nup93; Nup88; Sumo2; Nup205; Nup133; Nup43; Tpr","liver","MHU-2","GLDS-617","Stat_(Space Flight & uG)v(Ground Control & 1G on Earth)",1,"flight_positive"
"REACTOME_SUMOYLATION_OF_DNA_DAMAGE_RESPONSE_AND_REPAIR_PROTEINS",0.721461187214612,0.914389241009564,0.0672065093710464,0.212773092097288,0.860108371342549,73,"reactome","Mdc1; Ranbp2; Rad52; Tdg; Pias1; Phc3; Nup50; Wrn; Seh1l; Sumo3; Stag1; Rae1; Nup188; Ring1; Blm; Nup62; Pias2; Nup98; Rnf168; Nup93; Nup88; Herc2; Xrcc4; Sumo2; Pml; Nup205; Nup133; Nup43; Parp1; Smc3; Tpr","liver","MHU-2","GLDS-617","Stat_(Space Flight & uG)v(Ground Control & 1G on Earth)",1,"flight_positive"
"REACTOME_SUMOYLATION_OF_DNA_METHYLATION_PROTEINS",0.777351247600768,0.941553336600506,0.0553642837725362,-0.277650663446464,-0.756655831645125,16,"reactome","Cbx4; Sumo1; Cbx2; Dnmt1","liver","MHU-2","GLDS-617","Stat_(Space Flight & uG)v(Ground Control & 1G on Earth)",1,"flight_positive"
"REACTOME_SUMOYLATION_OF_DNA_REPLICATION_PROTEINS",0.491039426523298,0.788631868604351,0.0743625384422526,-0.277599682329986,-0.969480855718372,43,"reactome","Top2b; Nup210; Top2a; Sumo1; Ndc1; Nup107; Rangap1; Nup85; Birc5; Pcna; Nup160; Aurkb; Nup54; Incenp; Cdca8; Nup37","liver","MHU-2","GLDS-617","Stat_(Space Flight & uG)v(Ground Control & 1G on Earth)",1,"flight_positive"
"REACTOME_SUMOYLATION_OF_INTRACELLULAR_RECEPTORS",0.814498933901919,0.958610106051154,0.0580983576873206,0.240066023961997,0.774117995040767,27,"reactome","Pias1; Ar; Nr1h2; Rxra; Nr4a2; Hdac4; Sumo3","liver","MHU-2","GLDS-617","Stat_(Space Flight & uG)v(Ground Control & 1G on Earth)",1,"flight_positive"
"REACTOME_SUMOYLATION_OF_RNA_BINDING_PROTEINS",0.98868778280543,1,0.0518457624865066,0.155318800834778,0.563034183801015,44,"reactome","Ranbp2; Phc3; Nup50; Seh1l; Rae1; Nup188; Ring1; Nup62; Nup98; Hnrnpc; Nup93; Nup88; Sumo2; Nup205; Nup133; Nup43; Tpr; Nop58","liver","MHU-2","GLDS-617","Stat_(Space Flight & uG)v(Ground Control & 1G on Earth)",1,"flight_positive"
"REACTOME_SUMOYLATION_OF_SUMOYLATION_PROTEINS",0.894190871369295,0.990413584701425,0.0524827622635459,0.209736443392763,0.716482375983985,32,"reactome","Ranbp2; Nup50; Seh1l; Topors; Rae1; Nup188; Nup62; Nup98; Nup93; Nup88; Sumo2; Nup205; Nup133; Nup43; Tpr","liver","MHU-2","GLDS-617","Stat_(Space Flight & uG)v(Ground Control & 1G on Earth)",1,"flight_positive"
"REACTOME_SUMOYLATION_OF_TRANSCRIPTION_COFACTORS",0.0340169921763497,0.149438261769595,0.321775918075361,0.406173376113546,1.4637227786456,42,"reactome","Ddx17; Hipk2; Nrip1; Mbd1; Pias1; Phc3; Sin3a; Ep300; Topors; Sumo3; Ring1; Pias2; Ncoa2; Mrtfa; Ncoa1","liver","MHU-2","GLDS-617","Stat_(Space Flight & uG)v(Ground Control & 1G on Earth)",1,"flight_positive"
"REACTOME_SUMOYLATION_OF_TRANSCRIPTION_FACTORS",0.273291925465839,0.576367733775141,0.117249716749792,0.409602161077281,1.14729434059462,15,"reactome","Pias1; Trp53bp1; Mdm2; Sumo3; Pias2; Sumo2","liver","MHU-2","GLDS-617","Stat_(Space Flight & uG)v(Ground Control & 1G on Earth)",1,"flight_positive"
"REACTOME_SUMOYLATION_OF_UBIQUITINYLATION_PROTEINS",0.704194260485651,0.907553302619039,0.0667426134241917,0.246535530460617,0.860017279150355,36,"reactome","Ranbp2; Pias1; Mdm2; Nup50; Seh1l; Rae1; Nup188; Nup62; Pias2; Nup98; Nup93; Nup88; Trim27; Pml; Nup205; Nup133; Nup43; Tpr","liver","MHU-2","GLDS-617","Stat_(Space Flight & uG)v(Ground Control & 1G on Earth)",1,"flight_positive"
"REACTOME_SURFACTANT_METABOLISM",0.632034632034632,0.876940641521345,0.0711327399327894,0.301971224850778,0.869226471991351,17,"reactome","Sftpa1; Adgrf5; Ctsh; Csf2rb2; Ckap4; Lmcd1; Adora2a","liver","MHU-2","GLDS-617","Stat_(Space Flight & uG)v(Ground Control & 1G on Earth)",1,"flight_positive"
"REACTOME_SWITCHING_OF_ORIGINS_TO_A_POST_REPLICATIVE_STATE",0.00118730793923711,0.00952651015813084,0.45505986738723,0.422056766359502,1.73007948868554,77,"reactome","Psmd11; Psmd1; Psmd3; Psmd2; Psmc4; Ubb; Adrm1; Psmc1; Psmc2; Cdc27; Psmc5; Psmd7; Psmd14; Psmd12; Psma1; Psma7; Psmc6; Cul1; Orc2; Psma5; Anapc1; Psmd6; Anapc7; Psmc3; Psmb4","liver","MHU-2","GLDS-617","Stat_(Space Flight & uG)v(Ground Control & 1G on Earth)",1,"flight_positive"
"REACTOME_SYNAPTIC_ADHESION_LIKE_MOLECULES",0.520231213872832,0.809084837488212,0.0751181635276301,-0.353692769945613,-0.947523840395359,15,"reactome","Dlg4; Gria3; Dlg3; Lrfn3; Lrfn4; Grin2b","liver","MHU-2","GLDS-617","Stat_(Space Flight & uG)v(Ground Control & 1G on Earth)",1,"flight_positive"
"REACTOME_SYNDECAN_INTERACTIONS",0.112570356472795,0.351567340731144,0.181383128498408,-0.431276720038639,-1.34710884874959,27,"reactome","Col1a1; Itgav; Col1a2; Col5a2; Thbs1; Col5a3; Col3a1","liver","MHU-2","GLDS-617","Stat_(Space Flight & uG)v(Ground Control & 1G on Earth)",1,"flight_positive"
"REACTOME_SYNTHESIS_OF_ACTIVE_UBIQUITIN_ROLES_OF_E1_AND_E2_ENZYMES",0.502164502164502,0.793342058458337,0.083129129135339,0.291421491337193,0.96314540793837,30,"reactome","Ubb; Ube2z; Usp7; Otulin; Usp5; Ube2g2; Usp9x; Ube2l3; Ube2d2a","liver","MHU-2","GLDS-617","Stat_(Space Flight & uG)v(Ground Control & 1G on Earth)",1,"flight_positive"
"REACTOME_SYNTHESIS_OF_BILE_ACIDS_AND_BILE_SALTS",0.274891774891775,0.576367733775141,0.119887845115423,0.341949117074921,1.13013875657583,30,"reactome","Cyp39a1; Akr1d1; Osbp; Rxra; Akr1c20; Hsd3b7; Abcb11","liver","MHU-2","GLDS-617","Stat_(Space Flight & uG)v(Ground Control & 1G on Earth)",1,"flight_positive"
"REACTOME_SYNTHESIS_OF_BILE_ACIDS_AND_BILE_SALTS_VIA_7ALPHA_HYDROXYCHOLESTEROL",0.500941619585687,0.793342058458337,0.0758886900606117,-0.326837157192094,-0.9677300074588,22,"reactome","Cyp27a1; Cyp7b1; Amacr","liver","MHU-2","GLDS-617","Stat_(Space Flight & uG)v(Ground Control & 1G on Earth)",1,"flight_positive"
"REACTOME_SYNTHESIS_OF_DNA",0.014099078980453,0.0744402149278839,0.380730400722792,0.330182222564033,1.44115360075593,106,"reactome","Psmd11; Psmd1; Psmd3; Psmd2; Psmc4; Ubb; Adrm1; Psmc1; Psmc2; Cdc27; Psmc5; Psmd7; Psmd14; Psmd12; Psma1; Prim1; Psma7; Psmc6; Cul1; Orc2; Psma5; Anapc1; Psmd6; Anapc7; Psmc3; Psmb4; Psmb2; Psmd13; Rfc1; Psma6","liver","MHU-2","GLDS-617","Stat_(Space Flight & uG)v(Ground Control & 1G on Earth)",1,"flight_positive"
"REACTOME_SYNTHESIS_OF_GLYCOSYLPHOSPHATIDYLINOSITOL_GPI",0.707407407407407,0.907869204216811,0.0580983576873206,-0.290157033441488,-0.809455510204195,17,"reactome","Pigp; Pigx; Pigq; Pigyl","liver","MHU-2","GLDS-617","Stat_(Space Flight & uG)v(Ground Control & 1G on Earth)",1,"flight_positive"
"REACTOME_SYNTHESIS_OF_IP3_AND_IP4_IN_THE_CYTOSOL",0.102420856610801,0.332378512377089,0.190023305279108,-0.462165935407297,-1.38188060007628,23,"reactome","Inppl1; Plce1; Itpka; Plcd3; Plcb1","liver","MHU-2","GLDS-617","Stat_(Space Flight & uG)v(Ground Control & 1G on Earth)",1,"flight_positive"
"REACTOME_SYNTHESIS_OF_PA",0.552044609665427,0.830353959765724,0.0702812841717392,-0.294593617714043,-0.928924363117633,28,"reactome","Gpam; Agpat2; Gpd1; Miga2; Agpat4; Gpat2; Gpd2; Ddhd2; Miga1; Pla2g4b; Lpcat4; Agpat5","liver","MHU-2","GLDS-617","Stat_(Space Flight & uG)v(Ground Control & 1G on Earth)",1,"flight_positive"
"REACTOME_SYNTHESIS_OF_PC",0.68763557483731,0.90134997622327,0.0670512579829467,0.263249673569484,0.83438932736616,25,"reactome","Cept1; Bche; Chpt1; Abhd3; Lpcat1; Csnk2a2; Csnk2a1; Pcyt1a","liver","MHU-2","GLDS-617","Stat_(Space Flight & uG)v(Ground Control & 1G on Earth)",1,"flight_positive"
"REACTOME_SYNTHESIS_OF_PIPS_AT_THE_EARLY_ENDOSOME_MEMBRANE",0.459459459459459,0.762523109428647,0.0857844408075645,0.346956566305349,0.992456671325012,16,"reactome","Mtmr2; Mtmr4; Pikfyve; Mtmr10; Mtm1; Inpp5f; Inpp4b","liver","MHU-2","GLDS-617","Stat_(Space Flight & uG)v(Ground Control & 1G on Earth)",1,"flight_positive"
"REACTOME_SYNTHESIS_OF_PIPS_AT_THE_GOLGI_MEMBRANE",0.168905950095969,0.453788289101523,0.147331213699377,-0.475377341489776,-1.29550217242521,16,"reactome","Inpp5e; Vac14; Fig4; Pi4kb; Pi4k2b; Pi4ka","liver","MHU-2","GLDS-617","Stat_(Space Flight & uG)v(Ground Control & 1G on Earth)",1,"flight_positive"
"REACTOME_SYNTHESIS_OF_PIPS_AT_THE_PLASMA_MEMBRANE",0.0634920634920635,0.239623750734862,0.271288554688953,0.365374814228536,1.35582745365858,49,"reactome","Mtmr9; Pik3r2; Mtmr2; Pip5k1c; Plekha2; Pip4k2b; Pik3r1; Pik3cd; Pip4k2a; Inpp5k; Rab5a; Mtmr14; Pik3ca; Mtm1; Synj1; Mtmr6; Rab14; Mtmr3; Inpp4b; Rufy1","liver","MHU-2","GLDS-617","Stat_(Space Flight & uG)v(Ground Control & 1G on Earth)",1,"flight_positive"
"REACTOME_SYNTHESIS_OF_SUBSTRATES_IN_N_GLYCAN_BIOSYTHESIS",0.218181818181818,0.511097178683386,0.140406238523342,0.304944427867528,1.16866287541808,57,"reactome","St6galnac3; St3gal1; St6gal1; Nus1; Gmppb; Gnpnat1; Hk1; Nans; St3gal4; Uap1; Gfpt1; Gmppa; St3gal6; Fpgt; Gmds; Neu2","liver","MHU-2","GLDS-617","Stat_(Space Flight & uG)v(Ground Control & 1G on Earth)",1,"flight_positive"
"REACTOME_SYNTHESIS_OF_VERY_LONG_CHAIN_FATTY_ACYL_COAS",3.76365337975161e-09,4.13375535809336e-07,0.761460801445585,-0.862439306372837,-2.45362517300234,18,"reactome","Elovl6; Elovl5; Acsl5; Elovl3; Elovl1; Tecr; Hsd17b12; Elovl2; Hacd1; Hacd2; Acsl4","liver","MHU-2","GLDS-617","Stat_(Space Flight & uG)v(Ground Control & 1G on Earth)",1,"flight_positive"
"REACTOME_S_PHASE",0.0511409311608001,0.207619955589065,0.321775918075361,0.275716252382331,1.26166000106749,148,"reactome","Psmd11; Psmd1; Psmd3; Psmd2; Psmc4; Ubb; Adrm1; Psmc1; Psmc2; Cdc27; Psmc5; Psmd7; Psmd14; Psmd12; Psma1; Prim1; Psma7; Psmc6; Cul1; Orc2; Lin54; Wapl; Psma5; Anapc1; Psmd6; Anapc7; Psmc3; Psmb4; Ptk6; Psmb2; Psmd13; Rfc1; Psma6; Cables1; Cdc26; Pds5a; Cdk7","liver","MHU-2","GLDS-617","Stat_(Space Flight & uG)v(Ground Control & 1G on Earth)",1,"flight_positive"
"REACTOME_TAK1_DEPENDENT_IKK_AND_NF_KAPPA_B_ACTIVATION",0.496415770609319,0.791623897106254,0.0738052724171275,-0.27625622001228,-0.964788987966712,43,"reactome","Saa2; Ube2n; Nlrx1; Tifa; Saa1; Hmgb1; Rps27a; Ikbip; Ubc; Nfkb2; Nlrc5; Uba52","liver","MHU-2","GLDS-617","Stat_(Space Flight & uG)v(Ground Control & 1G on Earth)",1,"flight_positive"
"REACTOME_TBC_RABGAPS",0.558928571428571,0.832004354618801,0.0676760401641789,-0.262414196956528,-0.913300684964725,42,"reactome","Rab4a; Sytl1; Ulk1; Tbc1d13; Gabarapl2; Tbc1d14; Rab7b; Tsc2; Rab5c; Tbc1d10b","liver","MHU-2","GLDS-617","Stat_(Space Flight & uG)v(Ground Control & 1G on Earth)",1,"flight_positive"
"REACTOME_TCF_DEPENDENT_SIGNALING_IN_RESPONSE_TO_WNT",0.00161157137327472,0.0124408426467193,0.45505986738723,0.331959194317919,1.54251207329708,166,"reactome","Psmd11; Psmd1; Psmd3; Usp34; Psmd2; Psmc4; Cdc73; Ubb; Adrm1; Psmc1; Psmc2; Psmc5; Psmd7; Chd8; Ppp2r1b; Psmd14; Apc; Psmd12; Psma1; Psma7; Psmc6; Ppp2r5e; Psma5; Klhl12; Axin1; Lrp6; Psmd6; Znrf3; Sox6; Psmc3; Psmb4; Dvl3; Psmb2; Ep300; Smarca4; Psmd13; Psma6; Ppp2r5c; H2ac18; H4c16; Ccdc88c; Ppp2ca; Fzd1; Psma2; Csnk2a2; Smurf2; Csnk2a1","liver","MHU-2","GLDS-617","Stat_(Space Flight & uG)v(Ground Control & 1G on Earth)",1,"flight_positive"
"REACTOME_TCR_SIGNALING",8.62959785815972e-06,0.000125622288820925,0.593325476396405,0.459868125607278,1.95142717606687,94,"reactome","Psmd11; Psmd1; Psmd3; Psmd2; Psmc4; Pik3r2; Ubb; Adrm1; Psmc1; Psmc2; Traf6; Psmc5; Psmd7; Psmd14; Psmd12; Psma1; Psma7; Psmc6; Cul1; Pdpk1; Psma5; Psmd6; Map3k7; Psmc3; Psmb4; Psmb2; Psmd13; Pik3r1; Lcp2; Psma6; Ikbkg; Tab2; Cd3d; Psma2; Ube2d2a; Ptprc","liver","MHU-2","GLDS-617","Stat_(Space Flight & uG)v(Ground Control & 1G on Earth)",1,"flight_positive"
"REACTOME_TELOMERE_C_STRAND_LAGGING_STRAND_SYNTHESIS",0.14018691588785,0.404675544730084,0.160801401070022,-0.395529701019147,-1.29715564628943,33,"reactome","Rpa1; Stn1; Ten1; Rpa3; Pold4; Chtf18; Rfc2; Pold2; Pold1; Pola2; Pold3; Pcna; Dna2","liver","MHU-2","GLDS-617","Stat_(Space Flight & uG)v(Ground Control & 1G on Earth)",1,"flight_positive"
"REACTOME_TELOMERE_EXTENSION_BY_TELOMERASE",0.595785440613027,0.851480173891549,0.0679922591544058,-0.304809659975295,-0.891610173931659,21,"reactome","Cdk2; Nop10; Nhp2; Ccna2; Ruvbl2","liver","MHU-2","GLDS-617","Stat_(Space Flight & uG)v(Ground Control & 1G on Earth)",1,"flight_positive"
"REACTOME_TELOMERE_MAINTENANCE",0.122994652406417,0.370803404740056,0.16823816568964,-0.312904084552128,-1.22414543106659,82,"reactome","Rpa1; Cdk2; Stn1; Polr2f; Ten1; Nop10; Nhp2; Rpa3; H2bc21; Pold4; H2az2; Polr2l; Chtf18; H3f3a; Rfc2; Pold2; H2ac19; Ccna2; Pold1; Pola2; Pold3; Pcna; Ruvbl2; Dna2; Polr2d","liver","MHU-2","GLDS-617","Stat_(Space Flight & uG)v(Ground Control & 1G on Earth)",1,"flight_positive"
"REACTOME_TERMINATION_OF_TRANSLESION_DNA_SYNTHESIS",0.00923297630846724,0.0543838315510296,0.380730400722792,-0.51180787407352,-1.65292879858744,32,"reactome","Rpa1; Pole2; Pclaf; Rpa3; Poli; Pold4; Ube2l6; Usp10; Rps27a; Ubc; Uba52; Rfc2; Pold2; Pold1; Pold3; Pcna; Uba7; Rev1; Polk; Pole","liver","MHU-2","GLDS-617","Stat_(Space Flight & uG)v(Ground Control & 1G on Earth)",1,"flight_positive"
"REACTOME_TGFBR3_EXPRESSION",0.567049808429119,0.833800511961431,0.0704500850658419,-0.311547753444233,-0.911320023974777,21,"reactome","Mov10; Mycn; Ago4; Rara; Tcf3; Klf16; Smad3","liver","MHU-2","GLDS-617","Stat_(Space Flight & uG)v(Ground Control & 1G on Earth)",1,"flight_positive"
"REACTOME_TGF_BETA_RECEPTOR_SIGNALING_ACTIVATES_SMADS",0.25673249551167,0.559458095916429,0.111918316325105,-0.326629818548204,-1.151359871882,45,"reactome","Itgav; Tgfbr2; Ltbp4; Ltbp1; Nedd8; Nedd4l; Fkbp1a; Zfyve9; Rps27a; Ubc; Uba52; Smurf1; Smad3; Xpo1; Itgb5","liver","MHU-2","GLDS-617","Stat_(Space Flight & uG)v(Ground Control & 1G on Earth)",1,"flight_positive"
"REACTOME_TGF_BETA_RECEPTOR_SIGNALING_IN_EMT_EPITHELIAL_TO_MESENCHYMAL_TRANSITION",0.232245681381958,0.524741351060344,0.123257226381337,-0.445720940912666,-1.21468230992702,16,"reactome","Tgfbr2; F11r; Fkbp1a; Rps27a; Ubc; Uba52; Smurf1; Pard3","liver","MHU-2","GLDS-617","Stat_(Space Flight & uG)v(Ground Control & 1G on Earth)",1,"flight_positive"
"REACTOME_THE_NLRP3_INFLAMMASOME",0.230769230769231,0.522564102564103,0.129442887745046,0.421256731302853,1.20498959790299,16,"reactome","Txnip; Pycard; Hmox1; Panx1; Nlrp3; Mefv; Sugt1","liver","MHU-2","GLDS-617","Stat_(Space Flight & uG)v(Ground Control & 1G on Earth)",1,"flight_positive"
"REACTOME_THE_PHOTOTRANSDUCTION_CASCADE",0.233193277310924,0.525716702610248,0.129442887745046,0.402551484696615,1.21490712588104,20,"reactome","Nmt1; Grk4; Prkca; Camkmt; Metap1; Rgs9; Metap2","liver","MHU-2","GLDS-617","Stat_(Space Flight & uG)v(Ground Control & 1G on Earth)",1,"flight_positive"
"REACTOME_THE_ROLE_OF_GTSE1_IN_G2_M_PROGRESSION_AFTER_G2_CHECKPOINT",7.41881329150053e-08,3.16186680966018e-06,0.704975715167238,0.604998308180434,2.31858331501754,57,"reactome","Psmd11; Mapre1; Psmd1; Psmd3; Tubb4b; Psmd2; Psmc4; Tuba4a; Ubb; Tuba1c; Adrm1; Psmc1; Psmc2; Psmc5; Psmd7; Psmd14; Psmd12; Psma1; Psma7; Psmc6; Psma5; Psmd6; Psmc3; Psmb4; Psmb2; Psmd13; Tubb2a; Psma6","liver","MHU-2","GLDS-617","Stat_(Space Flight & uG)v(Ground Control & 1G on Earth)",1,"flight_positive"
"REACTOME_THE_ROLE_OF_NEF_IN_HIV_1_REPLICATION_AND_DISEASE_PATHOGENESIS",0.219512195121951,0.513034235846946,0.12563992130984,-0.382615529698419,-1.1951138138863,27,"reactome","H2-Q10; Ap1s1; Cd4; Pacs1; Ap1s2","liver","MHU-2","GLDS-617","Stat_(Space Flight & uG)v(Ground Control & 1G on Earth)",1,"flight_positive"
"REACTOME_THROMBIN_SIGNALLING_THROUGH_PROTEINASE_ACTIVATED_RECEPTORS_PARS",0.683918669131238,0.898083922480325,0.0596037042575973,-0.276751888560756,-0.85173528701652,25,"reactome","F2r; Gng2; Src; Gnb4; Gng10; Gng11; Gna13; Gng5; Gngt2; F2","liver","MHU-2","GLDS-617","Stat_(Space Flight & uG)v(Ground Control & 1G on Earth)",1,"flight_positive"
"REACTOME_THROMBOXANE_SIGNALLING_THROUGH_TP_RECEPTOR",0.822519083969466,0.958610106051154,0.0524827622635459,-0.259339951531521,-0.740528454261479,19,"reactome","Gng2; Gnb4; Gng10; Gng11; Gna13; Gng5; Gngt2","liver","MHU-2","GLDS-617","Stat_(Space Flight & uG)v(Ground Control & 1G on Earth)",1,"flight_positive"
"REACTOME_TICAM1_RIP1_MEDIATED_IKK_COMPLEX_RECRUITMENT",0.822519083969466,0.958610106051154,0.0524827622635459,-0.259285926217799,-0.740374188473177,19,"reactome","Birc3; Ube2n; Tlr3; Rps27a; Ubc; Uba52","liver","MHU-2","GLDS-617","Stat_(Space Flight & uG)v(Ground Control & 1G on Earth)",1,"flight_positive"
"REACTOME_TIE2_SIGNALING",0.363636363636364,0.674946183142904,0.101713902282311,0.375423876540086,1.08066048964604,17,"reactome","Pik3r2; Shc1; Ptpn11; Kras; Pik3r1; Pik3ca; Nras; Tek","liver","MHU-2","GLDS-617","Stat_(Space Flight & uG)v(Ground Control & 1G on Earth)",1,"flight_positive"
"REACTOME_TIGHT_JUNCTION_INTERACTIONS",0.221757322175732,0.513569798402434,0.132846300606183,0.408680592423771,1.22964028818075,19,"reactome","Patj; Cldn2; Cldn8; Pard6a; Pals1; Cldn5","liver","MHU-2","GLDS-617","Stat_(Space Flight & uG)v(Ground Control & 1G on Earth)",1,"flight_positive"
"REACTOME_TNFR1_INDUCED_NF_KAPPA_B_SIGNALING_PATHWAY",0.573875802997859,0.841108277910675,0.0755015292281669,0.268548068637744,0.916907165348335,33,"reactome","Ubb; Otud7b; Usp4; Cyld; Map3k7; Tab3; Ikbkg; Tab1; Tab2; Traf1; Birc2; Ripk1; Tnfrsf1a; Chuk; Tnf","liver","MHU-2","GLDS-617","Stat_(Space Flight & uG)v(Ground Control & 1G on Earth)",1,"flight_positive"
"REACTOME_TNFR1_INDUCED_PROAPOPTOTIC_SIGNALING",0.824295010845987,0.958854584534316,0.0583452776743612,0.235281086947634,0.745740821700956,25,"reactome","Otud7b; Tbk1; Usp4; Cyld; Ikbke; Birc2; Ripk1; Tnfrsf1a; Tnf","liver","MHU-2","GLDS-617","Stat_(Space Flight & uG)v(Ground Control & 1G on Earth)",1,"flight_positive"
"REACTOME_TNFR2_NON_CANONICAL_NF_KB_PATHWAY",1.65947327829361e-05,0.000208765835874221,0.575610261071129,0.49229551633022,1.98953117341046,72,"reactome","Psmd11; Psmd1; Psmd3; Psmd2; Psmc4; Ubb; Adrm1; Psmc1; Psmc2; Psmc5; Psmd7; Psmd14; Psmd12; Psma1; Psma7; Psmc6; Cul1; Cd27; Psma5; Psmd6; Psmc3; Psmb4; Psmb2; Psmd13; Uba3; Psma6","liver","MHU-2","GLDS-617","Stat_(Space Flight & uG)v(Ground Control & 1G on Earth)",1,"flight_positive"
"REACTOME_TNFS_BIND_THEIR_PHYSIOLOGICAL_RECEPTORS",0.975155279503106,1,0.0484087618816951,0.198222790087338,0.555221399823548,15,"reactome","Cd27; Eda; Tnfsf13b; Tnfrsf4; Tnfrsf1a","liver","MHU-2","GLDS-617","Stat_(Space Flight & uG)v(Ground Control & 1G on Earth)",1,"flight_positive"
"REACTOME_TNF_SIGNALING",0.434090909090909,0.737231060606061,0.0940503465727813,0.264544146321161,1.01383365118911,57,"reactome","Cflar; Ubb; Otulin; Otud7b; Tbk1; Usp4; Cyld; Map3k7; Tab3; Ikbkg; Ube2l3; Tab1; Tab2; Ube2d2a; Clip3; Traf1; Ikbke; Birc2; Ripk1; Bag4; Tnfrsf1a; Ube2d3; Chuk; Tnf","liver","MHU-2","GLDS-617","Stat_(Space Flight & uG)v(Ground Control & 1G on Earth)",1,"flight_positive"
"REACTOME_TOLL_LIKE_RECEPTOR_9_TLR9_CASCADE",0.188235294117647,0.46536496256021,0.155241966228839,0.261342551520785,1.1406875761819,106,"reactome","Ubb; Jun; Traf6; Ppp2r1b; Rbsn; Irak2; Atf2; Dusp4; Cul1; Rps6ka2; Dusp3; Map2k7; Ly96; Atf1; N4bp1; Map3k7; Tab3; Mef2c; Mapk9; Rps6ka3; Map2k4; Ticam2; Dusp6; Ikbkg; Ticam1; Tab1; Ppp2ca; Tab2; Mapk1; Usp14; Fos; Creb1; Ube2v1; Peli1; Skp1; Mapkapk3","liver","MHU-2","GLDS-617","Stat_(Space Flight & uG)v(Ground Control & 1G on Earth)",1,"flight_positive"
"REACTOME_TOLL_LIKE_RECEPTOR_CASCADES",0.00440635286748213,0.0293468860912699,0.407017918923954,0.32001672525988,1.48192072637566,162,"reactome","Lbp; Hsp90b1; Cd36; Cnpy3; Ubb; Apob; Jun; Traf6; Ppp2r1b; Fga; Rbsn; Irak2; Sftpa1; Atf2; Dusp4; Cul1; Rps6ka2; Dusp3; Map2k7; Ly96; Atf1; Tbk1; Tlr6; N4bp1; Map3k7; Tab3; Mef2c; Sigirr; Ptpn11; Mapk9; Rps6ka3; Map2k4; Ticam2; Dusp6; Fgg; Ikbkg; Ticam1; Tab1; Ppp2ca; Tab2; Ube2d2a; Irak3; Mapk1; Usp14; Fgb; Fos; Ptpn4; Creb1; Ube2v1; Peli1; Ikbke; Birc2; Skp1; Traf3; Mapkapk3; Itgam; Dnm3; Ripk1; Ppp2r1a; Vrk3; Ube2d3; Irf3; Chuk","liver","MHU-2","GLDS-617","Stat_(Space Flight & uG)v(Ground Control & 1G on Earth)",1,"flight_positive"
"REACTOME_TOLL_LIKE_RECEPTOR_TLR1_TLR2_CASCADE",0.0125523409007813,0.0676763776608263,0.380730400722792,0.329728461650737,1.45294141485303,111,"reactome","Cd36; Ubb; Jun; Traf6; Ppp2r1b; Fga; Irak2; Sftpa1; Atf2; Dusp4; Cul1; Rps6ka2; Dusp3; Map2k7; Ly96; Atf1; Tlr6; N4bp1; Map3k7; Tab3; Mef2c; Sigirr; Mapk9; Rps6ka3; Map2k4; Dusp6; Fgg; Ikbkg; Tab1; Ppp2ca; Tab2; Irak3; Mapk1; Usp14; Fgb; Fos; Creb1; Ube2v1; Peli1; Skp1; Mapkapk3","liver","MHU-2","GLDS-617","Stat_(Space Flight & uG)v(Ground Control & 1G on Earth)",1,"flight_positive"
"REACTOME_TP53_REGULATES_METABOLIC_GENES",0.00344745367900879,0.0243955229090969,0.431707695803346,-0.425767974537989,-1.64794110656057,73,"reactome","Gpi1; Cycs; Mov10; Cox5a; Cox7a2; G6pdx; Lamtor4; Sesn1; Cox7a1; Gls2; Ago4; Cox6c; Ddit4; Cox5b; Ndufa4; Cox7c; Cox6a1; Cox7b; Prdx5; Cox6b1; Tsc2; Ywhah; Cox8a; Cox4i1; Tnrc6c","liver","MHU-2","GLDS-617","Stat_(Space Flight & uG)v(Ground Control & 1G on Earth)",1,"flight_positive"
"REACTOME_TP53_REGULATES_TRANSCRIPTION_OF_ADDITIONAL_CELL_CYCLE_GENES_WHOSE_EXACT_ROLE_IN_THE_P53_PATHWAY_REMAIN_UNCERTAIN",0.907949790794979,1,0.0521630305460055,0.222790680269793,0.670333755430366,19,"reactome","Cnot1; Cnot10; Cnot4; Cnot2; Cnot9; Cnot6l; Cnot11; Plk3","liver","MHU-2","GLDS-617","Stat_(Space Flight & uG)v(Ground Control & 1G on Earth)",1,"flight_positive"
"REACTOME_TP53_REGULATES_TRANSCRIPTION_OF_CELL_CYCLE_GENES",0.666666666666667,0.891698542147806,0.0585937568945671,-0.245237745687892,-0.87169021277889,46,"reactome","Plk2; Cdk2; Cdk1; Tfdp2; Ccne1; Bax; Plagl1; Tnks1bp1; Ccna2; Pcna; Btg2; Cnot8; Ccnb1","liver","MHU-2","GLDS-617","Stat_(Space Flight & uG)v(Ground Control & 1G on Earth)",1,"flight_positive"
"REACTOME_TP53_REGULATES_TRANSCRIPTION_OF_CELL_DEATH_GENES",0.406871609403255,0.716065923975677,0.0847985102819124,-0.304256338705057,-1.0199289397488,35,"reactome","Bnip3l; Tmem219; Bbc3; Trp53bp2; Bax; Bcl6; Birc5; Apaf1; Ppp1r13b; Bid; Casp1; Prelid1; Igfbp3","liver","MHU-2","GLDS-617","Stat_(Space Flight & uG)v(Ground Control & 1G on Earth)",1,"flight_positive"
"REACTOME_TP53_REGULATES_TRANSCRIPTION_OF_DNA_REPAIR_GENES",0.919282511210762,1,0.0547939500773363,0.191609951579188,0.741284094204326,60,"reactome","Mdc1; Jun; Atf2; Cdk12; Polr2i; Eloa; Tcea1; Cdk7; Mlh1; Gtf2h3; Fos; Chek1; Polr2c; Nelfa; Gtf2h1; Ccnk","liver","MHU-2","GLDS-617","Stat_(Space Flight & uG)v(Ground Control & 1G on Earth)",1,"flight_positive"
"REACTOME_TP53_REGULATES_TRANSCRIPTION_OF_GENES_INVOLVED_IN_CYTOCHROME_C_RELEASE",0.403071017274472,0.711835990645905,0.0886261133285098,-0.380205168761713,-1.0361381982458,16,"reactome","Bnip3l; Bbc3; Trp53bp2; Bax; Ppp1r13b; Bid; Prelid1","liver","MHU-2","GLDS-617","Stat_(Space Flight & uG)v(Ground Control & 1G on Earth)",1,"flight_positive"
"REACTOME_TP53_REGULATES_TRANSCRIPTION_OF_GENES_INVOLVED_IN_G2_CELL_CYCLE_ARREST",0.598148148148148,0.852104427418235,0.066132620475844,-0.322477323323328,-0.8996199167876,17,"reactome","Cdk1; Tfdp2; Bax; Pcna; Ccnb1","liver","MHU-2","GLDS-617","Stat_(Space Flight & uG)v(Ground Control & 1G on Earth)",1,"flight_positive"
"REACTOME_TRAF6_MEDIATED_INDUCTION_OF_TAK1_COMPLEX_WITHIN_TLR4_COMPLEX",0.0346955225446888,0.150675627782065,0.321775918075361,0.550172180093682,1.57374756248555,16,"reactome","Ubb; Traf6; Irak2; Ly96; Map3k7; Tab3; Ticam2; Ticam1; Tab1; Tab2","liver","MHU-2","GLDS-617","Stat_(Space Flight & uG)v(Ground Control & 1G on Earth)",1,"flight_positive"
"REACTOME_TRAF6_MEDIATED_IRF7_ACTIVATION",0.846790890269151,0.969527996836253,0.0549073703290958,0.260759580896506,0.730386750478939,15,"reactome","Traf6; Tbk1; Ep300; Ikbke; Irf3; Rnf135; Tank; Crebbp; Sike1","liver","MHU-2","GLDS-617","Stat_(Space Flight & uG)v(Ground Control & 1G on Earth)",1,"flight_positive"
"REACTOME_TRAF6_MEDIATED_NF_KB_ACTIVATION",0.778398510242086,0.941553336600506,0.0538979025357319,-0.256657227868461,-0.76740758435219,23,"reactome","Saa2; Saa1; Hmgb1; Nfkb2; Ifih1; Nkiras2; Mavs; Rigi","liver","MHU-2","GLDS-617","Stat_(Space Flight & uG)v(Ground Control & 1G on Earth)",1,"flight_positive"
"REACTOME_TRAFFICKING_OF_AMPA_RECEPTORS",0.5625,0.832004354618801,0.0751181635276301,0.29546153567528,0.909724529763858,21,"reactome","Prkca; Ap2b1; Ap2a2; Nsf; Mdm2; Ap2m1; Akap5; Pick1","liver","MHU-2","GLDS-617","Stat_(Space Flight & uG)v(Ground Control & 1G on Earth)",1,"flight_positive"
"REACTOME_TRANSCRIPTIONAL_ACTIVATION_OF_MITOCHONDRIAL_BIOGENESIS",0.184757505773672,0.464509610414023,0.155241966228839,0.325192898020844,1.21239517425676,51,"reactome","Idh2; Gabpa; Sirt4; Tbl1x; Alas1; Tfam; Tgs1; Glud1; Ncoa6; Pprc1; Med1; Atf2; Nr1d1; Rxra; Hcfc1; Mef2c; Ncor1; Tfb2m","liver","MHU-2","GLDS-617","Stat_(Space Flight & uG)v(Ground Control & 1G on Earth)",1,"flight_positive"
"REACTOME_TRANSCRIPTIONAL_ACTIVITY_OF_SMAD2_SMAD3_SMAD4_HETEROTRIMER",0.789838337182448,0.945764119375928,0.0633597010643758,0.220287197605865,0.817804479340336,50,"reactome","Junb; Ubb; Skil; Smad7; Smad4; Rbl1; Sp1; Ncor1; Ep300; Ski; Usp9x; Tfdp1; Stat1; Smurf2; Mapk1; Ccnc","liver","MHU-2","GLDS-617","Stat_(Space Flight & uG)v(Ground Control & 1G on Earth)",1,"flight_positive"
"REACTOME_TRANSCRIPTIONAL_AND_POST_TRANSLATIONAL_REGULATION_OF_MITF_M_EXPRESSION_AND_ACTIVITY",0.987364620938628,1,0.0415717899246479,-0.151039167311216,-0.520668292220991,40,"reactome","Cdh1","liver","MHU-2","GLDS-617","Stat_(Space Flight & uG)v(Ground Control & 1G on Earth)",1,"flight_positive"
"REACTOME_TRANSCRIPTIONAL_REGULATION_BY_E2F6",0.925233644859813,1,0.0461379160269737,-0.205040067746708,-0.672437192220707,33,"reactome","Rrm2; Tfdp2; Ehmt2; Uxt; Apaf1; Yaf2; Rbbp8; Rnf2; Rad51; Cbx3; Pcgf2; Phc1","liver","MHU-2","GLDS-617","Stat_(Space Flight & uG)v(Ground Control & 1G on Earth)",1,"flight_positive"
"REACTOME_TRANSCRIPTIONAL_REGULATION_BY_MECP2",0.865350089766607,0.981950714334268,0.0473534245254193,-0.212785781206327,-0.750063208793874,45,"reactome","Mov10; Pparg; Mecp2; Gamt; Ago4; Bdnf; Camk2b","liver","MHU-2","GLDS-617","Stat_(Space Flight & uG)v(Ground Control & 1G on Earth)",1,"flight_positive"
"REACTOME_TRANSCRIPTIONAL_REGULATION_BY_NPAS4",0.270168855534709,0.574796931407942,0.11146266692298,-0.366720321559383,-1.14546454106004,27,"reactome","Mov10; Plk2; Maged1; Ago4; Bdnf","liver","MHU-2","GLDS-617","Stat_(Space Flight & uG)v(Ground Control & 1G on Earth)",1,"flight_positive"
"REACTOME_TRANSCRIPTIONAL_REGULATION_BY_RUNX1",0.00370864484840485,0.0255345209494901,0.431707695803346,0.312663558698953,1.47641316930214,174,"reactome","Hipk2; Psmd11; Psmd1; Psmd3; Psmd2; Psmc4; Ubb; Adrm1; Psmc1; Psmc2; Psmc5; Psmd7; Psmd14; Smarcc2; Psmd12; Psma1; Ago2; Psma7; Psmc6; Ccnd2; Phc3; Psma5; Axin1; Psmd6; Itch; Tcf12; Psmc3; Psmb4; Pf4; Sin3a; Arid1b; Ptpn11; Psmb2; Ep300; Elf2; Smarca4; Psmd13; Cldn5; Kmt2a; Psma6; Cdk7; H2ac18; Cbfb; Pbrm1; Tnrc6b; H4c16","liver","MHU-2","GLDS-617","Stat_(Space Flight & uG)v(Ground Control & 1G on Earth)",1,"flight_positive"
"REACTOME_TRANSCRIPTIONAL_REGULATION_BY_RUNX2",0.00515089546957539,0.0334316081751422,0.407017918923954,0.352959248291721,1.51435492728759,99,"reactome","Psmd11; Psmd1; Psmd3; Psmd2; Psmc4; Ubb; Adrm1; Psmc1; Psmc2; Psmc5; Psmd7; Bmp2; Psmd14; Psmd12; Psma1; Psma7; Psmc6; Cul1; Ar; Psma5; Psmd6; Smad4; Psmc3; Psmb4","liver","MHU-2","GLDS-617","Stat_(Space Flight & uG)v(Ground Control & 1G on Earth)",1,"flight_positive"
"REACTOME_TRANSCRIPTIONAL_REGULATION_BY_RUNX3",0.000175219943276131,0.00162317383816707,0.518848077743792,0.439253751402457,1.83580468399987,84,"reactome","Psmd11; Psmd1; Psmd3; Psmd2; Psmc4; Ubb; Adrm1; Psmc1; Psmc2; Psmc5; Psmd7; Psmd14; Psmd12; Psma1; Psma7; Psmc6; Rbpj; Brd2; Psma5; Psmd6; Smad4; Psmc3; Psmb4; Mdm2; Psmb2; Ep300; Kras; Psmd13; Psma6; Hdac4; Cbfb; Tead1; Psma2; Smurf2; Tgfb1; Notch1","liver","MHU-2","GLDS-617","Stat_(Space Flight & uG)v(Ground Control & 1G on Earth)",1,"flight_positive"
"REACTOME_TRANSCRIPTIONAL_REGULATION_BY_SMALL_RNAS",0.973637961335677,1,0.0409883873374721,-0.175214966185411,-0.672526827767996,70,"reactome","Nup210; Polr2f; H2bc21; H2az2; Polr2l; Ndc1; H3f3a; Nup107; Nup85; H2ac19; H3c4; Nup160; Polr2d; H3f3b; Polr2k; Nup54; H3c15; H2bc6; Nup37; Polr2g","liver","MHU-2","GLDS-617","Stat_(Space Flight & uG)v(Ground Control & 1G on Earth)",1,"flight_positive"
"REACTOME_TRANSCRIPTIONAL_REGULATION_BY_THE_AP_2_TFAP2_FAMILY_OF_TRANSCRIPTION_FACTORS",0.553470919324578,0.830353959765724,0.070619624712259,-0.29725559736344,-0.928488895743687,27,"reactome","Cited2; Egfr; Dek; Sumo1; Erbb2; Atad2; Apoe; Npm1; Wwox; Hspd1; Kctd1; Cdkn1a; Cited4; Kdm5b","liver","MHU-2","GLDS-617","Stat_(Space Flight & uG)v(Ground Control & 1G on Earth)",1,"flight_positive"
"REACTOME_TRANSCRIPTIONAL_REGULATION_BY_TP53",0.30849478390462,0.618464075217513,0.0894366833718621,-0.222121013371883,-1.05657950725805,327,"reactome","Gpi1; Cycs; Mov10; Cox5a; Rpa1; Plk2; Cox7a2; G6pdx; Lamtor4; Cdk2; Cdk1; Smyd2; Sesn1; Mapkap1; Tbp; Taf2; Cox7a1; Bnip3l; Tmem219; Polr2f; Gls2; Tfdp2; Ago4; Tpx2; Rpa3; Bbc3; Ccne1; Nuak1; Taf15; Fanci; Cox6c; Ddit4; Cox5b; Taf6; Ndufa4; Polr2l; Elob; Trp53bp2; Cox7c; Cox6a1; Usp2; Bax; Cox7b; Bcl6; Rps27a; Ubc; Plagl1; Tnks1bp1; Uba52; Prmt5; Prdx5; Cox6b1; Rfc2; Birc5; Ehmt2; Msh2; Ccna2; Chek2; Tsc2; Apaf1; Ppp1r13b; Ywhah; Mbd3; Phf20; Pcna; Cox8a; Bid; Rad9b; Ing2; Pms2; Taf4; Cox4i1; Dna2; Polr2d; Tnrc6c; Btg2; Casp1; Gtf2h2; Cnot8; Prelid1; Mnat1; Top3a; Ccnb1; Sesn2; Csnk2b","liver","MHU-2","GLDS-617","Stat_(Space Flight & uG)v(Ground Control & 1G on Earth)",1,"flight_positive"
"REACTOME_TRANSCRIPTIONAL_REGULATION_BY_VENTX",0.537070524412297,0.824209133096582,0.0702812841717392,-0.280708741608322,-0.940992619661859,35,"reactome","Mov10; Ube2c; Ago4; Anapc15; Ccnd1; Cdc23; Csf1r; Ehmt2; Tnrc6c; Anapc16","liver","MHU-2","GLDS-617","Stat_(Space Flight & uG)v(Ground Control & 1G on Earth)",1,"flight_positive"
"REACTOME_TRANSCRIPTIONAL_REGULATION_OF_BROWN_AND_BEIGE_ADIPOCYTE_DIFFERENTIATION",0.12453531598513,0.373983076766235,0.170932335370056,-0.422265845525796,-1.33150553180732,28,"reactome","Elovl3; Pparg; Usp46; Bmp7; Cox7a1; Ppargc1b","liver","MHU-2","GLDS-617","Stat_(Space Flight & uG)v(Ground Control & 1G on Earth)",1,"flight_positive"
"REACTOME_TRANSCRIPTIONAL_REGULATION_OF_GRANULOPOIESIS",0.96283185840708,1,0.0418238690062304,-0.181229767902373,-0.665719727826754,53,"reactome","Cdk2; Tfdp2; H2bc21; Dek; Rara; H2az2; H3f3a; H2ac19; H3c4; Gfi1; Cdk4; H3f3b","liver","MHU-2","GLDS-617","Stat_(Space Flight & uG)v(Ground Control & 1G on Earth)",1,"flight_positive"
"REACTOME_TRANSCRIPTIONAL_REGULATION_OF_WHITE_ADIPOCYTE_DIFFERENTIATION",0.480088495575221,0.783955400696864,0.086794975677172,0.240965184987856,0.989434831282964,76,"reactome","Thrap3; Cd36; Tbl1x; Tgs1; Ncoa6; Med1; Med13; Rxra; Med13l; Nr2f2; Zfp638; Ncor1; Ep300; Med14; Cebpb; Tgfb1; Pck1; Med23; Med8; Ncoa2; Ccnc; Ncoa3; Ncoa1; Fam120b","liver","MHU-2","GLDS-617","Stat_(Space Flight & uG)v(Ground Control & 1G on Earth)",1,"flight_positive"
"REACTOME_TRANSCRIPTION_COUPLED_NUCLEOTIDE_EXCISION_REPAIR_TC_NER",0.969090909090909,1,0.0427591434738678,-0.172862452865564,-0.668022442092497,76,"reactome","Rpa1; Pole2; Polr2f; Rpa3; Pold4; Polr2l; Rbx1; Rps27a; Ubc; Uba52; Rfc2; Pold2; Pold1; Pold3; Pcna; Polr2d; Gtf2h2; Mnat1; Polk; Pole","liver","MHU-2","GLDS-617","Stat_(Space Flight & uG)v(Ground Control & 1G on Earth)",1,"flight_positive"
"REACTOME_TRANSCRIPTION_OF_E2F_TARGETS_UNDER_NEGATIVE_CONTROL_BY_DREAM_COMPLEX",0.183206106870229,0.464509610414023,0.140406238523342,-0.44740446112762,-1.27753449505931,19,"reactome","Cdc6; Top2a; Lin9; Tfdp2; Lin37; E2f5; Pcna","liver","MHU-2","GLDS-617","Stat_(Space Flight & uG)v(Ground Control & 1G on Earth)",1,"flight_positive"
"REACTOME_TRANSCRIPTION_OF_E2F_TARGETS_UNDER_NEGATIVE_CONTROL_BY_P107_RBL1_AND_P130_RBL2_IN_COMPLEX_WITH_HDAC1",0.199616122840691,0.48087193658313,0.134273452883202,-0.459884885457029,-1.25328200605437,16,"reactome","Cdk1; Lin9; Tfdp2; Lin37; E2f5; Ccna2","liver","MHU-2","GLDS-617","Stat_(Space Flight & uG)v(Ground Control & 1G on Earth)",1,"flight_positive"
"REACTOME_TRANSCRIPTION_OF_THE_HIV_GENOME",0.998242530755712,1,0.0398406946073899,-0.147026452114962,-0.560033037472151,67,"reactome","Tbp; Taf2; Polr2f; Taf15; Taf6; Polr2l; Elob; Gtf2b; Taf4; Polr2d; Gtf2h2; Mnat1; Nelfe; Polr2k; Cdk9; Polr2g; Ercc3; Ccnt1; Gtf2h5; Nelfcd; Ccnt2; Gtf2h4; Taf10","liver","MHU-2","GLDS-617","Stat_(Space Flight & uG)v(Ground Control & 1G on Earth)",1,"flight_positive"
"REACTOME_TRANSFERRIN_ENDOCYTOSIS_AND_RECYCLING",0.616204690831556,0.869685013791352,0.0716527366829457,0.277301014146497,0.89418611409934,27,"reactome","Atp6v1a; Steap4; Atp6v0d2; Atp6v1b2; Tfrc; Atp6v0a2","liver","MHU-2","GLDS-617","Stat_(Space Flight & uG)v(Ground Control & 1G on Earth)",1,"flight_positive"
"REACTOME_TRANSLATION",2.62751233819269e-05,0.000304253985524813,0.575610261071129,-0.359267722508186,-1.66285367077518,263,"reactome","Fars2; Rpl36al; Sec61b; Mrpl33; Mrps21; Mrps6; Ssr4; Mrpl54; Mrpl57; Rps24; Rpl36a; Eif4ebp1; Rpl22l1; Rpl26; Rpl15; Sec61g; Rpl12; Rpl27; Rpsa; Rps17; Rps12; Rplp0; Spcs1; Rplp1; Rpl31; Rpl35a; Rpl13a; Rps20; Rps27l; Rpl39; Mrps28; Mrpl41; Mrpl11; Rpl17; Mrpl27; Rps7; Rps14; Mrpl13; Rpl23; Rpl3; Rps9; Rps21; Rpn2; Rpl19; Eif3k; Rps16; Rpl10a; Rps10; Gspt2; Mrpl23; Rps15; Mrpl28; Mrpl58; Rps27a; Mrpl49; Rpl38; Chchd1; Rpl29; Aurkaip1; Rps3a1; Mrps9; Eef1b2; Mrpl39; Mrpl34; Rpl18; Uba52; Rps6; Mrps33; Mrpl20; Mrpl12; Rpl13; Mrpl14; Rpl35; Rpl30; Rps11; Mtif3; Rpl8; Ptcd3; Mrpl42; Rps29; Mrps36; Rpl32; Mrps11; Rpl21; Rpl7; Mrps18a","liver","MHU-2","GLDS-617","Stat_(Space Flight & uG)v(Ground Control & 1G on Earth)",1,"flight_positive"
"REACTOME_TRANSLATION_OF_SARS_COV_1_STRUCTURAL_PROTEINS",0.00892923411185957,0.0529005206975866,0.380730400722792,0.503297997739477,1.65726827075687,29,"reactome","St6galnac3; St3gal1; St6gal1; Ubb; Canx; St3gal4","liver","MHU-2","GLDS-617","Stat_(Space Flight & uG)v(Ground Control & 1G on Earth)",1,"flight_positive"
"REACTOME_TRANSLATION_OF_SARS_COV_2_STRUCTURAL_PROTEINS",0.0146667877230902,0.0762523300501475,0.380730400722792,0.394467770287066,1.51515366466316,58,"reactome","Stt3b; St6galnac3; St3gal1; St6gal1; Ubb; Magt1; Canx; Stt3a; St3gal4; Man1b1; Man2a1; Zdhhc5; Zdhhc8","liver","MHU-2","GLDS-617","Stat_(Space Flight & uG)v(Ground Control & 1G on Earth)",1,"flight_positive"
"REACTOME_TRANSLESION_SYNTHESIS_BY_POLH",0.100418410041841,0.326921277420562,0.204294756516886,0.462173667068501,1.39059052888514,19,"reactome","Vcp; Ufd1; Ubb; Nploc4; Polh","liver","MHU-2","GLDS-617","Stat_(Space Flight & uG)v(Ground Control & 1G on Earth)",1,"flight_positive"
"REACTOME_TRANSLESION_SYNTHESIS_BY_POLK",0.116666666666667,0.359164149043303,0.176694268938498,-0.492116853748604,-1.37286590714848,17,"reactome","Rpa1; Rpa3; Rev3l; Rps27a; Ubc; Uba52; Rfc2; Pcna; Rev1; Polk","liver","MHU-2","GLDS-617","Stat_(Space Flight & uG)v(Ground Control & 1G on Earth)",1,"flight_positive"
"REACTOME_TRANSLESION_SYNTHESIS_BY_Y_FAMILY_DNA_POLYMERASES_BYPASSES_LESIONS_ON_DNA_TEMPLATE",0.121597096188748,0.368772145881946,0.170932335370056,-0.375762985148574,-1.28559533881684,39,"reactome","Rpa1; Pole2; Pclaf; Rpa3; Poli; Pold4; Rev3l; Ube2l6; Usp10; Rps27a; Ubc; Uba52; Rfc2; Pold2; Pold1; Pold3; Pcna; Uba7; Rev1; Polk; Pole","liver","MHU-2","GLDS-617","Stat_(Space Flight & uG)v(Ground Control & 1G on Earth)",1,"flight_positive"
"REACTOME_TRANSLOCATION_OF_SLC2A4_GLUT4_TO_THE_PLASMA_MEMBRANE",0.168564920273349,0.453788289101523,0.161978948883402,0.311171735566573,1.20638305789039,62,"reactome","Tubb4b; Tuba4a; Tuba1c; Kifap3; Actg1; Actb; Snap23; Rhoq; Ralgapb; Prkab2; Tubb2a; Myo5a; Exoc8; Exoc5","liver","MHU-2","GLDS-617","Stat_(Space Flight & uG)v(Ground Control & 1G on Earth)",1,"flight_positive"
"REACTOME_TRANSMISSION_ACROSS_CHEMICAL_SYNAPSES",0.552429667519182,0.830353959765724,0.0870515867946735,0.206541391874506,0.963683710259112,168,"reactome","Abat; Tubb4b; Rasgrf2; Ncald; Tuba4a; Tuba1c; Cacna1a; Lin7a; Bche; Slc38a2; Rps6ka2; Prkca; Gnai3; Adcy9; Lrrc51; Pdpk1; Kcnj15; Ap2b1; Ap2a2; Nsf; Arhgef7; Mdm2; Ap2m1; Stxbp1; Rps6ka3; Prkab2; Kras; Tubb2a; Dnajc5; Cacnb2; Slc1a2; Aldh5a1","liver","MHU-2","GLDS-617","Stat_(Space Flight & uG)v(Ground Control & 1G on Earth)",1,"flight_positive"
"REACTOME_TRANSPORT_OF_BILE_SALTS_AND_ORGANIC_ACIDS_METAL_IONS_AND_AMINE_COMPOUNDS",0.209932279909707,0.49749068192556,0.142901149386948,0.308921298707176,1.18024175749849,56,"reactome","Slc41a2; Slc40a1; Slc16a7; Slc39a14; Slc22a18; Slc6a6; Slc22a5; Slc30a5; Cp; Slc39a5; Slc31a1; Slc39a8; Slc39a7; Slc30a8","liver","MHU-2","GLDS-617","Stat_(Space Flight & uG)v(Ground Control & 1G on Earth)",1,"flight_positive"
"REACTOME_TRANSPORT_OF_INORGANIC_CATIONS_ANIONS_AND_AMINO_ACIDS_OLIGOPEPTIDES",0.766903914590747,0.941553336600506,0.0524827622635459,-0.221130719530499,-0.842019155619394,68,"reactome","Slc38a3; Slc25a1; Slc25a11; Slc12a7; Slc1a5; Slc12a6; Sri; Slc1a4; Slc12a4; Slc9a7; Slc7a5; Slc25a10; Slc6a12; Slc8b1; Slc15a4; Slc43a1; Slc34a2; Slc26a6; Slc9a1; Slc3a1","liver","MHU-2","GLDS-617","Stat_(Space Flight & uG)v(Ground Control & 1G on Earth)",1,"flight_positive"
"REACTOME_TRANSPORT_OF_MATURE_MRNAS_DERIVED_FROM_INTRONLESS_TRANSCRIPTS",0.546875,0.830353959765724,0.0802023444698144,0.263720590737849,0.945035500298702,40,"reactome","Wdr33; Ranbp2; Ncbp1; Nup50; Seh1l; Rae1; Nup188; Nup62; Cpsf3; Nup98; Cpsf2; Nup93; Nup88; Fip1l1; Cpsf1; Nup205; Nup133; Nup43; Tpr","liver","MHU-2","GLDS-617","Stat_(Space Flight & uG)v(Ground Control & 1G on Earth)",1,"flight_positive"
"REACTOME_TRANSPORT_OF_MATURE_TRANSCRIPT_TO_CYTOPLASM",0.438636363636364,0.74001730885009,0.0934449219410994,0.246736306801676,1.01275981916197,78,"reactome","Wdr33; Ranbp2; Srsf5; Ncbp1; Dhx38; Fyttd1; Nup50; Seh1l; Thoc3; Zc3h11a; Srsf1; Rae1; Nup188; Nup62; Cpsf3; Nup98; U2af2; Casc3; Thoc2; Cpsf2; Nup93; Sarnp; Thoc1; Nup88; Srsf2; Fip1l1; Cpsf1; U2af1l4; Nup205; Cdc40; Nup133; Nup43; Tpr; Srsf4; Eif4a3","liver","MHU-2","GLDS-617","Stat_(Space Flight & uG)v(Ground Control & 1G on Earth)",1,"flight_positive"
"REACTOME_TRANSPORT_OF_THE_SLBP_DEPENDANT_MATURE_MRNA",0.9593147751606,1,0.0507027937029348,0.186968584767685,0.638369271982295,33,"reactome","Ranbp2; Ncbp1; Nup50; Seh1l; Rae1; Nup188; Nup62; Nup98; Nup93; Nup88; Nup205; Nup133; Nup43; Tpr","liver","MHU-2","GLDS-617","Stat_(Space Flight & uG)v(Ground Control & 1G on Earth)",1,"flight_positive"
"REACTOME_TRANSPORT_OF_VITAMINS_NUCLEOSIDES_AND_RELATED_MOLECULES",0.488847583643123,0.788631868604351,0.0764767053228531,-0.307284292735151,-0.968941106531805,28,"reactome","Slc29a1; Slc35b2; Slc29a3; Arl2bp; Slco3a1; Slc35d2; Slc35a2; Pdzd11; Slc25a4","liver","MHU-2","GLDS-617","Stat_(Space Flight & uG)v(Ground Control & 1G on Earth)",1,"flight_positive"
"REACTOME_TRANSPORT_TO_THE_GOLGI_AND_SUBSEQUENT_MODIFICATION",9.05780384274809e-06,0.000129998621348737,0.593325476396405,0.399383442582085,1.83539551665264,159,"reactome","St6gal1; Gosr2; Tmed7; Tubb4b; Mcfd2; Dync1h1; Tuba4a; Tuba1c; Ctsc; Sec16a; Sec24d; Mia3; Lman2; B4galt1; Cog3; Man1a; Tmed3; Uso1; Stx5a; Manea; Sec24c; Arcn1; Scfd1; F5; Dync1li1; Trappc10; Tmed2; Tfg; Arfgap3; St3gal4; Man1a2; Preb; Tmem115; Arfgap2; Dctn5; Nsf; Capza1; Rab1a; Ankrd28; Tmed9; Man2a1; Ppp6c; Copg1; Dctn4; Ykt6; Sec31a; Tubb2a; Sec22c; Cog8; Lman1; Copa; Cog6; Cog4; Man1c1; Sec24b; Trappc2; Dynll1; Golga2; Gosr1; Sec23ip; Mgat1; Cd55; Tuba8; Cog1; Tgfa; Napg; Actr1a; Ank2; Dync1i2; Copb1; Sptb; Dync1li2","liver","MHU-2","GLDS-617","Stat_(Space Flight & uG)v(Ground Control & 1G on Earth)",1,"flight_positive"
"REACTOME_TRANS_GOLGI_NETWORK_VESICLE_BUDDING",0.30715935334873,0.617613823142669,0.116739204791222,0.278214788965847,1.09862798273094,67,"reactome","Txndc5; Ap1g1; Gak; Sh3d19; Cltb; Snap23; Picalm; Hgs; Fth1; Tfrc; Tgoln1; Arrb1; Yipf6; Gns; Pum1; Cltc; Snx5; Acbd3; Igf2r; Dtnbp1; Ap1m2; Tbc1d8b","liver","MHU-2","GLDS-617","Stat_(Space Flight & uG)v(Ground Control & 1G on Earth)",1,"flight_positive"
"REACTOME_TRIGLYCERIDE_CATABOLISM",0.00213975940913196,0.0160324620434226,0.431707695803346,-0.681537655555423,-1.85733192624332,16,"reactome","Fabp5; Fabp1; Pnpla5; Plin3; Cav1; Abhd5; Lipe; Gpd2; Fabp4; Fabp2","liver","MHU-2","GLDS-617","Stat_(Space Flight & uG)v(Ground Control & 1G on Earth)",1,"flight_positive"
"REACTOME_TRIGLYCERIDE_METABOLISM",0.000183255224482977,0.00168231597971309,0.518848077743792,-0.642987072879564,-2.00839399685208,27,"reactome","Fabp5; Fabp1; Pnpla5; Gpam; Dgat2; Plin3; Cav1; Lpin1; Gpat2; Abhd5; Lipe; Gpd2; Lpin2; Fabp4; Dgat1; Fabp2","liver","MHU-2","GLDS-617","Stat_(Space Flight & uG)v(Ground Control & 1G on Earth)",1,"flight_positive"
"REACTOME_TRISTETRAPROLIN_TTP_ZFP36_BINDS_AND_DESTABILIZES_MRNA",0.436590436590437,0.739012715756902,0.0886261133285098,0.350349565284512,1.00216222181661,16,"reactome","Dcp2; Zfp36; Tnpo1; Exosc3; Exosc2; Xrn1; Ywhab; Dcp1a; Mapkapk2","liver","MHU-2","GLDS-617","Stat_(Space Flight & uG)v(Ground Control & 1G on Earth)",1,"flight_positive"
"REACTOME_TRNA_AMINOACYLATION",0.214442013129103,0.505081920780862,0.13880510939114,0.38571784837716,1.22685123041721,26,"reactome","Wars1; Wars2; Ppa1; Sars2; Ears2; Cars2; Hars2; Yars2; Eef1e1; Aimp2; Mars2; Mars1; Nars2; Rars2","liver","MHU-2","GLDS-617","Stat_(Space Flight & uG)v(Ground Control & 1G on Earth)",1,"flight_positive"
"REACTOME_TRNA_MODIFICATION_IN_THE_NUCLEUS_AND_CYTOSOL",0.240990990990991,0.533847434390913,0.132147260608774,0.323781814234098,1.17084950097759,43,"reactome","Trmt61a; Trmt13; Alkbh8; Lcmt2; Trmt6; Pus7; Mettl1; Ctu1; Ftsj1; Thada; Adat2; Nsun6; Trmt1; Qtrt2; Pus3; Trmt10a; Trmt112; Trmt44; Ctu2","liver","MHU-2","GLDS-617","Stat_(Space Flight & uG)v(Ground Control & 1G on Earth)",1,"flight_positive"
"REACTOME_TRNA_PROCESSING",0.0347485500773163,0.150675627782065,0.321775918075361,0.306530343295651,1.33082361878158,102,"reactome","Ranbp2; Trmt61a; Cstf2; Elac2; Trmt13; Alkbh8; Trmt10c; Ddx1; Lcmt2; Hsd17b10; Nup50; Trmt6; Pus7; Seh1l; Mettl1; Ran; Rpp30; Mto1; Rae1; Ctu1; Nup188; Ftsj1; Thada; Rpp21; Adat2; Nup62; Nup98; Nsun6; Trmt1; Qtrt2; Rpp38; Fam98b; Pus3; Trmt10a; Nup93; Nup88; Trmt112; Trmt44; Ctu2; Cpsf1; Tsen2; Pop7; Nup205; Nup133; Nup43","liver","MHU-2","GLDS-617","Stat_(Space Flight & uG)v(Ground Control & 1G on Earth)",1,"flight_positive"
"REACTOME_TRNA_PROCESSING_IN_THE_NUCLEUS",0.288329519450801,0.598386517964086,0.120433371642259,0.298792001777502,1.12240578908247,53,"reactome","Ranbp2; Cstf2; Elac2; Ddx1; Nup50; Seh1l; Ran; Rpp30; Rae1; Nup188; Rpp21; Nup62; Nup98; Rpp38; Fam98b; Nup93; Nup88; Cpsf1; Tsen2; Pop7; Nup205; Nup133; Nup43; Tpr","liver","MHU-2","GLDS-617","Stat_(Space Flight & uG)v(Ground Control & 1G on Earth)",1,"flight_positive"
"REACTOME_TURBULENT_OSCILLATORY_DISTURBED_FLOW_SHEAR_STRESS_ACTIVATES_SIGNALING_BY_PIEZO1_AND_INTEGRINS_IN_ENDOTHELIAL_CELLS",0.0887445887445888,0.302194543297746,0.222056046145248,0.412596595576969,1.36362803764928,30,"reactome","Ppp2r1b; Pde4d; Ptpn1; Gnaq; Itgb3; Gna11; Fn1; Nlrp3; Ikbkg; Ppp2ca; Stat1; Ikbke; Ppp2r1a; Chuk","liver","MHU-2","GLDS-617","Stat_(Space Flight & uG)v(Ground Control & 1G on Earth)",1,"flight_positive"
"REACTOME_UBIQUITIN_DEPENDENT_DEGRADATION_OF_CYCLIN_D",5.21834466367672e-07,1.3634597980222e-05,0.659444398037935,0.656581494189061,2.35190855044627,39,"reactome","Psmd11; Psmd1; Psmd3; Psmd2; Psmc4; Ubb; Adrm1; Psmc1; Psmc2; Psmc5; Psmd7; Psmd14; Psmd12; Psma1; Psma7; Psmc6; Psma5; Psmd6; Psmc3; Psmb4; Psmb2; Psmd13; Psma6","liver","MHU-2","GLDS-617","Stat_(Space Flight & uG)v(Ground Control & 1G on Earth)",1,"flight_positive"
"REACTOME_UB_SPECIFIC_PROCESSING_PROTEASES",5.44899447363142e-07,1.3881313421576e-05,0.659444398037935,0.434664381138465,2.00016389938044,152,"reactome","Ide; Psmd11; Psmd1; Psmd3; Usp34; Psmd2; Stam2; Psmc4; Ufd1; Ubb; Adrm1; Usp20; Psmc1; Psmc2; Traf6; Psmc5; Usp7; Psmd7; Psmd14; Psmd12; Psma1; Psma7; Usp5; Psmc6; Ar; Psma5; Tada2b; Axin1; Rnf128; Psmd6; Hgs; Usp4; Smad7; Cyld; Map3k7; Smad4; Psmc3; Psmb4; Usp42; Mdm2; Arrb1; Usp15; Psmb2; Psmd13; Psma6; Usp47; Usp9x; H2ac18; Ikbkg; Otub1; Becn1; Usp16","liver","MHU-2","GLDS-617","Stat_(Space Flight & uG)v(Ground Control & 1G on Earth)",1,"flight_positive"
"REACTOME_UCH_PROTEINASES",5.26039024101207e-08,2.82123034504805e-06,0.719512826338911,0.56827195941961,2.33339961671026,76,"reactome","Psmd11; Psmd1; Psmd3; Psmd2; Psmc4; Ubb; Adrm1; Psmc1; Psmc2; Ino80; Psmc5; Actb; Psmd7; Yy1; Psmd14; Psmd12; Actr8; Psma1; Psma7; Psmc6; Ogt; Psma5; Psmd6; Smad7; Psmc3; Psmb4; Hcfc1; Usp15; Foxk1; Psmb2; Actr5; Foxk2; Psmd13; Ino80e; Psma6; Ino80c","liver","MHU-2","GLDS-617","Stat_(Space Flight & uG)v(Ground Control & 1G on Earth)",1,"flight_positive"
"REACTOME_UNFOLDED_PROTEIN_RESPONSE_UPR",3.64775348486163e-09,4.13375535809336e-07,0.774939030136436,0.555315194526794,2.33351077481237,88,"reactome","Hsp90b1; Dnajb11; Calr; Dnajc3; Hspa5; Hyou1; Pdia6; Gosr2; Edem1; Syvn1; Atf6; Dcp2; Igfbp1; Cebpg; Herpud1; Ern1; Eif2s3x; Xbp1; Creb3; Dnajb9; Ddit3; Atf6b; Khsrp; Preb; Lmna; Tatdn2; Shc1; Gfpt1; Srprb; Nfyb; Sec31a; Ddx11; Sult1a1; Exosc3; Parn; Atp6v0d1; Exosc2; Gsk3a; Cebpb; Tspyl2","liver","MHU-2","GLDS-617","Stat_(Space Flight & uG)v(Ground Control & 1G on Earth)",1,"flight_positive"
"REACTOME_UPTAKE_AND_ACTIONS_OF_BACTERIAL_TOXINS",0.729166666666667,0.92176807793474,0.062249042949858,0.260117931257446,0.800901755808906,21,"reactome","Txnrd1; Map2k7; Pdcd6ip; Map2k4; Stx1a; Antxr2; Map2k2; Furin; Syt1","liver","MHU-2","GLDS-617","Stat_(Space Flight & uG)v(Ground Control & 1G on Earth)",1,"flight_positive"
"REACTOME_VASOPRESSIN_REGULATES_RENAL_WATER_HOMEOSTASIS_VIA_AQUAPORINS",0.546153846153846,0.830353959765724,0.0725351864394589,-0.289669202245787,-0.935512309814784,32,"reactome","Adcy1; Gng2; Rab11fip2; Adcy6; Gnb4; Gng10; Gng11; Adcy7; Gng5; Prkaca; Gngt2; Adcy2; Myo5b","liver","MHU-2","GLDS-617","Stat_(Space Flight & uG)v(Ground Control & 1G on Earth)",1,"flight_positive"
"REACTOME_VEGFR2_MEDIATED_CELL_PROLIFERATION",0.0669456066945607,0.248978094524024,0.252961123069611,0.48224367810418,1.45097728228427,19,"reactome","Rasa1; Prkca; Pdpk1; Itpr2; Itpr1; Kras; Kdr","liver","MHU-2","GLDS-617","Stat_(Space Flight & uG)v(Ground Control & 1G on Earth)",1,"flight_positive"
"REACTOME_VEGFR2_MEDIATED_VASCULAR_PERMEABILITY",0.87308533916849,0.985242481298662,0.0560595875032335,0.223843258803988,0.711977365423189,26,"reactome","Cdh5; Pdpk1; Vav3; Trib3; Nos3; Ctnnd1; Akt3; Pak2; Rac1; Akt1; Vav2","liver","MHU-2","GLDS-617","Stat_(Space Flight & uG)v(Ground Control & 1G on Earth)",1,"flight_positive"
"REACTOME_VIF_MEDIATED_DEGRADATION_OF_APOBEC3G",4.63875249223108e-07,1.27753751069823e-05,0.674962860011025,0.639358753883551,2.29112455025295,40,"reactome","Psmd11; Psmd1; Psmd3; Psmd2; Psmc4; Ubb; Adrm1; Psmc1; Psmc2; Psmc5; Psmd7; Psmd14; Psmd12; Psma1; Psma7; Psmc6; Psma5; Psmd6; Psmc3; Psmb4; Psmb2; Psmd13; Psma6","liver","MHU-2","GLDS-617","Stat_(Space Flight & uG)v(Ground Control & 1G on Earth)",1,"flight_positive"
"REACTOME_VIRAL_MESSENGER_RNA_SYNTHESIS",0.973309608540925,1,0.0415717899246479,-0.178086127648786,-0.618858395093384,41,"reactome","Nup210; Polr2f; Polr2l; Ndc1; Nup107; Nup85; Nup160; Polr2d; Polr2k; Nup54; Nup37; Polr2g","liver","MHU-2","GLDS-617","Stat_(Space Flight & uG)v(Ground Control & 1G on Earth)",1,"flight_positive"
"REACTOME_VISUAL_PHOTOTRANSDUCTION",0.887900355871886,0.988064085555596,0.04577044581081,-0.19782332900348,-0.75326952674413,68,"reactome","Rbp1; Rdh11; Lrp2; Apom; Apoa1; Lpl; Ldlr; Gpc3; Gnat1; Akr1c18; Dhrs9; Apoc2; Rgs9bp; Gpc2; Nmt2; Lrp10; Apoc3; Apoe; Bco2; Dhrs3; Agrn; Prkcq; Calm1; Fnta; Cyp4v3; Sdr9c7; Gpc6; Bco1","liver","MHU-2","GLDS-617","Stat_(Space Flight & uG)v(Ground Control & 1G on Earth)",1,"flight_positive"
"REACTOME_VITAMIN_B5_PANTOTHENATE_METABOLISM",0.387404580152672,0.699938416977966,0.0905428948469474,-0.372020534822121,-1.06228057026482,19,"reactome","Fasn; Enpp3; Pank1; Ppcdc; Pdzd11; Enpp2; Coasy; Slc25a16","liver","MHU-2","GLDS-617","Stat_(Space Flight & uG)v(Ground Control & 1G on Earth)",1,"flight_positive"
"REACTOME_VLDLR_INTERNALISATION_AND_DEGRADATION",0.224532224532225,0.515640558261012,0.131457611642763,0.423444183990242,1.21124672696074,16,"reactome","Ubb; Nr1h2; Ap2b1; Ap2a2; Ap2m1; Cltc; Vldlr; Clta","liver","MHU-2","GLDS-617","Stat_(Space Flight & uG)v(Ground Control & 1G on Earth)",1,"flight_positive"
"REACTOME_VXPX_CARGO_TARGETING_TO_CILIUM",0.74025974025974,0.925551748864632,0.0633597010643758,0.277426252690628,0.798573582576356,17,"reactome","Pkd1; Pkd2; Exoc8; Exoc5","liver","MHU-2","GLDS-617","Stat_(Space Flight & uG)v(Ground Control & 1G on Earth)",1,"flight_positive"
"REACTOME_WNT5A_DEPENDENT_INTERNALIZATION_OF_FZD4",0.0745341614906832,0.270490464328011,0.237793834423688,0.514638220526068,1.44150000651936,15,"reactome","Cltb; Prkca; Ap2b1; Ap2a2; Ap2m1; Cltc","liver","MHU-2","GLDS-617","Stat_(Space Flight & uG)v(Ground Control & 1G on Earth)",1,"flight_positive"
"REACTOME_WNT_LIGAND_BIOGENESIS_AND_TRAFFICKING",0.527938342967245,0.815104805278216,0.0743625384422526,-0.351022749033015,-0.940370998482788,15,"reactome","Wnt5b; Wnt4; Vps29","liver","MHU-2","GLDS-617","Stat_(Space Flight & uG)v(Ground Control & 1G on Earth)",1,"flight_positive"
"REACTOME_XENOBIOTICS",0.118503118503119,0.361540951361311,0.186432558434075,0.467351779289682,1.33684281047287,16,"reactome","Cyp2b10; Cyp3a13; Cyp2e1; Cyp3a25","liver","MHU-2","GLDS-617","Stat_(Space Flight & uG)v(Ground Control & 1G on Earth)",1,"flight_positive"
"REACTOME_ZBP1_DAI_MEDIATED_INDUCTION_OF_TYPE_I_IFNS",0.543726235741445,0.830353959765724,0.0721797965581253,-0.319371525571228,-0.9279389442008,20,"reactome","Myd88; Dtx4; Zbp1; Tlr3; Nfkb2","liver","MHU-2","GLDS-617","Stat_(Space Flight & uG)v(Ground Control & 1G on Earth)",1,"flight_positive"
