"pathway","pval","padj","log2err","ES","NES","size","db","leadingEdge_str","tissue","mission","glds","contrast_column","rank_sign","sign_convention"
"REACTOME_ABC_FAMILY_PROTEINS_MEDIATED_TRANSPORT",0.0461211979814312,0.176589208084736,0.321775918075361,-0.329190056210126,-1.34004550977765,86,"reactome","Psmb5; Abcg5; Psma7; Abcb8; Derl1; Abcb10; Rps27a; Abca5; Eif2s1; Psmb1; Erlin1; Psmb4; Psmd6; Psmd13; Abcg1; Abca7; Ubc; Abcg8; Psmb3; Abca6; Uba52; Eif2s2; Abcc6; Abcc1; Abcb7; Abcc3","liver","RR-8","GLDS-379","Stat_(Space Flight & 22 to 23 day & On ISS & Carcass & 10 to 12 week)v(Ground Control & 24 day & On Earth & Carcass & 10 to 12 week)",1,"flight_positive"
"REACTOME_ABC_TRANSPORTERS_IN_LIPID_HOMEOSTASIS",0.0340473461519893,0.140381781708762,0.321775918075361,-0.556829913277153,-1.59736964041327,17,"reactome","Abcg5; Abca5; Abcg1; Abca7; Abcg8; Abca6","liver","RR-8","GLDS-379","Stat_(Space Flight & 22 to 23 day & On ISS & Carcass & 10 to 12 week)v(Ground Control & 24 day & On Earth & Carcass & 10 to 12 week)",1,"flight_positive"
"REACTOME_ABC_TRANSPORTER_DISORDERS",0.387096774193548,0.570322580645161,0.117249716749792,-0.269938032035448,-1.04149014722651,64,"reactome","Psmb5; Abcg5; Psma7; Derl1; Rps27a; Psmb1; Erlin1; Psmb4; Psmd6; Psmd13; Ubc; Abcg8","liver","RR-8","GLDS-379","Stat_(Space Flight & 22 to 23 day & On ISS & Carcass & 10 to 12 week)v(Ground Control & 24 day & On Earth & Carcass & 10 to 12 week)",1,"flight_positive"
"REACTOME_ABERRANT_REGULATION_OF_MITOTIC_EXIT_IN_CANCER_DUE_TO_RB1_DEFECTS",0.536541889483066,0.675260578449644,0.0696133438850965,0.336474359413795,0.942028406819066,20,"reactome","Cdc27; Anapc1; Ube2s; Anapc5; Rb1; Anapc7; Anapc4; Ube2d1","liver","RR-8","GLDS-379","Stat_(Space Flight & 22 to 23 day & On ISS & Carcass & 10 to 12 week)v(Ground Control & 24 day & On Earth & Carcass & 10 to 12 week)",1,"flight_positive"
"REACTOME_ABERRANT_REGULATION_OF_MITOTIC_G1_S_TRANSITION_IN_CANCER_DUE_TO_RB1_DEFECTS",0.214028776978417,0.403659287555709,0.124434168630393,0.46120864589504,1.2314685440842,17,"reactome","Cdkn1a; Cdk6; Cdk2; Rb1; Cdk4; Tfdp2; Ccne2; E2f3; E2f2","liver","RR-8","GLDS-379","Stat_(Space Flight & 22 to 23 day & On ISS & Carcass & 10 to 12 week)v(Ground Control & 24 day & On Earth & Carcass & 10 to 12 week)",1,"flight_positive"
"REACTOME_ABORTIVE_ELONGATION_OF_HIV_1_TRANSCRIPT_IN_THE_ABSENCE_OF_TAT",0.595348837209302,0.704210244033253,0.0778840111977068,-0.295999947852914,-0.911568139009795,23,"reactome","Polr2h; Polr2k; Polr2f; Polr2g; Polr2l; Polr2i; Polr2d","liver","RR-8","GLDS-379","Stat_(Space Flight & 22 to 23 day & On ISS & Carcass & 10 to 12 week)v(Ground Control & 24 day & On Earth & Carcass & 10 to 12 week)",1,"flight_positive"
"REACTOME_ACETYLCHOLINE_NEUROTRANSMITTER_RELEASE_CYCLE",0.224677716390424,0.415165345504044,0.122679189568808,0.472266371161534,1.22194612924363,15,"reactome","Ppfia1; Rab3a; Ppfia2; Tspoap1; Syt1; Rims1; Snap25; Cplx1","liver","RR-8","GLDS-379","Stat_(Space Flight & 22 to 23 day & On ISS & Carcass & 10 to 12 week)v(Ground Control & 24 day & On Earth & Carcass & 10 to 12 week)",1,"flight_positive"
"REACTOME_ACTIVATED_NOTCH1_TRANSMITS_SIGNAL_TO_THE_NUCLEUS",0.218803418803419,0.410488587059045,0.119348440591015,0.373290726435674,1.17301723160925,32,"reactome","Dtx4; Neurl1a; Psen1; Ubb; Psenen; Psen2; Dlk1; Numb; Jag2; Mib2; Dtx2; Mib1","liver","RR-8","GLDS-379","Stat_(Space Flight & 22 to 23 day & On ISS & Carcass & 10 to 12 week)v(Ground Control & 24 day & On Earth & Carcass & 10 to 12 week)",1,"flight_positive"
"REACTOME_ACTIVATED_PKN1_STIMULATES_TRANSCRIPTION_OF_AR_ANDROGEN_RECEPTOR_REGULATED_GENES_KLK2_AND_KLK3",0.0145506985825394,0.0812046562308386,0.380730400722792,-0.406947981553508,-1.4975573726668,50,"reactome","H2bc8; H2bc3; H2bc6; H2bc14; H4c3; H4c18; H4c6; H3c1; H4c14; H2ac20; H4c11; H4c16; Klk1b27; H2ac23; H4c2; H3c11; H2ac7; H4c8","liver","RR-8","GLDS-379","Stat_(Space Flight & 22 to 23 day & On ISS & Carcass & 10 to 12 week)v(Ground Control & 24 day & On Earth & Carcass & 10 to 12 week)",1,"flight_positive"
"REACTOME_ACTIVATED_TAK1_MEDIATES_P38_MAPK_ACTIVATION",0.0275987549950414,0.122970259151293,0.352487857583619,0.536588072146992,1.56675867297292,23,"reactome","Tab2; Traf6; Irak1; Ube2n; Ubb; Nod1; Tab3; Ube2v1; Map3k7; Mapkapk3; Ikbkg","liver","RR-8","GLDS-379","Stat_(Space Flight & 22 to 23 day & On ISS & Carcass & 10 to 12 week)v(Ground Control & 24 day & On Earth & Carcass & 10 to 12 week)",1,"flight_positive"
"REACTOME_ACTIVATION_OF_AMPK_DOWNSTREAM_OF_NMDARS",0.0786713286713287,0.233061174750183,0.211400189384923,0.475724887086728,1.38904707629806,23,"reactome","Camkk2; Tuba8; Tubb2a; Tuba4a; Mapt; Tubb4b; Prkag2; Prkab2; Tuba1b; Prkab1","liver","RR-8","GLDS-379","Stat_(Space Flight & 22 to 23 day & On ISS & Carcass & 10 to 12 week)v(Ground Control & 24 day & On Earth & Carcass & 10 to 12 week)",1,"flight_positive"
"REACTOME_ACTIVATION_OF_ANTERIOR_HOX_GENES_IN_HINDBRAIN_DEVELOPMENT_DURING_EARLY_EMBRYOGENESIS",0.698389458272328,0.786667024863326,0.0478299633114229,0.230404382167871,0.898280076793544,102,"reactome","Ncor1; Ezh2; Ctcf; Yy1; Crebbp; Ncoa6; Hdac3; Pias2; Jun; Hoxa2; Mafb; Ajuba; Kmt2d; Rbbp5; Kdm6a; Kmt2c; Polr2c; Polr2b; Zfp335; Paxip1; Pbx1; Hoxd4; H2az2; H3c8; Rara","liver","RR-8","GLDS-379","Stat_(Space Flight & 22 to 23 day & On ISS & Carcass & 10 to 12 week)v(Ground Control & 24 day & On Earth & Carcass & 10 to 12 week)",1,"flight_positive"
"REACTOME_ACTIVATION_OF_APC_C_AND_APC_C_CDC20_MEDIATED_DEGRADATION_OF_MITOTIC_PROTEINS",0.918840579710145,0.93887243027597,0.0670512579829467,-0.203531342026217,-0.7844366825686,63,"reactome","Psmb5; Psma7; Rps27a; Psmb1; Psmb4; Psmd6; Psmd13; Ubc; Cdc26; Psmb3; Uba52; Ube2e1; Cdc16","liver","RR-8","GLDS-379","Stat_(Space Flight & 22 to 23 day & On ISS & Carcass & 10 to 12 week)v(Ground Control & 24 day & On Earth & Carcass & 10 to 12 week)",1,"flight_positive"
"REACTOME_ACTIVATION_OF_ATR_IN_RESPONSE_TO_REPLICATION_STRESS",0.661137440758294,0.753928660513844,0.0734381410838857,-0.258076010147812,-0.891014090396317,36,"reactome","Rad1; Mcm10; Rfc2; Orc6; Mcm8; Orc4; Atr; Orc1; Rpa3; Hus1; Rpa2","liver","RR-8","GLDS-379","Stat_(Space Flight & 22 to 23 day & On ISS & Carcass & 10 to 12 week)v(Ground Control & 24 day & On Earth & Carcass & 10 to 12 week)",1,"flight_positive"
"REACTOME_ACTIVATION_OF_BAD_AND_TRANSLOCATION_TO_MITOCHONDRIA",0.110497237569061,0.27940377005449,0.181383128498408,0.53031229987326,1.37213467164015,15,"reactome","Ywhae; Akt2; Ywhah; Ywhaz; Akt3; Akt1","liver","RR-8","GLDS-379","Stat_(Space Flight & 22 to 23 day & On ISS & Carcass & 10 to 12 week)v(Ground Control & 24 day & On Earth & Carcass & 10 to 12 week)",1,"flight_positive"
"REACTOME_ACTIVATION_OF_BH3_ONLY_PROTEINS",0.118466898954704,0.288339038204731,0.169570644405628,0.427614542769432,1.32124514858882,30,"reactome","Ywhae; Akt2; Ywhah; Trp53bp2; Ywhaz; Akt3; Mapk8; Tfdp2; Akt1; Ppp1r13b; Dynll1","liver","RR-8","GLDS-379","Stat_(Space Flight & 22 to 23 day & On ISS & Carcass & 10 to 12 week)v(Ground Control & 24 day & On Earth & Carcass & 10 to 12 week)",1,"flight_positive"
"REACTOME_ACTIVATION_OF_GENE_EXPRESSION_BY_SREBF_SREBP",3.99048210729385e-06,0.000133620688744233,0.610526878385931,0.642465424173448,2.14800677269241,43,"reactome","Tbl1xr1; Pmvk; Crebbp; Ncoa6; Acacb; Sp1; Sc5d; Scd1; Ncoa1; Fdps; Cyp51; Med1; Idi1; Ncoa2; Nfyb; Sqle; Hmgcs1; Dhcr7; Nfya; Nfyc; Carm1; Mvd; Chd9; Lss; Srebf2; Fasn; Helz2; Mvk; Rxra; Smarcd3","liver","RR-8","GLDS-379","Stat_(Space Flight & 22 to 23 day & On ISS & Carcass & 10 to 12 week)v(Ground Control & 24 day & On Earth & Carcass & 10 to 12 week)",1,"flight_positive"
"REACTOME_ACTIVATION_OF_IRF3_IRF7_MEDIATED_BY_TBK1_IKK_IKBKE",0.574912891986063,0.69548363567916,0.0650877566917313,0.336860463548875,0.915886177372664,18,"reactome","Tbk1; Ly96; Ubb; Ptpn11; Tank; Traf3; Optn; Irf3; Ticam1","liver","RR-8","GLDS-379","Stat_(Space Flight & 22 to 23 day & On ISS & Carcass & 10 to 12 week)v(Ground Control & 24 day & On Earth & Carcass & 10 to 12 week)",1,"flight_positive"
"REACTOME_ACTIVATION_OF_KAINATE_RECEPTORS_UPON_GLUTAMATE_BINDING",0.714953271028037,0.795592512070475,0.0687943095604775,-0.256519927755254,-0.853179028735819,30,"reactome","Gng10; Gnb4; Gnb5; Gng11; Gnb2; Gngt2; Dlg4; Calm1","liver","RR-8","GLDS-379","Stat_(Space Flight & 22 to 23 day & On ISS & Carcass & 10 to 12 week)v(Ground Control & 24 day & On Earth & Carcass & 10 to 12 week)",1,"flight_positive"
"REACTOME_ACTIVATION_OF_MATRIX_METALLOPROTEINASES",0.0163794964184639,0.0861873502019171,0.352487857583619,0.485218087352494,1.57244032444984,36,"reactome","Try4; Prss2; Ctsl","liver","RR-8","GLDS-379","Stat_(Space Flight & 22 to 23 day & On ISS & Carcass & 10 to 12 week)v(Ground Control & 24 day & On Earth & Carcass & 10 to 12 week)",1,"flight_positive"
"REACTOME_ACTIVATION_OF_NF_KAPPAB_IN_B_CELLS",0.432065217391304,0.606648113363903,0.105125131597001,-0.268032727758957,-1.00073909199533,54,"reactome","Psmb5; Psma7; Rps27a; Psmb1; Psmb4; Psmd6; Psmd13; Ubc; Skp1; Psmb3; Chuk; Uba52; Bcl10","liver","RR-8","GLDS-379","Stat_(Space Flight & 22 to 23 day & On ISS & Carcass & 10 to 12 week)v(Ground Control & 24 day & On Earth & Carcass & 10 to 12 week)",1,"flight_positive"
"REACTOME_ACTIVATION_OF_NMDA_RECEPTORS_AND_POSTSYNAPTIC_EVENTS",0.0116362333424856,0.0718326136505398,0.380730400722792,0.388390462092746,1.4814297464972,87,"reactome","Camkk2; Prkar2a; Tuba8; Actn2; Dlg3; Dlg1; Camk2a; Pdpk1; Tubb2a; Lin7a; Tuba4a; Nras; Mapt; Camk2b; Creb1; Camk2g; Kras; Camk2d; Mapk3; Prkaca; Adcy1; Grin3b; Lin7c; Tubb4b; Arhgef7; Prkag2; Prkar1a","liver","RR-8","GLDS-379","Stat_(Space Flight & 22 to 23 day & On ISS & Carcass & 10 to 12 week)v(Ground Control & 24 day & On Earth & Carcass & 10 to 12 week)",1,"flight_positive"
"REACTOME_ACTIVATION_OF_SMO",0.562717770034843,0.688522392062215,0.066132620475844,0.340990679031595,0.927115774429977,18,"reactome","Gas8; Kif3a; Evc; Iqce; Smo; Cdon","liver","RR-8","GLDS-379","Stat_(Space Flight & 22 to 23 day & On ISS & Carcass & 10 to 12 week)v(Ground Control & 24 day & On Earth & Carcass & 10 to 12 week)",1,"flight_positive"
"REACTOME_ACTIVATION_OF_THE_MRNA_UPON_BINDING_OF_THE_CAP_BINDING_COMPLEX_AND_EIFS_AND_SUBSEQUENT_BINDING_TO_43S",5.8953583115599e-06,0.000186124883836391,0.610526878385931,-0.557707903045132,-2.11287712898162,58,"reactome","Rps14; Rps19; Rps18; Rps21; Rps27; Eif3m; Eif3e; Rps13; Rps27a; Rps28; Rps29; Rps17; Eif2s1; Rps15; Rps5; Eif3i; Eif3k; Eif3j2; Fau; Rps9; Rps23; Rps25; Rps15a; Rps20; Rps7; Eif4a2","liver","RR-8","GLDS-379","Stat_(Space Flight & 22 to 23 day & On ISS & Carcass & 10 to 12 week)v(Ground Control & 24 day & On Earth & Carcass & 10 to 12 week)",1,"flight_positive"
"REACTOME_ACTIVATION_OF_THE_PRE_REPLICATIVE_COMPLEX",0.651282051282051,0.744996549344376,0.0582216241124161,0.282856172151823,0.8888384856737,32,"reactome","Mcm7; Dbf4; Pola2; Pole3; Cdk2; Pole; Mcm5; Pole2","liver","RR-8","GLDS-379","Stat_(Space Flight & 22 to 23 day & On ISS & Carcass & 10 to 12 week)v(Ground Control & 24 day & On Earth & Carcass & 10 to 12 week)",1,"flight_positive"
"REACTOME_ACYL_CHAIN_REMODELLING_OF_PC",0.989399293286219,0.990295488298254,0.0404934829859503,0.180086907082727,0.531236616242607,24,"reactome","Pla2g4f; Pla2g4e; Pla2g5; Plb1; Pla2g4c; Tmem86b","liver","RR-8","GLDS-379","Stat_(Space Flight & 22 to 23 day & On ISS & Carcass & 10 to 12 week)v(Ground Control & 24 day & On Earth & Carcass & 10 to 12 week)",1,"flight_positive"
"REACTOME_ACYL_CHAIN_REMODELLING_OF_PE",0.853146853146853,0.895277561944229,0.046788296531803,0.253084134754772,0.738968649698687,23,"reactome","Plaat1; Pla2g4f; Pla2g4e; Pla2g5; Pla2g4c; Mboat1; Pla2g2d; Pla2g3; Plbd1","liver","RR-8","GLDS-379","Stat_(Space Flight & 22 to 23 day & On ISS & Carcass & 10 to 12 week)v(Ground Control & 24 day & On Earth & Carcass & 10 to 12 week)",1,"flight_positive"
"REACTOME_ACYL_CHAIN_REMODELLING_OF_PG",0.849673202614379,0.893329104556507,0.0571258510018113,-0.25736897379414,-0.707674515681331,15,"reactome","Lpcat1; Lpcat4; Pla2g12a; Pla2g4a","liver","RR-8","GLDS-379","Stat_(Space Flight & 22 to 23 day & On ISS & Carcass & 10 to 12 week)v(Ground Control & 24 day & On Earth & Carcass & 10 to 12 week)",1,"flight_positive"
"REACTOME_ACYL_CHAIN_REMODELLING_OF_PS",0.987610619469027,0.989401391217837,0.0406579344155557,0.204153758719244,0.56302866521663,19,"reactome","Pla2g4f; Pla2g4e; Pla2g5; Osbpl10; Mboat1; Pla2g2d","liver","RR-8","GLDS-379","Stat_(Space Flight & 22 to 23 day & On ISS & Carcass & 10 to 12 week)v(Ground Control & 24 day & On Earth & Carcass & 10 to 12 week)",1,"flight_positive"
"REACTOME_ADHERENS_JUNCTIONS_INTERACTIONS",0.00878842750134338,0.0603180893725741,0.380730400722792,0.439235161047613,1.5422854665949,56,"reactome","Sp1; Ago1; Tnrc6c; Afdn; Cadm1; Tnrc6b; Cdh15; Ctnna1; Ago2; Ilf3; Zeb2; Mov10; Cdh18; Actb; Adam33; Ctnnd1; Zc3h12a; Cadm3; Cdh5; Ago4; Tnrc6a; Cdh2; Nectin2; Cdh6; Cdh1; Nectin1; Amot","liver","RR-8","GLDS-379","Stat_(Space Flight & 22 to 23 day & On ISS & Carcass & 10 to 12 week)v(Ground Control & 24 day & On Earth & Carcass & 10 to 12 week)",1,"flight_positive"
"REACTOME_ADIPOGENESIS",0.000479983077751052,0.00716731487722855,0.49849310876659,0.42092519167009,1.65243284277949,108,"reactome","Ncor1; Rela; Med13; Tbl1xr1; Chd4; Crebbp; Ncoa6; Thrap3; Gatad2a; Usp46; Slc2a4; Hdac3; Mta2; Hnrnpu; Ncoa1; Med1; Gatad2b; Ncor2; Mta3; Hdac2; Ncoa2; Cox7a1; Lpl; Med15; Carm1; Cdk8; Med9; Cidea; Med13l; Ppargc1a; Smad4; Mta1; Chd9; Srebf2; Cdk4; Ebf2; Helz2; Med12; Bmp7; Klf4; Rxra","liver","RR-8","GLDS-379","Stat_(Space Flight & 22 to 23 day & On ISS & Carcass & 10 to 12 week)v(Ground Control & 24 day & On Earth & Carcass & 10 to 12 week)",1,"flight_positive"
"REACTOME_ADORA2B_MEDIATED_ANTI_INFLAMMATORY_CYTOKINES_PRODUCTION",0.327710843373494,0.51291852964265,0.115240003147781,-0.299174368323958,-1.07438334951219,42,"reactome","Adcy7; Adcy4; Gnai1; Gng10; Gnb4; Gnb5; Gnai3; Gng11; Gnb2; Adcy3; Gngt2","liver","RR-8","GLDS-379","Stat_(Space Flight & 22 to 23 day & On ISS & Carcass & 10 to 12 week)v(Ground Control & 24 day & On Earth & Carcass & 10 to 12 week)",1,"flight_positive"
"REACTOME_ADP_SIGNALLING_THROUGH_P2Y_PURINOCEPTOR_1",0.211711711711712,0.402208808102731,0.142056643575821,-0.373033286063205,-1.18669524407031,25,"reactome","P2ry1; Gng10; Gnb4; Gna11; Gnb5; Gng11; Gnb2; Gngt2","liver","RR-8","GLDS-379","Stat_(Space Flight & 22 to 23 day & On ISS & Carcass & 10 to 12 week)v(Ground Control & 24 day & On Earth & Carcass & 10 to 12 week)",1,"flight_positive"
"REACTOME_ADP_SIGNALLING_THROUGH_P2Y_PURINOCEPTOR_12",0.0186156759256511,0.0947941101283157,0.352487857583619,-0.532962182165741,-1.63472353619368,22,"reactome","Gnai1; Gng10; Gnb4; Gnb5; Gnai3; Gng11; Gnb2; Gngt2","liver","RR-8","GLDS-379","Stat_(Space Flight & 22 to 23 day & On ISS & Carcass & 10 to 12 week)v(Ground Control & 24 day & On Earth & Carcass & 10 to 12 week)",1,"flight_positive"
"REACTOME_ADRENALINE_NORADRENALINE_INHIBITS_INSULIN_SECRETION",0.23953488372093,0.430598729859002,0.135002033828631,-0.352179483247851,-1.15072996517993,28,"reactome","Gnai1; Gng10; Gnb4; Gnb5; Gng11; Gnb2; Gngt2; Cacnb3","liver","RR-8","GLDS-379","Stat_(Space Flight & 22 to 23 day & On ISS & Carcass & 10 to 12 week)v(Ground Control & 24 day & On Earth & Carcass & 10 to 12 week)",1,"flight_positive"
"REACTOME_AEROBIC_RESPIRATION_AND_RESPIRATORY_ELECTRON_TRANSPORT",1.99683777215588e-08,1.29794455190132e-06,0.73376198835648,-0.410962085158372,-1.92659223837948,220,"reactome","Nubpl; Sdhd; Ndufa7; Sirt3; Ndufb6; Ndufc2; Ndufa2; Mpc2; Ndufab1; Ndufs4; Ndufb2; Hscb; Ndufa11; Uqcrfs1; Ndufv1; Ndufc1; Ndufaf8; Cox5a; Cox11; Uqcr11; Uqcr10; Cmc1; Uqcc2; Rps27a; Sdhaf4; Cox7b; Ndufs3; Cox4i1; Pet100; Higd1a; Sdhb; Ndufb8; Rab5if; Uqcrq; Coq10b; Cox19; Tmem186; Cox18; Ndufb7; Ndufb11; Ndufa4; Etfa; Cox7a2; Cox5b; Suclg1; Sdhc; Ubc; Sdhaf3; Slc25a13; Smim20; Me2; Ndufb1; Cox14; Cox7c; Hccs; Cox17; Etfb; Cyc1; Slc25a11; Mpc1; Coa3; Ndufaf4; Ucp2; Ndufa6; Uba52; Ndufa9; Uqcrc1; Tmem177; Ndufb10; Acat1; Dmac1; L2hgdh; Nek1; Atp5pb; Ndufs8; Gpt; Pcx; Ndufv3; Pdhb; Ndufaf3; Ndufaf5; Nnt; Dmac2l; Pdk3; Ucp1; Ndufs2; Ldha; Trap1; Tmem223; Timm21; Cox6b2; Ndufb9; Cox6a1; Ndufs5; Hagh; Uqcrh; Tmem126a; Tmem126b; D2hgdh","liver","RR-8","GLDS-379","Stat_(Space Flight & 22 to 23 day & On ISS & Carcass & 10 to 12 week)v(Ground Control & 24 day & On Earth & Carcass & 10 to 12 week)",1,"flight_positive"
"REACTOME_AFLATOXIN_ACTIVATION_AND_DETOXIFICATION",0.479302832244009,0.639649311146896,0.0860347242455604,-0.35607398138853,-0.979078707938605,15,"reactome","Cyp3a11; Cyp2a5; Dpep1; Ggt1; Dpep2; Akr7a5; Mgst1; Mgst2","liver","RR-8","GLDS-379","Stat_(Space Flight & 22 to 23 day & On ISS & Carcass & 10 to 12 week)v(Ground Control & 24 day & On Earth & Carcass & 10 to 12 week)",1,"flight_positive"
"REACTOME_AGGREPHAGY",0.141652613827993,0.323401112148621,0.151148761385484,0.385857776725998,1.26756814590364,38,"reactome","Tuba8; Tubb2a; Tuba4a; Pcnt; Ube2n; Ubb; Hsf1; Ube2v1; Hdac6; Tubb4b; Cftr; Arl13b; Dynll1; Dync1h1","liver","RR-8","GLDS-379","Stat_(Space Flight & 22 to 23 day & On ISS & Carcass & 10 to 12 week)v(Ground Control & 24 day & On Earth & Carcass & 10 to 12 week)",1,"flight_positive"
"REACTOME_AMINE_LIGAND_BINDING_RECEPTORS",0.586879432624113,0.698816565786256,0.0649407684612899,0.314830576371441,0.901729625257472,22,"reactome","Adra1b; Adra2a; Adrb3; Adra1a","liver","RR-8","GLDS-379","Stat_(Space Flight & 22 to 23 day & On ISS & Carcass & 10 to 12 week)v(Ground Control & 24 day & On Earth & Carcass & 10 to 12 week)",1,"flight_positive"
"REACTOME_AMINO_ACIDS_REGULATE_MTORC1",0.0203282987861305,0.100280223922652,0.352487857583619,-0.385844368432542,-1.43553733835464,53,"reactome","Lamtor5; Atp6v1h; Bmt2; Sec13; Lamtor4; Atp6v1g1; Atp6v0e; Atp6v1f; Castor1; Atp6v1e1; Rragc; Atp6v0b; Sesn1; Atp6v0d1; Wdr59; Atp6v1b2; Kptn","liver","RR-8","GLDS-379","Stat_(Space Flight & 22 to 23 day & On ISS & Carcass & 10 to 12 week)v(Ground Control & 24 day & On Earth & Carcass & 10 to 12 week)",1,"flight_positive"
"REACTOME_AMINO_ACID_TRANSPORT_ACROSS_THE_PLASMA_MEMBRANE",0.39568345323741,0.578338044376413,0.102821842840815,-0.309981981241148,-1.03825576424168,32,"reactome","Slc36a4; Slc43a2; Slc7a1; Slc25a29; Slc7a6; Slc6a19; Slc7a2; Slc38a5; Slc7a7; Slc1a5; Slc38a3","liver","RR-8","GLDS-379","Stat_(Space Flight & 22 to 23 day & On ISS & Carcass & 10 to 12 week)v(Ground Control & 24 day & On Earth & Carcass & 10 to 12 week)",1,"flight_positive"
"REACTOME_AMYLOID_FIBER_FORMATION",0.00923147760104704,0.0621998948119328,0.380730400722792,-0.366143797897901,-1.51206562442997,90,"reactome","H2az1; H2bc8; H2bc3; Tgfbi; Rps27a; Mfge8; H2bc6; Ltf; Tspan15; Ubc; H2bc14; H4c3; H4c18; H4c6; Lyz2; Siah1a; Ncstn; H3c1; H4c14; Cst3; Uba52; H2ac20; H4c11; Ttr; Gsn; Tspan5; H4c16; App; H2ac23; Hspg2; Aph1a; H4c2; H3c11; Adam10; Nat8; H2ac7; Apoa1; H4c8; Aph1c","liver","RR-8","GLDS-379","Stat_(Space Flight & 22 to 23 day & On ISS & Carcass & 10 to 12 week)v(Ground Control & 24 day & On Earth & Carcass & 10 to 12 week)",1,"flight_positive"
"REACTOME_ANCHORING_FIBRIL_FORMATION",0.0871459694989107,0.248728222212218,0.224966093540314,-0.518550982070415,-1.42583354039512,15,"reactome","Col4a4; Col1a2; Col4a5; Col1a1; Col4a3; Lama3","liver","RR-8","GLDS-379","Stat_(Space Flight & 22 to 23 day & On ISS & Carcass & 10 to 12 week)v(Ground Control & 24 day & On Earth & Carcass & 10 to 12 week)",1,"flight_positive"
"REACTOME_ANCHORING_OF_THE_BASAL_BODY_TO_THE_PLASMA_MEMBRANE",9.04575162103478e-06,0.00026304093529588,0.593325476396405,0.493636487390213,1.90837276246663,97,"reactome","Odf2; Rab8a; Cenpj; Ywhae; Ttbk2; Ppp2r1a; Cep135; Rab3ip; Mark4; Cep57; Tuba4a; Csnk1d; Pcnt; Cep250; Cep164; Haus7; Cc2d2a; Cep83; Akap9; Ckap5; Cep89; Clasp1; Rpgrip1l; Cdk5rap2; Septin2; Nde1; Fbf1; Alms1; Cep131; Plk1; Cep78; Pcm1; Prkaca; Tctn3; Dctn1; Tubb4b; Ofd1; Cdk1; Mapre1; Cep63; Pafah1b1; Dynll1; Dync1h1; Cep290; Csnk1e","liver","RR-8","GLDS-379","Stat_(Space Flight & 22 to 23 day & On ISS & Carcass & 10 to 12 week)v(Ground Control & 24 day & On Earth & Carcass & 10 to 12 week)",1,"flight_positive"
"REACTOME_ANTIGEN_ACTIVATES_B_CELL_RECEPTOR_BCR_LEADING_TO_GENERATION_OF_SECOND_MESSENGERS",0.926332288401254,0.942054991166078,0.0380056241581377,0.204927543263584,0.730087108273709,60,"reactome","Igkv8-30; Ahcyl1; Pik3r1; Igkv14-111; Itpr2; Stim1; Sos1; Ighm; Ptpn6; Igkv11-125; Grb2","liver","RR-8","GLDS-379","Stat_(Space Flight & 22 to 23 day & On ISS & Carcass & 10 to 12 week)v(Ground Control & 24 day & On Earth & Carcass & 10 to 12 week)",1,"flight_positive"
"REACTOME_ANTIGEN_PRESENTATION_FOLDING_ASSEMBLY_AND_PEPTIDE_LOADING_OF_CLASS_I_MHC",0.109004739336493,0.278460056396973,0.208955027549354,-0.387977634428993,-1.27404757878604,29,"reactome","H2-M3; Sec24d; H2-T23; Atg14; Sar1b; Sec13; H2-D1; Hspa5; H2-Q1; Tap1; Tap2; Sec24c","liver","RR-8","GLDS-379","Stat_(Space Flight & 22 to 23 day & On ISS & Carcass & 10 to 12 week)v(Ground Control & 24 day & On Earth & Carcass & 10 to 12 week)",1,"flight_positive"
"REACTOME_ANTIGEN_PROCESSING_CROSS_PRESENTATION",0.00238368523627397,0.0258232567263014,0.431707695803346,-0.375221846355286,-1.55763264149307,97,"reactome","H2-M3; Vamp3; Psmb5; H2-T23; Sec61b; Tlr4; Psma7; S100a8; Rps27a; Ncf2; Ncf4; Cyba; S100a9; Psmb1; Psmb4; Psmd6; Psmd13; H2-D1; Mrc2; Ubc; Itgav; Cd207; Psmb9; H2-Q1; Mrc1; Psmb3; Cybb; Psme2; Ncf1; Chuk; Fcgr1; Uba52; Tap1; Psmb10","liver","RR-8","GLDS-379","Stat_(Space Flight & 22 to 23 day & On ISS & Carcass & 10 to 12 week)v(Ground Control & 24 day & On Earth & Carcass & 10 to 12 week)",1,"flight_positive"
"REACTOME_ANTIGEN_PROCESSING_UBIQUITINATION_PROTEASOME_DEGRADATION",0.00164138491541609,0.0190918982266819,0.45505986738723,0.324389820293088,1.41909554505522,289,"reactome","Asb18; Asb7; Nedd4l; Klhl41; Rnf144b; Smurf1; Arih2; Ube2r2; Fbxo11; Rbbp6; Cdc27; Trip12; Ube2q1; Dcaf1; Anapc1; Trim21; Herc1; Ube2s; Blmh; Rnf25; Gan; Ube2m; Ube2g2; Psmd11; Fbxw7; Asb11; Ube2l6; Ube2n; Trim37; Rnf6; Ube2l3; Asb15; Smurf2; Ubb; Fbxo40; Trim63; Btbd1; Rnf123; Asb12; Psmd7; Ubr4; Sem1; Asb10; Ube2z; Trim11; Zbtb16; Anapc5; Kctd6; Herc2; Psma4; Trim71; Trim39; Rnf34; Asb2; Ube2v1; Fbxl18; Rnf220; Ube2k; Ube2j2; Rnf111; Wsb1; Psmc3; Ube2f; Cdc34; Ccnf; Ube3a; Fbxo22; Asb14; Klhl20; Asb5; Nedd4; Lrsam1; Asb13; Fbxw2; Mib2; Psmb2; Rnf41; Ube2e2; Hectd3; Asb16; Det1; Ube3b; Btrc; Ube2q2; Ube2j1; Rnf126; Psmc1; Anapc7; Kbtbd13; Fbxl22; Asb6; Keap1; Asb4; Npepps; Psmc4; Rnf19b","liver","RR-8","GLDS-379","Stat_(Space Flight & 22 to 23 day & On ISS & Carcass & 10 to 12 week)v(Ground Control & 24 day & On Earth & Carcass & 10 to 12 week)",1,"flight_positive"
"REACTOME_ANTIGEN_PROCESSING_UB_ATP_INDEPENDENT_PROTEASOMAL_DEGRADATION",0.0540145556606952,0.190543933956265,0.321775918075361,-0.499939105970192,-1.47390009080509,19,"reactome","Psmb5; Psma7; Psmb1; Psmb4; Psmb9; Psmb3; Psme2; Psmb10; Psmb8","liver","RR-8","GLDS-379","Stat_(Space Flight & 22 to 23 day & On ISS & Carcass & 10 to 12 week)v(Ground Control & 24 day & On Earth & Carcass & 10 to 12 week)",1,"flight_positive"
"REACTOME_ANTIMICROBIAL_PEPTIDES",0.0108420520904635,0.0692860537704217,0.380730400722792,0.46905713492538,1.55943691187132,42,"reactome","Try4; Prss2; Lcn2","liver","RR-8","GLDS-379","Stat_(Space Flight & 22 to 23 day & On ISS & Carcass & 10 to 12 week)v(Ground Control & 24 day & On Earth & Carcass & 10 to 12 week)",1,"flight_positive"
"REACTOME_ANTIVIRAL_MECHANISM_BY_IFN_STIMULATED_GENES",0.109116022099448,0.278460056396973,0.156312403073186,0.299387191807814,1.22099618364443,139,"reactome","Tuba8; Ube2i; Ppp2r1b; Ppp2r1a; Plcg1; Tpr; Stat3; Ppm1b; Aaas; Tubb2a; Nup98; Eif4g3; Tuba4a; Ube2l6; Fancm; Ube2n; Ubb; Arih1; Snca; Mapt; Kpnb1; Nup50; Mavs; Becn1; Eif4g2; Nup153; Ilf3; Mapk3; Ptpn2; Rae1; Eif4g1; Ndc1; Cenps; Ikbkg; Nedd4; Pom121; Tubb4b; Hspa8; Hspa1l; Pde12; Irf3; Nup93; Cdk1; Faap24","liver","RR-8","GLDS-379","Stat_(Space Flight & 22 to 23 day & On ISS & Carcass & 10 to 12 week)v(Ground Control & 24 day & On Earth & Carcass & 10 to 12 week)",1,"flight_positive"
"REACTOME_ANTI_INFLAMMATORY_RESPONSE_FAVOURING_LEISHMANIA_PARASITE_INFECTION",0.171428571428571,0.358088036726978,0.191892240384838,-0.268610043926114,-1.14761685736232,107,"reactome","Ighg2b; Lyn; Igkv1-88; Igkv12-44; Fcgr4; Igkv8-28; Plk2; Adcy7; Igkv1-110; Adcy4; Gnai1; Gng10; Hck; Fgr; Gnb4; Gnb5; Gnai3; Ighv5-9; Fcgr1; Gng11; Gnb2; Adcy3; Cd247; Gngt2","liver","RR-8","GLDS-379","Stat_(Space Flight & 22 to 23 day & On ISS & Carcass & 10 to 12 week)v(Ground Control & 24 day & On Earth & Carcass & 10 to 12 week)",1,"flight_positive"
"REACTOME_APC_CDC20_MEDIATED_DEGRADATION_OF_NEK2A",0.725978647686833,0.803009415109059,0.0550211117163117,0.272113515235313,0.817191691676879,26,"reactome","Cdc27; Anapc1; Ube2s; Ubb; Anapc5; Anapc7; Bub1b; Anapc4; Ube2d1; Mad2l1","liver","RR-8","GLDS-379","Stat_(Space Flight & 22 to 23 day & On ISS & Carcass & 10 to 12 week)v(Ground Control & 24 day & On Earth & Carcass & 10 to 12 week)",1,"flight_positive"
"REACTOME_APC_C_CDC20_MEDIATED_DEGRADATION_OF_CYCLIN_B",0.712014134275618,0.795543763285699,0.0555947097758869,0.280435965544505,0.82725532811863,24,"reactome","Cdc27; Anapc1; Ube2s; Ubb; Anapc5; Cdk1; Anapc7; Anapc4; Ube2d1","liver","RR-8","GLDS-379","Stat_(Space Flight & 22 to 23 day & On ISS & Carcass & 10 to 12 week)v(Ground Control & 24 day & On Earth & Carcass & 10 to 12 week)",1,"flight_positive"
"REACTOME_APC_C_CDH1_MEDIATED_DEGRADATION_OF_CDC20_AND_OTHER_APC_C_CDH1_TARGETED_PROTEINS_IN_LATE_MITOSIS_EARLY_G1",0.845201238390093,0.891171153073523,0.0416556773979467,0.221136217465392,0.789407650711703,61,"reactome","Cdc27; Anapc1; Ube2s; Psmd11; Aurka; Ubb; Psmd7; Sem1; Anapc5; Psma4; Rb1; Psmc3; Plk1; Psmb2; Psmc1; Anapc7; Psmc4; Psmd3; Anapc4; Ube2d1; Psmd12; Aurkb; Adrm1; Psmd1","liver","RR-8","GLDS-379","Stat_(Space Flight & 22 to 23 day & On ISS & Carcass & 10 to 12 week)v(Ground Control & 24 day & On Earth & Carcass & 10 to 12 week)",1,"flight_positive"
"REACTOME_APC_C_MEDIATED_DEGRADATION_OF_CELL_CYCLE_PROTEINS",0.693939393939394,0.783251307766119,0.0496901392724606,0.239918244745294,0.888401164356022,74,"reactome","Cdc27; Anapc1; Ube2s; Psmd11; Aurka; Ubb; Psmd7; Sem1; Anapc5; Psma4; Cdk2; Rb1; Fbxo5; Psmc3; Plk1; Cdc14a; Psmb2; Btrc; Cdk1; Psmc1; Anapc7; Psmc4; Psmd3; Bub1b; Anapc4; Ube2d1; Psmd12; Mad2l1; Aurkb; Adrm1; Psmd1","liver","RR-8","GLDS-379","Stat_(Space Flight & 22 to 23 day & On ISS & Carcass & 10 to 12 week)v(Ground Control & 24 day & On Earth & Carcass & 10 to 12 week)",1,"flight_positive"
"REACTOME_APOPTOSIS",0.388059701492537,0.570979986883161,0.0721797965581253,0.248365671847876,1.02549966950196,164,"reactome","Acin1; Ywhae; Akt2; Dapk1; Stat3; Ywhah; Trp53bp2; Dsp; Ywhaz; Gsdmd; Psmd11; Hmgb1; Fadd; Tjp2; Ly96; Ubb; Psmd7; Mapt; Add1; Ripk1; Ptk2; Sem1; Kpnb1; Diablo; Sptan1; Psma4; Stk24; Bak1; Prkcd; Psmc3; Mapk3; Rock1; Akt3; Tjp1; Appl1; Psmb2; Mapk8; Tfdp2; Akt1; Ppp1r13b; Psmc1; Lmnb1; Dynll1; Fasl; Bcl2l1; Psmc4; Apc; Ticam1; Psmd3; Dsg2; Uaca; Arhgap10; Aven; Dapk2; Maged1; Trp63; Psmd12; Fnta; Dapk3; Casp8; Oma1","liver","RR-8","GLDS-379","Stat_(Space Flight & 22 to 23 day & On ISS & Carcass & 10 to 12 week)v(Ground Control & 24 day & On Earth & Carcass & 10 to 12 week)",1,"flight_positive"
"REACTOME_APOPTOTIC_CLEAVAGE_OF_CELLULAR_PROTEINS",0.311973018549747,0.496014655392044,0.0959206777921745,0.329905410714702,1.08376094770319,38,"reactome","Acin1; Dsp; Tjp2; Mapt; Add1; Ptk2; Sptan1; Stk24; Prkcd; Rock1; Tjp1; Lmnb1; Apc; Dsg2; Fnta; Casp8","liver","RR-8","GLDS-379","Stat_(Space Flight & 22 to 23 day & On ISS & Carcass & 10 to 12 week)v(Ground Control & 24 day & On Earth & Carcass & 10 to 12 week)",1,"flight_positive"
"REACTOME_APOPTOTIC_EXECUTION_PHASE",0.693270735524257,0.783251307766119,0.051218434854034,0.2504704957246,0.873623202071493,52,"reactome","Acin1; Dsp; Hmgb1; Tjp2; Mapt; Add1; Ptk2; Kpnb1; Sptan1; Stk24; Prkcd; Rock1; Tjp1","liver","RR-8","GLDS-379","Stat_(Space Flight & 22 to 23 day & On ISS & Carcass & 10 to 12 week)v(Ground Control & 24 day & On Earth & Carcass & 10 to 12 week)",1,"flight_positive"
"REACTOME_APOPTOTIC_FACTOR_MEDIATED_RESPONSE",0.892035398230088,0.920353982300885,0.0453152441270267,0.250319166421898,0.690346663381691,19,"reactome","Gsdmd; Diablo; Bak1; Mapk3; Uaca; Aven","liver","RR-8","GLDS-379","Stat_(Space Flight & 22 to 23 day & On ISS & Carcass & 10 to 12 week)v(Ground Control & 24 day & On Earth & Carcass & 10 to 12 week)",1,"flight_positive"
"REACTOME_AQUAPORIN_MEDIATED_TRANSPORT",0.561551433389545,0.688522392062215,0.0646484568421928,0.276879467780521,0.931224740604291,45,"reactome","Myo5b; Prkar2a; Rab11fip2; Adcy2; Prkaca; Adcy1; Gng12; Gngt1; Gnas; Gng8; Prkar1a","liver","RR-8","GLDS-379","Stat_(Space Flight & 22 to 23 day & On ISS & Carcass & 10 to 12 week)v(Ground Control & 24 day & On Earth & Carcass & 10 to 12 week)",1,"flight_positive"
"REACTOME_ARACHIDONATE_METABOLISM",0.0108216450716062,0.0692860537704217,0.380730400722792,-0.402225784072176,-1.49648453813193,53,"reactome","Alox5ap; Cyp2u1; Ptgis; Prxl2b; Ephx2; Cyp4b1; Ptgs1; Akr1c18; Ptges3; Cyp4f18; Gpx2; Abcc1; Lta4h; Cyp1b1; Dpep1; Gpx4; Ggt1; Alox12; Dpep2; Cyp4a31; Pla2g4a; Ptgr1; Ptgds; Alox8; Pon1; Ptges2; Cyp1a1; Ptgr2","liver","RR-8","GLDS-379","Stat_(Space Flight & 22 to 23 day & On ISS & Carcass & 10 to 12 week)v(Ground Control & 24 day & On Earth & Carcass & 10 to 12 week)",1,"flight_positive"
"REACTOME_ASPARAGINE_N_LINKED_GLYCOSYLATION",0.57235142118863,0.694235258412115,0.051218434854034,0.219511017766432,0.964774040999624,300,"reactome","St8sia5; Ank1; Cog8; Tuba8; St3gal1; Calr; Canx; Sptb; Rad23b; Sec24b; Ubxn1; Golgb1; Arcn1; Golga2; Edem1; Spta1; Tubb2a; Sec22a; Sec23ip; Tuba4a; Csnk1d; Serpina1e; Lman2l; Ubb; Sec16a; Man1a2; Tgfa; Serpina1b; Mgat5; Copz2; Ctsc; Gosr1; Nsf; Ctsz; Man2a2; Ank2; Uggt1; Rpn1; Ppp6r1; Rnf185; Sptan1; Ppp6c; Lman1; Trim13; St8sia3; Ost4; St6galnac3; Capza2; B4galt5; Ykt6; Dad1; Capzb; Stx17; Stt3a; Tmed2; Rnf5; Alg3; Sel1l; Mvd; St6galnac6; B4galt3; Man1b1; Dctn1; Sec31b; Tubb4b; Napg; Arf3; St3gal6; Col7a1; Arfgap1; Cog1; Os9; Slc35c1; Pdia3; Tmed10; B4galnt2; St3gal3; Psmc1; Pmm2; Ddost; Dynll1; Dctn5; Preb; Dync1h1","liver","RR-8","GLDS-379","Stat_(Space Flight & 22 to 23 day & On ISS & Carcass & 10 to 12 week)v(Ground Control & 24 day & On Earth & Carcass & 10 to 12 week)",1,"flight_positive"
"REACTOME_ASPIRIN_ADME",0.00431671037361299,0.0387802029499378,0.407017918923954,-0.528768693339653,-1.77532937180325,31,"reactome","Ugt1a9; Acsm5; Ugt2b35; Ugt2b36; Ugt1a10; Ugt2a3; Ugt3a2; Ugt1a7c; Ugt1a2; Cyp2d22; Ugt1a6b; Cyp3a11; Bche; Ces2h; Abcc3","liver","RR-8","GLDS-379","Stat_(Space Flight & 22 to 23 day & On ISS & Carcass & 10 to 12 week)v(Ground Control & 24 day & On Earth & Carcass & 10 to 12 week)",1,"flight_positive"
"REACTOME_ASSEMBLY_AND_CELL_SURFACE_PRESENTATION_OF_NMDA_RECEPTORS",0.00502754138940705,0.0417701747014646,0.407017918923954,0.516380718845831,1.69634458561814,38,"reactome","Tuba8; Actn2; Dlg3; Dlg1; Camk2a; Tubb2a; Lin7a; Tuba4a; Camk2b; Camk2g; Camk2d; Grin3b; Lin7c; Tubb4b","liver","RR-8","GLDS-379","Stat_(Space Flight & 22 to 23 day & On ISS & Carcass & 10 to 12 week)v(Ground Control & 24 day & On Earth & Carcass & 10 to 12 week)",1,"flight_positive"
"REACTOME_ASSEMBLY_OF_ACTIVE_LPL_AND_LIPC_LIPASE_COMPLEXES",0.732265446224256,0.807538241594614,0.0665892104103933,-0.27971720333581,-0.824650855420334,19,"reactome","Gpihbp1; Creb3l3; Lipc; Apoa5; Mbtps2; Apoc2; Apoa4","liver","RR-8","GLDS-379","Stat_(Space Flight & 22 to 23 day & On ISS & Carcass & 10 to 12 week)v(Ground Control & 24 day & On Earth & Carcass & 10 to 12 week)",1,"flight_positive"
"REACTOME_ASSEMBLY_OF_COLLAGEN_FIBRILS_AND_OTHER_MULTIMERIC_STRUCTURES",0.010910590099592,0.0692860537704217,0.380730400722792,-0.400413413819559,-1.5169667483237,58,"reactome","Col14a1; Pcolce; Col4a4; Mmp3; Col1a2; Col4a5; Loxl2; Col3a1; Lox; Col8a1; Col1a1; Col4a3; Ctsb; Mmp9; Pxdn; Col6a1; Ctss; Itgb4; Lama3; Col6a2; Col5a2; Col17a1; Col6a6; Loxl1; Mmp7; Lamb3; Col9a3; Col6a3; Col6a5; Loxl3","liver","RR-8","GLDS-379","Stat_(Space Flight & 22 to 23 day & On ISS & Carcass & 10 to 12 week)v(Ground Control & 24 day & On Earth & Carcass & 10 to 12 week)",1,"flight_positive"
"REACTOME_ASSEMBLY_OF_THE_HIV_VIRION",0.895495495495495,0.920486067462811,0.0459538081039063,0.258474738987592,0.676909551993438,16,"reactome","Ubb; Furin; Ubap1; Nmt2; Tsg101; Mvb12b; Vps37d","liver","RR-8","GLDS-379","Stat_(Space Flight & 22 to 23 day & On ISS & Carcass & 10 to 12 week)v(Ground Control & 24 day & On Earth & Carcass & 10 to 12 week)",1,"flight_positive"
"REACTOME_ASSEMBLY_OF_THE_ORC_COMPLEX_AT_THE_ORIGIN_OF_REPLICATION",0.000383287575363137,0.00596525029262347,0.49849310876659,-0.502372065050845,-1.84871537380956,50,"reactome","H2bc8; H2bc3; H2bc6; Orc6; H2bc14; H4c3; H4c18; H4c6; Orc4; H3c1; H4c14; H2ac20; Orc1; H4c11; H4c16; H2ac23; Kpna1; H4c2; H3c11; H2ac7; H4c8","liver","RR-8","GLDS-379","Stat_(Space Flight & 22 to 23 day & On ISS & Carcass & 10 to 12 week)v(Ground Control & 24 day & On Earth & Carcass & 10 to 12 week)",1,"flight_positive"
"REACTOME_ASSOCIATION_OF_TRIC_CCT_WITH_TARGET_PROTEINS_DURING_BIOSYNTHESIS",0.855421686746988,0.896813058686358,0.0459538081039063,0.235586571072505,0.767016065024981,37,"reactome","Hdac3; Stat3; Fbxw7; Kif13a; Nop56; Arfgef2","liver","RR-8","GLDS-379","Stat_(Space Flight & 22 to 23 day & On ISS & Carcass & 10 to 12 week)v(Ground Control & 24 day & On Earth & Carcass & 10 to 12 week)",1,"flight_positive"
"REACTOME_ASYMMETRIC_LOCALIZATION_OF_PCP_PROTEINS",0.37466307277628,0.560220156181042,0.11378726182188,-0.282229862381364,-1.0409179533426,51,"reactome","Psmb5; Psma7; Rps27a; Psmb1; Psmb4; Psmd6; Psmd13; Fzd5; Ubc; Psmb3; Prickle1; Uba52","liver","RR-8","GLDS-379","Stat_(Space Flight & 22 to 23 day & On ISS & Carcass & 10 to 12 week)v(Ground Control & 24 day & On Earth & Carcass & 10 to 12 week)",1,"flight_positive"
"REACTOME_ATF4_ACTIVATES_GENES_IN_RESPONSE_TO_ENDOPLASMIC_RETICULUM_STRESS",0.185053380782918,0.373390102145243,0.134273452883202,0.409143635542436,1.22871067017241,26,"reactome","Igfbp1; Exosc9; Atf4; Nfyb; Dis3; Nfya; Nfyc; Khsrp; Atf6; Exosc8; Atf3; Exosc1; Asns; Cebpg; Exosc2; Ddit3","liver","RR-8","GLDS-379","Stat_(Space Flight & 22 to 23 day & On ISS & Carcass & 10 to 12 week)v(Ground Control & 24 day & On Earth & Carcass & 10 to 12 week)",1,"flight_positive"
"REACTOME_ATP_DEPENDENT_CHROMATIN_REMODELERS",0.000291118925861747,0.0049490217396497,0.49849310876659,0.615860318220867,1.91026873325476,31,"reactome","Dpf2; Smarcc2; Smarce1; Bicral; Ss18l1; Smarcd1; Arid1a; Dpf3; Brd9; Bicra; Bcl7a; Smarca4; Arid1b; Ss18; Smarcc1; Brd7; Actb; Smarca2","liver","RR-8","GLDS-379","Stat_(Space Flight & 22 to 23 day & On ISS & Carcass & 10 to 12 week)v(Ground Control & 24 day & On Earth & Carcass & 10 to 12 week)",1,"flight_positive"
"REACTOME_ATTACHMENT_AND_ENTRY",0.653097345132743,0.746300482287158,0.0597317976364411,0.313825090921506,0.865487479444422,19,"reactome","Ctsl; Tmprss2; Sdc2; Furin","liver","RR-8","GLDS-379","Stat_(Space Flight & 22 to 23 day & On ISS & Carcass & 10 to 12 week)v(Ground Control & 24 day & On Earth & Carcass & 10 to 12 week)",1,"flight_positive"
"REACTOME_ATTENUATION_PHASE",0.263440860215054,0.447988904299584,0.110122263835536,0.385678249910284,1.14632535342699,25,"reactome","Crebbp; Hsp90ab1; Fkbp4; Ubb; Hsf1; Cryba4; Hspb1; Hspa8; Hspa1l","liver","RR-8","GLDS-379","Stat_(Space Flight & 22 to 23 day & On ISS & Carcass & 10 to 12 week)v(Ground Control & 24 day & On Earth & Carcass & 10 to 12 week)",1,"flight_positive"
"REACTOME_AUF1_HNRNP_D0_BINDS_AND_DESTABILIZES_MRNA",0.409638554216867,0.588351042896497,0.100990587455923,-0.284126906549405,-1.0203454903414,42,"reactome","Psmb5; Psma7; Rps27a; Psmb1; Psmb4; Psmd6; Psmd13; Ubc; Psmb3; Uba52","liver","RR-8","GLDS-379","Stat_(Space Flight & 22 to 23 day & On ISS & Carcass & 10 to 12 week)v(Ground Control & 24 day & On Earth & Carcass & 10 to 12 week)",1,"flight_positive"
"REACTOME_AURKA_ACTIVATION_BY_TPX2",1.19241044959369e-05,0.000337849627384878,0.593325476396405,0.533394868227891,1.96231867273192,72,"reactome","Odf2; Cenpj; Ywhae; Ppp2r1a; Cep135; Cep57; Aurka; Tuba4a; Csnk1d; Pcnt; Cep250; Cep164; Haus7; Akap9; Ckap5; Clasp1; Cdk5rap2; Nde1; Alms1; Cep131; Plk1; Cep78; Pcm1; Tpx2; Prkaca; Dctn1; Tubb4b; Ofd1; Cdk1; Mapre1; Cep63; Pafah1b1; Hmmr; Dynll1; Dync1h1; Cep290; Csnk1e","liver","RR-8","GLDS-379","Stat_(Space Flight & 22 to 23 day & On ISS & Carcass & 10 to 12 week)v(Ground Control & 24 day & On Earth & Carcass & 10 to 12 week)",1,"flight_positive"
"REACTOME_AUTOPHAGY",0.242382271468144,0.430598729859002,0.0992333343771191,0.273217316970859,1.11753863426554,150,"reactome","Tuba8; Pik3r4; Mlst8; Hsp90ab1; Mfn1; Tubb2a; Tbk1; Tuba4a; Pcnt; Ube2n; Chmp6; Csnk2b; Ube2l3; Ubb; Tsc2; Chmp3; Hsf1; Tsc1; Becn1; Ube2v1; Rptor; Tomm6; Ubap1; Chmp4b; Optn; Nbr1; Hdac6; Csnk2a2; Tubb4b; Gfap; Wipi1; Hspa8; Sqstm1; Atg4a; Atg3; Cftr; Tsg101; Arl13b; Prkag2; Atg4b; Mfn2; Dynll1; Atg16l2; Dync1h1; Gabarap; Rragb; Prkab2; Ambra1; Mvb12b; Tuba1b; Vdac1; Vps37d; Plin3; Mtmr3; Csnk2a1; Prkab1; Vdac2; Chmp7; Vcp; Wdr45b","liver","RR-8","GLDS-379","Stat_(Space Flight & 22 to 23 day & On ISS & Carcass & 10 to 12 week)v(Ground Control & 24 day & On Earth & Carcass & 10 to 12 week)",1,"flight_positive"
"REACTOME_AZATHIOPRINE_ADME",0.413953488372093,0.590217554388597,0.0982123351217438,-0.332456352405174,-1.0238401076157,23,"reactome","Nme2; Gmps; Slc28a2b; Guk1; Tpmt; Gsta1; Impdh1; Impdh2","liver","RR-8","GLDS-379","Stat_(Space Flight & 22 to 23 day & On ISS & Carcass & 10 to 12 week)v(Ground Control & 24 day & On Earth & Carcass & 10 to 12 week)",1,"flight_positive"
"REACTOME_A_TETRASACCHARIDE_LINKER_SEQUENCE_IS_REQUIRED_FOR_GAG_SYNTHESIS",0.670454545454545,0.762978653684112,0.070619624712259,-0.273536831843059,-0.874671703646061,26,"reactome","Gpc6; B4galt7; Agrn; Hspg2; Cspg5; Dcn; B3galt6; Vcan; Gpc1; Gpc3","liver","RR-8","GLDS-379","Stat_(Space Flight & 22 to 23 day & On ISS & Carcass & 10 to 12 week)v(Ground Control & 24 day & On Earth & Carcass & 10 to 12 week)",1,"flight_positive"
"REACTOME_BACTERIAL_INFECTION_PATHWAYS",0.229230769230769,0.417986798679868,0.109250039480711,0.312505483817208,1.14311189917112,69,"reactome","Stam2; Pdcd6ip; Txnrd1; Hsp90ab1; Sfpq; Stam; Rab7; Stx1b; B2m; Ubb; Map2k7; Cd9; Kpnb1; Furin; Eno1; Mapk3; Cbll1; Grb2; Hgs; Map2k4; Ctnnd1","liver","RR-8","GLDS-379","Stat_(Space Flight & 22 to 23 day & On ISS & Carcass & 10 to 12 week)v(Ground Control & 24 day & On Earth & Carcass & 10 to 12 week)",1,"flight_positive"
"REACTOME_BASE_EXCISION_REPAIR",0.648093841642229,0.743523606594146,0.0857844408075645,-0.228980765791437,-0.9118169367258,75,"reactome","H2bc8; H2bc3; H2bc6; Smug1; Rfc2; Fen1; Pold2; H2bc14; H4c3; H4c18; H4c6; H4c14; Pole4; Ogg1; H2ac20; H4c11; Rpa3; H4c16; Nthl1; Rpa2; H2ac23","liver","RR-8","GLDS-379","Stat_(Space Flight & 22 to 23 day & On ISS & Carcass & 10 to 12 week)v(Ground Control & 24 day & On Earth & Carcass & 10 to 12 week)",1,"flight_positive"
"REACTOME_BASE_EXCISION_REPAIR_AP_SITE_FORMATION",0.132315521628499,0.310421765179387,0.195789002148949,-0.34013573628008,-1.23308438074715,47,"reactome","H2bc8; H2bc3; H2bc6; Smug1; H2bc14; H4c3; H4c18; H4c6; H4c14; Ogg1; H2ac20; H4c11; H4c16; Nthl1; H2ac23; H4c2; H2ac7; H4c8","liver","RR-8","GLDS-379","Stat_(Space Flight & 22 to 23 day & On ISS & Carcass & 10 to 12 week)v(Ground Control & 24 day & On Earth & Carcass & 10 to 12 week)",1,"flight_positive"
"REACTOME_BASIGIN_INTERACTIONS",0.486238532110092,0.64244596502661,0.0880945010398517,-0.314275617355434,-0.982629703067022,24,"reactome","Atp1b3; Slc7a6; Slc16a3; L1cam; Itgb1; Spn; Slc7a7; Mag","liver","RR-8","GLDS-379","Stat_(Space Flight & 22 to 23 day & On ISS & Carcass & 10 to 12 week)v(Ground Control & 24 day & On Earth & Carcass & 10 to 12 week)",1,"flight_positive"
"REACTOME_BBSOME_MEDIATED_CARGO_TARGETING_TO_CILIUM",0.976744186046512,0.981183932346723,0.0536769600638126,-0.197732635100716,-0.608941898495973,23,"reactome","Bbip1; Bbs10; Cct3; Cct4","liver","RR-8","GLDS-379","Stat_(Space Flight & 22 to 23 day & On ISS & Carcass & 10 to 12 week)v(Ground Control & 24 day & On Earth & Carcass & 10 to 12 week)",1,"flight_positive"
"REACTOME_BETA_CATENIN_INDEPENDENT_WNT_SIGNALING",0.186416184971098,0.374527062532843,0.118815039412263,0.283974763233919,1.13888284238107,131,"reactome","Smurf1; Axin2; Ago1; Tcf7l2; Camk2a; Dvl3; Tnrc6c; Psmd11; Cltb; Smurf2; Ubb; Itpr2; Tcf7l1; Psmd7; Clta; Tnrc6b; Pfn1; Sem1; Rhoa; Psma4; Ror2; Map3k7; Kras; Ago2; Psmc3; Ppp3ca; Ror1; Mov10; Prkg1; Gng12; Gngt1; Ryk; Psmb2; Nfatc1; Nlk; Daam1; Gng8; Psmc1; Tcf7; Scrib; Psmc4; Prkca; Plcb3; Psmd3","liver","RR-8","GLDS-379","Stat_(Space Flight & 22 to 23 day & On ISS & Carcass & 10 to 12 week)v(Ground Control & 24 day & On Earth & Carcass & 10 to 12 week)",1,"flight_positive"
"REACTOME_BETA_CATENIN_PHOSPHORYLATION_CASCADE",0.0449640287769784,0.173724656638326,0.287857117255149,0.56010709976344,1.49553630621633,17,"reactome","Axin1; Ppp2r1b; Ppp2r1a; Ppp2r5c; Ppp2r5d","liver","RR-8","GLDS-379","Stat_(Space Flight & 22 to 23 day & On ISS & Carcass & 10 to 12 week)v(Ground Control & 24 day & On Earth & Carcass & 10 to 12 week)",1,"flight_positive"
"REACTOME_BILE_ACID_AND_BILE_SALT_METABOLISM",0.110843373493976,0.279639104362656,0.208955027549354,-0.356268572575292,-1.2794178340669,42,"reactome","Stard5; Slco1b2; Slc27a5; Scp2; Acot8; Ch25h; Baat; Akr1c18; Akr1c6; Cyp7b1; Abcc3; Akr1d1; Slc10a1; Osbpl1a; Slc27a2; Osbpl9; Cyp46a1","liver","RR-8","GLDS-379","Stat_(Space Flight & 22 to 23 day & On ISS & Carcass & 10 to 12 week)v(Ground Control & 24 day & On Earth & Carcass & 10 to 12 week)",1,"flight_positive"
"REACTOME_BINDING_AND_UPTAKE_OF_LIGANDS_BY_SCAVENGER_RECEPTORS",0.405247813411079,0.586124128035657,0.11378726182188,-0.261464162553906,-1.03670785457811,72,"reactome","Stab1; Igha; Igkv1-88; Igkv12-44; Igkv8-28; Scarf1; Ssc5d; Igkv1-110; Col1a2; Col3a1; Ighv5-9; Colec11; Col1a1; Jchain; Colec12; Sparc; Iglc1; Stab2; Hpx; Igkv17-127; Apoa1; Hsph1; Msr1; Ftl1; Igkv8-27","liver","RR-8","GLDS-379","Stat_(Space Flight & 22 to 23 day & On ISS & Carcass & 10 to 12 week)v(Ground Control & 24 day & On Earth & Carcass & 10 to 12 week)",1,"flight_positive"
"REACTOME_BIOLOGICAL_OXIDATIONS",0.00356533699526733,0.03288532995663,0.431707695803346,-0.30645535841543,-1.40863352146176,189,"reactome","Ugt1a9; Cyp3a25; Mat2b; Fdx1; Adh5; Slc35d2; Acsm5; Ugt2b35; Ugt2b36; Gss; Adh7; Slc35b3; Bphl; Ugt1a10; Tpst1; Gsto2; Ugt2a3; Aadac; Nat2; Slc35b2; Ugt3a2; Cyp2u1; Ugp2; Mat2a; Ptgis; Cyp2s1; Bpnt2; Cmbl; Ugt1a7c; Sult1b1; Fmo3; Cyp4b1; Aoc1; Ugt1a2; Ptgs1; Cyp2d22; Gstt2; Cbr3; Aldh1b1; Ptges3; Cyp4f18; Chac2; Maoa; Fdxr; Cyp7b1; Gstp1; Ugt1a6b; Cyp3a11; Tpmt; Gsta1; Nat1; Ces2h; Papss1; Pomc; Mtarc1; Ephx1; N6amt1; Esd; Cyp2a5; Ugt2b34; Aoc3; Gstk1; Chac1; Cyp46a1; Cyp11a1; Cyp1b1","liver","RR-8","GLDS-379","Stat_(Space Flight & 22 to 23 day & On ISS & Carcass & 10 to 12 week)v(Ground Control & 24 day & On Earth & Carcass & 10 to 12 week)",1,"flight_positive"
"REACTOME_BIOSYNTHESIS_OF_SPECIALIZED_PRORESOLVING_MEDIATORS_SPMS",0.105140186915888,0.276942355889724,0.211400189384923,-0.466010958871601,-1.34308505401823,18,"reactome","Alox5ap; Ephx2; Cyp2d22; Cyp3a11; Lta4h; Gpx4; Alox12; Cyp2e1; Ptgr1; Cyp1a1","liver","RR-8","GLDS-379","Stat_(Space Flight & 22 to 23 day & On ISS & Carcass & 10 to 12 week)v(Ground Control & 24 day & On Earth & Carcass & 10 to 12 week)",1,"flight_positive"
"REACTOME_BIOSYNTHESIS_OF_THE_N_GLYCAN_PRECURSOR_DOLICHOL_LIPID_LINKED_OLIGOSACCHARIDE_LLO_AND_TRANSFER_TO_A_NASCENT_PROTEIN",0.126843657817109,0.301110429865795,0.216542836735348,-0.306462015585395,-1.22106605700012,77,"reactome","Dolk; Gmppb; Rft1; Gfus; Npl; Alg6; Fuom; Slc35a1; Slc17a5; Amdhd2; St8sia4; Alg1; Nudt14; Alg5; St8sia1; Dpm3; St8sia2; Mpdu1; Nus1; St3gal4; St6galnac4; Pgm3; Renbp; Gmppa; Dhdds; Dpm2; Alg11; Fpgt; Uap1; Alg9; Cmas; Nanp; Neu2; Glb1; Alg2; Gfpt1; Hk1; Alg8","liver","RR-8","GLDS-379","Stat_(Space Flight & 22 to 23 day & On ISS & Carcass & 10 to 12 week)v(Ground Control & 24 day & On Earth & Carcass & 10 to 12 week)",1,"flight_positive"
"REACTOME_BLOOD_GROUP_SYSTEMS_BIOSYNTHESIS",0.779005524861878,0.843922651933702,0.053347785067549,0.295785985935477,0.765319240727267,15,"reactome","B3galt2; St6galnac6; St3gal6; B4galnt2; St3gal3","liver","RR-8","GLDS-379","Stat_(Space Flight & 22 to 23 day & On ISS & Carcass & 10 to 12 week)v(Ground Control & 24 day & On Earth & Carcass & 10 to 12 week)",1,"flight_positive"
"REACTOME_BMAL1_CLOCK_NPAS2_ACTIVATES_CIRCADIAN_EXPRESSION",0.0275987549950414,0.122970259151293,0.352487857583619,0.536242078906988,1.5657484233276,23,"reactome","Clock; Tbl1xr1; Npas2; Crebbp; Ncoa6; Ncoa1; Med1; Ncoa2; Carm1; Chd9; Helz2; Rxra; Smarcd3","liver","RR-8","GLDS-379","Stat_(Space Flight & 22 to 23 day & On ISS & Carcass & 10 to 12 week)v(Ground Control & 24 day & On Earth & Carcass & 10 to 12 week)",1,"flight_positive"
"REACTOME_BRANCHED_CHAIN_AMINO_ACID_CATABOLISM",0.257990867579909,0.444340649823068,0.128142916898415,-0.379194498802978,-1.15345728912469,21,"reactome","Echs1; Ppm1k; Aldh6a1; Bckdha; Acad8; Acat1; Auh","liver","RR-8","GLDS-379","Stat_(Space Flight & 22 to 23 day & On ISS & Carcass & 10 to 12 week)v(Ground Control & 24 day & On Earth & Carcass & 10 to 12 week)",1,"flight_positive"
"REACTOME_BUDDING_AND_MATURATION_OF_HIV_VIRION",0.297153024911032,0.47679755226925,0.102080107662747,0.372175571701301,1.11769084595592,26,"reactome","Nedd4l; Pdcd6ip; Chmp6; Ubb; Chmp3; Vps4a; Ubap1; Chmp4b","liver","RR-8","GLDS-379","Stat_(Space Flight & 22 to 23 day & On ISS & Carcass & 10 to 12 week)v(Ground Control & 24 day & On Earth & Carcass & 10 to 12 week)",1,"flight_positive"
"REACTOME_BUTYRATE_RESPONSE_FACTOR_1_BRF1_BINDS_AND_DESTABILIZES_MRNA",0.627697841726619,0.728577852004111,0.0623861492893626,0.326402377569534,0.871523689481418,17,"reactome","Exosc9; Dcp1a; Dis3; Akt1; Exosc8; Exosc1; Exosc2; Exosc3; Zfp36l1; Mapkapk2","liver","RR-8","GLDS-379","Stat_(Space Flight & 22 to 23 day & On ISS & Carcass & 10 to 12 week)v(Ground Control & 24 day & On Earth & Carcass & 10 to 12 week)",1,"flight_positive"
"REACTOME_B_WICH_COMPLEX_POSITIVELY_REGULATES_RRNA_EXPRESSION",0.00375455965158852,0.0340064624180764,0.431707695803346,-0.406071216448699,-1.60952046833308,71,"reactome","H2bc8; Polr1d; Polr2h; H2bc3; Myo1c; H2bc6; Polr2k; Polr2f; Polr1b; H2bc14; Polr2l; H4c3; H4c18; H4c6; Polr1h; H3c1; H4c14; Polr1c; H2ac20; H4c11; H4c16; H2ac23; Polr1e; H4c2; H3c11; H2ac7; Taf1c","liver","RR-8","GLDS-379","Stat_(Space Flight & 22 to 23 day & On ISS & Carcass & 10 to 12 week)v(Ground Control & 24 day & On Earth & Carcass & 10 to 12 week)",1,"flight_positive"
"REACTOME_CA2_PATHWAY",0.0758513931888545,0.228380897748458,0.20207170902116,0.367341593451232,1.31132868065998,61,"reactome","Axin2; Ago1; Tcf7l2; Camk2a; Tnrc6c; Itpr2; Tcf7l1; Tnrc6b; Map3k7; Kras; Ago2; Ppp3ca; Mov10; Prkg1; Gng12; Gngt1; Nfatc1; Nlk; Gng8; Tcf7; Prkca; Plcb3; Ago4; Tnrc6a","liver","RR-8","GLDS-379","Stat_(Space Flight & 22 to 23 day & On ISS & Carcass & 10 to 12 week)v(Ground Control & 24 day & On Earth & Carcass & 10 to 12 week)",1,"flight_positive"
"REACTOME_CALNEXIN_CALRETICULIN_CYCLE",0.153024911032028,0.335185153627239,0.149207542435322,0.428120032685315,1.28569921802058,26,"reactome","Calr; Canx; Edem1; Ubb; Uggt1; Rnf185; Trim13; Rnf5; Sel1l; Man1b1; Os9; Pdia3","liver","RR-8","GLDS-379","Stat_(Space Flight & 22 to 23 day & On ISS & Carcass & 10 to 12 week)v(Ground Control & 24 day & On Earth & Carcass & 10 to 12 week)",1,"flight_positive"
"REACTOME_CARBOXYTERMINAL_POST_TRANSLATIONAL_MODIFICATIONS_OF_TUBULIN",0.0702341137123746,0.21800195407914,0.219250346703755,0.419087818696143,1.38188793171494,39,"reactome","Tuba8; Ttll5; Tubb2a; Tuba4a; Ttll9; Tpgs2; Tubb4b; Ttl; Ttll13; Tpgs1; Agbl2; Tuba1b; Agbl1","liver","RR-8","GLDS-379","Stat_(Space Flight & 22 to 23 day & On ISS & Carcass & 10 to 12 week)v(Ground Control & 24 day & On Earth & Carcass & 10 to 12 week)",1,"flight_positive"
"REACTOME_CARDIAC_CONDUCTION",0.00244516833904261,0.0262321457732242,0.431707695803346,0.391051766131259,1.55058577147206,118,"reactome","Ryr1; Scn4a; Hipk2; Atp1a2; Hipk1; Fxyd6; Casq2; Atp2a1; Ahcyl1; Camk2a; Nos1; Scn4b; Cacnb1; Trdn; Cacng6; Cacna2d2; Itpr2; Casq1; Akap9; Kat2b; Fgf11; Atp2b2; Camk2b; Atp1b1; Kcna5; Scn2b; Atp2b1; Stim1; Camk2g; Camk2d; Prkaca; Sln; Cacnb2; Kcnj12; Dmpk; Sri; Atp2b3; Slc8a1; Slc8a3; Kcnj2; Kcnk2; Fgf13; Pln; Orai1; Wwtr1; Kcnip4","liver","RR-8","GLDS-379","Stat_(Space Flight & 22 to 23 day & On ISS & Carcass & 10 to 12 week)v(Ground Control & 24 day & On Earth & Carcass & 10 to 12 week)",1,"flight_positive"
"REACTOME_CARDIOGENESIS",0.699646643109541,0.787280591279066,0.0564118388217596,0.283573400088877,0.836510415776223,24,"reactome","Gata6; Smyd1; Srf; Hand2; Tbx1; Smad4; Kat5; Mef2c; Eomes; Gata4; Kat2a; Tbx20","liver","RR-8","GLDS-379","Stat_(Space Flight & 22 to 23 day & On ISS & Carcass & 10 to 12 week)v(Ground Control & 24 day & On Earth & Carcass & 10 to 12 week)",1,"flight_positive"
"REACTOME_CARGO_CONCENTRATION_IN_THE_ER",0.45982905982906,0.625752599890531,0.0753093764172773,0.315804758926011,0.992375105541902,32,"reactome","Sec24b; Serpina1e; Lman2l; Tgfa; Serpina1b; Ctsc; Ctsz; Lman1; Tmed2; Col7a1; Tmed10; Preb","liver","RR-8","GLDS-379","Stat_(Space Flight & 22 to 23 day & On ISS & Carcass & 10 to 12 week)v(Ground Control & 24 day & On Earth & Carcass & 10 to 12 week)",1,"flight_positive"
"REACTOME_CARGO_RECOGNITION_FOR_CLATHRIN_MEDIATED_ENDOCYTOSIS",0.51683748169839,0.658369275221715,0.0618406035753285,0.249887729345874,0.969146474070437,98,"reactome","Stam2; Ston2; Itsn1; Sgip1; Stam; Cltb; Reps1; Ubb; Tgfa; Ubqln1; Btc; Clta; Ereg; Tgoln1; Grk3; Eps15l1; Agfg1; Dab2; Agtr1a; Grb2; Cops2; Itsn2; Cftr; Hgs; Picalm; Epn1","liver","RR-8","GLDS-379","Stat_(Space Flight & 22 to 23 day & On ISS & Carcass & 10 to 12 week)v(Ground Control & 24 day & On Earth & Carcass & 10 to 12 week)",1,"flight_positive"
"REACTOME_CARGO_TRAFFICKING_TO_THE_PERICILIARY_MEMBRANE",0.885895404120444,0.917445568465877,0.0405756447890657,0.220271016843094,0.763170839000288,51,"reactome","Rab8a; Asap1; Rab3ip; Inpp5e; Lztfl1; Pkd2; Rab11fip3; Exoc2; Exoc3; Exoc8; Arl13b; Bbs2; Smo; Rab11a; Bbs9; Mchr1; Ttc8; Bbs7; Bbs1; Unc119b; Arl3","liver","RR-8","GLDS-379","Stat_(Space Flight & 22 to 23 day & On ISS & Carcass & 10 to 12 week)v(Ground Control & 24 day & On Earth & Carcass & 10 to 12 week)",1,"flight_positive"
"REACTOME_CASPASE_ACTIVATION_VIA_DEATH_RECEPTORS_IN_THE_PRESENCE_OF_LIGAND",0.856353591160221,0.89693906941426,0.0489954089862481,0.270088139437525,0.69882840848605,15,"reactome","Fadd; Ly96; Ripk1; Fasl; Ticam1; Casp8; Cd14; Tnfrsf10b","liver","RR-8","GLDS-379","Stat_(Space Flight & 22 to 23 day & On ISS & Carcass & 10 to 12 week)v(Ground Control & 24 day & On Earth & Carcass & 10 to 12 week)",1,"flight_positive"
"REACTOME_CASPASE_ACTIVATION_VIA_EXTRINSIC_APOPTOTIC_SIGNALLING_PATHWAY",0.431899641577061,0.606648113363903,0.0810802057550866,0.343992531914247,1.02242571577363,25,"reactome","Dapk1; Fadd; Ly96; Ripk1; Appl1; Fasl; Ticam1; Dapk2; Maged1; Dapk3; Casp8; Cd14; Tnfrsf10b; Casp3","liver","RR-8","GLDS-379","Stat_(Space Flight & 22 to 23 day & On ISS & Carcass & 10 to 12 week)v(Ground Control & 24 day & On Earth & Carcass & 10 to 12 week)",1,"flight_positive"
"REACTOME_CA_DEPENDENT_EVENTS",0.16551724137931,0.350740441118639,0.140406238523342,0.380306833342022,1.23245570599759,36,"reactome","Camkk2; Prkar2a; Camk2a; Adcy2; Camk2b; Creb1; Camk2g; Camk2d; Prkcd; Prkaca; Adcy1","liver","RR-8","GLDS-379","Stat_(Space Flight & 22 to 23 day & On ISS & Carcass & 10 to 12 week)v(Ground Control & 24 day & On Earth & Carcass & 10 to 12 week)",1,"flight_positive"
"REACTOME_CD209_DC_SIGN_SIGNALING",0.649557522123894,0.743793846577101,0.059989249649033,0.31428270765046,0.866749524961977,19,"reactome","Rela; Crebbp; Nras; Kras; Prkaca","liver","RR-8","GLDS-379","Stat_(Space Flight & 22 to 23 day & On ISS & Carcass & 10 to 12 week)v(Ground Control & 24 day & On Earth & Carcass & 10 to 12 week)",1,"flight_positive"
"REACTOME_CD22_MEDIATED_BCR_REGULATION",0.578823529411765,0.696732026143791,0.0799858801499946,-0.269422093225933,-0.930009261581213,35,"reactome","Lyn; Igkv1-88; Igkv12-44; Igkv8-28; Igkv1-110; Ighv5-9","liver","RR-8","GLDS-379","Stat_(Space Flight & 22 to 23 day & On ISS & Carcass & 10 to 12 week)v(Ground Control & 24 day & On Earth & Carcass & 10 to 12 week)",1,"flight_positive"
"REACTOME_CD28_DEPENDENT_PI3K_AKT_SIGNALING",0.739205526770294,0.812758315503656,0.052805004567129,0.268184055841773,0.815321780662191,27,"reactome","Mlst8; Akt2; Pdpk1; Pik3r1; Akt3; Mapkap1; Akt1; Prr5; Pik3r2; Pik3r3","liver","RR-8","GLDS-379","Stat_(Space Flight & 22 to 23 day & On ISS & Carcass & 10 to 12 week)v(Ground Control & 24 day & On Earth & Carcass & 10 to 12 week)",1,"flight_positive"
"REACTOME_CDC42_GTPASE_CYCLE",0.00131437473840642,0.0161376009548789,0.45505986738723,0.388589847251117,1.59263105323628,153,"reactome","Arhgap24; Srgap3; Itsn1; Fnbp1; Arhgef11; Kctd3; Arhgef5; Fnbp1l; Wdr91; Vangl1; Golga2; Arhgef12; Pik3r1; Rab7; Snap23; Cdc42bpb; Fgd4; Iqgap2; Stom; Dnmbp; Gmip; Arhgap35; Trio; Git2; Baiap2; Sh3pxd2a; Dock8; Cdc42bpa; Arap1; Arhgef26; Pak4; Spata13; Srgap2; Diaph3; Wipf2; Fgd1; Ykt6; Arhgap21; Arhgef19; Wasl; Pak5; Ktn1; Chn1; Cdc42ep3; Fmnl2; Arhgef7; Daam1; Arhgap5; Arhgef16; Arhgef25; Ralbp1; Scrib; Stard13; Fam13b; Bcr; Arhgef6; Arfgap2; Wipf3","liver","RR-8","GLDS-379","Stat_(Space Flight & 22 to 23 day & On ISS & Carcass & 10 to 12 week)v(Ground Control & 24 day & On Earth & Carcass & 10 to 12 week)",1,"flight_positive"
"REACTOME_CDK_MEDIATED_PHOSPHORYLATION_AND_REMOVAL_OF_CDC6",0.690860215053763,0.781372095838699,0.0776798560117236,-0.231556681298334,-0.887069765335665,59,"reactome","Psmb5; Psma7; Rps27a; Psmb1; Psmb4; Psmd6; Psmd13; Ubc; Cdc26; Ccne1; Psmb3; Uba52; Ube2e1; Cdc16","liver","RR-8","GLDS-379","Stat_(Space Flight & 22 to 23 day & On ISS & Carcass & 10 to 12 week)v(Ground Control & 24 day & On Earth & Carcass & 10 to 12 week)",1,"flight_positive"
"REACTOME_CELLULAR_HEXOSE_TRANSPORT",0.0760626398210291,0.228394611419123,0.245041785430996,-0.516886633671151,-1.44649724374871,16,"reactome","Slc2a2; Slc2a8; Slc2a9; Slc5a1; Slc2a10; Slc2a6; Slc50a1; Slc2a3; Slc2a1","liver","RR-8","GLDS-379","Stat_(Space Flight & 22 to 23 day & On ISS & Carcass & 10 to 12 week)v(Ground Control & 24 day & On Earth & Carcass & 10 to 12 week)",1,"flight_positive"
"REACTOME_CELLULAR_RESPONSES_TO_MECHANICAL_STIMULI",0.142020497803807,0.323572474377745,0.139599673451922,0.307144862840986,1.19746902547419,102,"reactome","Rela; Prkar2a; Tln1; Ppp2r1b; Ppp2r1a; Mlst8; Abl1; Gnaq; Capns1; Pdpk1; Adcy2; Cacnb1; Ppp2r2a; Capns2; Ptk2; Ptpn1; Mmp14; Itga5; Prkaca; Adcy1; Ikbkg; Mapkap1; Gng12; Gngt1; Cacnb2; Gnas; Gng8; Capn2; Cacna2d1; Prkar1a; Fn1; Akt1","liver","RR-8","GLDS-379","Stat_(Space Flight & 22 to 23 day & On ISS & Carcass & 10 to 12 week)v(Ground Control & 24 day & On Earth & Carcass & 10 to 12 week)",1,"flight_positive"
"REACTOME_CELLULAR_RESPONSE_TO_CHEMICAL_STRESS",0.258964143426295,0.444340649823068,0.173747838999571,-0.231594913578518,-1.07009903382796,190,"reactome","Txnrd2; Psmb5; Gpx6; Psma7; Cox5a; Sin3b; Rps27a; Ncf2; Ncf4; Cyba; Ccs; Cox7b; Cox4i1; Blvra; Psmb1; Atox1; Txn1; Psmb4; Ppara; Psmd6; Psmd13; Gpx7; Ndufa4; Txnip; Cox7a2; Cox5b; Skp2; Ubc; Cdkn2a; Skp1; Taldo1; Prdx6; Cox7c; Nox4; Nqo1; Psmb3; Sesn1; Cybb; Ncf1; Bach1; Ero1a; Prdx3; Fbxl17; Nlrp3; Uba52","liver","RR-8","GLDS-379","Stat_(Space Flight & 22 to 23 day & On ISS & Carcass & 10 to 12 week)v(Ground Control & 24 day & On Earth & Carcass & 10 to 12 week)",1,"flight_positive"
"REACTOME_CELLULAR_RESPONSE_TO_HEAT_STRESS",0.0183943486166994,0.0941007186178374,0.352487857583619,0.378214554703438,1.45579646132219,95,"reactome","Crebbp; Ywhae; Mlst8; Tpr; Hsp90ab1; Bag2; Camk2a; Aaas; St13; Nup98; Fkbp4; Ubb; Hspa4; Hsf1; Dnajc7; Cryab; Camk2b; Nup50; Cryba4; Camk2g; Rptor; Nup153; Camk2d; Hspb1; Bag3; Bag4; Mapk3; Rae1; Ndc1; Hdac6; Pom121; Hspa8; Hspa1l; Nup93","liver","RR-8","GLDS-379","Stat_(Space Flight & 22 to 23 day & On ISS & Carcass & 10 to 12 week)v(Ground Control & 24 day & On Earth & Carcass & 10 to 12 week)",1,"flight_positive"
"REACTOME_CELLULAR_RESPONSE_TO_HYPOXIA",0.438202247191011,0.612318371707961,0.106323255932708,-0.258299873310212,-0.995654801346092,61,"reactome","Psmb5; Psma7; Rps27a; Higd1a; Psmb1; Psmb4; Psmd6; Psmd13; Ubc; Psmb3; Vhl; Uba52; Hif3a","liver","RR-8","GLDS-379","Stat_(Space Flight & 22 to 23 day & On ISS & Carcass & 10 to 12 week)v(Ground Control & 24 day & On Earth & Carcass & 10 to 12 week)",1,"flight_positive"
"REACTOME_CELLULAR_RESPONSE_TO_STARVATION",5.6858841663379e-13,1.04715033396723e-10,0.921426003494898,-0.542179471613179,-2.3951339264282,145,"reactome","Rps14; Rpl3; Rps19; Lamtor5; Rplp2; Rps18; Rpl9; Rpl39; Rps21; Atp6v1h; Rpl35a; Bmt2; Rps27; Rpl36; Rpl13a; Rpl6; Rpl15; Rpl27; Rps13; Rpl13; Rps27a; Sec13; Rpl7; Rpl37a; Lamtor4; Rps28; Rps29; Rps17; Eif2s1; Rps15; Rpl24; Atp6v1g1; Rps5; Atp6v0e; Atp6v1f; Trib3; Rpl22l1; Rpl10; Castor1; Rpl18; Fau; Rps9; Rps23; Rps25; Rplp1; Atp6v1e1; Rpl32; Rpl26; Rps15a; Rpl8; Rplp0; Rps20; Rps7; Rragc; Atp6v0b; Sesn1; Rpl19; Rpl29; Rpl10a; Uba52; Atp6v0d1; Rpl28; Eif2s2; Rps4x; Wdr59; Atp6v1b2; Kptn","liver","RR-8","GLDS-379","Stat_(Space Flight & 22 to 23 day & On ISS & Carcass & 10 to 12 week)v(Ground Control & 24 day & On Earth & Carcass & 10 to 12 week)",1,"flight_positive"
"REACTOME_CELLULAR_SENESCENCE",0.0536193029490617,0.190543933956265,0.224966093540314,0.31424247364827,1.30300063357584,172,"reactome","Cdkn1a; Mdm2; Rela; Ezh2; Terf2; Ehmt1; Sp1; Ago1; Cdc27; Stat3; Pot1a; Jun; Acd; Tnrc6c; Anapc1; Ube2s; Rnf2; Mre11a; Cdk6; Cbx4; Ep400; Ubb; Map2k7; Scmh1; Tnrc6b; Ubn1; Kdm6b; Anapc5; Mink1; Cdk2; Rb1; Fos; Mapkapk5; Hira; Nbn; Mapkapk3; Il1a; Mapk3; Phc1; Mov10; Tinf2; Rad50; Map4k4; Kat5; Phc2; Cdk4; Hmga1; Mapk8; Tfdp2; Map2k4; Mapk9; H2az2; Anapc7; H3c8; Lmnb1; Terf2ip; Ring1; Cbx8; Cabin1; Ccne2; Ago4; Tnrc6a; Anapc4; Phc3; H2bc18; Erf; Ube2d1","liver","RR-8","GLDS-379","Stat_(Space Flight & 22 to 23 day & On ISS & Carcass & 10 to 12 week)v(Ground Control & 24 day & On Earth & Carcass & 10 to 12 week)",1,"flight_positive"
"REACTOME_CELL_CELL_COMMUNICATION",0.048951048951049,0.181814245507686,0.241339976815091,0.318164774505551,1.29570547474721,145,"reactome","Prkci; Patj; Actn2; Sp1; Ago1; Flnc; Tnrc6c; Afdn; Pik3r1; Cadm1; Tesk1; Pard3; Tnrc6b; Ptk2; Ptpn11; Cdh15; Dst; Sptan1; Ctnna1; Ptk2b; Actn3; Ago2; Actn4; Sirpa; Ilf3; Ptpn6; Zeb2; Wasl; Mov10; Cdh18; Cd2ap; Grb2; Actb; Adam33; Ctnnd1; Zc3h12a; Cldn3; Arhgef6; Cadm3; Cdh5; Pxn; Ago4; Tnrc6a; Cdh2; Pik3r2; Nectin2; Cldn2; Cdh6; Cldn12; Cdh1; Nectin1; Amot; Lamc2; Skap2","liver","RR-8","GLDS-379","Stat_(Space Flight & 22 to 23 day & On ISS & Carcass & 10 to 12 week)v(Ground Control & 24 day & On Earth & Carcass & 10 to 12 week)",1,"flight_positive"
"REACTOME_CELL_CELL_JUNCTION_ORGANIZATION",0.0598802395209581,0.199925719174622,0.224966093540314,0.358300092732103,1.3581534594746,85,"reactome","Prkci; Patj; Sp1; Ago1; Tnrc6c; Afdn; Cadm1; Pard3; Tnrc6b; Cdh15; Ctnna1; Ago2; Ilf3; Zeb2; Mov10; Cdh18; Actb; Adam33; Ctnnd1; Zc3h12a; Cldn3; Cadm3; Cdh5; Ago4; Tnrc6a; Cdh2; Nectin2; Cldn2; Cdh6; Cldn12; Cdh1; Nectin1; Amot","liver","RR-8","GLDS-379","Stat_(Space Flight & 22 to 23 day & On ISS & Carcass & 10 to 12 week)v(Ground Control & 24 day & On Earth & Carcass & 10 to 12 week)",1,"flight_positive"
"REACTOME_CELL_CYCLE_CHECKPOINTS",0.148051948051948,0.330470819448005,0.127505315300183,0.264759500642704,1.14969318792593,261,"reactome","Cdkn1a; Mdm2; Mcm7; Trp53bp1; Ywhae; Ppp2r1b; Ppp2r1a; Cdc27; Ywhah; Phf20; Ndel1; Dbf4; Anapc1; Ube2s; Rnf168; Ywhaz; Nudc; Pias4; Psmd11; Topbp1; Zwilch; Ppp2r5c; Nup98; Ahctf1; Mre11a; Rad17; Ube2n; Top3a; Ubb; Psmd7; Zwint; Babam2; Ckap5; Sem1; Rfc3; Clasp1; Taok1; Anapc5; Herc2; Psma4; Ppp2r5d; Nde1; Spdl1; Cenpm; Cop1; Cdk2; Pcbp4; Kif2c; Uimc1; Nbn; Psmc3; Plk1; Cenps; Kif2a; Rhno1; Rad50; Rfc5; Psmb2; Mcm5; Kat5; Sgo1; Cdca8; Cdk1; Mad1l1; Mapre1; Rad9a; Psmc1; Pafah1b1; Anapc7; Dynll1; Dync1h1; Clip1; Cdc25a; Birc5; Cenpf; Psmc4; Babam1; Pkmyt1; Psmd3; Ccne2; Bub1b; Pmf1; Knl1; Cenpn; Anapc4; H2bc18; Rnf8","liver","RR-8","GLDS-379","Stat_(Space Flight & 22 to 23 day & On ISS & Carcass & 10 to 12 week)v(Ground Control & 24 day & On Earth & Carcass & 10 to 12 week)",1,"flight_positive"
"REACTOME_CELL_DEATH_SIGNALLING_VIA_NRAGE_NRIF_AND_NADE",0.00146133648931802,0.0175519219640914,0.45505986738723,0.451351985000251,1.68202691695682,76,"reactome","Obscn; Traf6; Itsn1; Arhgef11; Ywhae; Arhgef5; Akap13; Net1; Arhgef40; Arhgef12; Psen1; Fgd4; Arhgef3; Ubb; Trio; Psenen; Arhgef39; Arhgef18; Psen2; Arhgef26; Arhgef37; Sos1; Ngfr; Fgd1; Arhgef19; Aatf; Arhgef7; Sqstm1; Mapk8; Arhgef16; Arhgef6; Tiam2; Arhgef33; Arhgef9; Ngf; Arhgef10l; Plekhg5","liver","RR-8","GLDS-379","Stat_(Space Flight & 22 to 23 day & On ISS & Carcass & 10 to 12 week)v(Ground Control & 24 day & On Earth & Carcass & 10 to 12 week)",1,"flight_positive"
"REACTOME_CELL_EXTRACELLULAR_MATRIX_INTERACTIONS",0.975609756097561,0.980936105994363,0.0404934829859503,0.204667480959523,0.556468143496788,18,"reactome","Flnc; Tesk1; Actb; Arhgef6; Pxn; Fermt2; Lims2; Rsu1","liver","RR-8","GLDS-379","Stat_(Space Flight & 22 to 23 day & On ISS & Carcass & 10 to 12 week)v(Ground Control & 24 day & On Earth & Carcass & 10 to 12 week)",1,"flight_positive"
"REACTOME_CELL_JUNCTION_ORGANIZATION",0.149275362318841,0.330539130434783,0.135002033828631,0.299369932251931,1.1841476654178,112,"reactome","Prkci; Patj; Sp1; Ago1; Flnc; Tnrc6c; Afdn; Cadm1; Tesk1; Pard3; Tnrc6b; Cdh15; Dst; Ctnna1; Ago2; Ilf3; Zeb2; Mov10; Cdh18; Actb; Adam33; Ctnnd1; Zc3h12a; Cldn3; Arhgef6; Cadm3; Cdh5; Pxn; Ago4; Tnrc6a; Cdh2; Nectin2; Cldn2; Cdh6; Cldn12; Cdh1; Nectin1; Amot; Lamc2; Cldn1; Fermt2; Cdh17; Cldn10; Ang; Lims2; Rsu1; Crb3","liver","RR-8","GLDS-379","Stat_(Space Flight & 22 to 23 day & On ISS & Carcass & 10 to 12 week)v(Ground Control & 24 day & On Earth & Carcass & 10 to 12 week)",1,"flight_positive"
"REACTOME_CELL_SURFACE_INTERACTIONS_AT_THE_VASCULAR_WALL",0.2,0.391150442477876,0.184706471207739,-0.25199602725247,-1.11563061212156,146,"reactome","Atp1b3; Hras; Igha; Itgb2; Cd48; Lyn; Esam; Igkv1-88; Igkv12-44; Tspan7; Fcer1g; Pros1; Igkv8-28; Cd47; Igkv1-110; Inpp5d; Itgav; Col1a2; Itgal; Pf4; Ighv5-9; Slc7a6; Tek; Slc16a3; Glg1; Col1a1; Lck; Dok2; Jchain; L1cam; Thbd; Cd84; Itgb1; Procr; Spn; Iglc1; Src; Itgax; Cd44; Igkv17-127; Jam3; Vpreb3; Angpt4; Slc7a7; Mag; Itga4; Sirpb1b; Sell; Igkv8-27","liver","RR-8","GLDS-379","Stat_(Space Flight & 22 to 23 day & On ISS & Carcass & 10 to 12 week)v(Ground Control & 24 day & On Earth & Carcass & 10 to 12 week)",1,"flight_positive"
"REACTOME_CGMP_EFFECTS",0.794594594594595,0.855171227723198,0.0514264916187015,0.287923987519189,0.754033056240497,16,"reactome","Pde9a; Kcnma1; Pde10a; Prkg1; Kcnmb2; Pde1b","liver","RR-8","GLDS-379","Stat_(Space Flight & 22 to 23 day & On ISS & Carcass & 10 to 12 week)v(Ground Control & 24 day & On Earth & Carcass & 10 to 12 week)",1,"flight_positive"
"REACTOME_CHAPERONE_MEDIATED_AUTOPHAGY",0.484042553191489,0.64240790655885,0.0745500777420554,0.339741375602826,0.973078494591175,22,"reactome","Hsp90ab1; Pcnt; Ubb; Hdac6; Gfap; Hspa8; Cftr; Arl13b","liver","RR-8","GLDS-379","Stat_(Space Flight & 22 to 23 day & On ISS & Carcass & 10 to 12 week)v(Ground Control & 24 day & On Earth & Carcass & 10 to 12 week)",1,"flight_positive"
"REACTOME_CHEMOKINE_RECEPTORS_BIND_CHEMOKINES",0.0207897707535003,0.101201306971885,0.352487857583619,-0.401277683379261,-1.46372837952551,48,"reactome","Ccr2; Cxcl16; Ccl28; Cxcr6; Ccl4; Pf4; Cxcl10; Ccr7; Ccr3; Cxcl13; Ccl2; Ccl17; Cxcl12; Cxcr1; Ccr9; Cxcr3; Ackr4; Ccr6; Ccl5","liver","RR-8","GLDS-379","Stat_(Space Flight & 22 to 23 day & On ISS & Carcass & 10 to 12 week)v(Ground Control & 24 day & On Earth & Carcass & 10 to 12 week)",1,"flight_positive"
"REACTOME_CHOLESTEROL_BIOSYNTHESIS",0.00111745781382646,0.0145157842408547,0.45505986738723,0.612415942539854,1.83916340818741,26,"reactome","Nsdhl; Pmvk; Sc5d; Fdps; Hsd17b7; Cyp51; Idi1; Sqle; Hmgcs1; Dhcr7; Ebp; Mvd; Msmo1; Lss; Srebf2; Mvk; Dhcr24; Plpp6","liver","RR-8","GLDS-379","Stat_(Space Flight & 22 to 23 day & On ISS & Carcass & 10 to 12 week)v(Ground Control & 24 day & On Earth & Carcass & 10 to 12 week)",1,"flight_positive"
"REACTOME_CHONDROITIN_SULFATE_BIOSYNTHESIS",0.105263157894737,0.276942355889724,0.208955027549354,-0.460388339994475,-1.35729813495309,19,"reactome","Chst13; Chst7; Csgalnact2; Chpf2; Chsy1; Chst15; Cspg5; Dcn; Chpf; Vcan","liver","RR-8","GLDS-379","Stat_(Space Flight & 22 to 23 day & On ISS & Carcass & 10 to 12 week)v(Ground Control & 24 day & On Earth & Carcass & 10 to 12 week)",1,"flight_positive"
"REACTOME_CHONDROITIN_SULFATE_DERMATAN_SULFATE_METABOLISM",0.178191489361702,0.366669638258251,0.170932335370056,-0.324137159734038,-1.19281582737414,50,"reactome","Gpc6; B4galt7; Chst13; Dse; Agrn; Chst7; Csgalnact2; Hexa; Hexb; Dsel; Chpf2; Chsy1; Ust; Hspg2; Chst15; Cspg5; Dcn; Chpf; B3galt6; Vcan; Chst14; Gpc1; Gpc3","liver","RR-8","GLDS-379","Stat_(Space Flight & 22 to 23 day & On ISS & Carcass & 10 to 12 week)v(Ground Control & 24 day & On Earth & Carcass & 10 to 12 week)",1,"flight_positive"
"REACTOME_CHROMATIN_MODIFICATIONS_DURING_THE_MATERNAL_TO_ZYGOTIC_TRANSITION_MZT",0.0332684849644348,0.138160814797983,0.321775918075361,-0.380409462162891,-1.40302317921161,51,"reactome","H2bc8; H2bc3; H2bc6; H2bc14; H4c3; H4c18; H4c6; H3c1; H4c14; H2ac20; H4c11; H4c16; Mettl23; H2ac23; H4c2; H3c11; H2ac7; H4c8","liver","RR-8","GLDS-379","Stat_(Space Flight & 22 to 23 day & On ISS & Carcass & 10 to 12 week)v(Ground Control & 24 day & On Earth & Carcass & 10 to 12 week)",1,"flight_positive"
"REACTOME_CHROMATIN_ORGANIZATION",1.03124408472311e-12,1.6278924480272e-10,0.910119734774459,0.485885649316542,2.10924047413806,262,"reactome","Brd8; Msl1; Ncor1; Rela; Phf21a; Dpf2; Ezh2; Kdm3b; Rcor1; Arid4a; Clock; Tbl1xr1; Chd4; Tada2b; Crebbp; Smarcc2; Nsd1; Kmt5b; Ehmt1; Gatad2a; Kat6a; Hcfc1; Smarce1; Bicral; Kmt5a; Ash1l; Kmt2a; Ss18l1; Hdac3; Atf2; Mta2; Smarcd1; Setd2; Arid1a; Phf20; Epc1; Prdm9; Rps2; Brpf1; Kdm2a; Kmt2b; Sap130; Setd6; Msl2; Dot1l; Ncoa1; Dpf3; Prmt5; Nsd3; Kdm2b; Phf2; Gps2; Ep400; Brd9; Bicra; Arid5b; Gatad2b; Kansl1; Bcl7a; Riox2; Ncor2; Kat2b; Mta3; Dnmt3a; Hdac2; Ncoa2; Kmt2d; Morf4l2; Setdb1; Smarca4; Kdm6b; Arid1b; Prmt6; Ing5; Rbbp5; Ss18; Rest; Suds3; Kdm5c; Kdm6a; Jak2; Supt7l; Atf7ip; Kmt2c; Kat7; Carm1; Taf9; Taf10; Vps72; Usp22; Setd3; Aebp2; Brwd1; Brpf3; Smarcc1; Brd7; Kdm5a; Msl3; Pax3; Kdm4a; Brms1; Kdm7a; Kat6b; Mta1; Yeats4; Kat5; Taf12; Actb; Supt3; Cdk4","liver","RR-8","GLDS-379","Stat_(Space Flight & 22 to 23 day & On ISS & Carcass & 10 to 12 week)v(Ground Control & 24 day & On Earth & Carcass & 10 to 12 week)",1,"flight_positive"
"REACTOME_CHROMOSOME_MAINTENANCE",0.201954397394137,0.392196149596698,0.178219874951973,-0.255767436357327,-1.11735608617349,122,"reactome","H2bc8; Polr2h; H2bc3; H2bc6; Rbbp4; Polr2k; Polr2f; Polr2g; Cenpw; Rfc2; Fen1; Itgb3bp; Pold2; Cenpp; Gar1; H2bc14; Polr2l; H4c3; H4c18; H4c6; Polr2i; Shq1; H4c14; Mis18a; Polr2d; H2ac20; H4c11; Rpa3; H4c16; Rbbp7","liver","RR-8","GLDS-379","Stat_(Space Flight & 22 to 23 day & On ISS & Carcass & 10 to 12 week)v(Ground Control & 24 day & On Earth & Carcass & 10 to 12 week)",1,"flight_positive"
"REACTOME_CILIUM_ASSEMBLY",9.19809723657389e-05,0.00203277948928283,0.538434096309916,0.388183599445241,1.62961048304554,192,"reactome","Odf2; Tuba8; Rab8a; Ift81; Cenpj; Ywhae; Asap1; Ttbk2; Ppp2r1a; Cep135; Atat1; Rab3ip; Mark4; Dynlrb1; Inpp5e; Kif3a; Cep57; Ift52; Tubb2a; Ift80; Tuba4a; Csnk1d; Pcnt; Cep250; Lztfl1; Cep164; Ift22; Haus7; Ift140; Cc2d2a; Cep83; Akap9; Ckap5; Cep89; Clasp1; Rpgrip1l; Cdk5rap2; Trip11; Septin2; Kif3b; Nde1; Pkd2; Rab11fip3; Fbf1; Wdr19; Ift122; Alms1; Ift57; Cep131; Plk1; Cep78; Pcm1; Traf3ip1; Prkaca; Tctn3; Exoc2; Ift43; Exoc3; Hdac6; Dctn1; Tubb4b; Ofd1; Cdk1; Mapre1; Exoc8; Arl13b; Cep63; Pafah1b1; Wdr35; Dynll1; Dync1h1; Cep290; Csnk1e","liver","RR-8","GLDS-379","Stat_(Space Flight & 22 to 23 day & On ISS & Carcass & 10 to 12 week)v(Ground Control & 24 day & On Earth & Carcass & 10 to 12 week)",1,"flight_positive"
"REACTOME_CIRCADIAN_CLOCK",0.00945305522983353,0.0629254580058196,0.380730400722792,0.363913585607514,1.42862145742709,108,"reactome","Ncor1; Clock; Tbl1xr1; Npas2; Crebbp; Ncoa6; Usp46; Kmt2a; Hdac3; Atf2; Ncoa1; Psmd11; Crtc3; Csnk1d; Csnk2b; Ubb; Med1; Nrip1; Rora; Sik1; Psmd7; Ncoa2; Sem1; Crem; Creb1; Psma4; Rbm4; Carm1; Psmc3; Ppargc1a; Csnk2a2; Chd9; Crtc1; Psmb2; Mef2d; Btrc; Helz2; Mef2c; Psmc1; Rxra; Csnk1e; Psmc4; Smarcd3; Psmd3","liver","RR-8","GLDS-379","Stat_(Space Flight & 22 to 23 day & On ISS & Carcass & 10 to 12 week)v(Ground Control & 24 day & On Earth & Carcass & 10 to 12 week)",1,"flight_positive"
"REACTOME_CITRIC_ACID_CYCLE_TCA_CYCLE",0.0608899297423888,0.200510873509952,0.282013350011725,-0.39730770721028,-1.35324899349726,33,"reactome","Sdhd; Sirt3; Sdhaf4; Sdhb; Suclg1; Sdhc; Sdhaf3","liver","RR-8","GLDS-379","Stat_(Space Flight & 22 to 23 day & On ISS & Carcass & 10 to 12 week)v(Ground Control & 24 day & On Earth & Carcass & 10 to 12 week)",1,"flight_positive"
"REACTOME_CLASS_A_1_RHODOPSIN_LIKE_RECEPTORS",0.0285236339955582,0.125348660457416,0.352487857583619,-0.265264739713638,-1.25001703349614,232,"reactome","Adra2b; Nmb; F2rl1; Lpar6; Ccr2; Galr2; F2r; Ptafr; Cxcl16; Cnr2; Gpr183; Tbxa2r; Fpr2; Ccl28; Anxa1; Cxcr6; P2ry10; Ccl4; Hebp1; Psap; P2ry1; Ednrb; Pf4; Cxcl10; Fpr1; Ffar1; S1pr4; Nln; Ccr7; Plppr4; Ece2; Prok1; Ltb4r2; Lpar4; Gpr18; Ccr3; Cxcl13; Hrh2; Edn1; Pomc; App; Adora2b; Ccl2; Ccl17; Cxcl12; Cxcr1; Ptger2; Gpr4; P2ry13; Gpr143; Sstr2; Ccr9; Sucnr1; Cxcr3; Ackr4; Gpr132; C3ar1; Ccr6; Htr2a","liver","RR-8","GLDS-379","Stat_(Space Flight & 22 to 23 day & On ISS & Carcass & 10 to 12 week)v(Ground Control & 24 day & On Earth & Carcass & 10 to 12 week)",1,"flight_positive"
"REACTOME_CLASS_B_2_SECRETIN_FAMILY_RECEPTORS",0.0557008044941477,0.194776547360865,0.321775918075361,-0.326874350366465,-1.30627019763275,80,"reactome","Wnt2; Calcrl; Fzd5; Gng10; Gnb4; Cd55; Gnb5; Glp2r; Gcgr; Ramp1; Gng11; Adgre1; Gnb2; Adgre4; Gngt2; Ptch1; Ramp3; Fzd8","liver","RR-8","GLDS-379","Stat_(Space Flight & 22 to 23 day & On ISS & Carcass & 10 to 12 week)v(Ground Control & 24 day & On Earth & Carcass & 10 to 12 week)",1,"flight_positive"
"REACTOME_CLASS_C_3_METABOTROPIC_GLUTAMATE_PHEROMONE_RECEPTORS",0.874720357941834,0.910137472246447,0.0570059526582387,-0.248533852639082,-0.695517178046046,16,"reactome","Tas1r3; Grm3; Tas1r1","liver","RR-8","GLDS-379","Stat_(Space Flight & 22 to 23 day & On ISS & Carcass & 10 to 12 week)v(Ground Control & 24 day & On Earth & Carcass & 10 to 12 week)",1,"flight_positive"
"REACTOME_CLASS_I_MHC_MEDIATED_ANTIGEN_PROCESSING_PRESENTATION",0.0490322580645161,0.181814245507686,0.231126709673834,0.270501905307875,1.21452622670231,365,"reactome","Asb18; Asb7; Nedd4l; Klhl41; Rnf144b; Calr; Smurf1; Pik3r4; Arih2; Canx; Ube2r2; Fbxo11; Tirap; Rbbp6; Cdc27; Sec24b; Trip12; Ctsl; Ube2q1; Dcaf1; Anapc1; Trim21; Psme1; Herc1; Ube2s; Blmh; Rnf25; Gan; Ube2m; Ube2g2; Psmd11; Fbxw7; Hmgb1; Snap23; Asb11; Ube2l6; Ly96; Ube2n; B2m; Trim37; Stx4a; Rnf6; Ube2l3; Asb15; Smurf2; Ubb; Fbxo40; Trim63; Fgb; Btbd1; Rnf123; Asb12; Psmd7; Ubr4; Sem1; Asb10; Ube2z; Trim11; Fga; Zbtb16; Anapc5; Kctd6; Herc2; Psma4; Fgg; Becn1; Trim71; Trim39; Rnf34; Asb2; Ube2v1; Fbxl18; Rnf220; Ube2k; Ube2j2; Rnf111; Wsb1; Psmc3; Ube2f; Cdc34; Ccnf; Ube3a; Fbxo22; Ikbkg; Asb14; Klhl20; Asb5; Nedd4; Lrsam1; Asb13; Fbxw2; Mib2; Psmb2; Rnf41; Ube2e2; Hectd3","liver","RR-8","GLDS-379","Stat_(Space Flight & 22 to 23 day & On ISS & Carcass & 10 to 12 week)v(Ground Control & 24 day & On Earth & Carcass & 10 to 12 week)",1,"flight_positive"
"REACTOME_CLASS_I_PEROXISOMAL_MEMBRANE_PROTEIN_IMPORT",0.201814058956916,0.392196149596698,0.14641623786055,-0.406807447352063,-1.22328323752748,20,"reactome","Pex2; Fis1; Pex13; Pex11b; Aldh3a2; Atad1; Pex16; Acbd5; Pex12; Pxmp2; Slc25a17","liver","RR-8","GLDS-379","Stat_(Space Flight & 22 to 23 day & On ISS & Carcass & 10 to 12 week)v(Ground Control & 24 day & On Earth & Carcass & 10 to 12 week)",1,"flight_positive"
"REACTOME_CLATHRIN_MEDIATED_ENDOCYTOSIS",0.181568088033012,0.371542106067553,0.117249716749792,0.281936861180818,1.15207290827058,138,"reactome","Stam2; Ston2; Itsn1; Fnbp1; Cttn; Fnbp1l; Rab5b; Sgip1; Stam; Dnm2; Cltb; Reps1; Ubb; Tgfa; Ubqln1; Btc; Clta; Ereg; Gak; Tgoln1; Grk3; Arpc2; Eps15l1; Bin1; Wasl; Agfg1; Synj1; Dab2; Ocrl; Agtr1a; Grb2; Hspa8; Actb; Arfgap1; Cops2; Itsn2; Cftr; Hgs; Picalm; Epn1","liver","RR-8","GLDS-379","Stat_(Space Flight & 22 to 23 day & On ISS & Carcass & 10 to 12 week)v(Ground Control & 24 day & On Earth & Carcass & 10 to 12 week)",1,"flight_positive"
"REACTOME_CLEC7A_DECTIN_1_SIGNALING",0.145185185185185,0.326740589877046,0.13880510939114,0.313931529804443,1.19742257343235,87,"reactome","Tab2; Rela; Traf6; Nfatc3; Ahcyl1; Pdpk1; Ccl22; Ube2m; Psmd11; Ube2n; Ubb; Itpr2; Psmd7; Tab3; Sem1; Psma4; Ube2v1; Map3k7; Malt1; Prkcd; Psmc3; Cdc34; Ppp3ca; Ikbkg","liver","RR-8","GLDS-379","Stat_(Space Flight & 22 to 23 day & On ISS & Carcass & 10 to 12 week)v(Ground Control & 24 day & On Earth & Carcass & 10 to 12 week)",1,"flight_positive"
"REACTOME_COBALAMIN_CBL_VITAMIN_B12_TRANSPORT_AND_METABOLISM",0.0117911956932042,0.0723848402277259,0.380730400722792,0.592618046108692,1.63436103051485,19,"reactome","Try4; Mmab; Mtr","liver","RR-8","GLDS-379","Stat_(Space Flight & 22 to 23 day & On ISS & Carcass & 10 to 12 week)v(Ground Control & 24 day & On Earth & Carcass & 10 to 12 week)",1,"flight_positive"
"REACTOME_COLLAGEN_BIOSYNTHESIS_AND_MODIFYING_ENZYMES",0.0239978914676025,0.110952594442263,0.352487857583619,-0.361166190461243,-1.40220014448059,65,"reactome","Col14a1; Pcolce; Col4a4; Adamts2; Col28a1; Col1a2; Col4a5; Serpinh1; Col3a1; Col8a1; Col1a1; Col4a3; P3h3; Col6a1; Crtap; Colgalt1; Col23a1; P3h2; Adamts14; Col6a2; Col20a1; Col5a2; Col17a1; P4ha2; Col6a6; P4ha1; Col9a3; Col6a3","liver","RR-8","GLDS-379","Stat_(Space Flight & 22 to 23 day & On ISS & Carcass & 10 to 12 week)v(Ground Control & 24 day & On Earth & Carcass & 10 to 12 week)",1,"flight_positive"
"REACTOME_COLLAGEN_CHAIN_TRIMERIZATION",0.0771084337349398,0.229662585652583,0.252961123069611,-0.374900670352395,-1.34632869855822,42,"reactome","Col14a1; Col4a4; Col28a1; Col1a2; Col4a5; Col3a1; Col8a1; Col1a1; Col4a3; Col6a1; Col23a1; Col6a2; Col20a1; Col5a2; Col17a1; Col6a6; Col9a3; Col6a3; Col6a5","liver","RR-8","GLDS-379","Stat_(Space Flight & 22 to 23 day & On ISS & Carcass & 10 to 12 week)v(Ground Control & 24 day & On Earth & Carcass & 10 to 12 week)",1,"flight_positive"
"REACTOME_COLLAGEN_DEGRADATION",0.220877458396369,0.411584471379406,0.110564716336619,0.314608339340112,1.14124552086158,64,"reactome","Try4; Prss2; Ctsl; Mmp14; Furin; Adam9; Mmp19; Col7a1; Col15a1; Col26a1; Col25a1","liver","RR-8","GLDS-379","Stat_(Space Flight & 22 to 23 day & On ISS & Carcass & 10 to 12 week)v(Ground Control & 24 day & On Earth & Carcass & 10 to 12 week)",1,"flight_positive"
"REACTOME_COLLAGEN_FORMATION",0.0138141357316785,0.0780633796593597,0.380730400722792,-0.356783679003087,-1.45237183806322,86,"reactome","Col14a1; Pcolce; Col4a4; Mmp3; Adamts2; Col28a1; Col1a2; Col4a5; Loxl2; Serpinh1; Col3a1; Lox; Col8a1; Col1a1; Col4a3; Ctsb; P3h3; Mmp9; Pxdn; Col6a1; Crtap; Ctss; Colgalt1; Itgb4; Col23a1; Lama3; P3h2; Adamts14; Col6a2; Col20a1; Col5a2; Col17a1; P4ha2; Col6a6; Loxl1; Mmp7; P4ha1; Lamb3; Col9a3; Col6a3","liver","RR-8","GLDS-379","Stat_(Space Flight & 22 to 23 day & On ISS & Carcass & 10 to 12 week)v(Ground Control & 24 day & On Earth & Carcass & 10 to 12 week)",1,"flight_positive"
"REACTOME_COMMON_PATHWAY_OF_FIBRIN_CLOT_FORMATION",0.340182648401826,0.523540148306432,0.109250039480711,-0.355453384228572,-1.08124009783041,21,"reactome","F2r; Pros1; F8; Pf4; Thbd; Procr","liver","RR-8","GLDS-379","Stat_(Space Flight & 22 to 23 day & On ISS & Carcass & 10 to 12 week)v(Ground Control & 24 day & On Earth & Carcass & 10 to 12 week)",1,"flight_positive"
"REACTOME_COMPLEMENT_CASCADE",0.223529411764706,0.413735343383585,0.159646701919906,-0.279309016654488,-1.13431264912529,83,"reactome","Ighg2b; C8g; Igkv1-88; Igkv12-44; Pros1; Igkv8-28; Igkv1-110; C2; Cfhr2; Cd55; C4bp; Ighv5-9; Cfp; Cr1l; Cfhr1; Colec11; C1qc; C7; Iglc1; C1qa; Cfh; C3ar1; Igkv17-127; Fcnb; C5ar1; C1qb; Igkv8-27","liver","RR-8","GLDS-379","Stat_(Space Flight & 22 to 23 day & On ISS & Carcass & 10 to 12 week)v(Ground Control & 24 day & On Earth & Carcass & 10 to 12 week)",1,"flight_positive"
"REACTOME_COMPLEX_III_ASSEMBLY",0.0429072015853975,0.168129282808029,0.321775918075361,-0.478091277961687,-1.46642124091618,22,"reactome","Hscb; Uqcrfs1; Uqcr11; Uqcr10; Uqcc2; Uqcrq; Cyc1; Uqcrc1","liver","RR-8","GLDS-379","Stat_(Space Flight & 22 to 23 day & On ISS & Carcass & 10 to 12 week)v(Ground Control & 24 day & On Earth & Carcass & 10 to 12 week)",1,"flight_positive"
"REACTOME_COMPLEX_IV_ASSEMBLY",0.000123871353021156,0.00253477490904402,0.518848077743792,-0.548059880961574,-1.96817131741428,42,"reactome","Cox5a; Cox11; Cmc1; Cox7b; Cox4i1; Pet100; Higd1a; Rab5if; Coq10b; Cox19; Cox18; Ndufa4; Cox7a2; Cox5b; Smim20; Cox14; Cox7c; Cox17; Coa3","liver","RR-8","GLDS-379","Stat_(Space Flight & 22 to 23 day & On ISS & Carcass & 10 to 12 week)v(Ground Control & 24 day & On Earth & Carcass & 10 to 12 week)",1,"flight_positive"
"REACTOME_COMPLEX_I_BIOGENESIS",1.32291671100092e-06,5.41415913205931e-05,0.643551836150722,-0.566586203245458,-2.18088696854912,60,"reactome","Nubpl; Ndufa7; Ndufb6; Ndufc2; Ndufa2; Ndufab1; Ndufs4; Ndufb2; Hscb; Ndufa11; Ndufv1; Ndufc1; Ndufaf8; Ndufs3; Ndufb8; Tmem186; Ndufb7; Ndufb11; Ndufb1; Ndufaf4; Ndufa6; Ndufa9; Ndufb10; Dmac1; Ndufs8; Ndufv3; Ndufaf3; Ndufaf5; Ndufs2; Ndufb9; Ndufs5; Tmem126a; Tmem126b; Ndufs7","liver","RR-8","GLDS-379","Stat_(Space Flight & 22 to 23 day & On ISS & Carcass & 10 to 12 week)v(Ground Control & 24 day & On Earth & Carcass & 10 to 12 week)",1,"flight_positive"
"REACTOME_CONDENSATION_OF_PROPHASE_CHROMOSOMES",0.220108695652174,0.41153994703156,0.154190966581424,-0.307697602854284,-1.14883366021799,54,"reactome","H2bc8; H2bc3; H2bc6; H2bc14; H4c3; H4c18; H4c6; Mcph1; H3c1; H4c14; H2ac20; H4c11; H4c16; H2ac23; H4c2; H3c11; H2ac7; H4c8","liver","RR-8","GLDS-379","Stat_(Space Flight & 22 to 23 day & On ISS & Carcass & 10 to 12 week)v(Ground Control & 24 day & On Earth & Carcass & 10 to 12 week)",1,"flight_positive"
"REACTOME_CONSTITUTIVE_SIGNALING_BY_ABERRANT_PI3K_IN_CANCER",0.83710407239819,0.88686481303931,0.0409055783172035,0.217508883638133,0.813706623104135,77,"reactome","Fgf18; Strn; Pik3r1; Irs1; Tgfa; Gab1; Btc; Ereg; Ptpn11; Fgf1; Rhog","liver","RR-8","GLDS-379","Stat_(Space Flight & 22 to 23 day & On ISS & Carcass & 10 to 12 week)v(Ground Control & 24 day & On Earth & Carcass & 10 to 12 week)",1,"flight_positive"
"REACTOME_CONSTITUTIVE_SIGNALING_BY_AKT1_E17K_IN_CANCER",0.00201644292624662,0.0223205000905963,0.431707695803346,0.594550477791344,1.78551113241638,26,"reactome","Cdkn1a; Mdm2; Nr4a1; Mlst8; Akt2; Foxo1; Pdpk1; Tsc2; Creb1; Akt3; Mapkap1; Akt1; Gsk3a; Prr5; Rps6kb2; Foxo6","liver","RR-8","GLDS-379","Stat_(Space Flight & 22 to 23 day & On ISS & Carcass & 10 to 12 week)v(Ground Control & 24 day & On Earth & Carcass & 10 to 12 week)",1,"flight_positive"
"REACTOME_CONSTITUTIVE_SIGNALING_BY_EGFRVIII",0.0512228418598225,0.187421325348026,0.321775918075361,0.586013666005274,1.51625687236173,15,"reactome","Plcg1; Pik3r1; Nras; Gab1; Cdc37; Sos1; Kras; Grb2","liver","RR-8","GLDS-379","Stat_(Space Flight & 22 to 23 day & On ISS & Carcass & 10 to 12 week)v(Ground Control & 24 day & On Earth & Carcass & 10 to 12 week)",1,"flight_positive"
"REACTOME_CONSTITUTIVE_SIGNALING_BY_LIGAND_RESPONSIVE_EGFR_CANCER_VARIANTS",0.169911504424779,0.355591311343524,0.140406238523342,0.456753608053317,1.25966514595892,19,"reactome","Plcg1; Pik3r1; Nras; Ubb; Gab1; Cdc37; Sos1; Kras; Grb2","liver","RR-8","GLDS-379","Stat_(Space Flight & 22 to 23 day & On ISS & Carcass & 10 to 12 week)v(Ground Control & 24 day & On Earth & Carcass & 10 to 12 week)",1,"flight_positive"
"REACTOME_CONVERSION_FROM_APC_C_CDC20_TO_APC_C_CDH1_IN_LATE_ANAPHASE",0.486631016042781,0.64244596502661,0.0745500777420554,0.354302164099523,0.991940972146293,20,"reactome","Cdc27; Anapc1; Ube2s; Anapc5; Cdc14a; Anapc7; Anapc4; Ube2d1","liver","RR-8","GLDS-379","Stat_(Space Flight & 22 to 23 day & On ISS & Carcass & 10 to 12 week)v(Ground Control & 24 day & On Earth & Carcass & 10 to 12 week)",1,"flight_positive"
"REACTOME_COOPERATION_OF_PDCL_PHLP1_AND_TRIC_CCT_IN_G_PROTEIN_BETA_FOLDING",0.290953545232274,0.470993412485801,0.124434168630393,-0.31680268715868,-1.09632569594917,38,"reactome","Gng10; Gnb4; Gna11; Gnb5; Cct3; Cct6a; Cct6b; Gng11; Gnb2; Cct4; Gngt2","liver","RR-8","GLDS-379","Stat_(Space Flight & 22 to 23 day & On ISS & Carcass & 10 to 12 week)v(Ground Control & 24 day & On Earth & Carcass & 10 to 12 week)",1,"flight_positive"
"REACTOME_COOPERATION_OF_PREFOLDIN_AND_TRIC_CCT_IN_ACTIN_AND_TUBULIN_FOLDING",0.724137931034483,0.801775965724553,0.0536769600638126,0.266607666476461,0.822917042694349,29,"reactome","Tuba8; Pfdn5; Tubb2a; Tuba4a; Pfdn2; Tubb4b; Actb","liver","RR-8","GLDS-379","Stat_(Space Flight & 22 to 23 day & On ISS & Carcass & 10 to 12 week)v(Ground Control & 24 day & On Earth & Carcass & 10 to 12 week)",1,"flight_positive"
"REACTOME_COPII_MEDIATED_VESICLE_TRANSPORT",0.408602150537634,0.588351042896497,0.0758886900606117,0.280644100280579,1.02510678792474,68,"reactome","Sec24b; Golga2; Sec22a; Sec23ip; Csnk1d; Serpina1e; Lman2l; Sec16a; Tgfa; Serpina1b; Ctsc; Nsf; Ctsz; Ppp6r1; Ppp6c; Lman1; Ykt6; Stx17; Tmed2; Sec31b; Napg; Col7a1","liver","RR-8","GLDS-379","Stat_(Space Flight & 22 to 23 day & On ISS & Carcass & 10 to 12 week)v(Ground Control & 24 day & On Earth & Carcass & 10 to 12 week)",1,"flight_positive"
"REACTOME_COPI_DEPENDENT_GOLGI_TO_ER_RETROGRADE_TRAFFIC",0.42152466367713,0.596825792513191,0.0728938564822936,0.265206420367981,1.01386093924581,92,"reactome","Tuba8; Kif20a; Arcn1; Kif3a; Tubb2a; Tuba4a; Copz2; Klc1; Nsf; Kif1b; Kif16b; Kif3b; Kif5b; Kif2c; Kif1c; Tmed2; Kif1a; Kif2a; Kif26b; Tubb4b; Napg; Arf3; Arfgap1; Tmed10; Kif13b; Copz1; Arfgap2; Kif18b; Kifc2; Tuba1b; Kif20b; Klc2; Kif21a","liver","RR-8","GLDS-379","Stat_(Space Flight & 22 to 23 day & On ISS & Carcass & 10 to 12 week)v(Ground Control & 24 day & On Earth & Carcass & 10 to 12 week)",1,"flight_positive"
"REACTOME_COPI_INDEPENDENT_GOLGI_TO_ER_RETROGRADE_TRAFFIC",0.278523489932886,0.458671320977405,0.102449405629826,0.331827978568998,1.11581878141202,46,"reactome","Tuba8; Pafah1b2; Tubb2a; Tuba4a; Capza2; Capzb; Dctn1; Tubb4b; Agpat3; Bicd1; Pafah1b1; Dynll1; Dctn5; Dync1h1; Dctn6; Tuba1b","liver","RR-8","GLDS-379","Stat_(Space Flight & 22 to 23 day & On ISS & Carcass & 10 to 12 week)v(Ground Control & 24 day & On Earth & Carcass & 10 to 12 week)",1,"flight_positive"
"REACTOME_COPI_MEDIATED_ANTEROGRADE_TRANSPORT",0.454005934718101,0.622965093005257,0.0687943095604775,0.258043494070052,0.995485121053678,96,"reactome","Ank1; Cog8; Tuba8; Sptb; Golgb1; Arcn1; Golga2; Spta1; Tubb2a; Tuba4a; Copz2; Gosr1; Nsf; Ank2; Sptan1; Capza2; Ykt6; Capzb; Tmed2; Dctn1; Tubb4b; Napg; Arf3; Arfgap1; Cog1; Tmed10; Dynll1; Dctn5; Dync1h1; Copz1; Arfgap2","liver","RR-8","GLDS-379","Stat_(Space Flight & 22 to 23 day & On ISS & Carcass & 10 to 12 week)v(Ground Control & 24 day & On Earth & Carcass & 10 to 12 week)",1,"flight_positive"
"REACTOME_CO_INHIBITION_BY_CTLA4",0.113475177304965,0.281775440274125,0.175204047558551,0.469638126697312,1.33652414838992,21,"reactome","Ppp2r1b; Ppp2r1a; Akt2; Ppp2r5c; Ptpn11; Ppp2r5d; Yes1; Akt3; Akt1; Ctla4","liver","RR-8","GLDS-379","Stat_(Space Flight & 22 to 23 day & On ISS & Carcass & 10 to 12 week)v(Ground Control & 24 day & On Earth & Carcass & 10 to 12 week)",1,"flight_positive"
"REACTOME_CO_INHIBITION_BY_PD_1",0.638443935926774,0.737950365271009,0.0734381410838857,-0.299974146411454,-0.884371549164991,19,"reactome","H2-Eb1; Cd4; Cd3d; Cd247; Lck; H2-Aa","liver","RR-8","GLDS-379","Stat_(Space Flight & 22 to 23 day & On ISS & Carcass & 10 to 12 week)v(Ground Control & 24 day & On Earth & Carcass & 10 to 12 week)",1,"flight_positive"
"REACTOME_CO_STIMULATION_BY_CD28",0.369529983792545,0.554797054471144,0.0840745577910723,0.308658854440442,1.05457749764492,48,"reactome","Ppp2r1b; Ppp2r1a; Mlst8; Akt2; Pdpk1; Pik3r1; Ppp2r5c; Ppp2r5d; Yes1; Akt3; Mapkap1; Grap2; Grb2; Akt1; Ctla4; Prr5","liver","RR-8","GLDS-379","Stat_(Space Flight & 22 to 23 day & On ISS & Carcass & 10 to 12 week)v(Ground Control & 24 day & On Earth & Carcass & 10 to 12 week)",1,"flight_positive"
"REACTOME_CREATION_OF_C4_AND_C2_ACTIVATORS",0.446384039900249,0.618113238207739,0.0978773277424561,-0.282344839050193,-1.01673361969932,44,"reactome","Ighg2b; Igkv1-88; Igkv12-44; Igkv8-28; Igkv1-110; Ighv5-9; Colec11; C1qc; Iglc1; C1qa; Igkv17-127; Fcnb; C1qb; Igkv8-27; Igkv1-135","liver","RR-8","GLDS-379","Stat_(Space Flight & 22 to 23 day & On ISS & Carcass & 10 to 12 week)v(Ground Control & 24 day & On Earth & Carcass & 10 to 12 week)",1,"flight_positive"
"REACTOME_CREB1_PHOSPHORYLATION_THROUGH_NMDA_RECEPTOR_MEDIATED_ACTIVATION_OF_RAS_SIGNALING",0.00301203491465999,0.0294539697407017,0.431707695803346,0.562032583369394,1.71361848437033,28,"reactome","Actn2; Dlg3; Dlg1; Camk2a; Pdpk1; Nras; Camk2b; Creb1; Camk2g; Kras; Camk2d; Mapk3","liver","RR-8","GLDS-379","Stat_(Space Flight & 22 to 23 day & On ISS & Carcass & 10 to 12 week)v(Ground Control & 24 day & On Earth & Carcass & 10 to 12 week)",1,"flight_positive"
"REACTOME_CRISTAE_FORMATION",0.899782135076253,0.924032768828308,0.0544555953940371,-0.242174369334978,-0.665894676436963,15,"reactome","Apool; Micos13; Atp5pb; Dmac2l; Immt; Apoo","liver","RR-8","GLDS-379","Stat_(Space Flight & 22 to 23 day & On ISS & Carcass & 10 to 12 week)v(Ground Control & 24 day & On Earth & Carcass & 10 to 12 week)",1,"flight_positive"
"REACTOME_CRMPS_IN_SEMA3A_SIGNALING",0.335570469798658,0.519335250878875,0.108820126769161,-0.390962188588609,-1.09410012053664,16,"reactome","Cdk5r1; Dpysl2; Plxna4; Plxna3; Sema3a; Gsk3b; Crmp1; Nrp1","liver","RR-8","GLDS-379","Stat_(Space Flight & 22 to 23 day & On ISS & Carcass & 10 to 12 week)v(Ground Control & 24 day & On Earth & Carcass & 10 to 12 week)",1,"flight_positive"
"REACTOME_CROSSLINKING_OF_COLLAGEN_FIBRILS",0.00471596420933863,0.0400856957793783,0.407017918923954,-0.613211294240742,-1.76732951998419,18,"reactome","Pcolce; Col4a4; Col1a2; Col4a5; Loxl2; Lox; Col1a1; Col4a3; Pxdn","liver","RR-8","GLDS-379","Stat_(Space Flight & 22 to 23 day & On ISS & Carcass & 10 to 12 week)v(Ground Control & 24 day & On Earth & Carcass & 10 to 12 week)",1,"flight_positive"
"REACTOME_CROSS_PRESENTATION_OF_SOLUBLE_EXOGENOUS_ANTIGENS_ENDOSOMES",0.042067930452863,0.166018082680049,0.321775918075361,-0.386284757182935,-1.37819217381158,41,"reactome","Psmb5; Psma7; Psmb1; Psmb4; Psmd6; Psmd13; Mrc2; Cd207; Psmb9; Mrc1; Psmb3; Psme2; Fcgr1; Psmb10","liver","RR-8","GLDS-379","Stat_(Space Flight & 22 to 23 day & On ISS & Carcass & 10 to 12 week)v(Ground Control & 24 day & On Earth & Carcass & 10 to 12 week)",1,"flight_positive"
"REACTOME_CYCLIN_A_B1_B2_ASSOCIATED_EVENTS_DURING_G2_M_TRANSITION",0.337979094076655,0.521601814182547,0.0931454575337804,0.347229440796295,1.07287093448242,30,"reactome","Ppp2r1b; Ppp2r1a; Ppp2r2a; Ppme1; Cdc25b; Cdk2; Plk1; Sgo1; Cdk1; Cdc25a; Pkmyt1","liver","RR-8","GLDS-379","Stat_(Space Flight & 22 to 23 day & On ISS & Carcass & 10 to 12 week)v(Ground Control & 24 day & On Earth & Carcass & 10 to 12 week)",1,"flight_positive"
"REACTOME_CYCLIN_A_CDK2_ASSOCIATED_EVENTS_AT_S_PHASE_ENTRY",0.423976608187135,0.599097381133994,0.11101149245045,-0.263198513547445,-1.04701673676517,74,"reactome","Wee1; Psmb5; Psma7; Cks1b; E2f5; Rps27a; Mnat1; Rbbp4; Psmb1; Psmb4; Psmd6; Psmd13; Skp2; Ubc; Skp1; Ccne1; Psmb3; Uba52; Ccnd1","liver","RR-8","GLDS-379","Stat_(Space Flight & 22 to 23 day & On ISS & Carcass & 10 to 12 week)v(Ground Control & 24 day & On Earth & Carcass & 10 to 12 week)",1,"flight_positive"
"REACTOME_CYCLIN_D_ASSOCIATED_EVENTS_IN_G1",0.211822660098522,0.402208808102731,0.118815039412263,0.340797176655896,1.15564781278899,47,"reactome","Cdkn1a; Rbl2; Ppp2r1b; E2f4; Ppp2r1a; Abl1; Cdk6; Ubb; Ppp2r2a; Jak2; Cdk2; Rb1","liver","RR-8","GLDS-379","Stat_(Space Flight & 22 to 23 day & On ISS & Carcass & 10 to 12 week)v(Ground Control & 24 day & On Earth & Carcass & 10 to 12 week)",1,"flight_positive"
"REACTOME_CYTOCHROME_P450_ARRANGED_BY_SUBSTRATE_TYPE",0.331521739130435,0.515234207790619,0.122679189568808,-0.286379608090847,-1.06547782990295,53,"reactome","Cyp3a25; Fdx1; Cyp2u1; Ptgis; Cyp2s1; Cyp4b1; Cyp2d22; Cyp4f18; Fdxr; Cyp7b1; Cyp3a11; Pomc; Cyp2a5; Cyp46a1; Cyp11a1; Cyp1b1","liver","RR-8","GLDS-379","Stat_(Space Flight & 22 to 23 day & On ISS & Carcass & 10 to 12 week)v(Ground Control & 24 day & On Earth & Carcass & 10 to 12 week)",1,"flight_positive"
"REACTOME_CYTOPROTECTION_BY_HMOX1",0.146031746031746,0.327312534209086,0.143758989039275,0.346675041237525,1.21348183415286,55,"reactome","Ncor1; Tbl1xr1; Crebbp; Ncoa6; Sin3a; Hdac3; Stat3; Cox6a2; Ncoa1; Hmox2; Med1; Ncor2; Ncoa2; Cox7a1","liver","RR-8","GLDS-379","Stat_(Space Flight & 22 to 23 day & On ISS & Carcass & 10 to 12 week)v(Ground Control & 24 day & On Earth & Carcass & 10 to 12 week)",1,"flight_positive"
"REACTOME_CYTOSOLIC_SENSORS_OF_PATHOGEN_ASSOCIATED_DNA",0.258751902587519,0.444340649823068,0.100990587455923,0.309633732917794,1.12018585406346,63,"reactome","Rela; Dtx4; Crebbp; Lrrfip1; Polr3gl; Trim21; Nkiras1; Tbk1; Polr3c; Mre11a; Ubb; Trim56; Ripk1; Polr3b; Stat6; Polr3g","liver","RR-8","GLDS-379","Stat_(Space Flight & 22 to 23 day & On ISS & Carcass & 10 to 12 week)v(Ground Control & 24 day & On Earth & Carcass & 10 to 12 week)",1,"flight_positive"
"REACTOME_CYTOSOLIC_SULFONATION_OF_SMALL_MOLECULES",0.486301369863014,0.64244596502661,0.0878312634480124,-0.321686892695467,-0.978527094582798,21,"reactome","Slc35b3; Tpst1; Slc35b2; Bpnt2; Sult1b1; Papss1; Slc26a2; Sult2a5; Sult4a1","liver","RR-8","GLDS-379","Stat_(Space Flight & 22 to 23 day & On ISS & Carcass & 10 to 12 week)v(Ground Control & 24 day & On Earth & Carcass & 10 to 12 week)",1,"flight_positive"
"REACTOME_C_TYPE_LECTIN_RECEPTORS_CLRS",0.451149425287356,0.6208220609496,0.0675188953767744,0.25046304280621,1.00004473872353,121,"reactome","Tab2; Rela; Traf6; Crebbp; Nfatc3; Ahcyl1; Pdpk1; Ccl22; Ube2m; Psmd11; Ube2n; Nras; Ubb; Muc13; Itpr2; Psmd7; Tab3; Sem1; Psma4; Ube2v1; Map3k7; Kras; Malt1; Prkcd; Psmc3; Cdc34; Ppp3ca; Prkaca; Ikbkg","liver","RR-8","GLDS-379","Stat_(Space Flight & 22 to 23 day & On ISS & Carcass & 10 to 12 week)v(Ground Control & 24 day & On Earth & Carcass & 10 to 12 week)",1,"flight_positive"
"REACTOME_DAG_AND_IP3_SIGNALING",0.0474576271186441,0.178978423092497,0.271288554688953,0.449062747223902,1.4830233338161,40,"reactome","Camkk2; Prkar2a; Plcg1; Ahcyl1; Camk2a; Adcy2; Itpr2; Camk2b; Creb1; Camk2g; Camk2d; Prkcd; Prkaca; Adcy1","liver","RR-8","GLDS-379","Stat_(Space Flight & 22 to 23 day & On ISS & Carcass & 10 to 12 week)v(Ground Control & 24 day & On Earth & Carcass & 10 to 12 week)",1,"flight_positive"
"REACTOME_DAP12_INTERACTIONS",0.353960396039604,0.538741374137414,0.111918316325105,-0.301949594221361,-1.05530948355168,39,"reactome","Klrd1; Hras; H2-T23; Klrc1; Tyrobp; H2-D1","liver","RR-8","GLDS-379","Stat_(Space Flight & 22 to 23 day & On ISS & Carcass & 10 to 12 week)v(Ground Control & 24 day & On Earth & Carcass & 10 to 12 week)",1,"flight_positive"
"REACTOME_DAP12_SIGNALING",0.244755244755245,0.433420745920746,0.133554954557592,-0.340673328931668,-1.1438032823435,31,"reactome","Klrd1; Hras; H2-T23; Klrc1; Tyrobp","liver","RR-8","GLDS-379","Stat_(Space Flight & 22 to 23 day & On ISS & Carcass & 10 to 12 week)v(Ground Control & 24 day & On Earth & Carcass & 10 to 12 week)",1,"flight_positive"
"REACTOME_DARPP_32_EVENTS",0.148601398601399,0.330470819448005,0.150169802128406,0.441125771073975,1.28802271906016,23,"reactome","Prkar2a; Ppp2r1b; Ppp2r1a; Ppp2r5d; Ppp3ca; Prkaca; Prkar1a; Pde4d; Ppp1ca; Pde4b; Pde4a; Ppp3cc","liver","RR-8","GLDS-379","Stat_(Space Flight & 22 to 23 day & On ISS & Carcass & 10 to 12 week)v(Ground Control & 24 day & On Earth & Carcass & 10 to 12 week)",1,"flight_positive"
"REACTOME_DDX58_IFIH1_MEDIATED_INDUCTION_OF_INTERFERON_ALPHA_BETA",0.0192710656087815,0.0967933068077432,0.352487857583619,0.40562061492363,1.47444558374657,65,"reactome","Saa2; Saa1; Rela; Traf6; Crebbp; Hsp90ab1; Hmgb1; Otud5; Fadd; Nkiras1; Tbk1; Ube2l6; Ubb; Ripk1; Rnf125; Mavs; Rnf216; Ube2k; Tank; Traf3; Ikbkg","liver","RR-8","GLDS-379","Stat_(Space Flight & 22 to 23 day & On ISS & Carcass & 10 to 12 week)v(Ground Control & 24 day & On Earth & Carcass & 10 to 12 week)",1,"flight_positive"
"REACTOME_DEACTIVATION_OF_THE_BETA_CATENIN_TRANSACTIVATING_COMPLEX",0.0576271186440678,0.195331184361027,0.245041785430996,0.434139136728844,1.43373832247687,40,"reactome","Tle1; Akt2; Tcf7l2; Ywhaz; Ubb; Tcf7l1; Bcl9l; Kmt2d; Cby1; Rbbp5; Pygo1; Men1; Tle3; Sox9; Btrc; Akt1; Tcf7; Apc; Bcl9","liver","RR-8","GLDS-379","Stat_(Space Flight & 22 to 23 day & On ISS & Carcass & 10 to 12 week)v(Ground Control & 24 day & On Earth & Carcass & 10 to 12 week)",1,"flight_positive"
"REACTOME_DEADENYLATION_DEPENDENT_MRNA_DECAY",0.0615141955835962,0.200510873509952,0.227987202850442,0.397208461717777,1.38648388152892,53,"reactome","Tut7; Cnot1; Cnot4; Patl1; Exosc9; Lsm1; Dcp1a; Pabpc1; Dis3; Cnot3; Eif4b; Eif4g1; Cnot2; Lsm2; Cnot11; Pan3; Cnot6l; Tut4; Exosc8; Lsm4; Lsm6; Pan2; Dcp1b; Cnot9; Exosc1","liver","RR-8","GLDS-379","Stat_(Space Flight & 22 to 23 day & On ISS & Carcass & 10 to 12 week)v(Ground Control & 24 day & On Earth & Carcass & 10 to 12 week)",1,"flight_positive"
"REACTOME_DEADENYLATION_OF_MRNA",0.0519713261648745,0.18828955872848,0.266350657088526,0.49705327416187,1.47735779839333,25,"reactome","Tut7; Cnot1; Cnot4; Pabpc1; Cnot3; Eif4b; Eif4g1; Cnot2; Cnot11; Pan3; Cnot6l; Tut4","liver","RR-8","GLDS-379","Stat_(Space Flight & 22 to 23 day & On ISS & Carcass & 10 to 12 week)v(Ground Control & 24 day & On Earth & Carcass & 10 to 12 week)",1,"flight_positive"
"REACTOME_DEATH_RECEPTOR_SIGNALING",3.81353112374937e-05,0.000957716339032511,0.557332238758646,0.43039642146893,1.76044708429834,150,"reactome","Tab2; Prkci; Rela; Prdm4; Obscn; Traf6; Itsn1; Arhgef11; Irak1; Ywhae; Arhgef5; Akap13; Birc3; Net1; Clip3; Hdac3; Arhgef40; Arhgef12; Psen1; Fadd; Spata2; Fgd4; Tbk1; Sharpin; Arhgef3; Ube2l3; Ubb; Otud7b; Tab3; Trio; Hdac2; Ripk1; Psenen; Arhgef39; Rhoa; Arhgef18; Psen2; Otulin; Usp21; Arhgef26; Arhgef37; Sos1; Ngfr; Map3k7; Fgd1; Bag4; Optn; Arhgef19","liver","RR-8","GLDS-379","Stat_(Space Flight & 22 to 23 day & On ISS & Carcass & 10 to 12 week)v(Ground Control & 24 day & On Earth & Carcass & 10 to 12 week)",1,"flight_positive"
"REACTOME_DECTIN_1_MEDIATED_NONCANONICAL_NF_KB_SIGNALING",0.542328042328042,0.680991462241462,0.0899860794997137,-0.25973947182614,-0.952538925624223,49,"reactome","Psmb5; Psma7; Rps27a; Psmb1; Psmb4; Psmd6; Psmd13; Ubc; Skp1; Psmb3; Chuk; Uba52","liver","RR-8","GLDS-379","Stat_(Space Flight & 22 to 23 day & On ISS & Carcass & 10 to 12 week)v(Ground Control & 24 day & On Earth & Carcass & 10 to 12 week)",1,"flight_positive"
"REACTOME_DECTIN_2_FAMILY",0.00452374033835959,0.0396724847133916,0.407017918923954,-0.58860241542003,-1.80538554919145,22,"reactome","Muc6; Lyn; Clec4a3; Fcer1g; Clec4n; Clec4b1; Muc1; Plcg2; Muc20; Mgl2","liver","RR-8","GLDS-379","Stat_(Space Flight & 22 to 23 day & On ISS & Carcass & 10 to 12 week)v(Ground Control & 24 day & On Earth & Carcass & 10 to 12 week)",1,"flight_positive"
"REACTOME_DEFECTIVE_B4GALT7_CAUSES_EDS_PROGEROID_TYPE",0.249427917620137,0.438492063492063,0.130777137971974,-0.387344987938931,-1.14195470223953,19,"reactome","Gpc6; B4galt7; Agrn; Hspg2; Cspg5; Dcn; Vcan; Gpc1; Gpc3","liver","RR-8","GLDS-379","Stat_(Space Flight & 22 to 23 day & On ISS & Carcass & 10 to 12 week)v(Ground Control & 24 day & On Earth & Carcass & 10 to 12 week)",1,"flight_positive"
"REACTOME_DEFECTIVE_CFTR_CAUSES_CYSTIC_FIBROSIS",0.431168831168831,0.606648113363903,0.102449405629826,-0.27512909962792,-1.00358003407349,48,"reactome","Psmb5; Psma7; Derl1; Rps27a; Psmb1; Erlin1; Psmb4; Psmd6; Psmd13; Ubc","liver","RR-8","GLDS-379","Stat_(Space Flight & 22 to 23 day & On ISS & Carcass & 10 to 12 week)v(Ground Control & 24 day & On Earth & Carcass & 10 to 12 week)",1,"flight_positive"
"REACTOME_DEFECTIVE_INTRINSIC_PATHWAY_FOR_APOPTOSIS",0.114840989399293,0.282998423955871,0.173747838999571,0.452076990186437,1.33357751786731,24,"reactome","Ywhae; Jun; Capns1; Golga2; Capns2; Cdc25b; Capn2; Lmnb1; Fasl; Cdc25a; Cast","liver","RR-8","GLDS-379","Stat_(Space Flight & 22 to 23 day & On ISS & Carcass & 10 to 12 week)v(Ground Control & 24 day & On Earth & Carcass & 10 to 12 week)",1,"flight_positive"
"REACTOME_DEFECTS_IN_VITAMIN_AND_COFACTOR_METABOLISM",0.882978723404255,0.916142243532115,0.0458620343117985,0.24560226741469,0.698949558477,21,"reactome","Mmab; Mtr; Btd; Amn; Mccc1; Mccc2; Tcn2; Acaca; Mmaa; Mtrr","liver","RR-8","GLDS-379","Stat_(Space Flight & 22 to 23 day & On ISS & Carcass & 10 to 12 week)v(Ground Control & 24 day & On Earth & Carcass & 10 to 12 week)",1,"flight_positive"
"REACTOME_DEFECTS_OF_CONTACT_ACTIVATION_SYSTEM_CAS_AND_KALLIKREIN_KININ_SYSTEM_KKS",0.561521252796421,0.688522392062215,0.0789209638180035,-0.33052438876622,-0.924966107067567,16,"reactome","Tpst1; F8; Vwf","liver","RR-8","GLDS-379","Stat_(Space Flight & 22 to 23 day & On ISS & Carcass & 10 to 12 week)v(Ground Control & 24 day & On Earth & Carcass & 10 to 12 week)",1,"flight_positive"
"REACTOME_DEFENSINS",0.00508125954390176,0.0419014313135182,0.407017918923954,0.671382129440592,1.73713997948982,15,"reactome","Try4; Prss2; Art1","liver","RR-8","GLDS-379","Stat_(Space Flight & 22 to 23 day & On ISS & Carcass & 10 to 12 week)v(Ground Control & 24 day & On Earth & Carcass & 10 to 12 week)",1,"flight_positive"
"REACTOME_DEGRADATION_OF_AXIN",0.708688245315162,0.793414904836124,0.0541200569620232,0.258501289697296,0.859418656928512,42,"reactome","Axin1; Axin2; Psmd11; Smurf2; Ubb; Psmd7; Sem1; Rnf146; Psma4; Psmc3","liver","RR-8","GLDS-379","Stat_(Space Flight & 22 to 23 day & On ISS & Carcass & 10 to 12 week)v(Ground Control & 24 day & On Earth & Carcass & 10 to 12 week)",1,"flight_positive"
"REACTOME_DEGRADATION_OF_BETA_CATENIN_BY_THE_DESTRUCTION_COMPLEX",0.261001517450683,0.446449964060379,0.10027910675413,0.303142059435189,1.11523630832145,72,"reactome","Axin1; Ppp2r1b; Ppp2r1a; Tle1; Axin2; Tcf7l2; Psmd11; Ppp2r5c; Ubb; Tcf7l1; Psmd7; Tle5; Sem1; Psma4; Ppp2r5d; Psmc3; Zranb1; Tle3; Psmb2; Btrc; Psmc1; Tcf7; Psmc4; Apc; Psmd3","liver","RR-8","GLDS-379","Stat_(Space Flight & 22 to 23 day & On ISS & Carcass & 10 to 12 week)v(Ground Control & 24 day & On Earth & Carcass & 10 to 12 week)",1,"flight_positive"
"REACTOME_DEGRADATION_OF_CRY_AND_PER_PROTEINS",0.0727272727272727,0.222613951145807,0.271288554688953,-0.358552150693326,-1.30787975570947,48,"reactome","Psmb5; Psma7; Rps27a; Per3; Psmb1; Psmb4; Psmd6; Psmd13; Ubc; Per2; Skp1; Psmb3; Uba52","liver","RR-8","GLDS-379","Stat_(Space Flight & 22 to 23 day & On ISS & Carcass & 10 to 12 week)v(Ground Control & 24 day & On Earth & Carcass & 10 to 12 week)",1,"flight_positive"
"REACTOME_DEGRADATION_OF_CYSTEINE_AND_HOMOCYSTEINE",0.464052287581699,0.626867698994838,0.0878312634480124,-0.361309382192005,-0.99347422606722,15,"reactome","Tstd1; Csad; Ado; Tst; Sqor; Mpst","liver","RR-8","GLDS-379","Stat_(Space Flight & 22 to 23 day & On ISS & Carcass & 10 to 12 week)v(Ground Control & 24 day & On Earth & Carcass & 10 to 12 week)",1,"flight_positive"
"REACTOME_DEGRADATION_OF_DVL",0.374064837905237,0.560083531009874,0.108820126769161,-0.293358976620161,-1.05639591349952,44,"reactome","Psmb5; Psma7; Rps27a; Psmb1; Psmb4; Psmd6; Psmd13; Ubc; Psmb3; Uba52","liver","RR-8","GLDS-379","Stat_(Space Flight & 22 to 23 day & On ISS & Carcass & 10 to 12 week)v(Ground Control & 24 day & On Earth & Carcass & 10 to 12 week)",1,"flight_positive"
"REACTOME_DEGRADATION_OF_GLI1_BY_THE_PROTEASOME",0.241379310344828,0.430598729859002,0.13880510939114,-0.309799241061578,-1.13308315617279,46,"reactome","Psmb5; Psma7; Rps27a; Psmb1; Psmb4; Psmd6; Psmd13; Ubc; Skp1; Psmb3; Uba52","liver","RR-8","GLDS-379","Stat_(Space Flight & 22 to 23 day & On ISS & Carcass & 10 to 12 week)v(Ground Control & 24 day & On Earth & Carcass & 10 to 12 week)",1,"flight_positive"
"REACTOME_DEGRADATION_OF_THE_EXTRACELLULAR_MATRIX",0.87972027972028,0.91447874796887,0.035090109926935,0.200484724526035,0.814870265065697,136,"reactome","Try4; Prss2; Ctsl; Capns1; Lamc1; Psen1; Nid1; Capns2; Mmp14; Furin; Capn9; Adam9; Mmp19; Mmp25; Col7a1; Capn8; Col15a1; Col26a1; Col25a1; Capn2; Fn1; Plg; Capn5","liver","RR-8","GLDS-379","Stat_(Space Flight & 22 to 23 day & On ISS & Carcass & 10 to 12 week)v(Ground Control & 24 day & On Earth & Carcass & 10 to 12 week)",1,"flight_positive"
"REACTOME_DEPOLYMERIZATION_OF_THE_NUCLEAR_LAMINA",0.558011049723757,0.688522392062215,0.0692836467392548,0.362696309432996,0.938443595533945,15,"reactome","Lpin1; Cdk1; Ctdnep1; Lmnb1; Prkca; Emd","liver","RR-8","GLDS-379","Stat_(Space Flight & 22 to 23 day & On ISS & Carcass & 10 to 12 week)v(Ground Control & 24 day & On Earth & Carcass & 10 to 12 week)",1,"flight_positive"
"REACTOME_DEPOSITION_OF_NEW_CENPA_CONTAINING_NUCLEOSOMES_AT_THE_CENTROMERE",0.0131899661549532,0.0767100663222278,0.380730400722792,-0.399471725963002,-1.50495063472046,57,"reactome","H2bc8; H2bc3; H2bc6; Rbbp4; Cenpw; Itgb3bp; Cenpp; H2bc14; H4c3; H4c18; H4c6; H4c14; Mis18a; H2ac20; H4c11; H4c16; Rbbp7; H2ac23; H4c2; Cenph; H2ac7; H4c8; Mis18bp1; H2bc4; Cenpk; Cenpa; Cenpl; H4c4","liver","RR-8","GLDS-379","Stat_(Space Flight & 22 to 23 day & On ISS & Carcass & 10 to 12 week)v(Ground Control & 24 day & On Earth & Carcass & 10 to 12 week)",1,"flight_positive"
"REACTOME_DETOXIFICATION_OF_REACTIVE_OXYGEN_SPECIES",6.14966060250656e-05,0.0014157031178687,0.538434096309916,-0.607525442275679,-2.09709709102735,35,"reactome","Txnrd2; Gpx6; Ncf2; Ncf4; Cyba; Ccs; Atox1; Txn1; Gpx7; Prdx6; Nox4; Cybb; Ncf1; Ero1a; Prdx3; Gpx2; Gstp1","liver","RR-8","GLDS-379","Stat_(Space Flight & 22 to 23 day & On ISS & Carcass & 10 to 12 week)v(Ground Control & 24 day & On Earth & Carcass & 10 to 12 week)",1,"flight_positive"
"REACTOME_DEUBIQUITINATION",0.000698231423869242,0.00952525584414213,0.477270815362862,0.350856822820621,1.50870728442672,243,"reactome","Stam2; Mdm2; Traf6; Usp8; Tada2b; Yy1; Axin1; Smad3; Usp13; Hcfc1; Birc3; Axin2; Ino80d; Rad23b; Wdr48; Bap1; Smad2; Stam; Foxk2; Psmd11; Usp7; Otud5; Mbd5; Stambp; Usp42; Otud3; Usp3; Abraxas2; Smurf2; Ubb; Ide; Nod1; Otud7b; Rnf123; Psmd7; Babam2; Ino80e; Kat2b; Yod1; Ripk1; Sem1; Usp47; Rnf146; Usp49; Rhoa; Mavs; Asxl2; Snx3; Psma4; Usp21; Tnip1; Becn1; Suds3; Map3k7; Usp25; Uimc1; Taf10; Usp10; Psmc3; Usp22; Vcpip1; Traf3; Zranb1; Tnip2; Ikbkg; Mul1; Usp12; Smad4; Ino80b; Psmb2; Actb; Polb; Usp15; Cftr; Hgs; Cdk1; Tfpt; Rad23a; Psmc1; Usp44; Trrap; Usp48; Ar; Asxl1; Keap1; Cdc25a; Senp8; Tab1; Psmc4; Apc; Cyld; Babam1","liver","RR-8","GLDS-379","Stat_(Space Flight & 22 to 23 day & On ISS & Carcass & 10 to 12 week)v(Ground Control & 24 day & On Earth & Carcass & 10 to 12 week)",1,"flight_positive"
"REACTOME_DEVELOPMENTAL_CELL_LINEAGES",0.0898550724637681,0.25246439297625,0.178219874951973,0.314735717279603,1.24492650960886,112,"reactome","Try4; Ctrc; Cela3b; Onecut1; Hhex","liver","RR-8","GLDS-379","Stat_(Space Flight & 22 to 23 day & On ISS & Carcass & 10 to 12 week)v(Ground Control & 24 day & On Earth & Carcass & 10 to 12 week)",1,"flight_positive"
"REACTOME_DEVELOPMENTAL_CELL_LINEAGES_OF_THE_EXOCRINE_PANCREAS",0.455223880597015,0.622965093005257,0.0689567351672811,0.263099140657498,0.99343685036661,80,"reactome","Ctrc; Cela3b; Onecut1; Hhex; Lamc1; Hnf1b","liver","RR-8","GLDS-379","Stat_(Space Flight & 22 to 23 day & On ISS & Carcass & 10 to 12 week)v(Ground Control & 24 day & On Earth & Carcass & 10 to 12 week)",1,"flight_positive"
"REACTOME_DEVELOPMENTAL_LINEAGE_OF_MULTIPOTENT_PANCREATIC_PROGENITOR_CELLS",0.0792792792792793,0.23360960960961,0.213927855492356,0.54696131051709,1.43241593785937,16,"reactome","Onecut1; Hhex; Hnf1b; Gata6; Sox9; Fgf7; Gata4","liver","RR-8","GLDS-379","Stat_(Space Flight & 22 to 23 day & On ISS & Carcass & 10 to 12 week)v(Ground Control & 24 day & On Earth & Carcass & 10 to 12 week)",1,"flight_positive"
"REACTOME_DEVELOPMENTAL_LINEAGE_OF_PANCREATIC_ACINAR_CELLS",0.00706759577611118,0.0527681981932626,0.407017918923954,0.534785379525292,1.65238203466576,30,"reactome","Ctrc; Cela3b; Onecut1; Hnf1b","liver","RR-8","GLDS-379","Stat_(Space Flight & 22 to 23 day & On ISS & Carcass & 10 to 12 week)v(Ground Control & 24 day & On Earth & Carcass & 10 to 12 week)",1,"flight_positive"
"REACTOME_DEVELOPMENTAL_LINEAGE_OF_PANCREATIC_DUCTAL_CELLS",0.38961038961039,0.572499309201437,0.108820126769161,-0.282100423758064,-1.02900912070056,48,"reactome","Lama2; Anxa2; Anxa1; Lamc3; Lamb2; Lama1; Col1a2; Col3a1; Krt23; Lamb1; Col1a1; Lama4; Aqp1","liver","RR-8","GLDS-379","Stat_(Space Flight & 22 to 23 day & On ISS & Carcass & 10 to 12 week)v(Ground Control & 24 day & On Earth & Carcass & 10 to 12 week)",1,"flight_positive"
"REACTOME_DIFFERENTIATION_OF_KERATINOCYTES_IN_INTERFOLLICULAR_EPIDERMIS_IN_MAMMALIAN_SKIN",0.0299651982948469,0.129341969202367,0.352487857583619,0.472232859305861,1.51723870489973,35,"reactome","Try4; Fabp5; Numb","liver","RR-8","GLDS-379","Stat_(Space Flight & 22 to 23 day & On ISS & Carcass & 10 to 12 week)v(Ground Control & 24 day & On Earth & Carcass & 10 to 12 week)",1,"flight_positive"
"REACTOME_DIGESTION",0.11214953271028,0.281173594132029,0.204294756516886,-0.458631409502523,-1.32181653602673,18,"reactome","Clps; Sis; Cel; Pir; Gucy2c; Pnliprp1; Pnlip; Amy2a5; Akp3","liver","RR-8","GLDS-379","Stat_(Space Flight & 22 to 23 day & On ISS & Carcass & 10 to 12 week)v(Ground Control & 24 day & On Earth & Carcass & 10 to 12 week)",1,"flight_positive"
"REACTOME_DIGESTION_AND_ABSORPTION",0.0381113023813353,0.153697040625458,0.321775918075361,-0.481935831122042,-1.48418049355995,23,"reactome","Clps; Slc2a2; Sis; Slc5a1; Cel; Pir; Gucy2c; Pnliprp1; Pnlip; Rsc1a1; Amy2a5; Akp3","liver","RR-8","GLDS-379","Stat_(Space Flight & 22 to 23 day & On ISS & Carcass & 10 to 12 week)v(Ground Control & 24 day & On Earth & Carcass & 10 to 12 week)",1,"flight_positive"
"REACTOME_DISASSEMBLY_OF_THE_DESTRUCTION_COMPLEX_AND_RECRUITMENT_OF_AXIN_TO_THE_MEMBRANE",0.108391608391608,0.278460056396973,0.178219874951973,0.43407432967397,1.32347806324797,28,"reactome","Axin1; Ppp2r1b; Ppp2r1a; Dvl3; Ppp2r5c; Ppp2r5d; Lrp5","liver","RR-8","GLDS-379","Stat_(Space Flight & 22 to 23 day & On ISS & Carcass & 10 to 12 week)v(Ground Control & 24 day & On Earth & Carcass & 10 to 12 week)",1,"flight_positive"
"REACTOME_DISEASES_ASSOCIATED_WITH_GLYCOSAMINOGLYCAN_METABOLISM",0.25,0.438492063492063,0.136490437780413,-0.320613268139759,-1.12053875512859,39,"reactome","Gpc6; Lum; Omd; B4galt7; Agrn; Hexa; Hexb; Chsy1; Hspg2; Ogn; Cspg5; Slc26a2; Dcn; B3galt6; B4galt1; Vcan; Chst14; Gpc1; Gpc3","liver","RR-8","GLDS-379","Stat_(Space Flight & 22 to 23 day & On ISS & Carcass & 10 to 12 week)v(Ground Control & 24 day & On Earth & Carcass & 10 to 12 week)",1,"flight_positive"
"REACTOME_DISEASES_ASSOCIATED_WITH_GLYCOSYLATION_PRECURSOR_BIOSYNTHESIS",0.387024608501119,0.570322580645161,0.0999276973731092,-0.375944237711452,-1.05207267557009,16,"reactome","Dolk; Galk1; Dpm3; Nus1; Dhdds; Dpm2","liver","RR-8","GLDS-379","Stat_(Space Flight & 22 to 23 day & On ISS & Carcass & 10 to 12 week)v(Ground Control & 24 day & On Earth & Carcass & 10 to 12 week)",1,"flight_positive"
"REACTOME_DISEASES_ASSOCIATED_WITH_N_GLYCOSYLATION_OF_PROTEINS",0.126984126984127,0.301110429865795,0.188204146308491,-0.441274341985213,-1.32692631173568,20,"reactome","Rft1; Alg6; Mogs; Alg1; Mgat2; Mpdu1; Alg11; Alg9; Glb1; Alg2; Alg8; B4galt1","liver","RR-8","GLDS-379","Stat_(Space Flight & 22 to 23 day & On ISS & Carcass & 10 to 12 week)v(Ground Control & 24 day & On Earth & Carcass & 10 to 12 week)",1,"flight_positive"
"REACTOME_DISEASES_ASSOCIATED_WITH_O_GLYCOSYLATION_OF_PROTEINS",0.00162488806786351,0.0190918982266819,0.45505986738723,-0.431616570783123,-1.65992856248477,62,"reactome","Muc6; Adamts2; Notch3; Thbs2; Adamts16; C1galt1; Adamts13; Cfp; Muc1; Adamts5; Notch2; Sema5a; Galnt12; Thsd7a; Adamts15; Muc20; Adamts14; Galnt3; Spon2; Spon1; Adamtsl1; Notch1; Adamtsl2; C1galt1c1; Large1; Adamts8; Adamts10; Adamts7; Muc5ac; Adamts1","liver","RR-8","GLDS-379","Stat_(Space Flight & 22 to 23 day & On ISS & Carcass & 10 to 12 week)v(Ground Control & 24 day & On Earth & Carcass & 10 to 12 week)",1,"flight_positive"
"REACTOME_DISEASES_OF_CARBOHYDRATE_METABOLISM",0.107476635514019,0.278130403379369,0.208955027549354,-0.37971570343596,-1.26292517656689,30,"reactome","Gys2; Rps27a; Sis; Naglu; Nhlrc1; Ubc; Taldo1; Uba52","liver","RR-8","GLDS-379","Stat_(Space Flight & 22 to 23 day & On ISS & Carcass & 10 to 12 week)v(Ground Control & 24 day & On Earth & Carcass & 10 to 12 week)",1,"flight_positive"
"REACTOME_DISEASES_OF_DNA_REPAIR",0.0333836538923633,0.138160814797983,0.321775918075361,0.419660850488612,1.4472903692085,50,"reactome","Msh6; Msh3; Topbp1; Mre11a; Rad17; Mlh1; Top3a; Pms2; Sem1; Msh2; Rfc3; Rad51d; Nbn; Rad51; Rhno1; Rad50; Xrcc2; Rfc5; Kat5; Rad51ap1; Rad9a; Brca2","liver","RR-8","GLDS-379","Stat_(Space Flight & 22 to 23 day & On ISS & Carcass & 10 to 12 week)v(Ground Control & 24 day & On Earth & Carcass & 10 to 12 week)",1,"flight_positive"
"REACTOME_DISEASES_OF_GLYCOSYLATION",0.000312790203800403,0.0051587041074544,0.49849310876659,-0.37678954472465,-1.65028643320919,136,"reactome","Muc6; Gpc6; Dolk; Lum; Rft1; Galk1; Omd; Adamts2; Alg6; Notch3; B4galt7; Thbs2; Mogs; Adamts16; C1galt1; Agrn; Adamts13; Hexa; Cfp; Hexb; Alg1; Mgat2; Muc1; Chsy1; Adamts5; Dpm3; Mpdu1; Nus1; Notch2; Sema5a; Galnt12; Thsd7a; Hspg2; Ogn; Adamts15; Dhdds; Muc20; Dpm2; Adamts14; Alg11; Alg9; Cspg5; Slc26a2; Galnt3; Spon2; Spon1; Dcn; Glb1; Adamtsl1; Notch1; Alg2; Gfpt1; Adamtsl2; C1galt1c1; Large1; Alg8; Adamts8; B3galt6; Adamts10; B4galt1; Adamts7; Muc5ac; Adamts1; Vcan; Chst14","liver","RR-8","GLDS-379","Stat_(Space Flight & 22 to 23 day & On ISS & Carcass & 10 to 12 week)v(Ground Control & 24 day & On Earth & Carcass & 10 to 12 week)",1,"flight_positive"
"REACTOME_DISEASES_OF_HEMOSTASIS",0.130434782608696,0.30731435987763,0.186432558434075,-0.444988489506534,-1.31189692356253,19,"reactome","Tpst1; F8; Vwf; Col1a2; Adamts13; Col1a1; Gp5","liver","RR-8","GLDS-379","Stat_(Space Flight & 22 to 23 day & On ISS & Carcass & 10 to 12 week)v(Ground Control & 24 day & On Earth & Carcass & 10 to 12 week)",1,"flight_positive"
"REACTOME_DISEASES_OF_IMMUNE_SYSTEM",0.279232111692845,0.459153993185407,0.104732821580651,0.361386452437453,1.12094450687688,31,"reactome","Rela; Tirap; Hmgb1; Ly96; Irak4; Fgb; Fga; Fgg; Tlr5; Traf3; Ikbkg","liver","RR-8","GLDS-379","Stat_(Space Flight & 22 to 23 day & On ISS & Carcass & 10 to 12 week)v(Ground Control & 24 day & On Earth & Carcass & 10 to 12 week)",1,"flight_positive"
"REACTOME_DISEASES_OF_METABOLISM",0.000195957805715043,0.00388040634852555,0.518848077743792,-0.314325160519943,-1.49278776333628,242,"reactome","Muc6; Echs1; Fdx1; Gys2; Gpc6; Dolk; Lum; Rft1; Rps27a; Galk1; Gss; Omd; Adamts2; Alg6; Notch3; B4galt7; Thbs2; Mogs; Sis; Adamts16; C1galt1; Naglu; Nhlrc1; Cyp2u1; Agrn; Ubc; Ppm1k; Adamts13; Taldo1; Mmadhc; Hexa; Cfp; Csf2rb2; Hexb; Fmo3; Uba52; Alg1; Bckdha; Mgat2; Muc1; Cd320; Maoa; Fdxr; Cyp7b1; Acat1; Chsy1; Tpmt; Adamts5; Dpm3; Mpdu1; Pomc; Pcx; Nus1; Notch2; Sema5a; Auh; Galnt12; Thsd7a; Hspg2; Ogn; Cyp11a1; Cyp1b1; Adamts15; Dhdds; Muc20; Dpm2; Sftpa1; Gusb; Adamts14; Alg11; Rpia; Alg9; Cspg5; Slc26a2; Ggt1; Lmbrd1; Galnt3; Spon2; Spon1; Slc35d1; Pccb; Ada; Dcn; Glb1; Adamtsl1; Notch1; Alg2; Gfpt1; Adamtsl2; C1galt1c1; Large1; Alg8; Adamts8; Sftpc; B3galt6; Adamts10; B4galt1; Adamts7; Muc5ac; Mmut; Adamts1","liver","RR-8","GLDS-379","Stat_(Space Flight & 22 to 23 day & On ISS & Carcass & 10 to 12 week)v(Ground Control & 24 day & On Earth & Carcass & 10 to 12 week)",1,"flight_positive"
"REACTOME_DISEASES_OF_MITOTIC_CELL_CYCLE",0.183811129848229,0.372681281618887,0.130777137971974,0.368034061475065,1.2090160703554,38,"reactome","Cdkn1a; Cdc27; Anapc1; Ube2s; Cdk6; Anapc5; Cdk2; Atrx; Rb1; Cdk4; Tfdp2; Anapc7; Ccne2; Anapc4; Ube2d1; E2f3; E2f2","liver","RR-8","GLDS-379","Stat_(Space Flight & 22 to 23 day & On ISS & Carcass & 10 to 12 week)v(Ground Control & 24 day & On Earth & Carcass & 10 to 12 week)",1,"flight_positive"
"REACTOME_DISEASES_OF_PROGRAMMED_CELL_DEATH",0.49251497005988,0.642916599424121,0.0652353056017703,0.258833271037608,0.981119764179613,85,"reactome","Dnmt1; Ezh2; Ywhae; Dnmt3b; Jun; Capns1; Golga2; Pola2; Fadd; Capns2; Dnmt3a; Ripk1; Cdc25b; Mlkl","liver","RR-8","GLDS-379","Stat_(Space Flight & 22 to 23 day & On ISS & Carcass & 10 to 12 week)v(Ground Control & 24 day & On Earth & Carcass & 10 to 12 week)",1,"flight_positive"
"REACTOME_DISEASES_OF_SIGNAL_TRANSDUCTION_BY_GROWTH_FACTOR_RECEPTORS_AND_SECOND_MESSENGERS",1.33684566155339e-07,7.03435455245951e-06,0.690132458796796,0.371324556935359,1.70121482534204,437,"reactome","Dnmt1; Erlin2; Cdkn1a; Mdm2; Ncor1; Fgfr1op2; Fip1l1; Tbl1xr1; Crebbp; Axin1; Smad3; Tln1; Nr4a1; Lrrfip1; Ppp2r1b; Ppp2r1a; Mlst8; Akt2; Plcg1; Tpr; Mras; Mecp2; Ncbp2; Hdac3; Ago1; Fgf18; Golgb1; Stat3; Wdr48; Tcf7l2; Ap3b1; Kank1; Jun; Ppm1b; Camk2a; Smad2; Foxo1; Tnrc6c; Neurl1a; Pdpk1; Strn; Golga4; Qki; Myh9; Ppfibp1; Psmd11; Fbxw7; Fkbp1a; Pik3r1; Zc3hav1; Agk; Psen1; Ppp2r5c; Maml1; Braf; Rrbp1; Clcn6; Stat5a; Nras; Ubb; Gtf2f1; Irs1; Tgfa; Gab1; Aggf1; Fgb; Tsc2; Psmd7; Tent4a; Klc1; Btc; Akap9; Ereg; Myo18a; Ncor2; Kat2b; Hdac2; Rbpj; Psenen; Sem1; Cdc37; Ptpn11; Camk2b; Fga; Creb1; Trip11; Cux1; Psen2; Psma4; Ppp2r5d; Kif5b; Fgg; Fgf1; Jak2; Bin2; Camk2g; Sos1; Etv6; Rb1; Yes1; Eml4; Kras; Cdk8; Ago2; Rhog; Camk2d; Mark3; Psmc3; Ptpn6; Bag4; Mapk3; Sel1l; Akt3; Jag2; Lrp5; Mov10; Mapkap1; Shoc2; Kdm7a; Hdac6; Smad4; Dctn1; Mib2; Polr2c; Psmb2; Polr2b; Grb2; Frs2; Sqstm1; Actb; Ncbp1; Mapk8; Os9; Snd1; Mprip; Mib1; Mapk9; Fgfr3; Fam114a2; Prkar1a; Fn1; Akt1; Stat5b; Psmc1","liver","RR-8","GLDS-379","Stat_(Space Flight & 22 to 23 day & On ISS & Carcass & 10 to 12 week)v(Ground Control & 24 day & On Earth & Carcass & 10 to 12 week)",1,"flight_positive"
"REACTOME_DISORDERS_OF_TRANSMEMBRANE_TRANSPORTERS",0.106382978723404,0.277903525979578,0.261663521711573,-0.267039404403968,-1.1876006623895,151,"reactome","Psmb5; Abcg5; Psma7; Derl1; Slc2a2; Rps27a; Sec13; Heph; Nup107; Slc33a1; Gckr; Psmb1; Slco1b2; Erlin1; Psmb4; Psmd6; Psmd13; Slc2a9; Slc39a4; Slc40a1; Slc35a1; Ubc; Slc9a6; Abcg8; Slc17a5; Slc5a1; Nup85; Nup43; Slc2a10; Psmb3; Slc35a3; Slc6a19; Uba52; Slc22a18; Abcc6; Nup35; Slc22a5","liver","RR-8","GLDS-379","Stat_(Space Flight & 22 to 23 day & On ISS & Carcass & 10 to 12 week)v(Ground Control & 24 day & On Earth & Carcass & 10 to 12 week)",1,"flight_positive"
"REACTOME_DNA_DAMAGE_BYPASS",0.20097244732577,0.391665880590786,0.121543282035469,0.344796588709015,1.17804727933836,48,"reactome","Poli; Wdr48; Rev3l; Pold3; Ube2l6; Pole3; Ubb; Mad2l2; Rfc1; Rfc3; Usp10; Usp1; Pole; Polk; Pold4; Rfc5; Pole2; Nploc4","liver","RR-8","GLDS-379","Stat_(Space Flight & 22 to 23 day & On ISS & Carcass & 10 to 12 week)v(Ground Control & 24 day & On Earth & Carcass & 10 to 12 week)",1,"flight_positive"
"REACTOME_DNA_DAMAGE_RECOGNITION_IN_GG_NER",0.366748166259169,0.552083655920638,0.108820126769161,-0.300081037036218,-1.03845884238064,38,"reactome","Actl6a; Cops5; Rps27a; Gps1; Mcrs1; Cul4a; Ubc; Actr8; Cops6; Uba52; Cetn2","liver","RR-8","GLDS-379","Stat_(Space Flight & 22 to 23 day & On ISS & Carcass & 10 to 12 week)v(Ground Control & 24 day & On Earth & Carcass & 10 to 12 week)",1,"flight_positive"
"REACTOME_DNA_DAMAGE_TELOMERE_STRESS_INDUCED_SENESCENCE",0.492753623188406,0.642916599424121,0.100990587455923,-0.252396318014993,-0.97276875603123,63,"reactome","H2bc8; H1f3; H1f2; H2bc3; H1f4; H2bc6; H2bc14; H4c3; H4c18; H4c6; H1f5; Ccne1; H4c14; H2ac20; H4c11; H1f1; H4c16","liver","RR-8","GLDS-379","Stat_(Space Flight & 22 to 23 day & On ISS & Carcass & 10 to 12 week)v(Ground Control & 24 day & On Earth & Carcass & 10 to 12 week)",1,"flight_positive"
"REACTOME_DNA_DOUBLE_STRAND_BREAK_REPAIR",0.0189599149119072,0.0956653240988926,0.352487857583619,0.340516494563369,1.39560296599907,153,"reactome","Eya3; Trp53bp1; Ppp4r2; Ube2i; Abl1; Ubxn1; Bap1; Lig4; Rnf168; Xrcc3; Pold3; Pias4; Topbp1; Mre11a; Rad17; Ube2n; Top3a; Pole3; Ubb; Rfc1; Slx4; Babam2; Sem1; Rfc3; Lig3; Herc2; Cdk2; Rad51d; Uimc1; Nbn; Eya1; Ppp5c; Rad51; Pole; Polk; Rhno1; Pold4; Rad50; Xrcc2; Kdm4a; Rfc5; Polq; Kat5; Pole2; Paxip1; Baz1b; Mapk8; Eya4; Eya2; Rad51ap1; Rad9a; Brca2","liver","RR-8","GLDS-379","Stat_(Space Flight & 22 to 23 day & On ISS & Carcass & 10 to 12 week)v(Ground Control & 24 day & On Earth & Carcass & 10 to 12 week)",1,"flight_positive"
"REACTOME_DNA_DOUBLE_STRAND_BREAK_RESPONSE",0.0609756097560976,0.200510873509952,0.224966093540314,0.372858615102447,1.35535453123647,65,"reactome","Eya3; Trp53bp1; Ube2i; Abl1; Ubxn1; Bap1; Rnf168; Pias4; Mre11a; Ube2n; Ubb; Babam2; Herc2; Uimc1; Nbn; Eya1; Ppp5c; Rad50; Kdm4a; Kat5; Baz1b; Mapk8; Eya4; Eya2","liver","RR-8","GLDS-379","Stat_(Space Flight & 22 to 23 day & On ISS & Carcass & 10 to 12 week)v(Ground Control & 24 day & On Earth & Carcass & 10 to 12 week)",1,"flight_positive"
"REACTOME_DNA_METHYLATION",0.0763546798029557,0.22865019290587,0.257206466468838,-0.357967090202419,-1.30925588772481,46,"reactome","H2bc8; H2bc3; H2bc6; H2bc14; H4c3; H4c18; H4c6; H3c1; H4c14; H2ac20; H4c11; H4c16; H2ac23; H4c2; H3c11; H2ac7; H4c8","liver","RR-8","GLDS-379","Stat_(Space Flight & 22 to 23 day & On ISS & Carcass & 10 to 12 week)v(Ground Control & 24 day & On Earth & Carcass & 10 to 12 week)",1,"flight_positive"
"REACTOME_DNA_REPAIR",0.00153357390981974,0.0182214964553851,0.45505986738723,0.324255487869216,1.43116896407457,313,"reactome","Eya3; Trp53bp1; Msh6; Isy1; Sumo3; Terf2; Msh3; Parg; Dclre1b; Yy1; Ppp4r2; Ube2i; Aqr; Abl1; Poli; Ino80d; Rad23b; Ubxn1; Wdr48; Bap1; Pot1a; Acd; Gtf2h3; Lig4; Rnf168; Xrcc3; Zfp830; Rev3l; Pold3; Pias4; Usp7; Topbp1; Xpa; Ube2l6; Mre11a; Rad17; Fancm; Ube2n; Mlh1; Gtf2h1; Top3a; Pole3; Ubb; Pms2; Mad2l2; Rfc1; Lig1; Slx4; Babam2; Ino80e; Sem1; Msh2; Rfc3; Lig3; Pias1; Herc2; Cdk2; Rad51d; Rnf111; Ercc5; Uimc1; Nbn; Usp10; Eya1; Ppp5c; Usp1; Rad51; Cenps; Pole; Polk; Tinf2; Rhno1; Pold4; Rad50; Xrcc2; Xpc; Kdm4a; Xab2; Polr2c; Rfc5; Ino80b; Polq; Polr2b; Kat5; Pole2; Actb; Paxip1; Polb; Ascc2; Nploc4; Uvssa; Cops2; Baz1b; Mapk8; Eya4; Eya2; Faap24; Rad51ap1; H2az2; Rad9a; Tfpt; Rad23a","liver","RR-8","GLDS-379","Stat_(Space Flight & 22 to 23 day & On ISS & Carcass & 10 to 12 week)v(Ground Control & 24 day & On Earth & Carcass & 10 to 12 week)",1,"flight_positive"
"REACTOME_DNA_REPLICATION",0.0629756465811143,0.204070643613288,0.287805130535564,-0.271035487672521,-1.22737592612172,164,"reactome","Psmb5; Polg2; H2bc8; Psma7; H2bc3; Rps27a; H2bc6; Psmb1; Psmb4; Psmd6; Psmd13; Mcm10; Rfc2; Gmnn; Fen1; Orc6; Skp2; Pold2; Ubc; Cdc26; Skp1; Mcm8; H2bc14; H4c3; H4c18; H4c6; Orc4; Ccne1; Psmb3; H3c1; H4c14; Exog; Pole4; Uba52; H2ac20; Orc1; H4c11; Rpa3; Ube2e1; H4c16; Cdc16","liver","RR-8","GLDS-379","Stat_(Space Flight & 22 to 23 day & On ISS & Carcass & 10 to 12 week)v(Ground Control & 24 day & On Earth & Carcass & 10 to 12 week)",1,"flight_positive"
"REACTOME_DNA_REPLICATION_PRE_INITIATION",0.0915032679738562,0.254048017867113,0.271288554688953,-0.277067036004342,-1.2183875175976,130,"reactome","Psmb5; H2bc8; Psma7; H2bc3; Rps27a; H2bc6; Psmb1; Psmb4; Psmd6; Psmd13; Mcm10; Gmnn; Orc6; Ubc; Cdc26; Mcm8; H2bc14; H4c3; H4c18; H4c6; Orc4; Psmb3; H3c1; H4c14; Pole4; Uba52; H2ac20; Orc1; H4c11; Rpa3; Ube2e1; H4c16; Cdc16","liver","RR-8","GLDS-379","Stat_(Space Flight & 22 to 23 day & On ISS & Carcass & 10 to 12 week)v(Ground Control & 24 day & On Earth & Carcass & 10 to 12 week)",1,"flight_positive"
"REACTOME_DNA_STRAND_ELONGATION",0.314529914529915,0.497930595351799,0.096240602328129,0.345360074831045,1.0852488159962,32,"reactome","Mcm7; Pold3; Pola2; Rfc1; Lig1; Rfc3; Pold4; Rfc5; Mcm5","liver","RR-8","GLDS-379","Stat_(Space Flight & 22 to 23 day & On ISS & Carcass & 10 to 12 week)v(Ground Control & 24 day & On Earth & Carcass & 10 to 12 week)",1,"flight_positive"
"REACTOME_DOPAMINE_NEUROTRANSMITTER_RELEASE_CYCLE",0.552447552447552,0.685965068521856,0.0672065093710464,0.315573817597236,0.921429381956517,23,"reactome","Ppfia1; Lin7a; Lin7c; Rab3a; Ppfia2; Apba1","liver","RR-8","GLDS-379","Stat_(Space Flight & 22 to 23 day & On ISS & Carcass & 10 to 12 week)v(Ground Control & 24 day & On Earth & Carcass & 10 to 12 week)",1,"flight_positive"
"REACTOME_DOWNREGULATION_OF_ERBB2_SIGNALING",0.56993006993007,0.692229385816084,0.0656813601934011,0.304919447536547,0.92968916216588,28,"reactome","Usp8; Akt2; Ubb; Btc; Ereg; Cdc37; Akt3; Rnf41; Akt1","liver","RR-8","GLDS-379","Stat_(Space Flight & 22 to 23 day & On ISS & Carcass & 10 to 12 week)v(Ground Control & 24 day & On Earth & Carcass & 10 to 12 week)",1,"flight_positive"
"REACTOME_DOWNREGULATION_OF_SMAD2_3_SMAD4_TRANSCRIPTIONAL_ACTIVITY",0.0257177991195214,0.116467901750292,0.352487857583619,0.492421699807963,1.5273881899661,31,"reactome","Ncor1; Nedd4l; Smad3; Smad2; Skil; Smurf2; Ubb; Trim33; Ncor2; Rnf111; Mapk3; Atp1b4; Ski; Smad4","liver","RR-8","GLDS-379","Stat_(Space Flight & 22 to 23 day & On ISS & Carcass & 10 to 12 week)v(Ground Control & 24 day & On Earth & Carcass & 10 to 12 week)",1,"flight_positive"
"REACTOME_DOWNREGULATION_OF_TGF_BETA_RECEPTOR_SIGNALING",0.148745519713262,0.330470819448005,0.152144922367565,0.431597521470468,1.28280809574545,25,"reactome","Nedd4l; Ppp1r15a; Smad3; Smurf1; Smad2; Smurf2; Ubb","liver","RR-8","GLDS-379","Stat_(Space Flight & 22 to 23 day & On ISS & Carcass & 10 to 12 week)v(Ground Control & 24 day & On Earth & Carcass & 10 to 12 week)",1,"flight_positive"
"REACTOME_DOWNSTREAM_SIGNALING_EVENTS_OF_B_CELL_RECEPTOR_BCR",0.712749615975422,0.795543763285699,0.0490939668192139,0.239688234343715,0.875507576199855,68,"reactome","Rela; Nfatc3; Psmd11; Fkbp1a; Nras; Ubb; Psmd7; Sem1; Psma4; Map3k7; Kras; Malt1; Psmc3; Ppp3ca; Ikbkg; Psmb2; Nfkbib; Nfatc1; Btrc; Psmc1; Psmc4; Psmd3; Rel; Nfatc2","liver","RR-8","GLDS-379","Stat_(Space Flight & 22 to 23 day & On ISS & Carcass & 10 to 12 week)v(Ground Control & 24 day & On Earth & Carcass & 10 to 12 week)",1,"flight_positive"
"REACTOME_DOWNSTREAM_SIGNALING_OF_ACTIVATED_FGFR1",0.0913978494623656,0.254048017867113,0.197822021315103,0.468902499704734,1.39368715716239,25,"reactome","Plcg1; Pik3r1; Nras; Gab1; Ptpn11; Fgf1; Sos1; Kras; Grb2; Frs2","liver","RR-8","GLDS-379","Stat_(Space Flight & 22 to 23 day & On ISS & Carcass & 10 to 12 week)v(Ground Control & 24 day & On Earth & Carcass & 10 to 12 week)",1,"flight_positive"
"REACTOME_DOWNSTREAM_SIGNALING_OF_ACTIVATED_FGFR2",0.00611799228263826,0.0489882715385165,0.407017918923954,0.582805896606489,1.71921344785628,24,"reactome","Plcg1; Fgf18; Pik3r1; Nras; Gab1; Ptpn11; Fgf1; Sos1; Kras; Grb2; Frs2","liver","RR-8","GLDS-379","Stat_(Space Flight & 22 to 23 day & On ISS & Carcass & 10 to 12 week)v(Ground Control & 24 day & On Earth & Carcass & 10 to 12 week)",1,"flight_positive"
"REACTOME_DOWNSTREAM_SIGNALING_OF_ACTIVATED_FGFR3",0.00279339168393647,0.028318328538989,0.431707695803346,0.62408407689623,1.77605563088159,21,"reactome","Plcg1; Fgf18; Pik3r1; Nras; Gab1; Ptpn11; Fgf1; Sos1; Kras; Grb2; Frs2; Fgfr3","liver","RR-8","GLDS-379","Stat_(Space Flight & 22 to 23 day & On ISS & Carcass & 10 to 12 week)v(Ground Control & 24 day & On Earth & Carcass & 10 to 12 week)",1,"flight_positive"
"REACTOME_DOWNSTREAM_SIGNALING_OF_ACTIVATED_FGFR4",0.0149873668671539,0.0823932357622145,0.380730400722792,0.57094525861731,1.63528669937098,22,"reactome","Plcg1; Fgf18; Pik3r1; Nras; Gab1; Ptpn11; Fgf1; Sos1; Kras; Grb2; Frs2","liver","RR-8","GLDS-379","Stat_(Space Flight & 22 to 23 day & On ISS & Carcass & 10 to 12 week)v(Ground Control & 24 day & On Earth & Carcass & 10 to 12 week)",1,"flight_positive"
"REACTOME_DOWNSTREAM_SIGNAL_TRANSDUCTION",0.0171533152643551,0.0898313429720964,0.352487857583619,0.515322488811036,1.59060564210636,29,"reactome","Plcg1; Stat3; Crkl; Pik3r1; Stat5a; Nras; Stat6; Ptpn11; Crk; Sos1; Kras; Grb2; Stat5b","liver","RR-8","GLDS-379","Stat_(Space Flight & 22 to 23 day & On ISS & Carcass & 10 to 12 week)v(Ground Control & 24 day & On Earth & Carcass & 10 to 12 week)",1,"flight_positive"
"REACTOME_DOWNSTREAM_TCR_SIGNALING",0.583582089552239,0.698063834005154,0.0570059526582387,0.24853930599163,0.93846032609454,80,"reactome","Tab2; Rela; Traf6; Pdpk1; Psmd11; Pik3r1; Ube2n; Ubb; Psmd7; Sem1; Psma4; Ube2v1; H2-Ab1; Map3k7; Malt1; Psmc3; Cdc34; Ikbkg","liver","RR-8","GLDS-379","Stat_(Space Flight & 22 to 23 day & On ISS & Carcass & 10 to 12 week)v(Ground Control & 24 day & On Earth & Carcass & 10 to 12 week)",1,"flight_positive"
"REACTOME_DRUG_ADME",0.00761836664013642,0.0557502989228526,0.407017918923954,-0.356929472173127,-1.47105254887931,93,"reactome","Ugt1a9; Hsd11b1; Acsm5; Ugt2b35; Ugt2b36; Slco1b2; Ugt1a10; Ugt2a3; Nat2; Nme2; Ugt3a2; Gmps; Ugt1a7c; Slc28a2b; Ugt1a2; Cyp2d22; Guk1; Gstp1; Ugt1a6b; Cyp3a11; Bche; Tpmt; Gsta1; Nat1; Abcc1; Ces2h; Abcc3; Impdh1; Ugt2b34; Impdh2; Slc22a3; Abcg2; Ggt1; Sult2a5; Ugt2b1; Slc22a1; Ada; Cyp2e1","liver","RR-8","GLDS-379","Stat_(Space Flight & 22 to 23 day & On ISS & Carcass & 10 to 12 week)v(Ground Control & 24 day & On Earth & Carcass & 10 to 12 week)",1,"flight_positive"
"REACTOME_DUAL_INCISION_IN_GG_NER",0.269035532994924,0.450430702968774,0.105125131597001,0.339136563089544,1.12388109382862,41,"reactome","Gtf2h3; Pold3; Xpa; Gtf2h1; Pole3; Ubb; Rfc1; Rfc3; Ercc5; Pole; Polk; Pold4; Rfc5; Pole2","liver","RR-8","GLDS-379","Stat_(Space Flight & 22 to 23 day & On ISS & Carcass & 10 to 12 week)v(Ground Control & 24 day & On Earth & Carcass & 10 to 12 week)",1,"flight_positive"
"REACTOME_DUAL_INCISION_IN_TC_NER",0.354642313546423,0.539036803946076,0.0828962134571565,0.292418807503931,1.05790608969267,63,"reactome","Isy1; Aqr; Gtf2h3; Zfp830; Pold3; Usp7; Xpa; Gtf2h1; Pole3; Ubb; Rfc1; Rfc3; Ercc5; Pole; Polk; Pold4; Xab2; Polr2c; Rfc5; Polr2b; Pole2; Uvssa","liver","RR-8","GLDS-379","Stat_(Space Flight & 22 to 23 day & On ISS & Carcass & 10 to 12 week)v(Ground Control & 24 day & On Earth & Carcass & 10 to 12 week)",1,"flight_positive"
"REACTOME_E2F_MEDIATED_REGULATION_OF_DNA_REPLICATION",0.478723404255319,0.639649311146896,0.0751181635276301,0.343028339139299,0.982492930863978,22,"reactome","Ppp2r1b; Ppp2r1a; Pola2; Rb1; Tfdp2; Cdk1","liver","RR-8","GLDS-379","Stat_(Space Flight & 22 to 23 day & On ISS & Carcass & 10 to 12 week)v(Ground Control & 24 day & On Earth & Carcass & 10 to 12 week)",1,"flight_positive"
"REACTOME_E3_UBIQUITIN_LIGASES_UBIQUITINATE_TARGET_PROTEINS",0.253369272237197,0.440969894326852,0.142056643575821,-0.302634666246678,-1.11617479008775,51,"reactome","H2bc8; Pex2; H2bc3; Derl1; Rps27a; Prkdc; H2bc6; Ube2a; Rnf181; Ubc; H2bc14; Pex13; Uba52; Bcl10","liver","RR-8","GLDS-379","Stat_(Space Flight & 22 to 23 day & On ISS & Carcass & 10 to 12 week)v(Ground Control & 24 day & On Earth & Carcass & 10 to 12 week)",1,"flight_positive"
"REACTOME_EARLY_SARS_COV_2_INFECTION_EVENTS",0.0948275862068965,0.259367531580744,0.190023305279108,0.417847060209673,1.35411186032147,36,"reactome","Pik3r4; Ctsl; Tmprss2; Sdc2; Chmp6; Chmp3; Ddx5; Becn1; Rb1; Furin; Chmp4b","liver","RR-8","GLDS-379","Stat_(Space Flight & 22 to 23 day & On ISS & Carcass & 10 to 12 week)v(Ground Control & 24 day & On Earth & Carcass & 10 to 12 week)",1,"flight_positive"
"REACTOME_ECM_PROTEOGLYCANS",0.000547705806999864,0.00785993398356947,0.477270815362862,-0.44743246442092,-1.77346160109618,71,"reactome","Itga2b; Lum; Lama2; Col4a4; Lamb2; Lama1; Agrn; Itgav; Col1a2; Col4a5; Ncam1; Col3a1; Lamb1; Itga8; Col1a1; Lama4; Col4a3; Tnxb; Tnr; Itga2; App; Col6a1; Sparc; Itgb1; Tnc; Itgax; Serpine1; Hspg2; Itga7; Lama3; Lama5","liver","RR-8","GLDS-379","Stat_(Space Flight & 22 to 23 day & On ISS & Carcass & 10 to 12 week)v(Ground Control & 24 day & On Earth & Carcass & 10 to 12 week)",1,"flight_positive"
"REACTOME_EFFECTS_OF_PIP2_HYDROLYSIS",0.993181818181818,0.993181818181818,0.0518457624865066,-0.170355797000435,-0.544736129991607,26,"reactome","Dgkb; Trpc3; Abhd12; Trpc6; Dgke; Prkch; Mgll; Itpr3; Dgkd; Dgkk; Dgkh","liver","RR-8","GLDS-379","Stat_(Space Flight & 22 to 23 day & On ISS & Carcass & 10 to 12 week)v(Ground Control & 24 day & On Earth & Carcass & 10 to 12 week)",1,"flight_positive"
"REACTOME_EGFR_DOWNREGULATION",0.0907504363001745,0.253230384120436,0.195789002148949,0.44183394924451,1.37047566397932,31,"reactome","Stam2; Stam; Ubb; Tgfa; Btc; Ereg; Ptpn3; Eps15l1; Ptprk; Arhgef7; Grb2; Hgs; Epn1","liver","RR-8","GLDS-379","Stat_(Space Flight & 22 to 23 day & On ISS & Carcass & 10 to 12 week)v(Ground Control & 24 day & On Earth & Carcass & 10 to 12 week)",1,"flight_positive"
"REACTOME_EGR2_AND_SOX10_MEDIATED_INITIATION_OF_SCHWANN_CELL_MYELINATION",0.461538461538462,0.625766871165644,0.0762797180809272,0.325415470897743,0.992180849529042,28,"reactome","Lamc1; Cyp51; Hdac2; Smarca4; Dag1; Srebf2; Prx; Mpz; Wwtr1; Tead1; Egr2; Nab2; Utrn; Gjb1; Drp2; Yap1; Hmgcr","liver","RR-8","GLDS-379","Stat_(Space Flight & 22 to 23 day & On ISS & Carcass & 10 to 12 week)v(Ground Control & 24 day & On Earth & Carcass & 10 to 12 week)",1,"flight_positive"
"REACTOME_ELASTIC_FIBRE_FORMATION",0.0537735264544557,0.190543933956265,0.321775918075361,-0.379407942550149,-1.36826589031609,43,"reactome","Fbn2; Ltbp2; Fbln5; Bmp2; Itgav; Ltbp1; Emilin1; Loxl2; Itga8; Lox; Ltbp4; Fbn1; Itgb1; Ltbp3; Eln; Mfap3","liver","RR-8","GLDS-379","Stat_(Space Flight & 22 to 23 day & On ISS & Carcass & 10 to 12 week)v(Ground Control & 24 day & On Earth & Carcass & 10 to 12 week)",1,"flight_positive"
"REACTOME_ELEVATION_OF_CYTOSOLIC_CA2_LEVELS",0.786492374727669,0.850366021598898,0.0607719451853533,-0.272424603719413,-0.749072223643468,15,"reactome","P2rx7; Trpc3; Orai2; Trpc6; P2rx4","liver","RR-8","GLDS-379","Stat_(Space Flight & 22 to 23 day & On ISS & Carcass & 10 to 12 week)v(Ground Control & 24 day & On Earth & Carcass & 10 to 12 week)",1,"flight_positive"
"REACTOME_ENDOGENOUS_STEROLS",0.75886524822695,0.829422452315312,0.052805004567129,0.273796487476336,0.784200845084259,22,"reactome","Ncoa1; Cyp51; Ncoa2; Cyp27a1; Cyp39a1; Ahr; Rxra; Nr1h4; Cyp7a1","liver","RR-8","GLDS-379","Stat_(Space Flight & 22 to 23 day & On ISS & Carcass & 10 to 12 week)v(Ground Control & 24 day & On Earth & Carcass & 10 to 12 week)",1,"flight_positive"
"REACTOME_ENDOSOMAL_SORTING_COMPLEX_REQUIRED_FOR_TRANSPORT_ESCRT",0.31551724137931,0.498779043954418,0.0965629554309422,0.355219548628781,1.09642841231134,29,"reactome","Stam2; Stam; Chmp6; Ubb; Chmp3; Vps4a; Ubap1; Chmp4b; Hgs; Tsg101; Vps25; Mvb12b; Vps37d; Snf8; Vps4b; Chmp7","liver","RR-8","GLDS-379","Stat_(Space Flight & 22 to 23 day & On ISS & Carcass & 10 to 12 week)v(Ground Control & 24 day & On Earth & Carcass & 10 to 12 week)",1,"flight_positive"
"REACTOME_ENERGY_DEPENDENT_REGULATION_OF_MTOR_BY_LKB1_AMPK",0.924137931034483,0.941652299886595,0.0425023180036553,0.220342357506955,0.680113530178375,29,"reactome","Mlst8; Stk11; Tsc2; Tsc1; Rptor; Prkag2; Rragb; Prkab2; Cab39; Strada; Prkab1","liver","RR-8","GLDS-379","Stat_(Space Flight & 22 to 23 day & On ISS & Carcass & 10 to 12 week)v(Ground Control & 24 day & On Earth & Carcass & 10 to 12 week)",1,"flight_positive"
"REACTOME_EPHA_MEDIATED_GROWTH_CONE_COLLAPSE",0.716279069767442,0.795644891122278,0.0684714904492087,-0.260130986557155,-0.849965813858812,28,"reactome","Lyn; Myh11; Epha3; Efna4; Myl6; Myl9; Src; Epha7; Efna1; Epha1","liver","RR-8","GLDS-379","Stat_(Space Flight & 22 to 23 day & On ISS & Carcass & 10 to 12 week)v(Ground Control & 24 day & On Earth & Carcass & 10 to 12 week)",1,"flight_positive"
"REACTOME_EPHB_MEDIATED_FORWARD_SIGNALING",0.417376490630324,0.593566309068864,0.0802023444698144,0.300933149964634,1.00048848448967,42,"reactome","Itsn1; Sdc2; Efnb1; Ptk2; Rhoa; Yes1; Ephb6; Arpc2; Ephb1; Rock1; Wasl; Efnb3; Actb; Limk2","liver","RR-8","GLDS-379","Stat_(Space Flight & 22 to 23 day & On ISS & Carcass & 10 to 12 week)v(Ground Control & 24 day & On Earth & Carcass & 10 to 12 week)",1,"flight_positive"
"REACTOME_EPHRIN_SIGNALING",0.532743362831858,0.67201074877763,0.0696133438850965,0.340261092265133,0.938394422934188,19,"reactome","Efnb1; Ephb6; Ephb1; Efnb3; Arhgef7","liver","RR-8","GLDS-379","Stat_(Space Flight & 22 to 23 day & On ISS & Carcass & 10 to 12 week)v(Ground Control & 24 day & On Earth & Carcass & 10 to 12 week)",1,"flight_positive"
"REACTOME_EPH_EPHRIN_MEDIATED_REPULSION_OF_CELLS",0.76517571884984,0.832203906819954,0.0476387259290825,0.242522508192099,0.836390838016084,50,"reactome","Psen1; Cltb; Clta; Efnb1; Psenen; Psen2; Yes1; Ephb6; Ephb1; Efnb3; Actb","liver","RR-8","GLDS-379","Stat_(Space Flight & 22 to 23 day & On ISS & Carcass & 10 to 12 week)v(Ground Control & 24 day & On Earth & Carcass & 10 to 12 week)",1,"flight_positive"
"REACTOME_EPH_EPHRIN_SIGNALING",0.619909502262443,0.724867724867725,0.0546808488785442,0.242321189682928,0.921721408697243,91,"reactome","Itsn1; Myl12b; Myh9; Psen1; Sdc2; Cltb; Clta; Efnb1; Ptk2; Psenen; Rhoa; Psen2; Yes1; Ephb6; Arpc2; Ephb1; Rock1; Wasl; Efnb3; Arhgef7; Actb; Limk2","liver","RR-8","GLDS-379","Stat_(Space Flight & 22 to 23 day & On ISS & Carcass & 10 to 12 week)v(Ground Control & 24 day & On Earth & Carcass & 10 to 12 week)",1,"flight_positive"
"REACTOME_EPIGENETIC_REGULATION_BY_WDR5_CONTAINING_HISTONE_MODIFYING_COMPLEXES",0.0111013338975002,0.0696987156632823,0.380730400722792,0.348033886954074,1.42119292390921,147,"reactome","Ncor1; Med13; Tbl1xr1; Crebbp; Ncoa6; Hcfc1; Abl1; Kmt2a; Hdac3; Phf20; Pdk4; Scd1; Kmt2b; Ncoa1; Gps2; Med1; Cxxc1; Kansl1; Ajuba; Ncor2; Lpin1; Kat2b; Ncoa2; Kmt2d; Lpl; Elovl5; Rbbp5; Kdm6a; Psip1; Plin4; Kmt2c; Men1; Rb1; Akap8l; Cdk8","liver","RR-8","GLDS-379","Stat_(Space Flight & 22 to 23 day & On ISS & Carcass & 10 to 12 week)v(Ground Control & 24 day & On Earth & Carcass & 10 to 12 week)",1,"flight_positive"
"REACTOME_EPIGENETIC_REGULATION_OF_GENE_EXPRESSION",1.96805364448017e-06,7.76678313268068e-05,0.627256739718528,0.392160154884912,1.71156652813429,275,"reactome","Dnmt1; Ncor1; Dpf2; Ezh2; Med13; Tbl1xr1; Chd4; Crebbp; Smarcc2; Ncoa6; Ehmt1; Baz2a; Ube2i; Gatad2a; Hcfc1; Abl1; Smarce1; Kmt2a; Sin3a; Ss18l1; Hdac3; Mta2; Dnmt3b; Smarcd1; Arid1a; Phf20; Gtf2h3; Pdk4; Trim28; Scd1; Kmt2b; Sap130; Mphosph8; Ncoa1; Dpf3; Zfp454; Zcchc8; Polr1a; Gps2; Gtf2h1; Taf1a; Med1; Gatad2b; Cxxc1; Kansl1; Tet3; Bcl7a; Ajuba; Ncor2; Lpin1; Kat2b; Mta3; Dnmt3a; Hdac2; Ncoa2; Kmt2d; Tbp; Setdb1; Lpl; Smarca4; Arid1b; Elovl5; Rbbp5; Phf1; Ss18; Suds3; Mbd2; Kdm6a; Psip1; Atf7ip; Plin4; Kmt2c; Men1; Rb1; Akap8l; Ttf1; Cdk8; Phf19; Morc2a; Aebp2; Bod1l; Ubtf; Zfp324; Taf1d; Ppargc1a; Smarcc1","liver","RR-8","GLDS-379","Stat_(Space Flight & 22 to 23 day & On ISS & Carcass & 10 to 12 week)v(Ground Control & 24 day & On Earth & Carcass & 10 to 12 week)",1,"flight_positive"
"REACTOME_EPIGENETIC_REGULATION_OF_GENE_EXPRESSION_BY_MLL3_AND_MLL4_COMPLEXES",0.0573529411764706,0.195331184361027,0.227987202850442,0.331814139660724,1.31312209102162,116,"reactome","Ncor1; Med13; Tbl1xr1; Crebbp; Ncoa6; Abl1; Hdac3; Pdk4; Scd1; Ncoa1; Gps2; Med1; Ajuba; Ncor2; Lpin1; Ncoa2; Kmt2d; Lpl; Elovl5; Rbbp5; Kdm6a; Plin4; Kmt2c; Rb1; Cdk8","liver","RR-8","GLDS-379","Stat_(Space Flight & 22 to 23 day & On ISS & Carcass & 10 to 12 week)v(Ground Control & 24 day & On Earth & Carcass & 10 to 12 week)",1,"flight_positive"
"REACTOME_ERCC6_CSB_AND_EHMT2_G9A_POSITIVELY_REGULATE_RRNA_EXPRESSION",0.25,0.438492063492063,0.144630528034484,-0.297595513829516,-1.12114707579873,57,"reactome","H2bc8; H2bc3; H2bc6; Rbbp4; Cbx3; H2bc14; H4c3; H4c18; H4c6; H3c1; H4c14; H2ac20; H4c11; H4c16; Rbbp7; H2ac23; H4c2; H3c11; H2ac7; H4c8","liver","RR-8","GLDS-379","Stat_(Space Flight & 22 to 23 day & On ISS & Carcass & 10 to 12 week)v(Ground Control & 24 day & On Earth & Carcass & 10 to 12 week)",1,"flight_positive"
"REACTOME_ERK_MAPK_TARGETS",0.106382978723404,0.277903525979578,0.181383128498408,0.469977738305162,1.34609812911333,22,"reactome","Ppp2r1b; Ppp2r1a; Ppp2r5d; Mapk3; Vrk3; Mef2c; Dusp6; Dusp7; Rps6ka5; Rps6ka3; Elk1; Mef2a","liver","RR-8","GLDS-379","Stat_(Space Flight & 22 to 23 day & On ISS & Carcass & 10 to 12 week)v(Ground Control & 24 day & On Earth & Carcass & 10 to 12 week)",1,"flight_positive"
"REACTOME_ER_QUALITY_CONTROL_COMPARTMENT_ERQC",0.460992907801418,0.625766871165644,0.0770736734944102,0.351148812166984,0.99932020093865,21,"reactome","Edem1; Ubb; Uggt1; Rnf185; Trim13; Rnf5; Sel1l; Man1b1; Os9","liver","RR-8","GLDS-379","Stat_(Space Flight & 22 to 23 day & On ISS & Carcass & 10 to 12 week)v(Ground Control & 24 day & On Earth & Carcass & 10 to 12 week)",1,"flight_positive"
"REACTOME_ER_TO_GOLGI_ANTEROGRADE_TRANSPORT",0.275623268698061,0.455550244196075,0.0916795246008379,0.266852771676628,1.09111716057357,149,"reactome","Ank1; Cog8; Tuba8; Sptb; Sec24b; Golgb1; Arcn1; Golga2; Spta1; Tubb2a; Sec22a; Sec23ip; Tuba4a; Csnk1d; Serpina1e; Lman2l; Sec16a; Tgfa; Serpina1b; Copz2; Ctsc; Gosr1; Nsf; Ctsz; Ank2; Ppp6r1; Sptan1; Ppp6c; Lman1; Capza2; Ykt6; Capzb; Stx17; Tmed2; Dctn1; Sec31b; Tubb4b; Napg; Arf3; Col7a1; Arfgap1; Cog1","liver","RR-8","GLDS-379","Stat_(Space Flight & 22 to 23 day & On ISS & Carcass & 10 to 12 week)v(Ground Control & 24 day & On Earth & Carcass & 10 to 12 week)",1,"flight_positive"
"REACTOME_ESR_MEDIATED_SIGNALING",0.0115768307506266,0.0718326136505398,0.380730400722792,0.318787066976129,1.34438842342804,202,"reactome","Yy1; Crebbp; Axin1; Akt2; Sp1; Ppid; Smc1a; Hsp90ab1; Ago1; Atf2; Usf2; Kank1; Jun; Pou2f1; Tnrc6c; Pdpk1; Strn; Chd1; Ccnt1; Ncoa1; Pik3r1; Fkbp4; Cdk9; Nras; Med1; Gtf2f1; Tgfa; Nrip1; Btc; Nr5a2; Ereg; Ddx5; Smc3; Kat2b; Tnrc6b; Ncoa2; Ptk2; Tbp; Creb1; Kctd6; Jund; Carm1; Kras; Fos; Ago2; Srf; Hspb1; Mapk3; Ppp5c; Akt3; Mov10; Gng12; Tle3; Fosb; Gngt1; Polr2c; Polr2b; Kat5","liver","RR-8","GLDS-379","Stat_(Space Flight & 22 to 23 day & On ISS & Carcass & 10 to 12 week)v(Ground Control & 24 day & On Earth & Carcass & 10 to 12 week)",1,"flight_positive"
"REACTOME_ESTROGEN_DEPENDENT_GENE_EXPRESSION",0.0199980697728855,0.0990935744351503,0.352487857583619,0.347481912473426,1.39357872385217,131,"reactome","Yy1; Crebbp; Axin1; Sp1; Smc1a; Hsp90ab1; Ago1; Atf2; Usf2; Kank1; Jun; Pou2f1; Tnrc6c; Chd1; Ccnt1; Ncoa1; Fkbp4; Cdk9; Med1; Gtf2f1; Tgfa; Nrip1; Nr5a2; Ddx5; Smc3; Kat2b; Tnrc6b; Ncoa2; Tbp; Kctd6; Jund; Carm1; Fos; Ago2; Mov10; Tle3; Fosb; Polr2c; Polr2b; Kat5","liver","RR-8","GLDS-379","Stat_(Space Flight & 22 to 23 day & On ISS & Carcass & 10 to 12 week)v(Ground Control & 24 day & On Earth & Carcass & 10 to 12 week)",1,"flight_positive"
"REACTOME_ESTROGEN_DEPENDENT_NUCLEAR_EVENTS_DOWNSTREAM_OF_ESR_MEMBRANE_SIGNALING",0.0128224521992937,0.0765397431738124,0.380730400722792,0.554118102630044,1.63458760333272,24,"reactome","Akt2; Tgfa; Btc; Ereg; Ptk2; Creb1; Fos; Srf; Mapk3; Akt3; Akt1","liver","RR-8","GLDS-379","Stat_(Space Flight & 22 to 23 day & On ISS & Carcass & 10 to 12 week)v(Ground Control & 24 day & On Earth & Carcass & 10 to 12 week)",1,"flight_positive"
"REACTOME_EUKARYOTIC_TRANSLATION_ELONGATION",4.776596543238e-13,1.04715033396723e-10,0.921426003494898,-0.64567504773661,-2.6198503270767,84,"reactome","Rps14; Rpl3; Rps19; Rplp2; Rps18; Rpl9; Rpl39; Rps21; Rpl35a; Rps27; Rpl36; Rpl13a; Rpl6; Rpl15; Rpl27; Rps13; Rpl13; Rps27a; Rpl7; Rpl37a; Rps28; Rps29; Rps17; Rps15; Rpl24; Rps5; Rpl22l1; Rpl10; Rpl18; Fau; Rps9; Rps23; Rps25; Rplp1; Rpl32; Rpl26; Rps15a; Rpl8; Rplp0; Rps20; Rps7; Rpl19; Rpl29; Rpl10a; Uba52; Rpl28; Rps4x","liver","RR-8","GLDS-379","Stat_(Space Flight & 22 to 23 day & On ISS & Carcass & 10 to 12 week)v(Ground Control & 24 day & On Earth & Carcass & 10 to 12 week)",1,"flight_positive"
"REACTOME_EUKARYOTIC_TRANSLATION_INITIATION",2.62156287562486e-14,1.21916218506924e-11,0.97599468306432,-0.603129762777347,-2.59510645584515,111,"reactome","Rps14; Rpl3; Rps19; Rplp2; Rps18; Rpl9; Rpl39; Rps21; Rpl35a; Rps27; Eif3m; Rpl36; Rpl13a; Eif3e; Rpl6; Rpl15; Rpl27; Rps13; Rpl13; Rps27a; Rpl7; Rpl37a; Rps28; Rps29; Rps17; Eif2s1; Rps15; Rpl24; Rps5; Rpl22l1; Eif3i; Rpl10; Eif3k; Rpl18; Eif3j2; Fau; Eif2b2; Rps9; Rps23; Rps25; Rplp1; Rpl32; Rpl26; Rps15a; Rpl8; Rplp0; Rps20; Rps7; Eif2b1; Eif4a2; Rpl19; Eif2b5; Rpl29; Rpl10a; Uba52; Rpl28; Eif2s2; Rps4x","liver","RR-8","GLDS-379","Stat_(Space Flight & 22 to 23 day & On ISS & Carcass & 10 to 12 week)v(Ground Control & 24 day & On Earth & Carcass & 10 to 12 week)",1,"flight_positive"
"REACTOME_EVASION_BY_RSV_OF_HOST_INTERFERON_RESPONSES",0.891843971631206,0.920353982300885,0.0454059226590179,0.242191577282099,0.689243213387557,21,"reactome","Crebbp; Ubb; Mavs; Stat2; Irf3; Ifnar2; Cul5; Trim25","liver","RR-8","GLDS-379","Stat_(Space Flight & 22 to 23 day & On ISS & Carcass & 10 to 12 week)v(Ground Control & 24 day & On Earth & Carcass & 10 to 12 week)",1,"flight_positive"
"REACTOME_EXPORT_OF_VIRAL_RIBONUCLEOPROTEINS_FROM_NUCLEUS",0.733449477351916,0.808037559794484,0.0535669384770951,0.267785431660354,0.827404512841322,30,"reactome","Tpr; Aaas; Nup98; Nup50; Nup153; Rae1; Ndc1; Pom121; Nup93","liver","RR-8","GLDS-379","Stat_(Space Flight & 22 to 23 day & On ISS & Carcass & 10 to 12 week)v(Ground Control & 24 day & On Earth & Carcass & 10 to 12 week)",1,"flight_positive"
"REACTOME_EXPRESSION_OF_BMAL_ARNTL_CLOCK_AND_NPAS2",2.32600430996665e-05,0.000597729014537942,0.575610261071129,0.646436162592607,2.07693714404805,35,"reactome","Ncor1; Clock; Tbl1xr1; Npas2; Crebbp; Ncoa6; Usp46; Hdac3; Atf2; Ncoa1; Crtc3; Med1; Nrip1; Rora; Ncoa2; Creb1; Carm1; Ppargc1a; Chd9; Crtc1; Mef2d; Helz2; Mef2c; Rxra; Smarcd3","liver","RR-8","GLDS-379","Stat_(Space Flight & 22 to 23 day & On ISS & Carcass & 10 to 12 week)v(Ground Control & 24 day & On Earth & Carcass & 10 to 12 week)",1,"flight_positive"
"REACTOME_EXTENSION_OF_TELOMERES",0.0623003194888179,0.202476038338658,0.227987202850442,0.395315355048147,1.36332971134973,50,"reactome","Terf2; Pot1a; Acd; Pold3; Pola2; Dkc1; Chtf8; Rfc1; Lig1; Rfc3; Ppp6c; Cdk2; Ctc1; Tinf2; Pold4; Rfc5","liver","RR-8","GLDS-379","Stat_(Space Flight & 22 to 23 day & On ISS & Carcass & 10 to 12 week)v(Ground Control & 24 day & On Earth & Carcass & 10 to 12 week)",1,"flight_positive"
"REACTOME_EXTRACELLULAR_MATRIX_ORGANIZATION",0.037736048719084,0.15294989351595,0.321775918075361,-0.242878517487631,-1.18577212490607,309,"reactome","Fbn2; Spp1; Itga2b; Itgb2; Lum; Ltbp2; Fbln5; Col14a1; Icam2; Ctsk; Lama2; Acta2; Pcolce; Col4a4; Mmp3; Dmd; Bmp2; Adamts2; Trappc4; Spock3; Actg2; Lamc3; Lamb2; Lama1; Cd47; Vwf; Adamts16; Agrn; Itgb7; Col28a1; Itgav; Col1a2; Kdr; Col4a5; Itgal; Ltbp1; Emilin1; Loxl2; Serpinh1; Ncam1; Ncstn; Mmp16; Col3a1; Lamb1; Itga8; Lox; Col8a1; Mmp8; Capn6; Col1a1; Lama4; Col4a3; Tnxb; Ctsb; Ttr; Adam15; Scube3; Adamts5; P3h3; Ltbp4; Mmp9; Pxdn; Fbn1; Tnr; Itga2; App; Col6a1; Sparc; Itgb1; Ltbp3; Crtap; Klk1b27; Eln; Tnc; Mfap3; Scube1; Itgax; Serpine1; Ctss; Hspg2; Cd44; Itga7; Colgalt1; Itgb4; Capn12; Col23a1; Lama3; Jam3; Adam10; Itga11; P3h2; Lama5","liver","RR-8","GLDS-379","Stat_(Space Flight & 22 to 23 day & On ISS & Carcass & 10 to 12 week)v(Ground Control & 24 day & On Earth & Carcass & 10 to 12 week)",1,"flight_positive"
"REACTOME_EXTRA_NUCLEAR_ESTROGEN_SIGNALING",0.674735249621785,0.767060134600898,0.0509082865515105,0.241132827232697,0.895664756224199,75,"reactome","Akt2; Pdpk1; Strn; Pik3r1; Nras; Tgfa; Btc; Ereg; Ptk2; Creb1; Kras; Fos; Srf; Hspb1; Mapk3; Akt3; Gng12; Gngt1","liver","RR-8","GLDS-379","Stat_(Space Flight & 22 to 23 day & On ISS & Carcass & 10 to 12 week)v(Ground Control & 24 day & On Earth & Carcass & 10 to 12 week)",1,"flight_positive"
"REACTOME_FACTORS_INVOLVED_IN_MEGAKARYOCYTE_DEVELOPMENT_AND_PLATELET_PRODUCTION",0.000829430451433593,0.0111770810833429,0.477270815362862,0.38986352780668,1.58998745644297,139,"reactome","Phf21a; Rcor1; Prkar2a; Tuba8; Abl1; Kif20a; Sin3a; Nfe2; Kif3a; Mfn1; Tubb2a; Tuba4a; Dock5; Klc1; Sh2b1; Hdac2; Dock8; Kif1b; Kif16b; Itpk1; Kif3b; Kif5b; Jak2; Gata6; Cdk2; Capza2; Kif2c; Capzb; Kif1c; Dock1; Zfpm1; Kif1a; Prkaca; Akap1; Kif2a; Kif26b; Tubb4b; Actb; Cbx5; Prkar1a; Mfn2; Hmg20b; H3c8; Kif13b; Kif18b; Kifc2; Dock4; Gata1; Tuba1b; Kif20b; Klc2; Kif21a","liver","RR-8","GLDS-379","Stat_(Space Flight & 22 to 23 day & On ISS & Carcass & 10 to 12 week)v(Ground Control & 24 day & On Earth & Carcass & 10 to 12 week)",1,"flight_positive"
"REACTOME_FANCONI_ANEMIA_PATHWAY",0.570071258907363,0.692229385816084,0.0813027345384498,-0.27031709248286,-0.936568974338949,37,"reactome","Rps27a; Fancf; Fancl; Ubc; Atr; Uba52; Rpa3; Fan1; Fance; Rpa2; Fancc; Fancb; Poln; Fanca; Rpa1","liver","RR-8","GLDS-379","Stat_(Space Flight & 22 to 23 day & On ISS & Carcass & 10 to 12 week)v(Ground Control & 24 day & On Earth & Carcass & 10 to 12 week)",1,"flight_positive"
"REACTOME_FATTY_ACID_METABOLISM",0.00357125755185122,0.03288532995663,0.431707695803346,-0.324514295582816,-1.46532908608042,165,"reactome","Acad10; Echs1; Alox5ap; Mcat; Ndufab1; Acaa1a; Acads; Eci1; Slc27a3; Acadvl; Cbr4; Acaa2; Hadhb; Hadh; Acot12; Elovl7; Nudt19; Acbd4; Acot9; Ehhadh; Cyp2u1; Mlycd; Ptgis; Acot4; Acsf3; Prxl2b; Ephx2; Scp2; Acot8; Decr1; Cyp4b1; Hacd3; Ptgs1; Them4; Nudt7; Thrsp; Akr1c18; Cpt2; Ptges3; Cyp4f18; Slc25a20; Cpt1a; Decr2; Gpx2; Slc22a5; Abcc1; Ppt1; Lta4h; Aldh3a2; Crot","liver","RR-8","GLDS-379","Stat_(Space Flight & 22 to 23 day & On ISS & Carcass & 10 to 12 week)v(Ground Control & 24 day & On Earth & Carcass & 10 to 12 week)",1,"flight_positive"
"REACTOME_FATTY_ACYL_COA_BIOSYNTHESIS",0.283478260869565,0.464407670081429,0.103576326612592,0.349536782243766,1.10846979042212,33,"reactome","Tecrl; Acsl5; Elovl1; Scd1; Tecr; Acsl6; Elovl5; Morc2a; Fasn; Acly","liver","RR-8","GLDS-379","Stat_(Space Flight & 22 to 23 day & On ISS & Carcass & 10 to 12 week)v(Ground Control & 24 day & On Earth & Carcass & 10 to 12 week)",1,"flight_positive"
"REACTOME_FBXL7_DOWN_REGULATES_AURKA_DURING_MITOTIC_ENTRY_AND_IN_EARLY_MITOSIS",0.204819277108434,0.396366552022451,0.150169802128406,-0.326047835859771,-1.17089030037795,42,"reactome","Psmb5; Psma7; Rps27a; Psmb1; Psmb4; Psmd6; Psmd13; Ubc; Skp1; Psmb3; Uba52","liver","RR-8","GLDS-379","Stat_(Space Flight & 22 to 23 day & On ISS & Carcass & 10 to 12 week)v(Ground Control & 24 day & On Earth & Carcass & 10 to 12 week)",1,"flight_positive"
"REACTOME_FCERI_MEDIATED_CA_2_MOBILIZATION",0.927244582043344,0.942054991166078,0.0373806494758473,0.207839292610856,0.741940554044227,61,"reactome","Igkv8-30; Nfatc3; Plcg1; Ahcyl1; Igkv14-111; Itpr2; Sos1; Ppp3ca; Igkv11-125; Grap2; Grb2; Nfatc1; Ms4a2; Tec","liver","RR-8","GLDS-379","Stat_(Space Flight & 22 to 23 day & On ISS & Carcass & 10 to 12 week)v(Ground Control & 24 day & On Earth & Carcass & 10 to 12 week)",1,"flight_positive"
"REACTOME_FCERI_MEDIATED_MAPK_ACTIVATION",0.551145038167939,0.685965068521856,0.0607719451853533,0.265241694406582,0.955263980767821,62,"reactome","Igkv8-30; Plcg1; Jun; Igkv14-111; Nras; Map2k7; Sos1; Kras; Fos; Mapk3; Igkv11-125; Grap2; Grb2; Mapk8; Map2k4; Mapk9; Ms4a2","liver","RR-8","GLDS-379","Stat_(Space Flight & 22 to 23 day & On ISS & Carcass & 10 to 12 week)v(Ground Control & 24 day & On Earth & Carcass & 10 to 12 week)",1,"flight_positive"
"REACTOME_FCERI_MEDIATED_NF_KB_ACTIVATION",0.705710102489019,0.791684937310016,0.0473534245254193,0.227996399309383,0.884244724900462,98,"reactome","Tab2; Rela; Traf6; Igkv8-30; Pdpk1; Psmd11; Ube2n; Igkv14-111; Ubb; Psmd7; Tab3; Sem1; Psma4; Ube2v1; Map3k7; Malt1; Psmc3; Cdc34; Ikbkg; Igkv11-125; Psmb2","liver","RR-8","GLDS-379","Stat_(Space Flight & 22 to 23 day & On ISS & Carcass & 10 to 12 week)v(Ground Control & 24 day & On Earth & Carcass & 10 to 12 week)",1,"flight_positive"
"REACTOME_FCGAMMA_RECEPTOR_FCGR_DEPENDENT_PHAGOCYTOSIS",0.246715328467153,0.435495907278282,0.101350743797099,0.277973701935878,1.10331669420456,117,"reactome","Myh2; Igkv8-30; Wasf2; Abl1; Plcg1; Hsp90ab1; Ahcyl1; Myo10; Myh9; Pik3r1; Igkv14-111; Itpr2; Nf2; Elmo2; Nckap1; Ptk2; Baiap2; Crk; Abi1; Yes1; Wipf2; Prkcd; Dock1; Arpc2; Mapk3; Wasl","liver","RR-8","GLDS-379","Stat_(Space Flight & 22 to 23 day & On ISS & Carcass & 10 to 12 week)v(Ground Control & 24 day & On Earth & Carcass & 10 to 12 week)",1,"flight_positive"
"REACTOME_FCGR3A_MEDIATED_IL10_SYNTHESIS",0.386363636363636,0.570322580645161,0.115240003147781,-0.265220861659639,-1.04344985511403,69,"reactome","Ighg2b; Lyn; Igkv1-88; Igkv12-44; Fcgr4; Igkv8-28; Adcy7; Igkv1-110; Adcy4; Hck; Fgr; Ighv5-9; Fcgr1; Adcy3; Cd247; Calm1; Iglc1; Src; Plcg2; Igkv17-127; Fcgr2b","liver","RR-8","GLDS-379","Stat_(Space Flight & 22 to 23 day & On ISS & Carcass & 10 to 12 week)v(Ground Control & 24 day & On Earth & Carcass & 10 to 12 week)",1,"flight_positive"
"REACTOME_FCGR_ACTIVATION",0.0123441833908471,0.0749468277301431,0.380730400722792,-0.416613476909663,-1.50023967081821,44,"reactome","Ighg2b; Lyn; Igkv1-88; Igkv12-44; Fcgr4; Igkv8-28; Igkv1-110; Hck; Fgr; Ighv5-9; Fcgr1; Cd247; Iglc1; Src; Igkv17-127; Fcgr2b","liver","RR-8","GLDS-379","Stat_(Space Flight & 22 to 23 day & On ISS & Carcass & 10 to 12 week)v(Ground Control & 24 day & On Earth & Carcass & 10 to 12 week)",1,"flight_positive"
"REACTOME_FC_EPSILON_RECEPTOR_FCERI_SIGNALING",0.124826629680999,0.297912366733269,0.14551614609036,0.291196898144152,1.19000476351181,148,"reactome","Tab2; Rela; Traf6; Igkv8-30; Nfatc3; Plcg1; Ahcyl1; Jun; Pdpk1; Psmd11; Pik3r1; Ube2n; Igkv14-111; Nras; Ubb; Itpr2; Psmd7; Tab3; Map2k7; Sem1; Psma4; Ube2v1; Sos1; Map3k7; Kras; Fos; Malt1; Psmc3; Cdc34; Ppp3ca; Mapk3; Ikbkg; Igkv11-125; Grap2; Psmb2; Grb2; Nfatc1; Mapk8; Btrc; Map2k4; Mapk9; Ms4a2; Psmc1","liver","RR-8","GLDS-379","Stat_(Space Flight & 22 to 23 day & On ISS & Carcass & 10 to 12 week)v(Ground Control & 24 day & On Earth & Carcass & 10 to 12 week)",1,"flight_positive"
"REACTOME_FERTILIZATION",0.76457399103139,0.832203906819954,0.0635007968065945,-0.276442701507225,-0.793027041422035,17,"reactome","Hvcn1; Catsper3; Catsper2; Izumo4; Catsperd; Kcnu1; B4galt1","liver","RR-8","GLDS-379","Stat_(Space Flight & 22 to 23 day & On ISS & Carcass & 10 to 12 week)v(Ground Control & 24 day & On Earth & Carcass & 10 to 12 week)",1,"flight_positive"
"REACTOME_FGFR1_MUTANT_RECEPTOR_ACTIVATION",0.000492390635620465,0.00725455536480818,0.477270815362862,0.62960859697303,1.91410932612316,27,"reactome","Erlin2; Fgfr1op2; Lrrfip1; Stat3; Pik3r1; Stat5a; Myo18a; Cux1; Fgf1; Bag4; Grb2; Stat5b; Bcr; Zmym2","liver","RR-8","GLDS-379","Stat_(Space Flight & 22 to 23 day & On ISS & Carcass & 10 to 12 week)v(Ground Control & 24 day & On Earth & Carcass & 10 to 12 week)",1,"flight_positive"
"REACTOME_FGFR2_ALTERNATIVE_SPLICING",0.472813238770686,0.634822149260763,0.0913924325943768,-0.312220486289411,-0.99813060953254,27,"reactome","Polr2h; Polr2k; Polr2f; Polr2g; Polr2l; Polr2i; Tia1; Polr2d","liver","RR-8","GLDS-379","Stat_(Space Flight & 22 to 23 day & On ISS & Carcass & 10 to 12 week)v(Ground Control & 24 day & On Earth & Carcass & 10 to 12 week)",1,"flight_positive"
"REACTOME_FGFR2_MUTANT_RECEPTOR_ACTIVATION",0.411347517730496,0.588903262900676,0.0995791200495904,-0.321022107707396,-1.02626831393245,27,"reactome","Polr2h; Polr2k; Polr2f; Polr2g; Polr2l; Polr2i; Polr2d","liver","RR-8","GLDS-379","Stat_(Space Flight & 22 to 23 day & On ISS & Carcass & 10 to 12 week)v(Ground Control & 24 day & On Earth & Carcass & 10 to 12 week)",1,"flight_positive"
"REACTOME_FLT3_SIGNALING",0.18212478920742,0.371992406791495,0.131457611642763,0.370650195790923,1.21761024345286,38,"reactome","Ptprj; Akt2; Pik3r1; Stat5a; Nras; Ubb; Ptpn11; Sos1; Kras; Akt3; Grap2; Grb2; Abl2; Socs6; Akt1; Stat5b","liver","RR-8","GLDS-379","Stat_(Space Flight & 22 to 23 day & On ISS & Carcass & 10 to 12 week)v(Ground Control & 24 day & On Earth & Carcass & 10 to 12 week)",1,"flight_positive"
"REACTOME_FLT3_SIGNALING_IN_DISEASE",0.0559440559440559,0.195010037281331,0.252961123069611,0.472074917331762,1.43934057968241,28,"reactome","Cdkn1a; Golgb1; Pik3r1; Stat5a; Nras; Ubb; Myo18a; Ptpn11; Trip11; Sos1; Etv6; Kras; Grb2; Stat5b; Bcl2l1; Zmym2","liver","RR-8","GLDS-379","Stat_(Space Flight & 22 to 23 day & On ISS & Carcass & 10 to 12 week)v(Ground Control & 24 day & On Earth & Carcass & 10 to 12 week)",1,"flight_positive"
"REACTOME_FORMATION_OF_FIBRIN_CLOT_CLOTTING_CASCADE",0.176039119804401,0.364730687360224,0.16440575583821,-0.342486520108296,-1.18520703179158,38,"reactome","F2r; Tfpi; Pros1; F8; Vwf; Pf4; Gp5; F7; Prcp; Thbd; Procr","liver","RR-8","GLDS-379","Stat_(Space Flight & 22 to 23 day & On ISS & Carcass & 10 to 12 week)v(Ground Control & 24 day & On Earth & Carcass & 10 to 12 week)",1,"flight_positive"
"REACTOME_FORMATION_OF_INCISION_COMPLEX_IN_GG_NER",0.27580372250423,0.455550244196075,0.103576326612592,0.334629727656228,1.11879471533357,43,"reactome","Sumo3; Ube2i; Rad23b; Gtf2h3; Xpa; Ube2n; Gtf2h1; Ubb; Pias1; Rnf111; Ercc5","liver","RR-8","GLDS-379","Stat_(Space Flight & 22 to 23 day & On ISS & Carcass & 10 to 12 week)v(Ground Control & 24 day & On Earth & Carcass & 10 to 12 week)",1,"flight_positive"
"REACTOME_FORMATION_OF_NEURONAL_PROGENITOR_AND_NEURONAL_BAF_NPBAF_AND_NBAF",0.00341815323127081,0.0320089772928326,0.431707695803346,0.589098036579365,1.75093621468692,25,"reactome","Dpf2; Smarcc2; Smarce1; Ss18l1; Smarcd1; Arid1a; Dpf3; Bcl7a; Smarca4; Arid1b; Ss18; Smarcc1; Actb; Smarca2; Smarcd3; Bcl11a","liver","RR-8","GLDS-379","Stat_(Space Flight & 22 to 23 day & On ISS & Carcass & 10 to 12 week)v(Ground Control & 24 day & On Earth & Carcass & 10 to 12 week)",1,"flight_positive"
"REACTOME_FORMATION_OF_PARAXIAL_MESODERM",0.933333333333333,0.946177370030581,0.0382416816260774,0.211515877026803,0.740378290547538,55,"reactome","Crebbp; Psmd11; Maml1; Psmd7; Kat2b; Rbpj; Sem1; Psma4; Psmc3; Psmb2; Psmc1; Psmc4; Psmd3; Tbx6; Epha4; Nog; Psmd12; Adrm1; Psmd1; Mamld1","liver","RR-8","GLDS-379","Stat_(Space Flight & 22 to 23 day & On ISS & Carcass & 10 to 12 week)v(Ground Control & 24 day & On Earth & Carcass & 10 to 12 week)",1,"flight_positive"
"REACTOME_FORMATION_OF_RNA_POL_II_ELONGATION_COMPLEX",0.00690101219585351,0.0522669606551035,0.407017918923954,0.44715599931044,1.57009788877638,56,"reactome","Aff4; Eloa; Ssrp1; Supt16; Supt6; Ctr9; Iws1; Ncbp2; Nelfa; Paf1; Gtf2h3; Leo1; Ccnt1; Cdk9; Rtf1; Gtf2h1; Gtf2f1; Supt5","liver","RR-8","GLDS-379","Stat_(Space Flight & 22 to 23 day & On ISS & Carcass & 10 to 12 week)v(Ground Control & 24 day & On Earth & Carcass & 10 to 12 week)",1,"flight_positive"
"REACTOME_FORMATION_OF_SENESCENCE_ASSOCIATED_HETEROCHROMATIN_FOCI_SAHF",0.697841726618705,0.786667024863326,0.0573667426768556,0.312446476164317,0.834260178188143,17,"reactome","Cdkn1a; Ep400; Ubn1; Rb1; Hira; Hmga1; Lmnb1; Cabin1","liver","RR-8","GLDS-379","Stat_(Space Flight & 22 to 23 day & On ISS & Carcass & 10 to 12 week)v(Ground Control & 24 day & On Earth & Carcass & 10 to 12 week)",1,"flight_positive"
"REACTOME_FORMATION_OF_TC_NER_PRE_INCISION_COMPLEX",0.0324619862347743,0.136910285455823,0.321775918075361,-0.381138986000004,-1.4057138032761,51,"reactome","Ppie; Polr2h; Cops5; Rps27a; Mnat1; Polr2k; Gps1; Polr2f; Polr2g; Gtf2h5; Cul4a; Ubc; Polr2l; Cops6; Polr2i; Tcea1; Polr2d; Uba52","liver","RR-8","GLDS-379","Stat_(Space Flight & 22 to 23 day & On ISS & Carcass & 10 to 12 week)v(Ground Control & 24 day & On Earth & Carcass & 10 to 12 week)",1,"flight_positive"
"REACTOME_FORMATION_OF_THE_BETA_CATENIN_TCF_TRANSACTIVATING_COMPLEX",0.367223065250379,0.552083655920638,0.0808589150280032,0.28600047253195,1.05217372923771,72,"reactome","Crebbp; Tle1; Axin2; Tcf7l2; Leo1; Tcf4; Tcf7l1; Bcl9l; Kmt2d; Smarca4; Rbbp5; Pygo1; Men1; Runx3; Tle3; Cdc73; Kat5; H2az2; Tcf7; Trrap; H3c8","liver","RR-8","GLDS-379","Stat_(Space Flight & 22 to 23 day & On ISS & Carcass & 10 to 12 week)v(Ground Control & 24 day & On Earth & Carcass & 10 to 12 week)",1,"flight_positive"
"REACTOME_FORMATION_OF_THE_CANONICAL_BAF_CBAF_COMPLEX",0.00300154001948696,0.0294539697407017,0.431707695803346,0.651155289614655,1.77041889332503,18,"reactome","Dpf2; Smarce1; Ss18l1; Smarcd1; Arid1a; Dpf3; Bcl7a; Smarca4; Arid1b; Ss18; Smarcc1; Actb; Smarca2","liver","RR-8","GLDS-379","Stat_(Space Flight & 22 to 23 day & On ISS & Carcass & 10 to 12 week)v(Ground Control & 24 day & On Earth & Carcass & 10 to 12 week)",1,"flight_positive"
"REACTOME_FORMATION_OF_THE_CORNIFIED_ENVELOPE",0.00874061075753497,0.0603180893725741,0.380730400722792,0.411056328200334,1.52211400586387,74,"reactome","Krt4; Krt13; Capns1; Dsp; Kazn; Pkp4","liver","RR-8","GLDS-379","Stat_(Space Flight & 22 to 23 day & On ISS & Carcass & 10 to 12 week)v(Ground Control & 24 day & On Earth & Carcass & 10 to 12 week)",1,"flight_positive"
"REACTOME_FORMATION_OF_THE_DYSTROPHIN_GLYCOPROTEIN_COMPLEX_DGC",0.404705882352941,0.58610747051114,0.10027910675413,-0.293803713415768,-1.01417137433671,35,"reactome","Lama2; Acta2; Dmd; Actg2; Lamc3; Lamb2; Lama1; Agrn; Lamb1; Lama4","liver","RR-8","GLDS-379","Stat_(Space Flight & 22 to 23 day & On ISS & Carcass & 10 to 12 week)v(Ground Control & 24 day & On Earth & Carcass & 10 to 12 week)",1,"flight_positive"
"REACTOME_FORMATION_OF_THE_EARLY_ELONGATION_COMPLEX",0.501170960187354,0.646557241160731,0.0875697115548511,-0.286546956970611,-0.975992597357164,33,"reactome","Polr2h; Mnat1; Polr2k; Polr2f; Polr2g; Gtf2h5; Polr2l; Polr2i; Polr2d","liver","RR-8","GLDS-379","Stat_(Space Flight & 22 to 23 day & On ISS & Carcass & 10 to 12 week)v(Ground Control & 24 day & On Earth & Carcass & 10 to 12 week)",1,"flight_positive"
"REACTOME_FORMATION_OF_THE_EMBRYONIC_STEM_CELL_BAF_ESBAF_COMPLEX",0.0247580000266,0.11351697107632,0.352487857583619,0.565665505711005,1.56002954164339,19,"reactome","Dpf2; Smarcc2; Smarce1; Smarcd1; Arid1a; Bcl7a; Smarca4; Ss18; Smarcc1; Actb; Smarcd3; Bcl11a","liver","RR-8","GLDS-379","Stat_(Space Flight & 22 to 23 day & On ISS & Carcass & 10 to 12 week)v(Ground Control & 24 day & On Earth & Carcass & 10 to 12 week)",1,"flight_positive"
"REACTOME_FORMATION_OF_THE_NEPHRIC_DUCT",0.141255605381166,0.323162409826477,0.176694268938498,-0.459618353714631,-1.31850029406566,17,"reactome","Plac8; Mecom; Wfdc2; Ctnnb1; Hoxb4","liver","RR-8","GLDS-379","Stat_(Space Flight & 22 to 23 day & On ISS & Carcass & 10 to 12 week)v(Ground Control & 24 day & On Earth & Carcass & 10 to 12 week)",1,"flight_positive"
"REACTOME_FORMATION_OF_THE_NON_CANONICAL_BAF_NCBAF_COMPLEX",0.0162793047323554,0.0861873502019171,0.352487857583619,0.62508228585348,1.66902589390743,17,"reactome","Smarcc2; Bicral; Ss18l1; Smarcd1; Brd9; Bicra; Bcl7a; Smarca4; Ss18; Smarcc1; Actb; Smarca2; Smarcd3","liver","RR-8","GLDS-379","Stat_(Space Flight & 22 to 23 day & On ISS & Carcass & 10 to 12 week)v(Ground Control & 24 day & On Earth & Carcass & 10 to 12 week)",1,"flight_positive"
"REACTOME_FORMATION_OF_THE_POLYBROMO_BAF_PBAF_COMPLEX",0.0749128919860627,0.22617143618743,0.216542836735348,0.523567444475016,1.42352171657397,18,"reactome","Smarcc2; Smarce1; Smarcd1; Bcl7a; Smarca4; Smarcc1; Brd7; Actb; Smarca2; Smarcd3","liver","RR-8","GLDS-379","Stat_(Space Flight & 22 to 23 day & On ISS & Carcass & 10 to 12 week)v(Ground Control & 24 day & On Earth & Carcass & 10 to 12 week)",1,"flight_positive"
"REACTOME_FORMATION_OF_THE_URETERIC_BUD",0.242160278745645,0.430598729859002,0.11378726182188,0.440169843936421,1.19677290564304,18,"reactome","Six1; Sall1; Npnt; Eya1; Slit2; Ret","liver","RR-8","GLDS-379","Stat_(Space Flight & 22 to 23 day & On ISS & Carcass & 10 to 12 week)v(Ground Control & 24 day & On Earth & Carcass & 10 to 12 week)",1,"flight_positive"
"REACTOME_FORMATION_OF_TUBULIN_FOLDING_INTERMEDIATES_BY_CCT_TRIC",0.643617021276596,0.740059113954878,0.0605092988656667,0.303000368694623,0.86784584923392,22,"reactome","Tuba8; Tubb2a; Tuba4a","liver","RR-8","GLDS-379","Stat_(Space Flight & 22 to 23 day & On ISS & Carcass & 10 to 12 week)v(Ground Control & 24 day & On Earth & Carcass & 10 to 12 week)",1,"flight_positive"
"REACTOME_FORMATION_OF_WDR5_CONTAINING_HISTONE_MODIFYING_COMPLEXES",0.00837566419582012,0.0589497384482881,0.380730400722792,0.483436934391226,1.6020850882932,41,"reactome","Ncoa6; Hcfc1; Kmt2a; Phf20; Kmt2b; Cxxc1; Kansl1; Kat2b; Kmt2d; Rbbp5; Kdm6a; Psip1; Kmt2c; Men1; Akap8l; Bod1l; Phf20l1; Paxip1; Zzz3; Yeats2","liver","RR-8","GLDS-379","Stat_(Space Flight & 22 to 23 day & On ISS & Carcass & 10 to 12 week)v(Ground Control & 24 day & On Earth & Carcass & 10 to 12 week)",1,"flight_positive"
"REACTOME_FOXO_MEDIATED_TRANSCRIPTION",0.00316566046077557,0.0301556449065259,0.431707695803346,0.46276001111324,1.67866748549822,64,"reactome","Cdkn1a; Crebbp; Smad3; Rbl2; Igfbp1; Akt2; Sin3a; Smad2; Foxo1; Stk11; Ywhaz; Mstn; Trim63; Kat2b; Hdac2; Nfyb; Nfya; Nfyc; Pcbp4; Akt3; Ppargc1a; Smad4; Gck; Cited2; Ccng2; Akt1; Fasl; Klf4; Bcl6","liver","RR-8","GLDS-379","Stat_(Space Flight & 22 to 23 day & On ISS & Carcass & 10 to 12 week)v(Ground Control & 24 day & On Earth & Carcass & 10 to 12 week)",1,"flight_positive"
"REACTOME_FOXO_MEDIATED_TRANSCRIPTION_OF_CELL_CYCLE_GENES",0.0125175659980507,0.0755842099882297,0.380730400722792,0.637402103831798,1.70192091537803,17,"reactome","Cdkn1a; Smad3; Rbl2; Smad2; Foxo1; Mstn; Pcbp4; Smad4; Ccng2; Klf4","liver","RR-8","GLDS-379","Stat_(Space Flight & 22 to 23 day & On ISS & Carcass & 10 to 12 week)v(Ground Control & 24 day & On Earth & Carcass & 10 to 12 week)",1,"flight_positive"
"REACTOME_FOXO_MEDIATED_TRANSCRIPTION_OF_CELL_DEATH_GENES",0.0486486486486487,0.181610664718773,0.276500599254472,0.571567894610816,1.49685717447775,16,"reactome","Crebbp; Foxo1; Stk11; Nfyb; Nfya; Nfyc; Cited2; Fasl; Bcl6","liver","RR-8","GLDS-379","Stat_(Space Flight & 22 to 23 day & On ISS & Carcass & 10 to 12 week)v(Ground Control & 24 day & On Earth & Carcass & 10 to 12 week)",1,"flight_positive"
"REACTOME_FOXO_MEDIATED_TRANSCRIPTION_OF_OXIDATIVE_STRESS_METABOLIC_AND_NEURONAL_GENES",0.120629370629371,0.291674955241695,0.16823816568964,0.428588815898482,1.30675291584532,28,"reactome","Smad3; Igfbp1; Sin3a; Smad2; Foxo1; Trim63; Hdac2; Ppargc1a; Smad4; Gck","liver","RR-8","GLDS-379","Stat_(Space Flight & 22 to 23 day & On ISS & Carcass & 10 to 12 week)v(Ground Control & 24 day & On Earth & Carcass & 10 to 12 week)",1,"flight_positive"
"REACTOME_FRS_MEDIATED_FGFR1_SIGNALING",0.115107913669065,0.282998423955871,0.175204047558551,0.503469678651458,1.34430930052545,17,"reactome","Nras; Ptpn11; Fgf1; Sos1; Kras; Grb2; Frs2","liver","RR-8","GLDS-379","Stat_(Space Flight & 22 to 23 day & On ISS & Carcass & 10 to 12 week)v(Ground Control & 24 day & On Earth & Carcass & 10 to 12 week)",1,"flight_positive"
"REACTOME_FRS_MEDIATED_FGFR2_SIGNALING",0.063716814159292,0.205268453778477,0.237793834423688,0.527368060646816,1.45441032840446,19,"reactome","Fgf18; Nras; Ptpn11; Fgf1; Sos1; Kras; Grb2; Frs2","liver","RR-8","GLDS-379","Stat_(Space Flight & 22 to 23 day & On ISS & Carcass & 10 to 12 week)v(Ground Control & 24 day & On Earth & Carcass & 10 to 12 week)",1,"flight_positive"
"REACTOME_FRS_MEDIATED_FGFR3_SIGNALING",0.0227780523231723,0.106517276273402,0.352487857583619,0.592421770326748,1.55147058746924,16,"reactome","Fgf18; Nras; Ptpn11; Fgf1; Sos1; Kras; Grb2; Frs2; Fgfr3","liver","RR-8","GLDS-379","Stat_(Space Flight & 22 to 23 day & On ISS & Carcass & 10 to 12 week)v(Ground Control & 24 day & On Earth & Carcass & 10 to 12 week)",1,"flight_positive"
"REACTOME_FRS_MEDIATED_FGFR4_SIGNALING",0.100719424460432,0.271278577847921,0.188204146308491,0.512062111148344,1.36725186769382,17,"reactome","Fgf18; Nras; Ptpn11; Fgf1; Sos1; Kras; Grb2; Frs2","liver","RR-8","GLDS-379","Stat_(Space Flight & 22 to 23 day & On ISS & Carcass & 10 to 12 week)v(Ground Control & 24 day & On Earth & Carcass & 10 to 12 week)",1,"flight_positive"
"REACTOME_G0_AND_EARLY_G1",0.0747330960854092,0.22617143618743,0.219250346703755,0.475916327849294,1.42923760591419,26,"reactome","Rbl2; E2f4; Lin9; Dyrk1a; Lin37; Lin54; Max; Lin52; Cdk2; Tfdp2; Cdk1; Cdc25a; Ccne2","liver","RR-8","GLDS-379","Stat_(Space Flight & 22 to 23 day & On ISS & Carcass & 10 to 12 week)v(Ground Control & 24 day & On Earth & Carcass & 10 to 12 week)",1,"flight_positive"
"REACTOME_G1_S_DNA_DAMAGE_CHECKPOINTS",0.610410094637224,0.71679400061013,0.0574877409561325,0.26278758987667,0.91875169167626,54,"reactome","Cdkn1a; Mdm2; Phf20; Psmd11; Ubb; Psmd7; Sem1; Psma4; Cop1; Cdk2; Pcbp4; Psmc3","liver","RR-8","GLDS-379","Stat_(Space Flight & 22 to 23 day & On ISS & Carcass & 10 to 12 week)v(Ground Control & 24 day & On Earth & Carcass & 10 to 12 week)",1,"flight_positive"
"REACTOME_G1_S_SPECIFIC_TRANSCRIPTION",0.185314685314685,0.373390102145243,0.132846300606183,0.399895555160336,1.21926812682655,28,"reactome","Rbl2; E2f4; Lin9; Lin37; Lin54; Lin52; Fbxo5; Rrm2; Tfdp2; Cdk1; Cdc25a","liver","RR-8","GLDS-379","Stat_(Space Flight & 22 to 23 day & On ISS & Carcass & 10 to 12 week)v(Ground Control & 24 day & On Earth & Carcass & 10 to 12 week)",1,"flight_positive"
"REACTOME_G2_M_CHECKPOINTS",0.479020979020979,0.639649311146896,0.114750719227023,-0.222342398087252,-0.983621361208764,141,"reactome","Wee1; Psmb5; Rad1; H2bc8; Psma7; H2bc3; Rps27a; H2bc6; Psmb1; Psmb4; Psmd6; Psmd13; Mcm10; Rfc2; Orc6; Ubc; Mcm8; H2bc14; H4c3; H4c18; H4c6; Orc4; Psmb3; H4c14; Ywhaq; Bard1; Atr; Uba52; Orc1; H4c11; Rpa3","liver","RR-8","GLDS-379","Stat_(Space Flight & 22 to 23 day & On ISS & Carcass & 10 to 12 week)v(Ground Control & 24 day & On Earth & Carcass & 10 to 12 week)",1,"flight_positive"
"REACTOME_G2_M_DNA_DAMAGE_CHECKPOINT",0.635811836115326,0.736448720028758,0.05378728077603,0.244091908383303,0.918242386461461,81,"reactome","Trp53bp1; Ywhae; Ywhah; Rnf168; Ywhaz; Pias4; Topbp1; Mre11a; Rad17; Ube2n; Top3a; Babam2; Rfc3; Herc2; Uimc1; Nbn; Rhno1; Rad50; Rfc5; Kat5; Cdk1; Rad9a","liver","RR-8","GLDS-379","Stat_(Space Flight & 22 to 23 day & On ISS & Carcass & 10 to 12 week)v(Ground Control & 24 day & On Earth & Carcass & 10 to 12 week)",1,"flight_positive"
"REACTOME_GAB1_SIGNALOSOME",0.0197772645630342,0.0984408889286164,0.352487857583619,0.612984843518055,1.63672463539343,17,"reactome","Pik3r1; Tgfa; Gab1; Btc; Ereg; Ptpn11; Grb2; Pag1; Pxn; Csk","liver","RR-8","GLDS-379","Stat_(Space Flight & 22 to 23 day & On ISS & Carcass & 10 to 12 week)v(Ground Control & 24 day & On Earth & Carcass & 10 to 12 week)",1,"flight_positive"
"REACTOME_GABA_B_RECEPTOR_ACTIVATION",0.0900243309002433,0.25246439297625,0.234392647294686,-0.36164605156616,-1.2902858543867,41,"reactome","Adcy7; Adcy4; Gnai1; Gng10; Gnb4; Gnb5; Gnai3; Gng11; Gnb2; Adcy3; Gngt2","liver","RR-8","GLDS-379","Stat_(Space Flight & 22 to 23 day & On ISS & Carcass & 10 to 12 week)v(Ground Control & 24 day & On Earth & Carcass & 10 to 12 week)",1,"flight_positive"
"REACTOME_GABA_RECEPTOR_ACTIVATION",0.0278481875612169,0.123583322309818,0.352487857583619,-0.382926997769959,-1.42971352510887,54,"reactome","Nptn; Gabrq; Adcy7; Adcy4; Gnai1; Gng10; Gnb4; Gnb5; Gnai3; Gng11; Gnb2; Adcy3; Gngt2","liver","RR-8","GLDS-379","Stat_(Space Flight & 22 to 23 day & On ISS & Carcass & 10 to 12 week)v(Ground Control & 24 day & On Earth & Carcass & 10 to 12 week)",1,"flight_positive"
"REACTOME_GABA_SYNTHESIS_RELEASE_REUPTAKE_AND_DEGRADATION",0.491007194244604,0.642916599424121,0.0745500777420554,0.367222485120601,0.98051704609493,17,"reactome","Hspa8; Rab3a; Abat; Aldh5a1; Syt1; Dnajc5; Rims1; Slc6a1; Snap25; Cplx1","liver","RR-8","GLDS-379","Stat_(Space Flight & 22 to 23 day & On ISS & Carcass & 10 to 12 week)v(Ground Control & 24 day & On Earth & Carcass & 10 to 12 week)",1,"flight_positive"
"REACTOME_GAMMA_CARBOXYLATION_HYPUSINYLATION_HYDROXYLATION_AND_ARYLSULFATASE_ACTIVATION",0.851648351648352,0.894554589896795,0.0681513438679483,-0.21139178417004,-0.796387276207017,57,"reactome","Dnajc24; Dph2; Tpst1; Pros1; F8; Rps23; Rpl8","liver","RR-8","GLDS-379","Stat_(Space Flight & 22 to 23 day & On ISS & Carcass & 10 to 12 week)v(Ground Control & 24 day & On Earth & Carcass & 10 to 12 week)",1,"flight_positive"
"REACTOME_GAP_FILLING_DNA_REPAIR_SYNTHESIS_AND_LIGATION_IN_GG_NER",0.21505376344086,0.404828634756645,0.12384217120105,0.404437763503888,1.20208298574178,25,"reactome","Pold3; Pole3; Ubb; Rfc1; Lig1; Rfc3; Lig3; Pole; Polk; Pold4; Rfc5; Pole2","liver","RR-8","GLDS-379","Stat_(Space Flight & 22 to 23 day & On ISS & Carcass & 10 to 12 week)v(Ground Control & 24 day & On Earth & Carcass & 10 to 12 week)",1,"flight_positive"
"REACTOME_GAP_JUNCTION_ASSEMBLY",0.512953367875648,0.655390801708972,0.0702812841717392,0.318224476009598,0.96745254156166,27,"reactome","Tuba8; Tubb2a; Tuba4a; Gja10; Tubb4b","liver","RR-8","GLDS-379","Stat_(Space Flight & 22 to 23 day & On ISS & Carcass & 10 to 12 week)v(Ground Control & 24 day & On Earth & Carcass & 10 to 12 week)",1,"flight_positive"
"REACTOME_GAP_JUNCTION_TRAFFICKING_AND_REGULATION",0.0518394648829431,0.18828955872848,0.257206466468838,0.440729251715019,1.45324776080004,39,"reactome","Tuba8; Myo6; Dnm2; Tubb2a; Cltb; Tuba4a; Clta; Gja10; Tjp1; Dab2; Tubb4b; Actb","liver","RR-8","GLDS-379","Stat_(Space Flight & 22 to 23 day & On ISS & Carcass & 10 to 12 week)v(Ground Control & 24 day & On Earth & Carcass & 10 to 12 week)",1,"flight_positive"
"REACTOME_GASTRIN_CREB_SIGNALLING_PATHWAY_VIA_PKC_AND_MAPK",0.52972972972973,0.670049772538948,0.0707899094502623,0.362268712705441,0.948731597444234,16,"reactome","Nras; Creb1; Sos1; Kras; Mapk3; Grb2; Prkca; Rps6ka3","liver","RR-8","GLDS-379","Stat_(Space Flight & 22 to 23 day & On ISS & Carcass & 10 to 12 week)v(Ground Control & 24 day & On Earth & Carcass & 10 to 12 week)",1,"flight_positive"
"REACTOME_GASTRULATION",0.285505124450952,0.465655288664138,0.0928481214159878,0.280080272426192,1.08624304678373,98,"reactome","Crebbp; Smad3; Tcf7l2; Smad2; Psmd11; Maml1; Tcf7l1; Psmd7; Trim33; Kat2b; Rbpj; Sem1; Psma4; Gata6; Psmc3; Zeb2; Pax3; Smad4; Psmb2; Psmc1; Tcf7; Psmc4; Psmd3; Tbx6; Epha4; Eomes; Nog; Pax8; Psmd12; Adrm1; Psmd1; Cdh1; Mamld1; Gata4","liver","RR-8","GLDS-379","Stat_(Space Flight & 22 to 23 day & On ISS & Carcass & 10 to 12 week)v(Ground Control & 24 day & On Earth & Carcass & 10 to 12 week)",1,"flight_positive"
"REACTOME_GENERATION_OF_SECOND_MESSENGER_MOLECULES",0.194312796208531,0.385353095030514,0.153158808683073,-0.361198008358279,-1.18610818556199,29,"reactome","H2-Eb1; Zap70; Cd4; Cd3d; Evl; Cd247; Lck; H2-Aa; Plcg2; Vasp; Nck1; Itk; Cd3g","liver","RR-8","GLDS-379","Stat_(Space Flight & 22 to 23 day & On ISS & Carcass & 10 to 12 week)v(Ground Control & 24 day & On Earth & Carcass & 10 to 12 week)",1,"flight_positive"
"REACTOME_GENE_AND_PROTEIN_EXPRESSION_BY_JAK_STAT_SIGNALING_AFTER_INTERLEUKIN_12_STIMULATION",0.524940617577197,0.665205713787618,0.0857844408075645,-0.277824469762707,-0.962579821727032,37,"reactome","Cnn2; Cdc42; Anxa2; Taldo1; Rplp0; Rap1b; Psme2; Snrpa1; Gsta1","liver","RR-8","GLDS-379","Stat_(Space Flight & 22 to 23 day & On ISS & Carcass & 10 to 12 week)v(Ground Control & 24 day & On Earth & Carcass & 10 to 12 week)",1,"flight_positive"
"REACTOME_GENE_SILENCING_BY_RNA",0.227414330218069,0.416949022023718,0.163180127180689,-0.252907693718953,-1.09842591598729,114,"reactome","H2bc8; Polr2h; H2bc3; Sec13; H2bc6; Polr2k; Nup107; Polr2f; Polr2g; H2bc14; Nup85; Polr2l; H4c3; H4c18; H4c6; Polr2i; Nup43; H3c1; H4c14; Polr2d; H2ac20; Ran; H4c11; Nup35; H4c16; Tarbp2; Pld6; Nup133; H2ac23; H4c2; H3c11; Nup210; H2ac7; Fkbp6","liver","RR-8","GLDS-379","Stat_(Space Flight & 22 to 23 day & On ISS & Carcass & 10 to 12 week)v(Ground Control & 24 day & On Earth & Carcass & 10 to 12 week)",1,"flight_positive"
"REACTOME_GLOBAL_GENOME_NUCLEOTIDE_EXCISION_REPAIR_GG_NER",0.0883233532934132,0.250096190842632,0.183023938384487,0.335407148532958,1.26961873276333,84,"reactome","Sumo3; Yy1; Ube2i; Ino80d; Rad23b; Gtf2h3; Pold3; Xpa; Ube2n; Gtf2h1; Pole3; Ubb; Rfc1; Lig1; Ino80e; Rfc3; Lig3; Pias1; Rnf111; Ercc5; Pole; Polk; Pold4; Xpc; Rfc5; Ino80b; Pole2; Actb; Cops2; Tfpt; Rad23a","liver","RR-8","GLDS-379","Stat_(Space Flight & 22 to 23 day & On ISS & Carcass & 10 to 12 week)v(Ground Control & 24 day & On Earth & Carcass & 10 to 12 week)",1,"flight_positive"
"REACTOME_GLUCAGON_LIKE_PEPTIDE_1_GLP1_REGULATES_INSULIN_SECRETION",0.780033840947547,0.844209005139117,0.0493910105981501,0.248580994264004,0.823784605214239,41,"reactome","Prkar2a; Itpr2; Akap5; Prkaca; Gng12; Gngt1; Gnas; Gng8; Prkar1a; Glp1r; Kcng2; Rapgef3","liver","RR-8","GLDS-379","Stat_(Space Flight & 22 to 23 day & On ISS & Carcass & 10 to 12 week)v(Ground Control & 24 day & On Earth & Carcass & 10 to 12 week)",1,"flight_positive"
"REACTOME_GLUCAGON_SIGNALING_IN_METABOLIC_REGULATION",0.45083932853717,0.6208220609496,0.0949751525905595,-0.300503130526984,-1.00650723694676,32,"reactome","Adcy7; Adcy4; Gng10; Gnb4; Gcgr; Gng11; Gnb2; Adcy3","liver","RR-8","GLDS-379","Stat_(Space Flight & 22 to 23 day & On ISS & Carcass & 10 to 12 week)v(Ground Control & 24 day & On Earth & Carcass & 10 to 12 week)",1,"flight_positive"
"REACTOME_GLUCAGON_TYPE_LIGAND_RECEPTORS",0.0839160839160839,0.243378668575519,0.237793834423688,-0.389218209698148,-1.30679166225513,31,"reactome","Gng10; Gnb4; Gnb5; Glp2r; Gcgr; Gng11; Gnb2; Gngt2","liver","RR-8","GLDS-379","Stat_(Space Flight & 22 to 23 day & On ISS & Carcass & 10 to 12 week)v(Ground Control & 24 day & On Earth & Carcass & 10 to 12 week)",1,"flight_positive"
"REACTOME_GLUCONEOGENESIS",0.222027972027972,0.412337662337662,0.119887845115423,0.411600025164915,1.20181186033957,23,"reactome","Gpi1; Eno3; Gapdh; Pgam2; Fbp2; Slc37a1; Eno1; Aldoc; Aldoa; Tpi1","liver","RR-8","GLDS-379","Stat_(Space Flight & 22 to 23 day & On ISS & Carcass & 10 to 12 week)v(Ground Control & 24 day & On Earth & Carcass & 10 to 12 week)",1,"flight_positive"
"REACTOME_GLUCOSE_METABOLISM",0.0163598096739755,0.0861873502019171,0.352487857583619,0.395440708866984,1.47935439908463,77,"reactome","Ppp2r1b; Ppp2r1a; Tpr; Gpi1; Aaas; Eno3; Bpgm; Nup98; Gapdh; Gnpda1; Pgam2; Pfkfb2; Fbp2; Nup50; Ppp2r5d; Hk2; Slc37a1; Nup153; Eno1; Rae1; Aldoc; Prkaca; Ndc1; Pfkfb3; Pom121; Gck; Aldoa; Pfkm; Nup93","liver","RR-8","GLDS-379","Stat_(Space Flight & 22 to 23 day & On ISS & Carcass & 10 to 12 week)v(Ground Control & 24 day & On Earth & Carcass & 10 to 12 week)",1,"flight_positive"
"REACTOME_GLUCURONIDATION",0.0155499911291961,0.0839978871072681,0.380730400722792,-0.534812094030943,-1.62682451913035,21,"reactome","Ugt1a9; Slc35d2; Ugt2b35; Ugt2b36; Ugt1a10; Ugt2a3; Ugt3a2; Ugp2; Ugt1a7c; Ugt1a2; Ugt1a6b","liver","RR-8","GLDS-379","Stat_(Space Flight & 22 to 23 day & On ISS & Carcass & 10 to 12 week)v(Ground Control & 24 day & On Earth & Carcass & 10 to 12 week)",1,"flight_positive"
"REACTOME_GLUTAMATE_NEUROTRANSMITTER_RELEASE_CYCLE",0.314487632508834,0.497930595351799,0.0982123351217438,0.373863913936998,1.10285752469429,24,"reactome","Ppfia1; Slc1a6; Gls2; Rab3a; Slc1a3; Ppfia2; Slc1a7; Slc38a2","liver","RR-8","GLDS-379","Stat_(Space Flight & 22 to 23 day & On ISS & Carcass & 10 to 12 week)v(Ground Control & 24 day & On Earth & Carcass & 10 to 12 week)",1,"flight_positive"
"REACTOME_GLUTATHIONE_CONJUGATION",0.918260869565217,0.93887243027597,0.0431901998334182,0.220154195291006,0.69816479155142,33,"reactome","Gstm7; Gclc; Ggct; Gstm2; Gclm; Hpgds; Gstm1; Gsta3; Gstm4","liver","RR-8","GLDS-379","Stat_(Space Flight & 22 to 23 day & On ISS & Carcass & 10 to 12 week)v(Ground Control & 24 day & On Earth & Carcass & 10 to 12 week)",1,"flight_positive"
"REACTOME_GLYCEROPHOSPHOLIPID_BIOSYNTHESIS",0.933333333333333,0.946177370030581,0.0707899094502623,-0.184696076294309,-0.805591807266164,119,"reactome","Lpcat1; Dgat1; Chkb; Gpcpd1; Osbpl5; Hadhb; Tafazzin; Gpd1l; Gpat2; Etnk2; Pld4; Cpne3; Stard7; Cds1; Lpcat4; Pnpla8; Etnk1; Bche; Agpat4; Dgat2; Pld6; Ptdss2; Chpt1; Slc44a4; Agpat5; Awat2","liver","RR-8","GLDS-379","Stat_(Space Flight & 22 to 23 day & On ISS & Carcass & 10 to 12 week)v(Ground Control & 24 day & On Earth & Carcass & 10 to 12 week)",1,"flight_positive"
"REACTOME_GLYCOGEN_METABOLISM",0.240825688073394,0.430598729859002,0.133554954557592,-0.370017365406607,-1.15691461195327,24,"reactome","Gys2; Rps27a; Nhlrc1; Ugp2; Ubc; Pygb; Uba52; Calm1","liver","RR-8","GLDS-379","Stat_(Space Flight & 22 to 23 day & On ISS & Carcass & 10 to 12 week)v(Ground Control & 24 day & On Earth & Carcass & 10 to 12 week)",1,"flight_positive"
"REACTOME_GLYCOSAMINOGLYCAN_METABOLISM",0.283387622149837,0.464407670081429,0.148261500475107,-0.247126236407252,-1.07960578655142,122,"reactome","Hpse; Gpc6; Lum; Slc35d2; Slc35b3; Omd; B4galt2; B4galt7; Chst13; Dse; Slc35b2; Naglu; Agrn; Chst7; Csgalnact2; Hexa; Hexb; Hs2st1; Dsel; Chpf2; Chsy1; Papss1; Glb1l2; Ust; St3gal4; Stab2; Hyal2; B4galt6; Ndst2; Hspg2; Cd44; Ogn","liver","RR-8","GLDS-379","Stat_(Space Flight & 22 to 23 day & On ISS & Carcass & 10 to 12 week)v(Ground Control & 24 day & On Earth & Carcass & 10 to 12 week)",1,"flight_positive"
"REACTOME_GLYCOSPHINGOLIPID_BIOSYNTHESIS",0.168141592920354,0.354259773401984,0.141225119642531,0.457194684147969,1.26088157462714,19,"reactome","St8sia5; B4galnt1; B4galt5; St6galnac6; St3gal3; St3gal5","liver","RR-8","GLDS-379","Stat_(Space Flight & 22 to 23 day & On ISS & Carcass & 10 to 12 week)v(Ground Control & 24 day & On Earth & Carcass & 10 to 12 week)",1,"flight_positive"
"REACTOME_GLYCOSPHINGOLIPID_CATABOLISM",0.712616822429907,0.795543763285699,0.0689567351672811,-0.257733876269267,-0.857216591911454,30,"reactome","Smpd2; Psap; Hexa; Hexb; Smpd3; Glb1l2; Arsi; Arsg; Neu2; Glb1; Gba2; Arsa","liver","RR-8","GLDS-379","Stat_(Space Flight & 22 to 23 day & On ISS & Carcass & 10 to 12 week)v(Ground Control & 24 day & On Earth & Carcass & 10 to 12 week)",1,"flight_positive"
"REACTOME_GLYCOSPHINGOLIPID_METABOLISM",0.442307692307692,0.615994854202401,0.0739901439101341,0.294263977463052,1.00888783954359,49,"reactome","St8sia5; Smpd4; B4galnt1; Galc","liver","RR-8","GLDS-379","Stat_(Space Flight & 22 to 23 day & On ISS & Carcass & 10 to 12 week)v(Ground Control & 24 day & On Earth & Carcass & 10 to 12 week)",1,"flight_positive"
"REACTOME_GLYOXYLATE_METABOLISM_AND_GLYCINE_DEGRADATION",0.324766355140187,0.509198257551211,0.11378726182188,-0.38300116574253,-1.10384344313689,18,"reactome","Grhpr; Agxt2; Prodh2; Ddo; Gcsh; Aldh4a1","liver","RR-8","GLDS-379","Stat_(Space Flight & 22 to 23 day & On ISS & Carcass & 10 to 12 week)v(Ground Control & 24 day & On Earth & Carcass & 10 to 12 week)",1,"flight_positive"
"REACTOME_GOLGI_ASSOCIATED_VESICLE_BIOGENESIS",0.49047619047619,0.642916599424121,0.0683110858318647,0.281170097838789,0.984192011101783,55,"reactome","Sh3d19; Clint1; Ap1m1; Fth1; Golgb1; Ap3b1; Dnm2; Clta; Gak; Yipf6; Tgoln1; Acbd3; Ocrl; Hspa8; Picalm; Pum1; Snapin","liver","RR-8","GLDS-379","Stat_(Space Flight & 22 to 23 day & On ISS & Carcass & 10 to 12 week)v(Ground Control & 24 day & On Earth & Carcass & 10 to 12 week)",1,"flight_positive"
"REACTOME_GOLGI_TO_ER_RETROGRADE_TRANSPORT",0.360230547550432,0.545219638242894,0.0791316651768349,0.260914634848379,1.04320293376027,125,"reactome","Tuba8; Pafah1b2; Kif20a; Arcn1; Kif3a; Tubb2a; Tuba4a; Copz2; Klc1; Nsf; Kif1b; Kif16b; Kif3b; Kif5b; Capza2; Kif2c; Capzb; Kif1c; Tmed2; Kif1a; Kif2a; Kif26b; Dctn1; Tubb4b; Napg; Arf3; Arfgap1; Agpat3; Bicd1; Tmed10; Pafah1b1; Dynll1; Dctn5; Kif13b; Dync1h1; Copz1; Arfgap2; Kif18b; Kifc2; Dctn6; Tuba1b; Kif20b; Klc2; Kif21a","liver","RR-8","GLDS-379","Stat_(Space Flight & 22 to 23 day & On ISS & Carcass & 10 to 12 week)v(Ground Control & 24 day & On Earth & Carcass & 10 to 12 week)",1,"flight_positive"
"REACTOME_GPCR_LIGAND_BINDING",0.00296850548568289,0.0294539697407017,0.431707695803346,-0.270834697651843,-1.34153649746409,328,"reactome","Adra2b; Nmb; F2rl1; Lpar6; Ccr2; Galr2; Wnt2; Calcrl; F2r; Ptafr; Cxcl16; Cnr2; Gpr183; Tbxa2r; Fpr2; Ccl28; Anxa1; Cxcr6; P2ry10; Ccl4; Hebp1; Psap; Fzd5; P2ry1; Gng10; Gnb4; Ednrb; Pf4; Cd55; Gnb5; Cxcl10; Glp2r; Fpr1; Ffar1; Gcgr; Ramp1; S1pr4; Tas1r3; Gng11; Adgre1; Gnb2; Nln; Ccr7; Plppr4; Ece2; Prok1; Ltb4r2; Adgre4; Gngt2; Lpar4; Gpr18; Ccr3; Cxcl13; Ptch1; Hrh2; Ramp3; Edn1; Pomc; App; Adora2b; Ccl2; Ccl17; Fzd8; Cxcl12; Cxcr1; Ptger2; Gpr4; P2ry13; Gpr143; Sstr2; Ccr9; Sucnr1; Grm3; Cxcr3; Ackr4; Gpr132; C3ar1; Ccr6; Htr2a; Fzd1","liver","RR-8","GLDS-379","Stat_(Space Flight & 22 to 23 day & On ISS & Carcass & 10 to 12 week)v(Ground Control & 24 day & On Earth & Carcass & 10 to 12 week)",1,"flight_positive"
"REACTOME_GPER1_SIGNALING",0.503740648379052,0.647248158673085,0.0908241419007155,-0.271423612771864,-0.977405902703059,44,"reactome","Adcy7; Adcy4; Gnai1; Gng10; Gnb4; Gnb5; Gnai3; Gng11; Gnb2; Adcy3; Gngt2; Itgb1; Src","liver","RR-8","GLDS-379","Stat_(Space Flight & 22 to 23 day & On ISS & Carcass & 10 to 12 week)v(Ground Control & 24 day & On Earth & Carcass & 10 to 12 week)",1,"flight_positive"
"REACTOME_GPVI_MEDIATED_ACTIVATION_CASCADE",0.411764705882353,0.588903262900676,0.0992333343771191,-0.292628429227166,-1.01011444950437,35,"reactome","Lyn; Cdc42; Fcer1g; Col1a2; Pik3cg; Rhob; Col1a1; Lck; Pik3r5; Plcg2; Pik3r6","liver","RR-8","GLDS-379","Stat_(Space Flight & 22 to 23 day & On ISS & Carcass & 10 to 12 week)v(Ground Control & 24 day & On Earth & Carcass & 10 to 12 week)",1,"flight_positive"
"REACTOME_GRB2_EVENTS_IN_ERBB2_SIGNALING",0.589318600368324,0.700301401107853,0.0665892104103933,0.348390173779846,0.901427775324672,15,"reactome","Nras; Btc; Ereg; Sos1; Kras; Grb2","liver","RR-8","GLDS-379","Stat_(Space Flight & 22 to 23 day & On ISS & Carcass & 10 to 12 week)v(Ground Control & 24 day & On Earth & Carcass & 10 to 12 week)",1,"flight_positive"
"REACTOME_GRB2_SOS_PROVIDES_LINKAGE_TO_MAPK_SIGNALING_FOR_INTEGRINS",0.383057090239411,0.568922156874394,0.0891647117820678,0.412808664890818,1.06810474127329,15,"reactome","Tln1; Fgb; Ptk2; Fga; Fgg; Sos1; Grb2; Fn1; Itgb3","liver","RR-8","GLDS-379","Stat_(Space Flight & 22 to 23 day & On ISS & Carcass & 10 to 12 week)v(Ground Control & 24 day & On Earth & Carcass & 10 to 12 week)",1,"flight_positive"
"REACTOME_GROWTH_HORMONE_RECEPTOR_SIGNALING",0.0463458110516934,0.176593521421108,0.282013350011725,0.534617528361296,1.49677050987526,20,"reactome","Stat3; Prlr; Stat5a; Irs1; Sh2b1; Jak2; Ptpn1; Ptpn6; Mapk3; Stat5b; Cish; Socs2","liver","RR-8","GLDS-379","Stat_(Space Flight & 22 to 23 day & On ISS & Carcass & 10 to 12 week)v(Ground Control & 24 day & On Earth & Carcass & 10 to 12 week)",1,"flight_positive"
"REACTOME_G_ALPHA_12_13_SIGNALLING_EVENTS",0.00952737212141031,0.0629605896586381,0.380730400722792,0.406747194861021,1.53105529057104,79,"reactome","Adra1b; Obscn; Itsn1; Arhgef11; Arhgef5; Akap13; Net1; Arhgef40; Arhgef12; Fgd4; Arhgef3; Trio; Arhgef39; Rhoa; Arhgef18; Arhgef26; Arhgef37; Sos1; Fgd1; Arhgef19; Rock1; Gng12; Gngt1; Adra1a; Arhgef7; Gng8; Arhgef16; Arhgef6; Tiam2; Arhgef33; Arhgef9; Arhgef10l; Plekhg5; Rock2","liver","RR-8","GLDS-379","Stat_(Space Flight & 22 to 23 day & On ISS & Carcass & 10 to 12 week)v(Ground Control & 24 day & On Earth & Carcass & 10 to 12 week)",1,"flight_positive"
"REACTOME_G_ALPHA_I_SIGNALLING_EVENTS",0.641025641025641,0.739387613082812,0.108820126769161,-0.200893103745511,-0.953974083500236,250,"reactome","Adra2b; Ccr2; Galr2; Camkk1; Cxcl16; Cnr2; Gpsm3; Gpr183; Fpr2; Ccl28; Anxa1; Cxcr6; Adcy7; Prkcg; Nbea; Adcy4; Ccl4; Hebp1; Psap; Gnai1; Gng10; Gnb4; Gna11; Pf4; Gnb5; Gnai3; Ppp3r1; Cxcl10; Fpr1; S1pr4; Tas1r3; Gng11; Gnb2; Ccr7; Adcy3; Gngt2; Gpr18; Rgs8; Ccr3; Cxcl13; Gpsm1; Pomc; Calm1; App; Gnat2; Cxcl12; Cxcr1; P2ry13; Src; Sstr2; Ccr9; Sucnr1; Plcb4; Grm3; Cxcr3","liver","RR-8","GLDS-379","Stat_(Space Flight & 22 to 23 day & On ISS & Carcass & 10 to 12 week)v(Ground Control & 24 day & On Earth & Carcass & 10 to 12 week)",1,"flight_positive"
"REACTOME_G_ALPHA_Q_SIGNALLING_EVENTS",0.805785123966942,0.861513687600644,0.0928481214159878,-0.196174271878576,-0.89423768558345,178,"reactome","Nmb; Hras; F2rl1; Lpar6; F2r; Ptafr; Mmp3; Tbxa2r; Fpr2; Anxa1; Dgkb; P2ry10; P2ry1; Trpc3; Gng10; Gnb4; Ednrb; Gna11; Gnb5; Rgs2; Ffar1; Gcgr; Gng11; Gnb2; Prok1; Ltb4r2; Gngt2; Lpar4","liver","RR-8","GLDS-379","Stat_(Space Flight & 22 to 23 day & On ISS & Carcass & 10 to 12 week)v(Ground Control & 24 day & On Earth & Carcass & 10 to 12 week)",1,"flight_positive"
"REACTOME_G_ALPHA_S_SIGNALLING_EVENTS",0.382352941176471,0.56864064602961,0.12563992130984,-0.234317395959852,-1.02149544569909,121,"reactome","Pde11a; Calcrl; Arrb1; Adcy7; Adcy4; Gnai1; Gng10; Gnb4; Gnb5; Gnai3; Glp2r; Gcgr; Ramp1; Gng11; Pde3a; Pde3b; Gnb2; Pde2a; Adcy3; Gngt2; Hrh2; Gpr176; Ramp3; Pomc; Adora2b; Itgb1; Ptger2; Src","liver","RR-8","GLDS-379","Stat_(Space Flight & 22 to 23 day & On ISS & Carcass & 10 to 12 week)v(Ground Control & 24 day & On Earth & Carcass & 10 to 12 week)",1,"flight_positive"
"REACTOME_G_ALPHA_Z_SIGNALLING_EVENTS",0.0727272727272727,0.222613951145807,0.271288554688953,-0.357520249723994,-1.30411572198362,48,"reactome","Adra2b; Adcy7; Prkcg; Adcy4; Gnai1; Gng10; Gnb4; Gnb5; Gnai3; Gng11; Gnb2; Adcy3; Gngt2","liver","RR-8","GLDS-379","Stat_(Space Flight & 22 to 23 day & On ISS & Carcass & 10 to 12 week)v(Ground Control & 24 day & On Earth & Carcass & 10 to 12 week)",1,"flight_positive"
"REACTOME_G_BETA_GAMMA_SIGNALLING_THROUGH_CDC42",0.072562358276644,0.222613951145807,0.252961123069611,-0.476540764252397,-1.4329735915675,20,"reactome","Cdc42; Gng10; Gnb4; Gnb5; Gng11; Gnb2; Gngt2","liver","RR-8","GLDS-379","Stat_(Space Flight & 22 to 23 day & On ISS & Carcass & 10 to 12 week)v(Ground Control & 24 day & On Earth & Carcass & 10 to 12 week)",1,"flight_positive"
"REACTOME_G_BETA_GAMMA_SIGNALLING_THROUGH_PI3KGAMMA",0.758064516129032,0.829367614180773,0.053347785067549,0.271734787145343,0.807658912539802,25,"reactome","Akt2; Pdpk1; Rhoa; Akt3; Gng12; Gngt1; Gng8; Akt1","liver","RR-8","GLDS-379","Stat_(Space Flight & 22 to 23 day & On ISS & Carcass & 10 to 12 week)v(Ground Control & 24 day & On Earth & Carcass & 10 to 12 week)",1,"flight_positive"
"REACTOME_G_PROTEIN_ACTIVATION",0.271689497716895,0.452815829528158,0.124434168630393,-0.374952812406465,-1.15007069528293,22,"reactome","Gng10; Gnb4; Gna11; Gnb5; Gng11; Gnb2; Gngt2; Pomc","liver","RR-8","GLDS-379","Stat_(Space Flight & 22 to 23 day & On ISS & Carcass & 10 to 12 week)v(Ground Control & 24 day & On Earth & Carcass & 10 to 12 week)",1,"flight_positive"
"REACTOME_G_PROTEIN_BETA_GAMMA_SIGNALLING",0.729016786570743,0.805563549160672,0.069119845655101,-0.253727075394326,-0.849835198541443,32,"reactome","Cdc42; Gng10; Gnb4; Gnb5; Pik3cg; Gng11; Gnb2; Gngt2","liver","RR-8","GLDS-379","Stat_(Space Flight & 22 to 23 day & On ISS & Carcass & 10 to 12 week)v(Ground Control & 24 day & On Earth & Carcass & 10 to 12 week)",1,"flight_positive"
"REACTOME_G_PROTEIN_MEDIATED_EVENTS",0.159305993690852,0.343814693414827,0.136490437780413,0.341984545827177,1.19372094559824,53,"reactome","Camkk2; Prkar2a; Gnaq; Ahcyl1; Camk2a; Adcy2; Itpr2; Camk2b; Creb1; Camk2g; Camk2d; Prkcd; Prkaca; Adcy1","liver","RR-8","GLDS-379","Stat_(Space Flight & 22 to 23 day & On ISS & Carcass & 10 to 12 week)v(Ground Control & 24 day & On Earth & Carcass & 10 to 12 week)",1,"flight_positive"
"REACTOME_HATS_ACETYLATE_HISTONES",0.0873362445414847,0.248728222212218,0.181383128498408,0.313193634794159,1.24454822388923,119,"reactome","Brd8; Msl1; Clock; Tada2b; Crebbp; Kat6a; Hcfc1; Atf2; Phf20; Epc1; Brpf1; Sap130; Msl2; Ncoa1; Ep400; Kansl1; Kat2b; Ncoa2; Morf4l2; Ing5; Supt7l; Kat7; Taf9; Taf10; Vps72; Usp22; Brpf3; Msl3; Pax3; Kat6b; Yeats4; Kat5; Taf12; Actb; Supt3; Zzz3; Meaf6; Yeats2; Trrap; H3c8","liver","RR-8","GLDS-379","Stat_(Space Flight & 22 to 23 day & On ISS & Carcass & 10 to 12 week)v(Ground Control & 24 day & On Earth & Carcass & 10 to 12 week)",1,"flight_positive"
"REACTOME_HCMV_EARLY_EVENTS",0.462664714494876,0.626525134211811,0.0672065093710464,0.253758516677699,0.99438374675456,109,"reactome","Ncor1; Ezh2; Tbl1xr1; Tuba8; Tpr; Hdac3; Aaas; Trim28; Cbx1; Pml; Tubb2a; Nup98; Tuba4a; Gps2; Ncor2; Creb1; Nup50","liver","RR-8","GLDS-379","Stat_(Space Flight & 22 to 23 day & On ISS & Carcass & 10 to 12 week)v(Ground Control & 24 day & On Earth & Carcass & 10 to 12 week)",1,"flight_positive"
"REACTOME_HCMV_INFECTION",0.533910533910534,0.672715096888415,0.0596037042575973,0.240201648818787,0.964474869407561,132,"reactome","Ncor1; Ezh2; Tbl1xr1; Tuba8; Tpr; Hdac3; Aaas; Trim28; Cbx1; Pml; Tubb2a; Nup98; Tuba4a; Gps2; Chmp6; Chmp3; Ncor2; Creb1; Nup50; Vps4a; Nup153; Ubap1; Chmp4b; Rae1; Ndc1","liver","RR-8","GLDS-379","Stat_(Space Flight & 22 to 23 day & On ISS & Carcass & 10 to 12 week)v(Ground Control & 24 day & On Earth & Carcass & 10 to 12 week)",1,"flight_positive"
"REACTOME_HCMV_LATE_EVENTS",0.162162162162162,0.347265870521684,0.191892240384838,-0.278851095285266,-1.15107750626112,92,"reactome","H2bc8; H2bc3; Sec13; H2bc6; Nup107; Chmp2b; H2ac6; H2bc14; Nup85; H4c3; H4c18; H4c6; Nup43; H3c1; H4c14; H2ac20; H4c11; Nup35; H4c16; Chmp1a; H2ac21; H2ac25; Vps36; Nup133; H2ac23; H4c2; H3c11; Mvb12a; Nup210; H2ac7; H4c8; Vps28; Nup54","liver","RR-8","GLDS-379","Stat_(Space Flight & 22 to 23 day & On ISS & Carcass & 10 to 12 week)v(Ground Control & 24 day & On Earth & Carcass & 10 to 12 week)",1,"flight_positive"
"REACTOME_HDACS_DEACETYLATE_HISTONES",0.0939393939393939,0.258593790628738,0.178219874951973,0.344720774606855,1.27647790130995,74,"reactome","Ncor1; Phf21a; Rcor1; Arid4a; Tbl1xr1; Chd4; Gatad2a; Hdac3; Mta2; Gps2; Gatad2b; Ncor2; Mta3; Hdac2; Rest; Suds3","liver","RR-8","GLDS-379","Stat_(Space Flight & 22 to 23 day & On ISS & Carcass & 10 to 12 week)v(Ground Control & 24 day & On Earth & Carcass & 10 to 12 week)",1,"flight_positive"
"REACTOME_HDMS_DEMETHYLATE_HISTONES",0.179700499168053,0.3690874564697,0.131457611642763,0.356834728755681,1.20119945081426,44,"reactome","Kdm3b; Kdm2a; Kdm2b; Phf2; Arid5b; Riox2; Kdm6b; Kdm5c; Kdm6a; Kdm5a; Kdm4a; Kdm7a","liver","RR-8","GLDS-379","Stat_(Space Flight & 22 to 23 day & On ISS & Carcass & 10 to 12 week)v(Ground Control & 24 day & On Earth & Carcass & 10 to 12 week)",1,"flight_positive"
"REACTOME_HDR_THROUGH_HOMOLOGOUS_RECOMBINATION_HRR",0.0506912442396313,0.186712749615975,0.248911114434702,0.377913649042047,1.37757705777802,67,"reactome","Xrcc3; Pold3; Topbp1; Mre11a; Rad17; Top3a; Pole3; Ubb; Rfc1; Slx4; Sem1; Rfc3; Rad51d; Nbn; Rad51; Pole; Polk; Rhno1; Pold4; Rad50; Xrcc2; Rfc5; Kat5; Pole2; Rad51ap1; Rad9a; Brca2","liver","RR-8","GLDS-379","Stat_(Space Flight & 22 to 23 day & On ISS & Carcass & 10 to 12 week)v(Ground Control & 24 day & On Earth & Carcass & 10 to 12 week)",1,"flight_positive"
"REACTOME_HDR_THROUGH_SINGLE_STRAND_ANNEALING_SSA",0.293103448275862,0.472816511452303,0.100990587455923,0.336248644826455,1.08967687303591,36,"reactome","Abl1; Topbp1; Mre11a; Rad17; Top3a; Rfc3; Nbn; Rad51; Rhno1; Rad50; Rfc5; Kat5; Rad9a","liver","RR-8","GLDS-379","Stat_(Space Flight & 22 to 23 day & On ISS & Carcass & 10 to 12 week)v(Ground Control & 24 day & On Earth & Carcass & 10 to 12 week)",1,"flight_positive"
"REACTOME_HEDGEHOG_LIGAND_BIOGENESIS",0.490358126721763,0.642916599424121,0.0982123351217438,-0.265093554081379,-0.980267973674352,52,"reactome","Psmb5; Psma7; Rps27a; Psmb1; Psmb4; Psmd6; Psmd13; Ubc; Psmb3; Uba52","liver","RR-8","GLDS-379","Stat_(Space Flight & 22 to 23 day & On ISS & Carcass & 10 to 12 week)v(Ground Control & 24 day & On Earth & Carcass & 10 to 12 week)",1,"flight_positive"
"REACTOME_HEDGEHOG_OFF_STATE",0.636896046852123,0.736932075153504,0.0520570030732099,0.237018602568984,0.919235784686704,98,"reactome","Prkar2a; Adcy2; Kif3a; Psmd11; Ift52; Tubb2a; Tuba4a; Ubb; Ift140; Psmd7; Sem1; Rpgrip1l; Psma4; Numb; Wdr19; Ift122; Ift57; Psmc3; Prkaca; Adcy1; Tubb4b; Psmb2; Gnas; Ofd1; Btrc; Prkar1a; Psmc1; Wdr35; Psmc4; Psmd3; Smo; Tuba1b; Adcy10; Ttc21b; Psmd12","liver","RR-8","GLDS-379","Stat_(Space Flight & 22 to 23 day & On ISS & Carcass & 10 to 12 week)v(Ground Control & 24 day & On Earth & Carcass & 10 to 12 week)",1,"flight_positive"
"REACTOME_HEDGEHOG_ON_STATE",0.585714285714286,0.698181537987363,0.0899860794997137,-0.23513885763755,-0.936170844097785,73,"reactome","Psmb5; Psma7; Rps27a; Kif7; Psmb1; Hhip; Arrb1; Psmb4; Psmd6; Psmd13; Ubc; Gpr161; Psmb3","liver","RR-8","GLDS-379","Stat_(Space Flight & 22 to 23 day & On ISS & Carcass & 10 to 12 week)v(Ground Control & 24 day & On Earth & Carcass & 10 to 12 week)",1,"flight_positive"
"REACTOME_HEME_SIGNALING",0.000307141343957784,0.00514229068292957,0.49849310876659,0.540336524119172,1.84613767366166,48,"reactome","Ncor1; Clock; Tbl1xr1; Npas2; Crebbp; Ncoa6; Usp46; Hdac3; Atf2; Ncoa1; Crtc3; Ly96; Pgrmc2; Med1; Nrip1; Rora; Ncoa2; Creb1; Carm1; Ppargc1a; Chd9; Crtc1; Mef2d; Slc46a1; Helz2; Mef2c","liver","RR-8","GLDS-379","Stat_(Space Flight & 22 to 23 day & On ISS & Carcass & 10 to 12 week)v(Ground Control & 24 day & On Earth & Carcass & 10 to 12 week)",1,"flight_positive"
"REACTOME_HEPARAN_SULFATE_HEPARIN_HS_GAG_METABOLISM",0.800539083557951,0.857997756868609,0.0702812841717392,-0.220833202290208,-0.830913534589987,56,"reactome","Hpse; Gpc6; Slc35d2; B4galt7; Naglu; Agrn","liver","RR-8","GLDS-379","Stat_(Space Flight & 22 to 23 day & On ISS & Carcass & 10 to 12 week)v(Ground Control & 24 day & On Earth & Carcass & 10 to 12 week)",1,"flight_positive"
"REACTOME_HH_MUTANTS_ABROGATE_LIGAND_SECRETION",0.339901477832512,0.523540148306432,0.114266502484433,-0.289182794521343,-1.05767900658601,46,"reactome","Psmb5; Psma7; Rps27a; Psmb1; Psmb4; Psmd6; Psmd13; Ubc; Psmb3; Uba52","liver","RR-8","GLDS-379","Stat_(Space Flight & 22 to 23 day & On ISS & Carcass & 10 to 12 week)v(Ground Control & 24 day & On Earth & Carcass & 10 to 12 week)",1,"flight_positive"
"REACTOME_HIGH_LAMINAR_FLOW_SHEAR_STRESS_ACTIVATES_SIGNALING_BY_PIEZO1_AND_PECAM1_CDH5_KDR_IN_ENDOTHELIAL_CELLS",0.45468509984639,0.622965093005257,0.0704500850658419,0.273405032349038,0.998664693943603,68,"reactome","Prkar2a; Tln1; Mlst8; Gnaq; Capns1; Pdpk1; Adcy2; Capns2; Mmp14; Prkaca; Adcy1; Mapkap1; Gng12; Gngt1; Gnas; Gng8; Capn2; Prkar1a; Akt1","liver","RR-8","GLDS-379","Stat_(Space Flight & 22 to 23 day & On ISS & Carcass & 10 to 12 week)v(Ground Control & 24 day & On Earth & Carcass & 10 to 12 week)",1,"flight_positive"
"REACTOME_HIV_ELONGATION_ARREST_AND_RECOVERY",0.360683760683761,0.545219638242894,0.0883594442500905,0.337260831936265,1.05979800566056,32,"reactome","Eloa; Ssrp1; Supt16; Nelfa; Ccnt1; Cdk9; Gtf2f1; Supt5; Nelfcd; Polr2c; Polr2b","liver","RR-8","GLDS-379","Stat_(Space Flight & 22 to 23 day & On ISS & Carcass & 10 to 12 week)v(Ground Control & 24 day & On Earth & Carcass & 10 to 12 week)",1,"flight_positive"
"REACTOME_HIV_INFECTION",0.0776315789473684,0.230599179400113,0.183023938384487,0.293657947394362,1.24347804279387,208,"reactome","Nedd4l; Taf3; Eloa; Ssrp1; Pdcd6ip; Supt16; Ap1m1; Tpr; Ncbp2; Nelfa; Gtf2h3; Aaas; Slc25a4; Lig4; Gtf2e1; Ccnt1; Psmd11; Taf4; Nup98; Cdk9; B2m; Taf7; Gtf2h1; Chmp6; Ubb; Gtf2f1; Psmd7; Chmp3; Lig1; Taf2; Supt5; Sem1; Kpnb1; Taf15; Tbp; Nup50; Ranbp1; Psma4; Psip1; Vps4a; Taf9; Gtf2e2; Furin; Nup153; Taf6; Taf10; Ubap1; Psmc3; Chmp4b; Rae1; Ndc1; Taf1; Nelfcd; Pom121; Polr2c; Psmb2; Polr2b; Taf12; Ncbp1; Nmt2; Hmga1; Nup93; Btrc; Tsg101","liver","RR-8","GLDS-379","Stat_(Space Flight & 22 to 23 day & On ISS & Carcass & 10 to 12 week)v(Ground Control & 24 day & On Earth & Carcass & 10 to 12 week)",1,"flight_positive"
"REACTOME_HIV_LIFE_CYCLE",0.00732927025766563,0.0539922908981368,0.407017918923954,0.358857104001634,1.46252286825282,141,"reactome","Nedd4l; Taf3; Eloa; Ssrp1; Pdcd6ip; Supt16; Tpr; Ncbp2; Nelfa; Gtf2h3; Aaas; Lig4; Gtf2e1; Ccnt1; Taf4; Nup98; Cdk9; Taf7; Gtf2h1; Chmp6; Ubb; Gtf2f1; Chmp3; Lig1; Taf2; Supt5; Taf15; Tbp; Nup50; Ranbp1; Psip1; Vps4a; Taf9; Gtf2e2; Furin; Nup153; Taf6; Taf10; Ubap1; Chmp4b; Rae1; Ndc1; Taf1; Nelfcd; Pom121; Polr2c; Polr2b; Taf12; Ncbp1; Nmt2; Hmga1; Nup93; Tsg101","liver","RR-8","GLDS-379","Stat_(Space Flight & 22 to 23 day & On ISS & Carcass & 10 to 12 week)v(Ground Control & 24 day & On Earth & Carcass & 10 to 12 week)",1,"flight_positive"
"REACTOME_HIV_TRANSCRIPTION_ELONGATION",0.195911413969336,0.38721678187404,0.126875729929857,0.359172515924547,1.19411226769108,42,"reactome","Eloa; Ssrp1; Supt16; Ncbp2; Nelfa; Gtf2h3; Ccnt1; Cdk9; Gtf2h1; Gtf2f1; Supt5; Nelfcd; Polr2c; Polr2b; Ncbp1","liver","RR-8","GLDS-379","Stat_(Space Flight & 22 to 23 day & On ISS & Carcass & 10 to 12 week)v(Ground Control & 24 day & On Earth & Carcass & 10 to 12 week)",1,"flight_positive"
"REACTOME_HIV_TRANSCRIPTION_INITIATION",0.168634064080944,0.354259773401984,0.137250779610133,0.358549886527226,1.20590568795691,45,"reactome","Taf3; Gtf2h3; Gtf2e1; Taf4; Taf7; Gtf2h1; Gtf2f1; Taf2; Taf15; Tbp; Taf9; Gtf2e2; Taf6; Taf10; Taf1; Polr2c; Polr2b; Taf12","liver","RR-8","GLDS-379","Stat_(Space Flight & 22 to 23 day & On ISS & Carcass & 10 to 12 week)v(Ground Control & 24 day & On Earth & Carcass & 10 to 12 week)",1,"flight_positive"
"REACTOME_HOMOLOGOUS_DNA_PAIRING_AND_STRAND_EXCHANGE",0.112436115843271,0.281173594132029,0.172324344900946,0.390779710684485,1.2991941916601,42,"reactome","Xrcc3; Topbp1; Mre11a; Rad17; Top3a; Sem1; Rfc3; Rad51d; Nbn; Rad51; Rhno1; Rad50; Xrcc2; Rfc5; Kat5; Rad51ap1; Rad9a; Brca2","liver","RR-8","GLDS-379","Stat_(Space Flight & 22 to 23 day & On ISS & Carcass & 10 to 12 week)v(Ground Control & 24 day & On Earth & Carcass & 10 to 12 week)",1,"flight_positive"
"REACTOME_HOMOLOGY_DIRECTED_REPAIR",0.0739130434782609,0.224378881987578,0.197822021315103,0.320053030108251,1.27743144906251,123,"reactome","Trp53bp1; Ppp4r2; Ube2i; Abl1; Rnf168; Xrcc3; Pold3; Pias4; Topbp1; Mre11a; Rad17; Ube2n; Top3a; Pole3; Ubb; Rfc1; Slx4; Babam2; Sem1; Rfc3; Lig3; Herc2; Cdk2; Rad51d; Uimc1; Nbn; Rad51; Pole; Polk; Rhno1; Pold4; Rad50; Xrcc2; Rfc5; Polq; Kat5; Pole2","liver","RR-8","GLDS-379","Stat_(Space Flight & 22 to 23 day & On ISS & Carcass & 10 to 12 week)v(Ground Control & 24 day & On Earth & Carcass & 10 to 12 week)",1,"flight_positive"
"REACTOME_HOST_INTERACTIONS_OF_HIV_FACTORS",0.639240506329114,0.738099017234766,0.0908241419007155,-0.215043555166299,-0.930753802018001,113,"reactome","Psmb5; Atp6v1h; Psma7; Rps27a; Sec13; Slc25a5; Nup107; Psmb1; Psmb4; Psmd6; Psmd13; Cd4; Ubc; Hck; Xpo1; Skp1; Nup85; Nup43; Psmb3; Uba52; Cd247; Ran; Lck; Nup35","liver","RR-8","GLDS-379","Stat_(Space Flight & 22 to 23 day & On ISS & Carcass & 10 to 12 week)v(Ground Control & 24 day & On Earth & Carcass & 10 to 12 week)",1,"flight_positive"
"REACTOME_HSF1_ACTIVATION",0.461139896373057,0.625766871165644,0.0756946307932749,0.330288905011548,1.00413030641113,27,"reactome","Ywhae; Hsp90ab1; Fkbp4; Ubb; Hsf1; Cryba4; Hspb1; Hdac6","liver","RR-8","GLDS-379","Stat_(Space Flight & 22 to 23 day & On ISS & Carcass & 10 to 12 week)v(Ground Control & 24 day & On Earth & Carcass & 10 to 12 week)",1,"flight_positive"
"REACTOME_HSF1_DEPENDENT_TRANSACTIVATION",0.0146496965564555,0.0813463049994137,0.380730400722792,0.498291176296313,1.60096156819344,35,"reactome","Crebbp; Mlst8; Hsp90ab1; Camk2a; Fkbp4; Ubb; Hsf1; Cryab; Camk2b; Cryba4; Camk2g; Rptor; Camk2d; Hspb1; Hspa8; Hspa1l","liver","RR-8","GLDS-379","Stat_(Space Flight & 22 to 23 day & On ISS & Carcass & 10 to 12 week)v(Ground Control & 24 day & On Earth & Carcass & 10 to 12 week)",1,"flight_positive"
"REACTOME_HSP90_CHAPERONE_CYCLE_FOR_STEROID_HORMONE_RECEPTORS_SHR_IN_THE_PRESENCE_OF_LIGAND",0.123003194888179,0.294834122237392,0.158514105424824,0.363078503954562,1.2521540225357,50,"reactome","Tuba8; Hsp90ab1; Tubb2a; Fkbp4; Tuba4a; Capza2; Capzb; Dnaja2; Dctn1; Tubb4b; Hspa8; Hspa1l; Fkbp5; Ar; Dynll1; Dctn5; Dync1h1; Dnaja1; Dctn6; Dnaja4; Tuba1b","liver","RR-8","GLDS-379","Stat_(Space Flight & 22 to 23 day & On ISS & Carcass & 10 to 12 week)v(Ground Control & 24 day & On Earth & Carcass & 10 to 12 week)",1,"flight_positive"
"REACTOME_HS_GAG_BIOSYNTHESIS",0.968641114982578,0.976262274967922,0.0408229003677776,0.201036826454098,0.621164401752796,30,"reactome","Hs6st1; Sdc2; Hs6st3; Hs6st2; Ndst1; Hs3st3a1; Hs3st6; Ext2; Ext1; Hs3st5; Gpc2; Sdc1","liver","RR-8","GLDS-379","Stat_(Space Flight & 22 to 23 day & On ISS & Carcass & 10 to 12 week)v(Ground Control & 24 day & On Earth & Carcass & 10 to 12 week)",1,"flight_positive"
"REACTOME_HS_GAG_DEGRADATION",0.190366972477064,0.379018927184065,0.152144922367565,-0.383711809357373,-1.19973233833702,24,"reactome","Hpse; Gpc6; Naglu; Agrn","liver","RR-8","GLDS-379","Stat_(Space Flight & 22 to 23 day & On ISS & Carcass & 10 to 12 week)v(Ground Control & 24 day & On Earth & Carcass & 10 to 12 week)",1,"flight_positive"
"REACTOME_HYALURONAN_METABOLISM",0.965827338129496,0.975100095073582,0.0424170054438747,0.222457168817757,0.593980638141462,17,"reactome","Hyal3; Hyal1; Hmmr; Has3; Chp1; Abcc5","liver","RR-8","GLDS-379","Stat_(Space Flight & 22 to 23 day & On ISS & Carcass & 10 to 12 week)v(Ground Control & 24 day & On Earth & Carcass & 10 to 12 week)",1,"flight_positive"
"REACTOME_IKK_COMPLEX_RECRUITMENT_MEDIATED_BY_RIP1",0.45979020979021,0.625752599890531,0.0764767053228531,0.34071403359996,0.994835134911629,23,"reactome","Traf6; Birc3; Ly96; Ube2n; Ubb; Ripk1; Ube2v1; Ikbkg","liver","RR-8","GLDS-379","Stat_(Space Flight & 22 to 23 day & On ISS & Carcass & 10 to 12 week)v(Ground Control & 24 day & On Earth & Carcass & 10 to 12 week)",1,"flight_positive"
"REACTOME_IL_6_TYPE_CYTOKINE_RECEPTOR_LIGAND_INTERACTIONS",0.194594594594595,0.385353095030514,0.131457611642763,0.482695074021833,1.26411156303071,16,"reactome","Il11ra1; Lifr; Jak2; Cntfr; Ctf1; Il6st","liver","RR-8","GLDS-379","Stat_(Space Flight & 22 to 23 day & On ISS & Carcass & 10 to 12 week)v(Ground Control & 24 day & On Earth & Carcass & 10 to 12 week)",1,"flight_positive"
"REACTOME_IMMUNOREGULATORY_INTERACTIONS_BETWEEN_A_LYMPHOID_AND_A_NON_LYMPHOID_CELL",8.26464447613766e-09,6.08828809742141e-07,0.747739663149885,-0.479879979769123,-2.11404620350064,133,"reactome","Klrd1; H2-M3; H2-T23; Itgb2; Hcst; Cd300ld; Klrc1; Icam2; Igkv1-88; Cd200r1; Igkv12-44; Tyrobp; Fcgr4; Igkv8-28; Pira2; Cd33; H2-D1; Igkv1-110; Lilra6; Siglecg; Itgb7; Crtam; Col1a2; Itgal; Ifitm1; Siglec1; H2-Q1; Cd40; Col3a1; Ighv5-9; Pilra; Cd3d; Klrg1; Cd300e; Fcgr1; Slamf6; Cd247; Col1a1; Cd1d1; Cd300a; Pirb; Colec12; Cd160; Npdc1; Itgb1; Cd8b1; Iglc1; Siglecf; Ncr1; Igkv17-127; Fcgr2b; Siglece; Pilrb2; Itga4; Cd300lb; Sell; Klrb1a; Igkv8-27; Klrk1; Trem2; Col17a1; Igkv1-135; Clec2e; Clec4g; Cd96","liver","RR-8","GLDS-379","Stat_(Space Flight & 22 to 23 day & On ISS & Carcass & 10 to 12 week)v(Ground Control & 24 day & On Earth & Carcass & 10 to 12 week)",1,"flight_positive"
"REACTOME_INACTIVATION_OF_CSF3_G_CSF_SIGNALING",0.396788990825688,0.57843249981845,0.0999276973731092,-0.33494855426424,-1.04726673099544,24,"reactome","Lyn; Rps27a; Rnf7; Ubc; Hck; Socs1; Uba52","liver","RR-8","GLDS-379","Stat_(Space Flight & 22 to 23 day & On ISS & Carcass & 10 to 12 week)v(Ground Control & 24 day & On Earth & Carcass & 10 to 12 week)",1,"flight_positive"
"REACTOME_INCRETIN_SYNTHESIS_SECRETION_AND_INACTIVATION",0.059661130525761,0.199925719174622,0.321775918075361,-0.498810015581764,-1.49993795527524,20,"reactome","Spcs1; Spcs3; Sec11c; Ffar1; Ctnnb1; Dpp4; Isl1","liver","RR-8","GLDS-379","Stat_(Space Flight & 22 to 23 day & On ISS & Carcass & 10 to 12 week)v(Ground Control & 24 day & On Earth & Carcass & 10 to 12 week)",1,"flight_positive"
"REACTOME_INFECTION_WITH_MYCOBACTERIUM_TUBERCULOSIS",0.32387706855792,0.509081309753202,0.114750719227023,-0.339401714853763,-1.08502566423318,27,"reactome","Coro1a; Atp6v1h; Rps27a; Ltf; Ubc; Mrc1; Uba52; Pgk1; Rab5a; Kpna1; Tlr2","liver","RR-8","GLDS-379","Stat_(Space Flight & 22 to 23 day & On ISS & Carcass & 10 to 12 week)v(Ground Control & 24 day & On Earth & Carcass & 10 to 12 week)",1,"flight_positive"
"REACTOME_INFLAMMASOMES",0.0570776255707763,0.195331184361027,0.287857117255149,-0.477477827749414,-1.45242160039654,21,"reactome","Casp1; P2rx7; Txn1; Txnip; Sugt1; Pycard; Aim2; Nlrc4; Nlrp3; Hmox1; App","liver","RR-8","GLDS-379","Stat_(Space Flight & 22 to 23 day & On ISS & Carcass & 10 to 12 week)v(Ground Control & 24 day & On Earth & Carcass & 10 to 12 week)",1,"flight_positive"
"REACTOME_INFLUENZA_INFECTION",4.49187176339166e-10,3.81809099888291e-08,0.814035837847908,-0.497209420039816,-2.19960660113716,141,"reactome","Rps14; Rpl3; Rps19; Rplp2; Rps18; Rpl9; Rpl39; Rps21; Rpl35a; Rps27; Rpl36; Polr2h; Rpl13a; Rpl6; Rpl15; Rpl27; Rps13; Rpl13; Rps27a; Sec13; Rpl7; Rpl37a; Rps28; Rps29; Rps17; Polr2k; Rps15; Nup107; Rpl24; Rps5; Polr2f; Polr2g; Rpl22l1; Rpl10; Rpl18; Fau; Rps9; Rps23; Xpo1; Nup85; Rps25; Rplp1; Polr2l; Rpl32; Rpl26; Rps15a; Rpl8; Isg15; Rplp0; Rps20; Rps7; Polr2i; Nup43; Rpl19; Cltc; Polr2d; Rpl29; Rpl10a; Uba52; Rpl28; Ran; Rps4x","liver","RR-8","GLDS-379","Stat_(Space Flight & 22 to 23 day & On ISS & Carcass & 10 to 12 week)v(Ground Control & 24 day & On Earth & Carcass & 10 to 12 week)",1,"flight_positive"
"REACTOME_INHIBITION_OF_DNA_RECOMBINATION_AT_TELOMERE",0.0206083029016419,0.100785567036173,0.352487857583619,-0.399345211777988,-1.47670630054622,52,"reactome","H2bc8; Polr2h; H2bc3; H2bc6; Polr2k; Polr2f; Polr2g; H2bc14; Polr2l; H4c3; H4c18; H4c6; Polr2i; H4c14; Polr2d; H2ac20; H4c11; H4c16","liver","RR-8","GLDS-379","Stat_(Space Flight & 22 to 23 day & On ISS & Carcass & 10 to 12 week)v(Ground Control & 24 day & On Earth & Carcass & 10 to 12 week)",1,"flight_positive"
"REACTOME_INHIBITION_OF_THE_PROTEOLYTIC_ACTIVITY_OF_APC_C_REQUIRED_FOR_THE_ONSET_OF_ANAPHASE_BY_MITOTIC_SPINDLE_CHECKPOINT_COMPONENTS",0.450354609929078,0.6208220609496,0.0782955249944794,0.355304340564041,1.011146251117,21,"reactome","Cdc27; Anapc1; Ube2s; Anapc5; Anapc7; Bub1b; Anapc4; Ube2d1; Mad2l1","liver","RR-8","GLDS-379","Stat_(Space Flight & 22 to 23 day & On ISS & Carcass & 10 to 12 week)v(Ground Control & 24 day & On Earth & Carcass & 10 to 12 week)",1,"flight_positive"
"REACTOME_INITIAL_TRIGGERING_OF_COMPLEMENT",0.455525606469003,0.622965093005257,0.101350743797099,-0.270239829992957,-0.996696410416759,51,"reactome","Ighg2b; Igkv1-88; Igkv12-44; Igkv8-28; Igkv1-110; C2; Ighv5-9; Cfp; Colec11; C1qc; Iglc1; C1qa; Igkv17-127; Fcnb; C1qb; Igkv8-27; Igkv1-135","liver","RR-8","GLDS-379","Stat_(Space Flight & 22 to 23 day & On ISS & Carcass & 10 to 12 week)v(Ground Control & 24 day & On Earth & Carcass & 10 to 12 week)",1,"flight_positive"
"REACTOME_INITIATION_OF_NUCLEAR_ENVELOPE_NE_REFORMATION",0.582300884955752,0.698063834005154,0.0652353056017703,0.329001537832834,0.907342083057021,19,"reactome","Ppp2r1a; Ppp2r2a; Kpnb1; Cdk1; Ankle2; Lmnb1","liver","RR-8","GLDS-379","Stat_(Space Flight & 22 to 23 day & On ISS & Carcass & 10 to 12 week)v(Ground Control & 24 day & On Earth & Carcass & 10 to 12 week)",1,"flight_positive"
"REACTOME_INLB_MEDIATED_ENTRY_OF_LISTERIA_MONOCYTOGENES_INTO_HOST_CELL",0.569060773480663,0.692229385816084,0.0683110858318647,0.360132216990715,0.931809240377211,15,"reactome","Stam2; Stam; Ubb; Grb2; Hgs","liver","RR-8","GLDS-379","Stat_(Space Flight & 22 to 23 day & On ISS & Carcass & 10 to 12 week)v(Ground Control & 24 day & On Earth & Carcass & 10 to 12 week)",1,"flight_positive"
"REACTOME_INOSITOL_PHOSPHATE_METABOLISM",0.113300492610837,0.281775440274125,0.16823816568964,0.374069122247833,1.26847342809442,47,"reactome","Plcg1; Inppl1; Nudt3; Plce1; Ipmk; Inpp1; Ip6k3; Itpk1; Impa2; Ippk; Synj1; Plcd4; Ocrl; Plch1; Ppip5k2; Mtmr7; Plcb3; Nudt4; Ppip5k1","liver","RR-8","GLDS-379","Stat_(Space Flight & 22 to 23 day & On ISS & Carcass & 10 to 12 week)v(Ground Control & 24 day & On Earth & Carcass & 10 to 12 week)",1,"flight_positive"
"REACTOME_INSERTION_OF_TAIL_ANCHORED_PROTEINS_INTO_THE_ENDOPLASMIC_RETICULUM_MEMBRANE",0.0319366895320297,0.136254988157887,0.321775918075361,-0.502880714880711,-1.52969367427657,21,"reactome","Sec61b; Get1; Vapa; Get4; Serp1; Hmox1; Stx5a; App; Aldh3a2","liver","RR-8","GLDS-379","Stat_(Space Flight & 22 to 23 day & On ISS & Carcass & 10 to 12 week)v(Ground Control & 24 day & On Earth & Carcass & 10 to 12 week)",1,"flight_positive"
"REACTOME_INSULIN_PROCESSING",0.888888888888889,0.919683728672493,0.0460457683018055,0.237826905783005,0.706876812186245,25,"reactome","Rab27a; Kif5b; Exoc2; Exoc3; Exoc8","liver","RR-8","GLDS-379","Stat_(Space Flight & 22 to 23 day & On ISS & Carcass & 10 to 12 week)v(Ground Control & 24 day & On Earth & Carcass & 10 to 12 week)",1,"flight_positive"
"REACTOME_INSULIN_RECEPTOR_RECYCLING",0.162790697674419,0.347937564661959,0.166933848713193,-0.375678803575574,-1.22751289362622,28,"reactome","Atp6v1h; Atp6v1g1; Atp6v0e; Atp6v1f; Atp6v1e1; Atp6v0b; Atp6v0d1; Atp6v1b2","liver","RR-8","GLDS-379","Stat_(Space Flight & 22 to 23 day & On ISS & Carcass & 10 to 12 week)v(Ground Control & 24 day & On Earth & Carcass & 10 to 12 week)",1,"flight_positive"
"REACTOME_INSULIN_RECEPTOR_SIGNALLING_CASCADE",0.0195300351628305,0.0976501758141526,0.352487857583619,0.428820701088326,1.45413676883755,47,"reactome","Pik3r4; Akt2; Fgf18; Pdpk1; Pik3r1; Nras; Irs1; Gab1; Ptpn11; Fgf1; Sos1; Kras; Mapk3; Grb2; Frs2; Insr; Fgfr3","liver","RR-8","GLDS-379","Stat_(Space Flight & 22 to 23 day & On ISS & Carcass & 10 to 12 week)v(Ground Control & 24 day & On Earth & Carcass & 10 to 12 week)",1,"flight_positive"
"REACTOME_INTEGRATION_OF_ENERGY_METABOLISM",0.291120815138282,0.470993412485801,0.0913924325943768,0.278141954508792,1.08969520469234,107,"reactome","Prkar2a; Acacb; Ppp2r1b; Adra2a; Ppp2r1a; Gnaq; Ahcyl1; Stk11; Adcy2; Cacna2d2; Itpr2; Akap5; Ppp2r5d; Prkaca; Adcy1; Gng12; Adipor2; Gngt1; Cacnb2; Gnas; Gng8; Gna14; Fasn; Acly; Prkag2; Prkar1a; Glp1r; Prkca; Plcb3; Prkab2; Kcng2; Mlxipl; Rapgef3; Cd36; Kcnj11","liver","RR-8","GLDS-379","Stat_(Space Flight & 22 to 23 day & On ISS & Carcass & 10 to 12 week)v(Ground Control & 24 day & On Earth & Carcass & 10 to 12 week)",1,"flight_positive"
"REACTOME_INTEGRIN_CELL_SURFACE_INTERACTIONS",0.000572346167868591,0.00810823737813837,0.477270815362862,-0.421857064511188,-1.71037794551108,82,"reactome","Spp1; Itga2b; Itgb2; Lum; Icam2; Col4a4; Cd47; Vwf; Agrn; Itgb7; Itgav; Col1a2; Kdr; Col4a5; Itgal; Col3a1; Itga8; Col8a1; Col1a1; Col4a3; Fbn1; Itga2; Col6a1; Itgb1; Tnc; Itgax; Hspg2; Cd44; Itga7; Col23a1; Jam3; Itga11","liver","RR-8","GLDS-379","Stat_(Space Flight & 22 to 23 day & On ISS & Carcass & 10 to 12 week)v(Ground Control & 24 day & On Earth & Carcass & 10 to 12 week)",1,"flight_positive"
"REACTOME_INTEGRIN_SIGNALING",0.155440414507772,0.336787564766839,0.14551614609036,0.414476922269359,1.26007514222775,27,"reactome","Tln1; Pdpk1; Fgb; Ptk2; Fga; Fgg; Ptpn1; Crk; Sos1; Grb2; Fn1; Akt1; Itgb3; Rapgef3; Csk","liver","RR-8","GLDS-379","Stat_(Space Flight & 22 to 23 day & On ISS & Carcass & 10 to 12 week)v(Ground Control & 24 day & On Earth & Carcass & 10 to 12 week)",1,"flight_positive"
"REACTOME_INTERACTIONS_OF_REV_WITH_HOST_CELLULAR_PROTEINS",0.531034482758621,0.670620689655172,0.0684714904492087,0.292195239030903,0.937389158999003,34,"reactome","Tpr; Aaas; Nup98; Kpnb1; Nup50; Ranbp1; Nup153; Rae1; Ndc1; Pom121; Nup93","liver","RR-8","GLDS-379","Stat_(Space Flight & 22 to 23 day & On ISS & Carcass & 10 to 12 week)v(Ground Control & 24 day & On Earth & Carcass & 10 to 12 week)",1,"flight_positive"
"REACTOME_INTERACTIONS_OF_VPR_WITH_HOST_CELLULAR_PROTEINS",0.358260869565217,0.543042881851255,0.0897104652742981,0.331125174325746,1.05008191192987,33,"reactome","Tpr; Aaas; Slc25a4; Nup98; Nup50; Psip1; Nup153; Rae1; Ndc1; Pom121; Hmga1; Nup93","liver","RR-8","GLDS-379","Stat_(Space Flight & 22 to 23 day & On ISS & Carcass & 10 to 12 week)v(Ground Control & 24 day & On Earth & Carcass & 10 to 12 week)",1,"flight_positive"
"REACTOME_INTERACTION_BETWEEN_L1_AND_ANKYRINS",0.0241091712244543,0.111002642512592,0.352487857583619,0.493880518245599,1.52599402837984,30,"reactome","Ank1; Scn4a; Sptb; Scn4b; Spta1; Ank2; Sptan1; Scn2b; Nfasc","liver","RR-8","GLDS-379","Stat_(Space Flight & 22 to 23 day & On ISS & Carcass & 10 to 12 week)v(Ground Control & 24 day & On Earth & Carcass & 10 to 12 week)",1,"flight_positive"
"REACTOME_INTERCONVERSION_OF_NUCLEOTIDE_DI_AND_TRIPHOSPHATES",0.16548463356974,0.350740441118639,0.166933848713193,-0.380831373178549,-1.21747120170542,27,"reactome","Dtymk; Dut; Dctpp1; Txn1; Nme2; Nme3; Ak4; Ctps2; Guk1","liver","RR-8","GLDS-379","Stat_(Space Flight & 22 to 23 day & On ISS & Carcass & 10 to 12 week)v(Ground Control & 24 day & On Earth & Carcass & 10 to 12 week)",1,"flight_positive"
"REACTOME_INTERFERON_ALPHA_BETA_SIGNALING",0.000230748406548675,0.0041799506432178,0.518848077743792,-0.474860359980346,-1.83017456553856,63,"reactome","Oas1a; H2-M3; Ifi35; H2-T23; Ifit2; Rps27a; Ifi27; Oas1g; H2-D1; Oas3; Usp18; Ubc; Ifitm1; Bst2; Isg15; H2-Q1; Irf8; Rsad2; Oasl1; Socs1; Uba52; Irf7; Rnasel","liver","RR-8","GLDS-379","Stat_(Space Flight & 22 to 23 day & On ISS & Carcass & 10 to 12 week)v(Ground Control & 24 day & On Earth & Carcass & 10 to 12 week)",1,"flight_positive"
"REACTOME_INTERFERON_GAMMA_SIGNALING",0.24132730015083,0.430598729859002,0.104732821580651,0.294738745045099,1.12060924580548,90,"reactome","Mt2; Trim26; Camk2a; Trim21; Trim68; Pml; Trim2; B2m; Irf6; Ybx1; Ptpn11; Camk2b; Trim3; Pias1; Jak2; Ptpn1; Trim34a; Camk2g; H2-Ab1; Gbp9; Camk2d; Prkcd; Ptpn6; Mapk3; Ptpn2; Trim62","liver","RR-8","GLDS-379","Stat_(Space Flight & 22 to 23 day & On ISS & Carcass & 10 to 12 week)v(Ground Control & 24 day & On Earth & Carcass & 10 to 12 week)",1,"flight_positive"
"REACTOME_INTERFERON_SIGNALING",0.234354194407457,0.425223948801707,0.0988903007520636,0.255508064444018,1.09805758789678,244,"reactome","Mt2; Trim26; Tuba8; Ube2i; Ppp2r1b; Ppp2r1a; Plcg1; Tpr; Stat3; Ppm1b; Camk2a; Aaas; Trim21; Trim68; Pml; Tubb2a; Trim2; Nup98; Eif4g3; Tuba4a; Ube2l6; Fancm; Ube2n; B2m; Ubb; Irf6; Arih1; Snca; Ybx1; Mapt; Kpnb1; Ptpn11; Camk2b; Nup50; Trim3; Mavs; Pias1; Becn1; Jak2; Ptpn1; Trim34a; Eif4g2; Camk2g; H2-Ab1; Gbp9; Nup153; Camk2d; Ilf3; Prkcd; Ptpn6; Mapk3; Ptpn2; Rae1; Stat2; Eif4g1; Trim62; Ndc1; Cenps; Ikbkg; Nedd4; Pom121; Tubb4b; Hspa8; Hspa1l; Ifitm2; Pde12; Trim12c; Irf3; Nup93; Cdk1; Faap24; Fkbp5; Eif4e2; Trim8","liver","RR-8","GLDS-379","Stat_(Space Flight & 22 to 23 day & On ISS & Carcass & 10 to 12 week)v(Ground Control & 24 day & On Earth & Carcass & 10 to 12 week)",1,"flight_positive"
"REACTOME_INTERLEUKIN_10_SIGNALING",0.592771084337349,0.703266571292322,0.0799858801499946,-0.257512435742336,-0.92476863844936,42,"reactome","Ccr2; Ptafr; Ccl4; Cd86; Cxcl10; Fpr1; Ccl2; Il18; Cd80; Ccl5; Il1rn; Cxcl1; Fcer2a; Il1r2; Il10ra; Il10; Jak1","liver","RR-8","GLDS-379","Stat_(Space Flight & 22 to 23 day & On ISS & Carcass & 10 to 12 week)v(Ground Control & 24 day & On Earth & Carcass & 10 to 12 week)",1,"flight_positive"
"REACTOME_INTERLEUKIN_12_FAMILY_SIGNALING",0.881720430107527,0.915696499312798,0.0653834195468773,-0.209740147571848,-0.788593947087806,55,"reactome","Il27ra; Cnn2; Cdc42; Anxa2; Taldo1; Rplp0; Rap1b; Psme2","liver","RR-8","GLDS-379","Stat_(Space Flight & 22 to 23 day & On ISS & Carcass & 10 to 12 week)v(Ground Control & 24 day & On Earth & Carcass & 10 to 12 week)",1,"flight_positive"
"REACTOME_INTERLEUKIN_12_SIGNALING",0.721271393643032,0.79940309927337,0.070619624712259,-0.237042123391912,-0.865118204486994,45,"reactome","Cnn2; Cdc42; Anxa2; Taldo1; Rplp0; Rap1b; Psme2; Snrpa1; Gsta1; Capza1; Il12rb1","liver","RR-8","GLDS-379","Stat_(Space Flight & 22 to 23 day & On ISS & Carcass & 10 to 12 week)v(Ground Control & 24 day & On Earth & Carcass & 10 to 12 week)",1,"flight_positive"
"REACTOME_INTERLEUKIN_17_SIGNALING",0.00469339702663463,0.0400856957793783,0.407017918923954,0.437374035668024,1.59759315224185,68,"reactome","Tab2; Traf6; Irak1; Atf1; Ppp2r1b; Ppp2r1a; Atf2; Jun; Ube2n; Ubb; Nod1; Tab3; Map2k7; Creb1; Ppp2r5d; Ube2v1; Map3k7; Fos; Mapkapk3; Mapk3; Tnip2; Ikbkg; Il17ra; Mapk8; Vrk3; Btrc; Map2k4; Mapk9; Mef2c","liver","RR-8","GLDS-379","Stat_(Space Flight & 22 to 23 day & On ISS & Carcass & 10 to 12 week)v(Ground Control & 24 day & On Earth & Carcass & 10 to 12 week)",1,"flight_positive"
"REACTOME_INTERLEUKIN_1_FAMILY_SIGNALING",0.0412341047702448,0.163310701688604,0.321775918075361,0.334863153311236,1.35905234978447,135,"reactome","Tab2; Saa2; Saa1; Rela; Traf6; N4bp1; Smad3; Irak1; Ptpn9; Stat3; Gsdmd; Psmd11; Hmgb1; Nkiras1; Tbk1; Ube2n; Irak4; Ubb; Nod1; Psmd7; Tab3; Sem1; Ptpn11; Map3k3; Psma4; Peli3; Ube2v1; Map3k7; Psmc3; Ptpn6; Il1a; Ptpn2; Tnip2; Ikbkg; Psmb2; Nfkbib; Sqstm1; Mapk8; Btrc; Map2k4","liver","RR-8","GLDS-379","Stat_(Space Flight & 22 to 23 day & On ISS & Carcass & 10 to 12 week)v(Ground Control & 24 day & On Earth & Carcass & 10 to 12 week)",1,"flight_positive"
"REACTOME_INTERLEUKIN_1_SIGNALING",0.0837004405286344,0.243378668575519,0.186432558434075,0.331363962040282,1.28681525904972,100,"reactome","Tab2; Saa2; Saa1; Rela; Traf6; N4bp1; Irak1; Psmd11; Hmgb1; Nkiras1; Ube2n; Irak4; Ubb; Nod1; Psmd7; Tab3; Sem1; Map3k3; Psma4; Peli3; Ube2v1; Map3k7; Psmc3; Il1a; Tnip2; Ikbkg; Psmb2; Nfkbib; Sqstm1; Btrc; Map2k4; Psmc1","liver","RR-8","GLDS-379","Stat_(Space Flight & 22 to 23 day & On ISS & Carcass & 10 to 12 week)v(Ground Control & 24 day & On Earth & Carcass & 10 to 12 week)",1,"flight_positive"
"REACTOME_INTERLEUKIN_20_FAMILY_SIGNALING",0.0102102709734037,0.066366761327124,0.380730400722792,0.598828786409999,1.65148941866596,19,"reactome","Il22ra1; Stat3; Stat5a; Ptpn11; Jak2; Stat2; Stat5b; Jak3; Il20ra","liver","RR-8","GLDS-379","Stat_(Space Flight & 22 to 23 day & On ISS & Carcass & 10 to 12 week)v(Ground Control & 24 day & On Earth & Carcass & 10 to 12 week)",1,"flight_positive"
"REACTOME_INTERLEUKIN_2_FAMILY_SIGNALING",0.253807106598985,0.440969894326852,0.108820126769161,0.345843900283418,1.14610886364929,41,"reactome","Stat3; Inppl1; Pik3r1; Stat5a; Jak2; Sos1; Ptk2b; Ptpn6; Lgals9; Grb2; Il2ra; Csf2ra; Stat5b; Jak3; Il9r; Pik3r2; Pik3r3; Gab2","liver","RR-8","GLDS-379","Stat_(Space Flight & 22 to 23 day & On ISS & Carcass & 10 to 12 week)v(Ground Control & 24 day & On Earth & Carcass & 10 to 12 week)",1,"flight_positive"
"REACTOME_INTERLEUKIN_37_SIGNALING",0.222816399286988,0.413107585926378,0.120985142145252,0.431241989855005,1.20734966362474,20,"reactome","Smad3; Ptpn9; Stat3; Tbk1; Ptpn11; Ptpn6; Ptpn2","liver","RR-8","GLDS-379","Stat_(Space Flight & 22 to 23 day & On ISS & Carcass & 10 to 12 week)v(Ground Control & 24 day & On Earth & Carcass & 10 to 12 week)",1,"flight_positive"
"REACTOME_INTERLEUKIN_3_INTERLEUKIN_5_AND_GM_CSF_SIGNALING",0.198686371100164,0.389737283611683,0.123257226381337,0.345121062863084,1.17031016911223,47,"reactome","Crkl; Inppl1; Ywhaz; Pik3r1; Stat5a; Ubb; Ptpn11; Jak2; Crk; Sos1; Yes1; Ptpn6; Prkaca; Grb2; Il2ra; Csf2ra; Stat5b; Tec; Jak3","liver","RR-8","GLDS-379","Stat_(Space Flight & 22 to 23 day & On ISS & Carcass & 10 to 12 week)v(Ground Control & 24 day & On Earth & Carcass & 10 to 12 week)",1,"flight_positive"
"REACTOME_INTERLEUKIN_4_AND_INTERLEUKIN_13_SIGNALING",0.0902474526928675,0.25246439297625,0.178219874951973,0.31864105210058,1.24836120859699,107,"reactome","Saa2; Lcn2; Cdkn1a; Saa1; S1pr1; Lbp; Stat3; Pou2f1; Foxo1; Ccl22; Pik3r1; Zeb1; Rora; Stat6; Jak2; Tnfrsf1b; Fos; Il1a; Itgam; Vegfa; Rhou; Hspa8; Hsp90b1; Fn1; Akt1; Il13ra2; Fasl; Bcl2l1; Birc5; Bcl6; Jak3","liver","RR-8","GLDS-379","Stat_(Space Flight & 22 to 23 day & On ISS & Carcass & 10 to 12 week)v(Ground Control & 24 day & On Earth & Carcass & 10 to 12 week)",1,"flight_positive"
"REACTOME_INTERLEUKIN_6_FAMILY_SIGNALING",0.0323298375735263,0.136875365972209,0.321775918075361,0.521043109156913,1.5213696551211,23,"reactome","Stat3; Il11ra1; Lifr; Ptpn11; Jak2; Cntfr; Ctf1; Il6; Il6ra; Il6st","liver","RR-8","GLDS-379","Stat_(Space Flight & 22 to 23 day & On ISS & Carcass & 10 to 12 week)v(Ground Control & 24 day & On Earth & Carcass & 10 to 12 week)",1,"flight_positive"
"REACTOME_INTERLEUKIN_7_SIGNALING",0.411965811965812,0.588903262900676,0.0810802057550866,0.325117091001317,1.02163788979348,32,"reactome","Stat3; Pik3r1; Il7; Stat5a; Irs1; Smarca4; Brwd1; Stat5b; H3c8; Jak3; Cish; Socs2; Pik3r2; Pik3r3","liver","RR-8","GLDS-379","Stat_(Space Flight & 22 to 23 day & On ISS & Carcass & 10 to 12 week)v(Ground Control & 24 day & On Earth & Carcass & 10 to 12 week)",1,"flight_positive"
"REACTOME_INTERLEUKIN_RECEPTOR_SHC_SIGNALING",0.48576512455516,0.64244596502661,0.0745500777420554,0.325059010168256,0.976193785099199,26,"reactome","Inppl1; Pik3r1; Jak2; Sos1; Ptpn6; Grb2; Il2ra; Csf2ra; Jak3; Pik3r2; Pik3r3; Gab2","liver","RR-8","GLDS-379","Stat_(Space Flight & 22 to 23 day & On ISS & Carcass & 10 to 12 week)v(Ground Control & 24 day & On Earth & Carcass & 10 to 12 week)",1,"flight_positive"
"REACTOME_INTRACELLULAR_SIGNALING_BY_SECOND_MESSENGERS",1.36369256488678e-05,0.00036753177663412,0.593325476396405,0.3682337742203,1.61264482408059,292,"reactome","Cdkn1a; Mdm2; Camkk2; Ezh2; Rcor1; Traf6; Prkar2a; Chd4; Irak1; Nr4a1; Usp13; Gatad2a; Ppp2r1b; Ppp2r1a; Mlst8; Akt2; Plcg1; Hdac3; Ago1; Atf2; Mta2; Fgf18; Ahcyl1; Jun; Camk2a; Foxo1; Tnrc6c; Pdpk1; Strn; Adcy2; Rnf2; Pml; Psmd11; Usp7; Pik3r1; Atn1; Ppp2r5c; Otud3; Cbx4; Irak4; Csnk2b; Ubb; Itpr2; Gatad2b; Irs1; Tgfa; Gab1; Tsc2; Psmd7; Btc; Ereg; Scmh1; Mta3; Tnrc6b; Hdac2; Sem1; Rnf146; Ptpn11; Camk2b; Creb1; Psma4; Ppp2r5d; Pip4k2b; Fgf1; Rest; Camk2g; Rptor; Ago2; Rhog; Camk2d; Prkcd; Psmc3; Mapk3; Prkaca; Akt3; Phc1; Adcy1; Mov10; Mapkap1; Nedd4; Phlpp2; Mta1; Csnk2a2; Psmb2; Grb2; Frs2; Phc2","liver","RR-8","GLDS-379","Stat_(Space Flight & 22 to 23 day & On ISS & Carcass & 10 to 12 week)v(Ground Control & 24 day & On Earth & Carcass & 10 to 12 week)",1,"flight_positive"
"REACTOME_INTRAFLAGELLAR_TRANSPORT",0.144230769230769,0.326565076852035,0.14551614609036,0.358285879595069,1.22838775619088,49,"reactome","Ift81; Dynlrb1; Kif3a; Ift52; Tubb2a; Ift80; Tuba4a; Ift22; Ift140; Trip11; Kif3b; Wdr19; Ift122; Ift57; Traf3ip1; Ift43; Tubb4b","liver","RR-8","GLDS-379","Stat_(Space Flight & 22 to 23 day & On ISS & Carcass & 10 to 12 week)v(Ground Control & 24 day & On Earth & Carcass & 10 to 12 week)",1,"flight_positive"
"REACTOME_INTRA_GOLGI_AND_RETROGRADE_GOLGI_TO_ER_TRAFFIC",0.187749667110519,0.375806692436584,0.112843355675562,0.270426786047223,1.13380922318856,193,"reactome","Usp6nl; Cog8; Tuba8; Pafah1b2; Kif20a; Vti1a; Rab36; Arcn1; Golga4; Kif3a; Cyth2; Tubb2a; Gcc1; Tuba4a; Man1a2; Copz2; Klc1; Gosr1; Nsf; Man2a2; Kif1b; Kif16b; Trip11; Cux1; Kif3b; Kif5b; Golim4; Golga1; Ric1; Capza2; Tgoln1; Ykt6; Kif2c; Capzb; Kif1c; Tmed2; Kif1a; Tmf1; Kif2a; Kif26b; Dctn1; Tubb4b; Napg; Arf3; Naa30; Arfgap1; Cog1; Agpat3; Arfip2; Bicd1; Tmed10; Pafah1b1; Gcc2; Stx6; Dynll1; Dctn5; Kif13b; Dync1h1; Snap29; Copz1; Arfgap2; Cyth3; Kif18b; Kifc2; Dctn6; Tuba1b; Kif20b; Golga5; Klc2; Kif21a; Plin3","liver","RR-8","GLDS-379","Stat_(Space Flight & 22 to 23 day & On ISS & Carcass & 10 to 12 week)v(Ground Control & 24 day & On Earth & Carcass & 10 to 12 week)",1,"flight_positive"
"REACTOME_INTRA_GOLGI_TRAFFIC",0.114808652246256,0.282998423955871,0.16823816568964,0.378617642394533,1.27452646130835,44,"reactome","Cog8; Vti1a; Rab36; Cyth2; Man1a2; Gosr1; Nsf; Man2a2; Trip11; Cux1; Golim4; Ric1; Ykt6; Napg; Cog1; Stx6; Snap29; Cyth3","liver","RR-8","GLDS-379","Stat_(Space Flight & 22 to 23 day & On ISS & Carcass & 10 to 12 week)v(Ground Control & 24 day & On Earth & Carcass & 10 to 12 week)",1,"flight_positive"
"REACTOME_INTRINSIC_PATHWAY_FOR_APOPTOSIS",0.11198738170347,0.281173594132029,0.165656695205483,0.35916167331523,1.25569245906364,54,"reactome","Ywhae; Akt2; Stat3; Ywhah; Trp53bp2; Ywhaz; Gsdmd; Diablo; Bak1; Mapk3; Akt3; Mapk8; Tfdp2; Akt1; Ppp1r13b; Dynll1; Bcl2l1; Uaca; Aven; Trp63; Casp8","liver","RR-8","GLDS-379","Stat_(Space Flight & 22 to 23 day & On ISS & Carcass & 10 to 12 week)v(Ground Control & 24 day & On Earth & Carcass & 10 to 12 week)",1,"flight_positive"
"REACTOME_INTRINSIC_PATHWAY_OF_FIBRIN_CLOT_FORMATION",0.42093023255814,0.596825792513191,0.0972150808846466,-0.328364861080986,-1.01123985832776,23,"reactome","Pros1; F8; Vwf; Gp5; Prcp","liver","RR-8","GLDS-379","Stat_(Space Flight & 22 to 23 day & On ISS & Carcass & 10 to 12 week)v(Ground Control & 24 day & On Earth & Carcass & 10 to 12 week)",1,"flight_positive"
"REACTOME_INWARDLY_RECTIFYING_K_CHANNELS",0.208430913348946,0.399161454507081,0.14641623786055,-0.342979678427577,-1.16820513722499,33,"reactome","Kcnj14; Gng10; Gnb4; Gnb5; Kcnj8; Gng11; Gnb2; Gngt2","liver","RR-8","GLDS-379","Stat_(Space Flight & 22 to 23 day & On ISS & Carcass & 10 to 12 week)v(Ground Control & 24 day & On Earth & Carcass & 10 to 12 week)",1,"flight_positive"
"REACTOME_ION_CHANNEL_TRANSPORT",0.396200814111262,0.578338044376413,0.0711327399327894,0.24764500808127,1.02252405516292,164,"reactome","Wnk1; Nedd4l; Ryr1; Atp1a2; Fxyd6; Casq2; Atp2a1; Clcn1; Camk2a; Ano5; Trdn; Clcn6; Wnk3; Stom; Ubb; Casq1; Ripk1; Atp2b2; Camk2b; Atp1b1; Atp6v1g2; Mlkl; Atp2b1; Camk2g; Wnk2; Camk2d; Atp6v0a1; Sln; Ano6; Best3; Atp11a; Trpm3; Ttyh1; Trpm5; Scnn1a; Asic3; Trpm6; Sri; Atp2b3; Trpv1","liver","RR-8","GLDS-379","Stat_(Space Flight & 22 to 23 day & On ISS & Carcass & 10 to 12 week)v(Ground Control & 24 day & On Earth & Carcass & 10 to 12 week)",1,"flight_positive"
"REACTOME_ION_HOMEOSTASIS",0.00449174954343121,0.0396724847133916,0.407017918923954,0.463683992798274,1.61729665350735,52,"reactome","Ryr1; Atp1a2; Fxyd6; Casq2; Atp2a1; Ahcyl1; Camk2a; Nos1; Trdn; Itpr2; Casq1; Atp2b2; Camk2b; Atp1b1; Atp2b1; Stim1; Camk2g; Camk2d; Prkaca; Sln; Dmpk; Sri; Atp2b3; Slc8a1; Slc8a3; Pln; Orai1","liver","RR-8","GLDS-379","Stat_(Space Flight & 22 to 23 day & On ISS & Carcass & 10 to 12 week)v(Ground Control & 24 day & On Earth & Carcass & 10 to 12 week)",1,"flight_positive"
"REACTOME_ION_TRANSPORT_BY_P_TYPE_ATPASES",0.502347417840376,0.646557241160731,0.066436413766281,0.27955538392978,0.975069215072715,52,"reactome","Atp1a2; Fxyd6; Atp2a1; Camk2a; Atp2b2; Camk2b; Atp1b1; Atp2b1; Camk2g; Camk2d; Sln; Atp11a","liver","RR-8","GLDS-379","Stat_(Space Flight & 22 to 23 day & On ISS & Carcass & 10 to 12 week)v(Ground Control & 24 day & On Earth & Carcass & 10 to 12 week)",1,"flight_positive"
"REACTOME_IRAK4_DEFICIENCY_TLR2_4",0.313588850174216,0.497867355520846,0.09754492162472,0.410384163858368,1.11578895050705,18,"reactome","Tirap; Hmgb1; Ly96; Irak4; Fgb; Fga; Fgg","liver","RR-8","GLDS-379","Stat_(Space Flight & 22 to 23 day & On ISS & Carcass & 10 to 12 week)v(Ground Control & 24 day & On Earth & Carcass & 10 to 12 week)",1,"flight_positive"
"REACTOME_IRE1ALPHA_ACTIVATES_CHAPERONES",0.403846153846154,0.585629921259843,0.0787113806986485,0.301546722989116,1.03385682644807,49,"reactome","Tln1; Hdgf; Sult1a1; Tspyl2; Edem1; Cxxc1; Add1; Ssr1; Extl1; Extl2; Ern1; Dctn1; Wipi1; Arfgap1; Klhdc3; Preb; Gsk3a; Tatdn2; Sec31a","liver","RR-8","GLDS-379","Stat_(Space Flight & 22 to 23 day & On ISS & Carcass & 10 to 12 week)v(Ground Control & 24 day & On Earth & Carcass & 10 to 12 week)",1,"flight_positive"
"REACTOME_IRON_UPTAKE_AND_TRANSPORT",0.00851211192400184,0.0591565011070568,0.380730400722792,-0.410635647550644,-1.54393324247086,55,"reactome","Atp6v1h; Hfe; Rps27a; Heph; Atp6v1g1; Atp6v0e; Atp6v1f; Flvcr1; Slc40a1; Ubc; Skp1; Atp6v1e1; Atp6v0b; Uba52; Atp6v0d1; Cybrd1; Atp6v1b2; Fbxl5; Hmox1; Atp6v0a2; Ireb2; Glrx3","liver","RR-8","GLDS-379","Stat_(Space Flight & 22 to 23 day & On ISS & Carcass & 10 to 12 week)v(Ground Control & 24 day & On Earth & Carcass & 10 to 12 week)",1,"flight_positive"
"REACTOME_IRS_MEDIATED_SIGNALLING",0.0541455160744501,0.190543933956265,0.252961123069611,0.431147030245789,1.42879904053771,41,"reactome","Pik3r4; Akt2; Fgf18; Pdpk1; Pik3r1; Nras; Irs1; Gab1; Ptpn11; Fgf1; Sos1; Kras; Grb2; Frs2; Fgfr3","liver","RR-8","GLDS-379","Stat_(Space Flight & 22 to 23 day & On ISS & Carcass & 10 to 12 week)v(Ground Control & 24 day & On Earth & Carcass & 10 to 12 week)",1,"flight_positive"
"REACTOME_ISG15_ANTIVIRAL_MECHANISM",0.178187403993856,0.366669638258251,0.126253987849115,0.323826794045005,1.18041876312484,67,"reactome","Plcg1; Tpr; Ppm1b; Aaas; Nup98; Eif4g3; Ube2l6; Ube2n; Ubb; Arih1; Kpnb1; Nup50; Becn1; Eif4g2; Nup153; Mapk3; Rae1; Eif4g1; Ndc1; Nedd4; Pom121; Irf3; Nup93; Eif4e2","liver","RR-8","GLDS-379","Stat_(Space Flight & 22 to 23 day & On ISS & Carcass & 10 to 12 week)v(Ground Control & 24 day & On Earth & Carcass & 10 to 12 week)",1,"flight_positive"
"REACTOME_JNK_C_JUN_KINASES_PHOSPHORYLATION_AND_ACTIVATION_MEDIATED_BY_ACTIVATED_HUMAN_TAK1",0.0155178795167974,0.0839978871072681,0.380730400722792,0.568720039123847,1.62891328303041,22,"reactome","Tab2; Traf6; Irak1; Ube2n; Ubb; Nod1; Tab3; Map2k7; Ube2v1; Map3k7; Ikbkg; Mapk8; Map2k4; Mapk9; Tab1","liver","RR-8","GLDS-379","Stat_(Space Flight & 22 to 23 day & On ISS & Carcass & 10 to 12 week)v(Ground Control & 24 day & On Earth & Carcass & 10 to 12 week)",1,"flight_positive"
"REACTOME_KEAP1_NFE2L2_PATHWAY",0.166666666666667,0.352135117909496,0.126875729929857,0.295129845106228,1.16737614378574,112,"reactome","Prkci; Cdkn1a; Rela; Crebbp; Txnrd1; Akt2; Sp1; Trim21; Gclc; Psmd11; Atf4; Csnk2b; Ubb; Slc7a11; Psmd7; Sem1; Ubxn7; Psma4; Pgd; Prkcd; Psmc3; Gclm; Akt3; Mul1; Csnk2a2; Psmb2; Sqstm1; Nploc4; Btrc; G6pdx; Akt1; Psmc1; Sesn2; Keap1; Bcl2l1; Psmc4; Gsta3; Psmd3","liver","RR-8","GLDS-379","Stat_(Space Flight & 22 to 23 day & On ISS & Carcass & 10 to 12 week)v(Ground Control & 24 day & On Earth & Carcass & 10 to 12 week)",1,"flight_positive"
"REACTOME_KERATAN_SULFATE_BIOSYNTHESIS",0.662162162162162,0.754318751741432,0.0707899094502623,-0.275243057349308,-0.87560450855973,25,"reactome","Lum; Slc35d2; Omd; B4galt2","liver","RR-8","GLDS-379","Stat_(Space Flight & 22 to 23 day & On ISS & Carcass & 10 to 12 week)v(Ground Control & 24 day & On Earth & Carcass & 10 to 12 week)",1,"flight_positive"
"REACTOME_KERATAN_SULFATE_DEGRADATION",0.143790849673203,0.326260552133242,0.172324344900946,-0.483371116320398,-1.32910123389617,15,"reactome","Lum; Omd; Hexa; Hexb; Glb1l2; Ogn","liver","RR-8","GLDS-379","Stat_(Space Flight & 22 to 23 day & On ISS & Carcass & 10 to 12 week)v(Ground Control & 24 day & On Earth & Carcass & 10 to 12 week)",1,"flight_positive"
"REACTOME_KERATAN_SULFATE_KERATIN_METABOLISM",0.552693208430913,0.685965068521856,0.0822054920415869,-0.277205770610487,-0.944176071247798,33,"reactome","Lum; Slc35d2; Omd; B4galt2; Hexa; Hexb; Glb1l2; St3gal4; B4galt6; Ogn; Chst2","liver","RR-8","GLDS-379","Stat_(Space Flight & 22 to 23 day & On ISS & Carcass & 10 to 12 week)v(Ground Control & 24 day & On Earth & Carcass & 10 to 12 week)",1,"flight_positive"
"REACTOME_KERATINIZATION",0.00895260725962896,0.0610656235919136,0.380730400722792,0.410668982990779,1.52539054412663,75,"reactome","Krt4; Krt13; Capns1; Dsp; Kazn; Pkp4","liver","RR-8","GLDS-379","Stat_(Space Flight & 22 to 23 day & On ISS & Carcass & 10 to 12 week)v(Ground Control & 24 day & On Earth & Carcass & 10 to 12 week)",1,"flight_positive"
"REACTOME_KIDNEY_DEVELOPMENT",0.613287904599659,0.718645953958243,0.0609039347452418,0.270993534065972,0.900950627194202,42,"reactome","Six1; Sall1; Hnf1b; Npnt; Hnf4a; Irx1; Eya1; Pcdh19; Slit2; Ret","liver","RR-8","GLDS-379","Stat_(Space Flight & 22 to 23 day & On ISS & Carcass & 10 to 12 week)v(Ground Control & 24 day & On Earth & Carcass & 10 to 12 week)",1,"flight_positive"
"REACTOME_KINESINS",0.00201995475932998,0.0223205000905963,0.431707695803346,0.482543811528006,1.68435288090734,53,"reactome","Tuba8; Kif20a; Kif3a; Tubb2a; Tuba4a; Klc1; Kif1b; Kif16b; Kif3b; Kif5b; Kif2c; Kif1c; Kif1a; Kif2a; Kif26b; Tubb4b; Kif13b; Kif18b; Kifc2; Tuba1b; Kif20b; Klc2; Kif21a; Kifc1","liver","RR-8","GLDS-379","Stat_(Space Flight & 22 to 23 day & On ISS & Carcass & 10 to 12 week)v(Ground Control & 24 day & On Earth & Carcass & 10 to 12 week)",1,"flight_positive"
"REACTOME_KSRP_KHSRP_BINDS_AND_DESTABILIZES_MRNA",0.58273381294964,0.698063834005154,0.065981614400873,0.339503388992439,0.906504567673079,17,"reactome","Ywhaz; Exosc9; Dis3; Akt1; Khsrp; Exosc8; Exosc1; Exosc2; Mapk11; Exosc3; Mapk14","liver","RR-8","GLDS-379","Stat_(Space Flight & 22 to 23 day & On ISS & Carcass & 10 to 12 week)v(Ground Control & 24 day & On Earth & Carcass & 10 to 12 week)",1,"flight_positive"
"REACTOME_L1CAM_INTERACTIONS",0.0699708454810496,0.217796575370591,0.204294756516886,0.327620508836502,1.29478552047731,113,"reactome","Ank1; Scn4a; Tuba8; Dlg3; Sptb; Dlg1; Scn4b; Dnm2; Shtn1; Spta1; Tubb2a; Lamc1; Tuba4a; Csnk2b; Clta; Ezr; Ank2; Sptan1; Scn2b; Numb; Nfasc; Itga9; Itga5; Mapk3; Csnk2a2; Tubb4b; Hspa8; Actb","liver","RR-8","GLDS-379","Stat_(Space Flight & 22 to 23 day & On ISS & Carcass & 10 to 12 week)v(Ground Control & 24 day & On Earth & Carcass & 10 to 12 week)",1,"flight_positive"
"REACTOME_LAGGING_STRAND_SYNTHESIS",0.409982174688057,0.588351042896497,0.0835990603684159,0.371788249246315,1.04089682411978,20,"reactome","Pold3; Pola2; Rfc1; Lig1; Rfc3; Pold4; Rfc5","liver","RR-8","GLDS-379","Stat_(Space Flight & 22 to 23 day & On ISS & Carcass & 10 to 12 week)v(Ground Control & 24 day & On Earth & Carcass & 10 to 12 week)",1,"flight_positive"
"REACTOME_LAMININ_INTERACTIONS",0.0129567704517469,0.0765397431738124,0.380730400722792,-0.488764716352961,-1.62561953617975,30,"reactome","Lama2; Col4a4; Lamc3; Lamb2; Lama1; Itgav; Col4a5; Lamb1; Lama4; Col4a3; Itga2; Itgb1; Hspg2; Itga7; Itgb4; Lama3; Lama5","liver","RR-8","GLDS-379","Stat_(Space Flight & 22 to 23 day & On ISS & Carcass & 10 to 12 week)v(Ground Control & 24 day & On Earth & Carcass & 10 to 12 week)",1,"flight_positive"
"REACTOME_LATE_ENDOSOMAL_MICROAUTOPHAGY",0.51304347826087,0.655390801708972,0.070619624712259,0.302203009035239,0.958362390189343,33,"reactome","Pcnt; Chmp6; Ubb; Chmp3; Ubap1; Chmp4b; Hdac6; Hspa8; Cftr; Tsg101; Arl13b; Mvb12b; Vps37d; Plin3","liver","RR-8","GLDS-379","Stat_(Space Flight & 22 to 23 day & On ISS & Carcass & 10 to 12 week)v(Ground Control & 24 day & On Earth & Carcass & 10 to 12 week)",1,"flight_positive"
"REACTOME_LATE_SARS_COV_2_INFECTION_EVENTS",0.197268588770865,0.38855934151837,0.118287526124085,0.318599376000051,1.17210258644357,72,"reactome","St3gal1; Parp6; Ube2i; Canx; Tmprss2; Srpk1; Ano5; Ubb; Mgat5; Rpn1; Zdhhc5; Ost4; St6galnac3; Furin; Dad1; Stt3a; Ano6; Man1b1; St3gal3; Ddost; Zdhhc8; Gsk3a","liver","RR-8","GLDS-379","Stat_(Space Flight & 22 to 23 day & On ISS & Carcass & 10 to 12 week)v(Ground Control & 24 day & On Earth & Carcass & 10 to 12 week)",1,"flight_positive"
"REACTOME_LDL_CLEARANCE",0.473922902494331,0.635539814631354,0.0888945288620449,-0.325235860611237,-0.977994820690279,20,"reactome","Cltc; Npc2; Npc1; Nceh1; Ap2s1; Ldlr; Ces3a","liver","RR-8","GLDS-379","Stat_(Space Flight & 22 to 23 day & On ISS & Carcass & 10 to 12 week)v(Ground Control & 24 day & On Earth & Carcass & 10 to 12 week)",1,"flight_positive"
"REACTOME_LEISHMANIA_INFECTION",0.55364238410596,0.685965068521856,0.0538979025357319,0.227888148872161,0.956683684974445,192,"reactome","Rela; Myh2; Prkar2a; Igkv8-30; Wasf2; Abl1; Plcg1; Hsp90ab1; Ahcyl1; Jun; Dvl3; Adcy2; Myo10; Gsdmd; Myh9; Igkv14-111; Itpr2; Nt5e; Entpd5; Elmo2; Nckap1; Ptk2; Baiap2; Creb1; Crk; Abi1; Yes1; Furin; Wipf2; Dock1; Il1a; Arpc2; Mapk3; Prkaca; Wasl; Adcy1; C3; Igkv11-125; Gng12; Gngt1; Grb2; Gnas; Actb; Gng8; Mapk8; Rhbdf2","liver","RR-8","GLDS-379","Stat_(Space Flight & 22 to 23 day & On ISS & Carcass & 10 to 12 week)v(Ground Control & 24 day & On Earth & Carcass & 10 to 12 week)",1,"flight_positive"
"REACTOME_LISTERIA_MONOCYTOGENES_ENTRY_INTO_HOST_CELLS",0.563279857397504,0.688522392062215,0.0672065093710464,0.330814706152425,0.926183056361324,20,"reactome","Stam2; Stam; Ubb; Cbll1; Grb2; Hgs; Ctnnd1","liver","RR-8","GLDS-379","Stat_(Space Flight & 22 to 23 day & On ISS & Carcass & 10 to 12 week)v(Ground Control & 24 day & On Earth & Carcass & 10 to 12 week)",1,"flight_positive"
"REACTOME_LONG_TERM_POTENTIATION",0.0891608391608392,0.251333487940631,0.197822021315103,0.470012697920572,1.37236831957146,23,"reactome","Actn2; Dlg3; Dlg1; Camk2a; Camk2b; Camk2g; Camk2d","liver","RR-8","GLDS-379","Stat_(Space Flight & 22 to 23 day & On ISS & Carcass & 10 to 12 week)v(Ground Control & 24 day & On Earth & Carcass & 10 to 12 week)",1,"flight_positive"
"REACTOME_LYSOSOME_VESICLE_BIOGENESIS",0.861538461538462,0.900662251655629,0.0453152441270267,0.237603783602955,0.746638779706866,32,"reactome","Ap1m1; Dnm2; Cltb; Clta; Ctsz; Hspa8; Hgs; Ap4m1","liver","RR-8","GLDS-379","Stat_(Space Flight & 22 to 23 day & On ISS & Carcass & 10 to 12 week)v(Ground Control & 24 day & On Earth & Carcass & 10 to 12 week)",1,"flight_positive"
"REACTOME_MAP2K_AND_MAPK_ACTIVATION",0.789830508474576,0.853140480805872,0.0488970772260102,0.24386166105576,0.805349666175995,40,"reactome","Tln1; Braf; Nras; Fgb; Fga; Fgg; Kras; Mark3; Mapk3; Actb; Fn1; Itgb3","liver","RR-8","GLDS-379","Stat_(Space Flight & 22 to 23 day & On ISS & Carcass & 10 to 12 week)v(Ground Control & 24 day & On Earth & Carcass & 10 to 12 week)",1,"flight_positive"
"REACTOME_MAP3K8_TPL2_DEPENDENT_MAPK1_3_ACTIVATION",0.34675615212528,0.531436266433334,0.106729884364606,-0.38613787354374,-1.08059936822309,16,"reactome","Rps27a; Ubc; Skp1; Chuk; Map2k1; Uba52","liver","RR-8","GLDS-379","Stat_(Space Flight & 22 to 23 day & On ISS & Carcass & 10 to 12 week)v(Ground Control & 24 day & On Earth & Carcass & 10 to 12 week)",1,"flight_positive"
"REACTOME_MAPK1_MAPK3_SIGNALING",0.205958549222798,0.396475306036302,0.105125131597001,0.255269733069449,1.107801550369,257,"reactome","Dusp1; Tln1; Actn2; Ppp2r1b; Ppp2r1a; Dlg3; Mras; Sptb; Fgf18; Dlg1; Camk2a; Ptpra; Spta1; Psmd11; Pik3r1; Ppp2r5c; Braf; Nras; Ubb; Irs1; Tgfa; Fgb; Psmd7; Btc; Ereg; Ptk2; Sem1; Ptpn11; Camk2b; Fga; Sptan1; Psma4; Ppp2r5d; Fgg; Fgf1; Jak2; Camk2g; Sos1; Rgl3; Ptpn3; Kras; Camk2d; Mark3; Psmc3; Mapk3; Ppp5c; Dusp5; Nrtn; Shoc2; Psmb2; Grb2; Frs2; Actb; Il2ra; Csf2ra; Cdk1; Ret; Fgfr3; Fn1; Psmc1","liver","RR-8","GLDS-379","Stat_(Space Flight & 22 to 23 day & On ISS & Carcass & 10 to 12 week)v(Ground Control & 24 day & On Earth & Carcass & 10 to 12 week)",1,"flight_positive"
"REACTOME_MAPK6_MAPK4_SIGNALING",0.518126888217523,0.658837987894548,0.0632191170859458,0.258425489175055,0.963059083078883,76,"reactome","Ago1; Jun; Foxo1; Tnrc6c; Psmd11; Mapk6; Ubb; Psmd7; Tnrc6b; Sem1; Psma4; Ago2; Mapkapk5; Hspb1; Psmc3; Prkaca; Mov10; Cdc14b; Cdc14a; Cdc42ep3; Psmb2; Cdk1; Psmc1; Psmc4; Psmd3; Ago4; Tnrc6a; Mapk4; Psmd12; Kalrn; Adrm1; Psmd1","liver","RR-8","GLDS-379","Stat_(Space Flight & 22 to 23 day & On ISS & Carcass & 10 to 12 week)v(Ground Control & 24 day & On Earth & Carcass & 10 to 12 week)",1,"flight_positive"
"REACTOME_MAPK_FAMILY_SIGNALING_CASCADES",0.0635538261997406,0.205268453778477,0.20207170902116,0.274386825329189,1.20340766823029,296,"reactome","Dusp1; Tln1; Actn2; Ppp2r1b; Ppp2r1a; Dlg3; Mras; Sptb; Ago1; Fgf18; Dlg1; Jun; Camk2a; Foxo1; Tnrc6c; Ptpra; Spta1; Psmd11; Pik3r1; Mapk6; Ppp2r5c; Braf; Nras; Ubb; Irs1; Tgfa; Fgb; Psmd7; Btc; Ereg; Tnrc6b; Ptk2; Sem1; Ptpn11; Camk2b; Fga; Sptan1; Psma4; Ppp2r5d; Fgg; Fgf1; Jak2; Camk2g; Sos1; Rgl3; Ptpn3; Kras; Ago2; Camk2d; Mark3; Mapkapk5; Hspb1; Psmc3; Mapk3; Ppp5c; Dusp5; Prkaca; Nrtn; Mov10; Shoc2; Cdc14b; Cdc14a; Cdc42ep3; Psmb2; Grb2; Frs2; Actb; Il2ra; Csf2ra; Cdk1; Ret; Fgfr3; Fn1; Psmc1","liver","RR-8","GLDS-379","Stat_(Space Flight & 22 to 23 day & On ISS & Carcass & 10 to 12 week)v(Ground Control & 24 day & On Earth & Carcass & 10 to 12 week)",1,"flight_positive"
"REACTOME_MAPK_TARGETS_NUCLEAR_EVENTS_MEDIATED_BY_MAP_KINASES",0.00468595919474252,0.0400856957793783,0.407017918923954,0.545107528395505,1.69080851119599,31,"reactome","Atf1; Ppp2r1b; Ppp2r1a; Atf2; Jun; Creb1; Ppp2r5d; Fos; Mapk3; Mapk8; Vrk3; Mapk9; Mef2c; Dusp6; Dusp7; Rps6ka5; Rps6ka3; Elk1; Mef2a","liver","RR-8","GLDS-379","Stat_(Space Flight & 22 to 23 day & On ISS & Carcass & 10 to 12 week)v(Ground Control & 24 day & On Earth & Carcass & 10 to 12 week)",1,"flight_positive"
"REACTOME_MATERNAL_TO_ZYGOTIC_TRANSITION_MZT",0.275707898658718,0.455550244196075,0.0959206777921745,0.284139907767341,1.0936910467987,95,"reactome","Tut7; Cnot1; Crebbp; Pabpn1; Dicer1; Cnot4; Npm2; Rps2; Srpk1; Pabpc1; Tet3; Kdm6b; Kdm6a; Ago2; Cnot3; Hira; Eif4b; Eif4g1; Cnot2; Kdm5a; Cnot11; Cnot6l; H2az2; Tut4; H3c8","liver","RR-8","GLDS-379","Stat_(Space Flight & 22 to 23 day & On ISS & Carcass & 10 to 12 week)v(Ground Control & 24 day & On Earth & Carcass & 10 to 12 week)",1,"flight_positive"
"REACTOME_MATURATION_OF_SARS_COV_2_NUCLEOPROTEIN",0.138121546961326,0.318603274807654,0.160801401070022,0.51019193498995,1.3200750639919,15,"reactome","Parp6; Ube2i; Srpk1; Gsk3a; Parp8; Parp16","liver","RR-8","GLDS-379","Stat_(Space Flight & 22 to 23 day & On ISS & Carcass & 10 to 12 week)v(Ground Control & 24 day & On Earth & Carcass & 10 to 12 week)",1,"flight_positive"
"REACTOME_MATURATION_OF_SARS_COV_2_SPIKE_PROTEIN",0.558528428093645,0.688522392062215,0.0645031249656493,0.282225142243624,0.930600940171366,39,"reactome","St3gal1; Canx; Mgat5; Rpn1; Zdhhc5; Ost4; St6galnac3; Dad1; Stt3a; Man1b1; St3gal3; Ddost; Zdhhc8","liver","RR-8","GLDS-379","Stat_(Space Flight & 22 to 23 day & On ISS & Carcass & 10 to 12 week)v(Ground Control & 24 day & On Earth & Carcass & 10 to 12 week)",1,"flight_positive"
"REACTOME_MATURATION_OF_TCA_ENZYMES_AND_REGULATION_OF_TCA_CYCLE",0.0285863008463972,0.125348660457416,0.352487857583619,-0.534648058030027,-1.57622760826036,19,"reactome","Sdhd; Sirt3; Sdhaf4; Sdhb; Sdhc; Sdhaf3","liver","RR-8","GLDS-379","Stat_(Space Flight & 22 to 23 day & On ISS & Carcass & 10 to 12 week)v(Ground Control & 24 day & On Earth & Carcass & 10 to 12 week)",1,"flight_positive"
"REACTOME_MECHANICAL_LOAD_ACTIVATES_SIGNALING_BY_PIEZO1_AND_INTEGRINS_IN_OSTEOCYTES",0.322869955156951,0.508946220325864,0.11146266692298,-0.385731205078359,-1.10654133634074,17,"reactome","Spp1; P2rx7; Piezo1; Itgav; Cacnb3; Cacng7; Itgb1; Hspg2","liver","RR-8","GLDS-379","Stat_(Space Flight & 22 to 23 day & On ISS & Carcass & 10 to 12 week)v(Ground Control & 24 day & On Earth & Carcass & 10 to 12 week)",1,"flight_positive"
"REACTOME_MECP2_REGULATES_NEURONAL_RECEPTORS_AND_CHANNELS",0.176258992805755,0.364730687360224,0.13880510939114,0.47776148255599,1.27566610595723,17,"reactome","Mecp2; Sin3a; Hdac2; Creb1; Ptpn1; Fkbp5","liver","RR-8","GLDS-379","Stat_(Space Flight & 22 to 23 day & On ISS & Carcass & 10 to 12 week)v(Ground Control & 24 day & On Earth & Carcass & 10 to 12 week)",1,"flight_positive"
"REACTOME_MEIOSIS",0.684287812041116,0.776322415097981,0.0488970772260102,0.230797783292403,0.896277638240607,100,"reactome","Terf2; Ube2i; Smc1a; Syne1; Pot1a; Prdm9; Acd; Mre11a; Mlh1; Top3a; Dido1; Smc3; Cdk2; Syne2; Nbn; Rad51; Tinf2; Rad50; Cdk4; H2az2; Brca2; H3c8; Lmnb1; Sycp3; Smc1b; Terf2ip","liver","RR-8","GLDS-379","Stat_(Space Flight & 22 to 23 day & On ISS & Carcass & 10 to 12 week)v(Ground Control & 24 day & On Earth & Carcass & 10 to 12 week)",1,"flight_positive"
"REACTOME_MEIOTIC_RECOMBINATION",0.239316239316239,0.430598729859002,0.151148761385484,-0.288226742872531,-1.12941374170969,68,"reactome","Mnd1; H2bc8; H2bc3; H2bc6; H2bc14; H4c3; H4c18; H4c6; H3c1; H4c14; H2ac20; H4c11; Rpa3; H4c16; Rpa2; H2ac23; H4c2; H3c11; H2ac7; Rpa1; H4c8","liver","RR-8","GLDS-379","Stat_(Space Flight & 22 to 23 day & On ISS & Carcass & 10 to 12 week)v(Ground Control & 24 day & On Earth & Carcass & 10 to 12 week)",1,"flight_positive"
"REACTOME_MEIOTIC_SYNAPSIS",0.919330289193303,0.93887243027597,0.036993251998507,0.207125339080424,0.74933332576392,63,"reactome","Terf2; Ube2i; Smc1a; Syne1; Pot1a; Acd; Dido1; Smc3","liver","RR-8","GLDS-379","Stat_(Space Flight & 22 to 23 day & On ISS & Carcass & 10 to 12 week)v(Ground Control & 24 day & On Earth & Carcass & 10 to 12 week)",1,"flight_positive"
"REACTOME_METABOLIC_DISORDERS_OF_BIOLOGICAL_OXIDATION_ENZYMES",0.191588785046729,0.380765481073085,0.153158808683073,-0.353981370713122,-1.17733341303504,30,"reactome","Fdx1; Gss; Cyp2u1; Fmo3; Maoa; Fdxr; Cyp7b1; Tpmt; Cyp11a1; Cyp1b1; Ggt1; Slc35d1","liver","RR-8","GLDS-379","Stat_(Space Flight & 22 to 23 day & On ISS & Carcass & 10 to 12 week)v(Ground Control & 24 day & On Earth & Carcass & 10 to 12 week)",1,"flight_positive"
"REACTOME_METABOLISM_OF_AMINO_ACIDS_AND_DERIVATIVES",1.77532944541749e-11,1.96173903718633e-09,0.863415391606693,-0.401899046243272,-1.98205908628052,322,"reactome","Rps14; Grhpr; Rpl3; Rps19; Echs1; Rplp2; Psmb5; Pstk; Inmt; Agxt2; Gatm; Rps18; Crym; Rpl9; Rpl39; Rps21; Rpl35a; Rps27; Rpl36; Rpl13a; Psma7; Rpl6; Rpl15; Tstd1; Rpl27; Oaz1; Rps13; Rpl13; Rps27a; Naalad2; Rpl7; Prodh2; Azin1; Rpl37a; Rps28; Sephs2; Rps29; Rps17; Pycr2; Rps15; Rpl24; Tdo2; Psmb1; Rps5; Csad; Rpl22l1; Slc36a4; Rpl10; Psmb4; Otc; Psmd6; Psmd13; Mri1; Gls; Sardh; Ftcd; Rpl18; Eef1e1; Fau; Glud1; Agmat; Rps9; Slc25a13; Ppm1k; Arg1; Rps23; Ado; Rps25; Rplp1; Rpl32; Rpl26; Rps15a; Rpl8; Rplp0; Rps20; Nqo1; Rps7; Aldh6a1; Psmb3; Rpl19; Aspg; Gcdh; Slc6a7; Rpl29; Ddo; Rpl10a; Uba52; Bckdha; Ckb; Rimklb; Gcsh; Acad8; Rpl28; Serinc3; Tst; Nat8l; Rps4x; Aimp2; Acat1; Sds; Serinc1; Aldh4a1; Gpt2; Oat; Papss1; Gpt; Pcbd1","liver","RR-8","GLDS-379","Stat_(Space Flight & 22 to 23 day & On ISS & Carcass & 10 to 12 week)v(Ground Control & 24 day & On Earth & Carcass & 10 to 12 week)",1,"flight_positive"
"REACTOME_METABOLISM_OF_ANGIOTENSINOGEN_TO_ANGIOTENSINS",0.642725598526704,0.739803944137508,0.0623861492893626,0.336518147575893,0.870709991141735,15,"reactome","Enpep; Ctsz; Anpep","liver","RR-8","GLDS-379","Stat_(Space Flight & 22 to 23 day & On ISS & Carcass & 10 to 12 week)v(Ground Control & 24 day & On Earth & Carcass & 10 to 12 week)",1,"flight_positive"
"REACTOME_METABOLISM_OF_CARBOHYDRATES_AND_CARBOHYDRATE_DERIVATIVES",0.940645161290323,0.95184331797235,0.0278699114874201,0.185349234754225,0.806578826465988,266,"reactome","St3gal1; Ppp2r1b; Ppp2r1a; Tpr; Hs6st1; Gpi1; Hyal3; Aaas; Eno3; Pygm; Bpgm; Sdc2; Nup98; Gapdh; Gnpda1; Pgam2; Ubb; Pfkfb2; Fbp2; Gys1; Nup50; B3gat3; Hs6st3; Ppp2r5d; Papss2; Hk2; Pgd; B3galt2; Slc37a1; B4galt5; Nup153; Eno1; B3gnt2; Galns; Rae1; Aldoc; Prkaca; Ndc1; Xylb; St6galnac6; Pfkfb3; B4galt3; Hyal1; Phkg1; Pom121; Galt; Hs6st2; Ppp1r3c; Ndst1; Gck; St3gal6; Pgm1; Hs3st3a1; Aldoa; Pfkm; Nup93; Hgsnat; Prelp; G6pdx; B4galnt2; Tpi1; St3gal3","liver","RR-8","GLDS-379","Stat_(Space Flight & 22 to 23 day & On ISS & Carcass & 10 to 12 week)v(Ground Control & 24 day & On Earth & Carcass & 10 to 12 week)",1,"flight_positive"
"REACTOME_METABOLISM_OF_COFACTORS",0.00846635556670631,0.0591565011070568,0.380730400722792,-0.526520289324781,-1.67496882072441,25,"reactome","Coq2; Pts; Pdss1; Coq6; Coq3; Gch1; Coq4; Stard7; Gchfr; Spr; Calm1","liver","RR-8","GLDS-379","Stat_(Space Flight & 22 to 23 day & On ISS & Carcass & 10 to 12 week)v(Ground Control & 24 day & On Earth & Carcass & 10 to 12 week)",1,"flight_positive"
"REACTOME_METABOLISM_OF_FAT_SOLUBLE_VITAMINS",0.0316701360933457,0.135641474353283,0.321775918075361,-0.388512428621198,-1.41716494867658,48,"reactome","Clps; Gpc6; Akr1b8; Gpihbp1; Vkorc1l1; Agrn; Retsat; Ttpa; Rbp1; Akr1c18; Akr1c6; Ttr; Hspg2; Apoa1; Apoc2; Apom; Ldlr; Apoa4","liver","RR-8","GLDS-379","Stat_(Space Flight & 22 to 23 day & On ISS & Carcass & 10 to 12 week)v(Ground Control & 24 day & On Earth & Carcass & 10 to 12 week)",1,"flight_positive"
"REACTOME_METABOLISM_OF_FOLATE_AND_PTERINES",0.648648648648649,0.743523606594146,0.0609039347452418,0.326384310111303,0.854755315743778,16,"reactome","Fpgs; Mthfr; Aldh1l2; Mthfd2; Slc46a1; Mthfd1","liver","RR-8","GLDS-379","Stat_(Space Flight & 22 to 23 day & On ISS & Carcass & 10 to 12 week)v(Ground Control & 24 day & On Earth & Carcass & 10 to 12 week)",1,"flight_positive"
"REACTOME_METABOLISM_OF_NITRIC_OXIDE_NOS3_ACTIVATION_AND_REGULATION",0.491007194244604,0.642916599424121,0.0745500777420554,0.367148351242734,0.980319101976888,17,"reactome","Cyb5b; Dnm2; Wasl; Ddah1; Nmt2; Akt1","liver","RR-8","GLDS-379","Stat_(Space Flight & 22 to 23 day & On ISS & Carcass & 10 to 12 week)v(Ground Control & 24 day & On Earth & Carcass & 10 to 12 week)",1,"flight_positive"
"REACTOME_METABOLISM_OF_NUCLEOTIDES",0.0884955752212389,0.250096190842632,0.261663521711573,-0.300247503483643,-1.23993341262367,90,"reactome","Agxt2; Dtymk; Dut; Dctpp1; Dnph1; Nt5c3; Txn1; Entpd8; Nme2; Upp2; Ampd3; Tk1; Entpd1; Nme3; Gmps; Gda; Upp1; Ak4; Dhodh; Ctps2; Adprm; Pfas; Guk1","liver","RR-8","GLDS-379","Stat_(Space Flight & 22 to 23 day & On ISS & Carcass & 10 to 12 week)v(Ground Control & 24 day & On Earth & Carcass & 10 to 12 week)",1,"flight_positive"
"REACTOME_METABOLISM_OF_POLYAMINES",0.108374384236453,0.278460056396973,0.213927855492356,-0.344497271154503,-1.25999035360797,46,"reactome","Psmb5; Psma7; Oaz1; Azin1; Psmb1; Psmb4; Psmd6; Psmd13; Agmat; Nqo1; Psmb3","liver","RR-8","GLDS-379","Stat_(Space Flight & 22 to 23 day & On ISS & Carcass & 10 to 12 week)v(Ground Control & 24 day & On Earth & Carcass & 10 to 12 week)",1,"flight_positive"
"REACTOME_METABOLISM_OF_PORPHYRINS",0.477477477477477,0.63953043953044,0.0880945010398517,-0.312800401912872,-0.995082109724628,25,"reactome","Blvra; Slco1b2; Flvcr1; Blvrb; Hmox1; Gsta1; Abcc1","liver","RR-8","GLDS-379","Stat_(Space Flight & 22 to 23 day & On ISS & Carcass & 10 to 12 week)v(Ground Control & 24 day & On Earth & Carcass & 10 to 12 week)",1,"flight_positive"
"REACTOME_METABOLISM_OF_STEROIDS",0.0965034965034965,0.262651141961487,0.16823816568964,0.299344366706485,1.21906058072925,145,"reactome","Nsdhl; Tbl1xr1; Pmvk; Crebbp; Ncoa6; Acacb; Ube2i; Sp1; Sec24b; Sc5d; Scd1; Ncoa1; Pias4; Fdps; Hsd17b7; Cyp51; Med1; Hsd17b2; Idi1; Osbpl2; Ncoa2; Nfyb; Sqle; Hmgcs1; Kpnb1; Dhcr7; Nfya; Nfyc; Srd5a2; Carm1; Ebp; Srd5a1; Osbpl6; Mvd; Msmo1; Cyp17a1; Amacr; Chd9; Cyp27a1; Lss; Srebf2; Cyp39a1; Fasn; Helz2; Mvk; Dhcr24; Rxra; Hsd3b3; Plpp6; Stard3; Smarcd3; Nr1h4","liver","RR-8","GLDS-379","Stat_(Space Flight & 22 to 23 day & On ISS & Carcass & 10 to 12 week)v(Ground Control & 24 day & On Earth & Carcass & 10 to 12 week)",1,"flight_positive"
"REACTOME_METABOLISM_OF_STEROID_HORMONES",0.06006817987871,0.199925719174622,0.321775918075361,-0.426750013375031,-1.41936014527374,30,"reactome","Fdx1; Hsd11b1; Tspo; Akr1b8; Stard3nl; Hsd17b11; Stard6; Fdxr; Pomc; Cyp11a1; Hsd17b12; Stard4","liver","RR-8","GLDS-379","Stat_(Space Flight & 22 to 23 day & On ISS & Carcass & 10 to 12 week)v(Ground Control & 24 day & On Earth & Carcass & 10 to 12 week)",1,"flight_positive"
"REACTOME_METABOLISM_OF_VITAMINS_AND_COFACTORS",0.292181069958848,0.472017664187905,0.165656695205483,-0.228499733554327,-1.0503075749564,189,"reactome","Clps; Enpp2; Gpc6; Akr1b8; Gpihbp1; Nadk2; Slc5a6; Gsto2; Vkorc1l1; Coq2; Pts; Nmrk1; Ppcdc; Pdss1; Coq6; Cd38; Bst1; Agrn; Coq3; Retsat; Gch1; Acp5; Mmadhc; Ttpa; Qprt; Rbp1; Coq4; Stard7; Akr1c18; Akr1c6; Gchfr; Cd320; Slc2a3; Spr; Ttr; Ppcs; Slc5a8; Slc25a16; Abcc1; Pank3; Calm1; Pcx; Nmnat3; Tpk1; Slc2a1; Mthfd1l; Mthfd2l; Slc19a1; Flad1; Folr2; Nadsyn1; Hspg2; Vnn1; Apoa1; Mthfs; Apoc2; Apom; Ldlr; Pnpo; Naprt","liver","RR-8","GLDS-379","Stat_(Space Flight & 22 to 23 day & On ISS & Carcass & 10 to 12 week)v(Ground Control & 24 day & On Earth & Carcass & 10 to 12 week)",1,"flight_positive"
"REACTOME_METABOLISM_OF_WATER_SOLUBLE_VITAMINS_AND_COFACTORS",0.357771260997067,0.543042881851255,0.080419996876154,0.262820170171391,1.04212600893058,118,"reactome","Try4; Acacb; Parp6; Mmab; Pank2; Nmrk2; Mocos; Nt5e; Slc23a1; Mtr; Dcakd; Fpgs; Gphn; Mthfr; Btd; Slc25a51; Aldh1l2; Cyb5r3; Slc25a19; Enpp3; Mthfd2; Amn; Slc46a1; Cyb5a; Mocs3; Fasn","liver","RR-8","GLDS-379","Stat_(Space Flight & 22 to 23 day & On ISS & Carcass & 10 to 12 week)v(Ground Control & 24 day & On Earth & Carcass & 10 to 12 week)",1,"flight_positive"
"REACTOME_METALLOPROTEASE_DUBS",0.768695652173913,0.834389681387204,0.0513223330421143,0.257128239791526,0.815418864486061,33,"reactome","Stam; Stambp; Abraxas2; Ubb; Babam2; Kat2b; Uimc1","liver","RR-8","GLDS-379","Stat_(Space Flight & 22 to 23 day & On ISS & Carcass & 10 to 12 week)v(Ground Control & 24 day & On Earth & Carcass & 10 to 12 week)",1,"flight_positive"
"REACTOME_METAL_ION_SLC_TRANSPORTERS",0.188073394495413,0.375806692436584,0.153158808683073,-0.38724640016821,-1.21078376494193,24,"reactome","Slc39a2; Heph; Slc39a4; Slc40a1; Slc39a3; Slc30a1; Slc11a1; Slc39a10; Slc39a1; Slc30a5; Slc31a1","liver","RR-8","GLDS-379","Stat_(Space Flight & 22 to 23 day & On ISS & Carcass & 10 to 12 week)v(Ground Control & 24 day & On Earth & Carcass & 10 to 12 week)",1,"flight_positive"
"REACTOME_MET_ACTIVATES_PTK2_SIGNALING",0.0410995470875407,0.163310701688604,0.321775918075361,-0.442905229126623,-1.47309199918691,30,"reactome","Lama2; Lamc3; Lamb2; Lama1; Col1a2; Col3a1; Lamb1; Col1a1; Lama4; Hgf; Itga2; Itgb1; Src; Lama3; Lama5; Met; Col5a2","liver","RR-8","GLDS-379","Stat_(Space Flight & 22 to 23 day & On ISS & Carcass & 10 to 12 week)v(Ground Control & 24 day & On Earth & Carcass & 10 to 12 week)",1,"flight_positive"
"REACTOME_MET_PROMOTES_CELL_MOTILITY",0.138686131386861,0.318603274807654,0.186432558434075,-0.34383765259084,-1.22674879878324,41,"reactome","Lama2; Lamc3; Lamb2; Lama1; Col1a2; Rap1b; Rap1a; Col3a1; Lamb1; Col1a1; Lama4; Hgf; Itga2; Itgb1; Tns3; Src; Lama3; Lama5; Met; Col5a2; Dock7","liver","RR-8","GLDS-379","Stat_(Space Flight & 22 to 23 day & On ISS & Carcass & 10 to 12 week)v(Ground Control & 24 day & On Earth & Carcass & 10 to 12 week)",1,"flight_positive"
"REACTOME_MHC_CLASS_II_ANTIGEN_PRESENTATION",0.395314787701318,0.578338044376413,0.0751181635276301,0.261613660018755,1.02516508552119,109,"reactome","Tuba8; Canx; Ap1m1; Kif20a; Sec24b; Ctsl; Dnm2; Kif3a; Tubb2a; Rab7; Tuba4a; Ctsc; Klc1; Clta; Kif3b; Kif5b; Rilp; H2-Ab1; Capza2; Kif2c; Capzb; Kif2a; Dctn1; Tubb4b","liver","RR-8","GLDS-379","Stat_(Space Flight & 22 to 23 day & On ISS & Carcass & 10 to 12 week)v(Ground Control & 24 day & On Earth & Carcass & 10 to 12 week)",1,"flight_positive"
"REACTOME_MICRORNA_MIRNA_BIOGENESIS",0.353211009174312,0.538342296741537,0.107140237276725,-0.344877712272397,-1.07831172795499,24,"reactome","Polr2h; Polr2k; Polr2f; Polr2g; Polr2l; Polr2i; Polr2d; Ran; Tarbp2","liver","RR-8","GLDS-379","Stat_(Space Flight & 22 to 23 day & On ISS & Carcass & 10 to 12 week)v(Ground Control & 24 day & On Earth & Carcass & 10 to 12 week)",1,"flight_positive"
"REACTOME_MISCELLANEOUS_TRANSPORT_AND_BINDING_EVENTS",0.603211009174312,0.710605719762915,0.0764767053228531,-0.29078748674998,-0.909190551163822,24,"reactome","Tusc3; Magt1; Slc66a1; Nipa1; Mmgt1; Nipal1; Nipa2; Lrrc8e","liver","RR-8","GLDS-379","Stat_(Space Flight & 22 to 23 day & On ISS & Carcass & 10 to 12 week)v(Ground Control & 24 day & On Earth & Carcass & 10 to 12 week)",1,"flight_positive"
"REACTOME_MISMATCH_REPAIR",0.0368252377235227,0.15071069512775,0.321775918075361,0.597922946695006,1.54707104912622,15,"reactome","Msh6; Msh3; Pold3; Mlh1; Pms2; Lig1; Msh2; Pold4","liver","RR-8","GLDS-379","Stat_(Space Flight & 22 to 23 day & On ISS & Carcass & 10 to 12 week)v(Ground Control & 24 day & On Earth & Carcass & 10 to 12 week)",1,"flight_positive"
"REACTOME_MITF_M_DEPENDENT_GENE_EXPRESSION",0.00374665314353858,0.0340064624180764,0.431707695803346,0.400097843399059,1.56748988885789,107,"reactome","Cdkn1a; Dpf2; Smarcc2; Dicer1; Usp46; Smarce1; Akt2; Sin3a; Ss18l1; Ago1; Smarcd1; Tcf7l2; Arid1a; Tnrc6c; Dpf3; Rab27a; Ceacam1; Zeb1; Tcf7l1; Bcl7a; Lig1; Tnrc6b; Smarca4; Arid1b; Cdc25b; Creb1; Ss18; Cdk2; Ago2; Plk1; Atp6v0a1; Mov10; Ppargc1a; Smarcc1; Mcm5; Actb; Smarca2; Tcf7; Diaph1; Gxylt2; Atp6v0c; Smarcd3; Pxn; Ago4; Tnrc6a; Cdh2","liver","RR-8","GLDS-379","Stat_(Space Flight & 22 to 23 day & On ISS & Carcass & 10 to 12 week)v(Ground Control & 24 day & On Earth & Carcass & 10 to 12 week)",1,"flight_positive"
"REACTOME_MITF_M_REGULATED_MELANOCYTE_DEVELOPMENT",0.00116348560673193,0.0147776045452734,0.45505986738723,0.387753724284705,1.58338848551716,147,"reactome","Cdkn1a; Dpf2; Crebbp; Smarcc2; Ywhae; Ube2i; Dicer1; Usp46; Smarce1; Akt2; Sin3a; Ss18l1; Ago1; Smarcd1; Tcf7l2; Arid1a; Ywhah; Tfe3; Tnrc6c; Ywhaz; Dpf3; Rab27a; Ceacam1; Zeb1; Tcf7l1; Bcl7a; Tbx3; Lig1; Tnrc6b; Smarca4; Arid1b; Cdc25b; Creb1; Mc5r; Ss18; Cdk2; Ago2; Mark3; Plk1; Atp6v0a1; Mapk3; Akt3; Mov10; Ppargc1a; Smarcc1; Pax3","liver","RR-8","GLDS-379","Stat_(Space Flight & 22 to 23 day & On ISS & Carcass & 10 to 12 week)v(Ground Control & 24 day & On Earth & Carcass & 10 to 12 week)",1,"flight_positive"
"REACTOME_MITOCHONDRIAL_BIOGENESIS",0.00118230107927625,0.0148459396886393,0.45505986738723,0.456191674346335,1.70662540587606,77,"reactome","Nrf1; Ncor1; Tbl1xr1; Crebbp; Ncoa6; Gabpa; Usp46; Hcfc1; Perm1; Hdac3; Atf2; Acss2; Gabpb1; Ncoa1; Crtc3; Sirt4; Tfb2m; Tmem11; Med1; Ncoa2; Creb1; Micos10; Carm1; Dnajc11; Ppargc1a; Pprc1; Mtx2; Chd9; Crtc1; Mef2d; Helz2; Mef2c; Prkag2","liver","RR-8","GLDS-379","Stat_(Space Flight & 22 to 23 day & On ISS & Carcass & 10 to 12 week)v(Ground Control & 24 day & On Earth & Carcass & 10 to 12 week)",1,"flight_positive"
"REACTOME_MITOCHONDRIAL_CALCIUM_ION_TRANSPORT",0.914893617021277,0.937808392215687,0.0442407423477375,0.238175722508431,0.682176767829457,22,"reactome","Mcu; Slc8b1; Akap1; Spg7; Letm1; Slc8a3; Vdac1; Pmpca; Vdac2; Stoml2; Micu1","liver","RR-8","GLDS-379","Stat_(Space Flight & 22 to 23 day & On ISS & Carcass & 10 to 12 week)v(Ground Control & 24 day & On Earth & Carcass & 10 to 12 week)",1,"flight_positive"
"REACTOME_MITOCHONDRIAL_FATTY_ACID_BETA_OXIDATION",0.000424497945478498,0.00651486430213528,0.49849310876659,-0.540922012898489,-1.87191184381629,38,"reactome","Acad10; Echs1; Mcat; Ndufab1; Acads; Eci1; Acadvl; Acaa2; Hadhb; Hadh; Acot12; Acot9; Decr1; Them4","liver","RR-8","GLDS-379","Stat_(Space Flight & 22 to 23 day & On ISS & Carcass & 10 to 12 week)v(Ground Control & 24 day & On Earth & Carcass & 10 to 12 week)",1,"flight_positive"
"REACTOME_MITOCHONDRIAL_PROTEIN_DEGRADATION",0.000635333254129273,0.00877554057266059,0.477270815362862,-0.4295761488476,-1.74302107229925,84,"reactome","Ndufb6; Ndufa2; Timm10; Timm9; Ndufv1; Eci1; Cox5a; Chchd2; Slc25a5; Ndufs3; Cox4i1; Nadk2; Yme1l1; Ech1; Uqcrq; Hadh; Cox5b; Glud1; Me2; Stard7; Acad8; Clpp; Aldh1b1; Acat1; Bdh1; Triap1; App; Smdt1; Ndufv3; Pdhb","liver","RR-8","GLDS-379","Stat_(Space Flight & 22 to 23 day & On ISS & Carcass & 10 to 12 week)v(Ground Control & 24 day & On Earth & Carcass & 10 to 12 week)",1,"flight_positive"
"REACTOME_MITOCHONDRIAL_PROTEIN_IMPORT",9.07442346765903e-05,0.00203277948928283,0.538434096309916,-0.504758779539514,-1.94566685585069,61,"reactome","Timm10; Hscb; Timm9; Timm8a1; Coa6; Chchd2; Timm10b; Grpel1; Timm13; Chchd4; Ndufb8; Timm50; Cox19; Timm8b; Otc; Tafazzin; Coq2; Slc25a13; Cox17; Tomm5; Dnajc19; Tomm7; Cyc1; Pam16; Tomm70a","liver","RR-8","GLDS-379","Stat_(Space Flight & 22 to 23 day & On ISS & Carcass & 10 to 12 week)v(Ground Control & 24 day & On Earth & Carcass & 10 to 12 week)",1,"flight_positive"
"REACTOME_MITOCHONDRIAL_TRANSLATION",8.42625349661712e-06,0.000251648921993565,0.593325476396405,-0.455842662504585,-1.87871431989803,93,"reactome","Dap3; Mrpl36; Mrps16; Mrpl44; Mrps24; Mrpl53; Mrps6; Mrpl18; Mrps18a; Mrpl17; Mrpl13; Mrps9; Mrpl55; Mrpl28; Mrpl30; Mrpl27; Mrpl52; Mrps14; Mrpl33; Mrpl47; Mrpl1; Mrps17; Mrpl3; Mrps23; Mrps22; Mrps11; Eral1; Mrpl11; Chchd1; Mrpl2; Mrpl20; Mrpl14; Mrpl48; Mrpl24; Mrps18c; Mrps28; Mrpl19; Mrpl9; Mrpl41; Mrpl58; Mrpl10; Gadd45gip1","liver","RR-8","GLDS-379","Stat_(Space Flight & 22 to 23 day & On ISS & Carcass & 10 to 12 week)v(Ground Control & 24 day & On Earth & Carcass & 10 to 12 week)",1,"flight_positive"
"REACTOME_MITOCHONDRIAL_TRNA_AMINOACYLATION",0.107476635514019,0.278130403379369,0.208955027549354,-0.463999366388646,-1.33728746546973,18,"reactome","Mars2; Ppa2; Nars2; Hars2; Yars2; Ears2","liver","RR-8","GLDS-379","Stat_(Space Flight & 22 to 23 day & On ISS & Carcass & 10 to 12 week)v(Ground Control & 24 day & On Earth & Carcass & 10 to 12 week)",1,"flight_positive"
"REACTOME_MITOCHONDRIAL_UNFOLDED_PROTEIN_RESPONSE_UPRMT",0.464864864864865,0.627198627198627,0.0774767547848578,0.381590544149761,0.999332798621173,16,"reactome","Nrf1; Hsf1; Akt1; Dnaja1; Esr1; Atf5; Lonp1","liver","RR-8","GLDS-379","Stat_(Space Flight & 22 to 23 day & On ISS & Carcass & 10 to 12 week)v(Ground Control & 24 day & On Earth & Carcass & 10 to 12 week)",1,"flight_positive"
"REACTOME_MITOPHAGY",0.790969899665552,0.853536854619565,0.0482149710025564,0.241348605992869,0.795815843551359,39,"reactome","Mfn1; Tbk1; Ube2n; Csnk2b; Ube2l3; Ubb; Ube2v1; Tomm6; Optn; Csnk2a2; Sqstm1","liver","RR-8","GLDS-379","Stat_(Space Flight & 22 to 23 day & On ISS & Carcass & 10 to 12 week)v(Ground Control & 24 day & On Earth & Carcass & 10 to 12 week)",1,"flight_positive"
"REACTOME_MITOTIC_G1_PHASE_AND_G1_S_TRANSITION",0.263522884882108,0.447988904299584,0.0943563635421779,0.269038659603296,1.09686588982255,137,"reactome","Cdkn1a; Mcm7; Rbl2; Ppp2r1b; E2f4; Ppp2r1a; Abl1; Akt2; Lin9; Dyrk1a; Dbf4; Psmd11; Pola2; Lin37; Cdk6; Pole3; Ubb; Psmd7; Ppp2r2a; Sem1; Lin54; Max; Lin52; Psma4; Jak2; Cdk2; Rb1; Fbxo5; Psmc3; Rrm2; Akt3; Pole; Psmb2; Mcm5; Pole2; Cdk4; Tfdp2; Cdk1; Akt1; Psmc1","liver","RR-8","GLDS-379","Stat_(Space Flight & 22 to 23 day & On ISS & Carcass & 10 to 12 week)v(Ground Control & 24 day & On Earth & Carcass & 10 to 12 week)",1,"flight_positive"
"REACTOME_MITOTIC_G2_G2_M_PHASES",0.000117406107503575,0.00244780658097076,0.538434096309916,0.387356512393829,1.61963912085877,183,"reactome","Cdkn1a; Odf2; Ppp1r12a; Tuba8; Rab8a; Cenpj; Ywhae; Ppp2r1b; Ppp2r1a; Cep135; Lin9; Hsp90ab1; Psmd11; Cep57; Tubb2a; Aurka; Fkbpl; Lin37; Tuba4a; Csnk1d; Pcnt; Cep250; Cep164; Ubb; Haus7; Psmd7; Ppp2r2a; Ajuba; Akap9; Ckap5; Ppme1; Sem1; Lin54; Cdc25b; Clasp1; Cdk5rap2; Lin52; Psma4; Nde1; Cdk2; Cdk11b; Fbxl18; Alms1; Cep131; Psmc3; Plk1; Cep78; Pcm1; Optn; Tpx2; Prkaca; Dctn1; Tubb4b; Psmb2; Sgo1; Ofd1; Btrc; Cdk1; Mapre1; Psmc1; Cep63; Pafah1b1; Hmmr; Dynll1; Dync1h1; Cep290; Cdc25a; Cenpf; Csnk1e; Psmc4; Pkmyt1; Psmd3; Haus3; Tubgcp4; Cep152; Tuba1b; Tubg1; Tubg2","liver","RR-8","GLDS-379","Stat_(Space Flight & 22 to 23 day & On ISS & Carcass & 10 to 12 week)v(Ground Control & 24 day & On Earth & Carcass & 10 to 12 week)",1,"flight_positive"
"REACTOME_MITOTIC_METAPHASE_AND_ANAPHASE",0.0345285524568393,0.14183661882828,0.282013350011725,0.310996648134796,1.31622742416012,213,"reactome","Tuba8; Ube2i; Ppp2r1b; Ppp2r1a; Smc1a; Cdc27; Wapl; Ndel1; Anapc1; Ube2s; Nudc; Psmd11; Tubb2a; Zwilch; Ppp2r5c; Nup98; Ahctf1; Tuba4a; Chmp6; Ubb; Psmd7; Chmp3; Zwint; Ppp2r2a; Cc2d1b; Ckap5; Smc3; Sem1; Kpnb1; Clasp1; Taok1; Anapc5; Psma4; Ppp2r5d; Nde1; Spdl1; Cenpm; Vps4a; Fbxo5; Kif2c; Psmc3; Chmp4b; Plk1; Ndc1; Cenps; Kif2a; Pom121; Tubb4b; Psmb2; Sgo1; Cdca8; Nup93; Cdk1; Mad1l1; Mapre1; Ankle2; Psmc1; Pafah1b1; Anapc7; Lmnb1; Dynll1; Dync1h1; Clip1; Birc5; Cenpf; Psmc4; Hdac8; Psmd3; Bub1b; Pmf1; Knl1; Cenpn; Anapc4; Rad21; Tuba1b; Pds5b; Ube2d1; Psmd12; Emd; Mad2l1; Aurkb; Cdca5; Cenpo; Spast; Adrm1; Psmd1; Mis12; Chmp7; Nup160","liver","RR-8","GLDS-379","Stat_(Space Flight & 22 to 23 day & On ISS & Carcass & 10 to 12 week)v(Ground Control & 24 day & On Earth & Carcass & 10 to 12 week)",1,"flight_positive"
"REACTOME_MITOTIC_PROMETAPHASE",1.28366188551446e-05,0.000354611595873369,0.593325476396405,0.41247623118982,1.73291961902604,194,"reactome","Odf2; Numa1; Tuba8; Cenpj; Ywhae; Ppp2r1b; Ppp2r1a; Cep135; Smc1a; Wapl; Ndel1; Nudc; Ncapd2; Cep57; Tubb2a; Zwilch; Ppp2r5c; Nup98; Ahctf1; Tuba4a; Csnk1d; Pcnt; Cep250; Cep164; Csnk2b; Smc2; Haus7; Zwint; Akap9; Ckap5; Smc3; Clasp1; Cdk5rap2; Taok1; Ppp2r5d; Nde1; Spdl1; Cenpm; Eml4; Alms1; Kif2c; Cep131; Plk1; Cep78; Pcm1; Prkaca; Cenps; Kif2a; Ncaph; Csnk2a2; Dctn1; Tubb4b; Sgo1; Ofd1; Cdca8; Cdk1; Mad1l1; Mapre1; Cep63; Pafah1b1; Dynll1; Dync1h1; Cep290; Clip1; Birc5; Cenpf; Csnk1e; Hdac8; Bub1b; Pmf1; Haus3; Knl1; Cenpn; Tubgcp4; Rad21; Cep152; Tuba1b; Tubg1; Pds5b; Tubg2","liver","RR-8","GLDS-379","Stat_(Space Flight & 22 to 23 day & On ISS & Carcass & 10 to 12 week)v(Ground Control & 24 day & On Earth & Carcass & 10 to 12 week)",1,"flight_positive"
"REACTOME_MITOTIC_PROPHASE",0.702467343976778,0.788847982819451,0.0471642455670861,0.224401167131517,0.89307706430264,120,"reactome","Numa1; Blzf1; Ppp2r1b; Ppp2r1a; Kmt5a; Tpr; Set; Aaas; Golga2; Nup98; Smc2; Gorasp2; Ppp2r2d; Lpin1; Nup50; Rb1; Nup153; Plk1; Mapk3; Rae1; Ndc1; Pom121; Nup93; Cdk1; Ctdnep1; H2az2; H3c8; Lmnb1","liver","RR-8","GLDS-379","Stat_(Space Flight & 22 to 23 day & On ISS & Carcass & 10 to 12 week)v(Ground Control & 24 day & On Earth & Carcass & 10 to 12 week)",1,"flight_positive"
"REACTOME_MITOTIC_SPINDLE_CHECKPOINT",0.0527086383601757,0.189716760221479,0.237793834423688,0.339979807204759,1.33225240648198,109,"reactome","Ppp2r1b; Ppp2r1a; Cdc27; Ndel1; Anapc1; Ube2s; Nudc; Zwilch; Ppp2r5c; Nup98; Ahctf1; Zwint; Ckap5; Clasp1; Taok1; Anapc5; Ppp2r5d; Nde1; Spdl1; Cenpm; Kif2c; Plk1; Cenps; Kif2a; Sgo1; Cdca8; Mad1l1; Mapre1; Pafah1b1; Anapc7; Dynll1; Dync1h1; Clip1; Birc5; Cenpf; Bub1b; Pmf1; Knl1; Cenpn; Anapc4; Ube2d1; Mad2l1; Aurkb; Cenpo","liver","RR-8","GLDS-379","Stat_(Space Flight & 22 to 23 day & On ISS & Carcass & 10 to 12 week)v(Ground Control & 24 day & On Earth & Carcass & 10 to 12 week)",1,"flight_positive"
"REACTOME_MODULATION_OF_HOST_RESPONSES_BY_IFN_STIMULATED_GENES",0.0957943925233645,0.261364947502019,0.222056046145248,-0.46887939443228,-1.35135214056763,18,"reactome","Ifi44l; Ifi44; Ifi27; Hspa5; Isg15; Uba7; Chuk","liver","RR-8","GLDS-379","Stat_(Space Flight & 22 to 23 day & On ISS & Carcass & 10 to 12 week)v(Ground Control & 24 day & On Earth & Carcass & 10 to 12 week)",1,"flight_positive"
"REACTOME_MOLECULES_ASSOCIATED_WITH_ELASTIC_FIBRES",0.0218030763245061,0.103516903592794,0.352487857583619,-0.439315728889854,-1.51674890025382,36,"reactome","Fbn2; Ltbp2; Fbln5; Bmp2; Itgav; Ltbp1; Emilin1; Itga8; Ltbp4; Fbn1; Itgb1; Ltbp3; Eln; Mfap3","liver","RR-8","GLDS-379","Stat_(Space Flight & 22 to 23 day & On ISS & Carcass & 10 to 12 week)v(Ground Control & 24 day & On Earth & Carcass & 10 to 12 week)",1,"flight_positive"
"REACTOME_MRNA_CAPPING",0.210900473933649,0.402208808102731,0.14641623786055,-0.356075861008432,-1.16928799065858,29,"reactome","Polr2h; Mnat1; Polr2k; Polr2f; Polr2g; Gtf2h5; Polr2l; Polr2i; Polr2d; Rnmt","liver","RR-8","GLDS-379","Stat_(Space Flight & 22 to 23 day & On ISS & Carcass & 10 to 12 week)v(Ground Control & 24 day & On Earth & Carcass & 10 to 12 week)",1,"flight_positive"
"REACTOME_MRNA_DECAY_BY_5_TO_3_EXORIBONUCLEASE",0.497237569060773,0.643248150818446,0.0751181635276301,0.383239062597119,0.991596094305283,15,"reactome","Patl1; Lsm1; Dcp1a; Lsm2; Lsm4; Lsm6; Dcp1b","liver","RR-8","GLDS-379","Stat_(Space Flight & 22 to 23 day & On ISS & Carcass & 10 to 12 week)v(Ground Control & 24 day & On Earth & Carcass & 10 to 12 week)",1,"flight_positive"
"REACTOME_MRNA_SPLICING",2.88417409206661e-11,2.89728397430328e-09,0.863415391606693,0.501344856190423,2.12199386207384,211,"reactome","Zrsr2; Ppig; Srsf5; Isy1; Nsrp1; Acin1; Casc3; Cwc22; Aqr; U2surp; Wbp11; Prcc; Hnrnpc; Rbm17; Snrpd3; Ncbp2; Hnrnph2; Dhx35; Dnajc8; Prkrip1; Bud13; Hnrnpu; Pqbp1; Prpf6; Ik; Gpatch1; BC005624; Cdc5l; Slu7; Zfp830; Dhx16; Nkap; Srsf1; Snrpa; Ddx42; Tcerg1; Srrm1; Cwc27; Sf1; Zmat2; Fus; Ddx23; Mfap1a; Wbp4; Dhx8; Gtf2f1; Gpkow; Luc7l3; Leng1; Prpf40a; Ybx1; U2af1; Srrm2; Cwc25; Snrpc; Ddx5; Cwc15; Sf3b3; Srrt; Rbm10; Pnn; Prpf3; Tra2b; Dhx38; Upf3b; Cwf19l2; Sf3a1; Ptbp1; Sf3b2; Bcas2; Sugp1; Sf3a2; Prpf31; Ubl5; Snrnp48; Rbm22; Srsf4; Crnkl1; Rbm8a; Txnl4a; Fam32a; Snrpf; Ppp1r8; Snrpd1; Ppil4; Srsf2; Lsm2; Rbm5; Snrnp35; Xab2; Polr2c; Sf3a3; Fam50a; Polr2b; Hspa8; Ncbp1; Hnrnpr; Prpf4b; Yju2; Sart1; Snrpn; Pdcd7; Cherp","liver","RR-8","GLDS-379","Stat_(Space Flight & 22 to 23 day & On ISS & Carcass & 10 to 12 week)v(Ground Control & 24 day & On Earth & Carcass & 10 to 12 week)",1,"flight_positive"
"REACTOME_MRNA_SPLICING_MINOR_PATHWAY",0.268370607028754,0.449999272787213,0.101713902282311,0.326911540498636,1.12742449908281,50,"reactome","Zrsr2; Snrpd3; Ncbp2; Prpf6; Srsf1; Ddx42; Ddx23; Gtf2f1; Ybx1; Sf3b3; Sf3b2; Snrnp48; Txnl4a; Snrpf; Snrpd1; Srsf2; Snrnp35; Polr2c; Polr2b; Ncbp1; Pdcd7","liver","RR-8","GLDS-379","Stat_(Space Flight & 22 to 23 day & On ISS & Carcass & 10 to 12 week)v(Ground Control & 24 day & On Earth & Carcass & 10 to 12 week)",1,"flight_positive"
"REACTOME_MTORC1_MEDIATED_SIGNALLING",0.625441696113074,0.727487446531523,0.0617054053637522,0.302727080088961,0.893011670179819,24,"reactome","Mlst8; Fkbp1a; Rps6kb1; Rptor; Eif4b; Eif4g1","liver","RR-8","GLDS-379","Stat_(Space Flight & 22 to 23 day & On ISS & Carcass & 10 to 12 week)v(Ground Control & 24 day & On Earth & Carcass & 10 to 12 week)",1,"flight_positive"
"REACTOME_MTOR_SIGNALLING",0.3248730964467,0.509198257551211,0.0937465422491719,0.325286851423267,1.07798386306439,41,"reactome","Mlst8; Akt2; Stk11; Fkbp1a; Rps6kb1; Tsc2; Tsc1; Rptor; Eif4b; Eif4g1; Prkag2; Akt1; Rragb; Prkab2; Cab39; Strada; Prkab1","liver","RR-8","GLDS-379","Stat_(Space Flight & 22 to 23 day & On ISS & Carcass & 10 to 12 week)v(Ground Control & 24 day & On Earth & Carcass & 10 to 12 week)",1,"flight_positive"
"REACTOME_MUSCLE_CONTRACTION",9.43494995603248e-08,5.38442980854918e-06,0.704975715167238,0.452813315514949,1.89818973148893,190,"reactome","Tnnc1; Ryr1; Ttn; Scn4a; Hipk2; Tln1; Actn2; Atp1a2; Hipk1; Fxyd6; Tnnt1; Tnni2; Tpm2; Casq2; Atp2a1; Tnnt3; Mylpf; Mybpc1; Ahcyl1; Myh6; Acta1; Sorbs1; Camk2a; Myl1; Trim72; Nos1; Scn4b; Myl12b; Tnnc2; Mybpc2; Cacnb1; Des; Trdn; Cacng6; Cacna2d2; Tcap; Tmod4; Itpr2; Casq1; Tpm1; Akap9; Kat2b; Myl2; Fgf11; Neb; Atp2b2; Camk2b; Atp1b1; Tnni1; Kcna5; Scn2b; Atp2b1; Stim1; Mylk; Camk2g; Myl6b; Tmod3; Cald1; Actn3; Camk2d; Tmod1; Aldh2; Prkaca","liver","RR-8","GLDS-379","Stat_(Space Flight & 22 to 23 day & On ISS & Carcass & 10 to 12 week)v(Ground Control & 24 day & On Earth & Carcass & 10 to 12 week)",1,"flight_positive"
"REACTOME_MYD88_INDEPENDENT_TLR4_CASCADE",0.000227618783359566,0.0041799506432178,0.518848077743792,0.440136530146709,1.72472876048026,109,"reactome","Tab2; Saa2; Saa1; Rela; Traf6; N4bp1; Irak1; Atf1; Ppp2r1b; Ppp2r1a; Birc3; Atf2; Jun; Hmgb1; Fadd; Nkiras1; Tbk1; Ly96; Ube2n; Ubb; Nod1; Tab3; Map2k7; Ripk1; Ptpn11; Creb1; Ppp2r5d; Ube2v1; Map3k7; Fos; Tank; Mapkapk3; Traf3; Optn; Mapk3; Tnip2; Ikbkg; Nfkbib; Mapk8; Irf3; Vrk3; Btrc; Map2k4; Mapk9; Mef2c","liver","RR-8","GLDS-379","Stat_(Space Flight & 22 to 23 day & On ISS & Carcass & 10 to 12 week)v(Ground Control & 24 day & On Earth & Carcass & 10 to 12 week)",1,"flight_positive"
"REACTOME_MYOGENESIS",0.120629370629371,0.291674955241695,0.16823816568964,0.426321344345037,1.29983947117726,28,"reactome","Tcf12; Abl1; Tcf4; Myf6; Spag9; Cdh15; Ctnna1; Mef2d; Mef2c; Cdh2; Myog; Cdon; Myod1; Ctnna2; Neo1; Mef2a; Tcf3","liver","RR-8","GLDS-379","Stat_(Space Flight & 22 to 23 day & On ISS & Carcass & 10 to 12 week)v(Ground Control & 24 day & On Earth & Carcass & 10 to 12 week)",1,"flight_positive"
"REACTOME_M_DECAY_DEGRADATION_OF_MATERNAL_MRNAS_BY_MATERNALLY_STORED_FACTORS",0.0940766550522648,0.258593790628738,0.191892240384838,0.439272400317636,1.35726564412377,30,"reactome","Cnot1; Dicer1; Cnot4; Rps2; Pabpc1; Ago2; Cnot3; Eif4b; Eif4g1; Cnot2; Cnot11; Cnot6l","liver","RR-8","GLDS-379","Stat_(Space Flight & 22 to 23 day & On ISS & Carcass & 10 to 12 week)v(Ground Control & 24 day & On Earth & Carcass & 10 to 12 week)",1,"flight_positive"
"REACTOME_M_PHASE",0.00112973524408462,0.0145157842408547,0.45505986738723,0.316701990505298,1.42375020089701,371,"reactome","Odf2; Numa1; Tuba8; Cenpj; Ywhae; Ube2i; Blzf1; Ppp2r1b; Ppp2r1a; Kmt5a; Cep135; Tpr; Smc1a; Kif20a; Cdc27; Wapl; Ndel1; Set; Aaas; Anapc1; Golga2; Ube2s; Nudc; Ncapd2; Psmd11; Cep57; Tubb2a; Zwilch; Ppp2r5c; Nup98; Ahctf1; Tuba4a; Csnk1d; Pcnt; Cep250; Cep164; Chmp6; Csnk2b; Smc2; Ubb; Gorasp2; Haus7; Ppp2r2d; Psmd7; Chmp3; Zwint; Ppp2r2a; Cc2d1b; Akap9; Ckap5; Smc3; Lpin1; Sem1; Kpnb1; Clasp1; Nup50; Cdk5rap2; Taok1; Anapc5; Psma4; Ppp2r5d; Nipbl; Nde1; Spdl1; Cenpm; Vps4a; Rb1; Eml4; Nup153; Alms1; Fbxo5; Kif2c; Cep131; Psmc3; Chmp4b; Plk1; Cep78; Pcm1; Mapk3; Rae1; Prkaca; Ndc1; Cenps; Kif2a; Ncaph; Csnk2a2; Dctn1; Pom121; Tubb4b; Psmb2; Sgo1; Ofd1; Cdca8; Nup93; Cdk1; Mad1l1; Mapre1; Ctdnep1; Ankle2; H2az2; Psmc1; Cep63; Pafah1b1; Anapc7; H3c8; Lmnb1; Dynll1; Dync1h1; Cep290; Clip1; Birc5; Cenpf; Ncapg2; Csnk1e; Psmc4; Hdac8; Prkca; Psmd3; Nup88; Ensa; Bub1b; Pmf1; Haus3; Knl1; Cenpn; Tubgcp4; Anapc4; Rad21; Cep152; H2bc18; Tuba1b; Tubg1; Pds5b; Tubg2; Ube2d1","liver","RR-8","GLDS-379","Stat_(Space Flight & 22 to 23 day & On ISS & Carcass & 10 to 12 week)v(Ground Control & 24 day & On Earth & Carcass & 10 to 12 week)",1,"flight_positive"
"REACTOME_NA_CL_DEPENDENT_NEUROTRANSMITTER_TRANSPORTERS",0.385650224215247,0.570322580645161,0.10027910675413,-0.369758556172781,-1.06072083742287,17,"reactome","Slc18a2; Slc6a19; Slc6a7","liver","RR-8","GLDS-379","Stat_(Space Flight & 22 to 23 day & On ISS & Carcass & 10 to 12 week)v(Ground Control & 24 day & On Earth & Carcass & 10 to 12 week)",1,"flight_positive"
"REACTOME_NCAM1_INTERACTIONS",0.104368932038835,0.276635834189791,0.216542836735348,-0.364149799413224,-1.28502502875183,40,"reactome","Col4a4; Agrn; Col4a5; Ncam1; Col3a1; St8sia4; Col4a3; Cacnb3; St8sia2; Col6a1; Gfra2; Col6a2; Col5a2; Col6a6; Cacna1i; Col9a3; Col6a3; Col6a5","liver","RR-8","GLDS-379","Stat_(Space Flight & 22 to 23 day & On ISS & Carcass & 10 to 12 week)v(Ground Control & 24 day & On Earth & Carcass & 10 to 12 week)",1,"flight_positive"
"REACTOME_NCAM_SIGNALING_FOR_NEURITE_OUT_GROWTH",0.287925696594427,0.468568328036586,0.0956031492204301,0.304161835859662,1.08579084436818,61,"reactome","Sptb; Cacna1s; Ptpra; Spta1; Cacnb1; Nras; Ptk2; Creb1; Sptan1; Sos1; Kras; Mapk3; Nrtn; Cacnb2; Grb2","liver","RR-8","GLDS-379","Stat_(Space Flight & 22 to 23 day & On ISS & Carcass & 10 to 12 week)v(Ground Control & 24 day & On Earth & Carcass & 10 to 12 week)",1,"flight_positive"
"REACTOME_NEDDYLATION",0.438320209973753,0.612318371707961,0.0645031249656493,0.233817520208711,1.00259254060909,230,"reactome","Asb18; Asb7; Cdkn1a; Klhl41; Dcun1d3; Dcun1d1; Fbxo11; Gan; Ube2m; Psmd11; Fbxw7; Asb11; Nub1; Asb15; Ubb; Fbxo40; Btbd1; Asb12; Psmd7; Sem1; Asb10; Ubxn7; Zbtb16; Kctd6; Psma4; Rbbp5; Ankrd9; Cop1; Asb2; Fbxl18; Wsb1; Dcaf5; Psmc3; Ube2f; Ccnf; Commd9; Fbxo22; Mul1; Asb14; Klhl20; Asb5; Asb13; Nae1; Fbxw2; Psmb2; Sqstm1; Nploc4; Wdtc1; Asb16; Cops2; Dcaf4; Btrc; Socs6; Dcun1d4; Fem1a; Psmc1; Kbtbd13; Fbxl22; Asb6; Keap1; Birc5; Senp8; Asb4; Wsb2; Psmc4; Psmd3; Cish; Cops7b; Fem1b; Fbxl20; Ube2d1; Dcaf6; Socs2; Cul5; Psmd12; Spsb3; Fbxo32; Spsb1; Spsb2; Klhl11; Adrm1; Dtl; Psmd1; Lrr1; Spsb4; Lmo7; Vcp; Nedd8; Ddb2; Cul3; Btbd6; Fbxo31; Klhl22; Fbxl14; Dcaf11; Fbxo6","liver","RR-8","GLDS-379","Stat_(Space Flight & 22 to 23 day & On ISS & Carcass & 10 to 12 week)v(Ground Control & 24 day & On Earth & Carcass & 10 to 12 week)",1,"flight_positive"
"REACTOME_NEF_MEDIATES_DOWN_MODULATION_OF_CELL_SURFACE_RECEPTORS_BY_RECRUITING_THEM_TO_CLATHRIN_ADAPTERS",0.458904109589041,0.625752599890531,0.0911073131586733,-0.330688196023712,-1.00590781600244,21,"reactome","Atp6v1h; Cd4; Lck; Cd8b1; Ap2s1; Ap1b1; Pacs1; Ap1s2; Cd28; Ap1m2; Ap1s3","liver","RR-8","GLDS-379","Stat_(Space Flight & 22 to 23 day & On ISS & Carcass & 10 to 12 week)v(Ground Control & 24 day & On Earth & Carcass & 10 to 12 week)",1,"flight_positive"
"REACTOME_NEGATIVE_EPIGENETIC_REGULATION_OF_RRNA_EXPRESSION",0.20059880239521,0.391628403969446,0.170932335370056,-0.273800014509751,-1.12625662566863,89,"reactome","H2bc8; Polr1d; Polr2h; H2bc3; Sin3b; Mnat1; H2bc6; Polr2k; Polr2f; Gtf2h5; Polr1b; H2bc14; Polr2l; H4c3; H4c18; H4c6; Polr1h; H3c1; H4c14; Polr1c; H2ac20; H4c11","liver","RR-8","GLDS-379","Stat_(Space Flight & 22 to 23 day & On ISS & Carcass & 10 to 12 week)v(Ground Control & 24 day & On Earth & Carcass & 10 to 12 week)",1,"flight_positive"
"REACTOME_NEGATIVE_REGULATION_OF_FGFR1_SIGNALING",0.133451957295374,0.311106356142169,0.160801401070022,0.43762572667379,1.31424603291982,26,"reactome","Ppp2r1a; Braf; Ubb; Ptpn11; Fgf1; Mapk3; Mknk1; Grb2; Frs2","liver","RR-8","GLDS-379","Stat_(Space Flight & 22 to 23 day & On ISS & Carcass & 10 to 12 week)v(Ground Control & 24 day & On Earth & Carcass & 10 to 12 week)",1,"flight_positive"
"REACTOME_NEGATIVE_REGULATION_OF_FGFR2_SIGNALING",0.0734265734265734,0.223516153268219,0.219250346703755,0.460982191919772,1.40551923218317,28,"reactome","Ppp2r1a; Fgf18; Braf; Ubb; Ptpn11; Fgf1; Mapk3; Mknk1; Grb2; Frs2","liver","RR-8","GLDS-379","Stat_(Space Flight & 22 to 23 day & On ISS & Carcass & 10 to 12 week)v(Ground Control & 24 day & On Earth & Carcass & 10 to 12 week)",1,"flight_positive"
"REACTOME_NEGATIVE_REGULATION_OF_FGFR3_SIGNALING",0.0519713261648745,0.18828955872848,0.266350657088526,0.495485363789065,1.47269760453312,25,"reactome","Ppp2r1a; Fgf18; Braf; Ubb; Ptpn11; Fgf1; Mapk3; Mknk1; Grb2; Frs2; Fgfr3","liver","RR-8","GLDS-379","Stat_(Space Flight & 22 to 23 day & On ISS & Carcass & 10 to 12 week)v(Ground Control & 24 day & On Earth & Carcass & 10 to 12 week)",1,"flight_positive"
"REACTOME_NEGATIVE_REGULATION_OF_FGFR4_SIGNALING",0.106761565836299,0.278130403379369,0.181383128498408,0.451578582736988,1.35614824435592,26,"reactome","Ppp2r1a; Fgf18; Braf; Ubb; Ptpn11; Fgf1; Mapk3; Mknk1; Grb2; Frs2","liver","RR-8","GLDS-379","Stat_(Space Flight & 22 to 23 day & On ISS & Carcass & 10 to 12 week)v(Ground Control & 24 day & On Earth & Carcass & 10 to 12 week)",1,"flight_positive"
"REACTOME_NEGATIVE_REGULATION_OF_FLT3",0.795580110497238,0.855171227723198,0.0523759084097997,0.290651549058362,0.752034353953716,15,"reactome","Ptprj; Ubb; Abl2; Socs6; Socs2; Flt3l; Csk","liver","RR-8","GLDS-379","Stat_(Space Flight & 22 to 23 day & On ISS & Carcass & 10 to 12 week)v(Ground Control & 24 day & On Earth & Carcass & 10 to 12 week)",1,"flight_positive"
"REACTOME_NEGATIVE_REGULATION_OF_MAPK_PATHWAY",0.0456852791878173,0.175896283980969,0.276500599254472,0.436621813899005,1.45979313138431,43,"reactome","Dusp1; Ppp2r1b; Ppp2r1a; Ppp2r5c; Braf; Nras; Ubb; Ppp2r5d; Ptpn3; Kras; Mark3; Mapk3; Ppp5c; Dusp5","liver","RR-8","GLDS-379","Stat_(Space Flight & 22 to 23 day & On ISS & Carcass & 10 to 12 week)v(Ground Control & 24 day & On Earth & Carcass & 10 to 12 week)",1,"flight_positive"
"REACTOME_NEGATIVE_REGULATION_OF_MET_ACTIVITY",0.115248226950355,0.282998423955871,0.173747838999571,0.465256066426549,1.32405342031517,21,"reactome","Stam2; Usp8; Ptprj; Stam; Ubb; Ptpn1; Ptpn2; Grb2; Hgs; Lrig1","liver","RR-8","GLDS-379","Stat_(Space Flight & 22 to 23 day & On ISS & Carcass & 10 to 12 week)v(Ground Control & 24 day & On Earth & Carcass & 10 to 12 week)",1,"flight_positive"
"REACTOME_NEGATIVE_REGULATION_OF_NMDA_RECEPTOR_MEDIATED_NEURONAL_TRANSMISSION",0.106382978723404,0.277903525979578,0.181383128498408,0.471808203038651,1.34269988087238,21,"reactome","Actn2; Dlg3; Dlg1; Camk2a; Camk2b; Camk2g; Camk2d","liver","RR-8","GLDS-379","Stat_(Space Flight & 22 to 23 day & On ISS & Carcass & 10 to 12 week)v(Ground Control & 24 day & On Earth & Carcass & 10 to 12 week)",1,"flight_positive"
"REACTOME_NEGATIVE_REGULATION_OF_NOTCH4_SIGNALING",0.329177057356608,0.514026755501534,0.117249716749792,-0.298768308675611,-1.07587510702541,44,"reactome","Psmb5; Psma7; Rps27a; Psmb1; Psmb4; Psmd6; Psmd13; Ubc; Skp1; Psmb3; Uba52","liver","RR-8","GLDS-379","Stat_(Space Flight & 22 to 23 day & On ISS & Carcass & 10 to 12 week)v(Ground Control & 24 day & On Earth & Carcass & 10 to 12 week)",1,"flight_positive"
"REACTOME_NEGATIVE_REGULATION_OF_THE_PI3K_AKT_NETWORK",0.0449275362318841,0.173724656638326,0.257206466468838,0.338352362928165,1.33834135457803,112,"reactome","Traf6; Irak1; Ppp2r1b; Ppp2r1a; Akt2; Fgf18; Strn; Pik3r1; Ppp2r5c; Irak4; Irs1; Tgfa; Gab1; Btc; Ereg; Ptpn11; Ppp2r5d; Pip4k2b; Fgf1; Rhog; Mapk3; Akt3; Phlpp2; Grb2; Frs2; Insr; Fgfr3; Akt1; Phlpp1; Pip4k2c; Pip4k2a","liver","RR-8","GLDS-379","Stat_(Space Flight & 22 to 23 day & On ISS & Carcass & 10 to 12 week)v(Ground Control & 24 day & On Earth & Carcass & 10 to 12 week)",1,"flight_positive"
"REACTOME_NEGATIVE_REGULATORS_OF_DDX58_IFIH1_SIGNALING",0.559718969555035,0.688522392062215,0.0815265143256594,-0.275903998782392,-0.93974217433575,33,"reactome","Rnf135; Rps27a; Pin1; Atg5; Ubc; Isg15; Nlrx1; Uba7; Uba52","liver","RR-8","GLDS-379","Stat_(Space Flight & 22 to 23 day & On ISS & Carcass & 10 to 12 week)v(Ground Control & 24 day & On Earth & Carcass & 10 to 12 week)",1,"flight_positive"
"REACTOME_NEPHRIN_FAMILY_INTERACTIONS",0.0474353786194459,0.178978423092497,0.321775918075361,0.550624012386545,1.5415839175636,20,"reactome","Actn2; Pik3r1; Sptan1; Actn3; Actn4; Wasl; Cd2ap","liver","RR-8","GLDS-379","Stat_(Space Flight & 22 to 23 day & On ISS & Carcass & 10 to 12 week)v(Ground Control & 24 day & On Earth & Carcass & 10 to 12 week)",1,"flight_positive"
"REACTOME_NETRIN_1_SIGNALING",0.10221465076661,0.274143662857048,0.181383128498408,0.39504248744958,1.3133663061843,42,"reactome","Ablim3; Plcg1; Myo10; Trio; Ezr; Ptk2; Ptpn11; Dock1; Ablim1; Wasl; Pitpna; Hjv; Slit1; Slit2; Rgma","liver","RR-8","GLDS-379","Stat_(Space Flight & 22 to 23 day & On ISS & Carcass & 10 to 12 week)v(Ground Control & 24 day & On Earth & Carcass & 10 to 12 week)",1,"flight_positive"
"REACTOME_NEUREXINS_AND_NEUROLIGINS",0.334389857369255,0.518233930425003,0.0883594442500905,0.311184367720739,1.07815743714653,51,"reactome","Sipa1l1; Dlg3; Epb41; Shank1; Lin7a; Sharpin; Shank2; Homer1; Homer2; Epb41l3; Lin7c","liver","RR-8","GLDS-379","Stat_(Space Flight & 22 to 23 day & On ISS & Carcass & 10 to 12 week)v(Ground Control & 24 day & On Earth & Carcass & 10 to 12 week)",1,"flight_positive"
"REACTOME_NEURONAL_SYSTEM",0.0500641848523748,0.185019813584864,0.227987202850442,0.269870932019054,1.21195983202144,364,"reactome","Ppfia1; Mdm2; Camkk2; Prkar2a; Tuba8; Actn2; Sipa1l1; Kcng4; Dlg3; Myo6; Pick1; Dlg1; Epb41; Camk2a; Pdpk1; Adcy2; Shank1; Ppfibp2; Ppfibp1; Tubb2a; Cacnb1; Lin7a; Sharpin; Chrna4; Tuba4a; Gabbr2; Cacna2d2; Nras; Kcnma1; Grip2; Kcna7; Mapt; Shank2; Nsf; Camk2b; Akap5; Creb1; Kcna5; Homer1; Kcnc1; Camk2g; Lrfn3; Kras; Camk2d; Comt; Homer2; Gja10; Chrnb2; Slc6a4; Glul; Mapk3; Aldh2; Prkaca; Adcy1; Chrna1; Grik4; Epb41l3; Kcnab3; Gng12; Grin3b; Cacna2d3; Gngt1; Lin7c; Tubb4b; Kcnq4; Arhgef7; Cacnb2; Hspa8; Kcnj12; Slc1a6; Gng8; Grip1; Gls2; Rab3a; Prkag2; Prkar1a; Ptprs; Slc1a3; Kcnn2; Ppfia2; Kcnj2; Prkca; Epb41l1; Plcb3; Kcnk2; Prkab2; Ppm1e; Arhgef9; Flot1; Kcng2; Abat; Tuba1b; Hcn2; Lrfn2; Grin2d; Gnal; Apba1; Kcnq5; Slc1a7; Kcnj11; Kcnmb2; Dlgap1; Kcnj3; Dlgap4; Rps6ka3; Slc38a2; Kpna2; Ncald; Grik5; Prkab1; Kcnd3; Ptprf","liver","RR-8","GLDS-379","Stat_(Space Flight & 22 to 23 day & On ISS & Carcass & 10 to 12 week)v(Ground Control & 24 day & On Earth & Carcass & 10 to 12 week)",1,"flight_positive"
"REACTOME_NEUROTRANSMITTER_RECEPTORS_AND_POSTSYNAPTIC_SIGNAL_TRANSMISSION",0.0568783068783069,0.195331184361027,0.216542836735348,0.309048246464976,1.28786798015888,177,"reactome","Mdm2; Camkk2; Prkar2a; Tuba8; Actn2; Dlg3; Myo6; Pick1; Dlg1; Camk2a; Pdpk1; Adcy2; Tubb2a; Lin7a; Chrna4; Tuba4a; Gabbr2; Nras; Grip2; Mapt; Nsf; Camk2b; Akap5; Creb1; Camk2g; Kras; Camk2d; Chrnb2; Mapk3; Prkaca; Adcy1; Chrna1; Grik4; Gng12; Grin3b; Gngt1; Lin7c; Tubb4b; Arhgef7; Kcnj12; Gng8; Grip1; Prkag2; Prkar1a","liver","RR-8","GLDS-379","Stat_(Space Flight & 22 to 23 day & On ISS & Carcass & 10 to 12 week)v(Ground Control & 24 day & On Earth & Carcass & 10 to 12 week)",1,"flight_positive"
"REACTOME_NEUROTRANSMITTER_RELEASE_CYCLE",0.830870279146141,0.882799671592775,0.0451344222209097,0.228501540511219,0.774851799248719,47,"reactome","Ppfia1; Lin7a; Lin7c; Hspa8; Slc1a6; Gls2; Rab3a; Slc1a3; Ppfia2; Abat; Apba1; Slc1a7; Slc38a2","liver","RR-8","GLDS-379","Stat_(Space Flight & 22 to 23 day & On ISS & Carcass & 10 to 12 week)v(Ground Control & 24 day & On Earth & Carcass & 10 to 12 week)",1,"flight_positive"
"REACTOME_NEUTROPHIL_DEGRANULATION",0.0138147372341276,0.0780633796593597,0.380730400722792,-0.241777700274166,-1.22606684891676,469,"reactome","Plac8; Cstb; Hvcn1; Rab24; Hpse; Ndufc2; Ypel5; Degs1; Qpct; Rab31; Stbd1; Dera; Lgals3; Ppie; Itgb2; Pgrmc1; Lpcat1; Acaa1a; Ggh; Vapa; S100a8; Unc13d; Dgat1; Cyba; Bri3; Ptafr; Cnn2; Tyrobp; Arhgap45; Magt1; S100a9; Psmb1; Prdx4; Atp6ap2; Fcgr4; Fpr2; Fcer1g; Apaf1; Anxa2; Ltf; Cd33; Psmd6; Psmd13; H2-D1; Cd47; Nme2; Arhgap9; Ampd3; Ptprb; Psap; Erp44; Copb1; Bst1; Dok3; Itgav; Actr10; Pygb; Fgr; Arg1; Serpinb6a; Itgal; Cd55; Prdx6; Enpp4; Ctsh; Bst2; Aldh3b1; Rap1b; Lyz2; Fgl2; Ncstn; Rnaset2a; Nit2; Rap1a; Pycard; Cybb; Cfp; Fpr1; Cr1l; Hexb; Aoc1; Cst3; Tmem30a; Cpne3; Npc2; Ptprc; Clec4b1; Mmp8; Ms4a3; Adgre4; Ifi204; Tbc1d10c; Sdcbp; Cd300a; Ctsb; Adgrg3; Cd53; Slc2a3; Gstp1; Arpc5; Dnase1l1; Ttr; Gsn; Pirb; Prcp; Crispld2; Slc11a1; Vamp8; Cd68; Actr2; Mpo; Mmp9; Srp14; Lta4h; Cxcr1; Nckap1l; Man2b1; Gdi2; Surf4; Siglecf; Impdh1; Tlr2; Cd93; Ifi205; Hspa1b; Folr2; Slc27a2; Cd63; Itgax; Camp; Impdh2; Ctss; Slpi; Cd44; C3ar1; Fcgr2b; Adam10; Vnn1; Mospd2; Fcnb; Siglece; Ostf1; Rap2b; Gusb; Gmfg; C5ar1; Rab6a; Iqgap1; Naprt; Ftl1; Apeh; Adgre5; Atp6v1d; Frk; Xrcc6","liver","RR-8","GLDS-379","Stat_(Space Flight & 22 to 23 day & On ISS & Carcass & 10 to 12 week)v(Ground Control & 24 day & On Earth & Carcass & 10 to 12 week)",1,"flight_positive"
"REACTOME_NFE2L2_REGULATING_ANTI_OXIDANT_DETOXIFICATION_ENZYMES",0.261946902654867,0.447374540082888,0.109684061970549,0.420694450045964,1.1602188280019,19,"reactome","Crebbp; Txnrd1; Gclc; Atf4; Slc7a11; Gclm","liver","RR-8","GLDS-379","Stat_(Space Flight & 22 to 23 day & On ISS & Carcass & 10 to 12 week)v(Ground Control & 24 day & On Earth & Carcass & 10 to 12 week)",1,"flight_positive"
"REACTOME_NGF_STIMULATED_TRANSCRIPTION",0.143103448275862,0.325368951326806,0.152144922367565,0.391746574339363,1.26952833480999,36,"reactome","Chd4; Tcf12; Atf1; Atf2; Dnm2; Creb1; Rest; Jund; Fos; Srf; Fosb; Mef2d","liver","RR-8","GLDS-379","Stat_(Space Flight & 22 to 23 day & On ISS & Carcass & 10 to 12 week)v(Ground Control & 24 day & On Earth & Carcass & 10 to 12 week)",1,"flight_positive"
"REACTOME_NICOTINAMIDE_SALVAGE",0.89134438305709,0.920353982300885,0.0471642455670861,0.260962224177862,0.675215935720048,15,"reactome","Parp6; Nudt12; Parp8; Parp16; Naxe","liver","RR-8","GLDS-379","Stat_(Space Flight & 22 to 23 day & On ISS & Carcass & 10 to 12 week)v(Ground Control & 24 day & On Earth & Carcass & 10 to 12 week)",1,"flight_positive"
"REACTOME_NICOTINATE_METABOLISM",0.82093023255814,0.873918985526729,0.0618406035753285,-0.245286302064021,-0.801461502612862,28,"reactome","Nadk2; Nmrk1; Cd38; Bst1; Qprt; Slc5a8; Nmnat3; Nadsyn1; Naprt; Nampt; Parp10; Naxd","liver","RR-8","GLDS-379","Stat_(Space Flight & 22 to 23 day & On ISS & Carcass & 10 to 12 week)v(Ground Control & 24 day & On Earth & Carcass & 10 to 12 week)",1,"flight_positive"
"REACTOME_NITRIC_OXIDE_STIMULATES_GUANYLATE_CYCLASE",0.624113475177305,0.726707471096862,0.0619762736001998,0.30702695256352,0.87937868700659,22,"reactome","Nos1; Pde9a; Kcnma1; Pde10a; Prkg1","liver","RR-8","GLDS-379","Stat_(Space Flight & 22 to 23 day & On ISS & Carcass & 10 to 12 week)v(Ground Control & 24 day & On Earth & Carcass & 10 to 12 week)",1,"flight_positive"
"REACTOME_NOD1_2_SIGNALING_PATHWAY",0.155172413793103,0.336787564766839,0.14551614609036,0.386350697675979,1.25204198326535,36,"reactome","Tab2; Traf6; Irak1; Birc3; Ube2n; Ubb; Nod1; Tab3; Ube2v1; Map3k7; Ikbkg","liver","RR-8","GLDS-379","Stat_(Space Flight & 22 to 23 day & On ISS & Carcass & 10 to 12 week)v(Ground Control & 24 day & On Earth & Carcass & 10 to 12 week)",1,"flight_positive"
"REACTOME_NONHOMOLOGOUS_END_JOINING_NHEJ",0.602150537634409,0.710113494222008,0.0850427463764322,-0.246476805820925,-0.926718701298401,55,"reactome","H2bc8; H2bc3; Tdp2; Prkdc; H2bc6; H2bc14; H4c3; H4c18; H4c6; H4c14; Bard1; H4c11; Nhej1; H4c16","liver","RR-8","GLDS-379","Stat_(Space Flight & 22 to 23 day & On ISS & Carcass & 10 to 12 week)v(Ground Control & 24 day & On Earth & Carcass & 10 to 12 week)",1,"flight_positive"
"REACTOME_NONSENSE_MEDIATED_DECAY_NMD",3.91824617930621e-07,1.80402584505557e-05,0.674962860011025,-0.479201395702673,-2.03766849791786,106,"reactome","Rps14; Rpl3; Rps19; Rplp2; Rps18; Rpl9; Rpl39; Rps21; Rpl35a; Rps27; Rpl36; Rpl13a; Rpl6; Rpl15; Rpl27; Rps13; Rpl13; Rps27a; Rpl7; Rpl37a; Rps28; Rps29; Rps17; Rps15; Rpl24; Rps5; Rpl22l1; Rpl10; Rpl18; Fau; Rps9; Rps23; Rps25; Rplp1; Rpl32; Rpl26; Rps15a; Rpl8; Rplp0; Rps20; Rps7; Rpl19; Rpl29; Rpl10a; Uba52; Rpl28; Rps4x; Magohb","liver","RR-8","GLDS-379","Stat_(Space Flight & 22 to 23 day & On ISS & Carcass & 10 to 12 week)v(Ground Control & 24 day & On Earth & Carcass & 10 to 12 week)",1,"flight_positive"
"REACTOME_NON_INTEGRIN_MEMBRANE_ECM_INTERACTIONS",0.0808383233532934,0.237570072620716,0.276500599254472,-0.31689203700463,-1.26298692271447,79,"reactome","Lama2; Acta2; Col4a4; Dmd; Trappc4; Actg2; Lamc3; Lamb2; Lama1; Agrn; Itgav; Col1a2; Col4a5; Col3a1; Lamb1; Col1a1; Lama4; Col4a3; Ttr; Itga2; Itgb1; Tnc; Hspg2; Itgb4; Lama3; Lama5; Dtnb; Actn1; Col5a2; Actg1; Ntn4; Nrxn1; Lamb3; Pdgfb; Sgce","liver","RR-8","GLDS-379","Stat_(Space Flight & 22 to 23 day & On ISS & Carcass & 10 to 12 week)v(Ground Control & 24 day & On Earth & Carcass & 10 to 12 week)",1,"flight_positive"
"REACTOME_NOREPINEPHRINE_NEUROTRANSMITTER_RELEASE_CYCLE",0.729965156794425,0.805805692565274,0.05378728077603,0.300731764298152,0.817656257774543,18,"reactome","Ppfia1; Rab3a; Ppfia2","liver","RR-8","GLDS-379","Stat_(Space Flight & 22 to 23 day & On ISS & Carcass & 10 to 12 week)v(Ground Control & 24 day & On Earth & Carcass & 10 to 12 week)",1,"flight_positive"
"REACTOME_NOTCH1_INTRACELLULAR_DOMAIN_REGULATES_TRANSCRIPTION",0.0722495894909688,0.222613951145807,0.213927855492356,0.396436256572438,1.34432068162577,47,"reactome","Ncor1; Tbl1xr1; Crebbp; Tle1; Hdac3; Fbxw7; Maml1; Ubb; Ncor2; Kat2b; Hdac2; Rbpj; Cdk8; Hdac6; Tle3","liver","RR-8","GLDS-379","Stat_(Space Flight & 22 to 23 day & On ISS & Carcass & 10 to 12 week)v(Ground Control & 24 day & On Earth & Carcass & 10 to 12 week)",1,"flight_positive"
"REACTOME_NOTCH2_ACTIVATION_AND_TRANSMISSION_OF_SIGNAL_TO_THE_NUCLEUS",0.617132867132867,0.722385400616333,0.0618406035753285,0.301598228947995,0.880622707595515,23,"reactome","Neurl1a; Psen1; Ubb; Psenen; Psen2; Jag2; Mib2; Mib1","liver","RR-8","GLDS-379","Stat_(Space Flight & 22 to 23 day & On ISS & Carcass & 10 to 12 week)v(Ground Control & 24 day & On Earth & Carcass & 10 to 12 week)",1,"flight_positive"
"REACTOME_NOTCH3_ACTIVATION_AND_TRANSMISSION_OF_SIGNAL_TO_THE_NUCLEUS",0.443060498220641,0.615994854202401,0.0793434960134973,0.338277153813135,1.01588956116768,26,"reactome","Neurl1a; Psen1; Ubb; Ybx1; Psenen; Psen2; Jag2; Tacc3; Mib2; Mib1","liver","RR-8","GLDS-379","Stat_(Space Flight & 22 to 23 day & On ISS & Carcass & 10 to 12 week)v(Ground Control & 24 day & On Earth & Carcass & 10 to 12 week)",1,"flight_positive"
"REACTOME_NOTCH3_INTRACELLULAR_DOMAIN_REGULATES_TRANSCRIPTION",0.846330275229358,0.891510919092889,0.0597317976364411,-0.249386364240128,-0.779743752010813,24,"reactome","Fabp7; Notch3; Hey1; Ikzf1; Hes1; Maml2","liver","RR-8","GLDS-379","Stat_(Space Flight & 22 to 23 day & On ISS & Carcass & 10 to 12 week)v(Ground Control & 24 day & On Earth & Carcass & 10 to 12 week)",1,"flight_positive"
"REACTOME_NOTCH4_INTRACELLULAR_DOMAIN_REGULATES_TRANSCRIPTION",0.376991150442478,0.562939488160727,0.0878312634480124,0.385673885592902,1.06363681166853,19,"reactome","Crebbp; Smad3; Maml1; Kat2b; Rbpj","liver","RR-8","GLDS-379","Stat_(Space Flight & 22 to 23 day & On ISS & Carcass & 10 to 12 week)v(Ground Control & 24 day & On Earth & Carcass & 10 to 12 week)",1,"flight_positive"
"REACTOME_NOTCH_HLH_TRANSCRIPTION_PATHWAY",0.021054889673254,0.102042338109411,0.352487857583619,0.503168627597418,1.53414425874929,28,"reactome","Ncor1; Tbl1xr1; Crebbp; Hdac3; Maml1; Ncor2; Kat2b; Hdac2; Rbpj","liver","RR-8","GLDS-379","Stat_(Space Flight & 22 to 23 day & On ISS & Carcass & 10 to 12 week)v(Ground Control & 24 day & On Earth & Carcass & 10 to 12 week)",1,"flight_positive"
"REACTOME_NPAS4_REGULATES_EXPRESSION_OF_TARGET_GENES",0.49554367201426,0.643248150818446,0.0736212741014394,0.35084247678164,0.982254873812278,20,"reactome","Mdm2; Crebbp; Fos; Mapk3; Ret","liver","RR-8","GLDS-379","Stat_(Space Flight & 22 to 23 day & On ISS & Carcass & 10 to 12 week)v(Ground Control & 24 day & On Earth & Carcass & 10 to 12 week)",1,"flight_positive"
"REACTOME_NR1H2_AND_NR1H3_MEDIATED_SIGNALING",0.113300492610837,0.281775440274125,0.16823816568964,0.372457957606679,1.26300994711179,47,"reactome","Ncor1; Tbl1xr1; Hdac3; Ago1; Tnrc6c; Scd1; Ncoa1; Gps2; Nrip1; Ncor2; Tnrc6b; Ago2; Mov10; Kdm4a; Fasn; Apod; Angptl3; Rxra; Nr1h3; Ago4; Tnrc6a; Nr1h2","liver","RR-8","GLDS-379","Stat_(Space Flight & 22 to 23 day & On ISS & Carcass & 10 to 12 week)v(Ground Control & 24 day & On Earth & Carcass & 10 to 12 week)",1,"flight_positive"
"REACTOME_NR1H3_NR1H2_REGULATE_GENE_EXPRESSION_LINKED_TO_CHOLESTEROL_TRANSPORT_AND_EFFLUX",0.127586206896552,0.301890275419036,0.161978948883402,0.400583536645027,1.29816617053225,36,"reactome","Ncor1; Tbl1xr1; Hdac3; Ago1; Tnrc6c; Ncoa1; Gps2; Ncor2; Tnrc6b; Ago2; Mov10; Kdm4a; Apod; Rxra; Nr1h3; Ago4; Tnrc6a; Nr1h2","liver","RR-8","GLDS-379","Stat_(Space Flight & 22 to 23 day & On ISS & Carcass & 10 to 12 week)v(Ground Control & 24 day & On Earth & Carcass & 10 to 12 week)",1,"flight_positive"
"REACTOME_NRAGE_SIGNALS_DEATH_THROUGH_JNK",0.000347377320091168,0.00564488145148148,0.49849310876659,0.518524346322779,1.84072006296002,58,"reactome","Obscn; Itsn1; Arhgef11; Arhgef5; Akap13; Net1; Arhgef40; Arhgef12; Fgd4; Arhgef3; Trio; Arhgef39; Arhgef18; Arhgef26; Arhgef37; Sos1; Ngfr; Fgd1; Arhgef19; Aatf; Arhgef7; Mapk8; Arhgef16; Arhgef6; Tiam2; Arhgef33; Arhgef9; Ngf; Arhgef10l; Plekhg5; Maged1; Kalrn","liver","RR-8","GLDS-379","Stat_(Space Flight & 22 to 23 day & On ISS & Carcass & 10 to 12 week)v(Ground Control & 24 day & On Earth & Carcass & 10 to 12 week)",1,"flight_positive"
"REACTOME_NRIF_SIGNALS_CELL_DEATH_FROM_THE_NUCLEUS",0.464028776978417,0.626867698994838,0.0774767547848578,0.374744819425084,1.00060235489498,17,"reactome","Traf6; Psen1; Ubb; Psenen; Psen2; Ngfr; Sqstm1; Mapk8","liver","RR-8","GLDS-379","Stat_(Space Flight & 22 to 23 day & On ISS & Carcass & 10 to 12 week)v(Ground Control & 24 day & On Earth & Carcass & 10 to 12 week)",1,"flight_positive"
"REACTOME_NS1_MEDIATED_EFFECTS_ON_HOST_PATHWAYS",0.425862068965517,0.600993085832563,0.0797705918628453,0.311278270489569,1.00875568615648,36,"reactome","Pabpn1; Tpr; Aaas; Nup98; Kpnb1; Nup50; Nup153; Rae1; Ndc1; Pom121; Nup93","liver","RR-8","GLDS-379","Stat_(Space Flight & 22 to 23 day & On ISS & Carcass & 10 to 12 week)v(Ground Control & 24 day & On Earth & Carcass & 10 to 12 week)",1,"flight_positive"
"REACTOME_NUCLEAR_ENVELOPE_BREAKDOWN",0.538338658146965,0.676751100400906,0.0640703750499722,0.277347601963832,0.95649263632281,50,"reactome","Tpr; Aaas; Nup98; Lpin1; Nup50; Nup153; Plk1; Rae1; Ndc1; Pom121; Nup93; Cdk1; Ctdnep1; Lmnb1; Prkca; Nup88","liver","RR-8","GLDS-379","Stat_(Space Flight & 22 to 23 day & On ISS & Carcass & 10 to 12 week)v(Ground Control & 24 day & On Earth & Carcass & 10 to 12 week)",1,"flight_positive"
"REACTOME_NUCLEAR_ENVELOPE_NE_REASSEMBLY",0.153609831029186,0.335452298986661,0.137250779610133,0.329917369095005,1.20508692032165,68,"reactome","Tuba8; Ube2i; Ppp2r1a; Tubb2a; Nup98; Ahctf1; Tuba4a; Chmp6; Chmp3; Ppp2r2a; Cc2d1b; Kpnb1; Vps4a; Chmp4b; Ndc1; Pom121; Tubb4b; Nup93; Cdk1; Ankle2; Lmnb1","liver","RR-8","GLDS-379","Stat_(Space Flight & 22 to 23 day & On ISS & Carcass & 10 to 12 week)v(Ground Control & 24 day & On Earth & Carcass & 10 to 12 week)",1,"flight_positive"
"REACTOME_NUCLEAR_EVENTS_KINASE_AND_TRANSCRIPTION_FACTOR_ACTIVATION",0.0612244897959184,0.200510873509952,0.227987202850442,0.384890671402361,1.36633117792979,58,"reactome","Chd4; Tcf12; Atf1; Ppp2r1b; Ppp2r1a; Atf2; Dnm2; Creb1; Ppp2r5d; Rest; Jund; Fos; Srf; Mapk3; Fosb; Mef2d; Vrk3; Mef2c; Dusp6; Dusp7; Egr1; Egr3; Rps6ka5; Rps6ka3; Elk1; Egr2","liver","RR-8","GLDS-379","Stat_(Space Flight & 22 to 23 day & On ISS & Carcass & 10 to 12 week)v(Ground Control & 24 day & On Earth & Carcass & 10 to 12 week)",1,"flight_positive"
"REACTOME_NUCLEAR_EVENTS_MEDIATED_BY_NFE2L2",0.82396449704142,0.876304878951655,0.0407403526717903,0.216591505395423,0.825019247649815,86,"reactome","Rela; Crebbp; Txnrd1; Sp1; Gclc; Psmd11; Atf4; Ubb; Slc7a11; Psmd7; Sem1; Psma4; Pgd; Psmc3; Gclm; Psmb2; Sqstm1; Btrc; G6pdx; Psmc1; Keap1; Bcl2l1; Psmc4; Gsta3; Psmd3; Idh1; Srxn1; Me1; Psmd12","liver","RR-8","GLDS-379","Stat_(Space Flight & 22 to 23 day & On ISS & Carcass & 10 to 12 week)v(Ground Control & 24 day & On Earth & Carcass & 10 to 12 week)",1,"flight_positive"
"REACTOME_NUCLEAR_EVENTS_STIMULATED_BY_ALK_SIGNALING_IN_CANCER",0.0655172413793104,0.208635595746795,0.231126709673834,0.446269060977133,1.43167212834836,34,"reactome","Dnmt1; Mecp2; Ago1; Stat3; Tnrc6c; Stat5a; Rb1; Ago2; Ptpn6; Mapk3; Mov10","liver","RR-8","GLDS-379","Stat_(Space Flight & 22 to 23 day & On ISS & Carcass & 10 to 12 week)v(Ground Control & 24 day & On Earth & Carcass & 10 to 12 week)",1,"flight_positive"
"REACTOME_NUCLEAR_IMPORT_OF_REV_PROTEIN",0.605584642233857,0.712642204119714,0.0626618230932491,0.293571660012494,0.910597332706284,31,"reactome","Tpr; Aaas; Nup98; Kpnb1; Nup50; Nup153; Rae1; Ndc1; Pom121; Nup93","liver","RR-8","GLDS-379","Stat_(Space Flight & 22 to 23 day & On ISS & Carcass & 10 to 12 week)v(Ground Control & 24 day & On Earth & Carcass & 10 to 12 week)",1,"flight_positive"
"REACTOME_NUCLEAR_PORE_COMPLEX_NPC_DISASSEMBLY",0.612173913043478,0.718102095449091,0.0619762736001998,0.283645358250483,0.899511372725436,33,"reactome","Tpr; Aaas; Nup98; Nup50; Nup153; Rae1; Ndc1; Pom121; Nup93; Cdk1","liver","RR-8","GLDS-379","Stat_(Space Flight & 22 to 23 day & On ISS & Carcass & 10 to 12 week)v(Ground Control & 24 day & On Earth & Carcass & 10 to 12 week)",1,"flight_positive"
"REACTOME_NUCLEAR_RECEPTOR_TRANSCRIPTION_PATHWAY",0.308306709265176,0.491665253164401,0.0934449219410994,0.318095530489337,1.09702059944231,50,"reactome","Ncor1; Nr4a1; Med1; Nr4a3; Rora; Nr5a2; Hnf4a; Ncor2; Nrbf2; Nrbp1; Nr2c1; Esrrb; Ar; Rara; Rxra; Nr1h3; Nr1h4; Thrb; Esr1; Nr1h2","liver","RR-8","GLDS-379","Stat_(Space Flight & 22 to 23 day & On ISS & Carcass & 10 to 12 week)v(Ground Control & 24 day & On Earth & Carcass & 10 to 12 week)",1,"flight_positive"
"REACTOME_NUCLEAR_RNA_DECAY",0.020613156696991,0.100785567036173,0.352487857583619,0.490527431238519,1.57601740290605,35,"reactome","Pabpn1; Ncbp2; Rbm27; Exosc9; Zc3h4; Zcchc8; Zc3h18; Tent4a; Mphosph6; Srrt; Dis3; Tent4b; Zc3h3; Rbm26; Ncbp1; Ythdc1; Zcchc7; Exosc8","liver","RR-8","GLDS-379","Stat_(Space Flight & 22 to 23 day & On ISS & Carcass & 10 to 12 week)v(Ground Control & 24 day & On Earth & Carcass & 10 to 12 week)",1,"flight_positive"
"REACTOME_NUCLEAR_SIGNALING_BY_ERBB4",0.19022687609075,0.379018927184065,0.130777137971974,0.392202935671235,1.2165307342221,31,"reactome","Tab2; Ncor1; Psen1; Stat5a; Btc; Ereg; Psenen; Psen2; Stmn1; Gfap","liver","RR-8","GLDS-379","Stat_(Space Flight & 22 to 23 day & On ISS & Carcass & 10 to 12 week)v(Ground Control & 24 day & On Earth & Carcass & 10 to 12 week)",1,"flight_positive"
"REACTOME_NUCLEOTIDE_BINDING_DOMAIN_LEUCINE_RICH_REPEAT_CONTAINING_RECEPTOR_NLR_SIGNALING_PATHWAYS",0.351822503961965,0.537709359443944,0.0855356947987884,0.298685781932482,1.04877473710049,56,"reactome","Tab2; Rela; Traf6; Irak1; Birc3; Hsp90ab1; Ube2n; Ubb; Nod1; Tab3; Ube2v1; Map3k7","liver","RR-8","GLDS-379","Stat_(Space Flight & 22 to 23 day & On ISS & Carcass & 10 to 12 week)v(Ground Control & 24 day & On Earth & Carcass & 10 to 12 week)",1,"flight_positive"
"REACTOME_NUCLEOTIDE_CATABOLISM",0.246445497630332,0.435495907278282,0.134273452883202,-0.329645806928798,-1.12690350480744,34,"reactome","Agxt2; Dnph1; Nt5c3; Entpd8; Upp2; Entpd1; Gda; Upp1; Adprm","liver","RR-8","GLDS-379","Stat_(Space Flight & 22 to 23 day & On ISS & Carcass & 10 to 12 week)v(Ground Control & 24 day & On Earth & Carcass & 10 to 12 week)",1,"flight_positive"
"REACTOME_NUCLEOTIDE_EXCISION_REPAIR",0.121915820029028,0.292948038176034,0.151148761385484,0.31042817073059,1.21865289792689,108,"reactome","Isy1; Sumo3; Yy1; Ube2i; Aqr; Ino80d; Rad23b; Gtf2h3; Zfp830; Pold3; Usp7; Xpa; Ube2n; Gtf2h1; Pole3; Ubb; Rfc1; Lig1; Ino80e; Rfc3; Lig3; Pias1; Rnf111; Ercc5; Pole; Polk; Pold4; Xpc; Xab2; Polr2c; Rfc5; Ino80b; Polr2b; Pole2; Actb; Uvssa; Cops2","liver","RR-8","GLDS-379","Stat_(Space Flight & 22 to 23 day & On ISS & Carcass & 10 to 12 week)v(Ground Control & 24 day & On Earth & Carcass & 10 to 12 week)",1,"flight_positive"
"REACTOME_NUCLEOTIDE_SALVAGE",0.844748858447489,0.891171153073523,0.0596037042575973,-0.241953675986303,-0.735989662502778,21,"reactome","Upp2; Ampd3; Tk1; Upp1","liver","RR-8","GLDS-379","Stat_(Space Flight & 22 to 23 day & On ISS & Carcass & 10 to 12 week)v(Ground Control & 24 day & On Earth & Carcass & 10 to 12 week)",1,"flight_positive"
"REACTOME_N_GLYCAN_ANTENNAE_ELONGATION",0.895027624309392,0.920486067462811,0.0469758727821845,0.259759851697761,0.672104906674395,15,"reactome","Mgat5; St8sia3; B4galt5; B4galt3","liver","RR-8","GLDS-379","Stat_(Space Flight & 22 to 23 day & On ISS & Carcass & 10 to 12 week)v(Ground Control & 24 day & On Earth & Carcass & 10 to 12 week)",1,"flight_positive"
"REACTOME_N_GLYCAN_ANTENNAE_ELONGATION_IN_THE_MEDIAL_TRANS_GOLGI",0.92756183745583,0.942054991166078,0.0434506826723125,0.223465035701958,0.659197336096778,24,"reactome","Mgat5; Man2a2; St8sia3; B4galt5; B4galt3","liver","RR-8","GLDS-379","Stat_(Space Flight & 22 to 23 day & On ISS & Carcass & 10 to 12 week)v(Ground Control & 24 day & On Earth & Carcass & 10 to 12 week)",1,"flight_positive"
"REACTOME_N_GLYCAN_TRIMMING_IN_THE_ER_AND_CALNEXIN_CALRETICULIN_CYCLE",0.266897746967071,0.449999272787213,0.107140237276725,0.352960582021208,1.13402836290064,35,"reactome","Calr; Canx; Rad23b; Ubxn1; Edem1; Ubb; Uggt1; Rnf185; Trim13; Rnf5; Sel1l; Man1b1; Os9; Pdia3; Psmc1","liver","RR-8","GLDS-379","Stat_(Space Flight & 22 to 23 day & On ISS & Carcass & 10 to 12 week)v(Ground Control & 24 day & On Earth & Carcass & 10 to 12 week)",1,"flight_positive"
"REACTOME_OLFACTORY_SIGNALING_PATHWAY",0.575268817204301,0.69548363567916,0.0875697115548511,-0.243053162729299,-0.931111600051772,59,"reactome","Cngb1; Or2ag2b; Adcy3; Or2t47; Or51e1","liver","RR-8","GLDS-379","Stat_(Space Flight & 22 to 23 day & On ISS & Carcass & 10 to 12 week)v(Ground Control & 24 day & On Earth & Carcass & 10 to 12 week)",1,"flight_positive"
"REACTOME_ONCOGENE_INDUCED_SENESCENCE",0.149565217391304,0.330539130434783,0.149207542435322,0.400304830841987,1.26946814895987,33,"reactome","Mdm2; Sp1; Ago1; Tnrc6c; Cdk6; Ubb; Tnrc6b; Rb1; Mapk3; Mov10; Cdk4; Tfdp2; Ago4; Tnrc6a; Erf; E2f3; E2f2","liver","RR-8","GLDS-379","Stat_(Space Flight & 22 to 23 day & On ISS & Carcass & 10 to 12 week)v(Ground Control & 24 day & On Earth & Carcass & 10 to 12 week)",1,"flight_positive"
"REACTOME_ONCOGENIC_MAPK_SIGNALING",0.0137326838939426,0.0780633796593597,0.380730400722792,0.387523810678714,1.46325234267449,80,"reactome","Tln1; Mras; Ap3b1; Camk2a; Qki; Zc3hav1; Agk; Braf; Clcn6; Nras; Aggf1; Fgb; Tent4a; Akap9; Camk2b; Fga; Fgg; Jak2; Camk2g; Kras; Camk2d; Mark3; Mapk3; Shoc2; Kdm7a; Actb; Snd1; Mprip; Fam114a2; Fn1; Itgb3; Spred2","liver","RR-8","GLDS-379","Stat_(Space Flight & 22 to 23 day & On ISS & Carcass & 10 to 12 week)v(Ground Control & 24 day & On Earth & Carcass & 10 to 12 week)",1,"flight_positive"
"REACTOME_OPIOID_SIGNALLING",0.30962962962963,0.49299818550539,0.0888945288620449,0.282236524955945,1.0765289687209,87,"reactome","Camkk2; Prkar2a; Ppp2r1b; Ppp2r1a; Gnaq; Ahcyl1; Camk2a; Adcy2; Itpr2; Camk2b; Creb1; Ppp2r5d; Camk2g; Camk2d; Prkcd; Ppp3ca; Prkaca; Adcy1; Gng12; Gngt1; Gng8; Gna14; Prkar1a","liver","RR-8","GLDS-379","Stat_(Space Flight & 22 to 23 day & On ISS & Carcass & 10 to 12 week)v(Ground Control & 24 day & On Earth & Carcass & 10 to 12 week)",1,"flight_positive"
"REACTOME_ORC1_REMOVAL_FROM_CHROMATIN",0.104395604395604,0.276635834189791,0.231126709673834,-0.342355483339582,-1.28977363969847,57,"reactome","Psmb5; Psma7; Rps27a; Psmb1; Psmb4; Psmd6; Psmd13; Orc6; Skp2; Ubc; Skp1; Mcm8; Orc4; Psmb3; Uba52; Orc1","liver","RR-8","GLDS-379","Stat_(Space Flight & 22 to 23 day & On ISS & Carcass & 10 to 12 week)v(Ground Control & 24 day & On Earth & Carcass & 10 to 12 week)",1,"flight_positive"
"REACTOME_ORGANELLE_BIOGENESIS_AND_MAINTENANCE",1.76045808482099e-07,8.84230083512363e-06,0.690132458796796,0.407359470771228,1.77432121989945,269,"reactome","Nrf1; Odf2; Ncor1; Tbl1xr1; Tuba8; Crebbp; Rab8a; Ncoa6; Gabpa; Ift81; Cenpj; Ywhae; Asap1; Usp46; Ttbk2; Hcfc1; Ppp2r1a; Cep135; Atat1; Rab3ip; Perm1; Hdac3; Atf2; Acss2; Gabpb1; Mark4; Dynlrb1; Inpp5e; Kif3a; Ncoa1; Cep57; Crtc3; Ift52; Tubb2a; Ift80; Sirt4; Tuba4a; Tfb2m; Csnk1d; Pcnt; Cep250; Lztfl1; Tmem11; Cep164; Med1; Ift22; Haus7; Ift140; Cc2d2a; Cep83; Akap9; Ckap5; Ncoa2; Cep89; Creb1; Clasp1; Micos10; Rpgrip1l; Cdk5rap2; Trip11; Septin2; Kif3b; Nde1; Pkd2; Rab11fip3; Carm1; Dnajc11; Fbf1; Wdr19; Ift122; Alms1; Ift57; Cep131; Plk1; Cep78; Pcm1; Traf3ip1; Prkaca; Tctn3; Ppargc1a; Exoc2; Ift43; Pprc1; Exoc3; Mtx2; Hdac6; Dctn1; Chd9; Crtc1; Tubb4b; Ofd1; Mef2d; Cdk1; Mapre1; Exoc8; Arl13b; Helz2; Mef2c; Prkag2; Cep63; Pafah1b1; Wdr35; Dynll1; Dync1h1; Cep290; Rxra; Csnk1e","liver","RR-8","GLDS-379","Stat_(Space Flight & 22 to 23 day & On ISS & Carcass & 10 to 12 week)v(Ground Control & 24 day & On Earth & Carcass & 10 to 12 week)",1,"flight_positive"
"REACTOME_OTHER_INTERLEUKIN_SIGNALING",0.497716894977169,0.643248150818446,0.0865399737444125,-0.318838198646363,-0.969861760761241,21,"reactome","Il16; Il34; Cd4","liver","RR-8","GLDS-379","Stat_(Space Flight & 22 to 23 day & On ISS & Carcass & 10 to 12 week)v(Ground Control & 24 day & On Earth & Carcass & 10 to 12 week)",1,"flight_positive"
"REACTOME_OTHER_SEMAPHORIN_INTERACTIONS",0.22883295194508,0.417951094048452,0.137250779610133,-0.39421276940917,-1.16220201558576,19,"reactome","Tyrobp; Sema3e; Plxna4; Ptprc; Plxnc1; Itgb1; Sema5a; Sema6a; Trem2; Sema7a","liver","RR-8","GLDS-379","Stat_(Space Flight & 22 to 23 day & On ISS & Carcass & 10 to 12 week)v(Ground Control & 24 day & On Earth & Carcass & 10 to 12 week)",1,"flight_positive"
"REACTOME_OVARIAN_TUMOR_DOMAIN_PROTEASES",0.0539629005059022,0.190543933956265,0.252961123069611,0.444545896835892,1.46036247604642,38,"reactome","Traf6; Otud5; Otud3; Ubb; Nod1; Otud7b; Yod1; Ripk1; Rhoa; Mavs; Tnip1; Vcpip1; Traf3; Zranb1; Tnip2; Ikbkg","liver","RR-8","GLDS-379","Stat_(Space Flight & 22 to 23 day & On ISS & Carcass & 10 to 12 week)v(Ground Control & 24 day & On Earth & Carcass & 10 to 12 week)",1,"flight_positive"
"REACTOME_OXIDATIVE_STRESS_INDUCED_SENESCENCE",0.516081871345029,0.658369275221715,0.0618406035753285,0.250130982385342,0.974263209447476,104,"reactome","Mdm2; Ezh2; Ago1; Jun; Tnrc6c; Rnf2; Cdk6; Cbx4; Ubb; Map2k7; Scmh1; Tnrc6b; Kdm6b; Mink1; Fos; Mapkapk5; Mapkapk3; Mapk3; Phc1; Mov10; Map4k4; Phc2; Cdk4; Mapk8; Tfdp2; Map2k4; Mapk9; H2az2; H3c8; Ring1; Cbx8; Ago4; Tnrc6a; Phc3; H2bc18; E2f3; E2f2; Map3k5","liver","RR-8","GLDS-379","Stat_(Space Flight & 22 to 23 day & On ISS & Carcass & 10 to 12 week)v(Ground Control & 24 day & On Earth & Carcass & 10 to 12 week)",1,"flight_positive"
"REACTOME_O_GLYCOSYLATION_OF_TSR_DOMAIN_CONTAINING_PROTEINS",0.0668316831683168,0.210997171145686,0.276500599254472,-0.386345979149858,-1.35027363351914,39,"reactome","Adamts2; Thbs2; Adamts16; Adamts13; Cfp; Adamts5; Sema5a; Thsd7a; Adamts15; Adamts14; Spon2; Spon1; Adamtsl1; Adamtsl2; Adamts8; Adamts10; Adamts7; Adamts1","liver","RR-8","GLDS-379","Stat_(Space Flight & 22 to 23 day & On ISS & Carcass & 10 to 12 week)v(Ground Control & 24 day & On Earth & Carcass & 10 to 12 week)",1,"flight_positive"
"REACTOME_O_LINKED_GLYCOSYLATION",0.146031746031746,0.327312534209086,0.208955027549354,-0.277358283568084,-1.17938771074431,106,"reactome","Muc6; Galnt18; Adamts2; Thbs2; Fut11; Adamts16; C1galt1; Emid1; Adamts13; B3gnt9; Cfp; Muc1; Galnt7; Adamts5; St3gal4; St6galnac4; Sema5a; Galnt10; B3galnt2; B4galt6; Galnt12; Thsd7a; Adamts15; Muc20; Adamts14; Galnt16; Galnt3; B3gnt3; B3gnt5; Spon2; Spon1; Pomgnt2; Adamtsl1; Adamtsl2; C1galt1c1; Chst4; Large1; Adamts8; Adamts10; B3gnt6; Adamts7; Muc5ac; Adamts1","liver","RR-8","GLDS-379","Stat_(Space Flight & 22 to 23 day & On ISS & Carcass & 10 to 12 week)v(Ground Control & 24 day & On Earth & Carcass & 10 to 12 week)",1,"flight_positive"
"REACTOME_O_LINKED_GLYCOSYLATION_OF_MUCINS",0.494565217391304,0.643248150818446,0.096887770327544,-0.263543241122947,-0.9805149274043,53,"reactome","Muc6; Galnt18; C1galt1; B3gnt9; Muc1; Galnt7; St3gal4; St6galnac4; Galnt10; B4galt6; Galnt12; Muc20; Galnt16; Galnt3; B3gnt3; B3gnt5; C1galt1c1; Chst4; B3gnt6; Muc5ac","liver","RR-8","GLDS-379","Stat_(Space Flight & 22 to 23 day & On ISS & Carcass & 10 to 12 week)v(Ground Control & 24 day & On Earth & Carcass & 10 to 12 week)",1,"flight_positive"
"REACTOME_P130CAS_LINKAGE_TO_MAPK_SIGNALING_FOR_INTEGRINS",0.406998158379374,0.587118753275729,0.0857844408075645,0.399955667601787,1.0348487839459,15,"reactome","Tln1; Fgb; Ptk2; Fga; Fgg; Crk; Fn1; Itgb3","liver","RR-8","GLDS-379","Stat_(Space Flight & 22 to 23 day & On ISS & Carcass & 10 to 12 week)v(Ground Control & 24 day & On Earth & Carcass & 10 to 12 week)",1,"flight_positive"
"REACTOME_P75NTR_SIGNALS_VIA_NF_KB",0.136936936936937,0.317498323915334,0.159646701919906,0.506897357937577,1.32749399346392,16,"reactome","Prkci; Rela; Traf6; Irak1; Ubb; Ngfr","liver","RR-8","GLDS-379","Stat_(Space Flight & 22 to 23 day & On ISS & Carcass & 10 to 12 week)v(Ground Control & 24 day & On Earth & Carcass & 10 to 12 week)",1,"flight_positive"
"REACTOME_P75_NTR_RECEPTOR_MEDIATED_SIGNALLING",5.37650297193093e-05,0.00129152951825732,0.557332238758646,0.468848519839866,1.80873277666099,96,"reactome","Prkci; Rela; Prdm4; Obscn; Traf6; Itsn1; Arhgef11; Irak1; Ywhae; Arhgef5; Akap13; Net1; Hdac3; Arhgef40; Arhgef12; Psen1; Fgd4; Arhgef3; Ubb; Trio; Hdac2; Psenen; Arhgef39; Rhoa; Arhgef18; Psen2; Arhgef26; Arhgef37; Sos1; Ngfr; Fgd1; Arhgef19; Aatf; Arhgef7; Sqstm1; Mapk8; Arhgef16","liver","RR-8","GLDS-379","Stat_(Space Flight & 22 to 23 day & On ISS & Carcass & 10 to 12 week)v(Ground Control & 24 day & On Earth & Carcass & 10 to 12 week)",1,"flight_positive"
"REACTOME_PARACETAMOL_ADME",0.148936170212766,0.330470819448005,0.176694268938498,-0.388215788190463,-1.24107827100596,27,"reactome","Ugt1a9; Nat2; Ugt1a7c; Gstp1; Ugt1a6b; Nat1; Abcc1; Abcc3; Abcg2; Ggt1; Sult2a5; Ugt2b1; Cyp2e1","liver","RR-8","GLDS-379","Stat_(Space Flight & 22 to 23 day & On ISS & Carcass & 10 to 12 week)v(Ground Control & 24 day & On Earth & Carcass & 10 to 12 week)",1,"flight_positive"
"REACTOME_PARASITE_INFECTION",0.654600301659125,0.747245179063361,0.0521630305460055,0.238594884151226,0.907547594230542,91,"reactome","Myh2; Igkv8-30; Wasf2; Abl1; Myo10; Myh9; Igkv14-111; Elmo2; Nckap1; Ptk2; Baiap2; Crk; Abi1; Yes1; Wipf2; Dock1; Arpc2; Mapk3; Wasl; Igkv11-125; Grb2; Actb","liver","RR-8","GLDS-379","Stat_(Space Flight & 22 to 23 day & On ISS & Carcass & 10 to 12 week)v(Ground Control & 24 day & On Earth & Carcass & 10 to 12 week)",1,"flight_positive"
"REACTOME_PCNA_DEPENDENT_LONG_PATCH_BASE_EXCISION_REPAIR",0.24822695035461,0.437465359077901,0.11331290842208,0.412106192118278,1.17279634287888,21,"reactome","Pold3; Pole3; Rfc1; Lig1; Rfc3; Pole; Pold4; Rfc5; Pole2; Polb","liver","RR-8","GLDS-379","Stat_(Space Flight & 22 to 23 day & On ISS & Carcass & 10 to 12 week)v(Ground Control & 24 day & On Earth & Carcass & 10 to 12 week)",1,"flight_positive"
"REACTOME_PCP_CE_PATHWAY",0.839524517087667,0.888015685388544,0.0400845633477088,0.215960810612529,0.813248705475672,78,"reactome","Smurf1; Dvl3; Psmd11; Cltb; Smurf2; Ubb; Psmd7; Clta; Pfn1; Sem1; Rhoa; Psma4; Ror2; Psmc3; Ror1; Ryk; Psmb2; Daam1; Psmc1; Scrib; Psmc4; Prkca; Psmd3","liver","RR-8","GLDS-379","Stat_(Space Flight & 22 to 23 day & On ISS & Carcass & 10 to 12 week)v(Ground Control & 24 day & On Earth & Carcass & 10 to 12 week)",1,"flight_positive"
"REACTOME_PEPTIDE_HORMONE_METABOLISM",0.589393939393939,0.700301401107853,0.0572461135202884,0.252296060430876,0.934235385421322,74,"reactome","Inhba; Inhbb; Tcf7l2; Enpep; Igf1; Rab27a; Crhr2; Ctsz; Kif5b; Anpep","liver","RR-8","GLDS-379","Stat_(Space Flight & 22 to 23 day & On ISS & Carcass & 10 to 12 week)v(Ground Control & 24 day & On Earth & Carcass & 10 to 12 week)",1,"flight_positive"
"REACTOME_PEPTIDE_LIGAND_BINDING_RECEPTORS",0.0654387769691952,0.208635595746795,0.287805130535564,-0.281121295541012,-1.23546488064155,139,"reactome","Nmb; F2rl1; Ccr2; Galr2; F2r; Cxcl16; Fpr2; Ccl28; Anxa1; Cxcr6; Ccl4; Hebp1; Psap; Ednrb; Pf4; Cxcl10; Fpr1; Nln; Ccr7; Ece2; Prok1; Ccr3; Cxcl13; Edn1; Pomc; App; Ccl2; Ccl17; Cxcl12; Cxcr1; Sstr2; Ccr9; Cxcr3; Ackr4; C3ar1; Ccr6","liver","RR-8","GLDS-379","Stat_(Space Flight & 22 to 23 day & On ISS & Carcass & 10 to 12 week)v(Ground Control & 24 day & On Earth & Carcass & 10 to 12 week)",1,"flight_positive"
"REACTOME_PERK_REGULATES_GENE_EXPRESSION",0.50261780104712,0.646557241160731,0.0718276293603809,0.310967457575284,0.964555425460539,31,"reactome","Igfbp1; Exosc9; Atf4; Nfyb; Dis3; Nfya; Nfyc; Khsrp; Atf6; Exosc8; Atf3; Exosc1; Asns; Cebpg; Exosc2; Ddit3","liver","RR-8","GLDS-379","Stat_(Space Flight & 22 to 23 day & On ISS & Carcass & 10 to 12 week)v(Ground Control & 24 day & On Earth & Carcass & 10 to 12 week)",1,"flight_positive"
"REACTOME_PEROXISOMAL_LIPID_METABOLISM",0.0049524093772071,0.0417701747014646,0.407017918923954,-0.515731709339319,-1.68512920303355,28,"reactome","Acaa1a; Nudt19; Acbd4; Ehhadh; Mlycd; Acot4; Scp2; Acot8; Nudt7; Decr2; Aldh3a2; Crot; Slc27a2; Pecr","liver","RR-8","GLDS-379","Stat_(Space Flight & 22 to 23 day & On ISS & Carcass & 10 to 12 week)v(Ground Control & 24 day & On Earth & Carcass & 10 to 12 week)",1,"flight_positive"
"REACTOME_PEROXISOMAL_PROTEIN_IMPORT",0.00208605868825393,0.0228227212922831,0.431707695803346,-0.430859564673925,-1.66058968707742,63,"reactome","Hmgcl; Pex2; Acaa1a; Rps27a; Ech1; Dhrs4; Nudt19; Ehhadh; Ubc; Mlycd; Acot4; Ephx2; Scp2; Acot8; Pex13; Baat; Ddo; Uba52; Nudt7; Decr2; Crot; Pex6; Slc27a2; Gstk1; Pex5; Pecr; Lonp2","liver","RR-8","GLDS-379","Stat_(Space Flight & 22 to 23 day & On ISS & Carcass & 10 to 12 week)v(Ground Control & 24 day & On Earth & Carcass & 10 to 12 week)",1,"flight_positive"
"REACTOME_PHASE_0_RAPID_DEPOLARISATION",0.00262088557691817,0.0275817005951864,0.431707695803346,0.560439432175397,1.73836484100891,31,"reactome","Scn4a; Camk2a; Scn4b; Cacnb1; Cacng6; Cacna2d2; Fgf11; Camk2b; Scn2b; Camk2g; Camk2d; Cacnb2","liver","RR-8","GLDS-379","Stat_(Space Flight & 22 to 23 day & On ISS & Carcass & 10 to 12 week)v(Ground Control & 24 day & On Earth & Carcass & 10 to 12 week)",1,"flight_positive"
"REACTOME_PHASE_II_CONJUGATION_OF_COMPOUNDS",0.0147727620935476,0.0816195105668504,0.380730400722792,-0.348627335224259,-1.44048176105265,94,"reactome","Ugt1a9; Mat2b; Slc35d2; Acsm5; Ugt2b35; Ugt2b36; Gss; Slc35b3; Ugt1a10; Tpst1; Gsto2; Ugt2a3; Nat2; Slc35b2; Ugt3a2; Ugp2; Mat2a; Bpnt2; Ugt1a7c; Sult1b1; Ugt1a2; Gstt2; Chac2; Gstp1; Ugt1a6b; Tpmt; Gsta1; Nat1; Papss1; N6amt1; Esd; Ugt2b34; Gstk1; Chac1","liver","RR-8","GLDS-379","Stat_(Space Flight & 22 to 23 day & On ISS & Carcass & 10 to 12 week)v(Ground Control & 24 day & On Earth & Carcass & 10 to 12 week)",1,"flight_positive"
"REACTOME_PHASE_I_FUNCTIONALIZATION_OF_COMPOUNDS",0.138643067846608,0.318603274807654,0.206587922696891,-0.282476797813301,-1.16902125209103,91,"reactome","Cyp3a25; Fdx1; Adh5; Adh7; Bphl; Aadac; Cyp2u1; Ptgis; Cyp2s1; Cmbl; Fmo3; Cyp4b1; Aoc1; Ptgs1; Cyp2d22; Cbr3; Aldh1b1; Ptges3; Cyp4f18; Maoa; Fdxr; Cyp7b1; Cyp3a11; Ces2h; Pomc; Mtarc1; Ephx1; Cyp2a5; Aoc3; Cyp46a1; Cyp11a1; Cyp1b1","liver","RR-8","GLDS-379","Stat_(Space Flight & 22 to 23 day & On ISS & Carcass & 10 to 12 week)v(Ground Control & 24 day & On Earth & Carcass & 10 to 12 week)",1,"flight_positive"
"REACTOME_PHOSPHOLIPID_METABOLISM",0.906790945406125,0.930365826066637,0.0312771255290148,0.195469002905117,0.821988605589831,199,"reactome","Rufy1; Pik3r4; Ddhd1; Inppl1; Inpp5e; Pik3r1; Agk; Plaat1; Pla2g4f; Csnk2b; Mboat7; Lclat1; Lpin1; Gpd1; Pip4k2b; Pik3c2g; Cdipt; Plekha8; Pnpla7; Ptdss1; Chka; Pcyt1a; Slc44a3; Cpne1; Cept1; Synj1; Sbf2; Pla2g4e; Etnppl; Csnk2a2; Ocrl; Arf3; Plekha5; Gpd2; Plekha1; Pla2g5; Liph; Phospho1; Agpat3; Mtmr7; Mtmr4; Selenoi; Mtmr10; Pip4k2c; Pip4k2a; Pnpla3; Plb1; Pip5k1c; Synj2; Fig4; Mtmr2; Pla2g4c; Tmem86b; Pnpla2; Pctp; Pcyt1b; Vac14; Gdpd1; Pik3r2; Mtmr3; Sbf1; Cpne7; Pcyt2; Pik3r3","liver","RR-8","GLDS-379","Stat_(Space Flight & 22 to 23 day & On ISS & Carcass & 10 to 12 week)v(Ground Control & 24 day & On Earth & Carcass & 10 to 12 week)",1,"flight_positive"
"REACTOME_PHOSPHORYLATED_BMAL1_CLOCK_ARNTL_CLOCK_ACTIVATES_EXPRESSION_OF_CORE_CLOCK_GENES",0.0173746770060085,0.0905614060926388,0.352487857583619,0.554749390315647,1.57873885085848,21,"reactome","Clock; Npas2; Crebbp; Kmt2a; Rora; Sik1; Crem; Creb1; Rbm4","liver","RR-8","GLDS-379","Stat_(Space Flight & 22 to 23 day & On ISS & Carcass & 10 to 12 week)v(Ground Control & 24 day & On Earth & Carcass & 10 to 12 week)",1,"flight_positive"
"REACTOME_PHOSPHORYLATION_OF_THE_APC_C",0.392156862745098,0.575475874280655,0.0860347242455604,0.375665502037003,1.05175198192619,20,"reactome","Cdc27; Anapc1; Ube2s; Anapc5; Plk1; Cdk1; Anapc7; Anapc4; Ube2d1","liver","RR-8","GLDS-379","Stat_(Space Flight & 22 to 23 day & On ISS & Carcass & 10 to 12 week)v(Ground Control & 24 day & On Earth & Carcass & 10 to 12 week)",1,"flight_positive"
"REACTOME_PI3K_AKT_SIGNALING_IN_CANCER",0.0511695906432749,0.187421325348026,0.241339976815091,0.343307601026787,1.33718726890376,104,"reactome","Cdkn1a; Mdm2; Nr4a1; Mlst8; Akt2; Fgf18; Foxo1; Pdpk1; Strn; Pik3r1; Irs1; Tgfa; Gab1; Tsc2; Btc; Ereg; Ptpn11; Creb1; Fgf1; Rhog; Akt3; Mapkap1; Grb2; Frs2; Fgfr3; Akt1; Gsk3a; Prr5; Rps6kb2; Foxo6; Esr1; Fgf7; Ntrk2; Flt3l; Pik3r2; Pik3r3","liver","RR-8","GLDS-379","Stat_(Space Flight & 22 to 23 day & On ISS & Carcass & 10 to 12 week)v(Ground Control & 24 day & On Earth & Carcass & 10 to 12 week)",1,"flight_positive"
"REACTOME_PI3K_EVENTS_IN_ERBB2_SIGNALING",0.38121546961326,0.567713064585784,0.0894366833718621,0.414521788844564,1.07253729313813,15,"reactome","Pik3r1; Gab1; Btc; Ereg; Grb2","liver","RR-8","GLDS-379","Stat_(Space Flight & 22 to 23 day & On ISS & Carcass & 10 to 12 week)v(Ground Control & 24 day & On Earth & Carcass & 10 to 12 week)",1,"flight_positive"
"REACTOME_PINK1_PRKN_MEDIATED_MITOPHAGY",0.73621103117506,0.810272101044264,0.0686325631836726,-0.252112021937139,-0.84442572746584,32,"reactome","Rps27a; Map1lc3a; Atg5; Ubc; Tomm5; Tomm7; Uba52; Tomm70a; Map1lc3b; Mterf3","liver","RR-8","GLDS-379","Stat_(Space Flight & 22 to 23 day & On ISS & Carcass & 10 to 12 week)v(Ground Control & 24 day & On Earth & Carcass & 10 to 12 week)",1,"flight_positive"
"REACTOME_PIWI_INTERACTING_RNA_PIRNA_BIOGENESIS",0.0863636363636364,0.247733160621762,0.231126709673834,-0.416965401459468,-1.33330431444518,26,"reactome","Polr2h; Polr2k; Polr2f; Polr2g; Polr2l; Polr2i; Polr2d; Pld6","liver","RR-8","GLDS-379","Stat_(Space Flight & 22 to 23 day & On ISS & Carcass & 10 to 12 week)v(Ground Control & 24 day & On Earth & Carcass & 10 to 12 week)",1,"flight_positive"
"REACTOME_PI_3K_CASCADE_FGFR1",0.0130914130858376,0.0765397431738124,0.380730400722792,0.641748328024122,1.66046522315142,15,"reactome","Pik3r1; Gab1; Ptpn11; Fgf1; Grb2; Frs2","liver","RR-8","GLDS-379","Stat_(Space Flight & 22 to 23 day & On ISS & Carcass & 10 to 12 week)v(Ground Control & 24 day & On Earth & Carcass & 10 to 12 week)",1,"flight_positive"
"REACTOME_PI_3K_CASCADE_FGFR2",0.00957228874448073,0.0629605896586381,0.380730400722792,0.643450013212566,1.71806937709091,17,"reactome","Fgf18; Pik3r1; Gab1; Ptpn11; Fgf1; Grb2; Frs2","liver","RR-8","GLDS-379","Stat_(Space Flight & 22 to 23 day & On ISS & Carcass & 10 to 12 week)v(Ground Control & 24 day & On Earth & Carcass & 10 to 12 week)",1,"flight_positive"
"REACTOME_PI_3K_CASCADE_FGFR4",0.0216283351013609,0.103460217692657,0.352487857583619,0.621200111115786,1.60729858744063,15,"reactome","Fgf18; Pik3r1; Gab1; Ptpn11; Fgf1; Grb2; Frs2","liver","RR-8","GLDS-379","Stat_(Space Flight & 22 to 23 day & On ISS & Carcass & 10 to 12 week)v(Ground Control & 24 day & On Earth & Carcass & 10 to 12 week)",1,"flight_positive"
"REACTOME_PI_METABOLISM",0.641881638846737,0.739602931100777,0.053347785067549,0.242935727114252,0.913892981130053,81,"reactome","Rufy1; Pik3r4; Inppl1; Inpp5e; Pik3r1; Pip4k2b; Pik3c2g; Plekha8; Pnpla7; Synj1; Sbf2; Ocrl; Arf3; Plekha5; Plekha1; Mtmr7; Mtmr4; Mtmr10; Pip4k2c; Pip4k2a; Pip5k1c; Synj2; Fig4; Mtmr2; Vac14; Gdpd1; Pik3r2; Mtmr3; Sbf1; Pik3r3; Pitpnb; Inpp5f; Pikfyve; Plekha6; Mtmr14; Inpp4a","liver","RR-8","GLDS-379","Stat_(Space Flight & 22 to 23 day & On ISS & Carcass & 10 to 12 week)v(Ground Control & 24 day & On Earth & Carcass & 10 to 12 week)",1,"flight_positive"
"REACTOME_PKA_ACTIVATION_IN_GLUCAGON_SIGNALLING",0.362162162162162,0.546706542608182,0.0911073131586733,0.414291008526559,1.08497078699085,16,"reactome","Prkar2a; Adcy2; Prkaca; Adcy1; Gnas; Prkar1a","liver","RR-8","GLDS-379","Stat_(Space Flight & 22 to 23 day & On ISS & Carcass & 10 to 12 week)v(Ground Control & 24 day & On Earth & Carcass & 10 to 12 week)",1,"flight_positive"
"REACTOME_PKA_MEDIATED_PHOSPHORYLATION_OF_CREB",0.608849557522124,0.715722086236114,0.0630790410571939,0.32110736458688,0.885571012793402,19,"reactome","Prkar2a; Adcy2; Creb1; Prkaca; Adcy1; Prkar1a","liver","RR-8","GLDS-379","Stat_(Space Flight & 22 to 23 day & On ISS & Carcass & 10 to 12 week)v(Ground Control & 24 day & On Earth & Carcass & 10 to 12 week)",1,"flight_positive"
"REACTOME_PKMTS_METHYLATE_HISTONE_LYSINES",0.00439827934519463,0.0391943441648392,0.407017918923954,0.453053502793942,1.64345701025831,64,"reactome","Rela; Ezh2; Nsd1; Kmt5b; Ehmt1; Kmt5a; Ash1l; Kmt2a; Setd2; Prdm9; Kmt2b; Setd6; Dot1l; Nsd3; Kmt2d; Setdb1; Rbbp5; Atf7ip; Kmt2c; Setd3; Aebp2","liver","RR-8","GLDS-379","Stat_(Space Flight & 22 to 23 day & On ISS & Carcass & 10 to 12 week)v(Ground Control & 24 day & On Earth & Carcass & 10 to 12 week)",1,"flight_positive"
"REACTOME_PKR_MEDIATED_SIGNALING",0.0646153846153846,0.207558139534884,0.219250346703755,0.361998673698519,1.32415273592762,69,"reactome","Tuba8; Ube2i; Ppp2r1b; Ppp2r1a; Stat3; Tubb2a; Tuba4a; Ube2l6; Fancm; Arih1; Snca; Mapt; Mavs; Ilf3; Ptpn2; Cenps; Ikbkg; Tubb4b; Hspa8; Hspa1l; Cdk1; Faap24","liver","RR-8","GLDS-379","Stat_(Space Flight & 22 to 23 day & On ISS & Carcass & 10 to 12 week)v(Ground Control & 24 day & On Earth & Carcass & 10 to 12 week)",1,"flight_positive"
"REACTOME_PLASMA_LIPOPROTEIN_ASSEMBLY",0.700934579439252,0.787927477396108,0.0697792517076235,-0.292814044518964,-0.843916133973166,18,"reactome","Sar1b; Apoc4; Abca1; Apoa1; Apoc2; Apoa4","liver","RR-8","GLDS-379","Stat_(Space Flight & 22 to 23 day & On ISS & Carcass & 10 to 12 week)v(Ground Control & 24 day & On Earth & Carcass & 10 to 12 week)",1,"flight_positive"
"REACTOME_PLASMA_LIPOPROTEIN_ASSEMBLY_REMODELING_AND_CLEARANCE",0.152046783625731,0.334131574191216,0.195789002148949,-0.295843631477564,-1.17688063449705,74,"reactome","Mylip; Gpihbp1; Rps27a; Sar1b; Creb3l3; Apoc4; Pltp; Abcg1; Ubc; Lipc; Cltc; Apof; Npc2; Uba52; Npc1; Apoa5; Nceh1; Mbtps2; Abca1; Ap2s1; Apoa1; Apoc2; Ldlr; Ces3a","liver","RR-8","GLDS-379","Stat_(Space Flight & 22 to 23 day & On ISS & Carcass & 10 to 12 week)v(Ground Control & 24 day & On Earth & Carcass & 10 to 12 week)",1,"flight_positive"
"REACTOME_PLASMA_LIPOPROTEIN_CLEARANCE",0.112469437652812,0.281173594132029,0.208955027549354,-0.365876613307886,-1.26615066404212,38,"reactome","Mylip; Rps27a; Apoc4; Ubc; Lipc; Cltc; Npc2; Uba52; Npc1; Nceh1; Ap2s1; Apoa1; Ldlr; Ces3a","liver","RR-8","GLDS-379","Stat_(Space Flight & 22 to 23 day & On ISS & Carcass & 10 to 12 week)v(Ground Control & 24 day & On Earth & Carcass & 10 to 12 week)",1,"flight_positive"
"REACTOME_PLASMA_LIPOPROTEIN_REMODELING",0.569086651053864,0.692229385816084,0.0806388495950661,-0.275103210562842,-0.93701465148018,33,"reactome","Gpihbp1; Creb3l3; Pltp; Abcg1; Lipc; Apof; Apoa5; Mbtps2; Apoa1; Apoc2; Apoa4","liver","RR-8","GLDS-379","Stat_(Space Flight & 22 to 23 day & On ISS & Carcass & 10 to 12 week)v(Ground Control & 24 day & On Earth & Carcass & 10 to 12 week)",1,"flight_positive"
"REACTOME_PLATELET_ACTIVATION_SIGNALING_AND_AGGREGATION",0.766839378238342,0.833193228076075,0.0379271467108098,0.205762607286943,0.894391114026583,263,"reactome","Ttn; Orm2; Tln1; Actn2; Cap1; Adra2a; Gnaq; Calu; Pdpk1; Ywhaz; Igf1; Aplp2; Pik3r1; Tuba4a; Orm1; Serpina1e; Gas6; Stx4a; Serpina3m; Thpo; Itpr2; Serpina1b; Fgb; Pfn1; Cd9; Ptk2; Ptpn11; A1bg; Rhoa; Fga; Vegfb; Fgg; Ptpn1; Stxbp3; Crk; Sos1; Rhog; Actn4; Tgfb2; Prkcd; Ptpn6; Ola1; Mapk3; Selp; Vegfa; Brpf3; Chid1; Gtpbp2; Dgkq; Gng12; Gngt1; Itih4; Phactr2; Grb2; Gng8; Aldoa; Gna14; Fn1; Akt1; Plg; F2rl2","liver","RR-8","GLDS-379","Stat_(Space Flight & 22 to 23 day & On ISS & Carcass & 10 to 12 week)v(Ground Control & 24 day & On Earth & Carcass & 10 to 12 week)",1,"flight_positive"
"REACTOME_PLATELET_ADHESION_TO_EXPOSED_COLLAGEN",0.00270010308079219,0.0279345154009558,0.431707695803346,-0.662440726939855,-1.85382755762073,16,"reactome","Lyn; Fcer1g; Vwf; Col1a2; Adamts13; Col1a1; Gp5; Itga2; Itgb1","liver","RR-8","GLDS-379","Stat_(Space Flight & 22 to 23 day & On ISS & Carcass & 10 to 12 week)v(Ground Control & 24 day & On Earth & Carcass & 10 to 12 week)",1,"flight_positive"
"REACTOME_PLATELET_AGGREGATION_PLUG_FORMATION",0.27257525083612,0.452925792742726,0.103576326612592,0.340737567144831,1.12353810087891,39,"reactome","Tln1; Adra2a; Pdpk1; Thpo; Fgb; Ptk2; Fga; Fgg; Ptpn1; Crk; Sos1; Grb2; Fn1; Akt1; Itgb3","liver","RR-8","GLDS-379","Stat_(Space Flight & 22 to 23 day & On ISS & Carcass & 10 to 12 week)v(Ground Control & 24 day & On Earth & Carcass & 10 to 12 week)",1,"flight_positive"
"REACTOME_PLATELET_CALCIUM_HOMEOSTASIS",0.630397236614853,0.730943280649961,0.0602484086158019,0.291135244141668,0.885097008925661,27,"reactome","Atp2a1; Itpr2; Atp2b2; Atp2b1; Stim1; P2rx5; Sri; Atp2b3; Slc8a1; Slc8a3; Orai1; P2rx6","liver","RR-8","GLDS-379","Stat_(Space Flight & 22 to 23 day & On ISS & Carcass & 10 to 12 week)v(Ground Control & 24 day & On Earth & Carcass & 10 to 12 week)",1,"flight_positive"
"REACTOME_PLATELET_HOMEOSTASIS",0.272455089820359,0.452925792742726,0.096887770327544,0.288985879021667,1.095414651835,85,"reactome","Ppp2r1b; Ppp2r1a; Atp2a1; Nos1; Ppp2r5c; Pde9a; Kcnma1; Itpr2; Ptpn11; Atp2b2; Ppp2r5d; Atp2b1; Stim1; Ptpn6; Pde10a; Lrp8; Prkg1; Gng12; Gngt1; Gnas; P2rx5; Gng8; Sri; Atp2b3; Slc8a1","liver","RR-8","GLDS-379","Stat_(Space Flight & 22 to 23 day & On ISS & Carcass & 10 to 12 week)v(Ground Control & 24 day & On Earth & Carcass & 10 to 12 week)",1,"flight_positive"
"REACTOME_PLATELET_SENSITIZATION_BY_LDL",0.0397498549870167,0.159143441161788,0.321775918075361,0.581889238594361,1.55369657496216,17,"reactome","Ppp2r1b; Ppp2r1a; Ppp2r5c; Ptpn11; Ppp2r5d; Ptpn6; Lrp8","liver","RR-8","GLDS-379","Stat_(Space Flight & 22 to 23 day & On ISS & Carcass & 10 to 12 week)v(Ground Control & 24 day & On Earth & Carcass & 10 to 12 week)",1,"flight_positive"
"REACTOME_POLO_LIKE_KINASE_MEDIATED_EVENTS",0.565765765765766,0.690159416266804,0.0675188953767744,0.355489051466129,0.930976603396672,16,"reactome","Lin9; Lin37; Lin54; Lin52; Plk1; Cdc25a; Cenpf; Pkmyt1","liver","RR-8","GLDS-379","Stat_(Space Flight & 22 to 23 day & On ISS & Carcass & 10 to 12 week)v(Ground Control & 24 day & On Earth & Carcass & 10 to 12 week)",1,"flight_positive"
"REACTOME_POLYMERASE_SWITCHING_ON_THE_C_STRAND_OF_THE_TELOMERE",0.00668872219149039,0.0518003173509139,0.407017918923954,0.55283790457492,1.66024293968641,26,"reactome","Terf2; Pot1a; Acd; Pold3; Pola2; Chtf8; Rfc1; Rfc3; Ctc1; Tinf2; Pold4; Rfc5","liver","RR-8","GLDS-379","Stat_(Space Flight & 22 to 23 day & On ISS & Carcass & 10 to 12 week)v(Ground Control & 24 day & On Earth & Carcass & 10 to 12 week)",1,"flight_positive"
"REACTOME_POSITIVE_EPIGENETIC_REGULATION_OF_RRNA_EXPRESSION",0.0828220858895705,0.241473363873286,0.276500599254472,-0.308605466985049,-1.25625110031324,86,"reactome","H2bc8; Polr1d; Polr2h; H2bc3; Myo1c; H2bc6; Rbbp4; Polr2k; Polr2f; Cbx3; Polr1b; H2bc14; Polr2l; H4c3; H4c18; H4c6; Polr1h; H3c1; H4c14; Polr1c; H2ac20; H4c11; H4c16; Rbbp7","liver","RR-8","GLDS-379","Stat_(Space Flight & 22 to 23 day & On ISS & Carcass & 10 to 12 week)v(Ground Control & 24 day & On Earth & Carcass & 10 to 12 week)",1,"flight_positive"
"REACTOME_POSTMITOTIC_NUCLEAR_PORE_COMPLEX_NPC_REFORMATION",0.8,0.857997756868609,0.0619762736001998,-0.249344862993154,-0.797314550439579,26,"reactome","Sec13; Nup107; Nup85; Nup43; Ran; Nup35; Rcc1; Nup133","liver","RR-8","GLDS-379","Stat_(Space Flight & 22 to 23 day & On ISS & Carcass & 10 to 12 week)v(Ground Control & 24 day & On Earth & Carcass & 10 to 12 week)",1,"flight_positive"
"REACTOME_POST_CHAPERONIN_TUBULIN_FOLDING_PATHWAY",0.330973451327434,0.515106568615231,0.0952879846194844,0.397410362577186,1.09600443993196,19,"reactome","Tuba8; Tubb2a; Tuba4a; Tubb4b; Tbcb; Tuba1b","liver","RR-8","GLDS-379","Stat_(Space Flight & 22 to 23 day & On ISS & Carcass & 10 to 12 week)v(Ground Control & 24 day & On Earth & Carcass & 10 to 12 week)",1,"flight_positive"
"REACTOME_POST_TRANSLATIONAL_MODIFICATION_SYNTHESIS_OF_GPI_ANCHORED_PROTEINS",0.0382976785314646,0.153887035553703,0.321775918075361,-0.341486494199392,-1.38559404867308,84,"reactome","Gp2; Pigp; Gpihbp1; Fcgr4; Pigg; Reck; Cd52; Bst1; Sprn; Pgap1; Art4; Msln; Pigx; Pigs; Ntm; Gpld1; Pigv; Dpm3; Pigw; Gpaa1; Pigk; Pigyl; Folr2; Vnn1; Dpm2; Ly6g6d; Izumo1r; Pigz; Alpl","liver","RR-8","GLDS-379","Stat_(Space Flight & 22 to 23 day & On ISS & Carcass & 10 to 12 week)v(Ground Control & 24 day & On Earth & Carcass & 10 to 12 week)",1,"flight_positive"
"REACTOME_POTASSIUM_CHANNELS",0.984615384615385,0.987295825771325,0.0665892104103933,-0.169559992543295,-0.700599327662371,94,"reactome","Kcnj14; Kcna3; Kcnq3; Kcnn4; Gng10; Gnb4; Gnb5; Kcnj8; Gng11; Gnb2; Gngt2; Kcnab1; Kcnh7; Kcnk10; Abcc9; Kcnmb1","liver","RR-8","GLDS-379","Stat_(Space Flight & 22 to 23 day & On ISS & Carcass & 10 to 12 week)v(Ground Control & 24 day & On Earth & Carcass & 10 to 12 week)",1,"flight_positive"
"REACTOME_POTENTIAL_THERAPEUTICS_FOR_SARS",0.0065118678061664,0.0510327228781125,0.407017918923954,0.369613821938566,1.48457368582372,127,"reactome","Phf21a; Rcor1; Arid4a; Chd4; S1pr1; Igkv8-30; Atp1a2; Gatad2a; Fxyd6; Brd4; Hsp90ab1; Mta2; Sigmar1; Fkbp1a; Tbk1; Fkbp4; Igkv14-111; Gatad2b; Mta3; Hdac2; Ripk1; Atp1b1; Rest; Suds3; Jak2; Sos1; Ighm; Furin; Comt; Stat2; Rock1; Vegfa; Igkv11-125; Brms1; Mta1; Grb2","liver","RR-8","GLDS-379","Stat_(Space Flight & 22 to 23 day & On ISS & Carcass & 10 to 12 week)v(Ground Control & 24 day & On Earth & Carcass & 10 to 12 week)",1,"flight_positive"
"REACTOME_PRC2_METHYLATES_HISTONES_AND_DNA",0.241847826086957,0.430598729859002,0.14641623786055,-0.304924564946123,-1.13848012070255,54,"reactome","H2bc8; H2bc3; H2bc6; Rbbp4; Suz12; H2bc14; H4c3; H4c18; H4c6; H3c1; H4c14; H2ac20; H4c11; H4c16; Rbbp7; H2ac23; H4c2; H3c11; H2ac7; H4c8","liver","RR-8","GLDS-379","Stat_(Space Flight & 22 to 23 day & On ISS & Carcass & 10 to 12 week)v(Ground Control & 24 day & On Earth & Carcass & 10 to 12 week)",1,"flight_positive"
"REACTOME_PRESYNAPTIC_FUNCTION_OF_KAINATE_RECEPTORS",0.182648401826484,0.372373586749566,0.155241966228839,-0.412947269776605,-1.25612855632552,21,"reactome","Gng10; Gnb4; Gnb5; Gng11; Gnb2; Gngt2","liver","RR-8","GLDS-379","Stat_(Space Flight & 22 to 23 day & On ISS & Carcass & 10 to 12 week)v(Ground Control & 24 day & On Earth & Carcass & 10 to 12 week)",1,"flight_positive"
"REACTOME_PRE_NOTCH_EXPRESSION_AND_PROCESSING",0.796380090497738,0.855199222546161,0.0431901998334182,0.221934126895407,0.844174776245081,91,"reactome","Prkci; Crebbp; Atp2a1; Ago1; Jun; Tnrc6c; Maml1; Rfng; Kat2b; Tnrc6b; Rbpj; Furin; Ago2; Tmed2; Sel1l; Mov10; St3gal6; Runx1; Tfdp2; H2az2; St3gal3; H3c8","liver","RR-8","GLDS-379","Stat_(Space Flight & 22 to 23 day & On ISS & Carcass & 10 to 12 week)v(Ground Control & 24 day & On Earth & Carcass & 10 to 12 week)",1,"flight_positive"
"REACTOME_PRE_NOTCH_PROCESSING_IN_GOLGI",0.560975609756098,0.688522392062215,0.0662842187012672,0.341343227899945,0.928074315637124,18,"reactome","Atp2a1; Rfng; Furin; Tmed2; Sel1l; St3gal6; St3gal3","liver","RR-8","GLDS-379","Stat_(Space Flight & 22 to 23 day & On ISS & Carcass & 10 to 12 week)v(Ground Control & 24 day & On Earth & Carcass & 10 to 12 week)",1,"flight_positive"
"REACTOME_PROCESSING_OF_CAPPED_INTRONLESS_PRE_MRNA",0.105172413793103,0.276942355889724,0.179782316298324,0.439551279719366,1.35672857423668,29,"reactome","Fip1l1; Pabpn1; Snrpd3; Ncbp2; Cstf2; Cstf2t; Pcf11; Lsm11; Snrpf; Lsm10; Ncbp1; Cstf1; Cpsf2; Cpsf7; Wdr33","liver","RR-8","GLDS-379","Stat_(Space Flight & 22 to 23 day & On ISS & Carcass & 10 to 12 week)v(Ground Control & 24 day & On Earth & Carcass & 10 to 12 week)",1,"flight_positive"
"REACTOME_PROCESSING_OF_CAPPED_INTRON_CONTAINING_PRE_MRNA",6.10286511833669e-12,7.49296217306893e-10,0.887074988399873,0.466550974516273,2.03624922895304,277,"reactome","Zrsr2; Fip1l1; Ppig; Srsf5; Isy1; Nsrp1; Acin1; Pabpn1; Casc3; Cwc22; Aqr; U2surp; Wbp11; Mettl3; Tpr; Prcc; Hnrnpc; Rbm17; Snrpd3; Ncbp2; Hnrnph2; Dhx35; Dnajc8; Prkrip1; Bud13; Hnrnpu; Pqbp1; Prpf6; Ik; Aaas; Gpatch1; BC005624; Cdc5l; Slu7; Zfp830; Dhx16; Nkap; Srsf1; Snrpa; Ddx42; Tcerg1; Nup98; Srrm1; Cwc27; Sf1; Zmat2; Fus; Ddx23; Mfap1a; Wbp4; Dhx8; Gtf2f1; Gpkow; Luc7l3; Leng1; Prpf40a; Ybx1; U2af1; Srrm2; Cwc25; Snrpc; Ddx5; Cstf2; Cwc15; Sf3b3; Srrt; Rbm10; Pnn; Gle1; Prpf3; Tra2b; Nup50; Dhx38; Upf3b; Cwf19l2; Sf3a1; Ptbp1; Sf3b2; Bcas2; Sugp1; Sf3a2; Prpf31; Mettl14; Ubl5; Nxf7; Snrnp48; Nup153; Rbm22; Srsf4; Crnkl1; Cstf2t; Rbm8a; Pcf11; Rae1; Txnl4a; Fam32a; Snrpf; Ndc1; Ppp1r8; Snrpd1; Ppil4; Srsf2; Lsm2; Rbm5; Snrnp35; Xab2; Pom121; Polr2c; Sf3a3; Fam50a; Polr2b; Hspa8; Ncbp1; Hnrnpr; Cstf1; Prpf4b; Yju2; Sarnp; Sart1; Cpsf2; Nup93; Snrpn; Pdcd7; Cherp","liver","RR-8","GLDS-379","Stat_(Space Flight & 22 to 23 day & On ISS & Carcass & 10 to 12 week)v(Ground Control & 24 day & On Earth & Carcass & 10 to 12 week)",1,"flight_positive"
"REACTOME_PROCESSING_OF_DNA_DOUBLE_STRAND_BREAK_ENDS",0.584218512898331,0.698063834005154,0.0577308549299813,0.249721824295109,0.940301401313917,82,"reactome","Trp53bp1; Ppp4r2; Ube2i; Rnf168; Pias4; Topbp1; Mre11a; Rad17; Ube2n; Top3a; Ubb; Babam2; Rfc3; Herc2; Cdk2; Uimc1; Nbn; Rhno1; Rad50; Rfc5; Kat5","liver","RR-8","GLDS-379","Stat_(Space Flight & 22 to 23 day & On ISS & Carcass & 10 to 12 week)v(Ground Control & 24 day & On Earth & Carcass & 10 to 12 week)",1,"flight_positive"
"REACTOME_PROCESSING_OF_INTRONLESS_PRE_MRNAS",0.0944741532976827,0.259042033235582,0.193813302725311,0.496303283274842,1.38950198778,20,"reactome","Fip1l1; Pabpn1; Ncbp2; Cstf2; Cstf2t; Pcf11; Ncbp1; Cstf1; Cpsf2; Cpsf7; Wdr33","liver","RR-8","GLDS-379","Stat_(Space Flight & 22 to 23 day & On ISS & Carcass & 10 to 12 week)v(Ground Control & 24 day & On Earth & Carcass & 10 to 12 week)",1,"flight_positive"
"REACTOME_PROCESSING_OF_SMDT1",0.579520697167756,0.696812154918793,0.0758886900606117,-0.329776672948109,-0.906770322277546,15,"reactome","Parl; Yme1l1; Maip1; Smdt1","liver","RR-8","GLDS-379","Stat_(Space Flight & 22 to 23 day & On ISS & Carcass & 10 to 12 week)v(Ground Control & 24 day & On Earth & Carcass & 10 to 12 week)",1,"flight_positive"
"REACTOME_PROCESSIVE_SYNTHESIS_ON_THE_C_STRAND_OF_THE_TELOMERE",0.173451327433628,0.361629654366338,0.13880510939114,0.455493986298539,1.25619127822453,19,"reactome","Terf2; Pot1a; Acd; Pold3; Lig1; Tinf2; Pold4","liver","RR-8","GLDS-379","Stat_(Space Flight & 22 to 23 day & On ISS & Carcass & 10 to 12 week)v(Ground Control & 24 day & On Earth & Carcass & 10 to 12 week)",1,"flight_positive"
"REACTOME_PROCESSIVE_SYNTHESIS_ON_THE_LAGGING_STRAND",0.69060773480663,0.781372095838699,0.0589694466690997,0.321260016082625,0.831230968589626,15,"reactome","Pold3; Pola2; Lig1; Pold4","liver","RR-8","GLDS-379","Stat_(Space Flight & 22 to 23 day & On ISS & Carcass & 10 to 12 week)v(Ground Control & 24 day & On Earth & Carcass & 10 to 12 week)",1,"flight_positive"
"REACTOME_PROGRAMMED_CELL_DEATH",0.329349269588313,0.514026755501534,0.0795564677235957,0.250000003344483,1.05031484917941,194,"reactome","Acin1; Ywhae; Pdcd6ip; Birc3; Akt2; Dapk1; Stat3; Ywhah; Trp53bp2; Dsp; Ywhaz; Gsdmd; Psmd11; Hmgb1; Fadd; Tjp2; Ly96; Chmp6; Ube2l3; Ubb; Psmd7; Chmp3; Mapt; Add1; Ripk1; Ptk2; Sem1; Kpnb1; Cdc37; Diablo; Sptan1; Psma4; Stk24; Mlkl; Bak1; Prkcd; Psmc3; Chmp4b; Il1a; Mapk3; Rock1; Akt3; Tjp1; Appl1; Psmb2; Mapk8; Tfdp2; Akt1; Ppp1r13b; Psmc1; Lmnb1; Dynll1; Fasl; Bcl2l1; Psmc4; Apc; Ticam1; Psmd3; Dsg2; Uaca; Flot1; Arhgap10; Aven; Dapk2; Maged1; Trp63; Psmd12; Fnta; Dapk3; Casp8; Oma1","liver","RR-8","GLDS-379","Stat_(Space Flight & 22 to 23 day & On ISS & Carcass & 10 to 12 week)v(Ground Control & 24 day & On Earth & Carcass & 10 to 12 week)",1,"flight_positive"
"REACTOME_PROSTACYCLIN_SIGNALLING_THROUGH_PROSTACYCLIN_RECEPTOR",0.160183066361556,0.345033700447406,0.166933848713193,-0.428876311537254,-1.26439565733151,19,"reactome","Gng10; Gnb4; Gnb5; Gng11; Gnb2; Gngt2","liver","RR-8","GLDS-379","Stat_(Space Flight & 22 to 23 day & On ISS & Carcass & 10 to 12 week)v(Ground Control & 24 day & On Earth & Carcass & 10 to 12 week)",1,"flight_positive"
"REACTOME_PROTEASOME_ASSEMBLY",0.284574468085106,0.465169803600655,0.132147260608774,-0.298708981672162,-1.099240831905,50,"reactome","Psmb5; Psma7; Psmg4; Psmg2; Psmb1; Psmb4; Psmd6; Psmd13; Psmg3; Psmb9; Psmb3; Psme2; Psmb10","liver","RR-8","GLDS-379","Stat_(Space Flight & 22 to 23 day & On ISS & Carcass & 10 to 12 week)v(Ground Control & 24 day & On Earth & Carcass & 10 to 12 week)",1,"flight_positive"
"REACTOME_PROTEIN_FOLDING",0.491778774289985,0.642916599424121,0.0652353056017703,0.255362263612107,0.97622758934144,92,"reactome","Tuba8; Pfdn5; Pdcl; Hdac3; Gnaq; Stat3; Fbxw7; Tubb2a; Kif13a; Tuba4a; Csnk2b; Nop56; Arfgef2; Pfdn2; Gng12; Fbxw2; Csnk2a2; Gngt1; Tubb4b; Actb; Gng8; Tbcb; Gna14","liver","RR-8","GLDS-379","Stat_(Space Flight & 22 to 23 day & On ISS & Carcass & 10 to 12 week)v(Ground Control & 24 day & On Earth & Carcass & 10 to 12 week)",1,"flight_positive"
"REACTOME_PROTEIN_HYDROXYLATION",0.983957219251337,0.987295825771325,0.0411544018789903,0.195255520943068,0.546657545130864,20,"reactome","Riox2; Jmjd4; Ogfod1; Rccd1; Kdm8; Jmjd6; Riox1","liver","RR-8","GLDS-379","Stat_(Space Flight & 22 to 23 day & On ISS & Carcass & 10 to 12 week)v(Ground Control & 24 day & On Earth & Carcass & 10 to 12 week)",1,"flight_positive"
"REACTOME_PROTEIN_LOCALIZATION",9.74557431411617e-08,5.38442980854918e-06,0.704975715167238,-0.435734467893732,-1.96174116387542,159,"reactome","Hmgcl; Sec61b; Pex2; Timm10; Hscb; Timm9; Timm8a1; Acaa1a; Get1; Coa6; Vapa; Chchd2; Timm10b; Rps27a; Grpel1; Timm13; Chchd4; Ndufb8; Ech1; Dhrs4; Timm50; Cox19; Timm8b; Get4; Otc; Tafazzin; Coq2; Nudt19; Ehhadh; Ubc; Mlycd; Slc25a13; Acot4; Cox17; Tomm5; Fis1; Dnajc19; Tomm7; Ephx2; Scp2; Acot8; Cyc1; Pex13; Pex11b; Baat; Ddo; Pam16; Uba52; Nudt7; Serp1; Tomm70a; Decr2; Hmox1; Stx5a; Cmc4; App; Aldh3a2; Crot; Tomm22; Pex6; Slc27a2; Chchd7; Gstk1; Pex5; Pecr; Timm21","liver","RR-8","GLDS-379","Stat_(Space Flight & 22 to 23 day & On ISS & Carcass & 10 to 12 week)v(Ground Control & 24 day & On Earth & Carcass & 10 to 12 week)",1,"flight_positive"
"REACTOME_PROTEIN_METHYLATION",0.746636771300448,0.818485746316464,0.0646484568421928,-0.281541480398536,-0.807653832134889,17,"reactome","Prmt3; Eef1akmt1; Etfbkmt; Etfb","liver","RR-8","GLDS-379","Stat_(Space Flight & 22 to 23 day & On ISS & Carcass & 10 to 12 week)v(Ground Control & 24 day & On Earth & Carcass & 10 to 12 week)",1,"flight_positive"
"REACTOME_PROTEIN_PROTEIN_INTERACTIONS_AT_SYNAPSES",0.0850746268656716,0.245949074074074,0.186432558434075,0.341179004153151,1.28825884588637,80,"reactome","Ppfia1; Sipa1l1; Dlg3; Dlg1; Epb41; Shank1; Ppfibp2; Ppfibp1; Lin7a; Sharpin; Shank2; Homer1; Lrfn3; Homer2; Epb41l3; Lin7c; Ptprs; Ppfia2; Epb41l1; Flot1; Lrfn2; Grin2d; Apba1; Dlgap1; Dlgap4; Ptprf; Epb41l2; Nrxn2","liver","RR-8","GLDS-379","Stat_(Space Flight & 22 to 23 day & On ISS & Carcass & 10 to 12 week)v(Ground Control & 24 day & On Earth & Carcass & 10 to 12 week)",1,"flight_positive"
"REACTOME_PROTEIN_UBIQUITINATION",0.440548780487805,0.614654548534122,0.0716527366829457,0.273130143990703,1.00285497474719,71,"reactome","Ube2r2; Ctr9; Paf1; Leo1; Ube2s; Ube2g2; Usp7; Rtf1; Rnf40; Ube2n; Ube2l3; Ubb; Wac; Ube2z; Otulin; Ube2k; Ube2j2; Cdc34","liver","RR-8","GLDS-379","Stat_(Space Flight & 22 to 23 day & On ISS & Carcass & 10 to 12 week)v(Ground Control & 24 day & On Earth & Carcass & 10 to 12 week)",1,"flight_positive"
"REACTOME_PTEN_REGULATION",0.0067035704807065,0.0518003173509139,0.407017918923954,0.3729239308243,1.49104452853477,125,"reactome","Ezh2; Rcor1; Chd4; Usp13; Gatad2a; Mlst8; Akt2; Hdac3; Ago1; Atf2; Mta2; Jun; Tnrc6c; Rnf2; Pml; Psmd11; Usp7; Atn1; Otud3; Cbx4; Csnk2b; Ubb; Gatad2b; Psmd7; Scmh1; Mta3; Tnrc6b; Hdac2; Sem1; Rnf146; Psma4; Rest; Rptor; Ago2; Psmc3; Mapk3; Akt3; Phc1; Mov10; Nedd4; Mta1; Csnk2a2; Psmb2; Phc2","liver","RR-8","GLDS-379","Stat_(Space Flight & 22 to 23 day & On ISS & Carcass & 10 to 12 week)v(Ground Control & 24 day & On Earth & Carcass & 10 to 12 week)",1,"flight_positive"
"REACTOME_PURINERGIC_SIGNALING_IN_LEISHMANIASIS_INFECTION",0.443181818181818,0.615994854202401,0.0928481214159878,-0.316170937565734,-1.01100013018598,26,"reactome","Casp1; P2rx7; Txn1; Txnip; Entpd1; Sugt1; Pycard; Nlrp3; Hmox1; App; Il18; C3ar1; P2rx4","liver","RR-8","GLDS-379","Stat_(Space Flight & 22 to 23 day & On ISS & Carcass & 10 to 12 week)v(Ground Control & 24 day & On Earth & Carcass & 10 to 12 week)",1,"flight_positive"
"REACTOME_PURINE_CATABOLISM",0.713513513513514,0.795592512070475,0.0564118388217596,0.310468080173299,0.813072913359086,16,"reactome","Nt5e; Xdh; Nudt9; Nt5c2; Nt5c; Nt5c1a; Pnp2","liver","RR-8","GLDS-379","Stat_(Space Flight & 22 to 23 day & On ISS & Carcass & 10 to 12 week)v(Ground Control & 24 day & On Earth & Carcass & 10 to 12 week)",1,"flight_positive"
"REACTOME_PYROPTOSIS",0.471326164874552,0.633595391954234,0.0764767053228531,0.333319551053943,0.99070313727808,25,"reactome","Gsdmd; Hmgb1; Chmp6; Chmp3; Bak1; Chmp4b; Il1a","liver","RR-8","GLDS-379","Stat_(Space Flight & 22 to 23 day & On ISS & Carcass & 10 to 12 week)v(Ground Control & 24 day & On Earth & Carcass & 10 to 12 week)",1,"flight_positive"
"REACTOME_PYRUVATE_METABOLISM",0.839797639123103,0.888015685388544,0.0458620343117985,0.234308025190169,0.788044818665203,45,"reactome","Me3; Pdk4; Sirt4; Ubb; Pdk2; Wdr26; Ldhb; Gid8; Fahd1; Gid4; Mkln1; Pdhx; Dlat; Pdk1; Vdac1; Me1; Pkm","liver","RR-8","GLDS-379","Stat_(Space Flight & 22 to 23 day & On ISS & Carcass & 10 to 12 week)v(Ground Control & 24 day & On Earth & Carcass & 10 to 12 week)",1,"flight_positive"
"REACTOME_RAB_GEFS_EXCHANGE_GTP_FOR_GDP_ON_RABS",0.365925925925926,0.551634581375373,0.0797705918628453,0.273951863892318,1.04492895652396,87,"reactome","Dennd4c; Rab8a; Ywhae; Akt2; Rab5b; Rab3ip; Dennd1a; Rab7; Rab27a; Rin3; Mon1b; Ric1; Rabgef1; Akt3; Als2cl; Sbf2; Dennd2d; Dennd4a; Chm; Dennd6a; Dennd6b; Rab3a; Akt1; Dennd1c; Dennd5b; Rab12; Dennd5a; Rab10; Trappc1","liver","RR-8","GLDS-379","Stat_(Space Flight & 22 to 23 day & On ISS & Carcass & 10 to 12 week)v(Ground Control & 24 day & On Earth & Carcass & 10 to 12 week)",1,"flight_positive"
"REACTOME_RAB_GERANYLGERANYLATION",0.866666666666667,0.905166981726528,0.0699458736501659,-0.208133244474463,-0.80217302260384,63,"reactome","Rab24; Rab20; Rab31; Rab34; Rab39; Rab1a; Rab19","liver","RR-8","GLDS-379","Stat_(Space Flight & 22 to 23 day & On ISS & Carcass & 10 to 12 week)v(Ground Control & 24 day & On Earth & Carcass & 10 to 12 week)",1,"flight_positive"
"REACTOME_RAB_REGULATION_OF_TRAFFICKING",0.165689149560117,0.350740441118639,0.128142916898415,0.292584554566248,1.16014677992948,118,"reactome","Dennd4c; Rab8a; Ywhae; Akt2; Rab5b; Rab3ip; Rabep1; Dennd1a; Rab7; Rab27a; Rin3; Tbc1d7; Tsc2; Tbc1d2; Tbc1d25; Tsc1; Mon1b; Tbc1d15; Tbc1d10b; Gga3; Ric1; Optn; Rabgef1; Akt3; Als2cl; Sbf2; Dennd2d; Dennd4a; Chm; Dennd6a; Dennd6b; Rab3a; Akt1; Dennd1c; Rabgap1; Dennd5b; Gabarap; Rab12; Dennd5a; Rab10; Trappc1; Rab11a","liver","RR-8","GLDS-379","Stat_(Space Flight & 22 to 23 day & On ISS & Carcass & 10 to 12 week)v(Ground Control & 24 day & On Earth & Carcass & 10 to 12 week)",1,"flight_positive"
"REACTOME_RAC1_GTPASE_CYCLE",0.125827814569536,0.299654601507193,0.141225119642531,0.28542380746103,1.19343176065758,183,"reactome","Arhgap24; Srgap3; Arhgef11; Wasf2; Arhgap12; Arhgef5; Taok3; Vangl1; Pik3r1; Rab7; Snap23; Iqgap2; Dock5; Gmip; Arhgap35; Trio; Nckap1; Git2; Pkn1; Baiap2; Dock8; Arhgef39; Plekhg6; Arhgef18; Cdc42bpa; Arap1; Nisch; Pak4; Spata13; Sos1; Abi1; Srgap2; Diaph3; Wipf2; Ykt6; Arhgap21; Dock1; Arhgef19; Wasl; Pak5; Ktn1; Chn1; Arhgef7; Abl2; Garre1; Arhgap5; Arhgef25; Ralbp1; Farp2; Fam13b; Bcr; Arhgef6; Wipf3; Tiam2; Erbin; Dock4; Arhgap10; Cit; Arhgap20; Def6; Emd; Pik3r2; Kalrn; Pik3r3; Arap3; Arhgap29","liver","RR-8","GLDS-379","Stat_(Space Flight & 22 to 23 day & On ISS & Carcass & 10 to 12 week)v(Ground Control & 24 day & On Earth & Carcass & 10 to 12 week)",1,"flight_positive"
"REACTOME_RAC2_GTPASE_CYCLE",0.775297619047619,0.840729999065377,0.0438002031299891,0.224336379070913,0.85480484440567,88,"reactome","Wasf2; Taok3; Vangl1; Pik3r1; Rab7; Pgrmc2; Arhgap35; Trio; Nckap1; Git2; Vapb; Lman1; Pak4; Abi1; Diaph3; Arhgap21; Dock1","liver","RR-8","GLDS-379","Stat_(Space Flight & 22 to 23 day & On ISS & Carcass & 10 to 12 week)v(Ground Control & 24 day & On Earth & Carcass & 10 to 12 week)",1,"flight_positive"
"REACTOME_RAC3_GTPASE_CYCLE",0.496263079222721,0.643248150818446,0.0647943366000727,0.255003696983308,0.974856820494473,92,"reactome","Wasf2; Taok3; Vangl1; Arhgap6; Pik3r1; Rab7; Snap23; Pgrmc2; Arhgap35; Trio; Nckap1; Git2; Baiap2; Lman1; Pak4; Abi1; Srgap2; Diaph3; Ykt6; Arhgap21","liver","RR-8","GLDS-379","Stat_(Space Flight & 22 to 23 day & On ISS & Carcass & 10 to 12 week)v(Ground Control & 24 day & On Earth & Carcass & 10 to 12 week)",1,"flight_positive"
"REACTOME_RAF_ACTIVATION",0.00319708573287645,0.0301946985882776,0.431707695803346,0.562202873828146,1.76664891988496,32,"reactome","Ppp2r1b; Ppp2r1a; Mras; Camk2a; Ppp2r5c; Braf; Nras; Camk2b; Ppp2r5d; Jak2; Camk2g; Kras; Camk2d; Mark3; Shoc2","liver","RR-8","GLDS-379","Stat_(Space Flight & 22 to 23 day & On ISS & Carcass & 10 to 12 week)v(Ground Control & 24 day & On Earth & Carcass & 10 to 12 week)",1,"flight_positive"
"REACTOME_RAF_INDEPENDENT_MAPK1_3_ACTIVATION",0.227272727272727,0.416949022023718,0.118287526124085,0.409032170415242,1.19431410012309,23,"reactome","Dusp1; Ptpn11; Jak2; Mapk3; Dusp5; Cdk1; Dusp6; Dusp7; Dusp10; Il6; Il6ra; Dusp16; Il6st","liver","RR-8","GLDS-379","Stat_(Space Flight & 22 to 23 day & On ISS & Carcass & 10 to 12 week)v(Ground Control & 24 day & On Earth & Carcass & 10 to 12 week)",1,"flight_positive"
"REACTOME_RAP1_SIGNALLING",0.806629834254144,0.861513687600644,0.0517405459873163,0.287642409860549,0.744248480938708,15,"reactome","Ywhaz; Prkaca; Rap1gap; Prkg1","liver","RR-8","GLDS-379","Stat_(Space Flight & 22 to 23 day & On ISS & Carcass & 10 to 12 week)v(Ground Control & 24 day & On Earth & Carcass & 10 to 12 week)",1,"flight_positive"
"REACTOME_RAS_ACTIVATION_UPON_CA2_INFLUX_THROUGH_NMDA_RECEPTOR",0.0377876207509995,0.15294989351595,0.321775918075361,0.560935202585504,1.57045219178353,20,"reactome","Actn2; Dlg3; Dlg1; Camk2a; Nras; Camk2b; Camk2g; Kras; Camk2d","liver","RR-8","GLDS-379","Stat_(Space Flight & 22 to 23 day & On ISS & Carcass & 10 to 12 week)v(Ground Control & 24 day & On Earth & Carcass & 10 to 12 week)",1,"flight_positive"
"REACTOME_RAS_PROCESSING",0.203196347031963,0.393915725386526,0.14641623786055,-0.395999010431793,-1.21462445990388,22,"reactome","Hras; Rps27a; Abhd17b; Ubc; Abhd17a; Uba52; Lypla1; Calm1","liver","RR-8","GLDS-379","Stat_(Space Flight & 22 to 23 day & On ISS & Carcass & 10 to 12 week)v(Ground Control & 24 day & On Earth & Carcass & 10 to 12 week)",1,"flight_positive"
"REACTOME_RA_BIOSYNTHESIS_PATHWAY",0.168439716312057,0.354259773401984,0.141225119642531,0.444515207111108,1.26502784773573,21,"reactome","Rdh11; Dhrs9; Dhrs3; Cyp26a1; Rdh1; Aldh8a1; Adh1; Aldh1a7; Adh4","liver","RR-8","GLDS-379","Stat_(Space Flight & 22 to 23 day & On ISS & Carcass & 10 to 12 week)v(Ground Control & 24 day & On Earth & Carcass & 10 to 12 week)",1,"flight_positive"
"REACTOME_RECEPTOR_TYPE_TYROSINE_PROTEIN_PHOSPHATASES",0.0109579257032962,0.0692860537704217,0.380730400722792,0.596556845321607,1.62197178882593,18,"reactome","Ppfia1; Ppfibp2; Ppfibp1; Ptprs; Ppfia2; Ptprf","liver","RR-8","GLDS-379","Stat_(Space Flight & 22 to 23 day & On ISS & Carcass & 10 to 12 week)v(Ground Control & 24 day & On Earth & Carcass & 10 to 12 week)",1,"flight_positive"
"REACTOME_RECOGNITION_AND_ASSOCIATION_OF_DNA_GLYCOSYLASE_WITH_SITE_CONTAINING_AN_AFFECTED_PURINE",0.16504854368932,0.350740441118639,0.169570644405628,-0.342757376233316,-1.20953466941034,40,"reactome","H2bc8; H2bc3; H2bc6; H2bc14; H4c3; H4c18; H4c6; H4c14; Ogg1; H2ac20; H4c11; H4c16; H2ac23; H4c2; H2ac7; H4c8","liver","RR-8","GLDS-379","Stat_(Space Flight & 22 to 23 day & On ISS & Carcass & 10 to 12 week)v(Ground Control & 24 day & On Earth & Carcass & 10 to 12 week)",1,"flight_positive"
"REACTOME_RECOGNITION_OF_DNA_DAMAGE_BY_PCNA_CONTAINING_REPLICATION_COMPLEX",0.386759581881533,0.570322580645161,0.0855356947987884,0.334134473908423,1.03241005268107,30,"reactome","Wdr48; Pold3; Pole3; Ubb; Rfc1; Rfc3; Usp1; Pole; Pold4; Rfc5; Pole2","liver","RR-8","GLDS-379","Stat_(Space Flight & 22 to 23 day & On ISS & Carcass & 10 to 12 week)v(Ground Control & 24 day & On Earth & Carcass & 10 to 12 week)",1,"flight_positive"
"REACTOME_RECRUITMENT_OF_MITOTIC_CENTROSOME_PROTEINS_AND_COMPLEXES",0.000198755458406229,0.00388040634852555,0.518848077743792,0.481303212946678,1.81169492958062,79,"reactome","Odf2; Cenpj; Ywhae; Ppp2r1a; Cep135; Cep57; Tuba4a; Csnk1d; Pcnt; Cep250; Cep164; Haus7; Akap9; Ckap5; Clasp1; Cdk5rap2; Nde1; Cdk11b; Alms1; Cep131; Plk1; Cep78; Pcm1; Prkaca; Dctn1; Tubb4b; Ofd1; Cdk1; Mapre1; Cep63; Pafah1b1; Dynll1; Dync1h1; Cep290; Csnk1e; Haus3; Tubgcp4; Cep152; Tubg1; Tubg2","liver","RR-8","GLDS-379","Stat_(Space Flight & 22 to 23 day & On ISS & Carcass & 10 to 12 week)v(Ground Control & 24 day & On Earth & Carcass & 10 to 12 week)",1,"flight_positive"
"REACTOME_RECRUITMENT_OF_NUMA_TO_MITOTIC_CENTROSOMES",4.89088670853717e-05,0.00120098440287413,0.557332238758646,0.490083018867781,1.86739814747885,88,"reactome","Odf2; Numa1; Tuba8; Cenpj; Ywhae; Ppp2r1a; Cep135; Cep57; Tubb2a; Tuba4a; Csnk1d; Pcnt; Cep250; Cep164; Haus7; Akap9; Ckap5; Clasp1; Cdk5rap2; Nde1; Alms1; Cep131; Plk1; Cep78; Pcm1; Prkaca; Dctn1; Tubb4b; Ofd1; Cdk1; Mapre1; Cep63; Pafah1b1; Dynll1; Dync1h1; Cep290; Csnk1e; Haus3; Tubgcp4; Cep152; Tuba1b; Tubg1; Tubg2","liver","RR-8","GLDS-379","Stat_(Space Flight & 22 to 23 day & On ISS & Carcass & 10 to 12 week)v(Ground Control & 24 day & On Earth & Carcass & 10 to 12 week)",1,"flight_positive"
"REACTOME_RECYCLING_OF_BILE_ACIDS_AND_SALTS",0.322869955156951,0.508946220325864,0.11146266692298,-0.386060903245205,-1.10748713653872,17,"reactome","Stard5; Slco1b2; Slc27a5; Baat; Abcc3; Slc10a1","liver","RR-8","GLDS-379","Stat_(Space Flight & 22 to 23 day & On ISS & Carcass & 10 to 12 week)v(Ground Control & 24 day & On Earth & Carcass & 10 to 12 week)",1,"flight_positive"
"REACTOME_RECYCLING_PATHWAY_OF_L1",0.257240204429302,0.444340649823068,0.108394255853397,0.34145572183696,1.13521065293449,42,"reactome","Tuba8; Dnm2; Shtn1; Tubb2a; Tuba4a; Clta; Ezr; Numb; Tubb4b; Actb","liver","RR-8","GLDS-379","Stat_(Space Flight & 22 to 23 day & On ISS & Carcass & 10 to 12 week)v(Ground Control & 24 day & On Earth & Carcass & 10 to 12 week)",1,"flight_positive"
"REACTOME_REGULATED_NECROSIS",0.258320126782884,0.444340649823068,0.103576326612592,0.313522289901442,1.10087013529441,56,"reactome","Pdcd6ip; Birc3; Gsdmd; Hmgb1; Fadd; Chmp6; Ube2l3; Ubb; Chmp3; Ripk1; Cdc37; Mlkl; Bak1; Chmp4b; Il1a","liver","RR-8","GLDS-379","Stat_(Space Flight & 22 to 23 day & On ISS & Carcass & 10 to 12 week)v(Ground Control & 24 day & On Earth & Carcass & 10 to 12 week)",1,"flight_positive"
"REACTOME_REGULATION_OF_APOPTOSIS",0.20631067961165,0.396475306036302,0.150169802128406,-0.327742568151757,-1.15654986969935,40,"reactome","Psmb5; Psma7; Rps27a; Psmb1; Psmb4; Psmd6; Psmd13; Ubc; Psmb3; Uba52","liver","RR-8","GLDS-379","Stat_(Space Flight & 22 to 23 day & On ISS & Carcass & 10 to 12 week)v(Ground Control & 24 day & On Earth & Carcass & 10 to 12 week)",1,"flight_positive"
"REACTOME_REGULATION_OF_BETA_CELL_DEVELOPMENT",0.0127070074082138,0.0763111042721532,0.380730400722792,0.504240554357369,1.62007634702857,35,"reactome","Onecut1; Crebbp; Akt2; Foxo1; Maml1; Hnf1b; Nr5a2; Hnf4a; Kat2b; Rbpj; Akt3; Hnf1a; Gck; Akt1; Mafa","liver","RR-8","GLDS-379","Stat_(Space Flight & 22 to 23 day & On ISS & Carcass & 10 to 12 week)v(Ground Control & 24 day & On Earth & Carcass & 10 to 12 week)",1,"flight_positive"
"REACTOME_REGULATION_OF_CHOLESTEROL_BIOSYNTHESIS_BY_SREBP_SREBF",0.000110056472481986,0.00233870004024219,0.538434096309916,0.538143390626534,1.88958171820274,56,"reactome","Tbl1xr1; Pmvk; Crebbp; Ncoa6; Acacb; Sp1; Sec24b; Sc5d; Scd1; Ncoa1; Fdps; Cyp51; Med1; Idi1; Ncoa2; Nfyb; Sqle; Hmgcs1; Kpnb1; Dhcr7; Nfya; Nfyc; Carm1; Mvd; Chd9; Lss; Srebf2; Fasn; Helz2; Mvk","liver","RR-8","GLDS-379","Stat_(Space Flight & 22 to 23 day & On ISS & Carcass & 10 to 12 week)v(Ground Control & 24 day & On Earth & Carcass & 10 to 12 week)",1,"flight_positive"
"REACTOME_REGULATION_OF_ENDOGENOUS_RETROELEMENTS",0.00931813261654771,0.062403251765365,0.380730400722792,0.381753637264892,1.48834706775964,102,"reactome","Dpf2; Chd4; Smarcc2; Ehmt1; Ube2i; Gatad2a; Smarce1; Ss18l1; Mta2; Smarcd1; Arid1a; Trim28; Mphosph8; Dpf3; Zfp454; Zcchc8; Gatad2b; Bcl7a; Mta3; Dnmt3a; Hdac2; Setdb1; Smarca4; Arid1b; Ss18; Atf7ip; Morc2a; Zfp324; Smarcc1; Mta1; Actb; Cbx5; H2az2; Zfp317; Smarca2; H3c8","liver","RR-8","GLDS-379","Stat_(Space Flight & 22 to 23 day & On ISS & Carcass & 10 to 12 week)v(Ground Control & 24 day & On Earth & Carcass & 10 to 12 week)",1,"flight_positive"
"REACTOME_REGULATION_OF_ENDOGENOUS_RETROELEMENTS_BY_KRAB_ZFP_PROTEINS",0.763076923076923,0.831558185404339,0.0460457683018055,0.230349446985748,0.842593834196247,69,"reactome","Chd4; Ube2i; Gatad2a; Mta2; Trim28; Zfp454; Gatad2b; Mta3; Hdac2; Setdb1; Atf7ip; Zfp324; Mta1; Cbx5; H2az2; Zfp317; H3c8","liver","RR-8","GLDS-379","Stat_(Space Flight & 22 to 23 day & On ISS & Carcass & 10 to 12 week)v(Ground Control & 24 day & On Earth & Carcass & 10 to 12 week)",1,"flight_positive"
"REACTOME_REGULATION_OF_ENDOGENOUS_RETROELEMENTS_BY_PIWI_INTERACTING_RNAS_PIRNAS",0.0663650075414781,0.210124164278892,0.213927855492356,0.356483163497641,1.33361316701774,77,"reactome","Dpf2; Chd4; Smarcc2; Gatad2a; Smarce1; Ss18l1; Mta2; Smarcd1; Arid1a; Dpf3; Gatad2b; Bcl7a; Mta3; Dnmt3a; Hdac2; Smarca4; Arid1b; Ss18","liver","RR-8","GLDS-379","Stat_(Space Flight & 22 to 23 day & On ISS & Carcass & 10 to 12 week)v(Ground Control & 24 day & On Earth & Carcass & 10 to 12 week)",1,"flight_positive"
"REACTOME_REGULATION_OF_ENDOGENOUS_RETROELEMENTS_BY_THE_HUMAN_SILENCING_HUB_HUSH_COMPLEX",0.107438016528926,0.278130403379369,0.227987202850442,-0.343884325318741,-1.27162198238548,52,"reactome","H2bc8; H2bc3; H2bc6; Rbm7; H2bc14; H4c3; H4c18; H4c6; H3c1; H4c14; H2ac20; H4c11; H4c16; H2ac23; Tasor; H4c2; H3c11; H2ac7; H4c8","liver","RR-8","GLDS-379","Stat_(Space Flight & 22 to 23 day & On ISS & Carcass & 10 to 12 week)v(Ground Control & 24 day & On Earth & Carcass & 10 to 12 week)",1,"flight_positive"
"REACTOME_REGULATION_OF_EXPRESSION_OF_SLITS_AND_ROBOS",3.93392510544239e-08,2.41499291195214e-06,0.719512826338911,-0.455813848530543,-2.01558092640513,147,"reactome","Rps14; Rpl3; Rps19; Rplp2; Psmb5; Rps18; Rpl9; Rpl39; Rps21; Rpl35a; Rps27; Rpl36; Rpl13a; Psma7; Rpl6; Rpl15; Rpl27; Rps13; Rpl13; Rps27a; Rpl7; Rpl37a; Rps28; Rps29; Rps17; Rps15; Rpl24; Psmb1; Rps5; Rpl22l1; Rpl10; Psmb4; Psmd6; Psmd13; Rpl18; Fau; Rps9; Ubc; Rps23; Col4a5; Rps25; Rplp1; Rpl32; Rpl26; Rps15a; Rpl8; Rplp0; Rps20; Rps7; Psmb3; Rpl19; Rpl29; Rpl10a; Uba52; Rpl28; Rps4x; Magohb","liver","RR-8","GLDS-379","Stat_(Space Flight & 22 to 23 day & On ISS & Carcass & 10 to 12 week)v(Ground Control & 24 day & On Earth & Carcass & 10 to 12 week)",1,"flight_positive"
"REACTOME_REGULATION_OF_FZD_BY_UBIQUITINATION",0.884353741496599,0.916708146673303,0.0571258510018113,-0.238291520492427,-0.716550359539145,20,"reactome","Rps27a; Fzd5; Ubc; Uba52; Fzd8; Lgr4","liver","RR-8","GLDS-379","Stat_(Space Flight & 22 to 23 day & On ISS & Carcass & 10 to 12 week)v(Ground Control & 24 day & On Earth & Carcass & 10 to 12 week)",1,"flight_positive"
"REACTOME_REGULATION_OF_GENE_EXPRESSION_IN_BETA_CELLS",0.109756097560976,0.278950478032012,0.176694268938498,0.504201446831096,1.37086772041711,18,"reactome","Akt2; Foxo1; Hnf4a; Akt3; Hnf1a; Gck; Akt1; Mafa","liver","RR-8","GLDS-379","Stat_(Space Flight & 22 to 23 day & On ISS & Carcass & 10 to 12 week)v(Ground Control & 24 day & On Earth & Carcass & 10 to 12 week)",1,"flight_positive"
"REACTOME_REGULATION_OF_GENE_EXPRESSION_IN_LATE_STAGE_BRANCHING_MORPHOGENESIS_PANCREATIC_BUD_PRECURSOR_CELLS",0.0216283351013609,0.103460217692657,0.352487857583619,0.621379494336666,1.60776272515145,15,"reactome","Onecut1; Crebbp; Maml1; Hnf1b; Kat2b; Rbpj","liver","RR-8","GLDS-379","Stat_(Space Flight & 22 to 23 day & On ISS & Carcass & 10 to 12 week)v(Ground Control & 24 day & On Earth & Carcass & 10 to 12 week)",1,"flight_positive"
"REACTOME_REGULATION_OF_GLUCOKINASE_BY_GLUCOKINASE_REGULATORY_PROTEIN",0.562068965517241,0.688522392062215,0.0656813601934011,0.301775893226107,0.931468059010221,29,"reactome","Tpr; Aaas; Nup98; Nup50; Nup153; Rae1; Ndc1; Pom121; Gck; Nup93","liver","RR-8","GLDS-379","Stat_(Space Flight & 22 to 23 day & On ISS & Carcass & 10 to 12 week)v(Ground Control & 24 day & On Earth & Carcass & 10 to 12 week)",1,"flight_positive"
"REACTOME_REGULATION_OF_HOMOTYPIC_CELL_CELL_ADHESION",0.0228457868568291,0.106517276273402,0.352487857583619,0.497534580156699,1.54324726576315,31,"reactome","Sp1; Ago1; Tnrc6c; Tnrc6b; Ctnna1; Ago2; Ilf3; Zeb2; Mov10; Adam33; Ctnnd1; Zc3h12a; Ago4; Tnrc6a","liver","RR-8","GLDS-379","Stat_(Space Flight & 22 to 23 day & On ISS & Carcass & 10 to 12 week)v(Ground Control & 24 day & On Earth & Carcass & 10 to 12 week)",1,"flight_positive"
"REACTOME_REGULATION_OF_HSF1_MEDIATED_HEAT_SHOCK_RESPONSE",0.220543806646526,0.411584471379406,0.110564716336619,0.309915829864349,1.15494510968541,76,"reactome","Ywhae; Tpr; Bag2; Aaas; St13; Nup98; Fkbp4; Ubb; Hspa4; Hsf1; Dnajc7; Nup50; Cryba4; Nup153; Hspb1; Bag3; Bag4; Mapk3; Rae1; Ndc1; Pom121; Hspa8; Hspa1l; Nup93","liver","RR-8","GLDS-379","Stat_(Space Flight & 22 to 23 day & On ISS & Carcass & 10 to 12 week)v(Ground Control & 24 day & On Earth & Carcass & 10 to 12 week)",1,"flight_positive"
"REACTOME_REGULATION_OF_INSULIN_LIKE_GROWTH_FACTOR_IGF_TRANSPORT_AND_UPTAKE_BY_INSULIN_LIKE_GROWTH_FACTOR_BINDING_PROTEINS_IGFBPS",0.922058823529412,0.940789473684211,0.0352404270679709,0.199853076448077,0.790899055449948,116,"reactome","Igfbp1; Hrc; Calu; Igf1; Nucb1; Aplp2; Lamc1; Sdc2; Serpina1e; Gas6; Serpina1b; Ccn1; Fga; Fgg; Men1; Tgoln1; Fam20a; Ktn1; C3; Scg2; Hsp90b1; Fn1; Plg; Csf1","liver","RR-8","GLDS-379","Stat_(Space Flight & 22 to 23 day & On ISS & Carcass & 10 to 12 week)v(Ground Control & 24 day & On Earth & Carcass & 10 to 12 week)",1,"flight_positive"
"REACTOME_REGULATION_OF_INSULIN_SECRETION",0.806938159879336,0.861513687600644,0.0425877779273254,0.22220250591802,0.831265591140802,77,"reactome","Prkar2a; Adra2a; Gnaq; Ahcyl1; Cacna2d2; Itpr2; Akap5; Prkaca; Gng12; Gngt1; Cacnb2; Gnas; Gng8; Gna14; Prkar1a; Glp1r; Prkca; Plcb3; Kcng2; Rapgef3; Cd36; Kcnj11","liver","RR-8","GLDS-379","Stat_(Space Flight & 22 to 23 day & On ISS & Carcass & 10 to 12 week)v(Ground Control & 24 day & On Earth & Carcass & 10 to 12 week)",1,"flight_positive"
"REACTOME_REGULATION_OF_KIT_SIGNALING",0.803603603603604,0.860447656959285,0.0509082865515105,0.284562608184857,0.745230069193504,16,"reactome","Sos1; Yes1; Ptpn6; Grb2; Socs6; Prkca","liver","RR-8","GLDS-379","Stat_(Space Flight & 22 to 23 day & On ISS & Carcass & 10 to 12 week)v(Ground Control & 24 day & On Earth & Carcass & 10 to 12 week)",1,"flight_positive"
"REACTOME_REGULATION_OF_LIPID_METABOLISM_BY_PPARALPHA",0.00783255093809031,0.0565684234417633,0.380730400722792,0.378470421493737,1.50624552124059,120,"reactome","Nrf1; Ncor1; Med13; Clock; Tbl1xr1; Npas2; Crebbp; Ncoa6; Thrap3; Txnrd1; Sp1; Sin3a; Hdac3; Acadm; Ncoa1; Fads1; Gps2; Med1; Rora; Ncor2; Ncoa2; Nfyb; Hmgcs1; Nfya; Med15; Nfyc; Fhl2; Grhl1; Ankrd1; Acox1; Carm1; Cdk8; Med9; Med13l; Ppargc1a; Chd9; Srebf2; G0s2; Helz2; Med12; Ahr; Rxra; Fabp1; Nr1h3; Smarcd3; Nr1h4; Cyp7a1; Tiam2; Med14","liver","RR-8","GLDS-379","Stat_(Space Flight & 22 to 23 day & On ISS & Carcass & 10 to 12 week)v(Ground Control & 24 day & On Earth & Carcass & 10 to 12 week)",1,"flight_positive"
"REACTOME_REGULATION_OF_MECP2_EXPRESSION_AND_ACTIVITY",5.25743867258394e-06,0.000170866756858978,0.610526878385931,0.689477959027643,2.13861511844714,31,"reactome","Ncor1; Tbl1xr1; Hipk2; Mecp2; Sin3a; Hdac3; Ago1; Camk2a; Tnrc6c; Gps2; Ncor2; Tnrc6b; Hdac2; Camk2b; Creb1; Camk2g; Ago2; Camk2d; Prkaca; Mov10","liver","RR-8","GLDS-379","Stat_(Space Flight & 22 to 23 day & On ISS & Carcass & 10 to 12 week)v(Ground Control & 24 day & On Earth & Carcass & 10 to 12 week)",1,"flight_positive"
"REACTOME_REGULATION_OF_MITF_M_DEPENDENT_GENES_INVOLVED_IN_APOPTOSIS",0.0827338129496403,0.241473363873286,0.208955027549354,0.529151574638539,1.41288227144007,17,"reactome","Dicer1; Sin3a; Ago1; Tnrc6c; Tnrc6b; Ago2; Mov10; Ago4; Tnrc6a; Trpm1","liver","RR-8","GLDS-379","Stat_(Space Flight & 22 to 23 day & On ISS & Carcass & 10 to 12 week)v(Ground Control & 24 day & On Earth & Carcass & 10 to 12 week)",1,"flight_positive"
"REACTOME_REGULATION_OF_MITF_M_DEPENDENT_GENES_INVOLVED_IN_CELL_CYCLE_AND_PROLIFERATION",0.121951219512195,0.292948038176034,0.166933848713193,0.49460787673497,1.34478386910928,18,"reactome","Cdkn1a; Sin3a; Tcf7l2; Tcf7l1; Cdc25b; Cdk2; Plk1","liver","RR-8","GLDS-379","Stat_(Space Flight & 22 to 23 day & On ISS & Carcass & 10 to 12 week)v(Ground Control & 24 day & On Earth & Carcass & 10 to 12 week)",1,"flight_positive"
"REACTOME_REGULATION_OF_MITF_M_DEPENDENT_GENES_INVOLVED_IN_LYSOSOME_BIOGENESIS_AND_AUTOPHAGY",0.0030779887211786,0.0295754568426291,0.431707695803346,-0.65402736431255,-1.87619851384023,17,"reactome","Atp6v1h; Atp6v1g1; Atp6ap2; Atp6v0e; Atp6v1f; Atp6v1e1; Atp6v0b; Atp6v0d1; Atp6v1b2","liver","RR-8","GLDS-379","Stat_(Space Flight & 22 to 23 day & On ISS & Carcass & 10 to 12 week)v(Ground Control & 24 day & On Earth & Carcass & 10 to 12 week)",1,"flight_positive"
"REACTOME_REGULATION_OF_MITF_M_DEPENDENT_GENES_INVOLVED_IN_PIGMENTATION",0.000466956619543906,0.00706831595337008,0.49849310876659,0.567288763315594,1.87996572832954,41,"reactome","Dpf2; Smarcc2; Smarce1; Akt2; Ss18l1; Smarcd1; Arid1a; Dpf3; Rab27a; Bcl7a; Smarca4; Arid1b; Creb1; Ss18","liver","RR-8","GLDS-379","Stat_(Space Flight & 22 to 23 day & On ISS & Carcass & 10 to 12 week)v(Ground Control & 24 day & On Earth & Carcass & 10 to 12 week)",1,"flight_positive"
"REACTOME_REGULATION_OF_MRNA_STABILITY_BY_PROTEINS_THAT_BIND_AU_RICH_ELEMENTS",0.268181818181818,0.449999272787213,0.0985499803531691,0.299343651700362,1.10844945950448,74,"reactome","Anp32a; Set; Ywhaz; Exosc9; Psmd11; Elavl1; Dcp1a; Pabpc1; Ubb; Psmd7; Sem1; Dis3; Psma4; Zfp36; Hspb1; Prkcd; Psmc3; Eif4g1; Psmb2; Hspa8; Akt1; Psmc1; Khsrp; Exosc8; Psmc4; Prkca; Psmd3","liver","RR-8","GLDS-379","Stat_(Space Flight & 22 to 23 day & On ISS & Carcass & 10 to 12 week)v(Ground Control & 24 day & On Earth & Carcass & 10 to 12 week)",1,"flight_positive"
"REACTOME_REGULATION_OF_NF_KAPPA_B_SIGNALING",0.553738317757009,0.685965068521856,0.0819778796501272,-0.327286045227777,-0.943267507696696,18,"reactome","Rps27a; Usp18; Ubc; Nlrx1; Lrrc14; Chuk; Uba52","liver","RR-8","GLDS-379","Stat_(Space Flight & 22 to 23 day & On ISS & Carcass & 10 to 12 week)v(Ground Control & 24 day & On Earth & Carcass & 10 to 12 week)",1,"flight_positive"
"REACTOME_REGULATION_OF_ORNITHINE_DECARBOXYLASE_ODC",0.0733496332518337,0.223516153268219,0.261663521711573,-0.38686785033728,-1.33879282737566,38,"reactome","Psmb5; Psma7; Oaz1; Azin1; Psmb1; Psmb4; Psmd6; Psmd13; Nqo1; Psmb3","liver","RR-8","GLDS-379","Stat_(Space Flight & 22 to 23 day & On ISS & Carcass & 10 to 12 week)v(Ground Control & 24 day & On Earth & Carcass & 10 to 12 week)",1,"flight_positive"
"REACTOME_REGULATION_OF_PLK1_ACTIVITY_AT_G2_M_TRANSITION",5.53500078611796e-05,0.00130131401460858,0.557332238758646,0.486130245332211,1.85423659022591,87,"reactome","Odf2; Ppp1r12a; Rab8a; Cenpj; Ywhae; Ppp2r1a; Cep135; Cep57; Aurka; Tuba4a; Csnk1d; Pcnt; Cep250; Cep164; Ubb; Haus7; Ajuba; Akap9; Ckap5; Clasp1; Cdk5rap2; Nde1; Alms1; Cep131; Plk1; Cep78; Pcm1; Optn; Prkaca; Dctn1; Tubb4b; Ofd1; Btrc; Cdk1; Mapre1; Cep63; Pafah1b1; Dynll1; Dync1h1; Cep290; Csnk1e","liver","RR-8","GLDS-379","Stat_(Space Flight & 22 to 23 day & On ISS & Carcass & 10 to 12 week)v(Ground Control & 24 day & On Earth & Carcass & 10 to 12 week)",1,"flight_positive"
"REACTOME_REGULATION_OF_PTEN_GENE_TRANSCRIPTION",0.04858934169279,0.181610664718773,0.257206466468838,0.394966997724795,1.40713302194594,60,"reactome","Ezh2; Rcor1; Chd4; Gatad2a; Mlst8; Hdac3; Atf2; Mta2; Jun; Rnf2; Atn1; Cbx4; Gatad2b; Scmh1; Mta3; Hdac2; Rest; Rptor; Mapk3; Phc1; Mta1; Phc2","liver","RR-8","GLDS-379","Stat_(Space Flight & 22 to 23 day & On ISS & Carcass & 10 to 12 week)v(Ground Control & 24 day & On Earth & Carcass & 10 to 12 week)",1,"flight_positive"
"REACTOME_REGULATION_OF_PTEN_STABILITY_AND_ACTIVITY",0.554675118858954,0.686356110122222,0.062249042949858,0.269866402468677,0.947581312609385,56,"reactome","Usp13; Akt2; Psmd11; Otud3; Csnk2b; Ubb; Psmd7; Sem1; Rnf146; Psma4; Psmc3; Akt3; Nedd4; Csnk2a2; Psmb2; Akt1; Psmc1; Psmc4; Psmd3","liver","RR-8","GLDS-379","Stat_(Space Flight & 22 to 23 day & On ISS & Carcass & 10 to 12 week)v(Ground Control & 24 day & On Earth & Carcass & 10 to 12 week)",1,"flight_positive"
"REACTOME_REGULATION_OF_PYRUVATE_METABOLISM",0.593162393162393,0.703266571292322,0.0626618230932491,0.290021774461585,0.91135545271563,32,"reactome","Pdk4; Sirt4; Ubb; Pdk2; Wdr26; Gid8; Gid4; Mkln1; Pdhx; Dlat; Pdk1; Me1; Pkm; Pdha1; Pdp2; Pdp1","liver","RR-8","GLDS-379","Stat_(Space Flight & 22 to 23 day & On ISS & Carcass & 10 to 12 week)v(Ground Control & 24 day & On Earth & Carcass & 10 to 12 week)",1,"flight_positive"
"REACTOME_REGULATION_OF_RAS_BY_GAPS",0.196236559139785,0.38721678187404,0.163180127180689,-0.312042463557629,-1.17323650643289,55,"reactome","Psmb5; Hras; Psma7; Rps27a; Psmb1; Psmb4; Psmd6; Psmd13; Spred1; Ubc; Psmb3; Uba52","liver","RR-8","GLDS-379","Stat_(Space Flight & 22 to 23 day & On ISS & Carcass & 10 to 12 week)v(Ground Control & 24 day & On Earth & Carcass & 10 to 12 week)",1,"flight_positive"
"REACTOME_REGULATION_OF_RUNX1_EXPRESSION_AND_ACTIVITY",0.0532700317421015,0.190496391828551,0.321775918075361,0.563962097807179,1.50582949753142,17,"reactome","Ago1; Tnrc6c; Pml; Cdk6; Tnrc6b; Ptpn11; Ago2; Mov10; Runx1; Ago4; Tnrc6a","liver","RR-8","GLDS-379","Stat_(Space Flight & 22 to 23 day & On ISS & Carcass & 10 to 12 week)v(Ground Control & 24 day & On Earth & Carcass & 10 to 12 week)",1,"flight_positive"
"REACTOME_REGULATION_OF_RUNX2_EXPRESSION_AND_ACTIVITY",0.263440860215054,0.447988904299584,0.13880510939114,-0.296806451553178,-1.11595120848891,55,"reactome","Psmb5; Psma7; Rps27a; Psmb1; Bmp2; Psmb4; Psmd6; Psmd13; Skp2; Ubc; Skp1; Psmb3; Uba52","liver","RR-8","GLDS-379","Stat_(Space Flight & 22 to 23 day & On ISS & Carcass & 10 to 12 week)v(Ground Control & 24 day & On Earth & Carcass & 10 to 12 week)",1,"flight_positive"
"REACTOME_REGULATION_OF_RUNX3_EXPRESSION_AND_ACTIVITY",0.584352078239609,0.698063834005154,0.0815265143256594,-0.25768114741991,-0.940443193792563,45,"reactome","Psmb5; Psma7; Rps27a; Psmb1; Psmb4; Psmd6; Psmd13; Ubc; Cdkn2a; Psmb3; Uba52","liver","RR-8","GLDS-379","Stat_(Space Flight & 22 to 23 day & On ISS & Carcass & 10 to 12 week)v(Ground Control & 24 day & On Earth & Carcass & 10 to 12 week)",1,"flight_positive"
"REACTOME_REGULATION_OF_SIGNALING_BY_CBL",0.74822695035461,0.819416035819469,0.053457214108991,0.276250932904402,0.791230804440727,22,"reactome","Crkl; Pik3r1; Ubb; Crk; Yes1; Grb2","liver","RR-8","GLDS-379","Stat_(Space Flight & 22 to 23 day & On ISS & Carcass & 10 to 12 week)v(Ground Control & 24 day & On Earth & Carcass & 10 to 12 week)",1,"flight_positive"
"REACTOME_REGULATION_OF_TLR_BY_ENDOGENOUS_LIGAND",0.409574468085106,0.588351042896497,0.0833634065110386,0.36754628432881,1.04598510370315,21,"reactome","Lbp; Gsdmd; Hmgb1; Ly96; Fgb; Fga; Fgg","liver","RR-8","GLDS-379","Stat_(Space Flight & 22 to 23 day & On ISS & Carcass & 10 to 12 week)v(Ground Control & 24 day & On Earth & Carcass & 10 to 12 week)",1,"flight_positive"
"REACTOME_REGULATION_OF_TP53_ACTIVITY",2.63032054493057e-09,2.07607443010592e-07,0.774939030136436,0.508768660300756,2.08821452702483,154,"reactome","Mdm2; Taf3; Chd4; Hipk2; Ssrp1; Ehmt1; Hipk1; Gatad2a; Kat6a; Ppp2r1b; Ppp2r1a; Supt16; Mlst8; Kmt5a; Akt2; Mta2; Phf20; Trp53bp2; Brpf1; Pdpk1; Stk11; Dyrk2; Pml; Trp53inp1; Usp7; Aurka; Taf4; Topbp1; Prmt5; Plk3; Ppp2r5c; Mre11a; Rad17; Taf7; Top3a; Csnk2b; Ubb; Gatad2b; Hdac2; Taf2; Taf15; Tbp; Rfc3; Ing5; Pip4k2b; Cdk2; Rnf34; Taf9; Mapkapk5; Taf6; Ppp1r13l; Nbn; Taf10; Tpx2; Noc2l; Akt3; Mapkap1; Brpf3; Taf1; Rhno1; Rad50; Brd7; Ing2; Csnk2a2; Rfc5; Kat5; Taf12; Ccng1; Cdk1; Prkag2; Rad9a; Akt1; Meaf6; Ppp1r13b; Nuak1; Pou4f1; Pip4k2c; Pip4k2a; Taf5; Brd1","liver","RR-8","GLDS-379","Stat_(Space Flight & 22 to 23 day & On ISS & Carcass & 10 to 12 week)v(Ground Control & 24 day & On Earth & Carcass & 10 to 12 week)",1,"flight_positive"
"REACTOME_REGULATION_OF_TP53_ACTIVITY_THROUGH_ACETYLATION",0.00293733657357172,0.0294539697407017,0.431707695803346,0.560596998770787,1.73213488049851,30,"reactome","Chd4; Gatad2a; Kat6a; Akt2; Mta2; Brpf1; Pml; Gatad2b; Hdac2; Ing5; Pip4k2b; Akt3; Brpf3; Brd7; Ing2; Akt1; Meaf6; Pip4k2c; Pip4k2a; Brd1","liver","RR-8","GLDS-379","Stat_(Space Flight & 22 to 23 day & On ISS & Carcass & 10 to 12 week)v(Ground Control & 24 day & On Earth & Carcass & 10 to 12 week)",1,"flight_positive"
"REACTOME_REGULATION_OF_TP53_ACTIVITY_THROUGH_METHYLATION",0.0975609756097561,0.264876850242704,0.188204146308491,0.50911721458694,1.38423314683528,18,"reactome","Mdm2; Ehmt1; Kmt5a; Prmt5; Ubb","liver","RR-8","GLDS-379","Stat_(Space Flight & 22 to 23 day & On ISS & Carcass & 10 to 12 week)v(Ground Control & 24 day & On Earth & Carcass & 10 to 12 week)",1,"flight_positive"
"REACTOME_REGULATION_OF_TP53_ACTIVITY_THROUGH_PHOSPHORYLATION",0.00022459021844387,0.0041799506432178,0.518848077743792,0.46543938542826,1.77349676003958,88,"reactome","Mdm2; Taf3; Hipk2; Ssrp1; Hipk1; Supt16; Stk11; Dyrk2; Trp53inp1; Aurka; Taf4; Topbp1; Plk3; Mre11a; Rad17; Taf7; Top3a; Csnk2b; Ubb; Taf2; Taf15; Tbp; Rfc3; Cdk2; Taf9; Mapkapk5; Taf6; Nbn; Taf10; Tpx2; Noc2l; Taf1; Rhno1; Rad50; Csnk2a2; Rfc5; Kat5; Taf12","liver","RR-8","GLDS-379","Stat_(Space Flight & 22 to 23 day & On ISS & Carcass & 10 to 12 week)v(Ground Control & 24 day & On Earth & Carcass & 10 to 12 week)",1,"flight_positive"
"REACTOME_REGULATION_OF_TP53_EXPRESSION_AND_DEGRADATION",0.00539563949440508,0.0441643084542045,0.407017918923954,0.52304247280811,1.69501734803622,36,"reactome","Mdm2; Ppp2r1b; Ppp2r1a; Mlst8; Akt2; Phf20; Pdpk1; Usp7; Ppp2r5c; Ubb; Cdk2; Rnf34; Akt3; Mapkap1; Ccng1; Cdk1; Akt1","liver","RR-8","GLDS-379","Stat_(Space Flight & 22 to 23 day & On ISS & Carcass & 10 to 12 week)v(Ground Control & 24 day & On Earth & Carcass & 10 to 12 week)",1,"flight_positive"
"REACTOME_REGULATION_OF_T_CELL_ACTIVATION_BY_CD28_FAMILY",0.495426829268293,0.643248150818446,0.0658311958368866,0.266505142766333,0.976573696436869,70,"reactome","Ppp2r1b; Ppp2r1a; Mlst8; Akt2; Pdpk1; Pik3r1; Ppp2r5c; Ptpn11; Ppp2r5d; Yes1; H2-Ab1; Ptpn6; Akt3; Mapkap1; Grap2; Grb2; Akt1; Tnfrsf14; Ctla4; Pdcd1; Prr5; Cd3e; Pdcd1lg2; Csk; Pik3r2; Pik3r3","liver","RR-8","GLDS-379","Stat_(Space Flight & 22 to 23 day & On ISS & Carcass & 10 to 12 week)v(Ground Control & 24 day & On Earth & Carcass & 10 to 12 week)",1,"flight_positive"
"REACTOME_REPLACEMENT_OF_PROTAMINES_BY_NUCLEOSOMES_IN_THE_MALE_PRONUCLEUS",0.0572239663869676,0.195331184361027,0.321775918075361,-0.435152905716307,-1.39113048020771,27,"reactome","H2bc8; H2bc3; H2bc6; H2bc14; H4c3; H4c18; H4c6; H4c14; H4c11; H4c16; Mettl23; H4c2; H4c8","liver","RR-8","GLDS-379","Stat_(Space Flight & 22 to 23 day & On ISS & Carcass & 10 to 12 week)v(Ground Control & 24 day & On Earth & Carcass & 10 to 12 week)",1,"flight_positive"
"REACTOME_REPRODUCTION",0.924608819345661,0.941652299886595,0.0335297167141207,0.199086592912305,0.799641949231626,127,"reactome","Terf2; Ube2i; Smc1a; Syne1; Pot1a; Prdm9; Acd; Mre11a; Mlh1; Top3a; Dido1; Smc3; Cd9; Cdk2; Adam21; Syne2; Nbn; Rad51; Tinf2; Rad50; Cdk4; H2az2; Brca2; H3c8; Lmnb1; Sycp3; Smc1b; Terf2ip; Izumo1; Eomes; Ovgp1; Rad21; H2bc18","liver","RR-8","GLDS-379","Stat_(Space Flight & 22 to 23 day & On ISS & Carcass & 10 to 12 week)v(Ground Control & 24 day & On Earth & Carcass & 10 to 12 week)",1,"flight_positive"
"REACTOME_RESOLUTION_OF_ABASIC_SITES_AP_SITES",0.344013490725126,0.52796514896009,0.0902635484340068,0.321346812891918,1.05564539158868,38,"reactome","Parg; Pold3; Pole3; Rfc1; Lig1; Rfc3; Lig3; Pole; Pold4; Rfc5; Pole2; Polb","liver","RR-8","GLDS-379","Stat_(Space Flight & 22 to 23 day & On ISS & Carcass & 10 to 12 week)v(Ground Control & 24 day & On Earth & Carcass & 10 to 12 week)",1,"flight_positive"
"REACTOME_RESOLUTION_OF_AP_SITES_VIA_THE_MULTIPLE_NUCLEOTIDE_PATCH_REPLACEMENT_PATHWAY",0.161290322580645,0.34606952709051,0.14551614609036,0.424381954864283,1.26136175558513,25,"reactome","Parg; Pold3; Pole3; Rfc1; Lig1; Rfc3; Pole; Pold4; Rfc5; Pole2; Polb","liver","RR-8","GLDS-379","Stat_(Space Flight & 22 to 23 day & On ISS & Carcass & 10 to 12 week)v(Ground Control & 24 day & On Earth & Carcass & 10 to 12 week)",1,"flight_positive"
"REACTOME_RESOLUTION_OF_D_LOOP_STRUCTURES",0.0177610624307241,0.0918813755723806,0.352487857583619,0.49445058677063,1.58862212386387,35,"reactome","Xrcc3; Mre11a; Top3a; Slx4; Sem1; Rad51d; Nbn; Rad51; Rad50; Xrcc2; Kat5; Rad51ap1; Brca2; Brip1; Rad51b; Gen1; Rtel1; Blm; Rbbp8","liver","RR-8","GLDS-379","Stat_(Space Flight & 22 to 23 day & On ISS & Carcass & 10 to 12 week)v(Ground Control & 24 day & On Earth & Carcass & 10 to 12 week)",1,"flight_positive"
"REACTOME_RESOLUTION_OF_D_LOOP_STRUCTURES_THROUGH_SYNTHESIS_DEPENDENT_STRAND_ANNEALING_SDSA",0.0182164824645655,0.0936242470853251,0.352487857583619,0.51839268059358,1.5759954188819,27,"reactome","Xrcc3; Mre11a; Top3a; Sem1; Rad51d; Nbn; Rad51; Rad50; Xrcc2; Kat5; Rad51ap1; Brca2; Brip1; Rad51b; Rtel1; Blm; Rbbp8","liver","RR-8","GLDS-379","Stat_(Space Flight & 22 to 23 day & On ISS & Carcass & 10 to 12 week)v(Ground Control & 24 day & On Earth & Carcass & 10 to 12 week)",1,"flight_positive"
"REACTOME_RESOLUTION_OF_SISTER_CHROMATID_COHESION",0.00306818411227661,0.0295754568426291,0.431707695803346,0.385534453376129,1.5287087019999,118,"reactome","Tuba8; Ppp2r1b; Ppp2r1a; Smc1a; Wapl; Ndel1; Nudc; Tubb2a; Zwilch; Ppp2r5c; Nup98; Ahctf1; Tuba4a; Zwint; Ckap5; Smc3; Clasp1; Taok1; Ppp2r5d; Nde1; Spdl1; Cenpm; Kif2c; Plk1; Cenps; Kif2a; Tubb4b; Sgo1; Cdca8; Cdk1; Mad1l1; Mapre1; Pafah1b1; Dynll1; Dync1h1; Clip1; Birc5; Cenpf; Hdac8; Bub1b; Pmf1; Knl1; Cenpn; Rad21; Tuba1b; Pds5b; Mad2l1; Aurkb; Cdca5; Cenpo","liver","RR-8","GLDS-379","Stat_(Space Flight & 22 to 23 day & On ISS & Carcass & 10 to 12 week)v(Ground Control & 24 day & On Earth & Carcass & 10 to 12 week)",1,"flight_positive"
"REACTOME_RESPIRATORY_ELECTRON_TRANSPORT",3.80325389242787e-11,3.50216295927733e-09,0.851339057116899,-0.517244492971047,-2.28823983473573,141,"reactome","Nubpl; Sdhd; Ndufa7; Ndufb6; Ndufc2; Ndufa2; Ndufab1; Ndufs4; Ndufb2; Hscb; Ndufa11; Uqcrfs1; Ndufv1; Ndufc1; Ndufaf8; Cox5a; Cox11; Uqcr11; Uqcr10; Cmc1; Uqcc2; Cox7b; Ndufs3; Cox4i1; Pet100; Higd1a; Sdhb; Ndufb8; Rab5if; Uqcrq; Coq10b; Cox19; Tmem186; Cox18; Ndufb7; Ndufb11; Ndufa4; Etfa; Cox7a2; Cox5b; Sdhc; Slc25a13; Smim20; Ndufb1; Cox14; Cox7c; Hccs; Cox17; Etfb; Cyc1; Slc25a11; Coa3; Ndufaf4; Ndufa6; Ndufa9; Uqcrc1; Tmem177; Ndufb10; Dmac1","liver","RR-8","GLDS-379","Stat_(Space Flight & 22 to 23 day & On ISS & Carcass & 10 to 12 week)v(Ground Control & 24 day & On Earth & Carcass & 10 to 12 week)",1,"flight_positive"
"REACTOME_RESPIRATORY_SYNCYTIAL_VIRUS_INFECTION_PATHWAY",0.690625,0.781372095838699,0.0857844408075645,-0.216269767466472,-0.916918372137098,103,"reactome","Gpc6; Tlr4; Med18; Med22; Spcs1; Rps27a; Med28; Tlr7; Spcs3; Med6; Sec11c; Agrn; Ubc; Xpo1; Isg15; Med11; Med30; Tlr3; Igf1r; Uba52; Med17","liver","RR-8","GLDS-379","Stat_(Space Flight & 22 to 23 day & On ISS & Carcass & 10 to 12 week)v(Ground Control & 24 day & On Earth & Carcass & 10 to 12 week)",1,"flight_positive"
"REACTOME_RESPIRATORY_SYNCYTIAL_VIRUS_RSV_ATTACHMENT_AND_ENTRY",0.844186046511628,0.891171153073523,0.0605092988656667,-0.251507740067255,-0.774548928885595,23,"reactome","Gpc6; Tlr4; Agrn; Igf1r; Rab5a","liver","RR-8","GLDS-379","Stat_(Space Flight & 22 to 23 day & On ISS & Carcass & 10 to 12 week)v(Ground Control & 24 day & On Earth & Carcass & 10 to 12 week)",1,"flight_positive"
"REACTOME_RESPIRATORY_SYNCYTIAL_VIRUS_RSV_GENOME_REPLICATION_TRANSCRIPTION_AND_TRANSLATION",0.648648648648649,0.743523606594146,0.0609039347452418,0.326360623048428,0.85469328260591,16,"reactome","Hsp90ab1; Csnk2b; Kpnb1; Furin; Csnk2a2; Hspa8","liver","RR-8","GLDS-379","Stat_(Space Flight & 22 to 23 day & On ISS & Carcass & 10 to 12 week)v(Ground Control & 24 day & On Earth & Carcass & 10 to 12 week)",1,"flight_positive"
"REACTOME_RESPONSE_OF_EIF2AK1_HRI_TO_HEME_DEFICIENCY",0.812154696132597,0.866246080334478,0.0514264916187015,0.284899194083999,0.737150660504043,15,"reactome","Ppp1r15a; Atf4; Eif2ak1; Atf5; Atf3; Asns; Cebpg; Ddit3","liver","RR-8","GLDS-379","Stat_(Space Flight & 22 to 23 day & On ISS & Carcass & 10 to 12 week)v(Ground Control & 24 day & On Earth & Carcass & 10 to 12 week)",1,"flight_positive"
"REACTOME_RESPONSE_OF_EIF2AK4_GCN2_TO_AMINO_ACID_DEFICIENCY",3.31190511674024e-12,4.57456894249746e-10,0.898671232061694,-0.610398653133121,-2.51968226538555,92,"reactome","Rps14; Rpl3; Rps19; Rplp2; Rps18; Rpl9; Rpl39; Rps21; Rpl35a; Rps27; Rpl36; Rpl13a; Rpl6; Rpl15; Rpl27; Rps13; Rpl13; Rps27a; Rpl7; Rpl37a; Rps28; Rps29; Rps17; Eif2s1; Rps15; Rpl24; Rps5; Trib3; Rpl22l1; Rpl10; Rpl18; Fau; Rps9; Rps23; Rps25; Rplp1; Rpl32; Rpl26; Rps15a; Rpl8; Rplp0; Rps20; Rps7; Rpl19; Rpl29; Rpl10a; Uba52; Rpl28; Eif2s2; Rps4x","liver","RR-8","GLDS-379","Stat_(Space Flight & 22 to 23 day & On ISS & Carcass & 10 to 12 week)v(Ground Control & 24 day & On Earth & Carcass & 10 to 12 week)",1,"flight_positive"
"REACTOME_RESPONSE_OF_MTB_TO_PHAGOCYTOSIS",0.551162790697674,0.685965068521856,0.0819778796501272,-0.305693330175749,-0.941420098609221,23,"reactome","Coro1a; Atp6v1h; Rps27a; Ubc; Uba52; Pgk1; Rab5a; Kpna1","liver","RR-8","GLDS-379","Stat_(Space Flight & 22 to 23 day & On ISS & Carcass & 10 to 12 week)v(Ground Control & 24 day & On Earth & Carcass & 10 to 12 week)",1,"flight_positive"
"REACTOME_RESPONSE_TO_ELEVATED_PLATELET_CYTOSOLIC_CA2",0.323488045007032,0.509081309753202,0.0835990603684159,0.26375340459835,1.07045125968183,135,"reactome","Ttn; Orm2; Tln1; Actn2; Cap1; Calu; Igf1; Aplp2; Tuba4a; Orm1; Serpina1e; Gas6; Stx4a; Serpina3m; Serpina1b; Fgb; Pfn1; Cd9; A1bg; Fga; Vegfb; Fgg; Stxbp3; Actn4; Tgfb2; Ola1; Selp; Vegfa; Brpf3; Chid1; Gtpbp2; Itih4; Phactr2","liver","RR-8","GLDS-379","Stat_(Space Flight & 22 to 23 day & On ISS & Carcass & 10 to 12 week)v(Ground Control & 24 day & On Earth & Carcass & 10 to 12 week)",1,"flight_positive"
"REACTOME_RETROGRADE_TRANSPORT_AT_THE_TRANS_GOLGI_NETWORK",0.510534846029173,0.653697572262151,0.0673623868166279,0.286159914955989,0.977706625613104,48,"reactome","Usp6nl; Cog8; Vti1a; Golga4; Gcc1; Nsf; Golga1; Ric1; Tgoln1; Tmf1; Napg; Naa30; Cog1; Arfip2; Gcc2; Stx6","liver","RR-8","GLDS-379","Stat_(Space Flight & 22 to 23 day & On ISS & Carcass & 10 to 12 week)v(Ground Control & 24 day & On Earth & Carcass & 10 to 12 week)",1,"flight_positive"
"REACTOME_RET_SIGNALING",0.183811129848229,0.372681281618887,0.130777137971974,0.368931490166033,1.21196418256281,38,"reactome","Plcg1; Pik3r1; Gab1; Ptpn11; Sos1; Prkaca; Nrtn; Rap1gap; Grb2; Frs2; Ret; Prkca; Dok5; Pik3r2; Pik3r3; Pdlim7; Gab2; Gfra3","liver","RR-8","GLDS-379","Stat_(Space Flight & 22 to 23 day & On ISS & Carcass & 10 to 12 week)v(Ground Control & 24 day & On Earth & Carcass & 10 to 12 week)",1,"flight_positive"
"REACTOME_RHOA_GTPASE_CYCLE",0.0083108301895874,0.0589497384482881,0.380730400722792,0.347093833036016,1.41843308541687,148,"reactome","Arhgap24; Obscn; Arhgef11; Arhgef5; Akap13; Net1; Faf2; Arhgef40; Vangl1; Aaas; Arhgap18; Arhgap6; Arhgef12; Pik3r1; Hmox2; Tjp2; Snap23; Slk; Pgrmc2; Arhgef3; Stom; Gmip; Arhgap35; Trio; Vapb; Pkn1; Rhoa; Plekhg6; Arhgef18; Arap1; Lman1; Diaph3; Ykt6; Arhgap21; Arhgef19; Rock1; Ktn1; Tex2; Stk10; Arhgef7; Daam1; Arhgap5; Arhgef25; Diaph1; Stard13; Maco1; Bcr; Flot1; Erbin; Arhgap11a; Arhgap10; Arhgef10l; Plekhg5; Cit; Arhgap20; Rock2; Def6; Pik3r2; Kalrn; Pkn3; Arap3; Arhgap29; Ccdc115; Abcd3","liver","RR-8","GLDS-379","Stat_(Space Flight & 22 to 23 day & On ISS & Carcass & 10 to 12 week)v(Ground Control & 24 day & On Earth & Carcass & 10 to 12 week)",1,"flight_positive"
"REACTOME_RHOBTB1_GTPASE_CYCLE",0.0996503496503496,0.269226494776617,0.186432558434075,0.465816070581067,1.36011478166649,23,"reactome","Myo6; Hnrnpc; Rbbp6; Stk38; Spen; Srrm1; Tra2b; Rock1; Rnf20; Cops2; Cpsf7","liver","RR-8","GLDS-379","Stat_(Space Flight & 22 to 23 day & On ISS & Carcass & 10 to 12 week)v(Ground Control & 24 day & On Earth & Carcass & 10 to 12 week)",1,"flight_positive"
"REACTOME_RHOBTB2_GTPASE_CYCLE",0.0262858575908157,0.118554582195312,0.352487857583619,0.538813842170815,1.57325759583364,23,"reactome","Myo6; Hnrnpc; Hsp90ab1; Stk38; Srrm1; Cdc37; Tra2b; Rhobtb2; Tmod3; Msi2; Twf1","liver","RR-8","GLDS-379","Stat_(Space Flight & 22 to 23 day & On ISS & Carcass & 10 to 12 week)v(Ground Control & 24 day & On Earth & Carcass & 10 to 12 week)",1,"flight_positive"
"REACTOME_RHOBTB_GTPASE_CYCLE",0.0289229572686227,0.126309441436849,0.352487857583619,0.475013789095752,1.52617356453452,35,"reactome","Myo6; Hnrnpc; Hsp90ab1; Rbbp6; Stk38; Spen; Srrm1; Cdc37; Tra2b; Rhobtb2; Tmod3; Rock1; Rnf20; Cops2; Msi2; Twf1; Cpsf7","liver","RR-8","GLDS-379","Stat_(Space Flight & 22 to 23 day & On ISS & Carcass & 10 to 12 week)v(Ground Control & 24 day & On Earth & Carcass & 10 to 12 week)",1,"flight_positive"
"REACTOME_RHOB_GTPASE_CYCLE",0.0670731707317073,0.211156278229449,0.213927855492356,0.359618937150843,1.31777717726827,70,"reactome","Arhgef11; Arhgef5; Akap13; Net1; Vangl1; Arhgef12; Pik3r1; Tjp2; Snap23; Slk; Arhgef3; Stom; Arhgap35; Pkn1; Diaph3; Arhgap21; Rock1; Stk10; Daam1; Arhgap5; Arhgef25; Diaph1; Stard13; Bcr; Flot1; Erbin; Arhgef10l; Cit; Rock2; Pik3r2; Pkn3","liver","RR-8","GLDS-379","Stat_(Space Flight & 22 to 23 day & On ISS & Carcass & 10 to 12 week)v(Ground Control & 24 day & On Earth & Carcass & 10 to 12 week)",1,"flight_positive"
"REACTOME_RHOC_GTPASE_CYCLE",0.0330306534276817,0.138160814797983,0.321775918075361,0.37794505426147,1.39950517987889,74,"reactome","Arhgef11; Arhgef5; Akap13; Arhgef40; Vangl1; Arhgap18; Arhgef12; Pik3r1; Tjp2; Slk; Stom; Arhgap35; Vapb; Pkn1; Rhoa; Lman1; Diaph3; Arhgap21; Rock1; Stk10; Fmnl2; Daam1; Arhgap5; Arhgef25; Diaph1; Stard13; Maco1; Bcr; Flot1; Erbin; Arhgef10l; Cit; Rock2","liver","RR-8","GLDS-379","Stat_(Space Flight & 22 to 23 day & On ISS & Carcass & 10 to 12 week)v(Ground Control & 24 day & On Earth & Carcass & 10 to 12 week)",1,"flight_positive"
"REACTOME_RHOD_GTPASE_CYCLE",0.550473186119874,0.685965068521856,0.0623861492893626,0.273078432455975,0.953199343629312,53,"reactome","Arhgap12; Vangl1; Golga2; Pik3r1; Rab7; Pgrmc2; Arhgap35; Vapb; Tor1aip1; Lman1; Diaph3; Arhgap21; Capzb; Pak5; Filip1; Arhgap5; Diaph1; Lmnb1","liver","RR-8","GLDS-379","Stat_(Space Flight & 22 to 23 day & On ISS & Carcass & 10 to 12 week)v(Ground Control & 24 day & On Earth & Carcass & 10 to 12 week)",1,"flight_positive"
"REACTOME_RHOF_GTPASE_CYCLE",0.11844331641286,0.288339038204731,0.166933848713193,0.384616230186026,1.27459836694628,41,"reactome","Arhgap12; Vangl1; Senp1; Pik3r1; Rab7; Snap23; Tor1aip1; Srgap2; Diaph3; Arhgap21; Capzb; Actb; Arhgap5; Diaph1; Lmnb1","liver","RR-8","GLDS-379","Stat_(Space Flight & 22 to 23 day & On ISS & Carcass & 10 to 12 week)v(Ground Control & 24 day & On Earth & Carcass & 10 to 12 week)",1,"flight_positive"
"REACTOME_RHOG_GTPASE_CYCLE",0.109090909090909,0.278460056396973,0.16440575583821,0.340671014815251,1.261481912497,74,"reactome","Itsn1; Arhgef5; Vangl1; Pik3r1; Rab7; Pgrmc2; Iqgap2; Dock5; Elmo2; Arhgap35; Trio; Vapb; Lman1; Arhgef26; Pak4; Diaph3; Rhog; Ykt6; Arhgap21; Dock1; Ktn1; Garre1; Arhgap5; Arhgef16; Ankle2; Letm1","liver","RR-8","GLDS-379","Stat_(Space Flight & 22 to 23 day & On ISS & Carcass & 10 to 12 week)v(Ground Control & 24 day & On Earth & Carcass & 10 to 12 week)",1,"flight_positive"
"REACTOME_RHOH_GTPASE_CYCLE",0.717728055077453,0.796274599257616,0.0540088272801684,0.260337877763631,0.847600666159193,37,"reactome","Osbpl11; Nsfl1c; Vangl1; Rab7; Stom; Mtr; Pak4; Rock1; Pak5; Nipsnap2; Uaca; Tuba1b; Rock2; Csk; Ralgapa1; Vcp; Wdr11; Pak1; Dbn1","liver","RR-8","GLDS-379","Stat_(Space Flight & 22 to 23 day & On ISS & Carcass & 10 to 12 week)v(Ground Control & 24 day & On Earth & Carcass & 10 to 12 week)",1,"flight_positive"
"REACTOME_RHOJ_GTPASE_CYCLE",0.00714826706115427,0.0530123161246676,0.407017918923954,0.445301602509489,1.55870870725358,55,"reactome","Fnbp1; Fnbp1l; Vangl1; Pik3r1; Rab7; Snap23; Cdc42bpb; Stom; Arhgap35; Trio; Git2; Dock8; Cdc42bpa; Pak4; Diaph3; Wipf2; Arhgap21; Wasl; Ocrl; Arhgef7; Arhgap5; Arl13b; Nipsnap2; Scrib","liver","RR-8","GLDS-379","Stat_(Space Flight & 22 to 23 day & On ISS & Carcass & 10 to 12 week)v(Ground Control & 24 day & On Earth & Carcass & 10 to 12 week)",1,"flight_positive"
"REACTOME_RHOQ_GTPASE_CYCLE",0.0115198538806353,0.0718326136505398,0.380730400722792,0.424289934091535,1.50561078604203,59,"reactome","Obscn; Itsn1; Fnbp1; Vangl1; Gopc; Rab7; Snap23; Cdc42bpb; Stom; Arhgap35; Git2; Cdc42bpa; Pak4; Srgap2; Diaph3; Arhgap21; Wasl; Cdc42ep3; Arhgef7; Cftr; Arhgap5; Arl13b; Scrib","liver","RR-8","GLDS-379","Stat_(Space Flight & 22 to 23 day & On ISS & Carcass & 10 to 12 week)v(Ground Control & 24 day & On Earth & Carcass & 10 to 12 week)",1,"flight_positive"
"REACTOME_RHOU_GTPASE_CYCLE",0.00637129130782644,0.0502876921082015,0.407017918923954,0.491552898475195,1.623346453809,40,"reactome","Stam2; Myo6; Vangl1; Stam; Pik3r1; Git2; Dlg5; Dst; Sptan1; Pak4; Ptk2b; Srgap2; Rhou; Arhgef7; Grb2; Itsn2; Hgs","liver","RR-8","GLDS-379","Stat_(Space Flight & 22 to 23 day & On ISS & Carcass & 10 to 12 week)v(Ground Control & 24 day & On Earth & Carcass & 10 to 12 week)",1,"flight_positive"
"REACTOME_RHOV_GTPASE_CYCLE",0.187607573149742,0.375806692436584,0.130777137971974,0.372097786708325,1.21146540257461,37,"reactome","Arhgap12; Vangl1; Pik3r1; Zfp512b; Git2; Dlg5; Dst; Sptan1; Pak4; Wasl; Arhgef7","liver","RR-8","GLDS-379","Stat_(Space Flight & 22 to 23 day & On ISS & Carcass & 10 to 12 week)v(Ground Control & 24 day & On Earth & Carcass & 10 to 12 week)",1,"flight_positive"
"REACTOME_RHO_GTPASES_ACTIVATE_CIT",0.492035398230089,0.642916599424121,0.0736212741014394,0.349581763736622,0.964099583840541,19,"reactome","Ppp1r12a; Myl12b; Myh9; Rhoa; Kif14; Prc1","liver","RR-8","GLDS-379","Stat_(Space Flight & 22 to 23 day & On ISS & Carcass & 10 to 12 week)v(Ground Control & 24 day & On Earth & Carcass & 10 to 12 week)",1,"flight_positive"
"REACTOME_RHO_GTPASES_ACTIVATE_FORMINS",0.0249493786668495,0.113921749697804,0.352487857583619,0.340890011868626,1.36876599846895,132,"reactome","Tuba8; Ppp2r1b; Ppp2r1a; Ndel1; Dvl3; Nudc; Tubb2a; Zwilch; Ppp2r5c; Nup98; Ahctf1; Tuba4a; Zwint; Ckap5; Pfn1; Rhoa; Clasp1; Taok1; Ppp2r5d; Nde1; Spdl1; Cenpm; Srgap2; Diaph3; Srf; Kif2c; Plk1; Cenps; Kif2a; Tubb4b; Fmnl2; Sgo1; Actb; Daam1; Cdca8; Mad1l1; Mapre1; Pafah1b1; Diaph1; Dynll1; Dync1h1; Clip1; Birc5; Cenpf; Bub1b; Pmf1; Knl1; Cenpn; Tuba1b","liver","RR-8","GLDS-379","Stat_(Space Flight & 22 to 23 day & On ISS & Carcass & 10 to 12 week)v(Ground Control & 24 day & On Earth & Carcass & 10 to 12 week)",1,"flight_positive"
"REACTOME_RHO_GTPASES_ACTIVATE_IQGAPS",0.270462633451957,0.451451978798207,0.107972360317345,0.378421328994436,1.13644765398792,26,"reactome","Tuba8; Tubb2a; Tuba4a; Iqgap2; Ctnna1; Men1; Tubb4b; Actb; Clip1; Tuba1b","liver","RR-8","GLDS-379","Stat_(Space Flight & 22 to 23 day & On ISS & Carcass & 10 to 12 week)v(Ground Control & 24 day & On Earth & Carcass & 10 to 12 week)",1,"flight_positive"
"REACTOME_RHO_GTPASES_ACTIVATE_NADPH_OXIDASES",0.0300954191618712,0.129398592116217,0.352487857583619,-0.499803998218443,-1.53920770537445,23,"reactome","S100a8; Ncf2; Ncf4; Cyba; S100a9; Pin1; Cybb; Ncf1","liver","RR-8","GLDS-379","Stat_(Space Flight & 22 to 23 day & On ISS & Carcass & 10 to 12 week)v(Ground Control & 24 day & On Earth & Carcass & 10 to 12 week)",1,"flight_positive"
"REACTOME_RHO_GTPASES_ACTIVATE_PAKS",0.283687943262411,0.464407670081429,0.104732821580651,0.403053792007802,1.14703448356472,21,"reactome","Ppp1r12a; Cttn; Myl12b; Myh9; Nf2; Mylk","liver","RR-8","GLDS-379","Stat_(Space Flight & 22 to 23 day & On ISS & Carcass & 10 to 12 week)v(Ground Control & 24 day & On Earth & Carcass & 10 to 12 week)",1,"flight_positive"
"REACTOME_RHO_GTPASES_ACTIVATE_PKNS",0.595870206489675,0.704210244033253,0.0908241419007155,-0.23684565826366,-0.943686915003727,77,"reactome","H2bc8; H2bc3; Myh11; H2bc6; H2bc14; H4c3; H4c18; H4c6; H3c1; H4c14; Rhob; Ywhaq; H2ac20; Myl6; H4c11; Myl9; H4c16; Klk1b27; H2ac23; H4c2; H3c11; H2ac7","liver","RR-8","GLDS-379","Stat_(Space Flight & 22 to 23 day & On ISS & Carcass & 10 to 12 week)v(Ground Control & 24 day & On Earth & Carcass & 10 to 12 week)",1,"flight_positive"
"REACTOME_RHO_GTPASES_ACTIVATE_ROCKS",0.421238938053097,0.596825792513191,0.0817515582532145,0.372181579730182,1.02642684302412,19,"reactome","Ppp1r12a; Myl12b; Myh9; Rhoa; Rock1; Limk2; Limk1; Rock2; Myh14; Pak1; Ppp1r12b","liver","RR-8","GLDS-379","Stat_(Space Flight & 22 to 23 day & On ISS & Carcass & 10 to 12 week)v(Ground Control & 24 day & On Earth & Carcass & 10 to 12 week)",1,"flight_positive"
"REACTOME_RHO_GTPASES_ACTIVATE_WASPS_AND_WAVES",0.444827586206897,0.616730844113702,0.0774767547848578,0.307166698937493,0.995431366486908,36,"reactome","Wasf2; Abl1; Nckap1; Ptk2; Baiap2; Abi1; Wipf2; Arpc2; Mapk3; Wasl; Grb2; Actb","liver","RR-8","GLDS-379","Stat_(Space Flight & 22 to 23 day & On ISS & Carcass & 10 to 12 week)v(Ground Control & 24 day & On Earth & Carcass & 10 to 12 week)",1,"flight_positive"
"REACTOME_RHO_GTPASE_CYCLE",7.0305341843641e-06,0.000215798340936731,0.610526878385931,0.347075996063387,1.59621227579815,444,"reactome","Kidins220; Stam2; Arhgap24; Obscn; Srgap3; Itsn1; Fnbp1; Arhgef11; Wasf2; Kctd3; Arhgap12; Arhgef5; Akap13; Net1; Faf2; Fnbp1l; Myo6; Hnrnpc; Hsp90ab1; Wdr91; Rbbp6; Osbpl11; Arhgef40; Nsfl1c; Taok3; Vangl1; Dsp; Aaas; Arhgap18; Stam; Golga2; Arhgap6; Nudc; Senp1; Stk38; Arhgef12; Pik3r1; Hmox2; Gopc; Pkp4; Rab7; Tjp2; Snap23; Cdc42bpb; Fgd4; Slk; Spen; Srrm1; Pgrmc2; Iqgap2; Dock5; Arhgef3; Stom; Muc13; Dnmbp; Gmip; Elmo2; Zfp512b; Arhgap35; Trio; Nckap1; Git2; Vapb; Pkn1; Cdc37; Baiap2; Tra2b; Sh3pxd2a; Dock8; Dlg5; Arhgef39; Dst; Rhoa; Plekhg6; Mtr; Rhobtb2; Arhgef18; Cdc42bpa; Sptan1; Arap1; Tor1aip1; Lman1; Nisch; Arhgef26; Pak4; Spata13; Rnd2; Sos1; Abi1; Tmod3; Ptk2b; Srgap2; Diaph3; Rhog; Wipf2; Fgd1; Ykt6; Arhgap21; Kif14; Capzb; Dock1; Arhgef19; Rock1; Wasl; Pak5; Golga3; Ktn1; Chn1; Tex2; Stk10; Filip1; Cdc42ep3; Rnf20; Rhou; Fmnl2; Ocrl; Arhgef7; Grb2; Frs2; Actb; Abl2; Daam1; Garre1; Cops2; Itsn2; Cftr; Kctd13; Hgs; Arhgap5; Arhgef16; Ankle2; Arl13b; Picalm; Msi2; Arhgef25; Nipsnap2; Letm1; Ralbp1; Scrib; Diaph1; Farp2; Lmnb1; Twf1; Stard13; Cpsf7; Fam13b; Maco1; Bcr; Arhgef6; Arfgap2; Wipf3; Dsg2; Uaca; Tpm3; Tiam2; Arhgef9; Flot1; Erbin; Dock4; Arhgap11a; Arhgap10; Arhgef10l; Tuba1b; Plekhg5; Cit; Arhgap20; Rock2; Def6; Emd; Csk; Pik3r2; Trip10; Kalrn; Pkn3; Pik3r3; Arap3; Rhoq; Arhgap29; Samm50; Ankrd26; Ccdc115; Peak1; Abcd3; Ralgapa1; Rhobtb1; Plekhg2","liver","RR-8","GLDS-379","Stat_(Space Flight & 22 to 23 day & On ISS & Carcass & 10 to 12 week)v(Ground Control & 24 day & On Earth & Carcass & 10 to 12 week)",1,"flight_positive"
"REACTOME_RHO_GTPASE_EFFECTORS",0.144516129032258,0.326565076852035,0.128788713061714,0.261723930816035,1.14897161040066,297,"reactome","Ppp1r12a; Tuba8; Wasf2; Ywhae; Ppp2r1b; Pik3r4; Ppp2r1a; Abl1; Cttn; Ywhah; Ndel1; Dvl3; Pdpk1; Myl12b; Ywhaz; Nudc; Myh9; Tubb2a; Zwilch; Gopc; Ppp2r5c; Nup98; Ahctf1; Tuba4a; Iqgap2; Nf2; Klc1; Zwint; Ckap5; Nckap1; Pfn1; Ncoa2; Pkn1; Ptk2; Baiap2; Rhoa; Clasp1; Taok1; Ppp2r5d; Kif5b; Nde1; Spdl1; Cenpm; Mylk; Ctnna1; Men1; Abi1; Srgap2; Diaph3; Rhog; Srf; Wipf2; Kif2c; Kif14; Prkcd; Plk1; Arpc2; Mapk3; Rock1; Wasl; Cenps; Kif2a; Ktn1; Tubb4b; Fmnl2; Sgo1; Grb2; Actb; Limk2; Daam1; Prc1; Cdca8; Cftr; Mad1l1; Mapre1; H2az2; Pafah1b1; Diaph1; H3c8; Ar; Dynll1; Dync1h1; Clip1; Birc5; Cenpf","liver","RR-8","GLDS-379","Stat_(Space Flight & 22 to 23 day & On ISS & Carcass & 10 to 12 week)v(Ground Control & 24 day & On Earth & Carcass & 10 to 12 week)",1,"flight_positive"
"REACTOME_RIPK1_MEDIATED_REGULATED_NECROSIS",0.403141361256544,0.585376089603787,0.0833634065110386,0.330437139695629,1.02494627043063,31,"reactome","Pdcd6ip; Birc3; Fadd; Ube2l3; Ubb; Ripk1; Cdc37; Mlkl","liver","RR-8","GLDS-379","Stat_(Space Flight & 22 to 23 day & On ISS & Carcass & 10 to 12 week)v(Ground Control & 24 day & On Earth & Carcass & 10 to 12 week)",1,"flight_positive"
"REACTOME_RIP_MEDIATED_NFKB_ACTIVATION_VIA_ZBP1",0.492805755395683,0.642916599424121,0.0743625384422526,0.36622863162489,0.977863367920659,17,"reactome","Rela; Nkiras1; Ripk1; Ikbkg; Nfkbib; Ticam1","liver","RR-8","GLDS-379","Stat_(Space Flight & 22 to 23 day & On ISS & Carcass & 10 to 12 week)v(Ground Control & 24 day & On Earth & Carcass & 10 to 12 week)",1,"flight_positive"
"REACTOME_RMTS_METHYLATE_HISTONE_ARGININES",0.595441595441595,0.704210244033253,0.0888945288620449,-0.237874867945955,-0.930172036201421,67,"reactome","Prmt7; Actl6a; Prmt3; H2ac6; H4c3; H4c18; H4c6; Coprs; H3c1; H4c14; H2ac20; Ccnd1; Prmt1; H4c11; H4c16; Rbbp7; H2ac21; H2ac25; H2ac23; H4c2; H3c11; H2ac7","liver","RR-8","GLDS-379","Stat_(Space Flight & 22 to 23 day & On ISS & Carcass & 10 to 12 week)v(Ground Control & 24 day & On Earth & Carcass & 10 to 12 week)",1,"flight_positive"
"REACTOME_RNA_POLYMERASE_III_CHAIN_ELONGATION",0.133177570093458,0.311106356142169,0.186432558434075,-0.451067684000471,-1.30001720603007,18,"reactome","Polr1d; Polr2h; Polr3f; Polr3h; Polr2k; Polr2f; Polr2l; Polr1c","liver","RR-8","GLDS-379","Stat_(Space Flight & 22 to 23 day & On ISS & Carcass & 10 to 12 week)v(Ground Control & 24 day & On Earth & Carcass & 10 to 12 week)",1,"flight_positive"
"REACTOME_RNA_POLYMERASE_III_TRANSCRIPTION",0.157360406091371,0.340280330197582,0.142901149386948,0.371682382933756,1.23173626365412,41,"reactome","Bdp1; Polr3gl; Gtf3c6; Nfia; Pou2f1; Nfic; Polr3c; Snapc4; Gtf3c1; Polr3b; Tbp; Zfp143; Polr3g; Polr3d; Snapc1; Ssb; Nfix","liver","RR-8","GLDS-379","Stat_(Space Flight & 22 to 23 day & On ISS & Carcass & 10 to 12 week)v(Ground Control & 24 day & On Earth & Carcass & 10 to 12 week)",1,"flight_positive"
"REACTOME_RNA_POLYMERASE_III_TRANSCRIPTION_INITIATION_FROM_TYPE_1_PROMOTER",0.552447552447552,0.685965068521856,0.0672065093710464,0.308987938129735,0.942093853442277,28,"reactome","Bdp1; Polr3gl; Gtf3c6; Polr3c; Gtf3c1; Polr3b; Tbp; Polr3g; Polr3d","liver","RR-8","GLDS-379","Stat_(Space Flight & 22 to 23 day & On ISS & Carcass & 10 to 12 week)v(Ground Control & 24 day & On Earth & Carcass & 10 to 12 week)",1,"flight_positive"
"REACTOME_RNA_POLYMERASE_III_TRANSCRIPTION_INITIATION_FROM_TYPE_3_PROMOTER",0.33041958041958,0.514969867931786,0.0946646223153342,0.355833768096404,1.08492521682213,28,"reactome","Bdp1; Polr3gl; Pou2f1; Polr3c; Snapc4; Polr3b; Tbp; Zfp143; Polr3g; Polr3d; Snapc1","liver","RR-8","GLDS-379","Stat_(Space Flight & 22 to 23 day & On ISS & Carcass & 10 to 12 week)v(Ground Control & 24 day & On Earth & Carcass & 10 to 12 week)",1,"flight_positive"
"REACTOME_RNA_POLYMERASE_III_TRANSCRIPTION_TERMINATION",0.413953488372093,0.590217554388597,0.0982123351217438,-0.331490528002632,-1.02086573292536,23,"reactome","Polr1d; Polr2h; Polr3f; Polr3h; Polr2k; Polr2f; Polr2l; Polr1c","liver","RR-8","GLDS-379","Stat_(Space Flight & 22 to 23 day & On ISS & Carcass & 10 to 12 week)v(Ground Control & 24 day & On Earth & Carcass & 10 to 12 week)",1,"flight_positive"
"REACTOME_RNA_POLYMERASE_II_PRE_TRANSCRIPTION_EVENTS",0.000203677437298174,0.00388040634852555,0.518848077743792,0.481901328475782,1.80280591810586,77,"reactome","Aff4; Taf3; Eloa; Ssrp1; Supt16; Supt6; Ctr9; Iws1; Ncbp2; Nelfa; Paf1; Gtf2h3; Leo1; Gtf2e1; Ccnt1; Taf4; Cdk9; Rtf1; Taf7; Gtf2h1; Gtf2f1; Taf2; Supt5; Taf15; Tbp; Taf9; Gtf2e2; Taf6; Taf10; Taf1; Nelfcd; Cdc73; Polr2c; Polr2b; Taf12; Ncbp1; Mllt3","liver","RR-8","GLDS-379","Stat_(Space Flight & 22 to 23 day & On ISS & Carcass & 10 to 12 week)v(Ground Control & 24 day & On Earth & Carcass & 10 to 12 week)",1,"flight_positive"
"REACTOME_RNA_POLYMERASE_II_TRANSCRIBES_SNRNA_GENES",0.00603388694901681,0.0486674823260115,0.407017918923954,0.419809859001118,1.55452774315133,74,"reactome","Nabp1; Ints6; Sp1; Nabp2; Ints12; Ncbp2; Phax; Pou2f1; Ell2; Gtf2e1; Ccnt1; Cdk9; Snapc4; Gtf2f1; Ice1; Supt5; Srrt; Tbp; Ints9; Zfp143; Ints13; Taf9; Gtf2e2; Taf6; Pcf11; Snapc1; Polr2c; Polr2b; Ncbp1; Rprd1b; Ell3; Ints4; Taf5; Ssu72; Ints14; Gtf2a1; Snapc2; Polr2e; Rprd2; Ccnk","liver","RR-8","GLDS-379","Stat_(Space Flight & 22 to 23 day & On ISS & Carcass & 10 to 12 week)v(Ground Control & 24 day & On Earth & Carcass & 10 to 12 week)",1,"flight_positive"
"REACTOME_RNA_POLYMERASE_II_TRANSCRIPTION_TERMINATION",0.0137797038850435,0.0780633796593597,0.380730400722792,0.407378211645143,1.47776634027475,66,"reactome","Fip1l1; Srsf5; Pabpn1; Casc3; Snrpd3; Ncbp2; Slu7; Srsf1; Srrm1; U2af1; Cstf2; Dhx38; Upf3b; Srsf4; Cstf2t; Rbm8a; Pcf11; Lsm11; Snrpf; Srsf2; Lsm10; Ncbp1; Cstf1; Sarnp; Cpsf2; Thoc2; Cpsf7; Rnps1; U2af1l4; Wdr33; Srsf11","liver","RR-8","GLDS-379","Stat_(Space Flight & 22 to 23 day & On ISS & Carcass & 10 to 12 week)v(Ground Control & 24 day & On Earth & Carcass & 10 to 12 week)",1,"flight_positive"
"REACTOME_RNA_POLYMERASE_I_PROMOTER_ESCAPE",0.00178856476109102,0.0201669802143427,0.45505986738723,-0.4233830503643,-1.6781383607196,71,"reactome","H2bc8; Polr1d; Polr2h; H2bc3; Mnat1; H2bc6; Polr2k; Polr2f; Cbx3; Gtf2h5; Polr1b; H2bc14; Polr2l; H4c3; H4c18; H4c6; Polr1h; H3c1; H4c14; Polr1c; H2ac20; H4c11; H4c16; H2ac23; Polr1e; H4c2; H3c11; H2ac7; Taf1c; H4c8; Cdk7","liver","RR-8","GLDS-379","Stat_(Space Flight & 22 to 23 day & On ISS & Carcass & 10 to 12 week)v(Ground Control & 24 day & On Earth & Carcass & 10 to 12 week)",1,"flight_positive"
"REACTOME_RNA_POLYMERASE_I_TRANSCRIPTION",0.132743362831858,0.310765711714414,0.211400189384923,-0.283570401375391,-1.17354709568365,91,"reactome","H2bc8; Polr1d; Polr2h; H2bc3; Mnat1; H2bc6; Rbbp4; Polr2k; Polr2f; Cbx3; Gtf2h5; Polr1b; H2bc14; Polr2l; H4c3; H4c18; H4c6; Polr1h; H3c1; H4c14; Polr1c; H2ac20; H4c11; H4c16; Rbbp7","liver","RR-8","GLDS-379","Stat_(Space Flight & 22 to 23 day & On ISS & Carcass & 10 to 12 week)v(Ground Control & 24 day & On Earth & Carcass & 10 to 12 week)",1,"flight_positive"
"REACTOME_RNA_POLYMERASE_I_TRANSCRIPTION_INITIATION",0.219798657718121,0.41153994703156,0.11776578836269,0.343494558518025,1.1550493160948,46,"reactome","Chd4; Gatad2a; Mta2; Gtf2h3; Polr1a; Gtf2h1; Taf1a; Gatad2b; Rrn3; Kat2b; Mta3; Hdac2; Tbp; Ttf1; Ubtf; Taf1d; Mta1","liver","RR-8","GLDS-379","Stat_(Space Flight & 22 to 23 day & On ISS & Carcass & 10 to 12 week)v(Ground Control & 24 day & On Earth & Carcass & 10 to 12 week)",1,"flight_positive"
"REACTOME_RNA_POLYMERASE_I_TRANSCRIPTION_TERMINATION",0.144859813084112,0.326673660118253,0.178219874951973,-0.367375427466574,-1.2218817194054,30,"reactome","Polr1d; Polr2h; Mnat1; Polr2k; Polr2f; Gtf2h5; Polr1b; Polr2l; Polr1h; Polr1c","liver","RR-8","GLDS-379","Stat_(Space Flight & 22 to 23 day & On ISS & Carcass & 10 to 12 week)v(Ground Control & 24 day & On Earth & Carcass & 10 to 12 week)",1,"flight_positive"
"REACTOME_RND1_GTPASE_CYCLE",0.151618398637138,0.334131574191216,0.14641623786055,0.371986728965442,1.23671466156733,42,"reactome","Kidins220; Vangl1; Dsp; Pik3r1; Pkp4; Muc13; Arhgap35; Dlg5; Dst; Kif14; Frs2; Arhgap5","liver","RR-8","GLDS-379","Stat_(Space Flight & 22 to 23 day & On ISS & Carcass & 10 to 12 week)v(Ground Control & 24 day & On Earth & Carcass & 10 to 12 week)",1,"flight_positive"
"REACTOME_RND2_GTPASE_CYCLE",0.00174222044583215,0.0198469442540673,0.45505986738723,0.52031083690311,1.72983601420422,42,"reactome","Kidins220; Fnbp1; Vangl1; Nudc; Pik3r1; Pkp4; Muc13; Arhgap35; Dlg5; Dst; Nisch; Rnd2; Kif14; Golga3; Ktn1; Frs2; Kctd13; Arhgap5; Scrib","liver","RR-8","GLDS-379","Stat_(Space Flight & 22 to 23 day & On ISS & Carcass & 10 to 12 week)v(Ground Control & 24 day & On Earth & Carcass & 10 to 12 week)",1,"flight_positive"
"REACTOME_RND3_GTPASE_CYCLE",0.0151647167116492,0.0829555047840218,0.380730400722792,0.461664373382781,1.53485878615531,42,"reactome","Vangl1; Dsp; Pik3r1; Pkp4; Muc13; Arhgap35; Dlg5; Dst; Nisch; Tmod3; Arhgap21; Rock1; Ktn1; Kctd13; Arhgap5; Picalm; Scrib","liver","RR-8","GLDS-379","Stat_(Space Flight & 22 to 23 day & On ISS & Carcass & 10 to 12 week)v(Ground Control & 24 day & On Earth & Carcass & 10 to 12 week)",1,"flight_positive"
"REACTOME_ROLE_OF_LAT2_NTAL_LAB_ON_CALCIUM_MOBILIZATION",0.598522167487685,0.706588669950739,0.0806388495950661,-0.254751649754654,-0.931747935711868,46,"reactome","Lyn; Igkv1-88; Igkv12-44; Fcer1g; Igkv8-28; Igkv1-110; Lat2; Ighv5-9","liver","RR-8","GLDS-379","Stat_(Space Flight & 22 to 23 day & On ISS & Carcass & 10 to 12 week)v(Ground Control & 24 day & On Earth & Carcass & 10 to 12 week)",1,"flight_positive"
"REACTOME_ROLE_OF_PHOSPHOLIPIDS_IN_PHAGOCYTOSIS",0.743935309973046,0.816334178272309,0.0739901439101341,-0.22962338137335,-0.863987722238879,56,"reactome","Ighg2b; Igkv1-88; Igkv12-44; Fcgr4; Igkv8-28; Igkv1-110; Pld4; Ighv5-9; Fcgr1; Cd247; Iglc1; Plcg2; Igkv17-127; Fcgr2b","liver","RR-8","GLDS-379","Stat_(Space Flight & 22 to 23 day & On ISS & Carcass & 10 to 12 week)v(Ground Control & 24 day & On Earth & Carcass & 10 to 12 week)",1,"flight_positive"
"REACTOME_RORA_B_C_AND_NR1D1_REV_ERBA_REGULATE_GENE_EXPRESSION",0.00270497117457219,0.0279345154009558,0.431707695803346,0.582045382666618,1.74795673225835,26,"reactome","Ncor1; Tbl1xr1; Crebbp; Ncoa6; Usp46; Hdac3; Ncoa1; Med1; Nrip1; Rora; Ncoa2; Carm1; Ppargc1a; Chd9; Helz2; Rxra; Smarcd3","liver","RR-8","GLDS-379","Stat_(Space Flight & 22 to 23 day & On ISS & Carcass & 10 to 12 week)v(Ground Control & 24 day & On Earth & Carcass & 10 to 12 week)",1,"flight_positive"
"REACTOME_ROS_AND_RNS_PRODUCTION_IN_PHAGOCYTES",0.000282349999201796,0.00487494920496851,0.49849310876659,-0.578682738210919,-1.97824329069141,34,"reactome","Hvcn1; Atp6v1h; Ncf2; Ncf4; Cyba; Atp6v1g1; Atp6v0e; Atp6v1f; Atp6v1e1; Atp6v0b; Cybb; Ncf1; Atp6v0d1; Atp6v1b2; Slc11a1; Mpo; Atp6v0a2","liver","RR-8","GLDS-379","Stat_(Space Flight & 22 to 23 day & On ISS & Carcass & 10 to 12 week)v(Ground Control & 24 day & On Earth & Carcass & 10 to 12 week)",1,"flight_positive"
"REACTOME_RRNA_MODIFICATION_IN_THE_NUCLEUS_AND_CYTOSOL",0.577777777777778,0.69623167333091,0.0603786357920401,0.264119547902884,0.93723939263036,59,"reactome","Utp6; Mphosph10; Utp3; Rps2; Nat10; Bud23; Nop58; Dkc1; Bms1; Wdr43; Nop56; Utp11; Nop14; Utp4; Imp4; Thumpd1; Krr1; Wdr46; Utp25; Utp14a","liver","RR-8","GLDS-379","Stat_(Space Flight & 22 to 23 day & On ISS & Carcass & 10 to 12 week)v(Ground Control & 24 day & On Earth & Carcass & 10 to 12 week)",1,"flight_positive"
"REACTOME_RRNA_PROCESSING",2.7225627733133e-06,0.000100281062150373,0.627256739718528,-0.388774697388732,-1.79555881812618,191,"reactome","Rps14; Rpl3; Rps19; Rplp2; Rps18; Rpl9; Rpl39; Rps21; Rpl35a; Rps27; Imp3; Rpl36; Rpl13a; Rpl6; Rpl15; Utp20; Rpp40; Rpl27; Rps13; Rpl13; Rps27a; Gnl3; Rpl7; Rpl37a; Rps28; Rps29; Rps17; Rps15; Wdr36; Rpl24; Heatr1; Rps5; Pno1; Dcaf13; Rpl22l1; Rpl10; Rpl18; Fau; C1d; Tbl3; Rps9; Gar1; Rps23; Rps25; Rplp1; Emg1; Rpl32; Rpl26; Rps15a; Rpl8; Rplp0; Rps20; Rps7; Nol12; Rpl19; Exosc5; Utp18; Rpl29; Rpl10a; Uba52; Rpl28; Exosc7; Rps4x; Wdr18; Exosc4; Nsun4; Nol6","liver","RR-8","GLDS-379","Stat_(Space Flight & 22 to 23 day & On ISS & Carcass & 10 to 12 week)v(Ground Control & 24 day & On Earth & Carcass & 10 to 12 week)",1,"flight_positive"
"REACTOME_RSV_HOST_INTERACTIONS",0.676384839650146,0.768145167331358,0.083129129135339,-0.224220333984107,-0.905380112590517,81,"reactome","Gpc6; Tlr4; Med18; Med22; Rps27a; Med28; Tlr7; Med6; Agrn; Ubc; Isg15; Med11; Med30; Tlr3; Uba52; Med17; Map1b; Med8; Med27; Tlr2; Eloc; Hspg2","liver","RR-8","GLDS-379","Stat_(Space Flight & 22 to 23 day & On ISS & Carcass & 10 to 12 week)v(Ground Control & 24 day & On Earth & Carcass & 10 to 12 week)",1,"flight_positive"
"REACTOME_RUNX1_INTERACTS_WITH_CO_FACTORS_WHOSE_PRECISE_EFFECT_ON_RUNX1_TARGETS_IS_NOT_KNOWN",0.0014463329697478,0.0175519219640914,0.45505986738723,0.557938941203126,1.80810590659473,36,"reactome","Hipk2; Smarcc2; Smarce1; Smarcd1; Arid1a; Rnf2; Cbx4; Csnk2b; Scmh1; Smarca4; Arid1b; Phc1; Smarcc1; Auts2; Csnk2a2; Phc2; Runx1; Smarca2; Ring1; Smarcd3; Cbx8; Phc3","liver","RR-8","GLDS-379","Stat_(Space Flight & 22 to 23 day & On ISS & Carcass & 10 to 12 week)v(Ground Control & 24 day & On Earth & Carcass & 10 to 12 week)",1,"flight_positive"
"REACTOME_RUNX1_REGULATES_GENES_INVOLVED_IN_MEGAKARYOCYTE_DIFFERENTIATION_AND_PLATELET_FUNCTION",0.870286576168929,0.906377631165567,0.0391155247681459,0.212977586767476,0.796754918818624,77,"reactome","Kmt2a; Sin3a; Ago1; Nfe2; Tnrc6c; Kmt2b; Nr4a3; Kat2b; Tnrc6b; Kmt2d; Prmt6; Rbbp5; Kmt2c; Zfpm1; Mov10","liver","RR-8","GLDS-379","Stat_(Space Flight & 22 to 23 day & On ISS & Carcass & 10 to 12 week)v(Ground Control & 24 day & On Earth & Carcass & 10 to 12 week)",1,"flight_positive"
"REACTOME_RUNX1_REGULATES_TRANSCRIPTION_OF_GENES_INVOLVED_IN_DIFFERENTIATION_OF_HSCS",0.0815047021943574,0.238893092638634,0.282013350011725,-0.30317095014469,-1.26077679565143,98,"reactome","Psmb5; H2bc8; Psma7; H2bc3; Rps27a; Mnat1; H2bc6; Psmb1; Psmb4; Psmd6; Psmd13; Ubc; H2bc14; H4c3; H4c18; H4c6; Psmb3; H3c1; H4c14; Uba52; H2ac20; H4c11; H4c16; Tal1","liver","RR-8","GLDS-379","Stat_(Space Flight & 22 to 23 day & On ISS & Carcass & 10 to 12 week)v(Ground Control & 24 day & On Earth & Carcass & 10 to 12 week)",1,"flight_positive"
"REACTOME_RUNX2_REGULATES_BONE_DEVELOPMENT",0.25130890052356,0.439392935250845,0.11146266692298,0.371139135285138,1.15119527082137,31,"reactome","Abl1; Hdac3; Runx2; Satb2; Rb1; Yes1; Mapk3; Hdac6; Smad4; Ar; Bglap3; Wwtr1","liver","RR-8","GLDS-379","Stat_(Space Flight & 22 to 23 day & On ISS & Carcass & 10 to 12 week)v(Ground Control & 24 day & On Earth & Carcass & 10 to 12 week)",1,"flight_positive"
"REACTOME_RUNX2_REGULATES_OSTEOBLAST_DIFFERENTIATION",0.185512367491166,0.373390102145243,0.133554954557592,0.416060782447486,1.22733365683892,24,"reactome","Abl1; Hdac3; Runx2; Satb2; Rb1; Yes1; Mapk3; Hdac6; Ar; Bglap3; Wwtr1","liver","RR-8","GLDS-379","Stat_(Space Flight & 22 to 23 day & On ISS & Carcass & 10 to 12 week)v(Ground Control & 24 day & On Earth & Carcass & 10 to 12 week)",1,"flight_positive"
"REACTOME_SARS_COV_1_ACTIVATES_MODULATES_INNATE_IMMUNE_RESPONSES",0.406779661016949,0.587118753275729,0.0813027345384498,0.308332662968676,1.01826423275367,40,"reactome","Rela; Ppig; Traf6; Fkbp1a; Tbk1; Ubb; Kpnb1; Mavs; Traf3; Nmi; Runx1; Irf3; Ppib","liver","RR-8","GLDS-379","Stat_(Space Flight & 22 to 23 day & On ISS & Carcass & 10 to 12 week)v(Ground Control & 24 day & On Earth & Carcass & 10 to 12 week)",1,"flight_positive"
"REACTOME_SARS_COV_1_HOST_INTERACTIONS",0.0329136878872632,0.138160814797983,0.321775918075361,-0.330516112362453,-1.36564859805351,94,"reactome","Rps14; Rps19; Rps18; Rps21; Rps27; Rps13; Rps27a; Casp1; Rps28; Rps29; Rps17; Rps15; Rps5; Tlr7; Fau; Rps9; Ubc; Rps23; Rps25; Bst2; Rps15a; Rps20; Rps7; Pycard; Ywhaq; Ripk3; Rcan3; Nlrp3; Uba52; Tomm70a; Sike1; Rps4x","liver","RR-8","GLDS-379","Stat_(Space Flight & 22 to 23 day & On ISS & Carcass & 10 to 12 week)v(Ground Control & 24 day & On Earth & Carcass & 10 to 12 week)",1,"flight_positive"
"REACTOME_SARS_COV_1_INFECTION",0.243466299862448,0.431830275036927,0.0985499803531691,0.270868465883098,1.10684434785062,138,"reactome","Rela; Ppig; Traf6; Smad3; St3gal1; Ywhae; Parp6; Ube2i; Pik3r4; Canx; Sp1; Ywhah; Ctsl; Rps2; Tmprss2; Pdpk1; Ywhaz; Fkbp1a; Tbk1; Chmp6; Ubb; Chmp3; Ddx5; Ripk1; Kpnb1; Mavs; Becn1; Rb1; St6galnac3; Rps26; Chmp4b; Traf3","liver","RR-8","GLDS-379","Stat_(Space Flight & 22 to 23 day & On ISS & Carcass & 10 to 12 week)v(Ground Control & 24 day & On Earth & Carcass & 10 to 12 week)",1,"flight_positive"
"REACTOME_SARS_COV_1_MODULATES_HOST_TRANSLATION_MACHINERY",2.4999262457196e-07,1.20105152240007e-05,0.674962860011025,-0.694698198203012,-2.37484541857825,34,"reactome","Rps14; Rps19; Rps18; Rps21; Rps27; Rps13; Rps27a; Rps28; Rps29; Rps17; Rps15; Rps5; Fau; Rps9; Rps23; Rps25; Rps15a; Rps20; Rps7","liver","RR-8","GLDS-379","Stat_(Space Flight & 22 to 23 day & On ISS & Carcass & 10 to 12 week)v(Ground Control & 24 day & On Earth & Carcass & 10 to 12 week)",1,"flight_positive"
"REACTOME_SARS_COV_1_TARGETS_HOST_INTRACELLULAR_SIGNALLING_AND_REGULATORY_PATHWAYS",0.000382344697079599,0.00596525029262347,0.49849310876659,0.733746490220549,1.92158046050215,16,"reactome","Smad3; Ywhae; Ube2i; Sp1; Ywhah; Pdpk1; Ywhaz","liver","RR-8","GLDS-379","Stat_(Space Flight & 22 to 23 day & On ISS & Carcass & 10 to 12 week)v(Ground Control & 24 day & On Earth & Carcass & 10 to 12 week)",1,"flight_positive"
"REACTOME_SARS_COV_2_ACTIVATES_MODULATES_INNATE_AND_ADAPTIVE_IMMUNE_RESPONSES",0.06966618287373,0.217460825071954,0.204294756516886,0.329424951666615,1.29322886854349,108,"reactome","Tab2; Traf6; Crebbp; Irak1; Pik3r4; Larp1; Tpr; Hsp90ab1; Sec24b; Aaas; Nup98; Tbk1; Ube2n; B2m; Ubb; Nod1; Tab3; Ptpn11; Nup50; Mavs; Becn1; Ube2v1; Map3k7; Mbl2; Nup153; G3bp2; Ptpn6; Traf3; Rae1; Stat2; Ndc1; Ikbkg; Pom121; Il17ra; Masp1; Masp2; Irf3; Nup93","liver","RR-8","GLDS-379","Stat_(Space Flight & 22 to 23 day & On ISS & Carcass & 10 to 12 week)v(Ground Control & 24 day & On Earth & Carcass & 10 to 12 week)",1,"flight_positive"
"REACTOME_SARS_COV_2_HOST_INTERACTIONS",0.0155833184226154,0.0839978871072681,0.380730400722792,-0.287106102116098,-1.31450800598972,182,"reactome","Rps14; H2-M3; Rps19; Snrpd2; Sec24d; H2-T23; Rps18; Vps16; Rps21; Snrpe; Rnf135; Rps27; Atg14; Vps45; Rps13; Rps27a; Sar1b; Sec13; Rps28; Rps29; Rps17; Gemin7; Rps15; Nup107; Rps5; Tlr7; H2-D1; Gemin6; Fau; Rps9; Ubc; Gemin2; Il17rc; Rps23; Nup85; Rps25; Rps15a; Ripk2; Isg15; Rps20; Rps7; H2-Q1; Nup43; Snrpg; Ywhaq; Chuk; Nlrp3; Uba52; Tomm70a; Sike1; Irf7; Rps4x; Tlr1; Nup35","liver","RR-8","GLDS-379","Stat_(Space Flight & 22 to 23 day & On ISS & Carcass & 10 to 12 week)v(Ground Control & 24 day & On Earth & Carcass & 10 to 12 week)",1,"flight_positive"
"REACTOME_SARS_COV_2_INFECTION",0.104247104247104,0.276635834189791,0.154190966581424,0.270654665616897,1.18137975943717,278,"reactome","Tab2; Traf6; Crebbp; Patj; St3gal1; Irak1; Ywhae; Parp6; Ube2i; Vps39; Pik3r4; Canx; Larp1; Akt2; Tpr; Hsp90ab1; Snrpd3; Sec24b; Ywhah; Ctsl; Rps2; Aaas; Tmprss2; Pdpk1; Srpk1; Ano5; Ywhaz; Vps41; Sdc2; Nup98; Tbk1; Ube2n; B2m; Chmp6; Ubb; Nod1; Mgat5; Chmp3; Tab3; Ddx5; Ptpn11; Rpn1; Nup50; Zdhhc5; Mavs; Becn1; Ube2v1; Rb1; Map3k7; Ost4; St6galnac3; Mbl2; Ddx20; Furin; Rps26; Nup153; Dad1; G3bp2; Chmp4b; Ptpn6; Stt3a; Traf3; Rae1; Stat2; Akt3; Snrpf; Ndc1; Snrpd1; Ikbkg; Tjp1; Ano6","liver","RR-8","GLDS-379","Stat_(Space Flight & 22 to 23 day & On ISS & Carcass & 10 to 12 week)v(Ground Control & 24 day & On Earth & Carcass & 10 to 12 week)",1,"flight_positive"
"REACTOME_SARS_COV_2_MODULATES_HOST_TRANSLATION_MACHINERY",4.42899485630041e-07,1.95761572648478e-05,0.674962860011025,-0.625918383646995,-2.26912405893768,47,"reactome","Rps14; Rps19; Snrpd2; Rps18; Rps21; Snrpe; Rps27; Rps13; Rps27a; Rps28; Rps29; Rps17; Gemin7; Rps15; Rps5; Gemin6; Fau; Rps9; Gemin2; Rps23; Rps25; Rps15a; Rps20; Rps7; Snrpg","liver","RR-8","GLDS-379","Stat_(Space Flight & 22 to 23 day & On ISS & Carcass & 10 to 12 week)v(Ground Control & 24 day & On Earth & Carcass & 10 to 12 week)",1,"flight_positive"
"REACTOME_SARS_COV_INFECTIONS",0.00833795440132714,0.0589497384482881,0.380730400722792,0.290341322187082,1.32569987963863,422,"reactome","Tab2; Rela; Phf21a; Rcor1; Ppig; Traf6; Arid4a; Chd4; S1pr1; Crebbp; Smad3; Igkv8-30; Patj; St3gal1; Irak1; Ywhae; Atp1a2; Parp6; Ube2i; Gatad2a; Fxyd6; Vps39; Pik3r4; Brd4; Canx; Larp1; Akt2; Tpr; Sp1; Hsp90ab1; Snrpd3; Mta2; Sec24b; Ywhah; Ctsl; Rps2; Aaas; Tmprss2; Pdpk1; Srpk1; Ano5; Ywhaz; Sigmar1; Fkbp1a; Vps41; Sdc2; Nup98; Tbk1; Fkbp4; Ube2n; B2m; Igkv14-111; Chmp6; Ubb; Gatad2b; Nod1; Mgat5; Chmp3; Tab3; Ddx5; Mta3; Hdac2; Ripk1; Kpnb1; Ptpn11; Atp1b1; Rpn1; Nup50; Zdhhc5; Mavs; Becn1; Rest; Suds3; Jak2; Ube2v1; Sos1; Ighm; Rb1; Map3k7; Ost4; St6galnac3; Mbl2; Ddx20; Furin; Rps26; Nup153; Dad1; G3bp2; Comt; Chmp4b; Ptpn6; Stt3a; Traf3; Rae1; Stat2; Rock1; Akt3; Snrpf; Ndc1; Snrpd1; Ikbkg; Vegfa; Tjp1; Ano6","liver","RR-8","GLDS-379","Stat_(Space Flight & 22 to 23 day & On ISS & Carcass & 10 to 12 week)v(Ground Control & 24 day & On Earth & Carcass & 10 to 12 week)",1,"flight_positive"
"REACTOME_SCAVENGING_BY_CLASS_A_RECEPTORS",0.869026548672566,0.906377631165567,0.0465084048719156,0.25953514989173,0.715763108830601,19,"reactome","Calr; Fth1; Masp1; Hsp90b1; Marco","liver","RR-8","GLDS-379","Stat_(Space Flight & 22 to 23 day & On ISS & Carcass & 10 to 12 week)v(Ground Control & 24 day & On Earth & Carcass & 10 to 12 week)",1,"flight_positive"
"REACTOME_SCAVENGING_OF_HEME_FROM_PLASMA",0.337349397590361,0.521358159912377,0.11331290842208,-0.296370392768145,-1.06431382160951,42,"reactome","Igha; Igkv1-88; Igkv12-44; Igkv8-28; Igkv1-110; Ighv5-9; Jchain; Iglc1; Hpx; Igkv17-127; Apoa1; Igkv8-27; Igkv1-135","liver","RR-8","GLDS-379","Stat_(Space Flight & 22 to 23 day & On ISS & Carcass & 10 to 12 week)v(Ground Control & 24 day & On Earth & Carcass & 10 to 12 week)",1,"flight_positive"
"REACTOME_SCF_BETA_TRCP_MEDIATED_DEGRADATION_OF_EMI1",0.175903614457831,0.364730687360224,0.163180127180689,-0.333539215105649,-1.19779305000768,42,"reactome","Psmb5; Psma7; Rps27a; Psmb1; Psmb4; Psmd6; Psmd13; Ubc; Skp1; Psmb3; Uba52","liver","RR-8","GLDS-379","Stat_(Space Flight & 22 to 23 day & On ISS & Carcass & 10 to 12 week)v(Ground Control & 24 day & On Earth & Carcass & 10 to 12 week)",1,"flight_positive"
"REACTOME_SCF_SKP2_MEDIATED_DEGRADATION_OF_P27_P21",0.0925925925925926,0.255787037037037,0.241339976815091,-0.345595786425135,-1.26739858515615,49,"reactome","Psmb5; Psma7; Cks1b; Rps27a; Psmb1; Psmb4; Psmd6; Psmd13; Skp2; Ubc; Skp1; Ccne1; Psmb3; Uba52; Ccnd1","liver","RR-8","GLDS-379","Stat_(Space Flight & 22 to 23 day & On ISS & Carcass & 10 to 12 week)v(Ground Control & 24 day & On Earth & Carcass & 10 to 12 week)",1,"flight_positive"
"REACTOME_SEALING_OF_THE_NUCLEAR_ENVELOPE_NE_BY_ESCRT_III",0.0320632491325671,0.13626880881341,0.321775918075361,0.502740365680655,1.49426115552264,25,"reactome","Tuba8; Tubb2a; Tuba4a; Chmp6; Chmp3; Cc2d1b; Vps4a; Chmp4b; Tubb4b","liver","RR-8","GLDS-379","Stat_(Space Flight & 22 to 23 day & On ISS & Carcass & 10 to 12 week)v(Ground Control & 24 day & On Earth & Carcass & 10 to 12 week)",1,"flight_positive"
"REACTOME_SELECTIVE_AUTOPHAGY",0.294561933534743,0.474476583900716,0.0928481214159878,0.288259872009407,1.08743532926098,83,"reactome","Tuba8; Mfn1; Tubb2a; Tbk1; Tuba4a; Pcnt; Ube2n; Csnk2b; Ube2l3; Ubb; Hsf1; Ube2v1; Tomm6; Optn; Nbr1; Hdac6; Csnk2a2; Tubb4b; Hspa8; Sqstm1; Cftr; Arl13b; Prkag2; Mfn2; Dynll1; Dync1h1; Prkab2; Tuba1b; Vdac1; Plin3; Csnk2a1; Prkab1; Vdac2; Vcp","liver","RR-8","GLDS-379","Stat_(Space Flight & 22 to 23 day & On ISS & Carcass & 10 to 12 week)v(Ground Control & 24 day & On Earth & Carcass & 10 to 12 week)",1,"flight_positive"
"REACTOME_SELENOAMINO_ACID_METABOLISM",2.92525431922934e-13,8.08101505687104e-11,0.932595211336209,-0.61359641787721,-2.57983423112697,100,"reactome","Rps14; Rpl3; Rps19; Rplp2; Pstk; Inmt; Rps18; Rpl9; Rpl39; Rps21; Rpl35a; Rps27; Rpl36; Rpl13a; Rpl6; Rpl15; Rpl27; Rps13; Rpl13; Rps27a; Rpl7; Rpl37a; Rps28; Sephs2; Rps29; Rps17; Rps15; Rpl24; Rps5; Rpl22l1; Rpl10; Rpl18; Eef1e1; Fau; Rps9; Rps23; Rps25; Rplp1; Rpl32; Rpl26; Rps15a; Rpl8; Rplp0; Rps20; Rps7; Rpl19; Rpl29; Rpl10a; Uba52; Rpl28; Rps4x; Aimp2","liver","RR-8","GLDS-379","Stat_(Space Flight & 22 to 23 day & On ISS & Carcass & 10 to 12 week)v(Ground Control & 24 day & On Earth & Carcass & 10 to 12 week)",1,"flight_positive"
"REACTOME_SEMA3A_PAK_DEPENDENT_AXON_REPULSION",0.859459459459459,0.899339680589681,0.0478299633114229,0.270674926366077,0.708860153452419,16,"reactome","Hsp90ab1; Plxna2; Fes; Limk1; Pak1; Hsp90aa1; Pak3","liver","RR-8","GLDS-379","Stat_(Space Flight & 22 to 23 day & On ISS & Carcass & 10 to 12 week)v(Ground Control & 24 day & On Earth & Carcass & 10 to 12 week)",1,"flight_positive"
"REACTOME_SEMA4D_INDUCED_CELL_MIGRATION_AND_GROWTH_CONE_COLLAPSE",0.509803921568627,0.653518948182521,0.0721797965581253,0.346583867576602,0.970332031157411,20,"reactome","Arhgef11; Myl12b; Myh9; Arhgef12; Rhoa; Rock1; Limk2; Limk1; Rock2; Myh14","liver","RR-8","GLDS-379","Stat_(Space Flight & 22 to 23 day & On ISS & Carcass & 10 to 12 week)v(Ground Control & 24 day & On Earth & Carcass & 10 to 12 week)",1,"flight_positive"
"REACTOME_SEMA4D_IN_SEMAPHORIN_SIGNALING",0.275618374558304,0.455550244196075,0.106323255932708,0.384190789929632,1.13332067577814,24,"reactome","Arhgef11; Myl12b; Myh9; Arhgef12; Arhgap35; Rhoa; Rras; Rock1; Limk2","liver","RR-8","GLDS-379","Stat_(Space Flight & 22 to 23 day & On ISS & Carcass & 10 to 12 week)v(Ground Control & 24 day & On Earth & Carcass & 10 to 12 week)",1,"flight_positive"
"REACTOME_SEMAPHORIN_INTERACTIONS",0.835098335854766,0.885588926218345,0.0411544018789903,0.221263396177755,0.80263562100144,64,"reactome","Tln1; Arhgef11; Hsp90ab1; Myl12b; Myh9; Arhgef12; Plxna2; Arhgap35; Rhoa; Rras; Sema4a; Rock1; Fes; Limk2","liver","RR-8","GLDS-379","Stat_(Space Flight & 22 to 23 day & On ISS & Carcass & 10 to 12 week)v(Ground Control & 24 day & On Earth & Carcass & 10 to 12 week)",1,"flight_positive"
"REACTOME_SENESCENCE_ASSOCIATED_SECRETORY_PHENOTYPE_SASP",0.716440422322775,0.795644891122278,0.0480220415968251,0.229670759323632,0.873217996330435,90,"reactome","Cdkn1a; Rela; Ehmt1; Cdc27; Stat3; Jun; Anapc1; Ube2s; Cdk6; Ubb; Anapc5; Cdk2; Fos; Il1a; Mapk3","liver","RR-8","GLDS-379","Stat_(Space Flight & 22 to 23 day & On ISS & Carcass & 10 to 12 week)v(Ground Control & 24 day & On Earth & Carcass & 10 to 12 week)",1,"flight_positive"
"REACTOME_SENSORY_PERCEPTION",0.557029177718833,0.688498032862763,0.0536769600638126,0.224974343983055,0.967134026407452,242,"reactome","Rdh11; Tmie; Dhrs9; Dhrs3; Sdr9c7; Whrn; Eps8l2; Scn4b; Metap2; Myh9; Opn1sw; Sdc2; Cacna2d2; Tprn; Kcnma1; Ezr; Or10j5; Lpl; Atp2b2; Sptan1; Metap1; Scn2b; Atp2b1; Camkmt; Capza2; Capzb; Slc26a5; Rdh1; Pclo; Epb41l3; Lrp8; Clic5; Gngt1; Kcnq4; Rbp3; Cacnb2; Actb; Or2v2; Nmt2; Bco1; Trpm5; Scnn1a; Rab3a; Cdh23; Eps8; Twf1; Kcnn2; Rlbp1; Plb1; Kcnj2; Prkca; Epb41l1","liver","RR-8","GLDS-379","Stat_(Space Flight & 22 to 23 day & On ISS & Carcass & 10 to 12 week)v(Ground Control & 24 day & On Earth & Carcass & 10 to 12 week)",1,"flight_positive"
"REACTOME_SENSORY_PERCEPTION_OF_TASTE",0.7426597582038,0.815744565422663,0.0525898950623616,0.267507096381019,0.813263717250307,27,"reactome","Scn4b; Scn2b; Trpm5; Scnn1a; Kcnj2; Scn1b","liver","RR-8","GLDS-379","Stat_(Space Flight & 22 to 23 day & On ISS & Carcass & 10 to 12 week)v(Ground Control & 24 day & On Earth & Carcass & 10 to 12 week)",1,"flight_positive"
"REACTOME_SENSORY_PROCESSING_OF_SOUND",0.0411585365853659,0.163310701688604,0.276500599254472,0.375726402745212,1.37680090586294,70,"reactome","Tmie; Whrn; Eps8l2; Myh9; Cacna2d2; Tprn; Kcnma1; Ezr; Atp2b2; Sptan1; Atp2b1; Capza2; Capzb; Slc26a5; Pclo; Epb41l3; Clic5; Kcnq4; Cacnb2; Actb; Rab3a; Cdh23; Eps8; Twf1; Kcnn2; Epb41l1","liver","RR-8","GLDS-379","Stat_(Space Flight & 22 to 23 day & On ISS & Carcass & 10 to 12 week)v(Ground Control & 24 day & On Earth & Carcass & 10 to 12 week)",1,"flight_positive"
"REACTOME_SENSORY_PROCESSING_OF_SOUND_BY_OUTER_HAIR_CELLS_OF_THE_COCHLEA",0.059967585089141,0.199925719174622,0.234392647294686,0.402443011897395,1.37500459917418,48,"reactome","Tmie; Whrn; Eps8l2; Myh9; Tprn; Kcnma1; Ezr; Atp2b2; Sptan1; Slc26a5; Epb41l3; Clic5; Kcnq4; Actb; Cdh23; Eps8; Twf1; Kcnn2; Epb41l1","liver","RR-8","GLDS-379","Stat_(Space Flight & 22 to 23 day & On ISS & Carcass & 10 to 12 week)v(Ground Control & 24 day & On Earth & Carcass & 10 to 12 week)",1,"flight_positive"
"REACTOME_SEPARATION_OF_SISTER_CHROMATIDS",0.0569105691056911,0.195331184361027,0.219250346703755,0.310065023588799,1.28369074743131,170,"reactome","Tuba8; Ppp2r1b; Ppp2r1a; Smc1a; Cdc27; Wapl; Ndel1; Anapc1; Ube2s; Nudc; Psmd11; Tubb2a; Zwilch; Ppp2r5c; Nup98; Ahctf1; Tuba4a; Ubb; Psmd7; Zwint; Ckap5; Smc3; Sem1; Clasp1; Taok1; Anapc5; Psma4; Ppp2r5d; Nde1; Spdl1; Cenpm; Kif2c; Psmc3; Plk1; Cenps; Kif2a; Tubb4b; Psmb2; Sgo1; Cdca8; Mad1l1; Mapre1; Psmc1; Pafah1b1; Anapc7; Dynll1; Dync1h1; Clip1; Birc5; Cenpf; Psmc4; Hdac8; Psmd3; Bub1b; Pmf1; Knl1; Cenpn; Anapc4; Rad21; Tuba1b; Pds5b; Ube2d1; Psmd12; Mad2l1; Aurkb; Cdca5; Cenpo; Adrm1; Psmd1; Mis12","liver","RR-8","GLDS-379","Stat_(Space Flight & 22 to 23 day & On ISS & Carcass & 10 to 12 week)v(Ground Control & 24 day & On Earth & Carcass & 10 to 12 week)",1,"flight_positive"
"REACTOME_SEROTONIN_NEUROTRANSMITTER_RELEASE_CYCLE",0.714285714285714,0.795592512070475,0.0547939500773363,0.304375523330978,0.827563233786757,18,"reactome","Ppfia1; Rab3a; Ppfia2; Syn3; Tspoap1; Syt1; Rims1","liver","RR-8","GLDS-379","Stat_(Space Flight & 22 to 23 day & On ISS & Carcass & 10 to 12 week)v(Ground Control & 24 day & On Earth & Carcass & 10 to 12 week)",1,"flight_positive"
"REACTOME_SHC1_EVENTS_IN_ERBB2_SIGNALING",0.547872340425532,0.685616009252789,0.0683110858318647,0.327596968655693,0.932294962137652,21,"reactome","Nras; Btc; Ereg; Sos1; Kras; Prkcd; Grb2","liver","RR-8","GLDS-379","Stat_(Space Flight & 22 to 23 day & On ISS & Carcass & 10 to 12 week)v(Ground Control & 24 day & On Earth & Carcass & 10 to 12 week)",1,"flight_positive"
"REACTOME_SHC_MEDIATED_CASCADE_FGFR1",0.342541436464088,0.526437117236186,0.0956031492204301,0.426338606143635,1.10311222931888,15,"reactome","Nras; Fgf1; Sos1; Kras; Grb2","liver","RR-8","GLDS-379","Stat_(Space Flight & 22 to 23 day & On ISS & Carcass & 10 to 12 week)v(Ground Control & 24 day & On Earth & Carcass & 10 to 12 week)",1,"flight_positive"
"REACTOME_SHC_MEDIATED_CASCADE_FGFR4",0.267034990791897,0.449999272787213,0.11101149245045,0.452722550053299,1.17137827598933,15,"reactome","Fgf18; Nras; Fgf1; Sos1; Kras; Grb2","liver","RR-8","GLDS-379","Stat_(Space Flight & 22 to 23 day & On ISS & Carcass & 10 to 12 week)v(Ground Control & 24 day & On Earth & Carcass & 10 to 12 week)",1,"flight_positive"
"REACTOME_SIALIC_ACID_METABOLISM",0.545299145299145,0.683169564121945,0.0667426134241917,0.299353827116347,0.940680206306064,32,"reactome","St8sia5; St3gal1; St8sia3; St6galnac3; St6galnac6; St3gal6; St3gal3; Nans; St3gal5","liver","RR-8","GLDS-379","Stat_(Space Flight & 22 to 23 day & On ISS & Carcass & 10 to 12 week)v(Ground Control & 24 day & On Earth & Carcass & 10 to 12 week)",1,"flight_positive"
"REACTOME_SIGNALING_BY_ACTIVIN",0.0581532899253821,0.196511881857942,0.321775918075361,0.560713026978486,1.49715418634927,17,"reactome","Inhba; Smad3; Inhbb; Smad2; Mapk3; Smad4","liver","RR-8","GLDS-379","Stat_(Space Flight & 22 to 23 day & On ISS & Carcass & 10 to 12 week)v(Ground Control & 24 day & On Earth & Carcass & 10 to 12 week)",1,"flight_positive"
"REACTOME_SIGNALING_BY_ALK",0.00169126705581911,0.0194671885070845,0.45505986738723,0.579880054091601,1.76803482362505,28,"reactome","Dnmt1; Plcg1; Sin3a; Hdac3; Stat3; Pik3r1; Irs1; Hdac2; Ptpn6; Frs2","liver","RR-8","GLDS-379","Stat_(Space Flight & 22 to 23 day & On ISS & Carcass & 10 to 12 week)v(Ground Control & 24 day & On Earth & Carcass & 10 to 12 week)",1,"flight_positive"
"REACTOME_SIGNALING_BY_ALK_IN_CANCER",0.000103960530143911,0.00225247815311808,0.538434096309916,0.4706395171491,1.79184003807868,89,"reactome","Dnmt1; Cdkn1a; Mdm2; Plcg1; Tpr; Mecp2; Ago1; Stat3; Jun; Ppm1b; Tnrc6c; Strn; Myh9; Ppfibp1; Pik3r1; Rrbp1; Stat5a; Ubb; Irs1; Klc1; Kif5b; Rb1; Eml4; Ago2; Ptpn6; Mapk3; Mov10; Dctn1; Grb2; Frs2; Sqstm1; Mapk8; Mapk9; Prkar1a; Fn1; Gcc2; Sec31a; Tpm3; Ago4; Bcl11a; Npm1","liver","RR-8","GLDS-379","Stat_(Space Flight & 22 to 23 day & On ISS & Carcass & 10 to 12 week)v(Ground Control & 24 day & On Earth & Carcass & 10 to 12 week)",1,"flight_positive"
"REACTOME_SIGNALING_BY_BMP",0.848432055749129,0.892873734859798,0.0468819856878333,0.242657098934667,0.74976288846878,30,"reactome","Inhba; Smurf1; Smurf2; Ski; Bmpr1a; Smad4","liver","RR-8","GLDS-379","Stat_(Space Flight & 22 to 23 day & On ISS & Carcass & 10 to 12 week)v(Ground Control & 24 day & On Earth & Carcass & 10 to 12 week)",1,"flight_positive"
"REACTOME_SIGNALING_BY_BRAF_AND_RAF1_FUSIONS",0.0133415915357831,0.0771856473667035,0.380730400722792,0.419936296421126,1.52648360298353,65,"reactome","Tln1; Ap3b1; Camk2a; Qki; Zc3hav1; Agk; Braf; Clcn6; Nras; Aggf1; Fgb; Tent4a; Akap9; Camk2b; Fga; Fgg; Jak2; Camk2g; Kras; Camk2d; Mark3; Mapk3; Kdm7a; Actb; Snd1; Mprip; Fam114a2; Fn1","liver","RR-8","GLDS-379","Stat_(Space Flight & 22 to 23 day & On ISS & Carcass & 10 to 12 week)v(Ground Control & 24 day & On Earth & Carcass & 10 to 12 week)",1,"flight_positive"
"REACTOME_SIGNALING_BY_CSF1_M_CSF_IN_MYELOID_CELLS",0.560975609756098,0.688522392062215,0.0662842187012672,0.302087667366828,0.933391699851859,30,"reactome","Stat3; Inppl1; Pik3r1; Ubb; Ptpn11; Sos1; Yes1; Kras; Grap2; Grb2","liver","RR-8","GLDS-379","Stat_(Space Flight & 22 to 23 day & On ISS & Carcass & 10 to 12 week)v(Ground Control & 24 day & On Earth & Carcass & 10 to 12 week)",1,"flight_positive"
"REACTOME_SIGNALING_BY_CSF3_G_CSF",0.708530805687204,0.793414904836124,0.0699458736501659,-0.2579911553318,-0.84719575983406,29,"reactome","Lyn; Rps27a; Rnf7; Ubc; Hck; Socs1; Uba52","liver","RR-8","GLDS-379","Stat_(Space Flight & 22 to 23 day & On ISS & Carcass & 10 to 12 week)v(Ground Control & 24 day & On Earth & Carcass & 10 to 12 week)",1,"flight_positive"
"REACTOME_SIGNALING_BY_CTNNB1_PHOSPHO_SITE_MUTANTS",0.0224548847070683,0.106036955561156,0.352487857583619,0.618366423053513,1.59996667822452,15,"reactome","Axin1; Ppp2r1b; Ppp2r1a; Ppp2r5c; Ppp2r5d","liver","RR-8","GLDS-379","Stat_(Space Flight & 22 to 23 day & On ISS & Carcass & 10 to 12 week)v(Ground Control & 24 day & On Earth & Carcass & 10 to 12 week)",1,"flight_positive"
"REACTOME_SIGNALING_BY_CYTOSOLIC_FGFR1_FUSION_MUTANTS",0.00590368311428522,0.0479674253035674,0.407017918923954,0.623464559006945,1.69513087306357,18,"reactome","Fgfr1op2; Lrrfip1; Stat3; Pik3r1; Stat5a; Myo18a; Cux1; Grb2; Stat5b; Bcr; Zmym2","liver","RR-8","GLDS-379","Stat_(Space Flight & 22 to 23 day & On ISS & Carcass & 10 to 12 week)v(Ground Control & 24 day & On Earth & Carcass & 10 to 12 week)",1,"flight_positive"
"REACTOME_SIGNALING_BY_EGFR",0.0218275461874397,0.103516903592794,0.352487857583619,0.418595718095049,1.46113759386167,53,"reactome","Stam2; Plcg1; Stam; Pik3r1; Nras; Ubb; Tgfa; Gab1; Btc; Ereg; Ptpn11; Sos1; Ptpn3; Kras; Eps15l1; Ptprk; Arhgef7; Grb2; Hgs; Epn1; Lrig1; Pag1; Pxn; Spry1","liver","RR-8","GLDS-379","Stat_(Space Flight & 22 to 23 day & On ISS & Carcass & 10 to 12 week)v(Ground Control & 24 day & On Earth & Carcass & 10 to 12 week)",1,"flight_positive"
"REACTOME_SIGNALING_BY_EGFR_IN_CANCER",0.0226555896762735,0.106517276273402,0.352487857583619,0.519050261255261,1.54273795402831,25,"reactome","Plcg1; Pik3r1; Nras; Ubb; Tgfa; Gab1; Btc; Ereg; Cdc37; Sos1; Kras","liver","RR-8","GLDS-379","Stat_(Space Flight & 22 to 23 day & On ISS & Carcass & 10 to 12 week)v(Ground Control & 24 day & On Earth & Carcass & 10 to 12 week)",1,"flight_positive"
"REACTOME_SIGNALING_BY_ERBB2",0.0865384615384615,0.247733160621762,0.191892240384838,0.383115309463587,1.31351577652526,49,"reactome","Usp8; Akt2; Plcg1; Pik3r1; Nras; Ubb; Gab1; Btc; Ereg; Cdc37; Rhoa; Sos1; Yes1; Kras; Prkcd; Akt3; Rnf41; Grb2; Akt1; Diaph1","liver","RR-8","GLDS-379","Stat_(Space Flight & 22 to 23 day & On ISS & Carcass & 10 to 12 week)v(Ground Control & 24 day & On Earth & Carcass & 10 to 12 week)",1,"flight_positive"
"REACTOME_SIGNALING_BY_ERBB2_ECD_MUTANTS",0.102702702702703,0.274785681565343,0.186432558434075,0.521430605430206,1.36555455631729,16,"reactome","Plcg1; Pik3r1; Nras; Gab1; Cdc37; Sos1; Kras; Grb2","liver","RR-8","GLDS-379","Stat_(Space Flight & 22 to 23 day & On ISS & Carcass & 10 to 12 week)v(Ground Control & 24 day & On Earth & Carcass & 10 to 12 week)",1,"flight_positive"
"REACTOME_SIGNALING_BY_ERBB2_IN_CANCER",0.118279569892473,0.288339038204731,0.172324344900946,0.447879341195092,1.33120144630282,25,"reactome","Plcg1; Pik3r1; Nras; Gab1; Btc; Ereg; Cdc37; Sos1; Kras; Grb2","liver","RR-8","GLDS-379","Stat_(Space Flight & 22 to 23 day & On ISS & Carcass & 10 to 12 week)v(Ground Control & 24 day & On Earth & Carcass & 10 to 12 week)",1,"flight_positive"
"REACTOME_SIGNALING_BY_ERBB4",0.134706814580032,0.313370589707232,0.150169802128406,0.34684338391182,1.21787042029135,56,"reactome","Tab2; Ncor1; Pik3r1; Psen1; Stat5a; Nras; Ubb; Btc; Ereg; Psenen; Psen2; Sos1; Kras; Nedd4; Stmn1; Gfap; Grb2","liver","RR-8","GLDS-379","Stat_(Space Flight & 22 to 23 day & On ISS & Carcass & 10 to 12 week)v(Ground Control & 24 day & On Earth & Carcass & 10 to 12 week)",1,"flight_positive"
"REACTOME_SIGNALING_BY_ERYTHROPOIETIN",0.180212014134276,0.369451346230751,0.135740943810425,0.420935268287674,1.24171285522492,24,"reactome","Plcg1; Crkl; Pik3r1; Stat5a; Nras; Gab1; Jak2; Sos1; Kras; Grb2; Stat5b","liver","RR-8","GLDS-379","Stat_(Space Flight & 22 to 23 day & On ISS & Carcass & 10 to 12 week)v(Ground Control & 24 day & On Earth & Carcass & 10 to 12 week)",1,"flight_positive"
"REACTOME_SIGNALING_BY_FGFR",0.253731343283582,0.440969894326852,0.100990587455923,0.295056152117539,1.1141034277361,80,"reactome","Ppp2r1a; Plcg1; Ncbp2; Fgf18; Rbfox2; Pik3r1; Braf; Nras; Ubb; Gtf2f1; Gab1; Ptpn11; Fgf1; Ptbp1; Sos1; Kras; Mapk3; Mknk1; Tial1; Polr2c; Polr2b; Grb2; Frs2; Ncbp1; Gipc1; Fgfr3","liver","RR-8","GLDS-379","Stat_(Space Flight & 22 to 23 day & On ISS & Carcass & 10 to 12 week)v(Ground Control & 24 day & On Earth & Carcass & 10 to 12 week)",1,"flight_positive"
"REACTOME_SIGNALING_BY_FGFR1",0.0725126475548061,0.222613951145807,0.216542836735348,0.39460964715929,1.32718496341213,45,"reactome","Ppp2r1a; Plcg1; Fgf18; Pik3r1; Braf; Nras; Ubb; Gab1; Ptpn11; Fgf1; Sos1; Kras; Mapk3; Mknk1; Grb2; Frs2; Gipc1","liver","RR-8","GLDS-379","Stat_(Space Flight & 22 to 23 day & On ISS & Carcass & 10 to 12 week)v(Ground Control & 24 day & On Earth & Carcass & 10 to 12 week)",1,"flight_positive"
"REACTOME_SIGNALING_BY_FGFR1_IN_DISEASE",0.000240650229319227,0.00428264557990454,0.518848077743792,0.609087313210177,1.95400803305582,34,"reactome","Erlin2; Fgfr1op2; Lrrfip1; Plcg1; Stat3; Pik3r1; Stat5a; Nras; Gab1; Myo18a; Cux1; Fgf1; Sos1; Kras; Bag4; Grb2; Frs2; Stat5b; Bcr; Zmym2","liver","RR-8","GLDS-379","Stat_(Space Flight & 22 to 23 day & On ISS & Carcass & 10 to 12 week)v(Ground Control & 24 day & On Earth & Carcass & 10 to 12 week)",1,"flight_positive"
"REACTOME_SIGNALING_BY_FGFR2",0.0588235294117647,0.198170731707317,0.231126709673834,0.372308484509103,1.35055074345878,66,"reactome","Ppp2r1a; Plcg1; Ncbp2; Fgf18; Rbfox2; Pik3r1; Braf; Nras; Ubb; Gtf2f1; Gab1; Ptpn11; Fgf1; Ptbp1; Sos1; Kras; Mapk3; Mknk1; Tial1; Polr2c; Polr2b; Grb2; Frs2; Ncbp1","liver","RR-8","GLDS-379","Stat_(Space Flight & 22 to 23 day & On ISS & Carcass & 10 to 12 week)v(Ground Control & 24 day & On Earth & Carcass & 10 to 12 week)",1,"flight_positive"
"REACTOME_SIGNALING_BY_FGFR2_IIIA_TM",0.226544622425629,0.416949022023718,0.138022242496643,-0.396997874023769,-1.17041294746794,19,"reactome","Polr2h; Polr2k; Polr2f; Polr2g; Polr2l; Polr2i; Polr2d","liver","RR-8","GLDS-379","Stat_(Space Flight & 22 to 23 day & On ISS & Carcass & 10 to 12 week)v(Ground Control & 24 day & On Earth & Carcass & 10 to 12 week)",1,"flight_positive"
"REACTOME_SIGNALING_BY_FGFR2_IN_DISEASE",0.153184165232358,0.335185153627239,0.14641623786055,0.38459396393501,1.25215010136976,37,"reactome","Plcg1; Ncbp2; Fgf18; Pik3r1; Nras; Gtf2f1; Gab1; Fgf1; Sos1; Kras; Polr2c; Polr2b; Grb2; Frs2; Ncbp1","liver","RR-8","GLDS-379","Stat_(Space Flight & 22 to 23 day & On ISS & Carcass & 10 to 12 week)v(Ground Control & 24 day & On Earth & Carcass & 10 to 12 week)",1,"flight_positive"
"REACTOME_SIGNALING_BY_FGFR3",0.0109729044432795,0.0692860537704217,0.380730400722792,0.504308988250848,1.63430797362681,36,"reactome","Ppp2r1a; Plcg1; Fgf18; Pik3r1; Braf; Nras; Ubb; Gab1; Ptpn11; Fgf1; Sos1; Kras; Mapk3; Mknk1; Grb2; Frs2; Fgfr3","liver","RR-8","GLDS-379","Stat_(Space Flight & 22 to 23 day & On ISS & Carcass & 10 to 12 week)v(Ground Control & 24 day & On Earth & Carcass & 10 to 12 week)",1,"flight_positive"
"REACTOME_SIGNALING_BY_FGFR4",0.0128979550918897,0.0765397431738124,0.380730400722792,0.494755380320769,1.60334771318968,36,"reactome","Ppp2r1a; Plcg1; Fgf18; Pik3r1; Braf; Nras; Ubb; Gab1; Ptpn11; Fgf1; Sos1; Kras; Mapk3; Mknk1; Grb2; Frs2","liver","RR-8","GLDS-379","Stat_(Space Flight & 22 to 23 day & On ISS & Carcass & 10 to 12 week)v(Ground Control & 24 day & On Earth & Carcass & 10 to 12 week)",1,"flight_positive"
"REACTOME_SIGNALING_BY_FGFR_IN_DISEASE",0.00915868063147698,0.0620879883299513,0.380730400722792,0.448153008013462,1.58049922807238,57,"reactome","Erlin2; Fgfr1op2; Lrrfip1; Plcg1; Ncbp2; Fgf18; Stat3; Pik3r1; Stat5a; Nras; Gtf2f1; Gab1; Myo18a; Cux1; Fgf1; Sos1; Kras; Bag4; Polr2c; Polr2b; Grb2; Frs2; Ncbp1; Fgfr3; Stat5b","liver","RR-8","GLDS-379","Stat_(Space Flight & 22 to 23 day & On ISS & Carcass & 10 to 12 week)v(Ground Control & 24 day & On Earth & Carcass & 10 to 12 week)",1,"flight_positive"
"REACTOME_SIGNALING_BY_FLT3_FUSION_PROTEINS",0.0157552012561736,0.0842529724214599,0.352487857583619,0.578575242466021,1.59563286288065,19,"reactome","Cdkn1a; Golgb1; Pik3r1; Stat5a; Nras; Myo18a; Trip11; Sos1; Etv6; Kras; Grb2; Stat5b; Zmym2","liver","RR-8","GLDS-379","Stat_(Space Flight & 22 to 23 day & On ISS & Carcass & 10 to 12 week)v(Ground Control & 24 day & On Earth & Carcass & 10 to 12 week)",1,"flight_positive"
"REACTOME_SIGNALING_BY_FLT3_ITD_AND_TKD_MUTANTS",0.0882882882882883,0.250096190842632,0.20207170902116,0.539397854777536,1.4126082945429,16,"reactome","Cdkn1a; Pik3r1; Stat5a; Nras; Ptpn11; Sos1; Kras; Grb2; Stat5b; Bcl2l1","liver","RR-8","GLDS-379","Stat_(Space Flight & 22 to 23 day & On ISS & Carcass & 10 to 12 week)v(Ground Control & 24 day & On Earth & Carcass & 10 to 12 week)",1,"flight_positive"
"REACTOME_SIGNALING_BY_HEDGEHOG",0.434599156118143,0.608659147668629,0.0683110858318647,0.249200873286648,1.01138936625189,135,"reactome","Prkar2a; Gas8; Smurf1; Adcy2; Kif3a; Psmd11; Ift52; Tubb2a; Tuba4a; Smurf2; Ubb; Ift140; Psmd7; Spop; Sem1; Rpgrip1l; Psma4; Evc; Numb; Wdr19; Ift122; Ift57; Psmc3; Prkaca; Sel1l; Adcy1; Iqce; Cdc73; Tubb4b; Psmb2; Gnas; Ofd1; Os9; Btrc; Prkar1a; Psmc1; Wdr35","liver","RR-8","GLDS-379","Stat_(Space Flight & 22 to 23 day & On ISS & Carcass & 10 to 12 week)v(Ground Control & 24 day & On Earth & Carcass & 10 to 12 week)",1,"flight_positive"
"REACTOME_SIGNALING_BY_HIPPO",0.043683469400426,0.169965611575601,0.321775918075361,0.555812442020465,1.55610998163115,20,"reactome","Stk3; Ywhae; Lats1; Tjp2; Stk4; Sav1; Lats2; Tjp1; Wwtr1; Amotl2; Amotl1; Dvl2; Amot","liver","RR-8","GLDS-379","Stat_(Space Flight & 22 to 23 day & On ISS & Carcass & 10 to 12 week)v(Ground Control & 24 day & On Earth & Carcass & 10 to 12 week)",1,"flight_positive"
"REACTOME_SIGNALING_BY_INSULIN_RECEPTOR",0.289877300613497,0.470993412485801,0.0946646223153342,0.295255974980267,1.08599698163946,73,"reactome","Pik3r4; Akt2; Fgf18; Pdpk1; Pik3r1; Nras; Irs1; Gab1; Ide; Ptpn11; Atp6v1g2; Fgf1; Ptpn1; Sos1; Kras; Atp6v0a1; Mapk3; Grb2; Frs2; Insr; Fgfr3","liver","RR-8","GLDS-379","Stat_(Space Flight & 22 to 23 day & On ISS & Carcass & 10 to 12 week)v(Ground Control & 24 day & On Earth & Carcass & 10 to 12 week)",1,"flight_positive"
"REACTOME_SIGNALING_BY_INTERLEUKINS",0.0377833753148615,0.15294989351595,0.261663521711573,0.267424135531608,1.2236923083976,431,"reactome","Tab2; Saa2; Lcn2; Cdkn1a; Saa1; Rela; Il22ra1; Traf6; N4bp1; S1pr1; Smad3; Rala; Irak1; Atf1; Ppp2r1b; Ppp2r1a; Canx; Lbp; Atf2; Ptpn9; Stat3; Crkl; Jun; Il11ra1; Pou2f1; Foxo1; Inppl1; Ywhaz; Ccl22; Gsdmd; Psmd11; Pik3r1; Hmgb1; Nkiras1; Tbk1; Zeb1; Il7; Ube2n; Lifr; Stat5a; Irak4; Stx4a; Ubb; Irs1; Nod1; Pdcd4; Rora; Psmd7; Tab3; Map2k7; Sem1; Stat6; Ptpn11; Map3k3; Smarca4; Lcp1; Creb1; Psma4; Ppp2r5d; Jak2; Peli3; Ube2v1; Crk; Sos1; Tnfrsf1b; Yes1; Ptk2b; Map3k7; Fos; Psmc3; Stx3; Mapkapk3; Ptpn6; Il1a; Mapk3; Ptpn2; Prkaca; Stat2; Brwd1; Itgam; Tnip2; Ikbkg; Vegfa; Pitpna; Hnrnpdl; Lgals9; Rhou; Psmb2; Nfkbib; Grb2; Hspa8; Il17ra; Sqstm1; Mapk8; Il2ra; Vrk3; Btrc; Csf2ra; Hsp90b1; Map2k4; Mapk9; Mef2c; Fn1; Txlna; Akt1; Stat5b; Psmc1; H3c8; Lmnb1; Il13ra2; Csf1; Fasl; Tec; Bcl2l1; Birc5; Cntfr; Tab1; Psmc4; Bcl6; Jak3; Il9r","liver","RR-8","GLDS-379","Stat_(Space Flight & 22 to 23 day & On ISS & Carcass & 10 to 12 week)v(Ground Control & 24 day & On Earth & Carcass & 10 to 12 week)",1,"flight_positive"
"REACTOME_SIGNALING_BY_KIT_IN_DISEASE",0.226381461675579,0.416949022023718,0.119887845115423,0.42907585712662,1.20128513446824,20,"reactome","Stat3; Pik3r1; Stat5a; Nras; Jak2; Sos1; Yes1; Kras; Grb2; Stat5b","liver","RR-8","GLDS-379","Stat_(Space Flight & 22 to 23 day & On ISS & Carcass & 10 to 12 week)v(Ground Control & 24 day & On Earth & Carcass & 10 to 12 week)",1,"flight_positive"
"REACTOME_SIGNALING_BY_MET",0.239520958083832,0.430598729859002,0.104732821580651,0.29956482573089,1.127605345775,79,"reactome","Stam2; Usp8; Ptprj; Stat3; Crkl; Stam; Pik3r1; Lamc1; Nras; Ubb; Gab1; Ptk2; Ptpn11; Ptpn1; Gga3; Crk; Sos1; Kras; Ptpn2; Itga3","liver","RR-8","GLDS-379","Stat_(Space Flight & 22 to 23 day & On ISS & Carcass & 10 to 12 week)v(Ground Control & 24 day & On Earth & Carcass & 10 to 12 week)",1,"flight_positive"
"REACTOME_SIGNALING_BY_MODERATE_KINASE_ACTIVITY_BRAF_MUTANTS",0.229617304492512,0.418001847552267,0.114266502484433,0.344627022649203,1.1601051046391,44,"reactome","Tln1; Camk2a; Braf; Nras; Fgb; Camk2b; Fga; Fgg; Jak2; Camk2g; Kras; Camk2d; Mark3; Mapk3","liver","RR-8","GLDS-379","Stat_(Space Flight & 22 to 23 day & On ISS & Carcass & 10 to 12 week)v(Ground Control & 24 day & On Earth & Carcass & 10 to 12 week)",1,"flight_positive"
"REACTOME_SIGNALING_BY_NODAL",0.258407079646018,0.444340649823068,0.110564716336619,0.421962100161338,1.16371483687726,19,"reactome","Smad3; Smad2; Furin; Mapk3; Pcsk6; Smad4","liver","RR-8","GLDS-379","Stat_(Space Flight & 22 to 23 day & On ISS & Carcass & 10 to 12 week)v(Ground Control & 24 day & On Earth & Carcass & 10 to 12 week)",1,"flight_positive"
"REACTOME_SIGNALING_BY_NOTCH",0.211842105263158,0.402208808102731,0.104343952581949,0.26333486563918,1.11507666054974,208,"reactome","Prkci; Ncor1; Dtx4; Tbl1xr1; Crebbp; Smad3; Tle1; Atp2a1; Hdac3; Ago1; Jun; Tnrc6c; Neurl1a; Ywhaz; Psmd11; Fbxw7; Psen1; Maml1; Ubb; Ybx1; Psmd7; Ncor2; Rfng; Kat2b; Tnrc6b; Hdac2; Rbpj; Psenen; Sem1; Creb1; Psen2; Psma4; Dlk1; Numb; Furin; Cdk8; Ago2; Psmc3; Tmed2; Sel1l; Jag2; Mov10; Tacc3; Hdac6; Tle3; Mib2; Psmb2; St3gal6; Pbx1; Runx1; Dtx2; Tfdp2; Mib1; H2az2; Akt1; St3gal3; Psmc1; H3c8; Dlgap5","liver","RR-8","GLDS-379","Stat_(Space Flight & 22 to 23 day & On ISS & Carcass & 10 to 12 week)v(Ground Control & 24 day & On Earth & Carcass & 10 to 12 week)",1,"flight_positive"
"REACTOME_SIGNALING_BY_NOTCH1",0.0177942211515742,0.0918813755723806,0.352487857583619,0.395066474010387,1.46290464854586,74,"reactome","Ncor1; Dtx4; Tbl1xr1; Crebbp; Tle1; Hdac3; Neurl1a; Fbxw7; Psen1; Maml1; Ubb; Ncor2; Kat2b; Hdac2; Rbpj; Psenen; Psen2; Dlk1; Numb; Cdk8; Jag2; Hdac6; Tle3; Mib2; Dtx2; Mib1","liver","RR-8","GLDS-379","Stat_(Space Flight & 22 to 23 day & On ISS & Carcass & 10 to 12 week)v(Ground Control & 24 day & On Earth & Carcass & 10 to 12 week)",1,"flight_positive"
"REACTOME_SIGNALING_BY_NOTCH1_HD_DOMAIN_MUTANTS_IN_CANCER",0.895027624309392,0.920486067462811,0.0469758727821845,0.259274935381456,0.670850229966718,15,"reactome","Neurl1a; Ubb; Jag2; Mib2; Mib1","liver","RR-8","GLDS-379","Stat_(Space Flight & 22 to 23 day & On ISS & Carcass & 10 to 12 week)v(Ground Control & 24 day & On Earth & Carcass & 10 to 12 week)",1,"flight_positive"
"REACTOME_SIGNALING_BY_NOTCH1_PEST_DOMAIN_MUTANTS_IN_CANCER",0.0612244897959184,0.200510873509952,0.227987202850442,0.386474580628467,1.37195392932242,58,"reactome","Ncor1; Tbl1xr1; Crebbp; Hdac3; Neurl1a; Fbxw7; Psen1; Maml1; Ubb; Ncor2; Kat2b; Hdac2; Rbpj; Psenen; Psen2; Cdk8; Jag2; Hdac6; Mib2","liver","RR-8","GLDS-379","Stat_(Space Flight & 22 to 23 day & On ISS & Carcass & 10 to 12 week)v(Ground Control & 24 day & On Earth & Carcass & 10 to 12 week)",1,"flight_positive"
"REACTOME_SIGNALING_BY_NOTCH2",0.483478260869565,0.64240790655885,0.0736212741014394,0.306563205982695,0.972189680597867,33,"reactome","Neurl1a; Psen1; Maml1; Ubb; Rbpj; Psenen; Creb1; Psen2; Jag2; Mib2; Mib1","liver","RR-8","GLDS-379","Stat_(Space Flight & 22 to 23 day & On ISS & Carcass & 10 to 12 week)v(Ground Control & 24 day & On Earth & Carcass & 10 to 12 week)",1,"flight_positive"
"REACTOME_SIGNALING_BY_NOTCH3",0.543269230769231,0.681398978433598,0.0637845390312975,0.277591761006578,0.951726930531929,49,"reactome","Crebbp; Neurl1a; Psen1; Maml1; Ubb; Ybx1; Kat2b; Rbpj; Psenen; Psen2; Jag2; Tacc3; Mib2; Pbx1; Mib1; Dlgap5","liver","RR-8","GLDS-379","Stat_(Space Flight & 22 to 23 day & On ISS & Carcass & 10 to 12 week)v(Ground Control & 24 day & On Earth & Carcass & 10 to 12 week)",1,"flight_positive"
"REACTOME_SIGNALING_BY_NOTCH4",0.582701062215478,0.698063834005154,0.0578529757032509,0.255020150213221,0.938199507522251,72,"reactome","Crebbp; Smad3; Ywhaz; Psmd11; Fbxw7; Psen1; Maml1; Ubb; Psmd7; Kat2b; Rbpj; Psenen; Sem1; Psen2; Psma4","liver","RR-8","GLDS-379","Stat_(Space Flight & 22 to 23 day & On ISS & Carcass & 10 to 12 week)v(Ground Control & 24 day & On Earth & Carcass & 10 to 12 week)",1,"flight_positive"
"REACTOME_SIGNALING_BY_NTRK2_TRKB",0.146953405017921,0.328711563855876,0.153158808683073,0.432580077038796,1.28572847914634,25,"reactome","Plcg1; Pik3r1; Nras; Gab1; Ptpn11; Sos1; Kras; Grb2; Frs2","liver","RR-8","GLDS-379","Stat_(Space Flight & 22 to 23 day & On ISS & Carcass & 10 to 12 week)v(Ground Control & 24 day & On Earth & Carcass & 10 to 12 week)",1,"flight_positive"
"REACTOME_SIGNALING_BY_NTRK3_TRKC",0.297297297297297,0.47679755226925,0.102821842840815,0.429072319424272,1.12368099355432,16,"reactome","Plcg1; Pik3r1; Nras; Irs1; Sos1; Kras; Grb2; Ptprs","liver","RR-8","GLDS-379","Stat_(Space Flight & 22 to 23 day & On ISS & Carcass & 10 to 12 week)v(Ground Control & 24 day & On Earth & Carcass & 10 to 12 week)",1,"flight_positive"
"REACTOME_SIGNALING_BY_NTRKS",0.000357188159175971,0.00572018718680359,0.49849310876659,0.412998690408426,1.65809439849404,128,"reactome","Kidins220; Chd4; Tcf12; Rala; Atf1; Ppp2r1b; Ppp2r1a; Plcg1; Atf2; Stat3; Crkl; Map2k5; Dnm2; Pik3r1; Braf; Nras; Irs1; Gab1; Dnal4; Clta; Pcsk5; Ptpn11; Rhoa; Creb1; Ppp2r5d; Rest; Jund; Crk; Sos1; Kras; Fos; Furin; Srf; Mapkapk3; Mapk3; Pcsk6; Fosb; Grb2; Frs2; Mef2d; Vrk3; Mef2c; Ptprs; Rit1; Dusp6; Dusp7; Egr1; Ngf; Adcyap1r1; Ntrk2; Egr3; Ntrk1; Pik3r2; Rps6ka5; Rps6ka3; Dnm3; Elk1; Egr2","liver","RR-8","GLDS-379","Stat_(Space Flight & 22 to 23 day & On ISS & Carcass & 10 to 12 week)v(Ground Control & 24 day & On Earth & Carcass & 10 to 12 week)",1,"flight_positive"
"REACTOME_SIGNALING_BY_NUCLEAR_RECEPTORS",0.00803301322310602,0.057639477996962,0.380730400722792,0.306972510449499,1.34102002654959,273,"reactome","Ncor1; Rdh11; Tbl1xr1; Yy1; Crebbp; Axin1; Dhrs9; Dhrs3; Akt2; Sp1; Ppid; Smc1a; Hsp90ab1; Hdac3; Ago1; Atf2; Usf2; Kank1; Jun; Pou2f1; Tnrc6c; Pdpk1; Pdk4; Strn; Scd1; Chd1; Ccnt1; Ncoa1; Pik3r1; Fkbp4; Cdk9; Gps2; Nras; Med1; Gtf2f1; Tgfa; Nrip1; Pdk2; Btc; Nr5a2; Ereg; Ddx5; Smc3; Ncor2; Kat2b; Tnrc6b; Ncoa2; Ptk2; Tbp; Creb1; Fabp5; Kctd6; Jund; Carm1; Kras; Fos; Ago2; Srf; Hspb1; Mapk3; Ppp5c; Cyp26a1; Akt3; Mov10; Rdh1; Kdm4a; Gng12; Tle3; Fosb; Gngt1; Polr2c; Polr2b; Kat5; Runx1; Gng8; Fasn; Apod; H2az2; Akt1; Fkbp5; Angptl3; Aldh8a1; H3c8; Adh1; Rara","liver","RR-8","GLDS-379","Stat_(Space Flight & 22 to 23 day & On ISS & Carcass & 10 to 12 week)v(Ground Control & 24 day & On Earth & Carcass & 10 to 12 week)",1,"flight_positive"
"REACTOME_SIGNALING_BY_PDGF",0.266457680250784,0.449999272787213,0.100990587455923,0.312226311112732,1.10112714825901,57,"reactome","Plcg1; Stat3; Crkl; Thbs4; Pik3r1; Stat5a; Nras; Stat6; Ptpn11; Crk; Sos1; Kras; Furin; Pdgfc; Grb2; Stat5b; Plg","liver","RR-8","GLDS-379","Stat_(Space Flight & 22 to 23 day & On ISS & Carcass & 10 to 12 week)v(Ground Control & 24 day & On Earth & Carcass & 10 to 12 week)",1,"flight_positive"
"REACTOME_SIGNALING_BY_PDGFR_IN_DISEASE",0.00637056674967491,0.0502876921082015,0.407017918923954,0.633626813274136,1.77396714111109,20,"reactome","Fip1l1; Stat3; Wdr48; Kank1; Strn; Golga4; Pik3r1; Nras; Bin2; Sos1; Etv6; Kras","liver","RR-8","GLDS-379","Stat_(Space Flight & 22 to 23 day & On ISS & Carcass & 10 to 12 week)v(Ground Control & 24 day & On Earth & Carcass & 10 to 12 week)",1,"flight_positive"
"REACTOME_SIGNALING_BY_PTK6",0.154574132492114,0.336229166149184,0.13880510939114,0.34456025231586,1.20271162901588,53,"reactome","Stat3; Sfpq; Nras; Ubb; Btc; Elmo2; Ereg; Arhgap35; Rhoa; Arap1; Ptpn1; Cdk2; Crk; Kras; Srms; Dock1","liver","RR-8","GLDS-379","Stat_(Space Flight & 22 to 23 day & On ISS & Carcass & 10 to 12 week)v(Ground Control & 24 day & On Earth & Carcass & 10 to 12 week)",1,"flight_positive"
"REACTOME_SIGNALING_BY_RETINOIC_ACID",0.0792580101180438,0.23360960960961,0.206587922696891,0.424352440549542,1.39402564551403,38,"reactome","Rdh11; Dhrs9; Dhrs3; Pdk4; Pdk2; Fabp5; Cyp26a1; Rdh1; Aldh8a1; Adh1; Rara; Aldh1a7; Rxra; Adh4; Pdhx; Dlat; Pdk1","liver","RR-8","GLDS-379","Stat_(Space Flight & 22 to 23 day & On ISS & Carcass & 10 to 12 week)v(Ground Control & 24 day & On Earth & Carcass & 10 to 12 week)",1,"flight_positive"
"REACTOME_SIGNALING_BY_ROBO_RECEPTORS",1.52683950160224e-05,0.000401704202207256,0.575610261071129,-0.36509435801044,-1.68200130143374,192,"reactome","Rps14; Rpl3; Rps19; Rplp2; Psmb5; Rps18; Rpl9; Rpl39; Rps21; Rpl35a; Rps27; Rpl36; Rpl13a; Psma7; Rpl6; Rpl15; Rpl27; Rps13; Rpl13; Rps27a; Rpl7; Rpl37a; Rps28; Rps29; Rps17; Cdc42; Rps15; Rpl24; Psmb1; Rps5; Rpl22l1; Pak6; Rpl10; Slit3; Psmb4; Psmd6; Psmd13; Rpl18; Fau; Rps9; Ubc; Rps23; Col4a5; Rps25; Rplp1; Rpl32; Rpl26; Rps15a; Rpl8; Rplp0; Rps20; Rps7; Psmb3; Rpl19; Evl; Rpl29; Rpl10a; Uba52","liver","RR-8","GLDS-379","Stat_(Space Flight & 22 to 23 day & On ISS & Carcass & 10 to 12 week)v(Ground Control & 24 day & On Earth & Carcass & 10 to 12 week)",1,"flight_positive"
"REACTOME_SIGNALING_BY_SCF_KIT",0.137055837563452,0.317498323915334,0.154190966581424,0.375551093453075,1.25561043735089,43,"reactome","Stat3; Pik3r1; Stat5a; Nras; Ptpn11; Jak2; Sos1; Yes1; Kras; Ptpn6; Grap2; Fes; Grb2; Socs6; Stat5b; Tec; Prkca; Fer; Pik3r2; Pik3r3; Cma1; Gab2","liver","RR-8","GLDS-379","Stat_(Space Flight & 22 to 23 day & On ISS & Carcass & 10 to 12 week)v(Ground Control & 24 day & On Earth & Carcass & 10 to 12 week)",1,"flight_positive"
"REACTOME_SIGNALING_BY_TGFBR3",0.0069058608648372,0.0522669606551035,0.407017918923954,0.46693984856866,1.58339931098445,47,"reactome","Tcf12; Inhba; Smad3; Sp1; Ago1; Tnrc6c; Tcf4; Psen1; Hells; Myf6; Tnrc6b; Psenen; Psen2; Mmp14; Ago2; Tgfb2; Mov10; Smad4; Gipc1; Rara; Rxra; Ago4; Tnrc6a; Myog","liver","RR-8","GLDS-379","Stat_(Space Flight & 22 to 23 day & On ISS & Carcass & 10 to 12 week)v(Ground Control & 24 day & On Earth & Carcass & 10 to 12 week)",1,"flight_positive"
"REACTOME_SIGNALING_BY_TGFB_FAMILY_MEMBERS",0.00103895862375229,0.0138319190270636,0.45505986738723,0.379347815362256,1.56137938298355,157,"reactome","Ncor1; Nedd4l; Cgn; Tcf12; Inhba; Ppp1r15a; Smad3; Smurf1; E2f4; Sp1; Inhbb; Ago1; Smad2; Tnrc6c; Tcf4; Ube2m; Ccnt1; Fkbp1a; Skil; Psen1; Cdk9; Smurf2; Hells; Ubb; Ybx1; Trim33; Pard3; Myf6; Ncor2; Tnrc6b; Psenen; Rhoa; Arhgef18; Psen2; Mmp14; Men1; Rnf111; Furin; Cdk8; Ago2; Tgfb2; Mapk3; Atp1b4; Ski; Bmpr1a; Mov10","liver","RR-8","GLDS-379","Stat_(Space Flight & 22 to 23 day & On ISS & Carcass & 10 to 12 week)v(Ground Control & 24 day & On Earth & Carcass & 10 to 12 week)",1,"flight_positive"
"REACTOME_SIGNALING_BY_TGF_BETA_RECEPTOR_COMPLEX",0.0069540775988196,0.0522738486169772,0.407017918923954,0.398633370732979,1.52904970203736,93,"reactome","Ncor1; Nedd4l; Cgn; Ppp1r15a; Smad3; Smurf1; E2f4; Sp1; Smad2; Ube2m; Ccnt1; Fkbp1a; Skil; Cdk9; Smurf2; Ubb; Ybx1; Trim33; Pard3; Ncor2; Rhoa; Arhgef18; Men1; Rnf111; Furin; Cdk8; Tgfb2; Mapk3; Atp1b4; Ski","liver","RR-8","GLDS-379","Stat_(Space Flight & 22 to 23 day & On ISS & Carcass & 10 to 12 week)v(Ground Control & 24 day & On Earth & Carcass & 10 to 12 week)",1,"flight_positive"
"REACTOME_SIGNALING_BY_THE_B_CELL_RECEPTOR_BCR",0.761024182076814,0.830960198809169,0.0425877779273254,0.217525776543269,0.873703916565603,127,"reactome","Rela; Igkv8-30; Nfatc3; Ahcyl1; Psmd11; Fkbp1a; Pik3r1; Igkv14-111; Nras; Ubb; Itpr2; Psmd7; Sem1; Psma4; Stim1; Sos1; Ighm; Map3k7; Kras; Malt1; Psmc3; Ptpn6; Ppp3ca; Ikbkg; Igkv11-125; Psmb2; Nfkbib; Grb2; Nfatc1","liver","RR-8","GLDS-379","Stat_(Space Flight & 22 to 23 day & On ISS & Carcass & 10 to 12 week)v(Ground Control & 24 day & On Earth & Carcass & 10 to 12 week)",1,"flight_positive"
"REACTOME_SIGNALING_BY_TYPE_1_INSULIN_LIKE_GROWTH_FACTOR_1_RECEPTOR_IGF1R",0.0436241610738255,0.169965611575601,0.282013350011725,0.428649545128414,1.44139507211129,46,"reactome","Pik3r4; Akt2; Fgf18; Pdpk1; Igf1; Pik3r1; Nras; Irs1; Gab1; Ptpn11; Fgf1; Sos1; Kras; Grb2; Frs2; Cilp; Fgfr3","liver","RR-8","GLDS-379","Stat_(Space Flight & 22 to 23 day & On ISS & Carcass & 10 to 12 week)v(Ground Control & 24 day & On Earth & Carcass & 10 to 12 week)",1,"flight_positive"
"REACTOME_SIGNALING_BY_VEGF",0.0614035087719298,0.200510873509952,0.219250346703755,0.334328734568131,1.3062579421365,105,"reactome","Wasf2; Mlst8; Akt2; Plcg1; Ahcyl1; Pdpk1; Pik3r1; Shb; Nras; Itpr2; Elmo2; Nckap1; Ptk2; Baiap2; Rhoa; Vegfb; Pgf; Ctnna1; Crk; Abi1; Ptk2b; Kras; Hspb1; Prkcd; Mapkapk3; Dock1; Prkaca; Rock1; Akt3; Vegfa; Mapkap1","liver","RR-8","GLDS-379","Stat_(Space Flight & 22 to 23 day & On ISS & Carcass & 10 to 12 week)v(Ground Control & 24 day & On Earth & Carcass & 10 to 12 week)",1,"flight_positive"
"REACTOME_SIGNALING_BY_WNT",0.0650195058517555,0.20825088106142,0.199915231309662,0.274540777275403,1.20102287308374,289,"reactome","Usp8; Crebbp; Axin1; Smurf1; Ppp2r1b; Ppp2r1a; Tle1; Axin2; Akt2; Ago1; Tcf7l2; Camk2a; Dvl3; Tnrc6c; Leo1; Tcf4; Ywhaz; Psmd11; Ppp2r5c; Cltb; Csnk2b; Smurf2; Ubb; Itpr2; Tcf7l1; Psmd7; Tle5; Clta; Tnrc6b; Pfn1; Bcl9l; Kmt2d; Sem1; Cby1; Rnf146; Smarca4; Rhoa; Snx3; Psma4; Ppp2r5d; Rbbp5; Ror2; Pygo1; Men1; Map3k7; Kras; Ago2; Psmc3; Runx3; Ppp3ca; Ror1; Zranb1; Lrp5; Mov10; Prkg1; Gng12; Tle3; Csnk2a2; Gngt1; Cdc73; Ryk; Psmb2; Kat5; Nfatc1; Nlk; Daam1; Gng8; Sox9; Btrc; H2az2; Akt1; Psmc1; Tcf7; Trrap; Scrib; H3c8; Csnk1e; Wnt7b; Psmc4; Apc; Prkca; Plcb3; Psmd3; Bcl9; Lgr5; Wnt16; Vps29; Rspo3; Ago4; Tnrc6a","liver","RR-8","GLDS-379","Stat_(Space Flight & 22 to 23 day & On ISS & Carcass & 10 to 12 week)v(Ground Control & 24 day & On Earth & Carcass & 10 to 12 week)",1,"flight_positive"
"REACTOME_SIGNALING_BY_WNT_IN_CANCER",0.164102564102564,0.35006435006435,0.140406238523342,0.393434804949595,1.23631736080705,32,"reactome","Axin1; Ppp2r1b; Ppp2r1a; Tcf7l2; Ppp2r5c; Ppp2r5d; Lrp5","liver","RR-8","GLDS-379","Stat_(Space Flight & 22 to 23 day & On ISS & Carcass & 10 to 12 week)v(Ground Control & 24 day & On Earth & Carcass & 10 to 12 week)",1,"flight_positive"
"REACTOME_SIGNALLING_TO_ERKS",0.0678260869565217,0.212919960474308,0.227987202850442,0.449151599180814,1.42437364049574,33,"reactome","Kidins220; Rala; Crkl; Braf; Nras; Crk; Sos1; Kras; Mapkapk3; Mapk3; Grb2; Frs2","liver","RR-8","GLDS-379","Stat_(Space Flight & 22 to 23 day & On ISS & Carcass & 10 to 12 week)v(Ground Control & 24 day & On Earth & Carcass & 10 to 12 week)",1,"flight_positive"
"REACTOME_SIGNALLING_TO_RAS",0.385026737967914,0.570322580645161,0.0870515867946735,0.378638808876577,1.06007635918319,20,"reactome","Rala; Nras; Sos1; Kras; Mapkapk3; Grb2; Ngf; Ntrk1","liver","RR-8","GLDS-379","Stat_(Space Flight & 22 to 23 day & On ISS & Carcass & 10 to 12 week)v(Ground Control & 24 day & On Earth & Carcass & 10 to 12 week)",1,"flight_positive"
"REACTOME_SIGNAL_AMPLIFICATION",0.0296061335816408,0.128293245520444,0.352487857583619,-0.439395161532937,-1.49660086955551,33,"reactome","Tbxa2r; Gnai1; P2ry1; Gng10; Gnb4; Gna11; Gnb5; Gnai3; Gng11; Gnb2; Gngt2; Src; Gna15; Gna13; Gng5","liver","RR-8","GLDS-379","Stat_(Space Flight & 22 to 23 day & On ISS & Carcass & 10 to 12 week)v(Ground Control & 24 day & On Earth & Carcass & 10 to 12 week)",1,"flight_positive"
"REACTOME_SIGNAL_TRANSDUCTION_BY_L1",0.520547945205479,0.660396646902474,0.0840745577910723,-0.312757159831363,-0.951364080629398,21,"reactome","Itga2b; Itgav; Ncam1; Map2k2; Map2k1; L1cam; Itgb1","liver","RR-8","GLDS-379","Stat_(Space Flight & 22 to 23 day & On ISS & Carcass & 10 to 12 week)v(Ground Control & 24 day & On Earth & Carcass & 10 to 12 week)",1,"flight_positive"
"REACTOME_SIRT1_NEGATIVELY_REGULATES_RRNA_EXPRESSION",0.0215705451201989,0.103460217692657,0.352487857583619,-0.411278230066969,-1.50827489039806,49,"reactome","H2bc8; H2bc3; H2bc6; H2bc14; H4c3; H4c18; H4c6; H3c1; H4c14; H2ac20; H4c11; H4c16; H2ac23; H4c2; H3c11; H2ac7; Taf1c; H4c8","liver","RR-8","GLDS-379","Stat_(Space Flight & 22 to 23 day & On ISS & Carcass & 10 to 12 week)v(Ground Control & 24 day & On Earth & Carcass & 10 to 12 week)",1,"flight_positive"
"REACTOME_SLC_MEDIATED_TRANSMEMBRANE_TRANSPORT",0.00772849237079638,0.0561841057219079,0.407017918923954,-0.28323548980505,-1.32991285046682,224,"reactome","Slc39a2; Slc18a2; Slc35d2; Slc2a2; Slc25a5; Slc2a8; Heph; Slc33a1; Slc35b3; Slco1b2; Slc5a6; Slc36a4; Slc2a9; Rhbg; Slc15a3; Slc25a26; Slc39a4; Slc40a1; Slc39a3; Slc43a2; Slc35b2; Slc16a7; Slc35a1; Slc9a8; Slc9a6; Slc17a5; Slc5a1; Slc4a7; Slc20a1; Slc7a1; Slc25a29; Slc2a10; Slc25a11; Slc4a9; Slc28a2b; Slc7a6; Slc35a3; Slc6a19; Slc16a3; Slc7a2; Slc6a7; Slco1c1; Slc2a6; Slc30a1; Slc22a18; Slc50a1; Emb; Slc2a3; Slc22a5; Slc4a3; Slc5a8; Slc11a1; Calm1; Slc38a5; Slc2a1; Slc12a4; Slc44a4; Slc4a5","liver","RR-8","GLDS-379","Stat_(Space Flight & 22 to 23 day & On ISS & Carcass & 10 to 12 week)v(Ground Control & 24 day & On Earth & Carcass & 10 to 12 week)",1,"flight_positive"
"REACTOME_SLC_TRANSPORTER_DISORDERS",0.214067278287462,0.403659287555709,0.166933848713193,-0.27595349449836,-1.12396716774905,87,"reactome","Slc2a2; Sec13; Heph; Nup107; Slc33a1; Gckr; Slco1b2; Slc2a9; Slc39a4; Slc40a1; Slc35a1; Slc9a6; Slc17a5; Slc5a1; Nup85; Nup43; Slc2a10; Slc35a3; Slc6a19; Slc22a18; Nup35; Slc22a5","liver","RR-8","GLDS-379","Stat_(Space Flight & 22 to 23 day & On ISS & Carcass & 10 to 12 week)v(Ground Control & 24 day & On Earth & Carcass & 10 to 12 week)",1,"flight_positive"
"REACTOME_SMAD2_SMAD3_SMAD4_HETEROTRIMER_REGULATES_TRANSCRIPTION",0.110344827586207,0.27940377005449,0.175204047558551,0.410205499210839,1.32934794700184,36,"reactome","Smad3; E2f4; Sp1; Smad2; Ccnt1; Cdk9; Ubb; Ybx1; Men1; Rnf111; Furin; Cdk8; Mapk3; Smad4","liver","RR-8","GLDS-379","Stat_(Space Flight & 22 to 23 day & On ISS & Carcass & 10 to 12 week)v(Ground Control & 24 day & On Earth & Carcass & 10 to 12 week)",1,"flight_positive"
"REACTOME_SMOOTH_MUSCLE_CONTRACTION",0.308347529812606,0.491665253164401,0.0972150808846466,0.328415734927253,1.0918576466519,42,"reactome","Tln1; Tpm2; Mylpf; Sorbs1; Trim72; Myl12b; Tpm1; Mylk; Myl6b; Cald1; Aldh2","liver","RR-8","GLDS-379","Stat_(Space Flight & 22 to 23 day & On ISS & Carcass & 10 to 12 week)v(Ground Control & 24 day & On Earth & Carcass & 10 to 12 week)",1,"flight_positive"
"REACTOME_SNRNP_ASSEMBLY",0.447284345047923,0.618584732513085,0.0732558655828455,0.292300949195525,1.00806245850342,50,"reactome","Tpr; Snrpd3; Ncbp2; Phax; Aaas; Prmt5; Nup98; Nup50; Ddx20; Nup153; Rae1; Snrpf; Ndc1; Snrpd1; Pom121; Ncbp1; Nup93; Gemin4","liver","RR-8","GLDS-379","Stat_(Space Flight & 22 to 23 day & On ISS & Carcass & 10 to 12 week)v(Ground Control & 24 day & On Earth & Carcass & 10 to 12 week)",1,"flight_positive"
"REACTOME_SOMITOGENESIS",0.575903614457831,0.695490157350714,0.0815265143256594,-0.261377742930149,-0.938649579208427,42,"reactome","Psmb5; Psma7; Psmb1; Psmb4; Psmd6; Psmd13","liver","RR-8","GLDS-379","Stat_(Space Flight & 22 to 23 day & On ISS & Carcass & 10 to 12 week)v(Ground Control & 24 day & On Earth & Carcass & 10 to 12 week)",1,"flight_positive"
"REACTOME_SPHINGOLIPID_DE_NOVO_BIOSYNTHESIS",0.109004739336493,0.278460056396973,0.208955027549354,-0.371406603040779,-1.28229088936251,36,"reactome","Degs1; Cers5; Vapa; Sptssa; Cers4; Prkd1; Ormdl1; Cert1; Sphk1; Degs2; Abcc1; Cers6; Abcg2; Ormdl3; Fa2h","liver","RR-8","GLDS-379","Stat_(Space Flight & 22 to 23 day & On ISS & Carcass & 10 to 12 week)v(Ground Control & 24 day & On Earth & Carcass & 10 to 12 week)",1,"flight_positive"
"REACTOME_SPHINGOLIPID_METABOLISM",0.483076923076923,0.64240790655885,0.105920292736253,-0.238078654465778,-0.988319542267563,97,"reactome","Acer3; Degs1; Cers5; Vapa; Sptssa; Cers4; Plpp1; Prkd1; Smpd2; Psap; Ormdl1; Aldh3b1; Hexa; Cert1; Sphk1; B3galnt1; Hexb; Degs2; Smpd3; Abcc1; Glb1l2; Arsi; Aldh3a2; B4galt6; Cers6; Plpp2; Gal3st1; Abcg2; Acer2; Arsg; Ormdl3; Fa2h; B3gnt5; Neu2","liver","RR-8","GLDS-379","Stat_(Space Flight & 22 to 23 day & On ISS & Carcass & 10 to 12 week)v(Ground Control & 24 day & On Earth & Carcass & 10 to 12 week)",1,"flight_positive"
"REACTOME_SPRY_REGULATION_OF_FGF_SIGNALING",0.266666666666667,0.449999272787213,0.109684061970549,0.440655372337226,1.1540154052989,16,"reactome","Ppp2r1a; Braf; Ubb; Ptpn11; Mapk3; Mknk1; Grb2","liver","RR-8","GLDS-379","Stat_(Space Flight & 22 to 23 day & On ISS & Carcass & 10 to 12 week)v(Ground Control & 24 day & On Earth & Carcass & 10 to 12 week)",1,"flight_positive"
"REACTOME_SRP_DEPENDENT_COTRANSLATIONAL_PROTEIN_TARGETING_TO_MEMBRANE",3.3099425838984e-14,1.21916218506924e-11,0.965327754226083,-0.621295426483131,-2.62167186425457,102,"reactome","Rps14; Rpl3; Rps19; Rplp2; Rps18; Sec61b; Rpl9; Rpl39; Rps21; Rpl35a; Rps27; Rpl36; Rpl13a; Rpl6; Rpl15; Spcs1; Rpl27; Rps13; Rpl13; Rps27a; Rpl7; Rpl37a; Rps28; Rps29; Rps17; Rps15; Rpl24; Rps5; Rpl22l1; Rpl10; Srprb; Spcs3; Sec11c; Rpl18; Fau; Rps9; Ssr4; Rps23; Rps25; Rplp1; Rpl32; Rpl26; Rps15a; Rpl8; Rplp0; Rps20; Rps7; Rpl19; Rpl29; Rpl10a; Uba52; Rpl28; Rps4x","liver","RR-8","GLDS-379","Stat_(Space Flight & 22 to 23 day & On ISS & Carcass & 10 to 12 week)v(Ground Control & 24 day & On Earth & Carcass & 10 to 12 week)",1,"flight_positive"
"REACTOME_STABILIZATION_OF_P53",0.443890274314214,0.616204463715084,0.0982123351217438,-0.283434608119906,-1.02065791615401,44,"reactome","Psmb5; Psma7; Rps27a; Psmb1; Psmb4; Psmd6; Psmd13; Ubc; Cdkn2a; Psmb3; Uba52","liver","RR-8","GLDS-379","Stat_(Space Flight & 22 to 23 day & On ISS & Carcass & 10 to 12 week)v(Ground Control & 24 day & On Earth & Carcass & 10 to 12 week)",1,"flight_positive"
"REACTOME_STIMULI_SENSING_CHANNELS",0.14050822122571,0.322119469822427,0.142056643575821,0.316018011303354,1.20810920532787,92,"reactome","Wnk1; Nedd4l; Ryr1; Casq2; Clcn1; Ano5; Trdn; Clcn6; Wnk3; Stom; Ubb; Casq1; Ripk1; Mlkl; Wnk2; Ano6; Best3; Trpm3; Ttyh1; Trpm5; Scnn1a; Asic3; Trpm6; Sri; Trpv1","liver","RR-8","GLDS-379","Stat_(Space Flight & 22 to 23 day & On ISS & Carcass & 10 to 12 week)v(Ground Control & 24 day & On Earth & Carcass & 10 to 12 week)",1,"flight_positive"
"REACTOME_STING_MEDIATED_INDUCTION_OF_HOST_IMMUNE_RESPONSES",0.119705340699816,0.290712970270981,0.173747838999571,0.518895907303056,1.34259579789656,15,"reactome","Dtx4; Trim21; Tbk1; Mre11a; Stat6","liver","RR-8","GLDS-379","Stat_(Space Flight & 22 to 23 day & On ISS & Carcass & 10 to 12 week)v(Ground Control & 24 day & On Earth & Carcass & 10 to 12 week)",1,"flight_positive"
"REACTOME_STRIATED_MUSCLE_CONTRACTION",7.20145989699463e-07,3.06062045622272e-05,0.659444398037935,0.691932924331854,2.24233856979758,36,"reactome","Tnnc1; Ttn; Actn2; Tnnt1; Tnni2; Tpm2; Tnnt3; Mybpc1; Myh6; Acta1; Myl1; Tnnc2; Mybpc2; Des; Tcap; Tmod4; Tpm1; Myl2; Neb; Tnni1; Tmod3; Actn3; Tmod1","liver","RR-8","GLDS-379","Stat_(Space Flight & 22 to 23 day & On ISS & Carcass & 10 to 12 week)v(Ground Control & 24 day & On Earth & Carcass & 10 to 12 week)",1,"flight_positive"
"REACTOME_SULFUR_AMINO_ACID_METABOLISM",0.395104895104895,0.578338044376413,0.0845557442441281,0.340188050526859,1.03722194903705,28,"reactome","Fmo1; Adi1; Cbs; Suox; Mtr; Ethe1; Bhmt2; Got1; Got2; Bhmt","liver","RR-8","GLDS-379","Stat_(Space Flight & 22 to 23 day & On ISS & Carcass & 10 to 12 week)v(Ground Control & 24 day & On Earth & Carcass & 10 to 12 week)",1,"flight_positive"
"REACTOME_SUMOYLATION",2.26650229609483e-06,8.63615530063719e-05,0.627256739718528,0.434531858953002,1.8109165698398,179,"reactome","Dnmt1; Mdm2; Rela; Trp53bp1; Sumo3; Hipk2; Crebbp; Ube2i; Tpr; Smc1a; Hnrnpc; Sin3a; Pias2; Dnmt3b; Top2b; Rwdd3; Aaas; Trim28; Rnf168; Topors; Rnf2; Senp1; Pml; Nop58; Ncoa1; Pias4; Aurka; Nup98; Smc5; Satb2; Cbx4; Nrip1; Rora; Nr5a2; Ddx5; Smc3; Ncor2; Scmh1; Dnmt3a; Hdac2; Ncoa2; Safb; Nup50; Nsmce3; Pias1; Herc2; Senp5; Nup153; Rae1; Phc1; L3mbtl2; Ndc1; Ikbkg; Ppargc1a; Ing2; Xpc; Mta1; Nr2c1; Pom121; Sae1; Phc2; Cbx5; Sp3; Top1; Cdca8; Nup93; Senp2; Ar; Rara; Birc5; Rxra; Ring1; Nr1h3; Nr1h4; Cbx8; Nup88; Npm1; Thrb; Phc3; Rad21; Esr1; Nr1h2","liver","RR-8","GLDS-379","Stat_(Space Flight & 22 to 23 day & On ISS & Carcass & 10 to 12 week)v(Ground Control & 24 day & On Earth & Carcass & 10 to 12 week)",1,"flight_positive"
"REACTOME_SUMOYLATION_OF_CHROMATIN_ORGANIZATION_PROTEINS",0.114329268292683,0.282998423955871,0.160801401070022,0.345867881089384,1.25724223836118,65,"reactome","Sumo3; Ube2i; Tpr; Pias2; Aaas; Rnf2; Nup98; Satb2; Cbx4; Scmh1; Hdac2; Nup50; Pias1; Nup153; Rae1; Phc1; L3mbtl2; Ndc1; Pom121; Phc2; Cbx5; Nup93","liver","RR-8","GLDS-379","Stat_(Space Flight & 22 to 23 day & On ISS & Carcass & 10 to 12 week)v(Ground Control & 24 day & On Earth & Carcass & 10 to 12 week)",1,"flight_positive"
"REACTOME_SUMOYLATION_OF_DNA_DAMAGE_RESPONSE_AND_REPAIR_PROTEINS",0.0130340597689151,0.0765397431738124,0.380730400722792,0.402014874904821,1.48863411089493,74,"reactome","Sumo3; Ube2i; Tpr; Smc1a; Pias2; Aaas; Rnf168; Rnf2; Pml; Pias4; Nup98; Smc5; Cbx4; Smc3; Scmh1; Nup50; Nsmce3; Pias1; Herc2; Nup153; Rae1; Phc1; Ndc1; Xpc; Pom121; Phc2; Nup93","liver","RR-8","GLDS-379","Stat_(Space Flight & 22 to 23 day & On ISS & Carcass & 10 to 12 week)v(Ground Control & 24 day & On Earth & Carcass & 10 to 12 week)",1,"flight_positive"
"REACTOME_SUMOYLATION_OF_DNA_METHYLATION_PROTEINS",0.00277228858987334,0.028318328538989,0.431707695803346,0.67520577075445,1.76827042199555,16,"reactome","Dnmt1; Ube2i; Dnmt3b; Rnf2; Cbx4; Scmh1; Dnmt3a; Phc1; Phc2; Ring1; Cbx8; Phc3","liver","RR-8","GLDS-379","Stat_(Space Flight & 22 to 23 day & On ISS & Carcass & 10 to 12 week)v(Ground Control & 24 day & On Earth & Carcass & 10 to 12 week)",1,"flight_positive"
"REACTOME_SUMOYLATION_OF_DNA_REPLICATION_PROTEINS",0.0609137055837563,0.200510873509952,0.237793834423688,0.414787662524283,1.38679324179612,43,"reactome","Sumo3; Ube2i; Tpr; Top2b; Aaas; Pias4; Aurka; Nup98; Nup50; Nup153; Rae1; Ndc1; Pom121; Top1; Cdca8; Nup93","liver","RR-8","GLDS-379","Stat_(Space Flight & 22 to 23 day & On ISS & Carcass & 10 to 12 week)v(Ground Control & 24 day & On Earth & Carcass & 10 to 12 week)",1,"flight_positive"
"REACTOME_SUMOYLATION_OF_INTRACELLULAR_RECEPTORS",0.0853658536585366,0.245949074074074,0.20207170902116,0.447302747607791,1.38207784375076,30,"reactome","Sumo3; Ube2i; Pias2; Pias4; Rora; Nr5a2; Pias1; Nr2c1; Ar; Rara; Rxra; Nr1h3; Nr1h4; Thrb; Esr1; Nr1h2","liver","RR-8","GLDS-379","Stat_(Space Flight & 22 to 23 day & On ISS & Carcass & 10 to 12 week)v(Ground Control & 24 day & On Earth & Carcass & 10 to 12 week)",1,"flight_positive"
"REACTOME_SUMOYLATION_OF_RNA_BINDING_PROTEINS",0.0565723793677205,0.195331184361027,0.245041785430996,0.416083339906462,1.4006458427728,44,"reactome","Ube2i; Tpr; Hnrnpc; Aaas; Rnf2; Nop58; Nup98; Cbx4; Scmh1; Nup50; Nup153; Rae1; Phc1; Ndc1; Pom121; Phc2; Nup93; Ring1; Cbx8; Nup88; Phc3","liver","RR-8","GLDS-379","Stat_(Space Flight & 22 to 23 day & On ISS & Carcass & 10 to 12 week)v(Ground Control & 24 day & On Earth & Carcass & 10 to 12 week)",1,"flight_positive"
"REACTOME_SUMOYLATION_OF_SUMOYLATION_PROTEINS",0.177777777777778,0.366669638258251,0.134273452883202,0.387474759927202,1.21758869969299,32,"reactome","Ube2i; Tpr; Aaas; Topors; Pias4; Nup98; Nup50; Nup153; Rae1; Ndc1; Pom121; Nup93","liver","RR-8","GLDS-379","Stat_(Space Flight & 22 to 23 day & On ISS & Carcass & 10 to 12 week)v(Ground Control & 24 day & On Earth & Carcass & 10 to 12 week)",1,"flight_positive"
"REACTOME_SUMOYLATION_OF_TRANSCRIPTION_COFACTORS",3.72441899084079e-06,0.000128608843277471,0.627256739718528,0.638865164637039,2.12398414875885,42,"reactome","Sumo3; Hipk2; Crebbp; Ube2i; Sin3a; Pias2; Trim28; Topors; Rnf2; Ncoa1; Pias4; Cbx4; Nrip1; Ddx5; Ncor2; Scmh1; Ncoa2; Safb; Pias1; Phc1; Ppargc1a; Ing2; Phc2","liver","RR-8","GLDS-379","Stat_(Space Flight & 22 to 23 day & On ISS & Carcass & 10 to 12 week)v(Ground Control & 24 day & On Earth & Carcass & 10 to 12 week)",1,"flight_positive"
"REACTOME_SUMOYLATION_OF_TRANSCRIPTION_FACTORS",0.00680824187756658,0.0522438005188269,0.407017918923954,0.618096879953719,1.68053675003224,18,"reactome","Mdm2; Trp53bp1; Sumo3; Ube2i; Pias2; Pias4; Pias1; Mta1; Sp3","liver","RR-8","GLDS-379","Stat_(Space Flight & 22 to 23 day & On ISS & Carcass & 10 to 12 week)v(Ground Control & 24 day & On Earth & Carcass & 10 to 12 week)",1,"flight_positive"
"REACTOME_SUMOYLATION_OF_UBIQUITINYLATION_PROTEINS",0.0568965517241379,0.195331184361027,0.248911114434702,0.451723585431474,1.46389510150617,36,"reactome","Mdm2; Ube2i; Tpr; Pias2; Aaas; Pml; Pias4; Nup98; Nup50; Pias1; Nup153; Rae1; Ndc1; Pom121; Nup93","liver","RR-8","GLDS-379","Stat_(Space Flight & 22 to 23 day & On ISS & Carcass & 10 to 12 week)v(Ground Control & 24 day & On Earth & Carcass & 10 to 12 week)",1,"flight_positive"
"REACTOME_SURFACTANT_METABOLISM",0.50179211469534,0.646557241160731,0.0732558655828455,0.326003804498092,0.968959039035128,25,"reactome","Slc34a2; Adra2a; Ccdc59; Gata6; Lmcd1; Ttf1","liver","RR-8","GLDS-379","Stat_(Space Flight & 22 to 23 day & On ISS & Carcass & 10 to 12 week)v(Ground Control & 24 day & On Earth & Carcass & 10 to 12 week)",1,"flight_positive"
"REACTOME_SWITCHING_OF_ORIGINS_TO_A_POST_REPLICATIVE_STATE",0.285714285714286,0.465655288664138,0.142056643575821,-0.276427889249483,-1.09518664801965,78,"reactome","Psmb5; Psma7; Rps27a; Psmb1; Psmb4; Psmd6; Psmd13; Gmnn; Orc6; Skp2; Ubc; Cdc26; Skp1; Mcm8; Orc4; Ccne1; Psmb3; Uba52; Orc1; Ube2e1; Cdc16","liver","RR-8","GLDS-379","Stat_(Space Flight & 22 to 23 day & On ISS & Carcass & 10 to 12 week)v(Ground Control & 24 day & On Earth & Carcass & 10 to 12 week)",1,"flight_positive"
"REACTOME_SYNAPTIC_ADHESION_LIKE_MOLECULES",0.624113475177305,0.726707471096862,0.0619762736001998,0.309795889444441,0.881635590845648,21,"reactome","Dlg3; Dlg1; Lrfn3; Ptprs; Flot1; Lrfn2; Grin2d; Ptprf; Flot2; Ptprd","liver","RR-8","GLDS-379","Stat_(Space Flight & 22 to 23 day & On ISS & Carcass & 10 to 12 week)v(Ground Control & 24 day & On Earth & Carcass & 10 to 12 week)",1,"flight_positive"
"REACTOME_SYNDECAN_INTERACTIONS",0.160756501182033,0.345595201957484,0.169570644405628,-0.382364926374455,-1.2223737832252,27,"reactome","Trappc4; Itgav; Col1a2; Col3a1; Col1a1; Itga2; Itgb1; Tnc; Itgb4; Actn1; Col5a2","liver","RR-8","GLDS-379","Stat_(Space Flight & 22 to 23 day & On ISS & Carcass & 10 to 12 week)v(Ground Control & 24 day & On Earth & Carcass & 10 to 12 week)",1,"flight_positive"
"REACTOME_SYNTHESIS_OF_ACTIVE_UBIQUITIN_ROLES_OF_E1_AND_E2_ENZYMES",0.259581881533101,0.444710045107096,0.109250039480711,0.370509645689714,1.1448022059831,30,"reactome","Ube2r2; Ube2s; Ube2g2; Usp7; Ube2l3; Ubb; Ube2z; Otulin; Ube2k; Cdc34","liver","RR-8","GLDS-379","Stat_(Space Flight & 22 to 23 day & On ISS & Carcass & 10 to 12 week)v(Ground Control & 24 day & On Earth & Carcass & 10 to 12 week)",1,"flight_positive"
"REACTOME_SYNTHESIS_OF_BILE_ACIDS_AND_BILE_SALTS",0.529976019184652,0.670049772538948,0.0857844408075645,-0.287178835838592,-0.961878753351398,32,"reactome","Slc27a5; Scp2; Acot8; Ch25h; Baat; Akr1c18; Akr1c6; Cyp7b1; Akr1d1; Osbpl1a; Slc27a2; Osbpl9; Cyp46a1","liver","RR-8","GLDS-379","Stat_(Space Flight & 22 to 23 day & On ISS & Carcass & 10 to 12 week)v(Ground Control & 24 day & On Earth & Carcass & 10 to 12 week)",1,"flight_positive"
"REACTOME_SYNTHESIS_OF_BILE_ACIDS_AND_BILE_SALTS_VIA_7ALPHA_HYDROXYCHOLESTEROL",0.497716894977169,0.643248150818446,0.0865399737444125,-0.316814040114347,-0.971745060535034,22,"reactome","Slc27a5; Scp2; Acot8; Baat; Akr1c18; Akr1c6; Cyp7b1; Akr1d1; Slc27a2","liver","RR-8","GLDS-379","Stat_(Space Flight & 22 to 23 day & On ISS & Carcass & 10 to 12 week)v(Ground Control & 24 day & On Earth & Carcass & 10 to 12 week)",1,"flight_positive"
"REACTOME_SYNTHESIS_OF_DNA",0.495238095238095,0.643248150818446,0.106323255932708,-0.230415060529482,-0.984431571466215,107,"reactome","Psmb5; Psma7; Rps27a; Psmb1; Psmb4; Psmd6; Psmd13; Rfc2; Gmnn; Fen1; Orc6; Skp2; Pold2; Ubc; Cdc26; Skp1; Mcm8; Orc4; Ccne1; Psmb3; Pole4; Uba52; Orc1; Rpa3; Ube2e1; Cdc16","liver","RR-8","GLDS-379","Stat_(Space Flight & 22 to 23 day & On ISS & Carcass & 10 to 12 week)v(Ground Control & 24 day & On Earth & Carcass & 10 to 12 week)",1,"flight_positive"
"REACTOME_SYNTHESIS_OF_GLYCOSYLPHOSPHATIDYLINOSITOL_GPI",0.254672897196262,0.441779515544536,0.130777137971974,-0.401862615883994,-1.15820382093455,18,"reactome","Pigp; Pigg; Pigx; Pigv; Pigw; Pigyl; Dpm2; Pigz; Pigf; Pigm","liver","RR-8","GLDS-379","Stat_(Space Flight & 22 to 23 day & On ISS & Carcass & 10 to 12 week)v(Ground Control & 24 day & On Earth & Carcass & 10 to 12 week)",1,"flight_positive"
"REACTOME_SYNTHESIS_OF_IP3_AND_IP4_IN_THE_CYTOSOL",0.431899641577061,0.606648113363903,0.0810802057550866,0.344019296936327,1.02250526763689,25,"reactome","Plcg1; Inppl1; Plce1; Itpk1; Synj1; Plcd4; Ocrl; Plch1","liver","RR-8","GLDS-379","Stat_(Space Flight & 22 to 23 day & On ISS & Carcass & 10 to 12 week)v(Ground Control & 24 day & On Earth & Carcass & 10 to 12 week)",1,"flight_positive"
"REACTOME_SYNTHESIS_OF_LEUKOTRIENES_LT_AND_EOXINS_EX",0.10981308411215,0.278950478032012,0.206587922696891,-0.462742569073134,-1.33366526376339,18,"reactome","Alox5ap; Cyp4b1; Cyp4f18; Abcc1; Lta4h; Dpep1; Ggt1; Dpep2; Cyp4a31; Ptgr1","liver","RR-8","GLDS-379","Stat_(Space Flight & 22 to 23 day & On ISS & Carcass & 10 to 12 week)v(Ground Control & 24 day & On Earth & Carcass & 10 to 12 week)",1,"flight_positive"
"REACTOME_SYNTHESIS_OF_PA",0.97053726169844,0.976724657720197,0.0404934829859503,0.198835997638489,0.638840914179314,35,"reactome","Ddhd1; Lclat1; Gpd1; Gpd2; Pla2g5; Liph; Agpat3","liver","RR-8","GLDS-379","Stat_(Space Flight & 22 to 23 day & On ISS & Carcass & 10 to 12 week)v(Ground Control & 24 day & On Earth & Carcass & 10 to 12 week)",1,"flight_positive"
"REACTOME_SYNTHESIS_OF_PC",0.820379965457686,0.873918985526729,0.0480220415968251,0.252208114228157,0.766752401236241,27,"reactome","Csnk2b; Lpin1; Chka; Pcyt1a; Slc44a3; Cept1; Csnk2a2; Phospho1; Pctp; Pcyt1b","liver","RR-8","GLDS-379","Stat_(Space Flight & 22 to 23 day & On ISS & Carcass & 10 to 12 week)v(Ground Control & 24 day & On Earth & Carcass & 10 to 12 week)",1,"flight_positive"
"REACTOME_SYNTHESIS_OF_PIPS_AT_THE_EARLY_ENDOSOME_MEMBRANE",0.297297297297297,0.47679755226925,0.102821842840815,0.429341901508732,1.12438699170614,16,"reactome","Pik3r4; Mtmr4; Mtmr10; Fig4; Mtmr2; Vac14; Inpp5f; Pikfyve; Inpp4a","liver","RR-8","GLDS-379","Stat_(Space Flight & 22 to 23 day & On ISS & Carcass & 10 to 12 week)v(Ground Control & 24 day & On Earth & Carcass & 10 to 12 week)",1,"flight_positive"
"REACTOME_SYNTHESIS_OF_PIPS_AT_THE_GOLGI_MEMBRANE",0.585585585585586,0.698181537987363,0.0658311958368866,0.349692122346698,0.915795248698176,16,"reactome","Pik3r4; Inpp5e; Pik3c2g; Ocrl; Arf3; Fig4; Vac14; Pikfyve","liver","RR-8","GLDS-379","Stat_(Space Flight & 22 to 23 day & On ISS & Carcass & 10 to 12 week)v(Ground Control & 24 day & On Earth & Carcass & 10 to 12 week)",1,"flight_positive"
"REACTOME_SYNTHESIS_OF_PIPS_AT_THE_PLASMA_MEMBRANE",0.762128325508607,0.831344323481748,0.0468819856878333,0.23910892603221,0.833994858355761,52,"reactome","Rufy1; Inppl1; Pik3r1; Pip4k2b; Pik3c2g; Plekha8; Synj1; Sbf2; Ocrl; Plekha5; Plekha1; Pip4k2c; Pip4k2a; Pip5k1c; Synj2; Mtmr2; Pik3r2; Mtmr3; Pik3r3; Plekha6; Mtmr14; Inpp4a","liver","RR-8","GLDS-379","Stat_(Space Flight & 22 to 23 day & On ISS & Carcass & 10 to 12 week)v(Ground Control & 24 day & On Earth & Carcass & 10 to 12 week)",1,"flight_positive"
"REACTOME_SYNTHESIS_OF_PROSTAGLANDINS_PG_AND_THROMBOXANES_TX",0.215686274509804,0.405328798185941,0.138022242496643,-0.438760419486074,-1.20643744575172,15,"reactome","Ptgis; Prxl2b; Ptgs1; Akr1c18; Ptges3","liver","RR-8","GLDS-379","Stat_(Space Flight & 22 to 23 day & On ISS & Carcass & 10 to 12 week)v(Ground Control & 24 day & On Earth & Carcass & 10 to 12 week)",1,"flight_positive"
"REACTOME_SYNTHESIS_OF_SUBSTRATES_IN_N_GLYCAN_BIOSYTHESIS",0.298550724637681,0.47811384162991,0.135002033828631,-0.28230189781813,-1.08802881169402,63,"reactome","Dolk; Gmppb; Gfus; Npl; Fuom; Slc35a1; Slc17a5; Amdhd2; St8sia4; Nudt14; Alg5; St8sia1; Dpm3; St8sia2; Nus1; St3gal4; St6galnac4; Pgm3; Renbp; Gmppa; Dhdds; Dpm2; Fpgt; Uap1; Cmas; Nanp; Neu2; Glb1; Gfpt1; Hk1","liver","RR-8","GLDS-379","Stat_(Space Flight & 22 to 23 day & On ISS & Carcass & 10 to 12 week)v(Ground Control & 24 day & On Earth & Carcass & 10 to 12 week)",1,"flight_positive"
"REACTOME_SYNTHESIS_OF_VERY_LONG_CHAIN_FATTY_ACYL_COAS",0.152097902097902,0.334131574191216,0.148261500475107,0.439684245027729,1.28381367388657,23,"reactome","Tecrl; Acsl5; Elovl1; Tecr; Acsl6; Elovl5","liver","RR-8","GLDS-379","Stat_(Space Flight & 22 to 23 day & On ISS & Carcass & 10 to 12 week)v(Ground Control & 24 day & On Earth & Carcass & 10 to 12 week)",1,"flight_positive"
"REACTOME_SYNTHESIS_SECRETION_AND_DEACYLATION_OF_GHRELIN",0.459641255605381,0.625752599890531,0.0899860794997137,-0.348348522419879,-0.999302193952674,17,"reactome","Spcs1; Spcs3; Sec11c","liver","RR-8","GLDS-379","Stat_(Space Flight & 22 to 23 day & On ISS & Carcass & 10 to 12 week)v(Ground Control & 24 day & On Earth & Carcass & 10 to 12 week)",1,"flight_positive"
"REACTOME_SYNTHESIS_SECRETION_AND_INACTIVATION_OF_GLUCAGON_LIKE_PEPTIDE_1_GLP_1",0.0333819661791857,0.138160814797983,0.321775918075361,-0.51731620078093,-1.49095132688027,18,"reactome","Spcs1; Spcs3; Sec11c; Ffar1; Ctnnb1; Dpp4","liver","RR-8","GLDS-379","Stat_(Space Flight & 22 to 23 day & On ISS & Carcass & 10 to 12 week)v(Ground Control & 24 day & On Earth & Carcass & 10 to 12 week)",1,"flight_positive"
"REACTOME_S_PHASE",0.270083102493075,0.451451978798207,0.0928481214159878,0.268614156870445,1.09831917537476,149,"reactome","Cdkn1a; Mcm7; Rbl2; E2f4; Akt2; Smc1a; Lin9; Cdc27; Wapl; Anapc1; Ube2s; Pold3; Psmd11; Pola2; Lin37; Pole3; Ubb; Rfc1; Psmd7; Lig1; Smc3; Sem1; Lin54; Rfc3; Max; Cdc25b; Lin52; Anapc5; Psma4; Cdk2; Rb1; Psmc3; Akt3; Pole; Pold4; Rfc5; Psmb2; Mcm5; Pole2; Cdk4","liver","RR-8","GLDS-379","Stat_(Space Flight & 22 to 23 day & On ISS & Carcass & 10 to 12 week)v(Ground Control & 24 day & On Earth & Carcass & 10 to 12 week)",1,"flight_positive"
"REACTOME_TAK1_DEPENDENT_IKK_AND_NF_KAPPA_B_ACTIVATION",0.00502224085071246,0.0417701747014646,0.407017918923954,0.481445046689355,1.62067052076778,44,"reactome","Tab2; Saa2; Saa1; Rela; Traf6; N4bp1; Irak1; Hmgb1; Nkiras1; Ube2n; Ubb; Nod1; Tab3; Ube2v1; Map3k7","liver","RR-8","GLDS-379","Stat_(Space Flight & 22 to 23 day & On ISS & Carcass & 10 to 12 week)v(Ground Control & 24 day & On Earth & Carcass & 10 to 12 week)",1,"flight_positive"
"REACTOME_TBC_RABGAPS",0.065989847715736,0.20953672909738,0.227987202850442,0.409893266663809,1.37042941105758,43,"reactome","Rab8a; Rab5b; Rabep1; Rab7; Tbc1d7; Tsc2; Tbc1d2; Tbc1d25; Tsc1; Tbc1d15; Tbc1d10b; Gga3; Optn; Rabgef1","liver","RR-8","GLDS-379","Stat_(Space Flight & 22 to 23 day & On ISS & Carcass & 10 to 12 week)v(Ground Control & 24 day & On Earth & Carcass & 10 to 12 week)",1,"flight_positive"
"REACTOME_TCF_DEPENDENT_SIGNALING_IN_RESPONSE_TO_WNT",0.198402130492676,0.389737283611683,0.109250039480711,0.267565181026636,1.1218114687764,193,"reactome","Usp8; Crebbp; Axin1; Ppp2r1b; Ppp2r1a; Tle1; Axin2; Akt2; Tcf7l2; Dvl3; Leo1; Tcf4; Ywhaz; Psmd11; Ppp2r5c; Csnk2b; Smurf2; Ubb; Tcf7l1; Psmd7; Bcl9l; Kmt2d; Sem1; Cby1; Rnf146; Smarca4; Psma4; Ppp2r5d; Rbbp5; Pygo1; Men1; Psmc3; Runx3; Lrp5; Tle3; Csnk2a2; Cdc73; Ryk; Psmb2; Kat5; Sox9; Btrc; H2az2; Akt1; Psmc1; Tcf7; Trrap; H3c8; Csnk1e; Psmc4; Apc; Psmd3; Bcl9; Lgr5","liver","RR-8","GLDS-379","Stat_(Space Flight & 22 to 23 day & On ISS & Carcass & 10 to 12 week)v(Ground Control & 24 day & On Earth & Carcass & 10 to 12 week)",1,"flight_positive"
"REACTOME_TCR_SIGNALING",0.484276729559748,0.64240790655885,0.107140237276725,-0.23296662093662,-0.982621944968139,101,"reactome","Psmb5; Psma7; Rps27a; H2-Eb1; Psmb1; Zap70; Psmb4; Psmd6; Psmd13; Trat1; Cd4; Ubc; Inpp5d; Skp1; Ripk2; Ptpn22; Psmb3; Cd3d; Chuk; Evl; Uba52; Ptprc; Bcl10; Cd247; Lck","liver","RR-8","GLDS-379","Stat_(Space Flight & 22 to 23 day & On ISS & Carcass & 10 to 12 week)v(Ground Control & 24 day & On Earth & Carcass & 10 to 12 week)",1,"flight_positive"
"REACTOME_TELOMERE_C_STRAND_LAGGING_STRAND_SYNTHESIS",0.0482758620689655,0.181444991789819,0.271288554688953,0.4582618773801,1.47014618466526,34,"reactome","Terf2; Pot1a; Acd; Pold3; Pola2; Chtf8; Rfc1; Lig1; Rfc3; Ctc1; Tinf2; Pold4; Rfc5","liver","RR-8","GLDS-379","Stat_(Space Flight & 22 to 23 day & On ISS & Carcass & 10 to 12 week)v(Ground Control & 24 day & On Earth & Carcass & 10 to 12 week)",1,"flight_positive"
"REACTOME_TELOMERE_EXTENSION_BY_TELOMERASE",0.138297872340426,0.318603274807654,0.157402899305283,0.454514322788186,1.30180821280332,22,"reactome","Terf2; Pot1a; Acd; Dkc1; Ppp6c; Cdk2; Tinf2; Terf2ip; Tert; Ppp6r3; Rtel1; Ccna2; Ankrd28","liver","RR-8","GLDS-379","Stat_(Space Flight & 22 to 23 day & On ISS & Carcass & 10 to 12 week)v(Ground Control & 24 day & On Earth & Carcass & 10 to 12 week)",1,"flight_positive"
"REACTOME_TELOMERE_MAINTENANCE",0.277439024390244,0.45756734619585,0.144630528034484,-0.259399462553793,-1.07780341830569,96,"reactome","H2bc8; Polr2h; H2bc3; H2bc6; Polr2k; Polr2f; Polr2g; Rfc2; Fen1; Pold2; Gar1; H2bc14; Polr2l; H4c3; H4c18; H4c6; Polr2i; Shq1; H4c14; Polr2d; H2ac20; H4c11; Rpa3; H4c16","liver","RR-8","GLDS-379","Stat_(Space Flight & 22 to 23 day & On ISS & Carcass & 10 to 12 week)v(Ground Control & 24 day & On Earth & Carcass & 10 to 12 week)",1,"flight_positive"
"REACTOME_TERMINATION_OF_O_GLYCAN_BIOSYNTHESIS",0.553738317757009,0.685965068521856,0.0819778796501272,-0.326685202188539,-0.941535824588285,18,"reactome","Muc6","liver","RR-8","GLDS-379","Stat_(Space Flight & 22 to 23 day & On ISS & Carcass & 10 to 12 week)v(Ground Control & 24 day & On Earth & Carcass & 10 to 12 week)",1,"flight_positive"
"REACTOME_TERMINATION_OF_TRANSLESION_DNA_SYNTHESIS",0.370940170940171,0.55615860093472,0.086794975677172,0.332849641935832,1.0459364186562,32,"reactome","Poli; Pold3; Ube2l6; Pole3; Ubb; Rfc1; Rfc3; Usp10; Pole; Polk; Pold4; Rfc5; Pole2","liver","RR-8","GLDS-379","Stat_(Space Flight & 22 to 23 day & On ISS & Carcass & 10 to 12 week)v(Ground Control & 24 day & On Earth & Carcass & 10 to 12 week)",1,"flight_positive"
"REACTOME_TGFBR3_EXPRESSION",0.00125690760103348,0.0156054258330561,0.45505986738723,0.615662158226159,1.82989095517934,25,"reactome","Tcf12; Smad3; Sp1; Ago1; Tnrc6c; Tcf4; Hells; Myf6; Tnrc6b; Ago2; Mov10; Smad4; Rara; Rxra; Ago4; Tnrc6a; Myog; Myod1","liver","RR-8","GLDS-379","Stat_(Space Flight & 22 to 23 day & On ISS & Carcass & 10 to 12 week)v(Ground Control & 24 day & On Earth & Carcass & 10 to 12 week)",1,"flight_positive"
"REACTOME_TGF_BETA_RECEPTOR_SIGNALING_ACTIVATES_SMADS",0.449664429530201,0.6208220609496,0.0755015292281669,0.299054478659311,1.00561322584212,46,"reactome","Nedd4l; Ppp1r15a; Smad3; Smurf1; Smad2; Ube2m; Fkbp1a; Smurf2; Ubb; Furin; Tgfb2; Smad4; Usp15; Mtmr4; Itgb3; Itgb6","liver","RR-8","GLDS-379","Stat_(Space Flight & 22 to 23 day & On ISS & Carcass & 10 to 12 week)v(Ground Control & 24 day & On Earth & Carcass & 10 to 12 week)",1,"flight_positive"
"REACTOME_TGF_BETA_RECEPTOR_SIGNALING_IN_EMT_EPITHELIAL_TO_MESENCHYMAL_TRANSITION",0.100900900900901,0.271278577847921,0.188204146308491,0.529871304320374,1.38765957797873,16,"reactome","Cgn; Smurf1; Fkbp1a; Ubb; Pard3; Rhoa; Arhgef18","liver","RR-8","GLDS-379","Stat_(Space Flight & 22 to 23 day & On ISS & Carcass & 10 to 12 week)v(Ground Control & 24 day & On Earth & Carcass & 10 to 12 week)",1,"flight_positive"
"REACTOME_THE_CANONICAL_RETINOID_CYCLE_IN_RODS_TWILIGHT_VISION",0.481283422459893,0.64151771027525,0.0751181635276301,0.356529094471436,0.998175716671865,20,"reactome","Rdh11; Dhrs9; Sdr9c7; Rdh1; Rbp3; Rlbp1; Lrat; Cyp4v3","liver","RR-8","GLDS-379","Stat_(Space Flight & 22 to 23 day & On ISS & Carcass & 10 to 12 week)v(Ground Control & 24 day & On Earth & Carcass & 10 to 12 week)",1,"flight_positive"
"REACTOME_THE_NLRP3_INFLAMMASOME",0.131991051454139,0.310319386929411,0.183023938384487,-0.47599157626972,-1.33205321683709,16,"reactome","Casp1; P2rx7; Txn1; Txnip; Sugt1; Pycard; Nlrp3; Hmox1; App","liver","RR-8","GLDS-379","Stat_(Space Flight & 22 to 23 day & On ISS & Carcass & 10 to 12 week)v(Ground Control & 24 day & On Earth & Carcass & 10 to 12 week)",1,"flight_positive"
"REACTOME_THE_PHOTOTRANSDUCTION_CASCADE",0.969194312796208,0.976262274967922,0.0549073703290958,-0.204261284066985,-0.670756691396082,29,"reactome","Cngb1; Sag; Gnb5","liver","RR-8","GLDS-379","Stat_(Space Flight & 22 to 23 day & On ISS & Carcass & 10 to 12 week)v(Ground Control & 24 day & On Earth & Carcass & 10 to 12 week)",1,"flight_positive"
"REACTOME_THE_ROLE_OF_GTSE1_IN_G2_M_PROGRESSION_AFTER_G2_CHECKPOINT",0.351097178683386,0.537344020007121,0.0850427463764322,0.294430413051047,1.04895537919851,60,"reactome","Cdkn1a; Tuba8; Hsp90ab1; Psmd11; Tubb2a; Fkbpl; Tuba4a; Ubb; Psmd7; Sem1; Psma4; Psmc3; Plk1; Tubb4b; Psmb2; Cdk1; Mapre1; Psmc1; Psmc4; Psmd3","liver","RR-8","GLDS-379","Stat_(Space Flight & 22 to 23 day & On ISS & Carcass & 10 to 12 week)v(Ground Control & 24 day & On Earth & Carcass & 10 to 12 week)",1,"flight_positive"
"REACTOME_THE_ROLE_OF_NEF_IN_HIV_1_REPLICATION_AND_DISEASE_PATHOGENESIS",0.227906976744186,0.416949022023718,0.13880510939114,-0.355211328217869,-1.16063637660573,28,"reactome","Atp6v1h; Cd4; Hck; Cd247; Lck; Cd8b1; Ap2s1; Ap1b1; Pacs1; Ap1s2; Cd28; Ap1m2; Ap1s3","liver","RR-8","GLDS-379","Stat_(Space Flight & 22 to 23 day & On ISS & Carcass & 10 to 12 week)v(Ground Control & 24 day & On Earth & Carcass & 10 to 12 week)",1,"flight_positive"
"REACTOME_THROMBIN_SIGNALLING_THROUGH_PROTEINASE_ACTIVATED_RECEPTORS_PARS",0.184652278177458,0.373390102145243,0.158514105424824,-0.35190196145102,-1.17866283214779,32,"reactome","F2r; Arrb1; Gng10; Gnb4; Gna11; Gnb5; Gng11; Gnb2; Gngt2; Src; Gna15; Gna13; Gng5","liver","RR-8","GLDS-379","Stat_(Space Flight & 22 to 23 day & On ISS & Carcass & 10 to 12 week)v(Ground Control & 24 day & On Earth & Carcass & 10 to 12 week)",1,"flight_positive"
"REACTOME_THROMBOXANE_SIGNALLING_THROUGH_TP_RECEPTOR",0.128440366972477,0.303261977573904,0.188204146308491,-0.4027892750477,-1.25938088697182,24,"reactome","Tbxa2r; Gng10; Gnb4; Gna11; Gnb5; Gng11; Gnb2; Gngt2","liver","RR-8","GLDS-379","Stat_(Space Flight & 22 to 23 day & On ISS & Carcass & 10 to 12 week)v(Ground Control & 24 day & On Earth & Carcass & 10 to 12 week)",1,"flight_positive"
"REACTOME_TICAM1_RIP1_MEDIATED_IKK_COMPLEX_RECRUITMENT",0.492035398230089,0.642916599424121,0.0736212741014394,0.349315912494392,0.963366401796782,19,"reactome","Traf6; Birc3; Ube2n; Ubb; Ripk1; Ube2v1; Ikbkg","liver","RR-8","GLDS-379","Stat_(Space Flight & 22 to 23 day & On ISS & Carcass & 10 to 12 week)v(Ground Control & 24 day & On Earth & Carcass & 10 to 12 week)",1,"flight_positive"
"REACTOME_TIE2_SIGNALING",0.576655052264808,0.695637372000669,0.0649407684612899,0.336348184396627,0.914493347268599,18,"reactome","Pik3r1; Nras; Ptpn11; Sos1; Kras; Grb2; Grb14; Pik3r2","liver","RR-8","GLDS-379","Stat_(Space Flight & 22 to 23 day & On ISS & Carcass & 10 to 12 week)v(Ground Control & 24 day & On Earth & Carcass & 10 to 12 week)",1,"flight_positive"
"REACTOME_TIGHT_JUNCTION_INTERACTIONS",0.398963730569948,0.58083652474281,0.0833634065110386,0.34193434103944,1.03953426660946,27,"reactome","Prkci; Patj; Pard3","liver","RR-8","GLDS-379","Stat_(Space Flight & 22 to 23 day & On ISS & Carcass & 10 to 12 week)v(Ground Control & 24 day & On Earth & Carcass & 10 to 12 week)",1,"flight_positive"
"REACTOME_TNFR1_INDUCED_NF_KAPPA_B_SIGNALING_PATHWAY",0.264347826086957,0.448700995124558,0.107972360317345,0.359721118719216,1.14076690446564,33,"reactome","Tab2; Birc3; Spata2; Sharpin; Ubb; Otud7b; Tab3; Ripk1; Usp21; Map3k7; Optn; Ikbkg","liver","RR-8","GLDS-379","Stat_(Space Flight & 22 to 23 day & On ISS & Carcass & 10 to 12 week)v(Ground Control & 24 day & On Earth & Carcass & 10 to 12 week)",1,"flight_positive"
"REACTOME_TNFR1_INDUCED_PROAPOPTOTIC_SIGNALING",0.198924731182796,0.389737283611683,0.129442887745046,0.407277896703486,1.21052452138597,25,"reactome","Birc3; Fadd; Spata2; Tbk1; Sharpin; Otud7b; Ripk1; Usp21; Optn; Mib2","liver","RR-8","GLDS-379","Stat_(Space Flight & 22 to 23 day & On ISS & Carcass & 10 to 12 week)v(Ground Control & 24 day & On Earth & Carcass & 10 to 12 week)",1,"flight_positive"
"REACTOME_TNFR2_NON_CANONICAL_NF_KB_PATHWAY",0.0988023952095808,0.267589820359281,0.248911114434702,-0.306248552596017,-1.2448377374447,85,"reactome","Tnfrsf18; Psmb5; Birc2; Psma7; Rps27a; Psmb1; Psmb4; Psmd6; Psmd13; Ubc; Skp1; Tnfrsf13b; Tnfsf13b; Tnfsf15; Cd40; Tnfsf8; Psmb3; Tnfrsf17; Chuk; Uba52; Tnfsf12","liver","RR-8","GLDS-379","Stat_(Space Flight & 22 to 23 day & On ISS & Carcass & 10 to 12 week)v(Ground Control & 24 day & On Earth & Carcass & 10 to 12 week)",1,"flight_positive"
"REACTOME_TNFS_BIND_THEIR_PHYSIOLOGICAL_RECEPTORS",0.268181818181818,0.449999272787213,0.125033367555272,-0.351602842289688,-1.12429852682058,26,"reactome","Tnfrsf18; Tnfrsf13b; Tnfsf13b; Tnfsf15; Tnfsf8; Tnfrsf17","liver","RR-8","GLDS-379","Stat_(Space Flight & 22 to 23 day & On ISS & Carcass & 10 to 12 week)v(Ground Control & 24 day & On Earth & Carcass & 10 to 12 week)",1,"flight_positive"
"REACTOME_TNF_RECEPTOR_SUPERFAMILY_TNFSF_MEMBERS_MEDIATING_NON_CANONICAL_NF_KB_PATHWAY",0.255605381165919,0.442702110013073,0.127505315300183,-0.406940055660851,-1.16738284866026,17,"reactome","Birc2; Tnfsf13b; Cd40; Tnfsf12; Lta; Tnfrsf11a; Map3k14; Traf2; Tnfrsf12a","liver","RR-8","GLDS-379","Stat_(Space Flight & 22 to 23 day & On ISS & Carcass & 10 to 12 week)v(Ground Control & 24 day & On Earth & Carcass & 10 to 12 week)",1,"flight_positive"
"REACTOME_TNF_SIGNALING",0.115987460815047,0.284182137917133,0.161978948883402,0.353613393907224,1.24708678980825,57,"reactome","Tab2; Birc3; Clip3; Fadd; Spata2; Tbk1; Sharpin; Ube2l3; Ubb; Otud7b; Tab3; Ripk1; Otulin; Usp21; Map3k7; Bag4; Optn; Ikbkg; Mib2","liver","RR-8","GLDS-379","Stat_(Space Flight & 22 to 23 day & On ISS & Carcass & 10 to 12 week)v(Ground Control & 24 day & On Earth & Carcass & 10 to 12 week)",1,"flight_positive"
"REACTOME_TOLL_LIKE_RECEPTOR_9_TLR9_CASCADE",0.000612390330462432,0.00856571285013909,0.477270815362862,0.418062913185151,1.64119634977006,108,"reactome","Tab2; Saa2; Saa1; Rela; Traf6; N4bp1; Irak1; Atf1; Ppp2r1b; Pik3r4; Ppp2r1a; Atf2; Jun; Eea1; Hmgb1; Nkiras1; Ly96; Ube2n; Irak4; Ubb; Nod1; Tab3; Map2k7; Creb1; Ppp2r5d; Peli3; Ube2v1; Map3k7; Fos; Mapkapk3; Mapk3; Tnip2; Ikbkg; Nfkbib; Mapk8; Vrk3; Btrc; Slc15a4; Map2k4; Mapk9; Mef2c","liver","RR-8","GLDS-379","Stat_(Space Flight & 22 to 23 day & On ISS & Carcass & 10 to 12 week)v(Ground Control & 24 day & On Earth & Carcass & 10 to 12 week)",1,"flight_positive"
"REACTOME_TOLL_LIKE_RECEPTOR_CASCADES",0.000524202820614821,0.00762163311551812,0.477270815362862,0.38382133708338,1.59008892520266,165,"reactome","Tab2; Saa2; Saa1; Rela; Traf6; N4bp1; Irak1; Atf1; Ppp2r1b; Pik3r4; Ppp2r1a; Birc3; Tirap; Lbp; Atf2; Ctsl; Jun; Dnm2; Eea1; Gsdmd; Hmgb1; Fadd; Nkiras1; Tbk1; Ly96; Ube2n; Irak4; Ubb; Nod1; Fgb; Tab3; Map2k7; Ripk1; Ptpn11; Fga; Creb1; Ppp2r5d; Fgg; Tlr5; Peli3; Ube2v1; Map3k7; Fos; Tank; Mapkapk3; Traf3; Optn; Mapk3; Itgam; Tnip2; Ikbkg; Nfkbib; Mapk8; Irf3; Vrk3; Btrc; Hsp90b1; Slc15a4; Map2k4; Mapk9; Mef2c","liver","RR-8","GLDS-379","Stat_(Space Flight & 22 to 23 day & On ISS & Carcass & 10 to 12 week)v(Ground Control & 24 day & On Earth & Carcass & 10 to 12 week)",1,"flight_positive"
"REACTOME_TOLL_LIKE_RECEPTOR_TLR1_TLR2_CASCADE",0.00112929694138344,0.0145157842408547,0.45505986738723,0.400606945949221,1.58323444054153,113,"reactome","Tab2; Saa2; Saa1; Rela; Traf6; N4bp1; Irak1; Atf1; Ppp2r1b; Ppp2r1a; Tirap; Atf2; Jun; Hmgb1; Nkiras1; Ly96; Ube2n; Irak4; Ubb; Nod1; Fgb; Tab3; Map2k7; Fga; Creb1; Ppp2r5d; Fgg; Peli3; Ube2v1; Map3k7; Fos; Mapkapk3; Mapk3; Tnip2; Ikbkg; Nfkbib; Mapk8; Vrk3; Btrc; Map2k4; Mapk9; Mef2c","liver","RR-8","GLDS-379","Stat_(Space Flight & 22 to 23 day & On ISS & Carcass & 10 to 12 week)v(Ground Control & 24 day & On Earth & Carcass & 10 to 12 week)",1,"flight_positive"
"REACTOME_TP53_REGULATES_METABOLIC_GENES",0.212574850299401,0.402217824624723,0.112378519110475,0.307355182801537,1.15692937691559,79,"reactome","Tigar; Ywhae; Mlst8; Txnrd1; Akt2; Gpi1; Ago1; Ywhah; Cox6a2; Tnrc6c; Ywhaz; Tsc2; Tnrc6b; Cox7a1; Tsc1; Rptor; Ago2; Akt3; Sesn3; Mov10; Gls2; G6pdx; Prkag2; Akt1; Sesn2","liver","RR-8","GLDS-379","Stat_(Space Flight & 22 to 23 day & On ISS & Carcass & 10 to 12 week)v(Ground Control & 24 day & On Earth & Carcass & 10 to 12 week)",1,"flight_positive"
"REACTOME_TP53_REGULATES_TRANSCRIPTION_OF_ADDITIONAL_CELL_CYCLE_GENES_WHOSE_EXACT_ROLE_IN_THE_P53_PATHWAY_REMAIN_UNCERTAIN",0.0691489361702128,0.216457718039901,0.227987202850442,0.493940209450987,1.40568446270441,21,"reactome","Cnot1; Cenpj; Cnot4; Plk3; Rgcc; Cnot3; Cnot2; Cnot11; Cnot6l; Npm1; Cnot9","liver","RR-8","GLDS-379","Stat_(Space Flight & 22 to 23 day & On ISS & Carcass & 10 to 12 week)v(Ground Control & 24 day & On Earth & Carcass & 10 to 12 week)",1,"flight_positive"
"REACTOME_TP53_REGULATES_TRANSCRIPTION_OF_CELL_CYCLE_GENES",0.004711932977591,0.0400856957793783,0.407017918923954,0.479789284260282,1.63926929525259,48,"reactome","Cdkn1a; E2f8; Cnot1; Rbl2; Cenpj; E2f4; Cnot4; Aurka; Plk3; Rgcc; Cdk2; Carm1; Cnot3; Pcbp4; Cnot2; Cnot11; Tfdp2; Cdk1; Cnot6l","liver","RR-8","GLDS-379","Stat_(Space Flight & 22 to 23 day & On ISS & Carcass & 10 to 12 week)v(Ground Control & 24 day & On Earth & Carcass & 10 to 12 week)",1,"flight_positive"
"REACTOME_TP53_REGULATES_TRANSCRIPTION_OF_CELL_DEATH_GENES",0.794266441821248,0.855171227723198,0.0484087618816951,0.242411701680172,0.79633836552757,38,"reactome","Crebbp; Zfp420; Trp53bp2; Trp53inp1; Rabggtb; Aifm2; Ndrg1; Chm; Ppp1r13b; Bnip3l; Birc5; Bcl6","liver","RR-8","GLDS-379","Stat_(Space Flight & 22 to 23 day & On ISS & Carcass & 10 to 12 week)v(Ground Control & 24 day & On Earth & Carcass & 10 to 12 week)",1,"flight_positive"
"REACTOME_TP53_REGULATES_TRANSCRIPTION_OF_DNA_REPAIR_GENES",0.0272300404852437,0.122313799740627,0.352487857583619,0.405705507230084,1.44827941354031,61,"reactome","Eloa; Cdk13; Ssrp1; Supt16; Cdk12; Atf2; Nelfa; Jun; Gtf2h3; Ccnt1; Cdk9; Mlh1; Gtf2h1; Pms2; Gtf2f1; Supt5; Msh2; Rad51d; Fos; Nelfcd; Polr2c; Polr2b","liver","RR-8","GLDS-379","Stat_(Space Flight & 22 to 23 day & On ISS & Carcass & 10 to 12 week)v(Ground Control & 24 day & On Earth & Carcass & 10 to 12 week)",1,"flight_positive"
"REACTOME_TP53_REGULATES_TRANSCRIPTION_OF_GENES_INVOLVED_IN_CYTOCHROME_C_RELEASE",0.153982300884956,0.335602450646698,0.148261500475107,0.463676930822148,1.2787587409133,19,"reactome","Crebbp; Zfp420; Trp53bp2; Trp53inp1; Aifm2; Ppp1r13b; Bnip3l; Trp63","liver","RR-8","GLDS-379","Stat_(Space Flight & 22 to 23 day & On ISS & Carcass & 10 to 12 week)v(Ground Control & 24 day & On Earth & Carcass & 10 to 12 week)",1,"flight_positive"
"REACTOME_TP53_REGULATES_TRANSCRIPTION_OF_GENES_INVOLVED_IN_G2_CELL_CYCLE_ARREST",0.250871080139373,0.439322572985748,0.11146266692298,0.435980704968844,1.18538310217642,18,"reactome","Rbl2; E2f4; Aurka; Carm1; Tfdp2; Cdk1","liver","RR-8","GLDS-379","Stat_(Space Flight & 22 to 23 day & On ISS & Carcass & 10 to 12 week)v(Ground Control & 24 day & On Earth & Carcass & 10 to 12 week)",1,"flight_positive"
"REACTOME_TRAF6_MEDIATED_INDUCTION_OF_TAK1_COMPLEX_WITHIN_TLR4_COMPLEX",0.241441441441441,0.430598729859002,0.116234148779716,0.452593080323028,1.18527860957236,16,"reactome","Tab2; Traf6; Ly96; Ubb; Tab3; Map3k7","liver","RR-8","GLDS-379","Stat_(Space Flight & 22 to 23 day & On ISS & Carcass & 10 to 12 week)v(Ground Control & 24 day & On Earth & Carcass & 10 to 12 week)",1,"flight_positive"
"REACTOME_TRAF6_MEDIATED_IRF7_ACTIVATION",0.401473296500921,0.583721042938839,0.0865399737444125,0.405226827625006,1.04848742938058,15,"reactome","Traf6; Crebbp; Tbk1; Mavs; Tank; Irf3","liver","RR-8","GLDS-379","Stat_(Space Flight & 22 to 23 day & On ISS & Carcass & 10 to 12 week)v(Ground Control & 24 day & On Earth & Carcass & 10 to 12 week)",1,"flight_positive"
"REACTOME_TRAF6_MEDIATED_NF_KB_ACTIVATION",0.025242900220303,0.114787673841296,0.352487857583619,0.524977093544091,1.54862482396418,24,"reactome","Saa2; Saa1; Rela; Traf6; Hmgb1; Nkiras1; Mavs; Ikbkg; Nfkbib","liver","RR-8","GLDS-379","Stat_(Space Flight & 22 to 23 day & On ISS & Carcass & 10 to 12 week)v(Ground Control & 24 day & On Earth & Carcass & 10 to 12 week)",1,"flight_positive"
"REACTOME_TRAFFICKING_OF_AMPA_RECEPTORS",0.0140580449231641,0.0788535007111491,0.380730400722792,0.52244999145618,1.61260554734561,29,"reactome","Mdm2; Myo6; Pick1; Dlg1; Camk2a; Grip2; Nsf; Camk2b; Akap5; Camk2g; Camk2d","liver","RR-8","GLDS-379","Stat_(Space Flight & 22 to 23 day & On ISS & Carcass & 10 to 12 week)v(Ground Control & 24 day & On Earth & Carcass & 10 to 12 week)",1,"flight_positive"
"REACTOME_TRAFFICKING_OF_GLUR2_CONTAINING_AMPA_RECEPTORS",0.794964028776978,0.855171227723198,0.0513223330421143,0.280901973522263,0.750033520495975,17,"reactome","Pick1; Grip2; Nsf; Grip1; Prkca","liver","RR-8","GLDS-379","Stat_(Space Flight & 22 to 23 day & On ISS & Carcass & 10 to 12 week)v(Ground Control & 24 day & On Earth & Carcass & 10 to 12 week)",1,"flight_positive"
"REACTOME_TRANSCRIPTIONAL_ACTIVATION_OF_MITOCHONDRIAL_BIOGENESIS",0.000202254983711299,0.00388040634852555,0.518848077743792,0.529212591748354,1.84725351818556,53,"reactome","Nrf1; Ncor1; Tbl1xr1; Crebbp; Ncoa6; Gabpa; Usp46; Hcfc1; Perm1; Hdac3; Atf2; Acss2; Gabpb1; Ncoa1; Crtc3; Sirt4; Tfb2m; Med1; Ncoa2; Creb1; Carm1; Ppargc1a; Pprc1; Chd9; Crtc1; Mef2d; Helz2; Mef2c","liver","RR-8","GLDS-379","Stat_(Space Flight & 22 to 23 day & On ISS & Carcass & 10 to 12 week)v(Ground Control & 24 day & On Earth & Carcass & 10 to 12 week)",1,"flight_positive"
"REACTOME_TRANSCRIPTIONAL_ACTIVITY_OF_SMAD2_SMAD3_SMAD4_HETEROTRIMER",0.00255519122334678,0.0271489067480595,0.431707695803346,0.496980018200428,1.72188181128965,51,"reactome","Ncor1; Nedd4l; Smad3; E2f4; Sp1; Smad2; Ccnt1; Skil; Cdk9; Smurf2; Ubb; Ybx1; Trim33; Ncor2; Men1; Rnf111; Furin; Cdk8; Mapk3; Atp1b4; Ski","liver","RR-8","GLDS-379","Stat_(Space Flight & 22 to 23 day & On ISS & Carcass & 10 to 12 week)v(Ground Control & 24 day & On Earth & Carcass & 10 to 12 week)",1,"flight_positive"
"REACTOME_TRANSCRIPTIONAL_AND_POST_TRANSLATIONAL_REGULATION_OF_MITF_M_EXPRESSION_AND_ACTIVITY",0.206022187004754,0.396475306036302,0.118287526124085,0.33375049530643,1.15634207881833,51,"reactome","Crebbp; Ywhae; Ube2i; Ywhah; Tfe3; Ywhaz; Tbx3; Creb1; Mc5r; Mark3; Mapk3; Akt3; Pax3","liver","RR-8","GLDS-379","Stat_(Space Flight & 22 to 23 day & On ISS & Carcass & 10 to 12 week)v(Ground Control & 24 day & On Earth & Carcass & 10 to 12 week)",1,"flight_positive"
"REACTOME_TRANSCRIPTIONAL_REGULATION_BY_E2F6",0.227826086956522,0.416949022023718,0.11776578836269,0.368487689984208,1.1685679254353,33,"reactome","Ezh2; Ehmt1; Epc1; Rnf2; Max; Rrm2; Mga; Rad51; Phc1; L3mbtl2; Cbx5; Tfdp2","liver","RR-8","GLDS-379","Stat_(Space Flight & 22 to 23 day & On ISS & Carcass & 10 to 12 week)v(Ground Control & 24 day & On Earth & Carcass & 10 to 12 week)",1,"flight_positive"
"REACTOME_TRANSCRIPTIONAL_REGULATION_BY_MECP2",3.08767788717215e-06,0.000110060776300814,0.627256739718528,0.579643941794003,2.05689105657805,59,"reactome","Ncor1; Tbl1xr1; Hipk2; Irak1; Mecp2; Sin3a; Hdac3; Ago1; Camk2a; Tnrc6c; Gps2; Rbfox1; Ncor2; Tnrc6b; Hdac2; Camk2b; Creb1; Ptpn1; Camk2g; Pvalb; Ago2; Camk2d; Prkaca; Mov10","liver","RR-8","GLDS-379","Stat_(Space Flight & 22 to 23 day & On ISS & Carcass & 10 to 12 week)v(Ground Control & 24 day & On Earth & Carcass & 10 to 12 week)",1,"flight_positive"
"REACTOME_TRANSCRIPTIONAL_REGULATION_BY_NPAS4",0.0854700854700855,0.245949074074074,0.199915231309662,0.439814268710507,1.38205875305597,32,"reactome","Mdm2; Crebbp; Ago1; Tnrc6c; Tnrc6b; Rest; Fos; Ago2; Srf; Mapk3; Mov10","liver","RR-8","GLDS-379","Stat_(Space Flight & 22 to 23 day & On ISS & Carcass & 10 to 12 week)v(Ground Control & 24 day & On Earth & Carcass & 10 to 12 week)",1,"flight_positive"
"REACTOME_TRANSCRIPTIONAL_REGULATION_BY_RUNX1",0.103174603174603,0.275381489149605,0.157402899305283,0.288065683282427,1.21483024222178,202,"reactome","Elf2; Hipk2; Tcf12; Crebbp; Axin1; Smarcc2; Abl1; Smarce1; Kmt2a; Sin3a; Ago1; Runx2; Smarcd1; Nfe2; Arid1a; Ctsl; Tnrc6c; Kmt2b; Rnf2; Pml; Psmd11; Cdk6; Lifr; Cbx4; Csnk2b; Ubb; Nr4a3; Elf1; Psmd7; Scmh1; Kat2b; Tnrc6b; Kmt2d; Sem1; Ptpn11; Smarca4; Arid1b; Prmt6; Kctd6; Psma4; Rbbp5; Kmt2c; Ago2; Psmc3; Zfpm1; Phc1; Mov10; Tjp1; Smarcc1; Auts2; Csnk2a2; Psmb2; Phc2; Runx1; Il2ra; H2az2; Smarca2; Psmc1; H3c8; Ctla4; Psmc4; Ring1; Smarcd3; Psmd3; Cbx8; Nfatc2; Rspo3; Ago4; Tnrc6a; Phc3; H2bc18; Gata1; Esr1","liver","RR-8","GLDS-379","Stat_(Space Flight & 22 to 23 day & On ISS & Carcass & 10 to 12 week)v(Ground Control & 24 day & On Earth & Carcass & 10 to 12 week)",1,"flight_positive"
"REACTOME_TRANSCRIPTIONAL_REGULATION_BY_RUNX2",0.433382137628111,0.607724951876983,0.0704500850658419,0.259321890157438,1.01102108047211,102,"reactome","Cdkn1a; Smurf1; Abl1; Akt2; Hdac3; Runx2; Psmd11; Satb2; Ubb; Psmd7; Sem1; Psma4; Rb1; Yes1; Itga5; Ppm1d; Psmc3; Mapk3; Akt3; Ppargc1a; Hand2; Hdac6; Smad4; Psmb2; Cdk4; Runx1; Sox9; Cdk1; Akt1; Psmc1; Ar","liver","RR-8","GLDS-379","Stat_(Space Flight & 22 to 23 day & On ISS & Carcass & 10 to 12 week)v(Ground Control & 24 day & On Earth & Carcass & 10 to 12 week)",1,"flight_positive"
"REACTOME_TRANSCRIPTIONAL_REGULATION_BY_RUNX3",0.183431952662722,0.372681281618887,0.121543282035469,0.305992508424461,1.16555683301587,86,"reactome","Cdkn1a; Mdm2; Crebbp; Smad3; Smurf1; Brd2; Tcf7l2; Psmd11; Maml1; Smurf2; Ubb; Tcf7l1; Psmd7; Kat2b; Zfhx3; Rbpj; Sem1; Psma4; Kras; Psmc3; Runx3","liver","RR-8","GLDS-379","Stat_(Space Flight & 22 to 23 day & On ISS & Carcass & 10 to 12 week)v(Ground Control & 24 day & On Earth & Carcass & 10 to 12 week)",1,"flight_positive"
"REACTOME_TRANSCRIPTIONAL_REGULATION_BY_SMALL_RNAS",0.0230684232287947,0.107103393562261,0.352487857583619,-0.340898498549941,-1.38568268171702,85,"reactome","H2bc8; Polr2h; H2bc3; Sec13; H2bc6; Polr2k; Nup107; Polr2f; Polr2g; H2bc14; Nup85; Polr2l; H4c3; H4c18; H4c6; Polr2i; Nup43; H3c1; H4c14; Polr2d; H2ac20; Ran; H4c11; Nup35; H4c16; Nup133; H2ac23; H4c2; H3c11; Nup210; H2ac7","liver","RR-8","GLDS-379","Stat_(Space Flight & 22 to 23 day & On ISS & Carcass & 10 to 12 week)v(Ground Control & 24 day & On Earth & Carcass & 10 to 12 week)",1,"flight_positive"
"REACTOME_TRANSCRIPTIONAL_REGULATION_BY_THE_AP_2_TFAP2_FAMILY_OF_TRANSCRIPTION_FACTORS",0.0921739130434783,0.255268606298355,0.193813302725311,0.429108675582689,1.36081244622701,33,"reactome","Cdkn1a; Yy1; Crebbp; Ube2i; Tgfa; Vegfa; Yeats4; Cited2; Cited4; Npm1; Esr1; Pitx2; Kctd1; Wwox; Kctd15","liver","RR-8","GLDS-379","Stat_(Space Flight & 22 to 23 day & On ISS & Carcass & 10 to 12 week)v(Ground Control & 24 day & On Earth & Carcass & 10 to 12 week)",1,"flight_positive"
"REACTOME_TRANSCRIPTIONAL_REGULATION_BY_TP53",1.03598594696402e-08,7.15477794622025e-07,0.747739663149885,0.408548454681797,1.82409724290183,342,"reactome","Cdkn1a; Mdm2; Taf3; Eloa; E2f8; Chd4; Cnot1; Hipk2; Crebbp; Cdk13; Ssrp1; Ehmt1; Rbl2; Cenpj; Tigar; Ywhae; Hipk1; Gatad2a; Kat6a; Ppp2r1b; E2f4; Ppp2r1a; Supt16; Cnot4; Mlst8; Cdk12; Txnrd1; Kmt5a; Akt2; Gpi1; Ago1; Atf2; Mta2; Nelfa; Ywhah; Zfp420; Phf20; Jun; Cox6a2; Trp53bp2; Tnrc6c; Brpf1; Gtf2h3; Pdpk1; Stk11; Ywhaz; Dyrk2; Pml; Trp53inp1; Ccnt1; Usp7; Aurka; Taf4; Topbp1; Prmt5; Plk3; Ppp2r5c; Cdk9; Mre11a; Rad17; Mlh1; Taf7; Gtf2h1; Top3a; Csnk2b; Ubb; Pms2; Gtf2f1; Gatad2b; Tsc2; Tnrc6b; Hdac2; Taf2; Supt5; Msh2; Taf15; Tbp; Cox7a1; Rfc3; Tsc1; Rabggtb; Ing5; Pip4k2b; Rgcc; Cdk2; Rnf34; Rad51d; Rptor; Carm1; Taf9; Fos; Ago2; Cnot3; Mapkapk5; Pcbp4; Taf6; Ppp1r13l; Nbn; Taf10; Tpx2; Noc2l; Akt3; Sesn3; Mov10; Mapkap1; Cnot2; Brpf3; Taf1; Rhno1; Nelfcd; Rad50; Brd7; Ing2; Cnot11; Csnk2a2; Polr2c; Rfc5; Aifm2; Polr2b; Kat5; Taf12; Ndrg1; Ccng1; Chm; Tfdp2; Cdk1; Cnot6l; Gls2; G6pdx; Prkag2; Rad9a; Akt1; Meaf6; Ppp1r13b; Sesn2; Nuak1; Ctdp1; Pou4f1; Pip4k2c","liver","RR-8","GLDS-379","Stat_(Space Flight & 22 to 23 day & On ISS & Carcass & 10 to 12 week)v(Ground Control & 24 day & On Earth & Carcass & 10 to 12 week)",1,"flight_positive"
"REACTOME_TRANSCRIPTIONAL_REGULATION_BY_VENTX",0.0472175379426644,0.178978423092497,0.271288554688953,0.446160961874705,1.46566807080242,38,"reactome","Rela; Ehmt1; Ago1; Cdc27; Tcf7l2; Tnrc6c; Anapc1; Ube2s; Tnrc6b; Anapc5","liver","RR-8","GLDS-379","Stat_(Space Flight & 22 to 23 day & On ISS & Carcass & 10 to 12 week)v(Ground Control & 24 day & On Earth & Carcass & 10 to 12 week)",1,"flight_positive"
"REACTOME_TRANSCRIPTIONAL_REGULATION_OF_BROWN_AND_BEIGE_ADIPOCYTE_DIFFERENTIATION",0.00993781495705036,0.0649780208730216,0.380730400722792,0.522960004427299,1.62211156595735,31,"reactome","Chd4; Gatad2a; Usp46; Mta2; Hnrnpu; Ncoa1; Gatad2b; Mta3; Hdac2; Cox7a1; Cidea; Ppargc1a; Smad4; Mta1; Ebf2; Bmp7; Rxra","liver","RR-8","GLDS-379","Stat_(Space Flight & 22 to 23 day & On ISS & Carcass & 10 to 12 week)v(Ground Control & 24 day & On Earth & Carcass & 10 to 12 week)",1,"flight_positive"
"REACTOME_TRANSCRIPTIONAL_REGULATION_OF_GRANULOPOIESIS",0.621387283236994,0.725827640567525,0.0873098257637931,-0.23376954805452,-0.926578534074102,71,"reactome","H2bc8; H2bc3; H2bc6; Gfi1; H2bc14; H4c3; H4c18; H4c6; H3c1; H4c14; Cebpa; H2ac20; H4c11; H4c16; Tal1; H2ac23; H4c2; H3c11; H2ac7; H4c8","liver","RR-8","GLDS-379","Stat_(Space Flight & 22 to 23 day & On ISS & Carcass & 10 to 12 week)v(Ground Control & 24 day & On Earth & Carcass & 10 to 12 week)",1,"flight_positive"
"REACTOME_TRANSCRIPTIONAL_REGULATION_OF_PLURIPOTENT_STEM_CELLS",0.0157831360101739,0.0842529724214599,0.352487857583619,0.567848031212288,1.62641570043734,22,"reactome","Hhex; Stat3; Smad2; Sall1; Tsc22d1; Gata6; Smad4; Pbx1; Klf4; Eomes; Sall4","liver","RR-8","GLDS-379","Stat_(Space Flight & 22 to 23 day & On ISS & Carcass & 10 to 12 week)v(Ground Control & 24 day & On Earth & Carcass & 10 to 12 week)",1,"flight_positive"
"REACTOME_TRANSCRIPTIONAL_REGULATION_OF_WHITE_ADIPOCYTE_DIFFERENTIATION",0.018729298819128,0.0949352073171394,0.352487857583619,0.37658262859622,1.41798248662898,82,"reactome","Ncor1; Rela; Med13; Tbl1xr1; Crebbp; Ncoa6; Thrap3; Slc2a4; Hdac3; Ncoa1; Med1; Ncor2; Ncoa2; Lpl; Med15; Carm1; Cdk8; Med9; Med13l; Ppargc1a; Chd9; Srebf2; Cdk4; Helz2; Med12; Klf4; Rxra; Smarcd3","liver","RR-8","GLDS-379","Stat_(Space Flight & 22 to 23 day & On ISS & Carcass & 10 to 12 week)v(Ground Control & 24 day & On Earth & Carcass & 10 to 12 week)",1,"flight_positive"
"REACTOME_TRANSCRIPTION_COUPLED_NUCLEOTIDE_EXCISION_REPAIR_TC_NER",0.238235294117647,0.430598729859002,0.154190966581424,-0.280906089942207,-1.1188506598666,76,"reactome","Ppie; Polr2h; Cops5; Rps27a; Mnat1; Polr2k; Gps1; Polr2f; Polr2g; Gtf2h5; Cul4a; Rfc2; Pold2; Ubc; Polr2l; Cops6; Polr2i; Tcea1; Pole4; Polr2d; Uba52","liver","RR-8","GLDS-379","Stat_(Space Flight & 22 to 23 day & On ISS & Carcass & 10 to 12 week)v(Ground Control & 24 day & On Earth & Carcass & 10 to 12 week)",1,"flight_positive"
"REACTOME_TRANSCRIPTION_OF_E2F_TARGETS_UNDER_NEGATIVE_CONTROL_BY_DREAM_COMPLEX",0.0530973451327434,0.190495345362602,0.261663521711573,0.535792090199108,1.47764267124412,19,"reactome","Rbl2; E2f4; Lin9; Lin37; Lin54; Max; Lin52","liver","RR-8","GLDS-379","Stat_(Space Flight & 22 to 23 day & On ISS & Carcass & 10 to 12 week)v(Ground Control & 24 day & On Earth & Carcass & 10 to 12 week)",1,"flight_positive"
"REACTOME_TRANSCRIPTION_OF_E2F_TARGETS_UNDER_NEGATIVE_CONTROL_BY_P107_RBL1_AND_P130_RBL2_IN_COMPLEX_WITH_HDAC1",0.169369369369369,0.355129322871258,0.142056643575821,0.493414109323201,1.29218323228578,16,"reactome","Rbl2; E2f4; Lin9; Lin37; Lin54; Lin52; Tfdp2; Cdk1","liver","RR-8","GLDS-379","Stat_(Space Flight & 22 to 23 day & On ISS & Carcass & 10 to 12 week)v(Ground Control & 24 day & On Earth & Carcass & 10 to 12 week)",1,"flight_positive"
"REACTOME_TRANSCRIPTION_OF_THE_HIV_GENOME",0.0120652189034989,0.0736578281125211,0.380730400722792,0.413073645827094,1.50574285714888,67,"reactome","Taf3; Eloa; Ssrp1; Supt16; Ncbp2; Nelfa; Gtf2h3; Gtf2e1; Ccnt1; Taf4; Cdk9; Taf7; Gtf2h1; Gtf2f1; Taf2; Supt5; Taf15; Tbp; Taf9; Gtf2e2; Taf6; Taf10; Taf1; Nelfcd; Polr2c; Polr2b; Taf12; Ncbp1","liver","RR-8","GLDS-379","Stat_(Space Flight & 22 to 23 day & On ISS & Carcass & 10 to 12 week)v(Ground Control & 24 day & On Earth & Carcass & 10 to 12 week)",1,"flight_positive"
"REACTOME_TRANSFERRIN_ENDOCYTOSIS_AND_RECYCLING",0.0138465361205742,0.0780633796593597,0.380730400722792,-0.487825970003013,-1.60193124757308,29,"reactome","Atp6v1h; Hfe; Atp6v1g1; Atp6v0e; Atp6v1f; Atp6v1e1; Atp6v0b; Atp6v0d1; Atp6v1b2","liver","RR-8","GLDS-379","Stat_(Space Flight & 22 to 23 day & On ISS & Carcass & 10 to 12 week)v(Ground Control & 24 day & On Earth & Carcass & 10 to 12 week)",1,"flight_positive"
"REACTOME_TRANSLATION",3.08863039706346e-17,3.41293658875512e-14,1.06720998682811,-0.490455898810222,-2.34452719341213,266,"reactome","Rps14; Dap3; Rpl3; Rps19; Rplp2; Mars2; Mrpl36; Mrps16; Mrpl44; Rps18; Mrps24; Sec61b; Mrpl53; Rpl9; Rpl39; Rps21; Rpl35a; Mrps6; Rps27; Eif3m; Mrpl18; Rpl36; Rpl13a; Eif3e; Mrps18a; Rpl6; Mrpl17; Rpl15; Mrpl13; Spcs1; Rpl27; Mrps9; Mrpl55; Rps13; Rpl13; Rps27a; Rpl7; Mrpl28; Mrpl30; Rpl37a; Rps28; Rps29; Rps17; Eif2s1; Rps15; Rpl24; Mrpl27; Rps5; Rpl22l1; Eif3i; Mrpl52; Rpl10; Mrps14; Mrpl33; Srprb; Spcs3; Wars1; Ppa2; Nars2; Hars2; Eif3k; Mrpl47; Sec11c; Rpl18; Eif3j2; Eef1e1; Fau; Mrpl1; Eif2b2; Rps9; Ssr4; Mrps17; Rps23; Yars2; Rps25; Rplp1; Rpl32; Rpl26; Rps15a; Rpl8; Rplp0; Rps20; Mrpl3; Rps7; Mrps23; Eif2b1; Eif4a2; Mrps22; Rpl19; Eif2b5; Ears2; Mrps11; Eral1; Mrpl11; Rpl29; Chchd1; Rpl10a; Uba52; Rpl28; Eif2s2; Rps4x; Mrpl2; Aimp2; Mrpl20; Mrpl14; Mrpl48; Mrpl24; Srp14; Eif4h; Mrps18c; Mrps28; Mrpl19","liver","RR-8","GLDS-379","Stat_(Space Flight & 22 to 23 day & On ISS & Carcass & 10 to 12 week)v(Ground Control & 24 day & On Earth & Carcass & 10 to 12 week)",1,"flight_positive"
"REACTOME_TRANSLATION_OF_SARS_COV_1_STRUCTURAL_PROTEINS",0.453448275862069,0.622965093005257,0.0764767053228531,0.322154606852138,0.994369441302351,29,"reactome","St3gal1; Parp6; Ube2i; Canx; Ubb; St6galnac3","liver","RR-8","GLDS-379","Stat_(Space Flight & 22 to 23 day & On ISS & Carcass & 10 to 12 week)v(Ground Control & 24 day & On Earth & Carcass & 10 to 12 week)",1,"flight_positive"
"REACTOME_TRANSLATION_OF_SARS_COV_2_STRUCTURAL_PROTEINS",0.466666666666667,0.628095818107998,0.0707899094502623,0.280536162083964,0.995494442763114,59,"reactome","St3gal1; Parp6; Ube2i; Canx; Srpk1; Ubb; Mgat5; Rpn1; Zdhhc5; Ost4; St6galnac3; Dad1; Stt3a; Man1b1; St3gal3; Ddost; Zdhhc8; Gsk3a","liver","RR-8","GLDS-379","Stat_(Space Flight & 22 to 23 day & On ISS & Carcass & 10 to 12 week)v(Ground Control & 24 day & On Earth & Carcass & 10 to 12 week)",1,"flight_positive"
"REACTOME_TRANSLESION_SYNTHESIS_BY_POLH",0.622425629290618,0.726272777577754,0.0747385227439092,-0.303341069837458,-0.894297775547486,19,"reactome","Rps27a; Rfc2; Ubc; Rchy1; Uba52; Rpa3; Rpa2; Rpa1","liver","RR-8","GLDS-379","Stat_(Space Flight & 22 to 23 day & On ISS & Carcass & 10 to 12 week)v(Ground Control & 24 day & On Earth & Carcass & 10 to 12 week)",1,"flight_positive"
"REACTOME_TRANSLESION_SYNTHESIS_BY_POLK",0.627697841726619,0.728577852004111,0.0623861492893626,0.326771878494822,0.872510290167575,17,"reactome","Rev3l; Ubb; Mad2l2; Rfc1; Rfc3; Polk; Rfc5","liver","RR-8","GLDS-379","Stat_(Space Flight & 22 to 23 day & On ISS & Carcass & 10 to 12 week)v(Ground Control & 24 day & On Earth & Carcass & 10 to 12 week)",1,"flight_positive"
"REACTOME_TRANSLESION_SYNTHESIS_BY_Y_FAMILY_DNA_POLYMERASES_BYPASSES_LESIONS_ON_DNA_TEMPLATE",0.252508361204013,0.440792636856927,0.108394255853397,0.347724879248332,1.14657785970797,39,"reactome","Poli; Rev3l; Pold3; Ube2l6; Pole3; Ubb; Mad2l2; Rfc1; Rfc3; Usp10; Pole; Polk; Pold4; Rfc5; Pole2; Nploc4","liver","RR-8","GLDS-379","Stat_(Space Flight & 22 to 23 day & On ISS & Carcass & 10 to 12 week)v(Ground Control & 24 day & On Earth & Carcass & 10 to 12 week)",1,"flight_positive"
"REACTOME_TRANSLOCATION_OF_SLC2A4_GLUT4_TO_THE_PLASMA_MEMBRANE",0.000244168933514919,0.00428264557990454,0.49849310876659,0.489074370615455,1.77411953346228,66,"reactome","Tuba8; Rab8a; Rala; Ralgapb; Ywhae; Akt2; Slc2a4; Ywhah; Ywhaz; Kif3a; Myh9; Tubb2a; Snap23; Tuba4a; Stx4a; Kif3b; Stxbp3; Exoc2; Exoc3; Tubb4b; Actb; Exoc8; Prkag2; Akt1; Prkab2; Tbc1d4; Rab10; Rab11a; Tuba1b","liver","RR-8","GLDS-379","Stat_(Space Flight & 22 to 23 day & On ISS & Carcass & 10 to 12 week)v(Ground Control & 24 day & On Earth & Carcass & 10 to 12 week)",1,"flight_positive"
"REACTOME_TRANSMISSION_ACROSS_CHEMICAL_SYNAPSES",0.0422721268163804,0.166230249580428,0.252961123069611,0.297112402737119,1.2771416809019,238,"reactome","Ppfia1; Mdm2; Camkk2; Prkar2a; Tuba8; Actn2; Dlg3; Myo6; Pick1; Dlg1; Camk2a; Pdpk1; Adcy2; Tubb2a; Cacnb1; Lin7a; Chrna4; Tuba4a; Gabbr2; Cacna2d2; Nras; Grip2; Mapt; Nsf; Camk2b; Akap5; Creb1; Camk2g; Kras; Camk2d; Comt; Chrnb2; Slc6a4; Glul; Mapk3; Aldh2; Prkaca; Adcy1; Chrna1; Grik4; Gng12; Grin3b; Cacna2d3; Gngt1; Lin7c; Tubb4b; Arhgef7; Cacnb2; Hspa8; Kcnj12; Slc1a6; Gng8; Grip1; Gls2; Rab3a; Prkag2; Prkar1a","liver","RR-8","GLDS-379","Stat_(Space Flight & 22 to 23 day & On ISS & Carcass & 10 to 12 week)v(Ground Control & 24 day & On Earth & Carcass & 10 to 12 week)",1,"flight_positive"
"REACTOME_TRANSPORT_OF_BILE_SALTS_AND_ORGANIC_ACIDS_METAL_IONS_AND_AMINE_COMPOUNDS",0.212389380530973,0.402217824624723,0.16440575583821,-0.286642751326801,-1.14209825795769,77,"reactome","Slc39a2; Slc18a2; Heph; Rhbg; Slc39a4; Slc40a1; Slc39a3; Slc16a7; Slc6a19; Slc16a3; Slc6a7; Slc30a1; Slc22a18; Emb; Slc22a5; Slc11a1; Slc44a4; Slc39a10; Slc22a3; Slc22a4; Slc39a1; Slc22a1; Slc30a5; Slc31a1; Bsg; Rsc1a1; Slc5a3; Slc44a2; Slc30a8; Slc16a1","liver","RR-8","GLDS-379","Stat_(Space Flight & 22 to 23 day & On ISS & Carcass & 10 to 12 week)v(Ground Control & 24 day & On Earth & Carcass & 10 to 12 week)",1,"flight_positive"
"REACTOME_TRANSPORT_OF_CONNEXONS_TO_THE_PLASMA_MEMBRANE",0.206261510128913,0.396475306036302,0.128788713061714,0.478315446158839,1.23759755866953,15,"reactome","Tuba8; Tubb2a; Tuba4a; Tubb4b; Tuba1b; Gjb2","liver","RR-8","GLDS-379","Stat_(Space Flight & 22 to 23 day & On ISS & Carcass & 10 to 12 week)v(Ground Control & 24 day & On Earth & Carcass & 10 to 12 week)",1,"flight_positive"
"REACTOME_TRANSPORT_OF_INORGANIC_CATIONS_ANIONS_AND_AMINO_ACIDS_OLIGOPEPTIDES",0.834920634920635,0.885588926218345,0.0764767053228531,-0.20368009572812,-0.849556258768826,99,"reactome","Slc36a4; Slc15a3; Slc25a26; Slc43a2; Slc9a8; Slc9a6; Slc17a5; Slc4a7; Slc20a1; Slc7a1; Slc25a29; Slc25a11; Slc4a9; Slc7a6; Slc6a19; Slc7a2; Slc4a3; Slc5a8; Calm1; Slc38a5; Slc12a4; Slc4a5","liver","RR-8","GLDS-379","Stat_(Space Flight & 22 to 23 day & On ISS & Carcass & 10 to 12 week)v(Ground Control & 24 day & On Earth & Carcass & 10 to 12 week)",1,"flight_positive"
"REACTOME_TRANSPORT_OF_MATURE_MRNAS_DERIVED_FROM_INTRONLESS_TRANSCRIPTS",0.206779661016949,0.396686676082862,0.122679189568808,0.359943726506015,1.18870903580649,40,"reactome","Fip1l1; Tpr; Ncbp2; Aaas; Nup98; Nup50; Nup153; Rae1; Ndc1; Pom121; Ncbp1; Cpsf2; Nup93; Nup88; Wdr33; Alyref; Nup160; Cpsf3; Nup214; Cpsf4","liver","RR-8","GLDS-379","Stat_(Space Flight & 22 to 23 day & On ISS & Carcass & 10 to 12 week)v(Ground Control & 24 day & On Earth & Carcass & 10 to 12 week)",1,"flight_positive"
"REACTOME_TRANSPORT_OF_MATURE_TRANSCRIPT_TO_CYTOPLASM",0.0290340254524521,0.126309441436849,0.352487857583619,0.377672531098945,1.42161404958176,79,"reactome","Fip1l1; Srsf5; Casc3; Tpr; Ncbp2; Aaas; Slu7; Srsf1; Nup98; Srrm1; U2af1; Gle1; Nup50; Dhx38; Upf3b; Nxf7; Nup153; Srsf4; Rbm8a; Rae1; Ndc1; Srsf2; Pom121; Ncbp1; Sarnp; Cpsf2; Nup93; Thoc2; Rnps1; U2af1l4; Nup88; Wdr33; Srsf11","liver","RR-8","GLDS-379","Stat_(Space Flight & 22 to 23 day & On ISS & Carcass & 10 to 12 week)v(Ground Control & 24 day & On Earth & Carcass & 10 to 12 week)",1,"flight_positive"
"REACTOME_TRANSPORT_OF_THE_SLBP_DEPENDANT_MATURE_MRNA",0.304347826086957,0.486692254451645,0.0992333343771191,0.344309462868318,1.09189263486391,33,"reactome","Tpr; Ncbp2; Aaas; Nup98; Nup50; Nup153; Rae1; Ndc1; Pom121; Ncbp1; Nup93","liver","RR-8","GLDS-379","Stat_(Space Flight & 22 to 23 day & On ISS & Carcass & 10 to 12 week)v(Ground Control & 24 day & On Earth & Carcass & 10 to 12 week)",1,"flight_positive"
"REACTOME_TRANSPORT_OF_VITAMINS_NUCLEOSIDES_AND_RELATED_MOLECULES",0.0525661203362196,0.189716760221479,0.321775918075361,-0.399965810813542,-1.38411955980789,38,"reactome","Slc35d2; Slc25a5; Slc33a1; Slc35b3; Slco1b2; Slc5a6; Slc35b2; Slc35a1; Slc28a2b; Slc35a3; Slco1c1","liver","RR-8","GLDS-379","Stat_(Space Flight & 22 to 23 day & On ISS & Carcass & 10 to 12 week)v(Ground Control & 24 day & On Earth & Carcass & 10 to 12 week)",1,"flight_positive"
"REACTOME_TRANSPORT_TO_THE_GOLGI_AND_SUBSEQUENT_MODIFICATION",0.290789473684211,0.470993412485801,0.0857844408075645,0.258318271450321,1.07823045452548,178,"reactome","Ank1; Cog8; Tuba8; Sptb; Sec24b; Golgb1; Arcn1; Golga2; Spta1; Tubb2a; Sec22a; Sec23ip; Tuba4a; Csnk1d; Serpina1e; Lman2l; Sec16a; Man1a2; Tgfa; Serpina1b; Mgat5; Copz2; Ctsc; Gosr1; Nsf; Ctsz; Man2a2; Ank2; Ppp6r1; Sptan1; Ppp6c; Lman1; St8sia3; Capza2; B4galt5; Ykt6; Capzb; Stx17; Tmed2; B4galt3; Dctn1; Sec31b; Tubb4b; Napg; Arf3; Col7a1; Arfgap1; Cog1","liver","RR-8","GLDS-379","Stat_(Space Flight & 22 to 23 day & On ISS & Carcass & 10 to 12 week)v(Ground Control & 24 day & On Earth & Carcass & 10 to 12 week)",1,"flight_positive"
"REACTOME_TRANS_GOLGI_NETWORK_VESICLE_BUDDING",0.233846153846154,0.425,0.107972360317345,0.311612682911622,1.13984612819552,69,"reactome","Sh3d19; Clint1; Ap1m1; Fth1; Golgb1; Ap3b1; Dnm2; Snap23; Cltb; Stx4a; Clta; Gak; Ctsz; Yipf6; Tgoln1; Acbd3; Ocrl; Hspa8; Hgs; Ap4m1; Picalm; Pum1; Snapin","liver","RR-8","GLDS-379","Stat_(Space Flight & 22 to 23 day & On ISS & Carcass & 10 to 12 week)v(Ground Control & 24 day & On Earth & Carcass & 10 to 12 week)",1,"flight_positive"
"REACTOME_TRIGLYCERIDE_CATABOLISM",0.520499108734403,0.660396646902474,0.0711327399327894,0.342163557245815,0.957956473311603,20,"reactome","Fabp3; Pnpla5; Fabp5; Prkaca; Gpd2; Fabp1; Ppp1ca; Plin3","liver","RR-8","GLDS-379","Stat_(Space Flight & 22 to 23 day & On ISS & Carcass & 10 to 12 week)v(Ground Control & 24 day & On Earth & Carcass & 10 to 12 week)",1,"flight_positive"
"REACTOME_TRIGLYCERIDE_METABOLISM",0.573426573426573,0.694776714513557,0.0799858801499946,-0.27884246895058,-0.936207516574954,31,"reactome","Fabp2; Fabp7; Dgat1; Gk; Gpat2","liver","RR-8","GLDS-379","Stat_(Space Flight & 22 to 23 day & On ISS & Carcass & 10 to 12 week)v(Ground Control & 24 day & On Earth & Carcass & 10 to 12 week)",1,"flight_positive"
"REACTOME_TRISTETRAPROLIN_TTP_ZFP36_BINDS_AND_DESTABILIZES_MRNA",0.465827338129496,0.62773074223548,0.077274697304471,0.374297602268838,0.999408244886,17,"reactome","Exosc9; Dcp1a; Dis3; Zfp36; Exosc8; Exosc1; Exosc2","liver","RR-8","GLDS-379","Stat_(Space Flight & 22 to 23 day & On ISS & Carcass & 10 to 12 week)v(Ground Control & 24 day & On Earth & Carcass & 10 to 12 week)",1,"flight_positive"
"REACTOME_TRNA_AMINOACYLATION",0.0283913942497172,0.125348660457416,0.352487857583619,-0.482477831298019,-1.54278933418013,26,"reactome","Mars2; Wars1; Ppa2; Nars2; Hars2; Eef1e1; Yars2; Ears2; Aimp2","liver","RR-8","GLDS-379","Stat_(Space Flight & 22 to 23 day & On ISS & Carcass & 10 to 12 week)v(Ground Control & 24 day & On Earth & Carcass & 10 to 12 week)",1,"flight_positive"
"REACTOME_TRNA_MODIFICATION_IN_THE_NUCLEUS_AND_CYTOSOL",0.952622673434856,0.963081476802851,0.0402477565068868,0.204529108194563,0.683818759865358,43,"reactome","Thada; Adat1; Osgep; Lcmt2; Trmt10a; Qtrt2; Trmt9b","liver","RR-8","GLDS-379","Stat_(Space Flight & 22 to 23 day & On ISS & Carcass & 10 to 12 week)v(Ground Control & 24 day & On Earth & Carcass & 10 to 12 week)",1,"flight_positive"
"REACTOME_TRNA_PROCESSING",0.966275659824047,0.975100095073582,0.0328701032730105,0.188810495990622,0.734703841140828,103,"reactome","Tpr; Aaas; Thada; Ddx1; Adat1; Nup98; Osgep; Cstf2; Lcmt2; Nup50; Trmt10a; Qtrt2; Trmt9b; Zbtb8os; Pop4; Nup153; Rae1; Ndc1","liver","RR-8","GLDS-379","Stat_(Space Flight & 22 to 23 day & On ISS & Carcass & 10 to 12 week)v(Ground Control & 24 day & On Earth & Carcass & 10 to 12 week)",1,"flight_positive"
"REACTOME_TRNA_PROCESSING_IN_THE_NUCLEUS",0.916403785488959,0.938485804416404,0.0387962208304479,0.217697798763894,0.761109841535488,54,"reactome","Tpr; Aaas; Ddx1; Nup98; Cstf2; Nup50; Zbtb8os; Pop4; Nup153; Rae1; Ndc1; Pom121; Nup93","liver","RR-8","GLDS-379","Stat_(Space Flight & 22 to 23 day & On ISS & Carcass & 10 to 12 week)v(Ground Control & 24 day & On Earth & Carcass & 10 to 12 week)",1,"flight_positive"
"REACTOME_TRP_CHANNELS",0.894144144144144,0.920486067462811,0.0562940749700968,-0.230732365403682,-0.73400688600011,25,"reactome","Trpc3; Trpv2; Ripk3; Trpc6; Trpv4; Mcoln2; Trpc4; Trpm4; Mcoln3","liver","RR-8","GLDS-379","Stat_(Space Flight & 22 to 23 day & On ISS & Carcass & 10 to 12 week)v(Ground Control & 24 day & On Earth & Carcass & 10 to 12 week)",1,"flight_positive"
"REACTOME_TURBULENT_OSCILLATORY_DISTURBED_FLOW_SHEAR_STRESS_ACTIVATES_SIGNALING_BY_PIEZO1_AND_INTEGRINS_IN_ENDOTHELIAL_CELLS",0.0575916230366492,0.195331184361027,0.248911114434702,0.459787796288434,1.42616470845084,31,"reactome","Rela; Ppp2r1b; Ppp2r1a; Abl1; Gnaq; Capns1; Ppp2r2a; Capns2; Ptk2; Ptpn1; Itga5; Ikbkg; Capn2; Fn1; Itgb3; Pde4d","liver","RR-8","GLDS-379","Stat_(Space Flight & 22 to 23 day & On ISS & Carcass & 10 to 12 week)v(Ground Control & 24 day & On Earth & Carcass & 10 to 12 week)",1,"flight_positive"
"REACTOME_UBIQUITIN_DEPENDENT_DEGRADATION_OF_CYCLIN_D",0.175742574257426,0.364730687360224,0.165656695205483,-0.342152532293272,-1.19581817316703,39,"reactome","Psmb5; Psma7; Rps27a; Psmb1; Psmb4; Psmd6; Psmd13; Ubc; Psmb3; Uba52; Ccnd1","liver","RR-8","GLDS-379","Stat_(Space Flight & 22 to 23 day & On ISS & Carcass & 10 to 12 week)v(Ground Control & 24 day & On Earth & Carcass & 10 to 12 week)",1,"flight_positive"
"REACTOME_UB_SPECIFIC_PROCESSING_PROTEASES",0.0767160161507402,0.229111345531265,0.186432558434075,0.300627751437677,1.24652122907746,167,"reactome","Stam2; Mdm2; Traf6; Usp8; Tada2b; Axin1; Smad3; Usp13; Birc3; Axin2; Wdr48; Smad2; Psmd11; Usp7; Usp42; Usp3; Smurf2; Ubb; Ide; Rnf123; Psmd7; Ripk1; Sem1; Usp47; Rnf146; Usp49; Snx3; Psma4; Usp21; Becn1; Suds3; Map3k7; Usp25; Taf10; Usp10; Psmc3; Usp22; Ikbkg; Mul1; Usp12; Smad4; Psmb2; Polb; Usp15; Cftr; Hgs; Psmc1; Usp44; Trrap; Usp48; Ar; Keap1; Cdc25a; Tab1; Psmc4; Cyld","liver","RR-8","GLDS-379","Stat_(Space Flight & 22 to 23 day & On ISS & Carcass & 10 to 12 week)v(Ground Control & 24 day & On Earth & Carcass & 10 to 12 week)",1,"flight_positive"
"REACTOME_UCH_PROTEINASES",0.565868263473054,0.690159416266804,0.0946646223153342,-0.234818459240154,-0.952784561522841,84,"reactome","Psmb5; Actl6a; Psma7; Rps27a; Psmb1; Mcrs1; Psmb4; Psmd6; Psmd13; Ubc; H2ac6; Actr8; Ogt; Smad7; Psmb3; Bard1; Uba52; H2ac20; Tgfbr1","liver","RR-8","GLDS-379","Stat_(Space Flight & 22 to 23 day & On ISS & Carcass & 10 to 12 week)v(Ground Control & 24 day & On Earth & Carcass & 10 to 12 week)",1,"flight_positive"
"REACTOME_UNBLOCKING_OF_NMDA_RECEPTORS_GLUTAMATE_BINDING_AND_ACTIVATION",0.0549645390070922,0.192812113024879,0.257206466468838,0.510409845597716,1.45255473403459,21,"reactome","Actn2; Dlg3; Dlg1; Camk2a; Camk2b; Camk2g; Camk2d","liver","RR-8","GLDS-379","Stat_(Space Flight & 22 to 23 day & On ISS & Carcass & 10 to 12 week)v(Ground Control & 24 day & On Earth & Carcass & 10 to 12 week)",1,"flight_positive"
"REACTOME_UNFOLDED_PROTEIN_RESPONSE_UPR",0.221719457013575,0.412337662337662,0.110122263835536,0.300302019692307,1.14226412055669,91,"reactome","Tln1; Calr; Igfbp1; Hdgf; Sult1a1; Tspyl2; Exosc9; Edem1; Atf4; Cxxc1; Add1; Nfyb; Dis3; Nfya; Nfyc; Ssr1; Extl1; Extl2; Ern1; Dctn1; Wipi1; Arfgap1; Creb3l1; Klhdc3; Hsp90b1; Khsrp; Atf6; Preb; Gsk3a; Tatdn2; Exosc8","liver","RR-8","GLDS-379","Stat_(Space Flight & 22 to 23 day & On ISS & Carcass & 10 to 12 week)v(Ground Control & 24 day & On Earth & Carcass & 10 to 12 week)",1,"flight_positive"
"REACTOME_UPTAKE_AND_ACTIONS_OF_BACTERIAL_TOXINS",0.120898100172712,0.291686464390494,0.166933848713193,0.432993690135628,1.31636903375478,27,"reactome","Pdcd6ip; Txnrd1; Hsp90ab1; Stx1b; Map2k7; Cd9; Furin","liver","RR-8","GLDS-379","Stat_(Space Flight & 22 to 23 day & On ISS & Carcass & 10 to 12 week)v(Ground Control & 24 day & On Earth & Carcass & 10 to 12 week)",1,"flight_positive"
"REACTOME_VASOPRESSIN_REGULATES_RENAL_WATER_HOMEOSTASIS_VIA_AQUAPORINS",0.414715719063545,0.590542357687136,0.0795564677235957,0.305121292866599,1.00609803843362,39,"reactome","Myo5b; Prkar2a; Rab11fip2; Adcy2; Prkaca; Adcy1; Gng12; Gngt1; Gnas; Gng8; Prkar1a","liver","RR-8","GLDS-379","Stat_(Space Flight & 22 to 23 day & On ISS & Carcass & 10 to 12 week)v(Ground Control & 24 day & On Earth & Carcass & 10 to 12 week)",1,"flight_positive"
"REACTOME_VEGFR2_MEDIATED_CELL_PROLIFERATION",0.24070796460177,0.430598729859002,0.115240003147781,0.431577522823738,1.19023288200691,19,"reactome","Plcg1; Ahcyl1; Pdpk1; Nras; Itpr2; Kras; Prkcd; Vegfa","liver","RR-8","GLDS-379","Stat_(Space Flight & 22 to 23 day & On ISS & Carcass & 10 to 12 week)v(Ground Control & 24 day & On Earth & Carcass & 10 to 12 week)",1,"flight_positive"
"REACTOME_VEGFR2_MEDIATED_VASCULAR_PERMEABILITY",0.267702936096718,0.449999272787213,0.106729884364606,0.372525476182786,1.13253613690807,27,"reactome","Mlst8; Akt2; Pdpk1; Ctnna1; Akt3; Mapkap1; Ctnnd1; Akt1; Prr5; Cdh5","liver","RR-8","GLDS-379","Stat_(Space Flight & 22 to 23 day & On ISS & Carcass & 10 to 12 week)v(Ground Control & 24 day & On Earth & Carcass & 10 to 12 week)",1,"flight_positive"
"REACTOME_VIF_MEDIATED_DEGRADATION_OF_APOBEC3G",0.235436893203884,0.426488142607035,0.139599673451922,-0.320197704721039,-1.12992528178907,40,"reactome","Psmb5; Psma7; Rps27a; Psmb1; Psmb4; Psmd6; Psmd13; Ubc; Psmb3; Uba52","liver","RR-8","GLDS-379","Stat_(Space Flight & 22 to 23 day & On ISS & Carcass & 10 to 12 week)v(Ground Control & 24 day & On Earth & Carcass & 10 to 12 week)",1,"flight_positive"
"REACTOME_VIRAL_MESSENGER_RNA_SYNTHESIS",0.37956204379562,0.566013574081188,0.106323255932708,-0.292383588775731,-1.04317026832831,41,"reactome","Polr2h; Sec13; Polr2k; Nup107; Polr2f; Polr2g; Nup85; Polr2l; Polr2i; Nup43; Polr2d","liver","RR-8","GLDS-379","Stat_(Space Flight & 22 to 23 day & On ISS & Carcass & 10 to 12 week)v(Ground Control & 24 day & On Earth & Carcass & 10 to 12 week)",1,"flight_positive"
"REACTOME_VISUAL_PHOTOTRANSDUCTION",0.421828908554572,0.596825792513191,0.111918316325105,-0.247397218831292,-1.02384552912253,91,"reactome","Clps; Gpc6; Cngb1; Akr1b8; Gpihbp1; Myo7a; Agrn; Sag; Retsat; Gnb5; Rbp1; Akr1c18; Akr1c6; Hsd17b6; Ttr; Calm1; Awat2; Hspg2; Rdh10; Apoa1; Apoc2; Apom; Ldlr; Rdh5; Rho; Apoa4; Rdh12","liver","RR-8","GLDS-379","Stat_(Space Flight & 22 to 23 day & On ISS & Carcass & 10 to 12 week)v(Ground Control & 24 day & On Earth & Carcass & 10 to 12 week)",1,"flight_positive"
"REACTOME_VITAMIN_B5_PANTOTHENATE_METABOLISM",0.517162471395881,0.658369275221715,0.0845557442441281,-0.323052936540352,-0.952411497351566,19,"reactome","Enpp2; Slc5a6; Ppcdc; Ppcs; Slc25a16; Pank3","liver","RR-8","GLDS-379","Stat_(Space Flight & 22 to 23 day & On ISS & Carcass & 10 to 12 week)v(Ground Control & 24 day & On Earth & Carcass & 10 to 12 week)",1,"flight_positive"
"REACTOME_VLDLR_INTERNALISATION_AND_DEGRADATION",0.210290827740492,0.402026582445059,0.142056643575821,-0.436157495938713,-1.22057831372957,16,"reactome","Mylip; Rps27a; Ubc; Cltc; Uba52","liver","RR-8","GLDS-379","Stat_(Space Flight & 22 to 23 day & On ISS & Carcass & 10 to 12 week)v(Ground Control & 24 day & On Earth & Carcass & 10 to 12 week)",1,"flight_positive"
"REACTOME_VOLTAGE_GATED_POTASSIUM_CHANNELS",0.870151770657673,0.906377631165567,0.0442407423477375,0.228955704067906,0.752134529364443,38,"reactome","Kcng4; Kcna7; Kcna5; Kcnc1; Kcnab3; Kcnq4; Kcng2; Kcnq5; Kcnd3; Kcnb1; Kcna2","liver","RR-8","GLDS-379","Stat_(Space Flight & 22 to 23 day & On ISS & Carcass & 10 to 12 week)v(Ground Control & 24 day & On Earth & Carcass & 10 to 12 week)",1,"flight_positive"
"REACTOME_VXPX_CARGO_TARGETING_TO_CILIUM",0.352836879432624,0.538342296741537,0.0916795246008379,0.381390105588199,1.08538267465695,21,"reactome","Rab8a; Asap1; Rab3ip; Pkd2; Rab11fip3; Exoc2; Exoc3; Exoc8","liver","RR-8","GLDS-379","Stat_(Space Flight & 22 to 23 day & On ISS & Carcass & 10 to 12 week)v(Ground Control & 24 day & On Earth & Carcass & 10 to 12 week)",1,"flight_positive"
"REACTOME_WNT5A_DEPENDENT_INTERNALIZATION_OF_FZD4",0.939226519337017,0.951278921968289,0.044774889329693,0.236940818861911,0.613062742020005,15,"reactome","Cltb; Clta; Prkca; Dvl2; Ap2m1","liver","RR-8","GLDS-379","Stat_(Space Flight & 22 to 23 day & On ISS & Carcass & 10 to 12 week)v(Ground Control & 24 day & On Earth & Carcass & 10 to 12 week)",1,"flight_positive"
"REACTOME_WNT_LIGAND_BIOGENESIS_AND_TRAFFICKING",0.509302325581395,0.653518948182521,0.0862865626267245,-0.313507508735138,-0.965484819765226,23,"reactome","Wnt2; Wls; Wnt5b; Vps35","liver","RR-8","GLDS-379","Stat_(Space Flight & 22 to 23 day & On ISS & Carcass & 10 to 12 week)v(Ground Control & 24 day & On Earth & Carcass & 10 to 12 week)",1,"flight_positive"
"REACTOME_XENOBIOTICS",0.334096109839817,0.518233930425003,0.110564716336619,-0.366900021468071,-1.08167968558639,19,"reactome","Cyp3a25; Cyp2s1; Cyp2d22; Cyp3a11; Cyp2a5","liver","RR-8","GLDS-379","Stat_(Space Flight & 22 to 23 day & On ISS & Carcass & 10 to 12 week)v(Ground Control & 24 day & On Earth & Carcass & 10 to 12 week)",1,"flight_positive"
"REACTOME_ZBP1_DAI_MEDIATED_INDUCTION_OF_TYPE_I_IFNS",0.124777183600713,0.297912366733269,0.166933848713193,0.471270186921605,1.31941674289991,20,"reactome","Rela; Dtx4; Nkiras1; Tbk1; Ripk1; Ikbkg; Nfkbib; Irf3; Ticam1","liver","RR-8","GLDS-379","Stat_(Space Flight & 22 to 23 day & On ISS & Carcass & 10 to 12 week)v(Ground Control & 24 day & On Earth & Carcass & 10 to 12 week)",1,"flight_positive"
"REACTOME_ZINC_TRANSPORTERS",0.0461848698067772,0.176589208084736,0.321775918075361,-0.550398336996911,-1.51340260958435,15,"reactome","Slc39a2; Slc39a4; Slc39a3; Slc30a1; Slc39a10; Slc39a1; Slc30a5; Slc30a8; Slc39a7; Slc39a6; Slc30a3","liver","RR-8","GLDS-379","Stat_(Space Flight & 22 to 23 day & On ISS & Carcass & 10 to 12 week)v(Ground Control & 24 day & On Earth & Carcass & 10 to 12 week)",1,"flight_positive"
