freeze_id,task_id,source_id,glds_prefix,payload_filename,algorithm,expected_checksum,local_path,local_exists,observed_checksum,checksum_match,release_scope,payload_role,verification_status,action,checksum_manifest_url,source_checksum_audit_csv
osd120_diagnostic_payload_freeze,draft_osd120_arabidopsis_root_light_interaction_spaceflight,OSD-120,GLDS-120,contrasts_GLbulkRNAseq.csv,md5,7bb0fb995e1387b6bee0eac96ab9bbb4,,False,,,osdr_processed_payload_not_required_for_diagnostic,out_of_scope_processed_payload,out_of_scope_not_downloaded,do_not_download_for_current_diagnostic_freeze,https://osdr.nasa.gov/geode-py/ws/studies/OSD-120/download?source=datamanager&file=GLDS-120_rna_seq_processed_md5sum_GLbulkRNAseq.tsv,v9/multispecies/source_checksum_audit.draft.csv
osd120_diagnostic_payload_freeze,draft_osd120_arabidopsis_root_light_interaction_spaceflight,OSD-120,GLDS-120,differential_expression_GLbulkRNAseq.csv,md5,a4013559fa03e6a958a956bb4344f5b8,,False,,,osdr_processed_payload_not_required_for_diagnostic,out_of_scope_processed_payload,out_of_scope_not_downloaded,do_not_download_for_current_diagnostic_freeze,https://osdr.nasa.gov/geode-py/ws/studies/OSD-120/download?source=datamanager&file=GLDS-120_rna_seq_processed_md5sum_GLbulkRNAseq.tsv,v9/multispecies/source_checksum_audit.draft.csv
osd120_diagnostic_payload_freeze,draft_osd120_arabidopsis_root_light_interaction_spaceflight,OSD-120,GLDS-120,SampleTable_GLbulkRNAseq.csv,md5,7e4a87241e4272909c8d9a47b3d45e1f,data/multispecies/arabidopsis/GLDS-120_rna_seq_SampleTable_GLbulkRNAseq.csv,True,7e4a87241e4272909c8d9a47b3d45e1f,True,diagnostic_required_payload,sample_table,required_payload_md5_matched,keep_in_diagnostic_payload_freeze,https://osdr.nasa.gov/geode-py/ws/studies/OSD-120/download?source=datamanager&file=GLDS-120_rna_seq_processed_md5sum_GLbulkRNAseq.tsv,v9/multispecies/source_checksum_audit.draft.csv
osd120_diagnostic_payload_freeze,draft_osd120_arabidopsis_root_light_interaction_spaceflight,OSD-120,GLDS-120,differential_expression_rRNArm_GLbulkRNAseq.csv,md5,bc2a5ce2899d16a88ec8a9ba2a73a4ba,,False,,,osdr_processed_payload_not_required_for_diagnostic,out_of_scope_processed_payload,out_of_scope_not_downloaded,do_not_download_for_current_diagnostic_freeze,https://osdr.nasa.gov/geode-py/ws/studies/OSD-120/download?source=datamanager&file=GLDS-120_rna_seq_processed_md5sum_GLbulkRNAseq.tsv,v9/multispecies/source_checksum_audit.draft.csv
osd120_diagnostic_payload_freeze,draft_osd120_arabidopsis_root_light_interaction_spaceflight,OSD-120,GLDS-120,OSD-120_bulkRNASeq_v2_runsheet.csv,md5,dc094a5f801a8abde6c979c90047eccf,,False,,,osdr_processed_payload_not_required_for_diagnostic,out_of_scope_processed_payload,out_of_scope_not_downloaded,do_not_download_for_current_diagnostic_freeze,https://osdr.nasa.gov/geode-py/ws/studies/OSD-120/download?source=datamanager&file=GLDS-120_rna_seq_processed_md5sum_GLbulkRNAseq.tsv,v9/multispecies/source_checksum_audit.draft.csv
osd120_diagnostic_payload_freeze,draft_osd120_arabidopsis_root_light_interaction_spaceflight,OSD-120,GLDS-120,Atha_Ws_root_FLT_dark_Rep3_GSM2493791_Day13_R1_GLbulkRNAseq_trimming_report.txt,md5,ebcaa3f1ec0e17760dd83098f8f2ebf2,,False,,,osdr_processed_payload_not_required_for_diagnostic,out_of_scope_processed_payload,out_of_scope_not_downloaded,do_not_download_for_current_diagnostic_freeze,https://osdr.nasa.gov/geode-py/ws/studies/OSD-120/download?source=datamanager&file=GLDS-120_rna_seq_processed_md5sum_GLbulkRNAseq.tsv,v9/multispecies/source_checksum_audit.draft.csv
osd120_diagnostic_payload_freeze,draft_osd120_arabidopsis_root_light_interaction_spaceflight,OSD-120,GLDS-120,Atha_Col-0-PhyD_root_FLT_dark_Rep2_GSM2493793_Day13_R2_GLbulkRNAseq_trimming_report.txt,md5,25986b3ca8ac189c7663eee3c17cf919,,False,,,osdr_processed_payload_not_required_for_diagnostic,out_of_scope_processed_payload,out_of_scope_not_downloaded,do_not_download_for_current_diagnostic_freeze,https://osdr.nasa.gov/geode-py/ws/studies/OSD-120/download?source=datamanager&file=GLDS-120_rna_seq_processed_md5sum_GLbulkRNAseq.tsv,v9/multispecies/source_checksum_audit.draft.csv
osd120_diagnostic_payload_freeze,draft_osd120_arabidopsis_root_light_interaction_spaceflight,OSD-120,GLDS-120,Atha_Ws_root_FLT_dark_Rep1_GSM2493789_Day13_R2_GLbulkRNAseq_trimming_report.txt,md5,5a80f5c31367d8ea37751d1fdfb35790,,False,,,osdr_processed_payload_not_required_for_diagnostic,out_of_scope_processed_payload,out_of_scope_not_downloaded,do_not_download_for_current_diagnostic_freeze,https://osdr.nasa.gov/geode-py/ws/studies/OSD-120/download?source=datamanager&file=GLDS-120_rna_seq_processed_md5sum_GLbulkRNAseq.tsv,v9/multispecies/source_checksum_audit.draft.csv
osd120_diagnostic_payload_freeze,draft_osd120_arabidopsis_root_light_interaction_spaceflight,OSD-120,GLDS-120,Atha_Col-0_root_FLT_dark_Rep3_GSM2493788_Day13_R2_GLbulkRNAseq_trimming_report.txt,md5,e8ba081ca1b3e01584829d7f2c297371,,False,,,osdr_processed_payload_not_required_for_diagnostic,out_of_scope_processed_payload,out_of_scope_not_downloaded,do_not_download_for_current_diagnostic_freeze,https://osdr.nasa.gov/geode-py/ws/studies/OSD-120/download?source=datamanager&file=GLDS-120_rna_seq_processed_md5sum_GLbulkRNAseq.tsv,v9/multispecies/source_checksum_audit.draft.csv
osd120_diagnostic_payload_freeze,draft_osd120_arabidopsis_root_light_interaction_spaceflight,OSD-120,GLDS-120,Atha_Ws_root_FLT_dark_Rep2_GSM2493790_Day13_R1_GLbulkRNAseq_trimming_report.txt,md5,b3d6b243afdf20ad12a6a973b178f141,,False,,,osdr_processed_payload_not_required_for_diagnostic,out_of_scope_processed_payload,out_of_scope_not_downloaded,do_not_download_for_current_diagnostic_freeze,https://osdr.nasa.gov/geode-py/ws/studies/OSD-120/download?source=datamanager&file=GLDS-120_rna_seq_processed_md5sum_GLbulkRNAseq.tsv,v9/multispecies/source_checksum_audit.draft.csv
osd120_diagnostic_payload_freeze,draft_osd120_arabidopsis_root_light_interaction_spaceflight,OSD-120,GLDS-120,Atha_Ws_root_GC_Alight_Rep3_GSM2493764_Day13_R2_GLbulkRNAseq_trimming_report.txt,md5,2a3e98d50e60245f572845240cc4802f,,False,,,osdr_processed_payload_not_required_for_diagnostic,out_of_scope_processed_payload,out_of_scope_not_downloaded,do_not_download_for_current_diagnostic_freeze,https://osdr.nasa.gov/geode-py/ws/studies/OSD-120/download?source=datamanager&file=GLDS-120_rna_seq_processed_md5sum_GLbulkRNAseq.tsv,v9/multispecies/source_checksum_audit.draft.csv
osd120_diagnostic_payload_freeze,draft_osd120_arabidopsis_root_light_interaction_spaceflight,OSD-120,GLDS-120,Atha_Col-0-PhyD_root_FLT_dark_Rep1_GSM2493792_Day13_R1_GLbulkRNAseq_trimming_report.txt,md5,f8b8a20ec526ae31c60eefa1517e7c51,,False,,,osdr_processed_payload_not_required_for_diagnostic,out_of_scope_processed_payload,out_of_scope_not_downloaded,do_not_download_for_current_diagnostic_freeze,https://osdr.nasa.gov/geode-py/ws/studies/OSD-120/download?source=datamanager&file=GLDS-120_rna_seq_processed_md5sum_GLbulkRNAseq.tsv,v9/multispecies/source_checksum_audit.draft.csv
osd120_diagnostic_payload_freeze,draft_osd120_arabidopsis_root_light_interaction_spaceflight,OSD-120,GLDS-120,Atha_Col-0_root_GC_dark_Rep3_GSM2493770_Day13_R1_GLbulkRNAseq_trimming_report.txt,md5,404ad001cc791438ca3a43b655267727,,False,,,osdr_processed_payload_not_required_for_diagnostic,out_of_scope_processed_payload,out_of_scope_not_downloaded,do_not_download_for_current_diagnostic_freeze,https://osdr.nasa.gov/geode-py/ws/studies/OSD-120/download?source=datamanager&file=GLDS-120_rna_seq_processed_md5sum_GLbulkRNAseq.tsv,v9/multispecies/source_checksum_audit.draft.csv
osd120_diagnostic_payload_freeze,draft_osd120_arabidopsis_root_light_interaction_spaceflight,OSD-120,GLDS-120,Atha_Col-0_root_GC_dark_Rep1_GSM2493768_Day13_R2_GLbulkRNAseq_trimming_report.txt,md5,54828c3b8d3890bf6f78d1406bde0ba5,,False,,,osdr_processed_payload_not_required_for_diagnostic,out_of_scope_processed_payload,out_of_scope_not_downloaded,do_not_download_for_current_diagnostic_freeze,https://osdr.nasa.gov/geode-py/ws/studies/OSD-120/download?source=datamanager&file=GLDS-120_rna_seq_processed_md5sum_GLbulkRNAseq.tsv,v9/multispecies/source_checksum_audit.draft.csv
osd120_diagnostic_payload_freeze,draft_osd120_arabidopsis_root_light_interaction_spaceflight,OSD-120,GLDS-120,Atha_Col-0_root_GC_dark_Rep2_GSM2493769_Day13_R1_GLbulkRNAseq_trimming_report.txt,md5,a8dd0c65431acbeb40f819c2b1cfe4aa,,False,,,osdr_processed_payload_not_required_for_diagnostic,out_of_scope_processed_payload,out_of_scope_not_downloaded,do_not_download_for_current_diagnostic_freeze,https://osdr.nasa.gov/geode-py/ws/studies/OSD-120/download?source=datamanager&file=GLDS-120_rna_seq_processed_md5sum_GLbulkRNAseq.tsv,v9/multispecies/source_checksum_audit.draft.csv
osd120_diagnostic_payload_freeze,draft_osd120_arabidopsis_root_light_interaction_spaceflight,OSD-120,GLDS-120,Atha_Ws_root_GC_dark_Rep2_GSM2493772_Day13_R1_GLbulkRNAseq_trimming_report.txt,md5,c9e89f03554de6be9b36640f53ef8c1d,,False,,,osdr_processed_payload_not_required_for_diagnostic,out_of_scope_processed_payload,out_of_scope_not_downloaded,do_not_download_for_current_diagnostic_freeze,https://osdr.nasa.gov/geode-py/ws/studies/OSD-120/download?source=datamanager&file=GLDS-120_rna_seq_processed_md5sum_GLbulkRNAseq.tsv,v9/multispecies/source_checksum_audit.draft.csv
osd120_diagnostic_payload_freeze,draft_osd120_arabidopsis_root_light_interaction_spaceflight,OSD-120,GLDS-120,Atha_Col-0_root_FLT_Alight_Rep1_GSM2493777_Day13_R2_GLbulkRNAseq_trimming_report.txt,md5,cd66fe020b00f97f6287168efe11b4ab,,False,,,osdr_processed_payload_not_required_for_diagnostic,out_of_scope_processed_payload,out_of_scope_not_downloaded,do_not_download_for_current_diagnostic_freeze,https://osdr.nasa.gov/geode-py/ws/studies/OSD-120/download?source=datamanager&file=GLDS-120_rna_seq_processed_md5sum_GLbulkRNAseq.tsv,v9/multispecies/source_checksum_audit.draft.csv
osd120_diagnostic_payload_freeze,draft_osd120_arabidopsis_root_light_interaction_spaceflight,OSD-120,GLDS-120,Atha_Ws_root_GC_dark_Rep3_GSM2493773_Day13_R1_GLbulkRNAseq_trimming_report.txt,md5,c9226198e57bb5b0af795b868a69fc35,,False,,,osdr_processed_payload_not_required_for_diagnostic,out_of_scope_processed_payload,out_of_scope_not_downloaded,do_not_download_for_current_diagnostic_freeze,https://osdr.nasa.gov/geode-py/ws/studies/OSD-120/download?source=datamanager&file=GLDS-120_rna_seq_processed_md5sum_GLbulkRNAseq.tsv,v9/multispecies/source_checksum_audit.draft.csv
osd120_diagnostic_payload_freeze,draft_osd120_arabidopsis_root_light_interaction_spaceflight,OSD-120,GLDS-120,Atha_Col-0-PhyD_root_FLT_Alight_Rep1_GSM2493783_Day13_R1_GLbulkRNAseq_trimming_report.txt,md5,8d63bba3e2929658d28702d7c6ce46e8,,False,,,osdr_processed_payload_not_required_for_diagnostic,out_of_scope_processed_payload,out_of_scope_not_downloaded,do_not_download_for_current_diagnostic_freeze,https://osdr.nasa.gov/geode-py/ws/studies/OSD-120/download?source=datamanager&file=GLDS-120_rna_seq_processed_md5sum_GLbulkRNAseq.tsv,v9/multispecies/source_checksum_audit.draft.csv
osd120_diagnostic_payload_freeze,draft_osd120_arabidopsis_root_light_interaction_spaceflight,OSD-120,GLDS-120,Atha_Ws_root_GC_dark_Rep1_GSM2493771_Day13_R1_GLbulkRNAseq_trimming_report.txt,md5,00797a3dd5509dd81fcea49fdb18fc5d,,False,,,osdr_processed_payload_not_required_for_diagnostic,out_of_scope_processed_payload,out_of_scope_not_downloaded,do_not_download_for_current_diagnostic_freeze,https://osdr.nasa.gov/geode-py/ws/studies/OSD-120/download?source=datamanager&file=GLDS-120_rna_seq_processed_md5sum_GLbulkRNAseq.tsv,v9/multispecies/source_checksum_audit.draft.csv
osd120_diagnostic_payload_freeze,draft_osd120_arabidopsis_root_light_interaction_spaceflight,OSD-120,GLDS-120,Atha_Col-0-PhyD_root_GC_dark_Rep3_GSM2493776_Day13_R1_GLbulkRNAseq_trimming_report.txt,md5,25431d79f7fcd2c94de0799f71953d71,,False,,,osdr_processed_payload_not_required_for_diagnostic,out_of_scope_processed_payload,out_of_scope_not_downloaded,do_not_download_for_current_diagnostic_freeze,https://osdr.nasa.gov/geode-py/ws/studies/OSD-120/download?source=datamanager&file=GLDS-120_rna_seq_processed_md5sum_GLbulkRNAseq.tsv,v9/multispecies/source_checksum_audit.draft.csv
osd120_diagnostic_payload_freeze,draft_osd120_arabidopsis_root_light_interaction_spaceflight,OSD-120,GLDS-120,Atha_Ws_root_FLT_Alight_Rep3_GSM2493782_Day13_R1_GLbulkRNAseq_trimming_report.txt,md5,1ccd11be7925fe4abf3546f4553f4882,,False,,,osdr_processed_payload_not_required_for_diagnostic,out_of_scope_processed_payload,out_of_scope_not_downloaded,do_not_download_for_current_diagnostic_freeze,https://osdr.nasa.gov/geode-py/ws/studies/OSD-120/download?source=datamanager&file=GLDS-120_rna_seq_processed_md5sum_GLbulkRNAseq.tsv,v9/multispecies/source_checksum_audit.draft.csv
osd120_diagnostic_payload_freeze,draft_osd120_arabidopsis_root_light_interaction_spaceflight,OSD-120,GLDS-120,Atha_Col-0-PhyD_root_GC_Alight_Rep1_GSM2493765_Day13_R1_GLbulkRNAseq_trimming_report.txt,md5,f22f87fa64c0ef0a7b208a5494d018d4,,False,,,osdr_processed_payload_not_required_for_diagnostic,out_of_scope_processed_payload,out_of_scope_not_downloaded,do_not_download_for_current_diagnostic_freeze,https://osdr.nasa.gov/geode-py/ws/studies/OSD-120/download?source=datamanager&file=GLDS-120_rna_seq_processed_md5sum_GLbulkRNAseq.tsv,v9/multispecies/source_checksum_audit.draft.csv
osd120_diagnostic_payload_freeze,draft_osd120_arabidopsis_root_light_interaction_spaceflight,OSD-120,GLDS-120,Atha_Col-0-PhyD_root_GC_Alight_Rep3_GSM2493767_Day13_R1_GLbulkRNAseq_trimming_report.txt,md5,00af4b601f373bf9d81275ffdc7291cb,,False,,,osdr_processed_payload_not_required_for_diagnostic,out_of_scope_processed_payload,out_of_scope_not_downloaded,do_not_download_for_current_diagnostic_freeze,https://osdr.nasa.gov/geode-py/ws/studies/OSD-120/download?source=datamanager&file=GLDS-120_rna_seq_processed_md5sum_GLbulkRNAseq.tsv,v9/multispecies/source_checksum_audit.draft.csv
osd120_diagnostic_payload_freeze,draft_osd120_arabidopsis_root_light_interaction_spaceflight,OSD-120,GLDS-120,Atha_Col-0_root_GC_Alight_Rep1_GSM2493759_Day13_R2_GLbulkRNAseq_trimming_report.txt,md5,7b9408c7edaf3e4a02456f978fb1dec9,,False,,,osdr_processed_payload_not_required_for_diagnostic,out_of_scope_processed_payload,out_of_scope_not_downloaded,do_not_download_for_current_diagnostic_freeze,https://osdr.nasa.gov/geode-py/ws/studies/OSD-120/download?source=datamanager&file=GLDS-120_rna_seq_processed_md5sum_GLbulkRNAseq.tsv,v9/multispecies/source_checksum_audit.draft.csv
osd120_diagnostic_payload_freeze,draft_osd120_arabidopsis_root_light_interaction_spaceflight,OSD-120,GLDS-120,Atha_Col-0-PhyD_root_FLT_Alight_Rep2_GSM2493784_Day13_R2_GLbulkRNAseq_trimming_report.txt,md5,8a458143504688313d0b2920302b7b58,,False,,,osdr_processed_payload_not_required_for_diagnostic,out_of_scope_processed_payload,out_of_scope_not_downloaded,do_not_download_for_current_diagnostic_freeze,https://osdr.nasa.gov/geode-py/ws/studies/OSD-120/download?source=datamanager&file=GLDS-120_rna_seq_processed_md5sum_GLbulkRNAseq.tsv,v9/multispecies/source_checksum_audit.draft.csv
osd120_diagnostic_payload_freeze,draft_osd120_arabidopsis_root_light_interaction_spaceflight,OSD-120,GLDS-120,Atha_Col-0_root_FLT_Alight_Rep3_GSM2493779_Day13_R1_GLbulkRNAseq_trimming_report.txt,md5,42c8c32cff4b5e956a2bf88b07673c94,,False,,,osdr_processed_payload_not_required_for_diagnostic,out_of_scope_processed_payload,out_of_scope_not_downloaded,do_not_download_for_current_diagnostic_freeze,https://osdr.nasa.gov/geode-py/ws/studies/OSD-120/download?source=datamanager&file=GLDS-120_rna_seq_processed_md5sum_GLbulkRNAseq.tsv,v9/multispecies/source_checksum_audit.draft.csv
osd120_diagnostic_payload_freeze,draft_osd120_arabidopsis_root_light_interaction_spaceflight,OSD-120,GLDS-120,Atha_Ws_root_FLT_Alight_Rep1_GSM2493780_Day13_R1_GLbulkRNAseq_trimming_report.txt,md5,8ef5f01027ac897546c71475eee55664,,False,,,osdr_processed_payload_not_required_for_diagnostic,out_of_scope_processed_payload,out_of_scope_not_downloaded,do_not_download_for_current_diagnostic_freeze,https://osdr.nasa.gov/geode-py/ws/studies/OSD-120/download?source=datamanager&file=GLDS-120_rna_seq_processed_md5sum_GLbulkRNAseq.tsv,v9/multispecies/source_checksum_audit.draft.csv
osd120_diagnostic_payload_freeze,draft_osd120_arabidopsis_root_light_interaction_spaceflight,OSD-120,GLDS-120,Atha_Col-0-PhyD_root_GC_dark_Rep1_GSM2493774_Day13_R1_GLbulkRNAseq_trimming_report.txt,md5,4eec2501765990d80d1c915362d787fd,,False,,,osdr_processed_payload_not_required_for_diagnostic,out_of_scope_processed_payload,out_of_scope_not_downloaded,do_not_download_for_current_diagnostic_freeze,https://osdr.nasa.gov/geode-py/ws/studies/OSD-120/download?source=datamanager&file=GLDS-120_rna_seq_processed_md5sum_GLbulkRNAseq.tsv,v9/multispecies/source_checksum_audit.draft.csv
osd120_diagnostic_payload_freeze,draft_osd120_arabidopsis_root_light_interaction_spaceflight,OSD-120,GLDS-120,Atha_Col-0-PhyD_root_GC_dark_Rep2_GSM2493775_Day13_R2_GLbulkRNAseq_trimming_report.txt,md5,0b7ea16748062ae6532d8f28ae04673e,,False,,,osdr_processed_payload_not_required_for_diagnostic,out_of_scope_processed_payload,out_of_scope_not_downloaded,do_not_download_for_current_diagnostic_freeze,https://osdr.nasa.gov/geode-py/ws/studies/OSD-120/download?source=datamanager&file=GLDS-120_rna_seq_processed_md5sum_GLbulkRNAseq.tsv,v9/multispecies/source_checksum_audit.draft.csv
osd120_diagnostic_payload_freeze,draft_osd120_arabidopsis_root_light_interaction_spaceflight,OSD-120,GLDS-120,Atha_Ws_root_FLT_Alight_Rep2_GSM2493781_Day13_R2_GLbulkRNAseq_trimming_report.txt,md5,8e077d83a49435071f036e65e04636a8,,False,,,osdr_processed_payload_not_required_for_diagnostic,out_of_scope_processed_payload,out_of_scope_not_downloaded,do_not_download_for_current_diagnostic_freeze,https://osdr.nasa.gov/geode-py/ws/studies/OSD-120/download?source=datamanager&file=GLDS-120_rna_seq_processed_md5sum_GLbulkRNAseq.tsv,v9/multispecies/source_checksum_audit.draft.csv
osd120_diagnostic_payload_freeze,draft_osd120_arabidopsis_root_light_interaction_spaceflight,OSD-120,GLDS-120,Atha_Col-0-PhyD_root_GC_Alight_Rep2_GSM2493766_Day13_R1_GLbulkRNAseq_trimming_report.txt,md5,8b79ee0262684692ce7b15ac8a12e2e7,,False,,,osdr_processed_payload_not_required_for_diagnostic,out_of_scope_processed_payload,out_of_scope_not_downloaded,do_not_download_for_current_diagnostic_freeze,https://osdr.nasa.gov/geode-py/ws/studies/OSD-120/download?source=datamanager&file=GLDS-120_rna_seq_processed_md5sum_GLbulkRNAseq.tsv,v9/multispecies/source_checksum_audit.draft.csv
osd120_diagnostic_payload_freeze,draft_osd120_arabidopsis_root_light_interaction_spaceflight,OSD-120,GLDS-120,Atha_Col-0_root_FLT_Alight_Rep2_GSM2493778_Day13_R1_GLbulkRNAseq_trimming_report.txt,md5,d14c9cd42140ecb5fa94f7bd4dfda671,,False,,,osdr_processed_payload_not_required_for_diagnostic,out_of_scope_processed_payload,out_of_scope_not_downloaded,do_not_download_for_current_diagnostic_freeze,https://osdr.nasa.gov/geode-py/ws/studies/OSD-120/download?source=datamanager&file=GLDS-120_rna_seq_processed_md5sum_GLbulkRNAseq.tsv,v9/multispecies/source_checksum_audit.draft.csv
osd120_diagnostic_payload_freeze,draft_osd120_arabidopsis_root_light_interaction_spaceflight,OSD-120,GLDS-120,Atha_Col-0-PhyD_root_FLT_Alight_Rep3_GSM2493785_Day13_R2_GLbulkRNAseq_trimming_report.txt,md5,86df564cb41a5d7bd0064aeb693d8253,,False,,,osdr_processed_payload_not_required_for_diagnostic,out_of_scope_processed_payload,out_of_scope_not_downloaded,do_not_download_for_current_diagnostic_freeze,https://osdr.nasa.gov/geode-py/ws/studies/OSD-120/download?source=datamanager&file=GLDS-120_rna_seq_processed_md5sum_GLbulkRNAseq.tsv,v9/multispecies/source_checksum_audit.draft.csv
osd120_diagnostic_payload_freeze,draft_osd120_arabidopsis_root_light_interaction_spaceflight,OSD-120,GLDS-120,Atha_Col-0-PhyD_root_FLT_dark_Rep3_GSM2493794_Day13_R2_GLbulkRNAseq_trimming_report.txt,md5,55c3c27a4fd7fd5e2d9a433dca100036,,False,,,osdr_processed_payload_not_required_for_diagnostic,out_of_scope_processed_payload,out_of_scope_not_downloaded,do_not_download_for_current_diagnostic_freeze,https://osdr.nasa.gov/geode-py/ws/studies/OSD-120/download?source=datamanager&file=GLDS-120_rna_seq_processed_md5sum_GLbulkRNAseq.tsv,v9/multispecies/source_checksum_audit.draft.csv
osd120_diagnostic_payload_freeze,draft_osd120_arabidopsis_root_light_interaction_spaceflight,OSD-120,GLDS-120,Atha_Ws_root_GC_Alight_Rep1_GSM2493762_Day13_R1_GLbulkRNAseq_trimming_report.txt,md5,3317494a2d9ef486ca78323ce5aeca91,,False,,,osdr_processed_payload_not_required_for_diagnostic,out_of_scope_processed_payload,out_of_scope_not_downloaded,do_not_download_for_current_diagnostic_freeze,https://osdr.nasa.gov/geode-py/ws/studies/OSD-120/download?source=datamanager&file=GLDS-120_rna_seq_processed_md5sum_GLbulkRNAseq.tsv,v9/multispecies/source_checksum_audit.draft.csv
osd120_diagnostic_payload_freeze,draft_osd120_arabidopsis_root_light_interaction_spaceflight,OSD-120,GLDS-120,Atha_Ws_root_GC_Alight_Rep2_GSM2493763_Day13_R2_GLbulkRNAseq_trimming_report.txt,md5,686fed2357003dcf8b7f72a73f2bf025,,False,,,osdr_processed_payload_not_required_for_diagnostic,out_of_scope_processed_payload,out_of_scope_not_downloaded,do_not_download_for_current_diagnostic_freeze,https://osdr.nasa.gov/geode-py/ws/studies/OSD-120/download?source=datamanager&file=GLDS-120_rna_seq_processed_md5sum_GLbulkRNAseq.tsv,v9/multispecies/source_checksum_audit.draft.csv
osd120_diagnostic_payload_freeze,draft_osd120_arabidopsis_root_light_interaction_spaceflight,OSD-120,GLDS-120,Atha_Col-0_root_GC_Alight_Rep3_GSM2493761_Day13_R1_GLbulkRNAseq_trimming_report.txt,md5,d66dc6e931c3ee53678a14740ad38239,,False,,,osdr_processed_payload_not_required_for_diagnostic,out_of_scope_processed_payload,out_of_scope_not_downloaded,do_not_download_for_current_diagnostic_freeze,https://osdr.nasa.gov/geode-py/ws/studies/OSD-120/download?source=datamanager&file=GLDS-120_rna_seq_processed_md5sum_GLbulkRNAseq.tsv,v9/multispecies/source_checksum_audit.draft.csv
osd120_diagnostic_payload_freeze,draft_osd120_arabidopsis_root_light_interaction_spaceflight,OSD-120,GLDS-120,Atha_Col-0_root_FLT_dark_Rep1_GSM2493786_Day13_R1_GLbulkRNAseq_trimming_report.txt,md5,931d649698866443c5db2668bb9ff407,,False,,,osdr_processed_payload_not_required_for_diagnostic,out_of_scope_processed_payload,out_of_scope_not_downloaded,do_not_download_for_current_diagnostic_freeze,https://osdr.nasa.gov/geode-py/ws/studies/OSD-120/download?source=datamanager&file=GLDS-120_rna_seq_processed_md5sum_GLbulkRNAseq.tsv,v9/multispecies/source_checksum_audit.draft.csv
osd120_diagnostic_payload_freeze,draft_osd120_arabidopsis_root_light_interaction_spaceflight,OSD-120,GLDS-120,Atha_Col-0_root_FLT_dark_Rep2_GSM2493787_Day13_R2_GLbulkRNAseq_trimming_report.txt,md5,bd901370d6cdcc0ffa666022114f13a8,,False,,,osdr_processed_payload_not_required_for_diagnostic,out_of_scope_processed_payload,out_of_scope_not_downloaded,do_not_download_for_current_diagnostic_freeze,https://osdr.nasa.gov/geode-py/ws/studies/OSD-120/download?source=datamanager&file=GLDS-120_rna_seq_processed_md5sum_GLbulkRNAseq.tsv,v9/multispecies/source_checksum_audit.draft.csv
osd120_diagnostic_payload_freeze,draft_osd120_arabidopsis_root_light_interaction_spaceflight,OSD-120,GLDS-120,Atha_Col-0_root_GC_Alight_Rep2_GSM2493760_Day13_R1_GLbulkRNAseq_trimming_report.txt,md5,f094880b8ae17cadb23e201c7ef28c05,,False,,,osdr_processed_payload_not_required_for_diagnostic,out_of_scope_processed_payload,out_of_scope_not_downloaded,do_not_download_for_current_diagnostic_freeze,https://osdr.nasa.gov/geode-py/ws/studies/OSD-120/download?source=datamanager&file=GLDS-120_rna_seq_processed_md5sum_GLbulkRNAseq.tsv,v9/multispecies/source_checksum_audit.draft.csv
osd120_diagnostic_payload_freeze,draft_osd120_arabidopsis_root_light_interaction_spaceflight,OSD-120,GLDS-120,Atha_Ws_root_GC_dark_Rep1_GSM2493771_Day13_R2_GLbulkRNAseq_trimming_report.txt,md5,9fa895a70542f2fae5c74a26d232ada6,,False,,,osdr_processed_payload_not_required_for_diagnostic,out_of_scope_processed_payload,out_of_scope_not_downloaded,do_not_download_for_current_diagnostic_freeze,https://osdr.nasa.gov/geode-py/ws/studies/OSD-120/download?source=datamanager&file=GLDS-120_rna_seq_processed_md5sum_GLbulkRNAseq.tsv,v9/multispecies/source_checksum_audit.draft.csv
osd120_diagnostic_payload_freeze,draft_osd120_arabidopsis_root_light_interaction_spaceflight,OSD-120,GLDS-120,Atha_Col-0-PhyD_root_FLT_Alight_Rep1_GSM2493783_Day13_R2_GLbulkRNAseq_trimming_report.txt,md5,2a7b996c8b65cd36040985c51eb00eba,,False,,,osdr_processed_payload_not_required_for_diagnostic,out_of_scope_processed_payload,out_of_scope_not_downloaded,do_not_download_for_current_diagnostic_freeze,https://osdr.nasa.gov/geode-py/ws/studies/OSD-120/download?source=datamanager&file=GLDS-120_rna_seq_processed_md5sum_GLbulkRNAseq.tsv,v9/multispecies/source_checksum_audit.draft.csv
osd120_diagnostic_payload_freeze,draft_osd120_arabidopsis_root_light_interaction_spaceflight,OSD-120,GLDS-120,Atha_Col-0_root_FLT_Alight_Rep1_GSM2493777_Day13_R1_GLbulkRNAseq_trimming_report.txt,md5,7d90c5fac8b930ef83df5ca68dc65324,,False,,,osdr_processed_payload_not_required_for_diagnostic,out_of_scope_processed_payload,out_of_scope_not_downloaded,do_not_download_for_current_diagnostic_freeze,https://osdr.nasa.gov/geode-py/ws/studies/OSD-120/download?source=datamanager&file=GLDS-120_rna_seq_processed_md5sum_GLbulkRNAseq.tsv,v9/multispecies/source_checksum_audit.draft.csv
osd120_diagnostic_payload_freeze,draft_osd120_arabidopsis_root_light_interaction_spaceflight,OSD-120,GLDS-120,Atha_Ws_root_GC_dark_Rep3_GSM2493773_Day13_R2_GLbulkRNAseq_trimming_report.txt,md5,b236b64fbc40a1aa343b6aca33b900ec,,False,,,osdr_processed_payload_not_required_for_diagnostic,out_of_scope_processed_payload,out_of_scope_not_downloaded,do_not_download_for_current_diagnostic_freeze,https://osdr.nasa.gov/geode-py/ws/studies/OSD-120/download?source=datamanager&file=GLDS-120_rna_seq_processed_md5sum_GLbulkRNAseq.tsv,v9/multispecies/source_checksum_audit.draft.csv
osd120_diagnostic_payload_freeze,draft_osd120_arabidopsis_root_light_interaction_spaceflight,OSD-120,GLDS-120,Atha_Ws_root_GC_dark_Rep2_GSM2493772_Day13_R2_GLbulkRNAseq_trimming_report.txt,md5,7c31e72bafd9bbe6724e9f5d6f030bb4,,False,,,osdr_processed_payload_not_required_for_diagnostic,out_of_scope_processed_payload,out_of_scope_not_downloaded,do_not_download_for_current_diagnostic_freeze,https://osdr.nasa.gov/geode-py/ws/studies/OSD-120/download?source=datamanager&file=GLDS-120_rna_seq_processed_md5sum_GLbulkRNAseq.tsv,v9/multispecies/source_checksum_audit.draft.csv
osd120_diagnostic_payload_freeze,draft_osd120_arabidopsis_root_light_interaction_spaceflight,OSD-120,GLDS-120,Atha_Col-0_root_GC_dark_Rep2_GSM2493769_Day13_R2_GLbulkRNAseq_trimming_report.txt,md5,2632aaaabada26d1e947f92a70048e71,,False,,,osdr_processed_payload_not_required_for_diagnostic,out_of_scope_processed_payload,out_of_scope_not_downloaded,do_not_download_for_current_diagnostic_freeze,https://osdr.nasa.gov/geode-py/ws/studies/OSD-120/download?source=datamanager&file=GLDS-120_rna_seq_processed_md5sum_GLbulkRNAseq.tsv,v9/multispecies/source_checksum_audit.draft.csv
osd120_diagnostic_payload_freeze,draft_osd120_arabidopsis_root_light_interaction_spaceflight,OSD-120,GLDS-120,Atha_Col-0_root_GC_dark_Rep3_GSM2493770_Day13_R2_GLbulkRNAseq_trimming_report.txt,md5,dbd18f0e5846575adc4ae95aa976c0d8,,False,,,osdr_processed_payload_not_required_for_diagnostic,out_of_scope_processed_payload,out_of_scope_not_downloaded,do_not_download_for_current_diagnostic_freeze,https://osdr.nasa.gov/geode-py/ws/studies/OSD-120/download?source=datamanager&file=GLDS-120_rna_seq_processed_md5sum_GLbulkRNAseq.tsv,v9/multispecies/source_checksum_audit.draft.csv
osd120_diagnostic_payload_freeze,draft_osd120_arabidopsis_root_light_interaction_spaceflight,OSD-120,GLDS-120,Atha_Col-0_root_GC_dark_Rep1_GSM2493768_Day13_R1_GLbulkRNAseq_trimming_report.txt,md5,bd907bbb17ab1e60c8db4bb95d7a305e,,False,,,osdr_processed_payload_not_required_for_diagnostic,out_of_scope_processed_payload,out_of_scope_not_downloaded,do_not_download_for_current_diagnostic_freeze,https://osdr.nasa.gov/geode-py/ws/studies/OSD-120/download?source=datamanager&file=GLDS-120_rna_seq_processed_md5sum_GLbulkRNAseq.tsv,v9/multispecies/source_checksum_audit.draft.csv
osd120_diagnostic_payload_freeze,draft_osd120_arabidopsis_root_light_interaction_spaceflight,OSD-120,GLDS-120,Atha_Col-0_root_FLT_dark_Rep3_GSM2493788_Day13_R1_GLbulkRNAseq_trimming_report.txt,md5,caf403904eb268cccdbc29945bcb73e7,,False,,,osdr_processed_payload_not_required_for_diagnostic,out_of_scope_processed_payload,out_of_scope_not_downloaded,do_not_download_for_current_diagnostic_freeze,https://osdr.nasa.gov/geode-py/ws/studies/OSD-120/download?source=datamanager&file=GLDS-120_rna_seq_processed_md5sum_GLbulkRNAseq.tsv,v9/multispecies/source_checksum_audit.draft.csv
osd120_diagnostic_payload_freeze,draft_osd120_arabidopsis_root_light_interaction_spaceflight,OSD-120,GLDS-120,Atha_Ws_root_FLT_dark_Rep2_GSM2493790_Day13_R2_GLbulkRNAseq_trimming_report.txt,md5,b45c14f5d437427e566c7dad0f7963fb,,False,,,osdr_processed_payload_not_required_for_diagnostic,out_of_scope_processed_payload,out_of_scope_not_downloaded,do_not_download_for_current_diagnostic_freeze,https://osdr.nasa.gov/geode-py/ws/studies/OSD-120/download?source=datamanager&file=GLDS-120_rna_seq_processed_md5sum_GLbulkRNAseq.tsv,v9/multispecies/source_checksum_audit.draft.csv
osd120_diagnostic_payload_freeze,draft_osd120_arabidopsis_root_light_interaction_spaceflight,OSD-120,GLDS-120,Atha_Ws_root_GC_Alight_Rep3_GSM2493764_Day13_R1_GLbulkRNAseq_trimming_report.txt,md5,d7d11cd394ef47885c56a869b4b8572e,,False,,,osdr_processed_payload_not_required_for_diagnostic,out_of_scope_processed_payload,out_of_scope_not_downloaded,do_not_download_for_current_diagnostic_freeze,https://osdr.nasa.gov/geode-py/ws/studies/OSD-120/download?source=datamanager&file=GLDS-120_rna_seq_processed_md5sum_GLbulkRNAseq.tsv,v9/multispecies/source_checksum_audit.draft.csv
osd120_diagnostic_payload_freeze,draft_osd120_arabidopsis_root_light_interaction_spaceflight,OSD-120,GLDS-120,Atha_Col-0-PhyD_root_FLT_dark_Rep1_GSM2493792_Day13_R2_GLbulkRNAseq_trimming_report.txt,md5,a71ab8cd665ff1177401209d07872282,,False,,,osdr_processed_payload_not_required_for_diagnostic,out_of_scope_processed_payload,out_of_scope_not_downloaded,do_not_download_for_current_diagnostic_freeze,https://osdr.nasa.gov/geode-py/ws/studies/OSD-120/download?source=datamanager&file=GLDS-120_rna_seq_processed_md5sum_GLbulkRNAseq.tsv,v9/multispecies/source_checksum_audit.draft.csv
osd120_diagnostic_payload_freeze,draft_osd120_arabidopsis_root_light_interaction_spaceflight,OSD-120,GLDS-120,Atha_Ws_root_FLT_dark_Rep3_GSM2493791_Day13_R2_GLbulkRNAseq_trimming_report.txt,md5,90bb23c28b35a215898d49e271105ebf,,False,,,osdr_processed_payload_not_required_for_diagnostic,out_of_scope_processed_payload,out_of_scope_not_downloaded,do_not_download_for_current_diagnostic_freeze,https://osdr.nasa.gov/geode-py/ws/studies/OSD-120/download?source=datamanager&file=GLDS-120_rna_seq_processed_md5sum_GLbulkRNAseq.tsv,v9/multispecies/source_checksum_audit.draft.csv
osd120_diagnostic_payload_freeze,draft_osd120_arabidopsis_root_light_interaction_spaceflight,OSD-120,GLDS-120,Atha_Col-0-PhyD_root_FLT_dark_Rep2_GSM2493793_Day13_R1_GLbulkRNAseq_trimming_report.txt,md5,fdf7682917cf87a33254aca08671f3b2,,False,,,osdr_processed_payload_not_required_for_diagnostic,out_of_scope_processed_payload,out_of_scope_not_downloaded,do_not_download_for_current_diagnostic_freeze,https://osdr.nasa.gov/geode-py/ws/studies/OSD-120/download?source=datamanager&file=GLDS-120_rna_seq_processed_md5sum_GLbulkRNAseq.tsv,v9/multispecies/source_checksum_audit.draft.csv
osd120_diagnostic_payload_freeze,draft_osd120_arabidopsis_root_light_interaction_spaceflight,OSD-120,GLDS-120,Atha_Ws_root_FLT_dark_Rep1_GSM2493789_Day13_R1_GLbulkRNAseq_trimming_report.txt,md5,d71eb75ef9c4b3f0087393863feee45b,,False,,,osdr_processed_payload_not_required_for_diagnostic,out_of_scope_processed_payload,out_of_scope_not_downloaded,do_not_download_for_current_diagnostic_freeze,https://osdr.nasa.gov/geode-py/ws/studies/OSD-120/download?source=datamanager&file=GLDS-120_rna_seq_processed_md5sum_GLbulkRNAseq.tsv,v9/multispecies/source_checksum_audit.draft.csv
osd120_diagnostic_payload_freeze,draft_osd120_arabidopsis_root_light_interaction_spaceflight,OSD-120,GLDS-120,Atha_Col-0_root_FLT_dark_Rep2_GSM2493787_Day13_R1_GLbulkRNAseq_trimming_report.txt,md5,eab68d1e9cf8a3f8fdabcf247c69c243,,False,,,osdr_processed_payload_not_required_for_diagnostic,out_of_scope_processed_payload,out_of_scope_not_downloaded,do_not_download_for_current_diagnostic_freeze,https://osdr.nasa.gov/geode-py/ws/studies/OSD-120/download?source=datamanager&file=GLDS-120_rna_seq_processed_md5sum_GLbulkRNAseq.tsv,v9/multispecies/source_checksum_audit.draft.csv
osd120_diagnostic_payload_freeze,draft_osd120_arabidopsis_root_light_interaction_spaceflight,OSD-120,GLDS-120,Atha_Col-0_root_GC_Alight_Rep2_GSM2493760_Day13_R2_GLbulkRNAseq_trimming_report.txt,md5,beb14f11a120cd068db8a70d8da2b555,,False,,,osdr_processed_payload_not_required_for_diagnostic,out_of_scope_processed_payload,out_of_scope_not_downloaded,do_not_download_for_current_diagnostic_freeze,https://osdr.nasa.gov/geode-py/ws/studies/OSD-120/download?source=datamanager&file=GLDS-120_rna_seq_processed_md5sum_GLbulkRNAseq.tsv,v9/multispecies/source_checksum_audit.draft.csv
osd120_diagnostic_payload_freeze,draft_osd120_arabidopsis_root_light_interaction_spaceflight,OSD-120,GLDS-120,Atha_Col-0_root_GC_Alight_Rep3_GSM2493761_Day13_R2_GLbulkRNAseq_trimming_report.txt,md5,1302dffcc4368d6414561670e605d661,,False,,,osdr_processed_payload_not_required_for_diagnostic,out_of_scope_processed_payload,out_of_scope_not_downloaded,do_not_download_for_current_diagnostic_freeze,https://osdr.nasa.gov/geode-py/ws/studies/OSD-120/download?source=datamanager&file=GLDS-120_rna_seq_processed_md5sum_GLbulkRNAseq.tsv,v9/multispecies/source_checksum_audit.draft.csv
osd120_diagnostic_payload_freeze,draft_osd120_arabidopsis_root_light_interaction_spaceflight,OSD-120,GLDS-120,Atha_Col-0_root_FLT_dark_Rep1_GSM2493786_Day13_R2_GLbulkRNAseq_trimming_report.txt,md5,a81a5cc66a037ce546428bdaae0bbbe2,,False,,,osdr_processed_payload_not_required_for_diagnostic,out_of_scope_processed_payload,out_of_scope_not_downloaded,do_not_download_for_current_diagnostic_freeze,https://osdr.nasa.gov/geode-py/ws/studies/OSD-120/download?source=datamanager&file=GLDS-120_rna_seq_processed_md5sum_GLbulkRNAseq.tsv,v9/multispecies/source_checksum_audit.draft.csv
osd120_diagnostic_payload_freeze,draft_osd120_arabidopsis_root_light_interaction_spaceflight,OSD-120,GLDS-120,Atha_Ws_root_GC_Alight_Rep2_GSM2493763_Day13_R1_GLbulkRNAseq_trimming_report.txt,md5,23d7da559a046cef6e3a3b946446c691,,False,,,osdr_processed_payload_not_required_for_diagnostic,out_of_scope_processed_payload,out_of_scope_not_downloaded,do_not_download_for_current_diagnostic_freeze,https://osdr.nasa.gov/geode-py/ws/studies/OSD-120/download?source=datamanager&file=GLDS-120_rna_seq_processed_md5sum_GLbulkRNAseq.tsv,v9/multispecies/source_checksum_audit.draft.csv
osd120_diagnostic_payload_freeze,draft_osd120_arabidopsis_root_light_interaction_spaceflight,OSD-120,GLDS-120,Atha_Col-0-PhyD_root_FLT_dark_Rep3_GSM2493794_Day13_R1_GLbulkRNAseq_trimming_report.txt,md5,7cecce03e609adee892b9e3a524c0506,,False,,,osdr_processed_payload_not_required_for_diagnostic,out_of_scope_processed_payload,out_of_scope_not_downloaded,do_not_download_for_current_diagnostic_freeze,https://osdr.nasa.gov/geode-py/ws/studies/OSD-120/download?source=datamanager&file=GLDS-120_rna_seq_processed_md5sum_GLbulkRNAseq.tsv,v9/multispecies/source_checksum_audit.draft.csv
osd120_diagnostic_payload_freeze,draft_osd120_arabidopsis_root_light_interaction_spaceflight,OSD-120,GLDS-120,Atha_Ws_root_GC_Alight_Rep1_GSM2493762_Day13_R2_GLbulkRNAseq_trimming_report.txt,md5,55e0724d817c62c171585e3c27031938,,False,,,osdr_processed_payload_not_required_for_diagnostic,out_of_scope_processed_payload,out_of_scope_not_downloaded,do_not_download_for_current_diagnostic_freeze,https://osdr.nasa.gov/geode-py/ws/studies/OSD-120/download?source=datamanager&file=GLDS-120_rna_seq_processed_md5sum_GLbulkRNAseq.tsv,v9/multispecies/source_checksum_audit.draft.csv
osd120_diagnostic_payload_freeze,draft_osd120_arabidopsis_root_light_interaction_spaceflight,OSD-120,GLDS-120,Atha_Col-0-PhyD_root_GC_dark_Rep2_GSM2493775_Day13_R1_GLbulkRNAseq_trimming_report.txt,md5,abe9c4a757a247de93498e0429c75d55,,False,,,osdr_processed_payload_not_required_for_diagnostic,out_of_scope_processed_payload,out_of_scope_not_downloaded,do_not_download_for_current_diagnostic_freeze,https://osdr.nasa.gov/geode-py/ws/studies/OSD-120/download?source=datamanager&file=GLDS-120_rna_seq_processed_md5sum_GLbulkRNAseq.tsv,v9/multispecies/source_checksum_audit.draft.csv
osd120_diagnostic_payload_freeze,draft_osd120_arabidopsis_root_light_interaction_spaceflight,OSD-120,GLDS-120,Atha_Ws_root_FLT_Alight_Rep2_GSM2493781_Day13_R1_GLbulkRNAseq_trimming_report.txt,md5,0591f1f45947788ecb1152c08e0e77fd,,False,,,osdr_processed_payload_not_required_for_diagnostic,out_of_scope_processed_payload,out_of_scope_not_downloaded,do_not_download_for_current_diagnostic_freeze,https://osdr.nasa.gov/geode-py/ws/studies/OSD-120/download?source=datamanager&file=GLDS-120_rna_seq_processed_md5sum_GLbulkRNAseq.tsv,v9/multispecies/source_checksum_audit.draft.csv
osd120_diagnostic_payload_freeze,draft_osd120_arabidopsis_root_light_interaction_spaceflight,OSD-120,GLDS-120,Atha_Col-0-PhyD_root_GC_Alight_Rep2_GSM2493766_Day13_R2_GLbulkRNAseq_trimming_report.txt,md5,8d47bc9fd1d70ccfbd20db600e07431d,,False,,,osdr_processed_payload_not_required_for_diagnostic,out_of_scope_processed_payload,out_of_scope_not_downloaded,do_not_download_for_current_diagnostic_freeze,https://osdr.nasa.gov/geode-py/ws/studies/OSD-120/download?source=datamanager&file=GLDS-120_rna_seq_processed_md5sum_GLbulkRNAseq.tsv,v9/multispecies/source_checksum_audit.draft.csv
osd120_diagnostic_payload_freeze,draft_osd120_arabidopsis_root_light_interaction_spaceflight,OSD-120,GLDS-120,Atha_Col-0_root_FLT_Alight_Rep2_GSM2493778_Day13_R2_GLbulkRNAseq_trimming_report.txt,md5,d283140f435c1c34d0c9e150c8f2a94c,,False,,,osdr_processed_payload_not_required_for_diagnostic,out_of_scope_processed_payload,out_of_scope_not_downloaded,do_not_download_for_current_diagnostic_freeze,https://osdr.nasa.gov/geode-py/ws/studies/OSD-120/download?source=datamanager&file=GLDS-120_rna_seq_processed_md5sum_GLbulkRNAseq.tsv,v9/multispecies/source_checksum_audit.draft.csv
osd120_diagnostic_payload_freeze,draft_osd120_arabidopsis_root_light_interaction_spaceflight,OSD-120,GLDS-120,Atha_Col-0-PhyD_root_FLT_Alight_Rep3_GSM2493785_Day13_R1_GLbulkRNAseq_trimming_report.txt,md5,a92b8450c01288c2e9fdca463116922d,,False,,,osdr_processed_payload_not_required_for_diagnostic,out_of_scope_processed_payload,out_of_scope_not_downloaded,do_not_download_for_current_diagnostic_freeze,https://osdr.nasa.gov/geode-py/ws/studies/OSD-120/download?source=datamanager&file=GLDS-120_rna_seq_processed_md5sum_GLbulkRNAseq.tsv,v9/multispecies/source_checksum_audit.draft.csv
osd120_diagnostic_payload_freeze,draft_osd120_arabidopsis_root_light_interaction_spaceflight,OSD-120,GLDS-120,Atha_Col-0-PhyD_root_GC_Alight_Rep3_GSM2493767_Day13_R2_GLbulkRNAseq_trimming_report.txt,md5,6ee8c2758f5ccdfdee5cea70d8d7607e,,False,,,osdr_processed_payload_not_required_for_diagnostic,out_of_scope_processed_payload,out_of_scope_not_downloaded,do_not_download_for_current_diagnostic_freeze,https://osdr.nasa.gov/geode-py/ws/studies/OSD-120/download?source=datamanager&file=GLDS-120_rna_seq_processed_md5sum_GLbulkRNAseq.tsv,v9/multispecies/source_checksum_audit.draft.csv
osd120_diagnostic_payload_freeze,draft_osd120_arabidopsis_root_light_interaction_spaceflight,OSD-120,GLDS-120,Atha_Col-0_root_GC_Alight_Rep1_GSM2493759_Day13_R1_GLbulkRNAseq_trimming_report.txt,md5,0c7b9dda8bbea68394bd017117429606,,False,,,osdr_processed_payload_not_required_for_diagnostic,out_of_scope_processed_payload,out_of_scope_not_downloaded,do_not_download_for_current_diagnostic_freeze,https://osdr.nasa.gov/geode-py/ws/studies/OSD-120/download?source=datamanager&file=GLDS-120_rna_seq_processed_md5sum_GLbulkRNAseq.tsv,v9/multispecies/source_checksum_audit.draft.csv
osd120_diagnostic_payload_freeze,draft_osd120_arabidopsis_root_light_interaction_spaceflight,OSD-120,GLDS-120,Atha_Col-0-PhyD_root_FLT_Alight_Rep2_GSM2493784_Day13_R1_GLbulkRNAseq_trimming_report.txt,md5,174222bbe5a2ac53804ed3b535c966b1,,False,,,osdr_processed_payload_not_required_for_diagnostic,out_of_scope_processed_payload,out_of_scope_not_downloaded,do_not_download_for_current_diagnostic_freeze,https://osdr.nasa.gov/geode-py/ws/studies/OSD-120/download?source=datamanager&file=GLDS-120_rna_seq_processed_md5sum_GLbulkRNAseq.tsv,v9/multispecies/source_checksum_audit.draft.csv
osd120_diagnostic_payload_freeze,draft_osd120_arabidopsis_root_light_interaction_spaceflight,OSD-120,GLDS-120,Atha_Col-0_root_FLT_Alight_Rep3_GSM2493779_Day13_R2_GLbulkRNAseq_trimming_report.txt,md5,47a5e78f2ec2845edf8c8bf0ac762a00,,False,,,osdr_processed_payload_not_required_for_diagnostic,out_of_scope_processed_payload,out_of_scope_not_downloaded,do_not_download_for_current_diagnostic_freeze,https://osdr.nasa.gov/geode-py/ws/studies/OSD-120/download?source=datamanager&file=GLDS-120_rna_seq_processed_md5sum_GLbulkRNAseq.tsv,v9/multispecies/source_checksum_audit.draft.csv
osd120_diagnostic_payload_freeze,draft_osd120_arabidopsis_root_light_interaction_spaceflight,OSD-120,GLDS-120,Atha_Ws_root_FLT_Alight_Rep1_GSM2493780_Day13_R2_GLbulkRNAseq_trimming_report.txt,md5,526bdd4f247cf273d6bf61635f377165,,False,,,osdr_processed_payload_not_required_for_diagnostic,out_of_scope_processed_payload,out_of_scope_not_downloaded,do_not_download_for_current_diagnostic_freeze,https://osdr.nasa.gov/geode-py/ws/studies/OSD-120/download?source=datamanager&file=GLDS-120_rna_seq_processed_md5sum_GLbulkRNAseq.tsv,v9/multispecies/source_checksum_audit.draft.csv
osd120_diagnostic_payload_freeze,draft_osd120_arabidopsis_root_light_interaction_spaceflight,OSD-120,GLDS-120,Atha_Col-0-PhyD_root_GC_dark_Rep1_GSM2493774_Day13_R2_GLbulkRNAseq_trimming_report.txt,md5,41b8f236cba05f27a2e80ac336c1b53c,,False,,,osdr_processed_payload_not_required_for_diagnostic,out_of_scope_processed_payload,out_of_scope_not_downloaded,do_not_download_for_current_diagnostic_freeze,https://osdr.nasa.gov/geode-py/ws/studies/OSD-120/download?source=datamanager&file=GLDS-120_rna_seq_processed_md5sum_GLbulkRNAseq.tsv,v9/multispecies/source_checksum_audit.draft.csv
osd120_diagnostic_payload_freeze,draft_osd120_arabidopsis_root_light_interaction_spaceflight,OSD-120,GLDS-120,Atha_Col-0-PhyD_root_GC_dark_Rep3_GSM2493776_Day13_R2_GLbulkRNAseq_trimming_report.txt,md5,e1632d2482729fe85df8293af1fa45bf,,False,,,osdr_processed_payload_not_required_for_diagnostic,out_of_scope_processed_payload,out_of_scope_not_downloaded,do_not_download_for_current_diagnostic_freeze,https://osdr.nasa.gov/geode-py/ws/studies/OSD-120/download?source=datamanager&file=GLDS-120_rna_seq_processed_md5sum_GLbulkRNAseq.tsv,v9/multispecies/source_checksum_audit.draft.csv
osd120_diagnostic_payload_freeze,draft_osd120_arabidopsis_root_light_interaction_spaceflight,OSD-120,GLDS-120,Atha_Ws_root_FLT_Alight_Rep3_GSM2493782_Day13_R2_GLbulkRNAseq_trimming_report.txt,md5,0b633eb31ff37ffd0a3d51f4abe3b9f3,,False,,,osdr_processed_payload_not_required_for_diagnostic,out_of_scope_processed_payload,out_of_scope_not_downloaded,do_not_download_for_current_diagnostic_freeze,https://osdr.nasa.gov/geode-py/ws/studies/OSD-120/download?source=datamanager&file=GLDS-120_rna_seq_processed_md5sum_GLbulkRNAseq.tsv,v9/multispecies/source_checksum_audit.draft.csv
osd120_diagnostic_payload_freeze,draft_osd120_arabidopsis_root_light_interaction_spaceflight,OSD-120,GLDS-120,Atha_Col-0-PhyD_root_GC_Alight_Rep1_GSM2493765_Day13_R2_GLbulkRNAseq_trimming_report.txt,md5,63e6827ed061dec1488aa46399d811f0,,False,,,osdr_processed_payload_not_required_for_diagnostic,out_of_scope_processed_payload,out_of_scope_not_downloaded,do_not_download_for_current_diagnostic_freeze,https://osdr.nasa.gov/geode-py/ws/studies/OSD-120/download?source=datamanager&file=GLDS-120_rna_seq_processed_md5sum_GLbulkRNAseq.tsv,v9/multispecies/source_checksum_audit.draft.csv
osd120_diagnostic_payload_freeze,draft_osd120_arabidopsis_root_light_interaction_spaceflight,OSD-120,GLDS-120,Atha_Col-0_root_FLT_Alight_Rep2_GSM2493778_Day13_GLbulkRNAseq_R1_trimmed.fastq.gz,md5,0c66c46dfe29dd6f533047eca6c8b99a,,False,,,osdr_processed_payload_not_required_for_diagnostic,out_of_scope_processed_payload,out_of_scope_not_downloaded,do_not_download_for_current_diagnostic_freeze,https://osdr.nasa.gov/geode-py/ws/studies/OSD-120/download?source=datamanager&file=GLDS-120_rna_seq_processed_md5sum_GLbulkRNAseq.tsv,v9/multispecies/source_checksum_audit.draft.csv
osd120_diagnostic_payload_freeze,draft_osd120_arabidopsis_root_light_interaction_spaceflight,OSD-120,GLDS-120,Atha_Ws_root_FLT_dark_Rep3_GSM2493791_Day13_GLbulkRNAseq_R1_trimmed.fastq.gz,md5,a250f242af79f6226fac695f92148404,,False,,,osdr_processed_payload_not_required_for_diagnostic,out_of_scope_processed_payload,out_of_scope_not_downloaded,do_not_download_for_current_diagnostic_freeze,https://osdr.nasa.gov/geode-py/ws/studies/OSD-120/download?source=datamanager&file=GLDS-120_rna_seq_processed_md5sum_GLbulkRNAseq.tsv,v9/multispecies/source_checksum_audit.draft.csv
osd120_diagnostic_payload_freeze,draft_osd120_arabidopsis_root_light_interaction_spaceflight,OSD-120,GLDS-120,Atha_Col-0_root_FLT_dark_Rep1_GSM2493786_Day13_GLbulkRNAseq_R1_trimmed.fastq.gz,md5,ea5a9098556ddc5e0ffb57f3f3b70593,,False,,,osdr_processed_payload_not_required_for_diagnostic,out_of_scope_processed_payload,out_of_scope_not_downloaded,do_not_download_for_current_diagnostic_freeze,https://osdr.nasa.gov/geode-py/ws/studies/OSD-120/download?source=datamanager&file=GLDS-120_rna_seq_processed_md5sum_GLbulkRNAseq.tsv,v9/multispecies/source_checksum_audit.draft.csv
osd120_diagnostic_payload_freeze,draft_osd120_arabidopsis_root_light_interaction_spaceflight,OSD-120,GLDS-120,Atha_Col-0-PhyD_root_FLT_dark_Rep3_GSM2493794_Day13_GLbulkRNAseq_R1_trimmed.fastq.gz,md5,17fde2061b441c55e8d190b9f6071c8d,,False,,,osdr_processed_payload_not_required_for_diagnostic,out_of_scope_processed_payload,out_of_scope_not_downloaded,do_not_download_for_current_diagnostic_freeze,https://osdr.nasa.gov/geode-py/ws/studies/OSD-120/download?source=datamanager&file=GLDS-120_rna_seq_processed_md5sum_GLbulkRNAseq.tsv,v9/multispecies/source_checksum_audit.draft.csv
osd120_diagnostic_payload_freeze,draft_osd120_arabidopsis_root_light_interaction_spaceflight,OSD-120,GLDS-120,Atha_Ws_root_FLT_dark_Rep1_GSM2493789_Day13_GLbulkRNAseq_R2_trimmed.fastq.gz,md5,0676f8c66b962a18b8dbb279dc68890f,,False,,,osdr_processed_payload_not_required_for_diagnostic,out_of_scope_processed_payload,out_of_scope_not_downloaded,do_not_download_for_current_diagnostic_freeze,https://osdr.nasa.gov/geode-py/ws/studies/OSD-120/download?source=datamanager&file=GLDS-120_rna_seq_processed_md5sum_GLbulkRNAseq.tsv,v9/multispecies/source_checksum_audit.draft.csv
osd120_diagnostic_payload_freeze,draft_osd120_arabidopsis_root_light_interaction_spaceflight,OSD-120,GLDS-120,Atha_Col-0-PhyD_root_GC_dark_Rep2_GSM2493775_Day13_GLbulkRNAseq_R2_trimmed.fastq.gz,md5,17142be62f72c583e561e80694a54e3e,,False,,,osdr_processed_payload_not_required_for_diagnostic,out_of_scope_processed_payload,out_of_scope_not_downloaded,do_not_download_for_current_diagnostic_freeze,https://osdr.nasa.gov/geode-py/ws/studies/OSD-120/download?source=datamanager&file=GLDS-120_rna_seq_processed_md5sum_GLbulkRNAseq.tsv,v9/multispecies/source_checksum_audit.draft.csv
osd120_diagnostic_payload_freeze,draft_osd120_arabidopsis_root_light_interaction_spaceflight,OSD-120,GLDS-120,Atha_Ws_root_FLT_Alight_Rep1_GSM2493780_Day13_GLbulkRNAseq_R2_trimmed.fastq.gz,md5,6d7517a5714628d966c7b2d92250d67b,,False,,,osdr_processed_payload_not_required_for_diagnostic,out_of_scope_processed_payload,out_of_scope_not_downloaded,do_not_download_for_current_diagnostic_freeze,https://osdr.nasa.gov/geode-py/ws/studies/OSD-120/download?source=datamanager&file=GLDS-120_rna_seq_processed_md5sum_GLbulkRNAseq.tsv,v9/multispecies/source_checksum_audit.draft.csv
osd120_diagnostic_payload_freeze,draft_osd120_arabidopsis_root_light_interaction_spaceflight,OSD-120,GLDS-120,Atha_Ws_root_GC_Alight_Rep2_GSM2493763_Day13_GLbulkRNAseq_R1_trimmed.fastq.gz,md5,2b9e7db49a23e5547701dccabd581496,,False,,,osdr_processed_payload_not_required_for_diagnostic,out_of_scope_processed_payload,out_of_scope_not_downloaded,do_not_download_for_current_diagnostic_freeze,https://osdr.nasa.gov/geode-py/ws/studies/OSD-120/download?source=datamanager&file=GLDS-120_rna_seq_processed_md5sum_GLbulkRNAseq.tsv,v9/multispecies/source_checksum_audit.draft.csv
osd120_diagnostic_payload_freeze,draft_osd120_arabidopsis_root_light_interaction_spaceflight,OSD-120,GLDS-120,Atha_Ws_root_GC_dark_Rep3_GSM2493773_Day13_GLbulkRNAseq_R1_trimmed.fastq.gz,md5,324993663fe82e661ca3b5ded7cb1ea5,,False,,,osdr_processed_payload_not_required_for_diagnostic,out_of_scope_processed_payload,out_of_scope_not_downloaded,do_not_download_for_current_diagnostic_freeze,https://osdr.nasa.gov/geode-py/ws/studies/OSD-120/download?source=datamanager&file=GLDS-120_rna_seq_processed_md5sum_GLbulkRNAseq.tsv,v9/multispecies/source_checksum_audit.draft.csv
osd120_diagnostic_payload_freeze,draft_osd120_arabidopsis_root_light_interaction_spaceflight,OSD-120,GLDS-120,Atha_Ws_root_FLT_Alight_Rep1_GSM2493780_Day13_GLbulkRNAseq_R1_trimmed.fastq.gz,md5,7f83a984ac44cd7ba89e5d06c9d268c9,,False,,,osdr_processed_payload_not_required_for_diagnostic,out_of_scope_processed_payload,out_of_scope_not_downloaded,do_not_download_for_current_diagnostic_freeze,https://osdr.nasa.gov/geode-py/ws/studies/OSD-120/download?source=datamanager&file=GLDS-120_rna_seq_processed_md5sum_GLbulkRNAseq.tsv,v9/multispecies/source_checksum_audit.draft.csv
osd120_diagnostic_payload_freeze,draft_osd120_arabidopsis_root_light_interaction_spaceflight,OSD-120,GLDS-120,Atha_Ws_root_GC_dark_Rep3_GSM2493773_Day13_GLbulkRNAseq_R2_trimmed.fastq.gz,md5,7f541259d0d6794c8e36deb96288d4bc,,False,,,osdr_processed_payload_not_required_for_diagnostic,out_of_scope_processed_payload,out_of_scope_not_downloaded,do_not_download_for_current_diagnostic_freeze,https://osdr.nasa.gov/geode-py/ws/studies/OSD-120/download?source=datamanager&file=GLDS-120_rna_seq_processed_md5sum_GLbulkRNAseq.tsv,v9/multispecies/source_checksum_audit.draft.csv
osd120_diagnostic_payload_freeze,draft_osd120_arabidopsis_root_light_interaction_spaceflight,OSD-120,GLDS-120,Atha_Ws_root_GC_Alight_Rep2_GSM2493763_Day13_GLbulkRNAseq_R2_trimmed.fastq.gz,md5,0a27fe03cb835817a0211898c1305df3,,False,,,osdr_processed_payload_not_required_for_diagnostic,out_of_scope_processed_payload,out_of_scope_not_downloaded,do_not_download_for_current_diagnostic_freeze,https://osdr.nasa.gov/geode-py/ws/studies/OSD-120/download?source=datamanager&file=GLDS-120_rna_seq_processed_md5sum_GLbulkRNAseq.tsv,v9/multispecies/source_checksum_audit.draft.csv
osd120_diagnostic_payload_freeze,draft_osd120_arabidopsis_root_light_interaction_spaceflight,OSD-120,GLDS-120,Atha_Col-0-PhyD_root_GC_dark_Rep2_GSM2493775_Day13_GLbulkRNAseq_R1_trimmed.fastq.gz,md5,4b6ccf3b83bf6a4e1f1ceeb4c505b4d3,,False,,,osdr_processed_payload_not_required_for_diagnostic,out_of_scope_processed_payload,out_of_scope_not_downloaded,do_not_download_for_current_diagnostic_freeze,https://osdr.nasa.gov/geode-py/ws/studies/OSD-120/download?source=datamanager&file=GLDS-120_rna_seq_processed_md5sum_GLbulkRNAseq.tsv,v9/multispecies/source_checksum_audit.draft.csv
osd120_diagnostic_payload_freeze,draft_osd120_arabidopsis_root_light_interaction_spaceflight,OSD-120,GLDS-120,Atha_Col-0-PhyD_root_FLT_dark_Rep3_GSM2493794_Day13_GLbulkRNAseq_R2_trimmed.fastq.gz,md5,23b6f6ad48a886065bad0381f6312b01,,False,,,osdr_processed_payload_not_required_for_diagnostic,out_of_scope_processed_payload,out_of_scope_not_downloaded,do_not_download_for_current_diagnostic_freeze,https://osdr.nasa.gov/geode-py/ws/studies/OSD-120/download?source=datamanager&file=GLDS-120_rna_seq_processed_md5sum_GLbulkRNAseq.tsv,v9/multispecies/source_checksum_audit.draft.csv
osd120_diagnostic_payload_freeze,draft_osd120_arabidopsis_root_light_interaction_spaceflight,OSD-120,GLDS-120,Atha_Ws_root_FLT_dark_Rep1_GSM2493789_Day13_GLbulkRNAseq_R1_trimmed.fastq.gz,md5,b9aacb25927603911451feed468bba62,,False,,,osdr_processed_payload_not_required_for_diagnostic,out_of_scope_processed_payload,out_of_scope_not_downloaded,do_not_download_for_current_diagnostic_freeze,https://osdr.nasa.gov/geode-py/ws/studies/OSD-120/download?source=datamanager&file=GLDS-120_rna_seq_processed_md5sum_GLbulkRNAseq.tsv,v9/multispecies/source_checksum_audit.draft.csv
osd120_diagnostic_payload_freeze,draft_osd120_arabidopsis_root_light_interaction_spaceflight,OSD-120,GLDS-120,Atha_Ws_root_FLT_dark_Rep3_GSM2493791_Day13_GLbulkRNAseq_R2_trimmed.fastq.gz,md5,8f657811baf516e7c27b16dda88992de,,False,,,osdr_processed_payload_not_required_for_diagnostic,out_of_scope_processed_payload,out_of_scope_not_downloaded,do_not_download_for_current_diagnostic_freeze,https://osdr.nasa.gov/geode-py/ws/studies/OSD-120/download?source=datamanager&file=GLDS-120_rna_seq_processed_md5sum_GLbulkRNAseq.tsv,v9/multispecies/source_checksum_audit.draft.csv
osd120_diagnostic_payload_freeze,draft_osd120_arabidopsis_root_light_interaction_spaceflight,OSD-120,GLDS-120,Atha_Col-0_root_FLT_dark_Rep1_GSM2493786_Day13_GLbulkRNAseq_R2_trimmed.fastq.gz,md5,491b216012e2cfae7b4e7d48072375eb,,False,,,osdr_processed_payload_not_required_for_diagnostic,out_of_scope_processed_payload,out_of_scope_not_downloaded,do_not_download_for_current_diagnostic_freeze,https://osdr.nasa.gov/geode-py/ws/studies/OSD-120/download?source=datamanager&file=GLDS-120_rna_seq_processed_md5sum_GLbulkRNAseq.tsv,v9/multispecies/source_checksum_audit.draft.csv
osd120_diagnostic_payload_freeze,draft_osd120_arabidopsis_root_light_interaction_spaceflight,OSD-120,GLDS-120,Atha_Col-0_root_FLT_Alight_Rep2_GSM2493778_Day13_GLbulkRNAseq_R2_trimmed.fastq.gz,md5,01969c962db2b523fe61a05e1efd6f29,,False,,,osdr_processed_payload_not_required_for_diagnostic,out_of_scope_processed_payload,out_of_scope_not_downloaded,do_not_download_for_current_diagnostic_freeze,https://osdr.nasa.gov/geode-py/ws/studies/OSD-120/download?source=datamanager&file=GLDS-120_rna_seq_processed_md5sum_GLbulkRNAseq.tsv,v9/multispecies/source_checksum_audit.draft.csv
osd120_diagnostic_payload_freeze,draft_osd120_arabidopsis_root_light_interaction_spaceflight,OSD-120,GLDS-120,Atha_Col-0_root_FLT_dark_Rep2_GSM2493787_Day13_GLbulkRNAseq_R1_trimmed.fastq.gz,md5,dd91570678d9f3305db4779cfbaafe6c,,False,,,osdr_processed_payload_not_required_for_diagnostic,out_of_scope_processed_payload,out_of_scope_not_downloaded,do_not_download_for_current_diagnostic_freeze,https://osdr.nasa.gov/geode-py/ws/studies/OSD-120/download?source=datamanager&file=GLDS-120_rna_seq_processed_md5sum_GLbulkRNAseq.tsv,v9/multispecies/source_checksum_audit.draft.csv
osd120_diagnostic_payload_freeze,draft_osd120_arabidopsis_root_light_interaction_spaceflight,OSD-120,GLDS-120,Atha_Col-0_root_FLT_Alight_Rep3_GSM2493779_Day13_GLbulkRNAseq_R2_trimmed.fastq.gz,md5,34ef2e427e9bde028ade5790cb6196bf,,False,,,osdr_processed_payload_not_required_for_diagnostic,out_of_scope_processed_payload,out_of_scope_not_downloaded,do_not_download_for_current_diagnostic_freeze,https://osdr.nasa.gov/geode-py/ws/studies/OSD-120/download?source=datamanager&file=GLDS-120_rna_seq_processed_md5sum_GLbulkRNAseq.tsv,v9/multispecies/source_checksum_audit.draft.csv
osd120_diagnostic_payload_freeze,draft_osd120_arabidopsis_root_light_interaction_spaceflight,OSD-120,GLDS-120,Atha_Ws_root_FLT_dark_Rep2_GSM2493790_Day13_GLbulkRNAseq_R2_trimmed.fastq.gz,md5,0a1f9c240b95027a14e7c1ecd3108491,,False,,,osdr_processed_payload_not_required_for_diagnostic,out_of_scope_processed_payload,out_of_scope_not_downloaded,do_not_download_for_current_diagnostic_freeze,https://osdr.nasa.gov/geode-py/ws/studies/OSD-120/download?source=datamanager&file=GLDS-120_rna_seq_processed_md5sum_GLbulkRNAseq.tsv,v9/multispecies/source_checksum_audit.draft.csv
osd120_diagnostic_payload_freeze,draft_osd120_arabidopsis_root_light_interaction_spaceflight,OSD-120,GLDS-120,Atha_Ws_root_FLT_Alight_Rep2_GSM2493781_Day13_GLbulkRNAseq_R2_trimmed.fastq.gz,md5,5f82ef2099015bc1aa648bc3dff7387f,,False,,,osdr_processed_payload_not_required_for_diagnostic,out_of_scope_processed_payload,out_of_scope_not_downloaded,do_not_download_for_current_diagnostic_freeze,https://osdr.nasa.gov/geode-py/ws/studies/OSD-120/download?source=datamanager&file=GLDS-120_rna_seq_processed_md5sum_GLbulkRNAseq.tsv,v9/multispecies/source_checksum_audit.draft.csv
osd120_diagnostic_payload_freeze,draft_osd120_arabidopsis_root_light_interaction_spaceflight,OSD-120,GLDS-120,Atha_Col-0-PhyD_root_GC_Alight_Rep1_GSM2493765_Day13_GLbulkRNAseq_R2_trimmed.fastq.gz,md5,2d0698581edef993dc8cdcea679091da,,False,,,osdr_processed_payload_not_required_for_diagnostic,out_of_scope_processed_payload,out_of_scope_not_downloaded,do_not_download_for_current_diagnostic_freeze,https://osdr.nasa.gov/geode-py/ws/studies/OSD-120/download?source=datamanager&file=GLDS-120_rna_seq_processed_md5sum_GLbulkRNAseq.tsv,v9/multispecies/source_checksum_audit.draft.csv
osd120_diagnostic_payload_freeze,draft_osd120_arabidopsis_root_light_interaction_spaceflight,OSD-120,GLDS-120,Atha_Ws_root_GC_Alight_Rep1_GSM2493762_Day13_GLbulkRNAseq_R1_trimmed.fastq.gz,md5,bc84a3da849989594df49d4b0c23875f,,False,,,osdr_processed_payload_not_required_for_diagnostic,out_of_scope_processed_payload,out_of_scope_not_downloaded,do_not_download_for_current_diagnostic_freeze,https://osdr.nasa.gov/geode-py/ws/studies/OSD-120/download?source=datamanager&file=GLDS-120_rna_seq_processed_md5sum_GLbulkRNAseq.tsv,v9/multispecies/source_checksum_audit.draft.csv
osd120_diagnostic_payload_freeze,draft_osd120_arabidopsis_root_light_interaction_spaceflight,OSD-120,GLDS-120,Atha_Ws_root_GC_dark_Rep2_GSM2493772_Day13_GLbulkRNAseq_R2_trimmed.fastq.gz,md5,8f72a9b0a7d6a66ac4fca8b092401c64,,False,,,osdr_processed_payload_not_required_for_diagnostic,out_of_scope_processed_payload,out_of_scope_not_downloaded,do_not_download_for_current_diagnostic_freeze,https://osdr.nasa.gov/geode-py/ws/studies/OSD-120/download?source=datamanager&file=GLDS-120_rna_seq_processed_md5sum_GLbulkRNAseq.tsv,v9/multispecies/source_checksum_audit.draft.csv
osd120_diagnostic_payload_freeze,draft_osd120_arabidopsis_root_light_interaction_spaceflight,OSD-120,GLDS-120,Atha_Col-0_root_GC_Alight_Rep1_GSM2493759_Day13_GLbulkRNAseq_R2_trimmed.fastq.gz,md5,2adfa4feecb7d5a60cd60ab18002d998,,False,,,osdr_processed_payload_not_required_for_diagnostic,out_of_scope_processed_payload,out_of_scope_not_downloaded,do_not_download_for_current_diagnostic_freeze,https://osdr.nasa.gov/geode-py/ws/studies/OSD-120/download?source=datamanager&file=GLDS-120_rna_seq_processed_md5sum_GLbulkRNAseq.tsv,v9/multispecies/source_checksum_audit.draft.csv
osd120_diagnostic_payload_freeze,draft_osd120_arabidopsis_root_light_interaction_spaceflight,OSD-120,GLDS-120,Atha_Col-0-PhyD_root_GC_dark_Rep1_GSM2493774_Day13_GLbulkRNAseq_R2_trimmed.fastq.gz,md5,b447f0abfcf45c9063265733a22869fe,,False,,,osdr_processed_payload_not_required_for_diagnostic,out_of_scope_processed_payload,out_of_scope_not_downloaded,do_not_download_for_current_diagnostic_freeze,https://osdr.nasa.gov/geode-py/ws/studies/OSD-120/download?source=datamanager&file=GLDS-120_rna_seq_processed_md5sum_GLbulkRNAseq.tsv,v9/multispecies/source_checksum_audit.draft.csv
osd120_diagnostic_payload_freeze,draft_osd120_arabidopsis_root_light_interaction_spaceflight,OSD-120,GLDS-120,Atha_Col-0-PhyD_root_FLT_Alight_Rep1_GSM2493783_Day13_GLbulkRNAseq_R1_trimmed.fastq.gz,md5,ea210cbf0dbbedb3f72de6b9ecd25474,,False,,,osdr_processed_payload_not_required_for_diagnostic,out_of_scope_processed_payload,out_of_scope_not_downloaded,do_not_download_for_current_diagnostic_freeze,https://osdr.nasa.gov/geode-py/ws/studies/OSD-120/download?source=datamanager&file=GLDS-120_rna_seq_processed_md5sum_GLbulkRNAseq.tsv,v9/multispecies/source_checksum_audit.draft.csv
osd120_diagnostic_payload_freeze,draft_osd120_arabidopsis_root_light_interaction_spaceflight,OSD-120,GLDS-120,Atha_Col-0-PhyD_root_FLT_Alight_Rep1_GSM2493783_Day13_GLbulkRNAseq_R2_trimmed.fastq.gz,md5,a8e98df1cfe56afb09d5111af47f2288,,False,,,osdr_processed_payload_not_required_for_diagnostic,out_of_scope_processed_payload,out_of_scope_not_downloaded,do_not_download_for_current_diagnostic_freeze,https://osdr.nasa.gov/geode-py/ws/studies/OSD-120/download?source=datamanager&file=GLDS-120_rna_seq_processed_md5sum_GLbulkRNAseq.tsv,v9/multispecies/source_checksum_audit.draft.csv
osd120_diagnostic_payload_freeze,draft_osd120_arabidopsis_root_light_interaction_spaceflight,OSD-120,GLDS-120,Atha_Col-0-PhyD_root_GC_dark_Rep1_GSM2493774_Day13_GLbulkRNAseq_R1_trimmed.fastq.gz,md5,b82080de95ba86ae2560dfa89a7a607c,,False,,,osdr_processed_payload_not_required_for_diagnostic,out_of_scope_processed_payload,out_of_scope_not_downloaded,do_not_download_for_current_diagnostic_freeze,https://osdr.nasa.gov/geode-py/ws/studies/OSD-120/download?source=datamanager&file=GLDS-120_rna_seq_processed_md5sum_GLbulkRNAseq.tsv,v9/multispecies/source_checksum_audit.draft.csv
osd120_diagnostic_payload_freeze,draft_osd120_arabidopsis_root_light_interaction_spaceflight,OSD-120,GLDS-120,Atha_Col-0_root_GC_Alight_Rep1_GSM2493759_Day13_GLbulkRNAseq_R1_trimmed.fastq.gz,md5,e8e0fcad8cabe8d89b1c42a5b073eb6b,,False,,,osdr_processed_payload_not_required_for_diagnostic,out_of_scope_processed_payload,out_of_scope_not_downloaded,do_not_download_for_current_diagnostic_freeze,https://osdr.nasa.gov/geode-py/ws/studies/OSD-120/download?source=datamanager&file=GLDS-120_rna_seq_processed_md5sum_GLbulkRNAseq.tsv,v9/multispecies/source_checksum_audit.draft.csv
osd120_diagnostic_payload_freeze,draft_osd120_arabidopsis_root_light_interaction_spaceflight,OSD-120,GLDS-120,Atha_Ws_root_GC_dark_Rep2_GSM2493772_Day13_GLbulkRNAseq_R1_trimmed.fastq.gz,md5,8179fcddbcac034a130c4a4e6ee27e6b,,False,,,osdr_processed_payload_not_required_for_diagnostic,out_of_scope_processed_payload,out_of_scope_not_downloaded,do_not_download_for_current_diagnostic_freeze,https://osdr.nasa.gov/geode-py/ws/studies/OSD-120/download?source=datamanager&file=GLDS-120_rna_seq_processed_md5sum_GLbulkRNAseq.tsv,v9/multispecies/source_checksum_audit.draft.csv
osd120_diagnostic_payload_freeze,draft_osd120_arabidopsis_root_light_interaction_spaceflight,OSD-120,GLDS-120,Atha_Col-0-PhyD_root_GC_Alight_Rep1_GSM2493765_Day13_GLbulkRNAseq_R1_trimmed.fastq.gz,md5,edb85a0930e144ec20d84c6395270e3c,,False,,,osdr_processed_payload_not_required_for_diagnostic,out_of_scope_processed_payload,out_of_scope_not_downloaded,do_not_download_for_current_diagnostic_freeze,https://osdr.nasa.gov/geode-py/ws/studies/OSD-120/download?source=datamanager&file=GLDS-120_rna_seq_processed_md5sum_GLbulkRNAseq.tsv,v9/multispecies/source_checksum_audit.draft.csv
osd120_diagnostic_payload_freeze,draft_osd120_arabidopsis_root_light_interaction_spaceflight,OSD-120,GLDS-120,Atha_Ws_root_FLT_Alight_Rep2_GSM2493781_Day13_GLbulkRNAseq_R1_trimmed.fastq.gz,md5,5a9c383a52a3a35c63b8bf0413bafec4,,False,,,osdr_processed_payload_not_required_for_diagnostic,out_of_scope_processed_payload,out_of_scope_not_downloaded,do_not_download_for_current_diagnostic_freeze,https://osdr.nasa.gov/geode-py/ws/studies/OSD-120/download?source=datamanager&file=GLDS-120_rna_seq_processed_md5sum_GLbulkRNAseq.tsv,v9/multispecies/source_checksum_audit.draft.csv
osd120_diagnostic_payload_freeze,draft_osd120_arabidopsis_root_light_interaction_spaceflight,OSD-120,GLDS-120,Atha_Ws_root_GC_Alight_Rep1_GSM2493762_Day13_GLbulkRNAseq_R2_trimmed.fastq.gz,md5,04f8352a76b03c3ad611345085de9f81,,False,,,osdr_processed_payload_not_required_for_diagnostic,out_of_scope_processed_payload,out_of_scope_not_downloaded,do_not_download_for_current_diagnostic_freeze,https://osdr.nasa.gov/geode-py/ws/studies/OSD-120/download?source=datamanager&file=GLDS-120_rna_seq_processed_md5sum_GLbulkRNAseq.tsv,v9/multispecies/source_checksum_audit.draft.csv
osd120_diagnostic_payload_freeze,draft_osd120_arabidopsis_root_light_interaction_spaceflight,OSD-120,GLDS-120,Atha_Ws_root_FLT_dark_Rep2_GSM2493790_Day13_GLbulkRNAseq_R1_trimmed.fastq.gz,md5,67c4602eb35c5b0354bfee3de02275ca,,False,,,osdr_processed_payload_not_required_for_diagnostic,out_of_scope_processed_payload,out_of_scope_not_downloaded,do_not_download_for_current_diagnostic_freeze,https://osdr.nasa.gov/geode-py/ws/studies/OSD-120/download?source=datamanager&file=GLDS-120_rna_seq_processed_md5sum_GLbulkRNAseq.tsv,v9/multispecies/source_checksum_audit.draft.csv
osd120_diagnostic_payload_freeze,draft_osd120_arabidopsis_root_light_interaction_spaceflight,OSD-120,GLDS-120,Atha_Col-0_root_FLT_Alight_Rep3_GSM2493779_Day13_GLbulkRNAseq_R1_trimmed.fastq.gz,md5,9a2dbdbbb3ad77d673cb74439f401f69,,False,,,osdr_processed_payload_not_required_for_diagnostic,out_of_scope_processed_payload,out_of_scope_not_downloaded,do_not_download_for_current_diagnostic_freeze,https://osdr.nasa.gov/geode-py/ws/studies/OSD-120/download?source=datamanager&file=GLDS-120_rna_seq_processed_md5sum_GLbulkRNAseq.tsv,v9/multispecies/source_checksum_audit.draft.csv
osd120_diagnostic_payload_freeze,draft_osd120_arabidopsis_root_light_interaction_spaceflight,OSD-120,GLDS-120,Atha_Col-0_root_FLT_dark_Rep2_GSM2493787_Day13_GLbulkRNAseq_R2_trimmed.fastq.gz,md5,d39eea5fa5bb48f9355f27f683ff1853,,False,,,osdr_processed_payload_not_required_for_diagnostic,out_of_scope_processed_payload,out_of_scope_not_downloaded,do_not_download_for_current_diagnostic_freeze,https://osdr.nasa.gov/geode-py/ws/studies/OSD-120/download?source=datamanager&file=GLDS-120_rna_seq_processed_md5sum_GLbulkRNAseq.tsv,v9/multispecies/source_checksum_audit.draft.csv
osd120_diagnostic_payload_freeze,draft_osd120_arabidopsis_root_light_interaction_spaceflight,OSD-120,GLDS-120,Atha_Col-0-PhyD_root_FLT_Alight_Rep3_GSM2493785_Day13_GLbulkRNAseq_R1_trimmed.fastq.gz,md5,7a794f74b0f455be9aaa76ea9e4a7359,,False,,,osdr_processed_payload_not_required_for_diagnostic,out_of_scope_processed_payload,out_of_scope_not_downloaded,do_not_download_for_current_diagnostic_freeze,https://osdr.nasa.gov/geode-py/ws/studies/OSD-120/download?source=datamanager&file=GLDS-120_rna_seq_processed_md5sum_GLbulkRNAseq.tsv,v9/multispecies/source_checksum_audit.draft.csv
osd120_diagnostic_payload_freeze,draft_osd120_arabidopsis_root_light_interaction_spaceflight,OSD-120,GLDS-120,Atha_Col-0_root_GC_dark_Rep3_GSM2493770_Day13_GLbulkRNAseq_R2_trimmed.fastq.gz,md5,83fb42299cb88fe67cb32032a8a122a5,,False,,,osdr_processed_payload_not_required_for_diagnostic,out_of_scope_processed_payload,out_of_scope_not_downloaded,do_not_download_for_current_diagnostic_freeze,https://osdr.nasa.gov/geode-py/ws/studies/OSD-120/download?source=datamanager&file=GLDS-120_rna_seq_processed_md5sum_GLbulkRNAseq.tsv,v9/multispecies/source_checksum_audit.draft.csv
osd120_diagnostic_payload_freeze,draft_osd120_arabidopsis_root_light_interaction_spaceflight,OSD-120,GLDS-120,Atha_Col-0-PhyD_root_GC_Alight_Rep3_GSM2493767_Day13_GLbulkRNAseq_R1_trimmed.fastq.gz,md5,bcc424a3eee92359d530a9c89be8a7bd,,False,,,osdr_processed_payload_not_required_for_diagnostic,out_of_scope_processed_payload,out_of_scope_not_downloaded,do_not_download_for_current_diagnostic_freeze,https://osdr.nasa.gov/geode-py/ws/studies/OSD-120/download?source=datamanager&file=GLDS-120_rna_seq_processed_md5sum_GLbulkRNAseq.tsv,v9/multispecies/source_checksum_audit.draft.csv
osd120_diagnostic_payload_freeze,draft_osd120_arabidopsis_root_light_interaction_spaceflight,OSD-120,GLDS-120,Atha_Col-0-PhyD_root_GC_dark_Rep3_GSM2493776_Day13_GLbulkRNAseq_R1_trimmed.fastq.gz,md5,dc1e08e55e797fae5eb906f92e97bd0b,,False,,,osdr_processed_payload_not_required_for_diagnostic,out_of_scope_processed_payload,out_of_scope_not_downloaded,do_not_download_for_current_diagnostic_freeze,https://osdr.nasa.gov/geode-py/ws/studies/OSD-120/download?source=datamanager&file=GLDS-120_rna_seq_processed_md5sum_GLbulkRNAseq.tsv,v9/multispecies/source_checksum_audit.draft.csv
osd120_diagnostic_payload_freeze,draft_osd120_arabidopsis_root_light_interaction_spaceflight,OSD-120,GLDS-120,Atha_Col-0_root_GC_dark_Rep1_GSM2493768_Day13_GLbulkRNAseq_R1_trimmed.fastq.gz,md5,db5e6aa151a71a1eeb27618d94b17216,,False,,,osdr_processed_payload_not_required_for_diagnostic,out_of_scope_processed_payload,out_of_scope_not_downloaded,do_not_download_for_current_diagnostic_freeze,https://osdr.nasa.gov/geode-py/ws/studies/OSD-120/download?source=datamanager&file=GLDS-120_rna_seq_processed_md5sum_GLbulkRNAseq.tsv,v9/multispecies/source_checksum_audit.draft.csv
osd120_diagnostic_payload_freeze,draft_osd120_arabidopsis_root_light_interaction_spaceflight,OSD-120,GLDS-120,Atha_Ws_root_GC_Alight_Rep3_GSM2493764_Day13_GLbulkRNAseq_R1_trimmed.fastq.gz,md5,7f12ab12be08b42957c23f23005130ed,,False,,,osdr_processed_payload_not_required_for_diagnostic,out_of_scope_processed_payload,out_of_scope_not_downloaded,do_not_download_for_current_diagnostic_freeze,https://osdr.nasa.gov/geode-py/ws/studies/OSD-120/download?source=datamanager&file=GLDS-120_rna_seq_processed_md5sum_GLbulkRNAseq.tsv,v9/multispecies/source_checksum_audit.draft.csv
osd120_diagnostic_payload_freeze,draft_osd120_arabidopsis_root_light_interaction_spaceflight,OSD-120,GLDS-120,Atha_Col-0_root_FLT_dark_Rep3_GSM2493788_Day13_GLbulkRNAseq_R2_trimmed.fastq.gz,md5,1ea9e5b0386152f6dc9672adaa80c8fe,,False,,,osdr_processed_payload_not_required_for_diagnostic,out_of_scope_processed_payload,out_of_scope_not_downloaded,do_not_download_for_current_diagnostic_freeze,https://osdr.nasa.gov/geode-py/ws/studies/OSD-120/download?source=datamanager&file=GLDS-120_rna_seq_processed_md5sum_GLbulkRNAseq.tsv,v9/multispecies/source_checksum_audit.draft.csv
osd120_diagnostic_payload_freeze,draft_osd120_arabidopsis_root_light_interaction_spaceflight,OSD-120,GLDS-120,Atha_Col-0_root_GC_Alight_Rep3_GSM2493761_Day13_GLbulkRNAseq_R1_trimmed.fastq.gz,md5,21481e14ca269df99cd39d5cf7a5db7f,,False,,,osdr_processed_payload_not_required_for_diagnostic,out_of_scope_processed_payload,out_of_scope_not_downloaded,do_not_download_for_current_diagnostic_freeze,https://osdr.nasa.gov/geode-py/ws/studies/OSD-120/download?source=datamanager&file=GLDS-120_rna_seq_processed_md5sum_GLbulkRNAseq.tsv,v9/multispecies/source_checksum_audit.draft.csv
osd120_diagnostic_payload_freeze,draft_osd120_arabidopsis_root_light_interaction_spaceflight,OSD-120,GLDS-120,Atha_Col-0-PhyD_root_FLT_dark_Rep2_GSM2493793_Day13_GLbulkRNAseq_R1_trimmed.fastq.gz,md5,c897c683a3fbcc134f85f730d629909c,,False,,,osdr_processed_payload_not_required_for_diagnostic,out_of_scope_processed_payload,out_of_scope_not_downloaded,do_not_download_for_current_diagnostic_freeze,https://osdr.nasa.gov/geode-py/ws/studies/OSD-120/download?source=datamanager&file=GLDS-120_rna_seq_processed_md5sum_GLbulkRNAseq.tsv,v9/multispecies/source_checksum_audit.draft.csv
osd120_diagnostic_payload_freeze,draft_osd120_arabidopsis_root_light_interaction_spaceflight,OSD-120,GLDS-120,Atha_Col-0-PhyD_root_FLT_dark_Rep2_GSM2493793_Day13_GLbulkRNAseq_R2_trimmed.fastq.gz,md5,7fa4e86d8b9937e83cc6fa7488ef4796,,False,,,osdr_processed_payload_not_required_for_diagnostic,out_of_scope_processed_payload,out_of_scope_not_downloaded,do_not_download_for_current_diagnostic_freeze,https://osdr.nasa.gov/geode-py/ws/studies/OSD-120/download?source=datamanager&file=GLDS-120_rna_seq_processed_md5sum_GLbulkRNAseq.tsv,v9/multispecies/source_checksum_audit.draft.csv
osd120_diagnostic_payload_freeze,draft_osd120_arabidopsis_root_light_interaction_spaceflight,OSD-120,GLDS-120,Atha_Col-0_root_GC_Alight_Rep3_GSM2493761_Day13_GLbulkRNAseq_R2_trimmed.fastq.gz,md5,50c4225e12add0985f63a51d61b38aa9,,False,,,osdr_processed_payload_not_required_for_diagnostic,out_of_scope_processed_payload,out_of_scope_not_downloaded,do_not_download_for_current_diagnostic_freeze,https://osdr.nasa.gov/geode-py/ws/studies/OSD-120/download?source=datamanager&file=GLDS-120_rna_seq_processed_md5sum_GLbulkRNAseq.tsv,v9/multispecies/source_checksum_audit.draft.csv
osd120_diagnostic_payload_freeze,draft_osd120_arabidopsis_root_light_interaction_spaceflight,OSD-120,GLDS-120,Atha_Col-0_root_GC_dark_Rep1_GSM2493768_Day13_GLbulkRNAseq_R2_trimmed.fastq.gz,md5,e915c3d64d81dd419f354c1f68d1291e,,False,,,osdr_processed_payload_not_required_for_diagnostic,out_of_scope_processed_payload,out_of_scope_not_downloaded,do_not_download_for_current_diagnostic_freeze,https://osdr.nasa.gov/geode-py/ws/studies/OSD-120/download?source=datamanager&file=GLDS-120_rna_seq_processed_md5sum_GLbulkRNAseq.tsv,v9/multispecies/source_checksum_audit.draft.csv
osd120_diagnostic_payload_freeze,draft_osd120_arabidopsis_root_light_interaction_spaceflight,OSD-120,GLDS-120,Atha_Col-0_root_FLT_dark_Rep3_GSM2493788_Day13_GLbulkRNAseq_R1_trimmed.fastq.gz,md5,26779af53e7b9d629c241e7b2a825c2f,,False,,,osdr_processed_payload_not_required_for_diagnostic,out_of_scope_processed_payload,out_of_scope_not_downloaded,do_not_download_for_current_diagnostic_freeze,https://osdr.nasa.gov/geode-py/ws/studies/OSD-120/download?source=datamanager&file=GLDS-120_rna_seq_processed_md5sum_GLbulkRNAseq.tsv,v9/multispecies/source_checksum_audit.draft.csv
osd120_diagnostic_payload_freeze,draft_osd120_arabidopsis_root_light_interaction_spaceflight,OSD-120,GLDS-120,Atha_Ws_root_GC_Alight_Rep3_GSM2493764_Day13_GLbulkRNAseq_R2_trimmed.fastq.gz,md5,0485157413620be62a9f51c45727c224,,False,,,osdr_processed_payload_not_required_for_diagnostic,out_of_scope_processed_payload,out_of_scope_not_downloaded,do_not_download_for_current_diagnostic_freeze,https://osdr.nasa.gov/geode-py/ws/studies/OSD-120/download?source=datamanager&file=GLDS-120_rna_seq_processed_md5sum_GLbulkRNAseq.tsv,v9/multispecies/source_checksum_audit.draft.csv
osd120_diagnostic_payload_freeze,draft_osd120_arabidopsis_root_light_interaction_spaceflight,OSD-120,GLDS-120,Atha_Col-0-PhyD_root_GC_dark_Rep3_GSM2493776_Day13_GLbulkRNAseq_R2_trimmed.fastq.gz,md5,aacbc468bc9094178653b6d182269533,,False,,,osdr_processed_payload_not_required_for_diagnostic,out_of_scope_processed_payload,out_of_scope_not_downloaded,do_not_download_for_current_diagnostic_freeze,https://osdr.nasa.gov/geode-py/ws/studies/OSD-120/download?source=datamanager&file=GLDS-120_rna_seq_processed_md5sum_GLbulkRNAseq.tsv,v9/multispecies/source_checksum_audit.draft.csv
osd120_diagnostic_payload_freeze,draft_osd120_arabidopsis_root_light_interaction_spaceflight,OSD-120,GLDS-120,Atha_Col-0-PhyD_root_GC_Alight_Rep3_GSM2493767_Day13_GLbulkRNAseq_R2_trimmed.fastq.gz,md5,79da4d04b823cab389f54b797918dd7e,,False,,,osdr_processed_payload_not_required_for_diagnostic,out_of_scope_processed_payload,out_of_scope_not_downloaded,do_not_download_for_current_diagnostic_freeze,https://osdr.nasa.gov/geode-py/ws/studies/OSD-120/download?source=datamanager&file=GLDS-120_rna_seq_processed_md5sum_GLbulkRNAseq.tsv,v9/multispecies/source_checksum_audit.draft.csv
osd120_diagnostic_payload_freeze,draft_osd120_arabidopsis_root_light_interaction_spaceflight,OSD-120,GLDS-120,Atha_Col-0-PhyD_root_FLT_Alight_Rep3_GSM2493785_Day13_GLbulkRNAseq_R2_trimmed.fastq.gz,md5,ae83a70284ecf6132561a40c59ee96e7,,False,,,osdr_processed_payload_not_required_for_diagnostic,out_of_scope_processed_payload,out_of_scope_not_downloaded,do_not_download_for_current_diagnostic_freeze,https://osdr.nasa.gov/geode-py/ws/studies/OSD-120/download?source=datamanager&file=GLDS-120_rna_seq_processed_md5sum_GLbulkRNAseq.tsv,v9/multispecies/source_checksum_audit.draft.csv
osd120_diagnostic_payload_freeze,draft_osd120_arabidopsis_root_light_interaction_spaceflight,OSD-120,GLDS-120,Atha_Col-0_root_GC_dark_Rep3_GSM2493770_Day13_GLbulkRNAseq_R1_trimmed.fastq.gz,md5,e74f42ffa91988cd4a9919e129803ecf,,False,,,osdr_processed_payload_not_required_for_diagnostic,out_of_scope_processed_payload,out_of_scope_not_downloaded,do_not_download_for_current_diagnostic_freeze,https://osdr.nasa.gov/geode-py/ws/studies/OSD-120/download?source=datamanager&file=GLDS-120_rna_seq_processed_md5sum_GLbulkRNAseq.tsv,v9/multispecies/source_checksum_audit.draft.csv
osd120_diagnostic_payload_freeze,draft_osd120_arabidopsis_root_light_interaction_spaceflight,OSD-120,GLDS-120,Atha_Col-0_root_GC_dark_Rep2_GSM2493769_Day13_GLbulkRNAseq_R1_trimmed.fastq.gz,md5,3ebc292505de9eba74a7a1477d196c23,,False,,,osdr_processed_payload_not_required_for_diagnostic,out_of_scope_processed_payload,out_of_scope_not_downloaded,do_not_download_for_current_diagnostic_freeze,https://osdr.nasa.gov/geode-py/ws/studies/OSD-120/download?source=datamanager&file=GLDS-120_rna_seq_processed_md5sum_GLbulkRNAseq.tsv,v9/multispecies/source_checksum_audit.draft.csv
osd120_diagnostic_payload_freeze,draft_osd120_arabidopsis_root_light_interaction_spaceflight,OSD-120,GLDS-120,Atha_Col-0_root_FLT_Alight_Rep1_GSM2493777_Day13_GLbulkRNAseq_R1_trimmed.fastq.gz,md5,5f1f47925e029aa78ff99cc8cc8ea5ef,,False,,,osdr_processed_payload_not_required_for_diagnostic,out_of_scope_processed_payload,out_of_scope_not_downloaded,do_not_download_for_current_diagnostic_freeze,https://osdr.nasa.gov/geode-py/ws/studies/OSD-120/download?source=datamanager&file=GLDS-120_rna_seq_processed_md5sum_GLbulkRNAseq.tsv,v9/multispecies/source_checksum_audit.draft.csv
osd120_diagnostic_payload_freeze,draft_osd120_arabidopsis_root_light_interaction_spaceflight,OSD-120,GLDS-120,Atha_Ws_root_FLT_Alight_Rep3_GSM2493782_Day13_GLbulkRNAseq_R1_trimmed.fastq.gz,md5,92d947c4a418efc5a7104f8813979059,,False,,,osdr_processed_payload_not_required_for_diagnostic,out_of_scope_processed_payload,out_of_scope_not_downloaded,do_not_download_for_current_diagnostic_freeze,https://osdr.nasa.gov/geode-py/ws/studies/OSD-120/download?source=datamanager&file=GLDS-120_rna_seq_processed_md5sum_GLbulkRNAseq.tsv,v9/multispecies/source_checksum_audit.draft.csv
osd120_diagnostic_payload_freeze,draft_osd120_arabidopsis_root_light_interaction_spaceflight,OSD-120,GLDS-120,Atha_Ws_root_GC_dark_Rep1_GSM2493771_Day13_GLbulkRNAseq_R2_trimmed.fastq.gz,md5,665b2cf697eb304d6b05837340f9359a,,False,,,osdr_processed_payload_not_required_for_diagnostic,out_of_scope_processed_payload,out_of_scope_not_downloaded,do_not_download_for_current_diagnostic_freeze,https://osdr.nasa.gov/geode-py/ws/studies/OSD-120/download?source=datamanager&file=GLDS-120_rna_seq_processed_md5sum_GLbulkRNAseq.tsv,v9/multispecies/source_checksum_audit.draft.csv
osd120_diagnostic_payload_freeze,draft_osd120_arabidopsis_root_light_interaction_spaceflight,OSD-120,GLDS-120,Atha_Col-0-PhyD_root_FLT_Alight_Rep2_GSM2493784_Day13_GLbulkRNAseq_R2_trimmed.fastq.gz,md5,e113ae2b27fa58542fdfd2ab3796203d,,False,,,osdr_processed_payload_not_required_for_diagnostic,out_of_scope_processed_payload,out_of_scope_not_downloaded,do_not_download_for_current_diagnostic_freeze,https://osdr.nasa.gov/geode-py/ws/studies/OSD-120/download?source=datamanager&file=GLDS-120_rna_seq_processed_md5sum_GLbulkRNAseq.tsv,v9/multispecies/source_checksum_audit.draft.csv
osd120_diagnostic_payload_freeze,draft_osd120_arabidopsis_root_light_interaction_spaceflight,OSD-120,GLDS-120,Atha_Col-0-PhyD_root_GC_Alight_Rep2_GSM2493766_Day13_GLbulkRNAseq_R2_trimmed.fastq.gz,md5,4e24dec82c878ae847ad92d0f5129c82,,False,,,osdr_processed_payload_not_required_for_diagnostic,out_of_scope_processed_payload,out_of_scope_not_downloaded,do_not_download_for_current_diagnostic_freeze,https://osdr.nasa.gov/geode-py/ws/studies/OSD-120/download?source=datamanager&file=GLDS-120_rna_seq_processed_md5sum_GLbulkRNAseq.tsv,v9/multispecies/source_checksum_audit.draft.csv
osd120_diagnostic_payload_freeze,draft_osd120_arabidopsis_root_light_interaction_spaceflight,OSD-120,GLDS-120,Atha_Col-0-PhyD_root_FLT_dark_Rep1_GSM2493792_Day13_GLbulkRNAseq_R1_trimmed.fastq.gz,md5,6f546776114260d6ce797584e097946d,,False,,,osdr_processed_payload_not_required_for_diagnostic,out_of_scope_processed_payload,out_of_scope_not_downloaded,do_not_download_for_current_diagnostic_freeze,https://osdr.nasa.gov/geode-py/ws/studies/OSD-120/download?source=datamanager&file=GLDS-120_rna_seq_processed_md5sum_GLbulkRNAseq.tsv,v9/multispecies/source_checksum_audit.draft.csv
osd120_diagnostic_payload_freeze,draft_osd120_arabidopsis_root_light_interaction_spaceflight,OSD-120,GLDS-120,Atha_Col-0_root_GC_Alight_Rep2_GSM2493760_Day13_GLbulkRNAseq_R2_trimmed.fastq.gz,md5,6a0d1d4f33cf16647f0dbac137dd50b8,,False,,,osdr_processed_payload_not_required_for_diagnostic,out_of_scope_processed_payload,out_of_scope_not_downloaded,do_not_download_for_current_diagnostic_freeze,https://osdr.nasa.gov/geode-py/ws/studies/OSD-120/download?source=datamanager&file=GLDS-120_rna_seq_processed_md5sum_GLbulkRNAseq.tsv,v9/multispecies/source_checksum_audit.draft.csv
osd120_diagnostic_payload_freeze,draft_osd120_arabidopsis_root_light_interaction_spaceflight,OSD-120,GLDS-120,Atha_Col-0_root_GC_Alight_Rep2_GSM2493760_Day13_GLbulkRNAseq_R1_trimmed.fastq.gz,md5,f93faa951f801d602f6b3123f86b04b1,,False,,,osdr_processed_payload_not_required_for_diagnostic,out_of_scope_processed_payload,out_of_scope_not_downloaded,do_not_download_for_current_diagnostic_freeze,https://osdr.nasa.gov/geode-py/ws/studies/OSD-120/download?source=datamanager&file=GLDS-120_rna_seq_processed_md5sum_GLbulkRNAseq.tsv,v9/multispecies/source_checksum_audit.draft.csv
osd120_diagnostic_payload_freeze,draft_osd120_arabidopsis_root_light_interaction_spaceflight,OSD-120,GLDS-120,Atha_Col-0-PhyD_root_FLT_dark_Rep1_GSM2493792_Day13_GLbulkRNAseq_R2_trimmed.fastq.gz,md5,30cf5a0ab30d3106ed16227ba0e7b53e,,False,,,osdr_processed_payload_not_required_for_diagnostic,out_of_scope_processed_payload,out_of_scope_not_downloaded,do_not_download_for_current_diagnostic_freeze,https://osdr.nasa.gov/geode-py/ws/studies/OSD-120/download?source=datamanager&file=GLDS-120_rna_seq_processed_md5sum_GLbulkRNAseq.tsv,v9/multispecies/source_checksum_audit.draft.csv
osd120_diagnostic_payload_freeze,draft_osd120_arabidopsis_root_light_interaction_spaceflight,OSD-120,GLDS-120,Atha_Col-0-PhyD_root_GC_Alight_Rep2_GSM2493766_Day13_GLbulkRNAseq_R1_trimmed.fastq.gz,md5,3d65215d72da6211a8818bd640b7f909,,False,,,osdr_processed_payload_not_required_for_diagnostic,out_of_scope_processed_payload,out_of_scope_not_downloaded,do_not_download_for_current_diagnostic_freeze,https://osdr.nasa.gov/geode-py/ws/studies/OSD-120/download?source=datamanager&file=GLDS-120_rna_seq_processed_md5sum_GLbulkRNAseq.tsv,v9/multispecies/source_checksum_audit.draft.csv
osd120_diagnostic_payload_freeze,draft_osd120_arabidopsis_root_light_interaction_spaceflight,OSD-120,GLDS-120,Atha_Ws_root_FLT_Alight_Rep3_GSM2493782_Day13_GLbulkRNAseq_R2_trimmed.fastq.gz,md5,46f01a77b95fd4bdca3eeb90105c6f62,,False,,,osdr_processed_payload_not_required_for_diagnostic,out_of_scope_processed_payload,out_of_scope_not_downloaded,do_not_download_for_current_diagnostic_freeze,https://osdr.nasa.gov/geode-py/ws/studies/OSD-120/download?source=datamanager&file=GLDS-120_rna_seq_processed_md5sum_GLbulkRNAseq.tsv,v9/multispecies/source_checksum_audit.draft.csv
osd120_diagnostic_payload_freeze,draft_osd120_arabidopsis_root_light_interaction_spaceflight,OSD-120,GLDS-120,Atha_Ws_root_GC_dark_Rep1_GSM2493771_Day13_GLbulkRNAseq_R1_trimmed.fastq.gz,md5,8a4ec680467a31b5d2f61c7e410ee5ad,,False,,,osdr_processed_payload_not_required_for_diagnostic,out_of_scope_processed_payload,out_of_scope_not_downloaded,do_not_download_for_current_diagnostic_freeze,https://osdr.nasa.gov/geode-py/ws/studies/OSD-120/download?source=datamanager&file=GLDS-120_rna_seq_processed_md5sum_GLbulkRNAseq.tsv,v9/multispecies/source_checksum_audit.draft.csv
osd120_diagnostic_payload_freeze,draft_osd120_arabidopsis_root_light_interaction_spaceflight,OSD-120,GLDS-120,Atha_Col-0-PhyD_root_FLT_Alight_Rep2_GSM2493784_Day13_GLbulkRNAseq_R1_trimmed.fastq.gz,md5,fafdc4ee5eb195d49d6dea33e71a8c6c,,False,,,osdr_processed_payload_not_required_for_diagnostic,out_of_scope_processed_payload,out_of_scope_not_downloaded,do_not_download_for_current_diagnostic_freeze,https://osdr.nasa.gov/geode-py/ws/studies/OSD-120/download?source=datamanager&file=GLDS-120_rna_seq_processed_md5sum_GLbulkRNAseq.tsv,v9/multispecies/source_checksum_audit.draft.csv
osd120_diagnostic_payload_freeze,draft_osd120_arabidopsis_root_light_interaction_spaceflight,OSD-120,GLDS-120,Atha_Col-0_root_FLT_Alight_Rep1_GSM2493777_Day13_GLbulkRNAseq_R2_trimmed.fastq.gz,md5,3481cec6715bfc4ad769984015a9cee5,,False,,,osdr_processed_payload_not_required_for_diagnostic,out_of_scope_processed_payload,out_of_scope_not_downloaded,do_not_download_for_current_diagnostic_freeze,https://osdr.nasa.gov/geode-py/ws/studies/OSD-120/download?source=datamanager&file=GLDS-120_rna_seq_processed_md5sum_GLbulkRNAseq.tsv,v9/multispecies/source_checksum_audit.draft.csv
osd120_diagnostic_payload_freeze,draft_osd120_arabidopsis_root_light_interaction_spaceflight,OSD-120,GLDS-120,Atha_Col-0_root_GC_dark_Rep2_GSM2493769_Day13_GLbulkRNAseq_R2_trimmed.fastq.gz,md5,e01cd755c1876943535afe8b0a0e97c1,,False,,,osdr_processed_payload_not_required_for_diagnostic,out_of_scope_processed_payload,out_of_scope_not_downloaded,do_not_download_for_current_diagnostic_freeze,https://osdr.nasa.gov/geode-py/ws/studies/OSD-120/download?source=datamanager&file=GLDS-120_rna_seq_processed_md5sum_GLbulkRNAseq.tsv,v9/multispecies/source_checksum_audit.draft.csv
osd120_diagnostic_payload_freeze,draft_osd120_arabidopsis_root_light_interaction_spaceflight,OSD-120,GLDS-120,trimmed_multiqc_GLbulkRNAseq.html,md5,87afe9ced58e11560af625cdaaaf6737,,False,,,osdr_processed_payload_not_required_for_diagnostic,out_of_scope_processed_payload,out_of_scope_not_downloaded,do_not_download_for_current_diagnostic_freeze,https://osdr.nasa.gov/geode-py/ws/studies/OSD-120/download?source=datamanager&file=GLDS-120_rna_seq_processed_md5sum_GLbulkRNAseq.tsv,v9/multispecies/source_checksum_audit.draft.csv
osd120_diagnostic_payload_freeze,draft_osd120_arabidopsis_root_light_interaction_spaceflight,OSD-120,GLDS-120,trimmed_multiqc_GLbulkRNAseq_data.zip,md5,e6a6cff1f8be4778011d3ca5656f81bc,,False,,,osdr_processed_payload_not_required_for_diagnostic,out_of_scope_processed_payload,out_of_scope_not_downloaded,do_not_download_for_current_diagnostic_freeze,https://osdr.nasa.gov/geode-py/ws/studies/OSD-120/download?source=datamanager&file=GLDS-120_rna_seq_processed_md5sum_GLbulkRNAseq.tsv,v9/multispecies/source_checksum_audit.draft.csv
osd120_diagnostic_payload_freeze,draft_osd120_arabidopsis_root_light_interaction_spaceflight,OSD-120,GLDS-120,RSEM_Unnormalized_Counts_GLbulkRNAseq.csv,md5,88ddd6607af51c29374b7090451f1f30,,False,,,osdr_processed_payload_not_required_for_diagnostic,out_of_scope_processed_payload,out_of_scope_not_downloaded,do_not_download_for_current_diagnostic_freeze,https://osdr.nasa.gov/geode-py/ws/studies/OSD-120/download?source=datamanager&file=GLDS-120_rna_seq_processed_md5sum_GLbulkRNAseq.tsv,v9/multispecies/source_checksum_audit.draft.csv
osd120_diagnostic_payload_freeze,draft_osd120_arabidopsis_root_light_interaction_spaceflight,OSD-120,GLDS-120,Atha_Col-0_root_GC_Alight_Rep2_GSM2493760_Day13_GLbulkRNAseq.isoforms.results,md5,1ccf449fd5a5529e2d3c0dedba9bf65b,,False,,,osdr_processed_payload_not_required_for_diagnostic,out_of_scope_processed_payload,out_of_scope_not_downloaded,do_not_download_for_current_diagnostic_freeze,https://osdr.nasa.gov/geode-py/ws/studies/OSD-120/download?source=datamanager&file=GLDS-120_rna_seq_processed_md5sum_GLbulkRNAseq.tsv,v9/multispecies/source_checksum_audit.draft.csv
osd120_diagnostic_payload_freeze,draft_osd120_arabidopsis_root_light_interaction_spaceflight,OSD-120,GLDS-120,Atha_Col-0_root_GC_Alight_Rep2_GSM2493760_Day13_GLbulkRNAseq.genes.results,md5,782162aa01a577b764d8d449dbb982ba,,False,,,osdr_processed_payload_not_required_for_diagnostic,out_of_scope_processed_payload,out_of_scope_not_downloaded,do_not_download_for_current_diagnostic_freeze,https://osdr.nasa.gov/geode-py/ws/studies/OSD-120/download?source=datamanager&file=GLDS-120_rna_seq_processed_md5sum_GLbulkRNAseq.tsv,v9/multispecies/source_checksum_audit.draft.csv
osd120_diagnostic_payload_freeze,draft_osd120_arabidopsis_root_light_interaction_spaceflight,OSD-120,GLDS-120,Atha_Col-0_root_GC_Alight_Rep2_GSM2493760_Day13_GLbulkRNAseq_rRNArm.genes.results,md5,9ed120ea62df75ed6c5977d7fd634161,,False,,,osdr_processed_payload_not_required_for_diagnostic,out_of_scope_processed_payload,out_of_scope_not_downloaded,do_not_download_for_current_diagnostic_freeze,https://osdr.nasa.gov/geode-py/ws/studies/OSD-120/download?source=datamanager&file=GLDS-120_rna_seq_processed_md5sum_GLbulkRNAseq.tsv,v9/multispecies/source_checksum_audit.draft.csv
osd120_diagnostic_payload_freeze,draft_osd120_arabidopsis_root_light_interaction_spaceflight,OSD-120,GLDS-120,Atha_Col-0-PhyD_root_GC_dark_Rep2_GSM2493775_Day13_GLbulkRNAseq_rRNArm.genes.results,md5,2699b9f57dfaa67cb01c6966a09e2768,,False,,,osdr_processed_payload_not_required_for_diagnostic,out_of_scope_processed_payload,out_of_scope_not_downloaded,do_not_download_for_current_diagnostic_freeze,https://osdr.nasa.gov/geode-py/ws/studies/OSD-120/download?source=datamanager&file=GLDS-120_rna_seq_processed_md5sum_GLbulkRNAseq.tsv,v9/multispecies/source_checksum_audit.draft.csv
osd120_diagnostic_payload_freeze,draft_osd120_arabidopsis_root_light_interaction_spaceflight,OSD-120,GLDS-120,Atha_Col-0-PhyD_root_GC_dark_Rep2_GSM2493775_Day13_GLbulkRNAseq.isoforms.results,md5,1b130e14bd4fe26bc5927fa13072041b,,False,,,osdr_processed_payload_not_required_for_diagnostic,out_of_scope_processed_payload,out_of_scope_not_downloaded,do_not_download_for_current_diagnostic_freeze,https://osdr.nasa.gov/geode-py/ws/studies/OSD-120/download?source=datamanager&file=GLDS-120_rna_seq_processed_md5sum_GLbulkRNAseq.tsv,v9/multispecies/source_checksum_audit.draft.csv
osd120_diagnostic_payload_freeze,draft_osd120_arabidopsis_root_light_interaction_spaceflight,OSD-120,GLDS-120,Atha_Col-0-PhyD_root_GC_dark_Rep2_GSM2493775_Day13_GLbulkRNAseq.genes.results,md5,f027fe78e1b96e2b2341cc61e5fd5992,,False,,,osdr_processed_payload_not_required_for_diagnostic,out_of_scope_processed_payload,out_of_scope_not_downloaded,do_not_download_for_current_diagnostic_freeze,https://osdr.nasa.gov/geode-py/ws/studies/OSD-120/download?source=datamanager&file=GLDS-120_rna_seq_processed_md5sum_GLbulkRNAseq.tsv,v9/multispecies/source_checksum_audit.draft.csv
osd120_diagnostic_payload_freeze,draft_osd120_arabidopsis_root_light_interaction_spaceflight,OSD-120,GLDS-120,Atha_Col-0-PhyD_root_GC_Alight_Rep2_GSM2493766_Day13_GLbulkRNAseq_rRNArm.genes.results,md5,af57cbf125cc42542ce3ed3236f927a3,,False,,,osdr_processed_payload_not_required_for_diagnostic,out_of_scope_processed_payload,out_of_scope_not_downloaded,do_not_download_for_current_diagnostic_freeze,https://osdr.nasa.gov/geode-py/ws/studies/OSD-120/download?source=datamanager&file=GLDS-120_rna_seq_processed_md5sum_GLbulkRNAseq.tsv,v9/multispecies/source_checksum_audit.draft.csv
osd120_diagnostic_payload_freeze,draft_osd120_arabidopsis_root_light_interaction_spaceflight,OSD-120,GLDS-120,Atha_Col-0-PhyD_root_GC_Alight_Rep2_GSM2493766_Day13_GLbulkRNAseq.isoforms.results,md5,c60e1e52e69c0b90a36679864acd514a,,False,,,osdr_processed_payload_not_required_for_diagnostic,out_of_scope_processed_payload,out_of_scope_not_downloaded,do_not_download_for_current_diagnostic_freeze,https://osdr.nasa.gov/geode-py/ws/studies/OSD-120/download?source=datamanager&file=GLDS-120_rna_seq_processed_md5sum_GLbulkRNAseq.tsv,v9/multispecies/source_checksum_audit.draft.csv
osd120_diagnostic_payload_freeze,draft_osd120_arabidopsis_root_light_interaction_spaceflight,OSD-120,GLDS-120,Atha_Col-0-PhyD_root_GC_Alight_Rep2_GSM2493766_Day13_GLbulkRNAseq.genes.results,md5,fd4abb94fff47e9eb3d20d2afe67db7d,,False,,,osdr_processed_payload_not_required_for_diagnostic,out_of_scope_processed_payload,out_of_scope_not_downloaded,do_not_download_for_current_diagnostic_freeze,https://osdr.nasa.gov/geode-py/ws/studies/OSD-120/download?source=datamanager&file=GLDS-120_rna_seq_processed_md5sum_GLbulkRNAseq.tsv,v9/multispecies/source_checksum_audit.draft.csv
osd120_diagnostic_payload_freeze,draft_osd120_arabidopsis_root_light_interaction_spaceflight,OSD-120,GLDS-120,RSEM_count_multiqc_GLbulkRNAseq.html,md5,645a6cb656e319d7b5fd777e4f7a24e3,,False,,,osdr_processed_payload_not_required_for_diagnostic,out_of_scope_processed_payload,out_of_scope_not_downloaded,do_not_download_for_current_diagnostic_freeze,https://osdr.nasa.gov/geode-py/ws/studies/OSD-120/download?source=datamanager&file=GLDS-120_rna_seq_processed_md5sum_GLbulkRNAseq.tsv,v9/multispecies/source_checksum_audit.draft.csv
osd120_diagnostic_payload_freeze,draft_osd120_arabidopsis_root_light_interaction_spaceflight,OSD-120,GLDS-120,RSEM_count_multiqc_GLbulkRNAseq_data.zip,md5,81d2f738497ae746ebbe9957c7c9975f,,False,,,osdr_processed_payload_not_required_for_diagnostic,out_of_scope_processed_payload,out_of_scope_not_downloaded,do_not_download_for_current_diagnostic_freeze,https://osdr.nasa.gov/geode-py/ws/studies/OSD-120/download?source=datamanager&file=GLDS-120_rna_seq_processed_md5sum_GLbulkRNAseq.tsv,v9/multispecies/source_checksum_audit.draft.csv
osd120_diagnostic_payload_freeze,draft_osd120_arabidopsis_root_light_interaction_spaceflight,OSD-120,GLDS-120,Atha_Col-0_root_FLT_dark_Rep3_GSM2493788_Day13_GLbulkRNAseq_rRNArm.genes.results,md5,63ee19f0fbf58091bffdd93749eba7ee,,False,,,osdr_processed_payload_not_required_for_diagnostic,out_of_scope_processed_payload,out_of_scope_not_downloaded,do_not_download_for_current_diagnostic_freeze,https://osdr.nasa.gov/geode-py/ws/studies/OSD-120/download?source=datamanager&file=GLDS-120_rna_seq_processed_md5sum_GLbulkRNAseq.tsv,v9/multispecies/source_checksum_audit.draft.csv
osd120_diagnostic_payload_freeze,draft_osd120_arabidopsis_root_light_interaction_spaceflight,OSD-120,GLDS-120,Atha_Col-0_root_FLT_dark_Rep3_GSM2493788_Day13_GLbulkRNAseq.genes.results,md5,cd7afb5714b067af55a96352b804897a,,False,,,osdr_processed_payload_not_required_for_diagnostic,out_of_scope_processed_payload,out_of_scope_not_downloaded,do_not_download_for_current_diagnostic_freeze,https://osdr.nasa.gov/geode-py/ws/studies/OSD-120/download?source=datamanager&file=GLDS-120_rna_seq_processed_md5sum_GLbulkRNAseq.tsv,v9/multispecies/source_checksum_audit.draft.csv
osd120_diagnostic_payload_freeze,draft_osd120_arabidopsis_root_light_interaction_spaceflight,OSD-120,GLDS-120,Atha_Col-0_root_FLT_dark_Rep3_GSM2493788_Day13_GLbulkRNAseq.isoforms.results,md5,f87ba8a9ddfa14dc250887e31a8e007a,,False,,,osdr_processed_payload_not_required_for_diagnostic,out_of_scope_processed_payload,out_of_scope_not_downloaded,do_not_download_for_current_diagnostic_freeze,https://osdr.nasa.gov/geode-py/ws/studies/OSD-120/download?source=datamanager&file=GLDS-120_rna_seq_processed_md5sum_GLbulkRNAseq.tsv,v9/multispecies/source_checksum_audit.draft.csv
osd120_diagnostic_payload_freeze,draft_osd120_arabidopsis_root_light_interaction_spaceflight,OSD-120,GLDS-120,Atha_Ws_root_GC_Alight_Rep3_GSM2493764_Day13_GLbulkRNAseq_rRNArm.genes.results,md5,4d5d6c84a0562b37f84b5663693c23ec,,False,,,osdr_processed_payload_not_required_for_diagnostic,out_of_scope_processed_payload,out_of_scope_not_downloaded,do_not_download_for_current_diagnostic_freeze,https://osdr.nasa.gov/geode-py/ws/studies/OSD-120/download?source=datamanager&file=GLDS-120_rna_seq_processed_md5sum_GLbulkRNAseq.tsv,v9/multispecies/source_checksum_audit.draft.csv
osd120_diagnostic_payload_freeze,draft_osd120_arabidopsis_root_light_interaction_spaceflight,OSD-120,GLDS-120,Atha_Ws_root_GC_Alight_Rep3_GSM2493764_Day13_GLbulkRNAseq.genes.results,md5,2d0bf0b1e9c49ad39ba4c632f8cefd70,,False,,,osdr_processed_payload_not_required_for_diagnostic,out_of_scope_processed_payload,out_of_scope_not_downloaded,do_not_download_for_current_diagnostic_freeze,https://osdr.nasa.gov/geode-py/ws/studies/OSD-120/download?source=datamanager&file=GLDS-120_rna_seq_processed_md5sum_GLbulkRNAseq.tsv,v9/multispecies/source_checksum_audit.draft.csv
osd120_diagnostic_payload_freeze,draft_osd120_arabidopsis_root_light_interaction_spaceflight,OSD-120,GLDS-120,Atha_Ws_root_GC_Alight_Rep3_GSM2493764_Day13_GLbulkRNAseq.isoforms.results,md5,d026358491beb5fba4e21aed9f04a794,,False,,,osdr_processed_payload_not_required_for_diagnostic,out_of_scope_processed_payload,out_of_scope_not_downloaded,do_not_download_for_current_diagnostic_freeze,https://osdr.nasa.gov/geode-py/ws/studies/OSD-120/download?source=datamanager&file=GLDS-120_rna_seq_processed_md5sum_GLbulkRNAseq.tsv,v9/multispecies/source_checksum_audit.draft.csv
osd120_diagnostic_payload_freeze,draft_osd120_arabidopsis_root_light_interaction_spaceflight,OSD-120,GLDS-120,Atha_Col-0-PhyD_root_GC_dark_Rep1_GSM2493774_Day13_GLbulkRNAseq_rRNArm.genes.results,md5,97eec592faab176d4a2776160eb1af7f,,False,,,osdr_processed_payload_not_required_for_diagnostic,out_of_scope_processed_payload,out_of_scope_not_downloaded,do_not_download_for_current_diagnostic_freeze,https://osdr.nasa.gov/geode-py/ws/studies/OSD-120/download?source=datamanager&file=GLDS-120_rna_seq_processed_md5sum_GLbulkRNAseq.tsv,v9/multispecies/source_checksum_audit.draft.csv
osd120_diagnostic_payload_freeze,draft_osd120_arabidopsis_root_light_interaction_spaceflight,OSD-120,GLDS-120,Atha_Col-0-PhyD_root_GC_dark_Rep1_GSM2493774_Day13_GLbulkRNAseq.isoforms.results,md5,502d4e45153c209c9bd97a70823cf7eb,,False,,,osdr_processed_payload_not_required_for_diagnostic,out_of_scope_processed_payload,out_of_scope_not_downloaded,do_not_download_for_current_diagnostic_freeze,https://osdr.nasa.gov/geode-py/ws/studies/OSD-120/download?source=datamanager&file=GLDS-120_rna_seq_processed_md5sum_GLbulkRNAseq.tsv,v9/multispecies/source_checksum_audit.draft.csv
osd120_diagnostic_payload_freeze,draft_osd120_arabidopsis_root_light_interaction_spaceflight,OSD-120,GLDS-120,Atha_Col-0-PhyD_root_GC_dark_Rep1_GSM2493774_Day13_GLbulkRNAseq.genes.results,md5,bba41c2faa3c3da9efe1ab12881aae0b,,False,,,osdr_processed_payload_not_required_for_diagnostic,out_of_scope_processed_payload,out_of_scope_not_downloaded,do_not_download_for_current_diagnostic_freeze,https://osdr.nasa.gov/geode-py/ws/studies/OSD-120/download?source=datamanager&file=GLDS-120_rna_seq_processed_md5sum_GLbulkRNAseq.tsv,v9/multispecies/source_checksum_audit.draft.csv
osd120_diagnostic_payload_freeze,draft_osd120_arabidopsis_root_light_interaction_spaceflight,OSD-120,GLDS-120,Atha_Col-0_root_GC_dark_Rep3_GSM2493770_Day13_GLbulkRNAseq_rRNArm.genes.results,md5,f9e8672cc273f68c9a1a5289418e262b,,False,,,osdr_processed_payload_not_required_for_diagnostic,out_of_scope_processed_payload,out_of_scope_not_downloaded,do_not_download_for_current_diagnostic_freeze,https://osdr.nasa.gov/geode-py/ws/studies/OSD-120/download?source=datamanager&file=GLDS-120_rna_seq_processed_md5sum_GLbulkRNAseq.tsv,v9/multispecies/source_checksum_audit.draft.csv
osd120_diagnostic_payload_freeze,draft_osd120_arabidopsis_root_light_interaction_spaceflight,OSD-120,GLDS-120,Atha_Col-0_root_GC_dark_Rep3_GSM2493770_Day13_GLbulkRNAseq.genes.results,md5,cc3a8f0ae4ed8151194a3a19a1c2bf9b,,False,,,osdr_processed_payload_not_required_for_diagnostic,out_of_scope_processed_payload,out_of_scope_not_downloaded,do_not_download_for_current_diagnostic_freeze,https://osdr.nasa.gov/geode-py/ws/studies/OSD-120/download?source=datamanager&file=GLDS-120_rna_seq_processed_md5sum_GLbulkRNAseq.tsv,v9/multispecies/source_checksum_audit.draft.csv
osd120_diagnostic_payload_freeze,draft_osd120_arabidopsis_root_light_interaction_spaceflight,OSD-120,GLDS-120,Atha_Col-0_root_GC_dark_Rep3_GSM2493770_Day13_GLbulkRNAseq.isoforms.results,md5,ffbffa6bb5e51410e87d7715094b2063,,False,,,osdr_processed_payload_not_required_for_diagnostic,out_of_scope_processed_payload,out_of_scope_not_downloaded,do_not_download_for_current_diagnostic_freeze,https://osdr.nasa.gov/geode-py/ws/studies/OSD-120/download?source=datamanager&file=GLDS-120_rna_seq_processed_md5sum_GLbulkRNAseq.tsv,v9/multispecies/source_checksum_audit.draft.csv
osd120_diagnostic_payload_freeze,draft_osd120_arabidopsis_root_light_interaction_spaceflight,OSD-120,GLDS-120,Atha_Col-0-PhyD_root_FLT_dark_Rep3_GSM2493794_Day13_GLbulkRNAseq.genes.results,md5,571be22d86b4932791ffca247c9d8fd3,,False,,,osdr_processed_payload_not_required_for_diagnostic,out_of_scope_processed_payload,out_of_scope_not_downloaded,do_not_download_for_current_diagnostic_freeze,https://osdr.nasa.gov/geode-py/ws/studies/OSD-120/download?source=datamanager&file=GLDS-120_rna_seq_processed_md5sum_GLbulkRNAseq.tsv,v9/multispecies/source_checksum_audit.draft.csv
osd120_diagnostic_payload_freeze,draft_osd120_arabidopsis_root_light_interaction_spaceflight,OSD-120,GLDS-120,Atha_Col-0-PhyD_root_FLT_dark_Rep3_GSM2493794_Day13_GLbulkRNAseq.isoforms.results,md5,44f814ce2fd0973acd43b3122c08f188,,False,,,osdr_processed_payload_not_required_for_diagnostic,out_of_scope_processed_payload,out_of_scope_not_downloaded,do_not_download_for_current_diagnostic_freeze,https://osdr.nasa.gov/geode-py/ws/studies/OSD-120/download?source=datamanager&file=GLDS-120_rna_seq_processed_md5sum_GLbulkRNAseq.tsv,v9/multispecies/source_checksum_audit.draft.csv
osd120_diagnostic_payload_freeze,draft_osd120_arabidopsis_root_light_interaction_spaceflight,OSD-120,GLDS-120,Atha_Col-0-PhyD_root_FLT_dark_Rep3_GSM2493794_Day13_GLbulkRNAseq_rRNArm.genes.results,md5,979dc6204708d8944f3c3d673c0c05ee,,False,,,osdr_processed_payload_not_required_for_diagnostic,out_of_scope_processed_payload,out_of_scope_not_downloaded,do_not_download_for_current_diagnostic_freeze,https://osdr.nasa.gov/geode-py/ws/studies/OSD-120/download?source=datamanager&file=GLDS-120_rna_seq_processed_md5sum_GLbulkRNAseq.tsv,v9/multispecies/source_checksum_audit.draft.csv
osd120_diagnostic_payload_freeze,draft_osd120_arabidopsis_root_light_interaction_spaceflight,OSD-120,GLDS-120,Atha_Col-0-PhyD_root_GC_Alight_Rep3_GSM2493767_Day13_GLbulkRNAseq.isoforms.results,md5,a62331bbd34bb78d93f89a26c4a15951,,False,,,osdr_processed_payload_not_required_for_diagnostic,out_of_scope_processed_payload,out_of_scope_not_downloaded,do_not_download_for_current_diagnostic_freeze,https://osdr.nasa.gov/geode-py/ws/studies/OSD-120/download?source=datamanager&file=GLDS-120_rna_seq_processed_md5sum_GLbulkRNAseq.tsv,v9/multispecies/source_checksum_audit.draft.csv
osd120_diagnostic_payload_freeze,draft_osd120_arabidopsis_root_light_interaction_spaceflight,OSD-120,GLDS-120,Atha_Col-0-PhyD_root_GC_Alight_Rep3_GSM2493767_Day13_GLbulkRNAseq.genes.results,md5,41130c6497c6c1fa8763d3d76fce12b6,,False,,,osdr_processed_payload_not_required_for_diagnostic,out_of_scope_processed_payload,out_of_scope_not_downloaded,do_not_download_for_current_diagnostic_freeze,https://osdr.nasa.gov/geode-py/ws/studies/OSD-120/download?source=datamanager&file=GLDS-120_rna_seq_processed_md5sum_GLbulkRNAseq.tsv,v9/multispecies/source_checksum_audit.draft.csv
osd120_diagnostic_payload_freeze,draft_osd120_arabidopsis_root_light_interaction_spaceflight,OSD-120,GLDS-120,Atha_Col-0-PhyD_root_GC_Alight_Rep3_GSM2493767_Day13_GLbulkRNAseq_rRNArm.genes.results,md5,dd631b6c57e2fca3effb127535b8b524,,False,,,osdr_processed_payload_not_required_for_diagnostic,out_of_scope_processed_payload,out_of_scope_not_downloaded,do_not_download_for_current_diagnostic_freeze,https://osdr.nasa.gov/geode-py/ws/studies/OSD-120/download?source=datamanager&file=GLDS-120_rna_seq_processed_md5sum_GLbulkRNAseq.tsv,v9/multispecies/source_checksum_audit.draft.csv
osd120_diagnostic_payload_freeze,draft_osd120_arabidopsis_root_light_interaction_spaceflight,OSD-120,GLDS-120,Atha_Col-0_root_GC_Alight_Rep3_GSM2493761_Day13_GLbulkRNAseq.isoforms.results,md5,0fda2285c78b59a58ef0312aa0c70da2,,False,,,osdr_processed_payload_not_required_for_diagnostic,out_of_scope_processed_payload,out_of_scope_not_downloaded,do_not_download_for_current_diagnostic_freeze,https://osdr.nasa.gov/geode-py/ws/studies/OSD-120/download?source=datamanager&file=GLDS-120_rna_seq_processed_md5sum_GLbulkRNAseq.tsv,v9/multispecies/source_checksum_audit.draft.csv
osd120_diagnostic_payload_freeze,draft_osd120_arabidopsis_root_light_interaction_spaceflight,OSD-120,GLDS-120,Atha_Col-0_root_GC_Alight_Rep3_GSM2493761_Day13_GLbulkRNAseq.genes.results,md5,1f9dafc840cef4c7253b5698bc2de199,,False,,,osdr_processed_payload_not_required_for_diagnostic,out_of_scope_processed_payload,out_of_scope_not_downloaded,do_not_download_for_current_diagnostic_freeze,https://osdr.nasa.gov/geode-py/ws/studies/OSD-120/download?source=datamanager&file=GLDS-120_rna_seq_processed_md5sum_GLbulkRNAseq.tsv,v9/multispecies/source_checksum_audit.draft.csv
osd120_diagnostic_payload_freeze,draft_osd120_arabidopsis_root_light_interaction_spaceflight,OSD-120,GLDS-120,Atha_Col-0_root_GC_Alight_Rep3_GSM2493761_Day13_GLbulkRNAseq_rRNArm.genes.results,md5,21e7c63274e0b335b658ae848525d9ec,,False,,,osdr_processed_payload_not_required_for_diagnostic,out_of_scope_processed_payload,out_of_scope_not_downloaded,do_not_download_for_current_diagnostic_freeze,https://osdr.nasa.gov/geode-py/ws/studies/OSD-120/download?source=datamanager&file=GLDS-120_rna_seq_processed_md5sum_GLbulkRNAseq.tsv,v9/multispecies/source_checksum_audit.draft.csv
osd120_diagnostic_payload_freeze,draft_osd120_arabidopsis_root_light_interaction_spaceflight,OSD-120,GLDS-120,Atha_Col-0-PhyD_root_FLT_Alight_Rep2_GSM2493784_Day13_GLbulkRNAseq.isoforms.results,md5,dc266e903bcecad74dfff0be6e2fa0dd,,False,,,osdr_processed_payload_not_required_for_diagnostic,out_of_scope_processed_payload,out_of_scope_not_downloaded,do_not_download_for_current_diagnostic_freeze,https://osdr.nasa.gov/geode-py/ws/studies/OSD-120/download?source=datamanager&file=GLDS-120_rna_seq_processed_md5sum_GLbulkRNAseq.tsv,v9/multispecies/source_checksum_audit.draft.csv
osd120_diagnostic_payload_freeze,draft_osd120_arabidopsis_root_light_interaction_spaceflight,OSD-120,GLDS-120,Atha_Col-0-PhyD_root_FLT_Alight_Rep2_GSM2493784_Day13_GLbulkRNAseq_rRNArm.genes.results,md5,f66fb696a183e2cb4af7f6493b91b62d,,False,,,osdr_processed_payload_not_required_for_diagnostic,out_of_scope_processed_payload,out_of_scope_not_downloaded,do_not_download_for_current_diagnostic_freeze,https://osdr.nasa.gov/geode-py/ws/studies/OSD-120/download?source=datamanager&file=GLDS-120_rna_seq_processed_md5sum_GLbulkRNAseq.tsv,v9/multispecies/source_checksum_audit.draft.csv
osd120_diagnostic_payload_freeze,draft_osd120_arabidopsis_root_light_interaction_spaceflight,OSD-120,GLDS-120,Atha_Col-0-PhyD_root_FLT_Alight_Rep2_GSM2493784_Day13_GLbulkRNAseq.genes.results,md5,c5b172d0db7475c9f4bd3c0354639678,,False,,,osdr_processed_payload_not_required_for_diagnostic,out_of_scope_processed_payload,out_of_scope_not_downloaded,do_not_download_for_current_diagnostic_freeze,https://osdr.nasa.gov/geode-py/ws/studies/OSD-120/download?source=datamanager&file=GLDS-120_rna_seq_processed_md5sum_GLbulkRNAseq.tsv,v9/multispecies/source_checksum_audit.draft.csv
osd120_diagnostic_payload_freeze,draft_osd120_arabidopsis_root_light_interaction_spaceflight,OSD-120,GLDS-120,Atha_Col-0-PhyD_root_GC_Alight_Rep1_GSM2493765_Day13_GLbulkRNAseq.genes.results,md5,4f22b2a3dc4d3ad6329ef5e942944095,,False,,,osdr_processed_payload_not_required_for_diagnostic,out_of_scope_processed_payload,out_of_scope_not_downloaded,do_not_download_for_current_diagnostic_freeze,https://osdr.nasa.gov/geode-py/ws/studies/OSD-120/download?source=datamanager&file=GLDS-120_rna_seq_processed_md5sum_GLbulkRNAseq.tsv,v9/multispecies/source_checksum_audit.draft.csv
osd120_diagnostic_payload_freeze,draft_osd120_arabidopsis_root_light_interaction_spaceflight,OSD-120,GLDS-120,Atha_Col-0-PhyD_root_GC_Alight_Rep1_GSM2493765_Day13_GLbulkRNAseq.isoforms.results,md5,b3a11976a1a7c4e49e291f8113bead54,,False,,,osdr_processed_payload_not_required_for_diagnostic,out_of_scope_processed_payload,out_of_scope_not_downloaded,do_not_download_for_current_diagnostic_freeze,https://osdr.nasa.gov/geode-py/ws/studies/OSD-120/download?source=datamanager&file=GLDS-120_rna_seq_processed_md5sum_GLbulkRNAseq.tsv,v9/multispecies/source_checksum_audit.draft.csv
osd120_diagnostic_payload_freeze,draft_osd120_arabidopsis_root_light_interaction_spaceflight,OSD-120,GLDS-120,Atha_Col-0-PhyD_root_GC_Alight_Rep1_GSM2493765_Day13_GLbulkRNAseq_rRNArm.genes.results,md5,f80a90d80424e56f970ceae23433804a,,False,,,osdr_processed_payload_not_required_for_diagnostic,out_of_scope_processed_payload,out_of_scope_not_downloaded,do_not_download_for_current_diagnostic_freeze,https://osdr.nasa.gov/geode-py/ws/studies/OSD-120/download?source=datamanager&file=GLDS-120_rna_seq_processed_md5sum_GLbulkRNAseq.tsv,v9/multispecies/source_checksum_audit.draft.csv
osd120_diagnostic_payload_freeze,draft_osd120_arabidopsis_root_light_interaction_spaceflight,OSD-120,GLDS-120,Atha_Col-0_root_GC_Alight_Rep1_GSM2493759_Day13_GLbulkRNAseq.genes.results,md5,407b795789aecbc6ccd25265f8a62d02,,False,,,osdr_processed_payload_not_required_for_diagnostic,out_of_scope_processed_payload,out_of_scope_not_downloaded,do_not_download_for_current_diagnostic_freeze,https://osdr.nasa.gov/geode-py/ws/studies/OSD-120/download?source=datamanager&file=GLDS-120_rna_seq_processed_md5sum_GLbulkRNAseq.tsv,v9/multispecies/source_checksum_audit.draft.csv
osd120_diagnostic_payload_freeze,draft_osd120_arabidopsis_root_light_interaction_spaceflight,OSD-120,GLDS-120,Atha_Col-0_root_GC_Alight_Rep1_GSM2493759_Day13_GLbulkRNAseq.isoforms.results,md5,5e0d019e8f36386340622ebf498c94e5,,False,,,osdr_processed_payload_not_required_for_diagnostic,out_of_scope_processed_payload,out_of_scope_not_downloaded,do_not_download_for_current_diagnostic_freeze,https://osdr.nasa.gov/geode-py/ws/studies/OSD-120/download?source=datamanager&file=GLDS-120_rna_seq_processed_md5sum_GLbulkRNAseq.tsv,v9/multispecies/source_checksum_audit.draft.csv
osd120_diagnostic_payload_freeze,draft_osd120_arabidopsis_root_light_interaction_spaceflight,OSD-120,GLDS-120,Atha_Col-0_root_GC_Alight_Rep1_GSM2493759_Day13_GLbulkRNAseq_rRNArm.genes.results,md5,ad34b53d0710dbf85fc128f95a7b6100,,False,,,osdr_processed_payload_not_required_for_diagnostic,out_of_scope_processed_payload,out_of_scope_not_downloaded,do_not_download_for_current_diagnostic_freeze,https://osdr.nasa.gov/geode-py/ws/studies/OSD-120/download?source=datamanager&file=GLDS-120_rna_seq_processed_md5sum_GLbulkRNAseq.tsv,v9/multispecies/source_checksum_audit.draft.csv
osd120_diagnostic_payload_freeze,draft_osd120_arabidopsis_root_light_interaction_spaceflight,OSD-120,GLDS-120,Atha_Col-0_root_FLT_dark_Rep1_GSM2493786_Day13_GLbulkRNAseq.genes.results,md5,2a654c4007e5196ec289fc8323219a71,,False,,,osdr_processed_payload_not_required_for_diagnostic,out_of_scope_processed_payload,out_of_scope_not_downloaded,do_not_download_for_current_diagnostic_freeze,https://osdr.nasa.gov/geode-py/ws/studies/OSD-120/download?source=datamanager&file=GLDS-120_rna_seq_processed_md5sum_GLbulkRNAseq.tsv,v9/multispecies/source_checksum_audit.draft.csv
osd120_diagnostic_payload_freeze,draft_osd120_arabidopsis_root_light_interaction_spaceflight,OSD-120,GLDS-120,Atha_Col-0_root_FLT_dark_Rep1_GSM2493786_Day13_GLbulkRNAseq_rRNArm.genes.results,md5,1485e4dbb05a570f5d496934aeb893f9,,False,,,osdr_processed_payload_not_required_for_diagnostic,out_of_scope_processed_payload,out_of_scope_not_downloaded,do_not_download_for_current_diagnostic_freeze,https://osdr.nasa.gov/geode-py/ws/studies/OSD-120/download?source=datamanager&file=GLDS-120_rna_seq_processed_md5sum_GLbulkRNAseq.tsv,v9/multispecies/source_checksum_audit.draft.csv
osd120_diagnostic_payload_freeze,draft_osd120_arabidopsis_root_light_interaction_spaceflight,OSD-120,GLDS-120,Atha_Col-0_root_FLT_dark_Rep1_GSM2493786_Day13_GLbulkRNAseq.isoforms.results,md5,dd9ce1134621f9f156971249ab410471,,False,,,osdr_processed_payload_not_required_for_diagnostic,out_of_scope_processed_payload,out_of_scope_not_downloaded,do_not_download_for_current_diagnostic_freeze,https://osdr.nasa.gov/geode-py/ws/studies/OSD-120/download?source=datamanager&file=GLDS-120_rna_seq_processed_md5sum_GLbulkRNAseq.tsv,v9/multispecies/source_checksum_audit.draft.csv
osd120_diagnostic_payload_freeze,draft_osd120_arabidopsis_root_light_interaction_spaceflight,OSD-120,GLDS-120,Atha_Col-0_root_GC_dark_Rep1_GSM2493768_Day13_GLbulkRNAseq.genes.results,md5,e7ad1882ff200d696dd9266702ed9daf,,False,,,osdr_processed_payload_not_required_for_diagnostic,out_of_scope_processed_payload,out_of_scope_not_downloaded,do_not_download_for_current_diagnostic_freeze,https://osdr.nasa.gov/geode-py/ws/studies/OSD-120/download?source=datamanager&file=GLDS-120_rna_seq_processed_md5sum_GLbulkRNAseq.tsv,v9/multispecies/source_checksum_audit.draft.csv
osd120_diagnostic_payload_freeze,draft_osd120_arabidopsis_root_light_interaction_spaceflight,OSD-120,GLDS-120,Atha_Col-0_root_GC_dark_Rep1_GSM2493768_Day13_GLbulkRNAseq.isoforms.results,md5,718e84accb07aaedf596b86748927936,,False,,,osdr_processed_payload_not_required_for_diagnostic,out_of_scope_processed_payload,out_of_scope_not_downloaded,do_not_download_for_current_diagnostic_freeze,https://osdr.nasa.gov/geode-py/ws/studies/OSD-120/download?source=datamanager&file=GLDS-120_rna_seq_processed_md5sum_GLbulkRNAseq.tsv,v9/multispecies/source_checksum_audit.draft.csv
osd120_diagnostic_payload_freeze,draft_osd120_arabidopsis_root_light_interaction_spaceflight,OSD-120,GLDS-120,Atha_Col-0_root_GC_dark_Rep1_GSM2493768_Day13_GLbulkRNAseq_rRNArm.genes.results,md5,29c63ab3728db40c5757160370648cb7,,False,,,osdr_processed_payload_not_required_for_diagnostic,out_of_scope_processed_payload,out_of_scope_not_downloaded,do_not_download_for_current_diagnostic_freeze,https://osdr.nasa.gov/geode-py/ws/studies/OSD-120/download?source=datamanager&file=GLDS-120_rna_seq_processed_md5sum_GLbulkRNAseq.tsv,v9/multispecies/source_checksum_audit.draft.csv
osd120_diagnostic_payload_freeze,draft_osd120_arabidopsis_root_light_interaction_spaceflight,OSD-120,GLDS-120,Atha_Col-0_root_GC_dark_Rep2_GSM2493769_Day13_GLbulkRNAseq.isoforms.results,md5,ceb6f01fe54dc8e0cfedf55ec2f13e55,,False,,,osdr_processed_payload_not_required_for_diagnostic,out_of_scope_processed_payload,out_of_scope_not_downloaded,do_not_download_for_current_diagnostic_freeze,https://osdr.nasa.gov/geode-py/ws/studies/OSD-120/download?source=datamanager&file=GLDS-120_rna_seq_processed_md5sum_GLbulkRNAseq.tsv,v9/multispecies/source_checksum_audit.draft.csv
osd120_diagnostic_payload_freeze,draft_osd120_arabidopsis_root_light_interaction_spaceflight,OSD-120,GLDS-120,Atha_Col-0_root_GC_dark_Rep2_GSM2493769_Day13_GLbulkRNAseq.genes.results,md5,9763ee0dbc2878162ece3cb97c7b9d2a,,False,,,osdr_processed_payload_not_required_for_diagnostic,out_of_scope_processed_payload,out_of_scope_not_downloaded,do_not_download_for_current_diagnostic_freeze,https://osdr.nasa.gov/geode-py/ws/studies/OSD-120/download?source=datamanager&file=GLDS-120_rna_seq_processed_md5sum_GLbulkRNAseq.tsv,v9/multispecies/source_checksum_audit.draft.csv
osd120_diagnostic_payload_freeze,draft_osd120_arabidopsis_root_light_interaction_spaceflight,OSD-120,GLDS-120,Atha_Col-0_root_GC_dark_Rep2_GSM2493769_Day13_GLbulkRNAseq_rRNArm.genes.results,md5,a4ea1baa18642927aab363946af65fd1,,False,,,osdr_processed_payload_not_required_for_diagnostic,out_of_scope_processed_payload,out_of_scope_not_downloaded,do_not_download_for_current_diagnostic_freeze,https://osdr.nasa.gov/geode-py/ws/studies/OSD-120/download?source=datamanager&file=GLDS-120_rna_seq_processed_md5sum_GLbulkRNAseq.tsv,v9/multispecies/source_checksum_audit.draft.csv
osd120_diagnostic_payload_freeze,draft_osd120_arabidopsis_root_light_interaction_spaceflight,OSD-120,GLDS-120,Atha_Col-0_root_FLT_dark_Rep2_GSM2493787_Day13_GLbulkRNAseq.isoforms.results,md5,fa5296eb88db5701e809a1347dd2f39d,,False,,,osdr_processed_payload_not_required_for_diagnostic,out_of_scope_processed_payload,out_of_scope_not_downloaded,do_not_download_for_current_diagnostic_freeze,https://osdr.nasa.gov/geode-py/ws/studies/OSD-120/download?source=datamanager&file=GLDS-120_rna_seq_processed_md5sum_GLbulkRNAseq.tsv,v9/multispecies/source_checksum_audit.draft.csv
osd120_diagnostic_payload_freeze,draft_osd120_arabidopsis_root_light_interaction_spaceflight,OSD-120,GLDS-120,Atha_Col-0_root_FLT_dark_Rep2_GSM2493787_Day13_GLbulkRNAseq.genes.results,md5,3b56c6850638dab5ac82fb9945c72cd2,,False,,,osdr_processed_payload_not_required_for_diagnostic,out_of_scope_processed_payload,out_of_scope_not_downloaded,do_not_download_for_current_diagnostic_freeze,https://osdr.nasa.gov/geode-py/ws/studies/OSD-120/download?source=datamanager&file=GLDS-120_rna_seq_processed_md5sum_GLbulkRNAseq.tsv,v9/multispecies/source_checksum_audit.draft.csv
osd120_diagnostic_payload_freeze,draft_osd120_arabidopsis_root_light_interaction_spaceflight,OSD-120,GLDS-120,Atha_Col-0_root_FLT_dark_Rep2_GSM2493787_Day13_GLbulkRNAseq_rRNArm.genes.results,md5,d29b8bb512aa8b0dfb3b29aeeec9c747,,False,,,osdr_processed_payload_not_required_for_diagnostic,out_of_scope_processed_payload,out_of_scope_not_downloaded,do_not_download_for_current_diagnostic_freeze,https://osdr.nasa.gov/geode-py/ws/studies/OSD-120/download?source=datamanager&file=GLDS-120_rna_seq_processed_md5sum_GLbulkRNAseq.tsv,v9/multispecies/source_checksum_audit.draft.csv
osd120_diagnostic_payload_freeze,draft_osd120_arabidopsis_root_light_interaction_spaceflight,OSD-120,GLDS-120,Atha_Col-0-PhyD_root_FLT_Alight_Rep3_GSM2493785_Day13_GLbulkRNAseq_rRNArm.genes.results,md5,989dcea274027f50988ec9bbbb4aa8b0,,False,,,osdr_processed_payload_not_required_for_diagnostic,out_of_scope_processed_payload,out_of_scope_not_downloaded,do_not_download_for_current_diagnostic_freeze,https://osdr.nasa.gov/geode-py/ws/studies/OSD-120/download?source=datamanager&file=GLDS-120_rna_seq_processed_md5sum_GLbulkRNAseq.tsv,v9/multispecies/source_checksum_audit.draft.csv
osd120_diagnostic_payload_freeze,draft_osd120_arabidopsis_root_light_interaction_spaceflight,OSD-120,GLDS-120,Atha_Col-0-PhyD_root_FLT_Alight_Rep3_GSM2493785_Day13_GLbulkRNAseq.genes.results,md5,1c0c2ff57f69f5dacc6ae79b1a675151,,False,,,osdr_processed_payload_not_required_for_diagnostic,out_of_scope_processed_payload,out_of_scope_not_downloaded,do_not_download_for_current_diagnostic_freeze,https://osdr.nasa.gov/geode-py/ws/studies/OSD-120/download?source=datamanager&file=GLDS-120_rna_seq_processed_md5sum_GLbulkRNAseq.tsv,v9/multispecies/source_checksum_audit.draft.csv
osd120_diagnostic_payload_freeze,draft_osd120_arabidopsis_root_light_interaction_spaceflight,OSD-120,GLDS-120,Atha_Col-0-PhyD_root_FLT_Alight_Rep3_GSM2493785_Day13_GLbulkRNAseq.isoforms.results,md5,d4d7e48239155253e54ac5a620fcd39c,,False,,,osdr_processed_payload_not_required_for_diagnostic,out_of_scope_processed_payload,out_of_scope_not_downloaded,do_not_download_for_current_diagnostic_freeze,https://osdr.nasa.gov/geode-py/ws/studies/OSD-120/download?source=datamanager&file=GLDS-120_rna_seq_processed_md5sum_GLbulkRNAseq.tsv,v9/multispecies/source_checksum_audit.draft.csv
osd120_diagnostic_payload_freeze,draft_osd120_arabidopsis_root_light_interaction_spaceflight,OSD-120,GLDS-120,Atha_Col-0-PhyD_root_GC_dark_Rep3_GSM2493776_Day13_GLbulkRNAseq.genes.results,md5,e177861723bdeffce45ca1c912cb7a07,,False,,,osdr_processed_payload_not_required_for_diagnostic,out_of_scope_processed_payload,out_of_scope_not_downloaded,do_not_download_for_current_diagnostic_freeze,https://osdr.nasa.gov/geode-py/ws/studies/OSD-120/download?source=datamanager&file=GLDS-120_rna_seq_processed_md5sum_GLbulkRNAseq.tsv,v9/multispecies/source_checksum_audit.draft.csv
osd120_diagnostic_payload_freeze,draft_osd120_arabidopsis_root_light_interaction_spaceflight,OSD-120,GLDS-120,Atha_Col-0-PhyD_root_GC_dark_Rep3_GSM2493776_Day13_GLbulkRNAseq.isoforms.results,md5,a396b598256ff5f085604eea774b08f6,,False,,,osdr_processed_payload_not_required_for_diagnostic,out_of_scope_processed_payload,out_of_scope_not_downloaded,do_not_download_for_current_diagnostic_freeze,https://osdr.nasa.gov/geode-py/ws/studies/OSD-120/download?source=datamanager&file=GLDS-120_rna_seq_processed_md5sum_GLbulkRNAseq.tsv,v9/multispecies/source_checksum_audit.draft.csv
osd120_diagnostic_payload_freeze,draft_osd120_arabidopsis_root_light_interaction_spaceflight,OSD-120,GLDS-120,Atha_Col-0-PhyD_root_GC_dark_Rep3_GSM2493776_Day13_GLbulkRNAseq_rRNArm.genes.results,md5,db624098a02da41debe24c04c022cb73,,False,,,osdr_processed_payload_not_required_for_diagnostic,out_of_scope_processed_payload,out_of_scope_not_downloaded,do_not_download_for_current_diagnostic_freeze,https://osdr.nasa.gov/geode-py/ws/studies/OSD-120/download?source=datamanager&file=GLDS-120_rna_seq_processed_md5sum_GLbulkRNAseq.tsv,v9/multispecies/source_checksum_audit.draft.csv
osd120_diagnostic_payload_freeze,draft_osd120_arabidopsis_root_light_interaction_spaceflight,OSD-120,GLDS-120,Atha_Ws_root_FLT_Alight_Rep3_GSM2493782_Day13_GLbulkRNAseq_rRNArm.genes.results,md5,ef50f38f8693f4e9e43cf09ec77860c9,,False,,,osdr_processed_payload_not_required_for_diagnostic,out_of_scope_processed_payload,out_of_scope_not_downloaded,do_not_download_for_current_diagnostic_freeze,https://osdr.nasa.gov/geode-py/ws/studies/OSD-120/download?source=datamanager&file=GLDS-120_rna_seq_processed_md5sum_GLbulkRNAseq.tsv,v9/multispecies/source_checksum_audit.draft.csv
osd120_diagnostic_payload_freeze,draft_osd120_arabidopsis_root_light_interaction_spaceflight,OSD-120,GLDS-120,Atha_Ws_root_FLT_Alight_Rep3_GSM2493782_Day13_GLbulkRNAseq.genes.results,md5,d244d43f033add5ad85795347d931145,,False,,,osdr_processed_payload_not_required_for_diagnostic,out_of_scope_processed_payload,out_of_scope_not_downloaded,do_not_download_for_current_diagnostic_freeze,https://osdr.nasa.gov/geode-py/ws/studies/OSD-120/download?source=datamanager&file=GLDS-120_rna_seq_processed_md5sum_GLbulkRNAseq.tsv,v9/multispecies/source_checksum_audit.draft.csv
osd120_diagnostic_payload_freeze,draft_osd120_arabidopsis_root_light_interaction_spaceflight,OSD-120,GLDS-120,Atha_Ws_root_FLT_Alight_Rep3_GSM2493782_Day13_GLbulkRNAseq.isoforms.results,md5,8dbb94a831cf178026b6b4f3131df9ef,,False,,,osdr_processed_payload_not_required_for_diagnostic,out_of_scope_processed_payload,out_of_scope_not_downloaded,do_not_download_for_current_diagnostic_freeze,https://osdr.nasa.gov/geode-py/ws/studies/OSD-120/download?source=datamanager&file=GLDS-120_rna_seq_processed_md5sum_GLbulkRNAseq.tsv,v9/multispecies/source_checksum_audit.draft.csv
osd120_diagnostic_payload_freeze,draft_osd120_arabidopsis_root_light_interaction_spaceflight,OSD-120,GLDS-120,Atha_Col-0-PhyD_root_FLT_Alight_Rep1_GSM2493783_Day13_GLbulkRNAseq.genes.results,md5,716c15176dcba80d750f060d2c15b215,,False,,,osdr_processed_payload_not_required_for_diagnostic,out_of_scope_processed_payload,out_of_scope_not_downloaded,do_not_download_for_current_diagnostic_freeze,https://osdr.nasa.gov/geode-py/ws/studies/OSD-120/download?source=datamanager&file=GLDS-120_rna_seq_processed_md5sum_GLbulkRNAseq.tsv,v9/multispecies/source_checksum_audit.draft.csv
osd120_diagnostic_payload_freeze,draft_osd120_arabidopsis_root_light_interaction_spaceflight,OSD-120,GLDS-120,Atha_Col-0-PhyD_root_FLT_Alight_Rep1_GSM2493783_Day13_GLbulkRNAseq.isoforms.results,md5,1ad01d82262b6bc80091ababed586ffc,,False,,,osdr_processed_payload_not_required_for_diagnostic,out_of_scope_processed_payload,out_of_scope_not_downloaded,do_not_download_for_current_diagnostic_freeze,https://osdr.nasa.gov/geode-py/ws/studies/OSD-120/download?source=datamanager&file=GLDS-120_rna_seq_processed_md5sum_GLbulkRNAseq.tsv,v9/multispecies/source_checksum_audit.draft.csv
osd120_diagnostic_payload_freeze,draft_osd120_arabidopsis_root_light_interaction_spaceflight,OSD-120,GLDS-120,Atha_Col-0-PhyD_root_FLT_Alight_Rep1_GSM2493783_Day13_GLbulkRNAseq_rRNArm.genes.results,md5,483e10e12486a4248fbbdf4ab6683b14,,False,,,osdr_processed_payload_not_required_for_diagnostic,out_of_scope_processed_payload,out_of_scope_not_downloaded,do_not_download_for_current_diagnostic_freeze,https://osdr.nasa.gov/geode-py/ws/studies/OSD-120/download?source=datamanager&file=GLDS-120_rna_seq_processed_md5sum_GLbulkRNAseq.tsv,v9/multispecies/source_checksum_audit.draft.csv
osd120_diagnostic_payload_freeze,draft_osd120_arabidopsis_root_light_interaction_spaceflight,OSD-120,GLDS-120,Atha_Col-0_root_FLT_Alight_Rep1_GSM2493777_Day13_GLbulkRNAseq.genes.results,md5,d673fa614c263c6bdcc0d608ebea16a5,,False,,,osdr_processed_payload_not_required_for_diagnostic,out_of_scope_processed_payload,out_of_scope_not_downloaded,do_not_download_for_current_diagnostic_freeze,https://osdr.nasa.gov/geode-py/ws/studies/OSD-120/download?source=datamanager&file=GLDS-120_rna_seq_processed_md5sum_GLbulkRNAseq.tsv,v9/multispecies/source_checksum_audit.draft.csv
osd120_diagnostic_payload_freeze,draft_osd120_arabidopsis_root_light_interaction_spaceflight,OSD-120,GLDS-120,Atha_Col-0_root_FLT_Alight_Rep1_GSM2493777_Day13_GLbulkRNAseq.isoforms.results,md5,43833a8cf6807b46003e7272424ccc36,,False,,,osdr_processed_payload_not_required_for_diagnostic,out_of_scope_processed_payload,out_of_scope_not_downloaded,do_not_download_for_current_diagnostic_freeze,https://osdr.nasa.gov/geode-py/ws/studies/OSD-120/download?source=datamanager&file=GLDS-120_rna_seq_processed_md5sum_GLbulkRNAseq.tsv,v9/multispecies/source_checksum_audit.draft.csv
osd120_diagnostic_payload_freeze,draft_osd120_arabidopsis_root_light_interaction_spaceflight,OSD-120,GLDS-120,Atha_Col-0_root_FLT_Alight_Rep1_GSM2493777_Day13_GLbulkRNAseq_rRNArm.genes.results,md5,91f190cf857beadff3baee576c2de775,,False,,,osdr_processed_payload_not_required_for_diagnostic,out_of_scope_processed_payload,out_of_scope_not_downloaded,do_not_download_for_current_diagnostic_freeze,https://osdr.nasa.gov/geode-py/ws/studies/OSD-120/download?source=datamanager&file=GLDS-120_rna_seq_processed_md5sum_GLbulkRNAseq.tsv,v9/multispecies/source_checksum_audit.draft.csv
osd120_diagnostic_payload_freeze,draft_osd120_arabidopsis_root_light_interaction_spaceflight,OSD-120,GLDS-120,Atha_Ws_root_FLT_dark_Rep1_GSM2493789_Day13_GLbulkRNAseq.genes.results,md5,4e8e534276f6c1ecf69838891513c24e,,False,,,osdr_processed_payload_not_required_for_diagnostic,out_of_scope_processed_payload,out_of_scope_not_downloaded,do_not_download_for_current_diagnostic_freeze,https://osdr.nasa.gov/geode-py/ws/studies/OSD-120/download?source=datamanager&file=GLDS-120_rna_seq_processed_md5sum_GLbulkRNAseq.tsv,v9/multispecies/source_checksum_audit.draft.csv
osd120_diagnostic_payload_freeze,draft_osd120_arabidopsis_root_light_interaction_spaceflight,OSD-120,GLDS-120,Atha_Ws_root_FLT_dark_Rep1_GSM2493789_Day13_GLbulkRNAseq_rRNArm.genes.results,md5,1ff1d345aae8f4b9373f0c5851a3a16f,,False,,,osdr_processed_payload_not_required_for_diagnostic,out_of_scope_processed_payload,out_of_scope_not_downloaded,do_not_download_for_current_diagnostic_freeze,https://osdr.nasa.gov/geode-py/ws/studies/OSD-120/download?source=datamanager&file=GLDS-120_rna_seq_processed_md5sum_GLbulkRNAseq.tsv,v9/multispecies/source_checksum_audit.draft.csv
osd120_diagnostic_payload_freeze,draft_osd120_arabidopsis_root_light_interaction_spaceflight,OSD-120,GLDS-120,Atha_Ws_root_FLT_dark_Rep1_GSM2493789_Day13_GLbulkRNAseq.isoforms.results,md5,ba2493c8466218f3051c90f4068db845,,False,,,osdr_processed_payload_not_required_for_diagnostic,out_of_scope_processed_payload,out_of_scope_not_downloaded,do_not_download_for_current_diagnostic_freeze,https://osdr.nasa.gov/geode-py/ws/studies/OSD-120/download?source=datamanager&file=GLDS-120_rna_seq_processed_md5sum_GLbulkRNAseq.tsv,v9/multispecies/source_checksum_audit.draft.csv
osd120_diagnostic_payload_freeze,draft_osd120_arabidopsis_root_light_interaction_spaceflight,OSD-120,GLDS-120,Atha_Ws_root_GC_dark_Rep1_GSM2493771_Day13_GLbulkRNAseq_rRNArm.genes.results,md5,cfd5b8b88696d089dd15cc9430cd48ec,,False,,,osdr_processed_payload_not_required_for_diagnostic,out_of_scope_processed_payload,out_of_scope_not_downloaded,do_not_download_for_current_diagnostic_freeze,https://osdr.nasa.gov/geode-py/ws/studies/OSD-120/download?source=datamanager&file=GLDS-120_rna_seq_processed_md5sum_GLbulkRNAseq.tsv,v9/multispecies/source_checksum_audit.draft.csv
osd120_diagnostic_payload_freeze,draft_osd120_arabidopsis_root_light_interaction_spaceflight,OSD-120,GLDS-120,Atha_Ws_root_GC_dark_Rep1_GSM2493771_Day13_GLbulkRNAseq.isoforms.results,md5,ea8b1ee348c4128c4d11633cedc24a13,,False,,,osdr_processed_payload_not_required_for_diagnostic,out_of_scope_processed_payload,out_of_scope_not_downloaded,do_not_download_for_current_diagnostic_freeze,https://osdr.nasa.gov/geode-py/ws/studies/OSD-120/download?source=datamanager&file=GLDS-120_rna_seq_processed_md5sum_GLbulkRNAseq.tsv,v9/multispecies/source_checksum_audit.draft.csv
osd120_diagnostic_payload_freeze,draft_osd120_arabidopsis_root_light_interaction_spaceflight,OSD-120,GLDS-120,Atha_Ws_root_GC_dark_Rep1_GSM2493771_Day13_GLbulkRNAseq.genes.results,md5,e157c4a149c4002071df5a8697371168,,False,,,osdr_processed_payload_not_required_for_diagnostic,out_of_scope_processed_payload,out_of_scope_not_downloaded,do_not_download_for_current_diagnostic_freeze,https://osdr.nasa.gov/geode-py/ws/studies/OSD-120/download?source=datamanager&file=GLDS-120_rna_seq_processed_md5sum_GLbulkRNAseq.tsv,v9/multispecies/source_checksum_audit.draft.csv
osd120_diagnostic_payload_freeze,draft_osd120_arabidopsis_root_light_interaction_spaceflight,OSD-120,GLDS-120,Atha_Col-0_root_FLT_Alight_Rep2_GSM2493778_Day13_GLbulkRNAseq.genes.results,md5,25456da8f264325b204782ae9eebac03,,False,,,osdr_processed_payload_not_required_for_diagnostic,out_of_scope_processed_payload,out_of_scope_not_downloaded,do_not_download_for_current_diagnostic_freeze,https://osdr.nasa.gov/geode-py/ws/studies/OSD-120/download?source=datamanager&file=GLDS-120_rna_seq_processed_md5sum_GLbulkRNAseq.tsv,v9/multispecies/source_checksum_audit.draft.csv
osd120_diagnostic_payload_freeze,draft_osd120_arabidopsis_root_light_interaction_spaceflight,OSD-120,GLDS-120,Atha_Col-0_root_FLT_Alight_Rep2_GSM2493778_Day13_GLbulkRNAseq_rRNArm.genes.results,md5,7c0931928b5e08163990c1eeb6284120,,False,,,osdr_processed_payload_not_required_for_diagnostic,out_of_scope_processed_payload,out_of_scope_not_downloaded,do_not_download_for_current_diagnostic_freeze,https://osdr.nasa.gov/geode-py/ws/studies/OSD-120/download?source=datamanager&file=GLDS-120_rna_seq_processed_md5sum_GLbulkRNAseq.tsv,v9/multispecies/source_checksum_audit.draft.csv
osd120_diagnostic_payload_freeze,draft_osd120_arabidopsis_root_light_interaction_spaceflight,OSD-120,GLDS-120,Atha_Col-0_root_FLT_Alight_Rep2_GSM2493778_Day13_GLbulkRNAseq.isoforms.results,md5,2dc21f45e9a451c1c7c602d78d1d386c,,False,,,osdr_processed_payload_not_required_for_diagnostic,out_of_scope_processed_payload,out_of_scope_not_downloaded,do_not_download_for_current_diagnostic_freeze,https://osdr.nasa.gov/geode-py/ws/studies/OSD-120/download?source=datamanager&file=GLDS-120_rna_seq_processed_md5sum_GLbulkRNAseq.tsv,v9/multispecies/source_checksum_audit.draft.csv
osd120_diagnostic_payload_freeze,draft_osd120_arabidopsis_root_light_interaction_spaceflight,OSD-120,GLDS-120,Atha_Ws_root_FLT_dark_Rep3_GSM2493791_Day13_GLbulkRNAseq.isoforms.results,md5,4537e1573e571b6c3a8fb4a1cb7f33e7,,False,,,osdr_processed_payload_not_required_for_diagnostic,out_of_scope_processed_payload,out_of_scope_not_downloaded,do_not_download_for_current_diagnostic_freeze,https://osdr.nasa.gov/geode-py/ws/studies/OSD-120/download?source=datamanager&file=GLDS-120_rna_seq_processed_md5sum_GLbulkRNAseq.tsv,v9/multispecies/source_checksum_audit.draft.csv
osd120_diagnostic_payload_freeze,draft_osd120_arabidopsis_root_light_interaction_spaceflight,OSD-120,GLDS-120,Atha_Ws_root_FLT_dark_Rep3_GSM2493791_Day13_GLbulkRNAseq_rRNArm.genes.results,md5,8c3a78a71a3990229204f74cf1131fe1,,False,,,osdr_processed_payload_not_required_for_diagnostic,out_of_scope_processed_payload,out_of_scope_not_downloaded,do_not_download_for_current_diagnostic_freeze,https://osdr.nasa.gov/geode-py/ws/studies/OSD-120/download?source=datamanager&file=GLDS-120_rna_seq_processed_md5sum_GLbulkRNAseq.tsv,v9/multispecies/source_checksum_audit.draft.csv
osd120_diagnostic_payload_freeze,draft_osd120_arabidopsis_root_light_interaction_spaceflight,OSD-120,GLDS-120,Atha_Ws_root_FLT_dark_Rep3_GSM2493791_Day13_GLbulkRNAseq.genes.results,md5,a49f0fddb884676245fe7d498e9c038a,,False,,,osdr_processed_payload_not_required_for_diagnostic,out_of_scope_processed_payload,out_of_scope_not_downloaded,do_not_download_for_current_diagnostic_freeze,https://osdr.nasa.gov/geode-py/ws/studies/OSD-120/download?source=datamanager&file=GLDS-120_rna_seq_processed_md5sum_GLbulkRNAseq.tsv,v9/multispecies/source_checksum_audit.draft.csv
osd120_diagnostic_payload_freeze,draft_osd120_arabidopsis_root_light_interaction_spaceflight,OSD-120,GLDS-120,Atha_Ws_root_GC_dark_Rep3_GSM2493773_Day13_GLbulkRNAseq_rRNArm.genes.results,md5,cd13c2b6e64390a1e08e9cf72df47859,,False,,,osdr_processed_payload_not_required_for_diagnostic,out_of_scope_processed_payload,out_of_scope_not_downloaded,do_not_download_for_current_diagnostic_freeze,https://osdr.nasa.gov/geode-py/ws/studies/OSD-120/download?source=datamanager&file=GLDS-120_rna_seq_processed_md5sum_GLbulkRNAseq.tsv,v9/multispecies/source_checksum_audit.draft.csv
osd120_diagnostic_payload_freeze,draft_osd120_arabidopsis_root_light_interaction_spaceflight,OSD-120,GLDS-120,Atha_Ws_root_GC_dark_Rep3_GSM2493773_Day13_GLbulkRNAseq.isoforms.results,md5,e22b11a8ac69b3beaf308bb2cf1a3e4b,,False,,,osdr_processed_payload_not_required_for_diagnostic,out_of_scope_processed_payload,out_of_scope_not_downloaded,do_not_download_for_current_diagnostic_freeze,https://osdr.nasa.gov/geode-py/ws/studies/OSD-120/download?source=datamanager&file=GLDS-120_rna_seq_processed_md5sum_GLbulkRNAseq.tsv,v9/multispecies/source_checksum_audit.draft.csv
osd120_diagnostic_payload_freeze,draft_osd120_arabidopsis_root_light_interaction_spaceflight,OSD-120,GLDS-120,Atha_Ws_root_GC_dark_Rep3_GSM2493773_Day13_GLbulkRNAseq.genes.results,md5,2d06f1c80bd58ad537f3033c1275ba3c,,False,,,osdr_processed_payload_not_required_for_diagnostic,out_of_scope_processed_payload,out_of_scope_not_downloaded,do_not_download_for_current_diagnostic_freeze,https://osdr.nasa.gov/geode-py/ws/studies/OSD-120/download?source=datamanager&file=GLDS-120_rna_seq_processed_md5sum_GLbulkRNAseq.tsv,v9/multispecies/source_checksum_audit.draft.csv
osd120_diagnostic_payload_freeze,draft_osd120_arabidopsis_root_light_interaction_spaceflight,OSD-120,GLDS-120,Atha_Col-0-PhyD_root_FLT_dark_Rep2_GSM2493793_Day13_GLbulkRNAseq.genes.results,md5,45d0dc04993a0e879101237644add6ef,,False,,,osdr_processed_payload_not_required_for_diagnostic,out_of_scope_processed_payload,out_of_scope_not_downloaded,do_not_download_for_current_diagnostic_freeze,https://osdr.nasa.gov/geode-py/ws/studies/OSD-120/download?source=datamanager&file=GLDS-120_rna_seq_processed_md5sum_GLbulkRNAseq.tsv,v9/multispecies/source_checksum_audit.draft.csv
osd120_diagnostic_payload_freeze,draft_osd120_arabidopsis_root_light_interaction_spaceflight,OSD-120,GLDS-120,Atha_Col-0-PhyD_root_FLT_dark_Rep2_GSM2493793_Day13_GLbulkRNAseq.isoforms.results,md5,949d739a7c01537b6dc60fe44b973e09,,False,,,osdr_processed_payload_not_required_for_diagnostic,out_of_scope_processed_payload,out_of_scope_not_downloaded,do_not_download_for_current_diagnostic_freeze,https://osdr.nasa.gov/geode-py/ws/studies/OSD-120/download?source=datamanager&file=GLDS-120_rna_seq_processed_md5sum_GLbulkRNAseq.tsv,v9/multispecies/source_checksum_audit.draft.csv
osd120_diagnostic_payload_freeze,draft_osd120_arabidopsis_root_light_interaction_spaceflight,OSD-120,GLDS-120,Atha_Col-0-PhyD_root_FLT_dark_Rep2_GSM2493793_Day13_GLbulkRNAseq_rRNArm.genes.results,md5,01b2e8263a34b0b2c692b2ecdbc66e81,,False,,,osdr_processed_payload_not_required_for_diagnostic,out_of_scope_processed_payload,out_of_scope_not_downloaded,do_not_download_for_current_diagnostic_freeze,https://osdr.nasa.gov/geode-py/ws/studies/OSD-120/download?source=datamanager&file=GLDS-120_rna_seq_processed_md5sum_GLbulkRNAseq.tsv,v9/multispecies/source_checksum_audit.draft.csv
osd120_diagnostic_payload_freeze,draft_osd120_arabidopsis_root_light_interaction_spaceflight,OSD-120,GLDS-120,Atha_Ws_root_GC_dark_Rep2_GSM2493772_Day13_GLbulkRNAseq_rRNArm.genes.results,md5,384e7cb12aeb52972e848f7e8afb6efe,,False,,,osdr_processed_payload_not_required_for_diagnostic,out_of_scope_processed_payload,out_of_scope_not_downloaded,do_not_download_for_current_diagnostic_freeze,https://osdr.nasa.gov/geode-py/ws/studies/OSD-120/download?source=datamanager&file=GLDS-120_rna_seq_processed_md5sum_GLbulkRNAseq.tsv,v9/multispecies/source_checksum_audit.draft.csv
osd120_diagnostic_payload_freeze,draft_osd120_arabidopsis_root_light_interaction_spaceflight,OSD-120,GLDS-120,Atha_Ws_root_GC_dark_Rep2_GSM2493772_Day13_GLbulkRNAseq.isoforms.results,md5,0290e97cdc4ff34e72c273230df5b70f,,False,,,osdr_processed_payload_not_required_for_diagnostic,out_of_scope_processed_payload,out_of_scope_not_downloaded,do_not_download_for_current_diagnostic_freeze,https://osdr.nasa.gov/geode-py/ws/studies/OSD-120/download?source=datamanager&file=GLDS-120_rna_seq_processed_md5sum_GLbulkRNAseq.tsv,v9/multispecies/source_checksum_audit.draft.csv
osd120_diagnostic_payload_freeze,draft_osd120_arabidopsis_root_light_interaction_spaceflight,OSD-120,GLDS-120,Atha_Ws_root_GC_dark_Rep2_GSM2493772_Day13_GLbulkRNAseq.genes.results,md5,73d87158037de210f4a2d4154f1c18eb,,False,,,osdr_processed_payload_not_required_for_diagnostic,out_of_scope_processed_payload,out_of_scope_not_downloaded,do_not_download_for_current_diagnostic_freeze,https://osdr.nasa.gov/geode-py/ws/studies/OSD-120/download?source=datamanager&file=GLDS-120_rna_seq_processed_md5sum_GLbulkRNAseq.tsv,v9/multispecies/source_checksum_audit.draft.csv
osd120_diagnostic_payload_freeze,draft_osd120_arabidopsis_root_light_interaction_spaceflight,OSD-120,GLDS-120,Atha_Ws_root_FLT_dark_Rep2_GSM2493790_Day13_GLbulkRNAseq.genes.results,md5,e5a4004501fe1fe5c14bc57995d936e2,,False,,,osdr_processed_payload_not_required_for_diagnostic,out_of_scope_processed_payload,out_of_scope_not_downloaded,do_not_download_for_current_diagnostic_freeze,https://osdr.nasa.gov/geode-py/ws/studies/OSD-120/download?source=datamanager&file=GLDS-120_rna_seq_processed_md5sum_GLbulkRNAseq.tsv,v9/multispecies/source_checksum_audit.draft.csv
osd120_diagnostic_payload_freeze,draft_osd120_arabidopsis_root_light_interaction_spaceflight,OSD-120,GLDS-120,Atha_Ws_root_FLT_dark_Rep2_GSM2493790_Day13_GLbulkRNAseq.isoforms.results,md5,234ed0eb97deeb6261db0b96970438e2,,False,,,osdr_processed_payload_not_required_for_diagnostic,out_of_scope_processed_payload,out_of_scope_not_downloaded,do_not_download_for_current_diagnostic_freeze,https://osdr.nasa.gov/geode-py/ws/studies/OSD-120/download?source=datamanager&file=GLDS-120_rna_seq_processed_md5sum_GLbulkRNAseq.tsv,v9/multispecies/source_checksum_audit.draft.csv
osd120_diagnostic_payload_freeze,draft_osd120_arabidopsis_root_light_interaction_spaceflight,OSD-120,GLDS-120,Atha_Ws_root_FLT_dark_Rep2_GSM2493790_Day13_GLbulkRNAseq_rRNArm.genes.results,md5,55d7fb15e5ace067fd11cc393e9f8ab0,,False,,,osdr_processed_payload_not_required_for_diagnostic,out_of_scope_processed_payload,out_of_scope_not_downloaded,do_not_download_for_current_diagnostic_freeze,https://osdr.nasa.gov/geode-py/ws/studies/OSD-120/download?source=datamanager&file=GLDS-120_rna_seq_processed_md5sum_GLbulkRNAseq.tsv,v9/multispecies/source_checksum_audit.draft.csv
osd120_diagnostic_payload_freeze,draft_osd120_arabidopsis_root_light_interaction_spaceflight,OSD-120,GLDS-120,Atha_Ws_root_GC_Alight_Rep2_GSM2493763_Day13_GLbulkRNAseq.genes.results,md5,4be0ff37b8d9201e8ca81072fb4b091f,,False,,,osdr_processed_payload_not_required_for_diagnostic,out_of_scope_processed_payload,out_of_scope_not_downloaded,do_not_download_for_current_diagnostic_freeze,https://osdr.nasa.gov/geode-py/ws/studies/OSD-120/download?source=datamanager&file=GLDS-120_rna_seq_processed_md5sum_GLbulkRNAseq.tsv,v9/multispecies/source_checksum_audit.draft.csv
osd120_diagnostic_payload_freeze,draft_osd120_arabidopsis_root_light_interaction_spaceflight,OSD-120,GLDS-120,Atha_Ws_root_GC_Alight_Rep2_GSM2493763_Day13_GLbulkRNAseq.isoforms.results,md5,3fbeff110749dccd5e350b300b0ae7ee,,False,,,osdr_processed_payload_not_required_for_diagnostic,out_of_scope_processed_payload,out_of_scope_not_downloaded,do_not_download_for_current_diagnostic_freeze,https://osdr.nasa.gov/geode-py/ws/studies/OSD-120/download?source=datamanager&file=GLDS-120_rna_seq_processed_md5sum_GLbulkRNAseq.tsv,v9/multispecies/source_checksum_audit.draft.csv
osd120_diagnostic_payload_freeze,draft_osd120_arabidopsis_root_light_interaction_spaceflight,OSD-120,GLDS-120,Atha_Ws_root_GC_Alight_Rep2_GSM2493763_Day13_GLbulkRNAseq_rRNArm.genes.results,md5,9f686c4150d682f33c15a3d379ffb206,,False,,,osdr_processed_payload_not_required_for_diagnostic,out_of_scope_processed_payload,out_of_scope_not_downloaded,do_not_download_for_current_diagnostic_freeze,https://osdr.nasa.gov/geode-py/ws/studies/OSD-120/download?source=datamanager&file=GLDS-120_rna_seq_processed_md5sum_GLbulkRNAseq.tsv,v9/multispecies/source_checksum_audit.draft.csv
osd120_diagnostic_payload_freeze,draft_osd120_arabidopsis_root_light_interaction_spaceflight,OSD-120,GLDS-120,Atha_Ws_root_FLT_Alight_Rep1_GSM2493780_Day13_GLbulkRNAseq_rRNArm.genes.results,md5,8e4d33dd07f302d03b960b9894bd054d,,False,,,osdr_processed_payload_not_required_for_diagnostic,out_of_scope_processed_payload,out_of_scope_not_downloaded,do_not_download_for_current_diagnostic_freeze,https://osdr.nasa.gov/geode-py/ws/studies/OSD-120/download?source=datamanager&file=GLDS-120_rna_seq_processed_md5sum_GLbulkRNAseq.tsv,v9/multispecies/source_checksum_audit.draft.csv
osd120_diagnostic_payload_freeze,draft_osd120_arabidopsis_root_light_interaction_spaceflight,OSD-120,GLDS-120,Atha_Ws_root_FLT_Alight_Rep1_GSM2493780_Day13_GLbulkRNAseq.genes.results,md5,e9a2bc26055fde898c3c0697c6825e4b,,False,,,osdr_processed_payload_not_required_for_diagnostic,out_of_scope_processed_payload,out_of_scope_not_downloaded,do_not_download_for_current_diagnostic_freeze,https://osdr.nasa.gov/geode-py/ws/studies/OSD-120/download?source=datamanager&file=GLDS-120_rna_seq_processed_md5sum_GLbulkRNAseq.tsv,v9/multispecies/source_checksum_audit.draft.csv
osd120_diagnostic_payload_freeze,draft_osd120_arabidopsis_root_light_interaction_spaceflight,OSD-120,GLDS-120,Atha_Ws_root_FLT_Alight_Rep1_GSM2493780_Day13_GLbulkRNAseq.isoforms.results,md5,406bd96c0b7a48330376be3a2694d6a7,,False,,,osdr_processed_payload_not_required_for_diagnostic,out_of_scope_processed_payload,out_of_scope_not_downloaded,do_not_download_for_current_diagnostic_freeze,https://osdr.nasa.gov/geode-py/ws/studies/OSD-120/download?source=datamanager&file=GLDS-120_rna_seq_processed_md5sum_GLbulkRNAseq.tsv,v9/multispecies/source_checksum_audit.draft.csv
osd120_diagnostic_payload_freeze,draft_osd120_arabidopsis_root_light_interaction_spaceflight,OSD-120,GLDS-120,Atha_Ws_root_GC_Alight_Rep1_GSM2493762_Day13_GLbulkRNAseq.isoforms.results,md5,0da2b4b73f58b977f3a493f5ac9d4fcd,,False,,,osdr_processed_payload_not_required_for_diagnostic,out_of_scope_processed_payload,out_of_scope_not_downloaded,do_not_download_for_current_diagnostic_freeze,https://osdr.nasa.gov/geode-py/ws/studies/OSD-120/download?source=datamanager&file=GLDS-120_rna_seq_processed_md5sum_GLbulkRNAseq.tsv,v9/multispecies/source_checksum_audit.draft.csv
osd120_diagnostic_payload_freeze,draft_osd120_arabidopsis_root_light_interaction_spaceflight,OSD-120,GLDS-120,Atha_Ws_root_GC_Alight_Rep1_GSM2493762_Day13_GLbulkRNAseq_rRNArm.genes.results,md5,6231b92660ff172a5238ec6229b832f7,,False,,,osdr_processed_payload_not_required_for_diagnostic,out_of_scope_processed_payload,out_of_scope_not_downloaded,do_not_download_for_current_diagnostic_freeze,https://osdr.nasa.gov/geode-py/ws/studies/OSD-120/download?source=datamanager&file=GLDS-120_rna_seq_processed_md5sum_GLbulkRNAseq.tsv,v9/multispecies/source_checksum_audit.draft.csv
osd120_diagnostic_payload_freeze,draft_osd120_arabidopsis_root_light_interaction_spaceflight,OSD-120,GLDS-120,Atha_Ws_root_GC_Alight_Rep1_GSM2493762_Day13_GLbulkRNAseq.genes.results,md5,3c983b225df9095e99f58609ba7105f8,,False,,,osdr_processed_payload_not_required_for_diagnostic,out_of_scope_processed_payload,out_of_scope_not_downloaded,do_not_download_for_current_diagnostic_freeze,https://osdr.nasa.gov/geode-py/ws/studies/OSD-120/download?source=datamanager&file=GLDS-120_rna_seq_processed_md5sum_GLbulkRNAseq.tsv,v9/multispecies/source_checksum_audit.draft.csv
osd120_diagnostic_payload_freeze,draft_osd120_arabidopsis_root_light_interaction_spaceflight,OSD-120,GLDS-120,Atha_Ws_root_FLT_Alight_Rep2_GSM2493781_Day13_GLbulkRNAseq.genes.results,md5,f65869c1a7eddac3eacbd29d939bb642,,False,,,osdr_processed_payload_not_required_for_diagnostic,out_of_scope_processed_payload,out_of_scope_not_downloaded,do_not_download_for_current_diagnostic_freeze,https://osdr.nasa.gov/geode-py/ws/studies/OSD-120/download?source=datamanager&file=GLDS-120_rna_seq_processed_md5sum_GLbulkRNAseq.tsv,v9/multispecies/source_checksum_audit.draft.csv
osd120_diagnostic_payload_freeze,draft_osd120_arabidopsis_root_light_interaction_spaceflight,OSD-120,GLDS-120,Atha_Ws_root_FLT_Alight_Rep2_GSM2493781_Day13_GLbulkRNAseq_rRNArm.genes.results,md5,dafbd8ddad6133d308bb0adeb6f4be8d,,False,,,osdr_processed_payload_not_required_for_diagnostic,out_of_scope_processed_payload,out_of_scope_not_downloaded,do_not_download_for_current_diagnostic_freeze,https://osdr.nasa.gov/geode-py/ws/studies/OSD-120/download?source=datamanager&file=GLDS-120_rna_seq_processed_md5sum_GLbulkRNAseq.tsv,v9/multispecies/source_checksum_audit.draft.csv
osd120_diagnostic_payload_freeze,draft_osd120_arabidopsis_root_light_interaction_spaceflight,OSD-120,GLDS-120,Atha_Ws_root_FLT_Alight_Rep2_GSM2493781_Day13_GLbulkRNAseq.isoforms.results,md5,25cb5d50ad256e3ebfb20b87580a19e8,,False,,,osdr_processed_payload_not_required_for_diagnostic,out_of_scope_processed_payload,out_of_scope_not_downloaded,do_not_download_for_current_diagnostic_freeze,https://osdr.nasa.gov/geode-py/ws/studies/OSD-120/download?source=datamanager&file=GLDS-120_rna_seq_processed_md5sum_GLbulkRNAseq.tsv,v9/multispecies/source_checksum_audit.draft.csv
osd120_diagnostic_payload_freeze,draft_osd120_arabidopsis_root_light_interaction_spaceflight,OSD-120,GLDS-120,Atha_Col-0_root_FLT_Alight_Rep3_GSM2493779_Day13_GLbulkRNAseq.genes.results,md5,430a5529d560d15ccbb31c86d72a4b21,,False,,,osdr_processed_payload_not_required_for_diagnostic,out_of_scope_processed_payload,out_of_scope_not_downloaded,do_not_download_for_current_diagnostic_freeze,https://osdr.nasa.gov/geode-py/ws/studies/OSD-120/download?source=datamanager&file=GLDS-120_rna_seq_processed_md5sum_GLbulkRNAseq.tsv,v9/multispecies/source_checksum_audit.draft.csv
osd120_diagnostic_payload_freeze,draft_osd120_arabidopsis_root_light_interaction_spaceflight,OSD-120,GLDS-120,Atha_Col-0_root_FLT_Alight_Rep3_GSM2493779_Day13_GLbulkRNAseq.isoforms.results,md5,b02cfd70d35c830e55af4d508602ea3f,,False,,,osdr_processed_payload_not_required_for_diagnostic,out_of_scope_processed_payload,out_of_scope_not_downloaded,do_not_download_for_current_diagnostic_freeze,https://osdr.nasa.gov/geode-py/ws/studies/OSD-120/download?source=datamanager&file=GLDS-120_rna_seq_processed_md5sum_GLbulkRNAseq.tsv,v9/multispecies/source_checksum_audit.draft.csv
osd120_diagnostic_payload_freeze,draft_osd120_arabidopsis_root_light_interaction_spaceflight,OSD-120,GLDS-120,Atha_Col-0_root_FLT_Alight_Rep3_GSM2493779_Day13_GLbulkRNAseq_rRNArm.genes.results,md5,436a9b8857859a00e8203016d2574b74,,False,,,osdr_processed_payload_not_required_for_diagnostic,out_of_scope_processed_payload,out_of_scope_not_downloaded,do_not_download_for_current_diagnostic_freeze,https://osdr.nasa.gov/geode-py/ws/studies/OSD-120/download?source=datamanager&file=GLDS-120_rna_seq_processed_md5sum_GLbulkRNAseq.tsv,v9/multispecies/source_checksum_audit.draft.csv
osd120_diagnostic_payload_freeze,draft_osd120_arabidopsis_root_light_interaction_spaceflight,OSD-120,GLDS-120,Atha_Col-0-PhyD_root_FLT_dark_Rep1_GSM2493792_Day13_GLbulkRNAseq_rRNArm.genes.results,md5,09ea2c0d2c5a71c94caa96b5527e511e,,False,,,osdr_processed_payload_not_required_for_diagnostic,out_of_scope_processed_payload,out_of_scope_not_downloaded,do_not_download_for_current_diagnostic_freeze,https://osdr.nasa.gov/geode-py/ws/studies/OSD-120/download?source=datamanager&file=GLDS-120_rna_seq_processed_md5sum_GLbulkRNAseq.tsv,v9/multispecies/source_checksum_audit.draft.csv
osd120_diagnostic_payload_freeze,draft_osd120_arabidopsis_root_light_interaction_spaceflight,OSD-120,GLDS-120,Atha_Col-0-PhyD_root_FLT_dark_Rep1_GSM2493792_Day13_GLbulkRNAseq.isoforms.results,md5,1cbe7fa465d4d6234f017970add20ccd,,False,,,osdr_processed_payload_not_required_for_diagnostic,out_of_scope_processed_payload,out_of_scope_not_downloaded,do_not_download_for_current_diagnostic_freeze,https://osdr.nasa.gov/geode-py/ws/studies/OSD-120/download?source=datamanager&file=GLDS-120_rna_seq_processed_md5sum_GLbulkRNAseq.tsv,v9/multispecies/source_checksum_audit.draft.csv
osd120_diagnostic_payload_freeze,draft_osd120_arabidopsis_root_light_interaction_spaceflight,OSD-120,GLDS-120,Atha_Col-0-PhyD_root_FLT_dark_Rep1_GSM2493792_Day13_GLbulkRNAseq.genes.results,md5,b92beadd1245ac406f254f5aa373bf90,,False,,,osdr_processed_payload_not_required_for_diagnostic,out_of_scope_processed_payload,out_of_scope_not_downloaded,do_not_download_for_current_diagnostic_freeze,https://osdr.nasa.gov/geode-py/ws/studies/OSD-120/download?source=datamanager&file=GLDS-120_rna_seq_processed_md5sum_GLbulkRNAseq.tsv,v9/multispecies/source_checksum_audit.draft.csv
osd120_diagnostic_payload_freeze,draft_osd120_arabidopsis_root_light_interaction_spaceflight,OSD-120,GLDS-120,read_dist_multiqc_GLbulkRNAseq_data.zip,md5,80d6d47c57cf55bc57da43a955a522ba,,False,,,osdr_processed_payload_not_required_for_diagnostic,out_of_scope_processed_payload,out_of_scope_not_downloaded,do_not_download_for_current_diagnostic_freeze,https://osdr.nasa.gov/geode-py/ws/studies/OSD-120/download?source=datamanager&file=GLDS-120_rna_seq_processed_md5sum_GLbulkRNAseq.tsv,v9/multispecies/source_checksum_audit.draft.csv
osd120_diagnostic_payload_freeze,draft_osd120_arabidopsis_root_light_interaction_spaceflight,OSD-120,GLDS-120,read_dist_multiqc_GLbulkRNAseq.html,md5,a4e869d96d339e811d5416e9f7d7c3b6,,False,,,osdr_processed_payload_not_required_for_diagnostic,out_of_scope_processed_payload,out_of_scope_not_downloaded,do_not_download_for_current_diagnostic_freeze,https://osdr.nasa.gov/geode-py/ws/studies/OSD-120/download?source=datamanager&file=GLDS-120_rna_seq_processed_md5sum_GLbulkRNAseq.tsv,v9/multispecies/source_checksum_audit.draft.csv
osd120_diagnostic_payload_freeze,draft_osd120_arabidopsis_root_light_interaction_spaceflight,OSD-120,GLDS-120,infer_exp_multiqc_GLbulkRNAseq.html,md5,606c1f646856ff67df3f45fde87230e0,,False,,,osdr_processed_payload_not_required_for_diagnostic,out_of_scope_processed_payload,out_of_scope_not_downloaded,do_not_download_for_current_diagnostic_freeze,https://osdr.nasa.gov/geode-py/ws/studies/OSD-120/download?source=datamanager&file=GLDS-120_rna_seq_processed_md5sum_GLbulkRNAseq.tsv,v9/multispecies/source_checksum_audit.draft.csv
osd120_diagnostic_payload_freeze,draft_osd120_arabidopsis_root_light_interaction_spaceflight,OSD-120,GLDS-120,inner_dist_multiqc_GLbulkRNAseq.html,md5,a209f29240b6cfc76cb760d8dfefcf3c,,False,,,osdr_processed_payload_not_required_for_diagnostic,out_of_scope_processed_payload,out_of_scope_not_downloaded,do_not_download_for_current_diagnostic_freeze,https://osdr.nasa.gov/geode-py/ws/studies/OSD-120/download?source=datamanager&file=GLDS-120_rna_seq_processed_md5sum_GLbulkRNAseq.tsv,v9/multispecies/source_checksum_audit.draft.csv
osd120_diagnostic_payload_freeze,draft_osd120_arabidopsis_root_light_interaction_spaceflight,OSD-120,GLDS-120,geneBody_cov_multiqc_GLbulkRNAseq_data.zip,md5,1e0fa4caee4d7f0c5715e69e63ded8ac,,False,,,osdr_processed_payload_not_required_for_diagnostic,out_of_scope_processed_payload,out_of_scope_not_downloaded,do_not_download_for_current_diagnostic_freeze,https://osdr.nasa.gov/geode-py/ws/studies/OSD-120/download?source=datamanager&file=GLDS-120_rna_seq_processed_md5sum_GLbulkRNAseq.tsv,v9/multispecies/source_checksum_audit.draft.csv
osd120_diagnostic_payload_freeze,draft_osd120_arabidopsis_root_light_interaction_spaceflight,OSD-120,GLDS-120,inner_dist_multiqc_GLbulkRNAseq_data.zip,md5,31f15c29d9b0e738c0a0441562761b9d,,False,,,osdr_processed_payload_not_required_for_diagnostic,out_of_scope_processed_payload,out_of_scope_not_downloaded,do_not_download_for_current_diagnostic_freeze,https://osdr.nasa.gov/geode-py/ws/studies/OSD-120/download?source=datamanager&file=GLDS-120_rna_seq_processed_md5sum_GLbulkRNAseq.tsv,v9/multispecies/source_checksum_audit.draft.csv
osd120_diagnostic_payload_freeze,draft_osd120_arabidopsis_root_light_interaction_spaceflight,OSD-120,GLDS-120,infer_exp_multiqc_GLbulkRNAseq_data.zip,md5,24bf408da78433c498a5d0d0a52fade5,,False,,,osdr_processed_payload_not_required_for_diagnostic,out_of_scope_processed_payload,out_of_scope_not_downloaded,do_not_download_for_current_diagnostic_freeze,https://osdr.nasa.gov/geode-py/ws/studies/OSD-120/download?source=datamanager&file=GLDS-120_rna_seq_processed_md5sum_GLbulkRNAseq.tsv,v9/multispecies/source_checksum_audit.draft.csv
osd120_diagnostic_payload_freeze,draft_osd120_arabidopsis_root_light_interaction_spaceflight,OSD-120,GLDS-120,geneBody_cov_multiqc_GLbulkRNAseq.html,md5,915a1328f0de3f43f187bd008a20bf56,,False,,,osdr_processed_payload_not_required_for_diagnostic,out_of_scope_processed_payload,out_of_scope_not_downloaded,do_not_download_for_current_diagnostic_freeze,https://osdr.nasa.gov/geode-py/ws/studies/OSD-120/download?source=datamanager&file=GLDS-120_rna_seq_processed_md5sum_GLbulkRNAseq.tsv,v9/multispecies/source_checksum_audit.draft.csv
osd120_diagnostic_payload_freeze,draft_osd120_arabidopsis_root_light_interaction_spaceflight,OSD-120,GLDS-120,qc_metrics_GLbulkRNAseq.csv,md5,33c7ff0aeac01ab6d9e5193c95962321,,False,,,osdr_processed_payload_not_required_for_diagnostic,out_of_scope_processed_payload,out_of_scope_not_downloaded,do_not_download_for_current_diagnostic_freeze,https://osdr.nasa.gov/geode-py/ws/studies/OSD-120/download?source=datamanager&file=GLDS-120_rna_seq_processed_md5sum_GLbulkRNAseq.tsv,v9/multispecies/source_checksum_audit.draft.csv
osd120_diagnostic_payload_freeze,draft_osd120_arabidopsis_root_light_interaction_spaceflight,OSD-120,GLDS-120,software_versions_GLbulkRNAseq.md,md5,bc2d894ec5600186d33540f18c398d3b,,False,,,osdr_processed_payload_not_required_for_diagnostic,out_of_scope_processed_payload,out_of_scope_not_downloaded,do_not_download_for_current_diagnostic_freeze,https://osdr.nasa.gov/geode-py/ws/studies/OSD-120/download?source=datamanager&file=GLDS-120_rna_seq_processed_md5sum_GLbulkRNAseq.tsv,v9/multispecies/source_checksum_audit.draft.csv
osd120_diagnostic_payload_freeze,draft_osd120_arabidopsis_root_light_interaction_spaceflight,OSD-120,GLDS-120,VST_Counts_GLbulkRNAseq.csv,md5,9a69a4d1bf068e1cf6fd48cb31c26846,,False,,,osdr_processed_payload_not_required_for_diagnostic,out_of_scope_processed_payload,out_of_scope_not_downloaded,do_not_download_for_current_diagnostic_freeze,https://osdr.nasa.gov/geode-py/ws/studies/OSD-120/download?source=datamanager&file=GLDS-120_rna_seq_processed_md5sum_GLbulkRNAseq.tsv,v9/multispecies/source_checksum_audit.draft.csv
osd120_diagnostic_payload_freeze,draft_osd120_arabidopsis_root_light_interaction_spaceflight,OSD-120,GLDS-120,RSEM_Unnormalized_Counts_rRNArm_GLbulkRNAseq.csv,md5,c62da35e905df70b61490579c28266d4,,False,,,osdr_processed_payload_not_required_for_diagnostic,out_of_scope_processed_payload,out_of_scope_not_downloaded,do_not_download_for_current_diagnostic_freeze,https://osdr.nasa.gov/geode-py/ws/studies/OSD-120/download?source=datamanager&file=GLDS-120_rna_seq_processed_md5sum_GLbulkRNAseq.tsv,v9/multispecies/source_checksum_audit.draft.csv
osd120_diagnostic_payload_freeze,draft_osd120_arabidopsis_root_light_interaction_spaceflight,OSD-120,GLDS-120,Normalized_Counts_rRNArm_GLbulkRNAseq.csv,md5,63b3aa3b25f5a3b3b859af1bb54ad881,,False,,,osdr_processed_payload_not_required_for_diagnostic,out_of_scope_processed_payload,out_of_scope_not_downloaded,do_not_download_for_current_diagnostic_freeze,https://osdr.nasa.gov/geode-py/ws/studies/OSD-120/download?source=datamanager&file=GLDS-120_rna_seq_processed_md5sum_GLbulkRNAseq.tsv,v9/multispecies/source_checksum_audit.draft.csv
osd120_diagnostic_payload_freeze,draft_osd120_arabidopsis_root_light_interaction_spaceflight,OSD-120,GLDS-120,Normalized_Counts_GLbulkRNAseq.csv,md5,d2e9e835f60ef0752a47ecdcbca1b9af,data/multispecies/arabidopsis/GLDS-120_rna_seq_Normalized_Counts_GLbulkRNAseq.csv,True,d2e9e835f60ef0752a47ecdcbca1b9af,True,diagnostic_required_payload,normalized_count_matrix,required_payload_md5_matched,keep_in_diagnostic_payload_freeze,https://osdr.nasa.gov/geode-py/ws/studies/OSD-120/download?source=datamanager&file=GLDS-120_rna_seq_processed_md5sum_GLbulkRNAseq.tsv,v9/multispecies/source_checksum_audit.draft.csv
osd120_diagnostic_payload_freeze,draft_osd120_arabidopsis_root_light_interaction_spaceflight,OSD-120,GLDS-120,VST_Counts_rRNArm_GLbulkRNAseq.csv,md5,3215a9b4e0d3df1a48ca583c61811a0d,,False,,,osdr_processed_payload_not_required_for_diagnostic,out_of_scope_processed_payload,out_of_scope_not_downloaded,do_not_download_for_current_diagnostic_freeze,https://osdr.nasa.gov/geode-py/ws/studies/OSD-120/download?source=datamanager&file=GLDS-120_rna_seq_processed_md5sum_GLbulkRNAseq.tsv,v9/multispecies/source_checksum_audit.draft.csv
osd120_diagnostic_payload_freeze,draft_osd120_arabidopsis_root_light_interaction_spaceflight,OSD-120,GLDS-120,STAR_Unnormalized_Counts_GLbulkRNAseq.csv,md5,12605e1acd4eac0e7458a39afff2b198,,False,,,osdr_processed_payload_not_required_for_diagnostic,out_of_scope_processed_payload,out_of_scope_not_downloaded,do_not_download_for_current_diagnostic_freeze,https://osdr.nasa.gov/geode-py/ws/studies/OSD-120/download?source=datamanager&file=GLDS-120_rna_seq_processed_md5sum_GLbulkRNAseq.tsv,v9/multispecies/source_checksum_audit.draft.csv
osd120_diagnostic_payload_freeze,draft_osd120_arabidopsis_root_light_interaction_spaceflight,OSD-120,GLDS-120,Atha_Ws_root_FLT_Alight_Rep1_GSM2493780_Day13_GLbulkRNAseq_Aligned.toTranscriptome.out.bam,md5,6e1e42b99bfd780f173808739f508dbc,,False,,,osdr_processed_payload_not_required_for_diagnostic,out_of_scope_processed_payload,out_of_scope_not_downloaded,do_not_download_for_current_diagnostic_freeze,https://osdr.nasa.gov/geode-py/ws/studies/OSD-120/download?source=datamanager&file=GLDS-120_rna_seq_processed_md5sum_GLbulkRNAseq.tsv,v9/multispecies/source_checksum_audit.draft.csv
osd120_diagnostic_payload_freeze,draft_osd120_arabidopsis_root_light_interaction_spaceflight,OSD-120,GLDS-120,Atha_Ws_root_FLT_Alight_Rep1_GSM2493780_Day13_GLbulkRNAseq_R1_unmapped.fastq.gz,md5,1f17d097de9da7fdfd27f02660f4f9d0,,False,,,osdr_processed_payload_not_required_for_diagnostic,out_of_scope_processed_payload,out_of_scope_not_downloaded,do_not_download_for_current_diagnostic_freeze,https://osdr.nasa.gov/geode-py/ws/studies/OSD-120/download?source=datamanager&file=GLDS-120_rna_seq_processed_md5sum_GLbulkRNAseq.tsv,v9/multispecies/source_checksum_audit.draft.csv
osd120_diagnostic_payload_freeze,draft_osd120_arabidopsis_root_light_interaction_spaceflight,OSD-120,GLDS-120,Atha_Ws_root_FLT_Alight_Rep1_GSM2493780_Day13_GLbulkRNAseq_Log.final.out,md5,ad65a0d4b7f0b5991438471b5a7b55a7,,False,,,osdr_processed_payload_not_required_for_diagnostic,out_of_scope_processed_payload,out_of_scope_not_downloaded,do_not_download_for_current_diagnostic_freeze,https://osdr.nasa.gov/geode-py/ws/studies/OSD-120/download?source=datamanager&file=GLDS-120_rna_seq_processed_md5sum_GLbulkRNAseq.tsv,v9/multispecies/source_checksum_audit.draft.csv
osd120_diagnostic_payload_freeze,draft_osd120_arabidopsis_root_light_interaction_spaceflight,OSD-120,GLDS-120,Atha_Ws_root_FLT_Alight_Rep1_GSM2493780_Day13_GLbulkRNAseq_Aligned.sortedByCoord_sorted.out.bam,md5,5708aeeab762f656590e1db4333082df,,False,,,osdr_processed_payload_not_required_for_diagnostic,out_of_scope_processed_payload,out_of_scope_not_downloaded,do_not_download_for_current_diagnostic_freeze,https://osdr.nasa.gov/geode-py/ws/studies/OSD-120/download?source=datamanager&file=GLDS-120_rna_seq_processed_md5sum_GLbulkRNAseq.tsv,v9/multispecies/source_checksum_audit.draft.csv
osd120_diagnostic_payload_freeze,draft_osd120_arabidopsis_root_light_interaction_spaceflight,OSD-120,GLDS-120,Atha_Ws_root_FLT_Alight_Rep1_GSM2493780_Day13_GLbulkRNAseq_SJ.out.tab,md5,374bcc592bc3c173d51470adf738b6ca,,False,,,osdr_processed_payload_not_required_for_diagnostic,out_of_scope_processed_payload,out_of_scope_not_downloaded,do_not_download_for_current_diagnostic_freeze,https://osdr.nasa.gov/geode-py/ws/studies/OSD-120/download?source=datamanager&file=GLDS-120_rna_seq_processed_md5sum_GLbulkRNAseq.tsv,v9/multispecies/source_checksum_audit.draft.csv
osd120_diagnostic_payload_freeze,draft_osd120_arabidopsis_root_light_interaction_spaceflight,OSD-120,GLDS-120,Atha_Ws_root_FLT_Alight_Rep1_GSM2493780_Day13_GLbulkRNAseq_Aligned.sortedByCoord_sorted.out.bam.bai,md5,8cc99c50da5496c2eeda9bf29f950509,,False,,,osdr_processed_payload_not_required_for_diagnostic,out_of_scope_processed_payload,out_of_scope_not_downloaded,do_not_download_for_current_diagnostic_freeze,https://osdr.nasa.gov/geode-py/ws/studies/OSD-120/download?source=datamanager&file=GLDS-120_rna_seq_processed_md5sum_GLbulkRNAseq.tsv,v9/multispecies/source_checksum_audit.draft.csv
osd120_diagnostic_payload_freeze,draft_osd120_arabidopsis_root_light_interaction_spaceflight,OSD-120,GLDS-120,Atha_Ws_root_FLT_Alight_Rep1_GSM2493780_Day13_GLbulkRNAseq_R2_unmapped.fastq.gz,md5,ca39a0c17306e9dc6a956864cc63ca5c,,False,,,osdr_processed_payload_not_required_for_diagnostic,out_of_scope_processed_payload,out_of_scope_not_downloaded,do_not_download_for_current_diagnostic_freeze,https://osdr.nasa.gov/geode-py/ws/studies/OSD-120/download?source=datamanager&file=GLDS-120_rna_seq_processed_md5sum_GLbulkRNAseq.tsv,v9/multispecies/source_checksum_audit.draft.csv
osd120_diagnostic_payload_freeze,draft_osd120_arabidopsis_root_light_interaction_spaceflight,OSD-120,GLDS-120,Atha_Ws_root_FLT_dark_Rep2_GSM2493790_Day13_GLbulkRNAseq_R2_unmapped.fastq.gz,md5,ca2cbcb9a15352668fb3cec4862c5088,,False,,,osdr_processed_payload_not_required_for_diagnostic,out_of_scope_processed_payload,out_of_scope_not_downloaded,do_not_download_for_current_diagnostic_freeze,https://osdr.nasa.gov/geode-py/ws/studies/OSD-120/download?source=datamanager&file=GLDS-120_rna_seq_processed_md5sum_GLbulkRNAseq.tsv,v9/multispecies/source_checksum_audit.draft.csv
osd120_diagnostic_payload_freeze,draft_osd120_arabidopsis_root_light_interaction_spaceflight,OSD-120,GLDS-120,Atha_Ws_root_FLT_dark_Rep2_GSM2493790_Day13_GLbulkRNAseq_R1_unmapped.fastq.gz,md5,988097be637169c107ab28c2a3a335b8,,False,,,osdr_processed_payload_not_required_for_diagnostic,out_of_scope_processed_payload,out_of_scope_not_downloaded,do_not_download_for_current_diagnostic_freeze,https://osdr.nasa.gov/geode-py/ws/studies/OSD-120/download?source=datamanager&file=GLDS-120_rna_seq_processed_md5sum_GLbulkRNAseq.tsv,v9/multispecies/source_checksum_audit.draft.csv
osd120_diagnostic_payload_freeze,draft_osd120_arabidopsis_root_light_interaction_spaceflight,OSD-120,GLDS-120,Atha_Ws_root_FLT_dark_Rep2_GSM2493790_Day13_GLbulkRNAseq_SJ.out.tab,md5,39ac440a9746354ab1a2df0126cb2987,,False,,,osdr_processed_payload_not_required_for_diagnostic,out_of_scope_processed_payload,out_of_scope_not_downloaded,do_not_download_for_current_diagnostic_freeze,https://osdr.nasa.gov/geode-py/ws/studies/OSD-120/download?source=datamanager&file=GLDS-120_rna_seq_processed_md5sum_GLbulkRNAseq.tsv,v9/multispecies/source_checksum_audit.draft.csv
osd120_diagnostic_payload_freeze,draft_osd120_arabidopsis_root_light_interaction_spaceflight,OSD-120,GLDS-120,Atha_Ws_root_FLT_dark_Rep2_GSM2493790_Day13_GLbulkRNAseq_Log.final.out,md5,91d5f7886f7461011023e0ac1eedcf37,,False,,,osdr_processed_payload_not_required_for_diagnostic,out_of_scope_processed_payload,out_of_scope_not_downloaded,do_not_download_for_current_diagnostic_freeze,https://osdr.nasa.gov/geode-py/ws/studies/OSD-120/download?source=datamanager&file=GLDS-120_rna_seq_processed_md5sum_GLbulkRNAseq.tsv,v9/multispecies/source_checksum_audit.draft.csv
osd120_diagnostic_payload_freeze,draft_osd120_arabidopsis_root_light_interaction_spaceflight,OSD-120,GLDS-120,Atha_Ws_root_FLT_dark_Rep2_GSM2493790_Day13_GLbulkRNAseq_Aligned.sortedByCoord_sorted.out.bam.bai,md5,084de04a08ffa9cd7ff64847e6c7b50c,,False,,,osdr_processed_payload_not_required_for_diagnostic,out_of_scope_processed_payload,out_of_scope_not_downloaded,do_not_download_for_current_diagnostic_freeze,https://osdr.nasa.gov/geode-py/ws/studies/OSD-120/download?source=datamanager&file=GLDS-120_rna_seq_processed_md5sum_GLbulkRNAseq.tsv,v9/multispecies/source_checksum_audit.draft.csv
osd120_diagnostic_payload_freeze,draft_osd120_arabidopsis_root_light_interaction_spaceflight,OSD-120,GLDS-120,Atha_Ws_root_FLT_dark_Rep2_GSM2493790_Day13_GLbulkRNAseq_Aligned.toTranscriptome.out.bam,md5,9e70b6bfc88b7c85065da06b0657f1c6,,False,,,osdr_processed_payload_not_required_for_diagnostic,out_of_scope_processed_payload,out_of_scope_not_downloaded,do_not_download_for_current_diagnostic_freeze,https://osdr.nasa.gov/geode-py/ws/studies/OSD-120/download?source=datamanager&file=GLDS-120_rna_seq_processed_md5sum_GLbulkRNAseq.tsv,v9/multispecies/source_checksum_audit.draft.csv
osd120_diagnostic_payload_freeze,draft_osd120_arabidopsis_root_light_interaction_spaceflight,OSD-120,GLDS-120,Atha_Ws_root_FLT_dark_Rep2_GSM2493790_Day13_GLbulkRNAseq_Aligned.sortedByCoord_sorted.out.bam,md5,41dd787b6c90e4ace49550f4b8f26fd9,,False,,,osdr_processed_payload_not_required_for_diagnostic,out_of_scope_processed_payload,out_of_scope_not_downloaded,do_not_download_for_current_diagnostic_freeze,https://osdr.nasa.gov/geode-py/ws/studies/OSD-120/download?source=datamanager&file=GLDS-120_rna_seq_processed_md5sum_GLbulkRNAseq.tsv,v9/multispecies/source_checksum_audit.draft.csv
osd120_diagnostic_payload_freeze,draft_osd120_arabidopsis_root_light_interaction_spaceflight,OSD-120,GLDS-120,Atha_Col-0_root_FLT_Alight_Rep3_GSM2493779_Day13_GLbulkRNAseq_Aligned.toTranscriptome.out.bam,md5,ab73ffd948c7ea55156c30817727c429,,False,,,osdr_processed_payload_not_required_for_diagnostic,out_of_scope_processed_payload,out_of_scope_not_downloaded,do_not_download_for_current_diagnostic_freeze,https://osdr.nasa.gov/geode-py/ws/studies/OSD-120/download?source=datamanager&file=GLDS-120_rna_seq_processed_md5sum_GLbulkRNAseq.tsv,v9/multispecies/source_checksum_audit.draft.csv
osd120_diagnostic_payload_freeze,draft_osd120_arabidopsis_root_light_interaction_spaceflight,OSD-120,GLDS-120,Atha_Col-0_root_FLT_Alight_Rep3_GSM2493779_Day13_GLbulkRNAseq_SJ.out.tab,md5,e1109e098fdbc27e0595b89f112dcf54,,False,,,osdr_processed_payload_not_required_for_diagnostic,out_of_scope_processed_payload,out_of_scope_not_downloaded,do_not_download_for_current_diagnostic_freeze,https://osdr.nasa.gov/geode-py/ws/studies/OSD-120/download?source=datamanager&file=GLDS-120_rna_seq_processed_md5sum_GLbulkRNAseq.tsv,v9/multispecies/source_checksum_audit.draft.csv
osd120_diagnostic_payload_freeze,draft_osd120_arabidopsis_root_light_interaction_spaceflight,OSD-120,GLDS-120,Atha_Col-0_root_FLT_Alight_Rep3_GSM2493779_Day13_GLbulkRNAseq_R2_unmapped.fastq.gz,md5,b788f8c808e6cae018bfa16b2eaf033d,,False,,,osdr_processed_payload_not_required_for_diagnostic,out_of_scope_processed_payload,out_of_scope_not_downloaded,do_not_download_for_current_diagnostic_freeze,https://osdr.nasa.gov/geode-py/ws/studies/OSD-120/download?source=datamanager&file=GLDS-120_rna_seq_processed_md5sum_GLbulkRNAseq.tsv,v9/multispecies/source_checksum_audit.draft.csv
osd120_diagnostic_payload_freeze,draft_osd120_arabidopsis_root_light_interaction_spaceflight,OSD-120,GLDS-120,Atha_Col-0_root_FLT_Alight_Rep3_GSM2493779_Day13_GLbulkRNAseq_Aligned.sortedByCoord_sorted.out.bam.bai,md5,c503d41a61dcafdb6eec95d816bc2a3e,,False,,,osdr_processed_payload_not_required_for_diagnostic,out_of_scope_processed_payload,out_of_scope_not_downloaded,do_not_download_for_current_diagnostic_freeze,https://osdr.nasa.gov/geode-py/ws/studies/OSD-120/download?source=datamanager&file=GLDS-120_rna_seq_processed_md5sum_GLbulkRNAseq.tsv,v9/multispecies/source_checksum_audit.draft.csv
osd120_diagnostic_payload_freeze,draft_osd120_arabidopsis_root_light_interaction_spaceflight,OSD-120,GLDS-120,Atha_Col-0_root_FLT_Alight_Rep3_GSM2493779_Day13_GLbulkRNAseq_Aligned.sortedByCoord_sorted.out.bam,md5,7f76fe1b869fbaea07406b089f821799,,False,,,osdr_processed_payload_not_required_for_diagnostic,out_of_scope_processed_payload,out_of_scope_not_downloaded,do_not_download_for_current_diagnostic_freeze,https://osdr.nasa.gov/geode-py/ws/studies/OSD-120/download?source=datamanager&file=GLDS-120_rna_seq_processed_md5sum_GLbulkRNAseq.tsv,v9/multispecies/source_checksum_audit.draft.csv
osd120_diagnostic_payload_freeze,draft_osd120_arabidopsis_root_light_interaction_spaceflight,OSD-120,GLDS-120,Atha_Col-0_root_FLT_Alight_Rep3_GSM2493779_Day13_GLbulkRNAseq_R1_unmapped.fastq.gz,md5,27b5389f0dfd2fa3a73164576980dae0,,False,,,osdr_processed_payload_not_required_for_diagnostic,out_of_scope_processed_payload,out_of_scope_not_downloaded,do_not_download_for_current_diagnostic_freeze,https://osdr.nasa.gov/geode-py/ws/studies/OSD-120/download?source=datamanager&file=GLDS-120_rna_seq_processed_md5sum_GLbulkRNAseq.tsv,v9/multispecies/source_checksum_audit.draft.csv
osd120_diagnostic_payload_freeze,draft_osd120_arabidopsis_root_light_interaction_spaceflight,OSD-120,GLDS-120,Atha_Col-0_root_FLT_Alight_Rep3_GSM2493779_Day13_GLbulkRNAseq_Log.final.out,md5,1d443d08485e0b4dee3d7f1ae7a36f02,,False,,,osdr_processed_payload_not_required_for_diagnostic,out_of_scope_processed_payload,out_of_scope_not_downloaded,do_not_download_for_current_diagnostic_freeze,https://osdr.nasa.gov/geode-py/ws/studies/OSD-120/download?source=datamanager&file=GLDS-120_rna_seq_processed_md5sum_GLbulkRNAseq.tsv,v9/multispecies/source_checksum_audit.draft.csv
osd120_diagnostic_payload_freeze,draft_osd120_arabidopsis_root_light_interaction_spaceflight,OSD-120,GLDS-120,Atha_Ws_root_FLT_Alight_Rep2_GSM2493781_Day13_GLbulkRNAseq_R1_unmapped.fastq.gz,md5,cd2e00db008bbf3f0a3dd882f0071b25,,False,,,osdr_processed_payload_not_required_for_diagnostic,out_of_scope_processed_payload,out_of_scope_not_downloaded,do_not_download_for_current_diagnostic_freeze,https://osdr.nasa.gov/geode-py/ws/studies/OSD-120/download?source=datamanager&file=GLDS-120_rna_seq_processed_md5sum_GLbulkRNAseq.tsv,v9/multispecies/source_checksum_audit.draft.csv
osd120_diagnostic_payload_freeze,draft_osd120_arabidopsis_root_light_interaction_spaceflight,OSD-120,GLDS-120,Atha_Ws_root_FLT_Alight_Rep2_GSM2493781_Day13_GLbulkRNAseq_Log.final.out,md5,7ea9efd42abae46bf904fa983ea352d2,,False,,,osdr_processed_payload_not_required_for_diagnostic,out_of_scope_processed_payload,out_of_scope_not_downloaded,do_not_download_for_current_diagnostic_freeze,https://osdr.nasa.gov/geode-py/ws/studies/OSD-120/download?source=datamanager&file=GLDS-120_rna_seq_processed_md5sum_GLbulkRNAseq.tsv,v9/multispecies/source_checksum_audit.draft.csv
osd120_diagnostic_payload_freeze,draft_osd120_arabidopsis_root_light_interaction_spaceflight,OSD-120,GLDS-120,Atha_Ws_root_FLT_Alight_Rep2_GSM2493781_Day13_GLbulkRNAseq_SJ.out.tab,md5,2e422879941fb9023c7e5856ad261e98,,False,,,osdr_processed_payload_not_required_for_diagnostic,out_of_scope_processed_payload,out_of_scope_not_downloaded,do_not_download_for_current_diagnostic_freeze,https://osdr.nasa.gov/geode-py/ws/studies/OSD-120/download?source=datamanager&file=GLDS-120_rna_seq_processed_md5sum_GLbulkRNAseq.tsv,v9/multispecies/source_checksum_audit.draft.csv
osd120_diagnostic_payload_freeze,draft_osd120_arabidopsis_root_light_interaction_spaceflight,OSD-120,GLDS-120,Atha_Ws_root_FLT_Alight_Rep2_GSM2493781_Day13_GLbulkRNAseq_Aligned.sortedByCoord_sorted.out.bam,md5,1e2ad61cd0d28da155678f36e7e274cf,,False,,,osdr_processed_payload_not_required_for_diagnostic,out_of_scope_processed_payload,out_of_scope_not_downloaded,do_not_download_for_current_diagnostic_freeze,https://osdr.nasa.gov/geode-py/ws/studies/OSD-120/download?source=datamanager&file=GLDS-120_rna_seq_processed_md5sum_GLbulkRNAseq.tsv,v9/multispecies/source_checksum_audit.draft.csv
osd120_diagnostic_payload_freeze,draft_osd120_arabidopsis_root_light_interaction_spaceflight,OSD-120,GLDS-120,Atha_Ws_root_FLT_Alight_Rep2_GSM2493781_Day13_GLbulkRNAseq_Aligned.toTranscriptome.out.bam,md5,7d8f15ba68f76901a1f2d0a0060d9c4b,,False,,,osdr_processed_payload_not_required_for_diagnostic,out_of_scope_processed_payload,out_of_scope_not_downloaded,do_not_download_for_current_diagnostic_freeze,https://osdr.nasa.gov/geode-py/ws/studies/OSD-120/download?source=datamanager&file=GLDS-120_rna_seq_processed_md5sum_GLbulkRNAseq.tsv,v9/multispecies/source_checksum_audit.draft.csv
osd120_diagnostic_payload_freeze,draft_osd120_arabidopsis_root_light_interaction_spaceflight,OSD-120,GLDS-120,Atha_Ws_root_FLT_Alight_Rep2_GSM2493781_Day13_GLbulkRNAseq_Aligned.sortedByCoord_sorted.out.bam.bai,md5,22ee2446712a32decf7a9320e9369b12,,False,,,osdr_processed_payload_not_required_for_diagnostic,out_of_scope_processed_payload,out_of_scope_not_downloaded,do_not_download_for_current_diagnostic_freeze,https://osdr.nasa.gov/geode-py/ws/studies/OSD-120/download?source=datamanager&file=GLDS-120_rna_seq_processed_md5sum_GLbulkRNAseq.tsv,v9/multispecies/source_checksum_audit.draft.csv
osd120_diagnostic_payload_freeze,draft_osd120_arabidopsis_root_light_interaction_spaceflight,OSD-120,GLDS-120,Atha_Ws_root_FLT_Alight_Rep2_GSM2493781_Day13_GLbulkRNAseq_R2_unmapped.fastq.gz,md5,65e7984b2d77fb9800f3cad103b4282a,,False,,,osdr_processed_payload_not_required_for_diagnostic,out_of_scope_processed_payload,out_of_scope_not_downloaded,do_not_download_for_current_diagnostic_freeze,https://osdr.nasa.gov/geode-py/ws/studies/OSD-120/download?source=datamanager&file=GLDS-120_rna_seq_processed_md5sum_GLbulkRNAseq.tsv,v9/multispecies/source_checksum_audit.draft.csv
osd120_diagnostic_payload_freeze,draft_osd120_arabidopsis_root_light_interaction_spaceflight,OSD-120,GLDS-120,Atha_Col-0-PhyD_root_GC_Alight_Rep1_GSM2493765_Day13_GLbulkRNAseq_R2_unmapped.fastq.gz,md5,f7bc2a7004da37d6416e7c2d023caa3a,,False,,,osdr_processed_payload_not_required_for_diagnostic,out_of_scope_processed_payload,out_of_scope_not_downloaded,do_not_download_for_current_diagnostic_freeze,https://osdr.nasa.gov/geode-py/ws/studies/OSD-120/download?source=datamanager&file=GLDS-120_rna_seq_processed_md5sum_GLbulkRNAseq.tsv,v9/multispecies/source_checksum_audit.draft.csv
osd120_diagnostic_payload_freeze,draft_osd120_arabidopsis_root_light_interaction_spaceflight,OSD-120,GLDS-120,Atha_Col-0-PhyD_root_GC_Alight_Rep1_GSM2493765_Day13_GLbulkRNAseq_Log.final.out,md5,c6cbcb46c73a8f79a1317ef247d9aabc,,False,,,osdr_processed_payload_not_required_for_diagnostic,out_of_scope_processed_payload,out_of_scope_not_downloaded,do_not_download_for_current_diagnostic_freeze,https://osdr.nasa.gov/geode-py/ws/studies/OSD-120/download?source=datamanager&file=GLDS-120_rna_seq_processed_md5sum_GLbulkRNAseq.tsv,v9/multispecies/source_checksum_audit.draft.csv
osd120_diagnostic_payload_freeze,draft_osd120_arabidopsis_root_light_interaction_spaceflight,OSD-120,GLDS-120,Atha_Col-0-PhyD_root_GC_Alight_Rep1_GSM2493765_Day13_GLbulkRNAseq_Aligned.sortedByCoord_sorted.out.bam,md5,ff8240d37730f315a5ad6df0fb61f473,,False,,,osdr_processed_payload_not_required_for_diagnostic,out_of_scope_processed_payload,out_of_scope_not_downloaded,do_not_download_for_current_diagnostic_freeze,https://osdr.nasa.gov/geode-py/ws/studies/OSD-120/download?source=datamanager&file=GLDS-120_rna_seq_processed_md5sum_GLbulkRNAseq.tsv,v9/multispecies/source_checksum_audit.draft.csv
osd120_diagnostic_payload_freeze,draft_osd120_arabidopsis_root_light_interaction_spaceflight,OSD-120,GLDS-120,Atha_Col-0-PhyD_root_GC_Alight_Rep1_GSM2493765_Day13_GLbulkRNAseq_SJ.out.tab,md5,22524fe1f023719d38b354ca0da2aaa7,,False,,,osdr_processed_payload_not_required_for_diagnostic,out_of_scope_processed_payload,out_of_scope_not_downloaded,do_not_download_for_current_diagnostic_freeze,https://osdr.nasa.gov/geode-py/ws/studies/OSD-120/download?source=datamanager&file=GLDS-120_rna_seq_processed_md5sum_GLbulkRNAseq.tsv,v9/multispecies/source_checksum_audit.draft.csv
osd120_diagnostic_payload_freeze,draft_osd120_arabidopsis_root_light_interaction_spaceflight,OSD-120,GLDS-120,Atha_Col-0-PhyD_root_GC_Alight_Rep1_GSM2493765_Day13_GLbulkRNAseq_Aligned.toTranscriptome.out.bam,md5,7f41f1b04d07b8d94456db2bd6971594,,False,,,osdr_processed_payload_not_required_for_diagnostic,out_of_scope_processed_payload,out_of_scope_not_downloaded,do_not_download_for_current_diagnostic_freeze,https://osdr.nasa.gov/geode-py/ws/studies/OSD-120/download?source=datamanager&file=GLDS-120_rna_seq_processed_md5sum_GLbulkRNAseq.tsv,v9/multispecies/source_checksum_audit.draft.csv
osd120_diagnostic_payload_freeze,draft_osd120_arabidopsis_root_light_interaction_spaceflight,OSD-120,GLDS-120,Atha_Col-0-PhyD_root_GC_Alight_Rep1_GSM2493765_Day13_GLbulkRNAseq_Aligned.sortedByCoord_sorted.out.bam.bai,md5,47b97c69363f2d6c049d8acdb05fd37f,,False,,,osdr_processed_payload_not_required_for_diagnostic,out_of_scope_processed_payload,out_of_scope_not_downloaded,do_not_download_for_current_diagnostic_freeze,https://osdr.nasa.gov/geode-py/ws/studies/OSD-120/download?source=datamanager&file=GLDS-120_rna_seq_processed_md5sum_GLbulkRNAseq.tsv,v9/multispecies/source_checksum_audit.draft.csv
osd120_diagnostic_payload_freeze,draft_osd120_arabidopsis_root_light_interaction_spaceflight,OSD-120,GLDS-120,Atha_Col-0-PhyD_root_GC_Alight_Rep1_GSM2493765_Day13_GLbulkRNAseq_R1_unmapped.fastq.gz,md5,61204929206d69e6ad6f102655bcce81,,False,,,osdr_processed_payload_not_required_for_diagnostic,out_of_scope_processed_payload,out_of_scope_not_downloaded,do_not_download_for_current_diagnostic_freeze,https://osdr.nasa.gov/geode-py/ws/studies/OSD-120/download?source=datamanager&file=GLDS-120_rna_seq_processed_md5sum_GLbulkRNAseq.tsv,v9/multispecies/source_checksum_audit.draft.csv
osd120_diagnostic_payload_freeze,draft_osd120_arabidopsis_root_light_interaction_spaceflight,OSD-120,GLDS-120,Atha_Col-0_root_FLT_Alight_Rep2_GSM2493778_Day13_GLbulkRNAseq_Aligned.sortedByCoord_sorted.out.bam,md5,977041d7ccb45b356996c0af48eb9e7b,,False,,,osdr_processed_payload_not_required_for_diagnostic,out_of_scope_processed_payload,out_of_scope_not_downloaded,do_not_download_for_current_diagnostic_freeze,https://osdr.nasa.gov/geode-py/ws/studies/OSD-120/download?source=datamanager&file=GLDS-120_rna_seq_processed_md5sum_GLbulkRNAseq.tsv,v9/multispecies/source_checksum_audit.draft.csv
osd120_diagnostic_payload_freeze,draft_osd120_arabidopsis_root_light_interaction_spaceflight,OSD-120,GLDS-120,Atha_Col-0_root_FLT_Alight_Rep2_GSM2493778_Day13_GLbulkRNAseq_Aligned.sortedByCoord_sorted.out.bam.bai,md5,c030f2ed28785270f8b53a5e8015072d,,False,,,osdr_processed_payload_not_required_for_diagnostic,out_of_scope_processed_payload,out_of_scope_not_downloaded,do_not_download_for_current_diagnostic_freeze,https://osdr.nasa.gov/geode-py/ws/studies/OSD-120/download?source=datamanager&file=GLDS-120_rna_seq_processed_md5sum_GLbulkRNAseq.tsv,v9/multispecies/source_checksum_audit.draft.csv
osd120_diagnostic_payload_freeze,draft_osd120_arabidopsis_root_light_interaction_spaceflight,OSD-120,GLDS-120,Atha_Col-0_root_FLT_Alight_Rep2_GSM2493778_Day13_GLbulkRNAseq_R1_unmapped.fastq.gz,md5,a1944af29517b2d812f00ce03f7563d2,,False,,,osdr_processed_payload_not_required_for_diagnostic,out_of_scope_processed_payload,out_of_scope_not_downloaded,do_not_download_for_current_diagnostic_freeze,https://osdr.nasa.gov/geode-py/ws/studies/OSD-120/download?source=datamanager&file=GLDS-120_rna_seq_processed_md5sum_GLbulkRNAseq.tsv,v9/multispecies/source_checksum_audit.draft.csv
osd120_diagnostic_payload_freeze,draft_osd120_arabidopsis_root_light_interaction_spaceflight,OSD-120,GLDS-120,Atha_Col-0_root_FLT_Alight_Rep2_GSM2493778_Day13_GLbulkRNAseq_Aligned.toTranscriptome.out.bam,md5,90839d199204e198a93852e87acb7657,,False,,,osdr_processed_payload_not_required_for_diagnostic,out_of_scope_processed_payload,out_of_scope_not_downloaded,do_not_download_for_current_diagnostic_freeze,https://osdr.nasa.gov/geode-py/ws/studies/OSD-120/download?source=datamanager&file=GLDS-120_rna_seq_processed_md5sum_GLbulkRNAseq.tsv,v9/multispecies/source_checksum_audit.draft.csv
osd120_diagnostic_payload_freeze,draft_osd120_arabidopsis_root_light_interaction_spaceflight,OSD-120,GLDS-120,Atha_Col-0_root_FLT_Alight_Rep2_GSM2493778_Day13_GLbulkRNAseq_Log.final.out,md5,71790f9b72b0942c841785095f91cf71,,False,,,osdr_processed_payload_not_required_for_diagnostic,out_of_scope_processed_payload,out_of_scope_not_downloaded,do_not_download_for_current_diagnostic_freeze,https://osdr.nasa.gov/geode-py/ws/studies/OSD-120/download?source=datamanager&file=GLDS-120_rna_seq_processed_md5sum_GLbulkRNAseq.tsv,v9/multispecies/source_checksum_audit.draft.csv
osd120_diagnostic_payload_freeze,draft_osd120_arabidopsis_root_light_interaction_spaceflight,OSD-120,GLDS-120,Atha_Col-0_root_FLT_Alight_Rep2_GSM2493778_Day13_GLbulkRNAseq_SJ.out.tab,md5,cbaf8a4486f32eaf432a9f6dcbe759c5,,False,,,osdr_processed_payload_not_required_for_diagnostic,out_of_scope_processed_payload,out_of_scope_not_downloaded,do_not_download_for_current_diagnostic_freeze,https://osdr.nasa.gov/geode-py/ws/studies/OSD-120/download?source=datamanager&file=GLDS-120_rna_seq_processed_md5sum_GLbulkRNAseq.tsv,v9/multispecies/source_checksum_audit.draft.csv
osd120_diagnostic_payload_freeze,draft_osd120_arabidopsis_root_light_interaction_spaceflight,OSD-120,GLDS-120,Atha_Col-0_root_FLT_Alight_Rep2_GSM2493778_Day13_GLbulkRNAseq_R2_unmapped.fastq.gz,md5,f4f849e9c19791314f078b6d316c7e57,,False,,,osdr_processed_payload_not_required_for_diagnostic,out_of_scope_processed_payload,out_of_scope_not_downloaded,do_not_download_for_current_diagnostic_freeze,https://osdr.nasa.gov/geode-py/ws/studies/OSD-120/download?source=datamanager&file=GLDS-120_rna_seq_processed_md5sum_GLbulkRNAseq.tsv,v9/multispecies/source_checksum_audit.draft.csv
osd120_diagnostic_payload_freeze,draft_osd120_arabidopsis_root_light_interaction_spaceflight,OSD-120,GLDS-120,Atha_Col-0-PhyD_root_FLT_dark_Rep3_GSM2493794_Day13_GLbulkRNAseq_Aligned.sortedByCoord_sorted.out.bam,md5,eafb658f564444ba3de9c6530713a5be,,False,,,osdr_processed_payload_not_required_for_diagnostic,out_of_scope_processed_payload,out_of_scope_not_downloaded,do_not_download_for_current_diagnostic_freeze,https://osdr.nasa.gov/geode-py/ws/studies/OSD-120/download?source=datamanager&file=GLDS-120_rna_seq_processed_md5sum_GLbulkRNAseq.tsv,v9/multispecies/source_checksum_audit.draft.csv
osd120_diagnostic_payload_freeze,draft_osd120_arabidopsis_root_light_interaction_spaceflight,OSD-120,GLDS-120,Atha_Col-0-PhyD_root_FLT_dark_Rep3_GSM2493794_Day13_GLbulkRNAseq_Log.final.out,md5,d338ff4331bc17eacbdde71aafcf63b1,,False,,,osdr_processed_payload_not_required_for_diagnostic,out_of_scope_processed_payload,out_of_scope_not_downloaded,do_not_download_for_current_diagnostic_freeze,https://osdr.nasa.gov/geode-py/ws/studies/OSD-120/download?source=datamanager&file=GLDS-120_rna_seq_processed_md5sum_GLbulkRNAseq.tsv,v9/multispecies/source_checksum_audit.draft.csv
osd120_diagnostic_payload_freeze,draft_osd120_arabidopsis_root_light_interaction_spaceflight,OSD-120,GLDS-120,Atha_Col-0-PhyD_root_FLT_dark_Rep3_GSM2493794_Day13_GLbulkRNAseq_R1_unmapped.fastq.gz,md5,db58ebaf57781415aa6647ba75108e68,,False,,,osdr_processed_payload_not_required_for_diagnostic,out_of_scope_processed_payload,out_of_scope_not_downloaded,do_not_download_for_current_diagnostic_freeze,https://osdr.nasa.gov/geode-py/ws/studies/OSD-120/download?source=datamanager&file=GLDS-120_rna_seq_processed_md5sum_GLbulkRNAseq.tsv,v9/multispecies/source_checksum_audit.draft.csv
osd120_diagnostic_payload_freeze,draft_osd120_arabidopsis_root_light_interaction_spaceflight,OSD-120,GLDS-120,Atha_Col-0-PhyD_root_FLT_dark_Rep3_GSM2493794_Day13_GLbulkRNAseq_Aligned.sortedByCoord_sorted.out.bam.bai,md5,59ea2f5806655b4d4f849406ec80e336,,False,,,osdr_processed_payload_not_required_for_diagnostic,out_of_scope_processed_payload,out_of_scope_not_downloaded,do_not_download_for_current_diagnostic_freeze,https://osdr.nasa.gov/geode-py/ws/studies/OSD-120/download?source=datamanager&file=GLDS-120_rna_seq_processed_md5sum_GLbulkRNAseq.tsv,v9/multispecies/source_checksum_audit.draft.csv
osd120_diagnostic_payload_freeze,draft_osd120_arabidopsis_root_light_interaction_spaceflight,OSD-120,GLDS-120,Atha_Col-0-PhyD_root_FLT_dark_Rep3_GSM2493794_Day13_GLbulkRNAseq_R2_unmapped.fastq.gz,md5,ac7874112904c759847fb2d73dea591c,,False,,,osdr_processed_payload_not_required_for_diagnostic,out_of_scope_processed_payload,out_of_scope_not_downloaded,do_not_download_for_current_diagnostic_freeze,https://osdr.nasa.gov/geode-py/ws/studies/OSD-120/download?source=datamanager&file=GLDS-120_rna_seq_processed_md5sum_GLbulkRNAseq.tsv,v9/multispecies/source_checksum_audit.draft.csv
osd120_diagnostic_payload_freeze,draft_osd120_arabidopsis_root_light_interaction_spaceflight,OSD-120,GLDS-120,Atha_Col-0-PhyD_root_FLT_dark_Rep3_GSM2493794_Day13_GLbulkRNAseq_SJ.out.tab,md5,101c572a8bf514e86b01c3679e29bae3,,False,,,osdr_processed_payload_not_required_for_diagnostic,out_of_scope_processed_payload,out_of_scope_not_downloaded,do_not_download_for_current_diagnostic_freeze,https://osdr.nasa.gov/geode-py/ws/studies/OSD-120/download?source=datamanager&file=GLDS-120_rna_seq_processed_md5sum_GLbulkRNAseq.tsv,v9/multispecies/source_checksum_audit.draft.csv
osd120_diagnostic_payload_freeze,draft_osd120_arabidopsis_root_light_interaction_spaceflight,OSD-120,GLDS-120,Atha_Col-0-PhyD_root_FLT_dark_Rep3_GSM2493794_Day13_GLbulkRNAseq_Aligned.toTranscriptome.out.bam,md5,2885e51557b11aa20ad19e9796519d3f,,False,,,osdr_processed_payload_not_required_for_diagnostic,out_of_scope_processed_payload,out_of_scope_not_downloaded,do_not_download_for_current_diagnostic_freeze,https://osdr.nasa.gov/geode-py/ws/studies/OSD-120/download?source=datamanager&file=GLDS-120_rna_seq_processed_md5sum_GLbulkRNAseq.tsv,v9/multispecies/source_checksum_audit.draft.csv
osd120_diagnostic_payload_freeze,draft_osd120_arabidopsis_root_light_interaction_spaceflight,OSD-120,GLDS-120,Atha_Col-0_root_FLT_dark_Rep2_GSM2493787_Day13_GLbulkRNAseq_Aligned.sortedByCoord_sorted.out.bam,md5,ea0275db8b548e2db393063f2e44c61a,,False,,,osdr_processed_payload_not_required_for_diagnostic,out_of_scope_processed_payload,out_of_scope_not_downloaded,do_not_download_for_current_diagnostic_freeze,https://osdr.nasa.gov/geode-py/ws/studies/OSD-120/download?source=datamanager&file=GLDS-120_rna_seq_processed_md5sum_GLbulkRNAseq.tsv,v9/multispecies/source_checksum_audit.draft.csv
osd120_diagnostic_payload_freeze,draft_osd120_arabidopsis_root_light_interaction_spaceflight,OSD-120,GLDS-120,Atha_Col-0_root_FLT_dark_Rep2_GSM2493787_Day13_GLbulkRNAseq_Log.final.out,md5,2fcaa721257760e6e26e7bb67f883238,,False,,,osdr_processed_payload_not_required_for_diagnostic,out_of_scope_processed_payload,out_of_scope_not_downloaded,do_not_download_for_current_diagnostic_freeze,https://osdr.nasa.gov/geode-py/ws/studies/OSD-120/download?source=datamanager&file=GLDS-120_rna_seq_processed_md5sum_GLbulkRNAseq.tsv,v9/multispecies/source_checksum_audit.draft.csv
osd120_diagnostic_payload_freeze,draft_osd120_arabidopsis_root_light_interaction_spaceflight,OSD-120,GLDS-120,Atha_Col-0_root_FLT_dark_Rep2_GSM2493787_Day13_GLbulkRNAseq_Aligned.toTranscriptome.out.bam,md5,2be18cf9cbcfb1f6e882c5a3fa4592c3,,False,,,osdr_processed_payload_not_required_for_diagnostic,out_of_scope_processed_payload,out_of_scope_not_downloaded,do_not_download_for_current_diagnostic_freeze,https://osdr.nasa.gov/geode-py/ws/studies/OSD-120/download?source=datamanager&file=GLDS-120_rna_seq_processed_md5sum_GLbulkRNAseq.tsv,v9/multispecies/source_checksum_audit.draft.csv
osd120_diagnostic_payload_freeze,draft_osd120_arabidopsis_root_light_interaction_spaceflight,OSD-120,GLDS-120,Atha_Col-0_root_FLT_dark_Rep2_GSM2493787_Day13_GLbulkRNAseq_R1_unmapped.fastq.gz,md5,613db8a14ab5b14fdbef3f481958d6c2,,False,,,osdr_processed_payload_not_required_for_diagnostic,out_of_scope_processed_payload,out_of_scope_not_downloaded,do_not_download_for_current_diagnostic_freeze,https://osdr.nasa.gov/geode-py/ws/studies/OSD-120/download?source=datamanager&file=GLDS-120_rna_seq_processed_md5sum_GLbulkRNAseq.tsv,v9/multispecies/source_checksum_audit.draft.csv
osd120_diagnostic_payload_freeze,draft_osd120_arabidopsis_root_light_interaction_spaceflight,OSD-120,GLDS-120,Atha_Col-0_root_FLT_dark_Rep2_GSM2493787_Day13_GLbulkRNAseq_Aligned.sortedByCoord_sorted.out.bam.bai,md5,9d5c2087e806778cf61fa220eee85b2b,,False,,,osdr_processed_payload_not_required_for_diagnostic,out_of_scope_processed_payload,out_of_scope_not_downloaded,do_not_download_for_current_diagnostic_freeze,https://osdr.nasa.gov/geode-py/ws/studies/OSD-120/download?source=datamanager&file=GLDS-120_rna_seq_processed_md5sum_GLbulkRNAseq.tsv,v9/multispecies/source_checksum_audit.draft.csv
osd120_diagnostic_payload_freeze,draft_osd120_arabidopsis_root_light_interaction_spaceflight,OSD-120,GLDS-120,Atha_Col-0_root_FLT_dark_Rep2_GSM2493787_Day13_GLbulkRNAseq_R2_unmapped.fastq.gz,md5,bde00c283887005946626eabdf8013ef,,False,,,osdr_processed_payload_not_required_for_diagnostic,out_of_scope_processed_payload,out_of_scope_not_downloaded,do_not_download_for_current_diagnostic_freeze,https://osdr.nasa.gov/geode-py/ws/studies/OSD-120/download?source=datamanager&file=GLDS-120_rna_seq_processed_md5sum_GLbulkRNAseq.tsv,v9/multispecies/source_checksum_audit.draft.csv
osd120_diagnostic_payload_freeze,draft_osd120_arabidopsis_root_light_interaction_spaceflight,OSD-120,GLDS-120,Atha_Col-0_root_FLT_dark_Rep2_GSM2493787_Day13_GLbulkRNAseq_SJ.out.tab,md5,13d1c36b2e1d0c8a57997b59a205590c,,False,,,osdr_processed_payload_not_required_for_diagnostic,out_of_scope_processed_payload,out_of_scope_not_downloaded,do_not_download_for_current_diagnostic_freeze,https://osdr.nasa.gov/geode-py/ws/studies/OSD-120/download?source=datamanager&file=GLDS-120_rna_seq_processed_md5sum_GLbulkRNAseq.tsv,v9/multispecies/source_checksum_audit.draft.csv
osd120_diagnostic_payload_freeze,draft_osd120_arabidopsis_root_light_interaction_spaceflight,OSD-120,GLDS-120,Atha_Ws_root_FLT_dark_Rep3_GSM2493791_Day13_GLbulkRNAseq_Aligned.sortedByCoord_sorted.out.bam,md5,4f27ec7ebc080c57fbbf15fe0ebb7b20,,False,,,osdr_processed_payload_not_required_for_diagnostic,out_of_scope_processed_payload,out_of_scope_not_downloaded,do_not_download_for_current_diagnostic_freeze,https://osdr.nasa.gov/geode-py/ws/studies/OSD-120/download?source=datamanager&file=GLDS-120_rna_seq_processed_md5sum_GLbulkRNAseq.tsv,v9/multispecies/source_checksum_audit.draft.csv
osd120_diagnostic_payload_freeze,draft_osd120_arabidopsis_root_light_interaction_spaceflight,OSD-120,GLDS-120,Atha_Ws_root_FLT_dark_Rep3_GSM2493791_Day13_GLbulkRNAseq_R2_unmapped.fastq.gz,md5,503f0c7e1138a0f66efb23634decd82b,,False,,,osdr_processed_payload_not_required_for_diagnostic,out_of_scope_processed_payload,out_of_scope_not_downloaded,do_not_download_for_current_diagnostic_freeze,https://osdr.nasa.gov/geode-py/ws/studies/OSD-120/download?source=datamanager&file=GLDS-120_rna_seq_processed_md5sum_GLbulkRNAseq.tsv,v9/multispecies/source_checksum_audit.draft.csv
osd120_diagnostic_payload_freeze,draft_osd120_arabidopsis_root_light_interaction_spaceflight,OSD-120,GLDS-120,Atha_Ws_root_FLT_dark_Rep3_GSM2493791_Day13_GLbulkRNAseq_Aligned.sortedByCoord_sorted.out.bam.bai,md5,9d47e21fc5a3d1c4de1d38361eb8e635,,False,,,osdr_processed_payload_not_required_for_diagnostic,out_of_scope_processed_payload,out_of_scope_not_downloaded,do_not_download_for_current_diagnostic_freeze,https://osdr.nasa.gov/geode-py/ws/studies/OSD-120/download?source=datamanager&file=GLDS-120_rna_seq_processed_md5sum_GLbulkRNAseq.tsv,v9/multispecies/source_checksum_audit.draft.csv
osd120_diagnostic_payload_freeze,draft_osd120_arabidopsis_root_light_interaction_spaceflight,OSD-120,GLDS-120,Atha_Ws_root_FLT_dark_Rep3_GSM2493791_Day13_GLbulkRNAseq_Aligned.toTranscriptome.out.bam,md5,1726541406359c18131dac8b81b12e30,,False,,,osdr_processed_payload_not_required_for_diagnostic,out_of_scope_processed_payload,out_of_scope_not_downloaded,do_not_download_for_current_diagnostic_freeze,https://osdr.nasa.gov/geode-py/ws/studies/OSD-120/download?source=datamanager&file=GLDS-120_rna_seq_processed_md5sum_GLbulkRNAseq.tsv,v9/multispecies/source_checksum_audit.draft.csv
osd120_diagnostic_payload_freeze,draft_osd120_arabidopsis_root_light_interaction_spaceflight,OSD-120,GLDS-120,Atha_Ws_root_FLT_dark_Rep3_GSM2493791_Day13_GLbulkRNAseq_SJ.out.tab,md5,0245fbe35a903d920ace3fe14dfb1479,,False,,,osdr_processed_payload_not_required_for_diagnostic,out_of_scope_processed_payload,out_of_scope_not_downloaded,do_not_download_for_current_diagnostic_freeze,https://osdr.nasa.gov/geode-py/ws/studies/OSD-120/download?source=datamanager&file=GLDS-120_rna_seq_processed_md5sum_GLbulkRNAseq.tsv,v9/multispecies/source_checksum_audit.draft.csv
osd120_diagnostic_payload_freeze,draft_osd120_arabidopsis_root_light_interaction_spaceflight,OSD-120,GLDS-120,Atha_Ws_root_FLT_dark_Rep3_GSM2493791_Day13_GLbulkRNAseq_Log.final.out,md5,81f9c3b9d164c1965ee786d1dcac9a32,,False,,,osdr_processed_payload_not_required_for_diagnostic,out_of_scope_processed_payload,out_of_scope_not_downloaded,do_not_download_for_current_diagnostic_freeze,https://osdr.nasa.gov/geode-py/ws/studies/OSD-120/download?source=datamanager&file=GLDS-120_rna_seq_processed_md5sum_GLbulkRNAseq.tsv,v9/multispecies/source_checksum_audit.draft.csv
osd120_diagnostic_payload_freeze,draft_osd120_arabidopsis_root_light_interaction_spaceflight,OSD-120,GLDS-120,Atha_Ws_root_FLT_dark_Rep3_GSM2493791_Day13_GLbulkRNAseq_R1_unmapped.fastq.gz,md5,5282a67d795fba25aeb6bae7f6f86b10,,False,,,osdr_processed_payload_not_required_for_diagnostic,out_of_scope_processed_payload,out_of_scope_not_downloaded,do_not_download_for_current_diagnostic_freeze,https://osdr.nasa.gov/geode-py/ws/studies/OSD-120/download?source=datamanager&file=GLDS-120_rna_seq_processed_md5sum_GLbulkRNAseq.tsv,v9/multispecies/source_checksum_audit.draft.csv
osd120_diagnostic_payload_freeze,draft_osd120_arabidopsis_root_light_interaction_spaceflight,OSD-120,GLDS-120,Atha_Col-0_root_FLT_dark_Rep1_GSM2493786_Day13_GLbulkRNAseq_R2_unmapped.fastq.gz,md5,cbe205120e55090fcd7b41b9c535cf7d,,False,,,osdr_processed_payload_not_required_for_diagnostic,out_of_scope_processed_payload,out_of_scope_not_downloaded,do_not_download_for_current_diagnostic_freeze,https://osdr.nasa.gov/geode-py/ws/studies/OSD-120/download?source=datamanager&file=GLDS-120_rna_seq_processed_md5sum_GLbulkRNAseq.tsv,v9/multispecies/source_checksum_audit.draft.csv
osd120_diagnostic_payload_freeze,draft_osd120_arabidopsis_root_light_interaction_spaceflight,OSD-120,GLDS-120,Atha_Col-0_root_FLT_dark_Rep1_GSM2493786_Day13_GLbulkRNAseq_SJ.out.tab,md5,8551ae6bde465880f1907929f213bb22,,False,,,osdr_processed_payload_not_required_for_diagnostic,out_of_scope_processed_payload,out_of_scope_not_downloaded,do_not_download_for_current_diagnostic_freeze,https://osdr.nasa.gov/geode-py/ws/studies/OSD-120/download?source=datamanager&file=GLDS-120_rna_seq_processed_md5sum_GLbulkRNAseq.tsv,v9/multispecies/source_checksum_audit.draft.csv
osd120_diagnostic_payload_freeze,draft_osd120_arabidopsis_root_light_interaction_spaceflight,OSD-120,GLDS-120,Atha_Col-0_root_FLT_dark_Rep1_GSM2493786_Day13_GLbulkRNAseq_Log.final.out,md5,08919101ab69b1f61c91f3859a9a7fa2,,False,,,osdr_processed_payload_not_required_for_diagnostic,out_of_scope_processed_payload,out_of_scope_not_downloaded,do_not_download_for_current_diagnostic_freeze,https://osdr.nasa.gov/geode-py/ws/studies/OSD-120/download?source=datamanager&file=GLDS-120_rna_seq_processed_md5sum_GLbulkRNAseq.tsv,v9/multispecies/source_checksum_audit.draft.csv
osd120_diagnostic_payload_freeze,draft_osd120_arabidopsis_root_light_interaction_spaceflight,OSD-120,GLDS-120,Atha_Col-0_root_FLT_dark_Rep1_GSM2493786_Day13_GLbulkRNAseq_R1_unmapped.fastq.gz,md5,1df61e487f9e2c792e9b79616eb30d97,,False,,,osdr_processed_payload_not_required_for_diagnostic,out_of_scope_processed_payload,out_of_scope_not_downloaded,do_not_download_for_current_diagnostic_freeze,https://osdr.nasa.gov/geode-py/ws/studies/OSD-120/download?source=datamanager&file=GLDS-120_rna_seq_processed_md5sum_GLbulkRNAseq.tsv,v9/multispecies/source_checksum_audit.draft.csv
osd120_diagnostic_payload_freeze,draft_osd120_arabidopsis_root_light_interaction_spaceflight,OSD-120,GLDS-120,Atha_Col-0_root_FLT_dark_Rep1_GSM2493786_Day13_GLbulkRNAseq_Aligned.toTranscriptome.out.bam,md5,5d9c2f93cc628229e5bfa4c67905808a,,False,,,osdr_processed_payload_not_required_for_diagnostic,out_of_scope_processed_payload,out_of_scope_not_downloaded,do_not_download_for_current_diagnostic_freeze,https://osdr.nasa.gov/geode-py/ws/studies/OSD-120/download?source=datamanager&file=GLDS-120_rna_seq_processed_md5sum_GLbulkRNAseq.tsv,v9/multispecies/source_checksum_audit.draft.csv
osd120_diagnostic_payload_freeze,draft_osd120_arabidopsis_root_light_interaction_spaceflight,OSD-120,GLDS-120,Atha_Col-0_root_FLT_dark_Rep1_GSM2493786_Day13_GLbulkRNAseq_Aligned.sortedByCoord_sorted.out.bam.bai,md5,a600999a39d331b62e9cfda9a301b550,,False,,,osdr_processed_payload_not_required_for_diagnostic,out_of_scope_processed_payload,out_of_scope_not_downloaded,do_not_download_for_current_diagnostic_freeze,https://osdr.nasa.gov/geode-py/ws/studies/OSD-120/download?source=datamanager&file=GLDS-120_rna_seq_processed_md5sum_GLbulkRNAseq.tsv,v9/multispecies/source_checksum_audit.draft.csv
osd120_diagnostic_payload_freeze,draft_osd120_arabidopsis_root_light_interaction_spaceflight,OSD-120,GLDS-120,Atha_Col-0_root_FLT_dark_Rep1_GSM2493786_Day13_GLbulkRNAseq_Aligned.sortedByCoord_sorted.out.bam,md5,e13bc5a5dd4aabc83a308f3c7b1ce089,,False,,,osdr_processed_payload_not_required_for_diagnostic,out_of_scope_processed_payload,out_of_scope_not_downloaded,do_not_download_for_current_diagnostic_freeze,https://osdr.nasa.gov/geode-py/ws/studies/OSD-120/download?source=datamanager&file=GLDS-120_rna_seq_processed_md5sum_GLbulkRNAseq.tsv,v9/multispecies/source_checksum_audit.draft.csv
osd120_diagnostic_payload_freeze,draft_osd120_arabidopsis_root_light_interaction_spaceflight,OSD-120,GLDS-120,Atha_Ws_root_FLT_dark_Rep1_GSM2493789_Day13_GLbulkRNAseq_Aligned.sortedByCoord_sorted.out.bam.bai,md5,a4b32d7c4c884fea387ad51f4fdc75e4,,False,,,osdr_processed_payload_not_required_for_diagnostic,out_of_scope_processed_payload,out_of_scope_not_downloaded,do_not_download_for_current_diagnostic_freeze,https://osdr.nasa.gov/geode-py/ws/studies/OSD-120/download?source=datamanager&file=GLDS-120_rna_seq_processed_md5sum_GLbulkRNAseq.tsv,v9/multispecies/source_checksum_audit.draft.csv
osd120_diagnostic_payload_freeze,draft_osd120_arabidopsis_root_light_interaction_spaceflight,OSD-120,GLDS-120,Atha_Ws_root_FLT_dark_Rep1_GSM2493789_Day13_GLbulkRNAseq_Aligned.sortedByCoord_sorted.out.bam,md5,e492d05aeb1521b0b75fa602507b4a68,,False,,,osdr_processed_payload_not_required_for_diagnostic,out_of_scope_processed_payload,out_of_scope_not_downloaded,do_not_download_for_current_diagnostic_freeze,https://osdr.nasa.gov/geode-py/ws/studies/OSD-120/download?source=datamanager&file=GLDS-120_rna_seq_processed_md5sum_GLbulkRNAseq.tsv,v9/multispecies/source_checksum_audit.draft.csv
osd120_diagnostic_payload_freeze,draft_osd120_arabidopsis_root_light_interaction_spaceflight,OSD-120,GLDS-120,Atha_Ws_root_FLT_dark_Rep1_GSM2493789_Day13_GLbulkRNAseq_R2_unmapped.fastq.gz,md5,033403487d97ad60b360cbad6031474a,,False,,,osdr_processed_payload_not_required_for_diagnostic,out_of_scope_processed_payload,out_of_scope_not_downloaded,do_not_download_for_current_diagnostic_freeze,https://osdr.nasa.gov/geode-py/ws/studies/OSD-120/download?source=datamanager&file=GLDS-120_rna_seq_processed_md5sum_GLbulkRNAseq.tsv,v9/multispecies/source_checksum_audit.draft.csv
osd120_diagnostic_payload_freeze,draft_osd120_arabidopsis_root_light_interaction_spaceflight,OSD-120,GLDS-120,Atha_Ws_root_FLT_dark_Rep1_GSM2493789_Day13_GLbulkRNAseq_Aligned.toTranscriptome.out.bam,md5,1a04fc45d7e5c2b2302e282894f281a0,,False,,,osdr_processed_payload_not_required_for_diagnostic,out_of_scope_processed_payload,out_of_scope_not_downloaded,do_not_download_for_current_diagnostic_freeze,https://osdr.nasa.gov/geode-py/ws/studies/OSD-120/download?source=datamanager&file=GLDS-120_rna_seq_processed_md5sum_GLbulkRNAseq.tsv,v9/multispecies/source_checksum_audit.draft.csv
osd120_diagnostic_payload_freeze,draft_osd120_arabidopsis_root_light_interaction_spaceflight,OSD-120,GLDS-120,Atha_Ws_root_FLT_dark_Rep1_GSM2493789_Day13_GLbulkRNAseq_Log.final.out,md5,5bce9da952c8c0e5fd7e344f1ee95e0f,,False,,,osdr_processed_payload_not_required_for_diagnostic,out_of_scope_processed_payload,out_of_scope_not_downloaded,do_not_download_for_current_diagnostic_freeze,https://osdr.nasa.gov/geode-py/ws/studies/OSD-120/download?source=datamanager&file=GLDS-120_rna_seq_processed_md5sum_GLbulkRNAseq.tsv,v9/multispecies/source_checksum_audit.draft.csv
osd120_diagnostic_payload_freeze,draft_osd120_arabidopsis_root_light_interaction_spaceflight,OSD-120,GLDS-120,Atha_Ws_root_FLT_dark_Rep1_GSM2493789_Day13_GLbulkRNAseq_R1_unmapped.fastq.gz,md5,5d94fec70aab0bfe61a55d6a59a1d708,,False,,,osdr_processed_payload_not_required_for_diagnostic,out_of_scope_processed_payload,out_of_scope_not_downloaded,do_not_download_for_current_diagnostic_freeze,https://osdr.nasa.gov/geode-py/ws/studies/OSD-120/download?source=datamanager&file=GLDS-120_rna_seq_processed_md5sum_GLbulkRNAseq.tsv,v9/multispecies/source_checksum_audit.draft.csv
osd120_diagnostic_payload_freeze,draft_osd120_arabidopsis_root_light_interaction_spaceflight,OSD-120,GLDS-120,Atha_Ws_root_FLT_dark_Rep1_GSM2493789_Day13_GLbulkRNAseq_SJ.out.tab,md5,d67d5fc68f5b90b967b0f6390668deba,,False,,,osdr_processed_payload_not_required_for_diagnostic,out_of_scope_processed_payload,out_of_scope_not_downloaded,do_not_download_for_current_diagnostic_freeze,https://osdr.nasa.gov/geode-py/ws/studies/OSD-120/download?source=datamanager&file=GLDS-120_rna_seq_processed_md5sum_GLbulkRNAseq.tsv,v9/multispecies/source_checksum_audit.draft.csv
osd120_diagnostic_payload_freeze,draft_osd120_arabidopsis_root_light_interaction_spaceflight,OSD-120,GLDS-120,Atha_Col-0-PhyD_root_GC_Alight_Rep3_GSM2493767_Day13_GLbulkRNAseq_R2_unmapped.fastq.gz,md5,dc02ef49cce8126032ee53670b498fd5,,False,,,osdr_processed_payload_not_required_for_diagnostic,out_of_scope_processed_payload,out_of_scope_not_downloaded,do_not_download_for_current_diagnostic_freeze,https://osdr.nasa.gov/geode-py/ws/studies/OSD-120/download?source=datamanager&file=GLDS-120_rna_seq_processed_md5sum_GLbulkRNAseq.tsv,v9/multispecies/source_checksum_audit.draft.csv
osd120_diagnostic_payload_freeze,draft_osd120_arabidopsis_root_light_interaction_spaceflight,OSD-120,GLDS-120,Atha_Col-0-PhyD_root_GC_Alight_Rep3_GSM2493767_Day13_GLbulkRNAseq_Aligned.sortedByCoord_sorted.out.bam,md5,c5cb7cf28e81ca5b01ea34d2932b1d5e,,False,,,osdr_processed_payload_not_required_for_diagnostic,out_of_scope_processed_payload,out_of_scope_not_downloaded,do_not_download_for_current_diagnostic_freeze,https://osdr.nasa.gov/geode-py/ws/studies/OSD-120/download?source=datamanager&file=GLDS-120_rna_seq_processed_md5sum_GLbulkRNAseq.tsv,v9/multispecies/source_checksum_audit.draft.csv
osd120_diagnostic_payload_freeze,draft_osd120_arabidopsis_root_light_interaction_spaceflight,OSD-120,GLDS-120,Atha_Col-0-PhyD_root_GC_Alight_Rep3_GSM2493767_Day13_GLbulkRNAseq_Aligned.sortedByCoord_sorted.out.bam.bai,md5,40e1069e8ba617551b03688f91e41354,,False,,,osdr_processed_payload_not_required_for_diagnostic,out_of_scope_processed_payload,out_of_scope_not_downloaded,do_not_download_for_current_diagnostic_freeze,https://osdr.nasa.gov/geode-py/ws/studies/OSD-120/download?source=datamanager&file=GLDS-120_rna_seq_processed_md5sum_GLbulkRNAseq.tsv,v9/multispecies/source_checksum_audit.draft.csv
osd120_diagnostic_payload_freeze,draft_osd120_arabidopsis_root_light_interaction_spaceflight,OSD-120,GLDS-120,Atha_Col-0-PhyD_root_GC_Alight_Rep3_GSM2493767_Day13_GLbulkRNAseq_Log.final.out,md5,09672f9d1ae6dd35914ef55047a4d414,,False,,,osdr_processed_payload_not_required_for_diagnostic,out_of_scope_processed_payload,out_of_scope_not_downloaded,do_not_download_for_current_diagnostic_freeze,https://osdr.nasa.gov/geode-py/ws/studies/OSD-120/download?source=datamanager&file=GLDS-120_rna_seq_processed_md5sum_GLbulkRNAseq.tsv,v9/multispecies/source_checksum_audit.draft.csv
osd120_diagnostic_payload_freeze,draft_osd120_arabidopsis_root_light_interaction_spaceflight,OSD-120,GLDS-120,Atha_Col-0-PhyD_root_GC_Alight_Rep3_GSM2493767_Day13_GLbulkRNAseq_Aligned.toTranscriptome.out.bam,md5,86837d436ef1b58b12415d4c2217804f,,False,,,osdr_processed_payload_not_required_for_diagnostic,out_of_scope_processed_payload,out_of_scope_not_downloaded,do_not_download_for_current_diagnostic_freeze,https://osdr.nasa.gov/geode-py/ws/studies/OSD-120/download?source=datamanager&file=GLDS-120_rna_seq_processed_md5sum_GLbulkRNAseq.tsv,v9/multispecies/source_checksum_audit.draft.csv
osd120_diagnostic_payload_freeze,draft_osd120_arabidopsis_root_light_interaction_spaceflight,OSD-120,GLDS-120,Atha_Col-0-PhyD_root_GC_Alight_Rep3_GSM2493767_Day13_GLbulkRNAseq_R1_unmapped.fastq.gz,md5,bfee09f236502602e6436a4fcdb5f053,,False,,,osdr_processed_payload_not_required_for_diagnostic,out_of_scope_processed_payload,out_of_scope_not_downloaded,do_not_download_for_current_diagnostic_freeze,https://osdr.nasa.gov/geode-py/ws/studies/OSD-120/download?source=datamanager&file=GLDS-120_rna_seq_processed_md5sum_GLbulkRNAseq.tsv,v9/multispecies/source_checksum_audit.draft.csv
osd120_diagnostic_payload_freeze,draft_osd120_arabidopsis_root_light_interaction_spaceflight,OSD-120,GLDS-120,Atha_Col-0-PhyD_root_GC_Alight_Rep3_GSM2493767_Day13_GLbulkRNAseq_SJ.out.tab,md5,3c8a94938cd8ebaac315356582b4ec5f,,False,,,osdr_processed_payload_not_required_for_diagnostic,out_of_scope_processed_payload,out_of_scope_not_downloaded,do_not_download_for_current_diagnostic_freeze,https://osdr.nasa.gov/geode-py/ws/studies/OSD-120/download?source=datamanager&file=GLDS-120_rna_seq_processed_md5sum_GLbulkRNAseq.tsv,v9/multispecies/source_checksum_audit.draft.csv
osd120_diagnostic_payload_freeze,draft_osd120_arabidopsis_root_light_interaction_spaceflight,OSD-120,GLDS-120,Atha_Ws_root_GC_Alight_Rep3_GSM2493764_Day13_GLbulkRNAseq_Aligned.toTranscriptome.out.bam,md5,4c85c9d29a545b6c9094b9f049f835c7,,False,,,osdr_processed_payload_not_required_for_diagnostic,out_of_scope_processed_payload,out_of_scope_not_downloaded,do_not_download_for_current_diagnostic_freeze,https://osdr.nasa.gov/geode-py/ws/studies/OSD-120/download?source=datamanager&file=GLDS-120_rna_seq_processed_md5sum_GLbulkRNAseq.tsv,v9/multispecies/source_checksum_audit.draft.csv
osd120_diagnostic_payload_freeze,draft_osd120_arabidopsis_root_light_interaction_spaceflight,OSD-120,GLDS-120,Atha_Ws_root_GC_Alight_Rep3_GSM2493764_Day13_GLbulkRNAseq_Aligned.sortedByCoord_sorted.out.bam,md5,c93445c027e3270637eb790d28cde601,,False,,,osdr_processed_payload_not_required_for_diagnostic,out_of_scope_processed_payload,out_of_scope_not_downloaded,do_not_download_for_current_diagnostic_freeze,https://osdr.nasa.gov/geode-py/ws/studies/OSD-120/download?source=datamanager&file=GLDS-120_rna_seq_processed_md5sum_GLbulkRNAseq.tsv,v9/multispecies/source_checksum_audit.draft.csv
osd120_diagnostic_payload_freeze,draft_osd120_arabidopsis_root_light_interaction_spaceflight,OSD-120,GLDS-120,Atha_Ws_root_GC_Alight_Rep3_GSM2493764_Day13_GLbulkRNAseq_R1_unmapped.fastq.gz,md5,acafe9f4703a50c57988651859d2382c,,False,,,osdr_processed_payload_not_required_for_diagnostic,out_of_scope_processed_payload,out_of_scope_not_downloaded,do_not_download_for_current_diagnostic_freeze,https://osdr.nasa.gov/geode-py/ws/studies/OSD-120/download?source=datamanager&file=GLDS-120_rna_seq_processed_md5sum_GLbulkRNAseq.tsv,v9/multispecies/source_checksum_audit.draft.csv
osd120_diagnostic_payload_freeze,draft_osd120_arabidopsis_root_light_interaction_spaceflight,OSD-120,GLDS-120,Atha_Ws_root_GC_Alight_Rep3_GSM2493764_Day13_GLbulkRNAseq_SJ.out.tab,md5,4ae28650f13aab40c2c3551992f36e91,,False,,,osdr_processed_payload_not_required_for_diagnostic,out_of_scope_processed_payload,out_of_scope_not_downloaded,do_not_download_for_current_diagnostic_freeze,https://osdr.nasa.gov/geode-py/ws/studies/OSD-120/download?source=datamanager&file=GLDS-120_rna_seq_processed_md5sum_GLbulkRNAseq.tsv,v9/multispecies/source_checksum_audit.draft.csv
osd120_diagnostic_payload_freeze,draft_osd120_arabidopsis_root_light_interaction_spaceflight,OSD-120,GLDS-120,Atha_Ws_root_GC_Alight_Rep3_GSM2493764_Day13_GLbulkRNAseq_Aligned.sortedByCoord_sorted.out.bam.bai,md5,2bb6c6f4b83182bcb608449e1661f777,,False,,,osdr_processed_payload_not_required_for_diagnostic,out_of_scope_processed_payload,out_of_scope_not_downloaded,do_not_download_for_current_diagnostic_freeze,https://osdr.nasa.gov/geode-py/ws/studies/OSD-120/download?source=datamanager&file=GLDS-120_rna_seq_processed_md5sum_GLbulkRNAseq.tsv,v9/multispecies/source_checksum_audit.draft.csv
osd120_diagnostic_payload_freeze,draft_osd120_arabidopsis_root_light_interaction_spaceflight,OSD-120,GLDS-120,Atha_Ws_root_GC_Alight_Rep3_GSM2493764_Day13_GLbulkRNAseq_Log.final.out,md5,9b2ccb8ebb8080f517ea25e607e02023,,False,,,osdr_processed_payload_not_required_for_diagnostic,out_of_scope_processed_payload,out_of_scope_not_downloaded,do_not_download_for_current_diagnostic_freeze,https://osdr.nasa.gov/geode-py/ws/studies/OSD-120/download?source=datamanager&file=GLDS-120_rna_seq_processed_md5sum_GLbulkRNAseq.tsv,v9/multispecies/source_checksum_audit.draft.csv
osd120_diagnostic_payload_freeze,draft_osd120_arabidopsis_root_light_interaction_spaceflight,OSD-120,GLDS-120,Atha_Ws_root_GC_Alight_Rep3_GSM2493764_Day13_GLbulkRNAseq_R2_unmapped.fastq.gz,md5,3b877359e6be3dee2016ab98506160a3,,False,,,osdr_processed_payload_not_required_for_diagnostic,out_of_scope_processed_payload,out_of_scope_not_downloaded,do_not_download_for_current_diagnostic_freeze,https://osdr.nasa.gov/geode-py/ws/studies/OSD-120/download?source=datamanager&file=GLDS-120_rna_seq_processed_md5sum_GLbulkRNAseq.tsv,v9/multispecies/source_checksum_audit.draft.csv
osd120_diagnostic_payload_freeze,draft_osd120_arabidopsis_root_light_interaction_spaceflight,OSD-120,GLDS-120,Atha_Col-0_root_FLT_dark_Rep3_GSM2493788_Day13_GLbulkRNAseq_R1_unmapped.fastq.gz,md5,c4637299ac24d458cae3b0ce34d12c4f,,False,,,osdr_processed_payload_not_required_for_diagnostic,out_of_scope_processed_payload,out_of_scope_not_downloaded,do_not_download_for_current_diagnostic_freeze,https://osdr.nasa.gov/geode-py/ws/studies/OSD-120/download?source=datamanager&file=GLDS-120_rna_seq_processed_md5sum_GLbulkRNAseq.tsv,v9/multispecies/source_checksum_audit.draft.csv
osd120_diagnostic_payload_freeze,draft_osd120_arabidopsis_root_light_interaction_spaceflight,OSD-120,GLDS-120,Atha_Col-0_root_FLT_dark_Rep3_GSM2493788_Day13_GLbulkRNAseq_Aligned.sortedByCoord_sorted.out.bam.bai,md5,588164423704b0b316e3f5d9a97e0ed4,,False,,,osdr_processed_payload_not_required_for_diagnostic,out_of_scope_processed_payload,out_of_scope_not_downloaded,do_not_download_for_current_diagnostic_freeze,https://osdr.nasa.gov/geode-py/ws/studies/OSD-120/download?source=datamanager&file=GLDS-120_rna_seq_processed_md5sum_GLbulkRNAseq.tsv,v9/multispecies/source_checksum_audit.draft.csv
osd120_diagnostic_payload_freeze,draft_osd120_arabidopsis_root_light_interaction_spaceflight,OSD-120,GLDS-120,Atha_Col-0_root_FLT_dark_Rep3_GSM2493788_Day13_GLbulkRNAseq_Log.final.out,md5,c1cc020e4acd8c47c36d02e63cc7435e,,False,,,osdr_processed_payload_not_required_for_diagnostic,out_of_scope_processed_payload,out_of_scope_not_downloaded,do_not_download_for_current_diagnostic_freeze,https://osdr.nasa.gov/geode-py/ws/studies/OSD-120/download?source=datamanager&file=GLDS-120_rna_seq_processed_md5sum_GLbulkRNAseq.tsv,v9/multispecies/source_checksum_audit.draft.csv
osd120_diagnostic_payload_freeze,draft_osd120_arabidopsis_root_light_interaction_spaceflight,OSD-120,GLDS-120,Atha_Col-0_root_FLT_dark_Rep3_GSM2493788_Day13_GLbulkRNAseq_Aligned.toTranscriptome.out.bam,md5,06f2df28a9d999f774cd81da91acf9b2,,False,,,osdr_processed_payload_not_required_for_diagnostic,out_of_scope_processed_payload,out_of_scope_not_downloaded,do_not_download_for_current_diagnostic_freeze,https://osdr.nasa.gov/geode-py/ws/studies/OSD-120/download?source=datamanager&file=GLDS-120_rna_seq_processed_md5sum_GLbulkRNAseq.tsv,v9/multispecies/source_checksum_audit.draft.csv
osd120_diagnostic_payload_freeze,draft_osd120_arabidopsis_root_light_interaction_spaceflight,OSD-120,GLDS-120,Atha_Col-0_root_FLT_dark_Rep3_GSM2493788_Day13_GLbulkRNAseq_R2_unmapped.fastq.gz,md5,9c97e9fd6f82b0d520461933712ae2dd,,False,,,osdr_processed_payload_not_required_for_diagnostic,out_of_scope_processed_payload,out_of_scope_not_downloaded,do_not_download_for_current_diagnostic_freeze,https://osdr.nasa.gov/geode-py/ws/studies/OSD-120/download?source=datamanager&file=GLDS-120_rna_seq_processed_md5sum_GLbulkRNAseq.tsv,v9/multispecies/source_checksum_audit.draft.csv
osd120_diagnostic_payload_freeze,draft_osd120_arabidopsis_root_light_interaction_spaceflight,OSD-120,GLDS-120,Atha_Col-0_root_FLT_dark_Rep3_GSM2493788_Day13_GLbulkRNAseq_Aligned.sortedByCoord_sorted.out.bam,md5,95e527f6c9f2403f3ebd857ffca69b87,,False,,,osdr_processed_payload_not_required_for_diagnostic,out_of_scope_processed_payload,out_of_scope_not_downloaded,do_not_download_for_current_diagnostic_freeze,https://osdr.nasa.gov/geode-py/ws/studies/OSD-120/download?source=datamanager&file=GLDS-120_rna_seq_processed_md5sum_GLbulkRNAseq.tsv,v9/multispecies/source_checksum_audit.draft.csv
osd120_diagnostic_payload_freeze,draft_osd120_arabidopsis_root_light_interaction_spaceflight,OSD-120,GLDS-120,Atha_Col-0_root_FLT_dark_Rep3_GSM2493788_Day13_GLbulkRNAseq_SJ.out.tab,md5,26a059b0ce606b64e70c8bf398023083,,False,,,osdr_processed_payload_not_required_for_diagnostic,out_of_scope_processed_payload,out_of_scope_not_downloaded,do_not_download_for_current_diagnostic_freeze,https://osdr.nasa.gov/geode-py/ws/studies/OSD-120/download?source=datamanager&file=GLDS-120_rna_seq_processed_md5sum_GLbulkRNAseq.tsv,v9/multispecies/source_checksum_audit.draft.csv
osd120_diagnostic_payload_freeze,draft_osd120_arabidopsis_root_light_interaction_spaceflight,OSD-120,GLDS-120,Atha_Ws_root_FLT_Alight_Rep3_GSM2493782_Day13_GLbulkRNAseq_R1_unmapped.fastq.gz,md5,4a24c3595b5592e44cd2bf726d9de1d3,,False,,,osdr_processed_payload_not_required_for_diagnostic,out_of_scope_processed_payload,out_of_scope_not_downloaded,do_not_download_for_current_diagnostic_freeze,https://osdr.nasa.gov/geode-py/ws/studies/OSD-120/download?source=datamanager&file=GLDS-120_rna_seq_processed_md5sum_GLbulkRNAseq.tsv,v9/multispecies/source_checksum_audit.draft.csv
osd120_diagnostic_payload_freeze,draft_osd120_arabidopsis_root_light_interaction_spaceflight,OSD-120,GLDS-120,Atha_Ws_root_FLT_Alight_Rep3_GSM2493782_Day13_GLbulkRNAseq_Aligned.toTranscriptome.out.bam,md5,6409a1afef01e82489d40af5f71e13db,,False,,,osdr_processed_payload_not_required_for_diagnostic,out_of_scope_processed_payload,out_of_scope_not_downloaded,do_not_download_for_current_diagnostic_freeze,https://osdr.nasa.gov/geode-py/ws/studies/OSD-120/download?source=datamanager&file=GLDS-120_rna_seq_processed_md5sum_GLbulkRNAseq.tsv,v9/multispecies/source_checksum_audit.draft.csv
osd120_diagnostic_payload_freeze,draft_osd120_arabidopsis_root_light_interaction_spaceflight,OSD-120,GLDS-120,Atha_Ws_root_FLT_Alight_Rep3_GSM2493782_Day13_GLbulkRNAseq_Log.final.out,md5,4d42db8d12283dbbab5daa6f53fd25de,,False,,,osdr_processed_payload_not_required_for_diagnostic,out_of_scope_processed_payload,out_of_scope_not_downloaded,do_not_download_for_current_diagnostic_freeze,https://osdr.nasa.gov/geode-py/ws/studies/OSD-120/download?source=datamanager&file=GLDS-120_rna_seq_processed_md5sum_GLbulkRNAseq.tsv,v9/multispecies/source_checksum_audit.draft.csv
osd120_diagnostic_payload_freeze,draft_osd120_arabidopsis_root_light_interaction_spaceflight,OSD-120,GLDS-120,Atha_Ws_root_FLT_Alight_Rep3_GSM2493782_Day13_GLbulkRNAseq_SJ.out.tab,md5,ee32ef2f4f02494b3ac4c91eb71115fa,,False,,,osdr_processed_payload_not_required_for_diagnostic,out_of_scope_processed_payload,out_of_scope_not_downloaded,do_not_download_for_current_diagnostic_freeze,https://osdr.nasa.gov/geode-py/ws/studies/OSD-120/download?source=datamanager&file=GLDS-120_rna_seq_processed_md5sum_GLbulkRNAseq.tsv,v9/multispecies/source_checksum_audit.draft.csv
osd120_diagnostic_payload_freeze,draft_osd120_arabidopsis_root_light_interaction_spaceflight,OSD-120,GLDS-120,Atha_Ws_root_FLT_Alight_Rep3_GSM2493782_Day13_GLbulkRNAseq_Aligned.sortedByCoord_sorted.out.bam.bai,md5,23dffc10791a01f50aff2696a9a1b26b,,False,,,osdr_processed_payload_not_required_for_diagnostic,out_of_scope_processed_payload,out_of_scope_not_downloaded,do_not_download_for_current_diagnostic_freeze,https://osdr.nasa.gov/geode-py/ws/studies/OSD-120/download?source=datamanager&file=GLDS-120_rna_seq_processed_md5sum_GLbulkRNAseq.tsv,v9/multispecies/source_checksum_audit.draft.csv
osd120_diagnostic_payload_freeze,draft_osd120_arabidopsis_root_light_interaction_spaceflight,OSD-120,GLDS-120,Atha_Ws_root_FLT_Alight_Rep3_GSM2493782_Day13_GLbulkRNAseq_R2_unmapped.fastq.gz,md5,60c96bac40f3eaf2c7f64cd6de5edda4,,False,,,osdr_processed_payload_not_required_for_diagnostic,out_of_scope_processed_payload,out_of_scope_not_downloaded,do_not_download_for_current_diagnostic_freeze,https://osdr.nasa.gov/geode-py/ws/studies/OSD-120/download?source=datamanager&file=GLDS-120_rna_seq_processed_md5sum_GLbulkRNAseq.tsv,v9/multispecies/source_checksum_audit.draft.csv
osd120_diagnostic_payload_freeze,draft_osd120_arabidopsis_root_light_interaction_spaceflight,OSD-120,GLDS-120,Atha_Ws_root_FLT_Alight_Rep3_GSM2493782_Day13_GLbulkRNAseq_Aligned.sortedByCoord_sorted.out.bam,md5,2b41b2fa3287acb76467fcc5af1b895f,,False,,,osdr_processed_payload_not_required_for_diagnostic,out_of_scope_processed_payload,out_of_scope_not_downloaded,do_not_download_for_current_diagnostic_freeze,https://osdr.nasa.gov/geode-py/ws/studies/OSD-120/download?source=datamanager&file=GLDS-120_rna_seq_processed_md5sum_GLbulkRNAseq.tsv,v9/multispecies/source_checksum_audit.draft.csv
osd120_diagnostic_payload_freeze,draft_osd120_arabidopsis_root_light_interaction_spaceflight,OSD-120,GLDS-120,Atha_Col-0-PhyD_root_FLT_Alight_Rep1_GSM2493783_Day13_GLbulkRNAseq_SJ.out.tab,md5,8ce46d5d0c4f69a778b83433b6005b21,,False,,,osdr_processed_payload_not_required_for_diagnostic,out_of_scope_processed_payload,out_of_scope_not_downloaded,do_not_download_for_current_diagnostic_freeze,https://osdr.nasa.gov/geode-py/ws/studies/OSD-120/download?source=datamanager&file=GLDS-120_rna_seq_processed_md5sum_GLbulkRNAseq.tsv,v9/multispecies/source_checksum_audit.draft.csv
osd120_diagnostic_payload_freeze,draft_osd120_arabidopsis_root_light_interaction_spaceflight,OSD-120,GLDS-120,Atha_Col-0-PhyD_root_FLT_Alight_Rep1_GSM2493783_Day13_GLbulkRNAseq_R1_unmapped.fastq.gz,md5,48fdcee5b6700c74333df89d424b5d46,,False,,,osdr_processed_payload_not_required_for_diagnostic,out_of_scope_processed_payload,out_of_scope_not_downloaded,do_not_download_for_current_diagnostic_freeze,https://osdr.nasa.gov/geode-py/ws/studies/OSD-120/download?source=datamanager&file=GLDS-120_rna_seq_processed_md5sum_GLbulkRNAseq.tsv,v9/multispecies/source_checksum_audit.draft.csv
osd120_diagnostic_payload_freeze,draft_osd120_arabidopsis_root_light_interaction_spaceflight,OSD-120,GLDS-120,Atha_Col-0-PhyD_root_FLT_Alight_Rep1_GSM2493783_Day13_GLbulkRNAseq_Aligned.sortedByCoord_sorted.out.bam.bai,md5,035272c562704c6a650028ceaa0cb845,,False,,,osdr_processed_payload_not_required_for_diagnostic,out_of_scope_processed_payload,out_of_scope_not_downloaded,do_not_download_for_current_diagnostic_freeze,https://osdr.nasa.gov/geode-py/ws/studies/OSD-120/download?source=datamanager&file=GLDS-120_rna_seq_processed_md5sum_GLbulkRNAseq.tsv,v9/multispecies/source_checksum_audit.draft.csv
osd120_diagnostic_payload_freeze,draft_osd120_arabidopsis_root_light_interaction_spaceflight,OSD-120,GLDS-120,Atha_Col-0-PhyD_root_FLT_Alight_Rep1_GSM2493783_Day13_GLbulkRNAseq_Log.final.out,md5,3cac921e2ff1f89e40c317e14aec45b9,,False,,,osdr_processed_payload_not_required_for_diagnostic,out_of_scope_processed_payload,out_of_scope_not_downloaded,do_not_download_for_current_diagnostic_freeze,https://osdr.nasa.gov/geode-py/ws/studies/OSD-120/download?source=datamanager&file=GLDS-120_rna_seq_processed_md5sum_GLbulkRNAseq.tsv,v9/multispecies/source_checksum_audit.draft.csv
osd120_diagnostic_payload_freeze,draft_osd120_arabidopsis_root_light_interaction_spaceflight,OSD-120,GLDS-120,Atha_Col-0-PhyD_root_FLT_Alight_Rep1_GSM2493783_Day13_GLbulkRNAseq_Aligned.sortedByCoord_sorted.out.bam,md5,d967ab1f0b2334bf2779335bd97289bc,,False,,,osdr_processed_payload_not_required_for_diagnostic,out_of_scope_processed_payload,out_of_scope_not_downloaded,do_not_download_for_current_diagnostic_freeze,https://osdr.nasa.gov/geode-py/ws/studies/OSD-120/download?source=datamanager&file=GLDS-120_rna_seq_processed_md5sum_GLbulkRNAseq.tsv,v9/multispecies/source_checksum_audit.draft.csv
osd120_diagnostic_payload_freeze,draft_osd120_arabidopsis_root_light_interaction_spaceflight,OSD-120,GLDS-120,Atha_Col-0-PhyD_root_FLT_Alight_Rep1_GSM2493783_Day13_GLbulkRNAseq_Aligned.toTranscriptome.out.bam,md5,cd01ace05daaaca1c82e8ee97f3e8b5c,,False,,,osdr_processed_payload_not_required_for_diagnostic,out_of_scope_processed_payload,out_of_scope_not_downloaded,do_not_download_for_current_diagnostic_freeze,https://osdr.nasa.gov/geode-py/ws/studies/OSD-120/download?source=datamanager&file=GLDS-120_rna_seq_processed_md5sum_GLbulkRNAseq.tsv,v9/multispecies/source_checksum_audit.draft.csv
osd120_diagnostic_payload_freeze,draft_osd120_arabidopsis_root_light_interaction_spaceflight,OSD-120,GLDS-120,Atha_Col-0-PhyD_root_FLT_Alight_Rep1_GSM2493783_Day13_GLbulkRNAseq_R2_unmapped.fastq.gz,md5,ec71f5e34eb25693c2e2b1d9f7b82673,,False,,,osdr_processed_payload_not_required_for_diagnostic,out_of_scope_processed_payload,out_of_scope_not_downloaded,do_not_download_for_current_diagnostic_freeze,https://osdr.nasa.gov/geode-py/ws/studies/OSD-120/download?source=datamanager&file=GLDS-120_rna_seq_processed_md5sum_GLbulkRNAseq.tsv,v9/multispecies/source_checksum_audit.draft.csv
osd120_diagnostic_payload_freeze,draft_osd120_arabidopsis_root_light_interaction_spaceflight,OSD-120,GLDS-120,Atha_Col-0-PhyD_root_GC_Alight_Rep2_GSM2493766_Day13_GLbulkRNAseq_SJ.out.tab,md5,ce3a7660f29eab6e214691b0679adca6,,False,,,osdr_processed_payload_not_required_for_diagnostic,out_of_scope_processed_payload,out_of_scope_not_downloaded,do_not_download_for_current_diagnostic_freeze,https://osdr.nasa.gov/geode-py/ws/studies/OSD-120/download?source=datamanager&file=GLDS-120_rna_seq_processed_md5sum_GLbulkRNAseq.tsv,v9/multispecies/source_checksum_audit.draft.csv
osd120_diagnostic_payload_freeze,draft_osd120_arabidopsis_root_light_interaction_spaceflight,OSD-120,GLDS-120,Atha_Col-0-PhyD_root_GC_Alight_Rep2_GSM2493766_Day13_GLbulkRNAseq_R1_unmapped.fastq.gz,md5,896190ef956932fad520a74df3798d37,,False,,,osdr_processed_payload_not_required_for_diagnostic,out_of_scope_processed_payload,out_of_scope_not_downloaded,do_not_download_for_current_diagnostic_freeze,https://osdr.nasa.gov/geode-py/ws/studies/OSD-120/download?source=datamanager&file=GLDS-120_rna_seq_processed_md5sum_GLbulkRNAseq.tsv,v9/multispecies/source_checksum_audit.draft.csv
osd120_diagnostic_payload_freeze,draft_osd120_arabidopsis_root_light_interaction_spaceflight,OSD-120,GLDS-120,Atha_Col-0-PhyD_root_GC_Alight_Rep2_GSM2493766_Day13_GLbulkRNAseq_Aligned.toTranscriptome.out.bam,md5,7b8b2a626dc4278268f7824525b13d73,,False,,,osdr_processed_payload_not_required_for_diagnostic,out_of_scope_processed_payload,out_of_scope_not_downloaded,do_not_download_for_current_diagnostic_freeze,https://osdr.nasa.gov/geode-py/ws/studies/OSD-120/download?source=datamanager&file=GLDS-120_rna_seq_processed_md5sum_GLbulkRNAseq.tsv,v9/multispecies/source_checksum_audit.draft.csv
osd120_diagnostic_payload_freeze,draft_osd120_arabidopsis_root_light_interaction_spaceflight,OSD-120,GLDS-120,Atha_Col-0-PhyD_root_GC_Alight_Rep2_GSM2493766_Day13_GLbulkRNAseq_Aligned.sortedByCoord_sorted.out.bam,md5,8177840096b3dc6006e9692bcd52f5c0,,False,,,osdr_processed_payload_not_required_for_diagnostic,out_of_scope_processed_payload,out_of_scope_not_downloaded,do_not_download_for_current_diagnostic_freeze,https://osdr.nasa.gov/geode-py/ws/studies/OSD-120/download?source=datamanager&file=GLDS-120_rna_seq_processed_md5sum_GLbulkRNAseq.tsv,v9/multispecies/source_checksum_audit.draft.csv
osd120_diagnostic_payload_freeze,draft_osd120_arabidopsis_root_light_interaction_spaceflight,OSD-120,GLDS-120,Atha_Col-0-PhyD_root_GC_Alight_Rep2_GSM2493766_Day13_GLbulkRNAseq_Log.final.out,md5,87dcd556a0788825d8a3571b6720ee05,,False,,,osdr_processed_payload_not_required_for_diagnostic,out_of_scope_processed_payload,out_of_scope_not_downloaded,do_not_download_for_current_diagnostic_freeze,https://osdr.nasa.gov/geode-py/ws/studies/OSD-120/download?source=datamanager&file=GLDS-120_rna_seq_processed_md5sum_GLbulkRNAseq.tsv,v9/multispecies/source_checksum_audit.draft.csv
osd120_diagnostic_payload_freeze,draft_osd120_arabidopsis_root_light_interaction_spaceflight,OSD-120,GLDS-120,Atha_Col-0-PhyD_root_GC_Alight_Rep2_GSM2493766_Day13_GLbulkRNAseq_Aligned.sortedByCoord_sorted.out.bam.bai,md5,87943d433799671192a8d4417cc237f0,,False,,,osdr_processed_payload_not_required_for_diagnostic,out_of_scope_processed_payload,out_of_scope_not_downloaded,do_not_download_for_current_diagnostic_freeze,https://osdr.nasa.gov/geode-py/ws/studies/OSD-120/download?source=datamanager&file=GLDS-120_rna_seq_processed_md5sum_GLbulkRNAseq.tsv,v9/multispecies/source_checksum_audit.draft.csv
osd120_diagnostic_payload_freeze,draft_osd120_arabidopsis_root_light_interaction_spaceflight,OSD-120,GLDS-120,Atha_Col-0-PhyD_root_GC_Alight_Rep2_GSM2493766_Day13_GLbulkRNAseq_R2_unmapped.fastq.gz,md5,e271b85cefc7f95bc1494cb66ed7c2e4,,False,,,osdr_processed_payload_not_required_for_diagnostic,out_of_scope_processed_payload,out_of_scope_not_downloaded,do_not_download_for_current_diagnostic_freeze,https://osdr.nasa.gov/geode-py/ws/studies/OSD-120/download?source=datamanager&file=GLDS-120_rna_seq_processed_md5sum_GLbulkRNAseq.tsv,v9/multispecies/source_checksum_audit.draft.csv
osd120_diagnostic_payload_freeze,draft_osd120_arabidopsis_root_light_interaction_spaceflight,OSD-120,GLDS-120,Atha_Col-0_root_FLT_Alight_Rep1_GSM2493777_Day13_GLbulkRNAseq_Log.final.out,md5,ebfc806882f92bf67694c620afc21df5,,False,,,osdr_processed_payload_not_required_for_diagnostic,out_of_scope_processed_payload,out_of_scope_not_downloaded,do_not_download_for_current_diagnostic_freeze,https://osdr.nasa.gov/geode-py/ws/studies/OSD-120/download?source=datamanager&file=GLDS-120_rna_seq_processed_md5sum_GLbulkRNAseq.tsv,v9/multispecies/source_checksum_audit.draft.csv
osd120_diagnostic_payload_freeze,draft_osd120_arabidopsis_root_light_interaction_spaceflight,OSD-120,GLDS-120,Atha_Col-0_root_FLT_Alight_Rep1_GSM2493777_Day13_GLbulkRNAseq_R2_unmapped.fastq.gz,md5,fdb613420580202a3a054aa6f2b8b07b,,False,,,osdr_processed_payload_not_required_for_diagnostic,out_of_scope_processed_payload,out_of_scope_not_downloaded,do_not_download_for_current_diagnostic_freeze,https://osdr.nasa.gov/geode-py/ws/studies/OSD-120/download?source=datamanager&file=GLDS-120_rna_seq_processed_md5sum_GLbulkRNAseq.tsv,v9/multispecies/source_checksum_audit.draft.csv
osd120_diagnostic_payload_freeze,draft_osd120_arabidopsis_root_light_interaction_spaceflight,OSD-120,GLDS-120,Atha_Col-0_root_FLT_Alight_Rep1_GSM2493777_Day13_GLbulkRNAseq_Aligned.toTranscriptome.out.bam,md5,118b6c51a3fa16cd92e2eeaeb1eea5d4,,False,,,osdr_processed_payload_not_required_for_diagnostic,out_of_scope_processed_payload,out_of_scope_not_downloaded,do_not_download_for_current_diagnostic_freeze,https://osdr.nasa.gov/geode-py/ws/studies/OSD-120/download?source=datamanager&file=GLDS-120_rna_seq_processed_md5sum_GLbulkRNAseq.tsv,v9/multispecies/source_checksum_audit.draft.csv
osd120_diagnostic_payload_freeze,draft_osd120_arabidopsis_root_light_interaction_spaceflight,OSD-120,GLDS-120,Atha_Col-0_root_FLT_Alight_Rep1_GSM2493777_Day13_GLbulkRNAseq_Aligned.sortedByCoord_sorted.out.bam.bai,md5,c7e27e4a2b797e258a168b80865a9941,,False,,,osdr_processed_payload_not_required_for_diagnostic,out_of_scope_processed_payload,out_of_scope_not_downloaded,do_not_download_for_current_diagnostic_freeze,https://osdr.nasa.gov/geode-py/ws/studies/OSD-120/download?source=datamanager&file=GLDS-120_rna_seq_processed_md5sum_GLbulkRNAseq.tsv,v9/multispecies/source_checksum_audit.draft.csv
osd120_diagnostic_payload_freeze,draft_osd120_arabidopsis_root_light_interaction_spaceflight,OSD-120,GLDS-120,Atha_Col-0_root_FLT_Alight_Rep1_GSM2493777_Day13_GLbulkRNAseq_SJ.out.tab,md5,18823d893bde5341f3f6976691ad85d2,,False,,,osdr_processed_payload_not_required_for_diagnostic,out_of_scope_processed_payload,out_of_scope_not_downloaded,do_not_download_for_current_diagnostic_freeze,https://osdr.nasa.gov/geode-py/ws/studies/OSD-120/download?source=datamanager&file=GLDS-120_rna_seq_processed_md5sum_GLbulkRNAseq.tsv,v9/multispecies/source_checksum_audit.draft.csv
osd120_diagnostic_payload_freeze,draft_osd120_arabidopsis_root_light_interaction_spaceflight,OSD-120,GLDS-120,Atha_Col-0_root_FLT_Alight_Rep1_GSM2493777_Day13_GLbulkRNAseq_Aligned.sortedByCoord_sorted.out.bam,md5,a509e9252799b8c78882d883ffa2ac93,,False,,,osdr_processed_payload_not_required_for_diagnostic,out_of_scope_processed_payload,out_of_scope_not_downloaded,do_not_download_for_current_diagnostic_freeze,https://osdr.nasa.gov/geode-py/ws/studies/OSD-120/download?source=datamanager&file=GLDS-120_rna_seq_processed_md5sum_GLbulkRNAseq.tsv,v9/multispecies/source_checksum_audit.draft.csv
osd120_diagnostic_payload_freeze,draft_osd120_arabidopsis_root_light_interaction_spaceflight,OSD-120,GLDS-120,Atha_Col-0_root_FLT_Alight_Rep1_GSM2493777_Day13_GLbulkRNAseq_R1_unmapped.fastq.gz,md5,2c0afa30699999369e2be168f6eedc41,,False,,,osdr_processed_payload_not_required_for_diagnostic,out_of_scope_processed_payload,out_of_scope_not_downloaded,do_not_download_for_current_diagnostic_freeze,https://osdr.nasa.gov/geode-py/ws/studies/OSD-120/download?source=datamanager&file=GLDS-120_rna_seq_processed_md5sum_GLbulkRNAseq.tsv,v9/multispecies/source_checksum_audit.draft.csv
osd120_diagnostic_payload_freeze,draft_osd120_arabidopsis_root_light_interaction_spaceflight,OSD-120,GLDS-120,Atha_Col-0_root_GC_dark_Rep1_GSM2493768_Day13_GLbulkRNAseq_Log.final.out,md5,2f920104b4d8adf06e9412df3f615dd9,,False,,,osdr_processed_payload_not_required_for_diagnostic,out_of_scope_processed_payload,out_of_scope_not_downloaded,do_not_download_for_current_diagnostic_freeze,https://osdr.nasa.gov/geode-py/ws/studies/OSD-120/download?source=datamanager&file=GLDS-120_rna_seq_processed_md5sum_GLbulkRNAseq.tsv,v9/multispecies/source_checksum_audit.draft.csv
osd120_diagnostic_payload_freeze,draft_osd120_arabidopsis_root_light_interaction_spaceflight,OSD-120,GLDS-120,Atha_Col-0_root_GC_dark_Rep1_GSM2493768_Day13_GLbulkRNAseq_Aligned.sortedByCoord_sorted.out.bam,md5,e652ad0f87682cc16b5c5c108c3ebc0b,,False,,,osdr_processed_payload_not_required_for_diagnostic,out_of_scope_processed_payload,out_of_scope_not_downloaded,do_not_download_for_current_diagnostic_freeze,https://osdr.nasa.gov/geode-py/ws/studies/OSD-120/download?source=datamanager&file=GLDS-120_rna_seq_processed_md5sum_GLbulkRNAseq.tsv,v9/multispecies/source_checksum_audit.draft.csv
osd120_diagnostic_payload_freeze,draft_osd120_arabidopsis_root_light_interaction_spaceflight,OSD-120,GLDS-120,Atha_Col-0_root_GC_dark_Rep1_GSM2493768_Day13_GLbulkRNAseq_R1_unmapped.fastq.gz,md5,64fc88e6bf7904fa12fe7f5331263c02,,False,,,osdr_processed_payload_not_required_for_diagnostic,out_of_scope_processed_payload,out_of_scope_not_downloaded,do_not_download_for_current_diagnostic_freeze,https://osdr.nasa.gov/geode-py/ws/studies/OSD-120/download?source=datamanager&file=GLDS-120_rna_seq_processed_md5sum_GLbulkRNAseq.tsv,v9/multispecies/source_checksum_audit.draft.csv
osd120_diagnostic_payload_freeze,draft_osd120_arabidopsis_root_light_interaction_spaceflight,OSD-120,GLDS-120,Atha_Col-0_root_GC_dark_Rep1_GSM2493768_Day13_GLbulkRNAseq_Aligned.sortedByCoord_sorted.out.bam.bai,md5,1107b43440b3d87ef50ad8fca101b35f,,False,,,osdr_processed_payload_not_required_for_diagnostic,out_of_scope_processed_payload,out_of_scope_not_downloaded,do_not_download_for_current_diagnostic_freeze,https://osdr.nasa.gov/geode-py/ws/studies/OSD-120/download?source=datamanager&file=GLDS-120_rna_seq_processed_md5sum_GLbulkRNAseq.tsv,v9/multispecies/source_checksum_audit.draft.csv
osd120_diagnostic_payload_freeze,draft_osd120_arabidopsis_root_light_interaction_spaceflight,OSD-120,GLDS-120,Atha_Col-0_root_GC_dark_Rep1_GSM2493768_Day13_GLbulkRNAseq_SJ.out.tab,md5,427e4f30613443657b394a802a56b25d,,False,,,osdr_processed_payload_not_required_for_diagnostic,out_of_scope_processed_payload,out_of_scope_not_downloaded,do_not_download_for_current_diagnostic_freeze,https://osdr.nasa.gov/geode-py/ws/studies/OSD-120/download?source=datamanager&file=GLDS-120_rna_seq_processed_md5sum_GLbulkRNAseq.tsv,v9/multispecies/source_checksum_audit.draft.csv
osd120_diagnostic_payload_freeze,draft_osd120_arabidopsis_root_light_interaction_spaceflight,OSD-120,GLDS-120,Atha_Col-0_root_GC_dark_Rep1_GSM2493768_Day13_GLbulkRNAseq_R2_unmapped.fastq.gz,md5,8842b84d251a332f0442a26714619d80,,False,,,osdr_processed_payload_not_required_for_diagnostic,out_of_scope_processed_payload,out_of_scope_not_downloaded,do_not_download_for_current_diagnostic_freeze,https://osdr.nasa.gov/geode-py/ws/studies/OSD-120/download?source=datamanager&file=GLDS-120_rna_seq_processed_md5sum_GLbulkRNAseq.tsv,v9/multispecies/source_checksum_audit.draft.csv
osd120_diagnostic_payload_freeze,draft_osd120_arabidopsis_root_light_interaction_spaceflight,OSD-120,GLDS-120,Atha_Col-0_root_GC_dark_Rep1_GSM2493768_Day13_GLbulkRNAseq_Aligned.toTranscriptome.out.bam,md5,6b518b846046c18343371f554d91ea4d,,False,,,osdr_processed_payload_not_required_for_diagnostic,out_of_scope_processed_payload,out_of_scope_not_downloaded,do_not_download_for_current_diagnostic_freeze,https://osdr.nasa.gov/geode-py/ws/studies/OSD-120/download?source=datamanager&file=GLDS-120_rna_seq_processed_md5sum_GLbulkRNAseq.tsv,v9/multispecies/source_checksum_audit.draft.csv
osd120_diagnostic_payload_freeze,draft_osd120_arabidopsis_root_light_interaction_spaceflight,OSD-120,GLDS-120,Atha_Col-0-PhyD_root_FLT_Alight_Rep3_GSM2493785_Day13_GLbulkRNAseq_Aligned.sortedByCoord_sorted.out.bam,md5,4f7cbba0ab9929b7cfb1fbdd910c1966,,False,,,osdr_processed_payload_not_required_for_diagnostic,out_of_scope_processed_payload,out_of_scope_not_downloaded,do_not_download_for_current_diagnostic_freeze,https://osdr.nasa.gov/geode-py/ws/studies/OSD-120/download?source=datamanager&file=GLDS-120_rna_seq_processed_md5sum_GLbulkRNAseq.tsv,v9/multispecies/source_checksum_audit.draft.csv
osd120_diagnostic_payload_freeze,draft_osd120_arabidopsis_root_light_interaction_spaceflight,OSD-120,GLDS-120,Atha_Col-0-PhyD_root_FLT_Alight_Rep3_GSM2493785_Day13_GLbulkRNAseq_Aligned.sortedByCoord_sorted.out.bam.bai,md5,7414e168caaef367b8d1d493c25134c0,,False,,,osdr_processed_payload_not_required_for_diagnostic,out_of_scope_processed_payload,out_of_scope_not_downloaded,do_not_download_for_current_diagnostic_freeze,https://osdr.nasa.gov/geode-py/ws/studies/OSD-120/download?source=datamanager&file=GLDS-120_rna_seq_processed_md5sum_GLbulkRNAseq.tsv,v9/multispecies/source_checksum_audit.draft.csv
osd120_diagnostic_payload_freeze,draft_osd120_arabidopsis_root_light_interaction_spaceflight,OSD-120,GLDS-120,Atha_Col-0-PhyD_root_FLT_Alight_Rep3_GSM2493785_Day13_GLbulkRNAseq_R1_unmapped.fastq.gz,md5,4ca3b3657c106a9bc70dda8e222d288e,,False,,,osdr_processed_payload_not_required_for_diagnostic,out_of_scope_processed_payload,out_of_scope_not_downloaded,do_not_download_for_current_diagnostic_freeze,https://osdr.nasa.gov/geode-py/ws/studies/OSD-120/download?source=datamanager&file=GLDS-120_rna_seq_processed_md5sum_GLbulkRNAseq.tsv,v9/multispecies/source_checksum_audit.draft.csv
osd120_diagnostic_payload_freeze,draft_osd120_arabidopsis_root_light_interaction_spaceflight,OSD-120,GLDS-120,Atha_Col-0-PhyD_root_FLT_Alight_Rep3_GSM2493785_Day13_GLbulkRNAseq_SJ.out.tab,md5,30f230ff03259d689d589f0ef2619421,,False,,,osdr_processed_payload_not_required_for_diagnostic,out_of_scope_processed_payload,out_of_scope_not_downloaded,do_not_download_for_current_diagnostic_freeze,https://osdr.nasa.gov/geode-py/ws/studies/OSD-120/download?source=datamanager&file=GLDS-120_rna_seq_processed_md5sum_GLbulkRNAseq.tsv,v9/multispecies/source_checksum_audit.draft.csv
osd120_diagnostic_payload_freeze,draft_osd120_arabidopsis_root_light_interaction_spaceflight,OSD-120,GLDS-120,Atha_Col-0-PhyD_root_FLT_Alight_Rep3_GSM2493785_Day13_GLbulkRNAseq_R2_unmapped.fastq.gz,md5,950ba31f577c2c1834e4eb0bde950502,,False,,,osdr_processed_payload_not_required_for_diagnostic,out_of_scope_processed_payload,out_of_scope_not_downloaded,do_not_download_for_current_diagnostic_freeze,https://osdr.nasa.gov/geode-py/ws/studies/OSD-120/download?source=datamanager&file=GLDS-120_rna_seq_processed_md5sum_GLbulkRNAseq.tsv,v9/multispecies/source_checksum_audit.draft.csv
osd120_diagnostic_payload_freeze,draft_osd120_arabidopsis_root_light_interaction_spaceflight,OSD-120,GLDS-120,Atha_Col-0-PhyD_root_FLT_Alight_Rep3_GSM2493785_Day13_GLbulkRNAseq_Log.final.out,md5,a5dc9b513f7b859098656df2a86798ed,,False,,,osdr_processed_payload_not_required_for_diagnostic,out_of_scope_processed_payload,out_of_scope_not_downloaded,do_not_download_for_current_diagnostic_freeze,https://osdr.nasa.gov/geode-py/ws/studies/OSD-120/download?source=datamanager&file=GLDS-120_rna_seq_processed_md5sum_GLbulkRNAseq.tsv,v9/multispecies/source_checksum_audit.draft.csv
osd120_diagnostic_payload_freeze,draft_osd120_arabidopsis_root_light_interaction_spaceflight,OSD-120,GLDS-120,Atha_Col-0-PhyD_root_FLT_Alight_Rep3_GSM2493785_Day13_GLbulkRNAseq_Aligned.toTranscriptome.out.bam,md5,dcaa91bd4a13284fc4f51592c329afd8,,False,,,osdr_processed_payload_not_required_for_diagnostic,out_of_scope_processed_payload,out_of_scope_not_downloaded,do_not_download_for_current_diagnostic_freeze,https://osdr.nasa.gov/geode-py/ws/studies/OSD-120/download?source=datamanager&file=GLDS-120_rna_seq_processed_md5sum_GLbulkRNAseq.tsv,v9/multispecies/source_checksum_audit.draft.csv
osd120_diagnostic_payload_freeze,draft_osd120_arabidopsis_root_light_interaction_spaceflight,OSD-120,GLDS-120,Atha_Ws_root_GC_dark_Rep3_GSM2493773_Day13_GLbulkRNAseq_SJ.out.tab,md5,e808da011b0136df093920dceb513f38,,False,,,osdr_processed_payload_not_required_for_diagnostic,out_of_scope_processed_payload,out_of_scope_not_downloaded,do_not_download_for_current_diagnostic_freeze,https://osdr.nasa.gov/geode-py/ws/studies/OSD-120/download?source=datamanager&file=GLDS-120_rna_seq_processed_md5sum_GLbulkRNAseq.tsv,v9/multispecies/source_checksum_audit.draft.csv
osd120_diagnostic_payload_freeze,draft_osd120_arabidopsis_root_light_interaction_spaceflight,OSD-120,GLDS-120,Atha_Ws_root_GC_dark_Rep3_GSM2493773_Day13_GLbulkRNAseq_R1_unmapped.fastq.gz,md5,a91bdd64d64f7f6e1ab706a014ced542,,False,,,osdr_processed_payload_not_required_for_diagnostic,out_of_scope_processed_payload,out_of_scope_not_downloaded,do_not_download_for_current_diagnostic_freeze,https://osdr.nasa.gov/geode-py/ws/studies/OSD-120/download?source=datamanager&file=GLDS-120_rna_seq_processed_md5sum_GLbulkRNAseq.tsv,v9/multispecies/source_checksum_audit.draft.csv
osd120_diagnostic_payload_freeze,draft_osd120_arabidopsis_root_light_interaction_spaceflight,OSD-120,GLDS-120,Atha_Ws_root_GC_dark_Rep3_GSM2493773_Day13_GLbulkRNAseq_R2_unmapped.fastq.gz,md5,ccb34ae175b27f2cd4e8cd3707f259b5,,False,,,osdr_processed_payload_not_required_for_diagnostic,out_of_scope_processed_payload,out_of_scope_not_downloaded,do_not_download_for_current_diagnostic_freeze,https://osdr.nasa.gov/geode-py/ws/studies/OSD-120/download?source=datamanager&file=GLDS-120_rna_seq_processed_md5sum_GLbulkRNAseq.tsv,v9/multispecies/source_checksum_audit.draft.csv
osd120_diagnostic_payload_freeze,draft_osd120_arabidopsis_root_light_interaction_spaceflight,OSD-120,GLDS-120,Atha_Ws_root_GC_dark_Rep3_GSM2493773_Day13_GLbulkRNAseq_Aligned.toTranscriptome.out.bam,md5,750afcfaee554c7ba7268c7032895c5a,,False,,,osdr_processed_payload_not_required_for_diagnostic,out_of_scope_processed_payload,out_of_scope_not_downloaded,do_not_download_for_current_diagnostic_freeze,https://osdr.nasa.gov/geode-py/ws/studies/OSD-120/download?source=datamanager&file=GLDS-120_rna_seq_processed_md5sum_GLbulkRNAseq.tsv,v9/multispecies/source_checksum_audit.draft.csv
osd120_diagnostic_payload_freeze,draft_osd120_arabidopsis_root_light_interaction_spaceflight,OSD-120,GLDS-120,Atha_Ws_root_GC_dark_Rep3_GSM2493773_Day13_GLbulkRNAseq_Log.final.out,md5,adb770978f1ff9f500d1924f19572f57,,False,,,osdr_processed_payload_not_required_for_diagnostic,out_of_scope_processed_payload,out_of_scope_not_downloaded,do_not_download_for_current_diagnostic_freeze,https://osdr.nasa.gov/geode-py/ws/studies/OSD-120/download?source=datamanager&file=GLDS-120_rna_seq_processed_md5sum_GLbulkRNAseq.tsv,v9/multispecies/source_checksum_audit.draft.csv
osd120_diagnostic_payload_freeze,draft_osd120_arabidopsis_root_light_interaction_spaceflight,OSD-120,GLDS-120,Atha_Ws_root_GC_dark_Rep3_GSM2493773_Day13_GLbulkRNAseq_Aligned.sortedByCoord_sorted.out.bam.bai,md5,01912b2e4286487b73a89591bbe7ace4,,False,,,osdr_processed_payload_not_required_for_diagnostic,out_of_scope_processed_payload,out_of_scope_not_downloaded,do_not_download_for_current_diagnostic_freeze,https://osdr.nasa.gov/geode-py/ws/studies/OSD-120/download?source=datamanager&file=GLDS-120_rna_seq_processed_md5sum_GLbulkRNAseq.tsv,v9/multispecies/source_checksum_audit.draft.csv
osd120_diagnostic_payload_freeze,draft_osd120_arabidopsis_root_light_interaction_spaceflight,OSD-120,GLDS-120,Atha_Ws_root_GC_dark_Rep3_GSM2493773_Day13_GLbulkRNAseq_Aligned.sortedByCoord_sorted.out.bam,md5,b67cbf5ed0960fee0d9c1c499082dacf,,False,,,osdr_processed_payload_not_required_for_diagnostic,out_of_scope_processed_payload,out_of_scope_not_downloaded,do_not_download_for_current_diagnostic_freeze,https://osdr.nasa.gov/geode-py/ws/studies/OSD-120/download?source=datamanager&file=GLDS-120_rna_seq_processed_md5sum_GLbulkRNAseq.tsv,v9/multispecies/source_checksum_audit.draft.csv
osd120_diagnostic_payload_freeze,draft_osd120_arabidopsis_root_light_interaction_spaceflight,OSD-120,GLDS-120,Atha_Col-0_root_GC_dark_Rep2_GSM2493769_Day13_GLbulkRNAseq_R2_unmapped.fastq.gz,md5,6c85a2995ff48c9eda8f9428b063919f,,False,,,osdr_processed_payload_not_required_for_diagnostic,out_of_scope_processed_payload,out_of_scope_not_downloaded,do_not_download_for_current_diagnostic_freeze,https://osdr.nasa.gov/geode-py/ws/studies/OSD-120/download?source=datamanager&file=GLDS-120_rna_seq_processed_md5sum_GLbulkRNAseq.tsv,v9/multispecies/source_checksum_audit.draft.csv
osd120_diagnostic_payload_freeze,draft_osd120_arabidopsis_root_light_interaction_spaceflight,OSD-120,GLDS-120,Atha_Col-0_root_GC_dark_Rep2_GSM2493769_Day13_GLbulkRNAseq_SJ.out.tab,md5,5c05984b37e19c4d632282bb2328bcc7,,False,,,osdr_processed_payload_not_required_for_diagnostic,out_of_scope_processed_payload,out_of_scope_not_downloaded,do_not_download_for_current_diagnostic_freeze,https://osdr.nasa.gov/geode-py/ws/studies/OSD-120/download?source=datamanager&file=GLDS-120_rna_seq_processed_md5sum_GLbulkRNAseq.tsv,v9/multispecies/source_checksum_audit.draft.csv
osd120_diagnostic_payload_freeze,draft_osd120_arabidopsis_root_light_interaction_spaceflight,OSD-120,GLDS-120,Atha_Col-0_root_GC_dark_Rep2_GSM2493769_Day13_GLbulkRNAseq_Log.final.out,md5,f9fd5ab5b125faca5acc82915b0b2409,,False,,,osdr_processed_payload_not_required_for_diagnostic,out_of_scope_processed_payload,out_of_scope_not_downloaded,do_not_download_for_current_diagnostic_freeze,https://osdr.nasa.gov/geode-py/ws/studies/OSD-120/download?source=datamanager&file=GLDS-120_rna_seq_processed_md5sum_GLbulkRNAseq.tsv,v9/multispecies/source_checksum_audit.draft.csv
osd120_diagnostic_payload_freeze,draft_osd120_arabidopsis_root_light_interaction_spaceflight,OSD-120,GLDS-120,Atha_Col-0_root_GC_dark_Rep2_GSM2493769_Day13_GLbulkRNAseq_Aligned.sortedByCoord_sorted.out.bam.bai,md5,a0ad9e507348c8d04496faed349fe275,,False,,,osdr_processed_payload_not_required_for_diagnostic,out_of_scope_processed_payload,out_of_scope_not_downloaded,do_not_download_for_current_diagnostic_freeze,https://osdr.nasa.gov/geode-py/ws/studies/OSD-120/download?source=datamanager&file=GLDS-120_rna_seq_processed_md5sum_GLbulkRNAseq.tsv,v9/multispecies/source_checksum_audit.draft.csv
osd120_diagnostic_payload_freeze,draft_osd120_arabidopsis_root_light_interaction_spaceflight,OSD-120,GLDS-120,Atha_Col-0_root_GC_dark_Rep2_GSM2493769_Day13_GLbulkRNAseq_Aligned.toTranscriptome.out.bam,md5,fbf5cbc0cb9597ed931cec710280c9bd,,False,,,osdr_processed_payload_not_required_for_diagnostic,out_of_scope_processed_payload,out_of_scope_not_downloaded,do_not_download_for_current_diagnostic_freeze,https://osdr.nasa.gov/geode-py/ws/studies/OSD-120/download?source=datamanager&file=GLDS-120_rna_seq_processed_md5sum_GLbulkRNAseq.tsv,v9/multispecies/source_checksum_audit.draft.csv
osd120_diagnostic_payload_freeze,draft_osd120_arabidopsis_root_light_interaction_spaceflight,OSD-120,GLDS-120,Atha_Col-0_root_GC_dark_Rep2_GSM2493769_Day13_GLbulkRNAseq_R1_unmapped.fastq.gz,md5,6c059e776af9c57d2bc7a6a373aea77f,,False,,,osdr_processed_payload_not_required_for_diagnostic,out_of_scope_processed_payload,out_of_scope_not_downloaded,do_not_download_for_current_diagnostic_freeze,https://osdr.nasa.gov/geode-py/ws/studies/OSD-120/download?source=datamanager&file=GLDS-120_rna_seq_processed_md5sum_GLbulkRNAseq.tsv,v9/multispecies/source_checksum_audit.draft.csv
osd120_diagnostic_payload_freeze,draft_osd120_arabidopsis_root_light_interaction_spaceflight,OSD-120,GLDS-120,Atha_Col-0_root_GC_dark_Rep2_GSM2493769_Day13_GLbulkRNAseq_Aligned.sortedByCoord_sorted.out.bam,md5,372cd41142b1c16a8971e3012c9a30e2,,False,,,osdr_processed_payload_not_required_for_diagnostic,out_of_scope_processed_payload,out_of_scope_not_downloaded,do_not_download_for_current_diagnostic_freeze,https://osdr.nasa.gov/geode-py/ws/studies/OSD-120/download?source=datamanager&file=GLDS-120_rna_seq_processed_md5sum_GLbulkRNAseq.tsv,v9/multispecies/source_checksum_audit.draft.csv
osd120_diagnostic_payload_freeze,draft_osd120_arabidopsis_root_light_interaction_spaceflight,OSD-120,GLDS-120,Atha_Col-0_root_GC_Alight_Rep1_GSM2493759_Day13_GLbulkRNAseq_R1_unmapped.fastq.gz,md5,ce3fe23cd016651dc33e57da88cd52ba,,False,,,osdr_processed_payload_not_required_for_diagnostic,out_of_scope_processed_payload,out_of_scope_not_downloaded,do_not_download_for_current_diagnostic_freeze,https://osdr.nasa.gov/geode-py/ws/studies/OSD-120/download?source=datamanager&file=GLDS-120_rna_seq_processed_md5sum_GLbulkRNAseq.tsv,v9/multispecies/source_checksum_audit.draft.csv
osd120_diagnostic_payload_freeze,draft_osd120_arabidopsis_root_light_interaction_spaceflight,OSD-120,GLDS-120,Atha_Col-0_root_GC_Alight_Rep1_GSM2493759_Day13_GLbulkRNAseq_Log.final.out,md5,95801e5970656bda9fbc8e6dfa4d4874,,False,,,osdr_processed_payload_not_required_for_diagnostic,out_of_scope_processed_payload,out_of_scope_not_downloaded,do_not_download_for_current_diagnostic_freeze,https://osdr.nasa.gov/geode-py/ws/studies/OSD-120/download?source=datamanager&file=GLDS-120_rna_seq_processed_md5sum_GLbulkRNAseq.tsv,v9/multispecies/source_checksum_audit.draft.csv
osd120_diagnostic_payload_freeze,draft_osd120_arabidopsis_root_light_interaction_spaceflight,OSD-120,GLDS-120,Atha_Col-0_root_GC_Alight_Rep1_GSM2493759_Day13_GLbulkRNAseq_SJ.out.tab,md5,d05ccbeb9dd996d0b6b7ba57b0e6825e,,False,,,osdr_processed_payload_not_required_for_diagnostic,out_of_scope_processed_payload,out_of_scope_not_downloaded,do_not_download_for_current_diagnostic_freeze,https://osdr.nasa.gov/geode-py/ws/studies/OSD-120/download?source=datamanager&file=GLDS-120_rna_seq_processed_md5sum_GLbulkRNAseq.tsv,v9/multispecies/source_checksum_audit.draft.csv
osd120_diagnostic_payload_freeze,draft_osd120_arabidopsis_root_light_interaction_spaceflight,OSD-120,GLDS-120,Atha_Col-0_root_GC_Alight_Rep1_GSM2493759_Day13_GLbulkRNAseq_Aligned.sortedByCoord_sorted.out.bam.bai,md5,82fdd1b305741b9167e01953b9955689,,False,,,osdr_processed_payload_not_required_for_diagnostic,out_of_scope_processed_payload,out_of_scope_not_downloaded,do_not_download_for_current_diagnostic_freeze,https://osdr.nasa.gov/geode-py/ws/studies/OSD-120/download?source=datamanager&file=GLDS-120_rna_seq_processed_md5sum_GLbulkRNAseq.tsv,v9/multispecies/source_checksum_audit.draft.csv
osd120_diagnostic_payload_freeze,draft_osd120_arabidopsis_root_light_interaction_spaceflight,OSD-120,GLDS-120,Atha_Col-0_root_GC_Alight_Rep1_GSM2493759_Day13_GLbulkRNAseq_Aligned.toTranscriptome.out.bam,md5,ca41e937536b189c7260d10da2197926,,False,,,osdr_processed_payload_not_required_for_diagnostic,out_of_scope_processed_payload,out_of_scope_not_downloaded,do_not_download_for_current_diagnostic_freeze,https://osdr.nasa.gov/geode-py/ws/studies/OSD-120/download?source=datamanager&file=GLDS-120_rna_seq_processed_md5sum_GLbulkRNAseq.tsv,v9/multispecies/source_checksum_audit.draft.csv
osd120_diagnostic_payload_freeze,draft_osd120_arabidopsis_root_light_interaction_spaceflight,OSD-120,GLDS-120,Atha_Col-0_root_GC_Alight_Rep1_GSM2493759_Day13_GLbulkRNAseq_Aligned.sortedByCoord_sorted.out.bam,md5,f5d44940205e2546ff3a036ea7dd9ae7,,False,,,osdr_processed_payload_not_required_for_diagnostic,out_of_scope_processed_payload,out_of_scope_not_downloaded,do_not_download_for_current_diagnostic_freeze,https://osdr.nasa.gov/geode-py/ws/studies/OSD-120/download?source=datamanager&file=GLDS-120_rna_seq_processed_md5sum_GLbulkRNAseq.tsv,v9/multispecies/source_checksum_audit.draft.csv
osd120_diagnostic_payload_freeze,draft_osd120_arabidopsis_root_light_interaction_spaceflight,OSD-120,GLDS-120,Atha_Col-0_root_GC_Alight_Rep1_GSM2493759_Day13_GLbulkRNAseq_R2_unmapped.fastq.gz,md5,68e94a817d7d727cdb88caf2208a545f,,False,,,osdr_processed_payload_not_required_for_diagnostic,out_of_scope_processed_payload,out_of_scope_not_downloaded,do_not_download_for_current_diagnostic_freeze,https://osdr.nasa.gov/geode-py/ws/studies/OSD-120/download?source=datamanager&file=GLDS-120_rna_seq_processed_md5sum_GLbulkRNAseq.tsv,v9/multispecies/source_checksum_audit.draft.csv
osd120_diagnostic_payload_freeze,draft_osd120_arabidopsis_root_light_interaction_spaceflight,OSD-120,GLDS-120,Atha_Ws_root_GC_dark_Rep2_GSM2493772_Day13_GLbulkRNAseq_Aligned.sortedByCoord_sorted.out.bam,md5,cb85ebb4702f676590cddbd578c7d15d,,False,,,osdr_processed_payload_not_required_for_diagnostic,out_of_scope_processed_payload,out_of_scope_not_downloaded,do_not_download_for_current_diagnostic_freeze,https://osdr.nasa.gov/geode-py/ws/studies/OSD-120/download?source=datamanager&file=GLDS-120_rna_seq_processed_md5sum_GLbulkRNAseq.tsv,v9/multispecies/source_checksum_audit.draft.csv
osd120_diagnostic_payload_freeze,draft_osd120_arabidopsis_root_light_interaction_spaceflight,OSD-120,GLDS-120,Atha_Ws_root_GC_dark_Rep2_GSM2493772_Day13_GLbulkRNAseq_R1_unmapped.fastq.gz,md5,67ce9e02a7a0089dfd259956c030870a,,False,,,osdr_processed_payload_not_required_for_diagnostic,out_of_scope_processed_payload,out_of_scope_not_downloaded,do_not_download_for_current_diagnostic_freeze,https://osdr.nasa.gov/geode-py/ws/studies/OSD-120/download?source=datamanager&file=GLDS-120_rna_seq_processed_md5sum_GLbulkRNAseq.tsv,v9/multispecies/source_checksum_audit.draft.csv
osd120_diagnostic_payload_freeze,draft_osd120_arabidopsis_root_light_interaction_spaceflight,OSD-120,GLDS-120,Atha_Ws_root_GC_dark_Rep2_GSM2493772_Day13_GLbulkRNAseq_Aligned.sortedByCoord_sorted.out.bam.bai,md5,c742a0b4eec358d6e0f29b01a3608974,,False,,,osdr_processed_payload_not_required_for_diagnostic,out_of_scope_processed_payload,out_of_scope_not_downloaded,do_not_download_for_current_diagnostic_freeze,https://osdr.nasa.gov/geode-py/ws/studies/OSD-120/download?source=datamanager&file=GLDS-120_rna_seq_processed_md5sum_GLbulkRNAseq.tsv,v9/multispecies/source_checksum_audit.draft.csv
osd120_diagnostic_payload_freeze,draft_osd120_arabidopsis_root_light_interaction_spaceflight,OSD-120,GLDS-120,Atha_Ws_root_GC_dark_Rep2_GSM2493772_Day13_GLbulkRNAseq_R2_unmapped.fastq.gz,md5,465ac376e0cbd56b50de32302873f37e,,False,,,osdr_processed_payload_not_required_for_diagnostic,out_of_scope_processed_payload,out_of_scope_not_downloaded,do_not_download_for_current_diagnostic_freeze,https://osdr.nasa.gov/geode-py/ws/studies/OSD-120/download?source=datamanager&file=GLDS-120_rna_seq_processed_md5sum_GLbulkRNAseq.tsv,v9/multispecies/source_checksum_audit.draft.csv
osd120_diagnostic_payload_freeze,draft_osd120_arabidopsis_root_light_interaction_spaceflight,OSD-120,GLDS-120,Atha_Ws_root_GC_dark_Rep2_GSM2493772_Day13_GLbulkRNAseq_Log.final.out,md5,9ee7f74d2827c9c443a0ff607fd9f5a3,,False,,,osdr_processed_payload_not_required_for_diagnostic,out_of_scope_processed_payload,out_of_scope_not_downloaded,do_not_download_for_current_diagnostic_freeze,https://osdr.nasa.gov/geode-py/ws/studies/OSD-120/download?source=datamanager&file=GLDS-120_rna_seq_processed_md5sum_GLbulkRNAseq.tsv,v9/multispecies/source_checksum_audit.draft.csv
osd120_diagnostic_payload_freeze,draft_osd120_arabidopsis_root_light_interaction_spaceflight,OSD-120,GLDS-120,Atha_Ws_root_GC_dark_Rep2_GSM2493772_Day13_GLbulkRNAseq_Aligned.toTranscriptome.out.bam,md5,7c92900083845e2046287d0a2dc27eba,,False,,,osdr_processed_payload_not_required_for_diagnostic,out_of_scope_processed_payload,out_of_scope_not_downloaded,do_not_download_for_current_diagnostic_freeze,https://osdr.nasa.gov/geode-py/ws/studies/OSD-120/download?source=datamanager&file=GLDS-120_rna_seq_processed_md5sum_GLbulkRNAseq.tsv,v9/multispecies/source_checksum_audit.draft.csv
osd120_diagnostic_payload_freeze,draft_osd120_arabidopsis_root_light_interaction_spaceflight,OSD-120,GLDS-120,Atha_Ws_root_GC_dark_Rep2_GSM2493772_Day13_GLbulkRNAseq_SJ.out.tab,md5,20c035136329e27b7ae205710176543c,,False,,,osdr_processed_payload_not_required_for_diagnostic,out_of_scope_processed_payload,out_of_scope_not_downloaded,do_not_download_for_current_diagnostic_freeze,https://osdr.nasa.gov/geode-py/ws/studies/OSD-120/download?source=datamanager&file=GLDS-120_rna_seq_processed_md5sum_GLbulkRNAseq.tsv,v9/multispecies/source_checksum_audit.draft.csv
osd120_diagnostic_payload_freeze,draft_osd120_arabidopsis_root_light_interaction_spaceflight,OSD-120,GLDS-120,Atha_Col-0-PhyD_root_FLT_Alight_Rep2_GSM2493784_Day13_GLbulkRNAseq_Aligned.toTranscriptome.out.bam,md5,bf876da4324a9fcd11dc8a88fe50497b,,False,,,osdr_processed_payload_not_required_for_diagnostic,out_of_scope_processed_payload,out_of_scope_not_downloaded,do_not_download_for_current_diagnostic_freeze,https://osdr.nasa.gov/geode-py/ws/studies/OSD-120/download?source=datamanager&file=GLDS-120_rna_seq_processed_md5sum_GLbulkRNAseq.tsv,v9/multispecies/source_checksum_audit.draft.csv
osd120_diagnostic_payload_freeze,draft_osd120_arabidopsis_root_light_interaction_spaceflight,OSD-120,GLDS-120,Atha_Col-0-PhyD_root_FLT_Alight_Rep2_GSM2493784_Day13_GLbulkRNAseq_SJ.out.tab,md5,9516f60dcfce3705597a253e92b91fc1,,False,,,osdr_processed_payload_not_required_for_diagnostic,out_of_scope_processed_payload,out_of_scope_not_downloaded,do_not_download_for_current_diagnostic_freeze,https://osdr.nasa.gov/geode-py/ws/studies/OSD-120/download?source=datamanager&file=GLDS-120_rna_seq_processed_md5sum_GLbulkRNAseq.tsv,v9/multispecies/source_checksum_audit.draft.csv
osd120_diagnostic_payload_freeze,draft_osd120_arabidopsis_root_light_interaction_spaceflight,OSD-120,GLDS-120,Atha_Col-0-PhyD_root_FLT_Alight_Rep2_GSM2493784_Day13_GLbulkRNAseq_R2_unmapped.fastq.gz,md5,c67966b4f9f1028651809f775ceaece7,,False,,,osdr_processed_payload_not_required_for_diagnostic,out_of_scope_processed_payload,out_of_scope_not_downloaded,do_not_download_for_current_diagnostic_freeze,https://osdr.nasa.gov/geode-py/ws/studies/OSD-120/download?source=datamanager&file=GLDS-120_rna_seq_processed_md5sum_GLbulkRNAseq.tsv,v9/multispecies/source_checksum_audit.draft.csv
osd120_diagnostic_payload_freeze,draft_osd120_arabidopsis_root_light_interaction_spaceflight,OSD-120,GLDS-120,Atha_Col-0-PhyD_root_FLT_Alight_Rep2_GSM2493784_Day13_GLbulkRNAseq_Aligned.sortedByCoord_sorted.out.bam,md5,d285a8ac8612cb07bc85bf855dd010fb,,False,,,osdr_processed_payload_not_required_for_diagnostic,out_of_scope_processed_payload,out_of_scope_not_downloaded,do_not_download_for_current_diagnostic_freeze,https://osdr.nasa.gov/geode-py/ws/studies/OSD-120/download?source=datamanager&file=GLDS-120_rna_seq_processed_md5sum_GLbulkRNAseq.tsv,v9/multispecies/source_checksum_audit.draft.csv
osd120_diagnostic_payload_freeze,draft_osd120_arabidopsis_root_light_interaction_spaceflight,OSD-120,GLDS-120,Atha_Col-0-PhyD_root_FLT_Alight_Rep2_GSM2493784_Day13_GLbulkRNAseq_Aligned.sortedByCoord_sorted.out.bam.bai,md5,999d5c7c1179dcb284d87809e1bff7bf,,False,,,osdr_processed_payload_not_required_for_diagnostic,out_of_scope_processed_payload,out_of_scope_not_downloaded,do_not_download_for_current_diagnostic_freeze,https://osdr.nasa.gov/geode-py/ws/studies/OSD-120/download?source=datamanager&file=GLDS-120_rna_seq_processed_md5sum_GLbulkRNAseq.tsv,v9/multispecies/source_checksum_audit.draft.csv
osd120_diagnostic_payload_freeze,draft_osd120_arabidopsis_root_light_interaction_spaceflight,OSD-120,GLDS-120,Atha_Col-0-PhyD_root_FLT_Alight_Rep2_GSM2493784_Day13_GLbulkRNAseq_R1_unmapped.fastq.gz,md5,704fa45782d92596b9952b19f39833fc,,False,,,osdr_processed_payload_not_required_for_diagnostic,out_of_scope_processed_payload,out_of_scope_not_downloaded,do_not_download_for_current_diagnostic_freeze,https://osdr.nasa.gov/geode-py/ws/studies/OSD-120/download?source=datamanager&file=GLDS-120_rna_seq_processed_md5sum_GLbulkRNAseq.tsv,v9/multispecies/source_checksum_audit.draft.csv
osd120_diagnostic_payload_freeze,draft_osd120_arabidopsis_root_light_interaction_spaceflight,OSD-120,GLDS-120,Atha_Col-0-PhyD_root_FLT_Alight_Rep2_GSM2493784_Day13_GLbulkRNAseq_Log.final.out,md5,bb54a5aa60696134e43adbf05bfe9e85,,False,,,osdr_processed_payload_not_required_for_diagnostic,out_of_scope_processed_payload,out_of_scope_not_downloaded,do_not_download_for_current_diagnostic_freeze,https://osdr.nasa.gov/geode-py/ws/studies/OSD-120/download?source=datamanager&file=GLDS-120_rna_seq_processed_md5sum_GLbulkRNAseq.tsv,v9/multispecies/source_checksum_audit.draft.csv
osd120_diagnostic_payload_freeze,draft_osd120_arabidopsis_root_light_interaction_spaceflight,OSD-120,GLDS-120,Atha_Ws_root_GC_Alight_Rep1_GSM2493762_Day13_GLbulkRNAseq_Aligned.toTranscriptome.out.bam,md5,90423cff6c9436e925d7c828056d7e6a,,False,,,osdr_processed_payload_not_required_for_diagnostic,out_of_scope_processed_payload,out_of_scope_not_downloaded,do_not_download_for_current_diagnostic_freeze,https://osdr.nasa.gov/geode-py/ws/studies/OSD-120/download?source=datamanager&file=GLDS-120_rna_seq_processed_md5sum_GLbulkRNAseq.tsv,v9/multispecies/source_checksum_audit.draft.csv
osd120_diagnostic_payload_freeze,draft_osd120_arabidopsis_root_light_interaction_spaceflight,OSD-120,GLDS-120,Atha_Ws_root_GC_Alight_Rep1_GSM2493762_Day13_GLbulkRNAseq_R1_unmapped.fastq.gz,md5,5b62ed7741c2bf0058f0a7e889971c68,,False,,,osdr_processed_payload_not_required_for_diagnostic,out_of_scope_processed_payload,out_of_scope_not_downloaded,do_not_download_for_current_diagnostic_freeze,https://osdr.nasa.gov/geode-py/ws/studies/OSD-120/download?source=datamanager&file=GLDS-120_rna_seq_processed_md5sum_GLbulkRNAseq.tsv,v9/multispecies/source_checksum_audit.draft.csv
osd120_diagnostic_payload_freeze,draft_osd120_arabidopsis_root_light_interaction_spaceflight,OSD-120,GLDS-120,Atha_Ws_root_GC_Alight_Rep1_GSM2493762_Day13_GLbulkRNAseq_Log.final.out,md5,0e0cc7a7e4c54d8055a7b9c385ce5ec2,,False,,,osdr_processed_payload_not_required_for_diagnostic,out_of_scope_processed_payload,out_of_scope_not_downloaded,do_not_download_for_current_diagnostic_freeze,https://osdr.nasa.gov/geode-py/ws/studies/OSD-120/download?source=datamanager&file=GLDS-120_rna_seq_processed_md5sum_GLbulkRNAseq.tsv,v9/multispecies/source_checksum_audit.draft.csv
osd120_diagnostic_payload_freeze,draft_osd120_arabidopsis_root_light_interaction_spaceflight,OSD-120,GLDS-120,Atha_Ws_root_GC_Alight_Rep1_GSM2493762_Day13_GLbulkRNAseq_Aligned.sortedByCoord_sorted.out.bam,md5,208efe16d1a37c33a4cecd7a50eb2052,,False,,,osdr_processed_payload_not_required_for_diagnostic,out_of_scope_processed_payload,out_of_scope_not_downloaded,do_not_download_for_current_diagnostic_freeze,https://osdr.nasa.gov/geode-py/ws/studies/OSD-120/download?source=datamanager&file=GLDS-120_rna_seq_processed_md5sum_GLbulkRNAseq.tsv,v9/multispecies/source_checksum_audit.draft.csv
osd120_diagnostic_payload_freeze,draft_osd120_arabidopsis_root_light_interaction_spaceflight,OSD-120,GLDS-120,Atha_Ws_root_GC_Alight_Rep1_GSM2493762_Day13_GLbulkRNAseq_SJ.out.tab,md5,5d2e8fdc87e0f5db0878b1291c637466,,False,,,osdr_processed_payload_not_required_for_diagnostic,out_of_scope_processed_payload,out_of_scope_not_downloaded,do_not_download_for_current_diagnostic_freeze,https://osdr.nasa.gov/geode-py/ws/studies/OSD-120/download?source=datamanager&file=GLDS-120_rna_seq_processed_md5sum_GLbulkRNAseq.tsv,v9/multispecies/source_checksum_audit.draft.csv
osd120_diagnostic_payload_freeze,draft_osd120_arabidopsis_root_light_interaction_spaceflight,OSD-120,GLDS-120,Atha_Ws_root_GC_Alight_Rep1_GSM2493762_Day13_GLbulkRNAseq_R2_unmapped.fastq.gz,md5,049194545271056d86a9605b26d8b8f3,,False,,,osdr_processed_payload_not_required_for_diagnostic,out_of_scope_processed_payload,out_of_scope_not_downloaded,do_not_download_for_current_diagnostic_freeze,https://osdr.nasa.gov/geode-py/ws/studies/OSD-120/download?source=datamanager&file=GLDS-120_rna_seq_processed_md5sum_GLbulkRNAseq.tsv,v9/multispecies/source_checksum_audit.draft.csv
osd120_diagnostic_payload_freeze,draft_osd120_arabidopsis_root_light_interaction_spaceflight,OSD-120,GLDS-120,Atha_Ws_root_GC_Alight_Rep1_GSM2493762_Day13_GLbulkRNAseq_Aligned.sortedByCoord_sorted.out.bam.bai,md5,28435f5a6cfaabb72dd7361193a8c059,,False,,,osdr_processed_payload_not_required_for_diagnostic,out_of_scope_processed_payload,out_of_scope_not_downloaded,do_not_download_for_current_diagnostic_freeze,https://osdr.nasa.gov/geode-py/ws/studies/OSD-120/download?source=datamanager&file=GLDS-120_rna_seq_processed_md5sum_GLbulkRNAseq.tsv,v9/multispecies/source_checksum_audit.draft.csv
osd120_diagnostic_payload_freeze,draft_osd120_arabidopsis_root_light_interaction_spaceflight,OSD-120,GLDS-120,Atha_Col-0-PhyD_root_GC_dark_Rep2_GSM2493775_Day13_GLbulkRNAseq_Log.final.out,md5,f30c85a459c8f203d09ce4294e01d457,,False,,,osdr_processed_payload_not_required_for_diagnostic,out_of_scope_processed_payload,out_of_scope_not_downloaded,do_not_download_for_current_diagnostic_freeze,https://osdr.nasa.gov/geode-py/ws/studies/OSD-120/download?source=datamanager&file=GLDS-120_rna_seq_processed_md5sum_GLbulkRNAseq.tsv,v9/multispecies/source_checksum_audit.draft.csv
osd120_diagnostic_payload_freeze,draft_osd120_arabidopsis_root_light_interaction_spaceflight,OSD-120,GLDS-120,Atha_Col-0-PhyD_root_GC_dark_Rep2_GSM2493775_Day13_GLbulkRNAseq_R1_unmapped.fastq.gz,md5,86bfb24cf959a58db91cb4f4e15039ff,,False,,,osdr_processed_payload_not_required_for_diagnostic,out_of_scope_processed_payload,out_of_scope_not_downloaded,do_not_download_for_current_diagnostic_freeze,https://osdr.nasa.gov/geode-py/ws/studies/OSD-120/download?source=datamanager&file=GLDS-120_rna_seq_processed_md5sum_GLbulkRNAseq.tsv,v9/multispecies/source_checksum_audit.draft.csv
osd120_diagnostic_payload_freeze,draft_osd120_arabidopsis_root_light_interaction_spaceflight,OSD-120,GLDS-120,Atha_Col-0-PhyD_root_GC_dark_Rep2_GSM2493775_Day13_GLbulkRNAseq_Aligned.sortedByCoord_sorted.out.bam,md5,51b5b644991a563e4810df80daa568e8,,False,,,osdr_processed_payload_not_required_for_diagnostic,out_of_scope_processed_payload,out_of_scope_not_downloaded,do_not_download_for_current_diagnostic_freeze,https://osdr.nasa.gov/geode-py/ws/studies/OSD-120/download?source=datamanager&file=GLDS-120_rna_seq_processed_md5sum_GLbulkRNAseq.tsv,v9/multispecies/source_checksum_audit.draft.csv
osd120_diagnostic_payload_freeze,draft_osd120_arabidopsis_root_light_interaction_spaceflight,OSD-120,GLDS-120,Atha_Col-0-PhyD_root_GC_dark_Rep2_GSM2493775_Day13_GLbulkRNAseq_Aligned.toTranscriptome.out.bam,md5,b97c80ffa1f5d1f3c0e31c4b6b99d103,,False,,,osdr_processed_payload_not_required_for_diagnostic,out_of_scope_processed_payload,out_of_scope_not_downloaded,do_not_download_for_current_diagnostic_freeze,https://osdr.nasa.gov/geode-py/ws/studies/OSD-120/download?source=datamanager&file=GLDS-120_rna_seq_processed_md5sum_GLbulkRNAseq.tsv,v9/multispecies/source_checksum_audit.draft.csv
osd120_diagnostic_payload_freeze,draft_osd120_arabidopsis_root_light_interaction_spaceflight,OSD-120,GLDS-120,Atha_Col-0-PhyD_root_GC_dark_Rep2_GSM2493775_Day13_GLbulkRNAseq_Aligned.sortedByCoord_sorted.out.bam.bai,md5,ff403d711c912d4154a549a814cfc335,,False,,,osdr_processed_payload_not_required_for_diagnostic,out_of_scope_processed_payload,out_of_scope_not_downloaded,do_not_download_for_current_diagnostic_freeze,https://osdr.nasa.gov/geode-py/ws/studies/OSD-120/download?source=datamanager&file=GLDS-120_rna_seq_processed_md5sum_GLbulkRNAseq.tsv,v9/multispecies/source_checksum_audit.draft.csv
osd120_diagnostic_payload_freeze,draft_osd120_arabidopsis_root_light_interaction_spaceflight,OSD-120,GLDS-120,Atha_Col-0-PhyD_root_GC_dark_Rep2_GSM2493775_Day13_GLbulkRNAseq_R2_unmapped.fastq.gz,md5,949979eb35f5e6f73af263e3a3d08b59,,False,,,osdr_processed_payload_not_required_for_diagnostic,out_of_scope_processed_payload,out_of_scope_not_downloaded,do_not_download_for_current_diagnostic_freeze,https://osdr.nasa.gov/geode-py/ws/studies/OSD-120/download?source=datamanager&file=GLDS-120_rna_seq_processed_md5sum_GLbulkRNAseq.tsv,v9/multispecies/source_checksum_audit.draft.csv
osd120_diagnostic_payload_freeze,draft_osd120_arabidopsis_root_light_interaction_spaceflight,OSD-120,GLDS-120,Atha_Col-0-PhyD_root_GC_dark_Rep2_GSM2493775_Day13_GLbulkRNAseq_SJ.out.tab,md5,5ab155208e6896f03a93e6897109d16b,,False,,,osdr_processed_payload_not_required_for_diagnostic,out_of_scope_processed_payload,out_of_scope_not_downloaded,do_not_download_for_current_diagnostic_freeze,https://osdr.nasa.gov/geode-py/ws/studies/OSD-120/download?source=datamanager&file=GLDS-120_rna_seq_processed_md5sum_GLbulkRNAseq.tsv,v9/multispecies/source_checksum_audit.draft.csv
osd120_diagnostic_payload_freeze,draft_osd120_arabidopsis_root_light_interaction_spaceflight,OSD-120,GLDS-120,Atha_Col-0-PhyD_root_GC_dark_Rep1_GSM2493774_Day13_GLbulkRNAseq_Aligned.sortedByCoord_sorted.out.bam,md5,f1fe8cccd89ce45e91aba2d1a76bd00a,,False,,,osdr_processed_payload_not_required_for_diagnostic,out_of_scope_processed_payload,out_of_scope_not_downloaded,do_not_download_for_current_diagnostic_freeze,https://osdr.nasa.gov/geode-py/ws/studies/OSD-120/download?source=datamanager&file=GLDS-120_rna_seq_processed_md5sum_GLbulkRNAseq.tsv,v9/multispecies/source_checksum_audit.draft.csv
osd120_diagnostic_payload_freeze,draft_osd120_arabidopsis_root_light_interaction_spaceflight,OSD-120,GLDS-120,Atha_Col-0-PhyD_root_GC_dark_Rep1_GSM2493774_Day13_GLbulkRNAseq_SJ.out.tab,md5,6e9edf357e93fdb1f9246bdf1ef73555,,False,,,osdr_processed_payload_not_required_for_diagnostic,out_of_scope_processed_payload,out_of_scope_not_downloaded,do_not_download_for_current_diagnostic_freeze,https://osdr.nasa.gov/geode-py/ws/studies/OSD-120/download?source=datamanager&file=GLDS-120_rna_seq_processed_md5sum_GLbulkRNAseq.tsv,v9/multispecies/source_checksum_audit.draft.csv
osd120_diagnostic_payload_freeze,draft_osd120_arabidopsis_root_light_interaction_spaceflight,OSD-120,GLDS-120,Atha_Col-0-PhyD_root_GC_dark_Rep1_GSM2493774_Day13_GLbulkRNAseq_R1_unmapped.fastq.gz,md5,41a5ae9f0885df2a5a9e931e8f654f8c,,False,,,osdr_processed_payload_not_required_for_diagnostic,out_of_scope_processed_payload,out_of_scope_not_downloaded,do_not_download_for_current_diagnostic_freeze,https://osdr.nasa.gov/geode-py/ws/studies/OSD-120/download?source=datamanager&file=GLDS-120_rna_seq_processed_md5sum_GLbulkRNAseq.tsv,v9/multispecies/source_checksum_audit.draft.csv
osd120_diagnostic_payload_freeze,draft_osd120_arabidopsis_root_light_interaction_spaceflight,OSD-120,GLDS-120,Atha_Col-0-PhyD_root_GC_dark_Rep1_GSM2493774_Day13_GLbulkRNAseq_Log.final.out,md5,54dd579a8b934db57b87c497bef039f3,,False,,,osdr_processed_payload_not_required_for_diagnostic,out_of_scope_processed_payload,out_of_scope_not_downloaded,do_not_download_for_current_diagnostic_freeze,https://osdr.nasa.gov/geode-py/ws/studies/OSD-120/download?source=datamanager&file=GLDS-120_rna_seq_processed_md5sum_GLbulkRNAseq.tsv,v9/multispecies/source_checksum_audit.draft.csv
osd120_diagnostic_payload_freeze,draft_osd120_arabidopsis_root_light_interaction_spaceflight,OSD-120,GLDS-120,Atha_Col-0-PhyD_root_GC_dark_Rep1_GSM2493774_Day13_GLbulkRNAseq_Aligned.sortedByCoord_sorted.out.bam.bai,md5,6b6ce67f764c145758ef4e6cee610df2,,False,,,osdr_processed_payload_not_required_for_diagnostic,out_of_scope_processed_payload,out_of_scope_not_downloaded,do_not_download_for_current_diagnostic_freeze,https://osdr.nasa.gov/geode-py/ws/studies/OSD-120/download?source=datamanager&file=GLDS-120_rna_seq_processed_md5sum_GLbulkRNAseq.tsv,v9/multispecies/source_checksum_audit.draft.csv
osd120_diagnostic_payload_freeze,draft_osd120_arabidopsis_root_light_interaction_spaceflight,OSD-120,GLDS-120,Atha_Col-0-PhyD_root_GC_dark_Rep1_GSM2493774_Day13_GLbulkRNAseq_Aligned.toTranscriptome.out.bam,md5,5dbe516becf419d8348615c0509fa538,,False,,,osdr_processed_payload_not_required_for_diagnostic,out_of_scope_processed_payload,out_of_scope_not_downloaded,do_not_download_for_current_diagnostic_freeze,https://osdr.nasa.gov/geode-py/ws/studies/OSD-120/download?source=datamanager&file=GLDS-120_rna_seq_processed_md5sum_GLbulkRNAseq.tsv,v9/multispecies/source_checksum_audit.draft.csv
osd120_diagnostic_payload_freeze,draft_osd120_arabidopsis_root_light_interaction_spaceflight,OSD-120,GLDS-120,Atha_Col-0-PhyD_root_GC_dark_Rep1_GSM2493774_Day13_GLbulkRNAseq_R2_unmapped.fastq.gz,md5,be4cde3f16b2efa9d5b4886ae0ec3340,,False,,,osdr_processed_payload_not_required_for_diagnostic,out_of_scope_processed_payload,out_of_scope_not_downloaded,do_not_download_for_current_diagnostic_freeze,https://osdr.nasa.gov/geode-py/ws/studies/OSD-120/download?source=datamanager&file=GLDS-120_rna_seq_processed_md5sum_GLbulkRNAseq.tsv,v9/multispecies/source_checksum_audit.draft.csv
osd120_diagnostic_payload_freeze,draft_osd120_arabidopsis_root_light_interaction_spaceflight,OSD-120,GLDS-120,Atha_Ws_root_GC_Alight_Rep2_GSM2493763_Day13_GLbulkRNAseq_R1_unmapped.fastq.gz,md5,03e74b6174227e641c4a9eb3daa6da00,,False,,,osdr_processed_payload_not_required_for_diagnostic,out_of_scope_processed_payload,out_of_scope_not_downloaded,do_not_download_for_current_diagnostic_freeze,https://osdr.nasa.gov/geode-py/ws/studies/OSD-120/download?source=datamanager&file=GLDS-120_rna_seq_processed_md5sum_GLbulkRNAseq.tsv,v9/multispecies/source_checksum_audit.draft.csv
osd120_diagnostic_payload_freeze,draft_osd120_arabidopsis_root_light_interaction_spaceflight,OSD-120,GLDS-120,Atha_Ws_root_GC_Alight_Rep2_GSM2493763_Day13_GLbulkRNAseq_Aligned.toTranscriptome.out.bam,md5,29bdba8526ae36c9c9566043ec2c7820,,False,,,osdr_processed_payload_not_required_for_diagnostic,out_of_scope_processed_payload,out_of_scope_not_downloaded,do_not_download_for_current_diagnostic_freeze,https://osdr.nasa.gov/geode-py/ws/studies/OSD-120/download?source=datamanager&file=GLDS-120_rna_seq_processed_md5sum_GLbulkRNAseq.tsv,v9/multispecies/source_checksum_audit.draft.csv
osd120_diagnostic_payload_freeze,draft_osd120_arabidopsis_root_light_interaction_spaceflight,OSD-120,GLDS-120,Atha_Ws_root_GC_Alight_Rep2_GSM2493763_Day13_GLbulkRNAseq_R2_unmapped.fastq.gz,md5,8796e7b66eb0b1421945df99a1b61327,,False,,,osdr_processed_payload_not_required_for_diagnostic,out_of_scope_processed_payload,out_of_scope_not_downloaded,do_not_download_for_current_diagnostic_freeze,https://osdr.nasa.gov/geode-py/ws/studies/OSD-120/download?source=datamanager&file=GLDS-120_rna_seq_processed_md5sum_GLbulkRNAseq.tsv,v9/multispecies/source_checksum_audit.draft.csv
osd120_diagnostic_payload_freeze,draft_osd120_arabidopsis_root_light_interaction_spaceflight,OSD-120,GLDS-120,Atha_Ws_root_GC_Alight_Rep2_GSM2493763_Day13_GLbulkRNAseq_Aligned.sortedByCoord_sorted.out.bam,md5,b7fa0be781027f113605c18b946b537a,,False,,,osdr_processed_payload_not_required_for_diagnostic,out_of_scope_processed_payload,out_of_scope_not_downloaded,do_not_download_for_current_diagnostic_freeze,https://osdr.nasa.gov/geode-py/ws/studies/OSD-120/download?source=datamanager&file=GLDS-120_rna_seq_processed_md5sum_GLbulkRNAseq.tsv,v9/multispecies/source_checksum_audit.draft.csv
osd120_diagnostic_payload_freeze,draft_osd120_arabidopsis_root_light_interaction_spaceflight,OSD-120,GLDS-120,Atha_Ws_root_GC_Alight_Rep2_GSM2493763_Day13_GLbulkRNAseq_SJ.out.tab,md5,f564f81e16f759fbd6e15de649c7bbc9,,False,,,osdr_processed_payload_not_required_for_diagnostic,out_of_scope_processed_payload,out_of_scope_not_downloaded,do_not_download_for_current_diagnostic_freeze,https://osdr.nasa.gov/geode-py/ws/studies/OSD-120/download?source=datamanager&file=GLDS-120_rna_seq_processed_md5sum_GLbulkRNAseq.tsv,v9/multispecies/source_checksum_audit.draft.csv
osd120_diagnostic_payload_freeze,draft_osd120_arabidopsis_root_light_interaction_spaceflight,OSD-120,GLDS-120,Atha_Ws_root_GC_Alight_Rep2_GSM2493763_Day13_GLbulkRNAseq_Aligned.sortedByCoord_sorted.out.bam.bai,md5,eabef7abdbb4d65b97e1a45e2df2dedc,,False,,,osdr_processed_payload_not_required_for_diagnostic,out_of_scope_processed_payload,out_of_scope_not_downloaded,do_not_download_for_current_diagnostic_freeze,https://osdr.nasa.gov/geode-py/ws/studies/OSD-120/download?source=datamanager&file=GLDS-120_rna_seq_processed_md5sum_GLbulkRNAseq.tsv,v9/multispecies/source_checksum_audit.draft.csv
osd120_diagnostic_payload_freeze,draft_osd120_arabidopsis_root_light_interaction_spaceflight,OSD-120,GLDS-120,Atha_Ws_root_GC_Alight_Rep2_GSM2493763_Day13_GLbulkRNAseq_Log.final.out,md5,5c83e098902f3d29389211592f4ee976,,False,,,osdr_processed_payload_not_required_for_diagnostic,out_of_scope_processed_payload,out_of_scope_not_downloaded,do_not_download_for_current_diagnostic_freeze,https://osdr.nasa.gov/geode-py/ws/studies/OSD-120/download?source=datamanager&file=GLDS-120_rna_seq_processed_md5sum_GLbulkRNAseq.tsv,v9/multispecies/source_checksum_audit.draft.csv
osd120_diagnostic_payload_freeze,draft_osd120_arabidopsis_root_light_interaction_spaceflight,OSD-120,GLDS-120,align_multiqc_GLbulkRNAseq_data.zip,md5,b9d37183aca10de866290861ae7323bd,,False,,,osdr_processed_payload_not_required_for_diagnostic,out_of_scope_processed_payload,out_of_scope_not_downloaded,do_not_download_for_current_diagnostic_freeze,https://osdr.nasa.gov/geode-py/ws/studies/OSD-120/download?source=datamanager&file=GLDS-120_rna_seq_processed_md5sum_GLbulkRNAseq.tsv,v9/multispecies/source_checksum_audit.draft.csv
osd120_diagnostic_payload_freeze,draft_osd120_arabidopsis_root_light_interaction_spaceflight,OSD-120,GLDS-120,align_multiqc_GLbulkRNAseq.html,md5,27b5150eff2eb38c57a8b1f8ff126fba,,False,,,osdr_processed_payload_not_required_for_diagnostic,out_of_scope_processed_payload,out_of_scope_not_downloaded,do_not_download_for_current_diagnostic_freeze,https://osdr.nasa.gov/geode-py/ws/studies/OSD-120/download?source=datamanager&file=GLDS-120_rna_seq_processed_md5sum_GLbulkRNAseq.tsv,v9/multispecies/source_checksum_audit.draft.csv
osd120_diagnostic_payload_freeze,draft_osd120_arabidopsis_root_light_interaction_spaceflight,OSD-120,GLDS-120,Atha_Col-0_root_GC_Alight_Rep3_GSM2493761_Day13_GLbulkRNAseq_R2_unmapped.fastq.gz,md5,0b8bda1b6c38a4af3e6c69ce2347810c,,False,,,osdr_processed_payload_not_required_for_diagnostic,out_of_scope_processed_payload,out_of_scope_not_downloaded,do_not_download_for_current_diagnostic_freeze,https://osdr.nasa.gov/geode-py/ws/studies/OSD-120/download?source=datamanager&file=GLDS-120_rna_seq_processed_md5sum_GLbulkRNAseq.tsv,v9/multispecies/source_checksum_audit.draft.csv
osd120_diagnostic_payload_freeze,draft_osd120_arabidopsis_root_light_interaction_spaceflight,OSD-120,GLDS-120,Atha_Col-0_root_GC_Alight_Rep3_GSM2493761_Day13_GLbulkRNAseq_Aligned.toTranscriptome.out.bam,md5,34128bd12a97498ddbba297cb334c5c6,,False,,,osdr_processed_payload_not_required_for_diagnostic,out_of_scope_processed_payload,out_of_scope_not_downloaded,do_not_download_for_current_diagnostic_freeze,https://osdr.nasa.gov/geode-py/ws/studies/OSD-120/download?source=datamanager&file=GLDS-120_rna_seq_processed_md5sum_GLbulkRNAseq.tsv,v9/multispecies/source_checksum_audit.draft.csv
osd120_diagnostic_payload_freeze,draft_osd120_arabidopsis_root_light_interaction_spaceflight,OSD-120,GLDS-120,Atha_Col-0_root_GC_Alight_Rep3_GSM2493761_Day13_GLbulkRNAseq_R1_unmapped.fastq.gz,md5,12b3ed98d238900dfdbd40b886e76ea1,,False,,,osdr_processed_payload_not_required_for_diagnostic,out_of_scope_processed_payload,out_of_scope_not_downloaded,do_not_download_for_current_diagnostic_freeze,https://osdr.nasa.gov/geode-py/ws/studies/OSD-120/download?source=datamanager&file=GLDS-120_rna_seq_processed_md5sum_GLbulkRNAseq.tsv,v9/multispecies/source_checksum_audit.draft.csv
osd120_diagnostic_payload_freeze,draft_osd120_arabidopsis_root_light_interaction_spaceflight,OSD-120,GLDS-120,Atha_Col-0_root_GC_Alight_Rep3_GSM2493761_Day13_GLbulkRNAseq_Log.final.out,md5,eaff64358a6c5d373d33e4eeb5699618,,False,,,osdr_processed_payload_not_required_for_diagnostic,out_of_scope_processed_payload,out_of_scope_not_downloaded,do_not_download_for_current_diagnostic_freeze,https://osdr.nasa.gov/geode-py/ws/studies/OSD-120/download?source=datamanager&file=GLDS-120_rna_seq_processed_md5sum_GLbulkRNAseq.tsv,v9/multispecies/source_checksum_audit.draft.csv
osd120_diagnostic_payload_freeze,draft_osd120_arabidopsis_root_light_interaction_spaceflight,OSD-120,GLDS-120,Atha_Col-0_root_GC_Alight_Rep3_GSM2493761_Day13_GLbulkRNAseq_Aligned.sortedByCoord_sorted.out.bam,md5,8bf55ddecdd084ca9c371cd963336789,,False,,,osdr_processed_payload_not_required_for_diagnostic,out_of_scope_processed_payload,out_of_scope_not_downloaded,do_not_download_for_current_diagnostic_freeze,https://osdr.nasa.gov/geode-py/ws/studies/OSD-120/download?source=datamanager&file=GLDS-120_rna_seq_processed_md5sum_GLbulkRNAseq.tsv,v9/multispecies/source_checksum_audit.draft.csv
osd120_diagnostic_payload_freeze,draft_osd120_arabidopsis_root_light_interaction_spaceflight,OSD-120,GLDS-120,Atha_Col-0_root_GC_Alight_Rep3_GSM2493761_Day13_GLbulkRNAseq_Aligned.sortedByCoord_sorted.out.bam.bai,md5,a817146293c77410a3eab369e9752ed7,,False,,,osdr_processed_payload_not_required_for_diagnostic,out_of_scope_processed_payload,out_of_scope_not_downloaded,do_not_download_for_current_diagnostic_freeze,https://osdr.nasa.gov/geode-py/ws/studies/OSD-120/download?source=datamanager&file=GLDS-120_rna_seq_processed_md5sum_GLbulkRNAseq.tsv,v9/multispecies/source_checksum_audit.draft.csv
osd120_diagnostic_payload_freeze,draft_osd120_arabidopsis_root_light_interaction_spaceflight,OSD-120,GLDS-120,Atha_Col-0_root_GC_Alight_Rep3_GSM2493761_Day13_GLbulkRNAseq_SJ.out.tab,md5,281590d0684080e7ae7c171d12e707f1,,False,,,osdr_processed_payload_not_required_for_diagnostic,out_of_scope_processed_payload,out_of_scope_not_downloaded,do_not_download_for_current_diagnostic_freeze,https://osdr.nasa.gov/geode-py/ws/studies/OSD-120/download?source=datamanager&file=GLDS-120_rna_seq_processed_md5sum_GLbulkRNAseq.tsv,v9/multispecies/source_checksum_audit.draft.csv
osd120_diagnostic_payload_freeze,draft_osd120_arabidopsis_root_light_interaction_spaceflight,OSD-120,GLDS-120,Atha_Col-0-PhyD_root_FLT_dark_Rep1_GSM2493792_Day13_GLbulkRNAseq_SJ.out.tab,md5,b7770cdaa6af16f1ad42501a341ca526,,False,,,osdr_processed_payload_not_required_for_diagnostic,out_of_scope_processed_payload,out_of_scope_not_downloaded,do_not_download_for_current_diagnostic_freeze,https://osdr.nasa.gov/geode-py/ws/studies/OSD-120/download?source=datamanager&file=GLDS-120_rna_seq_processed_md5sum_GLbulkRNAseq.tsv,v9/multispecies/source_checksum_audit.draft.csv
osd120_diagnostic_payload_freeze,draft_osd120_arabidopsis_root_light_interaction_spaceflight,OSD-120,GLDS-120,Atha_Col-0-PhyD_root_FLT_dark_Rep1_GSM2493792_Day13_GLbulkRNAseq_R1_unmapped.fastq.gz,md5,2af1d10ec67d42855c5f90642168f40a,,False,,,osdr_processed_payload_not_required_for_diagnostic,out_of_scope_processed_payload,out_of_scope_not_downloaded,do_not_download_for_current_diagnostic_freeze,https://osdr.nasa.gov/geode-py/ws/studies/OSD-120/download?source=datamanager&file=GLDS-120_rna_seq_processed_md5sum_GLbulkRNAseq.tsv,v9/multispecies/source_checksum_audit.draft.csv
osd120_diagnostic_payload_freeze,draft_osd120_arabidopsis_root_light_interaction_spaceflight,OSD-120,GLDS-120,Atha_Col-0-PhyD_root_FLT_dark_Rep1_GSM2493792_Day13_GLbulkRNAseq_Aligned.sortedByCoord_sorted.out.bam.bai,md5,d5f7fb40693293dfbda443f6451fe421,,False,,,osdr_processed_payload_not_required_for_diagnostic,out_of_scope_processed_payload,out_of_scope_not_downloaded,do_not_download_for_current_diagnostic_freeze,https://osdr.nasa.gov/geode-py/ws/studies/OSD-120/download?source=datamanager&file=GLDS-120_rna_seq_processed_md5sum_GLbulkRNAseq.tsv,v9/multispecies/source_checksum_audit.draft.csv
osd120_diagnostic_payload_freeze,draft_osd120_arabidopsis_root_light_interaction_spaceflight,OSD-120,GLDS-120,Atha_Col-0-PhyD_root_FLT_dark_Rep1_GSM2493792_Day13_GLbulkRNAseq_Aligned.toTranscriptome.out.bam,md5,c1f761563227b2e7134c3d00a49e74cd,,False,,,osdr_processed_payload_not_required_for_diagnostic,out_of_scope_processed_payload,out_of_scope_not_downloaded,do_not_download_for_current_diagnostic_freeze,https://osdr.nasa.gov/geode-py/ws/studies/OSD-120/download?source=datamanager&file=GLDS-120_rna_seq_processed_md5sum_GLbulkRNAseq.tsv,v9/multispecies/source_checksum_audit.draft.csv
osd120_diagnostic_payload_freeze,draft_osd120_arabidopsis_root_light_interaction_spaceflight,OSD-120,GLDS-120,Atha_Col-0-PhyD_root_FLT_dark_Rep1_GSM2493792_Day13_GLbulkRNAseq_Log.final.out,md5,a5ad1fabc2300d4aebd94f5906687073,,False,,,osdr_processed_payload_not_required_for_diagnostic,out_of_scope_processed_payload,out_of_scope_not_downloaded,do_not_download_for_current_diagnostic_freeze,https://osdr.nasa.gov/geode-py/ws/studies/OSD-120/download?source=datamanager&file=GLDS-120_rna_seq_processed_md5sum_GLbulkRNAseq.tsv,v9/multispecies/source_checksum_audit.draft.csv
osd120_diagnostic_payload_freeze,draft_osd120_arabidopsis_root_light_interaction_spaceflight,OSD-120,GLDS-120,Atha_Col-0-PhyD_root_FLT_dark_Rep1_GSM2493792_Day13_GLbulkRNAseq_R2_unmapped.fastq.gz,md5,38200410c27b71c563d43448535b3398,,False,,,osdr_processed_payload_not_required_for_diagnostic,out_of_scope_processed_payload,out_of_scope_not_downloaded,do_not_download_for_current_diagnostic_freeze,https://osdr.nasa.gov/geode-py/ws/studies/OSD-120/download?source=datamanager&file=GLDS-120_rna_seq_processed_md5sum_GLbulkRNAseq.tsv,v9/multispecies/source_checksum_audit.draft.csv
osd120_diagnostic_payload_freeze,draft_osd120_arabidopsis_root_light_interaction_spaceflight,OSD-120,GLDS-120,Atha_Col-0-PhyD_root_FLT_dark_Rep1_GSM2493792_Day13_GLbulkRNAseq_Aligned.sortedByCoord_sorted.out.bam,md5,ce888896f703367208d9fec14aa8104b,,False,,,osdr_processed_payload_not_required_for_diagnostic,out_of_scope_processed_payload,out_of_scope_not_downloaded,do_not_download_for_current_diagnostic_freeze,https://osdr.nasa.gov/geode-py/ws/studies/OSD-120/download?source=datamanager&file=GLDS-120_rna_seq_processed_md5sum_GLbulkRNAseq.tsv,v9/multispecies/source_checksum_audit.draft.csv
osd120_diagnostic_payload_freeze,draft_osd120_arabidopsis_root_light_interaction_spaceflight,OSD-120,GLDS-120,Atha_Col-0-PhyD_root_FLT_dark_Rep2_GSM2493793_Day13_GLbulkRNAseq_Aligned.sortedByCoord_sorted.out.bam,md5,d43b78e2ee88f5437b455c7b8fb92c37,,False,,,osdr_processed_payload_not_required_for_diagnostic,out_of_scope_processed_payload,out_of_scope_not_downloaded,do_not_download_for_current_diagnostic_freeze,https://osdr.nasa.gov/geode-py/ws/studies/OSD-120/download?source=datamanager&file=GLDS-120_rna_seq_processed_md5sum_GLbulkRNAseq.tsv,v9/multispecies/source_checksum_audit.draft.csv
osd120_diagnostic_payload_freeze,draft_osd120_arabidopsis_root_light_interaction_spaceflight,OSD-120,GLDS-120,Atha_Col-0-PhyD_root_FLT_dark_Rep2_GSM2493793_Day13_GLbulkRNAseq_Aligned.sortedByCoord_sorted.out.bam.bai,md5,62bb1b40f0c4dcb06448bab9bc3d7306,,False,,,osdr_processed_payload_not_required_for_diagnostic,out_of_scope_processed_payload,out_of_scope_not_downloaded,do_not_download_for_current_diagnostic_freeze,https://osdr.nasa.gov/geode-py/ws/studies/OSD-120/download?source=datamanager&file=GLDS-120_rna_seq_processed_md5sum_GLbulkRNAseq.tsv,v9/multispecies/source_checksum_audit.draft.csv
osd120_diagnostic_payload_freeze,draft_osd120_arabidopsis_root_light_interaction_spaceflight,OSD-120,GLDS-120,Atha_Col-0-PhyD_root_FLT_dark_Rep2_GSM2493793_Day13_GLbulkRNAseq_SJ.out.tab,md5,ade518bf8dcb6431af76b59d97652fda,,False,,,osdr_processed_payload_not_required_for_diagnostic,out_of_scope_processed_payload,out_of_scope_not_downloaded,do_not_download_for_current_diagnostic_freeze,https://osdr.nasa.gov/geode-py/ws/studies/OSD-120/download?source=datamanager&file=GLDS-120_rna_seq_processed_md5sum_GLbulkRNAseq.tsv,v9/multispecies/source_checksum_audit.draft.csv
osd120_diagnostic_payload_freeze,draft_osd120_arabidopsis_root_light_interaction_spaceflight,OSD-120,GLDS-120,Atha_Col-0-PhyD_root_FLT_dark_Rep2_GSM2493793_Day13_GLbulkRNAseq_R2_unmapped.fastq.gz,md5,49ec4e9c629bc93ce7a322d50fb421ff,,False,,,osdr_processed_payload_not_required_for_diagnostic,out_of_scope_processed_payload,out_of_scope_not_downloaded,do_not_download_for_current_diagnostic_freeze,https://osdr.nasa.gov/geode-py/ws/studies/OSD-120/download?source=datamanager&file=GLDS-120_rna_seq_processed_md5sum_GLbulkRNAseq.tsv,v9/multispecies/source_checksum_audit.draft.csv
osd120_diagnostic_payload_freeze,draft_osd120_arabidopsis_root_light_interaction_spaceflight,OSD-120,GLDS-120,Atha_Col-0-PhyD_root_FLT_dark_Rep2_GSM2493793_Day13_GLbulkRNAseq_R1_unmapped.fastq.gz,md5,8e1e6a6db17784216adea023779eea3d,,False,,,osdr_processed_payload_not_required_for_diagnostic,out_of_scope_processed_payload,out_of_scope_not_downloaded,do_not_download_for_current_diagnostic_freeze,https://osdr.nasa.gov/geode-py/ws/studies/OSD-120/download?source=datamanager&file=GLDS-120_rna_seq_processed_md5sum_GLbulkRNAseq.tsv,v9/multispecies/source_checksum_audit.draft.csv
osd120_diagnostic_payload_freeze,draft_osd120_arabidopsis_root_light_interaction_spaceflight,OSD-120,GLDS-120,Atha_Col-0-PhyD_root_FLT_dark_Rep2_GSM2493793_Day13_GLbulkRNAseq_Log.final.out,md5,cd7d0ccdae2d87714120888016423248,,False,,,osdr_processed_payload_not_required_for_diagnostic,out_of_scope_processed_payload,out_of_scope_not_downloaded,do_not_download_for_current_diagnostic_freeze,https://osdr.nasa.gov/geode-py/ws/studies/OSD-120/download?source=datamanager&file=GLDS-120_rna_seq_processed_md5sum_GLbulkRNAseq.tsv,v9/multispecies/source_checksum_audit.draft.csv
osd120_diagnostic_payload_freeze,draft_osd120_arabidopsis_root_light_interaction_spaceflight,OSD-120,GLDS-120,Atha_Col-0-PhyD_root_FLT_dark_Rep2_GSM2493793_Day13_GLbulkRNAseq_Aligned.toTranscriptome.out.bam,md5,318fae680df604188ed81cd497866c68,,False,,,osdr_processed_payload_not_required_for_diagnostic,out_of_scope_processed_payload,out_of_scope_not_downloaded,do_not_download_for_current_diagnostic_freeze,https://osdr.nasa.gov/geode-py/ws/studies/OSD-120/download?source=datamanager&file=GLDS-120_rna_seq_processed_md5sum_GLbulkRNAseq.tsv,v9/multispecies/source_checksum_audit.draft.csv
osd120_diagnostic_payload_freeze,draft_osd120_arabidopsis_root_light_interaction_spaceflight,OSD-120,GLDS-120,Atha_Col-0-PhyD_root_GC_dark_Rep3_GSM2493776_Day13_GLbulkRNAseq_Log.final.out,md5,e98b57b4ea272d8fa718ceb12f948040,,False,,,osdr_processed_payload_not_required_for_diagnostic,out_of_scope_processed_payload,out_of_scope_not_downloaded,do_not_download_for_current_diagnostic_freeze,https://osdr.nasa.gov/geode-py/ws/studies/OSD-120/download?source=datamanager&file=GLDS-120_rna_seq_processed_md5sum_GLbulkRNAseq.tsv,v9/multispecies/source_checksum_audit.draft.csv
osd120_diagnostic_payload_freeze,draft_osd120_arabidopsis_root_light_interaction_spaceflight,OSD-120,GLDS-120,Atha_Col-0-PhyD_root_GC_dark_Rep3_GSM2493776_Day13_GLbulkRNAseq_R2_unmapped.fastq.gz,md5,5bab4e8741d907c070d8ea18c509240d,,False,,,osdr_processed_payload_not_required_for_diagnostic,out_of_scope_processed_payload,out_of_scope_not_downloaded,do_not_download_for_current_diagnostic_freeze,https://osdr.nasa.gov/geode-py/ws/studies/OSD-120/download?source=datamanager&file=GLDS-120_rna_seq_processed_md5sum_GLbulkRNAseq.tsv,v9/multispecies/source_checksum_audit.draft.csv
osd120_diagnostic_payload_freeze,draft_osd120_arabidopsis_root_light_interaction_spaceflight,OSD-120,GLDS-120,Atha_Col-0-PhyD_root_GC_dark_Rep3_GSM2493776_Day13_GLbulkRNAseq_SJ.out.tab,md5,910889afa3360a4cf06f36d2daae9a42,,False,,,osdr_processed_payload_not_required_for_diagnostic,out_of_scope_processed_payload,out_of_scope_not_downloaded,do_not_download_for_current_diagnostic_freeze,https://osdr.nasa.gov/geode-py/ws/studies/OSD-120/download?source=datamanager&file=GLDS-120_rna_seq_processed_md5sum_GLbulkRNAseq.tsv,v9/multispecies/source_checksum_audit.draft.csv
osd120_diagnostic_payload_freeze,draft_osd120_arabidopsis_root_light_interaction_spaceflight,OSD-120,GLDS-120,Atha_Col-0-PhyD_root_GC_dark_Rep3_GSM2493776_Day13_GLbulkRNAseq_Aligned.toTranscriptome.out.bam,md5,5a07f17de72cea69bfe9e0bf66c4c72c,,False,,,osdr_processed_payload_not_required_for_diagnostic,out_of_scope_processed_payload,out_of_scope_not_downloaded,do_not_download_for_current_diagnostic_freeze,https://osdr.nasa.gov/geode-py/ws/studies/OSD-120/download?source=datamanager&file=GLDS-120_rna_seq_processed_md5sum_GLbulkRNAseq.tsv,v9/multispecies/source_checksum_audit.draft.csv
osd120_diagnostic_payload_freeze,draft_osd120_arabidopsis_root_light_interaction_spaceflight,OSD-120,GLDS-120,Atha_Col-0-PhyD_root_GC_dark_Rep3_GSM2493776_Day13_GLbulkRNAseq_R1_unmapped.fastq.gz,md5,8831aca711b7fbde6279012e95a41c98,,False,,,osdr_processed_payload_not_required_for_diagnostic,out_of_scope_processed_payload,out_of_scope_not_downloaded,do_not_download_for_current_diagnostic_freeze,https://osdr.nasa.gov/geode-py/ws/studies/OSD-120/download?source=datamanager&file=GLDS-120_rna_seq_processed_md5sum_GLbulkRNAseq.tsv,v9/multispecies/source_checksum_audit.draft.csv
osd120_diagnostic_payload_freeze,draft_osd120_arabidopsis_root_light_interaction_spaceflight,OSD-120,GLDS-120,Atha_Col-0-PhyD_root_GC_dark_Rep3_GSM2493776_Day13_GLbulkRNAseq_Aligned.sortedByCoord_sorted.out.bam.bai,md5,15b04406729931bbb1cbc9bc1d2ebd82,,False,,,osdr_processed_payload_not_required_for_diagnostic,out_of_scope_processed_payload,out_of_scope_not_downloaded,do_not_download_for_current_diagnostic_freeze,https://osdr.nasa.gov/geode-py/ws/studies/OSD-120/download?source=datamanager&file=GLDS-120_rna_seq_processed_md5sum_GLbulkRNAseq.tsv,v9/multispecies/source_checksum_audit.draft.csv
osd120_diagnostic_payload_freeze,draft_osd120_arabidopsis_root_light_interaction_spaceflight,OSD-120,GLDS-120,Atha_Col-0-PhyD_root_GC_dark_Rep3_GSM2493776_Day13_GLbulkRNAseq_Aligned.sortedByCoord_sorted.out.bam,md5,502d80bb15a2b541109e60a40c41783a,,False,,,osdr_processed_payload_not_required_for_diagnostic,out_of_scope_processed_payload,out_of_scope_not_downloaded,do_not_download_for_current_diagnostic_freeze,https://osdr.nasa.gov/geode-py/ws/studies/OSD-120/download?source=datamanager&file=GLDS-120_rna_seq_processed_md5sum_GLbulkRNAseq.tsv,v9/multispecies/source_checksum_audit.draft.csv
osd120_diagnostic_payload_freeze,draft_osd120_arabidopsis_root_light_interaction_spaceflight,OSD-120,GLDS-120,Atha_Col-0_root_GC_dark_Rep3_GSM2493770_Day13_GLbulkRNAseq_R1_unmapped.fastq.gz,md5,75cdf7a60fff47593e9c0677f8448ecd,,False,,,osdr_processed_payload_not_required_for_diagnostic,out_of_scope_processed_payload,out_of_scope_not_downloaded,do_not_download_for_current_diagnostic_freeze,https://osdr.nasa.gov/geode-py/ws/studies/OSD-120/download?source=datamanager&file=GLDS-120_rna_seq_processed_md5sum_GLbulkRNAseq.tsv,v9/multispecies/source_checksum_audit.draft.csv
osd120_diagnostic_payload_freeze,draft_osd120_arabidopsis_root_light_interaction_spaceflight,OSD-120,GLDS-120,Atha_Col-0_root_GC_dark_Rep3_GSM2493770_Day13_GLbulkRNAseq_Log.final.out,md5,393606a719c944f9f49494de0131c7e8,,False,,,osdr_processed_payload_not_required_for_diagnostic,out_of_scope_processed_payload,out_of_scope_not_downloaded,do_not_download_for_current_diagnostic_freeze,https://osdr.nasa.gov/geode-py/ws/studies/OSD-120/download?source=datamanager&file=GLDS-120_rna_seq_processed_md5sum_GLbulkRNAseq.tsv,v9/multispecies/source_checksum_audit.draft.csv
osd120_diagnostic_payload_freeze,draft_osd120_arabidopsis_root_light_interaction_spaceflight,OSD-120,GLDS-120,Atha_Col-0_root_GC_dark_Rep3_GSM2493770_Day13_GLbulkRNAseq_Aligned.sortedByCoord_sorted.out.bam,md5,04e6fe6fc196c4e23a5fae970e257c51,,False,,,osdr_processed_payload_not_required_for_diagnostic,out_of_scope_processed_payload,out_of_scope_not_downloaded,do_not_download_for_current_diagnostic_freeze,https://osdr.nasa.gov/geode-py/ws/studies/OSD-120/download?source=datamanager&file=GLDS-120_rna_seq_processed_md5sum_GLbulkRNAseq.tsv,v9/multispecies/source_checksum_audit.draft.csv
osd120_diagnostic_payload_freeze,draft_osd120_arabidopsis_root_light_interaction_spaceflight,OSD-120,GLDS-120,Atha_Col-0_root_GC_dark_Rep3_GSM2493770_Day13_GLbulkRNAseq_SJ.out.tab,md5,d8c5cfbae1f74c233ebecd352c14ea67,,False,,,osdr_processed_payload_not_required_for_diagnostic,out_of_scope_processed_payload,out_of_scope_not_downloaded,do_not_download_for_current_diagnostic_freeze,https://osdr.nasa.gov/geode-py/ws/studies/OSD-120/download?source=datamanager&file=GLDS-120_rna_seq_processed_md5sum_GLbulkRNAseq.tsv,v9/multispecies/source_checksum_audit.draft.csv
osd120_diagnostic_payload_freeze,draft_osd120_arabidopsis_root_light_interaction_spaceflight,OSD-120,GLDS-120,Atha_Col-0_root_GC_dark_Rep3_GSM2493770_Day13_GLbulkRNAseq_Aligned.toTranscriptome.out.bam,md5,da1da5314b8496720586b16e946eb431,,False,,,osdr_processed_payload_not_required_for_diagnostic,out_of_scope_processed_payload,out_of_scope_not_downloaded,do_not_download_for_current_diagnostic_freeze,https://osdr.nasa.gov/geode-py/ws/studies/OSD-120/download?source=datamanager&file=GLDS-120_rna_seq_processed_md5sum_GLbulkRNAseq.tsv,v9/multispecies/source_checksum_audit.draft.csv
osd120_diagnostic_payload_freeze,draft_osd120_arabidopsis_root_light_interaction_spaceflight,OSD-120,GLDS-120,Atha_Col-0_root_GC_dark_Rep3_GSM2493770_Day13_GLbulkRNAseq_R2_unmapped.fastq.gz,md5,f01d10397c0f40ff5fa48d11fe385087,,False,,,osdr_processed_payload_not_required_for_diagnostic,out_of_scope_processed_payload,out_of_scope_not_downloaded,do_not_download_for_current_diagnostic_freeze,https://osdr.nasa.gov/geode-py/ws/studies/OSD-120/download?source=datamanager&file=GLDS-120_rna_seq_processed_md5sum_GLbulkRNAseq.tsv,v9/multispecies/source_checksum_audit.draft.csv
osd120_diagnostic_payload_freeze,draft_osd120_arabidopsis_root_light_interaction_spaceflight,OSD-120,GLDS-120,Atha_Col-0_root_GC_dark_Rep3_GSM2493770_Day13_GLbulkRNAseq_Aligned.sortedByCoord_sorted.out.bam.bai,md5,a37e4018f061c3857ece613bdd49d2a6,,False,,,osdr_processed_payload_not_required_for_diagnostic,out_of_scope_processed_payload,out_of_scope_not_downloaded,do_not_download_for_current_diagnostic_freeze,https://osdr.nasa.gov/geode-py/ws/studies/OSD-120/download?source=datamanager&file=GLDS-120_rna_seq_processed_md5sum_GLbulkRNAseq.tsv,v9/multispecies/source_checksum_audit.draft.csv
osd120_diagnostic_payload_freeze,draft_osd120_arabidopsis_root_light_interaction_spaceflight,OSD-120,GLDS-120,Atha_Col-0_root_GC_Alight_Rep2_GSM2493760_Day13_GLbulkRNAseq_Aligned.toTranscriptome.out.bam,md5,cb4f3f6b0668c3ad4ec35bbdaa8b1251,,False,,,osdr_processed_payload_not_required_for_diagnostic,out_of_scope_processed_payload,out_of_scope_not_downloaded,do_not_download_for_current_diagnostic_freeze,https://osdr.nasa.gov/geode-py/ws/studies/OSD-120/download?source=datamanager&file=GLDS-120_rna_seq_processed_md5sum_GLbulkRNAseq.tsv,v9/multispecies/source_checksum_audit.draft.csv
osd120_diagnostic_payload_freeze,draft_osd120_arabidopsis_root_light_interaction_spaceflight,OSD-120,GLDS-120,Atha_Col-0_root_GC_Alight_Rep2_GSM2493760_Day13_GLbulkRNAseq_R2_unmapped.fastq.gz,md5,3e9bf463a04672ac3db17e627c28989f,,False,,,osdr_processed_payload_not_required_for_diagnostic,out_of_scope_processed_payload,out_of_scope_not_downloaded,do_not_download_for_current_diagnostic_freeze,https://osdr.nasa.gov/geode-py/ws/studies/OSD-120/download?source=datamanager&file=GLDS-120_rna_seq_processed_md5sum_GLbulkRNAseq.tsv,v9/multispecies/source_checksum_audit.draft.csv
osd120_diagnostic_payload_freeze,draft_osd120_arabidopsis_root_light_interaction_spaceflight,OSD-120,GLDS-120,Atha_Col-0_root_GC_Alight_Rep2_GSM2493760_Day13_GLbulkRNAseq_Log.final.out,md5,5084baa1ba2ef629ec495b2d8b3f1490,,False,,,osdr_processed_payload_not_required_for_diagnostic,out_of_scope_processed_payload,out_of_scope_not_downloaded,do_not_download_for_current_diagnostic_freeze,https://osdr.nasa.gov/geode-py/ws/studies/OSD-120/download?source=datamanager&file=GLDS-120_rna_seq_processed_md5sum_GLbulkRNAseq.tsv,v9/multispecies/source_checksum_audit.draft.csv
osd120_diagnostic_payload_freeze,draft_osd120_arabidopsis_root_light_interaction_spaceflight,OSD-120,GLDS-120,Atha_Col-0_root_GC_Alight_Rep2_GSM2493760_Day13_GLbulkRNAseq_Aligned.sortedByCoord_sorted.out.bam.bai,md5,38964f8c87528e13661d4100722fce09,,False,,,osdr_processed_payload_not_required_for_diagnostic,out_of_scope_processed_payload,out_of_scope_not_downloaded,do_not_download_for_current_diagnostic_freeze,https://osdr.nasa.gov/geode-py/ws/studies/OSD-120/download?source=datamanager&file=GLDS-120_rna_seq_processed_md5sum_GLbulkRNAseq.tsv,v9/multispecies/source_checksum_audit.draft.csv
osd120_diagnostic_payload_freeze,draft_osd120_arabidopsis_root_light_interaction_spaceflight,OSD-120,GLDS-120,Atha_Col-0_root_GC_Alight_Rep2_GSM2493760_Day13_GLbulkRNAseq_R1_unmapped.fastq.gz,md5,ba5b6f6baf370ab9a88fe611c78efbee,,False,,,osdr_processed_payload_not_required_for_diagnostic,out_of_scope_processed_payload,out_of_scope_not_downloaded,do_not_download_for_current_diagnostic_freeze,https://osdr.nasa.gov/geode-py/ws/studies/OSD-120/download?source=datamanager&file=GLDS-120_rna_seq_processed_md5sum_GLbulkRNAseq.tsv,v9/multispecies/source_checksum_audit.draft.csv
osd120_diagnostic_payload_freeze,draft_osd120_arabidopsis_root_light_interaction_spaceflight,OSD-120,GLDS-120,Atha_Col-0_root_GC_Alight_Rep2_GSM2493760_Day13_GLbulkRNAseq_Aligned.sortedByCoord_sorted.out.bam,md5,3b044049a19da44df50f773dadb4350d,,False,,,osdr_processed_payload_not_required_for_diagnostic,out_of_scope_processed_payload,out_of_scope_not_downloaded,do_not_download_for_current_diagnostic_freeze,https://osdr.nasa.gov/geode-py/ws/studies/OSD-120/download?source=datamanager&file=GLDS-120_rna_seq_processed_md5sum_GLbulkRNAseq.tsv,v9/multispecies/source_checksum_audit.draft.csv
osd120_diagnostic_payload_freeze,draft_osd120_arabidopsis_root_light_interaction_spaceflight,OSD-120,GLDS-120,Atha_Col-0_root_GC_Alight_Rep2_GSM2493760_Day13_GLbulkRNAseq_SJ.out.tab,md5,eb3277e0b87541b45054e477ef30184a,,False,,,osdr_processed_payload_not_required_for_diagnostic,out_of_scope_processed_payload,out_of_scope_not_downloaded,do_not_download_for_current_diagnostic_freeze,https://osdr.nasa.gov/geode-py/ws/studies/OSD-120/download?source=datamanager&file=GLDS-120_rna_seq_processed_md5sum_GLbulkRNAseq.tsv,v9/multispecies/source_checksum_audit.draft.csv
osd120_diagnostic_payload_freeze,draft_osd120_arabidopsis_root_light_interaction_spaceflight,OSD-120,GLDS-120,Atha_Ws_root_GC_dark_Rep1_GSM2493771_Day13_GLbulkRNAseq_Aligned.sortedByCoord_sorted.out.bam.bai,md5,d69f945e02cf209716e9f3ced28a7507,,False,,,osdr_processed_payload_not_required_for_diagnostic,out_of_scope_processed_payload,out_of_scope_not_downloaded,do_not_download_for_current_diagnostic_freeze,https://osdr.nasa.gov/geode-py/ws/studies/OSD-120/download?source=datamanager&file=GLDS-120_rna_seq_processed_md5sum_GLbulkRNAseq.tsv,v9/multispecies/source_checksum_audit.draft.csv
osd120_diagnostic_payload_freeze,draft_osd120_arabidopsis_root_light_interaction_spaceflight,OSD-120,GLDS-120,Atha_Ws_root_GC_dark_Rep1_GSM2493771_Day13_GLbulkRNAseq_R1_unmapped.fastq.gz,md5,7eec15c0288d0a152ec1887d6d8fbb29,,False,,,osdr_processed_payload_not_required_for_diagnostic,out_of_scope_processed_payload,out_of_scope_not_downloaded,do_not_download_for_current_diagnostic_freeze,https://osdr.nasa.gov/geode-py/ws/studies/OSD-120/download?source=datamanager&file=GLDS-120_rna_seq_processed_md5sum_GLbulkRNAseq.tsv,v9/multispecies/source_checksum_audit.draft.csv
osd120_diagnostic_payload_freeze,draft_osd120_arabidopsis_root_light_interaction_spaceflight,OSD-120,GLDS-120,Atha_Ws_root_GC_dark_Rep1_GSM2493771_Day13_GLbulkRNAseq_Aligned.sortedByCoord_sorted.out.bam,md5,d98a242436b76c6dbacc89b003687866,,False,,,osdr_processed_payload_not_required_for_diagnostic,out_of_scope_processed_payload,out_of_scope_not_downloaded,do_not_download_for_current_diagnostic_freeze,https://osdr.nasa.gov/geode-py/ws/studies/OSD-120/download?source=datamanager&file=GLDS-120_rna_seq_processed_md5sum_GLbulkRNAseq.tsv,v9/multispecies/source_checksum_audit.draft.csv
osd120_diagnostic_payload_freeze,draft_osd120_arabidopsis_root_light_interaction_spaceflight,OSD-120,GLDS-120,Atha_Ws_root_GC_dark_Rep1_GSM2493771_Day13_GLbulkRNAseq_R2_unmapped.fastq.gz,md5,5e20dd0414e79096a844c7257951b15e,,False,,,osdr_processed_payload_not_required_for_diagnostic,out_of_scope_processed_payload,out_of_scope_not_downloaded,do_not_download_for_current_diagnostic_freeze,https://osdr.nasa.gov/geode-py/ws/studies/OSD-120/download?source=datamanager&file=GLDS-120_rna_seq_processed_md5sum_GLbulkRNAseq.tsv,v9/multispecies/source_checksum_audit.draft.csv
osd120_diagnostic_payload_freeze,draft_osd120_arabidopsis_root_light_interaction_spaceflight,OSD-120,GLDS-120,Atha_Ws_root_GC_dark_Rep1_GSM2493771_Day13_GLbulkRNAseq_Aligned.toTranscriptome.out.bam,md5,ac3131ac9c07728a8094c96bcf2fcccf,,False,,,osdr_processed_payload_not_required_for_diagnostic,out_of_scope_processed_payload,out_of_scope_not_downloaded,do_not_download_for_current_diagnostic_freeze,https://osdr.nasa.gov/geode-py/ws/studies/OSD-120/download?source=datamanager&file=GLDS-120_rna_seq_processed_md5sum_GLbulkRNAseq.tsv,v9/multispecies/source_checksum_audit.draft.csv
osd120_diagnostic_payload_freeze,draft_osd120_arabidopsis_root_light_interaction_spaceflight,OSD-120,GLDS-120,Atha_Ws_root_GC_dark_Rep1_GSM2493771_Day13_GLbulkRNAseq_Log.final.out,md5,692a4b8ab14ad1fedc890d148c2bbff5,,False,,,osdr_processed_payload_not_required_for_diagnostic,out_of_scope_processed_payload,out_of_scope_not_downloaded,do_not_download_for_current_diagnostic_freeze,https://osdr.nasa.gov/geode-py/ws/studies/OSD-120/download?source=datamanager&file=GLDS-120_rna_seq_processed_md5sum_GLbulkRNAseq.tsv,v9/multispecies/source_checksum_audit.draft.csv
osd120_diagnostic_payload_freeze,draft_osd120_arabidopsis_root_light_interaction_spaceflight,OSD-120,GLDS-120,Atha_Ws_root_GC_dark_Rep1_GSM2493771_Day13_GLbulkRNAseq_SJ.out.tab,md5,7b5f556afc8b5b95d6c90f7022c2e8f9,,False,,,osdr_processed_payload_not_required_for_diagnostic,out_of_scope_processed_payload,out_of_scope_not_downloaded,do_not_download_for_current_diagnostic_freeze,https://osdr.nasa.gov/geode-py/ws/studies/OSD-120/download?source=datamanager&file=GLDS-120_rna_seq_processed_md5sum_GLbulkRNAseq.tsv,v9/multispecies/source_checksum_audit.draft.csv
osd120_diagnostic_payload_freeze,draft_osd120_arabidopsis_root_light_interaction_spaceflight,OSD-120,GLDS-120,processing_info_GLbulkRNAseq.zip,md5,5a8e5dc7ed4b2ea807bf5de3c14d14ae,,False,,,osdr_processed_payload_not_required_for_diagnostic,out_of_scope_processed_payload,out_of_scope_not_downloaded,do_not_download_for_current_diagnostic_freeze,https://osdr.nasa.gov/geode-py/ws/studies/OSD-120/download?source=datamanager&file=GLDS-120_rna_seq_processed_md5sum_GLbulkRNAseq.tsv,v9/multispecies/source_checksum_audit.draft.csv
