gene,mean_z,n
CTRC,5.558100410254848,2
TRY4,4.093055814306042,3
BMAL1,3.1144752787766463,3
TARS1,2.1431216444497045,3
CDKN1A,2.0922077083229453,7
AHSP,2.028757265471202,2
STRIT1,2.022853978992222,2
GM34911,2.013267936462435,3
RNF144B,2.0039162657873657,7
MICAL2,1.93598809704337,7
TIMP4,1.9242349977462152,5
NEDD4L,1.8978175789222387,7
RLIG1,1.869416509873881,3
ACNAT2,1.8589161837414305,7
LARS2,1.851412415833938,7
NLGN4L,1.84626499968788,3
AARS1,1.7908443051650957,3
SMCO1,1.788477211347798,4
ALX1,1.766544995307533,2
NPAS2,1.7591266985314125,7
SIX1,1.7164551989388293,4
GM36041,1.7028957971409664,3
DNMT3B,1.6833495365254951,7
LONRF3,1.6592124406185906,7
CLOCK,1.6581168989157862,7
DUSP29,1.653089883867881,3
VGLL2,1.6195301064296477,3
TREH,1.594089805937135,7
GCLC,1.5875962209264842,7
SLC45A3,1.5853692588529236,7
NFIL3,1.5841985832993493,7
LEO1,1.5815621888112346,7
ASAP2,1.581173978311762,7
SDR9C7,1.575977463734501,7
MIR6240,1.5689374464343817,2
SMTNL1,1.563077658639799,5
DENND2B,1.5559331205101519,3
ASB18,1.5438022369367466,4
HSPB3,1.5408042589028665,3
BTNL12,1.5317656459919256,3
ST8SIA5,1.521383299444838,4
TUBB2A,1.5213357487240111,7
MIR6236,1.4974055750847741,6
CUZD1,1.4961933596489727,3
TECRL,1.493649966933311,3
TRIM2,1.4884418604868979,7
PSMD1,1.4873728643457933,7
CLPX,1.4870077237261774,7
MDM2,1.4793470734494336,7
ARNTL,1.4770576948836744,4
DDC,1.4612485351424809,7
DTX4,1.455180854850534,7
APBB2,1.450438645088496,7
PPP1R3B,1.445749292325141,7
GM7798,1.440268011442434,5
AOX1,1.4388573944167917,7
KDM2B,1.4381573835786838,7
PSMD11,1.437399025747208,7
NHSL1,1.433477435613263,7
TAB2,1.4257922975648474,7
GSR,1.4251625771307401,7
TRP53BP1,1.4215999745030448,7
CHKA,1.4214586747469913,7
DUSP26,1.4166488592406252,4
GM2436,1.4136524589600274,3
LGALSL,1.4085987067044388,7
GM7969,1.4061673052612311,4
IDE,1.404115010150988,7
RAD23B,1.401328181910088,7
SPG20,1.39185054381139,4
NEU3,1.3818547600458555,7
TUBB4B,1.3773021720729468,7
UGDH,1.3722287119175987,7
UBQLN1,1.370871520230042,7
OLFR1034,1.3670390503712537,3
BPTF,1.3663556443518206,7
PRSS2,1.3456324683698238,3
DNAJC21,1.3455387113382618,7
NEK4,1.34195171589705,7
4921539E11RIK,1.3388393207094518,3
ZDBF2,1.335384087457706,6
MCU,1.3281308145982824,7
LRRFIP2,1.3277998743831154,7
TUBA3A,1.3181759423144317,3
DDIT4,1.3147395629141667,7
GM31508,1.3139496544238758,7
LOXL4,1.3139079692927658,7
STON2,1.3131391084345057,7
MAP7,1.3092965761627664,7
ABLIM3,1.3080547039588184,7
NRIP1,1.302172942236443,7
CYP26B1,1.3016230057714167,7
GRK5,1.2943422987371067,7
PPFIA1,1.2918076794906828,7
PPARD|1810013A23RIK,1.288232627634451,6
CMAH,1.285293905450816,7
SARS1,1.2778573348914757,3
NET1,1.2766639381228901,7
PEG3,1.2750727177613794,7
RUSC2,1.2713294866970097,7
MYH4,1.2680016029611794,6
SIPA1L1,1.2668226130937985,7
PRKAR2A,1.265783118197554,7
ATP2B2,1.264239590734504,7
4930515L19RIK,1.2636159473943764,2
ANKRD23,1.260067322516582,7
MAST4,1.2541364449217909,7
PSMC4,1.251790264984018,7
GM30842,1.2505190685029801,3
PPIP5K2,1.2487959240236743,7
SLC34A2,1.2471101012433565,7
SNORD3B1,1.245505964082674,3
CELA3B,1.2444033415686528,3
GM30948,1.2432274404286474,2
SDF2L1,1.2428700550091105,7
SRXN1,1.2410946348143135,7
GM3625,1.238081748731538,3
ITSN1,1.2370397436758123,7
SPART,1.2353950328390626,3
UBXN4,1.2344617684249408,7
FAM166B,1.2343338018401406,4
GCK,1.229847575237327,7
GON4L,1.2270254738372794,7
SNORD3B3,1.2249502733389528,3
LNX2,1.2241874796572514,7
TMEM182,1.223525490899022,6
ZBTB21,1.2219310878123262,7
CARS1,1.221831969452153,3
SNTB1,1.2215295703583908,7
ERC1,1.2197903210343135,7
TEAD1,1.2195017754778184,7
OLFR986,1.2189025744343858,2
CYP39A1,1.2166136234873484,7
RAD54L2,1.2154378992844994,7
MRTFB,1.2148877925182957,7
BC024978,1.2136528658159775,4
POC5,1.2116811207601406,7
TUBA4A,1.2111096394787142,7
OTUD7B,1.2069649672353577,7
ZRANB2,1.2064674411476963,7
GM25848,1.2037502694513647,5
NAV2,1.2019708241452853,7
KPNB1,1.1998068841493352,7
IL22RA1,1.199102185610045,7
TXNRD1,1.1989737993290657,7
ZFP267,1.1989692333237767,7
CYP26A1,1.1988717904579365,7
FYB2,1.1983063172349973,7
DPP9,1.197871748377023,7
EVI5,1.193816896405506,7
KATNAL1,1.1929717704912473,7
AQR,1.1909263358484083,7
OLFR1033,1.1889757034150226,3
PNRC1,1.1886092662227958,7
FRYL,1.1861724918471315,7
USP53,1.1784483320708343,7
IRGQ,1.172572315437568,7
NARS,1.1683768585103886,4
DYNLL2,1.168184157995759,7
TCF4,1.1679972482403778,7
AFG2A,1.1654406728395281,3
HNRNPA3,1.164755048463492,7
BLTP1,1.1640005772616702,3
KDM3B,1.1622879066675516,7
E130310I04RIK,1.1599219328912322,6
GM5678,1.1592039546342787,2
KCTD3,1.1575138845930513,7
MYEF2,1.1544862117355803,7
CAPRIN1,1.152928382082297,7
INHBA,1.1524624428144263,7
ESF1,1.1520386879560254,7
SNORD3B2,1.1518755750759195,3
ND5,1.1507977878852174,7
MAGI1|4930511A08RIK,1.1507655119953073,6
DCUN1D3,1.1477521705384337,7
TFRC,1.1461740555265556,7
MID1,1.1440795615275723,7
HIPK2,1.1437999453973595,7
LARP4B,1.1434178846313916,7
CELSR1,1.1400371073118296,7
CTCF,1.1397652368603886,7
TMCC1,1.1391924941776799,7
PTK2,1.138796877755499,7
VTI1A,1.1387881978324752,7
CAMKK2,1.1351954146665524,7
ANKRD11,1.1351948658050375,7
GABPB2,1.132040159304419,7
WDR66,1.1318774413200894,4
NCOR1,1.1306624995713919,7
TUBA1C,1.1296480201827614,7
TJP2,1.129461794939127,7
ADRM1,1.1258954655024593,7
OLFR1307,1.125210129706323,4
THADA,1.1233842530080722,7
BICD1,1.123375642848225,7
NAA25,1.1217306880650357,7
UBR2,1.1209469859735632,7
ICE1,1.1197008492779061,7
TUBA8,1.1186651078043133,7
PRKCI,1.117893398985227,7
HK1OS,1.1158545475082335,2
ST3GAL1,1.113923771270101,7
NUPL1,1.113031342908959,4
LIG3,1.1125310291516115,7
IRF2BP2,1.1117565648596324,7
SMG5,1.1116857264341813,7
FAM133B,1.1105858418827306,7
5830408C22RIK,1.110057689312488,4
TFCP2,1.1097050164720776,7
AHCTF1,1.106096141399218,7
NRDC,1.1059061513349127,3
NDRG1,1.1012463843916889,7
SLC30A10,1.096445440806934,7
ACIN1,1.0957341285913342,7
8030462N17RIK,1.095692290743147,4
IGHV1-77,1.0949883286045208,2
CYP4A14,1.0938150214500044,7
BAIAP2,1.0928584089837836,7
OXCT2B,1.0911436868925766,4
ASB13,1.0908196958139815,7
6430590A07RIK,1.087902743935089,6
PLAA,1.0865167994726501,7
PTPN21,1.0861407537117374,7
SRPRA,1.085624613220516,3
AFF1,1.085484710062817,7
FER1L5,1.0854034576881768,3
ACBD3,1.0832963644527376,7
TRAF6,1.08250928264972,7
MYL1,1.0823603893635514,6
SORBS2,1.0813929420153259,7
UNKL,1.0809523238658418,7
MSH3,1.0807000014296677,7
CMTR1,1.0806677696729554,7
GCA,1.080498958422063,7
PATJ,1.0800150997098947,7
TBC1D5,1.07727274109927,7
MAST2,1.0772579535427256,7
SMARCA4,1.0760750070617848,7
C130080G10RIK,1.0759503093368543,4
GM6335,1.0755437654185556,3
GM34235,1.0750875890228258,3
KIF5B,1.0741427337313132,7
GM16077,1.0736768968396586,5
SRR,1.0720967702662478,7
RAB11FIP4,1.0719677205772045,7
DHX16,1.0711521714945882,7
TGFB2,1.0703029528866128,7
GM10138,1.0693154189932859,3
AVPR1A,1.0687721370148933,7
RALGAPB,1.0685815613085936,7
MTHFR,1.0684870692435282,7
PTER,1.068169654740619,7
HP,1.0671834966047948,7
NRF1,1.0670640819755859,7
TBCK,1.0665669257209553,7
N4BP1,1.0664126692278477,7
ISY1,1.064431800629099,7
AGAP1,1.063852894774049,7
NOS1AP,1.0595966675790005,7
GM8016,1.0590210398347981,4
TSIX,1.0589991522546944,6
CASP8AP2,1.05858537235475,7
HCFC1,1.057815954401581,7
RFX4,1.0574018534847434,7
IGSF11,1.0565564962493756,7
WASF2,1.0550943891250517,7
ATP2A1,1.0548576747082798,6
HERC1,1.053215385150384,7
MAPRE3,1.0531687993369625,7
ELL2,1.052741713211878,7
SLC35E3,1.0526860459854082,7
4933404K13RIK,1.0523383691135508,3
LIN54,1.052221989914453,4
HOXB9,1.0518059945963458,3
DCLRE1B,1.0496398616786666,7
ATP8,1.0490170809885961,7
SH3PXD2A,1.046010698881121,7
TAF3,1.0455740387007861,7
SHLD2,1.0448216763713538,7
A,1.0439895324871122,4
TTN,1.0436733579977602,6
SLC41A2,1.043608847391836,7
ZBTB24,1.0435501954025983,7
ATAD2B,1.0435005038926422,7
COG8,1.0417057183452587,7
NSF,1.0413036716738686,7
BRWD3,1.0412455637301312,7
PTPN9,1.0400475635829496,7
XIRP2|GM1322,1.0393430338744147,5
ZFHX4,1.038881668566648,7
ABL2,1.0386489708791855,7
DMXL2,1.038361974746022,7
DHX29,1.0364303647051565,7
CEP162,1.0364125529786354,7
SEPHS1,1.0354989011974605,7
FREM2,1.0354741475477582,6
CDC73,1.0350988361502795,7
THOC2L,1.0349197734066844,7
GMEB1,1.0344231194086446,7
PSMD7,1.0329487869407696,7
RALGPS2,1.032601926924499,7
RECQL,1.0325084135551705,7
ZGRF1,1.0321897330131016,7
CRY1,1.0318850740916548,7
CCDC186,1.0317776159719496,7
GRIPAP1,1.0317384352320398,7
QNG1,1.0315260611224735,3
NAPEPLD,1.0310834807528568,7
OLFR78,1.0307132159140366,3
GM8494,1.02665240728758,6
WWC1,1.026069178144575,7
RBM28,1.0258070404596398,7
GPATCH1,1.0257168978411395,7
MREG,1.025006749845437,7
PSMD2,1.024966937077091,7
KIF13B,1.0242283843633853,7
ACTB,1.023299143829936,7
LBP,1.0223425315934878,7
ZFP507,1.0223367228501496,7
FGD6,1.0223252556378526,7
MARK3,1.0220738802819913,7
SHROOM3,1.021986238754013,7
SECISBP2,1.0209563357585145,7
UBE2G2,1.0198130182530798,7
FAM135A,1.0194350153226501,7
TTC37,1.0182787593386606,4
DDX17,1.0174281303920583,7
PRDM10,1.0172875765035723,7
PDE12,1.0165807593978138,7
RIN3,1.0162410882877617,7
CYP2C54,1.0154384293264396,7
FAM131C,1.0140929649883372,7
FAM199X,1.0136423507934094,7
TFG,1.0121708609554296,7
MYH7,1.012010725595647,6
TRAV8D-1,1.0099787652127654,2
NKIRAS1,1.0095569119782473,7
CYP2B10,1.0079658057580643,7
HELZ,1.0076489992197064,7
FAM107A,1.0067699882601164,7
TADA2A,1.0058198492077002,7
CCSER2,1.0044210762061945,7
CRTC3,1.0043019432712659,7
ZFP407,1.0040615642543567,7
BABAM2,1.000970784605841,7
GADD45G,0.9994733341351908,7
NFIC,0.9983477685205636,7
TTPAL,0.9979145650322644,7
VMN1R13,0.9962618807457065,2
4932438A13RIK,0.9954693938759241,4
DDX1,0.9952325537865613,7
ITPK1,0.9946744944896153,7
ZFP264,0.993270163277081,5
LSG1,0.9931865045957702,7
PID1,0.9929753749343478,7
BLCAP,0.9924295415920489,7
TPGS2,0.9911684221163016,7
JUN,0.9905757811047876,7
MPHOSPH8,0.9903268711918681,7
PROSER2,0.989843945259559,7
PHF20L1,0.9893068890439697,7
DHRS9,0.9889522139593249,7
3110009F21RIK,0.9882862995765221,6
ZSCAN20,0.9853054878280122,7
ITPR1,0.9838699203904667,7
NCBP3,0.9837649251799376,7
KRAS,0.9834780718978097,7
EIF4G3,0.9831675511354817,7
DIAPH1,0.9829083333498898,7
RBMS3,0.9827615051274304,7
OCRL,0.9826413738704052,7
IKZF5,0.9817467850904809,7
CDC27,0.980481511239908,7
CCDC174,0.9802117152696158,7
PML,0.9795308979712652,7
AFDN,0.9789693056578785,7
ABTB2,0.9785792760778201,7
BRD2,0.9785240748664982,7
IKBKG,0.9779606555519639,7
PCBP1,0.9773648549366448,7
NABP1,0.9763859588999173,7
HELQ,0.9755999522267087,7
ERCC4,0.9755382593926866,7
PPIHL,0.9751328327949083,2
TMEM250,0.9748853104428797,3
SH3D19,0.9747814959229134,7
SKIL,0.9744385952827789,7
MAP3K13,0.9741159639425269,7
4933431E20RIK,0.9735843567665794,7
GOLGA4,0.9734404321774636,7
OSBPL11,0.9731385748209732,7
SZT2,0.9730644461661281,7
TECPR2,0.9716088237396553,7
CALD1,0.9699410698573061,7
MYPN,0.9675244083129286,7
TRIP4,0.9671150055276908,7
CREBBP,0.9661208589441559,7
MYH15,0.96573614783992,3
DOCK1,0.9657327400850215,7
TACC2,0.9654664468597508,7
SMCR8,0.9640806242154023,7
RAI14,0.9640326486903181,7
NFIA,0.9625970369949195,7
GM7370,0.9616999558939086,4
MAP3K7,0.9608418065153179,7
DSCAM,0.9586879433162491,5
FMR1,0.9584100440129928,7
ARHGEF5,0.9580662461837209,7
NKTR,0.957010147182334,7
PARG,0.9568364788401469,7
ARHGEF18,0.9559922432352101,7
LRRC15,0.955966832505484,5
RBFOX2,0.9555022763010637,7
FLYWCH1,0.9549508442607207,7
INHBC,0.9542974759373172,7
GM13408,0.9541135381055866,6
PSME3,0.9528850527005438,7
PABIR1,0.9526650079832484,3
GM12097,0.952122461477094,6
DPH6,0.9510465542120675,7
YWHAZ,0.9509731085435646,7
MICU1,0.9501856731703817,7
RTN4RL1,0.9499947733309514,7
PVALB,0.9495708848285463,6
TRIP11,0.9495207391162659,7
UBE2K,0.9493777040965723,7
ARHGEF11,0.9493198303265249,7
SH3RF2,0.9466595618845592,6
EWSR1,0.9466182055872914,7
TMC7,0.9464516403378804,7
CCNF,0.9458026895488582,7
PSMC5,0.9455551735960241,7
KLC2,0.9453049201018314,7
CPEB2,0.9442948397715043,7
GM7324,0.9442782116163402,3
WARS,0.9440685898781699,4
HSPA14|GM45902,0.9437121081547236,3
FAM13B,0.9434622783602554,7
PHOSPHO1,0.9433120425424325,7
SMARCD1,0.942133800444498,7
SHROOM2,0.9414452390552185,7
PELI1,0.9411429522062476,7
TTF2,0.940617311343959,7
A1CF,0.9401140476017085,7
KCNC3,0.9396338951523832,7
BTAF1,0.939078639549087,7
PRPF3,0.9385606763863257,7
PDE9A,0.9380185050345783,7
OPA3,0.9373462219962405,7
FAM184A,0.9361320885822612,7
COL26A1,0.9356450756190807,3
MYO1E,0.9355786357787984,7
ZFHX3,0.9354850278780972,7
DCAF5,0.9343784292016907,7
FAM168A,0.9337085227171811,7
EFR3A,0.933509175498803,7
PLPPR1,0.9327535472449284,6
EIF2AK2,0.9326498522512414,7
PHF14,0.9316553497016038,7
NOS1,0.9309703064523004,6
PLEKHH1,0.9304621456380229,7
NCOA5,0.9303212307458812,7
TJP3,0.9303095538091094,7
MICAL3,0.9299454082487042,7
STXBP4,0.9296905821486613,7
DAPK1,0.9271255757955149,7
LAD1,0.926597033260701,7
LARP1,0.9258259001207015,7
ALS2CL,0.9256717708850114,7
USP7,0.9253744550446593,7
TGFBRAP1,0.924984366548246,7
GM7694,0.9235670934681777,7
DUSP1,0.9232098735676141,7
CC2D1A,0.9228316953818362,7
UTP6,0.9217606306079492,7
ADAMTS3,0.921682548514105,7
TDRD3,0.920510041720266,7
WDR35,0.9188121907176221,7
TARDBP,0.918358887620405,7
PHC3,0.9179591167417894,7
CYP2C38,0.9175541460120311,7
4930570G19RIK,0.917426879082433,3
4930596I21RIK,0.9173845658145069,5
CEP135,0.9172651489705143,7
ZFHX2,0.917216991306618,7
FMO5,0.9168010056684762,7
CC2D1B,0.9160555648113267,7
PALLD,0.9157697796454741,7
USP25,0.9157118130449585,7
GM6330,0.9156639559438563,5
YPEL2,0.9145062920402979,7
GM21451,0.9142239089419353,3
KLHL30,0.9133080402484008,5
UFD1,0.9124171549807822,7
ABLIM1,0.9120513441811503,7
SLC49A3,0.9120475057399484,3
FOXO1,0.9118461490482145,7
MLH1,0.9113799739157665,7
ADAP2,0.9103079256520016,7
MYO1B,0.9098887388770761,7
TRP53INP1,0.9097202277226424,7
SPECC1L,0.9093296270191024,7
RCCD1,0.9086900389612654,7
WDR7,0.90816010108467,7
CEP85L,0.9081300513888684,7
TADA2B,0.9079889342606042,7
SPTA1,0.9077287716365889,6
GM6159,0.9072588950979006,4
NARS1,0.9071770238986486,3
SCRIB,0.9070116379397434,7
NAA15,0.9060742708540853,7
USP14,0.9059789562607582,7
ITGA5,0.9051201762038971,7
CLCN1,0.9050843208775564,6
MED13,0.9048942952267447,7
WDR46-PS,0.9026928189778571,6
1700001L19RIK,0.902434669555206,3
GIN1,0.9016882350468114,7
CGN,0.9012592812040962,7
PDAP1,0.9008536061271634,7
KIDINS220,0.9005008418598385,7
GM3617,0.8994527296261521,6
TANC2,0.8975202151350515,7
NAT8F3,0.8971456986811119,7
BUD23,0.8968632241148237,7
LRFN3,0.8968372440877053,7
CWC22,0.8956740679977341,7
SESTD1,0.8951197384982815,7
OLFR432,0.8945895045412499,2
PLIN5,0.894544132647117,7
MYOM3,0.8938706320467125,7
CARMIL1,0.8928138332602147,7
TGM2,0.8918582947823614,7
TRIO,0.8915065473715401,7
DESI2,0.891441886693683,7
POU2F1,0.8911923820060806,7
YWHAG,0.8910484775592332,7
KMT5A,0.8910083278538792,7
SEC31A,0.8906499645083691,7
RASSF8,0.8900457614915913,7
ANK2,0.8896905893585219,7
STXBP5,0.8884652251851219,7
CSTF2,0.8881514403540022,7
AXIN1,0.887812101743045,7
TRAF3,0.8873354309057716,7
RIOK1,0.8868852409782673,7
OBSCN,0.8867673806613682,6
GM10451,0.886727889913562,4
ATP2A2,0.8864872418135711,7
LSM14A,0.8862604832869561,7
NELFA,0.8861360117642808,7
1700034J05RIK,0.885897846199272,3
PCSK5,0.885342281979033,7
RNF20,0.8850737842740367,7
HERC2,0.8844669924172414,7
OLFR1336,0.8841947793345999,3
ZFP157,0.8838849675241167,7
REPS1,0.8832379561002975,7
KRIT1,0.8826186441500876,7
LRRC59,0.8816211593208012,7
EN2,0.8814459399677949,7
FNDC3B,0.8814299662368958,7
GM18068,0.881198404795701,5
FOXN3,0.8802850653366503,7
GYPA,0.8802534696312595,6
CWF19L2,0.8802352073130956,7
CMYA5,0.8794173647764042,6
DMRT2,0.878564867049857,7
PARP11,0.8783705138610108,7
KPNA4,0.877043165674703,7
TOP3B,0.8762903566301359,7
SEPTIN11,0.8751059398191817,7
NLK,0.8750657550907835,7
NSD3,0.8750626694021107,7
KICS2,0.8749240107853394,6
METTL16,0.8731828441176595,7
SRSF10,0.8725672086086173,7
QKI,0.8722630061425773,3
ZHX2,0.8718437289676506,7
DDHD1,0.8709926955912256,7
REXO2,0.8702682353020038,7
NBAS,0.8692166140426142,7
ZFP518B,0.8691788874417563,7
SPSB3,0.8683188942939264,7
SENP1,0.8667097479046048,7
PSMC2,0.8663590418727656,7
PLEKHA1,0.8663281692857913,7
TRP53BP2,0.8662971432210493,7
GAREM1,0.8661400822351384,7
LARP1B,0.865646380293971,7
FMO1,0.8656357736819291,7
SRCAP,0.8638088627456059,7
GTF2IRD1,0.8637364777080917,7
ANKRD17,0.8637150792059586,7
PSMD4,0.8636441806515194,7
IARS,0.8635062733939884,4
TRIM44,0.8634449700704491,7
CDC37L1,0.8634294416909155,7
ARCN1,0.8629342798267593,7
TCF12,0.862648486263058,7
GM21190,0.8617815662528607,2
LBHD1,0.8604792452256619,7
A830082N09RIK,0.8598518830830385,7
CRNKL1,0.859367536044629,7
ZBED3,0.8592430148934858,7
MTUS2,0.8587685336447263,7
CPOX,0.8586798026761803,7
SPATA5,0.8585449384338016,4
5430401H09RIK,0.8584203885887756,2
LATS1,0.8580066373926499,7
SMYD5,0.8578932848174066,7
MARS1,0.8575777525506335,7
NBEAL2,0.8572603219244603,7
CCDC9,0.8568309867331984,7
ZFP40,0.8567988989374203,7
GTF3C6,0.856705265149036,7
GALNT13,0.8565936981485783,4
GM7972,0.8558915201756613,6
CEP290,0.8558466059025115,7
TEX2,0.8555396186079082,7
CALR,0.8555284928475329,7
HNRNPA2B1,0.8554518024116662,7
MFSD4B5,0.8551595496020116,7
ZFP599,0.8550819459567173,7
GM9530,0.8547543071714264,7
GORASP2,0.8546704509480428,7
ZBTB18,0.8542077718823329,7
ADAMTS17,0.8541642317605863,6
NCKAP1,0.8524102695912434,7
ANAPC1,0.8524013407399423,7
KLHL31,0.8523054316717364,6
SPATS2,0.8518850591480341,7
TNK2,0.8512433336328227,7
ZBTB16,0.8512407568154646,7
FGF1,0.8509200392369521,7
HIRIP3,0.8507630646623519,7
EPB42,0.8506499532351643,6
FUT9,0.850235840621999,4
XIST,0.8501952715286997,6
AW822252,0.8494522798761327,6
SYNCRIP,0.8493924320245089,7
ANKRD26,0.8491607952818813,7
WDR25,0.848959684033751,7
TMIE,0.8484998401019411,7
TARS2,0.8483501146921059,7
HYCC1,0.8482262840144097,3
RBBP6,0.8473069639851133,7
TERF2,0.8470051567452356,7
ZFP1001,0.8467312337725393,3
YTHDF1,0.8466126764745302,7
TCF7L2,0.8461608698795944,7
MOCS1,0.8454561810479276,7
INTS3,0.8449619686976242,7
TCAIM,0.8443218529827394,7
SMC5,0.8442670127065747,7
FAM193A,0.8434399549852792,7
ND2,0.842532367053649,7
PARP16,0.8421509299217268,7
GPATCH3,0.8417820937083081,7
HIPK1,0.8413091353965513,7
CLCN5,0.8413000609628728,7
BAZ1A,0.841076533046908,7
FNBP1L,0.8410307574808672,7
GTF2IRD2,0.8408169151707376,7
MOCOS,0.84074545541972,7
TOP1,0.840503006138165,7
MEGF9,0.8404161089743168,7
PLCE1,0.8402995305221073,7
ADISSP,0.8398755840140445,3
TRMT5,0.8396219858126976,7
CUX1,0.8395225227488233,7
NSFL1C,0.8392584754004713,7
ITPR2,0.8391900316515859,7
DPF3,0.8390527772658036,7
ACTN3,0.83897982120252,6
GM8251,0.8384346609287131,3
USP6NL,0.838288132366223,7
NUPL2,0.8381736315828043,4
YOD1,0.8381668760105657,7
FIP1L1,0.8372710434473285,7
IGHV7-3,0.8353367139949994,4
GM7459,0.8350510133167776,3
GM11839,0.8342609673952476,7
G6PC1,0.8341948412884337,3
TRIM39,0.8341120763486705,7
ZMIZ1,0.8339990741544838,7
DDX55,0.8329289628464048,7
E2F2,0.8328796845274967,7
ZFP1009,0.8327323551136465,3
CARNS1,0.8324095206261483,7
PRPF19,0.8322679611064074,7
ATF6B,0.8321655654576353,7
SLC35D1,0.8319880527839498,7
APOA4,0.8316109804916939,7
ND4,0.8314830469993425,7
SCAF8,0.8314366791955194,7
EMSY,0.8312365380061675,7
NFAT5,0.8311873246373574,7
AMPD1,0.8307477529089294,6
ZNRF1,0.8296702595243138,7
GPATCH2,0.8293248602270076,7
RNF144A,0.8289955276546086,7
ARID5B,0.8285841018702312,7
RIC8B,0.8281603555823891,7
D630045J12RIK,0.827698895185844,7
SYNPO,0.8274933438671968,7
ARGLU1,0.8274321570462088,7
RBM15,0.8267203073535908,7
ERHRT-PS,0.8263685129230613,3
INSIG2,0.8263029170962563,7
SRGAP3,0.8262046326149275,7
KAT6B,0.8261970211158961,7
ZFP592,0.8260955104087794,7
TTC41,0.8257887124697291,7
ATXN1L,0.8250615199486111,7
ZFP839,0.825030355971551,7
SREK1,0.8248234141891679,7
CASP2,0.8242554399173168,7
PAFAH2,0.8241510449312298,7
MAP3K4,0.8241028399732434,7
GLDC,0.824053532085659,7
PROCA1,0.8238171902918401,7
ATP6V1FNB,0.8232501515350434,3
TMPRSS2,0.8230551152515165,7
BRD8,0.8228361262746404,7
DNAJB11,0.8219203207990634,7
MAP2K7,0.8214426611547332,7
SLX4IP,0.8212236899816325,7
PHF11C,0.8209877216002305,7
ZFP236,0.8203876314720272,7
ZFP74,0.8200755209524226,7
POLR3B,0.8199013890100814,7
MMP19,0.8198077651813909,7
DNAI4,0.8197056132325932,6
AARS,0.8196938207141993,4
PIKFYVE,0.8195569115364206,7
EIF4ENIF1,0.8192397898247903,7
PDS5A,0.8188413363073509,7
GM14295,0.8185128644416679,7
LIG4,0.8182988795000999,7
DMTF1,0.8182365173428151,7
RN18S|RN18S-RS5,0.8180329146100038,3
RNF10,0.8175533273896619,7
WDR83,0.8169638948794307,7
ROCK1,0.8164132358205526,7
SKIC3,0.8163560386797627,3
AP1G1,0.815917504649893,7
KRT4,0.8158941478634756,5
E2F8,0.815517236878677,7
ZFP420,0.8151939283401052,7
SFSWAP,0.8149226819639998,7
NCKAP5,0.8148379954109112,7
LASP1,0.8145713196667353,7
LHX6,0.8141941515092059,7
TMPO,0.8140840797232537,7
SGF29,0.8132074852386916,7
MIOX,0.8130080381601573,6
GAS7,0.8129703423169745,7
SETD6,0.8124608159432433,7
PDGFC,0.8123123176474579,7
CCAR1,0.8117700320470328,7
MBD5,0.8109415572606433,7
PKP4,0.8107100074579333,7
SECISBP2L,0.8106067788526173,7
RPS6KB1,0.8100328709251485,7
SELENOI,0.8100131784034277,7
MTMR4,0.8099925939948118,7
RSPH4A,0.8099276619106416,6
GM12435,0.8098035241380811,6
EIF1A,0.8096594228795401,7
ZMYND11,0.8096269093206151,7
ANP32E,0.8093684386251991,7
SRCIN1,0.809350460132686,7
NOP58,0.8091206971067063,7
APOL9B,0.8090455048010687,7
NPLOC4,0.8088911162198062,7
ADAMTS15,0.8086575197826614,7
F830016B08RIK,0.8081967009013163,7
ZFP462,0.8073455014879032,7
3110056K07RIK,0.8064686538136401,4
HDAC2,0.8064002173306609,7
EZH2,0.805981912572918,7
CDK20,0.8053985493001792,7
TBC1D24,0.8052864480108919,7
PLD1,0.8051659311015162,7
LMO4,0.8045428703595625,7
CRAT,0.8035384836138432,7
A830019L24RIK,0.8033754793511335,2
SERINC2,0.8032517378656394,7
GM20110,0.8025790926965188,2
PTX3,0.8025032383927421,5
GM16523,0.8023729291222942,6
ICA1L,0.8023225861829665,4
TBL1X,0.8022059048263281,7
SOX9,0.801672256870145,7
NAPG,0.8004233858401407,7
MCUR1,0.8004074967089816,7
TIRAP,0.800055513745281,7
COLQ|GM57482,0.7999417857352468,2
TAB3,0.7998978458296139,7
SPINDOC,0.7998567182602274,7
CDC34,0.7994283446374694,7
GLT1D1,0.799409903276377,7
NRBF2,0.7992196285395272,7
METTL1,0.7989024418709031,7
TBCB,0.7988027974541717,7
PPP6R2,0.7982755753765101,7
STAT1,0.7978639265397599,7
REDRUM,0.7974610824980315,4
PHIP,0.7973318407192813,7
9930104L06RIK,0.7971575876231088,4
CTPS,0.7965537519948875,4
PDZRN3,0.7960494462037044,7
PLCB1,0.7958780787164959,7
MSL1,0.7958778209897527,7
FKBP4,0.7958374025707293,7
RRP15,0.795066554229973,7
GGCT,0.795052436904231,7
EIF4G2,0.7941681866861684,7
INPP4A,0.7941499960505757,7
PGGT1B,0.7941487061892565,7
RPH3AL,0.7938469373604595,7
CEBPG,0.7937930583312918,7
OLFR635,0.7937851777060793,3
SUMO3,0.7933811788788496,7
KEL,0.7929765581252112,6
RABGAP1L,0.7924691961020301,7
SMIM17,0.7920957776366055,3
ZFP1,0.7916719833502596,7
LDB3,0.7916188712735066,7
LCP1,0.7916095982875376,7
LRRC14B,0.7912434926929944,7
PATL1,0.791088214692894,7
IFRD1,0.7907859632226856,7
SPEG,0.7902119202972004,7
CTR9,0.7899739239666007,7
SLTM,0.7899213401513779,7
FAM98A,0.7898271961417037,7
CCDC66,0.7896887802759442,7
DENND1A,0.7896134550433681,7
ARHGEF26,0.7895479417981954,7
NCOA1,0.7892636546157528,7
ARHGEF19,0.7891413545608896,7
ADRM1B,0.7890700409736553,3
ITFG2,0.7887582777395684,7
LUC7L,0.7887347420475667,7
D16ERTD472E,0.7881900843048752,7
WASL,0.7878157606356265,7
TMEM236,0.7876048005007078,3
LSM12,0.7875975916552929,7
OSBP,0.7873655612124358,7
IGHV1-5,0.7867933110607254,4
ERICH5,0.7866602166487844,7
SHFL,0.7866537260385587,7
GATA6,0.7860218688352536,7
LETM1,0.7856763311852847,7
NTN3,0.7855969648523836,7
AHR,0.7850396964036763,7
SLAIN2,0.7849107006484022,7
CLINT1,0.7846931620903856,7
RALA,0.7843428894670014,7
PTMA,0.7841893651699021,7
IGKV4-86,0.784035014828273,4
RNF138RT1,0.7838449383704154,2
USF3,0.7836858838042675,7
PPP2R5E,0.7836841269781196,7
LARS,0.7834736251041974,4
FOSL2,0.7833354437773785,7
EEA1,0.7831825744749203,7
DDX21,0.7830214849460229,7
RNF125,0.782928036088509,7
RCOR1,0.7824831828617524,7
USP27X,0.7823581452869837,7
PREB,0.7812131203605698,7
GM15382,0.7809910333993298,5
TNS1,0.7809815446619792,7
GNAQ,0.7806340884458924,7
USP54,0.7805844501883736,7
IGHMBP2,0.7803983184155289,7
SLIT2,0.7800628963675987,6
SRP72,0.7799219297398651,7
NPNT,0.7796878361927861,7
ZFP180,0.7784266160690135,7
LMLN,0.7772251097586451,7
ELAVL1,0.7771812890692747,7
ECPAS,0.7771650234800188,7
CIMIP3,0.777110278804896,3
PLEKHA5,0.7766535355678326,7
SERPINB9B,0.7766383274344371,6
BRMS1L,0.7764934809497289,7
1300002E11RIK,0.7764204654219083,7
CFTR,0.7761832901188883,7
CHFR,0.7757660974141969,7
SOX5,0.7752945228243807,7
GM2061,0.7752848836909685,7
IQANK1,0.7751636916475737,7
NFXL1,0.7747700795812001,7
EML4,0.7744445694451498,7
GM8334,0.7743794042650118,3
NOP56,0.7742750126406176,7
RBM38,0.7740904858661058,7
ZCWPW1,0.7740506069550638,7
CHD7,0.7740371698396029,7
SLC25A37,0.7736238876639984,7
TBC1D25,0.7736053965576911,7
PDIA3,0.7733368449787176,7
TMEM72,0.773314279200647,6
STARD13,0.7723395908007405,7
BBX,0.7723080885195843,7
NMT1,0.7717212695464386,7
ZFP282,0.771221343953572,7
CHD9,0.7710846554518079,7
AKAP13,0.770851144721889,7
ONECUT2,0.7708331298981707,7
GM13470,0.7705227914341712,2
MCM7,0.7701844948887325,7
PHF3,0.7699560948815167,7
PLCL2,0.7697566520154382,7
PRDM2,0.7690312990727516,7
ALKBH1|NRP,0.7688922638738948,6
TRIM58,0.7686654671739083,5
RPGRIP1L,0.7685295543196956,7
ANKHD1,0.7679521826648942,7
HYOU1,0.7678646494925913,7
PNPT1,0.767133728578779,7
SENP2,0.7665777894710715,7
SNX30,0.7660731210984657,7
GM7867,0.7655744687516288,2
TUBA-RS1,0.7650850516114401,6
ZFP777,0.7649724105796699,7
DNAJC3,0.7649334889951253,7
ROR1,0.7648198292306844,7
GCLM,0.7646843470604894,7
HERC6,0.764368179145941,7
ADNP,0.7641712731332736,7
GAS8,0.7641289272409344,7
SLC38A5,0.7639967485758196,5
DICER1,0.7629853205597034,7
KRT18,0.7628812706565155,7
GGA3,0.7621139463329837,7
PIK3C2G,0.7620288873716,7
RARS1,0.7617791502281716,3
GOLGA1,0.7617253002297905,7
MAP4K4,0.7616394172074485,7
CDCP1,0.761546577027361,7
MCTS2,0.7612726123370347,7
ABL1,0.7599951567611329,7
SIGMAR1,0.7596270506159156,7
DIS3L,0.7592400852040809,7
YWHAB,0.7591598826606323,7
NOXA1,0.7590176877961993,6
GM11454,0.7586039589544686,3
4930594M22RIK,0.7585606236975427,7
ECD,0.7580514629489538,7
TTC14,0.7580042248655169,7
ZFAT,0.7579168481374234,7
DHX58,0.7578445780738897,7
SQSTM1,0.7576218783555649,7
CDAN1,0.7575614909291425,7
ALDH1A1|E030003E18RIK,0.7573183819482638,6
OXTR,0.7570094070034101,4
GM17794,0.7568935107914374,2
PRPF38B,0.7567341474673274,7
ARID4A,0.7566832680329615,7
BTG1,0.7565601591954746,7
CCT3,0.7565276940882931,7
GM15908,0.7564510465115487,3
PPID,0.7563365266457404,7
ND6,0.7560901602198682,7
PDIK1L,0.7560712189356992,7
FSD2,0.755838031527461,6
LCOR,0.7554398663005465,7
MSTN,0.7551445252658804,5
TTC39A,0.7547622997983058,7
E2F6,0.7546642072988019,7
ZFP966,0.7545665263168391,6
DNAJC2,0.7543516946800496,7
SRPK1,0.7539963205887267,7
ATP2B1,0.7539125516748764,7
LEPROTL1,0.7537551431710129,7
ERC2,0.7537456324775827,7
GM8795,0.7537275255793796,4
SLITRK4,0.7528805448912685,4
MIX23,0.7525859146541118,3
TRIM3,0.752379964977096,7
PACRGL|5730480H06RIK,0.7513545766505868,6
LRRC2,0.7506057487347972,5
GM36283,0.7502982811862012,7
SLC9B1,0.750212013723602,5
NMRAL1,0.7499454445153646,7
UBE3A,0.7496659408267259,7
TSC22D2,0.7495652260410738,7
TTLL5,0.7494629229844527,7
RBAK,0.74946178373773,7
NCOA6,0.749262820279478,7
HOXAAS3|GM57749,0.749192020772863,2
MRPS27,0.7491107913831889,7
USP33,0.7490486798047146,7
SPIRE2,0.7487728182398236,6
ACSL4,0.7485158999796685,7
EIF3A,0.748030085903853,7
GABPA,0.7475362237973461,7
SRMS,0.7473655550844913,7
PDCL,0.7473497374430762,7
GM7224,0.747269217270499,3
C2CD5,0.7471705141754954,7
SGSM2,0.7470189578881428,7
RAP2C,0.7467903702260633,7
OR10J5,0.7466148235523887,2
NFATC3,0.7465813927854026,7
GM18600,0.7463082831782424,4
ZFP27,0.7461830571709946,7
LCN12,0.746159904316802,6
MTCL2,0.7460242937814914,3
KLF3,0.7459115054570614,7
SSRP1,0.7458798989432572,7
9530059O14RIK,0.745857319605832,5
SHKBP1,0.7454905623483736,7
ARHGAP24,0.7454354661335846,7
LCN2,0.7442585903639903,7
PLIN4,0.7440531733168848,7
GBF1,0.7439178261002942,7
CHD4,0.7438518997352359,7
CEP104,0.7438019503306778,7
PPFIBP2,0.7437634434837977,7
CHD8,0.7437057134189674,7
CATSPERG2,0.7436501343723368,4
USP42,0.7433474496864333,7
IRF2,0.7432142323908358,7
STAM,0.7430344702289224,7
NUTF2-PS1,0.7429595753265538,7
CBX1,0.7409921717992377,7
ATF5,0.7408900814485145,7
SSH2,0.7402614233474871,7
GM2531,0.7399400905485966,4
MYLK,0.7398690043756815,7
ZFP652,0.7398615773997632,7
RORA,0.7394378061739373,7
RBM27,0.7394341978457265,7
RPS12-PS1,0.7393343970698906,5
CLIP3,0.7393057918140072,7
LYAR,0.7387141003447936,7
RPS12-PS10,0.737993906923278,2
KEAP1,0.7379736651536144,7
VMN1R51,0.7374153308222693,2
SMARCA5-PS,0.7372261138918695,6
USP20,0.7368247196966369,7
AMT,0.7367489088242151,7
CDC42BPA,0.7366556044816547,7
ZSWIM1,0.7364770877393284,7
WDR13,0.7363890317272757,7
MATCAP2,0.7358217431730276,3
DDX49,0.7356181846779078,7
SF3B3,0.7354950706345175,7
GM5176,0.735375369385594,6
ATR,0.735370197346793,7
FANCM,0.7347192649581429,7
NUP93,0.7347160653732064,7
CAMK2G,0.7346918841728417,7
PABPN1,0.7345629022302068,3
GM11827,0.7344893908364712,7
GM10925,0.7340899762196172,4
GM9774,0.7339866404990001,4
RBBP8,0.7330727339376218,7
MALAT1,0.7323758049694108,7
ZFP746,0.7321552193297195,7
FAM172A,0.7316520577719221,4
ND1,0.7312595169883309,7
ARK2N,0.730902082798982,3
TCIM,0.7307909630605225,7
ZC3H18,0.730297626892449,7
TRP53INP2,0.7300696041656031,7
INTS10,0.729983340460987,7
ELDR,0.7296536323626487,2
PPP4R2,0.7295587407306954,7
BCL2L1,0.7294290950504577,7
ATP6,0.7290890123822014,7
GM6653,0.7290496301013837,3
TDRD7,0.7283161090354479,7
TFE3,0.7282219395850262,7
GM4939,0.7279239032307281,5
MTO1,0.7274898882500825,7
MUP5,0.7273166871497537,3
USP48,0.7268670578268907,7
IFT80,0.7266303549539586,7
HIVEP1,0.7263529362981643,7
YJU2B,0.7261271509892655,3
LRATD2,0.7260617069479977,7
AHCYL2,0.725936860594903,7
CNOT1,0.7258319360877825,7
PAK4,0.7253574794377174,7
GM5790,0.725059160762472,5
ZC3HAV1,0.7248913747151954,7
CACUL1,0.7248340051731603,7
YARS,0.7245759083651524,4
ZFP142,0.7243925424628631,7
HNRNPU,0.7242551960242515,7
HUWE1,0.7238920748908112,7
THOC2,0.7236738089973954,7
UHRF1BP1L,0.7231226467621543,4
EPC2,0.7229003431691863,7
GM2848,0.7223633636987145,2
TAMALIN,0.7219464416343243,6
GM12288,0.7219343762306999,2
ZFP579,0.7218996779333332,7
EXOSC10,0.7217929094790191,7
INO80D,0.7211751782792811,7
AI314278,0.7209880749006209,6
CCDC93,0.7203375729973435,7
ETL4,0.7202473872165257,7
PNMA1,0.7199060332126243,6
PROX2,0.7198465373703572,7
COX6B2,0.7196906264545058,7
ZFP106,0.7195092427829904,7
NVL,0.7194037301053491,7
2700038G22RIK,0.7191839262717198,7
CSPP1,0.718996358276968,7
THOC5,0.7189933714865343,7
LRCH1,0.7188266598428946,7
ATXN7L2,0.7188050278567831,7
TNRC6A,0.7188019322986111,7
METTL4-PS1,0.7186332283430753,2
RBM25,0.7179682306869833,7
CYP4A10,0.7177236293432543,7
ACNAT1,0.7175458396532406,7
TDP1,0.7175250721725729,7
PAQR9,0.7175225478641369,7
USP1,0.7172206109945526,7
PPP2R1B,0.7167464574319833,7
PLXNA2,0.7162606326127926,7
SEL1L,0.7162147558274156,7
TRIM30D,0.71620983594044,7
CCNJ,0.7160165365081573,7
CAPN15,0.7159956020740548,7
1700030C10RIK,0.7154188609230602,7
LENEP,0.7151395418487566,7
HELB,0.7150677383046874,7
KBTBD8,0.7148649714461751,7
UAP1,0.714764132019463,7
PPA1,0.714714253506944,7
SOBP,0.7145328756378609,6
PLEKHA7,0.7145021053679502,7
IMPACT,0.7141476568678434,7
ROR2,0.7140700646418949,6
PPP1R12A,0.7138576772641427,7
MSANTD7,0.7134649516109771,3
SMPD4,0.7133929990976399,7
SYNE1,0.7132465394107622,7
1700007F19RIK,0.7132280876001542,6
HTR2B,0.7125657150602014,4
NLE1,0.7123838887682049,7
WDR26,0.7121676513647988,7
4933427D14RIK|GM57849,0.7119327436259476,3
HEMGN,0.7116882897148747,6
HDGF,0.7116482723798955,7
SYPL2,0.7116244884393313,6
ARHGAP5,0.7113455613010183,7
BRCC3DC,0.7111703113452028,2
EIF2B4,0.7110905211043493,7
RBM12,0.7109932711683999,7
TLE4,0.7108050442070674,7
RPTOR,0.7103463925628627,7
DGCR8,0.7101976114204741,7
MTUS1,0.7097768043133004,7
ACSM2,0.7097238755320847,7
TSKU,0.7090946782979582,7
SVIL,0.7089267034438206,7
PUS7,0.7087762269632422,7
1700092M07RIK,0.7086977430049918,3
AFTPH,0.708384015938902,7
ARL14EP,0.7083621012137931,7
RUFY1,0.7082458990822273,7
TCHP,0.7077483468765599,7
SRSF1,0.7077127180027756,7
LTV1,0.7076863586213308,7
ARF6,0.7076427600193804,7
GPKOW,0.7076182039557771,7
ZFP454,0.707468984497695,7
ABTB3,0.7074388093017919,3
GM16270,0.7073073372644715,2
PWWP2A,0.7070508784629254,7
RAPH1,0.7067817170829837,7
TRIM54,0.7066638517414658,5
ZFP318,0.7065074396980755,7
CLIP1,0.7063762292276456,7
NEMF,0.706137366550253,7
ASH1L,0.7060234889945896,7
FAM222A,0.7057379415362532,7
RBM8A,0.7055909737150857,7
SHTN1,0.7055430125783634,7
NPEPPS,0.705488631308422,7
D5ERTD579E,0.7053938309503106,7
FBXW7,0.7053714435301365,7
WT1OS,0.7049693963475749,5
RAB44,0.7048519523075535,6
YES1,0.7045353951631025,7
STAM2,0.7045148617707405,7
JPT2,0.7042980744146685,7
NAA30,0.7041810952737279,7
KANSL1,0.7035988577325373,7
ITSN2,0.7032880039533687,7
EME2,0.7026327072374483,7
DYNC2H1,0.7024998295118553,7
DOCK5,0.7024129177990932,7
CPNE1,0.7012773827828663,7
BOD1L,0.7011279708123642,7
TMEM100,0.7011179625197178,7
PCDHGA5,0.7010715827697326,7
MPZL1,0.7009923798080726,7
TLK2,0.7007432978725917,7
STIP1,0.7005163545706032,7
TNPO2,0.7005118045723547,7
TRPM3,0.7003531633895732,6
AHCYL1,0.700214621955573,7
DNAJC1,0.7002003004028745,7
RNGTT,0.6998265265419931,7
CLASP1,0.6997167798847469,7
GM15348,0.6996969673426131,7
GM9403,0.698939219874051,7
TAF4,0.6980961305918811,7
DSP,0.6980768602461731,7
LRG1,0.6975348269959503,7
ZBTB20,0.6970918862150501,7
ARIH1,0.6968593959292964,7
SIX4,0.696807780248605,6
SAMD10,0.696763179911476,7
TUBGCP4,0.6966957521993418,7
DHX32,0.6966069889363384,7
ENTPD5,0.6964735601873572,7
CRYBA4,0.6964056046707472,6
TBC1D8,0.696402719319584,7
ARID2,0.6960839627478149,7
SFMBT1,0.6959148254275662,7
PATE2,0.6957761161549214,5
MTCH2,0.695492576620666,7
PSD3,0.6952796317844071,7
BAZ2A,0.6951270846100087,7
CPPED1,0.6950675928070366,7
OLFR1385,0.6950393524095461,3
DNM1L,0.6950049571096634,7
SHD,0.6949034413144094,6
VCP,0.6945543634833804,7
SMG9,0.6943001253664244,7
RAB11FIP2,0.6942662864965111,7
DHX33,0.6941342090303658,7
GPATCH4,0.6933724949596868,7
TDG,0.6932960599495239,7
IL2RA,0.6932236312064993,7
HTT,0.6927535026747963,7
UBP1,0.6926413102822199,7
MAK16,0.6921218374854353,7
KNOP1,0.6917933678915299,7
ACADM,0.6917018310098163,7
PSMD3,0.6916600784241396,7
KLHDC10,0.69156185861363,7
ZFP600,0.6914016005733942,3
SET,0.6910258792206196,7
DOT1L,0.6909343999014145,7
PPIL4,0.6902491323737102,7
RBM6-PS1,0.6902354448269808,4
DIP2A,0.6899792232770884,7
UNC13B,0.6898508787519642,7
PPP1R1A,0.6892136275885126,5
SAMD4,0.6885355425588033,7
CEP44,0.6883791236789332,7
ADRA2A,0.6882367580978453,5
HMGB1-PS5,0.6873687562105103,6
IRGM1,0.6873657588585637,7
GFI1B,0.6873308885426139,4
KDM2A,0.6873206616787843,7
NUBP2,0.6871666786868887,7
SH3BP5,0.6870719040186882,7
GRB2,0.686897848867918,7
GOPC,0.6866318505286172,7
TSHR,0.6864902271677161,4
KMT5B,0.6864060337254777,7
GM10030,0.6863397804255668,7
RELL2,0.6863154447585395,7
KCNC1,0.6862631501489068,6
ROCK2,0.6860850035082775,7
SNAPC4,0.6857937048734886,7
C130046K22RIK,0.6856717235851963,3
SOX13,0.6855183261279787,7
ZFP384,0.6854246637151595,7
WDR11,0.6854090422512716,7
WNK1,0.6846482984546175,7
CLDN1,0.6841430624462062,7
CRELD1,0.6838395457575457,7
DNAJB14,0.6837471253956305,7
GM10222,0.6835174150995081,7
BEST1,0.6835026063445208,3
PDE8B,0.6833487766949499,7
GM3226,0.6832525960174283,6
METTL7A3,0.6832247267865362,2
TAF15,0.6831989651474081,7
BDP1,0.6831761069502217,7
WDFY2,0.6827344687054857,7
HSP90AA1,0.6825786347632656,7
RNF34,0.6824243285827258,7
SNX19,0.6821193944169816,7
XDH,0.6815368073080256,7
RTP3,0.6815225740658624,7
0610010K14RIK,0.6814267258672194,7
GPD2,0.6813958623134965,7
MICU3,0.6810092160896994,7
ZFP568,0.6807974999734636,7
CLIC4,0.6806103443886962,7
ZFP322A,0.6805880129201477,7
IRAK1,0.6803737306196094,7
GPRIN2,0.680165068691977,6
HIVEP2,0.6801461094829753,7
ERN1,0.6799756007048476,7
GIMAP9,0.6797324525958256,7
R3HDM1,0.6796092260405072,7
GM8663,0.6795915225433856,6
PLAGL2,0.6791591612341739,7
SHANK1,0.6791082057492742,7
LUC7L3,0.6790348469916621,7
CSNK1G1,0.6790269875881523,7
NRAP,0.6786643944836842,6
MAPKBP1,0.6784433106299989,7
COPG1,0.6782606061305331,7
IWS1,0.6781829756534089,7
TCERG1,0.6781183757239336,7
CDK2AP1,0.6776216603076348,7
UGT1A9,0.6770622082510817,7
1110002E22RIK,0.6770076907026724,6
MORF4L2,0.6766368240394668,7
CD2AP,0.6764081349837708,7
USP46,0.6763942167116807,7
GAL3ST2C,0.6763457253642523,5
B230220B15RIK,0.676288178246582,6
1700030K09RIK,0.6762683686090964,7
SLC11A2,0.6758872898403221,7
GM16580,0.6758575083484165,6
PPP4R3A,0.675594789446228,7
DCDC2C,0.675584622954141,5
PREPL,0.6755563568749079,7
NAT10,0.6753753953054809,7
RAB42,0.6752720104193153,6
KDM5C,0.6749341791834789,7
STOX2,0.6747770967169242,7
OLFR344,0.6746571471252326,3
MAP4K3,0.6744879388829406,7
ANKRD31,0.6744587624884409,5
BEX1,0.6744064712099862,7
POLR1E,0.6741471760131655,7
MFSD6,0.6740353420386792,7
SVOPL,0.6737903984559893,5
HDAC8,0.6733541067728294,7
CEP78,0.6731306139607012,7
CD164L2,0.6728910557926788,5
SAFB2,0.672784136813544,7
PNKD,0.6727377184695685,7
SIPA1L3,0.6725647961024395,7
MTA2,0.6724151983758102,7
FRS2,0.6722236800557814,7
MYLK4,0.6719973148302065,6
DNAJC18,0.6718276574156488,7
CX3CL1,0.6716930863269158,7
PCDHGB5,0.6716356991971911,7
APOL9A,0.6715819628686676,7
SRP68,0.6715744252325929,7
RBPMS,0.6712295124130818,7
DYNC2I1,0.6711040171050805,6
NDE1,0.6709961269568664,7
PPIG,0.6706442223863162,7
GPRASP1,0.6706375754844409,7
SRSF4,0.6703110846434331,7
GM7198,0.6700386066700115,2
CDKAL1,0.6698629157223881,7
UTRN,0.6696499170980869,7
PARD3B,0.669204559845502,7
MORC4,0.66873469780567,7
AU022252,0.6683899121455357,7
PCDHGB4,0.6683412787736537,7
CCDC125,0.6682770086398394,7
NRBP2,0.6682145292835885,7
DOCK4,0.6671909228700228,7
ACTN4,0.6668700004184699,7
A930002C04RIK,0.6668480557737997,5
CNNM4,0.6668412359213004,7
CYP4A31,0.6665789398953951,7
RAD51B,0.6659783749593136,7
MYOT,0.6659612610080389,6
TTC12,0.6658332130814892,7
GM9081,0.6656330142892204,2
CNOT4,0.6655484568246717,7
DNAAF9,0.6645243426708293,6
P2RX3,0.6644589842804475,7
PRDM9,0.6644062599200418,7
BCORL1,0.6643307044720966,7
MAP1S,0.6640196930596282,7
DHX30,0.6640099977304589,7
CCNC,0.6638479797926226,7
FEZ2,0.6637370271366978,7
FGFR1OP2,0.6634342726901302,7
OGA,0.6629777691643742,7
GM3962,0.662726546712552,4
4932438H23RIK,0.6625969971915308,2
TIGAR,0.6625571803022919,7
MAS1,0.6624888179938087,6
GM17828,0.6623272501570253,6
EID3,0.6621739585941336,7
TLK1,0.6620975973191057,7
ZFP940,0.6618648572112369,7
BRWD1,0.6616412965817053,7
U2AF1,0.6615435830707513,7
LRIG2,0.6613699723683596,7
HNRNPUL2,0.6609823777984533,7
IFITM5,0.660567723210567,6
NFRKB,0.6604329277059291,7
INTS13,0.6603429800944438,7
SMARCC1,0.6602998481109267,7
MPP3,0.6602679214034549,6
MYL2,0.6595188909359941,4
KDM6A,0.6591679053662285,7
NPM2,0.6587679280493606,6
PACSIN2,0.6587620097974279,7
CABIN1,0.6586360738523264,7
PLD5,0.6582571504023326,3
INTS1,0.6582259620698385,7
MX2,0.6581051322657918,7
TLE1,0.6579934204449137,7
DIDO1,0.657983672733028,7
GM6807,0.6577026868900674,6
2310057M21RIK,0.6575961222320894,7
UBN2,0.6574680727971082,7
MVK,0.657244275256879,7
SCN4A,0.6570057105461548,6
GM18955,0.6569812521358374,5
SLC25A40,0.6569613262766388,7
GM25783,0.6568310586239812,2
SLK,0.6567385681006844,7
CEP250,0.6566283998313588,7
DNAJC11,0.6564394130468585,7
FRY,0.6560891545075418,7
OXNAD1,0.655930065766581,7
CD55OS,0.6559282200562441,3
GNAS,0.65569926294929,7
ARFGAP2,0.6555275587423949,7
XPOT,0.655243321959358,7
RUNX2,0.6551925460283721,7
DDX27,0.6549326656547402,7
4833407H14RIK,0.6549119833233192,5
ENTR1,0.654844750646804,7
PINX1,0.6545718143784086,7
AGTPBP1|A230056J06RIK,0.6538130022885352,6
ZFP644,0.6533707095160458,7
ARRDC2,0.6528187559394928,7
ZFP513,0.6527306958956646,7
SLC25A2,0.6525158174048548,7
CREB1,0.6522657077134709,7
LRRC39,0.6521523724344985,7
SIN3A,0.6520108363752823,7
MRPS2,0.6515054682460095,7
PRPF39,0.6514898806533991,7
HEATR5A,0.6514816049001568,7
SCRN3,0.6511140057997872,7
GADD45B,0.6510565606827681,7
CCNG2,0.6510051661767013,7
YJU2,0.650793255880618,7
LCMT2,0.6504811843094945,7
MFHAS1,0.6504692319194618,7
EIF3C,0.6504643657401352,7
SRRT,0.6503460295663928,7
ARMC9,0.64999454736309,7
GM16574,0.6498141660590644,6
PALM,0.6496247239541928,7
GATAD2A,0.6493537154013851,7
ZFP697,0.6492869407829419,7
CYP21A2-PS,0.6492044728714491,6
CRIP2,0.649142533984665,7
IGF2BP3,0.6486315985745901,5
PFN4,0.6485312783185831,7
ZFP418,0.6485242162663969,7
UCP1,0.6485183588948465,5
TFDP1,0.6484098979742374,7
TRIM33,0.6482737025138172,7
AP4E1,0.6481503213179689,7
MYOZ1,0.6481110244835507,6
SEMA5B,0.6480351759655388,7
RBM33,0.6479800939489847,7
GM18398,0.6475843891052186,7
ZFP292,0.647214792336319,7
PLOD2,0.6471727948913014,7
RBBP5,0.6470785149563306,7
GM43915,0.6470592521905814,2
CBLL1,0.6470038067933256,7
OLFR509,0.6467817906706852,3
ATG2B,0.6467732078869078,7
OLFR1459,0.6464539121716847,2
ARL4D,0.6463424547898841,7
ACOT5,0.6463393643648448,3
GRAMD1C,0.6462190886611034,7
SMTNL2,0.646024098894709,7
NEK6,0.6456490857715443,7
USP24,0.6451459407050281,7
MIRG,0.6449448364510185,6
PLPP5,0.6448770550634171,7
4930430F08RIK,0.6448057510419869,4
XIRP1,0.6445255215958664,7
AQP5,0.6440860016124035,3
ERGIC1,0.6438669141589214,7
GM8995,0.6436449858396087,3
KLHDC4,0.6434574242327818,7
GBP7,0.643394312361677,7
GTF2A1,0.6432169908925605,7
CRYBG3,0.6429831020928934,7
HRC,0.6427654663960836,6
SBNO1,0.642681338978021,7
EXOC5,0.6425088358502486,7
SLC17A8,0.6424497236635306,7
MEMO1,0.6422834115174324,7
AKAP17B,0.6417294512093265,7
ABCE1,0.6413685044184219,7
COQ8A,0.6410808360088829,7
GM8188,0.6409670174674542,4
CIMAP1B,0.6408374158859474,3
HSP90B1,0.6408342360918582,7
WBP4,0.6408122265466413,7
TRIM26,0.6405192461337919,7
GM1141,0.6399479169501742,3
HMGN5,0.6399465356410678,7
AHSA2,0.6398148948934226,7
EXOSC9,0.6397504115262757,7
4933438K21RIK,0.6397396435937247,6
FHOD3,0.6396885605714492,7
GSTCD,0.6394712339901554,7
MALT1,0.6393950077634479,7
FNDC3A,0.6393925605262346,7
PTBP2,0.6389132504306209,7
RYR1,0.6388043748698731,6
RIOX2,0.6387038631549772,7
FOXP1,0.6384888573751466,7
COX3,0.6383342982913386,7
GPR37,0.6383050820173782,2
RNF168,0.6381341409873312,7
1700012D14RIK,0.6376982029605962,4
EML6,0.6376652297857135,7
WDR75,0.6372227379165355,7
TET1,0.636775448805485,6
OLFR1247,0.6365803179476285,4
PPP3CA,0.6363491849867138,7
PTPN1,0.6362649703203945,7
EPS8L2,0.6362350836728614,7
ATP11A,0.6360780832693932,7
TPM1,0.6359496989141452,7
INPP5F,0.6358670489055459,7
SETDB2,0.6357589534811009,7
THRAP3,0.6357580302538935,7
UCHL4,0.6356034624875565,5
ASH2L,0.6351684350375855,7
GM31616,0.6351006108806564,2
UGGT1,0.6350741060138079,7
KAT2A,0.6343846527325312,7
UNC45A,0.6339946343873842,7
SPIDR,0.6338849605030052,7
NT5DC1,0.6337793416711319,7
CENATAC,0.6333368600851296,3
DYNLL1,0.6331595426428239,7
ADCY1,0.6330686183044516,7
OLFR701,0.6329514408614249,3
UBE2O,0.6329033430731649,7
DDX19B,0.6328335723239445,7
VMN2R53,0.6327012372297421,6
4930405O22RIK,0.6326658058205745,5
DST,0.6324031401680082,7
PPL,0.6321453011914502,7
IDH1,0.6319424452855008,7
ZC3H7A,0.6319074379066763,7
CCL25,0.6317407144537773,7
IKZF4,0.6316991031701568,7
MYRIP,0.6313236954042809,6
PDLIM1,0.6313103791256722,7
AP1AR,0.6311870307303297,7
HP1BP3,0.6310808903069087,7
SPX,0.6309966729987041,6
PHF6,0.6307732139128627,7
YPEL4,0.6305316073605282,5
DOK6,0.6304883341326128,4
BYSL,0.630472555776346,7
MSANTD4,0.6304183162073823,7
CHMP6,0.6303496398690598,7
RBM15B,0.6302155406206523,7
FHIP1B,0.6301043605834206,6
GNL3L,0.6300409218522806,7
MSS51,0.6299170666061749,7
INTS9,0.6299150539964967,7
EBNA1BP2,0.629785240880101,7
IRF2BPL,0.629751613536529,7
PRMT3,0.6296748557152235,7
AGO2,0.6294198440737147,7
ZFP91,0.6293105471272583,7
ANKS3,0.6291791355280011,7
GM4750,0.6290614902560461,4
CRAMP1,0.6288307419974403,6
GAK,0.6287665042242099,7
PAK1,0.6287322686316721,7
PGAM2,0.6284070039865931,6
PITPNM3,0.6283921296757838,7
TRIM7,0.6281850442389555,7
QRSL1,0.6281083120187844,7
PAG1,0.6281052873641103,7
KAT5,0.6279467021570652,7
CAMKMT,0.6278213325023526,7
PPM1B,0.6277042920032179,7
HMGCS1,0.6275395749438308,7
PRUNE1,0.627402115228651,7
MIER1,0.626914599611739,7
TTC7B,0.6264552824197153,7
RAPGEF5,0.6264451526366218,7
MPHOSPH10,0.6264355282331204,7
TRGC2,0.6262751206893634,6
STRN,0.6260650858030135,7
CSTF3,0.6257097662210925,7
ZFP865,0.6256724484055429,7
EFTUD2,0.6254553784958498,7
COL11A2,0.6254546981437077,7
GM14827,0.6254142408609864,6
OLFR77,0.6253242589756604,4
RNF123,0.6253026191208096,7
GM11977,0.6252662022986358,2
UVRAG,0.6251048097739451,7
FHIP1A,0.6249529660469227,6
OVCA2,0.6249165237539998,7
IQGAP2,0.6248585812235767,7
ABLIM2,0.6248170586130692,7
GM31223,0.6246926487404804,2
FCRLB,0.6246648929699876,4
ZFP326,0.6245920492750434,7
CCDC86,0.624510437997127,7
BRD3,0.6244951624052374,7
SF3A3,0.6243775030638135,7
DNM2,0.6240878451566737,7
AKAP9,0.6239010957965618,7
TOGARAM1,0.6238691334552267,7
NOPCHAP1,0.623866236216757,6
ARHGAP17,0.623864263466484,7
MTMR10,0.6238092196861686,7
SHB,0.6238057942859225,7
KCTD6,0.6236811266854752,7
CDK2AP2,0.623407276671507,7
TARBP1,0.6230140291963912,7
HDGFL2,0.6229145862285287,7
WASHC2,0.6229043783904843,7
HIF3A,0.6225940819988228,6
CYB5B,0.6222114580853786,7
HSPB1,0.6220377670926454,7
CYTB,0.6213809217126381,7
FBXO22,0.6213246957086872,7
GIT2,0.6213133450462267,7
SLC6A20A,0.6212208295711259,4
DNAJC7,0.6211295435078735,7
DVL3,0.620932301418442,7
MTDH,0.6208562110017636,7
DHX8,0.6208055458490235,7
MCPH1,0.6204300019623856,7
MYH6,0.6198570988479282,4
GM2004,0.6196040368508651,7
VANGL1,0.6195587114996174,7
4930565N06RIK,0.619250124389054,2
ARID1B,0.6190256349096886,7
TYMP,0.6184562118937434,7
WASF1,0.6184229093943373,7
RS1,0.6180348775856168,3
FAM98B,0.6180282845763424,7
CPEB4,0.6180106583262521,7
SNX32,0.6179233414279662,7
OLFR16,0.6177636570359792,4
TRAPPC14,0.6175884738503147,6
ACOX2,0.617542826062592,7
TBK1,0.6174689929000389,7
NUP98,0.6171968996203443,7
RMST,0.6171304014942901,3
CCDC124,0.6170797102102149,7
ALKBH8,0.6167425910231129,7
RBM39,0.6165675878812854,7
GM22579,0.6164592513964641,2
HNRNPM,0.6163660393762548,7
DSG1A,0.6156861039681496,6
ZFP622,0.6152790114986626,7
R3HCC1L,0.6148193102703685,7
GM16570,0.6147826305050363,4
CCR1,0.6145802082421981,6
COMMD9,0.6143197324747331,7
BRD1,0.6142665457045957,7
GM14379,0.61397475935744,6
GM7281,0.6139328147877745,2
CPLANE1,0.613898392040262,7
ABCG4,0.6136050250290568,5
IBTK,0.6132863112720187,7
MAFA,0.6130884224958162,5
CARS,0.6130451717625691,4
KCTD9,0.6123810761971281,7
IGHV2-2,0.6123373620611922,4
VMN2R86,0.6121612379550273,6
TRMT44,0.6120384110790758,7
STAR,0.611940052011345,7
CKM,0.6118764798977104,6
NF1,0.6117934757640973,7
ZCCHC17,0.6116048802451308,7
LSM2,0.6115492877096967,7
DENND5A,0.6112210535709804,7
XPO4,0.6110805917982968,7
ND4L,0.6109974255823069,7
PROB1,0.610939166837188,7
COX10,0.6108700399346653,7
ATXN7L1,0.6107609193028924,7
ZKSCAN8,0.6104770904746053,7
CHRNA1,0.6103919610522193,6
MAB21L2,0.6103679140790036,7
SPOCK2,0.6101878302075688,7
STYXL2,0.6097648863856027,2
OLFR1393,0.6097038749868589,4
L3MBTL3,0.609679280484886,7
AKT3,0.6096680450552509,7
GM10037,0.6096609370141124,4
SPSB1,0.6096513841004813,7
E130308A19RIK,0.6092325314153425,7
MSANTD2,0.6086297650034854,7
CPSF6,0.6083699101072391,7
EVA1C,0.608116183341537,7
CHD1L,0.6080451119083572,7
EIF3B,0.6079441779642324,7
IGHV1-62-2,0.6079409852217437,2
NSUN3,0.6076888391465006,7
KY,0.6074145910695705,6
KPNA1,0.6073766754319563,7
OTOA,0.6072325427214402,5
RTF1,0.6069770793446347,7
ADSL,0.6069627593771985,7
IKBKE,0.6068848386279788,7
BC085271,0.6068817493009521,6
STK3,0.6065414756748743,7
PICALM,0.6063182173105287,7
RPS11-PS1,0.6061818905365316,6
PRSS29,0.6059496036068864,3
ISG15,0.6059487298175222,7
ZFP941,0.6058679287445169,7
WBP11,0.6056868625398322,7
GM20300,0.6055994061618294,7
NWD2,0.6055129889772284,7
SOCS5,0.605425070362075,7
GM16070,0.6051555440405343,3
GTPBP4,0.6048239710243312,7
GM5937,0.6044150342422576,2
VCPIP1,0.6043996473768491,7
1700001P01RIK,0.6043468593167508,4
KYNU,0.6043037937508268,7
CYREN,0.6041637925654202,7
HNF1B,0.6040425504232069,7
GMEB2,0.6040114069343829,7
GM10232,0.6039905744993632,7
CYP3A11,0.6039080393263057,7
CEP63,0.6038531221605697,7
SPAG17,0.6038294176741306,6
CPSF2,0.6037416262322884,7
GM13039,0.6036210317820238,5
RBP3,0.6034572485990983,3
MGARP,0.6034400641739074,5
STK38L,0.6034252101727163,7
CMPK2,0.6033872283302342,7
CCDC162,0.6033536587561261,7
GM5837,0.6030815940661232,7
SLC17A1,0.6030727782459057,7
ENO1B,0.6029490586280973,7
EPRS1,0.6029402516281352,3
SENP6,0.602918655400614,7
KCNQ1OT1,0.6028078028176278,7
DIS3,0.6026478131335821,7
CPT2,0.6025227582173324,7
KMT2A,0.6023078060093091,7
STX2,0.602273481393289,7
9530077C05RIK,0.6022146905674554,4
YWHAE,0.6019217991140952,7
GM45925,0.6012723279158901,5
1700010I14RIK,0.6009792793667794,7
GFM2,0.600934091867999,7
CELF4,0.6008350675063502,7
TGFA,0.6008098018846139,7
CAPN9,0.6007388952922039,5
MCMDC2,0.6007359835267739,6
GM5873,0.6005690899298024,7
CEACAM16,0.5999598268620361,6
VPS37A,0.5998798564785434,7
IPPK,0.5998324996355567,7
RTN4IP1,0.5998223797691562,7
HNF4A,0.599813400300767,7
LACTB,0.5997925033441506,7
ALMS1-PS1,0.5996784604073984,5
GM16973,0.5995157496658825,6
PSMC1,0.5994588068191554,7
CNPY4,0.5994270187247052,7
MFSD13A,0.5993124792493474,7
TARSL2,0.5993074729103983,4
RNF148,0.5990653201815312,5
BMS1,0.598925392392668,7
1700026F02RIK,0.5989003710152272,5
KLF12,0.5986325496821477,7
SIMC1,0.5986127223191767,7
ZSCAN29,0.5982931667543957,7
HNRNPR,0.597752689899186,7
TANGO2,0.5977412688545378,7
ZIC1,0.5977137286748725,4
CNOT3,0.5975827147621481,7
ZFP458,0.5974173217983667,7
MKX,0.5973474951367069,7
ZFP661,0.5970571686123188,7
KCTD13,0.5970411630154305,7
SOST,0.5964646788049771,3
EIF2AK4,0.5963821152367659,7
METTL3,0.5963428917288499,7
SNRPD3,0.5958670311192531,7
PDE6H,0.595850203537773,5
CD63-PS,0.5957855677824538,6
WDFY1,0.5957850731044715,7
PARP9,0.5954127908067424,7
SPIN2C,0.5953734598499418,7
MYH9,0.5951490465335223,7
CEP295,0.5950493391925026,7
SPTB,0.5949751038939866,7
KLHL41,0.5949653524390534,6
GM28042,0.5949013099932736,7
ZZEF1,0.5948136556956146,7
MCTP2,0.5948067717034843,7
SLC7A5,0.5944898026187041,7
ARFGEF2,0.5941618242689957,7
UBXN2A,0.5940972727943231,7
HDLBP,0.5939832221693101,7
ZFP438,0.5939364268589878,7
GM17230,0.5938204531388601,6
MTA1,0.5937981247243591,7
TRIM12C,0.593686857146582,7
BCL3,0.5936149421596434,7
GM29036,0.5935280091912619,6
TSPYL4,0.5934820757170068,7
ANKFY1,0.5934041180307724,7
TUBG1,0.5933250847288596,7
PPFIBP1,0.5933042399940651,7
MLLT10,0.5931773816338397,7
RLF,0.5930578661822784,7
RAPGEF2,0.5929424919736623,7
ZSCAN22,0.5926757890500348,7
AI661453,0.5923795063672034,7
HEATR3,0.5923194123880745,7
ZIM3,0.5922733700703854,3
NIPBL,0.5922325411102515,7
DPP8,0.5921095574865003,7
SFMBT2,0.5920146231421101,7
SLC6A14,0.5919787478931349,3
SLC16A6,0.5919701614390218,7
CHD6,0.5914697051088224,7
PXK,0.5913733036784722,7
REXO4,0.5911952977068233,7
GPR165,0.5909218989094992,3
INHBB,0.5908192391673951,7
CXCL11,0.590775276588861,4
OVGP1,0.590581387046919,7
RAB21,0.5903466562644948,7
RREB1,0.59030586456728,7
ERCC6L2,0.5902707690057107,7
CASZ1,0.5901684247661915,7
FRAT1,0.590054627611927,7
LCORL|GM3414,0.5896255256943231,6
NRDE2,0.5894135328441946,7
HEXIM1,0.5893952968851129,7
NPAT,0.5890862710119013,7
GM17383,0.5889695422281287,6
ZBTB42,0.588950717259814,7
ATG7,0.5887861571711619,7
INTS2,0.5887753662075512,7
IGF2BP2,0.5885905854632382,7
ASB4,0.5884966970268651,7
MGAT5,0.588482621432349,7
HNRNPUL1,0.5882992314633618,7
GALT,0.588194180266892,7
ZFP664,0.5881888652692366,7
GM10644,0.5876828336867782,6
KCNMA1,0.5870656829463108,7
GM4950,0.5869179077277963,6
TMEM254,0.5868859255886234,6
QARS1,0.5867863212155294,3
PKD1L3,0.5864978015288005,5
XKR8,0.5864154907944223,7
PEX1,0.5863621848962577,7
MAOB,0.5861733606213605,7
RECQL5,0.5861639159883393,7
GM13771,0.5860873308590834,5
FAIM,0.58606783644389,7
RFX3,0.5860164493766968,7
ZBTB41,0.5859870054316811,7
TTI1,0.5859790647274672,7
PUM3,0.585893089491991,7
PPIP5K1,0.5858799818293677,7
SOWAHB,0.585749569277609,7
ADAR,0.5855778753993957,7
ZFP422,0.5855286675115475,7
CBS,0.5854279189507532,7
ENTPD7,0.5851624637072812,7
ZFP316,0.5849156515397069,7
FBXO42,0.5848652995240042,7
HS6ST2,0.5848014953571473,6
TRMT9B,0.5847555171652254,7
9130019O22RIK,0.58468793491314,4
GM8130,0.5845967125913194,3
GPD1,0.5843855450347623,7
BRPF1,0.5843073143594342,7
SYNGAP1,0.5842515678666799,7
PDZD2,0.5836788873562273,7
HAPLN4,0.583447255401966,7
WNK3,0.5833940829014445,5
PRPF40A,0.5830871158661167,7
ZSWIM5,0.582986319458736,7
PICK1,0.5825069649732348,7
ESR2,0.5824972077582624,5
TCEAL8,0.58240672557831,7
MSI2,0.5823569362779308,7
AY512931,0.5823023841159417,6
WWC2,0.5819943150765619,7
ZFP668,0.5819680120904971,7
RSF1OS2,0.5818866787169865,6
SS18L1,0.5818861282220371,7
MYO5B,0.581716749661146,7
TCF7L1,0.5814979353386286,7
NUP155,0.5811909184559296,7
GM5824,0.5808106676711312,4
FAM110A,0.5807443976595842,7
PROKR1,0.5804273007709136,6
IL20RB,0.580353585291607,7
GM17399,0.5802580569864527,7
CEP15,0.5802310498738864,3
SYT11,0.5800241875214386,7
FKBP15,0.5799858180895235,7
CRELD2,0.5798330614819126,7
GFOD2,0.579702310929055,7
ASB7,0.5796931521509506,7
RSRC1,0.5793052697843036,7
DOP1B,0.5790853574314924,7
SLCO5A1,0.5787692384047257,6
SNORD59A,0.5787070251658049,5
PIGO,0.5785749182744742,7
LRP5,0.5784722035937951,7
THUMPD2,0.5784488093528142,7
POLR1G,0.5784108677467911,3
MPI,0.5782318851907708,7
NUCKS1,0.5781846318705522,7
HSPA4,0.578056195037241,7
CWC27,0.5780451676855457,7
WIZ,0.5779885746323226,7
ODAD1,0.5779663237946039,6
SMAD3,0.5779521589252952,7
SMPX,0.5778876462652011,6
AGFG1,0.577567557143918,7
ZFP146,0.5775040713321878,7
PSMC3,0.5774850202024747,7
NAPB,0.5773121689290103,7
MPHOSPH9,0.5771961347609446,7
TRAV15D-1-DV6D-1,0.5770949752898463,2
RIGI,0.5770024689551069,3
GM8902,0.5769188543620468,3
ACTA1,0.5762610932969521,6
SLFNL1,0.5760129328622013,4
SPRYD3,0.5756716402563671,7
STRA6L,0.575654239877369,7
FYB1,0.5754009005411868,3
RBM26,0.5751698513208742,7
WAC,0.5750965556644202,7
GM10409,0.5750378903189041,2
ZFP512,0.5748090288304609,7
NFE2,0.5743926568158518,7
RYBP|RYBP-PS,0.5741905775279992,6
IGFBP1,0.5741788337026108,7
FHAD1,0.5739005140708615,7
GM11714,0.5737950108221319,5
C2CD4C,0.5733710651970324,6
HSP90AB1,0.5732627865084755,7
ANKRD13C,0.5732080531172656,7
PTPRQ,0.5730203772031489,6
VPS13D,0.5724119777600898,7
SCMH1,0.5723939876774466,7
ATL1,0.5722968659611235,7
EML5,0.572190121679364,7
TOR1AIP1,0.5721818826531566,7
MDM1,0.5719402771886758,7
ADAM1A,0.5718989168574476,7
EDEM1,0.5717589323443085,7
GM30909,0.571737928189796,2
GM18066,0.571706973866325,5
LRRC20,0.5716474621803554,7
LRRC8D,0.5715918364091728,7
TULP1,0.5714153770647314,2
NCBP1,0.571346772447661,7
TCAP,0.5713320403361624,6
XRCC2,0.5712766761376434,7
H2AC12,0.5712354585417392,4
TUT7,0.5710138133277309,7
STAMBP,0.570993855938,7
TCOF1,0.570952590125697,7
ZRSR2,0.5706541131773066,7
CBFA2T2-PS1,0.5705133639533276,6
DPF2,0.5700676904442455,7
FIGNL2,0.5696177397013155,7
CDH11,0.5695620765725914,6
HOXA2,0.5694184804359753,7
AP1S3,0.5693734413826973,7
SEH1L,0.5692086414520848,7
GM5687,0.5691533510818837,4
FPGS,0.5689624558867429,7
FOXA2,0.56894888215502,7
ILDR1,0.5688016917791969,7
SEC14L4,0.5684745925184659,7
FAM149B,0.5684010469126047,7
CAVIN4,0.5683827536348579,6
OR1AB2,0.5683648526165048,2
RAB11FIP3,0.5683120266110807,7
MED15,0.5682712109303466,7
GM12623,0.5678617715827853,3
ZFP354C,0.5675964852028884,7
RGS9,0.567062752928995,7
ZFYVE1,0.5669857599811492,7
OLFR45,0.5667802715235127,3
CARM1,0.5667150531007136,7
GM15509,0.5665560619597066,5
UCP3,0.5665488281249368,6
BIRC6,0.5665175290501191,7
SULT3A1,0.5665042598770783,7
ARNT,0.5664991723303459,7
ZFP846,0.5663516740788344,7
TMEM233,0.5661982335659479,5
IARS1,0.5661690402349143,3
SYNRG,0.5660481967019966,7
VPS33A,0.565950922539244,7
PURG,0.5659404620350764,7
GPATCH2L,0.5655333961838699,7
MCC,0.5654188940511508,7
9430037G07RIK,0.5652125485226043,7
FGF18,0.565115949325972,6
SURF6,0.5648412992748754,7
MAP9,0.5647750669893102,7
URB1,0.5646734335127738,7
CHRD,0.5646043588511089,7
DUS1L,0.5645036861106633,7
PBX4,0.5634635857285452,6
MATN4,0.5634141360930134,5
STRBP,0.5632247646002994,7
NOB1,0.5632040342001992,7
FRRS1L,0.5632000221530923,2
GM5103,0.5630167980540076,6
TBC1D2,0.5629565144541149,7
SPOP,0.5629413952032863,7
GM3200,0.5628082790448604,7
D11WSU47E,0.5625627756241136,4
MAGI3,0.5625507054128203,7
GJC3,0.5623892734525017,7
DIO3,0.5623555200981072,7
GM2253,0.5622438090832074,5
NISCH,0.5621816282902516,7
TTLL12,0.5621504029831096,7
EIF5,0.5617936216770963,7
RBMX2,0.5617232458885464,7
TFIP11,0.5616749887590095,7
MED24,0.5616741958824407,7
MRS2,0.5615579275119449,7
MINDY1,0.5613465834261572,7
RBM5,0.561233531500894,7
PLEKHM3,0.5612267140251316,7
FGD4,0.5609967452680973,7
BCAR3,0.5609773185573933,7
HSF5,0.5609281574134504,7
SEC61A2,0.5608728348458623,7
MYOM1,0.5607654892147594,7
GM20754,0.5606696222528931,3
GM17833,0.5605152443453647,6
FAM189A1,0.560488159779328,4
DUSP14,0.5604634668700835,7
HCN1,0.5603812396694209,5
STIM2,0.5603734949220853,7
YTHDF2,0.5600481936598596,7
MAPK8IP3,0.5600002903129643,7
MACROH2A1,0.5599481181991595,7
HS3ST6,0.5596985387353105,7
2310022A10RIK,0.5594953870342242,7
GARIN1A,0.5594217876846749,5
STK38,0.5592811772566525,7
OPHN1,0.5588088527176507,7
GM7932,0.5587954673673778,5
RPL32L,0.5587291723534226,6
4930554G24RIK,0.558662583759514,3
RBM12B1,0.558596639783694,7
IGSF9B,0.55858418635664,6
EFNA2,0.5585810264878813,7
GM18147,0.5585288574660595,6
TEPSIN,0.5582866764303536,7
RBPJ,0.5582063565787403,7
KBTBD12,0.5573682732686281,7
SPATA17,0.5572231816502045,7
SMARCA5,0.5571026215327516,7
ATP8A2|LOC108168164,0.557033855503763,3
DUSP18,0.556956201707269,7
IP6K3,0.5569366891242576,4
HRK,0.5569246216413234,7
PAX3,0.5567753070437883,4
ONECUT1,0.5566828378579437,7
EXOSC2,0.5566823770826873,7
SLC10A2,0.556624708970497,7
YWHAH,0.5565909749512535,7
ENTPD3,0.5565205144948785,6
POU5F2,0.5562352062216014,6
EPB41,0.5561994238113007,7
GM5420,0.5560658814186062,6
ME3,0.5559642493932072,7
EYA1,0.5558890902346643,6
XYLT1,0.5558732138637796,7
GM13238,0.5558120216162712,5
MPP2,0.5558010755160642,7
SYN3,0.5557672704948319,7
GM15789,0.5556834697866131,4
SFRP5,0.5554361729736909,7
KLF8,0.5553901556858484,6
MAPK9,0.5553352897705203,7
AATF,0.5551351648241468,7
GM3809,0.5545068569696069,2
6430573P05RIK,0.5544937669881176,6
6030498E09RIK,0.5540541903021579,5
ZFP335,0.553967341398591,7
ALS2,0.5539186236330373,7
CHD1,0.5539005061215735,7
HNRNPAB,0.5534379934453643,7
TRIM63,0.5533482017562771,6
PKD2,0.5532734335076575,7
INSYN2B,0.5530546631366247,4
PALS2,0.55302246845691,6
GM14130,0.5530051567264749,2
TNRC6B,0.5528471464996995,7
TMEM107,0.5525963219953128,7
CELF1,0.5524868707037991,7
VMN2R97,0.5521772480435623,5
UPF3A,0.5521470535407326,7
JMJD1C,0.5520548173053161,7
GM19221,0.5520062428162128,4
YARS1,0.5520024777356555,3
SSTR3,0.5518686704091418,5
KRT28,0.5517415476032839,6
CAAP1,0.551678441392036,7
G3BP1,0.5516731312929315,7
PLK3,0.5514680528087155,7
AR,0.5513953896684309,7
EXOC2,0.5513552191612268,7
ART5,0.5513071950088791,4
FIGN,0.5510186330244389,7
UCKL1OS,0.5508454573728521,6
ATF2,0.5507093345204931,7
BTBD10,0.5505257896612853,7
GM39321,0.5505144542343405,2
RNF111,0.550400817659303,7
ZBTB7A,0.5503220541360309,7
IL11,0.5498242583128083,4
ZFP12,0.5497837575617329,7
SCLY,0.5497060641851699,7
MAPK8,0.5496513725439428,7
H2AP,0.5493809493361719,5
NUP42,0.5490913906851546,3
GM16853,0.5490353164076397,3
AA986860,0.5489862171302876,7
MPP7,0.5489158484725578,7
GOLIM4,0.5488192861676444,7
BBS1,0.5487970956897447,7
LRRFIP1,0.5486461971208028,7
TET2,0.5485118248691342,7
PTGR3,0.5483832247052006,3
NLRC3,0.5482220726265378,7
DNAH7C,0.5481615594811059,5
PNKP,0.5480967733268819,7
DET1,0.548076243226283,7
FAM219A,0.5479813369393918,7
GTPBP8,0.5479799741318971,7
PRMT6,0.5479723967553434,7
FOXP2,0.5474790988094993,7
ZFP324,0.547288306405244,7
UIMC1,0.5471242161831891,7
STX4A,0.5469731912042032,7
TACC1,0.5469255719700624,7
DPY19L1,0.5466608060219988,7
ZBED6,0.5465503834901666,7
GM13422,0.5465416898781174,3
GM10130,0.5464996524635979,4
E030030I06RIK,0.5464907588006689,7
ATP1B1,0.5462205698335596,7
ASAP1,0.5461531810024965,7
EHMT1,0.5461212135641025,7
1700022N22RIK,0.5460097981656986,7
COX20,0.5459044673332741,7
PDE8A,0.5456200032373059,7
SNRPA,0.5455530975768853,7
CEMIP2,0.5454391617158042,7
LMNA,0.5453955833511193,7
PSMD14,0.5453632561367617,7
ANKRD52,0.5453243656175372,7
CSNK1E,0.5453008474835268,7
TAF1A,0.5451677867900441,7
HOXC5,0.5451251701918858,5
ZNRF3,0.5450728322547348,7
BRD4,0.5449155200429423,7
RAP1GDS1,0.5445526892440683,7
OLFR204,0.5443354017235809,2
DDX50,0.544265223345102,7
RPL21-PS3,0.5441730972237332,3
HOOK1,0.544159846294747,7
ZBTB33,0.5440737211396366,7
TUBB5,0.5440018040839133,7
ZCCHC4,0.5439114767995613,7
RPS15-PS3,0.5437635717634401,6
ZHX3,0.5436955222090264,7
NUMA1,0.5436269140506309,7
ZSCAN21,0.5435530977194706,7
ADH4,0.5435324643133128,7
ABCA4,0.5435264601753904,6
MKS1,0.543472682360336,7
FSD1L,0.5433261643628566,7
GNAO1,0.5433250593204495,7
SLX9,0.5431906259638847,3
VMN2R92,0.5431529436069179,2
AGFG2,0.5430727596058482,7
GM30551,0.5428595622513694,3
SLC25A27,0.5427220014003626,7
COL5A3,0.5426244407647022,7
OLFR1388,0.5424642180053549,4
RPL23A-PS2,0.5424129060133236,6
PRLR,0.542388994263186,7
GM36266,0.5423367259151809,6
GM47324,0.5423093111403675,4
ABCF3,0.5421623569951224,7
FLOT1,0.5421587360636934,7
DAB1,0.5421482799844142,7
SMOX,0.5418725267879249,7
ZBTB7B,0.5417429999769566,7
B230216N24RIK,0.5416417153365732,6
NCBP2,0.5415343487277887,7
TDRKH,0.5414977573030085,7
PCDHGB7,0.5414323175101308,7
ST7L,0.5413279199619085,7
SULT1E1,0.5411958490377045,7
PPRC1,0.5409039593150164,7
GM7446,0.5406334298864339,6
HOXC4,0.5400673788271965,5
FZD9,0.5399629930133975,7
APON,0.5398736441326447,7
ANKRD1,0.5395171648410302,7
CAMSAP2,0.5394712794772393,7
SGIP1,0.539127784489461,6
ATF7IP,0.5389788107217337,7
D3ERTD751E,0.5389134842958466,7
FNBP1,0.5384888719858978,7
EXOC4,0.5384207616600356,7
LUC7L2,0.5384181809593606,7
SEPTIN9,0.5383540094724915,7
PTGES,0.5382045684117825,7
IGKV9-124,0.5378737883345054,4
8030453O22RIK,0.537806452122182,5
PHACTR2,0.537799432366901,7
CHMP4C,0.5376694727014477,7
USO1,0.5376631289188128,7
COBL,0.5376270616228273,7
GM11196,0.5375226656925772,6
FTO,0.5374032469556734,7
ZBTB5,0.5371435624105552,7
THEM7,0.5371101916560375,7
ACP3,0.5370905717124099,3
CYP11B1,0.5369327640458454,4
CHMP1B,0.5368483839623848,7
AI839979,0.5367621103609742,2
ARHGAP35,0.5367551581322333,7
GM31166,0.5367094175911967,7
PPP1R3C,0.5367066816886988,7
ZFP93,0.5366982004849123,7
SHANK2,0.5366951234541699,7
GM18752,0.5366456252771178,2
GM8253,0.5365969832844429,2
ZFP809,0.5365009446302997,7
GM27219,0.536435597804781,5
NAA16,0.5363980060056397,7
VMN1R53,0.5363523990597466,6
XPO6,0.5363075873136843,7
ANKRD33B,0.536208793461373,7
ADRA1B,0.5361934649853362,7
TAF12,0.5361675182960024,7
POLR1F,0.5361533732513895,6
CEACAM3,0.5358021733871746,3
CES3A,0.5356943908382522,7
ZEB1,0.535439251139839,7
PLEKHM2,0.5351014450287833,7
RNF40,0.5350614100616703,7
DNMT1,0.5350234453170154,7
GM17849,0.534857377580629,5
NALF2,0.5342479834994399,5
LYST,0.5341974518416841,7
OLFR624,0.5341672521086976,3
EHBP1,0.534071864459317,7
PRMT5,0.5340676925421127,7
SOCS6,0.5338832024724856,7
SEC24D,0.5338057828520469,7
MMEL1,0.5336835131883854,4
YAP1,0.5326716746529402,7
TMA16,0.5326184025512,7
UBLCP1,0.5325579565945667,7
ANKRD9,0.5325538975338571,7
RANBP1,0.5325232317470646,7
YY1,0.5322775826386207,7
TFCP2L1,0.532228620587121,7
ZFP319,0.5322041830569471,7
TAF7,0.5319616606104415,7
QK,0.531945122883243,4
1700003G18RIK,0.53193049882901,6
PLEKHG5,0.5316973369836301,7
FAM229A,0.5315831976984907,2
CES1B,0.5314263197641437,7
PRSS41,0.5312968773700116,6
DNAJA2,0.5312068547343759,7
SLC35B1,0.5312008205811007,7
C1QL3,0.5311930478707604,7
SRSF5,0.5310753054742375,7
ZFP784,0.5309596661910977,7
GUCY2E,0.5307905333857731,2
ATE1,0.5305153510442366,7
OLFR889,0.5304799567888484,3
PWWP4C,0.5304576094952193,5
NKAPD1,0.5304116731466124,7
4933407K13RIK,0.5303711533832999,7
COL25A1,0.5300838073315006,7
RNPEP,0.5300592243243151,7
TPST2,0.5299711320038011,7
COL7A1,0.5299705781776962,7
SDC2,0.5299666561570154,7
4930525G20RIK,0.5298163289274603,7
KIF9,0.5297528425364078,7
ZFP423,0.529577499392224,7
CDIP1,0.5295477187897051,7
OLFR1356,0.5293048838847604,2
GIPC3,0.5291663532033379,7
POLR1A,0.5290733900398394,7
ITGB1BP2,0.5290694763797541,6
INPPL1,0.5290257738380388,7
NRD1,0.5289996864921531,4
GPR139,0.5287127741639485,2
BTBD9,0.528702660534388,7
ARXES1,0.5284796729615824,4
HSPB6,0.5283723043788109,7
CPSF7,0.5283470987477019,7
TTF1,0.5280614676996802,7
ZFP280B,0.5276678563244163,7
5730596B20RIK,0.5275381968600615,7
TYW3,0.5275275093087448,7
SLX4,0.5274122936072411,7
SLMAP,0.5273030880244828,7
ELOVL3,0.5273019453004458,7
SATB2,0.5272011764003809,7
PSIP1,0.527183843633383,7
GM7114,0.5269196982100123,6
DNAJA3,0.5268626383709856,7
UFL1,0.5267555912453734,7
SON,0.5267204437365709,7
1700027J07RIK,0.5267025961129248,5
TWF1,0.5265489033797172,7
BPGM,0.5264067833144048,7
ATF6,0.5263548709062026,7
MTRNR2L7,0.526218895777988,2
PAPOLA,0.5260782889895222,7
SERINC4,0.5260750149104725,7
MAFG,0.5260355673672986,7
RBFOX1,0.5259344191852858,5
COX18,0.5258858288432131,7
INTS7,0.525872771493595,7
CLK2,0.5257364198544289,7
ANKRD10,0.5256883451588996,7
GPR39,0.5252600866976326,7
GM30524,0.5251861894933343,5
CLDN15,0.5250947969359172,7
VMP1,0.5249279095535958,7
GGT6,0.5248132327394944,7
TMEM132D,0.5247717149114577,2
MOB3B,0.5247166363857286,7
TBX3OS1,0.5244270645001151,6
ANKRD13B,0.5240688573665392,7
WDR44,0.5240577268005344,7
KAZN,0.5240416016438351,7
ADGRL2,0.523932169922837,7
CAGE1,0.5238132949256086,7
TRIM13,0.5238048909859034,7
IRX2,0.5237025852723869,4
CADPS,0.5236854389418063,3
ZMYM4,0.523626158374571,7
CAPNS2,0.5234194864757794,6
PDLIM5,0.523057731461288,7
2310002L09RIK,0.5230424514891859,6
GATA4,0.5229997773691312,7
ARMCX5,0.5229227945719147,7
CDC25B,0.5228645650181691,7
6820431F20RIK,0.5228316055658483,7
MIDEAS,0.5225179720982733,7
RFX2,0.5224149520288255,7
CDK11B,0.5221513055601487,7
MTFMT,0.5220179082400501,7
TANGO6,0.5219583460900196,7
POLR2B,0.521913429935817,7
HMGB1-PS6,0.5218436818773179,6
RNF165,0.5217862010617161,4
ARID1A,0.5217809608101396,7
MYLPF,0.5217793665054645,7
NAB1,0.5217305458239171,7
WDR49,0.5215393679582848,3
GBP6,0.5213080470895509,7
TRAFD1,0.5212687297934915,7
ATP10D,0.5212674852343332,7
SETD2,0.5210863123283895,7
ARID3A,0.5210574265410949,7
SHROOM1,0.5204087925278477,7
IQCK,0.520363047035546,7
ZFP511,0.5203433151514156,7
PCDHGB2,0.5202259119690822,7
MAD1L1,0.5200556068560193,7
COL4A3,0.5199139980270031,7
ZFP790,0.5198248772854306,7
1700017B05RIK,0.5197529637151515,7
APC,0.5197129088665288,7
BCL6,0.5193784496136697,7
COBLL1,0.5192781791795198,7
HMGXB4,0.5192629635469832,7
DUS2,0.5192300227163411,7
GM13608,0.5192142680736341,5
3830408C21RIK,0.519211300205739,7
KAT6A,0.5190551444403332,7
3110083C13RIK,0.5187148585094703,3
CXXC1,0.5186917703026249,7
MAD2L2,0.518134268908625,7
VPS8,0.5181080915178892,7
GM17823,0.518008830040057,7
CACNA2D2,0.5178956336555203,5
NPRL3,0.5177095089731317,7
NEFM,0.5176340779023417,4
PRRC2C,0.517470071698444,7
9330102E08RIK,0.5173295193273453,7
ZBTB40,0.5172082037774762,7
DCLRE1C,0.5171289758011413,7
SLC6A6,0.5170674606037672,7
ILKAP,0.5169242176351618,7
TCFL5,0.5168272526829961,3
DAND5,0.5167438035737979,7
DEXI,0.5163548185861611,7
TRPV4,0.5163209040679979,7
MDFIC2,0.5163037810847346,5
SULT2B1|GM5897,0.5160965894951008,4
GSTM4,0.5160687885325521,7
BDNF,0.5159859596467511,7
HNRNPH2,0.5158760003376258,7
ZFP800,0.515873343393359,7
PPP1R21,0.5155851397199073,7
TNRC6C,0.5155541706010288,7
PABIR2,0.5154723750213689,3
GALNT17,0.5154042231324797,6
TCF20,0.5152999788545797,7
CLTB,0.5152150956354001,7
CIPC,0.5149288651613518,7
BCL7C,0.5146705806881643,7
TMCC3,0.5146166242718466,7
TSR2,0.5144753771853013,7
TRAPPC9,0.5144699880317284,7
ACOT11,0.5144291337171505,7
GM23287,0.5144279747234898,2
CD27,0.5142689738953676,7
RAPGEF3,0.5139803285737203,7
ZFP612,0.5139722167181602,7
NDST3,0.5138655651763322,5
UBE2N,0.5137697764215047,7
RRNAD1,0.5136498926859555,4
CHSY3,0.5135113561818466,7
SNORD13|GM57763,0.5134690412489558,2
GABRA4,0.5134555352255237,4
TRMU,0.5134090288842469,7
MYEF2L,0.5133300057003022,6
ZBTB2,0.5132083180724336,7
AIDA,0.5131905413024036,7
TRPM8,0.5130909133366496,5
ZFP821,0.513036481458251,7
NOP14,0.5129630164714127,7
PSPH,0.5128136771771071,7
BTBD7,0.5128000290029063,7
UTP25,0.512655188925701,7
ZFP174,0.5124171104068621,7
FOCAD,0.5123650135123515,7
ZFP691,0.5121014367822446,7
ZUP1,0.5118809268662526,7
GFPT1,0.5116895833655188,7
XPO7,0.5116554704660138,7
FAM122B,0.5115846043100238,4
PARP3,0.5115609089379316,7
PELI2|GM6498,0.5114478638620401,6
MYH1,0.5113570453845788,6
KLHL20,0.5113306140036464,7
BUD13,0.5112216704373297,7
NOL10,0.5110799797407031,7
TRAPPC8,0.5110377758594988,7
TACO1,0.5109944400959125,7
GM13420,0.5109493076848816,3
GTF3C5,0.5109187339092656,7
UBE2L3,0.5108731994649817,7
CARS2,0.5107199212475148,7
NAA40,0.510663795719538,7
SYCP3,0.5105658043327538,5
MMP8,0.5104473737127918,6
SCYL3,0.5104441852493059,7
ZFP184,0.5103979659015648,7
TTC39D,0.5103720620561638,4
PITPNC1,0.5100754070256001,7
ZW10,0.510019936087773,7
GM19951,0.509997712869813,6
A330023F24RIK,0.5099955118978418,7
NFIB,0.5099172819754769,7
GM6906,0.5096507812602786,6
USP47,0.5095587037218791,7
TBC1D14,0.5095385491880063,7
SYVN1,0.5094121894958789,7
CCDC194,0.5093291357388077,4
DOP1A,0.5089831312025049,7
NEK1,0.5089465416883825,7
OR5M3B,0.5089345063559041,2
BPNT1,0.5088946709402432,7
CBR1,0.5088842844349327,7
WDR72,0.5086440757557036,5
KCTD5,0.5085444072060084,7
GM17045,0.5085366506401195,3
MDFIC,0.50841394581011,7
4930556M19RIK,0.508361203141972,7
MBD1,0.5083185766077779,7
RAD9A,0.5082814338692818,7
TEX9,0.5080927645872801,7
DMD,0.508059232853926,7
DGAT2L6,0.5080424875634515,2
PSME4,0.5078573857486385,7
CECR2,0.5078198173558268,7
OXSM,0.5078054542023938,7
GM13689,0.5077198067614994,6
NSRP1,0.5076578460727406,7
GM15712,0.5074169686246268,6
SRRM1,0.5071735590690872,7
TIA1,0.5069554801968171,7
BTBD8,0.506934642473761,7
TRMT13,0.506933779299726,7
ENAH,0.5069133563997492,7
DLG5,0.5068106634463642,7
DAPK2,0.5068034560867705,7
CPNE9,0.5067690134739511,5
VAC14,0.5067443772316989,7
LINS1,0.5063620280078502,7
NDOR1,0.5062617203593293,7
RXFP3,0.5061903432554965,4
SNX24,0.5059362215481439,7
ORAI1,0.505907003256468,7
TGS1,0.5059068402099434,7
USP44,0.5058573530626256,3
IDH3A,0.5058453079888751,7
RHOBTB1,0.5057045221788392,7
USP31,0.5056626072384703,7
DCP1A,0.5055945935404388,7
SLC4A1,0.5054998235161077,7
ARFGAP1,0.5054739032005894,7
UBE2SRT,0.5052554908150099,3
CHAMP1,0.5052149766055776,7
PURB,0.5051260620312783,7
IGKV11-125,0.5050831906694402,4
SEC16A,0.5049696595721419,7
OLFR111,0.504801300910888,2
TMF1,0.5047170268279961,7
STX18,0.5044835306131582,7
CAR2,0.5044052046126162,7
GTF2F1,0.5043350822614122,7
ADCY10,0.5043208144250076,6
YTHDC2,0.5040367299778338,7
HSD17B4,0.5039748432306256,7
PSMD12,0.5039559046875962,7
POMT1,0.503885280845828,7
GLRX,0.5035489161403668,7
GREB1L,0.503406618113311,7
CEP72,0.5033203158933656,7
KLHDC7B,0.5032170811310039,7
EPS15L1,0.5031529302497303,7
ANKRD28,0.5030838237494122,7
CFLAR,0.503045048457982,7
LUZP1,0.5029044655195362,7
CYP2C50,0.5028957776743058,7
RBM34,0.5027001293303476,7
CKAP5,0.5026526885023912,7
BC051408,0.5024592363257536,4
SMC3,0.5024079851726942,7
SMARCC2,0.5023433028975048,7
TAB1,0.5022438451553374,7
SNRNP48,0.5021833716421964,7
TMEM79,0.5021558866764401,7
L3MBTL2,0.502105456082023,7
SART1,0.5019115257723316,7
HDHD3,0.501890249862446,7
RNF169,0.5012237546026964,7
9330111N05RIK,0.5010154869452984,5
GM5939,0.5007480594100127,4
MARK4,0.5007479738783422,7
SMOK3B,0.5006713342006952,4
H2AL3,0.5003779678751883,3
BRD9,0.5002698611397494,7
ZFP638,0.5002082394877444,7
NOL3,0.4997692463640372,7
PITPNM2,0.49971837191694146,7
LZTS1,0.49968183106837133,7
INPP4B,0.4993207225732396,7
KNL1,0.4991984213508439,7
ATXN2,0.49910652181391385,7
ZFP109,0.49896968837703237,7
GM6368,0.4989040887543614,4
GM2420,0.498901288668842,3
ANK1,0.4985562425238799,7
WDR91,0.49841071408672744,7
GPRC5A,0.49832903881235796,7
CCNT2,0.49830225187708327,7
KLHL18,0.49815450801898303,7
BEND3,0.4981540976856487,7
KIFC3,0.4981002474034439,7
CELSR2,0.49793728923669145,7
NMI,0.4978443693142162,7
TARS,0.4978427238915143,4
SV2A,0.49779957015102316,6
MC5R,0.4977685585645145,4
CLCN6,0.49773222486617785,7
SENP5,0.497679286514545,7
SPAG7,0.4975769629548057,7
ZFP692,0.4975304161559086,7
TRIM9,0.49727815858892643,5
EGFLAM,0.4972546748513929,7
ZFP619,0.4971721196707421,7
RAB1A,0.4971688100473523,7
FBXW8,0.4971308199386003,7
TNNT3,0.4971017640618693,6
BAIAP3,0.4970331068112505,6
ZFP791,0.4969273416913916,7
KLRA10,0.49673325546465336,3
USP15,0.49652862500920997,7
SRSF2,0.49647594740237083,7
CFAP210,0.4964566140057883,3
TMEM52,0.4960396365584523,5
ALG12,0.49564590217546417,7
ACOT1,0.4956071581598798,7
USP10,0.49556612858855925,7
ARNTL2,0.49527229517774624,4
CSAD,0.49526512773890363,7
BCL2L2|PABPN1,0.4951657029282038,3
MUC13,0.49515499976749544,5
CAMK2A,0.4950364558155502,6
RSKR,0.4949961869828098,7
CAML,0.49443218396594263,7
VMN2R23,0.4943883205461658,2
ZMYM3,0.49435328456640965,7
EIF5B,0.49413200646790123,7
STFA2L1,0.4940348375733113,6
CHCHD10,0.4940224087304393,7
F930017D23RIK,0.4939958311520804,6
N4BP2,0.4939568194893816,7
PMPCA,0.4939409727099037,7
DZIP3,0.4938579512447218,7
MTHFD2,0.49383676334488025,7
ADAMTS9,0.4938151211323246,7
GM379,0.4938108312630547,3
HARS,0.4935582535568751,4
HDC,0.49348375101770525,7
INTS12,0.4933211226852427,7
MLST8,0.4930328883821255,7
GM12852,0.4929442429507098,5
PRIM1,0.49291161840471337,7
COTL1,0.4927720291668904,7
MYBBP1A,0.49262233340822487,7
RESF1,0.4926095494152315,7
GM18120,0.49260115802027304,5
IQSEC1,0.4925907691147046,7
RAB3D,0.4923997197006406,7
KANK1,0.49236009913867523,7
ARHGAP20,0.49212772266060717,6
4930533N22RIK,0.4920967809579193,4
LHX9,0.4918899780369997,5
GM4951,0.49169275867169987,4
RRS1,0.49132036738939516,7
PDE4DIP,0.4912625135268883,7
PHYHIP,0.4910735398184016,6
GM5422,0.4910701839168648,6
GM12057,0.49064361776138266,6
1700108F19RIK,0.4904481119089774,6
TBX6,0.49040604545312416,7
RHBDF2,0.49035366882803,7
HMGXB3,0.4902967358802845,7
INSM1,0.48979976558007515,3
ALPK3,0.4897699241522253,6
KEG1,0.48954571960756343,7
USP5,0.4893923679056931,7
LRSAM1,0.4892373193813458,7
ST8SIA6,0.4889935233589325,6
ZC3H12C,0.48885456892567686,7
SNX27,0.48880348223067543,7
CHRNB1,0.4886358493081942,7
4930432J09RIK,0.4885122421757128,3
HNF4AOS,0.48828975600067415,7
GM29674,0.48826002990925604,3
TNFAIP2,0.487991439373842,7
PATL2,0.4879440895443491,5
TEKT4,0.4879426491502345,3
SEC23B,0.48764999471423554,7
GM14400,0.4876438626010512,4
DMXL1,0.4876257027434036,7
PLCXD3,0.4873503859521614,5
MMAB,0.48715355614052147,7
SF1,0.4870128557185058,7
CDC34B,0.48685983364323804,4
ESRP2,0.48670110216531315,7
CCP110,0.48664756920619673,7
OLFR267,0.4865925139247698,4
VPS37D,0.4862972384886601,7
WHRN,0.48623866201108024,7
TTC26,0.48617950768604257,4
ESPL1,0.4861395153359068,7
CFAP53,0.486136676963997,5
TRIM40,0.4858623698474621,4
PLCG1,0.4856174802738276,7
AARS2,0.4852512255837925,7
PHACTR4,0.4851493058934006,7
AFF2,0.48511915441371967,6
GSDMD,0.4850665567945693,7
SRSF6,0.4849854803244234,7
IFIH1,0.4848275869035585,7
RSBN1L,0.48481933145218453,7
TSPO2,0.4846449870662038,6
KCNG4,0.484545581824374,6
PYM1,0.48441449664831204,7
ASB12,0.48438848964203207,3
GM18225,0.4843551183948985,5
VMN1R55,0.48425312126123243,5
PDK4,0.4842395800914546,7
KLF7,0.48409065565554915,7
SHCBP1L,0.4840805510180884,5
OSCAR,0.4839793831975083,4
GM2546,0.48388841571195673,5
IFIT1,0.48376146355427785,7
CACNB1,0.4837398328479286,7
KIF1B,0.48368953583833096,7
MARK2,0.4836357638723704,7
SDR42E1,0.48349895583524516,7
SMG7,0.4834823809110803,7
RGS9BP,0.4834821279920588,7
UBQLN4,0.48341364499302436,7
ATRX,0.483198769460497,7
UCHL5,0.48317912977774896,7
NECTIN1,0.4831717293858336,7
TMCO3,0.48316389994762704,7
GARS,0.4830384653256523,4
CFAP69,0.4828979960082994,7
GM4835,0.4828699704673346,2
CDK12,0.48260889101298143,7
HIRA,0.48232694203629733,7
VSIG10L,0.4821710180167515,7
ZBTB49,0.48211129836780536,7
INSC,0.48193925117760666,7
TAF13,0.4816941931808009,7
GM4335,0.4816392739431053,6
CD36,0.48160155401511917,7
CAPN2,0.4815949794030651,7
TSR1,0.4815360567219572,7
PDE6A,0.4814644623324086,4
TRMT12,0.4813808467650769,7
STRIP1,0.4811659288471982,7
WDR62,0.481060326255482,7
IDO2,0.48097618838012224,7
ZBTB26,0.4809724306288837,7
CFAP298,0.48074704862796824,7
GPR17,0.4806032297456979,6
PDIA4,0.48052408384479184,7
GM10029,0.4804082214110938,2
CHIC1,0.4803341612709934,7
MED1,0.4801737013896405,7
TRIM56,0.48007483573231313,7
TLN2,0.48002721871682763,7
RB1,0.4800234400939821,7
RUNX1,0.47984266783158863,7
PHEX,0.4797468073883732,3
POU5F1,0.47968919651023967,3
4933431G14RIK,0.47962420692431906,4
CIMIP2A,0.4796191489779991,2
DERL3,0.4793622187851136,7
MRAP,0.47934529759767336,7
RNF214,0.47923043004751403,7
CDH3,0.47915585312724307,7
5031425E22RIK,0.47892596445959507,7
HMG20B,0.47892513021751953,7
RASAL3,0.478658131020172,7
GALNT9,0.47764081888820503,5
GOSR1,0.4771007264994124,7
KDM6B,0.47704085031344207,7
ZBTB7C,0.47700744958891333,7
ZBTB37,0.476945887336435,7
TBC1D22B,0.47676051185814444,7
RBPJ-PS3,0.4767334267178116,6
GM13882,0.47668164626284815,2
FAM210B,0.4766761981357058,7
SNX11,0.4766531863155799,7
CEP131,0.4764832769957069,7
ZFP688,0.47643100474083305,7
4931428F04RIK,0.47637128256191885,4
XRRA1,0.47620498551117374,5
SRGAP2,0.4761692219075608,7
PAN2,0.47607191302217255,7
TESK1,0.4760244324694437,7
BAG6,0.4757928002056153,7
ZC3HC1,0.4757601666384329,7
SV2B,0.4757506192462828,2
COL12A1,0.47557169764100227,7
PIH1D2,0.4755681742968822,7
GM9797,0.4755667452473327,3
SIRT4,0.4755374795782584,7
SCFD2,0.4754720401793079,7
CSNK1G3,0.4753728586052025,7
BRF1,0.47532856090064074,7
MUP19,0.47524768798760597,6
XNDC1,0.47504788010554433,7
TFPI2,0.475038050664219,7
PA2G4,0.4749471711069903,7
RELCH,0.47472456292022197,7
C1RL,0.4746783897251656,7
METAP1D,0.4745861516753255,7
LURAP1L,0.4745018703885746,7
FXR2,0.4743325433520772,7
CPNE7,0.4742934335885937,6
TXLNB,0.4742233711796689,6
DCTN4,0.47422049726864496,7
OLFR552,0.4742011312545984,4
PPP1R27,0.4739925692752452,4
ZFP788,0.4739845122416449,7
NAGS,0.4739398762806935,7
BICD2,0.4736473220658112,7
TMEM139,0.4735065836747797,7
RABGAP1,0.4733091165329092,7
ZBTB4,0.47313582752650973,7
PPP1R14C,0.47307140419027255,6
GM15371,0.4730529096279766,6
MITF,0.47294752415884134,7
JSRP1,0.4729342247134145,6
ZFP60,0.47290709800507896,7
MRPL4,0.47267128894250515,7
GM8302,0.4726247901970249,3
MIR99AHG,0.4725840466822581,7
GRHL1,0.47250960349817894,7
ZFP229,0.47248230607628444,7
PPP1R36DN,0.4724300379308306,3
ZFP84,0.4722631211931538,7
REEP4,0.4722072368842188,7
CGNL1,0.47220668508624114,7
ERICH3,0.4721055633852509,7
RPL19-PS7,0.4720137904513227,6
THEM6,0.47198386904162076,7
USP38,0.4719117745234228,7
RBM6,0.47180544127447094,7
YTHDC1,0.47175965509769213,7
RFNG,0.4716852749176406,7
GM12183,0.4716000713539537,7
TENT4B,0.4715758396763195,7
API5,0.4715488247428145,7
AKIRIN1,0.47144922594465644,7
HEATR6,0.4713446885988744,7
ZFP36,0.47123638523360817,7
SEMA3C,0.47110775466575017,7
RAB14,0.4710237820914222,7
XRN1,0.4708760662136946,7
NT5C2,0.47084926005364686,7
RAB7,0.47081177238651967,7
ZCCHC7,0.470790314328811,7
METAP2,0.4707054105715742,7
N-R5S130,0.4706148401058314,3
N-R5S118,0.4706148401058314,3
N-R5S106,0.4706148401058314,3
GM24312,0.4706148401058314,3
PSG16,0.4704340573921981,6
ZFP11,0.47040047061818907,7
GAS6,0.47034887758497285,7
SNRNP70,0.4703186747259484,7
SHISA2,0.47027872138600724,7
MTAP,0.47018918833317686,7
CACNA1G,0.46989003620267616,6
SREK1IP1,0.4696709518269057,7
THRB,0.4696596383498813,7
NR1H3,0.4696254759826198,7
GM6745,0.4696107496369902,6
H2AC24,0.4695293297795735,6
GM13416,0.469499353400763,4
PHF8,0.46949346961188176,7
DTX3L,0.46936551269208887,7
CASC3,0.46913710714225015,7
TRMT1L,0.46889014464458045,7
CEP76,0.4686432370763954,7
SOGA1,0.46835727771025676,4
TUT1,0.4683529399402494,7
STX7,0.46829938269320115,7
DDI2,0.46828378962410383,7
SLF2,0.46821482563362427,7
SNX33,0.4682139613995049,7
CSNK1D,0.46821194936139376,7
RIF1,0.4679059866963272,7
ANO1,0.4677418452575402,7
PI4K2A,0.46763826853472523,7
GM29787,0.4675683882192353,2
ZFP26,0.46730644488760736,7
FARSA,0.46722740457511136,7
PBX1,0.4669192556576708,7
SLC37A1,0.46654435269157607,7
MYSM1,0.46613733095435356,7
TSHZ2,0.46596998248594435,7
GM11687,0.465927314805499,6
GM22357,0.4658663206510152,5
3110006O06RIK,0.4658473280151778,4
GM15941,0.4656643515464423,6
ABCA8B,0.4655763447503142,7
ABHD4,0.4655646488173634,7
OLFR539,0.46541956634698795,3
NSD1,0.4654022794360565,7
TNPO3,0.46527532683055833,7
OLFM2,0.4652731229224737,7
XPNPEP1,0.4652404612245902,7
EIF3J2,0.46523157648365526,7
A330032B11RIK,0.4651332540805768,3
ATG4C,0.46508455006843236,7
EXPH5,0.4648218649023446,7
VPS37B,0.4648048183348793,7
DDX60,0.464660773126973,7
CNPY3,0.4645444922628454,7
TNIP1,0.46454355556298293,7
MTA3,0.46442939244806325,7
ZADH2,0.4642811242923741,4
ELANE,0.46413668462551144,6
PIGB,0.4639872423314208,7
GM7497,0.4639813123502761,6
ATXN7,0.46392492169043836,7
DMTN,0.4638258910078022,7
EFNB1,0.46371326053341366,7
APOBR,0.46359275517509413,7
GM25432,0.46329582040766176,6
PDS5B,0.46322852271124276,7
EXOG,0.4631674827740756,7
GM10390,0.4631605120790414,6
BCLAF1,0.463149297791363,7
IGKV8-27,0.46298382997400006,6
GDA,0.4628851476051192,7
1700066O22RIK,0.4625729496109012,3
PCNP,0.46253573380767776,7
SPECC1,0.4624505106728119,7
TUBGCP3,0.4624063182731969,7
PFN2,0.4624000632793607,7
OLFR1036,0.46226792251050364,2
PPP1R12C,0.46222997611602007,7
PIAS4,0.46221444069279755,7
DNALI1,0.46221402049379884,6
USP21,0.4622098945512581,7
APPL1,0.46219925197606443,7
ZMAT3,0.4621349913345056,7
SMARCE1,0.4620401292427113,7
3110053B16RIK,0.46197360014763866,3
ANKRD13A,0.46185121257366646,7
PHF2,0.4617524865386081,7
GSDME,0.4617150973721925,7
VMN1R58,0.4616299482873719,5
EPRS,0.461577920413967,4
PTPN11,0.46140639371703035,7
PAX1,0.46130261538600714,2
CHST13,0.4611319064674273,7
LITAFD,0.461043682676165,2
MTNAP1,0.46093605638900353,3
R3HDM2,0.46076801332205075,7
CCDC159,0.4606057384665278,7
CCDC68,0.4602072555164454,7
USP8,0.46009469851537793,7
PTGES3,0.46008453566408153,7
ADAM28,0.45996561015401927,3
BRD10,0.4599650279735095,3
GM5487,0.45993183164245194,3
PRKAG2,0.4598679685314532,7
CYP8B1,0.4598625475997754,7
BCL7A,0.4597289694527478,7
ZFP830,0.45965892314060675,7
CIZ1,0.45963373597962337,7
UVSSA,0.459567973189435,7
FNDC3C1,0.459545203241699,5
TMEM52B,0.4593698069988941,3
GM31333,0.4592162225729778,5
STAG3,0.4591766799215727,6
PIERCE1,0.4590382898892321,5
PKNOX2,0.4590175712622547,7
DAPK3,0.4589616996264569,7
AK1,0.45892984437046686,7
ARMH3,0.45878605627529817,7
NECAB1,0.45870784430793193,7
DDX58,0.45859296370469926,4
RBM45,0.4585521966269649,7
STAG1,0.45849566894487725,7
TRMT6,0.45836998293656134,7
FBXO16,0.4582746096576537,5
WAPL,0.4582458712337455,7
RNF141,0.4578523944817004,7
STAT3,0.45753490512294864,7
EFR3B,0.45741514597170113,7
POGZ,0.4574133641017143,7
ZFP398,0.45740316442388573,7
RPAP1,0.4572103514519887,7
ETHE1,0.45700571997343836,7
HELLS,0.45671088884423044,7
A530016L24RIK,0.4566734051746982,6
PPP1R3A,0.45663419693978496,6
STK4,0.45659653205391165,7
VMN1R28,0.45640607591220717,2
POLR3C,0.45638801101002185,7
GM14584,0.4563066847508108,6
HSD3B2,0.4561862535349532,7
GLI3,0.4561346395057189,7
BICRA,0.456059697796834,7
ORM2,0.4559830334430777,7
CEP83,0.4558164396860954,7
SLC10A6,0.4557097024548325,6
ZFP329,0.4555510554090833,7
ARNT2,0.45551785755344043,6
APOL11B,0.4554987534073042,6
JPH2,0.4554683247223104,7
U2SURP,0.4553459971811624,7
TTBK2,0.45497864154666035,7
TGFB3,0.4549576431191,7
FOXK2,0.4549523049331515,7
PLEKHB1,0.45492826989702767,7
KLHDC9,0.4549180851027039,6
DNAJC25,0.454841151628776,7
ZFP445,0.45479639885670486,7
PRR16,0.45461365044217217,7
4930509E16RIK,0.4545359521316411,7
TLCD3B,0.4545331017023544,6
MED13L,0.4542814968075929,7
UBR1,0.454122001214423,7
GM23887,0.45407157379393714,3
SCGB3A2,0.4540478340750808,3
RSPRY1,0.45394175110452245,7
KCNAB3,0.45379157433783746,7
GM8670,0.45355709948336065,6
MYO3B,0.4534463884858766,4
ZFP369,0.4533993713431159,7
PUM1,0.4531257050937098,7
GM7908,0.45281477708223106,7
CNGA4,0.4528004165357953,4
ARHGEF12,0.45279371648345906,7
SSBP3,0.45260706173295545,7
ARMC6,0.4524934453737464,7
MYH2,0.4524773921031601,6
ZFP273,0.4523671450853441,7
ZBTB46,0.45231446328380803,7
NUAK1,0.45222646450507087,7
AP1M1,0.4522004296126806,7
EXOSC1,0.45203335978846315,7
WWOX,0.4519890695220553,7
CEBPB,0.45197346773389074,7
IL1RAPL1,0.4518090178567169,4
GM26110,0.45170582509106383,4
SPEER4A,0.451673568467294,2
MAPK15,0.4516619877523794,7
LILRB4B,0.45131461598435313,6
TMEM95,0.4512938303729097,2
GM15376,0.4510978005265174,7
HASPIN,0.4507813320566986,7
PSMA4,0.450662975593852,7
DPYSL5,0.4506570197300445,6
GM12346,0.4506376979984279,3
SLC16A1,0.4505991125132634,7
ADPGK,0.4505192624451918,7
ABCA2,0.45036787663262207,7
ETNPPL,0.45035307891077164,7
TRIM72,0.45029723213322476,7
RSF1,0.4502917012774809,7
ABITRAM,0.45028827742941785,7
COL15A1,0.4501283205724045,7
PCDH19,0.4500680674496871,6
MARCHF9,0.4499881856801589,7
STAC3,0.4499828379828518,7
EPHA2,0.4499570397619636,7
MND1-PS,0.44993964810342624,4
GREB1,0.449937626773769,6
SLC4A10,0.4498359854283965,2
RWDD4A,0.44969709615955306,7
ZFP827,0.4496664203813006,7
FOS,0.4496655765833304,7
MAP3K6,0.44946624694207454,7
CDX4,0.4492898701544879,6
SUPT16,0.44927815846138863,7
ACOX1,0.4492588403415499,7
CAR3,0.44920307441489615,7
ARAP1,0.4491711501425228,7
GM16551,0.44914128404845505,7
CFAP91,0.44912607179311725,5
RETSAT,0.44905170950789614,7
MTERF3,0.4489479963849522,7
SYNPO2L,0.44890298362276393,7
HSPA4L,0.4486794545730037,7
MINK1,0.4486477718934911,7
C5AR2,0.4485794617164122,7
SNAPC1,0.4485492273398968,7
RASAL2,0.44837743281682724,7
ATP8B1,0.44837644884412764,7
UNC13C,0.4483026166435956,4
POTEFAM3E,0.4482613358229878,5
PRDM15,0.4481085101097522,7
ZEB2,0.4480161340928687,7
2810047C21RIK1,0.44792606931424783,5
CCDC103,0.4479102862575055,6
GATC,0.44789248263115516,7
DSTYK,0.44779401231888294,7
ERCC6,0.44749278028605494,7
ZBTB10,0.4474641597575832,7
ANO5,0.44746267505941084,6
SAFB,0.44727830597896767,7
DPH5,0.44698761177012286,7
SLC35G1,0.44696412302044713,7
NCALD,0.44674182146381736,7
PPP4R4,0.44660621326474725,7
PSEN2,0.44652325106575524,7
POT1A,0.4465173738446763,7
ZCCHC2,0.4464852417757519,7
DPYS,0.446470044374069,7
ASB11,0.44634334315423213,6
CRYBG1,0.4462895080969849,7
GM2885,0.446217160203188,2
KCNJ1,0.4461159535995064,4
GM10481,0.4460342465352876,3
CCNJL,0.4460304575431945,7
GM12444,0.44602855563911614,4
GM13648,0.4459930962581429,6
GM13313,0.445880841743547,6
IL23A,0.44587448540596414,7
DRG2,0.4457411478017609,7
WARS1,0.4456067680638173,3
AP2M1,0.4455353342574197,7
GLRP1,0.4454489587294943,6
PNMA2,0.44540658312031994,6
LSMEM1,0.4453219800666947,4
EYA3,0.44518342928865345,7
SAMD4B,0.44517773026222235,7
CD46,0.4451590990512036,7
GM7593,0.44512504705124006,3
GM6034,0.444914471605342,6
DDX39A,0.4448960360864141,7
PDE10A,0.44485120820129126,7
PAWR,0.4446746302295842,7
C730002L08RIK,0.44465203482057714,7
TMEM171,0.4446404749759481,7
MTMR9,0.44462881961186385,7
ST6GALNAC3,0.44457906870048197,7
AEN,0.44453652209267325,7
ZFP275,0.4444373003026437,7
NF2,0.44436639472606076,7
ARHGAP8,0.4443562234408122,6
PROSER1,0.4443416001090514,7
PFKFB2,0.4442816108746689,7
GM13415,0.4441083697013806,3
D930048N14RIK,0.44405320847882407,7
ATF4,0.4440198547877648,7
EXOC6B,0.4436239756716876,7
ZFP148,0.4435914422815849,7
SNX18,0.4433966494581861,7
GM14760,0.44335932551027185,5
PCM1,0.443342728584294,7
POU3F1,0.44330969040958107,5
HOXAAS2,0.44317240399523694,6
POU4F1,0.443103019552143,6
NR2C2AP,0.4430866571535166,7
SMURF1,0.44307820228802414,7
TMEM243,0.44306042282051006,7
PLA2G6,0.4430276451437796,7
F420014N23RIK,0.44287628318158473,6
MIER2,0.4427965743132328,7
P4HA3,0.4427762802412186,5
UBASH3A,0.4427703300467643,7
HPS3,0.442707525018408,7
OTUD4,0.442555018870033,7
KATNIP,0.4425036839449773,7
AK8,0.4422649205589185,5
KDM5A,0.44222843796701516,7
2210416O15RIK|CUEDC1,0.4421649714483405,6
ALDH3B3,0.4420460130556938,6
VMN1R174,0.44197435226001186,2
STAT2,0.4418585402781825,7
SSR1,0.4417694290790705,7
TPSAB1,0.44162944408644667,2
ARMC8,0.4415697089959346,7
STAU1,0.4415470048467003,7
B3GAT3,0.4414531829215423,7
GTF2H3,0.4412032958375711,7
GM14412,0.4408672223080756,4
SKI,0.4408446971581314,7
HDNR,0.440779154607757,7
GNL2,0.4407487402609526,7
ETV6,0.44070616386868494,7
EFCAB1,0.4406862025561067,3
DAAM1,0.44063658505269326,7
OR13A18,0.44041533959046075,2
GM14440,0.44022312540885655,4
CCDC136,0.4402061766630127,7
FAM3A,0.4401215747930541,7
SOS1,0.4399860444395046,7
CLHC1,0.43993565840580795,5
CCDC85C,0.4398189628546687,7
BACE1,0.4398099864827189,7
ZC3H15,0.4396920859233688,7
RANGRF,0.4395584950117197,7
MGA,0.4394635106456482,7
DHRS7C,0.43942669370730786,6
CCDC141,0.4393702804707331,7
GM17936,0.43922695638612047,7
PNLIPRP1,0.43922279552228877,5
FAM214A,0.4391066651557478,4
GM20594,0.43897996561238345,2
FYCO1,0.43859543692056374,7
G630016G05RIK,0.43841861749487654,5
MAP2K5,0.43837130026438587,7
SETD5,0.43832818285731046,7
GM36908,0.43830950290903464,6
GRHL3,0.4383001159146803,7
GM35164,0.4382324084651373,3
UBAP2,0.4381599198221067,7
GM6266,0.4380724599772819,5
TMEM178B,0.43803977301034497,6
LOXHD1,0.4380179338009952,2
SLC1A4,0.43801178824245746,7
D830032E09RIK,0.43799272920793025,7
JMJD4,0.43798998498600283,7
VMN1R76,0.4378199125922962,2
FER,0.43748374570577075,7
GM49333,0.43744602378807546,2
INSYN2A,0.43731713096442576,6
GM2673,0.43716548055451065,5
GRIA2,0.4371128864695045,5
GM336,0.43701965985011837,5
SETDB1,0.4370101153207662,7
GM1976,0.4369552784276752,7
DLEC1,0.4368673883188439,7
TMC6,0.4368072902196706,7
PPP6R3,0.4367165500535964,7
4933408J17RIK,0.43654511412642605,4
GM5841,0.4362435553764939,3
JMY,0.4362091424428392,7
MAPK1IP1,0.4361994038856306,7
CCDC15,0.4361819445526932,7
CBFB,0.4361697728096639,7
TAF6,0.435999233634257,7
EDEM3,0.4359325848081091,7
BICC1,0.4358643208205688,7
GM7467,0.4355047709872854,7
QSER1,0.43540426531504967,7
AXDND1,0.43536945745045363,4
GRIK1,0.4350374326298471,2
GM18990,0.43503607474907163,6
CHD2,0.435024145327675,7
RALGPS1,0.43494192066527687,7
CAP1,0.4348311159544768,7
FAM110B,0.4347603224331747,7
USP34,0.4347121179480363,7
MRPL39,0.43465997901363307,7
GM2396,0.4346227432840545,5
NOL8,0.4345824801528537,7
ALKBH5,0.4343070254575291,7
WNT2B,0.43408063930249224,7
CDC25C,0.4338833000425942,6
LRRTM2,0.43384139479862,3
PIGA,0.43378166935903595,7
ZFP689,0.43366976661293793,7
FEM1A,0.43364538361288324,7
EHD3,0.4335152751637344,7
SRGAP1,0.4335111108877139,7
GM15455,0.4334940611013764,6
CCNYL1,0.4333805261583557,7
ABRA,0.43326936141994904,6
GPM6A,0.4332532101628969,7
ZFP451,0.4331628132031734,7
DOCK8,0.43310569551644235,7
ST13,0.43302341752730694,7
SARS2,0.43296510645896574,7
WDR43,0.4328558754170378,7
ESR1,0.4328389497682751,7
MYL3,0.4327831617259765,6
PCDHGA7,0.43276348474106435,7
KLRC2,0.4327305146547385,7
FAM234B,0.4327153154760639,7
GM7160,0.43249172355715604,7
LCA5,0.43192090679398426,7
GM26797,0.43181259166624225,5
IRAG1,0.4317999497866663,7
VMN1R16,0.4316260891449377,2
AGL,0.43128527533702615,7
NEXMIF,0.43125169122956575,7
GM4840,0.4311081934803229,3
GM14828,0.43092445645425403,5
GRIN3A,0.43079724316115564,5
GATAD2B,0.4307807365017887,7
ADAMTS12,0.4307357392819619,7
SFI1,0.43070609368700297,7
PACS2,0.43058087544924917,7
MRPL35,0.43053991967544375,7
UBE2F,0.43052511974318597,7
ZFP991,0.4302022607979476,7
PDCD6IP,0.43017357050546506,7
MRM3,0.43015715249460557,7
PHKA1,0.4301526763561734,7
HSDL2,0.43000382400375264,7
EBF4,0.42966796465627205,7
TNXA,0.4294372670550984,3
BMI1,0.429269511427564,7
SMIM15,0.42925426971337616,7
GM18991,0.42925034687839014,6
ITCH,0.42921010916552177,7
GM17767,0.429145942424148,7
PLCB4,0.4291212418044776,7
RTL9,0.4288449691284187,4
PADI2,0.42856333111760364,7
RCC1,0.42849043258065506,7
DUSP16,0.4284362480884076,7
DLG1,0.42836334326202075,7
FBRS,0.4283525982017659,7
NUDCD1,0.4283276849365801,7
TRAK2,0.4280791981259518,7
CENPM,0.427913483038243,7
PKDREJ,0.42782877720059825,6
SREBF1,0.427799344466212,7
RBM41,0.4275937696452587,7
RPRL3,0.427557607354961,4
ZFP112,0.4275283675949218,7
EID1,0.42697524729761926,7
GPR150,0.42691600068165836,2
ZFP426,0.42679422513111903,7
EFL1,0.4267578714392288,7
RPL7A-PS10,0.4267470388893064,6
UPF2,0.4267128202604575,7
PAFAH1B1,0.42665142315544874,7
KRT79,0.4264677729091863,5
AMMECR1,0.42625098408447,7
GM10845,0.4262439359538188,3
FKBP5,0.4261287483286501,7
SHOC2,0.4261263105258536,7
ADAM32,0.4261010262590125,6
MEIOSIN,0.42600502413692354,4
HELZ2,0.42600002985976454,7
GRK1,0.42599632578052965,3
MYLK2,0.42594020345594635,6
ATP6V0A4,0.42592595146463463,7
2310069B03RIK,0.42580105897987636,2
GM7059,0.42577332343577656,4
SLC9A3,0.4257706200800893,3
DTD1,0.42570252130928815,7
AP2A2,0.4256352315799246,7
GARS1,0.42559833523236074,3
VMN1R5,0.42548272861997766,3
DENND5B,0.42545948962968394,7
GM9531,0.4254259670898725,3
FAM50A,0.42537212477950853,7
TBCE,0.4253269340044695,7
LITAF,0.4251041462997828,7
1700057G04RIK,0.42495702387875994,3
GLT28D2,0.42476709482962555,7
TLN1,0.4247344034135007,7
PPM1G,0.42472528470546844,7
KIF16B,0.4242640971709243,7
RPTOROS,0.42424222465810923,4
MBNL1,0.42419407580049623,7
PPP2R5B,0.42416276567712435,7
CTTNBP2NL,0.42401579594636296,7
GM32391,0.4238011713445295,3
3425401B19RIK,0.42360581388306184,6
TAOK2,0.4235236025131221,7
IDI1,0.4235087680984796,7
C1QTNF9,0.4234198954776498,7
ARHGEF7,0.4233337511384452,7
ZBTB9,0.42332823727790553,7
GOLGA3,0.42320206004233346,7
DENN2B,0.4231660518128715,4
PGM2,0.42313806163425377,7
TRMT61A,0.42312356727513284,7
GM9828,0.42308180108068216,7
CIDEC,0.4229021378219004,7
DNAJC6,0.42275894570674194,6
CCM2L,0.42248970704636873,7
UBE3C,0.4224690632163002,7
FAM184B,0.4224460870190158,6
EEF1A2,0.42241672262933716,6
GM3695,0.4223577912680798,6
WDR54,0.42234032483953526,7
FSTL5,0.4220098978391669,2
DKK2,0.4217807134259524,6
UBE4A,0.4216737260824681,7
PCDH10,0.42161550461107034,6
GPC5,0.42154584736258743,3
WDHD1,0.4214909100823605,7
CYP3A13,0.4214627428984374,7
CBL,0.4214312984868625,7
BHMT2,0.4211220878840158,7
AKAP8L,0.42099088941685936,7
AIFM2,0.42093287097111853,7
SUCO,0.4205790683057993,7
EARS2,0.42050788817600254,7
GM17068,0.420340696873456,6
G3BP2,0.4202491539097841,7
TRIM16,0.42016993630735844,7
BVES,0.4200748806825929,6
CNTF,0.42005399254879133,7
ENO3,0.41996393391238435,7
DENND10,0.41993082013049854,7
PIK3R1,0.4197952081557566,7
SLC17A7,0.41953373807510286,2
EGF,0.41951658068904946,7
TUG1,0.4194272643379263,7
APOL10A,0.4191621140905354,5
SBNO2,0.4191484364318733,7
NOTCH4,0.41912534701813703,7
UBXN2B,0.41869904386328155,7
ORC3,0.4186214021223135,7
ZSWIM9,0.4186091026494709,7
SIM1,0.41850097902538036,3
GXYLT2,0.4185000620265293,6
PARD3,0.41844565737701067,7
MRPS5,0.41844531035089033,7
VMN2R115,0.4184089006325875,3
LRIF1,0.41827834646246564,7
PLS3,0.4182297522958947,7
SH3RF3,0.4181021838395579,5
NETO2,0.41804635055920947,7
PCGF3,0.41781623682748054,7
FBXO6,0.4177379323513183,7
MED19,0.4177264894136045,7
PCGF6,0.41769206541230347,7
TBC1D12,0.4176178731926143,7
GM8146,0.41740188563795916,3
TMEM167,0.4173938969215242,7
STAT5A,0.417387825411658,7
DEK,0.417332776892918,7
AW011738,0.4171867443319663,7
PCDHGA9,0.41713510024033773,7
1700001J03RIK,0.41709836475202183,4
9330133O14RIK,0.4168172480412145,3
2810029C07RIK,0.41673078652275086,7
TMEM132B,0.41664843853905104,5
HAS1,0.41660333776261116,4
NINL,0.4165309872306466,7
LIN7A,0.4164026784840322,7
PAK5,0.4163779727291012,5
UTP18,0.4162453366584525,7
ARHGAP33,0.41617286079517013,7
TOP2B,0.4160628790316255,7
ZFP281,0.41595698308467005,7
METAP1,0.4159083705406078,7
GM18726,0.4156487133012244,3
VMN2R84,0.4156388659971147,3
CAD,0.41552294677624296,7
GDF7,0.4154650073578348,2
PIAS1,0.415369697130673,7
GM26473,0.4153494042413812,3
PRKAA2,0.41530575143271425,7
PARD6B,0.4153050589853822,7
TPM3,0.41521645927206174,7
SLC26A4,0.41508147571752413,7
PGM2L1,0.4150375020981992,7
SPEER8-PS1,0.4149972638977652,3
ZFP408,0.4148417334450328,7
COX15,0.41483705425946055,7
ZFP36L1,0.41479108218593336,7
ASTE1,0.4147622628383174,7
GFRA1,0.41474246325231523,7
UBE2E2,0.4145940482697363,7
DGKE,0.4145252594804864,7
XPNPEP3,0.41451897288716266,7
ZFP628,0.41449240590757397,7
SUGP1,0.4144279492470737,7
FUT1,0.41436943595746495,7
PTPRS,0.41427112932139604,7
5730507C01RIK,0.41416273109038365,7
ZFP605,0.4141049132820295,7
AIP,0.4140979778552723,7
KRT5,0.41408359364835945,4
NIF3L1,0.4140143682736625,7
HMG20A,0.4139667432549752,7
PASK,0.4138296688351891,7
PKN2,0.41379555544397445,7
DNAJB7,0.4136184632510161,6
HTRA2,0.41356262991449794,7
ANKIB1,0.41354446360246605,7
TRAPPC10,0.41349477159173126,7
UBE2CBP,0.41347742951168764,4
ITIH3,0.41345646548097587,7
VPS53,0.4130177401104723,7
CNTN6,0.4128986964161714,4
ARL4A,0.41289594875718655,7
BRPF3,0.4128797301996499,7
CHGB,0.412864521317651,4
RHAG,0.4128180447187017,6
DNAH1,0.4128144865525552,6
GM6614,0.4127240683039011,4
A830018L16RIK,0.4127127756374297,4
NHLRC4,0.41265589636324057,4
GM7463,0.4125661966465164,7
ODF3B,0.4124322764445758,4
USP13,0.4121973077883638,6
ZFP455,0.4120229923227131,7
PREP,0.41195534539430795,7
POLR3D,0.41195313725722466,7
DCX,0.4119467729684805,6
OBOX4-PS3,0.41189851017960094,7
NPY,0.41188459477464817,4
DBF4,0.41186389005194923,7
HHATL,0.41183659721992616,4
GAPVD1,0.4118344689009268,7
ANKLE2,0.4116556813303385,7
MTIF2,0.41157003382758944,7
HSPA5,0.4114343730862485,7
GM8738,0.411426096546493,5
KLHL38,0.41135705287534857,6
TMEM221,0.41124534370121435,7
IRS1,0.4112305395204779,7
PURA,0.4112286038173556,7
CDCA2,0.4111700912409849,7
4930503L19RIK,0.4111648911412109,7
IGFBP5,0.4109983544574821,7
DOK7,0.41067372121979145,7
MYOM2,0.41057217454020084,6
PALB2,0.41047333823197996,7
MKRN2OS,0.41016321541228395,7
PELO,0.40969722355300286,7
LIN7C,0.40961641794105214,7
DDX42,0.40953623450301496,7
NLGN1,0.4095312969112271,3
SMARCAL1,0.4094939947902804,7
ZFP111,0.4094143111108994,7
DDX59,0.4092420214250233,7
INO80,0.4092346113945797,7
IL6RA,0.4091989100541001,7
ALMS1,0.4091677725541227,7
OLFR1371,0.40902211611402783,2
PLA2G4E,0.40888514071438764,4
EXTL1,0.4088179316149719,7
GM8098,0.40865311857100123,4
SYNJ2BP,0.4085496540214196,7
RFC1,0.4085434025512473,7
STAT5B,0.40853196308182776,7
IPO13,0.4084269940018344,7
RARS,0.40825764044309576,4
SSX2IP,0.40808296493499324,7
CCDC92,0.4080611403996673,7
OTOGL,0.408049812227359,3
PRKAG3,0.4079997770043582,6
CEP85,0.40781152867039033,7
METTL4,0.40766489700521225,7
PHLPP2,0.4076195331655415,7
ZBTB1,0.4073561231094392,7
SEBOX,0.40698844338855666,7
1700113A16RIK,0.40698468221197304,7
FGL1,0.40695394599071255,7
ZCWPW2,0.40691055523610903,6
GM43868,0.40687891401885484,6
SMAD4,0.4067943140369403,7
KMT2E,0.40668992254683517,7
PDSS2,0.40666232020300414,7
ERO1B,0.40663587627306075,7
TMED9,0.40663305697683416,7
LYNX1,0.40651366939089056,7
OTUB2,0.4063452387996435,7
ALDH18A1,0.4062454350608561,7
INTS15,0.406209688537093,3
BRCA2,0.40608491894240484,7
PEX11A,0.40592151873146637,7
TOMT,0.40590834037638823,7
GM23240,0.4058622742729032,4
FAM169A,0.4058596920643964,7
RPS2-PS11,0.4057021453748864,3
EBF2,0.40560166606270165,5
HSD17B3,0.4055130372602495,4
LOC118568041,0.40546623557862294,3
DHX15,0.40546611967175455,7
PCDHGC5,0.40541265179696445,6
ACAT1,0.4053488123815477,7
RNF38,0.40530823423490075,7
CDON,0.405282234333502,7
SNX13,0.4052791555502913,7
TRAF3IP2,0.4052717801676846,7
CHML,0.4052226644692904,7
RC3H2,0.40504334410691445,7
TMEM108,0.4049441814447331,7
MDH1B,0.40490482255410787,4
CXXC4,0.4048888170665332,7
RDH10,0.40487384874237353,7
IGDCC4,0.40479147060933807,6
RAB25,0.40453390250048243,7
DNAH17,0.40440606885034386,7
PIDD1,0.40438539154652303,7
CACNA2D3,0.4043189271519884,6
XK,0.40423501320360533,7
GM10131,0.4040273058036087,4
4930511M06RIK,0.40398749396906286,6
MANF,0.40395356048948966,7
POLR3E,0.40391025117690865,7
HNRNPC,0.4038011851146333,7
EXOSC3,0.4036784620823564,7
GEMIN8,0.40356922322046135,7
LRCH4,0.4035148613322272,7
DENND4C,0.40342472577563526,7
REST,0.4033424392252905,7
ETNK1,0.403328451357243,7
GM22265,0.4031291837819846,2
FOXRED1,0.40306351668225704,7
SNAPC3,0.4029783480683062,7
PKN1,0.4029604284358616,7
MIR6353,0.40294002108537186,2
D5ERTD615E,0.4028836049825314,5
C3,0.40286089781841194,7
FRMPD1,0.402856130712694,4
KLHL12,0.4027467029905856,7
CDK13,0.40264101356305554,7
AKAP8,0.40263463901261903,7
CD209B,0.4026226210083391,7
RPS19BP1,0.4024294313237352,7
RXRG,0.402396939700197,7
AAAS,0.40235180959248124,7
LY96,0.4021868081601981,7
VWA3B,0.40200751607105645,7
FAM222B,0.4019867945046324,7
DYRK2,0.40187266540626704,7
TMEM62,0.40183231749436704,7
RSBN1,0.4018293183477712,7
RRP12,0.40176814501749536,7
EQTN,0.4017584190602872,4
VMN2R46,0.4015730502534378,4
ESD-PS,0.4015619599080952,5
DIO2,0.4013766855774242,6
PTPRK,0.4012891351056222,7
PBX3,0.401129502317698,7
CHRDL2,0.40110611011234304,6
GM25587,0.4009418646619858,2
NUCB2,0.40091951143332466,7
HCFC2,0.40077089218837303,7
RPLP0-PS1,0.4007332996454288,4
ATF1,0.4005477918417816,7
MYRF,0.4005099498551089,7
TRAP1A,0.4004312635603778,3
GYS1,0.4004000057644745,7
STRADA,0.40038625671941025,7
CES1A,0.4002330714802569,7
TNNT1,0.4001447980490441,7
RALGAPA1,0.4001046299576455,7
SPATA2L,0.399987316906492,7
CHORDC1,0.39981466904319474,7
FOXA1,0.3996771979247356,7
GM25134,0.39958198021410407,3
ITPRID2,0.39950687246082467,7
ARHGAP12,0.39931696908712616,7
OLFR695,0.39923544478151607,2
UBAP2L,0.39916014892881935,7
NHSL2,0.39909071003153285,7
SMIM33,0.3987698204044965,2
KCNA7,0.3987205116735301,4
DR1,0.39864557141884677,7
INTS4,0.3986186350816257,7
OLFR694,0.39855099166984187,2
GM18813,0.3983850177310121,2
4933403O08RIK,0.39834426632717806,2
SAMD1,0.3980114598227912,7
GTF3C1,0.3978052377592712,7
MSL2,0.39778293635115985,7
MEIS2,0.3977489287362356,7
SPEN,0.3975916353838432,7
CCDC82,0.39742857758552297,7
MBLAC2,0.39737679797545716,7
RHD,0.3973007897215062,6
GM12846,0.3972471213546439,2
TSC1,0.3972356066972317,7
EPHB1,0.3972182234387724,6
5730409E04RIK,0.3971971399112119,7
ANKRD42,0.39718938445902546,7
CXCR2,0.39715287155881346,6
KATNBL1,0.3971473214855732,7
TMTC3,0.3967561593493829,7
PSME3IP1,0.39647726877552975,7
AHI1,0.3962382263336807,7
GLB1L,0.3960555294591671,7
ACYP2,0.39603963489385385,7
ELP2,0.3960220465681387,7
ZZZ3,0.3959711864848944,7
NLRP3,0.39592645060109594,7
SLC48A1,0.39586428746034674,7
IFT140,0.395734251805841,7
XPO5,0.3955891076507325,7
ARHGEF25,0.3955123706180812,7
GM17830,0.3954284010735974,6
AMD1,0.3953603735474164,7
ZFP553,0.39514667500326334,7
OASL1,0.3951176729996663,7
GM8425,0.39508008537205064,3
MYH3,0.3950258439715677,4
KHDC4,0.3950055993961091,7
GPR35,0.39478496232203153,7
FKRP,0.3947281536134395,7
PITPNB,0.3946861722767127,7
RAD52,0.39461680471950605,7
FAM50B,0.3945928430911526,7
KCTD15,0.39458715863284144,7
RPL21-PS7,0.39453900248543994,2
APLNR,0.3944524939056446,6
KARS1,0.3943672514978218,3
FRA10AC1,0.3943119043924365,7
ANGPTL8,0.3942839813193107,7
PCYT1A,0.3941965954795541,7
PRKG2,0.39389734107932856,6
GJD2,0.3938481607035664,2
GFM1,0.3936093724330019,7
POLD1,0.3935794687794108,7
NT5E,0.3935564641701678,7
APBB3,0.3935432359705459,7
CS,0.39349979387592404,7
TMEM229A,0.39346017909172354,7
ZFP444,0.39342774782309015,7
SMYD4,0.3934014400077907,7
GM12655,0.3933685976001489,3
GM39090,0.3933102233604488,2
KIF5A,0.39328120798558386,7
EAF1,0.39317215251828214,7
ERBIN,0.393135055067729,7
DGKD,0.39302904495776175,7
SP140L2,0.39296253061734127,2
SPPL2A,0.39285666683559134,7
LRRC74B,0.39270019854475996,4
ZFP429,0.3925670186118406,7
TMEM150C,0.39227383993120374,7
RABEP1,0.3921523563223645,7
HPF1,0.3919494873330786,7
DNER,0.39186327237140006,4
RAI1,0.3918542285089945,7
MARS2,0.39184642733299074,7
GM35162,0.39163009161710244,2
PIP4K2B,0.39159871439855476,7
ADORA3|TMIGD3,0.39158611963049333,5
TAF2,0.39153542249245604,7
TNNI2,0.391511534412254,6
PGM3,0.391444191766442,7
ADIG,0.39137418920004885,5
LYRM7,0.3913105654752015,7
CCDC149,0.39116225550743877,7
EVI5L,0.3911326855990544,7
REV3L,0.3910633393347617,7
KLRA14-PS,0.39080789043350517,2
GM42067,0.39075399096202407,6
KHDRBS3,0.39070213709607376,7
WDR37,0.3906833768232897,7
NUMB,0.3905849037224849,7
GM10190,0.39047067286344483,3
CACNG6,0.39046292869106897,4
GNRH1,0.3904624570357109,7
ADAM30,0.39042305355880275,3
RUBCN,0.3901904857398592,7
GM6813,0.3901708181270571,6
SLC26A1,0.38996793307071004,7
PDE7B,0.38995777522558683,7
ZFP414,0.3898877668645815,7
MED14,0.38970991640507213,7
BTRC,0.38961380530724854,7
XPNPEP2,0.3895640939393656,5
TIGD2,0.3895624222877348,7
SLC6A20B,0.38953610949494044,7
GM14150,0.38932670583436657,6
MPHOSPH6,0.38922933304098556,7
LARP4,0.3891784102492565,7
NFYA,0.3889024480675737,7
ZFP7,0.38881295237463426,7
TEX12,0.3888102584852952,7
HNF1A,0.38878031746419556,7
SUPT6,0.3887360958277783,7
4930528D03RIK,0.3887231262961872,3
CEP89,0.3886156391911729,7
SH3BGRL2,0.38847824233950934,7
CILK1,0.38844220117911166,7
LDHAL6B,0.38841952332183155,6
SRSF11,0.3883771134320889,7
OLFR639,0.3883382996678559,4
LMTK2,0.3882552360907385,7
PTCD3,0.38824326882378635,7
RAD51D,0.38820429335867523,7
MLH3,0.38797525450781034,7
SEC63,0.38797517200948356,7
FNTB,0.3878461241609029,7
ATOSA,0.38777009195990114,3
MTREX,0.3876744567410145,7
EHD4,0.38766522839099293,7
TTBK1,0.38734186945145554,7
CYP2AB1,0.3873013600291985,6
GM35339,0.38724865408939957,4
MISP3,0.38720402595795206,6
AFAP1,0.3870038465474434,7
SAV1,0.3868811409818463,7
STX1A,0.3868065776982115,7
TRRAP,0.3866728242138014,7
TSC2,0.3864693436902628,7
EFCAB14,0.3863594355225753,7
UBR3,0.3863386366619848,7
GRK4,0.3863324962176637,7
ZFP61,0.3863168830196536,7
CORO6,0.3862742862412344,7
CFD,0.3861981140566682,7
ZFP9,0.3860304197330568,7
GM18911,0.38599342038583656,4
PRKDC,0.3858789609777909,7
PNISR,0.3855949843406937,7
METTL25,0.3850748434264849,7
NICN1,0.385062706194112,7
ZFP108,0.38498402583031827,7
DOCK6,0.38492530565428773,7
RDX,0.3846855801933208,7
ZFP160,0.3846093243939396,7
RSAD2,0.3844239300191391,7
GM7701,0.3842181099585276,6
CAND2,0.384182049852043,7
RAD51C,0.3838648898907742,7
GM4754,0.3838538886535479,3
LVRN,0.3837553902954954,6
SAE1,0.3836622772372323,7
DLC1,0.3835857295255109,7
CACNA1C,0.38341246557919995,6
ENTREP1,0.38330293411647426,3
DIAPH2,0.38325842249587055,7
PJA2,0.3832268946513696,7
RRM2,0.3830069893539522,7
MAL2,0.38298584901780647,7
OVOL3,0.3829737731936725,7
TNFAIP1,0.3829250717507784,7
JDP2,0.38288730051730907,7
GNG3,0.38280523163042834,5
AEBP2,0.3826923177880296,7
STK36,0.38262272948338394,7
ZFP866,0.38247765182340593,7
PNPLA7,0.3823429967034221,7
BC024139,0.3821298143531009,7
GOLPH3,0.3821180364434317,7
GABRG2,0.3820937040183264,3
HOXC8,0.382036756371717,4
TNNI1,0.38196228043856323,4
DNAJB2,0.3818997724164797,7
PBRM1,0.38189660597356295,7
COX1,0.3818556106400485,7
PLEKHB2,0.38174955774507396,7
GTPBP1,0.3817007543711761,7
GDF15,0.381641124870347,7
SS18,0.38153323624121543,7
DDX23,0.3814912030551418,7
ZFP59,0.38148378928773097,7
BC004004,0.3811171403527019,7
FMNL2,0.38101522422603384,7
PNPLA6,0.3809171362229082,7
SEMP2L1,0.3808705054949232,2
GM14048,0.38085975298450764,7
PFKFB3,0.38076528020587175,7
SCAF11,0.3807616886223139,7
TRIR,0.38069094525453995,7
C530005A16RIK,0.3806503216331269,7
LRRC58,0.3806004699260946,7
EXOC6,0.3804968193605348,7
GM21284,0.380483300425583,6
NLRP12,0.38048198152917667,7
RAD23A,0.38018077979673326,7
ZFP128,0.3800423584385217,7
TXLNA,0.3799428169015611,7
PYGM,0.37987767585030874,7
PIP5KL1,0.37982478210630993,2
BBC3,0.37980335438439433,7
NSMAF,0.3796634110838042,7
MFSD4A,0.37923703066987186,7
GM18736,0.3791227718948705,6
VMN2R-PS88,0.3790954995610198,3
SFXN1,0.37891702760489937,7
VIPR2,0.3788689279953613,5
TUBB4B-PS1,0.37877251144454127,4
UBR4,0.3786277918570186,7
UBA5,0.3784756982676213,7
MAPKAP1,0.37842326517866004,7
CNDP2,0.37841704078658994,7
KCNB1,0.3782646670111896,7
KCNRG,0.37825863176406055,6
PPP1R12B,0.37813314076873866,7
GSK3B,0.37737565171466475,7
GPI1,0.37735571575538157,7
OLFR592,0.37699264558395673,2
SYT3,0.37691403326411516,7
UBQLN2,0.37689487093214424,7
EZR,0.3768449644652448,7
GPC4,0.37682746438337783,7
SALL1,0.3766962675440399,7
GRIP2,0.37668428238165097,6
CEP97,0.37653132010557727,7
DNAH6,0.3762536012864028,5
GM7902,0.37615484621054784,7
SEC24A,0.37611969631791614,7
MTERF1A,0.37580915196654247,7
GPN2,0.37577220872125466,7
GM11944,0.37565000909559987,6
TBX15,0.3756164999323775,6
MYO10,0.37552900936130434,7
GM33887,0.3755286333743446,3
ATP13A5,0.3754173336732566,5
MDP1,0.37534811529800577,7
RAD50,0.3752215057719857,7
BCL9,0.37506342888463146,7
MYC,0.37506311757808497,7
MON1B,0.37501635764461155,7
PPM1L,0.3749716211051938,7
GM5297,0.37489111755952886,2
2810021J22RIK,0.374861717450003,7
BHMT,0.37481283203793764,7
KSR2,0.37480767190523295,7
OLFR1124,0.37470838956202707,2
AOPEP,0.37464963828386294,7
TMEM214,0.3744782587618081,7
GCC1,0.3744530395915403,7
XRCC4,0.3744462729318999,7
4833439L19RIK,0.3744068718898855,7
MRPS34,0.37440308990738697,7
GM10045,0.37436273543696635,5
RALBP1,0.3740877933288113,7
MSI1,0.3739660365245421,6
MAFB,0.3739570663118474,7
TBX18,0.37387416668578116,3
BAZ1B,0.3738590255492217,7
UPF1,0.3738443254814345,7
GM38414,0.37384302777538714,5
PRKAB2,0.3737936304767091,7
SAA1,0.3737697386521162,7
SGCG,0.37375846616549574,6
DHCR24,0.3737192513832013,7
GM11841,0.373666662050479,6
SERPINA9,0.3736143172777311,7
POGK,0.3736006721978278,7
ZNFX1,0.3731590838200672,7
ENOX1,0.3731329136758689,5
GM13961,0.37312878064851684,4
GM11832,0.3730792548267098,5
COX8B,0.3730247006510053,6
THSD4,0.3729618187000416,7
MTBP,0.37291242541469344,7
DUSP10,0.3728906855400121,7
1110006O24RIK,0.3727266792995893,7
NMRK2,0.3727186226181988,4
PHC2,0.3727163453433881,7
ZFP143,0.3725861651396534,7
RBM24,0.37255348641478964,6
GM16244,0.3725423699616794,6
S100A10,0.37239907462791966,7
SPHKAP,0.3723625441303768,4
MTRF1L,0.3723051685808589,7
PAXIP1,0.3722221472357452,7
GM12543,0.3721781211327873,6
DIP2C,0.37214965497113855,7
MRGBP,0.3721113811076329,7
FOXJ2,0.37208312757799694,7
RANGAP1,0.37205134365609743,7
IGKV2-112,0.37192537065139386,4
MS4A2,0.37187024604789753,4
DHX35,0.37184403715253767,7
TTC6,0.3716680456174804,7
MYBPH,0.37161828766106364,6
TTC1,0.37148700000471074,7
PPP2R1A,0.37148379663450143,7
ZBTB8B,0.3714725362237464,6
KAT7,0.37145312248507406,7
GJA10,0.3714184270820256,6
CEP128,0.3713434937731196,7
ZFP35,0.3712608248053525,7
EDAR,0.3712204864158124,5
KLHL5,0.3711540941444557,7
GM16283,0.3710813484753868,3
CERCAM,0.3709756803286958,7
KRBA1,0.37096275716044663,7
PPP2R5C,0.3709113740221176,7
SLC28A3,0.3706545949809869,6
MYO18B,0.3705570526501842,6
HEMK1,0.370486431354815,7
MYH10,0.37047723593687804,7
GP1BA,0.37042481108756325,6
ZFP488,0.37042254055548024,5
R3HCC1,0.37036226787531173,7
SLFN4,0.3702165468885018,7
PRDM16,0.37016589128734445,7
LRTM1,0.3701336075413801,7
KCMF1,0.3701291505231019,7
ABCC12,0.370124812453892,7
USP49,0.37010110969838117,7
IGKV4-90,0.3700180092902814,3
ZFP973,0.36995791940740747,7
ATP1B4,0.3697966441801348,4
PSMA1,0.3697379265815236,7
MDM4,0.36967700001743686,7
NR5A1,0.36964002663207185,3
TET3,0.36962144766809235,7
GDPGP1,0.36930701487798456,7
FBXL19,0.36926639234850095,7
CRTC1,0.36897792622793946,7
MUG-PS1,0.3689475029961479,7
GRIN1,0.36884419078110026,3
EP400,0.36881839133956157,7
DEAF1,0.3686489164933456,7
CACNG1,0.3686442388593792,6
GM13316,0.36863983925096483,3
KANK4,0.36856391162947166,6
SH3RF1,0.3685470653619606,7
HSF2,0.3685395567283445,7
ATP6V1A,0.36845359632533786,7
LRRC1,0.36841502159501466,7
GM25935,0.3682343921819749,2
SLC25A35,0.3682066514364387,7
KCNH2,0.36820101816930484,5
ACER2,0.368126143816821,7
CCIN,0.36808319887953245,5
ASB16,0.36804142717262023,6
GM15372,0.3678904665582725,7
ATF7,0.367805109463899,7
SKIDA1,0.3676088664623071,7
VMN2R79,0.36751681912753076,5
JADE2,0.36709426114186344,7
UFSP2,0.3669911311928991,7
C9ORF72,0.36694416802857904,7
2700049A03RIK,0.3668201469666699,7
IGTP,0.36677677268442016,7
GRAMD1B,0.36670842865388337,7
ARIH2,0.3666876105929654,7
CLCN3,0.3665448810827157,7
DHX57,0.36642479521790106,7
GM6052,0.36641321360608425,5
CCDC181,0.3663823788322896,7
OAS1C,0.3663658897094928,7
LYSMD3,0.3663417806054548,7
INTU,0.366267483664764,7
RBFOX3,0.3662099283316561,7
FUBP1,0.3661681238472148,7
SPG11,0.36606041362658814,7
GPR162,0.36604100570724274,7
GM16061,0.3660214211227744,2
TBL1XR1,0.3660193122613834,7
TAS2R108,0.3659697501300059,5
WDR90,0.36590763140968496,7
HIPK3,0.36579057437795065,7
UBFD1,0.3657688911764054,7
PTPN14,0.3657382610618952,7
INVS,0.3656025693109708,7
KCND3,0.36541005259589215,6
MTF2,0.36521096840167927,7
SAXO4,0.36514082390816754,2
PARD6A,0.3650697423054546,7
GM31235,0.36495901359847494,7
NEXN,0.3649399235202705,7
ADAM21,0.3649254061520187,6
TAOK3,0.3648983487333681,7
SMAD9,0.3648172272891628,7
C2CD2,0.36481078082307666,7
PANCT2,0.36474349056145444,5
MIR719,0.36473277413500443,3
ERCC1,0.3644738415000616,7
STXBP3,0.3641191391321536,7
HS6ST1,0.36404557611807603,7
TXNDC9,0.36403027777961966,7
RAD54B,0.36394514520644095,7
DUSP8,0.36379126022815367,7
VWA3A,0.36373568195479916,6
PTPDC1,0.3636851583396714,7
IER2,0.3636137800921172,7
GM14419,0.36358365526378833,3
FTX,0.3635226092096765,7
LEP,0.36342927343082043,4
GM15549,0.36342549155875364,5
STK32A,0.36321924249681764,6
CCDC25,0.36315247328819905,7
ETV3,0.36291823728109546,7
DNAH7B,0.3628725611324044,6
CPT1B,0.3628356606898192,7
UGT1A10,0.3627889986030672,7
EEF1AKMT3,0.36274170340937123,7
TAOK1,0.3627077265930924,7
PIAS2,0.36262651647699423,7
U2AF1L4,0.36253471654979524,7
GM15612,0.3624485403876241,6
PRPF4B,0.3624114184299168,7
RIOK3,0.3624035647696182,7
GM13981,0.36224363782186747,5
GPC1,0.36208627012965194,7
SLC16A13,0.3619371905726095,7
2010016I18RIK,0.36176654793246416,7
GM20121,0.36171293156845263,2
RGS12,0.361684150555173,7
FTL1,0.3616518284111355,7
CYP7A1,0.3615029375036897,7
TANK,0.3614663524668842,7
GM23260,0.36130953742359107,2
RPUSD1,0.3612609755999208,7
GM7909,0.3611731994271159,6
GATA5OS,0.36114559060830126,2
RNF157,0.36109826361371467,7
GM8401,0.36108828573373386,2
OSBPL3,0.36101084701638536,7
GM20161,0.36076556255033926,4
ADAM33,0.360746886342144,7
FAM83E,0.3607165788165383,6
RNF32,0.3606168630852694,7
MORC2A,0.36056872100091797,7
ZBTB39,0.36051897906327873,7
CALY,0.36050069566694687,4
PPP1R36,0.3604334877239437,6
FTSJ3,0.36027089413735436,7
HMGCLL1,0.36026384856210747,6
L3MBTL4,0.3602593842925206,4
KRT19,0.3601820898768918,7
DNTTIP1,0.3600579584199424,7
MUC16,0.36000062564149493,7
PABPC1,0.3599907300959511,7
TOP1MT,0.3599576766731522,7
GM9696,0.35994209215666007,2
IRAK4,0.3598368025250834,7
H2AC22,0.359802531989741,5
LRRC51,0.35974372438214786,7
PDGFA,0.35968759664585204,7
RNF122,0.3595960173328421,7
MYOZ2,0.35954289515518756,5
DUSP4,0.3595178847505701,7
FOXO6,0.3594898616579564,5
GM6184,0.3594599247661301,2
IGKV4-50,0.35937357240200835,4
RP1,0.3593245873272067,3
DDX24,0.35914532700253454,7
GRIN2A,0.35913528797718747,4
NEB,0.3591125720323018,7
WARS2,0.359077699374173,7
OLFR46,0.3590668932930914,4
NMD3,0.3589054463011943,7
PDGFB,0.3588863943268124,7
PAKAP,0.3588688902641182,7
GIGYF2,0.3587333182012752,7
PRKCA,0.35861403652205703,7
IPO8,0.3585633281804624,7
SOCS4,0.3584816759676749,7
BC065397,0.3584552482176555,7
PTCH2,0.35843951747979175,7
ZFP362,0.35841618887648846,7
TUFT1,0.3581617409431313,7
COG6,0.35781569314698203,7
PDZD8,0.35767088041140155,7
ZFP770,0.3575208452524742,7
GM2053,0.35743215108869664,4
GM6210,0.35736474052402906,7
CFAP100,0.35730144712051876,7
QRFP,0.35727278761661174,4
OLFR922,0.3571079959443023,2
A830005F24RIK,0.35709169525260825,6
NR6A1,0.3570867085611096,7
GUCA2A,0.35703941295144903,2
HMGCS2,0.3570144632558238,7
SMG6,0.3570058769840849,7
CD3EAP,0.35699687445015077,4
FERMT1,0.35690482947958546,7
PLCXD2,0.35672775801206874,7
CP,0.35669234377310055,7
SMIM3,0.3566516175825858,7
9430018G01RIK,0.35646563982618357,3
PCMTD1,0.35642070264882525,7
ULK3,0.3563460793785097,7
TASOR2,0.3561979703826426,7
CALM1,0.3561863470324801,7
CEBPE,0.35584128485868743,7
PDCD7,0.35580407535418085,7
GM6649,0.355492643465589,7
GM26787,0.35543398414386856,4
ZFP853,0.35533238086295577,6
LMBRD2,0.35523669203834135,7
DUSP11,0.35520223781653737,7
NXF1,0.35518303266197343,7
CCDC173,0.3551240402273556,4
GCFC2,0.3550565305137022,7
SCAF1,0.35492644377107485,7
ATP13A3,0.35491108513031216,7
WDR74,0.35475499967269997,7
CADM1,0.3546632910146793,7
CDR2,0.35459798345372573,7
TTC17,0.35447571140418804,7
4930405A21RIK,0.35421394209822027,7
9130230L23RIK,0.35417918752837213,6
TRO,0.35407099797883407,6
SLC22A22,0.35406387323013044,3
ART1,0.3537804330178764,6
GNASAS1,0.35377214989540956,6
WFS1,0.35375470049309676,7
LMAN2L,0.3537025595526348,7
CCDC97,0.35367215778493705,7
SMYD1,0.3536424911257218,7
CEP350,0.35339138463366765,7
XKR9,0.3533705963177235,7
CYB5RL,0.3532087994596164,7
VAV3,0.35319509654015396,7
ACOT2,0.3530021475967707,7
CYP4A32,0.35291158408391166,7
GM13283,0.3527028194946968,2
NDUFB4B,0.352649819520275,3
RASL11B,0.3523521093518804,7
WFDC3,0.3521490071676005,7
USP29,0.3520881436156328,5
PIK3IP1,0.3519321523880385,7
MMP16,0.35189314022707335,6
KRT6A,0.35180037323790403,2
TRAF3IP1,0.3516149138461861,7
GDAP1,0.3512976394998039,4
B3GAT2,0.3512704282897627,7
NBN,0.3512286646082991,7
DGKQ,0.3511373736469423,7
ZC4H2,0.3510976515833983,7
FBXO28,0.3510362580872673,7
SORBS2OS,0.35083166381345693,3
CPNE2,0.35066458866531686,7
H2-Q5,0.3504954124042453,7
ASCC2,0.35048581260361106,7
ZFP341,0.35025910745722794,7
TMEM151B,0.3502475946809216,4
D630003M21RIK,0.3502322473581514,7
SMG1,0.3501072572502562,7
FES,0.3500117004887916,7
GM22826,0.34991285455847243,2
SLC4A3,0.3498800475195127,7
4930455J16RIK,0.34986029589752315,2
PIGL,0.349814475528697,7
LRRC23,0.3497613186460163,4
LETM2,0.3497135495088593,7
4833411C07RIK,0.3497124995794056,7
SCN4B,0.34968861305745497,6
GM36457,0.34965489841199,3
LRCH3,0.34959050032178624,7
SMAGP,0.34940152864541574,7
NABP2,0.34936604137237853,7
POC1B,0.34932016479441724,7
DYNC1I2,0.34930298723453806,7
ARL8A,0.3492768229509346,7
ZMYND19,0.3491825289837753,7
TPM3-RS7,0.34913204961591393,7
AGPAT3,0.34904256825630825,7
AMPD3,0.34895528644968193,7
DEDD,0.3489507305710354,7
CLEC16A,0.34892621991533596,7
CORO7,0.3486824779690485,7
POLR3G,0.3484808570680156,7
HK2,0.34847903849963874,7
HAUS3,0.34844939708752715,7
IFT81,0.3483456700638855,7
FAM241A,0.348301565937637,7
6030466F02RIK,0.34822090307432846,6
VMN1R79,0.34807235054486946,3
1700113B09RIK,0.34804615044495285,3
D16ERTD519E,0.3479705262310919,4
ANO6,0.3478666662117535,7
ISM1,0.3478230814206609,6
1700008O03RIK,0.3478080405020972,6
ERI2,0.34780228664297275,7
LAP3,0.3477743903965647,7
CTNND2,0.3475923768448657,7
EGR2,0.3475352810559605,7
HMBS,0.3475342653116512,7
SNHG4,0.34746547797059224,7
SNAPC2,0.3473651231538159,7
NEFL,0.34735408029450354,2
MUG1,0.34732830967589756,7
A230107N01RIK,0.3471774344402622,7
GM31693,0.3465062610358472,2
WWP2,0.34640795278564135,7
ALYREF2,0.34616297913384386,7
ZFP330,0.3460422403856781,7
PTPN13,0.3458702688955479,7
NKRF,0.34583369707463957,7
ZMYND8,0.3457499382627241,7
PGS1,0.34573043131077225,7
GM5138,0.3456578341005677,4
IL7,0.34558164513239875,7
CAPNS1,0.34553883457417894,7
GM13375,0.3455388254179785,3
RRM1,0.34542728358011404,7
CALN1,0.3453878382991061,7
ITGA9,0.34537986089910805,7
ZFP970,0.34534921357465914,7
MAPK6,0.3451808752851589,7
ALDOA,0.3449627573553328,7
ELAVL3,0.3448900249242356,4
AHSA1,0.3447526985012521,7
RCAN3,0.34460975276930406,7
MID2,0.34443893516488905,7
SUMF2,0.34434236517279004,7
CCDC96,0.3443133888382386,7
KCNMB2,0.3442399609077779,6
CANX,0.34407522548480474,7
LMNB2,0.3440663512221475,7
WDR77,0.3440035659857187,7
GM19178,0.34400179657853286,2
GAD2,0.3439177247136948,4
PCNX4,0.34376434588934635,7
ZFP131,0.343612381778494,7
FPGT,0.34357121810872954,7
SCG5,0.34353148048337523,5
TMEM80,0.3435226384679238,7
ACAT2,0.34350440614168953,7
NUDT5,0.34332363904519164,7
KHSRP,0.3431934158877428,7
NFKBIZ,0.3430683601445554,7
NUDC,0.3430630388004289,7
TMCC2,0.3427450992300332,7
RAB10,0.34250288398143497,7
ABCD4,0.34246303704269454,7
PRELID3B,0.3423392645849743,7
GFOD1,0.34233619039228197,7
RRBP1,0.34225405518210056,7
GIMAP8,0.34223305958410466,7
PFKFB1,0.3421708234120131,7
PHLDB3,0.3421422438345907,7
TCEA3,0.3421242285423709,7
PRKAR1B,0.3420657567461475,7
TRGV4,0.3419470545571598,4
LLGL2,0.341720998616566,7
PHYHIPL|D630013N20RIK,0.3417161170610445,4
LIPO2,0.3415742122431217,2
THPO,0.341526065375744,7
GM13387,0.3414696814047119,7
GM5914,0.34137721551600914,6
2310065F04RIK,0.34133924440812113,4
USP39,0.34123512599098466,7
ALG2,0.34120778878212005,7
HERPUD2,0.341074101437342,7
GM5134,0.34107060594651695,4
ARHGEF37,0.34105893442705454,7
ANKRD50,0.3409581102365286,7
WDR1,0.34078580257143365,7
CSN2,0.34068266453029583,2
ANKS6,0.34062262879342947,7
CHN1,0.34038772223657504,6
PRKG1,0.3403521574122346,7
SLC38A9,0.3403316103666992,7
INPP5E,0.3403015430121736,7
NIPAL2,0.3401599072035513,7
GM14111,0.3401485103910753,4
HECTD1,0.3401329086071602,7
ZBTB45,0.34008508840210655,7
OTUD6B,0.3398554996925333,7
RND1,0.33982859855139047,7
TRAV7-1,0.33979876049776947,2
PALS1,0.3396869294277068,6
GM47052,0.33967712677209505,3
ZFP346,0.339608007809062,7
ZFP280D,0.3391960885481321,7
SPA17,0.33915906481656444,7
GJA3,0.3391376584944659,2
ASPSCR1,0.33870193404190474,7
CLDN34C1|CLDN34C2,0.3386572427068018,2
GM9349,0.3386036101362855,3
B4GALNT1,0.3385910033587489,7
CHPT1,0.3385730130624941,7
YIPF7,0.3385709408218307,4
RPS6-PS3,0.33854906494090375,6
GM32312,0.3384154242799911,2
SLC16A10,0.338187646531121,7
1700030J22RIK,0.33810233095182723,7
KCNJ9,0.33800908397823776,7
NOVA1,0.3380001172925196,6
SNORD3B-PS2,0.3378410049782384,2
EIF4E,0.3377704074552102,7
ZFP950,0.3374834660004291,7
SYTL5,0.3373894276225185,7
SHC1,0.3373434564487669,7
CHGA,0.3371984679558509,3
MAPKAPK5,0.33719712100102767,7
SNORD34,0.33716850473505483,3
DUS3L,0.33710950520524413,7
SGCZ,0.3370323080870808,2
NUB1,0.3368705552916377,7
PTPN12,0.33681379956505986,7
MKLN1OS,0.33675245853257174,4
MBNL2,0.33673181826363735,7
MTX3,0.336700766101867,7
VMA21,0.3366582431012475,7
RNPS1,0.33660353840743523,7
GM26876,0.33651236101231974,5
VMN1R78,0.3364754717765949,4
ALG3,0.3364049984334949,7
SCYL2,0.33630697951088784,7
GM3534,0.3362390914117781,4
ZC3H11A,0.3361806922871457,7
OMP,0.33612690055978206,7
TOPBP1,0.3358592759849809,7
BEST3,0.33579749160373007,3
GM44505,0.3357702721894506,3
FBXO36,0.3356580661045369,7
PPP2R3A,0.33563423281180277,7
CORO2B,0.33556761083860404,7
MPPED2,0.3355600794973656,6
CASKIN2,0.3353708857526955,7
PSMD5,0.3353072893631374,7
THG1L,0.33529074410678456,7
DNAJB3,0.33519090298799525,5
DAP,0.335119044596315,7
ADAMTS16,0.3350842654570328,6
SKP2,0.33504509539432437,7
GM15374,0.3348861279078087,7
ZBED4,0.3348449555114555,7
AMOTL2,0.33478656001696905,7
H2AL1M,0.33446502890548696,7
SLC39A10,0.33446043665147085,7
ZFP647,0.33425267822916727,7
AP3D1,0.3342473225340255,7
PKD2L2,0.33403472683130797,7
LTA4H,0.33382429311158096,7
COG1,0.3338206309395055,7
GM29803,0.3337702590848316,5
GM16287,0.3337422637929573,4
FSCN3,0.333568422266245,3
ALDH3B2,0.3334008447203239,6
AY512915,0.3333953040347183,2
UBE2V1,0.3333889768817316,7
PRR14L,0.33333293547020293,7
TMEM169,0.33331223854302,7
1700001G17RIK,0.3332865279439385,6
DLD,0.3332645718279495,7
DEFB42,0.3332521889607074,3
KLC1,0.333189185526957,7
COA7,0.333187113806481,7
LRP1B,0.3331202131005008,4
MAX,0.3330933541189152,7
RET,0.33305501478291505,6
CMC4,0.3329333559630494,7
DOCK9,0.3329201077721841,7
SPATA7,0.33284268372474407,7
CHUK,0.33275718561832063,7
SPIN1,0.3327324315069324,7
VWA7,0.3326136678170069,7
LMO7,0.3324857008792122,7
DRD1,0.33241788343373935,2
FRMD7,0.3323878093025141,4
NPTX1,0.3323208661311747,6
BTNL6,0.33226696065532413,2
DNAJC27,0.3322623131267157,7
TCP10A,0.3321559846042571,2
DCTN5,0.3321512743077021,7
CASC1,0.33208565780666643,4
TXNL1,0.33199136782507427,7
MATN3,0.3319667379952403,3
ZFP516,0.33193022640417474,7
ARSA,0.3319279386231591,7
MYOZ3,0.3319202488214928,6
GPSM2,0.33191627012951747,7
SF3A1,0.3317576091571493,7
IIGP1,0.3317386867979906,7
KRT77,0.33151197806210486,2
RBM10,0.3313757051450995,7
GM16982,0.3313710930533866,3
GM2451,0.33132841581057026,5
BECN1,0.3312975925465636,7
APPL2,0.3312755069482428,7
GPR19,0.33127388240905514,7
GUCY2G,0.33119688222955607,6
CTSE,0.33115210156521496,7
GM10612,0.3310549791824278,5
YRDC,0.33093301067177233,7
MISP,0.33077440014841,7
CARD14,0.3306460809934422,7
PRPF31,0.33033209393963153,7
VPS13B,0.3302464438970888,7
ADGRB3,0.33011336930437846,4
BIN1,0.3300463501187462,7
FBF1,0.3299647079868776,7
GM8565,0.3294792645048237,4
HHEX,0.329404144991439,7
EFHC2,0.32937440701229714,5
RFX1,0.32936097162367944,7
PNN,0.3292301115428978,7
KCNA5,0.3292142202505685,5
HOXA5,0.3291134526043019,7
ITGA3,0.32898527478121486,7
1700034I23RIK,0.32890440928181536,3
RIMBP2,0.32881495505115454,4
DHRS11,0.32881068669936075,7
HEATR5B,0.32873448623418394,7
CAT,0.32868942793112904,7
GM17644,0.32868372818836633,2
GM15666,0.3285123055844684,2
HNRNPF,0.32839046848306314,7
MRPL16,0.3282686386604245,7
NDRG3,0.32808919026502154,7
DUSP13A,0.32808115037326024,2
A330076H08RIK,0.3280690841003852,3
HCCS,0.32805327714720917,7
KRR1,0.3279523166115087,7
GM38684,0.327867728679411,4
GM34474,0.3278018168485511,5
TRP53COR1,0.32765497679355204,6
NLRP1B,0.32758664338012544,7
GM22744,0.32758005148152075,2
MED27,0.32741658976388816,7
4930426D05RIK,0.3274084984094131,5
HDAC4,0.3274006325209266,7
GM19582,0.3273879103545739,3
ZFP804B,0.32731842620426077,5
GM7734,0.32730864728449904,6
H2AX,0.3272875499109201,7
HSD17B11,0.32717708241405113,7
CYP4F17,0.32707602212338033,7
GM15706,0.3270096566086177,7
ICAM5,0.3269511283192257,6
ZFP976,0.3267709413218007,7
VMN1R203,0.32655480490656663,5
EEF1AKMT2,0.3265537134295954,7
NSCME3L,0.32640826803613443,7
ZSWIM4,0.3263815047993454,7
LRRC30,0.3261096412316715,4
SPEF1,0.3260957019542121,7
GM8231,0.32608685004106475,2
RBM42,0.3260286301905822,7
ZFP280C,0.3259912624670486,7
APEX2,0.3258961145349907,7
CACYBP,0.3258777243257214,7
C030013C21RIK,0.32584655233087073,6
CPTP,0.325808890931427,7
RPE,0.3256295460796289,7
TATDN2,0.3256024840293872,7
MRE11A,0.32544156753242587,7
GM22027,0.32536692410101115,2
CFAP44,0.3252918741711105,7
2310020H05RIK,0.32525762157069443,3
GLIS3,0.3251282070146064,7
CCDC85A,0.3249810961659884,6
ZFP518A,0.3249575542888717,7
LINGO1,0.32494516419755354,7
ZFAND4,0.3247539428129151,7
WDPCP,0.3246685695379688,7
GM18300,0.32466340505199337,4
AA413626,0.32464155702947733,6
NFYC,0.32447963021014387,7
GM13169,0.324447714935118,6
HLCS,0.3244063742936626,7
RNF113A2,0.32421043701637137,7
F730035M05RIK,0.3241495079769959,6
KIF2A,0.32396949168921985,7
ARID4B,0.32394694700804855,7
PIK3R2,0.323936366291435,7
GM17922,0.32380678942233365,2
SFPQ,0.32363529114041,7
STRN3,0.32356336528552315,7
SLC9A8,0.32355749210306584,7
DDX5,0.3235096309158571,7
CARMIL3,0.32337910899561934,7
AAK1,0.3233562142985407,7
PWWP3A,0.32334640043410623,7
WDR33,0.3233429184691986,7
SLC7A9,0.32331131944137753,4
BCS1L,0.3233013263989109,7
GM5395,0.32307017872498356,4
RAPGEF6,0.32305980374534377,7
ATAT1,0.32299447599638953,7
TRIM21,0.3229897408584485,7
ADGRB2,0.3229212696605586,6
STK40,0.32291427770406333,7
TTC27,0.3229037697641794,7
MFN2,0.32282797366626553,7
EFCAB3,0.3226331683104169,3
4933424M12RIK,0.32258426305432203,3
ZBTB11,0.3225555267763719,7
A430057M04RIK,0.32254825026429357,6
SYNGR4,0.32249034291637063,4
ADPRHL1,0.32245215108627423,5
EHD1,0.3224481673953489,7
STRADB,0.32239096541677253,7
GM28856,0.32238509093884965,7
CDKL5,0.3223234155970141,7
STIMATE,0.3222222498591484,7
IGKV2-137,0.3222136107280245,6
CERS6,0.3221010062545974,7
ZFP879,0.32207835829963877,7
LYZL4,0.32204085545640293,4
XYLB,0.32195427958848427,7
EVC2,0.3219485446724088,7
2700097O09RIK,0.3217987564972864,7
CUL1,0.3217659130590758,7
SNORD60,0.32173587770732476,3
STK19,0.32171486019580386,7
CPSF3,0.3217028331025707,7
MCCC1OS,0.3215691011321982,7
GM21811,0.3214760343263535,7
FTL1-PS2,0.3214511023929018,3
FRMD4A,0.32144876402523936,7
ARFIP2,0.32144216351550753,7
ZNRF2,0.3213357149281172,7
ODAD3,0.32131574192227136,6
GM26682,0.321214664045427,6
PRDM4,0.32120146619114276,7
ZFP385A,0.32108740508884787,7
KIFAP3,0.3210647695191261,7
OLFR1280,0.32102390130818675,3
HEXDC,0.32100551106991476,4
ANKRD24,0.3209682168888456,7
SMO,0.32096595152787916,7
TBCEL,0.320859735755172,7
GM10532,0.3208025077835241,7
CDIPTOS,0.3207899293957799,7
CEP152,0.32066964561749545,7
5033430I15RIK,0.3206425073879236,6
LSM11,0.32061527252649913,7
ELAC1,0.32046165627627615,7
4930471M09RIK,0.3204267143462752,5
BRAF,0.3203527516597459,7
MBLAC1,0.3201907579026203,7
VMN2R52,0.3201763237995818,3
TOX,0.3199617173501094,7
TSX,0.31991949359681887,6
VILL,0.3198821001657551,7
CARNMT1,0.3198325738973638,7
MAP7D2,0.31977877078543215,5
SLITRK5,0.3195942255281613,3
CENPT,0.31952105027383576,7
COPZ1,0.3195092338368331,7
RNF213,0.3194772474554189,7
PCDHA11,0.319327653690514,3
FOXN2,0.31923544681340876,7
SSTR2,0.31919490944012224,7
STX1B,0.3191786140555179,7
ESRRB,0.31916725751693154,7
CATSPERZ,0.31915426611041503,3
GOLGA2,0.31913272013634464,7
CNTN2,0.31904515355695323,7
PRRT4,0.31894845963225066,5
SOWAHA,0.3187854976022857,7
SNX7,0.31871918344474715,7
CYP3A44,0.31857082206557447,7
DEF8,0.3184135220418077,7
GFER,0.31841102781160535,7
MAML1,0.3183793239378891,7
TTLL10,0.3181930743017479,6
COG3,0.3181276476068434,7
GM13652,0.31812428171822377,3
4930404I05RIK,0.31809514466080957,5
FBXL7,0.31799769246528475,7
GRIK3,0.31795787298996936,5
DHX38,0.31784817534393567,7
DDX20,0.31778435831307533,7
PCP4,0.31775627170361276,5
GM7819,0.3176241358168235,3
ARL13B,0.3175805543706615,7
FMO3,0.3175307203354634,7
ABHD6,0.31749554125504964,7
WRN,0.31739316729219336,7
HIP1,0.3173409192801371,7
YTHDF3,0.3172962232969011,7
C1QL4,0.31729101312715896,7
TSPYL2,0.3172211321407685,7
GM10371,0.31721896741832506,6
FUBP3,0.31719627979755716,7
FIRRM,0.31716375972681127,3
RINT1,0.31701929614332947,7
WDR46,0.3170058245601365,7
E4F1,0.3169996163111898,7
GM19181,0.31698611717290354,6
PCED1A,0.3168826829716219,7
EIF2AK3,0.31687699043139833,7
AW146154,0.316876845101646,7
KCTD1,0.316791642342936,7
MYPOP,0.3167434711117361,7
TEKT2,0.31670697201877557,7
APOL8,0.3166956520522696,5
LRIT1,0.31640290259172504,7
GNAT2,0.316393078206561,7
OGFRL1,0.31629546848266676,7
9330159M07RIK,0.3161930951868717,7
CDK8,0.3161208860916593,7
USP51,0.3158539348764684,5
GM5637,0.31578101006583587,5
ASDURF,0.31576549534198917,2
ZFP961,0.3157643368531074,7
GM2011,0.31571577696058106,7
RAB6A,0.31559708306821754,7
RAB36,0.3155589845401317,7
DDIT4L,0.3155549589520354,7
HMGA2,0.3155442018764459,6
OTUD3,0.31550058698534833,7
TTLL8,0.3153590389168696,7
NT5DC3,0.31524261956892075,7
CC2D2B,0.3151986078050591,6
PSMB2,0.31511866282665296,7
GM1043,0.3151112860984227,6
HNF4G,0.3151000943511126,7
RARA,0.31505290113336937,7
SLITRK6,0.3150364884494594,3
PSMA8,0.3149112200522111,7
KCND2,0.31477587903626747,5
ACSL6,0.31476256864522373,6
CYP2J9,0.3147038602578827,7
GM17228,0.31468585185788955,5
KIRREL1,0.3146491607504281,3
TNFSF9,0.3145828965848357,7
DLST,0.31435582480727653,7
PCGF2,0.31429059394541664,7
RABGEF1,0.31428066250040587,7
GPR158,0.31427182558369127,2
DNMBP,0.3142387139710094,7
GM36201,0.31422051971321024,3
THOP1,0.3139431238543248,7
ANKRD44,0.3138567025492339,7
KCNN1,0.31380277013264557,7
ZFP469,0.3137847876177205,6
PCNX1,0.313536304745431,3
ZFP653,0.3134113771210289,7
DHRS13OS,0.31335618138124804,7
4921504A21RIK,0.3132160634892216,5
RNF5,0.3130857368193875,7
ST6GALNAC5,0.3130441447876053,4
MAP3K20,0.3129870105282424,7
GM18042,0.31293046276415254,6
SLC25A45,0.3127686672253645,7
GM5535,0.31275219467607385,3
RCC2,0.31269607878233113,7
HOTAIRM1|HOTAIRM2,0.3125477205800546,6
GM20008,0.31243243793335385,7
NR5A2,0.31239570887615126,7
GM5828,0.3122581509296829,5
FRZB,0.3122465014207812,7
DZIP1,0.3120515953826327,7
UNC119B,0.3120227629867384,7
TMEM41B,0.3119890633219565,7
GUCY2F,0.3119760577186089,3
PARP14,0.3117937760885975,7
A230057D06RIK,0.3117331496586332,4
TMOD4,0.3116512971700826,6
CTDP1,0.31157469057742243,7
GEN1,0.31143782667384384,7
MLKL,0.3113564375922803,7
GM13282,0.311328985033898,4
TENM4,0.31111890666619907,7
BCL11B,0.31109285270129433,7
SSB,0.3110604699276108,7
KIF28,0.31104275280868005,3
MESD,0.311042632651477,7
GM18890,0.31100115146555746,7
FKBP1A,0.310992737168868,7
EIF3D,0.31078571472433675,7
PKP2,0.310771535422463,7
HS6ST3,0.31063156897431504,5
DIS3L2,0.31056914907958116,7
CDKL3,0.31055519990826025,7
GBP9,0.31040913916670076,7
LRFN1,0.3104078932522093,7
GRIP1,0.3103932767680856,6
ZFP54,0.3103476295573624,7
1700029J07RIK,0.31024158556640546,4
PCF11,0.31023722822449745,7
GM12500,0.31018282178008166,7
ARHGAP21,0.31016998282073144,7
IGHV1-71,0.3100521796386987,3
NR2F6,0.3097555115631333,7
VMN2R26,0.3097465544822124,4
EED,0.30970469512679355,7
GLYR1,0.3096761957764485,7
BNC2,0.309639410450771,6
TNFRSF21,0.30957128452584665,7
GM9733,0.30952953405515843,3
SLC7A10,0.30939619508857996,4
GM12182,0.30938065711510904,3
TRIM27,0.3093368060254182,7
GM7452,0.3091032661539969,4
ZFP646,0.30906667097408935,7
CTXND1,0.30902674639154953,2
GM38572,0.3089566701768925,3
SGCA,0.30883630076009544,6
RAB3GAP2,0.308833287644516,7
GM11405,0.3087087443868367,3
PIK3AP1,0.308684914660495,7
CLCF1,0.30868263476229213,7
NRK,0.3086397141893035,3
D630029K05RIK,0.30859874700616696,2
ID4,0.3085797704097787,7
MPPED1,0.3085296863290276,6
PIN4-PS,0.3085099076930375,5
MRPS22,0.30835448721162834,7
SERP1,0.3081191988816454,7
TDRD12,0.3081174796226972,5
ZFP968,0.3079068432905873,7
DMPK,0.3078846472586281,7
SHANK3,0.3078444007866993,7
ZFP786,0.30782496522127606,7
RARB,0.30781357852462365,7
VWA2,0.30774277438779235,2
GM7895,0.30767861934064256,7
ZFP39,0.307641741818853,7
NOXO1,0.30744003733789743,7
FAM78A,0.3074236905827937,7
PGD,0.3073370701497776,7
KMT2C,0.30725549363820515,7
FAM76B,0.30724293752658605,7
GM7434,0.30694367069195294,4
MUP16,0.30688116041139474,6
ANKRD40,0.3068616315720763,7
9530051G07RIK,0.30676709534735025,6
ACBD4,0.30662468340563337,7
MAB21L4,0.3066142146571917,6
CCNT1,0.30652833024495163,7
ABCB7,0.30646245789029714,7
RAB18,0.3064009291835529,7
ADSS2,0.30632150330288804,3
LRRN4CL,0.30630855723742667,6
QRICH1,0.30617448512868956,7
CPLANE2,0.30611725487915437,7
SPDL1,0.30608187619609234,7
MUP20,0.3060459251148297,7
GM6630,0.30597872836699175,3
4930579F01RIK,0.30591079932502535,6
TMPRSS9,0.30578427010736464,7
SF3B4,0.3056650142997522,7
C1GALT1,0.30549106407427756,7
KCTD2,0.3054822619601653,7
ELOA,0.3052730123797153,7
RPS12-PS5,0.3051369603656582,2
SPPL2B,0.3051178989287351,7
RHBDD1,0.3049929268163415,7
NOL4L,0.3049056316431992,7
VPS50,0.3049033834778516,7
MBD6,0.3048925041731462,7
GM17981,0.3048849217213745,6
N6AMT1,0.3048457976381617,7
PNMA8C,0.30474557217538417,5
WDR17,0.3047450620604664,3
DENR,0.3046458590457097,7
PM20D2,0.3044884286492934,7
CTIF,0.30441066874826694,7
MLEC,0.3043873668809155,7
6330410L21RIK,0.3043340463267145,3
GM18776,0.3042602733798388,2
EPDR1,0.30420669293920977,7
TFAP2C,0.304143390207839,4
PPWD1,0.30411597984347766,7
KCNIP1,0.30405717267570176,4
CROCC2,0.3039357329488962,2
GM20753,0.3036993830703908,4
OAS1B,0.3036541827751956,7
PHXR4,0.3036331236124079,6
ZFP41,0.30335787500664013,7
DUSP23,0.3032601955710975,7
WDR20,0.3031833721925072,7
CENPJ,0.30301031777536247,7
EIF2S2,0.3030052282286766,7
ZCRB1,0.30293416197998935,7
HOMEZ,0.30283308130261083,7
CCHCR1,0.30276523657967946,7
GIMD1,0.302747792907143,7
ISG20L2,0.3026856001552912,7
MTURN,0.30263061595242063,7
ATG4A-PS,0.30258450303425777,7
AGO1,0.30253630938648507,7
GM30648,0.30250987115152533,7
GM12978,0.3023953425006742,4
MBTD1,0.30238450534542227,7
FBXO5,0.30227531367686705,7
TAX1BP1,0.30226231084363925,7
CFAP77,0.3022380415995269,6
VMN1R227,0.30210021213584315,4
SGSM1,0.3020308403269004,7
PIR,0.301907375194483,7
APOL6,0.3017102841037137,5
CORO1C,0.3017026952209155,7
ATXN7L3B,0.3016928969870117,7
MLF1,0.301643661881416,6
PLCH1,0.30160757537925253,5
NRAS,0.3015491472606566,7
MYO19,0.301258526087516,7
FAM118B,0.30124612453570093,7
ADAMTSL4,0.30123851773323507,7
IGHV3-5,0.30116386439080317,3
HSH2D,0.3011034854347328,6
PRR15L,0.3010356780348227,7
ABI2,0.3009702697699566,7
NR3C1,0.3009202644613869,7
FHL2,0.30089736815622853,7
RCOR3,0.30089360451431374,7
OLFR566,0.3008221072045225,2
REM2,0.30074346591316037,7
4930548H24RIK,0.3006975398470894,4
ABHD10,0.300694876830515,7
CEP68,0.3006236606569536,7
GM4598,0.3005852866243215,2
PLATR4,0.3004825827564761,7
ARMCX4,0.3004035583713689,7
OCSTAMP,0.3004014436418854,7
CLRN3,0.3003567718971269,4
GM7535,0.30035541350256667,5
PDSS1,0.30034955664856877,7
CDO1,0.3002911890081936,7
TMEM198,0.300157120031282,7
GM13199,0.30015187904773744,7
GM44148,0.300130923909689,2
ZNG1,0.3001306248564118,3
AREG,0.29998726285119487,3
D430041D05RIK,0.29996017865978386,4
AIFM3,0.2999354368193661,7
GM7384,0.2998994941613851,5
UNK,0.2998701901255241,7
MBTPS2,0.29984382425577516,7
CTU2,0.29970761547961017,7
CNGB3,0.2996000738465063,4
RASD1,0.29948571567926263,7
CNOT9,0.2994261165578395,7
GM15910,0.29942532140821815,6
RSPH3B,0.2994108347839835,7
H3C11,0.299398852511521,6
BORCS5,0.2993899783140036,7
TEX22,0.29930954199238574,5
PTGER3,0.29929285012584533,7
CWC25,0.29887208757517414,7
IPW,0.2988157988451006,7
D830013O20RIK,0.2988059591178581,4
BRIX1,0.2987258365682945,7
USP40,0.29869913261700515,7
ILDR2,0.29865222544523534,7
A230028O05RIK,0.29863820721008694,7
SEMA3B,0.29861313452116983,7
SLC24A4,0.2985904553179274,2
EPHX1,0.29850993998391073,7
PBDC1,0.2983505911563604,7
TNNC2,0.29827344334136346,6
GRIN3B,0.29827118745415376,7
AI463229,0.29820208255921876,7
GM18981,0.29813949266055384,4
ZC3H12B,0.29789693333472583,6
GUCA1B,0.29788216966732917,5
SOX6OS,0.2978757146344007,7
METTL8,0.2978098146558115,7
ABHD8,0.29773625590633035,7
WDR76,0.2977027111775075,7
4632427E13RIK,0.29763601672594947,7
GNG12,0.2975818993593693,7
XRN2,0.2974865319131705,7
VPS39,0.297450200437824,7
ZFP248,0.2973852227926815,7
GM36251,0.2973844776478251,7
CNOT11,0.2972533673050518,7
H3C10,0.29725022072547685,6
CASKIN1,0.2970824056637477,7
PLAAT1,0.29708077363429813,5
ZXDC,0.2970403611855182,7
SLC25A23,0.2969394107452074,7
GOSR2,0.2969087514473869,7
FAT3,0.2968714223999902,6
TUBE1,0.29686926699478594,7
ASZ1,0.2966343893382847,4
DTX2,0.2966224182795316,7
ISG20,0.2965684571819885,7
GM5253,0.29655573808383123,3
POGLUT2,0.2965022075067541,7
RNF112,0.2964947807806269,3
ZRANB3,0.2964806289834489,7
KPNA2,0.2964699542892085,7
6430571L13RIK,0.29643894936227805,7
NADK2,0.29630746681138115,7
FOLH1,0.2962534567492333,5
RAB3C,0.29622742975706895,4
COL8A2,0.2961754453572844,7
2610002M06RIK,0.2960826390172143,4
MAPK1IP1L,0.2960400268268062,7
LIAS,0.2960109867853001,7
AADACL3,0.2959768516344174,2
SPTBN1,0.29584565949770913,7
ARFIP1,0.29569583396557403,7
FAIM2,0.2956914194335769,5
BTC,0.29564394071691236,7
PDZD9,0.29551790062517974,7
ANPEP,0.2954999268545252,7
VMN1R229,0.29543123961824724,5
SNORA81,0.295359155360116,5
1500035N22RIK,0.29513626366006884,2
RUFY2,0.2951316598941293,7
CALCB,0.2951246809622112,4
TRIM34A,0.2949995362170836,7
CELF2,0.2948980818089275,7
SLC7A14,0.2948636140674225,6
MOBP,0.2947455891262524,3
IL10,0.2947197838156144,6
6430584L05RIK,0.2944255328907491,3
MBOAT1,0.29436566027708577,7
MIR684-1,0.29433984027096166,6
HBS1L,0.29431250005617154,7
SPATA33,0.2943110230123797,7
PPP1CB,0.2943025522046018,7
5330411J11RIK,0.2942517189652604,5
DHX9,0.2942047841762562,7
IGKV4-51,0.29417691799164974,4
ZSCAN2,0.29416484187709246,7
RINL,0.294128701293051,7
KRT13,0.29409091491467343,4
H2AC10,0.2940891953965207,5
4930412M03RIK,0.2938827367444837,5
MCM9,0.2937488194682005,7
KCNK9,0.2937338598225062,4
BC005624,0.2937093699894597,7
ELAC2,0.29370108823902463,7
TRAF7,0.29366126012944793,7
PLXNB3,0.29357639868130536,6
FEM1C,0.29344997373807663,7
NUDT11,0.29337116738826635,7
STC2,0.29331000780619637,7
NQO1,0.2932621041658644,7
CMC2,0.29319821313789846,7
COL2A1,0.29319681124023184,2
DNAJC17,0.2931509979953767,7
SLCO1A1,0.29309628144601135,7
LRRC3B,0.29298680705159397,5
RNF8,0.29297680949793364,7
ERV3,0.2929547070156919,2
CMIP,0.292950760127432,7
A630076J17RIK,0.29275740660359206,5
ZFPM1,0.29272398984487324,7
GORAB,0.2926979815693918,7
GM18811,0.2926280548932586,6
CYP26C1,0.292624878609263,5
MYBPC1,0.2926169061671808,6
CEP57L1,0.292554779820736,7
CD164,0.2923593756111901,7
NBEA,0.2922762354702376,7
NGLY1,0.2922594764263258,7
1700054M17RIK,0.2921545184096496,4
GM38947,0.2920490949324904,5
NEURL4,0.29200457602064706,7
GRAMD4,0.29195629563560177,7
RHOBTB2,0.29192156546997794,7
CLDN2,0.29186002201331274,7
KYAT1,0.2918257996327019,7
B3GALT2,0.2918034468712472,6
UTP14B,0.2917553671013263,7
MIR8094,0.2915787798677121,2
TAF1,0.2915609695176222,7
KHDRBS2,0.2915299750790485,3
RSRC2,0.29137568386746254,7
NCKIPSD,0.2913424365157411,7
PTRH1,0.2913242803303877,7
WDFY3,0.291291397204676,7
SLC38A2,0.2912842407148319,7
TESPA1,0.29123924688921754,6
A530010L16RIK,0.2912151569436618,6
FAM185A,0.2911955768916448,7
VCF1,0.29106981621967803,3
ASB14,0.29098954635513463,4
JRKL,0.29095747331053534,7
LARP7,0.29095463615042366,7
OSBPL6,0.29088354790950194,6
GM17999,0.2908238836909054,3
ZFP276,0.2906413920527922,7
DNM3OS,0.2906028761028325,7
SPAG1,0.29051411404210004,7
AP1B1,0.2904111667363881,7
SSH1,0.290400050096308,7
GM9333,0.2903921476285597,5
TMEM65,0.29034340331334524,7
EFCAB9,0.29010987386816994,6
ALDH1A2,0.2899516191748675,7
ARAP2,0.2898933191442636,7
DLGAP1,0.2897559693127659,7
NCOR2,0.2896560171684782,7
PAPSS1,0.28955034614602043,7
INSL3,0.289543684943881,7
ECRG4,0.28930771608562605,5
ODR4,0.2892768125125701,7
KCNE1L,0.2892763754505224,2
ZFP69,0.2892758144837857,7
BCL2,0.2891093764930634,7
GM13394,0.2890330075537698,7
CSPG4B,0.2889827504171284,7
H2-M6-PS,0.2889425522502423,6
AFAP1L2,0.28891897035211916,7
CREB5,0.288860568895786,7
2310015D24RIK,0.2887807926495448,4
DDX3X,0.2886968510322,7
MZF1,0.2886852598995415,7
GM7765,0.28865951193944733,6
SLC25A31,0.28861291096768676,6
SEC62,0.28850502332524464,7
2310069G16RIK|A930017M01RIK,0.28836483401667884,3
RHOT2,0.2883349943932852,7
1700066M21RIK,0.2883151903234337,7
AKAP17A,0.28831150219251556,3
ZFP456,0.28830799893084963,7
TRPS1,0.2882688639468002,7
PHF20-PS,0.2882131994966761,4
VMN2R90,0.2882088004676958,2
PPP1R2,0.288121135518029,7
METTL21C,0.28795770138048493,4
UBE2J1,0.2879411030117983,7
REPIN1,0.2879250456131265,7
LIMS2,0.2878872361056014,7
AKR1CL,0.28776100326553966,4
IMPA2,0.28771038538199006,7
RPF2,0.2877006944739159,7
9330159F19RIK,0.2876669493868091,5
HSPBAP1,0.28756152650179123,7
GM19056,0.28755241936216647,5
CNBP,0.28724978122064354,7
TIMM22,0.2871412401884809,7
ZFP981,0.2871272236969944,4
FBXL14,0.287111899427987,7
CDC23,0.2870717160069936,7
VMN1R217,0.28706916387451337,3
LMAN1,0.287054055355627,7
GM4651,0.287001902989811,5
ASCC3,0.28696993090695283,7
THOC1,0.28691152672264525,7
TRPM5,0.286903622878194,6
FAM83G,0.286894819412377,7
FBXO38,0.2868916904347317,7
GM960,0.2867385593459787,4
GM5903,0.2864581320311699,4
POLR3A,0.2864559713869844,7
FRK,0.2862869935294121,7
SMIM38,0.2861298517047722,6
BEND5,0.2860652556505299,6
ZFP114,0.2859878544072396,7
BC049987,0.2859598102765712,6
FAF2,0.2857824560379335,7
GM22303,0.28577994655177075,4
NKAP,0.28570164096192635,7
NKAIN1,0.28560001456536543,6
PRKACA,0.2855435127623843,7
BRINP1,0.2854948175097446,5
IPO9,0.2854698609723832,7
CCT2,0.2852775407064158,7
OLFR56,0.28525009425252346,4
OFD1,0.2851820548338027,7
EDARADD,0.28516251046811103,6
PARP6,0.28511929786597656,7
CCDC152,0.28509764194839926,7
POMK,0.2850344323407193,7
HACE1,0.28503040306114763,7
UBR5,0.2850019875849535,7
GM15179,0.28497295584309434,3
GM5879,0.284846837725963,2
RPL3-PS2,0.284657320830771,6
ZFP609,0.2846090141471044,7
FRMPD2,0.2846003553080178,3
ZFP334,0.28454229140364384,7
MAGT1,0.2844197356160743,7
SERPINA1F,0.2842827791300977,2
BMPR1B,0.2842442078620226,6
GRIK4,0.28420538302190584,6
ARHGEF3,0.28415863861419416,7
SLC35F2,0.2840276568399337,7
SND1,0.28399104423137617,7
GMDS,0.28382542867623395,7
NME6,0.2837193918254195,7
VMN1R68,0.2837115514253925,2
SCX,0.2834365356507171,6
SGK1,0.2833776318049538,7
HSPA14,0.2833146950095008,7
B3GAT1,0.28329805640080213,2
HSPA13,0.2832043497209968,7
BRSK2,0.2831852059759732,6
HSPB8,0.28315205583169095,7
TEX38,0.2831117888433445,5
GBA1,0.2830952513086636,3
FAM228A,0.2828352412335061,7
CD163,0.28278451438374747,7
NRN1,0.28265221804102436,7
CASQ1,0.2824874539175039,6
PSMB7-PS2,0.2824785036296554,6
DUSP3,0.2822980788790614,7
CUL5,0.2821432782268521,7
ZXDB,0.282133021835478,7
CCDC88C,0.2820368774789194,7
PDIA6,0.28184798922829085,7
GSE1,0.2818378941082603,7
SUGP2,0.28172197742863825,7
AKAP5,0.2816865786112418,7
4930592C13RIK,0.28160786859920073,7
GM11225,0.2816022822627332,2
CNR1,0.281451835446208,6
PPP1R15A,0.28135745539219953,7
COL19A1,0.28134509766633425,3
PAXX,0.2813074006359734,7
NAE1,0.2812730138365397,7
RECQL4,0.28124049351334174,7
GM11743,0.28122760179980605,6
HIVEP3,0.28121889871506445,7
TMEM39A,0.28120498059249144,7
FAM228B,0.28107830172722637,7
IRF6,0.28104091280613425,7
CCDC84,0.2809877763437839,4
REL,0.2809639559338204,7
FJX1,0.2808727337971428,6
AGO3,0.2808289111815704,7
MARCHF3,0.2806036096524125,7
C1QTNF12,0.2804638916605503,7
MTMR2,0.2804256417081259,7
BTBD11,0.28026038031814654,4
HORMAD2,0.2802398137488226,6
TRMT112,0.28023193193008933,7
BC034090,0.28018295721277986,7
GNRHR,0.28018160769265626,3
CYP11A1,0.2801729546055243,6
NFKBIB,0.2801281691907068,7
INPP1,0.28000575058316246,7
PWWP3B,0.27998308742606093,7
GM14391,0.2798729798360089,7
CDK6,0.27929728541924775,7
IRX1,0.2792944657777362,7
TAPBPL,0.27926222036092546,7
SPTAN1,0.27925778269841056,7
ZFP512B,0.27922289454361554,7
ZNHIT2,0.27920598663231055,7
PRKCE,0.2791858227371865,7
SF3A2,0.2790991770902406,7
PKMYT1,0.2789371910474698,7
DNAH12,0.2788770057340456,7
CAB39,0.27885224912367007,7
ITGB4,0.27884449896704977,7
GPR83,0.27879767090911667,4
INAFM2,0.2787568060660361,7
SEMA6B,0.2787192393570208,7
DNA2,0.27859445499878815,7
ZFP969,0.2784691619738105,3
ARID5A,0.2782792735659883,7
GM5147,0.27826325677227354,3
HDHD5,0.27821385212391236,7
CASQ2,0.27820477405191635,6
ZFP335OS,0.2781919733994059,6
MEGF10,0.278128583588996,5
CACTIN,0.27802689778528605,7
NSMCE3,0.2780215073607966,7
ACTL7B,0.2779894335725295,3
USP35,0.27791627089705195,7
UBXN8,0.2778162504808835,7
AKR1D1,0.2773835117848819,7
GALNT2,0.2772487529206514,7
SLC39A9,0.2771908532982536,7
TYSND1,0.27718329622610105,7
GM14117,0.2770968626757176,7
RIBC1,0.2769720299529549,7
HOXA3,0.27694287439534504,7
MYT1,0.27678717834410954,3
SPACA6,0.2767319001087198,7
TSHZ1,0.27659527689933666,7
RASSF10,0.2765945877370302,7
AHDC1,0.27654313056421465,7
TSN,0.2764354908509278,7
DOCK3,0.2764262902392938,5
NUS1,0.2764168260791541,7
PLD2,0.2763906276974109,7
OLFR1116,0.2763408839906143,3
ABAT,0.2763375456736159,7
PPP1R3E,0.2762535813652496,7
BRF2,0.2762251220029094,7
GM14023,0.2761725728166264,7
RBM20,0.27606523185241566,7
SLC9A2,0.2760408548506163,6
OR5M9,0.27603571661061505,2
GM6451,0.2760097680907237,7
A430090L17RIK,0.2758820071587824,2
CENPB,0.27582899604837563,7
ZFP971,0.27581375569480043,7
KRT1,0.27573475364171884,3
CWC15,0.2757145880961055,7
TTPA,0.27566724865038916,7
RNMT,0.27562727536684406,7
ELMO2,0.2754557178007566,7
SP1,0.275332383230389,7
GM6483,0.2751552972937364,3
GAB3|GM38425,0.2750803768818691,6
GM37896,0.27503458098792993,4
CXXC5,0.2750342848186054,7
GM3336,0.27492983854903563,6
GM26766,0.2748887907381005,2
CDC25A,0.27485187314055787,7
HBQ1B,0.27484025348503877,6
RBMXL2,0.27481383351452165,2
WASHC4,0.274729515725141,7
RPS8-PS2,0.27472823062973883,5
5033406O09RIK,0.2747055883465124,7
SEC14L5,0.27465083477046554,6
UBAP1,0.2745658193898515,7
PDILT,0.2745313414339011,7
APLP1,0.2745068046957115,7
OTULIN,0.2744617080703195,7
FIZ1,0.27430108732247777,7
STPG2,0.27428576803373045,3
LSM14B,0.2742202125228292,7
STUB1,0.27386525605306994,7
MAP4K5,0.27383318908698456,7
GM3671,0.27380901543002084,3
FBXO46,0.27374823517579544,7
ZBTB47,0.27366737207292074,3
OLFR222,0.27365759383561383,2
RCAN2,0.2736366876184172,7
ALDH1A7,0.2735986935396466,7
SFRP2,0.2734996322269148,6
MIS12,0.2734480107453484,7
FBXO44,0.2734281111211544,7
DARS,0.27342683799710976,4
MFN1,0.2733425920470712,7
YY2,0.2733356944729269,7
CDC45,0.27332398933502683,7
NEO1,0.2731989246842771,7
ATN1,0.27318380886889687,7
MNS1,0.2731391133165409,7
AMPD2,0.2728508198657379,7
CREG1,0.2727450266147138,7
RTN2,0.2727333819214978,7
GM9722,0.2727275415612693,3
RIN1,0.27266766821529803,7
HOOK3,0.2725925900752481,7
PXDC1,0.2722939585851711,7
1700029I15RIK,0.27222787302083695,4
LRRC7,0.2720350079524499,3
CAR6,0.2719706930341439,3
SNAP25,0.27189657539610856,4
BLOODLINC,0.27189109127808253,6
TRA2B,0.2717181725980552,7
ST3GAL2,0.2716925832487053,7
ESYT3,0.2716048913941234,6
GM15787,0.2716043685579013,7
MRPS18B,0.2715027666690651,7
SART3,0.2714696001729658,7
SLC25A44,0.27141740766931133,7
CNTNAP2,0.2714098161242852,4
A930037H05RIK,0.2713965855332586,7
POU1F1,0.2713397350361315,2
PLP1,0.2711576663741598,7
UPF3B,0.2710876735205235,7
HUS1B,0.27102093072531375,5
PHKG1,0.271015340466978,6
GRHL2,0.2709773677134066,7
PABPC5,0.2709037805190212,5
AKAP14,0.2708917566240086,3
RSLCAN18,0.27083417631755946,7
ACTN2,0.27080421568112073,6
TSGA10,0.2707326870100964,7
GM6135,0.2707261573912581,3
FOXJ3,0.27069565474952517,7
MIEF1,0.27067852778855234,7
GTF2I,0.2706472042559488,7
TRP53RKA,0.2706281657637349,7
SRRM4,0.27046198609271266,7
IGKV15-103,0.2704113193232249,6
ABCB4,0.27039542874694167,7
PLPPR4,0.2702479862776837,5
ZC3H13,0.27016705791188594,7
TBX20,0.2701639296036637,7
RBM12B2,0.2701536262271463,7
XPR1,0.2701119022592692,7
SEC23IP,0.2700954615707084,7
EEFSEC,0.2700279097547819,7
LGI3,0.26999682368535893,7
VMN2R120,0.26997849067995594,4
VMN2R7,0.26981306472289424,2
GFPT2,0.26972450443129325,7
GM50432,0.26969539067071296,2
WDR3,0.2696626682715935,7
RPS27A-PS1,0.26966050278451104,4
PCNT,0.2696065537224876,7
DYNC1H1,0.26959311948972386,7
TDRD9,0.2694662609608827,2
LRRN4,0.2694540455991476,7
FAM135B,0.2692946156069526,4
BORA,0.2692845060180486,7
CEP192,0.26924692463946526,7
PKHD1L1,0.26919027353500924,7
CENPC1,0.26917316133427377,7
ZFP457,0.2691320636880226,7
TNK1,0.2690610891094369,6
GM10319,0.26904979669637935,7
A230077H06RIK,0.2690313018624364,2
CDC7,0.2690272759787221,7
ANAPC7,0.2689336087751973,7
GM32856,0.268920065924767,7
5430416N02RIK,0.2688338152285486,7
SUV39H2,0.2687879625861425,7
PPM1D,0.2687300751915132,7
TSSC4,0.26870463053265714,7
CSE1L,0.2686706180403282,7
KLRA5,0.268561461043887,4
BAALC,0.26851476858471257,5
LYSMD2,0.26850152084193646,7
D430020J02RIK,0.2684122515886184,6
DHH,0.26829360881612496,7
SDR39U1,0.26817772630038894,7
TMPRSS11F,0.26810455232313074,3
GM22717,0.26803766588381606,2
PHF21B,0.26793439239257355,7
PIK3C2A,0.26792817159204835,7
9130023H24RIK,0.26786519093525246,7
BBS9,0.26783490364064405,7
GAB2,0.2678299923202961,7
SRP19,0.2678021078610551,7
CYP11B2,0.2677707936465108,2
SRRM2,0.26775622793185067,7
TICAM1,0.26772360820290114,7
PLA2G4B,0.26766489432143686,7
PEAK1,0.26763510938476204,7
ZWINT,0.2676317428063103,7
HPGD,0.2676182288048442,7
EBAG9,0.2675770432626602,7
DENND1B,0.26746157103239593,7
RPS6KA3,0.26741846435685473,7
AP5M1,0.2673452023954323,7
HAUS7,0.2673125189974284,7
GM5105,0.2671960093275149,5
TMEM248,0.2671938038829282,7
SIAH3,0.26718139903049143,2
VMN2R60,0.267163929317752,5
PAK2,0.2671304598780068,7
PCGF5,0.2670866742827903,7
CCDC6,0.2670434959602632,7
SAA2,0.2670038415351782,7
ALOX15,0.2669568142201631,6
NEURL1A,0.2667297081117184,7
GM18303,0.26672446917660014,3
GM13293,0.26671811396706663,3
AMIGO3,0.2667038740404167,7
POLR2A,0.2666983988809286,7
RXFP1,0.266514934182743,3
VMN2R44,0.2664533685976487,3
GM25813,0.26639151407779915,5
LSS,0.26610948739602375,7
GM10060,0.2661010273303888,6
FIRRE,0.26605344625926003,7
CXADR,0.26587595904481426,7
VPS52,0.2656856051219107,7
TRPC4AP,0.26566685704963033,7
C2CD3,0.2656018771792287,7
ZCCHC8,0.26555590920568567,7
RFFL,0.26533671128453157,7
C1QBP,0.26519799496406543,7
TBX1,0.26510641784712097,5
PRDM8,0.26503618938652457,4
EIF2B3,0.26503164210039787,7
PHF21A,0.26501883792749364,7
NHP2,0.26497521672069874,7
EML3,0.26485153578596704,7
TOP3A,0.2647968029890188,7
ATP6V1B2,0.26473745886498706,7
TARM1,0.26471481070008673,5
KIFBP,0.26453759674948313,7
SMNDC1,0.2644711840960721,7
DEFB1,0.2644702789759266,7
MIGA1,0.2644315376532084,7
1700020L13RIK,0.26439639440234225,6
RIMBP3,0.264290049065777,3
SDAD1,0.26425060733592093,7
C330013E15RIK,0.2642066198623219,7
NEBL,0.2641495445855864,7
IGHV9-4,0.2640625772132579,3
BBS7,0.2640543405959442,7
RUFY3,0.26405156313107836,7
SGK3,0.26391959153661254,7
CDH9,0.2639050592792549,6
GAS2,0.2637293560673137,7
TRMT10A,0.26370635979856133,7
S1PR3,0.2636827067209298,7
SFXN5,0.263678299513952,7
SYDE2,0.26366728174583504,7
ZFP617,0.2635341203007509,7
DCTN1,0.2634225868898493,7
RAVER1,0.2632858282812248,7
RAD17,0.2631369806687803,7
PDE4D,0.2631298058249077,7
NLRP6,0.26312409112038954,7
ABI1,0.26310358459439964,7
HMBOX1,0.2630699778085156,7
PODN,0.2630074588956008,7
APCDD1,0.26297485021485495,6
OLFR1028,0.2629720187314896,2
LEF1,0.2628096209215131,6
ANKRD35,0.26277950728228106,6
ZFP14,0.262712079372929,7
MBD3,0.26259233529299403,7
SREBF2,0.26245112075523674,7
ETAA1,0.26242736697317304,7
TNFRSF22,0.2624000545948129,7
XKR6,0.26236050289636487,7
FNBP4,0.2622795429660704,7
DPP6,0.2622635277653217,5
SLCO2A1,0.26221758410923024,7
RNF126,0.2622095044467714,7
CRYBB1,0.262159833477395,4
OLFR733,0.26210931974821355,2
SLCO4C1,0.26207203608095575,5
GJA1,0.26198113904076265,7
FHDC1,0.2618745189774872,7
PIANP,0.2618193049953666,7
SETMAR,0.26180133334523814,7
VMN2R124,0.2617948551646628,4
TRIM50,0.26167910420297186,4
WT1,0.26161048671856285,7
GM6139,0.2614715136757524,6
ALDH7A1,0.26146840410210576,7
EIF5A2,0.26144045854930015,7
ACTR8,0.26141420727159254,7
RP1L1,0.261219434474801,3
TGM4,0.26095220934900765,7
HEATR9,0.2609467578477514,5
PERM1,0.26087366471250334,6
LAS1L,0.2607786299668161,7
MAB21L1,0.26077720202289406,4
FAM53B,0.26063218954870326,7
SVIP,0.26053687585630636,7
CDC42EP3,0.26051329256351113,7
MBTPS1,0.2604980037616661,7
GSG1L,0.26048210374584957,6
DDX11,0.2604516833042948,7
IFFO1,0.2603380361976573,7
DNAJA4,0.26007430117976915,7
HYDIN,0.2600110757566215,5
GM4419,0.26000577908810524,6
GM19619,0.25958716951751876,7
CCDC17,0.25957515415649784,7
ZFP62,0.2591422088197752,7
TMX3,0.25913806666423506,7
SUFU,0.25911602101301273,7
GSTM1,0.25890811420885473,7
ZSCAN30,0.2588056700200188,3
GDF9,0.2585761941712614,7
SCAF4,0.25857297651071104,7
STRA6,0.2585558097995459,3
CBFA2T3,0.2585340192898732,7
RNF26,0.25826784089323074,7
LIMCH1,0.2582382323891038,7
VMN2R113,0.25823348924540507,4
AGK,0.25811654246420646,7
GALNT10,0.25799811536071915,7
KIF1C,0.2579292299081536,7
GTF3C2,0.2579250629224329,7
GRB14,0.2578321807304795,7
B3GALT4,0.2578234580818522,7
UGT1A2,0.25764850963120567,7
GM12589,0.2575599191664222,2
4930524B15RIK,0.2575130115601517,2
CYBRD1,0.2574944372998357,6
CCNL1,0.2574366334516961,7
GM15510,0.2573368327745793,3
ERI1,0.25725437201276163,7
CEP170B,0.25725131696253345,7
ZFP263,0.2572386758506622,7
NSD2,0.2572365445077319,7
MYCBPAP,0.2571794765445661,6
MRAS,0.25716015208972,7
DDX10,0.25692761840614636,7
GM4609,0.25672406217456745,5
ZC3H3,0.25662005419658473,7
RRN3,0.2565436216370465,7
GJA6,0.256383260451867,7
CSMD3,0.2563156030878852,6
MAGEE1,0.2562489815928132,7
GABPB1,0.25618764296663876,7
GSS,0.2561776833252806,7
YLPM1,0.2561040129835971,7
BC106179,0.2559208115598632,7
RCBTB1,0.25576663616367,7
GM10327,0.2557126913768384,6
OLFR338,0.2556660727455847,3
PTPRD,0.2556020547798254,7
IGHV5-9,0.25558366972708974,4
SLF1,0.2555283054590544,7
PAF1,0.25533643716846477,7
SRPK2,0.2552689867059513,7
AOX4,0.25521657767600625,4
AGPS,0.2551724500543021,7
SPSB4,0.25517170201779776,7
ZFP213,0.2550957947423436,7
NOL12,0.25506482487077314,7
MAEL,0.2550353227208896,3
TRIM38,0.2549575480501556,4
CCDC184,0.25477568203403367,3
ZFP101,0.2547395259874699,7
SUZ12,0.25469877340293784,7
GZMM,0.2546370465648513,7
GM3571,0.25454145773171183,7
CFAP61,0.2544140626607865,6
CHST11,0.25441388531671083,7
2610203C22RIK,0.25432599925646265,4
GINM1,0.25431752875891184,7
ZFP932,0.2542201872195642,7
NAIF1,0.2542039772136356,7
HIC1,0.2541367979200236,7
FRAT2,0.25405518017470374,7
VMN2R69,0.25395027811675924,3
VMN1R218,0.25389611294491476,3
ANKRD7,0.25383920073006877,3
UBE2M,0.2538274526309146,7
KLRC3,0.25374572576095733,4
BHMT1B,0.25362383040950326,3
COPA,0.2536039515150768,7
RHNO1,0.2535146064775691,7
EGFL6,0.2534267933834046,7
CDIN1,0.25342415501439225,7
OLFR1256,0.2534007208452551,2
FAM170B,0.25338589812162277,5
PSMB6,0.25328460378263995,7
BHLHA15,0.2531864459756051,7
POLD3,0.25310806685991516,7
ZFP623,0.2531072293694243,7
THTPA,0.2530877963320752,7
RIDA,0.2530045592096713,7
VPS26B,0.2529976903633247,7
DCDC2A,0.25297530725334644,7
EXOC3L2,0.2529740020691189,7
MT2,0.2529349124313422,7
EYA4,0.25289980714488813,7
FURIN,0.2528975105134383,7
SBF2,0.252676136203018,7
0610038B21RIK,0.2526435255859833,7
4930578M01RIK,0.2524911964960024,6
2700062C07RIK,0.2524771658379611,7
A030001D20RIK,0.2524266135700297,4
GPATCH11,0.25238115145525514,7
ZDHHC17,0.25215792847116547,7
RPS19-PS4,0.2521489272191981,3
LYPD1,0.25214023440673927,7
KCNIP4,0.25207746211286597,5
LGSN,0.2520130676540376,2
LGALS3BP,0.25196612515779004,7
ASIC4,0.2518424103439669,2
MIER3,0.2518372754964478,7
MST1R,0.25176616091367654,7
TTYH1,0.25171999029620434,7
SDK2,0.2516604351837464,7
SLC25A25,0.25164843254918373,7
ZFP78,0.2516440785169867,7
SUPT5,0.25157286467115486,7
REXO1,0.2515233734207771,7
TRIM71,0.25151412488206154,5
B3GNTL1,0.2515130233774252,7
ACRV1,0.2514297109122169,4
E230015B07RIK,0.25137314179892517,6
TTLL1,0.2513246514951844,7
SKA1,0.2513010403121183,6
UBA6,0.2512994980370099,7
A930024E05RIK,0.2512969141976244,7
GM5780,0.2512670014290524,3
CNTN4,0.25125181338339386,2
GM15128,0.25108232408575587,3
4931406C07RIK,0.25106402464741995,7
TM4SF5,0.2509685701551968,5
SYMPK,0.2509063795236518,7
CYP51,0.25088910379643536,7
LZTS3,0.25088631261942734,7
IMPG1,0.2508489393952,3
ARHGAP6,0.2508184593582204,7
MLIP,0.2506788999731068,5
SIK2,0.25067398587746453,7
VMN2R95,0.25067345459938944,5
BICRAL,0.25060415751018256,7
ZMYM6,0.250573877970141,7
ZFP185,0.2504152416149918,7
4930512J16RIK,0.2503729387443457,3
VPREB1,0.2503722467487766,4
GM18262,0.25037066488581344,4
PIP5K1C,0.2502675066233353,7
CLDN6,0.25023326071793345,7
PHLDA1,0.2501834812831808,7
MLXIP,0.25017806087995875,7
LRRC46,0.2501169729945958,7
CDK10,0.25008548795013325,7
PIK3CB,0.25004786359260917,7
ANKRD27,0.24988989845766335,7
GM15464,0.2497330728684978,6
VMN2R111,0.24973215157285408,2
ERRFI1,0.24947802048990006,7
PWP1,0.24944211324481322,7
SLFN9,0.24942239502301863,7
ADRB2,0.24929003720223944,7
SOX30,0.2492311084452948,4
FABP3,0.2491995869828619,6
HOXB8,0.24916398156322062,4
AMOT,0.24911433792289508,7
RANBP10,0.24898947988845954,7
MRGPRB11-PS,0.24896308579605517,7
CHRM3,0.24891256200530468,7
UBB,0.24889701413887538,7
KLHL34,0.248883692994052,4
FHIP2B,0.24885640044305238,6
AZI2,0.24880348855592724,7
ERCC3,0.24877811948040235,7
HLTF,0.24875916636668202,7
GM17893,0.2484808198745291,6
USP4,0.24846816179952766,7
GM23202,0.24844545476533475,4
MLLT1,0.2484002265157384,7
TPGS1,0.24828539693806453,7
SNORD57,0.24824401951402397,4
OLFR1183,0.24824120964099392,2
E130307A14RIK,0.24812152942362417,7
SMU1,0.24810101399304912,7
HEXIM2,0.24795944694644426,7
HGH1,0.2479300808473291,7
HSD3B1,0.24790420916091785,6
GM4949,0.24782498249212243,5
TBC1D7,0.24778779235081785,7
PPP1R35,0.24772121704596278,7
CCSAP,0.24765452661854306,7
1700019D03RIK,0.247628860626903,6
HIC2,0.24759813246489534,7
ZFP235,0.2474714565018202,7
PMEPA1,0.24742634466109,7
GM16223,0.24734643010037466,2
TENT4A,0.24733977380041186,7
SMARCAD1,0.24712356578831113,7
SHC4,0.24704758321236173,7
CCL27A|CCL27AL|CCL27B,0.2470325732466081,3
SNCA,0.2469840532299402,7
SNORD73B,0.2469765319423752,6
GM3362,0.24692992102483488,5
SEZ6L2,0.24677781157254655,7
CTTN,0.24674271861596328,7
ADAMTS18,0.24665248647192714,3
2410018L13RIK|GM38699,0.24653366887025566,3
KRI1,0.24651938538479076,7
4930563E18RIK,0.2464636073135297,6
SYT2,0.24619412969843282,2
NAP1L1,0.2461596240739609,7
TSG101-PS,0.2458356243353578,7
SERBP1,0.24577785751337206,7
ADRA2C,0.24575327158815571,4
CCDC50,0.24570930082593598,7
GM7545,0.2455371961214083,2
ALYREF,0.2455049008341962,7
ZFP110,0.24547665574372735,7
IGKV7-33,0.24541123271434362,4
SEMA5A,0.2453892668417755,7
BICDL1,0.24502646900789513,7
NDST4,0.24500520958914102,2
PHLPP1,0.24494053282876796,7
AARSD1,0.24484684919265437,7
PCDHGA10,0.24483639052800982,7
MELTF,0.2447328078738217,4
GM6305,0.24470220355108277,4
OGT,0.24465338119173285,7
GM9918,0.24458273383136164,3
DLEU2,0.24444185843402708,7
GABRA2,0.24434781952220455,2
AMN,0.24434766862239424,7
DCAF15,0.2443233193370923,7
SLC1A7,0.24428851737023882,6
DARS2,0.24422001500101673,7
SIK3,0.2442122423297886,7
VWDE,0.244121448148125,2
ZDHHC14,0.2440383235785086,7
SLC2A1,0.24400527789597,7
MKLN1,0.2440011977988166,7
CELF3,0.24398958587725023,4
9330175M20RIK,0.24398622726944433,3
LENG8,0.24398404035272467,7
CEBPZ,0.24396491515439406,7
ST7,0.2439360683377781,7
GM13216,0.2438535745239799,5
COL10A1,0.24384708065550997,3
BANP,0.2438175396007436,7
LRRC9,0.24380141492191623,6
GM8756,0.24377512908471516,5
ATP6V0C,0.24373888306226374,7
NOC3L,0.24370793060891352,7
HARS1,0.24365980693133196,3
RNF220,0.24360543810653126,7
SNF8,0.24347434158611816,7
TRP53RKB,0.24346198342386807,7
ADH1,0.24345958355705624,7
SPOPL,0.24338073835388213,7
PDPK1,0.24337864454277594,7
FAM110D,0.24329814990613124,5
SLC1A5,0.24329149939715422,7
1700120C14RIK,0.24322131075276568,7
DNAJC13,0.24319376676916044,7
POLL,0.24313358784773137,7
GPR26,0.24311274280367387,2
SMAP1,0.24308455560509182,7
LYRM1,0.24303378178385587,7
GANC,0.24300397428148993,7
XKR4,0.24299756154742547,6
ZFP988,0.24295798021563042,2
SWAP70,0.2429531380410781,7
HDAC6,0.24291350098750808,7
GM15753,0.24288090247777058,2
ZFP317,0.24287982654372348,7
SYT17,0.24282111419126973,6
POTEFAM3B,0.24275887388255984,4
GGA1,0.2427554380349397,7
MIF4GD,0.2427550558514499,7
ACBD5,0.2426906256979758,7
MOSPD2,0.24239671027989332,7
9130409I23RIK,0.24237903026977348,4
PTCRA,0.24227412432643533,6
TRIM10,0.2422585662903323,6
SNRPD1,0.2420912481180571,7
EDRF1,0.2420252936302622,7
FZD7,0.2419758767806505,7
GM40915,0.24172771919483335,6
GM6450,0.24172346412266005,2
TRMT2A,0.24129920063793434,7
RAE1,0.24129414870261037,7
ARHGAP32,0.24126836866129928,7
DNASE2A|GM38426,0.2412516561881166,6
GM13170,0.2412078045533262,2
ZFP64,0.24113087903631988,7
GM25776,0.24112874849541704,5
ZFP882,0.24108174531522705,7
ATP1A2,0.2410738964419841,7
ACSF2,0.2410609899690681,7
OLFR63,0.24102142836303134,2
SGPP1,0.2409695870977199,7
TMPRSS3,0.24095121552927812,5
MT1,0.24090493646249067,7
STX3,0.24085745529194802,7
KCTD18,0.24085621909617824,7
DMRTA2,0.24083487469389872,5
YIPF6,0.24074812266038154,7
ATP6V0A1,0.2405654002276454,7
IL23R,0.24054912171718795,4
PPP3CB,0.2405305139365263,7
CEACAM19,0.2404780203127838,4
SPR-PS1,0.24035373411823213,2
BMP8B,0.24023126413218776,6
SAPCD2,0.24013160444087245,6
KCNH5,0.2399898260971763,2
MTM1,0.23995944523802457,7
RYR2,0.23993404419492917,6
OLFR920,0.2399029803734075,4
DCAF6,0.2397688554268331,7
GM14296,0.23974320253095266,7
STOML2,0.2397390872243206,7
RIMS2,0.23956231576057826,7
TANC1,0.23956014549913143,7
ZC3HAV1L,0.23951078809223633,7
PPAN,0.23935455612721096,7
HOXD4,0.23922434060366277,4
TENM1,0.23920079121287813,5
GM30082,0.23908316273272026,6
GM16202,0.2390807992483836,4
ADGRF4,0.2390597367792977,5
ATP6V1H,0.23902068645536742,7
ULBP1,0.23895330024044673,7
MTMR3,0.23892916824878258,7
TTC13,0.23892388439758067,7
ACTL6A,0.23888490540937293,7
SNORD49B,0.2387970271447813,5
MAP3K14,0.23868761063236515,7
ZFP658,0.23860344053404736,7
OPRL1,0.2385194382447029,5
D830035M03RIK,0.23848297357438394,7
CLXN,0.2383687959789535,2
ANKRD22,0.23819882086147878,6
OSGEPL1,0.23813357756986672,7
TAF8,0.23811769207629369,7
JHY,0.23810481382724213,3
GM13033,0.2380816184682426,6
HEPHL1,0.23805742222913112,4
GM10710,0.2380149411084011,2
ARHGEF38,0.23800593620353427,5
PYGO1,0.237977608453641,7
0610030E20RIK,0.23796499222983095,7
ANKRD63,0.2379521469228168,2
KTN1,0.23791256305134761,7
TOR3A,0.2378859121704006,7
CCDC39,0.23781680289845145,7
DIRAS1,0.23778797088120793,3
KIF12,0.23775147926438425,7
NUP58,0.23770946998295917,3
GM19801,0.23770271025540246,6
RIPK1,0.2375041814825811,7
PSMF1,0.23743490345782423,7
FAM120A,0.23739346384352647,7
LRFN2,0.23727447446382766,4
VPS54,0.23726940941338354,7
LRIG1,0.23724179378674046,7
GPR141,0.23720191750716402,7
CDC42BPB,0.23713150788391843,7
NOMO1,0.23712587743297478,7
SNAP91,0.23707777468126523,3
6430548M08RIK,0.23703711706717973,7
DREH,0.2370241179523645,7
RSPH6A,0.23689784760271315,2
RNF216,0.23682115472374185,7
SHISA8,0.23680235961645782,7
ZFP710,0.2367354166716431,7
ZBTB43,0.23672767120869845,7
ASPH,0.2366639899230941,7
HUNK,0.2365904850961193,7
GINS3,0.23652080569021075,7
EIF2AK1,0.23648657248799312,7
BMP3,0.2364470905630649,6
LRBA,0.23644544354135474,7
DCAF12,0.2363954271991721,7
SNHG9,0.23639429113029622,6
TBX3OS2,0.2362973855464229,5
POLK,0.23614330263626943,7
SNRNP35,0.23607554166928213,7
GM15460,0.23580700108978936,4
NSUN6,0.23580672097422758,7
CLCA2,0.23578263706569358,4
CCNH,0.23567547990317658,7
KRT7,0.23556911119565727,7
9530036O11RIK,0.23551130894122352,2
PCDHB22,0.23546911393424635,7
MINDY3,0.23545248747992323,7
SMARCD3,0.23543756743664823,7
YJEFN3,0.23542505889543666,7
ZMAT4,0.235425024648234,3
TNRC18,0.23536058917014221,7
NICOL1,0.23531342454082027,2
EIF2B2,0.23530342795701603,7
RPL31-PS12,0.23529881903636793,5
MOSPD3,0.23525877771473339,7
ING5,0.2351861386136139,7
MUP22,0.2349106617566388,7
POT1B,0.23474110158935346,7
2610028H24RIK,0.23463231402243334,3
ADAM6B,0.2345701562179888,3
GM5469,0.2344279713510466,5
JAK3,0.23440640517756525,7
5033421B08RIK,0.23440450957305417,3
RPS8-PS5,0.23422620363904714,6
NECAB3,0.23403409612422818,6
TRAF2,0.23394729908898798,7
RGCC,0.23387836465045161,6
CCDC190,0.23371122562507277,6
CYP4F14,0.2337019482396358,7
MGME1,0.23359638839906374,7
9230116L04RIK,0.23353243713562916,5
CCDC121RT3,0.23344274403305346,4
SCD4,0.2333550477320573,6
KLHL32,0.233339663268698,6
GM648,0.23328354925649225,2
LAMB3,0.233206388125752,7
WDR59,0.2332024547312399,7
EIF4A3,0.23315494165965436,7
GM5620,0.23305338998512762,6
SERAC1,0.23296669216478713,7
G530011O06RIK,0.23292849399766058,7
TMEM215,0.23286379751359676,6
GDAP1L1,0.23284462027866934,2
MAPK4,0.23274907525604527,7
FAM220A|SAGSIN1,0.23270717086913364,3
GM20597,0.23265927757883137,4
LONRF2,0.2326477871694513,6
ZCCHC12,0.23259322905116256,4
KLHL28,0.23246877000563165,7
NOTCH3,0.2323654052659682,7
CCDC150,0.23233933566459006,6
KIF21B,0.2322988932215215,7
SALL2,0.2320383496088439,7
OLFR784,0.2319796969153028,4
GM14398,0.23197120755581413,4
DENND11,0.2319213661234949,7
DNMT3A,0.23190675124863697,7
SLC4A1AP,0.23190230713642163,7
6330549D23RIK,0.23184268641184386,7
TRIM8,0.23160890614061727,7
PODXL2,0.23143410054822441,7
ESRRG,0.2313800600252948,7
OPCML,0.23120822728607718,6
GPR85,0.2311518920283013,6
4930594C11RIK,0.23101969467739286,5
PGP,0.2309849666831658,7
E2F4,0.23098214728070113,7
MYRFL,0.23091831033009028,3
OLFR540-PS1,0.23089617776925364,2
H3C15,0.23084678642021286,7
LRRC71,0.2308342650036799,7
VMN2R59,0.2307191985091271,4
GM12933,0.23071000497288824,2
PLPPR2,0.2306955608648422,7
SEPTIN1|GM4532,0.2304412727080736,6
0610009L18RIK,0.23040440425644196,7
MRIP-PS,0.23037153458517237,7
GM7498,0.23030730615346545,4
PUM2,0.23030271375292344,7
SNORA69,0.23027435598258167,5
SRSF12,0.23006409247387666,5
MYADML2,0.22998702099688761,4
CWF19L1,0.22995607638918145,7
OLFR95,0.2298410089056121,3
SUPV3L1,0.22970491339435725,7
SDC1,0.22968091228875648,7
SPAG8,0.22964788130949534,7
KIF21A,0.2295957971727877,7
GSTA1,0.22959319285818278,7
ADRB3,0.229586225049351,7
DRAXIN,0.22956743629513965,6
PPDPF,0.22947192286626872,7
SLC16A8,0.22942611881746608,2
ATG12,0.22942313250975585,7
GM8349,0.2293343462107337,6
RASSF9,0.2292262639483835,7
STIM1,0.22911137059365944,7
GM12502,0.22902752513373842,2
ARID3B,0.22900512498939166,7
HSD3B9,0.22878998223095423,2
APBA2,0.22872519426490556,7
GM19345,0.2286894714881881,6
MUSTN1,0.22856472675538766,7
MAP2K1,0.22838596691200377,7
MYBPC2,0.2283475989471726,6
NOM1,0.22820623511413793,7
GATA1,0.2281910684749633,5
PMM2,0.22817896763736237,7
DAGLA,0.22817689232667476,7
TOGARAM2,0.22816057838477738,4
FHL3,0.22809182980576903,7
GM15542,0.22801263441941047,7
CNTD1,0.22788099263364398,7
PIM2,0.22787765942742894,7
BORCS8,0.22778841979983636,7
WBSCR25,0.22776163551298692,3
MAN2C1,0.22762093692340973,7
MEF2A,0.2276148374031553,7
NRCAM,0.227607792646387,6
PPP4R3B,0.22755107561915525,7
MAT1A,0.22754461023033268,7
ISYNA1,0.22745001506012272,7
CYP2C69,0.22739345940831607,7
TSEN54,0.22723869397101987,7
CATSPER2,0.2271517876134914,7
ECT2,0.2270375477997483,7
FAM161B,0.2269181760127936,7
CEP164,0.226888965326617,7
RORB,0.22683299112851188,4
MYO1D,0.22667492065197067,7
GM12671,0.22658463885895624,2
1700012D16RIK,0.22645081329826375,5
PLXNA3,0.22642880980264574,7
GSPT1,0.22629324563742106,7
TRPC3,0.22629240736774917,7
PCDHGA2,0.22628894899301136,7
CDCA7,0.22628476177108725,7
ITPRIP,0.2262772142130647,7
SESN2,0.22618897982816183,7
MTHFD1L,0.22615818219091097,7
TMEM253,0.226100756306396,6
VMN2R102,0.2260805922813382,4
PGAM5,0.22599752365947573,7
TMEM262,0.22588763377129242,4
IGKV8-19,0.22583378227455475,6
DNAI2,0.22581907137952562,5
GM4787,0.22546095767189797,7
GM14936,0.22544295042709311,2
GNB1,0.22534402592762798,7
MEAF6,0.2253252555768375,7
SLC16A4,0.22525728337539522,6
OLFR190,0.22522430020958015,2
TIAL1,0.22522135746629499,7
CCDC187,0.22514267469656266,6
EPHA10,0.22508635804735475,2
ENKD1,0.22504205111845899,7
ATP2C2,0.2250046403001478,3
RAF1,0.22497418335492797,7
CCL27AL,0.22495359580865923,2
IRGM2,0.2248174312425372,7
GAPDHRT2,0.224766215631249,3
GM11914,0.22465626784553946,7
FAM149A,0.22464920902231092,7
KDM7A,0.22460436313666157,7
TPP2,0.22460183105256362,7
BAG3,0.22445997924403532,7
IP6K2,0.22440816343616957,7
USP18,0.2243248386783485,7
CRACR2A,0.22424184623431054,7
RHOA,0.22423067009158,7
RFK,0.22421525584610733,7
MUG4-PS,0.2241971192331731,6
ZFP446,0.2241212399420387,7
FBXO40,0.22402532809794445,7
RAB26,0.22389800941572227,6
TRPM2,0.22377585010939122,7
EPHB2,0.22377450497780207,7
USP32,0.2237699634914518,7
9330136K24RIK,0.2237375440612707,7
D830039M14RIK,0.2237324797543444,4
NCAPD2,0.22369503486626666,7
GNAI3,0.22364782510568254,7
MAPK8IP2,0.22360247272810793,5
GM12161,0.22356688701804422,5
DDN,0.223481215530543,3
4933428G20RIK,0.2233932593021838,2
ASB10,0.22338952195903217,6
SCN10A,0.2233866003794447,6
SH3GL1,0.22338572847649302,7
STT3B,0.22336518064036273,7
TRMT11,0.2233650613574292,7
SNTB2,0.22336325216001243,7
CHRM2,0.22333907300008535,6
4930453N24RIK,0.2233218645223496,7
TMEM150A,0.22330637920344767,7
PUF60,0.2232683928972354,7
ATP11C,0.22318329567658127,7
SYCE1,0.22316316706467335,4
TEAD4,0.2231552322789455,7
GTF2E2,0.22315161479850668,7
D630023F18RIK,0.22314838773513235,6
GTF2H2,0.22298203074259718,7
FBXW15,0.22291520100064605,5
GM8885,0.22287626554556603,3
SEC22A,0.22285882252864161,7
PHOSPHO2,0.22272863598320075,7
CYP2J5,0.22263666000497853,7
ITPA,0.22259935154030877,7
DCAF4,0.22259159628463573,7
HDAC5,0.22257770877858202,7
EXOC1,0.22257676167990081,7
CRB1,0.22249752747412888,3
8430426J06RIK,0.2222874439202392,7
HEBP2,0.22227678440599058,7
IARS2,0.2221967242125761,7
BCAS1,0.22209697993219027,6
ABCB9,0.2220620168546905,7
AW209491,0.22204586216022598,7
AK7,0.2220022462207323,7
GAN,0.22198199861381124,7
NIPSNAP2,0.22194768023285957,7
LY6K,0.2218899286894843,6
ATOSB,0.22185153332911786,3
KCNJ12,0.22182198925088772,4
5730455P16RIK,0.22177836349443053,7
SMARCB1,0.2217759212362386,7
UBA3,0.22175574714263546,7
ERCC5,0.22172973479507327,7
LRP12,0.22169872047684727,7
LACC1,0.22167475970994205,7
GM10277,0.2215678569946693,5
DTNA,0.2214999621868436,7
ADAMTS19,0.22149083135951944,4
MRPS30,0.22146383888604518,7
CSRNP3,0.22142878106206984,3
HYAL4,0.22136642766916118,2
SRP54A,0.22127310545974832,7
STIL,0.2212536444566606,7
FGD1,0.22118212938959864,7
OLFR1173,0.22113421662028107,2
KCNJ11,0.22098337544648297,4
TSC22D3,0.22087180760597086,7
A930016O22RIK,0.22085402189431588,4
GM31520,0.22076869023910692,5
ZFP189,0.2207526233739945,7
TRAPPC13,0.2207159818763264,7
NTAQ1,0.2206998986314589,3
ZFP780B,0.22066418886526296,7
DIP2B,0.22065517726846412,7
UCK1,0.22061762135482038,7
C330018A13RIK,0.22057503244334545,3
GOT2,0.2205631066126144,7
TMED10,0.22050591104265646,7
B3GALT5,0.22046899614661622,6
KLHL22,0.2204534465770411,7
BSCL2,0.2203980796937574,7
DLG3,0.22036859484688875,7
PPP1R10,0.22030877759772807,7
GM16796,0.22027806444930714,2
SLC6A15,0.22027799819787502,4
EPM2AIP1,0.22027458420758544,7
PPFIA2,0.2201607327636716,7
ABCD1,0.2201232818926571,7
4930417O13RIK,0.2201001162927366,6
SLC45A4,0.2200383640305136,7
ODF2L,0.2199502045517082,7
4930583K01RIK,0.21991714526603282,5
GABRG1,0.21981081728272564,3
EXOC3,0.21977116564846394,7
MS4A8A,0.21972774160655567,7
GM7413,0.21960185343661243,2
3930402G23RIK,0.21956880397691197,7
NUDT12,0.21952198215908034,7
GM21049,0.21945709916728498,7
ZHX1,0.21943663133144473,7
MEGF11,0.21938463193249821,6
UBE2L6,0.2193671710077916,7
PPP1R8,0.21931501372116233,7
4930579G24RIK,0.21930264129438387,7
GDI1,0.21927041920437662,7
TOB1,0.2192624299745733,7
GM12664,0.21922861309932676,3
SLCO1C1,0.21922418373961916,5
HSD17B7,0.21922140615393357,7
NSMF,0.21908530089443376,7
IDH2,0.21891079053584575,7
ABHD17C,0.21890594784682063,7
KRT8,0.2188484474610838,7
VMN1R85,0.21882320474015227,3
SLC39A5,0.2187673111124184,7
MTX2,0.21876690294815612,7
CDH23,0.21875157479288912,5
NPFFR1,0.21874297485102237,2
CD2BP2,0.21864901326092814,7
ITGB3,0.21864306508215234,7
LUZP2,0.21862201980795687,4
SPATA2,0.2185861950880455,7
KLF13,0.21857323144187565,7
3300002P13RIK,0.21846944081552022,3
CLASRP,0.21845363807674614,7
PTCHD4,0.21840273078053843,3
TTLL4,0.21838141490772842,7
CLIC3,0.21836677830628481,6
A930027H12RIK,0.21830170227159962,3
DNAH9,0.2182207087347648,4
UNG,0.21803034008775463,7
MTCL1,0.21800273106987605,7
EN1,0.2179849968965272,4
GM6254,0.21797416159343128,6
DRC3,0.21793750166994244,7
OLFR1029,0.2179251512005704,4
GM33100,0.21779986164908482,2
GM15441,0.2177713588700012,7
NUP153,0.21774198825711036,7
ZFYVE16,0.21773230190652448,7
GM20752,0.21772533145133063,3
SYTL4,0.21764835535701751,7
OMA1,0.21758061086777403,7
RAB10OS,0.21751357140322983,4
WDR38,0.21748966834850522,7
MTMR1,0.21742344989727425,7
GM7290,0.21741481205073843,2
RETNLG,0.21736908660503118,6
PTPN3,0.21730299860451163,7
SLC26A5,0.21730023249905311,5
PPP6C,0.21728769553604563,7
CREBZF,0.2172621760506838,7
SRSF3,0.21725244414796577,7
FAM167B,0.2171839882727764,7
N4BP2L2,0.217183968035182,7
VTA1|GM57851,0.21715380971059464,3
HS3ST3A1,0.2171305318271097,7
OLFR18,0.21709289589831302,2
CAR7,0.21698447670406104,7
SYNE2,0.2169824871806012,7
CYP2D36-PS,0.21696284050222478,6
BC050972,0.21689851349110462,5
GM4204,0.2166822850257381,7
SCG2,0.21668081139643616,5
SLC4A8,0.2166399532274502,7
ZFP30,0.21655359410011427,7
ARHGEF6,0.21643997004759072,7
RNU12,0.21643874000783364,5
MSX2,0.21636247739918613,2
BRINP3,0.2163326561861705,3
E330032C10RIK,0.2162716448837993,4
CD1D2,0.2162460134143483,7
CSGALNACT1,0.21614092823740386,7
NEPRO,0.21598072986320546,7
GM9214,0.21590699934079766,2
RELL1,0.21582920595255337,7
4930445N18RIK,0.2158207613301961,3
EXT2,0.2158048557025944,7
CDK5RAP3,0.2157452223736491,7
BAG2,0.2155929922232954,7
FBXL18,0.21556693822057943,7
4930562C15RIK,0.2154386311862746,2
CFAP70,0.21542598913570646,6
PGAP6,0.21542062253302988,7
ZBTB6,0.2152845191591459,7
CNKSR1,0.21519546046174035,7
NFYB,0.21513602810411228,7
OXSR1,0.21509261264333232,7
HIP1R,0.2150612303369086,7
TMEM101,0.21496545794817587,7
CSNK2B,0.21490054253756924,7
CCDC142,0.21447625313848023,7
OLFR48,0.2144696374682121,2
PROX1,0.2144379935475061,7
MYO6,0.2144107942418514,7
KANK2,0.214397922853861,7
UGT8A,0.21435511411225688,7
CLDN8,0.2143369903940556,7
RRP8,0.2142871478921176,7
BCR,0.21425241730693645,7
ZFP563,0.21425111450850048,7
THAP2,0.21404394527393597,7
KRTCAP3,0.21400175868215304,7
SMC2,0.21395035499699483,7
CEP95,0.21387621050428965,7
S100A3,0.2138531097632301,4
GPBP1L1,0.21378275731454816,7
HDAC3,0.21375407429559365,7
HOXB6,0.21372186367145865,6
PIK3R3,0.2136861118518738,7
CAMK1D,0.21352525616673576,7
ZBTB22,0.21352190974798516,7
MDN1,0.21349723831179737,7
HIPK4,0.21343651458361923,5
KDM8,0.21340459884420707,7
DBH,0.21314037652198747,2
RAB33B,0.21311503591156036,7
ADAM2,0.21292831771274992,4
FAHD1,0.21287519053711962,7
AOC2,0.21274410357290083,7
DYSF,0.212525166385916,7
GM15550,0.21248460795454002,3
GM8227,0.21235514635522185,5
IGSF3,0.21235505800477558,7
OLFR166,0.2122580628660845,2
SLC22A15,0.2119564287797325,7
ANXA9,0.2119562606524242,7
CFDP1,0.21185946492511606,7
TDG-PS|TDG-PS2,0.2118533416339904,4
CGGBP1,0.21185099536941285,7
CCDC146,0.2117256294078025,4
RAPGEF4,0.21165453875715828,7
KNDC1,0.21162378075088423,4
CEBPD,0.21160688349661544,7
SUSD6,0.21155555945576668,7
KCTD20,0.2115029258112529,7
GYPC,0.21148843510802554,7
ZGPAT,0.21146076902387742,7
ADAT1,0.21144378226124008,7
LMX1B,0.2113926565310809,2
PSMD6,0.211391406264199,7
GM21092,0.21123474165783912,7
GM2788,0.21122331767904537,7
KBTBD7,0.211153835433012,7
OLA1,0.2111495035090453,7
DCAF1,0.21113797654164138,7
SLC4A2,0.21089598044810015,7
MYO1H,0.21085931411536535,7
CNOT6,0.21081428755097087,7
1700063D05RIK,0.21077355569454356,7
ARHGEF10,0.21074047718262284,7
H2AC15,0.2107367133890797,5
GM26782,0.21065164509805503,3
GCNT7,0.2106429203388622,4
TEDC2,0.2105997225306949,7
HSF1,0.2105954192522678,7
TUBB6,0.21057328846765855,7
GM23966,0.21046225183691647,2
TYRO3,0.21042316966205377,7
FCSK,0.21041704964825403,7
GM19238,0.21036142689622905,4
OTOF,0.21035150505685304,2
NUCB1,0.2103435618413405,7
GADD45GIP1,0.21030746551388496,7
UTP23,0.21029955511679535,7
LYVE1,0.21019141173166547,7
MEDAG,0.21017823014110407,7
VWA8,0.21014195464016833,7
OLFR482,0.21011519488755298,4
MAP2K2,0.20990873425180143,7
NOL6,0.20981102036209034,7
WRNIP1,0.2097989703426613,7
GM8557,0.20970925655317285,3
CHMP7,0.20969193156994675,7
ACSM5,0.2095860681736877,7
KIF13A,0.20954215836547213,7
PIP5K1B,0.20953076155054542,6
SYTL3,0.2094127400539434,6
KPNA6,0.20941011588231875,7
RNF115,0.20937370672343794,7
RGS14,0.20926159263329863,7
OLFR1489,0.20924052314514932,2
ANO9,0.2090950492111969,6
G430095P16RIK,0.209075187314058,5
MIR155HG,0.2088869707689982,6
NEAT1,0.20873457615085506,7
CITED4,0.20872265873934373,7
CDV3,0.2087147698588521,7
A930003O13RIK,0.20867599502811177,2
ALOX12E,0.20859777285702327,3
KIF3A,0.20850280109126482,7
MOCS2,0.2083524717584413,7
PRKAR1A,0.20833580898865417,7
NCTC1,0.20831691467655283,4
OLFR558,0.20823180235265776,4
SULT2A7,0.20823130586679692,7
ELF4,0.20820104115371768,7
GM3953,0.2081465393511269,6
SLC6A3,0.2081346384413316,3
ATP9B,0.20801539982025768,7
ANAPC4,0.20795603103118593,7
SH3TC1,0.20794904185822613,7
PTBP3,0.20790568288979888,7
COP1,0.2078011435584173,7
4930449E18RIK,0.20772499677880285,5
IL17RD,0.20766392633899633,7
GM9645,0.20764513474365462,3
GM5655,0.2075219483322062,6
DROSHA,0.20746151467104815,7
EFCAB12,0.2073997828634193,6
PHYH,0.20738613030279265,7
ZC3H14,0.20736664224491677,7
VMN1R61,0.20719661946868909,4
PRPF4,0.2070581855476505,7
HOMER1,0.20698513747373024,7
9530053A07RIK,0.20694064653383384,3
FLG2,0.20687489846105087,2
GM7008,0.2068165042137576,7
YIPF5,0.20679038135343805,7
EI24,0.20676224626563172,7
CNNM3,0.2065927126905594,7
ZBP1,0.20657467141057512,7
RUVBL1,0.20643395979220655,7
MADCAM1,0.20621302983376424,2
NPHP1,0.2060809446817884,7
AGBL4,0.20603378541143863,2
MBL1,0.20600649576005817,7
3110009E18RIK,0.2058773848518006,7
RGL3,0.20561591689579922,7
CDH10,0.20559752009856772,3
CCDC137,0.2054083125109716,7
TMEM102,0.20535006124071167,7
GALNT14,0.20528515513189927,7
VMN2R110,0.20520059187112452,2
MYO18A,0.2051545392394132,7
CYP2C37,0.20515306330902133,7
RAB11FIP1,0.2051475869997381,7
GM25202,0.20512118160867657,3
CFAP418,0.2051006633564855,6
C8A,0.2050985413960142,7
EEF1AKNMT,0.20505541202991975,4
GM19195,0.20502579557528539,5
OGFOD1,0.20502201798391192,7
G2E3,0.2049568890753132,7
ITPKB,0.20490315402187936,7
PARP8,0.20487913281941264,7
9130401M01RIK,0.20485197001516078,7
NCOA4,0.20481940817203384,7
PTCHD1,0.20479106677741693,5
MEIS1,0.20478506389521214,7
PAPOLB,0.20459390302047553,4
CSNK2A1-PS3,0.20450264149103856,3
RIIAD1,0.2044696751928373,5
DNAH11,0.2044652386954089,7
PAPOLG,0.20407812884403928,7
SLC24A3,0.20406113464343825,7
RPS18-PS4,0.20393406862426414,7
KDF1,0.20376138880099745,7
GM12955,0.20367193992193375,7
C130074G19RIK,0.20362135686752897,7
IFI27L2B,0.20359739055034673,7
PUS1,0.20358074128710754,7
DKC1,0.2035480156464744,7
A430033K04RIK,0.20349832945261134,7
FADD,0.20340062428216726,7
CCDC14,0.20339192511810134,7
MED12L,0.203335228920256,7
TMEM74,0.20331132088944956,4
1810034E14RIK,0.20330451937364713,7
TCEAL7,0.20330377407350878,4
GM7238,0.2032865357682053,4
SLC34A1,0.2032614726274684,4
ZFP212,0.2032036511257394,7
RPS6KA4,0.20317964958150492,4
TEDC1,0.20312726123500452,7
GM10382,0.20311658196471108,6
1700124L16RIK,0.2030892658311833,5
CEP295NL,0.20294491324916422,5
A630012P03RIK,0.20288972752554085,5
AMOTL1,0.20270599889577862,7
PARVG,0.20256095663349447,7
GM14963,0.20254355556950565,6
PGAP3,0.20248838053966647,7
GM10291,0.20239406554069586,7
TRIB1,0.20232654877136816,7
FEM1B,0.20231820451798935,7
MTG2,0.20222869950317962,7
SORBS1,0.20222442993212617,7
TNFAIP3,0.20219786464910322,7
4732414G09RIK,0.20213421582451196,4
TMOD3,0.20203636175839312,7
RPL28-PS3,0.2019979849889078,4
VPS4A,0.2019422917869151,7
SH3BGR,0.20190037378927359,6
ZFP595,0.20178310622013282,7
FIG4,0.20176783624067451,7
GM6733,0.20176616101486758,7
BAK1,0.20166352803257875,7
PPP1R11,0.20163690293127032,7
TBCC,0.2016306596502577,7
MAN1A,0.20151559055946125,7
TMEM145,0.2015028232387438,2
GM11349,0.2014935240604179,2
GM32200,0.20131920422905947,6
CPSF1,0.2012685503957373,7
GRIN2D,0.20126384634928254,7
GM2115,0.20114938032547353,2
PIGM,0.20112011866217075,7
ATPAF2,0.20108698336147454,7
ZFP92,0.20090954526584148,3
ZFP51,0.20090806951371268,7
CDC40,0.20088983003928412,7
KCNK2,0.20080601229395054,7
SLC13A3,0.20074931439212937,7
CCND3,0.2007332332369805,7
CNDP1,0.20072306362894635,4
BOLA2,0.2006824233701779,7
8030423F21RIK,0.20067758953730347,2
RNF2,0.2006326205220721,7
GM5096,0.20057247603505673,4
CCDC78,0.2005361258644686,6
SDCCAG8,0.20050646940259645,7
GM2614,0.20038542709554297,6
GM5131,0.20030265902769678,4
LPP,0.200299964427826,7
TBC1D23,0.2002770089922111,7
ING3,0.20019672790975157,7
MSTO1,0.199959137301982,7
TRIM14,0.19992521482133346,7
GAS2L1,0.19992016687530714,7
6030458C11RIK,0.19990620346916174,7
GM23850,0.1998614656129176,2
GM12992,0.1997387142624825,7
MAP2,0.1995960294046059,7
VAV2,0.199584887616981,7
PRX,0.19950232884812621,7
NUPR1,0.19950144061776104,7
GIPR,0.1994511470386294,2
BNC1,0.1993143791949444,6
ANO7,0.19929827163932887,3
TMC4,0.1989802604830043,7
NSUN4,0.19896688227623818,7
RIMS1,0.19890759586373133,6
SORCS1,0.19879543035624614,4
4930554I06RIK,0.1987068810676643,3
TLE6,0.1986712087730161,7
POFUT1,0.19860877242270045,7
GM17873,0.19854680969220487,3
ZFP870,0.1985276845771599,7
F830045P16RIK,0.1985256573027033,3
GM12104,0.19844087933960342,4
GM18212,0.19842818952713026,5
2810004N23RIK,0.19838868834039078,7
MVB12B,0.1983850450480146,7
MPZL2,0.19838291087909823,7
PTPRR,0.19837118454442237,6
PIBF1,0.1982689833069708,7
WNT8B,0.19825107642011908,2
MCCC2,0.19822828873115111,7
GM23458,0.1981841933614478,3
MYOG,0.19811508424411725,3
NUP35,0.19807135237693357,7
DYRK3,0.1980207142660824,7
GM22676,0.19801464633153695,5
SCN9A,0.1979608569549504,3
GM6190,0.19776273193173866,5
GM20756,0.19766597303145939,2
FAM168B,0.19765542377360365,7
GCNT4,0.19763642229521874,7
OSBPL8,0.19762108904732045,7
ISM2,0.19761086985024687,6
CCDC88B,0.19759772868336536,7
VMN1R209,0.19758538548235938,4
GM34758,0.1975626516981165,3
MAPRE1,0.19748236585431292,7
PFKM,0.19744288696760645,7
PFKFB4,0.19738759090339397,7
LDB2,0.19730292295461446,7
MAP3K3,0.19727390263026795,7
GABRB2,0.19726495349727638,2
FMO2,0.1972612876983733,7
ATRIP|GM53191,0.1971645638713273,6
CUBN,0.1971035488611632,4
HTATSF1,0.19708031302119045,7
NASP,0.197003603243677,7
AP3B2,0.1969730252738208,3
FBXO43,0.1968585600316932,5
SNX3,0.196738969430552,7
ZFP90,0.19667183696267418,7
DXO,0.19662067655777218,7
PAXBP1,0.1965793214342666,7
TRPC5,0.19652787138062072,2
NUFIP2,0.1965158637630373,7
GM19757,0.19650025936408494,2
INSYN1,0.19647415061184464,7
LRRC47,0.1964732021759538,7
DELE1,0.19645289885985923,7
SEPTIN7,0.19642946443698017,7
PARP12,0.19638829419289147,7
TSNAXIP1,0.19635689628816366,3
HMGA1B,0.19635393986582297,6
NR2E3,0.19628329859255453,2
TPD52,0.1961656618609625,7
RNF113A1,0.19614483588863166,7
EHBP1L1,0.19612935423453878,7
PLEKHS1,0.196054598912289,7
GM6225,0.1959891936677464,7
CCDC13,0.19593124020421349,3
KCNJ3,0.19589199192056475,4
DLK1,0.1958466646573121,4
ANXA3,0.1958447657566089,7
PDHX,0.1958306766336612,7
PCDHB3,0.19580270626424923,5
ADORA1,0.19577098369177184,7
NHERF2,0.19576681633390744,3
GM13021,0.19576610497899866,7
BNIP1,0.19576131281632442,7
CFL1,0.19568037703108604,7
SUPT20,0.19567268658758152,7
ZFP626,0.19566761175910832,7
PPHLN1,0.1956290208488978,7
STX6,0.19560208536744003,7
UGT1A8,0.19554766372946095,5
GRWD1,0.19554294743143652,7
MPZL3,0.19553079635665666,7
9930021J03RIK,0.19550052890161373,4
GM17546,0.19549390255459823,3
ICAM4,0.19546981841912253,7
4921536K21RIK,0.1954656066858178,3
LIMS1,0.19543623450127628,7
EXOC3L,0.1954090138967572,7
MYF6,0.1953502801232637,5
QTRT2,0.19533930334218683,7
MYBL1,0.1952461355861924,7
RPL3L,0.1951562987192207,6
EMX2,0.1950994787683716,3
AJUBA,0.19508799727969864,7
NDUFAF3,0.19503355106155196,7
L3MBTL1,0.194945503222198,5
D030045P18RIK,0.1948772106826222,3
5730405O15RIK,0.19487013646100407,7
CCDC169,0.19486460676408435,6
GM5724,0.19465801758284043,2
PITX2,0.19464084414856622,4
DCAKD,0.19460973365795442,7
CHDH,0.1945935477645539,7
SP2,0.1945810759873872,7
NOD1,0.19454482326454078,7
OLFR763,0.19433472785898828,2
OLFR735,0.1943194175356289,2
MAN2A1,0.1942488318893485,7
ZSCAN26,0.19424860859458007,7
ZFP593OS,0.19421705049670793,2
CGREF1,0.19419801476163223,7
BCL9L,0.19418842782355217,7
SCFD1,0.19414959386379613,7
GM5124,0.19396109187294694,4
UBE2D2A,0.19395771206386941,7
TIGIT,0.1938388123793348,4
SYNC,0.1938220612071687,6
FBXW5,0.19355904060205537,7
GM12366,0.1935393007285919,6
TMPRSS11G,0.1935201693842446,2
GSPT2,0.193502245827395,7
VMN2R17,0.19339681720493984,2
LRWD1,0.19338104861107208,7
MEOX1,0.1933487490981031,6
PROSER3,0.1932989957774363,7
TDRD6,0.19327882999211213,3
DDX6,0.193062464451191,7
HBEGF,0.1930576335386248,7
PCLO,0.1929901908941712,7
GM4798,0.19295727321152656,2
RIMKLB,0.1929570203206484,5
MRM2,0.19295137180326957,7
KLHL40,0.19285931645046275,4
DEPTOR,0.19282739646378103,7
VMN1R18,0.1927693733605855,3
LRRC4,0.19268334680173482,6
9630028I04RIK,0.1926745769113095,3
6030443J06RIK,0.19266793030026844,7
ORC4,0.19264289306538093,7
MAMLD1,0.1925391900732371,7
OLFR1031,0.19253495738263338,2
HPCA,0.19250555926814863,6
REC114,0.19243793029067938,7
TRIM55,0.1923911010230338,4
TTYH2,0.19219469463693364,7
CEPT1,0.1921050734631836,7
NELFCD,0.19208805178939325,7
MFSD2B,0.19208140700403417,7
TRIM11,0.19207647905239744,7
RGS4,0.19205405570493822,7
FDFT1,0.19203181711148007,7
PARP2,0.19202419595947443,7
VMN2R112,0.19200257266612986,3
DNAAF4,0.19182675257441,7
WDR5B,0.1918081471254305,7
AIPL1,0.19171026241172814,3
ALDH5A1,0.19169708536207558,7
RIT2,0.19167012657139493,2
CCDC59,0.1916147425878929,7
CSRNP2,0.19160919282347133,7
CCDC138,0.1915221064363001,7
GAPDH,0.19144025179295812,7
ERFE,0.1914122902790344,5
PHF20,0.19122597074508543,7
HS3ST5,0.19112286087476008,4
LENG1,0.1910185922621726,7
PSMB3,0.19091830875198465,7
PRKD2,0.19090459399917292,7
FENDRR,0.19081661914365503,7
FDXACB1,0.19080768968059295,7
FAM120B,0.19080015013394083,7
GM15939,0.19078949344780924,2
MAP3K5,0.1907779688350404,7
GLT8D2,0.19073299979005695,7
SLC9A3R1,0.19067989425485526,4
GM12290,0.19066794490261893,3
COQ4,0.19066432292345362,7
OR8B53,0.19058581937411734,3
MED8,0.1905338267603305,7
TNFSF14,0.19053056137563593,7
6720468P15RIK,0.19047638099734743,2
SLC39A7,0.19043007020203864,7
6430550D23RIK,0.19040944810304886,7
SLC16A14,0.19039234446286732,3
SYNGR3,0.19033517756268745,6
PDZPH1,0.19025106916754156,3
ZFC3H1,0.190243430693515,7
DHX36,0.19023444600852016,7
GM15383,0.19023119003841976,4
KDM5B,0.19020873072352257,7
GM39079,0.1901599487152887,6
GABRB1,0.19013823965511142,3
COPS7B,0.19010867078577748,7
H2-T10,0.19003535561875193,7
BRCC3,0.18999101201322294,7
CWH43,0.1897645995352451,2
ASXL2,0.18961908902222527,7
ARMT1,0.18957811103006936,7
RNF217,0.18953559419413793,7
KSR1,0.18952015440476577,7
GM26520,0.18933331288471214,5
TTC21B,0.18931852537619323,7
CAMSAP3,0.18927382951413782,7
DHRS3,0.18927231088342925,7
NEIL1,0.1891833090608457,7
4930443O20RIK,0.18912231019217715,5
GM10054,0.18909363738664048,5
2010003K11RIK,0.18905803482459738,7
RPS2-PS8,0.18890742666587484,7
CTNNBL1,0.1888628964603174,7
CCDC91,0.1888309969378191,7
SIL1,0.18872279341717046,7
IDO1,0.18867389008167593,4
DCSTAMP,0.18867077300249732,3
ERMAP,0.18849248744338887,6
CNTRL,0.18844216287883864,7
TRAV3-3,0.18841922276541126,3
RNF128,0.18840482872359493,7
GM35215,0.18838908142924907,3
MRTFA,0.18836790225610064,7
C1QTNF2,0.18825835865662666,7
TIGD4,0.18821154482393246,4
PSD,0.18819476394657203,7
PTAR1,0.18811110559413066,7
NUAK2,0.1881009128344852,7
CBLN3,0.18803767002855704,7
ACADL,0.18798323853501622,7
1110017D15RIK,0.18791693992667682,3
KCNH8,0.18786742446987528,4
YKT6,0.18778191735093208,7
RCAN1,0.187780556976792,7
ARFGAP3,0.18768500153653306,7
SPRING1,0.18766754699111063,7
AP2B1,0.1876506566840199,7
MAN1A2,0.18762968498277188,7
ATG13,0.18760863360564287,7
RPS18-PS1,0.18756747711339852,3
H3C14,0.18740827140602948,7
JUND,0.18739901719884866,7
KERA,0.18732176949856413,3
RYR3,0.18727714447714594,6
MLXIPL,0.1872120419400363,7
GM5626,0.18707159727703412,7
DDX54,0.1869557828174213,7
TXNDC5,0.18695428059710303,7
GHDC,0.1869440843140596,7
GM7143,0.18689936058186613,7
OPRK1,0.18683515941099593,4
GM19026,0.18683170862046009,2
RTEL1,0.18661275469099067,7
SRFBP1,0.1865138755211592,7
CDH15,0.18650589256330918,6
PRICKLE3,0.18648818789648655,7
TOM1,0.18641638443557196,7
GM8927,0.18640847291183602,2
SLC30A2,0.18630388604076278,4
MFAP5,0.18628290647367599,6
CCT8L1,0.18621618548252733,5
SNED1,0.1862118599242406,7
NUP160,0.18619137666829738,7
FAM89A,0.18596232865518272,7
EIF2D,0.18594196203460442,7
RAB5A,0.1859191730814901,7
DSN1,0.18589659121145008,7
DNAJA1,0.18578182714395988,7
CRACDL,0.1857357867926676,7
GM46392,0.18567417202330452,2
IPO11|IPO11-LRRC70,0.18558647268951037,6
TBC1D15,0.18548544227076,7
NT5C1A,0.18537806069609866,4
NEK10,0.18534945534229402,5
APC2,0.18531639073389747,7
OR2V2,0.18528879384300026,3
ACTRT3,0.18528051088584632,3
9830132P13RIK,0.1852348424576742,2
SCYL1,0.18522456501717313,7
4933433G15RIK,0.18521537461928925,6
SEMA4D,0.18514808867224225,7
PRKAA1,0.1850370285746708,7
MSH6,0.18501208625423615,7
GM4544,0.18500726884657245,2
GPN1,0.18495800417356004,7
POU6F1,0.18484437392103942,7
TEC,0.18473813844345413,7
CAPRIN2,0.18472041536975808,7
GPR75,0.18468937047031822,5
MORC3,0.1846720671633915,7
TTC33,0.18459396284002996,7
MEX3C,0.1845826681715566,7
VPS36,0.1845507915746933,7
PLAGL1,0.18454502190423852,7
ADRA1A,0.18453623065136412,7
MAP10,0.18451762512320385,7
GM25632,0.18442578223790712,2
RYK,0.1843885048260169,7
TEX10,0.18435182983205087,7
ANXA8,0.18432413023081626,7
FGF11,0.18423416706150378,7
CCT8,0.18418654325557743,7
PDE3B,0.18417665207104253,7
PPP1R9B,0.18415881457633762,7
VMN1R88,0.18410250080393348,4
TNFRSF4,0.18407020105832914,7
SOX2OT,0.1840606369213022,2
5033426O07RIK,0.18403128054266754,5
BOP1,0.18394040400034636,7
ZFP367,0.18388846678072987,7
RAD9B,0.1838853561349166,7
TUBGCP5,0.18381315652748534,7
F2RL2,0.18381118764488028,6
MMP17,0.18378769502762277,7
CEP170,0.18360912442362265,7
CREB3L2,0.18351034915455303,7
TTC22,0.18343107519900279,6
BCL2L2,0.18339964574279494,7
CTDSPL2,0.1833760981680639,7
NPB,0.18335354999631104,7
GM20324,0.18333969470796144,7
USP26,0.18333371507013663,3
GM9844,0.1832964096361529,4
GRIN2C,0.18327351989907678,6
CAMK2D,0.18325465607025615,7
0610039K10RIK,0.18313438155070882,6
COL24A1,0.1831105865377428,7
ZFP764,0.18310283050007392,7
ZCCHC24,0.18306143834879837,7
MPV17,0.1829317942588651,7
LMNTD2,0.1829079750685197,7
GM16861,0.182893554233798,7
GM24920,0.1828176524904686,4
9530020I12RIK,0.18268996149796687,5
AGGF1,0.18266377324193822,7
GM2541,0.18260555989887975,6
RPRD1A,0.1824445730098186,7
AI507597,0.18230757800052091,5
B4GALNT3,0.1822995795074347,7
PDLIM7,0.18228879650592936,7
GPX3,0.18226801788103839,7
RABL6,0.18225959394377653,7
KLHL35,0.18223128806725103,5
CRLF2,0.18216010108217645,7
PPP1R3F,0.1821519329761776,7
LMAN2,0.1820572464619125,7
GALNT5,0.1819866792970285,2
RUSC1,0.1819259426780051,7
VIP,0.18190103825072254,3
MGLL,0.18179309227951462,7
CLIP2,0.18149817354757622,7
PHTF2,0.18147906946432624,7
MCHR1,0.1813866770180247,5
TLE5,0.18136222452425546,7
CLEC18A,0.18134939976236206,2
GM18079,0.18122752027407596,2
GM13869,0.1812058386364116,2
USP36,0.181172649929985,7
GM33023,0.18102484563857602,5
RNF133,0.18102075204445955,5
ERCC8,0.18095200663135755,7
TRABD,0.18059512089067623,7
GM8714,0.18046857569124164,3
OGFR,0.180452088126549,7
ARHGAP31,0.1804202090011014,7
IGLL1,0.18033036891350163,3
DISP1,0.18033011564589443,7
CCDC92B,0.18025830946887159,7
GRINA,0.18021122631529216,7
SNORA33,0.18017033784766695,5
GM18119,0.18015137895794117,2
GPX2,0.18002623175201338,6
TSLP,0.1800064964275663,7
A2M,0.18000243233011456,6
SMOK2B,0.1799755773179196,2
KIF26B,0.1799284455577594,7
VMN2R8,0.17986307175215804,2
TUBA1B,0.1798470642156286,7
GM15889,0.17984659888063786,7
KLHDC8A,0.17970770514251666,7
SLC10A5,0.17969031487122814,7
SEC24C,0.17968350124835367,7
UHRF2,0.17967124840011225,7
RC3H1,0.1795990250025962,7
BMPER,0.17956605527937214,7
MSRB2,0.17956358951373774,7
GM7363,0.17954932766160794,6
MAP3K1,0.17947614821896743,7
ZMYM1,0.17943301542471382,7
GM16364,0.17916446703952635,5
FAM83H,0.17916021431434018,7
TOPAZ1,0.17914046982962448,3
EGR1,0.1791349338456649,7
CETN2,0.17913009172924674,7
AGTR1B,0.1790791370287051,2
WDR12,0.17907608797932717,7
PQLC3,0.17896793149258997,4
NMNAT2,0.17890449723538857,7
NOA1,0.17879753348424346,7
CNTNAP1,0.17877647077319084,7
MBD4,0.17871591818265684,7
PPTC7,0.17851492173272301,7
APCS,0.17849142206656143,7
HSD3B3,0.17848030222848235,7
NEMP2,0.17847398749384333,7
TRIB2,0.17840080143774614,7
B230206H07RIK,0.1783829197638413,7
RDH11,0.17832581344685147,7
TMEM91,0.1783037195374075,5
BBOF1,0.17826162976630894,7
IFNLR1,0.17811709308524223,7
PARVAOS,0.17809201084010975,3
SYNPR,0.1780864971311567,4
MACF1,0.17806620254848418,7
STK10,0.17805498554202756,7
ETFBKMT,0.17791802230271894,7
MAP3K19,0.17791527517098388,5
FUZ,0.17790298016605002,7
ASPHD2,0.17789458044122686,3
KLF9,0.17788881465471124,7
IPMK,0.1778244658568436,7
TCEA2,0.17773842638127643,7
INTS14,0.17767508097828358,7
ABCC1,0.17763807525674916,7
RPS6-PS1,0.17761706307281855,6
TENM3,0.1775155576213827,7
DHDDS,0.1774720483336075,7
ALDH6A1,0.17741238970541953,7
KCNC4,0.17735733182113333,6
TPRN,0.17732098860398643,7
ITGA11,0.177317268032632,7
GM23511,0.17731238206987676,2
SUMO2,0.17728108337034307,7
ATG4A,0.17719624097504777,7
GM14230,0.17712008404459065,3
GM5896,0.17703694047823923,2
ZFP747,0.17700029461938924,7
ACSS1,0.17698945894569812,7
PAN3,0.17690339768497815,7
SCN8A,0.17680449976766097,7
CCDC130,0.17675384411756384,4
ARHGAP15OS,0.176715894912964,4
MAGOHB,0.17663201055688013,7
FZR1,0.17650911007871795,7
WDR41,0.17648979309026244,7
GM8883,0.1764757248030664,7
ALDH9A1,0.17639239553992114,7
SEC13,0.17630425286698825,7
MRPL51,0.17625918688681577,7
TNN,0.1761600965614195,2
ABCG2,0.17612511456962107,7
ZFP942,0.17610545921942514,7
NKX6-2,0.1760262077864863,2
RASL10B,0.17596950449906817,7
EHHADH,0.1759690525280642,7
N-R5S136,0.1759484526712472,2
SNORA36B,0.1758522758609226,2
COL4A1,0.17582659410125143,7
KDM1B,0.1758134057459962,7
4933422A05RIK,0.1757932987538856,5
AOC1,0.17567389378045503,6
5730435O14RIK,0.17563702811949747,7
WNT16,0.17562254641351935,3
GM25259,0.1755936802702338,2
AP2A1,0.17556399740924114,7
CCDC120,0.1755582828355066,7
GDAP2,0.1755105422510676,7
OLFR827,0.17546799476102215,2
IMPDH2-PS,0.17545899263935058,7
ARHGAP18,0.17536959628167817,7
RFXAP,0.17530379847174618,7
TNNI3,0.1751482729501781,6
SMIM43,0.17514041766242963,3
AP3S2,0.17512057555601096,7
TELO2,0.17505775741095775,7
VHL,0.17501818385555293,7
GM7457,0.1749891769784715,6
1700093K21RIK,0.1749378904884049,2
ANP32A,0.17491676141775564,7
LRRC38,0.1749138348094017,4
SETD1A,0.1748471455535576,7
CLCA4A,0.1748232734481232,2
NAA10,0.17470727699587507,7
ODF2,0.17470396145780462,7
MYOD1,0.1746556137218609,3
PP2D1,0.1745546417236975,6
2900060B14RIK,0.17454104478417565,6
ARG2,0.1745205800163694,7
GM19353,0.17448496936345567,6
SF3B1,0.17448245709011695,7
INSRR,0.17441615067605482,5
TBCCD1,0.1743536058112242,7
SLC22A30,0.17433373397375332,7
GPR156,0.17421745331443836,6
FAM186A,0.17421440859511453,4
IGFBP6,0.1741858369039413,7
GM7691,0.17418157082154406,3
GM4948,0.17416567781655112,5
GPS1,0.17411717273159927,7
CEACAM1,0.1739380907213053,7
CAPN1,0.17393281369713473,7
DTWD1,0.1739096443536337,7
ZSWIM8,0.17385679563252512,7
ANXA4,0.17380501481445437,7
1500004A13RIK,0.17379266454293626,7
SLC2A13,0.17377858968753593,7
GM10362,0.17374537491746753,6
A830036E02RIK,0.1736030993979218,2
ALOXE3,0.17355039309056483,6
FGF14,0.17342394393449279,3
FAAP20,0.1734235231352796,7
EFHD1,0.1733090337280347,7
A430046D13RIK,0.1732219399198293,3
TMEM184C,0.1731631737970806,7
IK,0.1730294636410416,7
RCOR2,0.17297440621244567,7
NHS,0.17286443683752528,6
MTHFD2L,0.17279959827981026,7
ARL3,0.17279804815410058,7
SNUPN,0.17277733627556027,7
OLFR1277,0.17271248933467953,2
ZFP709,0.17270981099033025,7
GOLT1B,0.17267475489641448,7
MACIR,0.17262490982298703,7
HOXC9,0.17259674811489328,2
TRIM46,0.17254289552424837,7
VGLL4,0.17252785104984408,7
SERTM2,0.1725251856037583,2
DBNL,0.17235226601876974,7
OLFR658,0.17229629663175616,2
2200002D01RIK,0.1722926413161252,7
SALL4,0.17220234627847542,5
RASSF1,0.172177411225073,7
ADO,0.1721098821715768,7
PRXL2B,0.17209393837335205,7
SUPT7L,0.171981527470519,7
AFG1L,0.171980499855631,7
NCL,0.17187950863875273,7
PAK1IP1,0.1718073059689285,7
GM6192,0.17180089706901125,6
GM12033,0.17180059159883845,6
FGF9,0.17178699989390128,7
EFNB3,0.17176503322836803,7
2900005J15RIK,0.1717191904203803,7
GABRG3,0.1716564288210618,4
LINCMD1,0.17163275202799044,4
CCR1L1,0.17159617727724158,5
GLRX2,0.17157354119598872,7
GM12320,0.1714012460284413,5
CABP1,0.17138757272367888,6
NONO,0.17138053347475904,7
E230016K23RIK,0.1713655096305149,3
SLFN10-PS,0.17132072658534547,6
PHAF1,0.17129168165742123,6
A930011G23RIK|RASGEF1B,0.1712220490728541,6
RAD51AP1,0.1711785922692326,6
DSC1,0.171144829038925,6
EIF4G1,0.17106557597121283,7
BMPR2,0.17100678793295973,7
CD209D,0.17097214565897798,6
RPL7A-PS5,0.17094742087145334,6
BTNL10,0.17080323673339257,6
POMP,0.17067754916026415,7
GPR12,0.17060229808354951,7
MIB1,0.1705670139698315,7
GM14634,0.17047383796559248,6
CDKN1B,0.17040593137259638,7
TOPORS,0.17036453947036853,7
UBOX5,0.17021108358439935,7
GM5340,0.17011976146526298,6
PITHD1,0.17005597856978527,7
RPSA-PS9,0.17001152949972678,6
SKIV2L,0.16998255424157516,4
HRH2,0.1699824413109847,6
GM26641,0.16997937566809607,3
AQP8,0.169916874152178,7
UNC80,0.16987337822094892,5
TMPPE,0.16981073078029735,7
NFATC2,0.16973121695335538,7
AFG2B,0.16970283001535844,3
RAP2A,0.16961315333714072,7
VMN2R105,0.16950283964491342,3
GM17800,0.16946303227141554,4
ADD1,0.16934506975512154,7
CERS3,0.1692134593420466,6
RAB6B,0.16915936261876022,7
BMYC,0.16915803527343895,7
UROS,0.1688683394700938,7
MFSD7A,0.1687084172975144,4
CCL11,0.1686607884743894,5
STX17,0.1686584033764314,7
PQBP1,0.16852723258157948,7
RGP1,0.16848901205678427,7
CAPN10,0.1683752321276339,7
GM1818,0.16836250257070215,3
SLC10A4,0.16836113461494576,2
RGS11,0.16828499422566418,7
GM16157,0.16821950789088974,4
TTC9C,0.168165903383132,7
ERICH1,0.1681527590456781,7
CYP27B1,0.16814544703843542,5
ZNHIT6,0.1680274087252934,7
NUP205,0.16799157872446774,7
TTC4,0.16794614913531605,7
PPIL1,0.16793075350654443,7
RPL13-PS1,0.16792989710502648,6
CYP3A41A,0.16772875017677133,6
PLA2G4C,0.1677005975678396,6
BAP1,0.1676967527496451,7
2810429I04RIK,0.1676248089108682,3
UBL7,0.16761065687237808,7
SEPTIN14,0.16759044451053673,6
4930502E09RIK,0.1675769079765563,2
TLE2,0.16755185396565406,7
RBM3OS,0.16754995843622664,6
FBXO31,0.16753546123760282,7
SEPTIN5,0.16750821497052718,7
4930447K03RIK,0.16748025867735847,3
ZFP260,0.16746303645889649,7
HOXAAS3|LOC115490409,0.16744975432107545,3
DLGAP3,0.16730571505598074,5
GLNS-PS1,0.16726824060796583,6
FAM114A1,0.16708142531325776,7
GM33148,0.16705402887508797,2
CEP120,0.16684130541713937,7
CBX5,0.16680691532262898,7
ZFP740,0.1667521821521508,7
CCDC43,0.16672529946330497,7
GET3,0.16671212956639264,7
SLC4A11,0.16669263784474364,6
GM14137,0.16664361141690678,6
SERPINA7,0.16643372199449522,7
CYTH2,0.16641281291432236,7
ATAD5,0.1663939846702967,7
VMN2R13,0.1663503062164078,2
RAB27A,0.1663231151684947,7
VPS41,0.16628163681254332,7
SLC13A2,0.16627353202126718,7
GM10400,0.16614460600112022,5
ALOX8,0.16611426486309727,5
WDR89,0.16604649456632417,7
CCDC51,0.16596437831194993,7
METTL18,0.16577636330578324,7
PRKD1,0.16575303014509438,7
GINS1,0.1657389091653613,7
DERPC,0.16571517422856005,6
ASCL1,0.16564496081616054,5
GM8810,0.16563040603961257,3
LIN52,0.16562094778977807,7
9530052E02RIK,0.1655774108917266,6
SLC25A18,0.16554562950156912,6
LRRK1,0.1654846061083559,7
VMN2R25,0.16539730677958306,2
GM10224,0.16539399577849734,6
GM18594,0.1653616258905465,3
UPK3B,0.16533014668168367,7
TMPRSS11E,0.16510624250326583,4
HECTD2,0.1650569785179013,7
FAN1,0.16503718681827984,7
AKAP10,0.16502150229807153,7
2200002J24RIK,0.1650107650197557,2
NKAIN2,0.16494953170120663,7
GPATCH8,0.16482245005152343,7
OLFR1250,0.16478299872403357,2
1810053B23RIK,0.16477583380870467,7
ULK2,0.1647493177426219,7
GM11520,0.16465947906167028,7
SH2D3C,0.16464736518294185,7
PWP2,0.16463685821299473,7
CLVS1,0.16462921208774575,7
NUDT9,0.16462485463273605,7
GM15663,0.1645895410272907,7
4930478L05RIK,0.16443963448197374,3
VMN1R4,0.16442710661233315,7
SPHK1,0.16435940435869748,7
CCPG1,0.16433325844243324,7
MYMX,0.16431328391624053,3
PRKRIP1,0.16431170832656766,7
LRRC8C,0.16427719535585703,7
GM13521,0.16427040666328668,5
GM7882,0.16426035367690914,2
NACC1,0.16406458265911958,7
PELI3,0.1640438396341708,7
IPO4,0.16402964303495768,7
VMN2R3,0.16400775440405457,5
DOC2B,0.1639857860415592,6
VMN1R12,0.16389900004866045,4
SASS6,0.16389794403189603,7
DCUN1D2,0.1638966140341143,7
GPR21,0.16382734994653372,6
ASAP3,0.16373359025462544,7
LSM1,0.163621728137785,7
SGMS1,0.16359159646623467,7
RPS6KL1,0.16354607340509672,7
CRKL,0.16351602623086553,7
MYO5C,0.16347394819737365,7
BC046251,0.1634442067780241,2
ARXES2,0.16342993067772982,6
TMEM104,0.16336447967562334,7
EPHA5,0.16334249406673285,5
IGKV9-129,0.16328755080148055,2
NRG3,0.1632621916060396,2
GM15229,0.1631038888259767,3
RELA,0.16304775620624243,7
SLC14A2,0.16302177254199596,2
PWWP2B,0.16300579594780024,7
VMN1R46,0.16290423745279412,3
CTCFLOS,0.16287200726836812,7
LPAR1,0.16265110196182717,7
CROT,0.1626120508765591,7
GM6983,0.1625972166666437,6
DBR1,0.16258221416010019,7
PARP1,0.16255805986368888,7
KCNC2,0.1625412436353326,3
GM7129,0.16237889757320367,2
CNN3,0.16236702611135145,7
RIC1,0.1623390977013433,7
CTNNB1,0.1623359799144723,7
4930527F14RIK,0.1622204328237771,5
SHH,0.16213479834842362,7
MRPS15,0.16212361820070148,7
PPP1R13L,0.1620827346557149,7
TRA2A,0.1619022930301061,7
TAF1C,0.16187447550553685,7
EDF1,0.16186625634003665,7
MMP21,0.16178625656549298,4
PPP4R1L-PS,0.16177123909957217,7
TIPRL,0.1616709569226725,7
BICDL2,0.1616600602462344,7
CACNG8,0.1615718276150039,5
GAP43,0.1615202769433278,3
GM6974,0.16150260785237674,4
DENND4A,0.16149346603656617,7
MMP7,0.1613589499927237,7
ELK4,0.16129487293631367,7
TIMM29,0.16126679699379487,7
ZFP618,0.16126164846801935,7
YARS2,0.16123552769532326,7
RPF1,0.16116322185103787,7
COX6A2,0.16115727224636775,6
GM11437,0.161046506085302,7
KALRN,0.16097325027654388,7
1700001G11RIK,0.16088811789903984,3
ZMAT1,0.16084768204337094,7
LDAH,0.16084399932540383,7
VMN1R173,0.16078987172908504,2
RNF19A,0.16075299996059703,7
GM5577,0.1607390842776285,6
IFI35,0.16069862890300932,7
DDI1,0.16066744579064146,3
TMPRSS11A,0.1606375668848846,5
PRND,0.16061030573604673,4
TLR3,0.16059537170084498,7
ETFDH,0.16056570483108182,7
DYRK1A,0.1604852936450145,7
VMN2R9,0.16044198732863066,2
CLUH,0.16028898929268326,7
ZDHHC4,0.16018600992287854,7
PNP2,0.1601331596701454,7
HEATR4,0.16010626611506543,3
CCDC65,0.15995611766545165,4
PDE1C,0.15982321137997782,7
N4BP3,0.15974143221653256,7
GNG8,0.15959405073683153,6
PCDHGB6,0.159543786808813,7
ATP8B5,0.15952053008026232,7
RTL3,0.15948191607357734,6
TBC1D2B,0.15935199628516208,7
ITGA6,0.1592980740584999,7
6330409D20RIK,0.15924391769391102,2
FOXC2,0.1591489413810427,7
DYNC1LI2,0.15913443186643325,7
PPP6R1,0.15911525038211902,7
RPS6KA2,0.15911507309160453,7
ADM,0.15901840877238443,7
PYROXD1,0.15900286986389395,7
HAUS8,0.15899380899365334,7
HCRTR1,0.1589901486349256,4
4930539J05RIK,0.15891888298263362,7
GM23143,0.1588841747414214,2
SRPRB,0.15884505734947013,7
ZC3H8,0.15883562825404157,7
MRPL37,0.15881775678546517,7
GM9343,0.15874985010996262,2
FOXH1,0.15874261376755608,5
ASPDH,0.1586737594505275,7
ZFP410,0.15866952668416698,7
EPHA6,0.15862936141341266,2
A330074K22RIK,0.1585963196142161,5
SCAPER,0.15859567781991885,7
SNORA75,0.1584869899356211,5
EPN2,0.15843722467042082,7
BSDC1,0.1583798952626944,7
RHOBTB3,0.15821360400384796,7
REG4,0.15816192289004485,6
SSC4D,0.15806001321968144,7
ACD,0.15805792214803885,7
KCNA1,0.15802707220709214,6
LGR5,0.15800867559474227,7
SEC14L3,0.15795588184137485,3
GM22879,0.15794853119525368,4
C030029H02RIK,0.15792528780501594,3
COL13A1,0.15790936150879142,7
GPR135,0.15788721293728067,7
SLC35B4,0.1578868137919161,7
GM16477,0.15779863299050856,6
GM10505,0.15756450209327102,6
PRSS12,0.1575346947835901,6
PNMT,0.15751047306954713,4
MED23,0.15749183478721385,7
NOC4L,0.15745440638464098,7
PIM1,0.15739975310852836,7
NUP210L,0.15737226623847794,6
AGT,0.157312454622786,7
C4A,0.15727130972587228,7
RFWD3,0.15710631749965653,7
A730046J19RIK,0.15709719057746263,3
NAA50,0.157019735185673,7
OLFR643,0.15692496185065347,2
ATP2B3,0.15692020166207346,4
GABRB3,0.15691447701688904,7
MUP4,0.1569054733028901,2
CHM,0.15689322913462833,7
IGKV8-24,0.1568440186742805,5
OBOX4-PS1,0.15680520602898163,4
ANGEL2,0.15679116234645443,7
RICTOR,0.15675381045683337,7
CNTLN,0.1567489479255278,7
UBN1,0.15670544400159023,7
MLLT11,0.15660073558687987,7
RAD21,0.15657264299115997,7
KCNQ2,0.15656895889702185,3
MEXIS,0.1565589767138644,6
PCDHB17,0.1565068708830266,7
EDN3,0.15646891382729133,5
ELP1,0.15638370792258413,7
VMN1R183,0.15637150618509282,4
SLC36A3,0.15633847911592913,3
RLIM,0.15632083868676266,7
MRGPRB1,0.1562731545397442,3
PRRT3,0.1562633765378744,4
OVOL2,0.15625916670852788,7
NRL,0.156218038976427,4
A830082K12RIK,0.156199128284343,6
MLC1,0.15608505532259984,2
SP6,0.15608146214496096,6
WASHC5,0.15603254566809793,7
RBL1,0.15602081313145313,7
DOK4,0.15601616653158082,7
MYL12B,0.15587656221420815,7
DNAJC30,0.1558632743582739,7
GM15201,0.1556958518288747,5
HJV,0.15569369616337905,7
ACTR5,0.15567970864346048,7
RPL10-PS2,0.15561357036440876,3
GP1BB,0.15548055862957882,6
MASTL,0.15539562668498966,7
GM5303,0.15533234737540969,2
FBXW17,0.1553227868065498,7
DIPK1C,0.15529966035330026,2
SRM,0.15526650336643394,7
PTP4A3,0.15513157613860679,7
TBP,0.15507968615401824,7
CDH2,0.1550049191451864,7
PNMA8A,0.15498152854239491,2
NUDT18,0.15496595414598427,7
CMPK1,0.1549171462678046,7
CNTN3,0.15480204288872132,3
YBX2,0.1547780402898617,4
MGAT4E,0.15465998189732497,2
FAM162B,0.1546333674571259,3
SNTG2,0.15456617610497483,7
9530082P21RIK,0.15455869694771815,7
5330434G04RIK,0.15455857653851776,2
GM5605,0.15451386114028573,5
FAM83F,0.15447707055456,7
GM807,0.15446103141830766,3
NR1H2,0.15442454676801556,7
GM10785,0.15440377151233292,7
GM30505,0.1543315562628025,7
GM15050,0.15423974387911596,6
PYCR2,0.15410870482058264,7
3110039M20RIK,0.15410286683402255,2
NOLC1,0.15407040340731187,7
GM28590,0.15402295449839593,2
PRIM2,0.15401824526769695,7
NDUFAF7,0.15395819461348473,7
SERPINB2,0.1539047131500323,6
PPM1H,0.15383773830599873,7
GM19434,0.15383657879039558,2
GM14425,0.153832876172252,6
4921524J17RIK,0.1538160149823416,7
GM4924,0.15371365018244423,7
1700007J10RIK,0.1536303334232057,3
FTH1,0.15362217915291487,7
SLC12A5,0.1535560928579838,7
1700096K18RIK,0.1534576932416932,7
TSHZ3,0.15345537974522222,7
ZFP3,0.15342723325928706,7
KLRI2,0.15337444016670407,6
REEP3,0.15330829644074498,7
MAP4,0.15329260285361707,7
GM4575,0.15319384429426494,5
DBN1,0.1531638502566787,7
MINAR2,0.15312910509563443,4
STT3A,0.15309489065807289,7
RBM4B,0.15298552666287518,7
FBRSL1,0.15288051147684686,7
CDC37,0.1528728546565761,7
GM42573,0.1528581609325228,2
RUVBL2,0.15279614219233614,7
ZGLP1,0.15277493163603192,6
PACSIN3,0.1526744949643038,7
POLA2,0.15264814202657195,7
NBL1,0.15255972820679828,7
GARNL3,0.15252698094569136,6
MFAP2,0.1524802352553258,6
DPYSL4,0.15233654562333657,7
TRARG1,0.15228828105412218,7
VARS2,0.15224547251590667,7
ZYG11A,0.1522428330322567,7
ADORA2A,0.152241624659982,7
ADARB2,0.15217984705697427,5
GM34785,0.15212588411698783,3
DNAH8,0.1521089485730187,7
SLC12A3,0.1520862712651479,6
RAPGEFL1,0.15206840179872877,7
SETBP1,0.1519577361922349,7
RPL13A-PS1,0.1519552851329938,6
CLK3,0.15193771805274503,7
GGACT,0.15192064460303437,7
SCARA3,0.15190146986256642,7
ANO3,0.1518757001218767,3
TMEM170,0.1518695954467029,7
CAB39L,0.15167697803643637,7
APEX1,0.15166821706779657,7
9030025P20RIK,0.15154247085337552,4
MYO1C,0.15151682201709363,7
AU018091,0.15133117424957346,3
ZFP629,0.15115631887345407,7
IGSF21,0.1510061113946603,6
CDR1OS,0.15098015277485333,5
UBA1,0.1509719907357452,7
MPRIP,0.15087325824298445,7
NIPA1,0.1507720381453376,7
DNAI3,0.15072935704760346,5
RPS18-PS3,0.15071104703496285,6
GM16731,0.15070167756506578,7
GSTA3,0.150651185666499,7
CZIB,0.15064587780209607,7
GM13490,0.15056814499669927,3
MAP7D1,0.15051218022492271,7
MRPS10,0.15041670851831088,7
OGG1,0.15039050542600335,7
A530072M11RIK,0.15038008461961486,7
CACNA2D1,0.15036215670902534,7
FN3KRP,0.15034923155450616,7
MON2,0.15022407473674876,7
ZFA-PS,0.1501636695687998,2
PCDH15,0.1501585596544303,7
FAF1,0.15015289717781885,7
ZFP68,0.1501379216413205,7
GM9013,0.15013399522935456,4
BMT2,0.15012993428729368,7
SNORD35B,0.1500998891492261,5
POLDIP3,0.15001279794042136,7
EPG5,0.14997148680730102,7
NRIP2,0.14996175034617873,6
4933433G19RIK,0.1499556140292899,6
S1PR1,0.149914165492511,7
OLFR569,0.14983425608853998,3
STX5A,0.14981673000286014,7
ZFP677,0.1497861470298865,7
CLGN,0.14970599628633316,3
PIEZO2,0.14964457335691275,7
CLDN19,0.14952285055355696,3
9430015G10RIK,0.14945694059369968,7
GM7833,0.14942837835109918,2
PLRG1,0.14940899903108035,7
RCSD1,0.14939122248228845,7
FLNC,0.14936715202381431,6
UTP15,0.14934955201097622,7
GM6794,0.14931233561421378,3
UBA7,0.14927644586722438,7
MTR,0.14927086378836338,7
PHF1,0.1492154123039652,7
NPFF,0.14914963719442215,7
ACTR2,0.1489913602971538,7
PKM,0.1489231257544417,7
STRC,0.14885460953690194,4
NMT2,0.14884686096597988,7
TRIM65,0.14880918819337902,7
FRS3,0.14879634771871122,7
OLFR1030,0.14865852554953907,3
UBE2I,0.1486552408217657,7
TTC34,0.14858391060636794,4
PKIA,0.1484273287737034,7
DLX1,0.1483709521425985,5
DMP1,0.14825519257096162,2
GM9434,0.1482054909651023,3
MAPT,0.14817384933542174,7
SRSF3-PS,0.14815606424612623,5
SYNGR1,0.14806089644225343,7
COL27A1,0.14804401624052574,7
GM13203,0.14804335052657272,6
TOE1,0.1480389466292419,7
TOX3,0.14803881293626178,7
EXOSC6,0.14802140643893183,2
CHAF1A,0.14792674631697164,7
GM8233,0.14791895508692904,2
MTCP1,0.1478421696989615,7
ALDH16A1,0.14784073834715192,7
RO60,0.14782906958045122,7
TRAV7-4,0.14782702059891056,2
ADSSL1,0.14782292732829425,4
FBXO8,0.1477927488974841,7
RARG,0.1477663262446016,7
ZG16,0.1477011784343538,4
RBBP4,0.1476875384920737,7
PRSS23,0.1476543440560432,7
POPDC3,0.14761394740805484,5
RPS6KB2,0.1475959021494118,7
4933433H22RIK,0.14751974275581123,3
TBC1D4,0.14747417697483114,7
MMAA,0.1473355892413542,7
RAX,0.14731954530065727,2
ANTXR2,0.14703906223919994,7
LRRC32,0.1470333105838833,7
VMN2R11,0.1470110520313236,2
BRD7,0.14689415755278154,7
RPL31-PS6,0.14689123036953988,2
BLOC1S6OS,0.14677899272090106,2
PHLDA2,0.1467723671752905,6
ANKDD1A,0.1467577446261573,3
SEC22B,0.14675438909302807,7
GM23444,0.14667034743243626,3
MCUB,0.14664598618272498,6
1700016A09RIK,0.14661847858494623,7
DISC1,0.146579791768245,6
HPDL,0.1465561482758524,7
TERF2IP,0.14654483179362074,7
KCNE2,0.14654390100953904,2
EPHA4,0.14646218440128903,7
ALPK2,0.14642967027125708,6
ZKSCAN3,0.14630420081253964,7
CDCA8,0.14619970014650716,7
ZFP748,0.14619598216861984,7
1700030N03RIK,0.1460350986618083,3
TRAIP,0.1459636815097612,7
ZFP820,0.14592235797093991,7
ACTR1B,0.14591956293652902,7
CSMD2,0.14585473301274388,3
MRGPRX2,0.14584613906368596,3
STON1,0.14568044373354144,7
OLFR1443,0.14565319162470905,4
HAGHL,0.14565085087084312,7
TSPEAR,0.14564995433722275,7
ZBTB38,0.14554639160126664,7
TNS4,0.14541119015919232,7
PTN,0.14539418683171,6
PLEKHH2,0.14539338542077732,7
FIBIN,0.14527285913733795,7
TCEA1,0.14519171488971216,7
HLF,0.145165996549292,7
LGALS12,0.1451306447082966,5
RTP1,0.14510785698018833,2
CXCR1,0.14496202538847705,5
GM10420,0.14490313299296717,6
LGI4,0.1447404685080766,7
PTPN2,0.14447203560698701,7
FAM131A,0.1444433446025309,7
DUSP7,0.14439230363267244,7
ACAT3,0.14431306787825962,7
SYBU,0.14427578797636875,7
TMEM179,0.1441749522282774,3
NOP2,0.14415936201634835,7
PFN1,0.1440532243349634,7
PANX2,0.144047593320959,4
CAR14,0.14402625681394907,7
GM10244,0.1439143206997288,6
CDIPT,0.14383569122554377,7
GM25129,0.1437492129195914,3
DESI1,0.14374446962051554,7
GM10046,0.14369520602841293,2
CCDC171,0.14369296438615226,7
GM29007,0.14356734904429108,2
SFXN2,0.14354373881316887,7
SPG7,0.14347508568127237,7
ALAD,0.14345667758642938,7
LMO1,0.1433813184537081,5
4930483K19RIK,0.14335169028951325,6
HAP1,0.14322917789266243,7
HECTD4,0.1432152753839086,7
SLC39A6,0.14320003295951525,7
GFRA4,0.1431395612302083,6
CACNB4,0.1429721742001974,7
ZFP24,0.14288170433019687,7
SYNDIG1,0.1428488232267356,3
FBXL16,0.1427078254459106,7
FBXO2,0.1426544985864521,7
IL11RA2,0.14256761687614072,7
CARD6,0.1424810694279545,7
IGLV1,0.14240945936760435,7
GM10584,0.14240903168502764,6
BLZF1,0.14240607571409117,7
PSCA,0.1424030859920814,2
GM6278,0.14235070482697318,6
9530026P05RIK,0.14233404485640402,7
SMIM41,0.14229014502016876,3
CYP21A1,0.14222600245460912,6
TLR12,0.1422257988871792,7
GM10269,0.14222036229382132,6
SUOX,0.14221809845480204,7
A430035B10RIK,0.1421377858623777,7
SMURF2,0.14212396627049867,7
PTCHD3,0.14206671190308984,2
RNF182,0.14201551629787687,3
DMC1,0.14201236377731533,6
GM10163,0.14194422888110977,7
ADAMTS20,0.14192216863173052,5
WNT9A,0.14188513495842958,7
GM18040,0.14187502131241908,6
NRG1,0.14183663502582086,7
PPP4R1,0.1417209656213985,7
LHX2,0.14170474475521275,7
RFC4,0.14169741950859285,7
MEP1A,0.14169361296190147,2
MGST3,0.14167584064004218,7
GM5127,0.14164292971480877,3
GM23008,0.14161337990363185,2
RNF6,0.1415930256983977,7
AP5B1,0.14157540559040738,7
GM8451,0.1414751147825327,6
VIRMA,0.14136722842212038,7
TBC1D19,0.1413517869057977,7
GM10941,0.1413161859818233,6
SYNE4,0.14131478351844698,7
GPR3,0.14118942323937547,2
VCL,0.141164527790208,7
GM11824,0.1411563504612515,6
2610008E11RIK,0.1411531092246087,7
CFAP58,0.14111552834423027,2
HES7,0.14111501505727103,5
TMIGD3,0.14106207807857124,2
MAGEB16,0.14100540676790246,2
SACS,0.14097532967416498,7
NCOA2,0.14091287704246133,7
LRRC49,0.140902457708219,7
SHMT2,0.140844078569305,7
BAAT,0.1408105794118831,7
MED25,0.14080049449776103,7
VMN2R118,0.14079135797312337,2
CTBP1,0.14072030860669688,7
OR13A25,0.1406843653361914,2
9430065F17RIK,0.14067809036469245,7
POU2F3,0.14054710104337106,3
GPR137C,0.14051296205140515,7
THOC6,0.1404937838616411,7
FOXP4,0.14041537942124574,7
COG5,0.1404051411751802,7
GM14261,0.14034659162312355,3
WDR48,0.1403320772625831,7
RUSF1,0.14023276541210272,7
ATP5PD,0.1402240152341779,3
GM15972,0.14020864178373546,6
9030612E09RIK,0.14017906931047291,3
RAB3A,0.14008233327155345,7
GID4,0.1400660903452827,7
B3GALT6,0.1400129587186036,7
RPL7A-PS3,0.14000948393348184,5
VMN1R73,0.13998879484361418,2
HDX,0.13996926270876572,7
KDM4B,0.13995370047672898,7
RIPK3,0.13991072220008183,7
TEAD3,0.13989003291839855,7
GM32261,0.13980521781279023,2
LDLRAD4,0.13980138842064044,7
SCN1A,0.1397464692333473,2
AB010352,0.13973031010710846,3
GM1965,0.13969816999811524,5
3300002I08RIK,0.13968689796486036,7
HS2ST1,0.1396745975436902,7
PES1,0.1396608330967273,7
ADCK1,0.13958987243429116,7
OLFR1344,0.13947611162642304,2
AVEN,0.13943682225849002,7
ACACA,0.1393812390645389,7
HDAC1,0.13935198316586847,7
VNN1,0.13927097607636602,7
GM3791,0.13922086799079905,6
ZCCHC14,0.13907146298217424,7
4930553P18RIK,0.1390517179366263,6
MAPRE2,0.139033237569748,7
GM10791,0.13901143013962325,4
ANKRD36,0.138842200284173,3
TMEM120B,0.13883795078973435,7
GTF2H4,0.13881243977422347,7
HSPA12A,0.13878939713677738,7
UBE2J2,0.1387442430742975,7
AP3B1,0.13864044790651864,7
CHAC1,0.13845892685200928,7
VMN1R1,0.13840114421852023,2
ZFP944,0.13839832152867546,7
MAK,0.13838751800884136,6
PIM3,0.13832790648419355,7
E2F1,0.13830765290124725,7
LIF,0.13829441941056825,7
KAT8,0.13820421539215252,7
VMN2R4,0.13818665766581828,3
TRIM67,0.13817610918768253,6
ZFP386,0.13815923780229358,7
TNFAIP8L1,0.13815169766827434,7
MTHFD1,0.1381159501785203,7
DIMT1,0.13800966485205052,7
NFKB1,0.13800250960284188,7
ZC3H7B,0.13800215341068942,7
DHX34,0.13798230526028743,7
9130213A22RIK,0.1379380385815012,6
GM6501,0.1379007359684063,6
LEXM,0.13789791037244417,2
PPM1E,0.13788845362593147,7
1810006J02RIK,0.13777679581841334,5
ACOT6,0.1377601667580395,7
SYT16,0.1377395287915207,2
GM20744,0.13773167246749246,2
COQ10A,0.13767224824925867,7
MYO15,0.13762734197529364,4
FYTTD1,0.13757049481849054,7
SULT3A2,0.13730368429089101,5
PIGQ,0.13728307232522963,7
ICE2,0.13724192919809391,7
PYCRL,0.13721066787740127,4
ST6GALNAC1,0.1371875508143502,2
PSPC1,0.1371243373344533,7
KHDC1A,0.1371116364040891,3
GM7361,0.13709760652406455,2
IFIT1BL2,0.1370519426127408,6
SLC12A8,0.13704144750771205,7
TCHH,0.13703916147411532,7
VSIG2,0.13700330309983802,7
VGF,0.13695900593996127,2
FAR2,0.13685365311976574,7
YEATS2,0.13681329130179046,7
CFAP97,0.1367438150804896,7
MDGA2,0.13658072936635682,5
GSKIP,0.1364495275547659,7
TNIP2,0.1364305857278324,7
HOXC6,0.136331819039845,5
MARCO,0.1362988548667658,7
PHYKPL,0.13629574050994905,7
H2AC13,0.13620091746191987,4
ATP7A,0.13619729549805012,7
PCDHGB1,0.13606056679138617,7
GP6,0.1360253458107858,6
JADE3,0.13597238231662032,7
TMEM161B,0.13596957809954793,7
D130079A08RIK,0.1359641914843294,2
TOP6BL,0.13592100001433266,3
NLRP4F,0.13588298429286164,2
PRR7,0.13587615638783798,5
TGM7,0.13578908887601482,4
ATP12A,0.13574496977147638,2
GM6316,0.13533086842959346,5
GM32090,0.13526576902334728,2
HNRNPA1L2-PS2,0.13520097483030352,2
2610044O15RIK8,0.13519711713007557,4
PRR33,0.1351531273083569,5
NUDT10,0.13512921545830334,7
AGBL1,0.1351105110776734,5
BTNL9,0.13508942545866756,7
HAO1,0.13507437599044395,7
TCEAL3,0.13503942621010268,5
TTI2,0.13477841452836267,7
BCLAF3,0.13474273891680974,7
OLFR679,0.13468824802647966,2
A230072C01RIK,0.13466987017364124,3
SERP2,0.1346532876327139,6
5330413P13RIK,0.13463725332742385,2
MTX1,0.13457538344772707,7
UNC5B,0.1345537546256885,7
BBS5,0.13455169995504948,7
PHAX,0.1345390432072873,7
NLRP5-PS,0.13451470495418905,5
ZFP65,0.13445838056478218,7
ZFP608,0.13445324098168104,7
SNX4,0.13441852703089682,7
UTP14A,0.13436807046128732,7
GM20257,0.13430616519055832,7
EXOSC8,0.13430356356212478,7
EIF2B5,0.13420811349364067,7
KCNV2,0.13420664047017072,3
RPGR,0.1342010386472867,7
SMC1A,0.13411218498917524,7
ACTL10,0.13405325198954512,3
SPRYD7,0.13401849195681464,7
DLL1,0.1339926253007892,7
NEGR1,0.13397369882214238,6
NBEAL1,0.13390716719085824,7
D930028M14RIK,0.13379497075378477,3
CYLD,0.13376214241398446,7
MAP7D3,0.13375908647461338,6
FLNB,0.13365075194978743,7
ZFP239,0.13362392350359983,6
MRPL10,0.13357471115782052,7
EXOC8,0.13353851004855005,7
GM6787,0.1335360341358787,6
RRAGB,0.13345916538237185,6
COL4A2,0.13341786183924145,7
LRRC52,0.13340555466038587,3
GM39302,0.13336899212980075,2
1110038F14RIK,0.13332953067973055,7
RTL8A,0.13324883468998197,7
CLYBL,0.13319224263900473,7
ATP13A4,0.13307125458797464,3
IGKV1-99,0.1330635044218876,4
BC048679,0.13300365958820745,4
VMN1R9,0.1328202675476305,2
PLCD4,0.13273719701612832,6
ARSK,0.13272426131398404,7
ANKRD39,0.13269370453246745,7
TPPP3,0.13252306247451012,7
CCDC112,0.1325157110801611,7
ACTR3-PS,0.13243622826989782,7
IGKV8-21,0.13239027027224237,4
HNRNPLL,0.13232000702567495,7
CTLA4,0.13228084264768716,6
FABP12,0.13224884556918348,6
MYO5A,0.13217236431742663,7
GTF2E1,0.13204669905180583,7
BCAT1,0.13198985857451825,6
GM9575,0.13198567470854608,5
GALNT4,0.1319747589577803,7
NXPH1,0.1319607028787258,6
LENG9,0.13194629335229333,7
DACH2,0.13188948943465487,5
ABCF1,0.13188826944757057,7
GM8337,0.1318773919980383,6
CCDC168,0.13177175729245225,3
TBC1D10B,0.1316689007230877,7
B3GNT7,0.13163825807187723,6
RNF146,0.1316367393125286,7
SPACA9,0.1315684900991227,6
ENSA,0.13150782537294495,7
4932412D23RIK,0.13150215523089417,2
MARCHF4,0.13145828391353306,3
RPL27-PS3,0.13124315989997815,7
ELP4,0.13116954051402097,7
NDUFS6B,0.13115432025076587,5
PTGDR,0.1311494367264508,3
BEND7,0.13094836686553998,7
RRP1B,0.13079225492422442,7
ZAN,0.1307251669979845,3
ST8SIA3,0.1307009742155078,7
TSTD2,0.13065999855961047,7
SNHG3,0.13064920921035741,7
SYNJ1,0.13064615212272004,7
PRELID3A,0.1306017487692349,3
SMC6,0.13055987186869966,7
SPON2,0.13042789368043534,7
NIN,0.13037096676511933,7
GRPR,0.13034045496944585,2
ACOXL,0.13032695029498098,5
SCG3,0.13024448729658467,4
MCTP1,0.13013270339181074,6
GM18448,0.13012328455364275,2
SIRT1,0.1300758586892314,7
TSKS,0.13005736163924184,2
MMS19,0.13003325189653528,7
JRK,0.1298997000774331,7
WSB1,0.12988736754903438,7
MED29,0.12976922938062024,7
EXOC3L4,0.12973191211381332,7
4833422C13RIK,0.1296120238278689,7
POU2AF3,0.12957456959826869,2
NFIX,0.129474753183278,7
RNF222,0.12942654864701006,6
RHPN1,0.12942393659839804,5
ULK4,0.12940315148513482,7
RHOV,0.12933927068006906,4
SMIM31,0.12931530729662513,4
RANBP2,0.12929484237650762,7
SOX6,0.12928018650211098,7
9030624G23RIK,0.12918725591408226,5
RPL31-PS14,0.12909764960308853,6
S100B,0.12900422910124296,6
EIF1AD3,0.12897746903483925,2
ZFR,0.12897195437271589,7
GPRIN1,0.12896395133675684,3
MIA,0.128960497617739,6
BTD,0.12894093481753802,7
TPI1,0.12890100636534352,7
FREY1,0.12890091481763735,3
ALPL,0.12884422191271241,7
SAP30,0.1287345871457094,7
ZFP759,0.12861193591228176,7
FBXO48,0.12860861306758228,6
HOXA7,0.12860855391262388,5
GM8520,0.12860232363018265,6
GM22043,0.12859537260978213,6
SOX21,0.12856743475481164,2
CTNND1,0.12851868116894252,7
KRT9,0.1284375130249624,3
NUP107,0.128367228715821,7
KRT20,0.12834320296393614,4
MORN4,0.12830623068987795,7
4833418N02RIK,0.12828197406009312,7
GM34354,0.1281725237133873,3
GM32815,0.1281624836735088,3
PGRMC2,0.12813059274610297,7
EPB41L4A,0.12811024409054153,7
GM13986,0.12808664973770456,4
MYH7B,0.12782666622206176,5
MORC1,0.12779985653511866,4
JARID2,0.12777477833941506,7
OLFR983,0.1277690747822124,2
PDPN,0.12767278176294475,7
MYO9B,0.12762931007708891,7
GM2694,0.1275958178495802,2
SPTY2D1,0.12751876301135912,7
CAMTA2,0.1273409937464881,7
CDK9,0.12731645535283528,7
GM536,0.1272619218890975,4
PTBP1,0.12724755120434533,7
LRRC18,0.12723460062582187,7
ADGRG6,0.1272142196137148,7
GM13328,0.1271983996631479,5
MAP1LC3A,0.127167930491304,7
NFKBIA,0.12716075126494983,7
ZFP36L3,0.12712486645235235,2
HNRNPH1,0.12707853880826933,7
RRP1,0.12704005561363013,7
ADPRH,0.1269827147012314,7
CDH17,0.12694352759292193,6
VMN2R76,0.12684700353183193,5
CHERP,0.12678780026214562,7
PRG4,0.12676687493427183,7
DYRK4,0.12673503905798478,4
1700014D04RIK,0.12662250984210643,4
ATF7IP2,0.12661053305487946,3
POU2F2,0.12660602437101542,7
PCDH17,0.12656139391903246,7
GM5544,0.12655323527782789,6
ARL15,0.12643838026880264,7
RWDD3,0.12631133232412767,7
MCM3AP,0.1261770159067952,7
GM7502,0.12606565882157333,3
HNRNPH3,0.12602901452574472,7
P2RX6,0.1259854227304705,7
GM5472,0.12595161210640235,2
CDK2AP1RT,0.12594315775338086,3
AADACL2FM1,0.12588929318977218,2
FCHO2,0.12582012098123468,7
ADAMTSL3,0.12579023855997273,7
VMN1R77,0.12578324957094683,2
SYCP2,0.12576676807650497,6
CSNK2A2,0.1257658213756783,7
CACNG4,0.12574707080329361,2
DNAAF3,0.1256667713359199,7
DNAL1,0.12565012671999207,7
GABRA1,0.12564532763529618,4
TRAV13-1,0.12548423984941146,2
IVD,0.1254106749442698,7
PTP4A1,0.12536610980023935,7
THEMIS3,0.12534637211137173,3
TRABD2B,0.1253051450060419,7
GM19765,0.12512534075678264,3
CD209E,0.12506278933926582,3
PHETA1,0.12505429322244113,7
TCF23,0.12498939807179256,7
LRAT,0.1249140187306177,7
TFAP2B,0.12475716221012302,2
LGI1,0.12470252247050646,5
RAB27B,0.12455982483741798,7
SPATS1,0.124556401674638,4
CYP2C39,0.12451009003248593,7
RTL4,0.12447755898187124,3
VMN2R67,0.12445000210859736,2
1700040D17RIK,0.12435148301580558,6
ARHGAP42,0.124326424618162,7
EXOSC7,0.12421109689937627,7
CACNA2D4,0.1241597723882556,6
2810442N19RIK,0.1240536037774802,6
COQ5,0.12404089030011559,7
PNRC2,0.12399388114487457,7
GM5802,0.12394684745777491,2
RGS6,0.12386256248521184,6
FBXO11,0.12375897244909725,7
FZD10,0.12371774540620713,4
STMN3,0.12366587945913057,4
ACTC1,0.12349273127641047,6
GM973,0.12343365470132678,4
GARIN2,0.12338390821624233,6
SHISAL1,0.12325337576114988,6
CCDC121,0.12320783312676138,2
FRMD8,0.1231900020128079,7
2210016F16RIK,0.12308700685883917,4
NTRK3|E430016F16RIK,0.12303696262030563,6
PCBP3,0.12299243751252689,7
GM29243,0.12295573286250852,5
SPRYD4,0.12289888809076964,7
GM50045,0.12288690044682726,5
TMEM260,0.12285850614040959,7
TCSTV4,0.12280966458800618,2
ASMT,0.1227194274652812,3
DTHD1,0.12270249263775432,2
TULP4,0.12255639440142582,7
ZFP945,0.1225535277845589,7
FGF21,0.12253648636228373,7
MMP13,0.1224549688626007,6
H2-BL,0.12243415856709612,7
HOXB7,0.12229924946201069,6
PRAF2,0.12228254480435437,7
PKDCC,0.12226078147191563,7
PWWP4-PS,0.12215253712720371,3
SIX3OS1,0.12212753911589908,3
GM11100,0.12207876873187229,7
TUSC1,0.12194080974798847,7
D6ERTD527E,0.12191995198029497,4
CILP2,0.12187618425933562,5
A230083G16RIK,0.12181939216740363,7
TIMM8A2,0.12181157766009809,2
GM17072,0.12175852360178419,4
HSPBP1,0.12173075058150053,7
4930438A08RIK,0.12172694262643324,3
2610028E06RIK,0.12165365641100793,5
DGUOK,0.12164531383909151,7
GM32633,0.12144682894833378,2
GM12194,0.12132995025917515,2
1810019N24RIK,0.1212828377841214,6
RPL7A-PS11,0.12126709255228305,5
ASB15,0.12122302032475915,4
GALNT16,0.12115801408849447,6
CIAPIN1,0.12114525508175193,7
SLC9A1,0.12112766043907043,7
GORASP1,0.12107318960047071,7
TEX19.1,0.12105375033525395,2
TUBB2B,0.12100539805344823,7
GM15566,0.12093890572931325,3
GM609,0.12088942002955727,4
SFXN4,0.12081397021070615,7
LMX1A,0.12072343644922778,2
SNORD3B4,0.12051832791568144,3
GM10136,0.12047775159228245,6
CARD19,0.12039637701458437,7
ZFP872,0.12024053563728383,7
SLCO4A1,0.1201928461446626,6
GALE,0.12018763356848693,7
ALDH1L2,0.12017449185869447,7
NMNAT1,0.12013030431291664,7
GM7537,0.12010648875019145,2
ADAMTS14,0.12009320709536352,7
GM14227,0.12008264650035767,2
MUC21,0.11998447177336118,2
IQCE,0.11990994278896386,7
PITPNA,0.11990093970705341,7
PLEKHM1,0.11989533936854486,7
PBLD2,0.11983705618539371,7
SLC6A2,0.11975179527482908,5
FOXD2OS,0.11969969982068933,7
OR5B106,0.11968996903469198,2
LGALS9,0.11958819876632844,7
IRF2BP1,0.1195517391507273,7
TMEM252,0.1195486538426765,6
FAM53C,0.11952596480193893,7
MRGPRA2B,0.11952172891947871,6
TRIM45,0.11947525748766782,7
2700046A07RIK,0.11944446761137902,5
RANBP3,0.11944360030993997,7
REPS2,0.1194434376490279,7
CNGA3,0.11941748433782146,4
ADGRL3,0.11940058345700835,7
1700088E04RIK,0.11937185724472779,7
INF2,0.11935990862352808,7
WSCD1,0.11924275477083568,7
3632454L22RIK,0.11923941411763567,2
PIRT,0.11919687154319783,2
P3H1,0.11909443889419423,7
SNX15,0.11904701735210221,7
TMEM130,0.1190449310617783,4
STARD9,0.11898619270879081,7
GNGT1,0.1189575225511686,7
CCDC183,0.11888855088618522,6
DCK,0.11886283037663217,7
RIMS4,0.11882643780405007,7
SCGB1C1,0.1188048424644257,6
ELMOD3,0.11878692445530226,7
TMTC1,0.11874742884489316,7
SERPINA3K,0.11873739819199736,7
PSMB11,0.11858448601834373,2
RIPOR2,0.11853191440501247,7
TSPAN33,0.11846395361000794,7
SPEER5-PS1,0.11845680600367597,3
VAV1,0.11843664741864952,7
OLFR1295,0.11838726576307049,2
C330022C24RIK,0.1183608915644188,4
SLC22A2,0.11832756718620953,4
PARM1,0.11824187899423776,7
GM10167,0.11821052068767582,7
SERPINA3A,0.11819891796657281,5
LMNTD1,0.11819203197838513,3
MBNL3,0.11819085907293259,7
KCND1,0.11814510937572141,7
EPC1,0.11809420666203267,7
GPR137,0.11808954975976735,7
NPHS1,0.11793206785262496,6
PPP2R2A,0.11792848777152622,7
CD24A,0.11791431060706935,7
MUP-PS18,0.11782715391392423,4
TTC30A2,0.11780257999398516,4
GM9968,0.117750622472987,6
4921525O09RIK,0.11769670830515508,2
GM10416,0.11766557799747525,7
HPS6,0.11763058708309293,7
GM17783,0.11759491051687813,2
PDZRN4,0.11752283405109165,3
OBI1,0.11750349878292189,7
KIF26A,0.11750006028075577,7
FOXF1,0.11726241118744851,7
ALMS1-PS2,0.11720865226585629,6
2610005L07RIK,0.11711066362119237,7
ARHGEF10L,0.11710580228030391,7
RSPO1,0.11700456675213314,7
HNRNPDL,0.11698090774771708,7
GTPBP2,0.11687702444336175,7
SNRPB2,0.11681131894421225,7
INO80E,0.11679155551871936,7
CCL21D,0.11678518262573084,2
UGT2B35,0.11668639858002848,7
RPUSD2,0.11665774447887599,7
GM42402,0.1166120326600178,2
4930563E22RIK,0.11656435794437583,7
PTPRG,0.11652723984475902,4
CFAP97D2,0.11646521629159995,2
PTPRM,0.1164434198930878,7
PCP4L1,0.11642442869461411,7
NKAIN3,0.1164114544059182,5
GARIN5B,0.11640893071149364,2
ATG16L1,0.11637222106333578,7
GM14430|GM4631,0.11632663659182403,6
PDCL3,0.1162589629623904,7
PEX5L,0.11614903190150815,6
ZKSCAN1,0.11610975519408474,7
KHNYN,0.11610196601326415,7
OPTC,0.11609526129289238,6
GM19283,0.11607765556950501,3
DDX31,0.11598969145775251,7
KIFC2,0.11598233517946399,7
LRRIQ1,0.11589802221753942,5
4933417D19RIK,0.11579252513389919,6
F8A,0.11571357217871417,7
KIF24,0.11566095185278612,7
IGKV17-127,0.11556360831887431,6
RDH1,0.11535084471845418,6
RNPC3,0.11524350902900142,7
FOXB1,0.11524055015625265,2
GABRR2,0.1149462310386921,6
EIF2S3X,0.11494073769532144,7
EMC1,0.11492882760299085,7
RFLNB,0.11491219050640031,7
GGNBP2,0.11488518072543706,7
GM867,0.11477098764511959,4
PCSK7,0.11473429170322116,7
PCDHA9,0.11466217221282372,3
GM8712,0.11462620037571174,4
PRAG1,0.11452655848511843,7
A930004D18RIK,0.11451456741316486,7
SLC25A32,0.11448687021063926,7
LAMC1,0.11445890418028393,7
SSBP4,0.11445850479789137,7
TPBG,0.11440258342988752,6
4930470H14RIK,0.11433437557528907,3
NEFH,0.11432930747568623,7
AAGAB,0.11430143449511225,7
CCNB1IP1,0.11424375252537926,5
VMN1R14,0.11424245381852563,2
ELF2,0.11418348372976735,7
GM31230,0.11417466920714599,3
SNAP23,0.11410261871149244,7
A630072M18RIK,0.11408944178138591,7
RTL8B,0.11408551631676218,7
PLET1,0.11406886157729572,7
TM4SF19,0.11404791950952284,4
BCOR,0.11399494198760778,7
A230020J21RIK,0.1139306401537237,2
BPIFC,0.11388923286625743,4
PLLP,0.11385394635440425,7
RAB15,0.11374609242255355,6
LNPK,0.11371143811567619,7
TSPAN1,0.11353990699130487,4
HYLS1,0.11352912134509638,7
CEND1,0.11349424901483596,6
CADM2,0.11346990934632752,6
TICRR,0.11345005595481816,6
TSFM,0.11342121987906235,7
STEAP3,0.1133370259643611,7
SLC51A,0.11328922782075167,6
GM24451,0.11322640860749111,4
RMND5B,0.1132262912308617,7
GM11604,0.11316470065128453,2
4930447C04RIK,0.11314221500742057,3
GLTPD2,0.11303354808960682,7
GM12416,0.11301395660462454,6
CYB5A,0.11300853721861172,7
NRTN,0.11293934965775583,7
KPTN,0.11289124775759543,7
2310008N11RIK,0.11287364774000394,5
DCAF7,0.11283871806422478,7
LY6G6E,0.11277779256059546,6
2310022B05RIK,0.11276486406704442,7
FAM81A,0.11269441179066687,7
ELAVL4,0.1126653732297896,3
9130024F11RIK|GM38484,0.11257191836815889,6
ZFP783,0.11256637148391259,7
GM12834,0.11252661910108075,2
KIF3B,0.11248303778235488,7
GM18413,0.11247130351383898,5
ECSIT,0.11244526958173628,7
TTC30A1,0.11239807571028239,4
MUC5B,0.11239419076020546,2
NIPAL3,0.11239089879456533,7
SMOK3A,0.11239073728536869,3
GM13226,0.11238899759518231,4
NADK,0.11235206990514726,7
SORCS3,0.11227900873602183,6
PLGRKT,0.11226161389511476,7
GM36028,0.11221833896339989,4
CCDC12,0.1121915450344201,7
CNST,0.1121674487106804,7
FKTN,0.11209571508474805,7
MMP14,0.11192562237659298,7
UNC13D,0.11189482285596432,7
PCIF1,0.11187922616948029,7
SLC15A4,0.1118481224780351,7
MTF1,0.11184016214131412,7
LBX1,0.11180518457600741,4
TNKS,0.11172926319433543,7
KLF14,0.11169055364243427,2
1700022I11RIK,0.11163788645737371,4
EIF1AD6,0.11152688812101003,2
NACC2,0.11147757156905412,7
GPR27,0.11139235440897745,6
WIPF2,0.11137133518958295,7
CCN6,0.111367875933281,6
GM12807,0.1113319386909925,3
SSBP1,0.1112929535156454,7
NXPH4,0.11118791474492702,2
ELF1,0.11117825747777253,7
STAC2,0.11116023092159309,6
GM12258,0.11113064310280348,7
ATP6V1G2,0.11104129730149356,7
GM19522,0.11102655806636871,7
VGLL3,0.11101614994073708,7
PSAT1,0.11093368464870623,7
4930521O11RIK,0.11092676475436608,2
GM14857,0.11091089350430641,2
HIF1AN,0.11079748622745265,7
SFR1,0.11074329759165923,7
KCNK1,0.1105451045949936,7
ERICH2,0.11041256697642006,3
AURKA,0.11034981978556732,7
ACMSD,0.11028722963301262,7
OCA2,0.11028314345056331,2
DYNLT4,0.1101402060656989,3
CIB2,0.11002476634444858,7
METTL14,0.1100175217195213,7
ZC3H4,0.10998194307688007,7
LRP8,0.10997602310586703,6
ECHDC1,0.10981331420057008,7
GM28441,0.1098044430437142,2
ZFP72,0.10980006681921477,7
PLB1,0.10977579826944403,5
CHD3,0.10959024353006966,7
AQP7,0.10952034160952946,6
LRRC29,0.10947166475482428,4
PABPC1L,0.1094638620956922,6
ATP6V0A2,0.1093939821909387,7
SLC19A1,0.10924839957099455,7
TPST1,0.10924508186169009,7
STX16,0.10924404133609743,7
BRME1,0.10920260848906649,5
MTPAP,0.10897518437329269,7
CFAP65,0.10893765225678775,2
GM15644,0.10880935778794791,6
HES2,0.1087921769067225,2
FEM1AL,0.10873811830138819,6
TCTE2,0.10864709962007206,7
GARIN5A,0.1085629248974762,6
SPACDR,0.10851775713841316,3
GM32389,0.10844518233355592,3
OR8B40,0.10842459807228814,2
ZEB2OS,0.10840472241433671,7
1700110I01RIK|GM46464|GM46465,0.10836042405965884,2
EVI2,0.10833488745073322,4
IRF9,0.10828592543319639,7
GM16291,0.10819413910736772,5
ZFP354B,0.10819052507423718,7
GLE1,0.10818133967480861,7
MRPL34,0.10814126145542188,7
SH3GLB2,0.10814034596247232,7
KCTD19,0.10811134852811469,2
ABCF2,0.10802813598995752,7
BSN,0.10797107598627183,6
TPCN2,0.10785584767149366,7
PNMA3,0.1078134889080184,2
MUTYH,0.10777547208900683,7
TPX2,0.1077620966238196,7
PAQR8,0.10774970935727261,7
VMN1R179,0.10769258259831546,2
DBPHT2,0.10763432864023105,3
MDGA1,0.10739807465003606,7
PCDHA6,0.10737974857787207,3
KPNA3,0.10733847980362485,7
TAS2R126,0.10733742070672248,5
UNC5D,0.1072525006716792,3
1700065D16RIK,0.10715213720496541,6
SERGEF,0.10710948126081331,7
GM16072,0.107106463165251,6
PWWP4D,0.10709642111736155,5
VAPB,0.1070772142645935,7
DDIT3,0.10699840164045539,7
GM16136,0.10695952791443407,4
SNORD96A,0.106946085810948,5
ANKRD66,0.1068228938667403,5
ECH1,0.10675806252963081,7
GM12022,0.10660945495574506,2
GM8038,0.10658841283314001,4
IBSP,0.10653893398947967,2
BMP1,0.1064473571902991,7
VMN2R28,0.10632232903209604,2
KCNV1,0.1062945789105729,2
CHMP3,0.10615392786556851,7
NGDN,0.10614513439586222,7
SEC14L2,0.10605288097048661,7
LAMC3,0.10599067232311506,7
D030040B21RIK,0.1059708055006245,6
WDR82,0.10595025631999859,7
TMEM231,0.10591996654738504,7
LEFTY2,0.10590082340133472,2
IGHG3,0.10586732260168048,6
AGPAT2,0.10581193396343247,7
MOB3A,0.10576468370381983,7
MID1IP1,0.10574279032297391,7
TRAPPC5,0.10565559685113353,7
2610307P16RIK,0.10559516653432123,2
TEDDM1A,0.10559387059596653,2
SWSAP1,0.10555207248419331,7
ZFP687,0.10553041871517509,7
CTSG,0.10550133442140211,4
TMEM217,0.10546976101932123,2
GDNF,0.10545166683864846,2
WNK2,0.1054424788479109,7
MRGPRB3,0.10541072252750847,2
PDCD11,0.10540777833041604,7
PMVK,0.10535913210268065,7
GM13347,0.10531615719340681,2
RHCG,0.10526365251823497,2
2310043M15RIK,0.10523865780369872,7
HSD3B7,0.10523570886161569,7
GM34885,0.10516335259572022,2
PIN4,0.1051548000905034,7
SCUBE3,0.10508248979851408,7
XRCC1,0.1050450937566437,7
MRPL21,0.10496655583820783,7
NFE2L1,0.10496287039936769,7
TAFA4,0.10491954352282637,2
UPK1A,0.10481805368818854,6
IQSEC3,0.10477908199292757,4
GM32687,0.10476949072318327,6
HNRNPD,0.10464699939250728,7
XAF1,0.10461790478905732,7
TMEFF2,0.10461723726542822,6
RAB11A,0.10454264969233958,7
LNCPINT,0.10447262750638055,7
DDX46,0.10411836676485582,7
ITGA1,0.1041052760153417,7
SLC30A3,0.10408499185509223,7
TRIM68,0.10402107089643131,7
ERAL1,0.10392890023813152,7
CD200R2,0.1038660879186227,4
MIR1892,0.10384355134345949,5
1810024B03RIK,0.10382522260248853,7
EDDM3B,0.10378738790665486,2
GM21859,0.10372111343066907,2
NUPR2,0.10369254372389884,3
NES,0.10362410152213782,7
GCM2,0.10359771865715636,4
E330013P04RIK,0.10347087269536506,2
2310030G06RIK,0.10345321283682385,7
GM614,0.10340503026756313,3
BNIP5,0.10340083233319919,7
DNAH14,0.10339780150267137,3
TNMD,0.10333593348366997,2
GM12961,0.10315166583037097,2
NAP1L5,0.10298940580722309,7
DNM3,0.10288104725753387,7
GM34574,0.10283002978648163,6
CYP2C68,0.1028214097707535,7
4933406I18RIK,0.10281331047030304,7
ANKRD16,0.10268848764790864,7
RGSL1,0.10263234950592012,5
XIAP,0.10253952996562134,7
TRAT1,0.10231700314680768,6
UBTD2,0.10222238174640662,7
VMN1R81,0.10211768267886327,4
NPHP3,0.10210384019230707,7
GM15368,0.10209578005742397,7
DHRS4,0.10198673968414566,7
RSPH14,0.10197880675108657,2
ARHGAP44,0.10192970974424857,7
GM8355,0.1018214565749573,7
ACTMAP,0.10176568248533824,3
GM14648,0.10173542600301794,4
GM13302,0.10166769064909201,2
1700049E15RIK,0.1013916118469325,3
MSLN,0.10132926628748933,7
GADL1,0.10127714776631519,6
ANXA2R2,0.10124314821611063,2
CNTN1,0.10119665207389321,5
GM17484,0.10117388836485196,7
DIABLO,0.10116537103639346,7
PTPRV,0.10107297615003602,6
CNTNAP5A,0.101069278826206,4
SUPT3,0.1009830373272387,7
ARL2BP,0.10093631518632555,7
RAB13,0.10092696660470162,7
VPS4B,0.1009223197350656,7
MANNR,0.1008842541051776,4
NECTIN3,0.10079967619674068,7
TMED7,0.1006987959785022,7
DENND3,0.10069750842191776,7
DENND6B,0.10069327910128115,7
SPRED2,0.10069263804379304,7
OSR2,0.10062507923929792,4
CBR2,0.10055652651486198,6
ADGRF3,0.10055431847857389,3
IGDCC3,0.10053312882931084,2
IGHE,0.10052277378534724,4
4930407I10RIK,0.10051109049595325,2
THNSL1,0.10039515750141217,7
ABCA3,0.10030272199941478,7
4932431P20RIK,0.10023905882388773,3
ALX4,0.10016303867110513,5
ADAM17,0.10014796862208342,7
WFIKKN2,0.1001124978024605,6
LCE6A,0.1001065404440249,5
ARMC5,0.10005154047788997,7
VPS33B,0.09996188224637718,7
CDHR2,0.09990116027175444,6
GT(ROSA)26SOR,0.09982116850097729,7
GABARAPL1,0.09980633620471172,7
EDN1,0.09978776862085503,7
CCDC60,0.09977539227376296,2
CAND1,0.09972016154065548,7
ANP32B,0.09960761469792491,7
RIPPLY1,0.09958563170711843,7
INTS8,0.09958183329313679,7
SPATA1,0.09952523440405243,7
OLFR921,0.09941789176114635,2
LORICRIN,0.09938415513260301,3
LY6A2,0.09923147100016864,5
GM15264,0.0992128793936757,3
EP300,0.09920985754348265,7
STRN4,0.09920307881861376,7
SUSD4,0.09914866744130214,7
GM48909,0.09909051523737337,6
ICMT,0.09907799611933947,7
RSPH1,0.09896353233148536,6
GM36033,0.09889020567375897,2
ZFP764L1,0.09886517586340766,3
ZFP13,0.09886339267223397,7
CALM3,0.09881376519314075,7
GALNT1,0.0988131656218584,7
EFCAB5,0.09881300527220256,6
NCAM2,0.09876010084824337,7
XAB2,0.09865959251284868,7
GM30108,0.09859696794190054,4
PDRG1,0.09856954846659925,7
E030025P04RIK,0.09856239018384341,2
RASGEF1C,0.09854565456129177,3
GM5820,0.09843349946726039,6
GM12248,0.0984191624149962,3
MCM2,0.09839208573964578,7
HPRT,0.09835400722303458,4
RPL13-PS6,0.09828116224707109,4
KCTD4,0.09826946023018225,3
CNTNAP4,0.09822826047858678,2
GBP11,0.09821131743879204,7
SLC6A8,0.09815304876103867,7
SHC2,0.09814583060460633,7
RBMX,0.0981424647245446,7
BAIAP2L1,0.09814170052559909,7
TMEM26,0.09797831607404854,7
SPEF2,0.0978060871905315,7
HSPB7,0.09776913120961665,6
GM13181,0.09773965291591306,6
NOL7,0.09763487411620268,7
NELL1,0.0974978365861622,4
KDM5D,0.09746775820849873,5
GEMIN5,0.09736444650558497,7
GM4265,0.09727700877155966,6
MPP1,0.09720870614891074,7
CAVIN1,0.09720145866194155,7
AMMECR1L,0.09718275441605835,7
ARL14,0.0970035049166924,4
GM18867,0.09686299452981158,3
CHRND,0.09683585566226688,3
CDKN2AIP,0.09680917151030355,7
GM15191,0.09677657338680713,4
SAMD15,0.09675101077166186,6
TREM1,0.09669802970786195,6
ACHE,0.09666389511358678,7
ANK,0.09662989722260086,7
SH3BP2,0.09649490406064055,7
ABHD11OS,0.09646123956935664,7
GM14414,0.09624997594672087,6
GPR179,0.09619689968248342,6
AI429214,0.09619386913411487,7
COL11A1,0.09618946984877652,6
USP30|GM16108,0.0961412401109385,6
AKR1A1,0.09609627124603541,7
SLC22A12,0.09599159732911747,2
UCHL3,0.0959684408665935,7
DNMT3AOS,0.09592310451053888,3
BCAS3OS2,0.09589249458910794,6
NUDT22,0.09588705562970987,7
GM12295,0.09588536250741364,2
KLHL11,0.0957026845147565,7
AGTR2,0.09569795787310693,3
SCAMP3,0.09567604118011956,7
SYNM,0.09556330527291489,7
FBXO45,0.09546361914191578,7
GM7517,0.09545427018958802,3
CLDN20,0.09542733114553523,4
JOSD2,0.09527122324629796,7
MAIP1,0.09527071336943672,7
FOXG1,0.09524523992083012,4
GM19169,0.09516610318205403,3
CHRNA3,0.09513100563192448,2
GM9042,0.09511401802220092,6
GM18101,0.09510509372842149,5
SLC6A21,0.09507009188303206,6
SLC7A11,0.09498926191097244,6
CFAP410,0.09497194905312968,7
FOSB,0.09492312153618358,7
LY6G6C,0.09482904129249442,5
ANKFN1,0.09481836143002609,2
PRELID2,0.09476641089150731,7
GLCCI1,0.09476309468282242,7
ENTREP3,0.09473569314087338,3
SLC26A6,0.09472574873651836,7
0610040F04RIK,0.09470029299482717,4
PSD2,0.0946797494837958,6
MCM3,0.09457459919594421,7
NPY2R,0.09447126679777458,3
TECTA,0.0944450077213933,6
IGFN1,0.0944342452777919,4
PLPP6,0.09441755442806646,7
ZFP703,0.09435298959387937,7
MITD1,0.09434164080270814,7
SEC22C,0.09430024117362423,7
NRP2,0.09429479145949005,7
MGAT4C,0.09427485625825825,3
RAG2,0.09426386988464491,2
FGFR3,0.09426117893188583,7
GM18407,0.09413092862230692,6
ERI3,0.09411026676104932,7
CSF3R,0.09407207141498024,7
CELF6,0.0940337772562568,2
FAM209,0.0938857853452708,7
ZDHHC22,0.09381315763284767,2
VMN2R20,0.09380151817831395,4
NRGN,0.09376982702014676,7
DEFB30,0.09370881599568777,3
GM31108,0.09361334286485534,2
TH,0.09357510596783421,3
NOS3,0.09355043381414041,7
JPH4,0.09351984785312037,5
TSHB,0.09351272768605169,2
SLC33A1,0.09349844827723,7
INTS6,0.0934702404374932,7
LRP2,0.09346562022942655,7
TMEM74B,0.0934354379957036,3
STEEP1,0.09343464858520954,6
PPP2CA,0.0933857702268411,7
VSTM5,0.09338178769272934,7
HERC3,0.09334036483063476,7
JCAD,0.09333881898335103,7
UBXN10,0.0933198194739497,6
SDR16C6,0.09327479943864214,3
MCOLN3,0.09324989056185559,5
TRAV6D-4,0.0932470014067826,2
KATNB1,0.09319550580214438,7
MOB3C,0.09313893649255245,7
MYL6B,0.093130038107302,7
FAM151A,0.09308773740144731,6
CD276,0.09305705501816462,7
1700086O06RIK,0.09302342831230033,7
TNFRSF10B,0.09302235709889826,7
GM10635,0.09297966256995603,3
DNAJC14,0.0929597034744697,7
DIAPH3,0.09294871949738814,6
G6PC3,0.09293539980499273,7
GOLGB1,0.09292791673353354,7
RUNDC1,0.09292167875919008,7
GM18421,0.09290419619124773,2
MRLN,0.09282512379298372,5
SMAD6,0.092759846089432,7
GM33111,0.09267217861244331,3
OLFR365,0.09266788686867661,2
GMIP,0.09266478525165571,7
GM16201,0.09266129989804316,5
FGF12,0.09264353460891363,7
MAF,0.09260370506639927,7
MICOS10,0.09259480088873161,7
SLCO3A1,0.0924874167307317,7
ABCA13,0.09245594149956651,5
GM20426,0.09244277391533913,5
PARD6G,0.09243400225284595,7
COL9A2,0.09242071275671364,5
MRPL54,0.09239664857873968,7
CDK19,0.09238440015873695,7
RPS19-PS3,0.09237252945521902,7
SMARCE1-PS1,0.09232744733622071,6
UBA2,0.09223650020597633,7
BDKRB2,0.09220835489456634,7
3300005D01RIK,0.09206374343468142,6
GM14121,0.09204590986026993,6
PSMC6,0.09202723503408786,7
D630044L22RIK,0.09202336151460473,3
9330199G10RIK,0.09198891293913813,2
CSTF2T,0.09193614454045075,7
TUBB4B-PS2,0.09193571065853319,3
TRAPPC11,0.09179565372949558,7
OLFR1564,0.0917924439213047,3
CLEC4D,0.09178860938396856,7
OLFR1262,0.09169754709318129,2
A330041J22RIK,0.09165870209470199,7
HOXB3,0.09162284916348226,7
CCDC157,0.09151187471648173,7
INA,0.09149347246779466,2
NAP1L2,0.09139358235519912,3
ARFGEF1,0.09124210482690774,7
A530053G22RIK,0.0909580641626903,3
MYCBP2,0.09094600994320157,7
NFS1,0.09090929676160177,7
NXPE2,0.09089827362815532,7
FLVCR1,0.0908825309874874,7
GTF2F2,0.09078569507029773,7
PIGH,0.09071333412021475,7
POU3F2,0.09066000726814061,2
SGPL1,0.09065180412820288,7
LINGO3,0.09063354039101118,3
TEX13B,0.09059898349744352,2
TMEM63B,0.09058917197959013,7
GM20383,0.09050123276114555,4
UCK2,0.09043175410539582,7
REX2,0.09039365268646134,3
AMIGO1,0.09039063614580033,7
FAM117A,0.09037625535255701,7
GM46637,0.09029722240410945,2
CABP7,0.09025524772387748,4
BARHL1,0.09024568070304571,6
FRMD3,0.090185534581701,5
GM32014,0.09016640215913505,2
SDHAF3,0.08986960104287982,7
GM12804,0.08984421462760141,2
DNAJB12,0.08980657946358428,7
F630042J09RIK,0.08973192963799699,6
H2-T26,0.08968020812863745,2
HDHD2,0.08958709423780188,7
GM5913,0.08953495213476574,6
ZFP141,0.08952913816625992,7
TECPR1,0.08945518059704047,7
BARX2,0.08937523347919099,5
HRG,0.08935054144811772,7
PRKAB1,0.08928068163994252,7
SPRY1,0.08927412380272069,7
EFNA3,0.08917745794866759,3
HBQ1A,0.08916826030818256,4
SHOX2,0.0890338185586201,6
BTNL2,0.08903367695947637,5
MICALL1,0.08902174293316799,7
NUP214,0.08899079527822076,7
IPP,0.08895920017920288,7
UGT2B37,0.08886577719917603,7
SDE2,0.08885343388662793,7
RTL6,0.08884947506381292,7
LDLRAD1,0.08878933534336779,3
GUF1,0.08866399850454267,7
SLC7A13,0.08859190826393137,4
DYNLT2A3,0.08852246889979258,5
NFX1,0.08846660926022608,7
MC2R,0.08845284728793902,3
ATG4B,0.08844196060630637,7
APBB1,0.08843107202839118,7
TRGC4,0.08840264534227284,6
SLC52A3,0.08839100750897091,7
GM23119,0.08835589008424066,6
IQCH,0.08829222143978477,7
SEC16B,0.08821392586931139,7
GM29920,0.08798201669279745,2
SP3,0.08796454243709584,7
E130008D07RIK,0.08786336822759472,4
ATP13A2,0.08785818391275711,7
GART,0.08774415474838779,7
PCDHGA11,0.08770186477661221,7
EIF1B,0.08755321559059889,7
PPIL2,0.0875346631061632,7
GM8424,0.08752775967957135,4
CYYR1,0.08750380243246968,7
GM23330,0.08746832167875834,2
RARS2,0.0874457675889658,7
6820408C15RIK,0.08733870589785553,4
LHX4,0.0872533257956887,2
MORC2B,0.08721990924382855,3
GM23497,0.08720975905163288,3
GM2808,0.08720835517618228,2
GM24041,0.08719747964628041,2
SETD1B,0.08713005084546267,7
SRPR,0.08710527297412804,4
MEIG1,0.08702710964131093,6
WDR18,0.08701476956461775,7
IFT52,0.08693527299891132,7
VMN2R99,0.08693320263784916,2
PITRM1,0.0868973333313614,7
PTGR1,0.08687404792796624,7
VMN2R108,0.08680621458038076,2
BTBD1,0.08679272655456237,7
BC065403,0.08673009457199514,5
NR0B2,0.08669154020963711,7
TAGAP1,0.08668626391113181,7
ADAMTS6,0.0866709568667657,7
GM14496,0.0866700855446624,2
CIBAR1,0.08663357061254887,7
PDE2A,0.08656431724661565,7
GM5464,0.08649019060320784,6
TCTN3,0.08629152494356528,7
GM29776,0.08628615169342303,3
GM3033,0.08627235049338636,4
ARHGEF28,0.08624933764358997,7
CES4A,0.08623416917343445,7
SOX15,0.08621400706693001,3
GM41030,0.0862055969300303,2
GM6506,0.08615591593618599,4
D030047H15RIK,0.0861285791832548,6
SESN3,0.08606252049511638,7
LIMK1,0.08579678910885068,7
VMN1R168,0.08568925037091514,3
GM16222,0.08557298855538792,3
GM12691,0.08554102167118618,2
IL36RN,0.08550002311286971,3
5430405H02RIK,0.08544698997811141,7
WNT3A,0.08534460752333548,2
TIMELESS,0.08530074082114192,7
GM12915,0.08522076293912548,7
CPNE3,0.08506944998771246,7
RPL31-PS18,0.08504184396619574,2
CIDEA,0.08500130445709576,7
ACTG-PS1,0.08497888928531101,6
NIPA2,0.08493979313767393,7
GM20743,0.08491200850816127,3
TJP1,0.08489431917605897,7
ALKBH3,0.08489397312123607,7
ACSM1,0.08488287050091622,7
BMPR1A,0.08487857414646671,7
PRR14,0.08486115252183567,7
GM17909,0.08471723822078643,3
THSD7B,0.08468399675206517,5
HSD3B6,0.08468330572554335,3
HTR1D,0.0846264863362357,3
ZFP933,0.0846258581380563,7
ATM,0.08461510320392605,7
HYAL1,0.08458234130996568,7
ABCC8,0.08438236208135501,3
ADD2,0.084338784748318,6
GM20939,0.08433198821500436,7
DAXX,0.0842119805472495,7
GM14124,0.08394460450727637,2
GM10693,0.08389984026154036,5
IRS3,0.08384637668345929,7
ZIC4,0.08376344389392372,3
CCDC154,0.08374276013974793,5
CD300C,0.08362954777902448,5
MSRB3,0.08362914830968073,7
FSIP2,0.08362227387634459,3
NXF7,0.08358815191496943,5
PGF,0.08348767498127936,6
FARSB,0.08346217623800965,7
GM11221,0.08345608151436552,6
GM10364,0.0834366779336599,6
VSTM2A,0.08338132412056104,2
SLC22A6,0.08324667861224302,2
GM8291,0.08321191373380842,2
DZIP1L,0.08313141592517805,7
GRIK5,0.08304187716082602,7
GM53065,0.08304122883560973,4
CHID1,0.08300947271222492,7
LATS2,0.08299604112016823,7
ZBTB25,0.0829777363781085,7
UBL3,0.08291049527793157,7
GMPR2,0.08284792264997458,7
KIF6,0.08279963881334075,5
SDHAF1,0.08271789371693684,7
SLC12A9,0.08268934163754796,7
EMB,0.08268403982954028,7
KBTBD4,0.08264304931615586,7
HTATIP2,0.08256002088064289,7
TRIP12,0.08246597444368937,7
KCNH6,0.08243503740922417,2
GM10790,0.08242715743476489,5
GRM7,0.08226044543173062,4
KTI12,0.08221417429040316,7
IGFALS,0.08209817390412057,7
GSTT4,0.0820822191827033,3
SPATA31D1A,0.08204675024034053,2
GM10184,0.08198937823623831,4
RPL21-PS6,0.08194823680267001,3
GJD4,0.08181544020746578,2
TDO2,0.08180631651921891,7
GLUD1,0.0816390289797084,7
VMN2R30,0.08160794181586027,5
METTL17,0.08154392309842193,7
PLPP7,0.08150810716340819,7
MAGEE2,0.08143162373261946,2
2010109A12RIK,0.08141287374402341,6
4833438C02RIK,0.0814089187448069,7
TEX29,0.08140666899419562,2
TRIM62,0.0813818163993896,7
RPL31-PS16,0.0813178338642014,6
ABHD3,0.08122370519880813,7
ATP8B4,0.08119142769769895,7
ZFP974,0.08115270206785573,7
UNC45BOS,0.08108947949373875,5
SYT6,0.08104486549502778,3
RBM18,0.08102907131781979,7
VPS37C,0.08102480148766464,7
GM9278,0.08097254533769217,3
SGSH,0.08096139610218724,7
MTPN,0.08083109593692518,7
FOXR2,0.08072917112960591,2
GM20826,0.08070842384657025,3
PTGS2OS2,0.08068452560277654,3
ILF3,0.08065696141301992,7
GM12463,0.08057290602794998,5
FAM163A,0.08056254208133366,6
SLC6A5,0.08054316888507788,3
GM6161,0.08052405283944689,7
D430036J16RIK,0.08050680498122019,3
2900079G21RIK,0.08043539032274045,2
PTPRU,0.08038314227039793,7
STMN4,0.08038257681758676,4
A430078I02RIK,0.0803740210806808,6
GM5532,0.08036913685538392,6
OTUD7A,0.0803001632090245,2
4930593A02RIK,0.08018691278422496,3
MRGPRH,0.08005860389150603,3
ENC1,0.08003899004273182,7
HSF3,0.08000448691787092,4
PRSS16,0.07987285728512471,4
ADGRA1,0.07977075286885738,4
DONSON,0.07970541327899396,7
TTLL11,0.07951498668536802,7
ESYT1,0.07947652247344537,7
GM23130,0.07944678466946083,3
ZPBP2,0.07932423308870472,7
ATAD3AOS,0.0792888846874256,7
ASCL4,0.0792131999152048,3
SLC30A9,0.07920360190735068,7
SIGIRR,0.07919097554115383,7
DUOX1,0.07915164207723464,4
GYG1,0.07912023316265197,3
VMN1R220,0.07911903450229839,3
SLC3A2,0.07908491591859357,7
AP3S1,0.07900094212007945,7
FZD2,0.0789716169230491,7
SLC22A17,0.07889338010515538,7
VMN2R6,0.07883595339206186,3
LRRN2,0.07875517002957726,4
PNLIPRP2,0.07867853969868216,2
NAV1,0.07856855941541319,7
CNTNAP3,0.07855046501954734,3
NCCRP1,0.07846012012508662,4
H2BU1-PS,0.0784465243574177,4
VASH1,0.07841386982163938,7
GIPC1,0.07841371951353913,7
CARTPT,0.0783690863772288,3
PARP10,0.07829417795159957,7
VSTM2B,0.07825493112181825,2
B3GNT8,0.07822716837622011,7
RBSN,0.07818114558090716,7
FBXO34,0.07817591108508927,7
OPRD1,0.0781631970637899,5
ZFP105,0.07809388545062791,7
GLO1,0.07809224944132069,7
GM8705,0.07801449378773682,3
2310033P09RIK,0.07794764560318371,7
IGKV5-39,0.07789365087391203,6
RBPMS2,0.07788350263440313,7
GM1647,0.07777646733426669,2
NORAD,0.07772493744302336,7
LIN28B,0.07771852038561097,2
GTF3C3,0.07767531926174155,7
PHOX2A,0.07765145237749228,2
NYAP2,0.0776215327439154,3
IRAK2,0.07757658076086872,7
ORC1,0.0775748260099761,6
PAIP1,0.07756156411739722,7
GPER1,0.07753952449550926,6
CACNA1B,0.07750313368527784,4
MSH2,0.07739663849296972,7
PDX1,0.0773587970048266,2
VMN1R181,0.07725746502607334,2
NOTCH1,0.07723033781607717,7
FLT1,0.07721326823862383,7
PRDM5,0.07712541111132155,6
CAPN7,0.07709981075234787,7
STK24,0.07706038390612537,7
GM18087,0.07702432387888156,5
GM18260,0.07696155505139043,2
SOX10,0.07678261414026402,4
MED7,0.07672866365471623,7
2310002F09RIK,0.07658939911978657,4
1700034H15RIK,0.07657740863399216,7
GM19200,0.07657190327361034,2
GDF10,0.076396316596769,7
OLFR1152,0.07628211571033149,2
GM9284,0.07624342823042314,3
1810018F18RIK,0.07621932101833014,3
ANXA11,0.07621865998402129,7
ATPAF1,0.07620966000901976,7
ODAPH,0.0761623915996212,3
SLC25A53,0.07612871101884003,7
GM13003,0.07606504664517133,3
PCGF1,0.0760286214552676,7
CHP1,0.07599627408914064,7
MUSK,0.07594917350578038,6
BUB3,0.07566971619734074,7
MRPL22,0.0756274450308119,7
CRYBB3,0.07551190258201357,7
GM30925,0.07547275843947528,2
PGAM1,0.07542231401756415,7
KIN,0.07541692258869455,7
GM9242,0.07535847961360521,3
GM16537,0.07527514677693185,7
TIMM10B,0.07523651512095832,7
CHST9,0.07517874895547218,6
ZFP948,0.07517252744249583,7
OR1E1,0.0750689741277948,3
WRAP73,0.074991601365186,7
MAP1B,0.074988321888982,7
P2RY6,0.07497250011812347,7
PLATR30,0.07496300660748784,2
IFT43,0.07489854534809252,7
LOC118568148,0.07488913921117651,2
MB,0.07481523196103172,6
TES3-PS,0.07478586279563659,7
GM20878,0.07465905845337883,6
FUT2,0.07450572851147555,6
PLA2G2C,0.07444992268297818,3
REG1,0.07432501967481792,3
NXNL1,0.07432129912655565,5
MAGIX,0.07424140778956297,7
ZFP869,0.07422061136183421,7
TASOR,0.07418856346791479,7
GM5550,0.07413989884375155,2
MLPH,0.07391525687614495,7
KCTD7,0.07390004006901353,7
RBM47,0.07383708148681908,7
POLI,0.0737826151958875,7
NPR2,0.0737747347466078,7
ZFP472,0.07376570193656622,7
TACR3,0.07373813146989937,3
VMN1R89,0.07368394551135649,2
ASCL2,0.07363524384579141,3
HOXA10,0.07358763897436454,2
LONP2,0.07353367211323598,7
SLC7A6,0.07348708850963748,7
DCST2,0.07340132836863973,7
ZFP873,0.07336895943317515,7
A830009L08RIK,0.07324967296213736,4
FSCN2,0.07303784456534815,2
PNO1,0.07297655075942991,7
UBE2Q1,0.07296215418476792,7
1700003E16RIK,0.07291780381647399,7
PEX10,0.07291689189113391,7
GM24494,0.07287552922501754,6
ZFP207,0.07270453171656767,7
CHN2,0.07265984443752253,7
UNC5A,0.07253091138578156,7
HSD3B8,0.07245034661741112,4
B4GALT6,0.07241405195690957,7
CNGA1,0.07235532036483705,3
ZFP747L1,0.07231213072344282,3
SNORD32A,0.07223653244237734,6
GM39460,0.07222045227997002,6
DDX3Y,0.07219569827666028,4
GSDMC4,0.07206184636658175,3
SNX16,0.07186302194945379,7
E2F3,0.07181642641965473,7
TMEM131,0.07160503580682505,7
ZFTRAF1,0.0714742737608477,3
GM9431,0.07139826841586241,2
ARX,0.07119649762195383,3
FASTKD5,0.07116785717589913,7
VMN1R198,0.07112941757098992,2
OCIAD2,0.07108436224744114,7
CRK,0.07099887438266471,7
IMMT,0.07095088292074518,7
ZSCAN12,0.0709470197616197,7
GM10575,0.07093642378362529,7
HPCAL4,0.0709011791345913,3
MYO16,0.07082736189321877,5
SLITRK1,0.07080239045764501,2
FOXD1,0.07070093259846924,2
RILPL1,0.07061973437976139,7
SLC35F3,0.07059565496215928,2
VMN2R24,0.07058491303137164,3
4933440M02RIK,0.07052334135456784,2
MUP14,0.07049341329030266,7
GM16618,0.07047952233092462,5
APLP2,0.07043571227034502,7
PCDHB14,0.07042987183907345,7
GPR15LG,0.07033929952828966,2
CLK4,0.07032695395416136,7
ZFP1006,0.07021628110113776,3
NPTX2,0.07016972833979587,2
REG3G,0.0701632918438592,2
CCDC77,0.07010387308140902,7
GM13872,0.07009330797259525,4
4833422M21RIK,0.07001111711309145,5
CUL4B,0.06981002522545472,7
VMN1R188,0.06967352995247791,2
CHRM4,0.06955781290403346,2
ATP6V1C2,0.06954862944403857,3
SPINK10,0.06952751818273602,6
YBX3,0.069472653957338,7
SNTG1,0.06942397083165319,6
TTC19,0.06931266542421786,7
SOX2,0.06927692446346895,3
TBX2,0.06926938005588369,7
H3C1,0.06917697987994269,7
ASXL1,0.06907992488244631,7
GNB3,0.06899184254197221,4
GM36161,0.06871101769469169,5
VWCE,0.06870825686197711,7
BLTP3A,0.0687011511150835,3
PRR32,0.06867730590016284,3
RIPK4,0.06865882716101204,7
CTNNA2,0.06856461074632819,6
TMEM217RT,0.06855481601646624,2
GSDMC,0.06855285561614456,3
HNRNPK,0.06851240495787879,7
GPT2,0.0684401902685038,7
CTDNEP1,0.06843712389221093,7
OLFR20,0.06837698134521,4
1700054A03RIK,0.06833869437524301,2
ADNP2,0.0683051881198304,7
1700025N23RIK,0.06827923451375299,3
EPHB6,0.06825977587605662,7
PGBD5,0.06822970159408832,4
PTPA,0.06811217701003969,7
VPS13C,0.06808167498643417,7
IL22RA2,0.06807652077839711,3
PALMD,0.0679988723387507,7
CAPS2,0.06798048709944367,4
GM5353,0.06790987481358238,5
PRAMEL13,0.06785929217719529,3
CAPN5,0.0677305297407612,7
GM24620,0.06770549522683386,5
FUT7,0.06767951143283579,7
KCNJ15,0.06763403790600843,7
TM9SF4,0.06756086634507162,7
GPR63,0.06755979554056037,6
TAC1,0.0675094011840899,2
IGSF9,0.06748239164371246,7
ARL11,0.0674499547525258,7
DDHD2,0.06743990899046105,7
DYNC2LI1,0.06734278895393299,7
GM7429,0.06732500422399453,3
SULT1A1,0.06731008615870453,7
GM13398,0.06730661359527945,2
GM7631,0.06729777597206715,4
TSSK2,0.06728560830497393,2
RAB9B,0.06724655454664734,3
GM7854,0.06720902566940823,7
GM13446,0.0671561717000737,2
MMP24,0.06710984998517874,7
ASIC5,0.06708161745610561,7
KDM4A,0.06707316507106828,7
SIX2,0.0670632811359741,2
OSBPL7,0.06701796812381623,7
LMO3,0.0670145097105446,2
MPST,0.0669995179085884,7
ATIC,0.06697319435773054,7
AP4B1,0.06691085681311817,7
CCNE2,0.06689807016673263,7
CYP2C52-PS,0.0668956572568705,7
EGLN3,0.06669977370591151,7
BTNL1,0.0666842934530734,3
SPRR2A3,0.06659042991814028,3
PON3,0.06655809276248327,7
ZFP641,0.0665374959395769,7
UBE2D3,0.06640994518107443,7
FAM20A,0.06622416104940235,7
FAM110C,0.06622357988515534,7
NAGPA,0.06617330136597259,7
ACR,0.06613151235316767,4
ANKS1B,0.06605376285944418,4
CTNNA1,0.06601402688877685,7
ARF1,0.066008880146418,7
FOSL1,0.06594681586320121,3
OLFR167,0.06591439851132372,2
GM13653,0.06580565432136488,4
9530062K07RIK,0.06575796853434733,7
ZFP811,0.0657112591025747,7
OPN1SW,0.06570180309213676,6
ST6GAL2,0.06565449311194427,2
RGR,0.06563004004388388,3
INTS5,0.06562989242798807,7
DRC7,0.06559464175140978,2
1700119H24RIK,0.06542337305602866,7
LIMK2,0.06541641970056654,7
FAT2,0.06541621782587584,5
MBD2,0.06537731903468359,7
MGAT2,0.06534060900250041,7
FLII,0.06526822913628182,7
MIR3473G,0.06520672462291038,2
DIRAS2,0.06516741501756544,6
NOC2L,0.06516035903950947,7
GM13288,0.06507670755609239,3
C130026L21RIK,0.06503489055679033,3
GM32515,0.06501999554095722,2
UNC45B,0.06497458486546918,7
ZMIZ2,0.06493887952958806,7
LRPPRC,0.06491623840945848,7
CTNNA3,0.06488680161782075,6
SGPP2,0.06481871202634551,7
SLC36A1,0.0647832795882284,7
GM10865,0.06477320351801463,2
GM15737,0.06477012047129434,3
EXD2,0.06472642307074584,7
HERPUD1,0.06469058272799288,7
SARS,0.06464814398643129,4
RNFT2,0.06463780781994218,6
FHL5,0.06458978498085138,4
FBXO41,0.06455093060077341,5
GM13483,0.0644179019939093,6
RGS21,0.06435353910011365,2
4931440P22RIK,0.06424682038712792,7
KCNH7,0.0641299858969622,5
NRXN2,0.0641274905299766,7
GM7595,0.06412132285320055,2
A630089N07RIK,0.06411499094591681,7
EU599041,0.06392918348973733,2
9030625G05RIK,0.0638521939034282,4
ORAI2,0.0638376964893288,7
SLC13A1,0.0638094061052642,4
DLX6OS1,0.06378173655556615,2
ABI3,0.06377866963815,7
CCDC113,0.06372501527813189,3
PRDM11,0.06369565594484905,7
MRO,0.06362213628042354,2
ADGRG1,0.06360334118932252,7
1700055D18RIK,0.06353017320426001,7
GM33104,0.06350929728052838,6
RAB8A,0.06350055798016085,7
RIOK2,0.06336879047474432,7
SECTM1B,0.06336509111509718,5
GM16274,0.0633208278430704,6
MAPK7,0.06329352441687283,7
ZFTRAF1|GM57852,0.06326395611272795,3
SAMD8,0.06322494131783886,7
ARHGEF1,0.06320774579445455,7
XLR4A,0.0631207650797978,7
AKAP6,0.06303924694874326,6
1700001O22RIK,0.06303826834640536,3
TRPM6,0.06285571896308112,6
TMEM135,0.06283556314972445,7
KDM3A,0.06282452994538176,7
MAZ,0.06280235275333154,7
AJAP1,0.06265582015361486,6
VMN2R63,0.06262176954587918,3
KRT75,0.0626039085022096,3
VPS72,0.06255613190143547,7
GKN3,0.06251629938403658,5
PRAMEL47,0.062480632226289495,3
SAXO2,0.06246882881580123,7
ARL4AOS,0.06238234502668325,3
GM20745,0.06231556266423271,2
STARD8,0.06226900651067208,7
GM16325,0.06226814666206032,3
PCDHGA3,0.06223880118204447,6
B430010I23RIK,0.06222936596577736,7
MAP3K9,0.06222274083332977,7
ALAS1,0.062220093787743944,7
NKAPL,0.06212254712350464,7
A730056A06RIK,0.06212187275061195,3
GPR1,0.062107700366398684,2
TMEM267,0.06202713950094706,7
IPO7,0.061983186952188705,7
ACAN,0.06194455390480608,2
EPS15,0.06184064170931463,7
TMEM35A,0.061710069104161325,6
ZDHHC8,0.06166890851398388,7
LHX8,0.06154897827247429,2
RABL2,0.06154789750778943,7
FAM102A,0.06145653633965984,4
PROK1,0.06142197920049795,7
POLR3K,0.061400930102385544,7
PTPRJ,0.06139240763019248,7
GM11826,0.061363722453880165,5
NHLRC1,0.06129800155563726,7
ECE2,0.06129089023864259,6
GM4952,0.06128979465129706,7
CBFA2T2,0.0612479030126889,7
4930579K19RIK,0.06120527883883464,4
GM5362,0.06120084360267856,4
FNDC11,0.06115553820189349,6
GNA11,0.061135238631827064,7
MYO3A,0.061062207462004935,3
C1QTNF4,0.06104460732801337,7
SNRPA1,0.06092189802867818,7
SLX1B,0.060913273190585156,7
GM29684,0.0608520490100152,2
MVP,0.060757517209769726,7
GM3636,0.060738912208324856,5
TYRP1,0.06070568219633835,2
KIF14,0.060697117317750626,6
SPAG6L,0.060658437829941014,5
ZFP775,0.06062909186969223,7
MEGF8,0.060549577257316974,7
SH3PXD2B,0.06053154589573044,7
SLC22A28,0.06052104835632794,7
CCDC148,0.06049881924080612,7
MIOS,0.06034104072644142,7
CTRL,0.060325323417432956,7
AOX2,0.060237207088047195,6
LIME1,0.060087755948205875,7
GPAM,0.059994798717099354,7
ADAL,0.05989284493739788,7
LRRC36,0.05988847542563929,2
TINF2,0.05975620131461647,7
RN7S2,0.05968808983939239,4
PLAG1,0.059601027248524674,7
VMN2R100,0.05958005712078059,2
SEMA3F,0.059576939647435316,7
KLHL42,0.059533771951941976,7
VMN2R65,0.05949409603057166,2
GM8458,0.059442712888619936,3
SMIM29,0.05943104831766599,3
FMN1,0.059429782936223204,7
4932435O22RIK,0.05941996698998956,2
4930558J18RIK,0.05937866448453651,6
RRAS2,0.05930340406933945,7
RPS15A-PS5,0.05927583131270705,6
1520401A03RIK,0.059254711199709785,3
VPS9D1,0.05922424237045819,7
GM3946,0.05918606083015396,2
GM10154,0.059168489012867156,5
EGR3,0.059160137915396094,6
TPM2,0.05912794836811778,7
GM2602,0.05906234849447526,7
MIR22HG,0.059021345419527416,7
MAP3K2,0.05901804256065753,7
RB1CC1,0.05899501937074801,7
MIR546,0.05892204295472346,4
TREM6L,0.058914640591411695,3
B230307C23RIK,0.058896016937936876,7
TMPRSS11B,0.058893215545121495,2
AP1S2,0.058803824763361164,7
PABPN1L,0.058648713387754105,2
VMN1R17,0.05861383781341154,2
ATP1A3,0.05854753996248954,6
ZFP772,0.05845403741305956,7
FANCB,0.058421495927001944,7
SERPINB1C,0.058407752902851516,5
CRADD,0.05836444031324634,7
LHX1OS,0.05825177211653506,2
VIT,0.05823819903831511,6
CYP2D34,0.05815484110897261,4
GM25189,0.05815440831768903,5
C1QL1,0.058119992962567896,4
PCDHA7,0.05808442377028916,2
GM36210,0.05808204515029116,5
SENP3,0.05807845910903636,7
KCNK6,0.05804565534080362,7
PRSS44,0.05800138234047061,2
ENDOV,0.057990234025344374,7
AP5Z1,0.05797107629967901,7
RAB2A,0.05792038688406609,7
GM34121,0.05788490840701134,7
PSMA2,0.05788229035489149,7
BC051537,0.05784792557431118,3
PTPRZ1,0.0577866881476641,6
COPE,0.05774531664311438,7
CITED1,0.05773364774179762,4
TRIM17,0.057725637233871085,6
VMN2R93,0.0576055384677317,2
ARPP21,0.057437266402588005,6
5031410I06RIK,0.05734633111374512,2
MPDZ,0.05734318664826588,7
LY6G,0.05732056900467397,4
RPL39L,0.05727192152873739,6
AIRE,0.0572325967480555,2
UBE2Z,0.057224727910758943,7
RHBDF1,0.0572221169120709,7
BET1,0.05721353082954856,7
TXNDC2,0.057143941606097474,4
H4C17,0.05709189235292389,6
ZFYVE19,0.05708004289782282,7
INKA2,0.05705797164928654,7
RFC3,0.057024599802230735,7
OR52E8B,0.057000172466254474,2
ARHGAP36,0.05698114387209593,7
LIN28A,0.05697990584867094,3
GPR45,0.0569130353536361,3
SLC18B1,0.05689492837865367,7
EFS,0.056871294197436396,6
ZFAND6,0.056860205981910675,7
VMN2R56,0.056842406997202326,2
DENND4B,0.056802271492231736,7
SLC6A7,0.056791750758630855,6
GM5969,0.056621769641792635,2
CRISPLD1,0.05655171397207084,6
1500012K07RIK,0.0565466588584062,2
GM8276,0.056392921274871,4
RAB40C,0.05634595370738791,7
COPS8,0.05633504527690495,7
ELF3,0.056199623814605304,7
TSPOAP1,0.056184520169302275,7
DCAF8L,0.0561360313793422,2
USH2A,0.05609754709648026,6
FOXL1,0.05606750356224239,2
PKD1L2,0.05599139870672885,5
CAPZB,0.05597412928126017,7
TMEM67,0.05596729138605688,7
ICA1,0.0557772870616275,7
CYRIB,0.055763684858669546,7
PANX1,0.05572197985480132,7
HOXC10,0.05571426285561798,2
GM2076,0.055690133830891136,2
GM11532,0.055679692925957536,6
TRERF1,0.055587035617456086,7
RPRM,0.05552643179560507,2
GM8463,0.055520939977000174,2
GM15746,0.055471248328294184,4
CNPY1,0.05540492451900068,3
GM26121,0.05535654393663079,3
GM34655,0.055277602091582015,5
GPR101,0.05527353711655753,2
ZFPM2,0.055249987545083416,7
CD93,0.055241355390104344,7
TRIM37,0.05521321565842558,7
UCHL1,0.05512868534091201,7
GM14725,0.055127203172932425,2
THAP1,0.05509327766846934,7
CDH4,0.05505284735316053,7
UBE2D1,0.05504872202284455,7
GM21013,0.05504554207779627,4
MOSMO,0.0549610034757631,7
KCTD16,0.05494772392950829,2
TNPO1,0.054945630436106244,7
FANCI,0.054939010540456766,7
CDC42BPG,0.054925166310114126,7
TRNP1,0.054868500882627555,5
PADI3,0.05482902617502774,3
NNT,0.054818919872734795,7
KREMEN2,0.054798973719979285,4
CDCA5,0.054775007871275705,7
TRAV11,0.0547646956659457,2
INPP5A,0.05469639144872126,7
CAV3,0.0546463326016133,6
RTP4,0.05461625509062294,7
TMED2,0.05456508633084548,7
MAML3,0.05444750225233909,7
FOXS1,0.05433742571252177,7
CCR10,0.05430441775585819,5
6030468B19RIK,0.054249545367138406,2
XYLT2,0.054229499892278,7
F9,0.054205328978781435,7
2210039B01RIK,0.05412516028473892,7
UBE2V2,0.05387535106919979,7
PRR22,0.05386450901659393,7
MYT1L,0.053790675405673054,3
ZFP385C,0.053665707881567326,6
SLC52A2,0.053576505445976065,7
H19,0.05350853490263401,7
1700097N02RIK,0.05349690257618064,6
SEC61A1,0.05342963991909866,7
ANKRD34C,0.053352006512453254,2
FBXO47,0.053285660918927516,7
UTP4,0.0531118435890416,7
NKX6-1,0.05309360490344455,3
STYK1,0.05305177538513791,6
WNT5A,0.05297708545313556,7
SERPINB3C,0.05294718881856752,2
PPP2R2C,0.05289744528915269,4
RD3,0.05283841306949392,7
MSL3,0.05281333659828987,7
GM15222,0.052807585464382356,5
P2RX2,0.05268254052203456,5
UPRT,0.052635244911553844,7
CYRIA,0.05262546641535826,7
NEUROD4,0.05258168673910737,4
PCDHB1,0.05250312988913167,2
NSL1,0.05249264644388444,7
ASB6,0.05244062836696102,7
RAET1E,0.052417600417008194,7
ERP29,0.052391746493337776,7
EPOP,0.05235514441388881,7
AFMID,0.05229590470973035,7
CKMT2,0.052182706166607216,6
MTNR1A,0.052180812449890875,7
DNAAF1,0.05211264079747158,6
FBXO30,0.05206002094613809,7
OR2Y1G,0.051973278089349866,3
LIPH,0.05196338024992222,6
NCK2,0.051895829080403445,7
CD1D1,0.05186470105994375,7
AASDH,0.051562275523064215,7
GM13604,0.051509852550066716,3
IRX3,0.051491218053157074,7
CLTRN,0.05147384142597868,6
MAP2K6,0.05144176774508334,7
CCDC24,0.05143938996992338,7
RBM46,0.05140327225510694,7
GM5174,0.051398375727870906,2
GTF2B,0.051389073774310685,7
4930459C07RIK,0.05133766431104584,6
GM14267,0.05128143232721089,2
MEX3A,0.0510778771402423,7
ZFP967,0.05106242259048292,5
STRAP,0.05104931780440631,7
TMEM209,0.050956264494188656,7
B230110C06RIK,0.050934598237858376,2
ARMH4,0.05093275802486174,6
EEIG2,0.05088991693773751,3
GM53207,0.05078531958869539,3
FUS,0.05073457179057607,7
MTFR2,0.050716844250248375,7
DES,0.050679682046390874,7
CAR9,0.05067619495339718,6
CEP112,0.050615367159980815,7
A530088E08RIK,0.050596515456277746,7
4930505N22RIK,0.05052124772178228,5
NPR3,0.05045087437732402,7
RASL10A,0.05042580037397217,6
EPGN,0.05017660834737512,3
TMEM218,0.05005689823834626,7
VEGFA,0.05001399270185151,7
ASNS,0.04997557199002361,7
GM5619,0.04986851232269703,6
LRRC4B,0.049762154411054325,3
ACTL9,0.04974164793503482,7
GM16409,0.049740420768677664,6
PARTICL,0.04960683514405493,7
BC025920,0.049493543659538494,7
GFAP,0.0493869567773643,7
TIMD4,0.049374131913522294,7
PRPH,0.04936830043756192,7
EXT1,0.049334524273853306,7
PIWIL2,0.049311404872071564,6
SH2B1,0.049266473699454506,7
PRSS35,0.048993447603766706,5
LAMP2,0.04893186516013803,7
TRIM66,0.048880624507756126,6
RNF185,0.048859768163540464,7
PRSS50,0.04884635108809052,2
RNF121,0.048837394274062015,7
SPOUT1,0.04882366711567448,7
DLX4,0.04875849896055329,7
LAMA5,0.04856174556997572,7
IFT22,0.04851552768513837,7
IGF1R,0.048413714746573334,7
SUSD5,0.048355053878244375,4
SLC22A8,0.048315898640234986,2
GM7293,0.04829735721240574,3
RBM44,0.048269424722354376,4
OXCT1,0.048242166273652964,7
PRR29,0.04822593755757912,2
FNDC9,0.04822234265091018,3
AREL1,0.04820960921452529,7
NMBR|1700016L04RIK,0.04818363127679065,4
GM11961,0.04805244505571903,3
A930006K02RIK,0.04800139165208393,7
GM14052,0.04793791393697356,2
GGNBP1,0.047786954417076255,7
FBXL22,0.04776825238063669,7
GADD45A,0.04775982030779475,7
GM14308,0.04760107937669161,7
GM18943,0.0475369596009213,5
GM12286,0.0475125422287972,7
PPBP,0.04742371064937886,7
AKR1B7,0.04732532337923678,7
NCDN,0.047324823292400654,7
GM6997,0.04730520685801507,6
RASGRP4,0.047288842643728,7
GM30400,0.04724831572161784,3
MRPS35,0.04713729566126622,7
MINDY2,0.047135276444915386,7
ASPM,0.04706756052878162,7
QPRT,0.047037064385219186,7
GM2245,0.04703012472342507,5
VMN1R87,0.04696059046229493,2
GGA2,0.04694958761509208,7
ZMAT2,0.04694066804532709,7
GJB6,0.04691849290850656,2
SPATA22,0.04673090879255156,7
GM12238,0.046661597928820055,5
6530402F18RIK,0.04659295394888582,7
1700060C16RIK,0.046489798349902155,3
IBA57,0.04648375164802409,7
ASRGL1,0.046396418957108984,7
SLC25A15,0.04639438869816729,7
GM5576,0.0463447671359615,2
ARTN,0.04625989827736879,4
A430093F15RIK,0.046256865246682384,6
RBPJL,0.046250366111538176,3
TMEM37,0.04623103364667837,7
PTPRT,0.04621985771733084,7
AXIN2,0.04619787761191981,7
GM7298,0.046008133261638384,6
SLC24A1,0.045974418236006544,5
RAP1A,0.04594984405044438,7
ATL3,0.04587615144491032,7
IL1R1,0.04587450776847311,7
RCHY1,0.045871740144437526,7
VEGFD,0.04582289216730218,7
LOC118567674,0.04577363700500505,2
GPR61,0.045757855208779584,2
EEF1E1,0.045755956689446826,7
ARL5A,0.04563853602699667,7
BC051019,0.04560918682794742,2
GM9353,0.04558546965962973,7
PCDHA10,0.0455654676611758,3
PUS3,0.045491223211982526,7
TMEM109,0.045470213675994735,7
ZFP523,0.04543856300981376,7
ZBTB34,0.04542502138222581,7
LOC118568354,0.04540687781761646,3
ABRAXAS2,0.04540523619189731,7
TWNK,0.045392964183795126,7
LOC102638047,0.0453462854372642,5
PGRMC1,0.045336184010017835,7
ASIC3,0.04519558974703405,7
OAZ3,0.04508464068347436,7
FAM13A,0.045064304534326985,7
GFRA3,0.044987005005589116,6
ABCB11,0.04494232787682163,7
SULT6B1,0.04482866403402773,2
ESPNL,0.04481038950504607,6
TSEN2,0.044803800719785104,7
NKX2-3,0.044757465305448496,6
ZRSR1,0.04471899567301543,4
PPP1R1B,0.044643350678682046,7
ARAP3,0.04453763741909227,7
EGLN2,0.04450054983964529,7
1110004F10RIK,0.044418005565565744,7
ATG3,0.044338157506109845,7
PAX7,0.044291161070784534,4
SLC44A5,0.044241731290206754,2
FAM193B,0.044204006596321066,7
PWWP4B,0.04416927383183167,4
T2,0.04395098078951484,2
GM7985,0.04388840575883984,5
LHX3,0.04373825602120347,2
PTCD1,0.04368604728572383,7
BCO1,0.04367699712735392,7
THSD7A,0.043582784520838684,7
TUBGCP6,0.04355361588772455,7
PRMT1,0.04354606687875632,7
BBLN,0.04347394128765636,6
4930599N23RIK,0.04344251075960581,7
GVIN-PS2,0.04343798589375344,7
SNTA1,0.043411769971185295,7
WDR55,0.04335598143280544,7
NOL9,0.04333799912366633,7
HGS,0.04331153006249777,7
ZFP433,0.043301436791930624,7
H1F3,0.04327306553100257,7
SLC27A1,0.04325049750128085,7
NUDT15,0.04323131248976804,7
GM1848,0.04316397330641766,2
KMT5C,0.043155721271826,7
SLC45A1,0.043097193659803405,2
SLITRK3,0.04309666651954803,2
MOCS3,0.04307401726134029,7
DLK2,0.04302044600257047,2
GM4425,0.04301006748738094,2
HACL1,0.04298582817649602,7
TXNL4A,0.04297641635703402,7
MEF2C,0.042919030236126705,7
CNOT10,0.042892964583648364,7
MFAP3,0.04277602862897172,7
KCNH1,0.04268182721602043,3
GM18561,0.042642317170304665,5
SAMD9L,0.04260135229116001,7
TACR2,0.042601048110255064,3
RP9,0.042577005019351785,7
GM5144,0.04255851612783736,3
KCNA4,0.04254179713765488,2
SCLT1,0.04250513121405414,7
GM12537,0.04243984627208663,6
CORO2A,0.04239700401959506,7
NCAPH,0.0423896803996559,7
DLGAP2,0.042338957640146974,2
SEM1,0.04233609338240176,7
HOXD9,0.042287691847151955,3
4933427E11RIK,0.04225149672813396,6
DOC2A,0.042188187471721,5
BC051226,0.04217260921171999,7
APOD,0.042160037777168036,5
CELF5,0.04214138622683624,6
PLCB2,0.04205365916229823,7
SLC51B,0.04197878805135143,6
TCEAL5,0.04196329479002424,4
RPL18-PS1,0.0419628923636213,4
KCNT1,0.041962528911658414,6
DPP3,0.04192180933199822,7
SLC7A8,0.041818605288404406,7
LRRC41,0.04180228919337921,7
U2AF2,0.04170757714438801,7
COL17A1,0.041688515675928996,6
GM16894,0.041525531274891364,3
FBP2,0.04152310690561446,7
PDZD11,0.04150175914313307,7
ILRUN,0.0414865906074165,7
EXTL2,0.04148416338274313,7
GM6366,0.041393071605991365,4
GM15539,0.041358443950050706,6
RABEPK,0.04135406527361242,7
SIK1,0.04128736692867132,7
SH2D5,0.04128650321419364,7
GM7507,0.041266223139152486,2
PDE7A,0.041235146848558175,7
RHBDL3,0.04123401668158206,7
RPSA-PS11,0.041147220767639346,5
4933424G06RIK,0.0411265798931908,4
HAUS6,0.04099296338038012,7
VARS,0.04094975934715099,4
4930520O04RIK,0.040918592069761346,6
RNF44,0.040910301879064144,7
SLC26A2,0.04088736477979308,7
9830107B12RIK,0.04088646508053735,4
RAPSN,0.04084454152488971,5
SPOCK1,0.04082658610350287,3
CHRM1,0.040788087994490616,7
BCL2L12,0.04073025840243096,7
ATXN10,0.040712281072197966,7
TGTP1,0.04064394577930029,7
CPA6,0.040479318832086573,2
CIT,0.04032517331340202,7
GM13498,0.0403177123889529,2
ZFP580,0.040213820906703064,7
MACO1,0.040196885242871135,7
RBM48,0.040155741089782475,7
ATOH8,0.0401517137753929,7
COG4,0.04012374934974134,7
TESC,0.04008116638205841,7
TBR1,0.0400056560960176,4
CMTM4,0.03997071710015444,7
ANKMY2,0.03995688441836346,7
AA792892,0.03979926799149839,2
CHTF18,0.03971726476970326,7
GM9926,0.039688164561601125,4
PCSK6,0.03967117652983216,7
GLP1R,0.03965000910741887,6
HABP4,0.03964248873294163,7
GM6552,0.0396017956836292,6
GAL3ST2,0.03954490355215835,5
AW554918,0.039520935172405514,7
ZMYND10,0.03945257240609047,7
CEP57,0.03939056604722709,7
GSK3A,0.039372475893561396,7
PCDH1,0.03934543768381671,7
ALDH3A2,0.03933976929792978,7
CDYL,0.039292059776905204,7
GM12129,0.039189253355143186,3
ZFP706,0.039186936169090476,7
OXR1,0.039166687774828395,7
STK11,0.039039226857200834,7
DPYD,0.03896286706503593,7
RPL21-PS14,0.03893513375524159,5
ANKRD34B,0.03889947046617411,3
ALDH3B1,0.038863224301326826,7
DEPDC5,0.03886078330977614,7
ZFP729A,0.03885472326928414,7
TSG101,0.03870491922395302,7
IER5,0.038704851047612156,7
PHLDB2,0.03870404745913666,7
NRSN1,0.03864486883155975,2
GM41717,0.03860617158972031,2
B130024G19RIK,0.038546196806674,7
FAM102B,0.03854453475869542,4
RBM11,0.03852684619502572,4
AVL9,0.03850936990205255,7
LRRC56,0.038480491957454746,7
VAT1L,0.03845693292820296,5
GVIN-PS4,0.038394451677843486,7
GM128,0.038360501322495986,5
SCRT1,0.03825935515449771,2
SARM1,0.03824725886104131,7
ACTL6B,0.03820019872773455,3
SPINK14,0.03806509566177852,2
2310061I04RIK,0.03805848997765845,7
SMAD1,0.03800495400111064,7
PTPRN,0.038004040426112426,6
EGLN1,0.03786278587346015,7
ADAM4,0.03776087701984765,7
GM2106,0.03775023890887822,5
CDH8,0.037679368503564514,2
GM29257,0.037654427466893035,6
TC2N,0.0376179609005305,7
ADGB,0.037598682823370054,7
ZFP81,0.037564922309255934,7
2310069G16RIK,0.037453523393036446,3
SIRT6,0.0374439443378657,7
4933413J09RIK,0.03744098596603278,5
CASTOR2,0.0374242953066432,7
GM25184,0.037379599912067234,3
ZP2,0.03737615560783148,2
2310040G24RIK,0.0373508644142951,7
CTPS1,0.03733418052706283,3
FKBPL,0.03720569819951562,7
COPZ2,0.03716232769046535,7
MIGA2,0.03715586758668919,7
UBALD1,0.03701131399472092,7
GM19689,0.03696078332083596,3
CASP14,0.03694369338146039,3
GM6276,0.03683057975846025,2
GRIK2,0.036828588221576974,6
PITPNM2OS2,0.03680623272859026,4
KMT2B,0.03680450880720328,7
LRRC27,0.03679483881160815,7
GM11653,0.03678144974179496,5
SCN3B,0.03670986307313099,6
STXBP6,0.036638589564122026,7
FAM204A,0.03655068329082578,7
GM24616,0.036549098147231396,5
GM4462,0.03646238667126181,6
CIB1,0.03628269482172709,7
MFRP,0.036242542931339806,3
LSAMP,0.03623611481035395,7
SLC2A3,0.036127772815613746,7
RIMKLA,0.0360773396410088,4
USP45,0.036066702045273624,7
GM8292,0.03596695305506759,2
WNT10B,0.03587266973304787,4
TBRG4,0.03582910449388659,7
MIR6516,0.03574971458088576,5
5033403H07RIK,0.035711746884948874,7
UHRF1,0.03570259071158789,7
RPS19-PS7,0.03565337895137909,2
LRRC61,0.03558494154362087,7
NFATC2IP,0.03553863972736669,7
CSPG5,0.03548153432098032,7
CACHD1,0.03546456297175994,7
9030404E10RIK,0.03544523945716551,3
GLIS1,0.0354341247492454,4
GMPPA,0.035299279252772334,7
ZBTB17,0.03526338834515307,7
DNAH3,0.035218040733649515,5
ZFP781,0.03517724917815794,7
ENOPH1,0.035172977092234596,7
CDK3,0.035124698295367365,7
GGT7,0.03509929138912377,7
RAB11FIP4OS1,0.03508135585343091,2
TCEAL6,0.035054557324697116,2
MDH2,0.03503553774072105,7
SCO2,0.03502041388052866,7
1700122C19RIK,0.03501414250359693,2
TRAK1,0.035003329205403784,7
TRAV6-7-DV9,0.03498284186212041,2
HECW2,0.03497403876432984,7
SUDS3,0.03494799234838229,7
ADARB1,0.034919970738999516,7
PELP1,0.03491316168816894,7
E230013L22RIK,0.03489658912101666,7
CPED1,0.034862560633674274,7
4933411K16RIK,0.03484155230088807,7
PPP2R2D,0.03478537087078237,7
MBOAT2,0.03477668889290141,7
DCDC5,0.03477339717428555,3
NOG,0.034627620252699144,4
GM24448,0.03460629507349949,2
2410002F23RIK,0.03456211211197185,7
NDUFA10,0.03446760214545682,7
ADAM1B,0.03441757861289814,2
BEX2,0.034413879359432624,6
LIN9,0.03434441213198963,7
BTN1A1,0.03432928686643792,2
TUBGCP2,0.03428718132468992,7
GM8209,0.03427001314539689,2
PPP1R42,0.03424073390100895,6
OLFR1506|OLFR1565,0.034239126634683315,3
BC024063,0.03414706497342592,7
THAP6,0.03408650284859491,7
GM7769,0.03395172469565248,5
FICD,0.03394933105409522,7
NUP62,0.03394776550161983,7
ROS1,0.03393456626813105,3
ZFP937,0.03391842245854989,7
GM9029,0.033875555763019385,4
POLQ,0.03378365591582856,7
ZKSCAN5,0.033711468439498446,7
SYPL,0.03364288954489347,4
SNORD7,0.033636721014869995,2
PAX6,0.03362921591976638,2
RUNX1T1,0.033529994234664996,7
GM5586,0.033526671143614316,6
VMN1R90,0.03326293796948939,7
GIT1,0.03324310876164821,7
LRGUK,0.03321292833670623,6
GM15462,0.03320483212476788,2
FGF5,0.033020811351241165,2
RPS6KA5,0.03298650450244471,7
TXLNG,0.0329393556384102,7
EID2B,0.032764642354905706,7
NDUFB4|NDUFB4C,0.0326854249401749,3
TIMMDC1,0.03266616971559344,7
CLEC2L,0.032635932459040284,4
PHETA2,0.032624179081369505,7
GM7656,0.03259410516794403,3
INTS11,0.03256870800647544,7
CFAP57,0.03253125920811441,2
PCDHB13,0.032489643235667005,7
TSSK4,0.032352877526568034,6
RNF41,0.0321019415156864,7
PPARGC1A,0.032090252166232576,7
EME1,0.031997954748503296,7
MTMR7,0.031994229147163544,7
SPAG9,0.03182551832289767,7
GABBR2,0.03179074777705321,7
GTPBP3,0.031713092160073994,7
IMP4,0.03169070171159822,7
GM23472,0.03169059097769089,3
RHBDL1,0.031681479063179356,7
GM6503,0.03167286858240817,2
CCL1,0.03162303457946565,2
MANEA,0.03156329567384475,7
VMN1R43,0.031530249307269234,4
GM12791,0.031511078490058776,4
ARHGAP33OS,0.03149112571961932,5
KIF27,0.03145226600546758,7
RAMAC,0.03145060447117073,7
GM41041,0.03137906825676486,5
REX1BD,0.03137007022391242,7
CD300LD4,0.03133001014507508,4
ADCY2,0.0312967181780589,7
4930556J02RIK,0.03129251673864313,2
AIF1L,0.03106797902854857,7
PDP1,0.03101290354248004,7
CACNG2,0.031006248524443114,2
FSD1,0.030958737265285717,5
TLE3,0.03095755636023025,7
RPRD2,0.030955906556649797,7
RPS6KC1,0.03094814763540455,7
NR0B1,0.030903333520389396,2
GM3379,0.030899640183004413,7
CCND2,0.030797877750892606,7
THBS4,0.030741365716335976,5
CPHX1,0.03073321271580316,7
TMEM263,0.030665507091589748,7
NHLRC3,0.030645096417509482,7
TRPV6,0.030627884847563736,2
GMPPB,0.030534438798682794,7
SMN1,0.03026815062131408,7
PFAS,0.030234685153868405,7
TTC28,0.03023204305559377,7
GM19696,0.030191135709416134,3
TMEM196,0.030099227858087406,5
RPL15-PS5,0.029868521161473705,2
PTEN,0.0298392344718799,7
GM13848,0.02980859576210354,2
CCDC27,0.02963584592546657,3
NFKBIL1,0.029539443137166967,7
AMH,0.029487676198428087,7
PCED1B,0.029469845397445387,7
LDLRAD3,0.02945401205384557,7
PPP1R13B,0.02943418098790212,7
GM33667,0.029325455520308852,3
PLSCR2,0.02929784934697361,7
ZC3H10,0.02928103853212876,7
COMMD7,0.02924301002611529,7
CAR10,0.029202902568490435,3
ZFP575,0.029142277999276583,4
THOC3,0.029122273327323502,7
EIF3G,0.02910513925989996,7
ENTREP2,0.02901545066434391,2
NAT8F4,0.028997986363982566,7
HUS1,0.028934369132593254,7
IFT88,0.02891824566114299,7
WNT3,0.028871451987934452,2
POLM,0.02886312602542973,7
E130317F20RIK,0.028810213404892822,7
ANO8,0.0287804977709819,7
KLK1B27,0.028694173249704625,6
ARHGDIG,0.02869165456053912,4
TCF15,0.028652058029867145,6
ALG10B,0.028605957499891664,7
MAP3K11,0.028550463941577713,7
SYT4,0.028547519999711002,6
HSF2BP,0.0284536604593205,7
ARMC12,0.02839147556138255,3
CYB561D1,0.028365479637833892,7
FCHO1,0.028337757059952836,7
GM11366,0.0282234940222911,2
PDE6G,0.02816946411433555,7
DMWD,0.028147601194025533,7
SLC22A21,0.028079164829835017,7
IRX5,0.028052470533281724,3
P2RX5,0.0280275032482666,6
MYHAS,0.02791168706369891,3
LPGAT1,0.0278792243087769,7
GM2237,0.027747228335708574,5
H2AC5-PS,0.027643019209941864,2
SYT5,0.027613695709535063,6
SLC27A3,0.02761309355906263,7
GM15343,0.027572740095529513,4
GLUL,0.027499410950215575,7
BCAS3OS1,0.027492852621035985,3
CCNI,0.02722991073620757,7
GM4973,0.02722986309776043,2
KCNK4,0.027221137856212857,4
CFAP299,0.02718376382857858,4
SYP,0.027124574337653234,7
TAS2R138,0.027089325543191416,6
DNAH5,0.027087858207556912,7
VPS18,0.027074812028036428,7
CFAP300,0.02704428136120005,6
GPRIN3,0.02699209175501761,7
ZFP980,0.026940850956870543,4
ADCY9,0.026905858658897035,7
SEZ6L,0.02688953507054248,4
H4C11,0.02685690857609286,7
SSR3,0.026847906500512254,7
EFCAB6,0.02681070917824714,3
NSDHL,0.026782491342857057,7
GM16090,0.02677000724854256,7
SCML2,0.026692255088841505,6
H2BC27,0.02667104392946816,2
HCFC1R1,0.02660119244527321,7
MAGED1,0.02657798018955187,7
RTL1,0.026547397718314783,4
1700008J07RIK,0.026478400796316692,7
ZFP952,0.02640781657100157,7
TFF3,0.02635069051882366,7
RIN2|BC039771,0.026293457862447005,6
SPACA1,0.026275540358817934,6
B230354K17RIK,0.02626105450952529,7
DPAGT1,0.02622729315877716,7
FRMPD3,0.02621312940279627,2
ERICH6,0.02617513251481664,3
GM7842,0.026091810947536858,3
SLC22A27,0.02608113442063807,7
HSD3B4,0.025999759169142406,4
SLC1A6,0.02598702745363597,5
GM28535,0.025967950277113946,3
GM4779,0.025944139353058518,2
GPR88,0.025853013212363884,5
EMX2OS,0.02582907972360759,2
MAPK10,0.0258056244501641,5
IFITM10,0.02578983148483127,7
GAD1,0.02575522352785013,6
RAB2B,0.025735857312758532,7
VANGL2,0.025550760008179386,7
D030028A08RIK,0.025393263803810604,7
CENPU,0.02537758473146669,7
TPH1,0.0252970813622857,3
BTF3-PS18,0.025278152964624927,7
SLC2A4RG-PS,0.025259703064256227,7
IFTAP,0.025214961955989983,7
AU022754,0.025161417955184846,4
FAAP24,0.025098418091715,7
ADGRD1,0.025095903329903097,7
PRKN,0.02508623135443108,7
ACAD11,0.025077506326601235,7
PEX12,0.02506715633171284,7
NXPE4,0.025055918322480393,7
NELFE,0.024979030546424256,7
CEACAM20,0.024965999749351337,3
UGT3A1,0.02488407893288926,7
RETN,0.02481346012528446,6
LPIN3,0.0247988633411828,7
CNIH2,0.02473374197543611,5
NDUFAF4,0.02473087121420878,7
FARP1,0.0246691701080425,7
GPS2,0.024661740539189476,7
KLRH1,0.02465197009060023,2
IGKV4-81,0.02462152953587996,2
SORL1,0.024581577312670553,7
3830432H09RIK,0.02435174927410087,3
PDZD3,0.024332853415275284,3
CDK5R2,0.02432022162117549,2
SNCAIP,0.024222526772002345,7
PTPRN2,0.02419760882492501,6
SELENOT,0.024137443645794007,7
CLCA4B,0.02412888653004595,2
GM12922,0.023998138639883614,5
YAF2,0.023963838063662788,7
TENT2,0.023957980588134222,7
GM10432,0.02391838342164636,5
JUP,0.02385815106796934,7
HTR3A,0.023781850218058006,2
DPH1,0.023776732467766078,7
IMPDH1,0.023562059385869187,7
NSUN2,0.023510425923983495,7
ARHGEF2,0.023452352094635254,7
VSTM2L,0.02340738820611916,2
BCL2L15,0.02336944707484927,6
ZCCHC13,0.023304169747601154,2
CD300LD3,0.023218810426821803,7
RRP7A,0.023173657060136837,7
CDK16,0.023083948461561414,7
RFXANK,0.023058839987590268,7
TRAV16D-DV11,0.023043214157617016,2
GM14769,0.022987761840492046,2
CMA1,0.022985689634036893,6
FAM177A,0.022983098055670687,7
TCTN1,0.022980425085018043,7
GM10637,0.0229570732326737,2
BRMS1,0.02295161483275538,7
ZNRD2,0.022893928068450902,7
PPM1N,0.02288952737359044,3
PLA2G3,0.02282383041004075,6
GM23969,0.02281101642670723,2
SP110,0.02280725218263045,7
PLEKHA3,0.022802075410327936,7
IFT57,0.022752278719293306,7
GM19500,0.022710129654882935,3
SLC35C1,0.02266099416591904,7
GM3776,0.02255171976653797,4
D130040H23RIK,0.022494769945301085,6
APBA3,0.02249240067451422,7
ATP6V1B1,0.022227187003444067,2
AKAP12,0.022107270083584794,7
ENPP3,0.022064089512251885,7
SH2D2A,0.02200457252042874,7
HPS1,0.021925990955194076,7
GM29719,0.021850774118253157,5
CPA3,0.021840322677217347,6
GM15471,0.02180055430386245,6
CLIP4,0.021767185337544244,7
LY6G6G,0.021759250780330246,2
C5AR1,0.021754999491072624,7
RHBDL2,0.021717183649181255,3
APELA,0.021689868648668315,2
FOXF2,0.02160287893100802,2
ADAM10,0.021551195378421737,7
VMN2R5,0.021532515851247346,2
DZANK1,0.021518388193688516,7
VPS11,0.02151815046204702,7
TMEM268,0.021498686690156945,7
KLK1B5,0.0214256145047517,2
STX19,0.021266437691764853,3
KCNT2,0.021262029798081512,7
RGS5,0.021088366219882398,7
TWIST1,0.021068415488538866,7
KBTBD6,0.02104320138371805,7
HSD11B2,0.021036808464204988,2
GM14133,0.020963300727945583,2
ITGA7,0.02087705331662924,7
5033417F24RIK,0.02087642683525281,7
DUOXA1,0.02078889951855227,3
GXYLT1,0.020712641525197473,7
MRGPRA2A,0.020701137593224644,2
IDS,0.020695933816330947,7
GM18913,0.020659666155073142,2
FBXW11,0.020346499385325383,7
ZFP82,0.020306127389568385,7
VMN1R86,0.020160260563391045,3
AW495222,0.0200326755902837,6
NUPR1L,0.02003088661682327,4
MRGPRG,0.01989020142831614,3
MYDGF,0.01983248933401646,7
CDC123,0.019799272607167788,7
ZFP799,0.01975410911181121,7
PLA2G4D,0.01958155468889549,2
S100A7A,0.019571555715925004,4
TFB2M,0.01956304566398475,7
GM38397,0.01954940294121503,2
SAP130,0.019402948137629116,7
RPL10A-PS4,0.019376151694084187,6
ZFP251,0.019358211284650144,7
TMEM59L,0.019327987135869612,4
PRDX1,0.019324057063837267,7
ANKRD45,0.019289833307680703,5
TBCD,0.019242502545934008,7
GM11747,0.01917120052719016,5
1700120K04RIK,0.01915545647672325,6
COIL,0.019153330867735994,7
ZDHHC1,0.01914358117651736,7
ACO1,0.01905981478065664,7
ACAD9,0.01902181121388713,7
ANAPC13,0.018975404061731798,7
TMEM30C,0.018823309731549227,2
RBM4,0.018811115728032877,7
POLG,0.018786116600946028,7
GM21388,0.01876952840880073,2
TNFSF4,0.018695908477487255,2
GM36595,0.01869337146763296,2
VPS25,0.018672330988295953,7
NOP9,0.018557119410779994,7
FAM107B,0.018462068449784663,7
CRTAC1,0.018422209052380144,3
SAG,0.018349028795046712,6
GM26628,0.018343824874887685,2
PRDM14,0.018293604998919837,3
CYHR1,0.018229380528499872,4
GM12224,0.0182074174217217,3
RHBDD2,0.018115314919691032,7
TGOLN1,0.01799658300578539,7
TRPV3,0.017993253527065652,5
DHRS13,0.017932420166365252,7
CPEB1,0.017924966773173075,7
ARL9,0.017882467116734753,5
NAT8F2,0.017824739723922012,7
GM9083,0.01781715259262784,4
EPB41L3,0.017772524334491772,7
ALPK1,0.017739156147104862,7
GM7599,0.017721207872937312,3
KLRA17,0.017682613798881835,6
TAFA3,0.017659619961218245,6
GM7588,0.017650776789376193,3
FGFBP3,0.01764828136593415,7
GM11998,0.017635654525003392,3
FHL1,0.017628160909350796,7
GM17771,0.01762306415409383,4
KRT15,0.017595011554124407,4
2310075C17RIK,0.017530500785833094,2
CPLX1,0.017520383675698685,3
HCN4,0.017431210097522198,5
DCTN6,0.017357064495365258,7
GM7251,0.017327740746909404,4
TMEM249,0.01727546388390072,2
PLUT,0.017241399892592213,2
UTP20,0.017218665748528216,7
GM6705,0.017206790041210868,3
GGN,0.017038957142648446,7
NDUFA12-PS,0.016999607386678908,6
ALKAL2,0.01696680790626553,2
USP37,0.016932878094403424,7
CES2H,0.016895057490425476,7
BAHD1,0.01688600645606912,7
CCDC170,0.0168604983339172,4
HAND2,0.016735830595263186,7
RTN3,0.01664581555240157,7
GPBP1,0.016550921015008078,7
RAP1GAP,0.016523148985673173,7
LRP11,0.016415913310059458,7
A2ML1,0.016397194517688236,7
DTX1,0.016391989098122228,7
SRD5A3,0.01639143098809326,7
RBMS2,0.016328794076482227,7
TENT5B,0.016323168571532393,7
PALM3,0.016282290155772667,3
OLFR873,0.016242695282814967,2
TTL,0.016230321975512756,7
CSTF1,0.016227537545537647,7
PSMA5-PS,0.016154013821172014,7
TCF24,0.016102384189574975,7
SUCLG2,0.01607243350429493,7
PSMA6,0.016025817322733355,7
FAM72A,0.015977157483447968,7
NKAIN4,0.015976545663568004,7
STEAP2,0.015944362611686174,7
UNC79,0.01582785048144589,7
ADAM5,0.01582588805653383,4
PKP3,0.015691311299977966,7
ACBD7,0.015616689045067966,4
COMP,0.01557662183207773,5
GLP2R,0.01552086055994487,7
GABRQ,0.015486994996821712,6
CFAP157,0.015461825399117057,3
ZFP994,0.015229120805334133,7
NT5M,0.015201512366157601,7
GABRD,0.015181152337130546,7
AFAP1L1,0.015117590814171775,7
CRP,0.015078313242195218,7
BAZ2B,0.015021769456466843,7
XKR5,0.014869589343346737,6
RARRES1,0.014848312725753408,7
USPL1,0.01483931441995967,7
2310005A03RIK,0.014820470571485481,6
ACER1,0.014811195143721863,4
ECI1,0.014679921564915155,7
NARS2,0.01465354580376578,7
TRMT10C,0.01462244684730611,7
SH3D21,0.01460571387344055,7
MTRES1,0.01447719062796746,7
S1PR5,0.01442523592539739,7
GPR55,0.014394016025900704,7
SLC22A26,0.014364261552644284,7
HOXB2,0.01435348460132899,7
GHITM,0.014300714521045674,7
DNAL4,0.014284883903137218,7
NLRP5,0.014175487835810237,2
DND1,0.014162990622603202,7
IGKV6-25,0.014156015728908733,6
CITED2,0.014076580734860924,7
HDAC9,0.0139727475837254,7
UCKL1,0.013968862995799232,7
GM8744,0.013876085050496714,2
SLC25A43,0.013727981409956097,6
SOX4,0.013628073183654443,7
NUP88,0.013598394624535461,7
WTAP,0.013519107403552142,7
PADI1,0.013456714381169195,4
3110040N11RIK,0.013419084002192192,7
GM11539,0.01341053523210225,5
ZDHHC20,0.013339853326692682,7
SPATA18,0.013299970376564337,2
IL4,0.013264612460738715,6
SLCO1A5,0.013161016068025286,3
SFTA3-PS,0.013158642654893402,2
GM5525,0.013096076105224518,5
L1TD1,0.012955398312284072,5
DNAJC16,0.012903868109323424,7
ENO4,0.012891936572273319,4
HSPB9,0.012883952397738319,5
FTSJ1,0.012881597232129258,7
SLC35D3,0.012725692785150969,4
GM35135,0.012681469875621196,3
INPP5B,0.012620996575397336,7
JAKMIP2,0.012455632326020219,5
ZDHHC3,0.012327435828889332,7
G6PC2,0.012314013969796658,2
GM13889,0.012273230858211609,7
SSU2,0.01217805654345463,5
BMP4,0.01212942007352599,7
LURAP1,0.012096396750041498,7
ZFP551,0.012073575010825796,7
4930465K10RIK,0.011989542589931512,2
PSRC1,0.011965773263045376,6
SMCO3,0.011930171722594602,5
TMEM207,0.011909365108170172,2
GM53174,0.011838744344514965,3
GM15559,0.011755852231015683,6
MPZ,0.011656340671567147,7
ITGB8,0.011544906080684496,7
B230311B06RIK,0.011511544981474275,2
RNASE13,0.011490394821222947,7
TMEM81,0.011460503672442097,7
LMCD1,0.01145629437814206,7
CAPSL,0.01145479303310859,7
PTGFRN,0.011439270084479838,7
DNAJC5,0.011405332390459568,7
GM22247,0.011380812026555142,5
ADRB1,0.011344089429022748,7
CYCS,0.011327743501814393,7
SERPINA12,0.011282927627124049,7
PRRT1B,0.011240845064466732,3
KLHL2,0.011146758567523174,7
RBMS1,0.011122697262800003,7
IGKV3-12,0.01108856407361931,5
MFSD6L,0.011064031684921075,6
HOXA11,0.011012310615735432,2
ZIC5,0.011005332460077203,3
FAM124B,0.010909788838920575,3
GM9514,0.010832163588164079,4
CRIM1,0.010823210133634313,7
8430430B14RIK,0.010819387003122044,2
PPP1R17,0.010699634770259321,2
EDIL3,0.010664679415343149,5
SLC25A36,0.010579404449205163,7
METTL7A2,0.01052103153881545,4
VOPP1,0.010518419001126616,7
1700037C18RIK|GM41410,0.010508361881348066,6
NHERF1,0.010507195735128002,3
VPS26A,0.010393623648495427,7
SNORD100,0.010375400972738147,2
PPP2R5D,0.010333524215913588,7
GM2574,0.010285895927814773,6
PRPF40B,0.01017768991695218,7
GM14812,0.010075099712151134,2
MRPL45,0.010066761106673943,7
CHODL,0.010051592757756835,4
FOXD3,0.010032713129239581,3
TAS1R1,0.009979582321370861,5
PIF1,0.009970459630411765,6
GM8184,0.009957845462644022,5
GM8983,0.009920874861340601,5
ZFP654,0.009898219211342605,7
HS3ST4,0.009879410794832547,3
PIK3C2B,0.009836971117632876,7
RRAGA,0.009773075352246854,7
POPDC2,0.009579445936163508,6
NYX,0.00955726596045825,6
GLI2,0.009551740756032446,7
PTPN23,0.009479356440266342,7
NOL11,0.009443663465820025,7
CDC14A,0.009410536828004436,7
LAG3,0.009375553748282948,7
9330188P03RIK,0.009360246262885556,2
KCNB2,0.009329308364000647,4
SAP25,0.009280740090113593,7
ECT2L,0.009246978311984788,3
GM5917,0.009176424729656981,6
SLFN14,0.009124253736776783,6
TGIF1,0.009103413723787803,7
DEPDC1A,0.008913708241462611,6
KRCC1,0.008906395504424609,7
CDH16,0.008870244064478866,4
FBXL12,0.008867029304572283,7
CYP2J13,0.00881844786729661,2
FAAH,0.008776009063131125,7
G630064G18RIK,0.00865046751083883,3
RPL5-PS1,0.008642501483020962,6
GM5851,0.008625114698630781,2
BTNL4,0.00861507662765737,3
CBX4,0.008580593148921309,7
KIF15,0.008578211560153624,7
IRAG2,0.008568513573316153,6
KCNJ2,0.008535091757587645,7
BMP6,0.008437176176238894,7
CARF,0.008398460265355265,7
UTP3,0.008389301938874882,7
GM8288,0.008382180564586866,2
ZC2HC1C,0.008366071948436114,7
SEPHS2,0.008362469016361094,7
TADA3,0.008257332418462857,7
GM12419,0.00824145922553681,3
ACTBL2,0.008187590968833133,2
DAG1,0.008167837717776849,7
FADS2B,0.008051465854627793,4
TESK2,0.008023985353769874,7
PDXK-PS,0.008017016379572636,4
GDF1,0.007952791242590188,5
SPDYA,0.007951704267232101,6
TTK,0.007910030571719387,6
BEGAIN,0.007849188960793896,4
HOXA9,0.007800011167930131,3
GM8579,0.007747808874958406,3
SMIM5,0.007742692712918672,7
NUDT3,0.007740429805300773,7
RPP25,0.0076899100537666685,5
TMEM154,0.0076830946900513985,7
SPNS2,0.007622558461608586,7
BBS12,0.007607352426310827,7
KIF16BOS,0.0075612299656355325,2
GM12354,0.00751410425687988,7
VAMP1|E130112N10RIK,0.007467308057047567,6
POLD2,0.007436770377364661,7
RMI2,0.007425212479445387,7
SCNN1G,0.007407819065799355,2
5830432E09RIK,0.007404606851772779,7
GM25581,0.007325190575877949,5
BLTP3B,0.007256855020622122,3
SEC24B,0.007216598978413599,7
NCAPD3,0.007201502321911349,7
IGKV3-7,0.0071455436775536285,4
TWIST2,0.006948298808885145,7
PLXDC1,0.00689367143910502,7
GM8616,0.006825846496030276,2
TRAF5,0.0066900732807474595,7
PATE4,0.006628466883377551,2
MYNN,0.006627243053771064,7
CCDC134,0.006570001511421604,7
CNTN5,0.006514005148336256,2
A330015K06RIK,0.006384422237637348,4
SCAI,0.006274722494504178,7
NANS,0.006229971421754426,7
TRBV29,0.006125049199857508,5
ZFP345,0.006114559285868566,5
FBXW9,0.00608394565332619,7
PABPC4L,0.006012328173720309,7
CYP2R1,0.00598565532790036,7
PTCH1,0.00598419012706792,7
ZKSCAN2,0.00595350483559165,6
GM10433,0.005937081706321996,7
CCDC47,0.005894461239771046,7
WWP1,0.0058842793622322365,7
CDH12,0.005862509640967385,2
9330151L19RIK,0.005855041896751377,7
FASN,0.0057500040758170345,7
GM18652,0.005736049785131886,5
SHPRH,0.005640689215796809,7
TKTL1,0.005498180501171013,3
C1GALT1C1,0.005473653538727451,7
WDSUB1,0.0053331448619543375,7
CCR9,0.005331174271130759,7
DPP10,0.005289506709490857,5
OACYL,0.005272610660111143,4
FGFBP1,0.005247530510714933,6
PDCD2,0.005232874343945474,7
DUSP15,0.005214213099722691,2
WBP2,0.005080140147998458,7
FZD6,0.005076856326102767,7
NAPSA,0.005052169527573607,7
GM29642,0.004958535212712112,6
CYB5D2,0.004932189726803886,7
ANAPC2,0.004835682200448673,7
GM4383,0.004827371461186847,3
KCTD11,0.0048161557126450635,7
GM29681,0.004771190787766756,2
AKNAD1,0.004696561649946899,3
GM33318,0.004669862583697364,3
TOMM34,0.004642049585031042,7
KRT86,0.0044899862223423265,2
GM29773,0.004390154980017158,4
CHAD,0.004350293408596734,5
AQP4,0.004303737743143251,7
1110002L01RIK,0.004219530450915039,7
LMO2,0.004213920074440436,7
DDX39B,0.004200223715355873,7
CHIT1,0.004199741168044835,3
GM12470,0.0041735569420733865,5
2310016D03RIK,0.004173049684093039,2
KLK1B26,0.004173049684093039,2
TBKBP1,0.004158705843848325,7
RCVRN,0.004089292050949822,3
IGLC1,0.004058866458055162,6
BAX,0.00405716221448709,7
RNF149,0.004032541314786618,7
LACTB2,0.004020353272634407,7
MORN1,0.003999423786675826,7
DSG3,0.003899052738811526,4
SMIM27,0.0038742919248698294,7
WNT7A,0.0038581098226266874,2
REEP6,0.0038228339245997478,7
FAP,0.0037748069749134394,7
CLDN13,0.0037657774649578315,5
PCDHGA8,0.0037248510807464147,7
VMN2R114,0.0037068068584288406,5
A630019I02RIK,0.0036088854918108018,6
EMILIN2,0.003581151199099329,7
GM20498,0.0035052553429076316,4
GM24924,0.0034755845340773027,5
PDXDC1,0.0034261261004596977,7
GALNT6,0.0033423791931271396,7
ZFP558,0.0032587425889632243,7
BPNT2,0.0030668492592157348,7
CCDC102A,0.003019502865911334,7
CISD2,0.0029924143257282023,7
GM5860,0.0028549935492873067,4
CHIL4,0.0028413946979183383,2
OLFR49,0.0026873032854363987,2
CYP4A12A,0.002686011465376995,7
CXCL13,0.002683362882285497,7
LRRTM4,0.002538416914119934,2
RPS26-PS1,0.0025218220723415286,7
PFDN5,0.002501184511018471,7
1700109H08RIK,0.0024570188561506357,7
DNTTIP2,0.0024366675683552158,7
ELAVL2,0.0023993804062110826,5
DENND2D,0.002373377400941869,7
3010001F23RIK,0.0022371144948002478,4
AKT1S1,0.0021435867090469074,7
C2CD2L,0.002139787853460949,7
FAM205A4|FAM205A3,0.002090840364325256,2
EBF1,0.0020624105808612347,6
LIG1,0.0019923557647412,7
H6PD,0.0019472520618348651,7
GLB1L3,0.0019227212392736333,3
GM1673,0.0018739090807657344,4
KMT2D,0.0018663906911060885,7
NUDT17,0.0018110335686289207,6
ACSL3,0.0017478794794940791,7
NRBP1,0.0016959553487317053,7
SERPINA3N,0.0016927520695341996,7
LYSMD4,0.0016812842209181936,7
IER3,0.0016300202204421585,7
KIT,0.001589435464670005,7
AP1M2,0.0015673603654301957,7
PSG22,0.0015163865073544308,2
RBL2,0.0014636941957167598,7
GM5406,0.0014146838794334886,3
ETV1,0.0013625315565310991,7
SLC6A13,0.0013476863168322417,7
METTL21E,0.0012651299064085075,4
MADD,0.0012620492464045746,7
DCP2,0.001202228011049847,7
DDX18,0.0011503478326728156,7
CENPS,0.0011138289572486507,7
OBP2A,0.001054591152262807,6
IGKV4-62,0.001004632400847378,2
MYF5,0.00097852494648606,3
RHEB,0.0008991688470665338,7
OMD,0.0008588069252427293,7
GM3646,0.0008235186292148127,2
NPTXR,0.0006887994356091141,7
TTLL13,0.0006620523160634693,7
GM13864,0.0006426024335902392,6
TFAP4,0.0006280337515412539,7
1500015A07RIK,0.0006216940906233481,7
FSTL4,0.0006104391209262094,5
A930003A15RIK,0.00047847419194208836,3
CLCA1,0.00046366207092944184,3
GCN1,0.0004556139212644988,7
GMPS,0.0003510281245767212,7
DNHD1,0.00033465122386473664,7
CERKL,0.0002680417170201383,7
RTL5,0.00020982555148843903,7
OGDHL,0.00020686173441432563,7
KIF5C,8.364197905226985e-05,6
GPR65,7.136900021993091e-05,7
EIF4A3L1,3.685625566397267e-05,2
YAE1D1,9.409872923875946e-07,7
UGT2B34,-7.998006936807808e-05,7
PDE1B,-0.00016657765771643795,7
DUOXA2,-0.00022466762111882088,2
FAT1,-0.00023505706359412088,7
NAPRT,-0.0002413910909801396,7
VMN2R1,-0.00027465545258562594,5
TPO,-0.00029878659166135066,4
TMEM250-PS,-0.0003724644199878113,4
DCC,-0.0003981096267540729,6
GM3325,-0.0005000826294282168,2
TGM5,-0.0006094163219147013,2
KIF2C,-0.000617933946612729,6
KLHL3,-0.0006216891039865542,7
GM46522,-0.0006657376893291674,3
LTC4S,-0.0006853610816569386,7
SMC4,-0.0008194806949537289,7
EREG,-0.0010248077341537543,7
SLC13A5,-0.0010789436143164774,7
TSC22D1,-0.0011152825937851116,7
CN725425,-0.001262826869083725,2
MRFAP1,-0.0013760008381145106,7
MYCN,-0.001404443198212313,7
TBX10,-0.0014209344425078624,2
1810064F22RIK,-0.0014890348880712498,7
RPS4X-PS,-0.0015411158808514892,6
GM12411,-0.0016578505777119594,6
SPNS1,-0.0017030172201966756,7
CYB5D1,-0.0017411201464677514,7
GM3086,-0.0018648835769237567,3
GM7901,-0.0019648339988812547,3
EPS8L1,-0.001972357555755057,7
PRIMA1,-0.0019938541377666446,2
DYRK1B,-0.0019973971884799735,7
ANKEF1,-0.002042377087126438,6
GPR149,-0.0020495457454163257,2
GJB4,-0.002143763933684241,2
GATB,-0.0021446246297439154,7
PRTN3,-0.0021868773906538025,7
CYP4F13,-0.002277177137758197,7
GM3411,-0.0023187928572849306,4
TM6SF2,-0.0023414988740091403,7
ITPKC,-0.0024484477997874627,7
JAZF1,-0.0024827193349273064,7
ABRAXAS1,-0.002500336269593149,7
5330416C01RIK,-0.002521416106177075,3
1700019A02RIK,-0.0026842256995308345,4
XPA,-0.0026844447173743936,7
6030442K20RIK,-0.0026972949183014425,6
RAC3,-0.002724960466253788,7
FADS6,-0.002758230168583469,7
ZFP808,-0.0028477988072480387,7
GM13717,-0.0028659787789970803,5
9330158H04RIK,-0.002871424824676257,2
ZFP946,-0.003012963419760365,7
SNORA15,-0.0030619628835201807,5
GATA3,-0.0031237777751397444,7
GM4926,-0.0031309620912207126,2
PNMA8B,-0.0032062444121192892,6
BCL11A,-0.003211559950281392,7
AU015836,-0.0032164911913914636,2
KLRG2,-0.003220017810068976,6
GSTM2,-0.003253168819166089,7
SMOK3C,-0.003322709493182289,3
ZBTB3,-0.003328280794997331,7
DVL2,-0.003366219873905182,7
GM31814,-0.0034110992296239357,7
QPCTL,-0.0034894431174382783,7
MB21D2,-0.003502669406144584,7
TYK2,-0.003545741965763068,7
CALU,-0.003570375692344054,7
RNF215,-0.003574088195487879,7
GM20275,-0.0035871782580615083,3
REXO5,-0.0035881783902685133,7
SPARCL1,-0.003696979725110167,7
TRAV14D-3-DV8,-0.0037220009843388128,3
RETNLA,-0.0037255642120102017,5
FAM217A,-0.0037608314469323675,6
MAP6D1,-0.0037755200837662,4
CEMIP,-0.003822155791031271,6
SNORD110,-0.0038526783922191083,3
PCDHGA12,-0.0039053557022905227,7
RPL21-PS15,-0.003912706824389556,5
NDRG2,-0.003977780072833352,7
SCGN,-0.0039805594091347285,2
PCSK1N,-0.0039805594091347285,2
CCDC106,-0.004012764190227986,7
RAD54L,-0.004033453970307553,7
4930598N05RIK,-0.004046466871497997,2
NUSAP1,-0.004082001578929161,7
CDH6,-0.0040914002023633095,7
GK,-0.004201409910555208,7
HACD2,-0.004264305690755167,7
VPS35L,-0.00445639869664178,7
GCNT1,-0.004487362335447268,7
SLC22A29,-0.004493553850392613,7
CLEC2E,-0.0045568596831124355,5
GM14418,-0.004602198075512804,7
ALDOART1,-0.004608846377298408,4
RBP2,-0.004665248226985837,4
POLE4,-0.004703490181074267,7
VMN1R172,-0.00470702198046077,2
GM10566,-0.004738674347298429,3
TMEM44,-0.004755036505435755,7
LTB4R1,-0.004806773513954939,7
GRM1,-0.00501762755743948,4
PCDHAC2,-0.005090557280179509,5
KL,-0.005092031974681932,5
PKHD1,-0.005132316866266291,7
H4C1,-0.005141752303229413,5
RFTN2,-0.005158480028180439,7
DAZAP1,-0.005216948581511197,7
LRRC25,-0.005245259496402611,7
SOWAHC,-0.005252701869725548,7
JPH1,-0.005370861301560186,7
MYBL2,-0.005415697404673395,7
NEK11,-0.0054250533936884395,5
APBA1,-0.005434692376099282,7
KLHL7,-0.005468645146159238,7
PACC1,-0.005487694813163421,7
OAS3,-0.005600304273622443,7
DDX28,-0.0056241242947510095,7
EVI2B|EVI2,-0.005624397277063468,3
DCLK2,-0.005637815739214513,7
RGS18,-0.005676643264616051,6
PTPRH,-0.005797291003050473,4
DNASE1,-0.005865896399659022,7
VAPA,-0.005885497167416106,7
GM18025,-0.005900931499133721,5
SELENOK-PS1,-0.005920531881025828,6
PANK4,-0.0059461521318439625,7
PUSL1,-0.005975633341842558,7
KISS1R,-0.005980830907318518,7
SFTPA1,-0.005990850641962174,7
TRPC4,-0.006008737825906958,3
DCAF8,-0.006089057236890064,7
GM14706,-0.006095122525039709,5
WDR53,-0.006126443144126137,7
DGKK,-0.006144100530273644,4
CCRL2,-0.006192745558185102,7
SPAST,-0.006195355298410714,7
MCCC1,-0.006196194652104379,7
COMTD1,-0.006263932348306943,7
SRD5A1,-0.006372176673495592,7
SHE,-0.006481810100425779,7
GM14173,-0.006499165876086686,3
OTUD1,-0.006548204155170767,7
POLR3GL,-0.006600824195398972,7
B430319F04RIK,-0.006623295536284657,4
CCDC180,-0.006699157936834325,6
EMC8,-0.006740958432412799,7
GM38416,-0.006865335323591079,7
E330017L17RIK,-0.006888939615190312,4
6230400D17RIK,-0.006980772185821882,7
ARMC3,-0.0070013696189362195,6
IFI47,-0.007170958191923831,7
SURF4,-0.007178737243594048,7
UPK1B,-0.007258374662691937,7
DCST1,-0.007338442742638282,6
GM12712,-0.007364228630289271,5
GNB1L,-0.007511481639089815,7
GM15543,-0.007542596778940962,3
GM8163,-0.007558073951061117,2
PHLDA3,-0.007568530131997272,7
MUCL1,-0.007599623813587114,4
GM13370,-0.007669848992644046,5
GM10240,-0.007669848992644046,5
FCAMR,-0.007705105416019383,7
ERDR1,-0.007734726300732048,4
ZFP449,-0.007852779086763264,7
TXN2,-0.007919087273813805,7
P4HA2,-0.007938738525674196,7
GM5591|GM1988,-0.008001509185039404,2
GM4865,-0.008046256845803464,2
CEACAM10,-0.008272342187247159,3
EFCAB8,-0.008280889675758083,4
SFN,-0.008328992933222026,7
MARVELD3,-0.008459067357803931,7
DVL1,-0.008465945944870792,7
4930509G22RIK,-0.008562118898790485,7
BCDIN3D,-0.00856791206490445,7
HINFP,-0.00857525930696666,7
MRPS21,-0.008596215436713168,7
D6WSU163E,-0.008657267089192995,7
GM8176,-0.008714302801345334,2
GM7935,-0.008842505221667412,6
FLG,-0.008867492055131952,2
IRS2,-0.008870700087181204,7
SLC6A9,-0.008886104547770533,7
SLC25A30,-0.009034579785206942,7
MAFF,-0.0090891875008399,7
ZFP598,-0.009124716921524547,7
4930486L24RIK,-0.009161791394440824,6
BB218582,-0.009206046980957172,6
NUBP1,-0.009316958132287088,7
PHLDB1,-0.009378381979430719,7
CACNB2,-0.009482838236628611,7
ZFP442,-0.009533852692449187,7
GM7979,-0.009595123880120146,3
TTLL3,-0.009616407932476565,7
4933421O10RIK,-0.009655568624886321,7
GOLGA5,-0.009665887388553309,7
VRK1,-0.009696043311295763,7
GM8925,-0.009700886159412576,4
GULP1,-0.009801613759641234,7
ZFP58,-0.00980231357542615,7
CX3CR1,-0.00983770883320227,7
PDE6D,-0.009953734480565583,7
CRYAB,-0.010070838208888513,7
EIF2B1,-0.01007640812328403,7
ADAM11,-0.010083731499262782,7
LCTL,-0.010160617047699189,4
PCDHB19,-0.01021519947563408,7
MYO1F,-0.010244350174515368,7
GM14276,-0.010257330930035141,6
CADM4,-0.010272336676408962,7
ZFP385B,-0.010334615722596687,7
ZDHHC5,-0.010346646379046634,7
GM9067,-0.01037667455058558,3
TMEM237,-0.010412928265739394,7
TRY10,-0.010420402884556968,2
CDK17,-0.010425218258112243,7
IFT122,-0.010550214179271147,7
STYX,-0.01065989592241023,7
OLFR750,-0.010677178500215587,2
ANXA5,-0.010744287007261313,7
PPP1R15B,-0.010820854444985548,7
ATP10A,-0.010894580113357089,7
GM11960,-0.010916751983859774,3
AURKC,-0.010918646444289396,6
MTERF2,-0.011015170899763957,7
LMNB1,-0.011214027798971682,7
CCDC87,-0.011237931788893688,6
RAB12,-0.011363894620658042,7
TCF25,-0.01149885860351608,7
GM14322,-0.011504553087081806,7
AGO4,-0.011509240973616006,7
ABCD3,-0.01154885191150179,7
SCN2B,-0.011558952607081249,6
GM3558,-0.011568049578122816,3
VCF2,-0.011633380828344789,3
ABCC10,-0.011702350425719685,7
LZTS2,-0.011783168354140148,7
RGMB,-0.011786221878060206,7
OTOP1,-0.011789597176867663,4
RANBP6,-0.01180701394511823,7
GM10259,-0.011851339743264225,6
GPR87,-0.011872997877871924,2
BMERB1,-0.011884190776716458,6
IQCD,-0.011968724776876263,7
MAST1,-0.011970764935244635,7
IGKV9-120,-0.01201505613048868,6
REM1,-0.012015694508155,7
GM7072,-0.012095480732935418,7
4921507G05RIK,-0.012104934391770973,3
CD8A,-0.012119152276138329,6
GM26685,-0.012247757563790207,3
BCAM,-0.01225682309785706,7
EIF3J1,-0.012298409799387455,7
C130060C02RIK,-0.012331818197366768,3
MXD1,-0.012458822989167959,7
IFT25,-0.012462961565291116,3
TSNAX,-0.012476074387768607,7
USP16,-0.012478101209699635,7
SLC66A3,-0.01254497559873211,3
LRP6,-0.012577458638054049,7
ASB8,-0.012587094713986209,7
NLGN2,-0.012597315705409775,7
TMEM41A,-0.012668157305603207,7
BTBD17,-0.012679056100353029,2
COPS3,-0.012767401806359475,7
WFIKKN1,-0.012768718287015535,7
SPAG6,-0.012815679645808209,3
CHRNA10,-0.012849036418334243,2
GM5425,-0.012863704130731604,6
L3HYPDH,-0.012870770906396656,7
SLC1A3,-0.013016386359550174,7
4732491K20RIK,-0.0131399912387888,7
DFFA,-0.01318571458867294,7
GATA2,-0.013186460110212572,7
SP7,-0.01326311233031701,2
EPX,-0.013549326957337564,2
CTDSP1,-0.013684857857853481,7
CYTH4,-0.013781541108762094,7
GM3435,-0.013849634206349326,4
KCNQ1,-0.01395633096267425,7
KPLCE,-0.01397803572876605,2
ZMPSTE24,-0.014038559048297159,7
SIRT5,-0.01406769714525882,7
DOK5,-0.014085798657534376,5
GSDMC3,-0.01413191642792827,2
RPAP3,-0.014181125375072063,7
4931428L18RIK|GM29669,-0.014222288568521516,3
TPR,-0.014270695759607013,7
CLBA1,-0.01432235497872482,7
BLOC1S3,-0.014354696695278208,7
SMARCA1,-0.014417831390124092,7
SGO2A,-0.014430922522690879,7
OR6C6C,-0.014495947006342555,2
NKPD1,-0.014526475442033004,4
THRA,-0.014558618368718431,7
GM11166,-0.014602474381871969,2
SPDYE4B,-0.01462841595587631,3
A930018P22RIK,-0.014672355017267455,6
TCF7,-0.014745236211259005,7
DNMT3L,-0.014749542525273667,3
2210408I21RIK,-0.014793002212528439,7
TGFB1I1,-0.014800059660614364,7
FGD3,-0.014867303687805231,7
LRRK2,-0.014890230509604896,7
OTOS,-0.014965649526370521,4
FAM83B,-0.015043066509869788,6
GM14021,-0.015092130098247544,2
GAA,-0.015150925312475623,7
BMP15,-0.015200169609295952,3
LY75,-0.015205439582546007,7
SYT8,-0.015208395235385783,2
UBAP1L,-0.015227483304779205,7
KLF15,-0.015254959916676978,7
RNU2-10,-0.01527254805705649,3
VWA5B2,-0.015298292262487636,2
STXBP5L,-0.01529836649142651,7
GM8637,-0.015305156908196005,4
MYH13,-0.015310495089131848,3
VMN1R6,-0.015351237538774959,4
TOX4,-0.015415966210749825,7
NLRX1,-0.015535233760220797,7
VDR,-0.015724477290273375,6
FOXO6OS,-0.015817343458248163,3
BSG,-0.015884489552104863,7
GM5881,-0.01589784004960114,4
RPS4L,-0.015915903864125502,4
TNFRSF23,-0.015982344638792112,7
TMEM116,-0.016022021405900873,7
ZIM1,-0.01605572829022977,7
GM47113,-0.01605980236089004,5
DPH2,-0.016092774982238607,7
DCUN1D1,-0.016096640886879614,7
GM8325,-0.016177800988729008,3
AQP3,-0.016385648826175565,6
TROAP,-0.01641742276520179,6
TMED3,-0.01656523239160203,7
GM26698,-0.016606160144524543,3
GM8817,-0.016666051097131606,2
TTC39AOS1,-0.01667717117750493,3
GM5741,-0.016778289171519217,4
MEI4,-0.016839402899412898,3
PIN1RT1,-0.01691898645482075,3
PLEC,-0.01711506778650437,7
ACAP2,-0.017175081188574408,7
CFAP161,-0.01719575650368981,2
BNIPL,-0.017300769032837816,5
RASL12,-0.017372131461387674,6
RAN,-0.017421603077560768,7
MRPL38,-0.01752760508190898,7
CAMKV,-0.01757114842348706,4
PLA2G4A,-0.01757159968364614,7
UBXN7,-0.017578977849857742,7
WBP1L,-0.01764036236451113,7
MFAP3L,-0.01779619684757407,7
IGKV2-109,-0.017804207808209835,4
GM9732,-0.01789314474675202,2
CSNK2A1,-0.017926287095537483,7
GM4610,-0.017926312989994253,4
NTNG2,-0.018013888043474365,7
A630023P12RIK,-0.018080449231667354,6
A230103J11RIK,-0.01810060681070063,7
IGKV6-29,-0.018147913831422627,2
H60C,-0.018287160911989273,2
PHF23,-0.018365300055751814,7
NR4A1,-0.018482397841510352,7
AK157302,-0.018526697941998287,7
SIPA1,-0.01856138678196546,7
MKNK1,-0.01858219333554873,7
RPL19-PS9,-0.01858296381561432,2
CFAP68,-0.018702440129733766,3
GBA2,-0.01873486943988984,7
DHCR7,-0.018856768132136898,7
ERCC2,-0.018877685461943537,7
DMAP1,-0.01890335551474826,7
KIFC5B,-0.018916560737260942,7
MMUT,-0.01892375679573055,7
GM4294,-0.01895044200850255,7
2410017I17RIK,-0.01897374303041815,2
CHIL6,-0.019388947656821268,4
P2RY4,-0.019391598019980912,7
KDM4C,-0.0194195301055908,7
RNF212B,-0.01950368922853134,2
SLC26A3,-0.019547984530895336,6
DHRS1,-0.019575129815121946,7
STK11IP,-0.019588414561887313,7
GM7607,-0.01960710394287712,2
SEMA4B,-0.019644416730014398,7
IQCM,-0.01968742419729494,2
GIPC2,-0.019927081118220252,6
GM8717,-0.019929340035965026,3
KCNN2,-0.020035581434210994,7
GM8707,-0.020167381591606623,4
TCTN2,-0.020171353721502153,4
SEPTIN3,-0.020183037161569457,6
CRLF1,-0.020188367350715736,4
SLC25A34,-0.02027709640843367,7
FGF6,-0.020291202479320578,4
GM5778,-0.02030340851696192,4
GM7860,-0.020382889398137725,5
ST6GALNAC2,-0.020391798377977065,7
ABCC2|GM10768,-0.020484339952582822,6
SHISA9,-0.020500808855798542,7
SNRPF,-0.02064174765722102,7
NLRP9C,-0.02065295185903024,2
GM46142,-0.0206719467319802,2
SMARCA2,-0.02069322567865973,7
4931415C17RIK,-0.020734872409233683,5
SPCS2,-0.02074284845531151,7
PPP3R1,-0.020786553814014112,7
ZFP219,-0.020829489531525143,7
FDPS,-0.020836284157819383,7
FABP4,-0.020885711126711035,7
GGT1,-0.02103997948846989,6
DENND2A,-0.02106463709857574,7
RNU1A1|GM22634|GM23804,-0.02119275793108988,2
SMCO2,-0.021220933163174787,3
PRSS27,-0.02125308285373334,3
KRT6B,-0.02125308285373334,3
TMEM176A,-0.02128862678204419,7
ATP5D,-0.02132084347663704,4
GM4767,-0.021376326496412794,7
GM5091,-0.021394943359015962,2
GSDMC2,-0.021394943359015962,2
A230009B12RIK,-0.021394943359015962,2
MIAT,-0.02141576938484173,4
WNT10A,-0.021427302253004557,4
CD55B,-0.02157008825049138,4
IFRD2,-0.02162819476545749,7
ACSF3,-0.021630559175003356,7
GM24046,-0.021632633249168254,4
FAM120AOS,-0.02164132262783793,3
ECI2,-0.02169024474436679,7
GOLGA7B,-0.021690537124606862,4
TPP1,-0.021741810733242946,7
TNFRSF1B,-0.021763086260711943,7
ATG2A,-0.021778946122364435,7
TMEM88B,-0.02182097432487424,7
GM10051,-0.02184518464507657,5
LRRCC1,-0.021955607352558495,7
JAGN1,-0.022145220930653835,7
MARK1,-0.02224584460491284,7
DLX4OS,-0.02228413771075251,3
SLC14A1,-0.02228971312802872,7
VMN2R88,-0.02230972255375538,2
TCP11,-0.02240352337393937,3
PTCD2,-0.022428066123759662,7
SENP7,-0.02251205070730223,7
ZFP963,-0.022526675193166184,7
MANEAL,-0.022710932437501868,6
TLL2,-0.022727595268295733,2
FAM25A,-0.022754528423937753,3
GM7232,-0.022758753723162512,6
GM25091,-0.02280472964419514,2
UBE2U,-0.022821159055023705,7
LMBR1L,-0.02288460644116584,7
CSDE1,-0.02289191031869702,7
AURKAIP1,-0.022958751417613246,7
GNAZ,-0.023043256999300637,7
1810013L24RIK,-0.023046491105783162,4
PSMB5,-0.02312919182876965,7
SYNJ2,-0.023262882093753524,7
ZFP943,-0.02327528724938694,7
EPB41L4B,-0.023362910304022877,7
GM5878,-0.023383287886185117,3
GM12267,-0.023410487809507222,2
PEX11G,-0.023464022654399303,7
GM8848,-0.023543900646036876,2
FAM78B,-0.02356013889600685,7
GM16712,-0.023580607877629566,6
PRRC2A,-0.023672973714183327,7
CBY3,-0.023674493843425386,3
TMEM14A,-0.02368418164855706,7
TENM2,-0.023742353082393888,6
WDTC1,-0.023776280953998783,7
FILIP1,-0.023787111619048666,7
INSM2,-0.023797489053204696,2
GM31728,-0.023803710164480574,3
RGS1,-0.024001347453074633,7
GM13464,-0.024017551395093335,6
GM23123,-0.024067567973859783,5
ZFP606,-0.024069279587672545,7
SLITRK2,-0.024118658112673552,5
RUBIE,-0.024261717561579382,4
GM14326,-0.0244014566497984,7
B4GALT3,-0.02441073036393585,7
AGR2,-0.024410876372180538,2
WIPI1,-0.02453121816519697,7
CCDC160,-0.02453720228315751,7
LRRD1,-0.024587445912881766,6
LRRC14,-0.024592771255202362,7
MFSD14B,-0.024625903109092535,7
NEK3,-0.02464240130976893,7
B230219D22RIK,-0.024645300552022718,7
4921511C10RIK,-0.024666829411484802,2
GSTO1,-0.024667372942744015,7
PDCD1LG2,-0.0247623257144922,6
EPHX2,-0.02482334228506259,7
VMN1R3,-0.024826375155432567,3
METTL2,-0.024830795644523007,7
GM15850,-0.024894135656513123,3
A730049H05RIK,-0.024900780478509788,5
MGAM,-0.024965651481492594,7
INCENP,-0.025016391989331904,7
CAMK2N1,-0.025056389784771156,7
GM6218,-0.025066969937017503,6
4931431B13RIK,-0.02509667446031964,2
GM3756,-0.025139028347449677,6
ZFP958,-0.025276345654927184,7
AK5,-0.025278866352480518,6
DDX41,-0.025332581450368763,7
KCNJ13,-0.025407176914587715,3
ZFP831,-0.025507738316772048,7
SLC44A4,-0.025533557447052213,7
RPH3A,-0.025625538362951016,2
ITPRID1,-0.02563707734313592,2
CBY1,-0.025697557107748317,7
TNNC1,-0.025707760305460674,7
PDIA2,-0.02572503154469156,5
GPX1,-0.025728926899611402,7
GNPTAB,-0.025758369630202584,7
STXBP1,-0.0257648809235754,7
MESP1,-0.025855817870035974,6
RILP,-0.025892238621991057,7
GRK3,-0.026025955312369935,7
MANBAL,-0.0260615453920854,7
2610206C17RIK,-0.026251029017436894,6
C87436,-0.026267000271965966,7
2210016L21RIK,-0.026292515259339216,7
TCHHL1,-0.026298569190074127,3
GM2792,-0.02638137600920918,5
ZFP637,-0.0264993837522076,7
TTLL9,-0.026550203197581945,6
MFSD10,-0.026555619792665963,7
KCNQ4,-0.026562371189511942,7
AI987944,-0.026632862537096864,7
CAMK4,-0.02663615573239557,6
ZFP85,-0.026739990158727904,7
PEX5,-0.026800092066864956,7
CLDN22,-0.026806780383188258,2
GM4804,-0.02682706854986089,5
KCNIP2,-0.026925089585998114,6
ATP6V1D,-0.026936843868649838,7
PITX1,-0.027063981053889297,3
GM13546,-0.027166908458528222,2
TBC1D9B,-0.027216503062020805,7
TMEM161A,-0.02738417797586095,7
TSSK6,-0.027408105645538212,6
CSRNP1,-0.027589661715492264,7
ARV1,-0.027633017294218166,7
UBXN11,-0.027658231775531433,6
LIPM,-0.027711268095399005,4
ZFP94,-0.027738735246028306,7
TMEM158,-0.027776728912877136,7
GM18189,-0.02778806752721628,3
TTC16,-0.027919535074585413,7
ASIC1,-0.02792729134018816,6
ZFP738,-0.0279701969600127,7
CAMK2B,-0.02802345134544293,7
DYNLRB1,-0.028070477629302593,7
PLCH2,-0.028101060966714702,7
SLC18A1,-0.028124706119028873,7
GM22068|GM22634|GM23804,-0.028201694751591122,2
RFLNA,-0.02823486787723452,6
RAB33A,-0.02828333836222714,5
AKR1C19,-0.028288032267167345,7
TMEM117,-0.028295850722817928,6
GM24056,-0.02835462180698432,3
4631405J19RIK,-0.028451477952642523,4
PIAS3,-0.028491518600440333,7
TMEM30A,-0.02859475223297553,7
CDK5RAP2,-0.028601578664033487,7
LRRC45,-0.028621358296596868,7
CNKSR3,-0.028629424394277094,7
GM24826,-0.028735842672742245,3
RNF145,-0.02874706175053113,7
EMC7,-0.028811164969267215,7
1700026J14RIK,-0.028853665554059358,2
RPL21-PS9,-0.028860708540491702,2
SHISA4,-0.028929738234823785,7
CABP2,-0.028998197731373236,7
ANGPTL3,-0.0290300854834353,7
CFAP126,-0.029083167733650432,7
CRYZL1,-0.029095853413294206,7
TEX16,-0.02912895885227751,5
GPBAR1,-0.029132195789349464,3
OGDH,-0.029143640928813736,7
JAKMIP1,-0.02917707977333639,6
SGSM3,-0.029214027901274142,7
ACSL1,-0.029238496791610995,7
GAL3ST4,-0.029271339760700267,5
TAF6L|GM2518,-0.029416798260698592,6
BORCS7,-0.029509770192654678,7
GM16374,-0.029517786577411345,4
TBX4,-0.029532704588099746,6
CRCP,-0.029538555045122213,7
PIEZO1,-0.029548206985228243,7
CRYAA,-0.029548552452243727,2
TAC4,-0.029548552452243727,2
LRRC26,-0.029548552452243727,2
OPN1MW,-0.029548552452243727,2
SNORD58B,-0.029548552452243727,2
BB557941,-0.029548552452243727,2
TSPAN5,-0.029592431426506083,7
RNLS,-0.029615378664123622,7
GM25970,-0.02966254618593096,2
E030013I19RIK,-0.02973953930190614,7
CD300LB,-0.029741573957740353,7
CYP2C40,-0.029749605849770662,7
FOXQ1,-0.02982124453114456,7
4833427F10RIK,-0.02986180197760465,2
COLCA2,-0.029891119606649752,4
PRKX,-0.029901575264164943,7
FBXO15,-0.029928330275467846,5
SPSB2,-0.029933499731238315,7
BCL2A1C,-0.030014111022979226,2
P2RX7,-0.030046893162295696,7
FAM243,-0.030061193466381482,2
TRMT10B,-0.03009581531057223,7
GM17826,-0.03010426044569421,2
PLEK2,-0.030127922641218646,7
ABCC5,-0.03014013918768464,7
TCP11X2,-0.030144025692700034,2
MTCL3,-0.030230136699821566,2
LCE1C,-0.030230136699821566,2
ARHGAP40,-0.030230136699821566,2
KRT32,-0.030230136699821566,2
MT3,-0.030230136699821566,2
TPRG1,-0.030230136699821566,2
IL36A,-0.030230136699821566,2
LCE1D,-0.030230136699821566,2
GM4963,-0.030230136699821566,2
LCE1E,-0.030230136699821566,2
LCE1G,-0.030230136699821566,2
NOL4,-0.030230136699821566,2
SERPINB3B,-0.030230136699821566,2
LCE1I,-0.030230136699821566,2
LCE1K,-0.030230136699821566,2
KLK9,-0.030230136699821566,2
NR3C2,-0.030262014055712955,7
PHOX2B,-0.03028156050844041,2
DNAJC8,-0.030287333637461594,7
MIR1843B,-0.030361289534462616,3
SLC25A13,-0.030438531205560487,7
FBXO4,-0.03046546367616679,7
GM10874,-0.03047950501859604,7
PAK6,-0.030575063400621532,7
1700086P04RIK,-0.030610598723554185,5
ATXN2L,-0.030614823384768532,7
GRIA1,-0.03061996776504346,6
CDCA4,-0.030637208504245166,7
FLNA,-0.030660383820475916,7
RRM2B,-0.030668758798848245,7
GM11675,-0.030812719600663785,4
TG,-0.03085887903608766,5
MBIP,-0.03094511247014854,7
TBX3,-0.03096023245366803,7
RASSF2,-0.030974532126771908,7
VWA1,-0.031108405150770038,7
PPP2R3C,-0.031119016790892764,7
GM6543,-0.031147174240094964,2
NT5C,-0.031208837116298817,7
IRF4,-0.031262811271405386,7
HS1BP3,-0.031371839028445946,7
PLCD3,-0.03140931116533585,7
A930007A09RIK,-0.03163460806756215,3
UNC13A,-0.03173627261829605,7
USP3,-0.03177744752532557,7
IGF2OS,-0.03177810757967807,4
H3C4,-0.03190092139324461,7
CLCA3A1,-0.03197714308208461,7
H2AC19,-0.032013178654224,7
TNKS2,-0.03208226393092922,7
GM12314,-0.0321009767624544,6
MUC2,-0.03220953457273375,5
SRP54C,-0.03224507633624477,7
TMEM125,-0.03236409876812531,7
ASCL3,-0.03236788115980404,6
AI837181,-0.032467881331826355,7
TRY5,-0.032536843737186745,3
SLC25A42,-0.0325534724945735,7
NKD2,-0.032625915817447296,7
PLCL1,-0.03271186656222284,7
GM16685,-0.03285641277905006,4
TMEM266,-0.03287826221556708,7
GM5854,-0.03298114784789177,4
CDKL1,-0.03301129702243097,7
B430319G15RIK,-0.03305659052449724,6
FRG2F1,-0.03306569496808265,7
CCDC63,-0.033118086762536025,3
SVOP,-0.033165073046575407,3
MAP2K4,-0.033332718401086155,7
FBXO10,-0.03333519219876751,7
ADAMTS10,-0.0333560197725283,7
D430019H16RIK,-0.03335725578400787,7
CLPP,-0.03343452460743,7
CNTFR,-0.03344236999395507,7
IL12RB2,-0.033611682016435745,6
OR2V1,-0.03365659445215544,3
RPL17-PS3,-0.03372637714897137,7
IGLON5,-0.03375191402315668,7
ZFP566,-0.03377721261462417,7
IGHV9-3,-0.033795915893977437,6
MN1,-0.033843429368466064,7
SAA4,-0.03400113573064572,7
TCP10B,-0.034164947889073566,6
LCAT,-0.03419627218669622,7
TIMM44,-0.034265952641869254,7
GM15246,-0.03447582332152153,3
VPS16,-0.03450788052322207,7
OSM,-0.03451600071825838,6
RMND1,-0.034541849332453925,7
NXF2,-0.034612913479227785,4
GM13031,-0.034619507284624464,3
CHAC2,-0.03462017442287234,7
BC055402,-0.034749388526636976,2
POLR1B,-0.03475933695134118,7
6030442E23RIK,-0.03481169125386774,2
CD40LG,-0.034823815087729505,6
PTGES3L,-0.034865640466029725,7
TFAP2A,-0.03490137108902576,4
SNRNP40,-0.03498943697055586,7
MRPL43,-0.03541722237618534,7
ZFP532,-0.035446476846733264,7
LFNG,-0.03563804087021943,7
GM25852,-0.035662890318290674,4
GM31504,-0.035664291089575695,2
SHISA6,-0.035759989418088056,4
MAMSTR,-0.035813184219785965,7
MORN2,-0.03584024072802209,7
LRRC63,-0.03588961391498576,6
CCDC122,-0.035897787357657494,7
BOLL,-0.03590180974352675,5
GIMAP5,-0.035920118145647426,7
RAB11FIP5,-0.03600483612278852,7
B130055M24RIK,-0.03602663038685793,3
4833412C05RIK,-0.03605164823645593,3
TRIM12A,-0.03618746158665901,6
MTSS1,-0.03620137981263094,7
GM12522,-0.03622310777874252,4
RBM19,-0.03626628168427243,7
GM7424,-0.03634759109517068,3
ADCY8,-0.03636008443455284,5
WASHC1,-0.03663131754830513,7
GM15232,-0.03676642976434435,6
DLEU7,-0.03680733891422458,4
SNORD88C,-0.036884557923522465,2
NLRP1C-PS,-0.03691708213726563,4
2810408A11RIK,-0.036954704195952204,6
GM23849,-0.03696228226463574,2
ZFP711,-0.03699909504855525,4
RHOJ,-0.03700956510878352,7
ZFTA,-0.03710308854699775,6
GM26868,-0.03710862394672837,4
HSD17B10,-0.0371306878968311,7
SLC6A1,-0.03724980928690017,3
SLC29A3,-0.0372536448438063,7
PCDHB12,-0.03727615648484851,6
GPI-PS,-0.03733387149286671,7
TIMP1,-0.037391124716437414,7
PANK3,-0.037464825547179004,7
RASSF4,-0.03746893900938871,7
ST18,-0.037501473916910597,3
4933406C10RIK,-0.03754333929219912,7
MOAP1,-0.03763043265813082,7
R3HDM4,-0.037656107346018465,7
GHRHR,-0.03769210898937938,5
GM22634|GM23804|GM26444,-0.03772260256125537,2
POLR2C,-0.037776937632592426,7
SOS2,-0.03788428586327143,7
KIF20A,-0.03788978928861247,7
CYP4F39,-0.037896574822274744,7
PDHB,-0.03813344036898279,7
KCNN4,-0.038138673713655154,7
AKTIP,-0.03814091043917012,7
TMEM269,-0.038186466301988756,4
KCNG3,-0.0381868107128447,4
LY6I,-0.03838498653981999,6
GM39043,-0.03845000731305336,2
9930111J21RIK2,-0.03845603217802197,7
RPL31-PS15,-0.03847872528276642,2
1700030C12RIK,-0.03850615127379152,4
CDC14B,-0.03851305228177769,7
IFT172,-0.03855376183085684,7
NIFK,-0.03860304770747551,7
HS3ST3B1,-0.03863024595179976,7
4933401H06RIK,-0.03874205283373524,4
JUNOS,-0.03878976776865287,3
ANKRD13D,-0.038807425080454795,7
GM34643,-0.03886722737330939,4
SLC22A7,-0.03890687666554122,7
SLC6A16,-0.0389976857180999,7
PFDN6,-0.03902837823605086,7
FRMD6,-0.03914020438166364,7
CFAP276,-0.03917167948726591,3
PRPSAP2,-0.039199745912178105,7
RPL17-PS9,-0.03922683021635784,6
LYPLA2,-0.039269000237392146,7
CEP19,-0.0393354848878702,7
AZGP1,-0.03936788516565822,7
PRAM1,-0.03943572452159923,7
SOX11,-0.039524986579879184,6
CYP27A1,-0.039561908203009644,7
HEG1,-0.03956738025000387,7
ID2,-0.0396656469897092,7
CDH22,-0.039673326091374826,4
FMR1NB,-0.039688456453683685,6
DBNDD1,-0.03970129851911528,3
SEPSECS,-0.03981047392659146,7
SSMEM1,-0.03988445584697305,6
PCK1,-0.039995385913987214,7
TPRA1,-0.04001648080008175,7
HHIPL2,-0.040040529660633144,7
B4GALT4,-0.04005724181439633,7
GM13749,-0.04006800754669081,2
GM6189,-0.040096316134397604,3
TUBB4A,-0.04012632261116643,7
GM43247,-0.04012855258401393,3
UBB-PS,-0.04013839145475414,6
CXCL1,-0.04024336675845973,7
GPR107,-0.040255479961657493,7
PTPN6,-0.04038401352330994,7
BTBD18,-0.040460663897446646,6
ARPIN,-0.04051172070174073,7
NPAS4,-0.04055470110267442,3
RPP30,-0.0406124184688682,7
CARD9,-0.0406645417023609,7
NLRP10,-0.0406711458940493,7
CKMT1,-0.040724798605355404,6
GM17396,-0.04074293733361599,7
MATCAP1,-0.04075917128064351,3
PIP4K2A,-0.04080034873713483,7
LDHA,-0.04082381875631179,7
GM6473,-0.04083191527089279,2
ZFP428,-0.0408422677214436,7
SMAP2,-0.04087552029822304,7
GM22220,-0.04107024794149146,5
PXN,-0.04110070966306057,7
ZMAT5,-0.041107111162465425,7
QARS,-0.04112460228334595,4
IGKV14-100,-0.04112819099274152,4
IL17RE,-0.041153332187499884,7
GP9,-0.04118904267788678,6
CMTM5,-0.041227587657047315,2
SRSF9,-0.04125752291718448,7
ELN,-0.04127400596049381,7
FAM181B,-0.04136485057057699,7
DNAJB5,-0.04140735910467514,7
TMEM141,-0.041474574444293665,7
RXRA,-0.04152393344945292,7
WDR24,-0.04156277376487764,7
ACSS3,-0.04164859104067225,7
UHMK1,-0.04168599030821557,7
CD59A,-0.04172554257087827,7
GM3363,-0.04177668524735532,3
CYP2B26-PS,-0.041843169534741466,3
GM32885,-0.041960862016074324,4
PAGR1A,-0.04200714387843314,7
WIPI2,-0.04202739549939093,7
PISD,-0.042100664685388055,7
PRRG3,-0.04212133127178836,7
AUTS2,-0.04212983915738449,7
GM4217,-0.04217685773652665,5
BBS2,-0.04225931134881326,7
4930483J18RIK,-0.04228075561861615,2
SIGLECE,-0.04231878334399573,7
HSPA8,-0.04236635091203937,7
ANKLE1,-0.04237755421097474,7
MLF2,-0.04243588954492334,7
PRAMEL4,-0.042479238478413145,2
GM9294,-0.04248700451980945,6
AY074887,-0.04248826060506225,4
IFI208,-0.04255076415718971,7
HYAL3,-0.04256005046820867,7
CCDC88A,-0.04257465831838604,7
IL4RA,-0.042772425956451,7
CCNA1,-0.042814558660605094,2
TMSB10,-0.042896810278466306,7
ZCCHC9,-0.042919920184416885,7
TTLL7,-0.04296680849598943,7
GM13481,-0.04300332571214719,5
GM15381,-0.043004367917810746,4
ITGB2L,-0.04301992498218565,3
GPR31B,-0.04303137081016959,3
MFAP1B,-0.043040985240285164,7
FXYD2,-0.043045038653191224,6
CLN3,-0.043065296528197905,7
TRAM2,-0.04306570075870973,7
NKD1,-0.043069869343827984,7
PSMA3,-0.04309973778335186,7
ZFAND2A,-0.04319014638978759,7
RHOQ,-0.04321470444260136,7
FAM220A,-0.04327529389480457,7
MARF1,-0.043292760226530023,7
ANKS1,-0.043370991079435775,7
NKIRAS2,-0.043406222292487764,7
GM5106,-0.04340914157574348,2
RNF25,-0.04345246379022627,7
HOXD8,-0.04352243077685536,6
ZFP57,-0.04360675315477793,7
RIOX1,-0.04377163306141307,7
PTPN5,-0.0437842141067559,4
TMEM19,-0.04389788056435186,7
INO80C,-0.0439385067169694,7
MAP1A,-0.04394302718932602,7
SP4,-0.043947017715837575,7
FAM126B,-0.04396122749553032,4
ZRANB1,-0.043984631813890306,7
SLC46A2,-0.04398506695336421,2
NUP50,-0.044038716682666304,7
GM16073,-0.04407113905332299,2
4930429F24RIK,-0.04409061037673382,6
MASP1,-0.04415674431882732,7
1700003F12RIK,-0.044178762052523406,6
GM10689,-0.044272106393679435,6
LCE1F,-0.04429570824067961,2
RPS13-PS5,-0.04439852865664432,2
GM5901,-0.04444164097670734,2
IRAK1BP1,-0.04445846557735205,7
CAP2,-0.04448255131049981,6
DGKB,-0.04449860379027826,6
GM35533,-0.04454558964297702,6
GM19046,-0.04467598051413014,6
UQCC1,-0.04472109036480797,7
GM7776,-0.04476657772250019,2
NIPAL4,-0.044807034024636504,5
B3GLCT,-0.04481540964562818,7
THUMPD1,-0.04488451876725941,7
TGIF2,-0.044947747087594574,7
PIRA2-PS2,-0.044972363262636456,3
RPS13-PS4,-0.04502157408645966,6
PLD3,-0.045111426019678484,7
TUBG2,-0.045111700471813565,7
GDPD3,-0.04514903760526658,7
NTNG1,-0.0451496345561738,4
CDH1,-0.0452627874586047,7
A730020M07RIK,-0.04539984355316711,5
ARHGAP10,-0.045408513787249145,7
GM24950,-0.045408565573585524,3
EIF4EBP3,-0.04545072497179949,7
GM10343,-0.045538622381314064,3
FLOT2,-0.045584102687456,7
NAALADL1,-0.0455956428593906,3
MEAK7,-0.045627513354463085,7
SPIN4,-0.04567870375422085,7
ASTN1,-0.04572640051971307,6
AFF4,-0.04581837101649302,7
HCN2,-0.04581952999738358,7
NANOS3,-0.04582979980847248,3
EML2,-0.04595386758688548,7
GM6377,-0.04596211623625696,7
4933401D09RIK,-0.045983793202603374,4
CCNG1,-0.046063955351338434,7
ANKRD46,-0.0460767013910531,7
EMILIN3,-0.04614040024275747,2
FGF16,-0.046228022402654785,3
GM1604A,-0.046249349801127076,6
OTUB1,-0.046269470118924315,7
LHPP,-0.046384098796086945,7
GM5575,-0.046462471227262526,2
NFKB2,-0.04651073602578664,7
PCNX2,-0.04666525595817328,6
THNSL2,-0.046693174003218915,7
ATG101,-0.04671131442233851,7
KRT14,-0.04671797246795062,5
GM22984,-0.04686610393154496,2
GM30794,-0.04689224802486706,7
DIO3OS,-0.046919765625722656,7
CLUAP1,-0.04692090722510321,7
ACTR1A,-0.0470056638058295,7
SNX29,-0.0471000190503371,7
PLCB3,-0.04712648912457459,7
ZFP53,-0.04718031616942058,7
RSL24D1,-0.04721568306314012,7
NAMPT,-0.047249275916669956,7
CFAP141,-0.047285024041204576,2
RESP18,-0.04729493950580079,3
EPB41L2,-0.04732194665299012,7
SPTLC3,-0.047338415211905446,4
GM14633,-0.04734418949542728,5
B2M,-0.0475611722115752,7
RAB3IP,-0.047574290734638036,7
FAM205A2,-0.04757871535285513,3
BCAT2,-0.047637426280043256,7
ADK,-0.04765073819650396,7
FABP5,-0.04765612016337987,7
GM16023,-0.04770151389283835,7
ZDHHC18,-0.047713328707850146,7
KLC4,-0.0477220197741122,7
FGFR1,-0.04772879021214381,7
GM7600,-0.0477715834376598,6
PITX3,-0.04780450343783288,7
RP2,-0.04784881184465025,7
MAN2C1OS,-0.04786507318312163,7
LLPH,-0.047876391616359086,7
ZFP750,-0.04791001999591799,7
RAD51,-0.047921452797750064,7
GM5523,-0.04792307472488968,3
CERK,-0.0480518404009116,7
SCRN1,-0.04805739747749802,6
OTUD5,-0.04812791228491385,7
CRPPA,-0.048180637730931807,7
A530065N20RIK,-0.04819381830103594,4
RBCK1,-0.04823835664499519,7
EBI3,-0.048317785427125094,7
ST6GALNAC6,-0.04839898533217262,7
ACAA1B,-0.048407125426155585,7
SOCS1,-0.04845580187218448,7
MFSD4B3-PS,-0.04860692528683682,7
LMTK3,-0.04861276505024383,6
B230303A05RIK,-0.04862168615965674,4
CKLF,-0.04864285764751316,7
GNG7,-0.04866606383971854,7
IFITM7,-0.04876944193835818,2
SCN5A,-0.04885087808912667,5
DALRD3,-0.04892161280282771,7
POLDIP2,-0.04892953529045358,7
CAMTA1,-0.04893950521478189,7
MRPL36,-0.04894175483199709,7
GM14149,-0.049042409049571425,2
SPTLC2,-0.04906228735375139,7
BBS4,-0.04911716260061044,7
SCN1B,-0.0492825034453415,7
VMN2R73,-0.049294370651479624,2
KLHDC8B,-0.04930910504510241,7
EPB41L5,-0.04930983000656365,7
CCDC38,-0.04939241750675787,7
CTC1,-0.04941350808694228,7
CDK15,-0.04943012895677713,6
TOMM70A,-0.049490743983440035,7
STKLD1,-0.04961924249218402,7
4921531C22RIK,-0.049968061124862344,7
UTP11,-0.04998861761102617,7
NPFFR2,-0.049997748209824465,2
NR2C2,-0.050094479162281276,7
AGTRAP,-0.05010775834226438,7
CAPN12,-0.05010850803795067,7
ZFP987,-0.05011695092688736,3
ATP8B3,-0.050137683628124506,3
LTO1,-0.05019689687180758,7
HOXB5OS,-0.050331415334316995,5
CERT1,-0.05037061878884027,7
SPESP1,-0.05043040678860872,4
SROS1,-0.050433718331183895,6
ZFP964,-0.050448498561064974,7
UFSP1,-0.05050176958626831,7
1700028I16RIK,-0.05055137371716456,4
DUS4L,-0.05061080046967819,7
RFX7,-0.0506368943605972,7
NOP16,-0.050676543603995726,7
1810008I18RIK,-0.050853995049553034,6
SAP30BP,-0.05098204921390075,7
MBOAT7,-0.0510871700610971,7
SNORD38A,-0.05114182287972955,2
COL22A1,-0.051160529597951386,6
SERPINA3J,-0.05125117476625607,3
PLET1OS,-0.05126780459111835,7
INO80DOS,-0.05128072738617061,7
ARHGAP39,-0.0513166803694964,7
HSPA12B,-0.05134446007936434,7
DHDH,-0.05141660442085562,7
TULP3,-0.051532334446818574,7
TMEM200C,-0.05156211860740156,2
ABT1,-0.051578587740796045,7
1700048O20RIK,-0.05160427768653229,7
4732471J01RIK,-0.05177749137343297,7
SLC35A3,-0.051832854302189944,7
CCT7,-0.05191391623410167,7
MIS18BP1,-0.05195275250004811,7
MIR100HG,-0.05196315253849266,7
PITPNM1,-0.05205319688597828,7
FZD10OS,-0.052132241334945484,4
AGBL2,-0.05220161433739571,6
FLT3L,-0.05222103272991495,7
CENPI,-0.05222144022404077,6
ELMOD1,-0.05222983318763789,5
IMPA1,-0.052277828341049215,7
PMM1,-0.052310631798035113,7
TRIM43A,-0.05231507197479007,3
SERPINI2,-0.052358712494078155,2
MRPS7,-0.05240268253031052,7
BAHCC1,-0.052424440190654585,7
TPM4,-0.05249809368148413,7
SASH1,-0.052534572409551714,7
MIEF2,-0.052611355893922296,7
GM17938,-0.0526260000213499,4
DNAJB9,-0.05265311284597545,7
MAPK1,-0.0526588582825332,7
MTMR11,-0.05274279272698972,7
ZFP959,-0.05274391850906631,7
DOK3,-0.052748688576380376,7
GM18180,-0.05279082515873831,6
C2CD4B,-0.052833492479775465,2
GM12253,-0.05286418689012951,3
GM24830,-0.052878181642312,2
E2F7,-0.052925439901523826,7
KIF19A,-0.05294719063510415,7
TKFC,-0.053053291343940975,7
PNPO,-0.053057940745572525,7
SOCS7,-0.05310011046589501,7
ZFP217,-0.05318799694784594,7
ZC3H12A,-0.05332953439839738,7
PGLYRP4,-0.05337350902117942,2
NLRP4E,-0.05347012582872315,2
ONECUT3,-0.053494729353177395,2
MAPK12,-0.05354888811496491,7
SLC26A7,-0.05357445966765373,5
PARVB,-0.05364209783310168,7
OLFR981,-0.05370972430679801,3
4921507P07RIK,-0.053719563020352856,4
GRID2,-0.05372290839071309,3
HMCN2,-0.05384533395429459,7
CMSS1,-0.05400537901093015,7
MAGOH,-0.05405375291176923,7
IFNK,-0.0540832450055051,2
OSTN,-0.05410246229386138,3
PHKG2,-0.05415900943643707,7
ZFP867,-0.05417914107637229,7
TMEM200B,-0.05419592008909467,7
CPEB3,-0.054248553636805176,7
NDNF,-0.05431046100388088,6
GM13710,-0.05431682460497159,6
UXS1,-0.0543339368753453,7
GM29825,-0.05436385910359559,2
CDNF,-0.0543870936400983,7
NHEJ1,-0.05441951092806165,7
FIGNL1,-0.05449366016842905,6
TMEM230,-0.05452620513447416,7
SLC44A3,-0.05453712368003608,7
COL6A4,-0.054548249987440546,5
SLC8A1,-0.054646711470154395,7
MECOM,-0.05472640334363711,7
RHOU,-0.054748355567432724,7
CSF1,-0.05482548109394871,7
CYP1A1,-0.0548441579235976,7
B4GALNT2,-0.05488265202475553,3
CPM,-0.054903700173061024,7
IGHV9-1,-0.054963277336751784,4
VMN2R31,-0.0549960319225658,3
GM15756,-0.055046872117448485,6
AUNIP,-0.05508553072322512,6
TAT,-0.055096035049262096,7
GM7879,-0.055220463914822694,4
LZIC,-0.05523956299545368,7
COL6A6,-0.05528041568950887,7
DCAF10,-0.055287242665305394,7
TRIM30B|GM38525,-0.05529379357357378,6
GATA5,-0.055378259218913616,7
FAM207A,-0.05545851716779471,4
TMEM38A,-0.055498733244779226,7
AICDA,-0.055503796962140826,3
INPP5D,-0.05551824484285006,7
GM9358,-0.05553923483363318,4
KCNS3,-0.055580216409537406,7
BPHL,-0.05559886502306664,7
GM32540,-0.05560911089876219,4
PLS1,-0.05564760521951229,7
D830026I12RIK,-0.05568430012164939,5
GM8522,-0.0557789894074995,6
CYP2S1,-0.05592606851438458,7
MTSS2,-0.055997545984391946,7
9830166K06RIK,-0.0560206165393259,2
GM11967,-0.056025825882231574,6
SHC3,-0.05625087724009886,4
TEDDM3,-0.056255798873152574,5
GM2199,-0.05627366408148757,6
GM5905,-0.05635171089393317,7
NLRP9B,-0.05635957375574851,3
NEK9,-0.0564279739866877,7
ASB2,-0.05643004232590968,7
CROCC,-0.05647412639648849,7
PLXNA4OS1,-0.05652307178554324,7
PTPRF,-0.05653759539437258,7
GM19236,-0.05657894869685372,2
THBD,-0.056614068956706065,7
HESX1,-0.056615684569572916,2
ATMIN,-0.056721537555221475,7
ZFP985,-0.05672581233328763,3
PPME1,-0.05672602927363194,7
CTH,-0.05676593883943332,7
DDAH1,-0.056802639186165696,7
RGS19,-0.05681039077083965,7
USP12,-0.05682646050394978,7
RNF150,-0.05683609723615958,7
GM2810,-0.05705831509313494,6
BLOC1S4,-0.05714288623138564,7
NETO1,-0.057166766197003345,6
KCP,-0.05719291197008382,7
D8ERTD738E,-0.05719532427564676,7
RGS22,-0.057209028732815956,4
SNX1,-0.057241557747425564,7
1600023N17RIK,-0.05735568191960702,6
SMIM14,-0.05739148375069766,7
ORMDL3,-0.057471573542479636,7
CDA,-0.05755539090781937,7
GM16470,-0.05755593154661258,5
4930542M03RIK,-0.057591693100627166,2
FBXO33,-0.05760566682782401,7
GCC2,-0.05764717119223101,7
NUTF2,-0.057714091902090515,7
LANCL2,-0.0577780072917831,7
OSGIN1,-0.05800223999036288,7
WDR95,-0.05803201857608342,3
4930471E19RIK,-0.058062291512800256,3
CFAP206,-0.058068448568214685,2
PRSS32,-0.05807423638792963,2
GM18371,-0.05822569771052314,2
ESS2,-0.058271365261414236,7
SLC16A11,-0.05833966109731795,7
SMCHD1,-0.05834125425256304,7
MESP2,-0.05836951775995583,6
FRMPD4,-0.05848329667722174,4
GM5781,-0.05851221428202616,4
MAPK14,-0.05863484080979461,7
LHFPL3,-0.05868582595354032,6
DSC3,-0.058808945107518974,5
CAR8,-0.058896611432187065,7
EIF6,-0.05892094640787482,7
LSMEM2,-0.05902068447039993,4
GM8598,-0.05910405879422397,2
PNPLA8,-0.059138724714523735,7
CLPTM1L,-0.059182136180032804,7
GM32202,-0.059209913361874277,3
CAR15,-0.059265253932387144,7
OTOP3,-0.05926913359628754,2
GM16128,-0.05932021468570026,5
H2AC11,-0.059355795998710506,5
GM16835,-0.05950547812385296,5
GTDC1,-0.0595258785708742,7
FUNDC1,-0.05954276087945282,7
CYP2A22,-0.05954507440693213,7
PIFO,-0.05959608911175272,2
DCP1B,-0.05960246211123461,7
GM36229,-0.059711704775261,5
ERMARD,-0.059747124722515754,7
C1QTNF1,-0.05977266017419214,7
SLC4A4,-0.0597933629583496,7
ARPC5L,-0.05982835132080725,7
JPX,-0.05984477264658034,7
SETD7,-0.059942198106123216,7
ELF5,-0.05995293354536524,4
CATIP,-0.05997885441280124,6
CRB2,-0.060005862186622884,6
TMEM132E,-0.060172803947476414,7
TRPV1,-0.06017530904402497,7
LYPD2,-0.060198764030534965,2
GPR31C,-0.06021616232737312,4
CAPN11,-0.06021842123841278,6
GM18186,-0.06033768086930533,4
APPBP2,-0.06035994482420681,7
5730420D15RIK,-0.06039010624878384,7
AI597479,-0.06057884197118456,7
GM10125,-0.060632695806961096,4
GARIN3,-0.06066758122885589,2
RAB3GAP1,-0.06072750056937914,7
FAM117B,-0.0607475815726067,7
CAR1,-0.06094710390963022,7
GM6978,-0.061036001104409675,6
GM32834,-0.06109755994104269,3
REP15,-0.061126265983643555,7
FOXP3,-0.06115692437923335,6
NUP210,-0.061175894049197765,7
REN1,-0.06117687426392393,3
CCKAR,-0.061203402907187544,5
POLR1HAS,-0.06125515213965593,6
ACKR3,-0.061303333522434604,7
IL27,-0.06134492455279502,6
BCAN,-0.061416145921373594,2
MFSD12,-0.061422373130051486,7
ZFP268,-0.061494820105208535,6
ACBD6,-0.061603612715488545,7
1700047M11RIK,-0.06160986200907381,7
METTL26,-0.06185456758012479,7
ZFP947,-0.061855233088055926,7
TCP1,-0.06185881712136657,7
NT5C3B,-0.06188537941730438,7
TNFSF13,-0.06199567741433555,7
AKR1B10,-0.061999238638306524,7
GM6238,-0.06212970699459919,5
DPP4,-0.062245328826034604,7
IGKV3-3,-0.062257207255560165,2
LY6G5B,-0.06239178139242605,7
GPC3,-0.06241961368887033,7
2610016A17RIK,-0.062482741021145004,4
FSTL3,-0.06251520187631986,7
GM9958,-0.06258436554539819,7
SEC1,-0.06267698335830356,3
CYM,-0.06276083110896528,6
AHCY,-0.06297021582318038,7
FAM114A2,-0.0629750777129819,7
PLEKHN1,-0.0629782561150007,7
TUB,-0.06305055259288726,6
PINK1,-0.06309736556646309,7
FBXO32,-0.06318443820164485,7
FBXL6,-0.06330348595442639,7
TNFRSF12A,-0.06334273223987852,7
SETD4,-0.06339032095208731,7
WTIP,-0.06339842435089829,7
TRIM41,-0.0635020045833247,7
HOXA4,-0.06354589028393294,7
CREM,-0.0635493876833926,7
TRAV15N-1,-0.06367252324353287,2
BC048671,-0.06377475662925414,6
SHBG,-0.06379120114721225,3
ANGPT1,-0.06384827176369771,7
ZFP953,-0.06394699318497839,7
RCC1L,-0.06402459132310044,7
NXNL2,-0.06422951172988083,6
GM8784,-0.06430907534706487,5
GRK6,-0.06431046673938,7
TMEM47,-0.06440838411730272,7
C430042M11RIK,-0.06451347983469824,7
RAB32,-0.06452849602833206,7
SCUBE2,-0.06470705962542739,4
GM8793,-0.06471689038198467,5
GM4742,-0.06477539317137154,4
FAM221B,-0.06478505818571723,7
METTL22,-0.06484513521169578,7
BRI3BP,-0.06485885833010478,7
GM22858,-0.06490236688559192,2
PLEKHG6,-0.065105674885411,7
MEOX2,-0.06513157918597373,6
CNOT2,-0.06528421452866968,7
FGF17,-0.06530089425280242,2
ANKRD40CL,-0.06533008302951948,6
CDH18,-0.06535060462893161,7
GM14399,-0.06535066696728249,6
FAXC,-0.06543041024207837,6
BRSK1,-0.0654591509965922,7
GM26505,-0.06569309598185091,4
4930404H11RIK,-0.0657614435267775,6
CD9,-0.06577223765567515,7
JAKMIP3,-0.06577977359718967,4
RAP1GAP2,-0.06578031862121618,7
LYSMD1,-0.06579088220361491,7
SLC6A17,-0.0658001165707076,6
EFNA4,-0.06587232365684831,6
SLC5A5,-0.06588210141762604,2
TECTB,-0.06597164775020295,5
DCAF11,-0.0660399769895623,7
ARSJ,-0.06606275011533827,4
BRICD5,-0.06615666594197044,7
TRPC5OS,-0.06617679470185966,2
ZDHHC6,-0.06625103178856603,7
BMP8A,-0.06628590960287517,2
PJVK,-0.06631606875617799,4
DENND6A,-0.0663244781088377,7
CDKN2B,-0.06643783880410378,7
FLI1,-0.06653574952299832,7
GM23686,-0.06657859964230914,2
RHOF,-0.0666987921700531,7
ANAPC5,-0.0667673306680779,7
MICAL1,-0.06679654861142297,7
LAT,-0.06680380425417433,7
4933430I17RIK,-0.06683475840165112,6
GLYCAM1,-0.06689378298518033,3
GM8934,-0.0670118625715454,6
TERF1,-0.06710601018837538,7
D11BHM181E,-0.0671105691691392,3
PLA2G2F,-0.06740339748037355,4
2310068J16RIK,-0.06754079033227964,7
TRAM1,-0.0675596701257635,7
OCIAD1,-0.06762370432180138,7
NR2F2,-0.06787992220659496,7
ZBTB8OS,-0.06793509273721075,7
DIXDC1,-0.06796038322107376,7
PLK5,-0.06800682100665997,7
AUP1,-0.06801890844652152,7
GM5524,-0.06802454596593288,4
E130218I03RIK,-0.06802515400968545,3
SUCLA2,-0.06807072517377313,7
CD81,-0.06817489338279108,7
PSMB4,-0.06818094566867597,7
MAP2K3,-0.06821546164985486,7
NDUFS2,-0.06822021054834224,7
CNOT7,-0.06822659494526054,7
TRBV14,-0.06824960184118635,4
PMS2,-0.06835990039832697,7
GM4131,-0.06839965951887983,4
NECAB2,-0.06855726674248075,6
AKR1C20,-0.0685853124571826,7
FUCA2,-0.0687165228879014,7
ZFP819,-0.06878175150689607,3
LPL,-0.06879580836479508,7
GGT5,-0.06879747820902868,7
EXOSC4,-0.06892950211953386,7
MUC15,-0.0690218665290564,4
SCNN1B,-0.06917735321689995,3
GRM8,-0.06920409849111482,7
GPSM1,-0.06924919718336778,7
CHEK1,-0.06927015944467847,7
SNORA62,-0.06927402967235635,5
TMUB1,-0.06932510315599348,7
MCM4,-0.06939725158790162,7
ELOVL1,-0.06944078398393844,7
SLC5A9,-0.0694520466354136,5
LRIG3,-0.0694692416070062,7
AHNAK,-0.06952135899957528,7
CD180,-0.06963878894153384,7
PERP,-0.06972864464143047,7
4930507D05RIK,-0.06987702686923952,6
MAST3,-0.06994126078174415,7
GM16421,-0.06999206840093565,2
ZEB1OS1,-0.0700099390293262,3
CRACD,-0.07005410468329609,6
HOXA6,-0.07006719617711141,2
DUSP5,-0.07007989257009206,7
PUS10,-0.07009532844342495,7
SYT13,-0.07011870092177117,4
RPL7-PS8,-0.0701245888279028,6
ZFP493,-0.0701365052277769,7
SAMD7,-0.07020441123048424,2
CLP1,-0.07026748845028093,7
EOMES,-0.0703667390106263,6
SMG8,-0.07041043480053963,7
PTMS,-0.07041094375064115,7
TADA1,-0.07049415375735434,7
CISD3,-0.07050947125200567,7
HADH,-0.0705154578008632,7
ABHD17B,-0.07061458282026474,7
AURKB,-0.07067754748161859,7
TM9SF3,-0.0707766501161349,7
GM14167,-0.07080896174791498,2
RPL27A-PS1,-0.07093816136471248,3
ADAM23,-0.07095391222481133,7
DSG2,-0.07097390195351697,7
PSMB7,-0.07098845060466116,7
DNAI7,-0.07109340084936358,2
PAX9,-0.07111285238847312,4
MXI1,-0.07117498797361842,7
ZP3R,-0.07119185910223516,2
MMP15,-0.07125819161860812,7
UNC5CL,-0.07131211740944919,6
ZFP667,-0.07132424380310984,7
METTL24,-0.07137009448545584,6
PREX2,-0.07137280884876598,7
G6PDX,-0.07145580282835463,7
PLATR27,-0.07145868755559825,4
TRIM24,-0.07148697304005866,7
ZFP975,-0.07153530529022827,7
SLC30A8,-0.07162740227859311,7
PENK,-0.07168849323765857,6
TMOD1,-0.07169411703913779,7
ART4,-0.07179671333312732,7
RIMOC1,-0.07182257126709955,6
DCPS,-0.07188487227220208,7
FLRT1,-0.0718874804490129,7
EHF,-0.07197832125771497,7
TEDDM2,-0.07203893805053564,7
HSD17B12,-0.07205471578380332,7
CDCP3,-0.07207396537328006,2
PNP,-0.07213901905083997,7
GM5421,-0.07218265975537468,6
PGLYRP2,-0.07223666537691889,7
RAB3B,-0.07236083375517446,7
KIRREL2,-0.07241051717253676,2
NRXN3,-0.07243260861930782,6
SCNN1A,-0.07246923695372212,7
GMCL1,-0.0725374233884222,7
H2BC15,-0.07261838019056466,6
GM22634|GM23804|GM22317,-0.07263662003093374,2
GM5117,-0.07295099478352857,2
TMEM106B,-0.0729696731902091,7
MLLT3,-0.07299757323451293,7
INPP5J,-0.07302244985005439,6
TMPRSS5,-0.07310838252391261,4
ELMO3,-0.07315756816111134,7
MAN2A2,-0.07325896959060899,7
MED16,-0.07326604899482178,7
TCEAL9,-0.07330473064628183,7
NEIL3,-0.07330492341963353,6
RBBP8NL,-0.07331799925962214,3
PCYT1B,-0.07333706664109517,6
ZFP607A,-0.07334513689167524,7
TRDN,-0.073356421363216,6
B3GNT4,-0.07338666602606633,2
H4C9,-0.07339576886479722,7
TAL2,-0.0734033298688227,6
CLDN10,-0.07343901172287427,6
GM9776,-0.07345302272886554,7
PSMC3IP,-0.07346878336362558,7
KLHL10,-0.07347845692348655,6
CCDC115,-0.07363122338828747,7
FAM205A2|FAM205A4|FAM205A3,-0.0738233446700729,2
SAP30L,-0.07384308914058625,7
KCNF1,-0.07384352153186854,3
STEAP4,-0.07384748748933438,7
ATP8A1,-0.07391363059324416,7
NDUFB4|NDUFB4C|NDUFB4B,-0.0740666516833749,3
TLNRD1,-0.07412758985613424,7
C030034L19RIK,-0.0741633760823835,7
MIB2,-0.0742301755743737,7
RASA1,-0.07423036577247075,7
GPR62,-0.07432432755412353,4
EIF5A,-0.07437373981058973,7
JMJD6,-0.07455677539549095,7
2310001K24RIK,-0.07458853708734783,7
MCPT4,-0.07461181810978593,5
9130008F23RIK,-0.07463932467858088,7
GM15056,-0.07464978307053399,4
OLFM1,-0.0746758348488913,7
GEMIN6,-0.07474566672880341,7
BTG2,-0.07483081661703328,7
RING1,-0.07484018777117142,7
STXBP2,-0.07493089865784454,7
FRAS1,-0.07495144087673412,7
TRIM15,-0.07497884857326753,2
CSL,-0.07498272255516701,3
MOB1B,-0.0750787885761109,7
LTN1,-0.0751473077589772,7
SLC25A38,-0.07525407452602322,7
KIRREL3,-0.07535188005735893,5
XLR3C,-0.07539807879473578,2
SLC5A1,-0.07541340393388994,7
GM30173,-0.07541660206356075,5
GM6883,-0.0755054378285141,6
ENTS15,-0.07559787365470566,3
OPA1,-0.07565304714047578,7
CASR,-0.07569267441721228,3
FIBCD1,-0.07572433069729559,2
SMS,-0.07583781020585063,7
SMARCD2,-0.07589821472093308,7
CCDC28B,-0.07592538647504576,7
4930426L09RIK,-0.07596919199683151,6
UBL4A|GM44504,-0.07599878133233563,6
SNX31,-0.07600631585745096,5
CTNNBIP1,-0.07606139230554078,7
ELOVL2,-0.076178783462077,7
KCNG2,-0.07617972522289498,7
DYM,-0.07629100988299507,7
GM8013,-0.07661421490425736,6
2410004B18RIK,-0.07666236327272621,7
TIMM17B,-0.07670850558524715,7
CD6,-0.0767223346646331,7
TSPAN31,-0.07687177630088073,7
PHC1,-0.07687691619211774,7
RAD1,-0.07693724585488758,7
ISLR2,-0.07711896582443586,4
CHST10,-0.07717691621384141,6
KLK13,-0.07719756311313385,4
BOLA1,-0.07719983349449706,7
HES6,-0.07730188718726748,7
ANGEL1,-0.07740517024206366,7
LHFPL1,-0.07742039003416971,2
LAMC2,-0.07744989246790558,7
LRRC31,-0.07756855984711038,5
A530020G20RIK,-0.07758419258082921,3
FILIP1L,-0.07762146975803844,7
ETV5,-0.07767352313798118,7
CC2D2A,-0.07772544356805924,7
RPS12-PS3,-0.0777469957141229,7
TRP63,-0.07783189981572955,5
ERP27,-0.07793474745155828,7
TOX2,-0.0779645584726217,7
GM26788,-0.0780765378012646,3
PHF10,-0.07810170439557083,7
GM17415,-0.07811962710545392,2
ZFP28,-0.0782115417961652,7
COPS4,-0.07822018454738212,7
WDR70,-0.07832282789938873,7
SYPL1,-0.07837525536707142,3
RABEP2,-0.07840975352623598,7
PPP1R14A,-0.07845062780683408,7
PCDHB6,-0.07846428018334572,6
GM24119,-0.07850420230250496,6
FEN1,-0.07857536153275564,7
CLEC12B,-0.07874227070195028,6
GM22634|GM23804|GM24305,-0.07875269664364881,2
IGSF1,-0.07875479264099251,7
NOSIP,-0.07876288089875791,7
TXK,-0.07882415672031333,7
RASGRP3,-0.07886760131407533,7
ZDHHC21,-0.07894871328168139,7
FXR1,-0.07906768421830702,7
NUMBL,-0.07908322765170518,7
PRPS1,-0.07912380780947727,7
DAAM2,-0.079126052931042,7
TAF9|AK6,-0.07923523362521064,6
IGKV4-55,-0.07940191779572602,6
LEMD3,-0.07948299541778218,7
SNORD88A,-0.07951250651903007,2
CFAP251,-0.07951412341920262,3
AKAP3,-0.07966706376080446,5
CYP4F15,-0.07971819581921426,7
NCAPG,-0.07981788970103766,7
RRH,-0.07988544781588965,5
TBC1D1,-0.07993755871205568,7
OXT,-0.0799777582094714,4
GM8185,-0.0800308080128406,4
GM11453,-0.08012949488831195,6
BLM,-0.08021756817868499,7
HADHA,-0.08022237129154568,7
ACP6,-0.08030366113595411,7
GM9347,-0.08042652888892016,2
HPS5,-0.08044130913899773,7
SLC3A1,-0.08044131008442239,7
MPG,-0.08060968621335078,7
CYB5R4,-0.0806142703691094,4
LSM8,-0.08063121453231493,7
CIR1,-0.08070622350716472,7
TTLL2,-0.08074590836245467,6
9230116N13RIK,-0.0808008348940324,7
PLIN1,-0.08080524464674431,6
GM5148,-0.08093780637749344,7
VCAM1,-0.08117693844849597,7
TBX21,-0.08124686030346295,7
PRRX2,-0.08138797112395067,4
SMIM40,-0.08139631384249141,4
PAM16L,-0.08142901603148485,6
BROX,-0.08145093567597209,7
GM3222,-0.08148460873122933,6
PCTP,-0.08158420070196318,7
VSIG8,-0.08161930412404025,5
2310043O21RIK,-0.08164020357312322,3
GM8141,-0.08165196175726742,2
GM41611,-0.08165842532352248,7
GM8909,-0.08176728870370968,3
PFDN4,-0.08180563877526915,7
RBMXL1,-0.08182386343499366,7
GM25744,-0.08183645373133891,2
POP7,-0.08193485454766831,7
GM13135,-0.08196472539649348,6
GM17928,-0.08197375728896084,2
POLR2M,-0.08199902623817838,7
GM18655,-0.08200304421338382,3
PCDHA12,-0.08205475852661596,3
IL3RA,-0.08205716854222249,7
OVOL1,-0.08206905802816228,5
FGF10,-0.08236700151616602,5
CEACAM2,-0.08238289562891109,7
RNU1B2,-0.0824503560440046,2
ZFP582,-0.08257538455430101,3
GNG13,-0.08257551366243873,3
PRKCH,-0.08257896885250807,7
PPP2R2B,-0.08259109681791292,7
PGA5,-0.0825937805669376,5
FOXRED2,-0.0826476971305059,7
ABCB10,-0.08267128447247211,7
SERPINB5,-0.08267284422894554,5
DHODH,-0.08270824663533374,7
RBM22,-0.0827581442215594,7
GM26224,-0.08279091251005061,2
NTF3,-0.0828164227135376,7
BTBD6,-0.08286833980689072,7
GM26839,-0.08287145973445877,2
GM14434,-0.08291529121395984,7
CHCHD6,-0.08292725231738439,7
SRP9,-0.08295366955855675,7
COX5B-PS,-0.08295686200364479,3
COPS2,-0.08301483893549842,7
GM35287,-0.08303657954877616,2
TMEM132A,-0.08312306284179323,7
MSH5,-0.08314257209976408,7
JAK2,-0.08317893303819411,7
POFUT2,-0.08325971964852608,7
TRUB1,-0.0832672139808718,7
GM5120,-0.08338392214393642,2
GM36278,-0.08354457789626096,6
HSDL1,-0.08359770379049995,7
IL1R2,-0.08365016208640856,6
RALGAPA2,-0.0838341167326366,7
UHRF1BP1,-0.08391636821604483,4
APLF,-0.08395145981283998,7
GM41609,-0.08398941100227794,5
CHST4,-0.08399175612996859,7
GM6576,-0.08400268588388493,4
NUP85,-0.08404370929819925,7
GM5835,-0.08409071790173774,7
SQLE,-0.08409882989104922,7
RPP25L,-0.08410484918929004,7
4930431P03RIK,-0.08413634189314427,6
IGHG2C,-0.08417534554536356,6
WDR36,-0.08430230519274835,7
CCN4,-0.08437509794117919,7
MRPL1,-0.08438770984424286,7
GM14444,-0.08440200056478776,3
LIN37,-0.08445668131729822,7
CTSZ,-0.08446605843041992,7
RGS7,-0.08454995591871693,7
BARD1,-0.08456012571584448,7
SETX,-0.08457987750384063,7
GM20604,-0.08463441525231999,7
CYP2C55,-0.084658770182327,7
SCTR,-0.08467904181095243,6
2510009E07RIK,-0.08478074576788798,7
GPSM3,-0.08484488636487156,7
CAPZA2,-0.0848588380379349,7
TRPM1,-0.08491159296468258,6
GM16630,-0.0849624759019257,6
CPT1C,-0.08496868186175796,7
CHRNG,-0.08502490885345954,2
TEX15,-0.08511893495412594,5
GM8971,-0.08516108414825677,4
CORT,-0.08521786387962947,3
RDH19,-0.08523409249942861,6
PNLDC1,-0.08527229558497498,7
LRRC10B,-0.085566412866641,6
RANBP9,-0.08568486783545214,7
SIAH1A,-0.0858393738538199,7
SLC7A1,-0.08584621505197884,7
ANKRD2,-0.08587877109786542,7
FAM8A1,-0.08588837685842479,7
OLFML2A,-0.08590137113098982,7
PPIL6,-0.0861003702200308,7
SLC44A1,-0.08623041225967189,7
GM572,-0.08626356059863134,3
H2AC8,-0.08631250072617877,7
NDUFA8,-0.08643752463337377,7
NEPN,-0.08649080005690553,5
RAB7B,-0.08655805885777033,7
SLC17A9,-0.0865624490808147,7
ITGAM,-0.08661490878872022,7
LYPD8,-0.08661646040940776,2
TMPRSS11D,-0.08671065246574006,3
CTXN3,-0.08677293843139997,5
MSRA,-0.08688755291610849,7
GM40617,-0.08689339719083668,3
GM22634|GM23804|GM25679,-0.0869572829831341,2
TIMP2,-0.08698820285429232,7
UBASH3B,-0.08701033704524727,7
SPATA9,-0.0870602250637701,3
4933427D14RIK,-0.08707158665520909,7
GLDN,-0.08710151039990406,5
PTHLH,-0.08716315331579767,5
GM6035,-0.08722217327805236,3
PKN3,-0.08723728771675852,7
LRRC8A,-0.08739284797194255,7
LCMT1,-0.08755755540799266,7
OPLAH,-0.08761163177517761,7
MYL4,-0.08770608314668153,7
ARHGAP26,-0.08784975199712797,7
TRPC2,-0.08788203665966746,7
MIR5136,-0.08791962200433552,3
PVR,-0.0879498651852577,7
KLHL8,-0.08795638540573972,7
USP19,-0.08796954292177007,7
TMEM61,-0.08802852631757943,2
FLYWCH2,-0.08803329344317201,7
TMEM119,-0.08818113915113265,7
MYLK3,-0.08818819190952269,7
TBPL1,-0.08823385828131114,7
GM12778,-0.08824348553134616,3
CFAP43,-0.08825506514954835,5
ETS1,-0.08829578174690036,7
SWT1,-0.08834838736232374,7
ALG13,-0.08841528541137822,7
GM4968,-0.08848270014887596,2
TMEM178,-0.08852441238784621,7
SMIM10L1,-0.08853906340683682,7
LRR1,-0.08865635026955845,5
ST8SIA3OS,-0.08870802859815057,7
BEND6,-0.08875703215495558,7
TMEM87B,-0.08884788829400128,7
SNAI2,-0.08887041164621026,7
CLEC4B2,-0.08888758518349804,3
ATP5C1-PS,-0.08908448818100267,2
MRPL46,-0.08909387542471767,7
CT55,-0.08917423450924787,3
KIF17,-0.08918267599073874,6
LETMD1,-0.08921308441475122,7
MX1,-0.08922154696818659,7
TGFB1,-0.08934950341010518,7
GM41584,-0.08936280653908417,7
CALCA,-0.089374312688081,3
ATP6-PS,-0.08941537216363389,3
QSOX1,-0.08951803289575164,7
SPATA13,-0.08954276644649999,7
CPA2,-0.0895572089363814,4
LARGE2,-0.0896508046141045,7
COA5,-0.08970145247947223,7
IL4I1|IL4I1B,-0.0898370488251723,6
CLASP2,-0.0898397382802429,7
GRSF1,-0.08993044327831948,7
TERB1,-0.0899514067654887,3
GM19605,-0.09005657874660283,3
DDX51,-0.09007095917345673,7
H1F10,-0.09011273888856092,6
KBTBD13,-0.0901347293738965,6
ISOC1,-0.09018263796849067,7
2900076A07RIK,-0.09020530388804038,7
MPND,-0.09032344733559663,7
DMRTB1,-0.09038601955304552,3
SLC2A4,-0.09043645803913948,7
ANK3,-0.09043858623907657,7
LRRC3,-0.09045069331482532,7
TAFA2,-0.0905442617987954,7
CYB5R1,-0.09055786731108159,7
NFASC,-0.0905692262576474,7
GPHA2,-0.09061127291826061,3
ERG,-0.09067127382132767,7
CEP43,-0.09067999247811111,7
SYN1,-0.09070185643513241,7
4833419F23RIK,-0.09071493019292308,7
OLFR648,-0.09093876543801242,2
GM5547,-0.09094471952315304,6
TRAV16N,-0.09097073384493307,2
ANKZF1,-0.09101696533879086,7
REC8,-0.0912441494997797,7
GM15204,-0.09134892449932407,2
ORC2,-0.09142175752515554,7
ETV4,-0.09144936293380912,7
GM6520,-0.091565163794959,5
PI4K2B,-0.09161220435652277,7
GM15545,-0.09166773757519257,7
HACD4,-0.09168185015702868,7
2810454H06RIK,-0.09168673618074943,7
KLHL25,-0.09195957635014984,7
TMEM199,-0.09201244366816183,7
TUFM,-0.09206040534903395,7
RHPN2,-0.09213280196983419,7
LCA5L,-0.09213506093672398,6
BGLAP3,-0.09218781392340812,7
SLC39A14,-0.09225112145045382,7
POMGNT2,-0.09228740061521491,7
SLC24A2,-0.0923470549942685,4
LSM4,-0.09236013494672221,7
CDCA7L,-0.09238280947761683,7
SLC9A5,-0.09246348724551613,7
TSR3,-0.09252718610966716,7
APOBEC2,-0.09258821626708108,6
IRF3,-0.09265795854557671,7
RASA2,-0.09268551209275085,7
MCFD2,-0.09270570129895384,7
PARVA,-0.09275873000689412,7
TBC1D22BOS,-0.09280937830390418,2
RANBP17,-0.09286002378572618,6
GM7266,-0.0928692568786368,5
RAP2B,-0.0929316148311834,7
PSEN1,-0.09300557635611215,7
ZSCAN25,-0.09313349506258002,7
UROC1,-0.0932120532358791,7
KLHL26,-0.09327161423069308,7
SULT2A-PS2,-0.09328737419776424,5
SSTR1,-0.09337202550058872,3
GPRC6A,-0.09338147149620263,2
ARHGAP22,-0.09339639015815981,7
ISCU,-0.09343237473136698,7
GAL3ST1,-0.09351584803135107,7
GM5512,-0.09353910711867715,7
FKBP8,-0.09368151370253656,7
MAFK,-0.09378358762225503,7
DMGDH,-0.09382386731147745,7
SEMA6D,-0.09396341556610939,7
TMEM140,-0.09396868066915529,7
TRIM28,-0.09398650111150753,7
CDCA3,-0.09406787387710101,7
DGKH,-0.09417255725071508,7
NUDCD3,-0.09420246365019727,7
EIF3S6-PS2,-0.09421131377316737,6
TOMM40,-0.0942212268428688,7
ZDHHC13,-0.09424067490888306,7
PAFAH1B2,-0.09427661955263658,7
THAP12,-0.09431060458076812,7
GM4815,-0.09432392062778014,5
HOXB5,-0.09437769579871835,7
CHST15,-0.09445375325599388,7
TNFAIP8,-0.09451920260043993,7
GM42517,-0.0945910057698538,3
GM24888,-0.09459278577488144,5
CHTOP,-0.09460425509340678,7
C230014O12RIK,-0.0946545938811073,2
HTRA4,-0.09465872942812241,7
ZFP97,-0.09468458268897863,7
VRK2,-0.09470092569643043,7
MSH4,-0.09476516234529053,6
SLURP1,-0.0948615280499375,4
ZFP771,-0.09488726097021079,7
GM7589,-0.0949127055284384,6
GM16638,-0.09494069186113162,6
GM15946,-0.09499917754438425,2
1810062O18RIK,-0.09506910109666773,6
SPTBN5,-0.09512781089203386,6
GM10640,-0.09530753784809998,6
DCDC2B,-0.09535263863832177,7
GZMB,-0.09543775244449472,7
SLC25A12,-0.09554863996781512,7
ABCA1,-0.09555291803476569,7
CTXN1,-0.09556669320511661,7
GM25617,-0.09559286121502655,2
GM6545,-0.09587126416653544,7
COL4A4,-0.09589641009790384,7
RPS10-PS1,-0.09592615025321732,6
RPL7L1,-0.09600536772296289,7
GM5086,-0.09601244206835066,7
TREX1,-0.0960514259310253,7
SSTR4,-0.09605993202044749,3
CCAR2,-0.09610115693128272,7
STK26,-0.0961603008048394,7
APOL11A,-0.09621733367993406,2
TSPAN9,-0.09631498540286991,7
DOLPP1,-0.09635430963897641,7
THSD1,-0.09635740217532254,7
RNF207,-0.09645703550099378,5
TBX5,-0.09655281812650279,2
4732490B19RIK,-0.09659265707561746,5
FAM227A,-0.09663799138093765,7
SYNPO2,-0.09685108201609338,7
ACOT7,-0.0968531197877461,7
SLC10A7,-0.0968541717890696,7
1810058I24RIK,-0.09698679419109069,4
ST8SIA1,-0.09706834911921478,7
RABL3,-0.09709410295411937,7
NTMT2,-0.09716385323056206,2
HSD17B2,-0.09730817110151233,7
GM22728,-0.09732272034680829,5
FKBP6,-0.09741024859467516,4
NCAN,-0.09741570951338413,3
RPUSD3,-0.09753796252895112,7
GM50265,-0.09760499669754427,4
GM22505,-0.09761572152569625,5
MANSC1,-0.0976571660488883,7
MAN1C1,-0.09774230869279453,7
DNAH7A,-0.09787913982509629,3
OLFR857,-0.09792550780463191,2
SAAL1,-0.09793366845087174,7
SLC26A9,-0.09801748017791834,3
GM26225,-0.09801946881473252,6
ATOH7,-0.0981071854253557,2
GM4900,-0.0981766131889915,6
PRPF8,-0.09823449126085095,7
GPAT2,-0.09824891491956507,7
GM13337,-0.09828444318375644,2
MINAR1,-0.09830710182982522,4
LGR6,-0.0984290741901529,6
LEMD2,-0.09852025144815758,7
GM6089,-0.09858361537891973,3
HOXA1,-0.09864198949052727,6
C330018D20RIK,-0.09865353222697659,7
B3GALNT2,-0.09866738467126236,7
TMEM240,-0.09867374547615693,6
FBXL15,-0.09868927617638283,7
CTTNBP2,-0.09870862837243645,7
SPEF1L,-0.09877964841289652,5
ERP44,-0.09882077109077898,7
BPIFA1,-0.09892953425084273,3
MTERF1B,-0.09899056164013811,7
DIPK1B,-0.09903572768272625,7
TPSB2,-0.0990564660058689,5
SNORD55,-0.0990900087462742,5
SYAP1,-0.09909650442091432,7
GOLM1,-0.09913565395946926,7
KLRA3,-0.09924580166567291,6
H2AL1K,-0.09928023152625005,3
GM4879,-0.09929274059440042,4
GM15571,-0.09929367708931382,2
GM5129,-0.09932782509007554,6
RPSA-PS5,-0.09946014203730913,4
RSRP1,-0.0995425514987327,7
GM32828,-0.09977096238632088,3
ZBTB8A,-0.09981902755380226,7
WWTR1,-0.09982918402540317,7
KLF6,-0.09991631662467311,7
8430429K09RIK,-0.09992268848865686,7
PRMT7,-0.10002601210738268,7
CNFN,-0.10007488988680441,3
MMP9,-0.1001116104150539,7
IGKV4-54,-0.10014830842241725,3
SNHG17,-0.10018254324556371,3
CAMSAP1,-0.10023194176106788,7
MYOC,-0.10024280301501816,6
NREP,-0.10026024490285745,7
ARMH1,-0.10027983273759873,3
FXYD7,-0.10030814497619579,6
GM9917,-0.10044807178178766,6
GJB5,-0.10051841810650171,5
SUMF1,-0.10068025735698681,7
GM13270,-0.10069859530655788,3
GM23136,-0.10069925985568179,2
BLMH,-0.10072280124656093,7
RAB23,-0.1007587365775862,7
MPL,-0.10077809777880693,6
AV039307,-0.10079889506659655,6
PRRG4,-0.10088408465304415,7
GM18210,-0.10093321658133535,6
SYCE2,-0.10095220050433709,7
ETFB,-0.10095397297071924,7
UBXN1,-0.10098901334731236,7
UQCC6,-0.1010323317829042,3
DPCD,-0.10105420446203246,7
FST,-0.10106522500090133,7
RDH14,-0.1011124141446962,7
1700028J19RIK,-0.10122390685216891,7
4933432I09RIK,-0.10123641334034565,3
RNF208,-0.10147576299728822,5
CYP2D11,-0.10148902903144393,7
ENKUR,-0.10149345740907019,6
LYPLA1,-0.10150624273050053,7
FASTKD2,-0.10168069638904347,7
PRUNE2,-0.10168171958564297,7
CCDC89,-0.10175114599036503,7
LRRC34,-0.10182683105932255,2
CREBL2,-0.1019923425017955,7
HES1,-0.10204136818749468,7
POLH,-0.10209423696818079,7
GM27011,-0.10211754150504666,3
GABRE,-0.10212031966407112,7
PRR11,-0.10213432560423394,7
GM8834,-0.10214537726647621,6
HCN3,-0.10215497744696878,7
S100A7A|GM57853,-0.10217188721238878,2
SNORA57,-0.10218936055027399,5
SBSPON,-0.10221147404002458,7
5430402O13RIK,-0.10223580859270578,7
BACH2OS,-0.10228358728909234,7
GM25188,-0.10239719517978603,3
KLHL14,-0.10243192218558549,6
TIPIN,-0.10246837447687207,7
GM34432,-0.10257204325749848,4
YME1L1,-0.10271385673818313,7
UBIAD1,-0.10276347062643863,7
NODAL,-0.10282690848090639,7
HK1,-0.10290113349280997,7
SLFN5OS,-0.10293016621601868,2
LTB4R2,-0.10298189824605967,7
NTM,-0.10301995979122576,7
GM3716,-0.10315831034143623,5
SPMIP4,-0.10332800826776155,3
GM5279,-0.10338951071593033,4
PRKAR2B,-0.10377001851029795,7
CIC,-0.10382989146736965,7
DCTN2,-0.10391983770469171,7
GAS2L3,-0.1039200722438746,7
TTC23,-0.10395497821339142,7
2510002D24RIK,-0.10400523972817595,7
ZSWIM6,-0.10400975992077026,7
5330439B14RIK,-0.1040579210530589,4
GDF1|CERS1,-0.10414691843401794,5
GM12266,-0.10423769942285735,2
ATCAY,-0.10426455665419279,4
ASF1A,-0.10429991320665748,7
CGAS,-0.10430183450402479,7
TRIM32,-0.10434928096557426,7
MVD,-0.10443892125354434,7
SGO1,-0.10445872281727743,7
RAB1B,-0.10449150742443322,7
DSCC1,-0.10452726106007161,6
FANCC,-0.10455327182833361,7
SAMD11,-0.10455620075975346,6
POLE3,-0.10474997076622117,7
TMEM43,-0.10476355558160393,7
TLCD4,-0.10477632648038451,7
VMN2R29,-0.10484388205161307,7
GM17344,-0.10492835905507862,3
GM9182,-0.10497193888270355,3
IL6ST,-0.10499539354228678,7
AKAP1,-0.10499556369128338,7
RDH13,-0.10500857788016808,7
ODAD2,-0.10507545123208335,2
PPP1R1C,-0.10508760576673154,2
GNG4,-0.10522039500095992,4
GM8899,-0.1052419810528713,6
A230001M10RIK,-0.10524367043947128,7
ETS2,-0.10524901084336873,7
C1S2,-0.1053845272048437,4
AXL,-0.10540593092153541,7
FANK1,-0.10544314450543983,3
B630019K06RIK,-0.10544678933924945,7
NEDD4,-0.10547167704048402,7
CXCL14,-0.10547972471130418,7
HEPACAM2,-0.10555540994302949,6
CIRBP,-0.10557067924284867,7
GM7628,-0.10560574101746616,6
DUSP27,-0.10561874508717169,3
TMPRSS7,-0.10564858560331239,5
GM4691,-0.10565398792629219,7
CKAP4,-0.10574495325658788,7
LNCENC1,-0.1057995628760009,4
PFKL,-0.1058171282914447,7
PRRT2,-0.10586466902622885,7
PAPPA2,-0.10586645046209156,5
GM8675,-0.10589461150957961,3
GM2446,-0.105895658152139,4
TRAV14-1,-0.10618685950805033,3
POLR2I,-0.10620305877572758,7
ATP13A1,-0.10629087579171508,7
ARHGDIA,-0.10639860783625407,7
GM54215,-0.10642358909056837,2
NRADD,-0.10647917139587815,7
LRIT2,-0.10650250980484863,7
WFDC5,-0.10654953557922815,4
ZFP935,-0.10655395512453458,7
ARFGEF3,-0.10669046145331858,7
USB1,-0.10669176348265988,7
FCHSD2,-0.10671572891068516,7
CBX3,-0.10677589886892117,7
TRUB2,-0.10681160881167952,7
GM12153,-0.10681828993407076,3
SDS,-0.10697737534831894,7
D630039A03RIK,-0.10700890961246694,7
SRA1,-0.10718901212232122,7
CCDC18,-0.10739572889627778,7
GM5136,-0.10745673091868319,4
GRM6,-0.10746866436839078,2
GM20517,-0.10762693808147049,7
SPON1,-0.10770439807163301,7
INO80B,-0.10771696579040424,7
RGS3,-0.10774651467713049,7
GM9435,-0.10776035883866926,6
STS,-0.10776502181438151,3
H1F6,-0.1078105112711431,6
CLEC4E,-0.10783988668141369,6
APOL7D,-0.10785730291230462,7
RPSA-PS4,-0.1080486902176309,6
URB2,-0.10805267928178527,7
SCARB1,-0.10809301942160701,7
EEF2KMT,-0.10814130276533028,7
CD3D,-0.10825293711921913,7
TMEM186,-0.10826334562385817,7
MTMR12,-0.10839854729833312,7
NALF1,-0.10842107347009122,5
GUCA2B,-0.10845694362170517,3
ITIH1,-0.10852007805381218,7
RAPGEF1,-0.10853500829646816,7
ENTPD6,-0.10854110066586774,7
TRIM30A,-0.10854968078087232,7
PFDN2,-0.10857848692253709,7
HOXB4,-0.10867161903339688,7
IL1RAP,-0.10868599478075472,7
LSR,-0.10873560693580069,7
ASL,-0.10877675131979989,7
POM121,-0.10882627558351261,7
NPEPL1,-0.10885576547277871,7
GM6426,-0.10891420312205505,2
OR2Y1F,-0.1089271591424909,2
KAT2B,-0.10894269050030761,7
GM4876,-0.10897583352366613,5
GM8055,-0.10912078798403022,2
GM22973,-0.10936854853430329,5
MCOLN1,-0.10937057906483748,7
WHAMM,-0.10937154577287325,7
KIF3C,-0.10940502083391071,7
OLFR328,-0.10945518600826977,4
FBXW13,-0.10949785858992409,2
NELFB,-0.1097102496756032,7
LGALS4,-0.10972603811816427,7
PLEKHF2,-0.10974517369410922,7
ZFP119B,-0.10982069995129592,7
MEFV,-0.10984117937160799,7
GM3650,-0.10985442933455608,4
TMEM170B,-0.10989248773967109,7
UBE2R2,-0.10991123006630239,7
IGF2,-0.10992845998837344,7
ZFP773,-0.11000096799727614,7
PIGF,-0.11018511994609519,7
EDEM2,-0.11029413972554195,7
THUMPD3,-0.11032138862561304,7
FER1L6,-0.11037751178776868,6
GM24265,-0.11038334097010331,3
ERAP1,-0.11044261494230431,7
SLC25A39,-0.1104589487519866,7
STAT4,-0.11051110358475294,7
GNAT3,-0.11062497325315243,2
CLSPN,-0.11071028400836702,7
LRP2BP,-0.11073188608956316,7
AMD2,-0.11084685213905408,7
PRELP,-0.11090173396873192,7
NELL2,-0.1109955505420482,4
4930515G01RIK,-0.11101156378193555,7
GM527,-0.11103911211201924,7
AIRIM,-0.11108585782377751,3
PTPRA,-0.11114055953020492,7
TAF10,-0.11118143692262253,7
RPL10-PS6,-0.11119111566952365,7
1700009J07RIK,-0.11119712564875027,6
AKAP7,-0.11126149478378548,7
GM7988,-0.11137552567439733,3
ACSS2OS,-0.11137824887811637,2
ARHGAP11A,-0.11141391011616689,7
DNAJB13,-0.11142128209054654,7
SCOC,-0.11149127747385225,7
MCM5,-0.11152004318077965,7
ATP1A4,-0.11159287208798903,6
CREB3L1,-0.11161138338093132,7
PRRG2,-0.11165568677735942,7
H2BC4,-0.11167497665154524,7
BIRC3,-0.11167938753064487,7
MS4A4A,-0.11168089760303779,6
GM46432,-0.11173859114521374,3
NUP43,-0.11175661931730432,7
CSTDC5,-0.11176226142826276,4
GJB3,-0.11192889714077273,2
C7,-0.11200370058181013,7
PXYLP1,-0.1120871023619715,7
PRCC,-0.11210309187751444,7
GM47112,-0.11216328894800905,6
COG7,-0.11217846678709224,7
SLC47A2,-0.11221831122135932,6
ADAMTSL2,-0.11229140704935804,7
ZFAND5,-0.11232300549485393,7
SENP8,-0.11240436249458878,7
CYTIP,-0.11241049609938705,7
GM16867,-0.11242903851052638,4
RBM17,-0.1124570450347133,7
GPA33,-0.11246852399346866,2
AU041133,-0.11248729273473966,7
KCTD21,-0.11249426974823626,7
SNAI1,-0.11251756610352638,7
GM24411,-0.1126226286935117,4
CST7,-0.11268232422054332,7
SAMHD1,-0.11270190992661479,7
PHF12,-0.11279386714421372,7
RGMA,-0.11293629216516855,7
GPLD1,-0.11298044905243795,7
DYNC1LI1,-0.11300114891413697,7
CES3B,-0.11301338361855537,7
DDR1,-0.11308693856814014,7
CD274,-0.11312552333235867,7
GM12610,-0.11316795963019505,2
ASCC1,-0.11319228896941937,7
SIVA1,-0.11325401643853869,7
ATAD3A,-0.11329843733381151,7
H2AC23,-0.11331884156803632,5
BANF1,-0.11332058761549926,7
GM10778,-0.11332915212088901,7
PTGDR2,-0.11339892245755263,3
EVPL,-0.11348272756793654,7
OLFR1506,-0.11354613501570913,3
FAM161A,-0.11360304314004199,7
MYH14,-0.11362147244426403,7
TNIP3,-0.11373666534020364,6
SKA2,-0.11375953732005126,7
BATF,-0.11389073034616264,7
GM5055,-0.11398151150903423,3
GM15446,-0.11411561731623314,7
ZKSCAN14,-0.11429887066999202,7
NSUN5,-0.11432008574046257,7
ZFP810,-0.11437055084948831,7
ANKUB1,-0.11439030734892773,7
CCL3,-0.11449022446052563,7
H2-EA,-0.11457039706003712,3
BZW1,-0.11457118483633191,7
NPC1L1,-0.11461208614611115,4
ACADVL,-0.11461225010644562,7
LDLRAP1,-0.11462120822107282,7
RBFAOS,-0.11469948921484645,7
AP1G2,-0.11488494549394805,7
TAF1D,-0.11491037203250652,7
DPH7,-0.11497532288770107,7
OR5M5,-0.11517933314129838,2
HHAT,-0.1152602376443607,7
OLFR9,-0.11536068439988145,4
SHARPIN,-0.11537915267012257,7
GM8935,-0.11541536513652056,4
GARRE1,-0.11547091107020727,7
NME4,-0.11551500067283811,7
ZDHHC16,-0.11555112569750266,7
WDR81,-0.11557023591078518,7
9330104G04RIK,-0.1157688972333171,7
JPH3,-0.11576901835337554,2
LLGL1,-0.11579456193051132,7
NUFIP1,-0.11582608500631772,7
CCDC116,-0.11583562310420058,6
GM23680,-0.11589681279102439,2
HECW1,-0.11594361084005686,4
MRI1,-0.11601234602856578,7
STPG1,-0.1160223098575076,6
PRKCG,-0.11605309272050734,7
PLP2,-0.11608174857850637,7
1700028E10RIK|GM3704,-0.11615794007810339,6
PPP5C,-0.11644178787307191,7
GM9354,-0.11649808872883202,5
TARS3,-0.11650116015770207,3
4732419C18RIK,-0.11651383739359207,7
RFC5,-0.11657118838066786,7
FAM174B,-0.11658020171233595,7
FAM83C,-0.11658048380712463,4
RNF227,-0.1166342561422753,7
GM15713,-0.11671034249256285,2
MNT,-0.11678578200175246,7
ZFP113,-0.11680935610851496,7
NOD2,-0.11689567629935198,7
DBT,-0.11692378227705713,7
HIBCH,-0.11706699126113675,7
GM13547,-0.1170814932537073,2
ZMYND12,-0.11718907686793746,6
GM7516,-0.11723740896285113,2
SLC30A7,-0.11726864605831289,7
LYPD5,-0.11743311234230501,4
ZC3H12D,-0.11743386556220756,7
DYNC1I1,-0.11747198266444583,5
2900093K20RIK,-0.1175018343013262,7
CDT1,-0.11765136176802098,7
PAICS,-0.1178603872760945,7
FANCE,-0.11794333810608745,7
DPY19L4,-0.11796010243456699,7
LRRIQ3,-0.11805694085963989,7
SELENOK,-0.11814303841881599,7
PAQR3,-0.11827503012680106,7
PLEKHF1,-0.1182803379099761,7
1810012K16RIK,-0.1183065112424337,6
SLC29A1,-0.11830954356491537,7
PCSK2,-0.11843164985016234,4
PHF5A,-0.11844242438131682,7
FBXO24,-0.1185818688537243,6
ZER1,-0.11863538257031006,7
GM23722,-0.11872684447130978,2
TPH2,-0.11876455537530792,2
DCAF17,-0.11881655346256832,7
CALR4,-0.11892051534955947,5
FBXL3,-0.1189214129845306,7
ZFP133-PS,-0.11895478580033493,6
SRF,-0.11897121065222963,7
SNORA23,-0.11898226988933316,5
BCKDK,-0.11898953156102864,7
DPPA3,-0.11901102981771164,4
DMKN,-0.11903489872398217,5
ZFP382,-0.11905562591919101,6
TREML1,-0.11907930998919697,6
GM17177,-0.1191530408522481,4
PAOX,-0.1194399034839404,7
IHO1,-0.11946731583711076,4
ADAM12,-0.11947395428266638,7
ALDH8A1,-0.11948396868602913,7
SGCD,-0.11951660927708468,6
ITGB5,-0.11958008248725475,7
2610507I01RIK,-0.11960277780101541,3
AFG3L2,-0.11961068770846027,7
OLFR374,-0.11983979167619506,3
GM19710,-0.1198408675554762,6
OAS1G,-0.1198533180382396,7
D330050G23RIK,-0.11989987379795797,4
NUP188,-0.11992611292729252,7
GDPD5,-0.12002574378743326,7
TMEM151A,-0.12012156036161294,7
ZCCHC10,-0.1202369157551051,7
RFX5,-0.12028284178410899,7
SSR2,-0.12030883401529147,7
5430431A17RIK,-0.12034588126012359,4
FAM20C,-0.12044405708265615,7
PRRG1,-0.12049391263735947,7
GID8,-0.12057548779962882,7
COL4A6,-0.1206071914710616,7
ZPR1,-0.12066342736413037,7
PCDHA4,-0.12071308219876513,3
ZFP202,-0.12079986275623744,7
EBP,-0.12085255393786956,7
RPS6-PS2,-0.12085372067942757,3
TMEM177,-0.1208576047004375,7
PHTF1OS,-0.12087692359381172,7
PLA2G7,-0.12093966853787712,7
FAM163B,-0.1209414241659815,4
LY6F,-0.12094200085474792,6
CUTAL,-0.1209858364383739,7
BC037704,-0.121017558880771,7
E130311K13RIK,-0.12113253515641127,7
SRPK3,-0.12115120096851117,6
KRT83,-0.12117686841023459,4
SMIM30,-0.1212204675963034,6
PORCN,-0.12131668516370997,7
CTDSPL,-0.12143253316069107,7
4930455H04RIK,-0.12146194748422434,6
AHNAK2,-0.12146813814261445,4
CABLES2,-0.12169118804874514,7
GM8577,-0.12171028597905886,3
IGHV10-1,-0.12174170260582891,4
SLC30A4,-0.12174265098132363,7
TTLL6,-0.12174496767983445,3
CFAP46,-0.12182797080002934,6
CCDC34,-0.1219119066556064,7
AFG3L1,-0.12194497930030021,7
HAUS5,-0.12218021149790566,7
GM7803,-0.12224160541410001,5
PGBD1,-0.1222860356681373,7
GDF2,-0.1223002440813172,7
DENND1C,-0.12230931806536446,7
LDHD,-0.12231754551015826,7
PDXP,-0.12245990975685309,7
KLK8,-0.12246113067867108,7
H4C4,-0.12251967403071233,7
PRRX1,-0.12268495824792261,7
RASEF,-0.12275560232270712,7
KNTC1,-0.12289616784779785,7
PMPCB,-0.12295679331432972,7
GM46430,-0.12297682958354073,7
GM20619,-0.12305245491470233,6
SFRP4,-0.12314239095293426,6
HTR1B,-0.1233726632515589,5
BCL7B,-0.12350492984188226,7
TFEB,-0.12351662356208462,7
CFAP47,-0.12352647837523456,6
SLC8A2,-0.12352817264212064,5
ANKMY1,-0.12353771925482808,7
SLC29A4,-0.12365056467161237,5
GM6652,-0.12369051061195943,7
GM34084,-0.12370836052437745,2
CFAP54,-0.12371635753283015,7
ARHGEF33,-0.12381221971076077,5
PSMA7,-0.1238438534783687,7
ARF5,-0.12387169190508973,7
ZBTB14,-0.12393950543647822,7
1700101I11RIK,-0.12409173888439796,7
SLC28A2B,-0.12413882501312253,6
FAM187B,-0.12416133200348788,7
C230072F16RIK,-0.12418547097974648,2
HSPD1,-0.12419533621659015,7
ARFRP1,-0.12419801240412319,7
ELAPOR1,-0.12425503371806933,7
GM19680,-0.12442750575636123,7
FCOR,-0.12445092819444417,7
GSTO2,-0.12452013162721086,6
ZBTB48,-0.12461446370732254,7
PNMA5,-0.1246439859460876,3
STAG2,-0.12467163565978856,7
RELT,-0.12477703403831623,7
SLC9A4,-0.12488337780535214,4
1700066J03RIK,-0.12489725373582139,2
PDE4B,-0.12497822356428749,7
IQGAP1,-0.12514211748878815,7
PRSS36,-0.12522488486038486,7
ZFP300,-0.1252439948272533,7
BIN3,-0.12528871900207242,7
ZFR2,-0.1252977025799377,7
TMEM86B,-0.12533514596763656,7
ARL6IP4,-0.12535058198050833,7
ZFP768,-0.1254345159973659,7
CYSLTR2,-0.1254402360442172,7
GAL,-0.12547852367480003,2
PPP1R7,-0.1255736145076359,7
ARHGAP25,-0.12569144778948413,7
CYP1B1,-0.12570590450821667,7
IFT70A1,-0.12571446375747133,3
RAB39,-0.12628979644783364,7
EPHX4,-0.12632803823386268,7
ESPN,-0.12635962118029218,7
TMT1B,-0.12645774801045062,3
PTK2B,-0.1264790973703887,7
GM13032,-0.12650792092085023,2
PRRT1,-0.1265535241264478,7
GM14373,-0.1266427351327447,6
GM5767,-0.12669345483885608,4
URI1,-0.12674687606506782,7
TREML2,-0.12675133847485068,7
MUP10,-0.1267766069209329,7
CYP2C23,-0.12690935058727446,7
CCT5,-0.12700057036877757,7
OR4C116,-0.12703152510849006,2
EFCC1,-0.1270503917701901,7
E230016M11RIK,-0.12707855588323488,7
TNF,-0.12707950288889552,7
PCNX3,-0.12711143765722194,7
GNAL,-0.12715183890179835,7
SLC19A3,-0.12717669955957392,5
AP2S1,-0.12725439293746624,7
DDX4,-0.12725542927564037,6
CPSF4,-0.12732360508993643,7
TBXAS1,-0.12734859890571187,7
RABGGTA,-0.1273997152393809,7
SLC25A5,-0.1275233414289345,7
CDC42EP4,-0.1275863123485875,7
MGAT4A,-0.1276497839374801,7
KCNQ3,-0.12770008682781495,6
ATG16L2,-0.1278880652967633,7
NAP1L4,-0.1280175769614183,7
ATAD2,-0.12801973899382219,7
RSL1D1,-0.12803586876897696,7
GM17455,-0.12815499567476787,2
USP28,-0.1281643608880337,7
TRDMT1,-0.12818509409753048,7
GRID2IP,-0.1282558406110588,4
CRIP3,-0.12826848489010145,7
ZFP955B,-0.1284432230384224,7
GM5921,-0.1284609270442296,6
SNORD61,-0.12847934058972865,2
TDGF1-PS2,-0.12851400807132868,3
DPEP2,-0.12852702233006655,6
MOGS,-0.12857728227469867,7
GM5491,-0.12859933020133796,4
GPRASP2,-0.12875294032647186,7
GM23238,-0.12876223062526143,5
DCAF12L1,-0.12879102244437465,7
TMEM127,-0.12884087065658137,7
PAIP2B,-0.12889557514902045,7
SULF1,-0.1290590883600526,7
RPS23-PS2,-0.12908429678832448,5
NIPSNAP1,-0.1291152432327886,7
IGFLR1,-0.12914725768163296,7
NFATC1,-0.12925851552310455,7
VASN,-0.1292645334469435,7
ERF,-0.12926861650735763,7
PTPN7,-0.1293536461363699,7
GM5960,-0.1293943504050801,4
SAP18,-0.1294655380236124,7
MRPL47,-0.12948438386970604,7
9230112J17RIK,-0.12965248607035368,4
CLDN11,-0.12965958494804275,4
FAM210A,-0.1297407498669473,7
DRC1,-0.1298078109499817,7
HSPA2,-0.12991124870972048,7
SLC29A2,-0.12996791789222484,7
GM12034,-0.13011519992708578,3
PLEKHG3,-0.1301170772386036,7
EML1,-0.13012486926774022,7
OR4A74,-0.13013676354533077,2
TNFRSF8,-0.1301383194884099,6
ITPRIPL2,-0.13018098755327315,7
PRPSAP1,-0.13027007703556936,7
ZFP712,-0.1304434783545684,7
NPRL2,-0.13048667099100406,7
CBLB,-0.13049156111620702,7
RTKN2,-0.13052509850099883,6
RNASE12,-0.1305477210752825,3
ANGPTL7,-0.13054874658922808,7
LAX1,-0.13058784052523204,7
ARF4,-0.130634745495018,7
VPS35,-0.1306505786998394,7
GM25053,-0.13065944303672955,5
TSPAN8,-0.13068298964750744,7
DEPDC7,-0.13079847756968516,7
IFT46,-0.13080228952495918,7
PIGYL,-0.1308081921471245,7
4833417C18RIK,-0.13086793933709023,7
RAB5C,-0.13094685489978264,7
RASGRP2,-0.1309739819799053,7
KIF22,-0.13110710285385457,7
TAGLN2,-0.13112337274908192,7
4930546K05RIK,-0.13122989090133982,4
TMEM164,-0.1312311136148694,7
GM10132,-0.1313721395860745,7
GIGYF1,-0.13142134003484193,7
ADAMTS4,-0.1314574190934547,7
NLN,-0.13151826428345062,7
CRB3,-0.131531776770558,7
SAMD12,-0.13155375165023933,7
PIK3CD,-0.1316780267720987,7
RIMS3,-0.13172762574226668,7
ARHGEF17,-0.1318296383050535,7
TGFBR3L,-0.13199887262421223,7
GTPBP6,-0.13203858789047024,7
MEG3,-0.13207123835316217,7
UNC93A2,-0.13209307936680098,7
GM12187,-0.1322094176064175,2
HPS4,-0.13221996870592947,7
GALNT18,-0.13227936299183837,7
TMX1,-0.1322811175391824,7
AIMP1,-0.13230506298342706,7
NID2,-0.13232017346583028,7
COPB2,-0.13242572055798066,7
STAC,-0.1324366322608923,6
AASDHPPT,-0.1324401396099152,7
GM6740,-0.1324403905623605,5
HIGD1B,-0.13246010132813069,5
GM7389,-0.1325933073688487,6
GM19935,-0.13260166862485803,7
ACVR2A,-0.1326230940374218,7
SIM2,-0.13263714208514965,4
HMOX2,-0.13265491079974806,7
KLHL36,-0.1326844921881247,7
STARD10,-0.13279949365539076,7
ZFP397,-0.13299836200473575,7
PPP2R3D,-0.13303351477805855,7
KLHL17,-0.13306851862358915,3
AIMP2,-0.1331084679371716,7
ALPI,-0.13315535566779513,2
ZFP536,-0.13319674137196275,5
IGKV4-57-1,-0.13326818392564355,4
CCT6A,-0.1332980926998181,7
MED9,-0.13330710001355886,7
COL9A3,-0.13331383633171615,7
CARMIL2,-0.13336671032927375,7
SNORA31,-0.13339983487893659,6
GM36199,-0.133609799245254,4
GIMAP1,-0.13363549995888493,7
SNORD21,-0.1337374260524202,6
GM28729,-0.13381872672419248,3
PPP1R32,-0.13386687251403967,4
SLC5A7,-0.13387108555156066,2
WDR4,-0.1338942428112223,7
TRBV20,-0.13401799098001188,3
DEUP1,-0.13402605422897482,7
NR1I2,-0.13405125686078365,7
ARMC10,-0.1341953214340329,7
AMER2,-0.13424305320289995,7
OLFM4,-0.13431574019417278,6
LAYN,-0.1346240393705769,7
SCEL,-0.1347037022126736,6
GM12185,-0.1347635629443412,7
NLRP1A,-0.13478466892357635,5
PSTPIP2,-0.1348237993286917,7
STFA3,-0.13497099127303824,2
HERC4,-0.1350674355072133,7
IER5L,-0.1351670868660266,7
IGKV8-30,-0.13517592821905197,6
CAST,-0.13518858017865276,7
CRLF3,-0.13520486917491484,7
RN7S1,-0.1352672615595289,4
GM2026,-0.13532416654851517,7
GM7336,-0.13538145613639216,7
CHRNB2,-0.135413950606397,7
NECAP1,-0.13544299173395094,7
LRRC70,-0.13545122201582968,3
ANKRD61,-0.13552614559993473,6
GM6553,-0.1356164088109259,2
XRCC6,-0.13562438114404496,7
A930041C12RIK,-0.13564780979617636,3
GM5380,-0.13574456386953648,4
POLD4,-0.13583587004521777,7
D830030K20RIK,-0.13594205303920612,5
CRYGN,-0.13596177084575625,7
ST3GAL6,-0.13599083570625256,7
SLU7,-0.13611586682931973,7
THAP3,-0.1361864817492219,7
TRBV13-3,-0.136233478904381,4
DTNB,-0.136233735334589,7
GM15760,-0.13625739409321838,7
S1PR2,-0.13628060054475902,7
SLC38A11,-0.13630577576336675,6
BARX1,-0.13646858942407372,6
HIF1A,-0.1365563699297814,7
JAML,-0.13656865690916442,7
DACT3,-0.1365870544017202,7
GM3696,-0.13662340525913952,3
LZTFL1,-0.1367325672953607,7
GM15708,-0.13685912945371267,7
TMEM131L,-0.13687472463669642,7
BABAM1,-0.13703716810922167,7
GM24523,-0.1370961583691806,5
WDR6,-0.13719459963359998,7
GM5165,-0.13722292776120004,7
GM2814,-0.1373286458367248,6
CLDND1,-0.13736057543461583,7
SLC16A12,-0.13736775732237347,7
AP1S1,-0.13743022535176902,7
GSTT3,-0.13745199879719364,7
NTF5,-0.1376602592346682,6
SLC36A3OS,-0.13787254961529138,4
BEX4,-0.13789674870767807,7
RLN3,-0.13803370492378741,2
SPINK4,-0.13818995126276185,5
IGKV3-1,-0.13820224479955986,4
KANK3,-0.1382307979930675,7
GM4654,-0.13829090670277758,7
IHH,-0.13844424601482389,7
RAMP3,-0.13850370311693228,7
NXPE5,-0.13851187629037812,4
PTGS2,-0.1385651388032736,6
ISOC2B,-0.1386435379499062,7
CHRNA9,-0.13865679928616856,2
DMRTA1,-0.13870558707776268,7
GM22456,-0.13871475668276806,5
DEF6,-0.13890695804816208,7
ZFP119A,-0.13893800971789275,7
MSANTD5L,-0.13912844030098362,3
ISL1,-0.13923007300931417,5
HDDC3,-0.13932857671963508,7
GM16001,-0.1393402076307595,4
RPL28-PS1,-0.13936577989885596,7
ZMYM2,-0.1394804972213982,7
GM12592,-0.13948576410256752,4
ATP8A2|GM57492,-0.13948781363919163,3
SHQ1,-0.13950384286522427,7
GM12359,-0.1395088974269265,7
PCK2,-0.13957698959065185,7
GPAT4,-0.13976507260226997,7
NCAPH2,-0.13977948846097316,7
ABCB1B,-0.1397963030866611,7
ARHGAP28,-0.13980719842553804,7
PDHA1,-0.1398707216090458,7
SCN3A,-0.1398938379572487,7
CPN2,-0.13990752729819458,7
GM13378,-0.14003708611500404,7
LPAR5,-0.1400659487394172,7
COASY,-0.14010786797235664,7
PKIB,-0.14016241601155863,7
SCART1,-0.14022671967442485,4
SIRT7,-0.14023155684359917,7
VPREB3,-0.14025002292360994,7
TEX14,-0.1403349184682041,6
DTX3,-0.14034147172920428,7
PPP1R9A,-0.14035645705331135,7
RRP9,-0.14045866667692822,7
CTSW,-0.14049019138603383,7
DRP2,-0.1405051630508747,6
ING4,-0.1406648447014196,7
PDZK1,-0.14068594915426197,7
RAD18,-0.14070405065026406,7
XRCC3,-0.1407544995759191,7
GM16166,-0.14077773795145646,3
FAM169B,-0.14085308460478504,7
IL18R1,-0.14100459148672972,7
GOLPH3L,-0.1410428501390733,7
1700001C19RIK,-0.14111531223334844,4
A930007I19RIK,-0.14116337838351295,7
SNX10,-0.14120824660750977,7
KLF4,-0.14121167325580006,7
FAM53A,-0.14121555731929541,7
DLAT,-0.14130840656807064,7
LIPK,-0.14132878298792168,4
PRORP,-0.14138643996544276,7
GCNT3,-0.14148818089088974,4
PRR15,-0.14162081478258304,6
LOC118568483,-0.14168757175809832,4
1700037H04RIK,-0.14169851495316851,4
ARHGAP1,-0.14172625219727336,7
RAB35,-0.14173691333318866,7
H2-Q3,-0.14174850002722922,2
DSTN,-0.14175328893500655,7
CRHR2,-0.1418246134294225,6
AS3MT,-0.14183922051106063,7
SOCS3,-0.14189323662618789,7
CYB5R4|GM57850,-0.1419157121889778,3
ZFP954,-0.14194388365817998,7
ELMOD2,-0.14214072707511533,7
H4C12,-0.14223966487128945,7
COPB1,-0.14231597378687103,7
PLK4,-0.14232763510431617,7
ENTPD4,-0.14233369251036862,7
TRP73,-0.14241469062416479,3
HC,-0.14242276018230177,7
TRP53I13,-0.14244227419802152,7
KLK11,-0.14254151413052552,3
9430060I03RIK,-0.14259743053724636,7
ZFP939,-0.142603765911916,7
LANCL3,-0.14271256483967162,6
SCD3,-0.14274877359791951,6
RHOG,-0.1427719133874277,7
CDC5L,-0.14279764177126225,7
MED9OS,-0.14281631194325947,3
RAI2,-0.1428550781091898,7
RBM46OS,-0.14301262172538157,2
PPP1CA,-0.14311215293588847,7
PCDHB21,-0.14320195156815713,6
RNASE1,-0.14321667927447304,2
KPNA2-PS,-0.14328875690465276,7
DNM1,-0.14346294829954442,6
TSPAN10,-0.14353837426344923,5
ND3,-0.1435692849339824,7
SGMS2,-0.1436127855678468,7
HCAR2,-0.1436182004508709,7
MRPL58,-0.14368346669145812,7
B3GNT6,-0.14368750012827117,6
TRAPPC12,-0.14370655732851473,7
GSDMA,-0.14375828803768906,4
APOL10B,-0.14376756749598277,7
BCHE,-0.1437804234458551,7
GBP10,-0.14379633541984196,7
GM28071,-0.14381631404269354,2
RPP38,-0.14391740596079566,7
FNDC1,-0.14405467847677175,7
DHPS,-0.14412672624409026,7
TBL3,-0.1441378650515351,7
NDUFAF1,-0.14419585861139317,7
SNRPC,-0.1442146656123998,7
MED20,-0.1442546081527498,7
HS3ST2,-0.14426417204653255,2
F2RL1,-0.144270609751334,7
P2RX1,-0.14428522041091832,6
ZKSCAN7,-0.14428538059660356,7
LARS1,-0.1443670604110905,3
CD209G,-0.14443257410214574,6
PLPPR3,-0.1444661292968974,7
MXRA7,-0.14456239901339044,7
MEP1B,-0.14457774816277738,5
NGF,-0.1445952115680699,7
STK19-PS1,-0.14459616140230863,3
PCDHGA6,-0.1446043136248271,7
IL18RAP,-0.14464326046548184,7
SH3GL3,-0.1446703480075721,5
FXYD6,-0.14471314574242797,7
PRKCZ,-0.14479087592106746,7
KPNA2RT,-0.1447941283721763,3
GM25635,-0.14485828360652464,4
GM5863,-0.14511422513916272,2
AIRN,-0.14516049546913565,7
GM9946,-0.1452624094443314,2
GM6392,-0.14530416955214523,6
FERMT2,-0.14548570524324314,7
DGKG,-0.14550284801223595,6
NDUFS1,-0.14551392942018931,7
SELPLG,-0.14558888917216525,7
IGHV14-3,-0.14559825090568848,4
2810032G03RIK,-0.14568159666679178,6
PRPF6,-0.14586759726618964,7
TNK2OS,-0.1461392055161223,4
CIP2A,-0.14614411436819427,7
SCO1,-0.14622654841055657,7
OAS2,-0.1463511668749932,7
GPHN,-0.14637469444963555,7
EIF4A3L2,-0.14643503641748715,3
ACTR3B,-0.14645406671733863,7
PMEL,-0.14645704911498533,7
GM16433,-0.14651185940028424,6
NSUN7,-0.14651325796228762,7
TMEM94,-0.14654064023094943,7
POLR2F,-0.14655831802927946,7
PBXIP1,-0.1466471954169656,7
IGKV5-43,-0.14670903128500487,6
KLK14,-0.14675604852070023,3
XLR3A,-0.14677164977578377,7
TMEM40,-0.14685527190971343,6
SLC17A2,-0.14688816898096113,7
MTMR14,-0.14710873583721962,7
ELMO1,-0.14712221878379905,7
POLR2E,-0.14713062155740544,7
ARPP19,-0.14717794686978308,7
IGKV4-57,-0.1472236518231947,4
MICU2,-0.14726992181239554,7
FBLIM1,-0.14727538258136205,7
NCF2-RS,-0.14734568114203245,3
GK5,-0.14744790203353356,7
COX11,-0.14757487722274298,7
RMC1,-0.14761239829056624,7
DYNLT2A2,-0.14762701243642834,6
MCMBP,-0.14786167042465426,7
ATP4A,-0.14801947056923623,7
SERPINB1A,-0.1480692279068297,7
VIPR1,-0.1481447302576502,7
MMGT2,-0.14823029483744915,7
GM18228,-0.14833709504011913,2
CES2F,-0.1483460951317857,5
RGS20,-0.14836144625733533,5
NDEL1,-0.1485581892598677,7
1700099I09RIK,-0.14876605742685822,3
CFAP96,-0.1488291330141828,3
1700003M07RIK,-0.1488987454544444,2
RITA1,-0.14893920469915276,7
DEPP1,-0.14896418975095344,7
GRIN2B,-0.14900467228242323,6
GM6286,-0.14918218894769655,5
GM11266,-0.14925571448566632,7
PPP1R26,-0.14941144795310107,7
CACNA1H,-0.14952700978306502,6
TBC1D22A,-0.14960046991750955,7
PLOD1,-0.14969419177405913,7
MBOAT4,-0.14974682541107376,3
RPL14-PS1,-0.1498140459361422,7
CES1H,-0.14987765392872987,3
ENO2,-0.14988684479898587,6
FMO6,-0.14988900868267566,3
TGFBR1,-0.149929314263505,7
ALKBH2,-0.14993029758241944,7
NYAP1,-0.14993706162888135,7
BCKDHB,-0.14994931468181685,7
KANTR,-0.14995367690302278,7
TRBV5,-0.15005962002840048,4
SNPH,-0.15014951824659564,5
FOXA3,-0.15016539445183769,7
ZFAND3,-0.1503290703346838,7
WNT7B,-0.1503550739395478,7
AU019990,-0.15037429570117725,3
ARMC7,-0.1504756020953886,7
TRAM1L1,-0.1505014389647371,4
SIPA1L2,-0.150570221193856,7
USP11,-0.15065391983063361,7
TRIM29,-0.15077348274023966,5
FEZ1,-0.15099870348257202,6
ELFN1,-0.1510102614020218,6
RBKS,-0.1510113011833745,7
BHLHE22,-0.1510225057190316,6
TMEM245,-0.15102539298805007,7
VASH2,-0.15111186765299303,6
KAT14,-0.15111236172857945,7
ZIK1,-0.15114713716445274,7
SLAIN1,-0.1512491451782952,7
TAF4B,-0.15141060731591557,7
MIR8097,-0.15142635765658438,5
ABCA17,-0.15155199874663344,4
PTGER1,-0.15161763231238043,7
ATXN1,-0.1516224704481812,7
GM11964,-0.1517487954438649,6
WDR93,-0.1517512941578259,7
MAB21L3,-0.1518821941910933,7
3110070M22RIK,-0.151968224775527,7
H2-Q7|H2-Q9,-0.15214632829458666,6
PRIMPOL,-0.15215245713463305,7
CXCL2,-0.1521634565675636,7
GM9895,-0.15217129372741392,7
SLIT1,-0.15225645643151153,6
CFAP52,-0.15226173097208515,4
COX2,-0.15227722333918484,7
AGRP,-0.15231943719597327,3
GM6345,-0.15236508175877408,7
TSPYL1,-0.15240474901094642,7
DACT2,-0.15242098644763,7
SORCS2,-0.15248761478461625,6
GM13421,-0.15255552705234196,3
MCEMP1,-0.15273651585127393,6
FFAR4,-0.15289455020821704,7
DNAI1,-0.1529593458578681,5
MTTP,-0.1530446688431153,7
VDAC3,-0.15306055106027955,7
ZFP473,-0.15324649666952075,7
GPR22,-0.15326045827974075,3
PNCK,-0.15330665738593155,7
HAS2,-0.15357298784815074,3
GBA,-0.15366952328043576,4
PKP1,-0.15372748610689954,7
GAL3ST2B,-0.15377280786159178,6
STK39,-0.15380227824881615,7
GM14140,-0.15388354502740076,3
DAPP1,-0.15415566747324863,7
PIK3R4,-0.15419817977814548,7
CCDC144B,-0.15420021820180502,2
CHRNA2,-0.1542266939644106,7
CCDC107,-0.15426953270821117,7
FCRL5,-0.15441938912312403,6
GM5846,-0.15445432900368525,4
CUL2,-0.1545645991139493,7
GRK2,-0.15460286141037385,7
TNKS1BP1,-0.15464724123636198,7
FBXO21,-0.15468550723305732,7
CYFIP1,-0.15481615332362814,7
AI662270,-0.15495829255126026,7
GM15743,-0.1550988137458323,4
ARHGEF9,-0.155102435644656,7
SLC5A3,-0.15524448757792994,7
ARRB1,-0.15531240110427655,7
MTRF1,-0.15552870826189702,7
SH3BGRL,-0.15556213541948766,7
ARSG,-0.15557274394042783,7
MON1A,-0.1555797588067423,7
WDR47,-0.15562123400191183,7
GJB1,-0.1556845416236045,7
ADPRS,-0.1556893083782582,6
CAR5B,-0.15573314825344808,7
GM35019,-0.15575911653239835,4
KCNH3,-0.15577889517330032,6
CCR5,-0.15615605741387584,7
GM7542,-0.15617812237340684,6
ENGASE,-0.15626088731328516,7
5830444B04RIK,-0.1563308879929004,6
GM6627,-0.15635686152104947,3
TBC1D8B,-0.15637930948512377,7
E230025N22RIK,-0.15638053678212455,2
GM45795,-0.1563927962839966,4
MUC20,-0.15643219426937197,3
RNF223,-0.15644302958872633,6
RPPH1,-0.15669686887884807,7
GNG5,-0.15672894706384996,7
2210417A02RIK,-0.15678350240357922,7
GM34466,-0.1568857383699764,3
RPAP2,-0.15691241548906396,7
DTL,-0.15701627526134043,7
MCM6,-0.15705454736111513,7
ZC2HC1A,-0.15706712200934878,7
IMPDH2,-0.1571176240151963,7
RGS17,-0.15715089064265148,7
CCNE1,-0.15717927301238158,7
THEMIS,-0.15720764795491676,7
4632404H12RIK,-0.15723482885848103,7
TSPYL5,-0.15728222697363461,7
EXO5,-0.1573134646328404,7
SLC49A4,-0.1573768028963624,7
GM18959,-0.15742594484952216,3
GM48432,-0.15744957982698285,6
MYO15B,-0.1575022807751407,7
GM29797,-0.15751837988536513,5
NBR1,-0.1575310313126022,7
CHAF1B,-0.15764770032227032,7
CRABP1,-0.15765632518248382,3
GM5451,-0.15769334140395574,4
GM7407,-0.157702533331236,4
BTBD2,-0.1577406563133932,7
ZFP286,-0.15791285576540928,6
WDR45B,-0.1581335732620997,7
FDX2,-0.15829181117688962,7
ZNHIT1,-0.15844545227825407,7
LILRB4A,-0.15855923583542686,7
DDOST,-0.15858458594384786,7
ACKR2,-0.1585941868885374,7
SLC7A6OS,-0.15865406293600223,7
CDS1,-0.158658847536761,7
CSNK1A1,-0.15866583213242144,7
EPN3,-0.15867437270406115,7
RPS15A-PS7,-0.158710272532981,7
DDIAS,-0.1587858962535091,7
COMT,-0.15913650983677075,7
TAS2R137,-0.15926698726217614,5
E330021D16RIK,-0.15929072551393708,2
C030006K11RIK,-0.15935510648734633,7
MAU2,-0.15946762128670752,7
REV1,-0.1595037075075553,7
RASSF5,-0.15959180041087392,7
A930005H10RIK,-0.159633538656027,7
SERPINB11,-0.1597029144980591,4
IGKV6-17,-0.15972036698573758,5
KCNA6,-0.15990053490589362,6
N4BP2L1,-0.15997566032202726,7
DNAH10,-0.16001073793543513,5
SOX12,-0.16025022992955532,7
IZUMO1,-0.16027372629285966,5
SNORD3A,-0.1603809046782568,6
CHRNE,-0.16047582190418194,6
GM17308,-0.16051312201798568,3
PACRG,-0.16057030126381103,6
SEMA3A,-0.16076138128883072,7
DGLUCY,-0.1607624475370241,7
FAM25C,-0.16083591606173753,4
CARD10,-0.16083897379946846,7
GM36185,-0.16086437179668867,3
4930513N10RIK,-0.16091289534452066,7
BMP7,-0.16096885347716008,7
TMEM87A,-0.16097238672110992,7
RNASEL,-0.1610483015635725,7
1700056E22RIK,-0.16113758572294468,7
PLEKHD1,-0.16114417219383495,6
GM1968,-0.16130441254278294,4
CHMP4B,-0.16133536100902163,7
CYP2U1,-0.16137521557893444,7
LEAP2,-0.16143525998374078,7
HMGB3,-0.16145038300012748,7
NEDD8,-0.16149034972878556,7
HPSE2,-0.1615401491421095,4
B3GALT1,-0.16156604394471547,7
PINLYP,-0.16168276236553866,4
FAM177A2,-0.16170429333562322,7
RPSA-PS12,-0.16170610994259102,5
WDR19,-0.16174494730009323,7
MFSD5,-0.1617571552250066,7
TMEM168,-0.16176749577159802,7
CDYL2,-0.16182633985225822,7
CDKN2AIPNL,-0.1618692887429097,7
GM26132,-0.16189303638850147,2
ERMARDL1,-0.1619203232915794,3
RPN1,-0.16195833425541015,7
TINAGL1,-0.16216597443969422,7
GM16675,-0.16223271030964032,7
OLFR60,-0.16229225050384755,2
HSPH1,-0.16229368312456213,7
2810459M11RIK,-0.162358066520935,7
A930012L18RIK,-0.1624030721947681,6
ERO1A,-0.16240864481549494,7
SIX5,-0.16249583312174384,7
TUT4,-0.16251902040695293,7
DIPK2B,-0.16257907723157516,6
CDC42EP1,-0.16260662846363308,7
IMPG2,-0.1626601362145566,7
ATF1-PS,-0.16266834128451013,5
MPC2,-0.1627333932818633,7
ESCO2,-0.16273913387612948,7
CHIL3,-0.16274659621499143,7
CYS1,-0.16286108401430863,7
VTCN1,-0.16289481937320757,7
LMOD3,-0.16290782981865698,7
SMYD2,-0.16300635206793052,7
GM16063,-0.16303237979627339,6
GM48552,-0.1630438651789611,6
PLAUR,-0.1630456822388157,7
PROM2,-0.16330940380528627,6
SLC12A7,-0.1633126951868938,7
ZFP862-PS,-0.16333522556584396,7
FBH1,-0.1633881387848744,7
PIRA2,-0.16348113695091696,7
RTN4RL2,-0.16349642214312057,7
S100A8,-0.1635161647991527,7
GM11598,-0.1636642866914921,3
CDSN,-0.16371012700658438,5
PCDHA5,-0.1638131812787508,3
MMP25,-0.16384799924971025,6
NPY4R,-0.163852928495111,3
IVNS1ABP,-0.16387196220004638,7
PPEF2,-0.16389603376418851,6
KLHL29,-0.16398886800214899,7
INTS6L,-0.16410757870813408,7
GM17619,-0.16423030431591573,3
GM10825,-0.16425780996714176,5
CLEC5A,-0.1642956217636986,6
SLC2A6,-0.16433047329028824,7
PCX,-0.16434497151760777,7
GM9176,-0.1643665798140642,3
GM6394,-0.1644037808465732,5
ELOVL5,-0.1645450215993269,7
GON7,-0.16460998610468594,7
HYCC2,-0.16466214357679534,3
LYPD3,-0.16477815202697765,4
PLOD3,-0.1648513328628678,7
LONP1,-0.16491466023442025,7
EOGT,-0.1650604412121539,7
SCHIP1,-0.16507278074272871,7
SPMAP1,-0.16513681415188,2
GM7536,-0.16517159046828486,7
NUDT4,-0.16520479061449275,7
GATAD1,-0.16533954624430386,7
HPN,-0.16544430795087475,7
2300002M23RIK,-0.16549534185489148,4
2310039H08RIK,-0.165531129172292,7
POMC,-0.16568385729507698,7
ST14,-0.1657145991931482,7
RXYLT1,-0.16576868277003998,7
VAMP4,-0.16580049607576816,7
NPY1R,-0.16584210567874944,6
SKP1,-0.16585943550132404,7
A730008H23RIK|HJURP,-0.1658647592287021,6
GM15710,-0.16592519236362696,6
IL20RA,-0.16599317882262943,4
SMPD1,-0.16602455039838215,7
GM5084,-0.1660279656217808,2
NR4A3,-0.16604591499665808,7
PHF24,-0.16611436026353316,7
SCD2,-0.16612238299154122,7
TACSTD2,-0.16619472923872003,6
LOC118568368,-0.16624488589432357,2
GM11249,-0.1662668246284902,6
ACVRL1,-0.16627273788430763,7
GPX4,-0.1663868956070202,7
ACVR1C,-0.1665890257175447,7
SLC22A18,-0.16665642043460385,7
GM5869,-0.16666832861182018,7
FBL,-0.16692136849413072,7
SLC27A4,-0.1670421884131162,7
PRR3,-0.16705079954128352,7
H2BC9,-0.16710356616289238,7
CCL6,-0.16716559135638895,7
PTK6,-0.1672510475773826,7
TLCD2,-0.16727312467124955,7
CLTC,-0.1673185617503395,7
RMDN2,-0.16732808547649056,7
UACA,-0.16740221329085822,7
SAR1B,-0.1674084663996247,7
POLR3F,-0.16747027039074527,7
TARBP2,-0.16749187196408113,7
RPS13-PS1,-0.16757866679713995,7
PKNOX1,-0.16766959935089504,7
GM15790,-0.16786079132949763,3
CD300A,-0.16786432179682395,7
GM6123,-0.16805671831010893,6
GM525,-0.16806635794826266,4
PRG3,-0.1681236658195636,2
BMAL2,-0.16812540830690206,3
GM22661,-0.16822626847270955,2
CCDC167,-0.16831460371399118,7
SNIP1,-0.16834644935194198,7
IL17D,-0.16835435376810717,6
KANSL2,-0.168393491533303,7
GJA4,-0.16846614934317708,7
PYGL,-0.16850693957240634,7
D2HGDH,-0.16855502935931527,7
CD209C,-0.16867306494894022,6
CCR4,-0.16868247834439767,6
NT5DC2,-0.16869594495960097,7
SLC22A4,-0.16876301394243517,7
SMDT1,-0.1688166587717763,7
2410003L11RIK,-0.16885992646629955,4
UGT2B5,-0.16888431621487054,7
CELSR3,-0.16896186358914225,6
AMY2A5,-0.16902676351309773,6
TMEM150B,-0.1690752848374049,7
H4C16,-0.16913033168113364,3
LYPD6B,-0.16913975522683347,6
GM7085,-0.16914474947851485,3
ANO2,-0.1693046519080556,5
ZFP804A,-0.16932977721979361,2
CAV1,-0.1693456558552508,7
THY1,-0.16937804985532118,7
TEKT5,-0.16943174907174802,4
STOX1,-0.16952665104267073,7
A530032D15RIK,-0.16956431325581472,4
SOCS2,-0.16959118096176384,7
GM17040,-0.16967748153765308,3
RERG,-0.16968042189785723,7
ALDH3A1,-0.16977933141937918,7
PCDHA8,-0.16978412357168068,3
B3GNT3,-0.1698107349766867,7
ATP2C1,-0.1698134764545296,7
SNORA34,-0.16987923341650737,3
GM9030,-0.1698823505924454,3
ABCB8,-0.16994851758469903,7
SORT1,-0.17000518129311112,7
SPRTN,-0.17000616032572724,7
GM22711,-0.17010922239128667,4
KIZ,-0.17013381916574502,7
GPR20,-0.17015503336145335,3
ZMYM5,-0.17020418803673415,7
EBF3,-0.1702728323054686,6
EXTL3,-0.17039632436506236,7
BC049715,-0.1704247676222388,7
IIGP1C,-0.1705411180696321,3
PIP4P2,-0.1706481993509366,7
CD200R4,-0.1706934563442575,6
CKAP2L,-0.17074451028085338,7
PRR13,-0.17078277219407006,7
GM39822,-0.17090302135994428,6
SPRR1A,-0.17097693557193877,4
LIX1,-0.170989146533298,7
PRAMEL12,-0.17100057241012045,7
NOVA2,-0.1710069360450514,7
LRRC28,-0.17108169694265718,7
CATSPERD,-0.1710873072887187,7
SNRNP200,-0.17114581161126693,7
ATP9A,-0.1712192492536268,7
HIKESHI,-0.17123525223688038,7
GM25682,-0.17139597582713936,5
RSPO2,-0.17143445302793012,4
CIAO1,-0.17145692852756422,7
DNTT,-0.17147026223173506,7
CPA4,-0.17149660451748364,4
AI847159,-0.1715858302108804,3
HPD,-0.17162279341377298,7
KLRB1A,-0.17163189901396403,6
TRGC1,-0.17167607336180113,6
GLO1-PS,-0.1717418246742968,7
ATPSCKMT,-0.17174975543680868,7
AI854703,-0.17179000258515809,6
ARPC2,-0.17182736236297477,7
IL1BOS,-0.17195987846758515,7
MRPS31,-0.17208900798445675,7
DGKA,-0.1721118955006691,7
NR2C1,-0.17218177251253228,7
F630028O10RIK,-0.1722393856099491,4
SLC22A13B,-0.17225749947567476,7
SPRY4,-0.17228888499241574,7
CNNM2,-0.17242541251482058,7
5930438M14RIK,-0.1724324105469629,4
AKAP11,-0.17247321896501783,7
CFAP45,-0.1724758867317649,7
NCLN,-0.1724976222028704,7
ALKBH4,-0.1725526762159927,7
ARSB,-0.17263467043704023,7
TEP1,-0.17264607512982866,7
LOC671917,-0.17265811305281345,6
TUBD1,-0.17266740466787706,7
SP100,-0.17290951820328765,7
GM5456,-0.17293504362070086,6
KRT78,-0.17307104844426413,4
SLC7A3,-0.1730782537022776,5
EIF2S1,-0.17309495169707853,7
SEC14L1,-0.17310573473469226,7
ZKSCAN16,-0.17314719596574618,5
SMAD5,-0.17324142499291414,7
RMDN3,-0.17332890698595363,7
PHACTR1,-0.17334219036138968,7
BTBD16,-0.1733899107168173,3
A330049N07RIK,-0.1734479751667776,3
SNORD67,-0.1736368595680851,5
KCTD14,-0.17367547777613992,6
ELFN2,-0.1736788029094767,4
PLA2G5,-0.1737423313812471,6
SERPINA3M,-0.1738495928077186,7
GATA6OS,-0.17387322954555204,7
ZBTB44,-0.1738762884983403,7
IGKV12-89,-0.17405926848457293,5
POLA1,-0.17409317019746615,7
LZTR1,-0.17416919587743962,7
PSMD8,-0.1742186589585906,7
TRP53I11,-0.1742551590138303,7
SNX25,-0.17428023456950265,7
TMEM191C,-0.1743113156404978,4
GM15723,-0.17453345455058802,6
GM5845,-0.17462583909703513,3
COL23A1,-0.174868043886184,7
PCDHB20,-0.17487833555558396,6
NAA20,-0.1749287278448612,7
CYP4F18,-0.17498656042959593,7
MEIOB,-0.17499983544213318,7
FAM124A,-0.17500116890626657,7
H2-M5,-0.17518059053457838,5
NEURL1B,-0.17518537848343357,7
FNDC8,-0.17537271739650304,6
EDC4,-0.17545301722043588,7
CHST12,-0.1755208938390155,7
SNORA73A,-0.1755264606538058,6
OLFR1259,-0.17556286659942136,3
SAMD13,-0.1755739914579201,3
GVIN1,-0.17557950983912654,7
SF3B2,-0.17558613122549335,7
CYP4A12B,-0.1759581835726901,6
GSTM3,-0.17602763492101992,7
GM13572,-0.17607059991084717,3
CHCHD3,-0.17609327595591262,7
AKIRIN2,-0.17614703267340617,7
MICALL2,-0.17614907327247278,7
TMC3,-0.1761863855351945,6
SLFN1,-0.17620697906561109,7
RPS8-PS1,-0.17631697344611072,6
SANBR,-0.1763195994879995,6
AGPAT1,-0.176435979467773,7
CDR2L,-0.17650366867252895,7
PON1,-0.176571484906786,7
EIF2S3Y,-0.176603416645508,4
CD38,-0.1766075509114307,7
GM9794,-0.17672290754851203,7
WDR31,-0.17677601312492497,6
LMF1,-0.17681807677427797,7
MARCHF5,-0.17690531751883068,7
PWWP4A,-0.1769695070664421,4
PABPC4,-0.17720513158541726,7
MAMDC4,-0.17722473758886956,7
ZFP366,-0.17731004997444907,7
ARHGEF40,-0.17732309011032724,7
GTF2H1,-0.17733553278210698,7
GM15772,-0.1774467013872382,7
ITGAV,-0.17748248548777204,7
CCDC196,-0.1774847717553408,2
EPN1,-0.1775267821519412,7
UBE3D,-0.17758620481173928,3
HEYL,-0.177683224147925,7
GM13822,-0.1776968701473911,2
DNAJC4,-0.17772730855107857,7
RHO,-0.17773581142233139,6
ADAT3,-0.17775085096199242,7
CDC42SE2,-0.17775834945930988,7
PRR12,-0.17783046267490296,7
SETD3,-0.17784545721486839,7
COA3,-0.1778586503124728,7
SNX8,-0.17789274647360126,7
CYB561,-0.1779589554141924,7
PCDHB4,-0.17800019528055433,6
SPAAR,-0.17828804803847587,7
CRTAM,-0.17830320112963363,6
SCARA5,-0.17846262726948076,7
GFRA2,-0.17850554968564034,7
SYT14,-0.1785168019443715,5
4921513I03RIK,-0.1785437709313946,2
BAG5,-0.17862513136715202,7
DYNLT1A,-0.17862602428292068,7
AKR1C13,-0.17863128261399527,7
BTBD3,-0.1787331665602223,7
GABRP,-0.17875732096723435,5
IGKV14-130,-0.17877218904224854,2
IFT20,-0.1789563128481046,7
VPREB1A,-0.17897601591926005,3
VMN1R197,-0.1790074114478606,2
IGKV1-117,-0.17904374241620843,6
IGHV1-63,-0.17905669155419202,3
SAMSN1,-0.1790600674393891,7
MSN,-0.17912119952929778,7
3110045C21RIK,-0.17916905756096962,7
DYNLRB2,-0.17932020576475388,5
EPCAM,-0.17937452661788664,7
SATB1,-0.17948924071362457,7
EEF1G,-0.17949184836099003,7
HSF4,-0.17952202644535895,7
WIPF3,-0.17955717601297688,7
NAT1,-0.17961137071156072,7
4632428C04RIK,-0.17972369286776665,7
TMEM98,-0.1797395160850164,7
DHFR,-0.1797873234937881,7
SPCS3,-0.17993408094163296,7
BMX,-0.18003577637495918,6
GM5122,-0.18003585940382819,3
FAM118A,-0.1800404250693303,7
BFSP2,-0.1801428602577277,4
PPM1J,-0.18025209363572475,7
GM11185,-0.18031125660069353,4
CIAO2B,-0.18035584684418574,7
GM4849,-0.18036793903172038,2
BEAN1,-0.1804677731881031,4
SNRK,-0.18054961418065835,7
EPB41L1,-0.1805877214479509,7
TMEM132C,-0.1806485068631909,6
MECP2,-0.18066693858040336,7
ZFP652OS,-0.1807742577081803,7
OR5P52,-0.1807927053990191,2
RNF11,-0.18080675621690356,7
P4HB,-0.1808773893956788,7
CD300LF,-0.18096509188794752,7
SLC25A46,-0.18105074858620926,7
SLC12A2,-0.1811052465868431,7
HLX,-0.18112980550901597,7
IFIT3B,-0.18113140270926417,7
CMTR2,-0.18115100373346021,7
RASGRP1,-0.18115518638131414,7
GM22866,-0.18115691505222267,5
9130015A21RIK,-0.18123650426677596,3
SACM1L,-0.18125587898296994,7
FBXO17,-0.18126323012212953,7
VAT1,-0.1812906122913453,7
PHF7,-0.18137351041023297,7
PLXNA4,-0.1815004892695899,7
PCDHGA1,-0.18162882110667786,6
CIAO2A,-0.18167932767086017,7
PTP4A2,-0.18173032890675606,7
APOL7B,-0.18178507061657534,6
SHLD3,-0.18185017907148296,3
ZFP763,-0.18190912229044745,7
KPRP,-0.1819935096343126,3
CRABP2,-0.18202020611000516,4
E230029C05RIK,-0.18205028890253777,7
GM7476,-0.18212565949178017,6
RN7SK,-0.18214270996712367,4
B020031M17RIK,-0.1821873795641549,2
KRT10,-0.18220305812280396,7
MIR3069,-0.18222800941783893,4
TPBGL,-0.18226249824859012,7
NAA60,-0.18251298773267813,7
VMN1R184,-0.18254176379545486,5
FZD1,-0.18262447008102045,7
IGHV1-84,-0.1827004059432302,3
GM6566,-0.1827608549652829,7
SPATC1L,-0.1827672541685967,7
SLC8A3,-0.18277158670221907,6
SLC46A1,-0.18279298417401288,7
GM4540,-0.18280789415979762,7
MYB,-0.18285770628791265,6
DLGAP5,-0.18292086877855054,6
GUCA1A,-0.18304325599187196,7
CYP2C65,-0.1830456380091075,4
ZFP982,-0.1830694159973798,7
EFNB2,-0.18310514347330845,7
GM8177,-0.18312780688544275,5
PPCS,-0.1833507376482343,7
GM8226,-0.18338245840632486,7
SLC4A7,-0.18338866079995103,7
GM16104,-0.18348219270941332,6
CHMP2B,-0.18350057854268734,7
GM11953,-0.18351084398049705,5
CACFD1,-0.18351115575738988,7
SLC23A4,-0.18359617510582962,5
CLEC2G,-0.18359964877338508,3
NTHL1,-0.1836083823194021,7
AU040320,-0.1836158149359102,7
PRMT9,-0.1836562203996192,7
GM7575,-0.18379981228890638,3
IL12RB1,-0.1838447499973566,7
CLDN14,-0.1839578975456326,7
BC055324,-0.18402052124656215,4
A330040F15RIK,-0.18430303637633405,7
CTNNAL1,-0.18444258994248625,7
ARRB2,-0.18444941386301344,7
1700011L22RIK,-0.18447603191358042,3
NAIP1,-0.18455477232574918,7
BC002059,-0.1845780874797421,7
CES2B,-0.18460286653634728,7
GNB2,-0.18461247005096265,7
SMIM12,-0.1846136960443958,7
PLK1,-0.18469773609248158,7
DUSP13B,-0.1848176158056704,2
WDR97,-0.18484541517026168,3
SIRPB1A,-0.18484997226866026,6
CMKLR1,-0.18494647232346514,7
LTBP1,-0.1852435908837467,7
RUFY4,-0.18525964774418166,7
TNS3,-0.1853251348291128,7
TRIM6,-0.18554922266647475,7
RPS17-PS1,-0.18556266242171315,6
SLC66A2,-0.18560490302259744,7
TMEM64,-0.18570802770831948,7
KLC3,-0.18575698659038517,7
TEKT1,-0.1857812577347626,2
RRAS,-0.1857922347117829,7
CHST1,-0.18579993945680306,6
CHPF2,-0.18590801545851207,7
DACT1,-0.18608446778013973,7
USP43,-0.1861551175179818,7
FAM221A,-0.18617948797092532,7
FITM1,-0.18620088706212298,7
XPC,-0.18628930585576295,7
FOXC1,-0.18629101509088306,7
SAA3,-0.18635765498308118,7
TRIOBP,-0.1863765700790744,7
CCM2,-0.18642599698642565,7
ULK1,-0.18649148103904675,7
MST1,-0.1864980011739697,7
SMCO4,-0.18667064653710214,7
SH2D4A,-0.18667845341480804,7
GM10069,-0.18676673226909948,7
NOBOX,-0.18676827261070691,4
CUL9,-0.18700524340719873,7
PLA2R1,-0.18700893078803132,7
MIPOL1,-0.1870347471978733,7
FXN,-0.18713476108889182,7
GLB1L2,-0.18714101724917054,6
DRG1,-0.1872047071995831,7
GM19410,-0.1872048660207711,3
ABHD2,-0.1872916690151461,7
SPATS2L,-0.1873569207979015,7
MECR,-0.18735816218275272,7
UBE2G1,-0.1873905158036054,7
PTPRB,-0.18746117552016134,7
SLC26A8,-0.18747018493985387,7
PRSS53,-0.18749861832574588,7
ANXA13,-0.18750414560208564,7
IRAK3,-0.1876791071087374,7
ETF1,-0.18772871251076875,7
TIMP3,-0.18781346456336895,7
4930519F16RIK,-0.18787284908031737,4
UBE3B,-0.18789302389360432,7
PNPLA5,-0.18790684114683603,7
SLC17A3,-0.18796718907691834,7
MYO7A,-0.18815244214361648,7
PGPEP1L,-0.188165873076464,6
HARS2,-0.18834207902049124,7
EDA2R,-0.1883963942925888,7
ZFP708,-0.1884077057951242,7
HK3,-0.1884129176376439,7
KLK7,-0.18849569142981976,4
ELP6,-0.18861772286210185,7
OSBPL10,-0.1887128247310838,7
URGCP,-0.1888350771004055,7
PODXL,-0.18896953804582708,7
MSC,-0.18898986505329798,7
TLR6,-0.18899330305868883,7
ZFP526,-0.18903288960446055,7
ADIPOR2,-0.18917549747578263,7
PRRC1,-0.18930526576446804,7
CCDC22,-0.1893057353327156,7
DERL2,-0.18935511845983993,7
TBC1D32,-0.18949436475397455,7
TRIP10,-0.1896372179504977,7
ZFP758,-0.18968322773731747,7
PSMB10,-0.18973957703114638,7
ZFP182,-0.18988682241147403,7
HKDC1,-0.18993239000523318,7
RPL7A-PS7,-0.1899489422298255,4
GM5805,-0.18997062442488774,6
TRP53,-0.18997756214793135,7
COL4A5,-0.190146263421321,7
D17H6S56E-5,-0.19024037121837348,3
PDGFRL,-0.19037456684242235,7
SLC15A1,-0.19037460810794907,6
KLRA6,-0.19059377229260938,2
VMO1,-0.19065011032578955,7
CATSPERG1,-0.19073920249146845,7
TACC3,-0.1907550715231498,7
A830035O19RIK,-0.1908443604019792,7
SOD1,-0.19084899811469344,7
BUB1B,-0.19085088397060956,7
GNA14,-0.19090480461372825,7
KLRA13-PS,-0.1909553588358926,5
ADGRB1,-0.1910073384359675,5
PHKB,-0.19105281233982233,7
UGT1A7C,-0.19111859511074444,7
GM44502,-0.19115790858637022,7
SIGLECH,-0.19116417748524425,7
ARL5B,-0.19122803441120764,7
B230319C09RIK,-0.19125297805838803,7
LPIN1,-0.19135240977914922,7
MAP1LC3B,-0.1913759388665778,7
VKORC1L1,-0.19152216082922421,7
GM15328,-0.1915585624148943,7
IKBKB,-0.19165612789383304,7
4933440J02RIK,-0.19167084801930942,4
OLFR1396,-0.1917600097414351,4
XLR3B,-0.19182195169787095,7
OSER1,-0.19183477826098042,7
STMN1,-0.1918644383043151,7
SNORD83B,-0.19198617570651808,6
PYGO2,-0.19199585100988337,7
B230206L02RIK,-0.19202500315126972,6
PGAP4,-0.19204521536829905,7
LAT2,-0.19204659227239498,7
INHA,-0.19219126213192328,6
DIPK2A,-0.19219757274449425,7
NIBAN3,-0.19233813437217748,7
LONRF1,-0.19242417338332493,7
METTL9,-0.19243253334843616,7
RPS19-PS1,-0.19245179178722666,5
RPS19-PS2,-0.19245179178722666,5
SKAP2,-0.1925299569525397,7
MATR3,-0.19253008082608966,7
TNFRSF9,-0.19255919089257345,6
ACSBG3,-0.19256803078679427,3
2700099C18RIK,-0.19261937722926697,7
TSACC,-0.19268797623480483,7
SNX9,-0.19276553470948773,7
MLX,-0.1929620316745726,7
LGALS8,-0.1932260966091289,7
GTF3C4,-0.19330699662387138,7
GM6493,-0.1934615333622647,7
TPK1,-0.1935359452550504,7
GAS1,-0.19377523913989572,7
SULF2,-0.19380442464215336,7
GM18537,-0.19384022927023578,3
RAB5B,-0.19385406571642674,7
CENPQ,-0.19385654360247612,7
AA467197,-0.19390304578267226,6
LMOD2,-0.19401811732731064,7
TMEM68,-0.19410314225375552,7
CCN5,-0.19414195962939018,6
CD244A,-0.19415161214412466,7
DECR2,-0.19417693993956833,7
A330069E16RIK,-0.19417736084002565,3
FGF2,-0.19421722591998897,7
GBE1,-0.19426688413369592,7
S100A9,-0.19470548033272675,7
NCOA3,-0.19470630193548472,7
FBXO39,-0.1947210808095199,3
THEM4,-0.1947397165520699,7
HR,-0.19476184233558652,7
SCGB3A1,-0.19484881598799245,6
TRBV2,-0.19489088723385972,4
4930455G09RIK,-0.19493947920532873,4
ZFP574,-0.1949912359248401,7
SLC25A51,-0.19507436338184828,7
2810403D21RIK,-0.19507876968914353,7
RAB4B,-0.19512573391388674,7
HIBADH,-0.19528049219766178,7
HSPA9,-0.19534157154139958,7
PHACTR3,-0.19541905306259952,6
PRR36,-0.19550063860768666,7
AKT2,-0.1955514336147508,7
GM23201,-0.19559665199662335,5
A530064D06RIK,-0.1956097380999905,6
9130019P16RIK,-0.19568514983904867,5
1700102P08RIK,-0.19570867273311335,7
RCBTB2,-0.19573488211274923,7
ASB5,-0.19577081330390653,6
GM18113,-0.1958219871320036,3
GM7741,-0.1958689831867099,6
TIGD5,-0.1958786488599714,7
KLK10,-0.19596802343555525,4
EZH1,-0.19600075576610454,7
4933439K11RIK,-0.19602299549170699,6
CPNE4,-0.19604786765196713,3
VMN1R201,-0.1960611900523196,2
STX8,-0.19617304497504742,7
PRRC2B,-0.19623167798631086,7
PSMD13,-0.19640938763705584,7
GDPD1,-0.19643291459272372,7
GM48551,-0.1964580179767416,6
EIF4EBP2,-0.19648625510823076,7
GM22363,-0.19648768717384044,5
F730043M19RIK,-0.19648972268469622,6
GDE1,-0.19650393751006176,7
MIA3,-0.1965482615525926,7
RAG1,-0.1966937729345925,5
TCIRG1,-0.1967015320999548,7
MDFI,-0.19673776675924076,7
ZFP968-PS,-0.19679240098589837,4
SRL,-0.19693844887437845,7
PRSS30,-0.19694418932503016,7
FOXJ1,-0.19702752011680996,7
LRRN1,-0.1970635023358649,7
ABCA5,-0.19710377645725569,7
GM15133,-0.1971754222240055,5
GM11696,-0.1972007717080115,7
INIP,-0.19726173342984163,7
KLHL9,-0.19737848609997152,7
GM46545,-0.19742281368934306,5
GM5345,-0.19743482881487787,3
CYSRT1,-0.1974393509582728,4
DOCK7,-0.19745102739711243,7
6430710C18RIK,-0.1977116063149512,6
GPR52,-0.19785602881948328,3
GM16793,-0.19793060548349814,7
SMOC1,-0.19794227655483354,7
GM37500,-0.19796431699765019,5
TSPAN18,-0.19810284620470858,7
CTCFL,-0.19811916966009444,7
CREB3,-0.19815545729753348,7
CFL2,-0.19828662177210274,7
GSTP2,-0.19839823790174035,7
GM57565|GM25291|GM57668,-0.1984405882852773,2
E330034G19RIK,-0.19856702239525958,2
CCL22,-0.19861408187447324,7
TMEM121,-0.19877365430110455,4
CCZ1,-0.1988307533307038,7
MPPE1,-0.19893844020034665,7
TYR,-0.19899197058073886,4
B230208H11RIK,-0.19899290611045126,7
F13A1,-0.19912464375189373,6
PRODH,-0.19914425868784777,7
GM15267,-0.19921921866323392,4
NAT8B-PS,-0.19923665321089615,6
SEMA3G,-0.19926540485106736,7
ASAH2,-0.19927312060322677,7
RBM14,-0.1993546074615291,7
JOSD1,-0.1993659957123118,7
GM9920,-0.19937080117137793,7
CCDC126,-0.19938493842221636,7
DNAJB4,-0.19943327839487973,7
CRYGS,-0.1994416198791361,6
RCN1,-0.1994620390829489,7
FSCN1,-0.1996194349351931,7
GNA15,-0.19963875847456006,7
SELENBP2,-0.19965780334016267,7
CLEC1B,-0.1996605650744784,7
MEN1,-0.19970287812734996,7
CD200L1,-0.19971054036171512,3
LCE1H,-0.19978799591216076,3
LCN8,-0.1998050769541166,5
CLMN,-0.1998572216532198,7
KCNK7,-0.19987899929995187,3
CINP,-0.19989124725266433,7
SNRPN,-0.19991444903802752,7
DDX19A,-0.19992650137905002,7
BASP1,-0.19995692305853893,7
SLC25A33,-0.20008767479986553,7
SSH3,-0.2001176534844434,7
IGHV1-76,-0.20020836110542448,2
CUL3,-0.20021329002668295,7
MYZAP,-0.2002309824448449,7
GM31763,-0.20029723043839912,4
SBK2,-0.2003140458598493,5
SEC31B,-0.20031712201771135,7
FHL4,-0.20033229371032257,6
SPRR2A1,-0.20033977084510984,2
ETFRF1,-0.20038387370360988,7
KIFC1,-0.20041004393105055,6
SLC22A23,-0.20046813673790784,7
HBB-BT,-0.20047351026846047,7
TRMT61B,-0.20051139789415992,7
TXNDC11,-0.2006256778018689,7
TRMO,-0.20072184004067992,7
AAR2,-0.20079482683779698,7
CCDC177,-0.20087166869698636,4
TMEM71,-0.20092773602422703,7
PAQR6,-0.20094081426456434,6
RNASEH1,-0.2009447402526823,7
GM17089,-0.20096910735067222,4
WNT4,-0.20107651698360599,7
ECE1,-0.2010805092507271,7
RTL8C,-0.20110611146067153,7
VTN,-0.2012133006583976,7
OSBPL5,-0.201257131705508,7
GM7859,-0.20134150633305184,4
SNHG16,-0.2013514708716581,7
PRDM1,-0.20135244534242416,7
TOM1L2,-0.20135927902532666,7
A730081D07RIK,-0.20137066406134352,6
WDR83OS,-0.20137750340455465,7
IL2,-0.20141595690374473,3
UBE2Q2,-0.20146935693511758,7
FBL-PS2,-0.20155588102903943,7
MUC5AC,-0.20157545866899196,3
RPL34-PS2,-0.20160024393199108,6
TRIM5,-0.20178294087118923,7
GM3675,-0.20208668857144904,2
GM25483,-0.2024279087699619,2
VEZF1,-0.20252242185591296,7
ITGBL1,-0.2026389076212402,7
KLRA1,-0.20266443491677136,6
MORRBID,-0.20267718499119258,7
ATP5J,-0.20269761022494925,4
ACAD8,-0.20280271989277487,7
NTSR2,-0.20284448910443076,4
CALB1,-0.20294615949179198,6
GM14305,-0.20304070902686072,7
GM23650,-0.20307048535544237,4
ALKBH6,-0.203179484935222,7
BAG4,-0.20321931185003997,7
5930430L01RIK,-0.20332735306095137,7
GM4600,-0.20339716935679544,3
A530013C23RIK,-0.20341569978779694,7
CIDEB,-0.20343615194362213,7
ZFP169,-0.2034832261668415,7
SNHG5,-0.20353978069569342,7
TNIK,-0.20357081890449935,7
AI593442,-0.2035857765545942,4
RPS6KA1,-0.20360726989321215,7
GJC1,-0.20389333919925717,7
GOLM2,-0.20394317012518046,7
CCNL2,-0.20402418876691,7
2610027K06RIK,-0.20412949638546607,6
RPS11-PS2,-0.20415575673198869,2
ICOS,-0.20440141950438617,7
MRPL32,-0.20472680515822925,7
GM7049,-0.204790850696977,4
CDH24,-0.20485564790483674,7
NXN,-0.20487341556620692,7
CISH,-0.20488020700485757,7
EYA2,-0.20493507301055355,6
INSR,-0.20494636625996776,7
THBS1,-0.2050784555530541,7
H2-T3,-0.20510877767966468,2
APOB,-0.20512626758201966,7
LPCAT1,-0.20523923356725834,7
HAGH,-0.20525225742394376,7
ARAF,-0.2053896604407985,7
TMEM251,-0.20542087772354115,4
DPM2,-0.20544762209572026,7
4930590J08RIK,-0.20571434351062773,7
RPSA-PS1,-0.2057355187430501,4
CD28,-0.2057655648296825,7
IFITM3,-0.20583731893099352,7
MPLKIPL1,-0.20583991122330825,2
ORM3,-0.20586752295366365,7
RUBCNL,-0.2060685399779301,7
DLGAP4,-0.20611612454064618,7
CYB561A3,-0.2061718018365694,7
PHGDH,-0.2062188705291204,7
GM22767,-0.20645311402286587,5
FBXO25,-0.2068001593418546,7
HHIP,-0.20683164859080203,7
PDXK,-0.20713835658960358,7
WRAP53,-0.20719497075364718,7
GPR4,-0.2073781123156089,7
SARAF,-0.20741010052445155,7
CAMK2N2,-0.207418444712824,7
PAX8,-0.20744166717855345,4
TCF19,-0.20751981852009554,7
PIGBOS1,-0.207538396276862,7
IRF7,-0.2076222818080334,7
GM5281,-0.20762961789648965,5
ITGAE,-0.20763485594796954,7
CD109,-0.2076700610938911,6
ARF3,-0.20772269655824857,7
B130034C11RIK,-0.2077312996320982,7
GM34333,-0.20788164611741036,7
SGTA,-0.20794172369707908,7
MUP2,-0.20799360103577968,7
GM11110,-0.20799759050927089,6
JKAMP,-0.20808035315329818,7
DDX47,-0.20810138926152402,7
4930433N12RIK,-0.208169061063465,4
SNHG18,-0.208219075409374,7
RPL7-PS9,-0.20843423051592044,7
GRHPR,-0.20851179782029577,7
PHRF1,-0.20853853835634797,7
GM38410,-0.20866404921389536,6
GM9320,-0.20870904193016374,6
FAAP100,-0.20881655796554985,7
PLPP1,-0.20885406390167724,7
HEPACAM,-0.20887975033767087,5
GM24134,-0.2088940196021502,4
ADGRA3,-0.20889546112483753,7
EFCAB11,-0.20895782687580125,7
LAMTOR1,-0.2090072355673982,7
TMX4,-0.20905727591937753,7
KANSL1L,-0.2090576903112089,7
GM16044,-0.20906173484581647,6
ZFP871,-0.20909961995013565,7
SLC39A12,-0.2091419753578534,7
AKR1C14,-0.2092268903831513,7
KCNA2,-0.20938819138512277,7
INPP5K,-0.2095074173591754,7
GM14393,-0.20954705087850709,7
ZFP541,-0.20954927011314464,3
TFAP2E,-0.20955116503650295,5
POLB,-0.20967804011727167,7
CASP7,-0.20972157963015242,7
PLPPR5,-0.20978314478874033,7
SLC7A15,-0.20983215240699513,5
ENTPD8,-0.20983482904580728,7
GM16998,-0.21002469984429137,7
JMJD8,-0.21006599512285667,7
TREX2,-0.2100692537540515,4
SLC45A2,-0.21008272962851765,7
PPIH,-0.21017681993468126,7
SHISA7,-0.21027592714887106,5
ZFP965,-0.21028147242583467,7
GM13047,-0.21046857952543635,2
ANKRD29,-0.2105987331713912,7
CLN8,-0.21064082719017674,7
SEPTIN8,-0.21070442210458232,7
SCARNA8,-0.210819344699862,5
ALG9,-0.21099687584206944,7
FAM32A,-0.21101964210578855,7
GM7102,-0.21110371779828022,3
POMGNT1|2510003B16RIK,-0.21137401523930807,6
9930111J21RIK1,-0.21143385366202191,7
ELOVL7,-0.2115101244163091,7
APOC2L,-0.2115103763292752,6
P2RY1,-0.2116482759262757,7
AA414768,-0.2117436126938756,7
KISS1,-0.2117560189867219,2
GM26130,-0.21175664737953923,5
JUNB,-0.21190280932004923,7
B4GALNT4,-0.21195409301031062,6
MIR223HG,-0.21198527049522595,3
MED26,-0.21203539362832213,7
ACVR1B,-0.21212451950470745,7
SERPINA1C,-0.2121500691050208,7
KIF4,-0.21219605355962937,7
HTR7,-0.2122244713950633,6
ZFP707,-0.21222957130932252,7
DBIL5,-0.2122783580033005,7
TMED8,-0.2123013043271891,7
SBK3,-0.2123033533880329,4
USF2,-0.21233764126611998,7
PTDSS1,-0.21240170897107613,7
RNPEPL1,-0.21242664475096343,7
CRISP1,-0.21246795690719164,3
A730036I17RIK,-0.21273546275053615,7
ITGB6,-0.21298415519979982,6
DFFB,-0.2130653298805188,7
1810065E05RIK,-0.21310210619835063,2
DAD1,-0.2131200771598097,7
CBR3,-0.2131714388528057,7
ANGPT4,-0.21323714444538533,6
STAP2,-0.21333781758173856,7
LSM6,-0.2133389251437023,7
NCR1,-0.21334293669354096,6
SLFN8,-0.21334605875182716,7
CEP41,-0.21356452413798824,7
TRAPPC1,-0.21357243889999847,7
TMEM273,-0.21361043008433148,7
PDF,-0.21362289761160355,7
TRBV1,-0.21367237412030862,6
SCNM1,-0.2137402595843669,4
SELENBP1,-0.21376596471385426,7
PNPLA1,-0.21384466990147166,6
GM9049,-0.2138518638702637,3
GM9045,-0.2138518638702637,3
TSPAN11,-0.21395857868405782,5
ABCA14,-0.21397830061420958,7
ZFP672,-0.21408909944665916,7
ME1,-0.2141698793285373,7
ANAPC16,-0.21417379111314203,7
ECHDC3,-0.21420712482974671,7
SLC23A3,-0.21421120426697052,6
FMO4,-0.21425096778142597,7
IL11RA1,-0.214255510701119,7
MDK,-0.21430347966290952,7
FLAD1,-0.21431522162194525,7
PITPNM2OS1,-0.214318245351275,6
PLXDC2,-0.2143546478194633,7
TRPC6,-0.21439441160986775,6
PMF1,-0.2144263202623264,7
PRDX5,-0.21445672688834863,7
QRICH2,-0.21447960637894825,3
ARHGEF16,-0.21448727155126684,7
TMEM45B,-0.21451944652274615,6
GM7666,-0.21457768074241926,7
DAZAP2,-0.21462877449580353,7
YIPF2,-0.21464062800871067,7
EXD1,-0.21469081391864556,7
1110059G10RIK,-0.21469422290239165,7
DLG4,-0.21477077451508636,7
PLA2G1B,-0.21477348584864614,2
GM13413,-0.2148467648921062,3
NOX1,-0.21490364524841046,3
P3H2,-0.215227229231407,7
ADAMTS7,-0.21527754489236234,7
SSBP2,-0.21545983073268907,7
DHTKD1,-0.2154828825051897,7
ZFYVE27,-0.21563150931425565,7
EGFL8,-0.21566737164231195,7
GPALPP1,-0.2157073474617747,7
FAM104A,-0.21579468775361915,4
BMF,-0.21590131748339542,7
SCAND1,-0.21592195981167375,7
LRMDA,-0.2159431198179415,7
GM26244,-0.215956018269158,5
FGFR4,-0.21598127506303613,7
CHIL5,-0.21601797782496077,3
PIGC,-0.216025063928148,7
PGGHG,-0.21618761128498862,7
CSPG4,-0.21620165665491597,6
FGGY,-0.21620209621233705,7
TLR5,-0.21620603276916614,7
RPS2-PS6,-0.21623987316700366,6
ZFP715,-0.2163580617930936,7
SYK,-0.21640420496684717,7
ACOT10,-0.21640459323546715,3
DAPL1,-0.21642630463830123,6
GM10284,-0.21650002141642669,6
BACH2,-0.21660239344212068,7
EAPP,-0.21679117435212622,7
PTPN4,-0.21679996592590184,7
ENTPD1,-0.2168403699219967,7
AK9,-0.21684072591653436,5
H4C8,-0.2169023586925525,7
CSK,-0.21717285566285568,7
UBD,-0.21737380793862285,7
ATF3,-0.21741017252415704,7
HILPDA,-0.21745908232587988,7
KIF7,-0.2174600936982716,7
4933407L21RIK,-0.2174636668088469,3
LCE1A1,-0.21753032718183254,3
KCNAB1,-0.21756069391512914,7
C230035I16RIK,-0.21762846562811916,7
RTKN,-0.21765087720079282,7
MFSD8,-0.2177102760476275,7
CCR8,-0.21775097865248402,3
UBE2T,-0.2177741477248954,7
EPS8,-0.21779158431528775,7
TMX2,-0.21792707702772704,7
GM17994,-0.21793667506089343,2
CENPN,-0.21794975060925845,7
EFHD2,-0.21797915453981936,7
RBM43,-0.2180354648185841,7
IGKV3-10,-0.218122058282533,4
GM24313,-0.2183987461979382,4
PRKD3,-0.2184402632886168,7
RTTN,-0.21845808241178138,7
E130102H24RIK,-0.21846598156218236,7
SNORD85,-0.21855333704390514,5
SLAMF1,-0.2185999244780373,6
ZFP868,-0.21870060998788712,7
APAF1,-0.2187017662260941,7
SNORA41,-0.21878267535178564,6
SRBD1,-0.21889088621620115,7
GM34240,-0.21889317428966115,3
ITFG1,-0.21893859184888112,7
CLDN7,-0.21912891173190135,7
1700067K01RIK,-0.21917955694549152,7
HMGN3,-0.21929992901004078,7
ST3GAL3,-0.21930612583384182,7
MFAP1A,-0.2193743531871944,7
MACROH2A2,-0.21937682044038942,7
MEF2D,-0.21945812047486177,7
GM26533,-0.21946646075817763,6
KCNMB1,-0.21947468999101552,6
TAS2R143,-0.21953073711143342,4
GM30603,-0.219546279818865,2
APPBP2OS,-0.21959390876238508,7
AP3M1,-0.21975054699000252,7
ATG4D,-0.21982494618455656,7
LMOD1,-0.22001588213323794,7
H2-KE6,-0.22002127864134075,4
TSPAN12,-0.22011570865104788,7
ALKBH7,-0.22017118509416564,7
CYP2J8,-0.2201985233976734,6
GM8546,-0.22020620583780462,6
1700025G04RIK,-0.22021894759828572,7
MUS81,-0.22027237849083234,7
H2-M2,-0.2202725113885806,6
PDP2,-0.22044709302337173,7
ABHD14A,-0.2205337833401147,7
DTWD2,-0.22055023108597277,7
GM15427,-0.2206235177495671,7
TATDN1,-0.2207832843488997,7
TSSK1,-0.2208135185539148,7
6030407O03RIK,-0.22096927586949713,6
GDPD2,-0.22097355533462698,4
GM23751,-0.2213715227160496,5
SULT1D1,-0.22138207333067103,7
GM32688,-0.22146067972731445,6
MAPK13,-0.22149078773766215,7
MFSD4B4,-0.22154382672047068,6
SEMA3D,-0.22157156405235903,7
DDA1,-0.22158638423698326,7
NEURL3,-0.22163219744903034,7
BRD8DC,-0.22174641949480495,7
PCYT2,-0.22178562183900313,7
PPM1A,-0.2218689023037592,7
TWSG1,-0.2219064576891772,7
IGHV1-74,-0.2221900111045629,2
BLVRB,-0.2224362289981465,7
SIRT2,-0.22244616671942996,7
PPM1M,-0.22245465266369946,7
RPS12-PS19,-0.22246480744982794,2
SLC7A7,-0.22248509120432178,7
GM51425,-0.22248532344419888,3
CFAP20DC,-0.2225355773393652,7
IFI27,-0.2225413129071085,7
FOXK1,-0.22258250858782008,7
AK3,-0.22260927276193226,7
9530034E10RIK,-0.22275046425751058,5
BRIP1,-0.22297714240416286,7
BATF2,-0.22316600542563106,7
CASP12,-0.2231754979986895,7
YIPF4,-0.2232262691276862,7
MMP28,-0.22323157229558693,7
GM5815,-0.22328717810830337,6
PPM1F,-0.2233588997794069,7
AGRN,-0.2234260442163805,7
SYT1,-0.2234922100603046,7
2010315B03RIK,-0.22351020205394048,7
NANP,-0.22356103526074755,7
CRISPLD2,-0.2236459427040349,7
ARL16,-0.22385269639393335,7
PSG23,-0.22395565476556614,3
PCDH20,-0.22398021003816615,6
TTC32,-0.22398288721997467,7
2700054A10RIK,-0.22398819745772822,6
TCEAL1,-0.22402170681652636,7
NAIP2,-0.22405933449395618,7
B3GNT5,-0.22414773273369737,6
DOC2G,-0.2241862482840029,7
CPNE8,-0.22420425349938716,7
UNC119,-0.22421373433894676,7
GM9396,-0.22423340664039823,6
DPH3,-0.22428213557963667,7
MCOLN2,-0.22441716442816265,7
GIMAP4,-0.2244283344007532,7
LTF,-0.22445877237073708,6
COX7A1,-0.22448396118687655,7
TRDV4,-0.22478159862823974,3
RNF166,-0.22478598272479525,7
GM24455,-0.22482179439433408,2
MIPEP,-0.22487177127832353,7
GP5,-0.22497608433489116,7
TCAM1,-0.22498395454084213,5
ZFP931,-0.22501650799104994,7
SNHG15,-0.22507970417618925,7
RAB3IL1,-0.22515866480577312,7
AI413582,-0.22516478361545514,4
PPIB,-0.22517293039641673,7
CARD11,-0.22519564241688947,7
GM15417,-0.22524977438676488,7
RCE1,-0.22526023401045703,7
IGKV4-69,-0.22532451820885244,3
ATRN,-0.2253645824139876,7
TNFRSF11A,-0.22538378562814312,7
SAC3D1,-0.22543069290821244,7
GM9105,-0.22544116428398162,3
SURF2,-0.22571764385540255,7
SLC5A10,-0.22601706676868794,3
GM19705,-0.2261170005415858,7
ATOX1,-0.22612715488451904,7
IL5,-0.22624882683009875,2
CHADL,-0.22627594329715456,7
H2BC21,-0.22636213131008934,7
OSBPL1A,-0.22638691269309227,7
XRCC5,-0.2264001520510581,7
XLR5A,-0.22646150556980352,2
ARL2,-0.22654619549902247,7
IQCC,-0.22665884497997602,7
TEKTIP1,-0.22668973672366577,3
PPP1R14B,-0.2267779009908475,7
CLDN3,-0.22680186254826148,7
KBTBD8OS,-0.22680613273412661,3
SAT2,-0.22682271178112332,7
PDCD2L,-0.2268592126615567,7
MTMR6,-0.2269184403437939,7
CHN1OS3,-0.2271545486550476,7
SMTN,-0.22716919678514366,7
P4HTM,-0.22725521578485286,6
REN1|REN2,-0.2272835849273661,2
PXMP4,-0.22741826634429002,7
SECTM1A,-0.2274217639714707,7
PLN,-0.22743265732460868,6
BAIAP2L2,-0.22745442244454256,5
UBE2S,-0.22748885163988428,7
KATNAL2,-0.22750867061657126,5
ARHGAP23,-0.2275352951586663,7
FANCD2,-0.22754666719264952,6
TMEM184B,-0.22774004705443898,7
ATXN3,-0.22777590448353813,7
AKR1C6,-0.22778479807408872,7
ENHO,-0.2280337165230253,7
SLC1A1,-0.2280407755411999,5
UBE4B,-0.22805743283910448,7
MRPS25,-0.22813035442258078,7
SLC35E1,-0.22814374597486922,7
DNASE1L2,-0.22819317481278878,7
RNF212,-0.2282127808441303,3
NPM3,-0.22822070114908904,7
GM11585,-0.22828696140208946,6
ARMC2,-0.22833469646596052,7
HDGFL3,-0.22842155605966866,7
C8B,-0.22845840765520897,7
CALML3,-0.2285220610491969,4
SERINC3,-0.22852920070918398,7
LTBR,-0.22865565088848142,7
GM30262,-0.22875545845286416,3
AMER1,-0.2287815691616834,7
RAC1,-0.22887285573798838,7
TMEM53,-0.2290705665285176,7
GM6728,-0.22924131428135835,4
HMOX1,-0.22924422359450738,7
SLC25A19,-0.2292544995108365,7
SLC6A4,-0.22926405585508633,7
JAG1,-0.22942933196894952,7
SNURF,-0.22948558477074896,6
LDB1,-0.22953253075095845,7
OPN3,-0.22956377408518552,7
PYURF,-0.2295825162075525,7
DNAH2,-0.22969238332730976,6
TEAD2,-0.22975717377789212,7
ASXL3,-0.22976036442590786,6
GM1720,-0.22989347737471308,3
HOMER2,-0.2299073654076435,7
SORD,-0.23017748359971715,7
GLMP,-0.2302337687796469,7
SLC25A4,-0.2303149090275234,7
STK16,-0.23032536147668586,7
AKR1C12,-0.23046962519390948,7
UPB1,-0.2304816759989427,7
MTLN,-0.23057377659921935,7
NWD1,-0.23068022292314155,5
HSD17B1,-0.23078408359177208,7
BIRC2,-0.23081405947733383,7
MRGPRB2,-0.23083210803998405,4
SRRD,-0.2308854311669522,7
DTD2,-0.23106313134643824,7
GM16897,-0.23119216671841686,5
RHOX5,-0.23131826520547813,7
OST4,-0.2313407212759194,7
CCDC30,-0.23139734159805925,7
S100A11,-0.23141162725476735,7
GM4929,-0.2314472067631474,4
USHBP1,-0.23146623120448998,7
SARNP,-0.23157974472752924,7
ARK2C,-0.23159445494702133,3
GM39307,-0.2316065531906501,4
KCNJ10,-0.23172969386611103,7
ANKRD54,-0.23173467192328975,7
COL20A1,-0.2317626083487989,7
GM11510,-0.23176558237076955,2
OXA1L,-0.23182136637209755,7
ALDH1A3,-0.23183298225752486,7
SYT12,-0.23183865622484573,7
CTHRC1,-0.23198161272665932,5
RNU1B6,-0.2320131113070187,2
CGA,-0.2320695269718829,6
BRAT1,-0.23207462815283605,7
SLC2A10,-0.2320802455459615,6
4930545H06RIK,-0.23215527252673582,4
PIGU,-0.23218187718376032,7
TSPAN6,-0.2321844121123518,7
SMPD5,-0.23219626840006233,7
GCNT2,-0.23232796875462666,7
CPN1,-0.23253472180471743,7
GM22009,-0.23255032173907184,7
PRELID1,-0.23263226829541447,7
SLC30A5,-0.23267832944787673,7
GPR37L1,-0.23279455616293843,4
ERMP1,-0.2327991472136389,7
LBX2,-0.23283229643740525,7
GM11353,-0.23284643283942863,6
NFE2L3,-0.23293809559833692,7
KDM1A,-0.232938290594055,7
MAGEH1,-0.233108995763648,7
GBP3,-0.23314547980589503,7
D730005E14RIK,-0.23350279933630672,4
GPR89,-0.23350871506942492,7
TOMM6OS,-0.2335361871875362,7
FANCF,-0.23356621086602256,7
MRPS28,-0.23366091634328304,7
FASL,-0.23367039727830882,6
SPNS3,-0.23379525768351803,6
NALCN,-0.23386530016808993,6
METTL15,-0.23391455816691759,7
FCRL2,-0.23405232534677878,2
M1AP,-0.2341591642563297,5
CYP2B9,-0.23418204020621095,7
GM24145,-0.23439594225877025,3
TMC1,-0.2344247898056356,3
PISD-PS1,-0.2344333103862,3
BST1,-0.23445373385735777,7
WBP1,-0.23471444873411246,7
EGFEM1,-0.23475708532691675,7
ADI1,-0.23491597986434407,7
SGMS1OS1,-0.2349733851945521,3
CBX2,-0.23514658806763827,7
TRPT1,-0.23526816282577356,7
JAG2,-0.2353561747268884,7
MMD,-0.23538730107334835,7
CDK2,-0.23543532745377677,7
RAB26OS,-0.23552152431947163,7
TRIM69,-0.23562565138504135,6
SLC15A3,-0.235639745421997,7
2300009A05RIK,-0.23576268474175185,7
MEA1,-0.23578301789333475,7
RPS3A2,-0.23584936981522747,7
RFTN1,-0.2358603436642333,7
LIMD1,-0.23592365084168307,7
BATF3,-0.23597806160396997,7
PACSIN1,-0.23597824716584692,6
4930581F22RIK,-0.23599803577374484,7
LCE1A2,-0.23601900021438224,3
SLC25A20,-0.23602621972703425,7
LAMTOR2,-0.23604462699676823,7
PEAR1,-0.23609156612982665,7
TATDN3,-0.2361016993960363,7
EFCAB7,-0.23619613061012698,7
CFH,-0.23635433550916957,7
1110019D14RIK,-0.23637631848791632,7
SH3KBP1,-0.23646502705199696,7
METTL6,-0.23657848878679785,7
SUGCT,-0.23662797384186998,7
ZFP2,-0.2366804400495857,7
DDX52,-0.23674800855300582,7
CES1D,-0.2367883140480446,7
C1QTNF6,-0.23686968515786028,7
MVB12A,-0.2368816514905796,7
GM11951,-0.23689382483754268,5
BTNL7-PS,-0.2369001596520862,5
WFDC16,-0.23694774786864956,5
PLEKHG2,-0.23697653905284355,7
PVT1,-0.23708038553523186,7
KLRB1F,-0.23711861846726512,6
1810073O08RIK,-0.23716338804708378,6
PDE4C,-0.2372029990709646,7
PTPRCAP,-0.23725701138671423,7
PCDHB8,-0.23733211436048998,7
ST3GAL5,-0.23736691521191972,7
GM4151,-0.23741199833166307,3
IQCN,-0.2374512170469811,3
NUP54,-0.2374731542523245,7
EEF2-PS2,-0.23755634002042583,7
RAMACL,-0.2375844567749487,3
ALBFM1,-0.23766243942207846,7
H2-D1,-0.23766696702045817,7
POC1A,-0.2376776572161971,7
PHF11,-0.23777242019138017,4
PLSCR4,-0.2378153156270771,7
PRDX1-PS,-0.23783416421770473,6
MCRIP2,-0.2379778323644495,7
METTL5,-0.23807005970142628,7
C1QTNF7,-0.23823044201386484,7
SRD5A2,-0.23833905126963148,7
LY6D,-0.23836237890239617,7
ITK,-0.2383815245777745,7
FADS3,-0.23853355200892906,7
PGAP1,-0.23853475615105518,7
PPP1R16B,-0.2386487941625462,7
6720489N17RIK,-0.23866051495767612,4
PARN,-0.23867680797524454,7
SLC16A2,-0.2387668116235699,7
DNAJC28,-0.23877426458368464,7
ABHD5,-0.23882111805361692,7
AMN1,-0.23886131320322518,7
DPY19L2,-0.23890297921092185,3
ZFP52,-0.23892379141193176,7
GLTP,-0.23899211013397845,7
EIF4A1,-0.23902965522266967,7
XPO1,-0.23920314785954874,7
DPM1,-0.23926920355376582,7
PEX7,-0.23927268780286695,7
RRP36,-0.23941298555540458,7
GM20482,-0.23948947832925346,3
PDCD4,-0.23948952217487604,7
AMDHD1,-0.23968342178553964,7
SEMA7A,-0.23971279317467925,7
BSPRY,-0.23971725971431465,7
HOMER3,-0.2397265138626087,7
CCDC71L,-0.23975137341682481,7
DHX40,-0.23976666392575482,7
PEG10,-0.23982022467939987,7
RPS10-PS2,-0.2398665252683143,7
CCDC57,-0.23993729957759477,7
ZBED4-PS3,-0.2399491825356629,5
RADX,-0.2399507224311477,6
SERPINA3C,-0.23996570003633155,7
APOL7A,-0.24029202979985104,7
RAB40B,-0.24035892287635138,7
GPR141B,-0.24058009352179843,6
NID1,-0.24067010375177955,7
TMEM29,-0.24081369881328724,4
PPP1R3G,-0.24087012893563414,7
KREMEN1,-0.24087508433215096,7
HIGD1A,-0.2409589986011345,7
ART3,-0.24099899165626246,7
SC5D,-0.24101687253488982,7
ABCA7,-0.2411509271070224,7
HMCES,-0.2412570580108114,7
GM11945,-0.24137141903640438,3
GPR173,-0.24143594194955562,6
IQUB,-0.2414491777970483,6
BCAP29,-0.2414509689799013,7
RHOD,-0.24148940947071182,7
SOSTDC1,-0.2416097942131966,4
FOXE1,-0.24171698533555913,2
GSTM7,-0.24172672760957112,7
CHASERR,-0.2417535516685112,7
HPX,-0.2417913587207021,7
HTR2A,-0.24188308270443581,6
HNRNPA1,-0.2419024456202987,7
CAMK1G,-0.24192289728667932,4
CAPZA1,-0.24193381578807946,7
SERPINE2,-0.2420352488137445,7
RPS2-PS7,-0.2420582425514588,4
GM7418,-0.2420663782580293,5
TIMM50,-0.24215863802645307,7
DANCR,-0.2421622828262176,7
MAD2L1,-0.24221644445930637,7
AJM1,-0.24236805404461687,5
HSD17B14,-0.24247400103275285,4
UBE2E3,-0.24253350415221533,7
E130215H24RIK,-0.24261301001828922,4
PRPS1L3,-0.24261934153119344,7
MPO,-0.24265498917417702,5
PDE4A,-0.2426954946770425,7
GM5910,-0.2427179137716381,4
GM19557,-0.2427416762280339,6
GM25894,-0.2429906170292479,2
PDCD5,-0.24301638340794948,7
H4C14,-0.2430591397867691,7
APBB1IP,-0.2430671561850816,7
KMO,-0.24330945241116128,7
ARSI,-0.24333937477514098,6
TMEM181A,-0.24368503861670177,7
FOLR1,-0.2437918402096615,6
FCHSD1,-0.24395066518907377,7
GPAA1,-0.2440766907987891,7
RABGGTB,-0.2440874313278353,7
FKBP2|GM51400,-0.2441291197938388,6
MRPL23-PS1,-0.24415624357926072,7
GM46209,-0.24424082827963034,6
HPCAL1,-0.24429952208020816,7
MILL2,-0.2445203605313129,7
TDRP,-0.24459217485496715,7
1810055G02RIK,-0.24467686487380977,7
SAMD3,-0.24467713379494477,7
IGF2BP1,-0.24469047824551898,5
NAP1L3,-0.24469332340125277,7
LY6L,-0.2447396875890341,4
PSKH1,-0.24487612586387325,7
PPAT,-0.24491939741387952,7
SNORD14D,-0.24492987878303069,2
DIO1,-0.24496580727817105,7
MGMT,-0.24503240457957992,7
LCLAT1,-0.2450604647977928,7
PIGS,-0.24517322702682315,7
OLR1,-0.24522662706319043,6
CHST2,-0.24523512656133445,7
4932441J04RIK,-0.24528666317355005,4
FRMD5,-0.24552590769113106,6
TPCN1,-0.2457106128535729,7
SZRD1,-0.24596064420423397,7
ALG14,-0.2459737018712751,7
NAT8L,-0.24606792101019961,6
NRG2,-0.2461993282198353,5
SLC13A4,-0.2463578064629077,7
ELOF1,-0.24640124390392235,7
STK35,-0.2465359118270887,7
GM10263,-0.24670912881701615,5
SLC38A1,-0.2467417279554076,7
FMNL1,-0.24683025784087206,7
TRIM34B,-0.24698797993089874,6
FLICR,-0.24703968052074346,7
NR1I3,-0.24730228601164558,7
CCN2,-0.24735393790198384,7
A430108G06RIK,-0.24742069892173882,3
LHFPL4,-0.24742512367572514,6
CHKB,-0.2474405000485295,7
LRRC8B,-0.2474525326377226,7
SULT5A1,-0.24749706842616526,7
GEMIN4,-0.24754178232565205,7
SLC24A5,-0.24764816379492566,7
TENT5C,-0.24769361774544318,7
GM27216,-0.2477666780273962,7
CD3E,-0.24784401816335858,7
RHOC,-0.24789128792052573,7
CYP2B27-PS,-0.24797222106823166,5
ARHGAP4,-0.2479973240121724,7
QTRT1,-0.24807019717349418,7
B3GNT2,-0.24809805928363127,7
AVIL,-0.24812368590993436,7
LCP2,-0.24813638127099122,7
H3C7,-0.24820059138582384,7
POLRMT,-0.2482008500036494,7
TMEM200A,-0.2482071830276062,5
CDKN3,-0.248228927044347,6
GM10359,-0.24827616599916127,4
SEPTIN2,-0.2485770398115031,7
SLC25A24,-0.2487128387085827,7
GM7030,-0.24894631408905124,3
SIDT1,-0.24916880978860836,6
RPSA-PS2,-0.249239889380677,6
GM25395,-0.2492893418385098,6
SCAMP4,-0.24949752323043559,7
SLC4A5,-0.2495231506592819,6
GM40909,-0.24957117719442692,6
FECH,-0.24962329365548305,7
CMTM6,-0.24964094151168123,7
CSTA1,-0.24966582556577813,4
CNBD2,-0.24975013620066644,7
PIK3CA,-0.24987561075186535,7
CLSTN3,-0.24988633230480226,7
CORIN,-0.2499612512553519,7
RSPO3,-0.2500081934115752,7
OARD1,-0.2500198054041549,7
TRPM7,-0.2500337369851335,7
ANKRD49,-0.25006411240242493,7
AKR1B1,-0.2501860340316469,3
GM15880,-0.2501874869798912,6
TASL,-0.2503511506493189,7
GM14207,-0.25036552888358543,7
4933404O12RIK,-0.2503803920099567,7
GM16740,-0.2504225049654271,7
SGCB,-0.2505901765710253,7
TEPP,-0.2505903286814574,2
KCNQ5,-0.25061023337470456,6
RNF31,-0.2506680969519451,7
PARS2,-0.2507717892358505,7
2610528A11RIK,-0.2507981524955901,2
GM23346,-0.25080567116577385,5
ALG8,-0.2508242934826024,7
UTY,-0.2508260772835792,4
FBXL5,-0.25084444036535697,7
CCDC9B,-0.25089872552293596,7
ATP6V1C1,-0.2509016355806017,7
URAD,-0.2509480909326533,7
CDK5R1,-0.2511228383310003,7
CMBL,-0.2511617084663214,7
SULT2A8,-0.25116889063777564,7
CD44,-0.25120810345347977,7
SLC25A21,-0.2512366711277337,7
CETN1,-0.2512500665054341,3
MROH6,-0.25126040783335235,7
TMEM143,-0.2513544739704944,7
NCF4,-0.2513801596644515,7
OSBPL2,-0.2514670057096434,7
GM7899,-0.25149810682148555,5
GM5242,-0.2516145679284886,5
ALCAM,-0.2517260026380873,7
HTRA3,-0.25184872717139467,7
CCSER1,-0.25187209312921083,6
SPRED3,-0.25193085576387064,7
FOXO4,-0.25205524215986946,7
6330415G19RIK,-0.2520638369969172,7
BC1,-0.2522743557876615,5
GM8624,-0.25233840229667115,3
GM12174,-0.2523429254526097,7
KBTBD2,-0.2523781933190598,7
NUDT1,-0.25237965628980324,7
TMEM259,-0.2523822478849584,7
TRAPPC2,-0.2524461735031335,7
RGL2,-0.2525110654071679,7
FZD3,-0.2526101953914069,7
RAB8B,-0.2526584707264198,7
TTYH3,-0.25280947332243725,7
RIPPLY3,-0.25293547294063623,7
ACSM3,-0.25295259819255256,7
STOML1,-0.2530049094440554,7
PIGW,-0.2530414697296879,7
2610306M01RIK,-0.2530652753147865,7
CDC16,-0.25310431583647813,7
IGKV4-68,-0.2531703682579479,5
F830208F22RIK,-0.2532827763746818,6
GM9949,-0.2533005073814614,6
SPRED1,-0.2533629184688409,7
SLC47A1,-0.25336995684016494,7
DPYSL3,-0.25345547748948843,7
CACNA1E,-0.25364147967892076,7
GM8797,-0.2537408648774618,7
KITL,-0.2537843483955982,7
MAGI2,-0.2538206752151869,7
ZFYVE28,-0.25389718934117544,6
GM10787,-0.2539225781582507,5
ACRBP,-0.2540078782431738,7
S100G,-0.25410142159921895,6
GM29571,-0.2541355184850088,7
UEVLD,-0.2541422280513757,7
PCDHB18,-0.25418062646412926,6
DMAC2L,-0.2544348854206732,7
LARGE1,-0.25443522215786696,7
EPHA7,-0.2545830026807603,7
ACOD1,-0.2546215903107555,7
HDAC10,-0.25462632249351463,7
COQ7,-0.2547565158193851,7
MRPS33,-0.2547672787587846,7
GM6129,-0.2548248953642122,3
CHMP1B2,-0.2548745491182427,3
PLA2G15,-0.2548932780536025,7
MIR703,-0.25502585275078715,6
GM37339,-0.25521230413019563,6
TMEM126A,-0.2552130621283955,7
FN1,-0.2552437734792111,7
MMS22L,-0.2552637605934995,7
SPIB,-0.25529745447551433,7
CD33,-0.25559683887618695,7
RRAGD,-0.2556049595682173,7
PRSS57,-0.255626015175538,3
KRT222,-0.25562638944631094,6
VARS1,-0.25565886426467926,3
GM6352,-0.25567210213610436,4
SOX8,-0.2556966474411003,6
GM10548,-0.2557261455617226,5
KLRA9,-0.2557939613061902,5
LOC664787,-0.25598013440271533,3
VXN,-0.25620992338042164,5
PANK2,-0.2562780496176679,7
RBBP9,-0.25630451259960846,7
NECTIN4,-0.25633642784036137,7
MS4A3,-0.2564899734986226,4
DNAJB1,-0.25650251971562577,7
TRADD,-0.25654228142731134,7
RBP4,-0.2565946656403949,7
ID3,-0.2566018856098948,7
ANKS4B,-0.25660995183255825,7
DIPK1A,-0.25668452983566276,7
UNC5C,-0.2566963163774554,6
INAFM1,-0.2567596118908943,7
NUDCD2,-0.2568935547470513,7
SCAMP2,-0.256917376193546,7
KCNG1,-0.25695692875796305,2
KCNU1,-0.25697628778449005,6
PPP1R18,-0.25703357475350475,7
LCE1B,-0.25705601042425696,3
ANKRA2,-0.2570824375494071,7
TOMM6,-0.25715702699066434,7
TMEM241,-0.25728234247168136,7
CPLX2,-0.2574686222313473,7
CLIC6,-0.2575600725221663,6
MED4,-0.2576907487082588,7
IGKV4-58,-0.25776344897936126,4
NNAT,-0.2577743331547166,7
DDX25,-0.2577998387330018,6
NRXN1,-0.2578031075259452,7
RASA4,-0.2578355753468537,7
NEK2,-0.25801534431185186,7
VWA5A,-0.2580643082670741,7
SLC25A17,-0.25806483785274836,7
MRRF,-0.2580854747238727,7
P4HA1,-0.2581659234572136,7
ZFP972,-0.25817841392212953,7
ELP3,-0.2583239167510937,7
AHRR,-0.2584084015268977,6
RPL13-PS3,-0.2584768946267313,2
KLHL6,-0.2586848835220203,7
ARHGAP29,-0.25869078025764203,7
SLA2,-0.2588988825534623,7
PLATR25,-0.25907807061457827,7
WFDC6A,-0.2591396322958674,5
TOLLIP,-0.2591503856866671,7
FAM13C,-0.2592489445950961,7
NCS1,-0.25934137648359884,7
TBC1D31,-0.2593606147805749,7
ARRDC1,-0.2596097660621461,7
GALNT15,-0.259691733933527,7
ACAP1,-0.25972664994987016,7
GM7432,-0.25973861774134804,6
IGHV1-56,-0.2597904579738629,4
MPP4,-0.2597947503143088,7
DNASE1L1,-0.25981161914089934,7
PROZ,-0.25985080044747677,7
TST,-0.25996105396103125,7
TAMM41,-0.2599976390401869,7
GMFG-PS,-0.25999927144708224,4
TAF5,-0.26001045128837447,7
CYP2C29,-0.26008405918944516,7
KATNA1,-0.26010545922319245,7
NFKBID,-0.26021962522481146,7
CCDC166,-0.26036244582283324,7
PPP4C,-0.26044050898393334,7
CCDC8,-0.26046448626037044,7
COQ8B,-0.26051615460429783,7
GM3383,-0.26061837854554604,2
FAM214B,-0.26064951676489445,4
LPAR3,-0.2606649119107398,5
PGR,-0.26070731801142166,6
POTEFAM3A,-0.2608528037237984,3
FAM20B,-0.26093570272702565,7
GM4811,-0.2609433248174775,4
NUP62CL,-0.2610705823433051,7
TJAP1,-0.2611864009319122,7
GM17382,-0.2612711585439851,4
VEZT,-0.2614609527596931,7
SOD2,-0.26155138404602196,7
NDUFB7,-0.261616689473586,7
SNORD87,-0.2616295314422038,2
JMJD7,-0.26168739409519864,7
TRBV15,-0.2616882906190287,3
CNIH4,-0.2617394686726894,7
SLC15A5,-0.2617652989480577,7
GM8893,-0.26177472972130456,7
CLNK,-0.26189370102231285,6
SH3BP5L,-0.2619191441668251,7
SNORA73B,-0.26202192865269314,6
ZFP995,-0.2620860159955113,7
BRD3OS,-0.26215850114792383,7
GM15740,-0.2622638571644755,3
HYPK,-0.2623738895684162,7
LPCAT2,-0.26238616745626125,7
TRIP6,-0.2624086590979879,7
DUXBL1,-0.262420756008784,5
CFAP74,-0.26256551269781586,7
TFB1M,-0.26263839250054094,7
CLN5,-0.2626715813231993,7
UFM1,-0.2629130927313379,7
SLC25A1,-0.2629558407498859,7
IL13RA2,-0.2629585925124432,7
TMEM17,-0.263091628929425,7
ALAS2,-0.2631719134808143,7
BAD,-0.26350125042028655,7
TFDP2,-0.2635174963364081,7
ADRA1D,-0.26363124966043994,4
ZFP266,-0.2636416724431402,7
RHOB,-0.26369130330540236,7
HBA-A2,-0.26383065063611155,7
GM37294,-0.2639228266761472,4
FRRS1,-0.26393063183998355,7
RHBDD3,-0.26405961935143246,7
SLC35E4,-0.2640630375095481,7
CRYM,-0.26413832798954157,7
FAM171B,-0.26418791150585996,7
WDYHV1,-0.26421544833032334,4
UQCC3,-0.26434579607545805,7
RNF181,-0.26440160872703083,7
IFIT3,-0.26449357525984574,7
NRN1L,-0.26450779687466763,6
TAS1R3,-0.26453369246078084,7
4930550C14RIK,-0.26455245485948803,6
POGLUT3,-0.2648374000821623,7
MDC1,-0.26499178449548283,7
EVC,-0.2651350495816481,7
CAVIN2,-0.26518011416822757,7
SPIRE1,-0.2652627806446392,7
CPE,-0.26535979908413193,7
PEBP4,-0.2656043409509378,3
TUBB3,-0.2657625480922342,5
DRAM1,-0.26600751856459554,7
MMGT1,-0.266074943842264,7
OLFR433,-0.2661666024768179,4
BTG3,-0.266280813588286,7
HNRNPA0,-0.2663291736076356,7
TNFRSF25,-0.2663528356405305,7
GM12602,-0.2664532033719122,3
LTK,-0.26649927562535064,7
NOTCH2,-0.2665500076382598,7
TFF1,-0.26658775257139283,3
AEBP1,-0.26664541722486707,7
GM15375,-0.2668053741296791,7
ZFP977,-0.26686752201804387,7
GM10767,-0.2670900264336634,4
IGKV13-85,-0.2671079698655434,4
DYNLT1C,-0.2671292646403429,7
USP9X,-0.26715570793769094,7
BFAR,-0.2671819336975071,7
ADGRF5,-0.2672490475511853,7
TNFSF18,-0.26736685075759226,5
RAC2,-0.2674381090058559,7
GM7868,-0.2674411567690697,5
CAPN3,-0.2675040090754389,7
ALOX12,-0.267562461412956,7
PLCXD1,-0.267792209806008,7
APEH,-0.2678016614315647,7
SBDS,-0.26781620248462634,7
CYP4X1,-0.26784138530696666,3
A430005L14RIK,-0.2678590232169184,7
IGHV1-12,-0.26787205442262035,3
TMCO4,-0.2679444980198714,7
NKX2-6,-0.2679739878014403,5
RABIF,-0.26807021661395997,7
RUNX3,-0.2680733324212234,7
4931414P19RIK,-0.26820077579694734,7
CELA2A,-0.26820178484786333,6
SLBP,-0.2682308524312907,7
SDC4,-0.2683127823877402,7
DGCR2,-0.26835459429125696,7
PBX2,-0.2684407277150413,7
FAM120C,-0.2685153626096109,7
MCRS1,-0.2685483877862378,7
PPP1R3D,-0.26859149662486137,7
TSC22D4|SPACDR|GM57848,-0.268713981120458,3
FAM167A,-0.268772479165818,7
FETUB,-0.26883529210150037,7
HBA-A1,-0.26891533254905947,7
SNX17,-0.26901728699884997,7
GM24453,-0.2691429597459264,2
OBOX4-PS2,-0.26919946758684776,4
IGIP,-0.26930110242673505,7
TMOD2,-0.26939335945383275,6
IFNZ,-0.2695226068415706,2
MAPK3,-0.26957571858875634,7
RRAD,-0.269594826422838,7
CYP2D22,-0.2696083930450615,7
ZFP46,-0.2696823140900183,7
SLC23A1,-0.2698669281482192,7
CDADC1,-0.26991444905799333,7
ACTN1,-0.2699995695074959,7
SLC25A22,-0.27016045366164476,7
SLC17A4,-0.2701848356209466,7
MND1,-0.2702213077020422,7
SLC35B3,-0.27022366521969465,7
PIP5K1A,-0.2704095125877361,7
RGL1,-0.2704733797024688,7
GM18807,-0.27048921196304837,3
EPRN,-0.27060791418979085,7
GM10440,-0.2706316997065098,3
STYX-PS,-0.27065664788497334,6
CLEC4A4,-0.27082520610882327,4
YDJC,-0.2708785086570545,7
BLTP2,-0.27093394412704774,3
TBC1D13,-0.2709597295696781,7
CUTA,-0.27097038388434963,7
GM36011,-0.2710284625647353,7
HECTD3,-0.2711374131087845,7
FAM216A,-0.27137473368551757,7
NR1H4,-0.2714021418047868,7
NEU2,-0.2714841331877308,7
IGHV14-4,-0.27164958393731775,4
SNORA30,-0.271766433162785,6
FAS,-0.27179876410056436,7
GM11224,-0.271837448014342,3
FASTK,-0.27192250042425353,7
GM31125,-0.2719226041074347,2
POF1B,-0.2719729410803733,6
ERICH4,-0.2720164550173923,5
NFKBIE,-0.2720769481086746,7
PRKCD,-0.27209433692679913,7
RAB9,-0.27213280902437315,7
PSAP,-0.27214003909127715,7
DISP3,-0.27219555927265854,3
GM15931,-0.2723725261312561,6
L1CAM,-0.2724545972013711,7
SELENOS,-0.27247196927095707,7
SEMA6C,-0.2726650037820047,7
GPRC5B,-0.27268646692504495,7
CLCA3A2,-0.2727152358278811,6
NEIL2,-0.27273907918688345,7
RAB39B,-0.27290641353418055,6
RNFT1,-0.27292748877754663,7
ABCA12,-0.2729279545951676,5
KCNJ14,-0.27293360655219845,5
ZFP597,-0.27323488023608145,7
PSME1,-0.27323687598384017,7
9330179D12RIK,-0.2733301573109936,4
FAM131B,-0.2733399137526081,3
GM24400,-0.27338535613533854,2
GM15638,-0.27346452541903243,7
ACTG1,-0.2734764334803097,7
SLC25A29,-0.27351315784622066,7
RPS2-PS5,-0.2735144658734268,6
ANKRD34A,-0.2735360291239288,6
CDK7,-0.27353689912988305,7
GM12538,-0.2736347410921249,2
MARCHF8,-0.2736819916637639,7
ESM1,-0.2739083876854989,7
H2-T22,-0.27392582459467646,4
ACO2,-0.2739438285919721,7
PLXNC1,-0.2741598008262291,7
SNORA47,-0.27430191162666845,5
GRM3,-0.27439304541569787,4
SLC8B1,-0.2744365447853357,7
TRIM59,-0.27447829145141917,7
SPTLC1,-0.27460956519311047,7
MYORG,-0.2750020539070159,7
WIPF1,-0.2750074403736309,7
ASB1,-0.27526222665837413,7
HSPA1B,-0.2752705365819541,7
MRPL24,-0.2753108237470321,7
GM4342,-0.27536722851103085,5
PLEKHO2,-0.27554294765829535,7
EID2,-0.2757128769671784,7
MTRFR,-0.27572407383579633,6
UQCC2,-0.27589201207282293,7
IGHV10-3,-0.2758991897928573,3
GUCD1,-0.27592048902625604,7
SLAMF6,-0.2759898958612676,7
GM4707,-0.27599366317713847,2
SEC23A,-0.2761038356095987,7
GM9487,-0.2761067870598041,3
GM4366,-0.27618103353774653,7
1700123O20RIK,-0.2761889674931775,7
ATP6AP2,-0.27636792463929544,7
H2-Q2,-0.2764532263606615,7
ACTR3,-0.2766334667039237,7
CAPN8,-0.2768953327829372,7
TFPT,-0.2769931926625247,7
IFT74,-0.2771650725308232,7
NEK7,-0.27720661879042857,7
H3C13,-0.277207102527077,6
MMACHC,-0.2773057521190301,7
VSIR,-0.27731349907271985,7
PRPS2,-0.27736368322532823,7
NIT1,-0.27746800916133024,7
ZFP938,-0.277484354139772,7
MET,-0.2775663600211867,7
PSMG4,-0.27761872813033983,7
GM24497,-0.2776277208491223,3
NEURL2,-0.27774239721377236,7
TOB2,-0.27785946999412175,7
4933432I03RIK,-0.2779267085335422,2
SELENOP,-0.2779938974953608,7
9230114K14RIK,-0.2780205951250154,7
SERPINB6C,-0.2781226266518268,3
H1F0,-0.2781607675919184,7
SNORA3,-0.2783601940208713,5
RFESD,-0.2783606758260905,7
IGKV17-121,-0.27842665428955254,5
QSOX2,-0.278588793352042,7
PEDS1,-0.2786047881592366,6
NAGA,-0.2786384110833177,7
GM12666,-0.2787203357602472,2
IFFO2,-0.27873112060883004,7
IL9R,-0.27874754148479636,6
ZFP949,-0.2787876565743725,7
IGHV11-2,-0.2788083942066299,6
PLEKHJ1,-0.2788105725757359,7
TAPBP,-0.2788709097948401,7
PVRIG,-0.2789562696393392,7
PCNX,-0.2789611898422897,4
UCP2,-0.27902303336506806,7
IFI202B,-0.27904149847224907,3
ATP11B,-0.27916263347254583,7
GM14288,-0.2792551994686428,7
GM26387,-0.2794084520149333,6
TMEM63C,-0.2794207776100073,6
PARP4,-0.2794645432146789,7
C130026I21RIK,-0.27947886390522975,4
MAGEB3,-0.27957375703621007,4
ATP6V0E2,-0.2799238990737782,7
LMBR1,-0.27993183621157297,7
DKKL1,-0.2799921074220326,5
RIT1,-0.2800467600931583,7
PARK7,-0.2801782933993168,7
CD7,-0.2802169212351045,7
EIPR1,-0.28028151385500877,7
PLXND1,-0.2802883359576658,7
ANAPC10,-0.280634789981775,7
I830077J02RIK,-0.28064463651089344,7
DOCK10,-0.28065813781681487,7
RPS12-PS24,-0.28073516971349566,5
SLC41A1,-0.2807464310908905,7
AKNA,-0.2807869528013988,7
HOPX,-0.28097142059030317,7
PIGK,-0.28098030970208615,7
SCUBE1,-0.2810637605282927,7
SCT,-0.2810845807298344,4
ADGRF2,-0.2812287288519967,6
POP4,-0.28124424519465174,7
SYCN,-0.28150452416377697,3
PDK2,-0.28155883472034865,7
CUL7,-0.28175870023840727,7
PMS1,-0.281882656180894,7
TRMT1,-0.28191708301200885,7
GCAT,-0.28203634363112506,7
MTRR,-0.2822746910329356,7
H2-Q1,-0.28238181273139334,7
BAG1,-0.2823976433812283,7
GM16174,-0.2824644595815263,7
CSRP3,-0.2825076568752501,7
MARVELD2,-0.28253345372233796,7
DEGS2,-0.2825683571301228,7
AFF3,-0.28260205941934974,7
PTOV1,-0.2827948512360022,7
TIFAB,-0.2829516340892911,7
LOC100503923,-0.2830439381124363,6
MACROD2,-0.28307784449564016,7
HAS3,-0.2830885602379272,7
GM13861,-0.28309180316298443,3
PEX26,-0.28312834684557653,7
ITGB3BP,-0.2831433972398901,7
SHPK,-0.2832585567389284,7
CYFIP2,-0.2833115285285214,7
PUS7L,-0.2833353363164523,7
EDC3,-0.2836628926838259,7
PLCD1,-0.2836735998943585,7
MSANTD3,-0.2837588341230692,7
GSTP1,-0.28376287406797795,7
RMI1,-0.2837901310596651,7
XLR4C,-0.283835695149544,6
H2BC7,-0.28395269729801187,5
PIK3C3,-0.28400472028895457,7
BCL2L13,-0.2841415090314987,7
TTC38,-0.28418461152328406,7
GALNT11,-0.28421242532979735,7
PSMG1,-0.284291861360678,7
CYP2E1,-0.2843525482464732,7
FGA,-0.2843596570103832,7
IGKV1-110,-0.284446469904698,6
SLC35G2,-0.28451575901610676,6
PLEKHA8,-0.284535102304136,7
B4GALT5,-0.2845708163008594,7
NPHP4,-0.28462188123937887,6
UMPS,-0.2847293663513471,7
GM36246,-0.28475684817038444,2
ATP1B2,-0.2848610887178143,7
SCRN2,-0.2849090306183205,7
SP110-PS2,-0.28493002606168044,2
BRCA1,-0.28493578991407714,7
PHKA2,-0.2849891320279249,7
DEPDC1B,-0.28507048852512284,6
NHERF4,-0.2851106688213835,2
CCBE1,-0.2851821116709342,7
4930404N11RIK,-0.2851844133565509,4
RPS8-PS4,-0.28519376961912535,6
PIERCE2,-0.28524890057364677,6
PTGS1,-0.28528490117267963,7
MPLKIP,-0.2853419630954948,7
SBF1,-0.2853672653855328,7
ZCCHC3,-0.28551452509638325,7
DAB2,-0.2855747463334732,7
LHX1,-0.2855925013847869,4
GM4724,-0.28559423781131216,7
4930455C13RIK,-0.285703761022849,5
SYTL2,-0.285854903361341,7
SNX22,-0.2859047512100732,7
PSD4,-0.2860278446254094,7
TUBB1,-0.2861990362318065,6
GM1070,-0.28620742001982796,6
EMILIN1,-0.28623978090252683,7
TIAM2,-0.28624109236543605,7
ASF1B,-0.28627776743375855,7
IGKV6-13,-0.28636596619037996,4
TAAR1,-0.28638779605587805,2
APOA1,-0.2865334765059358,7
MMP12,-0.28653593678613515,7
LOXL1,-0.2866433599335249,7
GCGR,-0.2867073028343414,7
WDR5,-0.2868013948448703,7
SP9,-0.2869531949171265,6
ITGAD,-0.28703235119772946,4
NGFR,-0.2870350710137125,7
FAM181A,-0.28706867829532495,3
PECAM1,-0.2871499053686052,7
DUSP13,-0.2872414896616685,4
TMEM138,-0.28730064966654617,7
RBBP7,-0.2873426594233516,7
RSPH3A,-0.28735590450369614,7
SLC39A11,-0.2874290871497459,7
ALDOB,-0.28749081129191767,7
TAL1,-0.2875346575305172,7
VRK3,-0.28757832626325275,7
VCPKMT,-0.28759088182938236,7
TENT5A,-0.287802513990354,7
APOF,-0.28784007251822563,7
KYAT3,-0.28789478244337247,7
SH3YL1,-0.2879452520260934,7
GM23262,-0.28794982907440964,5
DDB2,-0.2880443044513772,7
CYP2D41-PS,-0.28807195451230566,3
ACSL5,-0.28833118791226725,7
RHOT1,-0.28841879093790684,7
MRPL14,-0.2884729022249108,7
SYT7,-0.2884827225197647,7
GM6808,-0.2884915073910535,3
ZFP639,-0.28851115192003063,7
SERPINB10,-0.2886133376549898,6
HPGDS,-0.28864250776637373,7
GM25128,-0.28870057109022423,5
NDUFA3,-0.2887934464311877,7
WASF3,-0.2888214505946349,6
MOK,-0.28882929051617867,6
IGSF23,-0.28885257729550934,7
KBTBD3,-0.28888499398522416,7
DNAAF5,-0.2889253488410262,7
TMEM115,-0.28897823120873195,7
RETREG1,-0.28932933833917523,7
CH25H,-0.2893919198563759,6
GM6153,-0.2894240199653885,5
TES,-0.289470078213014,7
PSMB9,-0.289600405965751,7
COPS7A,-0.28960989883292676,7
GNPDA2,-0.289712198445139,7
PSMA5,-0.2897498668888283,7
MEGF6,-0.28976689654173426,7
POMT2,-0.2898691413530886,7
2210418O10RIK,-0.28988885543625514,7
JAK1,-0.29001289867989727,7
AGBL5,-0.29006643867358545,7
FLT3,-0.29012624525332315,7
4930479D17RIK,-0.29013152462763286,3
EPAS1,-0.29019212274861744,7
GM14966,-0.29020701358940765,6
CCNB1-PS,-0.2902103608660542,2
CHMP1A,-0.29032369373699746,7
FOXR1,-0.290395950246491,2
PGM1,-0.2905159519600245,7
FRMD4B,-0.2905466246307409,7
OSTM1,-0.29055445915968053,7
M6PR,-0.2906878165595705,7
IGKV4-74,-0.2907324772503367,4
CEP112IT,-0.2907368857112348,5
SPC25,-0.2907831323584809,7
PIGV,-0.29099979927621383,7
PTGIS,-0.29100087404401914,7
CSPRS,-0.29100631241600144,7
TMCO6,-0.29107088637713013,7
RPL19-PS6,-0.29115554309778,6
AGMO,-0.2911768082525415,7
RND3,-0.2913095215959584,7
ALOX12B,-0.29138510118914507,3
HAUS2,-0.29142334785854235,7
9130221H12RIK,-0.2916064331952834,7
SCML4,-0.2916101792216155,6
ZFP934,-0.2917082894647792,7
TNFAIP8L3,-0.2919103229093415,7
OLFML2B,-0.29194437181822785,7
MIDN,-0.2919673539207048,7
MPIG6B,-0.29203141271644983,6
DNAJC9,-0.2920431236680968,7
TRIM30C,-0.29205575835610187,7
SAP18B,-0.2920599991520096,7
SNORD3B-PS1,-0.2922132211961408,2
MAOA,-0.2923089893839566,7
HRH1,-0.29231462812932435,6
CCL7,-0.2924643000119708,6
GM3055,-0.2925256413859797,7
POGLUT1,-0.29253273667437757,7
LRRC66,-0.2925837184613726,5
GABBR1,-0.29267682097508907,7
OR5B94,-0.2926963999593177,3
TIPARP,-0.29276946582236,7
GM4853,-0.2929338281782394,6
MARCHF7,-0.29299256261251244,7
H4C18,-0.29321157883142807,7
1500009L16RIK,-0.2932726682898191,6
MED12,-0.29327759954002836,7
WFDC12,-0.2932803744510301,4
SNAP47,-0.2933439317028789,7
LAMTOR3,-0.29339727306533375,7
COG2,-0.2934070513133544,7
NENF,-0.2934381275741768,7
HMGB1,-0.2934702404017961,7
GM94,-0.2935132585187506,3
PCBP2,-0.2935501786686257,7
HCLS1,-0.2935592236485604,7
MRPL50,-0.29356318815270294,7
NUDT13,-0.29360881536013295,7
CUEDC2,-0.2937128495189079,7
COLGALT2,-0.29373208568067427,7
CBX6,-0.2937759809600672,7
AACS,-0.2937791507293322,7
UGT2A2,-0.29384775293020177,2
H2AJ,-0.29388915784750075,7
TNFSF10,-0.29392523703489626,7
SYF2,-0.2939645403421993,7
ST8SIA4,-0.2941413309687951,7
CAPG,-0.29417512720589983,7
NUDT21,-0.29430423580421705,7
GM3375,-0.294318472821255,7
ZFAND2B,-0.2943530928940951,7
MZT2,-0.2944297399100755,7
DNAJC10,-0.2945247344280526,7
AKP3,-0.2945542113879715,3
POTEGL,-0.29475585005291755,3
FNIP1,-0.2947907801142318,7
MYADM,-0.29481755908035917,7
DUSP6,-0.29491227017192523,7
LRRC6,-0.2949814126432199,2
GM24507,-0.2950616494841832,5
TMEM51OS1,-0.29508365448681395,7
IGLV3,-0.29509313610035287,6
ITM2B,-0.29512017345996316,7
AP3M2,-0.2952225308223566,7
OOSP1,-0.2953998108651028,3
GM16011,-0.2954028754043321,6
GBP2B,-0.29553310806268335,7
TM6SF1,-0.29556749895323936,7
SH3GLB1,-0.29569060823325394,7
ARHGEF39,-0.2957263532118167,7
KIF20B,-0.2957901796124645,7
BCO2,-0.29580499080737965,7
CYB561D2,-0.2958118840719283,7
MAPK11,-0.29586635008955675,7
PTK7,-0.295901304355874,7
UPP1,-0.2960547711748875,7
CD300LG,-0.29609350301736803,7
DBNDD2,-0.2962210588131898,7
ALYREFFM1|GM29669,-0.29628576925621947,2
ENPP6,-0.29632231520107805,7
ALB,-0.29636710239554886,7
VSNL1,-0.29639169480508804,4
RBX1,-0.29640453211032497,7
ZFP960,-0.2964356445271054,7
NIM1K,-0.29653342118751536,7
NANOS1,-0.2965766245036222,7
PHF13,-0.29663495632384157,7
LIPA,-0.2967607138088673,7
HGD,-0.29693706034621165,7
CACNG7,-0.29697086480164697,7
D630033O11RIK,-0.29717070623666836,7
LRRC42,-0.29720297336211277,7
UGT1A6B,-0.2972611942278549,7
H4F16,-0.29733182815115283,4
GPR68,-0.29738340227256516,6
SPRY2,-0.2975022541762144,7
ATP5MK|GM35857,-0.2975686951879806,3
ADTRP,-0.29759152831209257,7
MACROD1,-0.2976062805437212,7
MANSC4,-0.29762753186612434,7
RLBP1,-0.29767136030725616,4
5430403G16RIK,-0.297673068279116,3
ALG11,-0.2978004700514626,7
CLDN17,-0.29782297044081324,2
BC016579,-0.2978634229356827,6
GM44851,-0.2979423051034244,6
RNASEH2A,-0.29800385186560835,7
MFSD9,-0.2980217115399758,7
SNW1,-0.29807840739694463,7
CYP2F2,-0.2981886816813572,7
TTC8,-0.29832980779612245,7
TMEM165,-0.2984782710831361,7
GM26316,-0.29876672461437814,3
SLC25A26,-0.29887971674612557,7
RNF39,-0.29889682671242657,7
ROM1,-0.29894412613773697,7
RNASEK,-0.29897548929246137,7
LIN7B,-0.2990051753529564,2
TTC3,-0.2990307145140016,7
SNHG11,-0.29906184422305193,7
ARHGEF15,-0.2992060408004919,7
RTN1,-0.2992608405412666,7
DTNBP1,-0.29930455522703203,7
2310039L15RIK,-0.29934512668687685,5
FAR1,-0.2994360262786537,7
STAU2,-0.29944919121806207,7
CHIC2,-0.2995585859618752,7
FBXW4,-0.29960720617797115,7
SLC35A4,-0.29965455504112815,7
GPNMB,-0.2996563180648795,7
CD248,-0.2996805159021938,7
LCE3C,-0.299687041827004,3
PIGR,-0.29978551510433943,7
PPCDC,-0.2998201821044769,7
GTSE1,-0.2998268418919276,7
GM23303,-0.2998438280370522,3
KRBOX5,-0.29992422036103683,3
GM13427,-0.3001196909152797,6
SAMD14,-0.3001443631715193,7
GM9104,-0.3001757491309395,4
LOC118568338,-0.3001937579605576,5
DOK1,-0.3002866776717221,7
KLHDC3,-0.30029091163680377,7
GM26175,-0.3003272516737522,5
PCDHGA4,-0.3004129055512551,7
TCTA,-0.3005114775159409,7
PRDX2,-0.3005165832142805,7
HADHB,-0.30052253023900327,7
IL21,-0.3006251558593153,2
PAFAH1B3,-0.3007367818088372,7
NAT14,-0.3008158876923135,7
LCK,-0.3008927142695957,7
GAB1,-0.3009386434702595,7
4930555A03RIK,-0.30094925940803113,3
TEDDM1B,-0.30106078389985413,6
DUSP9,-0.3011199976234094,6
GM5088,-0.301250024501328,6
IGKV3-5,-0.30125698862313993,6
COX4I2,-0.3013610716757739,6
LYZ1,-0.30145106817959344,6
SERTAD2,-0.30154469267802947,7
SMIM6,-0.30157693539204466,7
CLIC5,-0.30160590225063105,7
COL16A1,-0.3016214956742863,7
HSPA1L,-0.30166813942318804,7
RAP1B,-0.30199942685084125,7
ITGA2,-0.30201143567935673,7
SRI,-0.30204991594022135,7
CYP3A41B,-0.30219723265816495,6
PRR5,-0.30228943927605273,7
MAPKAPK2,-0.3025172662777579,7
IGF1,-0.30268464733951184,7
PLIN3,-0.3026862342735885,7
ISCA2,-0.30276809151685447,7
GHRL,-0.3028289116241929,3
DNPEP,-0.3028997825711724,7
GM10155,-0.30292231072708653,5
LCE3A,-0.3029767811683689,3
SLC35F6,-0.30298299269414264,7
TMTC4,-0.30303919002790636,7
NDUFA13,-0.3031668563981787,7
3010003L21RIK,-0.3031744122322109,7
IL21R,-0.3031998886643585,7
NUP133,-0.30320273476739207,7
ACER3,-0.3032959101976572,7
GM13680,-0.3033974052069975,7
WFDC2,-0.30346394153917977,7
CTBP2,-0.3035614874082548,7
GM4013,-0.3036663187055106,7
SLC10A3,-0.30375148149123193,7
SNAPIN,-0.30385463649990196,7
IL17RA,-0.30386836987778293,7
BCKDHA,-0.3039434239005438,7
4930481A15RIK,-0.3039911214535701,7
MRPL2,-0.3041377003428281,7
CACNA1A,-0.30419587084315564,7
RPL21,-0.3041965683952372,7
TMEM198B,-0.30420458787990545,7
SLC16A7,-0.30420730410540037,7
GPAT3,-0.30437388865355813,7
2310016G11RIK,-0.3045816794798044,2
PIP4K2C,-0.30468889809133143,7
SNORD16A,-0.3046983847769195,2
NDC80,-0.3047468830743093,7
GM13292,-0.30492495589465524,6
TBXA2R,-0.30508637548296846,7
IFITM2,-0.305212122682855,7
IFNGR2,-0.3052438102575811,7
PEX13,-0.3053229502663495,7
NDST1,-0.3053867834810443,7
MATK,-0.3054198316715219,7
FAM122A,-0.3055025251668204,4
FUT10,-0.3055077567094627,7
AI463170,-0.30552519601950573,7
THAP7,-0.30560707187606234,7
IGKV3-4,-0.30567013541968663,6
DDAH2,-0.30574420610334474,7
SPICE1,-0.3057892211734311,7
TMEM234,-0.30584828355111504,7
AKR1E1,-0.3059112230653605,7
SPATA6,-0.3061098420433507,7
SFTPD,-0.30613003959147284,7
OAZ2,-0.3061918856328298,7
TIMM21,-0.30634713052411716,7
GM3604,-0.3063534948825033,6
OSGIN2,-0.30637867677087854,7
RASGRF2,-0.3066773200477747,7
PDLIM4,-0.3066849724315769,7
IGKV3-2,-0.3068425765316271,6
TCEANC2,-0.3068795623077657,7
DOK2,-0.3069049616077794,7
1600014C10RIK,-0.3069836175529203,7
IGKV12-41,-0.30700898361584755,6
IGKV10-95,-0.3070841582401115,2
RADIL,-0.3073121094812091,6
SLC9A9,-0.3074373393831781,7
MTERF4,-0.3074850689436052,7
ERCC6L,-0.30753691584253584,7
SF3B5,-0.30753768451643376,7
GM7353,-0.30776517644285656,3
LILRA5,-0.3078015298076319,7
NRM,-0.30780869272046246,7
MARCHF2,-0.3082988318906313,7
GASK1B,-0.3083615469946035,7
H2-T22|H2-T9,-0.30836818735119903,3
OIP5,-0.30845215748759064,7
TBC1D16,-0.3084756060275054,7
OLFR703,-0.30852882076333743,2
ENOX2,-0.30868596919969254,7
THA1,-0.308698477122098,7
TMEM202,-0.3087203182068344,6
FRG1,-0.30873062788141076,7
TONSL,-0.30876567043590614,7
DPYSL2,-0.30881821188264186,7
ZFP358,-0.30884235089643397,7
C920006O11RIK,-0.3088491492554244,7
PIPOX,-0.3088748454512479,7
TBC1D17,-0.30887536995958814,7
E330011O21RIK,-0.30889170063450894,7
TRAPPC6B,-0.30893968755030005,7
ARHGAP19,-0.3089432608858621,7
PTGIR,-0.309015366291374,6
GINS4,-0.3093848700849787,7
GM6195,-0.3094538943612535,4
PADI4,-0.3094581699874208,6
METTL25B,-0.30952225678059414,3
CANT1,-0.3095248427030174,7
KANSL3,-0.3095464761271639,7
MIIP,-0.3095795753105269,7
SDSL,-0.30964301765323593,7
MOSPD1,-0.3097075422562932,7
TMEM167B,-0.3097511715088403,7
DNAJC15,-0.3097971725411428,7
PLCG2,-0.30988037429346604,7
DHX37,-0.30990561135943345,7
2810025M15RIK,-0.30998817649785554,7
SERPINB9,-0.31000969585634597,7
PYCR1,-0.3101285718173708,7
ATP5B,-0.31027834268497223,4
CTSC,-0.31035101651204056,7
CD209F,-0.31041257429926217,7
GM12184,-0.3105206006524909,4
PSENEN,-0.3105381642867574,7
1810041H14RIK,-0.3105546716354978,7
YEATS4,-0.31060720280631066,7
CACNA1S,-0.31062784672256866,6
ADGRL1,-0.3106725725561921,7
SAMD5,-0.31075726009789584,7
SVEP1,-0.31083897833502167,7
STMN2,-0.31089893695214776,6
LGALS7,-0.3109062700376587,4
MORN5,-0.31091920624456293,5
PDCD1,-0.31099919029351386,6
ADAT2,-0.3110445450284753,7
5430437J10RIK,-0.3111596727782917,6
MAVS,-0.31120350045282674,7
RNF138,-0.3112590070759541,7
GM2093,-0.3113229265002581,6
PDE11A,-0.3113384580366417,6
SPTBN2,-0.31137595546651714,7
SNORD14C,-0.3113788751385228,2
GM8730,-0.3113954674000451,7
GANAB,-0.31149057191775226,7
ABHD16A,-0.3115859495669349,7
MYG1,-0.3116124032188215,7
CYTL1,-0.3117372060254791,6
SLC27A6,-0.3117418339751284,7
GALNT7,-0.31180947362711214,7
NAF1,-0.31185917742822017,7
APIP,-0.31191963824485164,7
HOGA1,-0.31196932401970007,7
GALM,-0.31201587172082024,7
CSMD1,-0.31201731864914733,6
SUSD2,-0.31213214382922977,7
2700046G09RIK,-0.31214988011346456,4
GM26748,-0.3121752486197277,2
ASAH1,-0.31245361933627475,7
PCDHB10,-0.31245572611332006,6
TAP2,-0.31245703785936824,7
MKRN3,-0.31247222045205536,7
LCE3E,-0.3125532033220098,3
FREM1,-0.31261726187830213,7
ACKR1,-0.3127118311815989,7
SLC38A10,-0.31286449769890395,7
GLCE,-0.31289966022244003,7
MSX1,-0.31293446519503376,7
CASK,-0.312997046106628,7
SCAP,-0.31302578846815227,7
2810408I11RIK,-0.313096684338923,7
CLCN4,-0.3132891548743152,7
OR5M11B,-0.3133831955697647,3
CYP2C67,-0.3134602229873011,7
CCN1,-0.31354428159387354,7
MCF2,-0.3137179084161935,5
MRPL40,-0.3138104672546943,7
LY6C2,-0.3141306824100286,7
AGAP3,-0.3141345322292866,7
BACH1,-0.3142025431981164,7
BOC,-0.3142585423167182,7
COMMD5,-0.3144321211270648,7
GM50270,-0.31450215588662933,2
NQO2,-0.314661486740845,7
KCNK5,-0.31467931422348966,7
FABP7,-0.31476616915097333,7
SNX12,-0.3147672680702285,7
PIRA1,-0.3148268479037352,7
RIPOR3,-0.31483473030595144,7
ASPRV1,-0.31497282866115195,6
DCUN1D4,-0.31501221136880997,7
CLEC1A,-0.31509553346482827,7
MSMP,-0.31514654967610767,7
GM9493,-0.315280834040062,7
KARS,-0.3152953971279467,4
SERF2,-0.3153619244328959,7
JPT1,-0.3154426305556481,7
GM16299,-0.3155305197668237,7
CD55,-0.3156513662670964,7
IGKV4-59,-0.31567209145285274,6
ADAM22,-0.3157148131186049,7
CREG2,-0.3157565704538763,3
TSPAN14,-0.31576789027953694,7
CTSL,-0.31582042764125046,7
OSGEP,-0.31587685293811835,7
ELK1,-0.3158906777463824,7
BIN2,-0.31604626708267614,7
CTU1,-0.316072400708553,7
FBXO27,-0.3161196784543207,6
GM14231,-0.3161333377380813,4
SIKE1,-0.3163333126950227,7
CRTC2,-0.3165382939061804,7
PPOX,-0.3167693073792887,7
RNF103,-0.31679453946616676,7
PLAU,-0.3170277722923353,7
H3C3,-0.31706621873331103,6
FOXM1,-0.3170706298881368,7
UBE2W,-0.31712902827241857,7
PRXL2A,-0.31714529456157864,7
XNTRPC,-0.3171626253098979,7
TXNL4B,-0.3172148721260401,7
RPL19-PS11,-0.31725940749633486,7
RNASEH2B,-0.3173154090302909,7
F2RL3,-0.3175647604730843,6
FKBP14,-0.3175653271618871,7
TMEM39B,-0.31762355165334466,7
MINDY4,-0.3176282649611755,7
GM25663,-0.31764995609433794,3
ACADSB,-0.3179508002028223,7
H3F3B,-0.31813997076128825,7
GNAI2,-0.31814588868383903,7
ADAM9,-0.31817936456622514,7
FAM241B,-0.3181888827628571,7
STK32B,-0.3181889396600539,4
GM17222,-0.3182906743918167,4
PTGDS,-0.3185832955598599,7
HAMP,-0.31865591989157366,7
CASP3,-0.3186702828260164,7
D17H6S53E,-0.31869354667768135,7
CBARP,-0.31874886136378106,7
VSIG10,-0.31879786595254195,7
CNRIP1,-0.31886187730706,7
PEF1,-0.31895368067465596,7
TMEM185A,-0.31901225032198643,7
IGKV13-84,-0.31901902564527446,4
PAPSS2,-0.3190732356185314,7
RAB20,-0.3190750420189062,7
IL31RA,-0.3192126274225072,3
SPTBN4,-0.31921971666625976,6
B9D1,-0.3193400781116917,7
TMEM123,-0.31952960361003085,7
PDLIM3,-0.31953080134951223,7
NAA38,-0.3195396466068594,7
WDCP,-0.31969097963805104,7
KLRB1,-0.31991443957093046,2
4930577N17RIK,-0.31994535097316273,7
9030619P08RIK,-0.3199732971479766,7
PROX1OS,-0.31999308261410186,7
NCAPG2,-0.32000128592988386,7
UBE2E1,-0.3200087935550696,7
KCTD10,-0.32011666693571617,7
AMZ1,-0.32011759522413297,7
KCNK13,-0.32019064532778624,7
FBXO3,-0.3202541766603507,7
1500011B03RIK|2610524H06RIK,-0.32043620653114585,6
CD96,-0.32047375241266274,6
AMY2B,-0.3204779784750347,4
2900052N01RIK,-0.32050196614011056,3
PIWIL4,-0.32075946687152124,6
GM5638,-0.32084201162787995,2
GM22488,-0.32085204696931335,5
C1RB,-0.3208651348049138,6
CREB3L4,-0.3208673935736631,6
CXCL5,-0.3210673592989288,5
MAP4K1,-0.3211785983780194,7
KLK1,-0.32119067193493844,6
ILF2,-0.3214859838990753,7
TAS2R141-PS4,-0.3214931495352552,2
FBXW10,-0.32150018854655504,6
2010001A14RIK,-0.3216676171877489,7
STRIP2,-0.32167008251533685,7
JAM3,-0.32169027557785856,7
CCL17,-0.32197039617280526,6
GM6252,-0.3220105974504519,3
CCDC74A,-0.3220212477710978,4
PRICKLE4,-0.32211627157476214,7
ERGIC2,-0.322139779438638,7
HBB-B1|HBB-BS,-0.3221558942375334,6
GLMN,-0.3221974748619965,7
CERS4,-0.32230883566857094,7
CABLES1,-0.32236689764492615,7
NTN4,-0.3225113778463297,7
FAM229B,-0.3226510444301674,7
SV2C,-0.322710557434518,6
MAD2L1BP,-0.3228168458078026,7
NDUFB4C,-0.32283747879643937,7
GM25313,-0.32285820054731984,2
CD14,-0.3230201673848782,7
CBX7,-0.3231505414513626,7
EDNRB,-0.3231884832466835,7
GM20125,-0.3232004495489246,5
H1F2,-0.32326343826444986,7
TRIM80,-0.3233131412691601,6
SYCE3,-0.3233305952214208,5
PCDHB15,-0.32333512960793404,7
GM11703,-0.32351334672191573,6
GM2606,-0.32373734559228595,7
PCID2,-0.32379585973706687,7
4930579C12RIK,-0.3240210379767167,3
GM35612,-0.3240313570982218,3
RTCB,-0.32417989650938495,7
KIF18A,-0.3242717311329123,7
MEIS3,-0.32435817789383925,7
ITIH4,-0.3243911369007873,7
SEL1L3,-0.32467775033247837,7
ZBTB12,-0.3247866734455268,7
ST3GAL4,-0.3250045185066693,7
CD72,-0.32510294965284403,7
CSF2RA,-0.32520530765363403,7
CDC42EP5,-0.32522266283302476,7
BC023719,-0.3252720293385454,3
PDK3,-0.32529816530894473,7
PLATR14,-0.3256285174266852,5
TAGLN3,-0.32565295769706715,7
OCLN,-0.32574327513391904,7
1810013D15RIK,-0.32575996046664957,7
ABCC3,-0.325802997380209,7
PAQR5,-0.325832545057599,6
CENPP,-0.3258737618197757,7
ABHD1,-0.3259596752377262,7
AIG1,-0.3259811618462144,7
SMIM35,-0.32601898074201674,3
ATG5,-0.326158387190559,7
GM5507,-0.3262170495536525,4
H1F1,-0.3262382655391314,6
MYO1G,-0.3263792453932668,7
GRIN1OS,-0.3264156353529844,3
ASIC2,-0.32649584870794623,5
GLIPR2,-0.3266128725673295,7
LOXL3,-0.326671103566517,7
NUDT12OS,-0.3266785397700256,5
HDAC11,-0.3267325946508916,7
ATP2B4,-0.32690795879674545,7
NSMCE2,-0.3269532117900019,7
GM15326,-0.32695911142989864,5
GSAP,-0.327003890350814,7
IL2RG,-0.32706182610716017,7
TRPM4,-0.3270927028151514,7
MZT1,-0.3271404278855369,7
GM33054,-0.32714184021451137,4
SSPO,-0.3271703435003327,7
GM17102,-0.3272312117951794,7
WNT5B,-0.3272635200285933,7
ADSS,-0.3273232449781131,4
ZWILCH,-0.3273278592227817,7
PCDHB16,-0.3273511636599958,7
LAMP3,-0.3276349777806362,4
LGR4,-0.3276377622226519,7
MRPL15,-0.3277131802486573,7
GOT1,-0.3277298078954522,7
AMHR2,-0.32773455339134216,7
ZFP992,-0.328032619045712,7
A1BG,-0.32804420947107704,7
CABP4,-0.32808052950931177,7
GCKR,-0.32808722707915866,7
KCNAB2,-0.32845888544510576,7
BCAR1,-0.32861182253546534,7
NIBAN2,-0.3286539795321931,7
GM50340,-0.32881496372845004,6
GSTA5,-0.3288500087773928,5
PRADC1,-0.32888694425972026,7
TBRG1,-0.328994780709467,7
MRPL55,-0.32906998183243175,7
XLR4B,-0.3291106910931371,6
H60B,-0.3291911735162657,4
PHF19,-0.3292536121206729,7
PRC1,-0.329346185823166,7
ZSWIM3,-0.32935082393381104,7
SMC2OS,-0.32946033688486864,6
FAHD2A,-0.329565036839719,7
TNFRSF17,-0.32966553163295376,4
LCE3B,-0.3298225489540056,3
1810062G17RIK,-0.3298252302484312,7
GM12818,-0.32985711153811403,3
GGCX,-0.32991536878802225,7
ADAMTS1,-0.32995911938372524,7
KHDC1C,-0.33025231865165694,2
GM31593,-0.33029834917957945,6
TMC8,-0.330428698685418,7
MRPL49,-0.3304822453050037,7
PSTPIP1,-0.330538899760028,7
TCF3,-0.33054319555546113,7
TMIGD1,-0.3306090622619034,5
TMEM238,-0.33061520150271145,7
TXN1,-0.33062496289827653,7
SH2D4B,-0.33069574098550014,6
RTCA,-0.3307409554045954,7
DOCK2,-0.3309716919624282,7
SERPINA3H,-0.3309855582566758,3
S100A16,-0.3310092661749428,7
LRRC17,-0.3311384166871189,6
IGKV4-53,-0.3311594114639423,6
CAR4,-0.33159333658060103,4
COQ9,-0.3316378089763024,7
HRH4,-0.3316681547805394,3
IFNG,-0.3318020660198396,6
COL18A1,-0.33182788929794543,7
ATXN7L3,-0.33183728670628515,7
DNAAF10,-0.3318838015667079,6
ZFP296,-0.33203258081834564,7
GM38456,-0.3320600319425479,3
DAGLB,-0.33208314057848204,7
GM17121,-0.3320847153088849,3
PGLS,-0.3321523067607185,7
MMADHC,-0.33221777724573254,7
GM2387,-0.33222960731748774,6
STOM,-0.33227532552108135,7
STARD7,-0.3322955286355372,7
PRR18,-0.33247402513874386,6
SH2B2,-0.3325630005069603,7
NCK1,-0.3325795668657743,7
CHCHD5,-0.3326363691832022,7
GM5141,-0.33267257742775375,7
SPG21,-0.33269828406486296,7
MUP-PS5,-0.33270959307310377,2
STMND1,-0.3327412817152796,5
CLPB,-0.33276746283531367,7
GM11449,-0.3327679796947298,4
UGT2B36,-0.332803173317346,7
BTF3L4B,-0.3328797803556896,6
MRPL20,-0.33289418247837965,7
ODC1,-0.3329576068441763,7
MSANTD1,-0.33298537629591196,7
PGLYRP1,-0.332994771012925,6
GDF3,-0.3330712461741369,6
FANCG,-0.33311246450547277,7
ART2A,-0.33313934421211394,6
FAM178B,-0.3331443497140791,4
SPP1,-0.3332252797889404,7
GM33543,-0.33334702170240993,7
ARL6,-0.3333497504623845,7
FXYD3,-0.3333550690174733,7
MARCKSL1,-0.33337678878225396,7
GM11878,-0.3334213083365147,5
FGF13,-0.33344785014838046,6
GAR1,-0.3334526218741133,7
PDCD10,-0.33360410879009395,7
NKX1-2,-0.33364624713976754,5
THBS3,-0.3336912608675727,7
ROBO3,-0.33370664662624466,7
FSIP1,-0.33371605519476516,7
RGS8,-0.33386117697718803,6
IDH3G,-0.3338679153256599,7
GM5622,-0.33393402069512224,3
POLN,-0.3339514838947276,7
D130043K22RIK,-0.334002709077331,7
GM33989,-0.33429565778757125,6
PDZD4,-0.334323648564104,7
PET117,-0.3343520717292033,3
SCAMP1,-0.33435547371605495,7
ODAD4,-0.3344541902143356,6
FBXL13,-0.3344578608777791,6
FIBP,-0.33457675232414213,7
SLC37A3,-0.33462728580922313,7
STAP1,-0.33480543157519743,7
PPA2,-0.33486374624835996,7
BC051142,-0.33486542471513503,4
MIA2,-0.3350765669094954,7
MSMO1,-0.33516037470456,7
ZFP704,-0.33524155622687957,7
ENDOG,-0.33532538821546726,7
CAPN13,-0.3354268661376442,2
GM4799,-0.33555351419174767,6
CD8B1,-0.3356078081866218,6
SF3B6,-0.335627193415605,7
GM6657,-0.33576100971219214,4
NTS,-0.3359409746924703,4
TRIM47,-0.335966426405199,7
KLRG1,-0.33608704232624526,6
FBXO7,-0.33635268340150254,7
UBC,-0.33636660953695624,7
GM11627,-0.3364098455037183,4
MYO1A,-0.33641491531173406,5
SBSN,-0.33641616413219516,7
CABYR,-0.3364757025585749,7
TMEM54,-0.33650089439928343,5
DNPH1,-0.33651355445027226,7
SMIM8,-0.33674261521525467,7
GM12159,-0.33681226720227675,2
PCDH11X,-0.33681651406834784,6
TMEM33,-0.3368582217525437,7
DDX43,-0.33688897876539164,6
MTFR1,-0.33691620894135915,7
GLYCTK,-0.33704652508161903,7
ZFP930,-0.33724921012259085,7
TAS2R135,-0.337382845332231,5
GM20319,-0.33739793931849893,4
RPS2-PS13,-0.337472479342173,6
MRTO4,-0.33747397094747106,7
SLC27A2,-0.33747542461240787,7
2610507B11RIK,-0.3375155417988331,4
GTPBP10,-0.33752520947752485,7
IGKV4-61,-0.33761647345424883,4
CTF1,-0.3378413996660286,7
TMEM11,-0.3379796876935827,7
LEKR1,-0.33800823712476413,7
SNORD1B,-0.3380640205110678,3
LRRTM3,-0.33816861647954444,5
DACH1,-0.33818815075678355,7
ADGRG2,-0.3382099357756521,7
IGHV1-55,-0.3384509751161847,4
GM5904,-0.3384608108280806,5
GM10863,-0.33857885134953203,6
LRCH2,-0.33862567171622104,6
4931431C16RIK,-0.3387030908246305,5
SIAH2,-0.33888609312826246,7
CDKN2D,-0.3390862392924924,7
LSM7,-0.3390911191871706,7
C630043F03RIK,-0.3391031115979399,3
LCE3F,-0.3391645549510495,3
ATG14,-0.3393623956203687,7
TMEM163,-0.3393959010145627,6
AKR1C18,-0.33944643093625515,7
SEMA4A,-0.3395133860857317,7
CRMP1,-0.339579227929154,6
IL36G,-0.3395900241338241,5
MYCL,-0.33960425387119425,7
CDKN1C,-0.33971048435313833,7
REEP2,-0.3397702429730514,6
ACP1,-0.33991692040219457,7
ALG1,-0.3399352285303208,7
GM2897,-0.33997553963496235,6
PPARGC1B,-0.340104153902549,7
DMAC2,-0.3401946561166803,7
MROH7,-0.34022570569303606,7
PLEK,-0.34023349971264855,7
ARF2,-0.3402359364953456,7
GPR161,-0.3402839568082307,7
KLHL33,-0.34056266197063273,6
GM20735,-0.3407358698876311,3
ENDOU,-0.34076203921212816,7
SLC41A3,-0.3408193686861701,7
SIDT2,-0.34082854629645204,7
ROBO1,-0.34089624354069087,7
CALR3,-0.34104370084279273,7
RASD2,-0.34107330610480674,6
PHTF1,-0.3411903455673716,7
RPRD1B,-0.34129575152435343,7
B430212C06RIK,-0.3414131318132232,3
RSPH9,-0.34143058220364114,7
MYLIP,-0.34158401112384623,7
ICAM1,-0.3417512598714835,7
CAR11,-0.3418054152053129,7
GM35315,-0.3419252390570104,7
NDUFB1,-0.34199042217668696,7
COLEC10,-0.3420148531641355,7
TMEM156,-0.3420348130872389,7
ARC,-0.34203689051852143,7
FBN2,-0.34211854580209605,6
CPXM2,-0.3421222739218472,7
CACNA1F,-0.3422331995224423,6
NOTUM,-0.34225655344941186,7
DCUN1D5,-0.34227736899741984,7
TFAM,-0.342298740862819,7
S100A14,-0.34232183971784247,6
LIMA1,-0.3424579100993227,7
PCDH18,-0.3425821446368906,7
COA4,-0.3426579964980051,7
TTC9,-0.34266906594811913,6
FBXW2,-0.34268587406652967,7
ABCG8,-0.3426998620329528,7
GNB5,-0.34270132801412095,7
SSNA1,-0.3427062860579834,7
S1PR4,-0.34274084986143905,7
RASGEF1A,-0.34276693020275456,6
GM32742,-0.3427843806749913,3
CDK5RAP1,-0.34291261056859323,7
4933405D12RIK,-0.34297068252015855,7
H3C8,-0.3430152987002768,5
RDH16,-0.3430205964200724,7
MED17,-0.34323475391537894,7
GLS,-0.3432503259800474,7
GKAP1,-0.3436860557483185,7
TAPT1,-0.3436993234865065,7
GSTA13,-0.3437130494136784,3
RPL5,-0.3437344930564047,7
ACLY,-0.3437417129208354,7
SH3BP1,-0.34396181890617594,7
GVIN2,-0.34420042634047626,7
UBALD2,-0.34426330959257306,7
S100A1,-0.34444588215790345,7
ACP2,-0.3446103119267226,7
TRIM23,-0.34466291040918173,7
ACY3,-0.34479922461012197,7
GM7054,-0.34481121890822625,6
GM15318,-0.34495034561606147,7
NUDT16L1,-0.3450561118480831,7
SLC26A10,-0.34525016251210394,7
TALDO1,-0.3453062532410845,7
LY6C1,-0.3454500642969444,7
PPIE,-0.345539283993254,7
HSPE1-RS1,-0.34579628510009996,7
CRLS1,-0.34588802081540637,7
CHTF8,-0.34590264828692746,7
IL13RA1,-0.3459858807061243,7
DGCR6,-0.3460980084298332,7
GM6905,-0.3461400169443098,3
SLC39A13,-0.34616362955644836,7
GM22581,-0.3461816121342997,6
EPHA3,-0.3462497616123081,7
TMEM121B,-0.3466910167035545,4
3110082I17RIK,-0.3467056771143354,7
RENBP,-0.34696533228013526,7
HAL,-0.34697684001081697,7
DNAJC12,-0.3469825538694658,7
GLI1,-0.34708602234046193,6
C730027H18RIK,-0.3470966346667716,7
SERPING1,-0.3472014305037764,7
PPIF,-0.3473714315547162,7
H2BC24,-0.3474304520503501,5
KDELR1,-0.3475953977413234,7
A730063M14RIK,-0.34763758546397,4
PCSK1,-0.3476579081167423,5
RUNDC3B,-0.3476681044036439,7
CAMP,-0.34771087534949735,6
CES1F,-0.34772404644315164,7
AUH,-0.34775327910346043,7
SLPI,-0.3478564113294206,7
FGD5,-0.34789830068654154,7
NDUFAF6,-0.34798462949739584,7
CTLA2A,-0.34801315739524435,7
SNRPD2,-0.34809935299998795,7
CLSTN1,-0.34812886795326914,7
SYCP1,-0.34824944708062816,6
SEMA4F,-0.34832944827071066,6
PCCB,-0.348461518320514,7
TLR8,-0.3484618467027161,7
EHMT2,-0.3485449223181622,7
KIRREL,-0.34868311667005275,4
ATP5E,-0.3487700825345151,4
BZW2,-0.34881677122650956,7
1810009A15RIK,-0.348901657411025,7
CST6,-0.3490305497414948,6
RPS26,-0.3491161851694168,7
TIMM23,-0.34915686161472786,7
TOR1AIP2,-0.34938553618495904,7
ABCA8A,-0.34960730475143575,7
EMID1,-0.34966337107387185,6
PSMG3,-0.34984339802620096,7
DAB2IP,-0.34992729088442126,7
MUC4,-0.34993118511728444,3
NOCT,-0.3501040240128242,7
CSGALNACT2,-0.35011068884334406,7
SCARF2,-0.35011221544532073,7
SOAT2,-0.3501401299606465,7
GM715,-0.3501778107435327,5
5031439G07RIK,-0.35020866420890434,7
S100PBP,-0.35024031627463603,7
CYP2D12,-0.3505413007723637,7
CALCRL,-0.350601285672054,7
TMED5,-0.3506539600960905,7
GM42814,-0.3506908350845185,7
EMD,-0.35077113139134974,7
SDHAF2,-0.3507957571538614,7
BUD31,-0.3508337024947453,7
DSCAML1,-0.3508834452921777,4
TNFSFM13,-0.3509400265196936,7
RNF14,-0.3509940522858997,7
RNF17,-0.3510548430950282,6
MZB1,-0.3511275195207803,7
GM8894,-0.3512605843640267,6
2210406O10RIK,-0.351400862256021,7
PLSCR3,-0.3514417217948257,7
GM26760,-0.3515351926417657,5
EIF3F,-0.3515374739440168,7
AI197445,-0.3517665435583285,7
GM10036,-0.35177635624869397,6
TM9SF2,-0.35178437883282193,7
ACACB,-0.35183774404742424,7
GM4202,-0.3518393461388568,7
GM4833,-0.351892418453854,5
TOMM22,-0.3519302636435426,7
GRAP2,-0.3519437033890047,7
LYSET,-0.35208869675787663,3
FN3K,-0.3521171266674939,7
PCDHB7,-0.3521178015767862,7
NXT1,-0.3521236369866208,7
ENPEP,-0.35214475907218395,7
CCDC40,-0.35216645929974927,7
PLAT,-0.3522108910717802,7
SLC11A1,-0.3522489411489581,7
CPZ,-0.3522511356707844,7
HMGA1,-0.3522881996788018,7
MAG,-0.35238260997959564,7
DQX1,-0.3523996530358616,7
CCNQ,-0.3524000437357073,7
FLVCR2,-0.3524048545936716,7
GM12816,-0.35244675134238695,5
SLC38A7,-0.35254575615019684,7
DCBLD2,-0.3525831488247607,7
LOX,-0.3526776288415463,7
CNNM1,-0.3528307251146128,7
TOR4A,-0.3528907576978955,7
RNF139,-0.35289500826272463,7
4930548J01RIK,-0.35304968096392175,2
GPR137B,-0.3533401449186836,7
MUC1,-0.35346235933280534,7
SEC11A,-0.35355576585259196,7
E130018N17RIK,-0.35356285281810784,6
MUP6,-0.35362990755367346,7
PPP1R37,-0.35374314836650506,7
2500004C02RIK,-0.3539499877277555,7
RXRB,-0.35398611124203266,7
PLEKHH3,-0.35409580681823394,7
GM25203,-0.3541383726332642,2
CETN4,-0.3541412904287897,6
B9D2,-0.35436427179194613,7
LPAR2,-0.3544187323830088,7
F11,-0.35441957971089205,7
ATP10B,-0.35443821736891196,5
THYN1,-0.35448299094920316,7
GPRC5D,-0.3545859546183308,4
GPR160,-0.3546950141942044,7
MPC1,-0.35483465596454655,7
CHMP2A,-0.3550637194308652,7
AWAT2,-0.35524655771683794,7
MPEG1,-0.35536702250533153,7
MYL7,-0.35551978315783367,6
MRPL3,-0.35561395609980007,7
CATSPER3,-0.35565747508120454,6
PIGN,-0.35577445948397546,7
BC006965,-0.35583663537967086,6
DPEP1,-0.35591372355672535,7
GM12091,-0.35591573981032215,5
AP5S1,-0.3559392241096191,7
YPEL1,-0.3559422922751021,7
KIF18B,-0.35604644416994596,6
GM7150,-0.3561145992049861,2
SPHK2,-0.356139853812858,7
DSEL,-0.3565047289475237,7
TLL1,-0.35652661248508727,6
PGM5,-0.35655637145199964,7
FMOD,-0.3565871229735399,7
2500002B13RIK,-0.3567998207534498,7
CCDC189,-0.35682629478953976,4
PSAPL1,-0.3570772376237138,4
PRDM16OS,-0.35712980493188856,7
MEX3D,-0.3571887909198087,7
STK25,-0.3572709208087577,7
CDHR5,-0.35736316713988064,7
E430018J23RIK,-0.35737991730855284,4
IRF1,-0.3573800917969395,7
RAB28,-0.3576850452512607,7
CENPO,-0.35772186729955935,7
CUL4A,-0.3577631381598724,7
NUDT6,-0.35792565484499583,7
HROB,-0.3581131047343698,7
BBOX1,-0.358170457401851,7
MRPS11,-0.35834165827923325,7
GM10814,-0.35835309544381544,6
SYN2,-0.3583834668903935,6
SMIM10L2A,-0.35850820504909287,6
DUSP2,-0.35861854161031076,7
CENPX,-0.3587953297920245,7
GLIS2,-0.35888186167867914,7
APRT,-0.3589313970150515,7
FANCA,-0.3589869931045518,7
NPCD,-0.359000731343646,5
CDK18,-0.3590593903470041,7
GLRB,-0.3591637766778444,6
KHDC3,-0.3592113854232092,5
PPARG,-0.35925058496265494,7
FCNB,-0.359446709266309,3
EPHB3,-0.3597424120944318,7
GM8556,-0.3598433020434848,2
MYOF,-0.35992416954705775,7
IL34,-0.3600150288232551,7
SCARNA6,-0.3600232301806397,6
TM4SF20,-0.3600619652558502,2
RILPL2,-0.36008938372995297,7
SNHG7,-0.3601457040518779,3
CSF2,-0.3601704034582541,3
CASP8,-0.36045926151075935,7
THAP4,-0.36053459643194385,7
FSTL1,-0.36055744848228904,7
RPL31-PS17,-0.3606869667832108,2
MS4A14,-0.3608078062696659,5
VMN2R18,-0.3608643182757828,2
ZFP956,-0.36087144162679063,7
MRPL19,-0.36094587054351673,7
RTF2,-0.360973898493924,7
CALM2,-0.3610684088866933,7
AOX3,-0.36109675759209614,7
CD101,-0.36118340535594823,6
SLCO1A6,-0.36142722437401653,5
COX19,-0.3614483140497102,7
TSPAN17,-0.36157549299090214,7
SPAG5,-0.3615788573966133,7
OS9,-0.3615886949720138,7
DUOX2,-0.36158981194085954,5
MMP23,-0.36161806187294737,7
TMEM220,-0.3616353929336304,7
CCDC85B,-0.36166750516020013,7
RNF7,-0.36175925770826617,7
SOX18,-0.3618675424836933,7
FZD5,-0.3618992617258908,7
TRNT1,-0.36200667902165523,7
ZYG11B,-0.36201863527275685,7
CYP2A4,-0.36205278545587394,7
GM6257,-0.36214549358506565,3
CYTH3,-0.36224222261589595,7
HGF,-0.3625080122370744,7
UGT1A1,-0.3626082302268719,7
GM11470,-0.36265519426874615,3
STARD5,-0.3627545647631429,7
IGHV7-1,-0.36276591175505307,4
RNF24,-0.36298097075755276,7
POLR2J,-0.3630715248777313,7
RFX8,-0.36307627337364445,5
GM4841,-0.3631111452087424,7
PPP1R16A,-0.36332511089436265,7
D330041H03RIK,-0.36364383807548106,7
SH2D1A,-0.36371662836805324,6
4930513O06RIK,-0.36382915018690015,7
SCIN,-0.36384409135941426,6
1700112J16RIK,-0.36392701498859137,6
SLC36A2,-0.36408720592648103,6
PLEKHG1,-0.3641661396500217,7
GM10335,-0.36422253301689217,7
STK17B,-0.36434751290059353,7
LNCBATE1,-0.36441047900379386,6
TOR2A,-0.3646274820680779,7
GM15459,-0.3648513692986219,7
GM22806,-0.36491082604610897,6
CLMP,-0.36501291037911804,7
UGT1A6A,-0.3650699778447185,7
PRG2,-0.36523267841037715,3
GSTM5,-0.3653024230820087,7
FASTKD1,-0.3653641782160727,7
CUX2,-0.36537490764065655,7
LAMTOR4,-0.3653995461173628,7
EIF2A,-0.3654162065669618,7
CCNDBP1,-0.3654728076174828,7
CACNA1I,-0.36557561802544836,6
ERN2,-0.3655933822476934,3
BRINP2,-0.3656138323520962,5
GM20900,-0.36566458264947976,6
LSP1,-0.365739922291261,7
GM10250,-0.36586326701503846,7
CENPH,-0.3660072709109476,6
SERPINA3I,-0.3660314669078277,6
FCRLS,-0.36612031831025066,4
VINAC1,-0.36650968500956077,7
ENDOD1,-0.3666930290806187,7
CHRNA7,-0.3667231049847645,6
MFSD11,-0.3667838289751809,7
LOCKD,-0.36698177513192237,6
GM6871,-0.36732189967434714,2
SLC35A5,-0.36754786724382954,7
TFEC,-0.3676344974757078,7
SEMA4C,-0.3676732414786324,7
CATSPERE2,-0.36770660564208674,7
MKRN2,-0.3679974671770763,7
GM34589,-0.3680633505327378,5
FNDC5,-0.3681153031918211,7
UGT2B38,-0.3682083897221467,7
SCART2,-0.36836005031101016,4
5830418P13RIK,-0.36837103828345735,3
TLR11,-0.3685194328162285,7
LRFN4,-0.3685205741551019,7
SPINT1,-0.3685694787822765,7
PHYHD1,-0.3687399679485371,7
ABR,-0.3688015317549424,7
GNGT2,-0.3688308440958994,7
SORBS3,-0.36895695245887916,7
TLR7,-0.36917846464391324,7
UQCRB,-0.3692877000460972,7
TAF9B,-0.3692930886487617,7
NAA80,-0.3693187737393253,7
PTPRE,-0.36935535338236675,7
PHF11D,-0.3694762942224007,7
RASSF6,-0.3694798781380996,7
RAB11B,-0.36951702285602706,7
FNDC10,-0.3696155422351981,7
IFI205,-0.3696184448412559,7
RAB22A,-0.3697602427576214,7
PCDH9,-0.36981965423664176,7
ACE,-0.3699555222399246,7
GM4961,-0.3702295638901775,6
VEPH1,-0.3702375105615241,7
FHOD1,-0.37067264017555296,7
1500026H17RIK,-0.3709655282961495,7
RELB,-0.3709776592555111,7
MAPK8IP1,-0.37123275778188125,7
GM11599,-0.37124041345596237,2
PEBP1,-0.3712878450172849,7
IFT56,-0.37143666298290606,3
ARL6IP1,-0.3714556181856234,7
ECHDC2,-0.3715318931417131,7
PTTG1IP,-0.3715458024775901,7
GAPT,-0.3717192731735146,6
EIF4H,-0.37179717939110113,7
1600029I14RIK,-0.37207696759224523,6
TBX19,-0.372217353620129,2
ZFP521,-0.37221849146867886,7
CFB,-0.37237012648605505,7
QPCT,-0.37241600219558724,7
IDUA,-0.37260912480956926,7
CSRP1,-0.37262034162735225,7
SMPDL3B,-0.3727353032919974,7
LIPT2,-0.3728085088068093,7
RPL35RT,-0.3729438415841559,3
SURF1,-0.3730061504095641,7
GM12315,-0.37317936621854575,5
SQOR,-0.3732240511643427,7
SNX5,-0.3732281202632767,7
WNK4,-0.3733215353253606,7
ART2B,-0.3733378004387868,7
CERS2,-0.37335383493280816,7
SNX21,-0.3734663379940715,7
ELOB,-0.3735458968426993,7
XBP1,-0.3736167898450555,7
TRGV2,-0.37377334544129615,6
PLA2G12A,-0.3737828494386953,7
SIAH1B,-0.373834371940045,7
CHST3,-0.3739069052136987,6
RPL19-PS1,-0.3740092382204893,6
SLC40A1,-0.3741735526375135,7
MTHFS,-0.37422443239750647,7
SEMA4G,-0.37439848267880665,7
DSG1C,-0.374492445283052,7
SPMIP8,-0.37492864624330263,2
GM13304,-0.37499644406098653,2
MRPS23,-0.375074812960884,7
STYXL1,-0.37514944808420164,6
KHDRBS1,-0.37528789014517355,7
FNDC4,-0.3753270842957767,7
MTHFSD,-0.3754262949583942,7
SAYSD1,-0.37548162857731493,7
GJC2,-0.3755008827740368,7
1600012H06RIK,-0.37552978416484345,7
CHPF,-0.3755618086283854,7
PTPMT1,-0.3756054907900234,7
CLEC2D,-0.3757077922832212,7
LIPT1,-0.3757183470333973,7
RETREG3,-0.3757895931098275,7
ZFP955A,-0.37586366888992184,7
STEAP1,-0.37587109560261417,7
TRIP13,-0.3759632679317654,7
4933405L10RIK,-0.376097020191394,3
PTDSS2,-0.37614988465709776,7
EPS8L3,-0.37636377060683135,2
CCL19-PS2|CCL19-PS6,-0.37637557585612225,3
IFT70A2,-0.3764276241018139,3
NGP,-0.37644571303833135,6
SH3GL2,-0.3764505105553227,6
NTRK2,-0.37650195817294385,7
TIGD3,-0.3765932251852604,7
UQCRFS1,-0.3766304131267827,7
TTC21A,-0.3766732050091639,5
BBIP1,-0.3766800393876961,7
RPP21,-0.37670462938369215,7
GPR143,-0.3767106411106988,5
PKD1L1,-0.3767306386686575,4
RPL19-PS12,-0.3768430686108946,3
LRATD1,-0.37689507935052585,7
PPFIA4,-0.3770075228815274,7
GM14138,-0.3770277718681543,2
GM12669,-0.3770997449365744,7
LCT,-0.37710589732295874,4
RBM7,-0.37712274979951516,7
TMEM45A2,-0.37751549366971654,6
USH1G,-0.3775820234830523,7
ZMYND15,-0.37759765553946295,7
AGER,-0.37759800332924687,7
ANXA6,-0.3776199790659677,7
TAGAP,-0.37765005421459946,7
BC031181,-0.37766639520120204,7
SNORD33,-0.37768202028852804,2
AU021092,-0.3777150604915276,7
STAMOS,-0.37782407196709356,4
SEPTIN6,-0.37813595641889064,7
SARDH,-0.3781366144822215,7
CLPTM1,-0.3781964115472509,7
DDO,-0.3782157031717072,7
ARHGAP15,-0.378237397417515,7
LRRC57,-0.3783581525151279,7
GM19412,-0.37846479912172726,7
TBL2,-0.37847723195735977,7
PTGFR,-0.37860455905767265,7
PLEKHA6,-0.3786152381795763,7
PRKCQ,-0.3787566912549495,7
RBIS,-0.3788326528840645,7
SOAT1,-0.3788506791407698,7
ABCA9,-0.37889276193007937,7
ASB3,-0.37917096284287066,7
D930015M05RIK,-0.3791986120101874,6
TULP2,-0.3792108313040589,7
TREML4,-0.37934173963230905,7
JTB,-0.3793814997879208,7
TSEN15,-0.3793998868437116,7
SYT15,-0.3795788864789444,7
GM4987,-0.37971156824417074,2
SHISA3,-0.37979620505886263,7
4930589L23RIK,-0.37981497662076535,4
NCF1,-0.3798412209055032,7
PEX6,-0.37992511247305494,7
HPRT1,-0.3801238051318749,3
ARL10,-0.3801289982300009,7
CRNDE,-0.38021701656680856,7
SAXO5,-0.38032708604568277,2
RFC2,-0.3803649680050105,7
MUG2,-0.3804662548473784,7
UBTF,-0.38058611249688445,7
GM7816,-0.3807844283671925,7
PLEKHA4,-0.3809106563526109,7
SNRNP27,-0.3809954699260111,7
SLC50A1,-0.38105333928361473,7
DPF1,-0.3813406922048105,7
FUT8,-0.3815067417909455,7
SLC35F1,-0.3815321073411985,6
DAW1,-0.381656246236661,3
OMG,-0.3817259959385999,3
SLC22A13,-0.38187454640593677,4
4930448E22RIK,-0.381958996957737,6
UQCRC2,-0.381992699027201,7
MFF,-0.38209100155883435,7
FBXL12OS,-0.38225361525357454,7
MYL12A,-0.38226136764673474,7
TMEM255B,-0.3823498330251298,6
GM9517,-0.38237657091141947,6
SFT2D3,-0.38242525233055324,7
H1F4,-0.38258923025839303,7
BNIP3L,-0.3827189768529115,7
SPATA31G1,-0.3827833881089869,3
EEIG1,-0.38283695310867755,3
RNU1B1,-0.38292305860344045,2
LNPEP,-0.3830012216844022,7
9530057J20RIK,-0.3830903390838654,3
EIF4B,-0.38309627260762885,7
LIPE,-0.3832018870809995,7
FLACC1,-0.38320197931322264,6
PTPN22,-0.3832020648968588,7
IGKV4-72,-0.38327210018888414,6
1110032F04RIK,-0.3833704945488212,4
FCGBP,-0.3835587308550285,7
SLCO1A4,-0.38356406241136354,7
RNF151,-0.3836119774155507,4
DNLZ,-0.38365281405639984,7
NXPH3,-0.3836664304329775,6
ZFPL1,-0.38382114251138605,7
MED10,-0.38387234107014334,7
KLF16,-0.38389244632492997,7
ADHFE1,-0.38393579427311936,7
STARD3,-0.3839755079623225,7
TIAM1,-0.38447816323549894,7
TNFSF11,-0.3845804696674077,4
COQ6,-0.3845902064362007,7
ZFP951,-0.3846032509884334,7
LRRC4C,-0.3847167492286633,7
LRP4,-0.38477168589392946,7
SLC22A5,-0.3849914649125908,7
1700020L24RIK,-0.3850578804865299,3
BMP10,-0.38526170129477977,7
ARHGAP27OS3,-0.3852891398357852,6
TMEM183A,-0.3853549030674048,7
CDH19,-0.3854078587057348,6
ITIH5,-0.38542114243468883,7
PRICKLE1,-0.3854896529434618,7
NAALADL2,-0.38552380471120407,7
ING1,-0.3855643120127912,7
CAMK1,-0.385642072351148,7
GM18733,-0.3856602418097785,3
FTHL17A,-0.38581837874611663,2
B430306N03RIK,-0.38596864378716855,4
AMFR,-0.38599781473603106,7
LRFN5,-0.3860311296002743,4
GEM,-0.3861667244840273,7
GM2000,-0.38617776238642637,4
COMMD6,-0.38630617989096544,7
ZFP874A,-0.38640240624459793,7
ALOX5,-0.3864070953378957,6
ZDHHC9,-0.38648275771420654,7
P2RY14|F630111L10RIK,-0.3864979076785269,6
MFSD4B2,-0.3865640994887016,4
TPMT,-0.3866668044194653,7
GM36756,-0.3867235917010082,2
POLE,-0.38680638222526254,7
GM16576,-0.38692026002090046,7
PATZ1,-0.38695844660595835,7
GM22614,-0.38698437784791584,2
GM34267,-0.3871470953168186,2
ZFX,-0.3872528216379171,7
2410004P03RIK,-0.38735471640332486,3
GASK1A,-0.387459752836957,7
GM45871,-0.3875266464989216,7
PRAP1,-0.38762065830041365,3
GPR84,-0.38763679571432996,7
GM4956,-0.38789671896670425,7
UGGT2,-0.3879182672030702,7
RPL37|RPL37RT,-0.3879190206735879,6
GM9899,-0.3879472832313346,5
ACOT12,-0.3881314065318738,7
EFHC1,-0.3882522170664582,6
NR1H5,-0.388339431866894,7
ENO1,-0.38842912710824473,7
SERPINH1,-0.38845478444729886,7
TMEM265,-0.3884630843719542,7
NDUFA12,-0.388465596534789,7
ADGRG5,-0.3884762364443273,6
SPINT2,-0.3885242584285458,7
GM4795,-0.38861192766943864,6
RAB4A,-0.38865023525617204,7
NDUFS5,-0.388882400870776,7
CMAS,-0.3890331915942623,7
NAT8F7,-0.38903335551745116,7
IFIT2,-0.3890444833228485,7
0610040J01RIK,-0.38917927617242226,7
KRTCAP2,-0.38922459780437885,7
WNT9B,-0.3892348593601895,7
ZBED5-PS,-0.3896839615261598,3
1700028K03RIK,-0.38997162011095005,6
CYTH1,-0.3900191005210357,7
AOC3,-0.390023943999826,7
ZCCHC18,-0.3900546386705231,6
FAM219B,-0.3900893295036147,7
GM18342,-0.3900897947745801,3
ALDH2,-0.39014880058018303,7
SKINT3,-0.3901761333766687,4
TAF1B,-0.39019957612633654,7
MUP7,-0.3902990045782876,7
RPUSD4,-0.39030473623461476,7
GM13306,-0.39034314537433495,3
TICAM2,-0.3905245511255475,7
EPM2A,-0.3905371743997475,7
HCK,-0.3906844086519684,7
CAR13,-0.3909104886740228,7
GM6222,-0.39110704523339485,6
RPL10-PS3,-0.39120667754525623,7
DYNLT3,-0.3913756318714442,7
BUB1,-0.39143916969710996,6
SIRPB1B,-0.3916185659533113,7
CD40,-0.39163851713942244,7
NIP7,-0.3916519999975506,7
SLC22A14,-0.3917176141787375,3
HSPB2,-0.3917402121448833,7
1700102H20RIK,-0.3917687047717408,7
SLC15A2,-0.39188482379666134,7
PAH,-0.392041852141768,7
RPL6L,-0.39206678372699255,7
GM21992,-0.3920828477118658,7
C330024D21RIK,-0.39211177074049547,3
PAQR4,-0.3922672046307447,7
KIF11,-0.3922903179242869,7
PIGT,-0.39229136722161156,7
FAM162A,-0.3924274065679283,7
2210408F21RIK,-0.3924845808990094,7
NATD1,-0.39250414296219543,7
TIMM13,-0.3928176890092037,7
GM30931,-0.392886784690779,7
LBH,-0.3929340238830224,7
LRP10,-0.39303978347105406,7
CRACR2B,-0.3931056446105082,7
GM23946,-0.3931486169451226,4
CCDC191,-0.3931491349235408,7
LRRC73,-0.3931736442559607,7
SIS,-0.3933310082502369,4
NSG1,-0.39346228260425165,7
PPFIA3,-0.3935505625064368,5
CCN3,-0.3938166615023449,7
GPR15,-0.39397207771924436,4
IGKV4-79,-0.3942167583611449,4
CNKSR2,-0.39428764067414623,4
ANKRD6,-0.3942997005779051,7
PRMT2,-0.39441532637467197,7
GM6157,-0.3944450331017002,4
ANKRD12,-0.3945486220333027,7
OR10H5,-0.3945866727530068,2
RASAL1,-0.394603039952051,7
GM22519,-0.39473819752237976,2
MED22,-0.39475993269976567,7
NNMT,-0.39490713178093095,7
TMEM63A,-0.39494154487841066,7
MAEA,-0.39498954312072637,7
IREB2,-0.39502254076260174,7
4930431P19RIK,-0.39527082545601727,3
5033403F01RIK,-0.3953265877938121,6
GM7086,-0.3953417503218306,5
CKS2,-0.39543979048753064,7
DARS1,-0.39546166046342596,3
RAB19,-0.3955305094880509,7
HIGD2A,-0.3955695628911849,7
CCDC158,-0.3956040146589566,7
MKKS,-0.3956386288501691,7
GM27021,-0.39566670926723935,2
GM31121,-0.3956909450433897,3
AGXT,-0.39591104465155785,7
DGKZ,-0.3962384479874993,7
SRPX,-0.3962627519454352,7
FV1,-0.39631022708344427,7
D630024D03RIK,-0.39635183100539856,7
CCDC163,-0.39639083852698154,7
DNAJB6,-0.3964991991462132,7
H3F3A,-0.3965348287959328,7
PYROXD2,-0.3965607472079861,7
COL28A1,-0.3968289161177161,6
KAT6B-PS2,-0.396909916479031,5
CBX8,-0.39693218740430186,7
GM6712,-0.39706545682951805,7
SNORD104,-0.39713741689839505,6
CRRY-PS,-0.3971502944198279,6
CDHR1,-0.3971823587334666,3
GM25777,-0.39722728273360547,5
CYP2J11,-0.39724043185812347,4
GPR152,-0.3973822208347298,3
CILP,-0.3974919196890361,6
GM32921,-0.39750150802084055,5
B3GALT9,-0.3975451506777163,6
NAXD,-0.39757959009173266,7
RNF225,-0.3976070693074849,7
PRKAG1,-0.39767363698497593,7
TWF2,-0.3977580023836534,7
PIP4P1,-0.39782215562963497,7
PLEKHD1OS,-0.39784105000224623,3
CEBPA,-0.39796856888392185,7
CHST8,-0.39805851159336497,6
ZDHHC23,-0.3980663895955901,7
HRCT1,-0.39819928213807154,7
MKRN1,-0.39822948724691515,7
TKT,-0.39825481807827023,7
CALML4,-0.39829560240413026,7
ARL8B,-0.39843716545960367,7
A3GALT2,-0.39851044676224756,6
CEP126,-0.39855695205275765,7
PCYOX1,-0.39863555092657105,7
RNASE10,-0.39865905255748446,7
EMC9,-0.3987740935030904,7
GM1123,-0.3988600420332261,4
PLEKHA2,-0.3991419122298348,7
ABHD11,-0.3991886441014815,7
LILRA6,-0.39928618560216567,6
PRXL2C,-0.39934063328810915,7
RPTN,-0.3994225094576809,4
GM10634,-0.39970382409984617,5
KLRE1,-0.3997864790283482,7
MTG1,-0.3998475292585325,7
IGKV8-18,-0.39995137063067676,3
NXPH2,-0.3999599813246982,2
4933425B07RIK,-0.39996640326243543,3
SNORD35A,-0.3999749951126426,6
FAM189A2,-0.40014715305559145,4
FBXL20,-0.4001984683360319,7
CPNE5,-0.4002953033142187,6
PON2,-0.40033659739661875,7
GM24727,-0.40034756805510185,2
PER2,-0.4005264057344259,7
GM8623,-0.4007784285682395,6
GATD3A,-0.40082369033890436,7
GM41341,-0.4012665712576404,2
UROD,-0.40131617458838625,7
RAB17,-0.4015294976834782,7
MOB2,-0.4015722927834354,7
EEPD1,-0.40168058351073377,7
COPRS,-0.4017715771291711,7
OCEL1,-0.40182950094328207,7
1700061I17RIK,-0.4018496408147741,7
ZFP825,-0.4020134389326109,7
TBC1D30,-0.4020346520817356,7
P2RY12,-0.4021080252089803,7
PLAC9,-0.4021389074822561,6
SGTB,-0.4025602438578887,7
ATL2,-0.4026304950035962,7
SLC35E2,-0.4026468908825344,7
ITPR3,-0.40290098107981803,7
PLA2G12B,-0.40338955303754626,7
MTFR1L,-0.4036656177094476,7
NCBP2AS2,-0.40388725803642994,3
MFSD14A,-0.4039908845003116,7
TEX45,-0.40399552304911324,3
ST6GALNAC4,-0.40411321031533376,7
PPP3CC,-0.40412935061546035,7
GKN1,-0.40417804309504723,2
ATG9B,-0.4041976418725384,7
PDGFD,-0.40435342488007425,7
UBE2A,-0.40437945413210274,7
RWDD2B,-0.4044067821663066,7
KDELR3,-0.4044200773911017,7
GM47754,-0.404547982106134,5
PRPF18,-0.40461823610145553,7
POP1,-0.4047355807913813,7
TNFAIP8L2,-0.4047766116557806,7
LYPLAL1,-0.40480912223257565,7
SLC39A8,-0.40483729916529576,7
H4C2,-0.4048965145046151,6
ELK3,-0.405015712853379,7
HECA,-0.4052372054305285,7
MS4A6C,-0.4052648599760733,7
TMEM86A,-0.4053025234751302,7
PPP1CCB,-0.40532956919699625,7
IGKV5-45,-0.4055825691089543,4
ROBO2,-0.40571917299608495,7
ZFP729B,-0.4058578076194407,7
CACNB3,-0.4058884684008478,7
GM10293,-0.40604125336982627,6
PLXNA1,-0.40604639388993574,7
ORC5,-0.4060604794350189,7
AKT1,-0.40623366788233245,7
SERPINF2,-0.4062618390479297,7
RPL22-PS1,-0.4064475884904268,6
GM11478,-0.4064975220247143,7
LRRC24,-0.40677908307487387,7
GDI2,-0.4068152867121672,7
GM14044,-0.4070495845156389,5
ABHD18,-0.4070563484362073,7
MCEE,-0.40705867698058656,7
DEFB25,-0.40709635917222514,6
SLC9B2,-0.40714762504930907,6
PCMTD2,-0.4073749176326075,7
ANLN,-0.40739318964702764,7
GM10033,-0.4074792541618,7
PCNA,-0.40757315067504274,7
ZFP593,-0.40764497910219555,7
TNR,-0.4077096558673399,6
TCAF1,-0.4078379476015757,7
PIK3R6,-0.40794502003327515,7
PEA15A,-0.4079557912912338,7
MAN1B1,-0.40815515273546604,7
TMEM191,-0.4082024451759629,3
TTC5,-0.40845947026153084,7
FAM174C,-0.40851806903022153,7
SLC25A3,-0.4085863567986915,7
TMEM176B,-0.408643010189884,7
ZFP979,-0.40876953156744267,6
FARP2,-0.4087819233952317,7
MANBA,-0.40879575862816203,7
PEPD,-0.4088021701561478,7
TNFAIP6,-0.40885359490727397,7
PET100,-0.4088853799925734,7
FFAR1,-0.4088950446989867,6
LPIN2,-0.40891893051603606,7
IFI44,-0.40897611119091215,7
GM5047,-0.40900849337318296,6
GM8225,-0.40921326683402226,3
H2BC18,-0.40925861000929925,5
RNF135,-0.40929676704709606,7
ABCG5,-0.40945110059029516,7
SLC66A1,-0.4095107870317509,7
NHSL3,-0.40957428967332327,3
JCHAIN,-0.4097169865142541,7
CADPS2,-0.4097811379019064,7
GNPDA1,-0.40988941483900726,7
GSTA2,-0.4100101408682199,7
E2F5,-0.4100339682066874,7
DDX56,-0.410066952807436,7
ATP6V1G1,-0.4101465830178547,7
TMPRSS13,-0.41018608706511134,5
H2AC21,-0.41020465167856396,5
MYCBP,-0.4102309977668618,7
FBXL2,-0.4105012681202997,7
PLXNB2,-0.41051464449848474,7
CTSO,-0.4106069896500024,7
PRKCB,-0.4107407510875873,7
GM11760,-0.41078448823823505,4
2810414N06RIK,-0.41113054832534573,7
PKD1,-0.41115594395200455,7
PRKACB,-0.41121256821313584,7
MCAT,-0.41122408654362486,7
TNFRSF26,-0.4116241740547892,7
COL6A1,-0.4117834853938928,7
CCDC71,-0.41180947338573387,7
APOL7E,-0.4118259515636586,7
GEMIN2,-0.4120232052200468,7
AASS,-0.41203902641714146,7
LRPAP1,-0.4120435810218342,7
RPIA,-0.4121283207186414,7
USP50,-0.4122176508932437,7
ZFP459,-0.4123981337507289,6
LY6G6D,-0.4125108145289686,6
DCBLD1,-0.41258136300496945,7
MBP,-0.4125953150671898,7
GOLGA7|GM6829,-0.41265805657039606,6
UGT3A2,-0.41273972658458274,7
AQP11,-0.41276975769113733,7
FAM83D,-0.41284380947239047,7
KLHL21,-0.4129404524843147,7
H3C2,-0.41294495590914765,6
VPS13A,-0.4129904554280072,7
KCNK3,-0.41327993633985083,7
RWDD1,-0.4134399782830612,7
NECTIN2,-0.41346561621323896,7
CDKN2C,-0.41360309965843794,7
WNT11,-0.41381756091038796,6
HINT1,-0.4140309180990966,7
MACC1,-0.41420679379472064,6
OGN,-0.4142386566928637,7
FAM43A,-0.4142857064418143,7
COL6A3,-0.41430302640517996,7
METTL13,-0.41457287904604395,3
SPC24,-0.414642541972648,7
SPATA48,-0.41465589454116514,3
SDC3,-0.4146844477241326,7
NPTN,-0.414693142700043,7
STAT6,-0.4146986742281466,7
SLC25A14,-0.4148021411555146,7
CLDN12,-0.4148613808417983,7
ATAD1,-0.41499512158265367,7
RPL18-PS2,-0.41519307603279654,7
EDA,-0.41527975415362445,7
1700007L15RIK,-0.41578768001301475,7
D030056L22RIK,-0.41601714044645866,7
TMEM82,-0.4162940325383587,7
GM5064,-0.4163623428265467,5
NUDT14,-0.41647157741163504,7
ZFP760,-0.41649047738115835,7
MFNG,-0.41658709026599067,7
SRSF7,-0.4166196153898546,7
PCBP4,-0.41672087213938697,7
IRF5,-0.41680580397389627,7
FTCD,-0.41692414271462214,7
GPC2,-0.41696528326017945,7
METHIG1,-0.4169736450633554,7
CREBRF,-0.41700224813023673,7
TOM1L1,-0.4170375338057336,7
BC029722,-0.41705556080352807,4
PLAAT3,-0.4170937318320422,7
VIL1,-0.4171960927054509,7
GM47708,-0.41727569198076675,4
FAM3B,-0.41728485845775587,5
DCLK1,-0.4173229290489748,6
MTIF3,-0.41743737295009103,7
IGKV14-126,-0.41745618737412776,6
GM23639,-0.41750803121572166,5
APOBEC3,-0.41764078601924304,7
TRIT1,-0.4176669068327005,7
YBX1,-0.417785617404705,7
0610009E02RIK,-0.4177983341358612,7
SLC12A4,-0.41784577225862296,7
BCAS3,-0.41794140527279916,7
CSTAD,-0.4180583986853768,6
TVP23A,-0.4182270213036646,7
GM24644,-0.4183983448588198,6
PCYOX1L,-0.41848207882837735,7
CNEP1R1,-0.41862563691057986,7
GRAMD3,-0.41867354964009346,4
MUP3,-0.41872094383926145,7
B4GALT1,-0.4187875124008941,7
FBXL17,-0.4188795214277394,7
WDR45,-0.4189567937356728,7
PACS1,-0.41908675624419817,7
HSPA1A,-0.4192174578397551,7
E030018B13RIK,-0.41924859724815483,5
MTOR,-0.4193201849994665,7
GAPDHS,-0.41952632323852207,6
GM22042,-0.4195560279242079,4
ITPRIPL1,-0.41960463861123215,7
TTR,-0.419853787294685,7
CLEC10A,-0.42002964982432384,7
GZMC,-0.4200926884081342,3
POLE2,-0.4202928863929357,7
LY6G6F,-0.4203749585995192,4
SYDE1,-0.42045161367768985,7
SLC46A3,-0.42057037284111826,7
TPPP,-0.4205738446107952,7
GM5786,-0.42075466597529015,6
RAB24,-0.42075946127340064,7
SCAMP5,-0.42079601179029524,7
FAM166A,-0.42080593417718726,3
TMEM160,-0.4208080261672797,7
TXNL4A|NAA12,-0.4209814580876213,3
MIR8091,-0.4210238888022472,3
LOC100041057,-0.42111933070329244,5
RPL36A-PS2,-0.4211332032596894,7
CKB,-0.4211474975523805,7
EIF1AD,-0.42127788708203007,7
EIF4EBP1,-0.42141989661953033,7
FAM91A1,-0.42143334086538253,7
CD47,-0.42157242305803067,7
NME1,-0.4215758254383366,7
ZFP365,-0.4219189976874125,6
TBC1D10C,-0.4219315701476983,7
CHI3L1,-0.42208592645800325,2
PI16,-0.4222059875327753,6
H2BC14,-0.42232278648474025,6
NEDD1,-0.42251040722389815,7
REEP1,-0.4229800113707295,7
SHISA5,-0.42303813174206045,7
ATP6V0D1,-0.42307447564554695,7
PAK3,-0.42308467345581846,6
IGHV5-2,-0.4232425244784491,2
TIMM9,-0.42329987062589575,7
ABCC6,-0.42331868100066833,7
MRPL11,-0.423379668084167,7
GRIA3,-0.42344466353858745,7
KCTD17,-0.4234447891079203,7
MRPL23,-0.4234667732637912,7
COX8A,-0.4236811682147508,7
CYP4F41-PS,-0.42380042217685554,7
ABHD15,-0.4238849024497588,7
GM46329,-0.42391888251972903,3
SLC16A5,-0.42408991945855395,7
MFSD2A,-0.4242422540251521,7
TMEM8B,-0.4244127820280456,7
CLDN34C1,-0.4244240687501802,3
SERTAD4,-0.42462249821050685,7
CDH5,-0.42463216265208553,7
SLC28A1,-0.42481208735571113,6
SEC11C,-0.4248199465968044,7
KDSR,-0.424838896919058,7
KCNJ16,-0.42484852761297626,7
PIGG,-0.42495593670718657,7
NLRC5,-0.4249640760651431,7
FAM186B,-0.42501142947906684,6
GM16845,-0.4252779122569365,7
GM25517,-0.4253597747974098,5
PIGZ,-0.42538237973739507,6
LRRC40,-0.42542336601386455,7
DNAAF8,-0.42557193176593855,6
SERPINA3B,-0.42566727680396255,4
RPL7-PS7,-0.42570179937153546,6
PCOLCE2,-0.42581091812612376,7
FAH,-0.4259236188515189,7
S100A6,-0.42594344092790276,7
HAUS4,-0.42594361875252107,7
RPL23A-PS3,-0.42609645147204983,7
OAS1A,-0.42629745957500537,7
TRPC1,-0.42649891813371854,7
AKR1C21,-0.4267148930971206,6
LBR,-0.4271191865651102,7
PSMD10,-0.4271794979622099,7
NEDD9,-0.4273237270867109,7
SLIT3,-0.4273565107231198,7
UBAC1,-0.42742438835725344,7
ADSS1,-0.42748395331673295,3
GM37065,-0.4275036668729286,4
FBXL8,-0.42764344488922795,7
ZFP607B,-0.42765896338961085,7
ADH6A,-0.4277197072594057,3
PARL,-0.42787452422852545,7
APOO,-0.4278801206377368,7
GPN3,-0.42795324076766084,7
RSU1,-0.4280292769429419,7
MYL9,-0.4281599028293605,7
CALCOCO1,-0.428297035213195,7
B930025P03RIK,-0.4283207058375221,7
NDUFAF2,-0.4283884641706908,7
SOX7,-0.42844495632901225,7
ZFYVE26,-0.4285896911662529,7
BRIP1OS,-0.42915565119301224,7
FYN,-0.42917352443997075,7
ADCY3,-0.42922814354555977,7
SFRP1,-0.4293211922012295,7
PROKR2,-0.4293589090234482,3
LRRC8E,-0.42947867273423024,7
CSDC2,-0.42961277538392634,7
SPO11,-0.4296811890927736,6
BC003965,-0.42996498742180983,4
BDH1,-0.4300046720217355,7
ELL,-0.4305070697866755,7
BFSP1,-0.43061861665441464,6
F630040K05RIK,-0.4307084498691681,5
THBS2,-0.4308097554161544,7
ARHGAP30,-0.4308676823635463,7
MMP24OS1,-0.4309233713887375,3
GNL3,-0.43097024109224286,7
GPR176,-0.4311117722522688,6
TMEM14C,-0.4312116823444044,7
A130010J15RIK,-0.4313079616714952,7
LYRM4,-0.4314876463691328,7
IPO5,-0.43180027336221855,7
IGKV14-111,-0.4318195714606401,6
MROH8,-0.43193967175910336,7
PXT1,-0.4320638298981647,4
CPS1,-0.4322972138576881,7
IFI207,-0.43234961161734514,7
TRAPPC3L,-0.43235875688808545,2
GM22739,-0.4323996183403034,4
CDC42SE1,-0.4327992256268257,7
COPS6,-0.43284922161978806,7
MRPS14,-0.4328568361131931,7
SLC25A16,-0.4330930829771798,7
LRTM2,-0.4332473919320517,6
NFATC4,-0.43324750854207306,7
GLB1,-0.4333502398973262,7
OGFOD2,-0.4338304404871557,7
ESCO1,-0.4338594998085467,7
NR1D1,-0.4339881663792104,7
PIH1D1,-0.43401134746891806,7
CHRNA4,-0.43402898798920553,7
CASP9,-0.43424680736671156,7
FXYD1,-0.43457259308863,7
MAP3K7CL,-0.43461290123114266,6
GM5511,-0.43464072122685177,6
HDDC2,-0.43469777330104437,7
TXNL4A|GM16286,-0.4347072579957271,3
CD34,-0.43476824963000926,7
PTGER2,-0.43478194465110026,7
IGKV10-96,-0.43485575456007813,6
PEG13,-0.4349564575858037,7
ACOX3,-0.43495847932578185,7
USF1,-0.43500107484075345,7
HSD17B13,-0.4350233817918917,7
ACOT4,-0.435102924614211,7
NUDT19,-0.4351255488712316,7
GM24201,-0.4351752813826983,4
GM26202,-0.43520098534596025,5
CDS2,-0.4352110441795933,7
CEP55,-0.43524313683083654,6
DRAP1,-0.43527839271918267,7
ADCK5,-0.4352830811947593,7
GM13056,-0.43536754830228463,7
ALDH1L1,-0.43538126526975,7
GM10177,-0.43548120011356956,7
AP4M1,-0.43549887065359794,7
GM5717,-0.4355926172362431,4
EMC4,-0.4357236649765327,7
TAFA5,-0.43592570298473315,7
SGK2,-0.43594153614877157,7
ETFA,-0.4361095154617726,7
L2HGDH,-0.43618415984445297,7
TYMS,-0.43664452147274774,7
MS4A6D,-0.4366601797570078,7
GM17046,-0.4366931477382428,5
SMLR1,-0.4370046196638522,7
ZDHHC12,-0.4370367978293359,7
ZKSCAN6,-0.4371000019988921,7
PSME2B,-0.4372482783174632,7
FKBP3,-0.4372789724389527,7
MCF2L,-0.4372859690668573,7
PNPLA2,-0.4373536754204193,7
GM4478,-0.43746868247179566,3
PSMD9,-0.4375960830185569,7
NUBPL,-0.43768866044353333,7
CCL8,-0.4377744640042752,4
IGKV16-104,-0.4378471030820091,6
WNT2,-0.43790143522010466,7
ZFP354A,-0.4379354254416527,7
RPL32-PS,-0.43795709171474967,5
GM4221,-0.4379629666882778,3
CCDC117,-0.43822661541821073,7
FOXD2,-0.4382428281883756,6
INCA1,-0.4382759379492915,7
MAP3K10,-0.438280628357818,7
ARMC1,-0.4384216515533693,7
FERMT3,-0.43903530653389405,7
RANBP3L,-0.43951789497404603,7
GM2007,-0.4400609740901203,6
IL17RC,-0.44006853424828646,7
COLEC12,-0.44008308833851284,7
ITGA4,-0.4401878904208946,7
KLHL23,-0.4402458617593701,7
VPS26C,-0.44026180969589224,7
CLEC2I,-0.44035018863189374,7
6330418K02RIK,-0.44038230166313863,7
GNG11,-0.4409406334579913,7
CEP70,-0.4409729768330705,7
PSME2,-0.44100537085995484,7
PKIG,-0.4410761617788835,7
SELENOM,-0.44114864083069477,7
GM11263,-0.4413075787853898,6
MGRN1,-0.4413201753479847,7
ZBTB32,-0.44138364748308195,7
SERF1,-0.44142623501644623,7
CSNK1G2,-0.4415385957983099,7
BC049762,-0.4415989188294886,4
GM17359,-0.441606762101149,3
PODNL1,-0.44163945116023534,7
SMPD2,-0.4416551869611746,7
HCAR1,-0.44169637896283764,6
ZFP383,-0.44174605353567137,7
MYOCD,-0.44179938534526214,6
TMEM159,-0.4419767253934926,4
4833420G17RIK,-0.44199782999393705,7
FFAR2,-0.4420205349787329,5
GM48727,-0.44219689035110166,4
MGST1,-0.44235448560877444,7
MAPKAPK3,-0.4424548639624118,7
NSG2,-0.44261890970491774,6
PECR,-0.44267749682458907,7
GM2445,-0.4430152182698467,5
EPHB4,-0.4430511468519905,7
GBGT1,-0.443110072448022,7
CCNO,-0.4431230978706449,7
RAB30,-0.4432589811674772,7
MGAT3,-0.4433494878276841,7
CASS4,-0.44337925946036566,6
OIT3,-0.4434041799611535,7
TNFSF12,-0.4434179104941836,7
B4GALT7,-0.44355643503821396,7
IGKV10-94,-0.44382418578276317,6
NME5,-0.4438536174657712,6
MARCKS,-0.4438756784127893,7
GNAI1,-0.4439982728041242,7
EFCAB2,-0.4440430454877413,7
TRANK1,-0.44418724197228415,6
1700110C19RIK,-0.44442601568761075,6
EFEMP2,-0.4444532791741295,7
MTHFSL,-0.44446374052588533,7
LY6M,-0.4444736171740668,6
PEX14,-0.44456217804624243,7
STC1,-0.44459270740356316,6
SCPEP1,-0.44465789833305536,7
PILRB1,-0.4447545849435902,7
IGHV13-2,-0.44477279163262556,3
TLCD5,-0.4447842543007347,7
CD3G,-0.4447859514112463,7
RPL10-PS5,-0.445333179072343,4
TNNT2,-0.44534592966394454,7
IGKV6-23,-0.4454191467569995,6
RTRAF,-0.44544128588596543,7
HYKK,-0.44564927080210426,7
ING2,-0.4456518827679671,7
ADCY5,-0.4458119366731585,7
PCSK9,-0.446061334023326,7
GATD1,-0.4462188898238641,7
TRBV12-2,-0.44628170151891816,3
CCL20,-0.4463263288028608,3
SLC9A3R2,-0.44644024963758,4
ERLIN2,-0.4464438504581992,7
FAM171A2,-0.44650232535028417,7
CEBPZOS,-0.44672152933137055,7
PDPR,-0.44681679930841917,7
CD5,-0.4469932566451725,6
ORMDL2,-0.44702372189350964,7
IGKV12-98,-0.44712727917905515,4
TMEM229B,-0.4472031164876175,7
NEK8,-0.44729222291307913,7
MRPL44,-0.44736524533072075,7
SDCBP,-0.4473874784858876,7
GRPEL1,-0.44751356859152475,7
PRICKLE2,-0.44762286586435873,7
A330009N23RIK,-0.4476816374366309,7
SMYD3,-0.4477635877770264,7
9930012K11RIK,-0.44781861398212547,7
CYSTM1,-0.4478497270365917,7
DUSP22,-0.4478952031128057,7
GMFB,-0.44790163227291935,7
OSMR,-0.4479941701891385,7
TXNDC15,-0.44806469286412176,7
1110020A21RIK,-0.4481194648692838,7
CNTROB,-0.4481790766109984,7
BRK1,-0.4481892409533181,7
NAPA,-0.4482619786765007,7
NDUFV2,-0.4483201420675161,7
ENTPD2,-0.44834472665764086,7
GM24525,-0.44838995223310646,3
NCKAP5L,-0.4484125523936484,7
ICOSL,-0.44842485925650183,7
GM2308,-0.44853228677876533,4
TYW1,-0.4485631303049633,7
DENND2C,-0.44857487920327127,7
ACY1,-0.4487203328524774,7
DYNLT2B,-0.448772924061483,6
OBSL1,-0.44877487233326324,7
LIPG,-0.44894963805547133,7
DYNLT2A1,-0.44899342326377534,4
GALC,-0.4490547101638868,7
HAX1,-0.44914294570812036,7
COL5A1,-0.44922238317282986,7
DECR1,-0.44925398420823576,7
CD151,-0.44959967109697324,7
4930506C21RIK,-0.449895831054949,7
MAP3K21,-0.449939460320883,7
HRAS,-0.45011552190768145,7
IDH3B,-0.45018549515734624,7
PI4KB,-0.4502071787667911,7
ERBB4,-0.45025355158015284,7
ANGPTL4,-0.45037513773675236,7
MOB4,-0.4503817993132362,7
BC024386,-0.4505344739511547,7
DEGS1L,-0.45054784208627163,3
SNCG,-0.45057702261740873,7
CD22,-0.45064006196599415,7
0610043K17RIK,-0.4507276850562807,7
TRBV19,-0.45073996304812625,4
MLLT6,-0.45076278686074855,7
HAAO,-0.4508002802196354,7
XLR,-0.4508299324444529,7
CLK1,-0.450904743905094,7
CDC6,-0.4509943834185263,7
EEF2K,-0.4510220611614607,7
SLC43A2,-0.4510372356810553,7
COQ3,-0.4511338287117043,7
FA2H,-0.4511874927965328,5
TRIL,-0.4513962397498954,7
RPA1,-0.45145571252919503,7
TEX30,-0.4516401395140246,7
H2BC23,-0.4517082270720885,6
SIGLECF,-0.4517260444738566,6
NTMT1,-0.45175260951079593,7
C4BP,-0.45184461394562325,7
RALGDS,-0.451958902003418,7
9430038I01RIK,-0.4520490241459872,7
COCH,-0.45212622590083246,4
LYRM2,-0.45213522859978417,7
MSL3L2,-0.4523105831509834,7
EEF1AKMT4,-0.4523632004063963,7
GFI1,-0.4524466962130263,7
GRN,-0.45245070219068956,7
FREM3,-0.45252934877632334,6
SNU13,-0.45260087269941807,7
GPX4-PS2,-0.4526737085957068,7
PHB2,-0.45273108107068083,7
PLXNB1,-0.4530953370217583,7
SERPINB1B,-0.4531157595365192,6
GM14935,-0.45328062028537525,3
SPPL3,-0.4533615394016023,7
HOOK2,-0.4534065074187157,7
KLRB1C,-0.4534290866274726,7
MCTS1,-0.4535099029111184,7
GM45351,-0.45362852517768887,7
SHCBP1,-0.45378092501866385,7
UBTD1,-0.4538087215355939,7
TGM1,-0.4538193407796879,7
KRT80,-0.4539186215537902,7
GM7027,-0.4539928841270838,6
IGHV14-2,-0.45403794917707857,3
ZFP87,-0.4540459533577514,7
LRP3,-0.45415952302265733,7
IFNAR2,-0.45416193191341536,7
SNHG10,-0.4542615656542221,7
TERT,-0.4543333488371209,7
FITM2,-0.45439485889992354,7
MUP-PS19,-0.4544975890373644,3
GLOD4,-0.4548091912631134,7
STPG4,-0.4548154600603273,2
VAMP2,-0.45484595209064466,7
SLC5A11,-0.4553344272039131,6
DAZL,-0.4555379190899491,6
MAML2,-0.4555976095488565,7
SLC12A6,-0.4557295643342772,7
ASS1,-0.4558357471090736,7
LDAF1,-0.455989351397508,3
CAR12,-0.4559982347253564,6
CR1L,-0.4560719794685823,7
NMB,-0.45612898543360814,7
KLRA2,-0.4563263814259834,7
GJB2,-0.45657187610787286,7
RSC1A1,-0.45657602018965626,7
LRRC75A,-0.45664038950896896,7
SLA,-0.45666965863307535,7
METRN,-0.4567674673554068,7
APOC4,-0.45683222973285703,7
VWC2,-0.45687612360618385,6
CTSD,-0.4568840529531881,7
MRPL18,-0.45700181491944203,7
SMIM11,-0.45727535652224244,7
NDUFA2,-0.45739129575004833,7
UBXN6,-0.4575014126098506,7
IL7R,-0.45759709692762957,7
CCDC90B,-0.45764172987274726,7
CENPK,-0.45768074338275083,7
ASGR2,-0.4579188265729976,7
IFI206,-0.4580661885312033,7
SNHG20,-0.45819307654941793,7
UST,-0.4584595410757722,7
KLHL15,-0.45851363763270864,7
GPM6B,-0.4585277902012326,7
CCND1,-0.45853364043134437,7
GM32282,-0.4586908956078614,7
TCAF2,-0.4587678695079183,7
CTPS2,-0.4588156020859587,7
HS3ST1,-0.45903258496013827,7
LSM10,-0.4591474703120944,7
ACAA2,-0.4591744150010699,7
GDF11,-0.4592029820609365,6
FGF7,-0.4594419950944857,6
GM32624,-0.4597457156126224,3
REEP5,-0.45981429170746474,7
EFNA5,-0.4598510033313358,7
VMN1R2,-0.4598652697685805,3
GALR2,-0.45991538647843905,6
HSD3B5,-0.4599164908970513,7
HCRTR2,-0.45999611408249863,6
GM31517,-0.46001179703484235,3
INSIG1,-0.4601917033944701,7
PF4,-0.46053847237519874,7
LGALS1,-0.4606790774430782,7
ATP6V0D2,-0.46071016294064215,7
TMC5,-0.46075973499879047,5
PRSS34,-0.4609843958447293,4
2610528J11RIK,-0.4610372351963249,7
RNF187,-0.46124162849908096,7
MRM1,-0.4613100013785325,7
BIVM,-0.46135792870706027,7
SPINK1,-0.46178521745978696,5
TCEANC,-0.4618560517040269,7
CD247,-0.46199696302135823,7
SIRPA,-0.46221725753773935,7
LY6E,-0.46221923151839167,7
EAF2,-0.4623660377677236,7
GM6988,-0.4626594132776747,2
CLEC4A1,-0.462662645482003,7
GLS2,-0.46284759811020193,7
SIT1,-0.463109527691494,6
TRIQK,-0.46317610943181214,7
KIF1A,-0.4631869252423707,7
F5,-0.4633975566359428,7
ZFP984,-0.46340590375194823,7
NDUFA4L2,-0.46371003815022477,7
OSBP2,-0.46394212153862613,7
SULT4A1,-0.4639591600197202,7
TBC1D9,-0.46402130182822543,7
AATK,-0.4641514958877104,7
SMIM1,-0.4642773430945807,7
GM20337,-0.4644936895448309,4
TMEM69,-0.46456212849658385,7
GUCY1A1,-0.46459010966707653,7
PEX3,-0.4646738378149356,7
NDUFAB1,-0.46480570771600443,7
STARD6,-0.46490825771230615,7
ADAMTSL1,-0.4649725495908671,7
CNN2,-0.4651566900259566,7
CFHR4,-0.46525869169393325,6
IGKV8-16,-0.46526936791824286,5
ANO4,-0.4653166801696518,5
ATRNL1,-0.4653707441551382,7
EXOSC5,-0.4656446153794914,7
1700123J17RIK,-0.4658520097857306,3
RAB43,-0.46588261469806724,7
ENPP1,-0.4659114730123846,7
PIK3R5,-0.4659343204946126,7
SLC7A4,-0.46594386687385475,7
GM7658,-0.4659581925590528,6
TTC7,-0.4659657993097261,7
LGMN,-0.4660745093706886,7
EIF3L,-0.4661534229456953,7
SULT2A1,-0.46615350808808453,6
ITGA10,-0.466153983665022,7
ATP5F1D,-0.4662759161324621,3
ASPN,-0.4663036447001598,6
TRBV13-1,-0.4663850489692097,6
NCKAP1L,-0.4665418927516055,7
DDR2,-0.4666500446357035,7
CHCHD7,-0.46674753007280007,7
GLG1,-0.4669932655544666,7
BORCS6,-0.4670097639147882,7
CABCOCO1,-0.46702736117392185,7
IQSEC2,-0.46703380391248384,7
EMC2,-0.46712632451547265,7
ZFP583,-0.4671897417564984,7
1700092C10RIK,-0.46735587315241345,6
NIT2,-0.4674473279570145,7
COX16,-0.4676075047847226,7
TNFRSF1A,-0.4676999586637723,7
AHSG,-0.46773295421143113,7
POP5,-0.46777833131678104,7
ARPC3,-0.4678615031390203,7
NUDT8,-0.46794380112267875,7
TMEFF1,-0.4679567118445113,7
ZFP983,-0.46809116983233023,7
OIP5OS1,-0.46825613439353997,7
1600010M07RIK,-0.4682777685754287,7
LMF2,-0.46836969479220275,7
MOGAT2,-0.46839103912132857,7
IGKV6-15,-0.4684682022764523,6
EMG1,-0.468599151314628,7
EEF2,-0.46866607658976894,7
PTGR2,-0.46867316818706506,7
EIF4E3,-0.4687216090921552,7
A930001C03RIK,-0.46894729805345303,7
WIF1,-0.46914777951443265,7
CRYBG2,-0.4691748468041173,7
ANKRD37,-0.46918006108851673,7
CHP2,-0.46939795819339786,7
RWDD2A,-0.46943398838855405,6
0610031O16RIK,-0.46946375117126665,7
TAFA1,-0.469549098026446,6
ZFP655,-0.46969615122339603,7
SNORD23,-0.46972351272393864,5
SKA3,-0.46975349823514884,6
AMBRA1,-0.4698036097115293,7
CD300LD5,-0.47001388164975927,6
BC005537,-0.4700593728350303,7
CNOT6L,-0.4700935908047841,7
KXD1,-0.47010913765090484,7
PJA1,-0.4701320331657221,7
ANTXR1,-0.47028501644389037,7
SERPIND1,-0.470297877187371,7
MED18,-0.4703072113302453,7
SPATA25,-0.47044978124048153,5
FABP2,-0.47046000051009906,7
ZFP503,-0.47057341358420385,7
GM15653,-0.47076403125551647,2
ARHGAP45,-0.4708308164398268,7
PTRHD1,-0.4709034738450152,7
EIF3H,-0.47097125385123106,7
APOBEC1,-0.4711424213904737,7
H2-EB2,-0.4713159331541003,6
FMNL3,-0.4713470200770146,7
ACE2,-0.47146401611574057,7
SMUG1,-0.47152939033174296,7
GM13305,-0.47160875532531277,4
ORC6,-0.4716411993549731,7
CCNK,-0.47173925047322773,7
ABCC9,-0.47177499429813186,7
CFHR1,-0.47182712683666506,7
STK32C,-0.47187463987606326,7
RPL18A-PS1,-0.4719350808899752,2
LPAR4,-0.472125064433778,7
CTNS,-0.4723383337719032,7
CXCL10,-0.47239534524443133,7
LYPD8L,-0.4724247562067657,4
GNE,-0.47243309363393216,7
AKR7A5,-0.4725854009848968,7
FNTA,-0.4726005593764433,7
GM5617,-0.4726037578544607,7
PNLIP,-0.47266915771980345,4
IGLC2,-0.4727955859999382,6
KRT17,-0.4730029162604389,4
GM6951,-0.47306164297637715,2
H13,-0.47325675971213943,7
B230217O12RIK,-0.47338662784730534,7
B4GALT2,-0.4734078722397542,7
TSPAN13,-0.47355884487777183,7
KDM4D,-0.47361321858105426,5
NAGK,-0.473646625332247,7
ABRACL,-0.47367330661220824,7
FAM3D,-0.4737006888978434,5
TMEM255A,-0.4737272643518196,7
THAP11,-0.4738052726031437,7
PLEKHG4,-0.4739131677480753,5
TMEM201,-0.473980229031591,7
SLAMF8,-0.4740047358791114,7
TEN1,-0.474198865364312,7
CAPN6,-0.474201623802396,7
CCR6,-0.4744381483099087,6
KCNA3,-0.47467589661243575,6
PRKCSH,-0.47473602125271847,7
YIPF1,-0.4749611915658634,7
GM8959,-0.4751642635724657,3
SMIM9,-0.47526136868421237,6
IL1B,-0.4752677217888029,7
SMIM26,-0.4754205698016536,7
MED11,-0.47542218277885906,7
STAMBPL1,-0.4755077826151889,7
SLC38A6,-0.47563580044565257,7
TPD52L2,-0.47579659707202115,7
CAR5A,-0.4759739729347238,7
RAMP1,-0.4761013878140625,7
APP,-0.47615203878888596,7
FAM83A,-0.47615272106523765,7
SELENOW,-0.47626624114975963,7
HAPLN1,-0.47639428326653366,7
NEU1,-0.4765055182436112,7
ACOT3,-0.4765075052237177,7
RASIP1,-0.4768506944489966,7
CAMKK1,-0.47686745348556914,7
IFI203,-0.47690529368831286,7
RPL23A-PS4,-0.47708722301372863,4
2610318N02RIK,-0.47709199584605366,5
PRSS8,-0.47710587158526147,7
C1QB,-0.4771393170070058,7
NUDT2,-0.47720267332876937,7
UBE2QL1,-0.47721204717235194,7
CDPF1,-0.477349511649059,7
EMC10,-0.4775333439578632,7
BOD1,-0.4777740513181004,7
GM10290,-0.47791960077057194,3
SLC16A9,-0.4780352244687683,7
AW112010,-0.4780437912919099,7
SRP54B,-0.47805926018265105,7
PLG,-0.47845473398091337,7
NPR1,-0.47857056884927446,7
ARPC5,-0.4785790829706866,7
METTL27,-0.47864433360126923,7
PHB,-0.47889933260220485,4
ROGDI,-0.4789342349837806,7
CNIH1,-0.4789558254603158,7
NAA35,-0.47936864852098154,7
GM3787,-0.47959496055370776,7
0610040B10RIK,-0.479668587466689,7
BCAS2,-0.47973528667142723,7
DCAF13,-0.47994700456098044,7
TTC39B,-0.47996599099607434,7
GM26448,-0.480253310591313,6
PYGB,-0.4804541605298805,7
C1QTNF5,-0.4804561564552623,7
COA6,-0.4804636715686809,7
GRID1,-0.4805295929729025,7
TRBV3,-0.4805368160146409,3
OSR1,-0.48055770266852554,6
VPS28,-0.48061548813663985,7
NDUFA5,-0.48063814049316994,7
FZD4,-0.4807720328474781,7
LEPR,-0.48083987184587934,7
RPS27L,-0.4809965960665557,7
4931422A03RIK,-0.4810603434953218,6
RPGRIP1,-0.4811011907218733,7
ST8SIA2,-0.48113240757310555,6
SELL,-0.4811768805890404,7
TMT1A2,-0.48154378138025317,2
1700113H08RIK,-0.48157724164121946,5
GM16118,-0.4816264879588557,5
GM25135,-0.48166178856956726,2
ACTR6,-0.48204168343675846,7
GM32618,-0.48206593092253486,3
CD226,-0.4821856096944942,7
ABHD12,-0.4822586220935453,7
IGKV9-123,-0.48226109243180343,3
IGHV1-82,-0.4824728044095137,5
IGBP1,-0.48250034958296323,7
PARPBP,-0.48267024265631636,6
UBAC2,-0.4830182357772916,7
CD2,-0.48306055320748265,7
MCM8,-0.48307036359652733,7
ACCS,-0.48341426760164213,7
GIMAP3,-0.48346434943422384,7
GJA5,-0.4835322501469325,7
NYNRIN,-0.4835334795679889,7
GM31785,-0.48359207715565056,2
ADAMTS2,-0.4836028840391839,7
PCBD1,-0.4836112365005863,7
P2RY13,-0.48362145447802224,7
CYBC1,-0.4838091036246094,7
CHL1,-0.4841349153384997,6
LHFPL6,-0.48424314329970636,3
TRBV17,-0.4842694472289215,4
TAF11,-0.48432339077354214,7
ATP5MC1,-0.48435806374449664,3
VDAC1,-0.48436891014124356,7
PEX2,-0.48441085800110883,7
TRIAP1,-0.48444640940000927,7
KLRB1B,-0.4845522498075624,5
UNC93B1,-0.48480054203723955,7
TCN2,-0.484834803044936,7
LRRTM1,-0.4850553175044279,3
PCDHB2,-0.48525359223362247,4
EDNRA,-0.48529523103334105,7
DCN,-0.4853815871820099,7
ATG10,-0.4853904882019617,7
C3AR1,-0.48551357738740564,7
NDST2,-0.4855407281917393,7
ATP6V1F,-0.48557589644786636,7
GM22589,-0.4857339452627771,4
CDC42,-0.4857887869510377,7
TMEM222,-0.48585916676638263,7
TTC36,-0.48589739876332194,7
SLIRP,-0.48591365577746803,7
G730013B05RIK,-0.48592327272727037,7
CNP,-0.48618095427711827,7
SH3BP4,-0.4861974314836624,7
APOLD1,-0.4863740485296816,7
RAB29,-0.48648487254471673,7
ACYP1,-0.48652488608216754,7
TMEM38B,-0.48653292230838374,7
SPDEF,-0.4866029824916917,5
RNF43,-0.4866614019548985,7
GM15697,-0.4867058984561914,2
TMCO1,-0.4868568452232778,7
NPM1,-0.48708217684310245,7
ROMO1,-0.48709690044802023,7
PLBD2,-0.4871480487826208,7
UBE2D-PS,-0.48728801670489996,7
GFUS,-0.4873914031599201,7
ATP7B,-0.48746245085455675,7
DCHS2,-0.48747164679232236,6
BHLHB9,-0.4875064724774965,7
GM15501,-0.48753369175682104,7
MRPL42,-0.48785401355281355,7
RBP7,-0.4879130720889607,6
CYP2C70,-0.4879739788111165,7
GOT1L1,-0.4880040620707479,3
1110038B12RIK,-0.48807000673513523,7
GM5093,-0.4880994861550479,6
NAIP6,-0.4881681216411038,7
ZFP36L2,-0.48830677332868583,7
CDKN2A,-0.48839071177676097,6
MYO15A,-0.48850713780088817,2
NDUFS8,-0.4886099093457474,7
MIEN1,-0.4888003646566812,7
MOB1A,-0.4889352030804494,7
SLC44A2,-0.48896459644481993,7
SNX6,-0.4892348672761907,7
MERTK,-0.4893563583748179,7
RPL18A,-0.48937391183207274,7
GM14165,-0.48949006126417427,5
H2AC4,-0.4894967631085888,5
BRAP,-0.48951044359625845,7
TRPV2,-0.4896138253250704,7
OGFOD3,-0.489733505283941,7
OLFR1442,-0.4897905168524765,4
NR2F1,-0.4898712932867239,7
MNDAL,-0.48987293336259913,7
CDKL2,-0.48987321609216544,7
GM7380,-0.4899014276537391,2
SLC31A2,-0.48991384012866757,7
FNIP2,-0.48997295755581105,7
EGFR,-0.4899831195735209,7
POU2AF1,-0.49001013024582,6
LTA,-0.49006037758305315,6
TMEM18,-0.49016293536972205,7
SNAP29,-0.4903233535076116,7
FLCN,-0.4903740822059105,7
4932702P03RIK,-0.4905136040938353,7
ZFP719,-0.4906102540108557,7
SLC22A1,-0.49073411140744294,7
NCOA7,-0.49076494200762827,7
DUT,-0.4907681975227911,7
SCP2,-0.4908133353116043,7
UQCRQ,-0.49083623287159744,7
OSTF1,-0.4908947741656678,7
ELOC,-0.4910007914711678,7
SLC26A11,-0.49103948206969456,7
LPAR6,-0.49110951108715845,7
EXOC7,-0.4912181002338668,7
COA8,-0.49129928218517965,7
DYNLT1F,-0.4917260759140215,7
SNAPC5,-0.4918496789833684,7
SLC9A6,-0.4919967286283559,7
TREM2,-0.4920223253641546,7
ENTPD4B,-0.4920836676231115,7
GBP4,-0.4921496267836204,7
GM13436,-0.49226855389333823,6
SH3TC2,-0.49253808314199665,7
NDUFS7,-0.49253921031754727,7
BMP2,-0.492688906161288,7
GM14164,-0.4927657130735059,5
SERPINB12,-0.492860288519023,5
PALD1,-0.4929754932861422,7
FKBP1B,-0.4929792873080909,6
ZDHHC2,-0.4930790863007319,7
IGKV4-91,-0.4934488645871705,5
RGS2,-0.4934951468700898,7
GM26397,-0.49380770294801357,5
IRF8,-0.49414431250552465,7
TMA7|TMA7-PS,-0.4941748734357763,6
BTF3,-0.4941845511458399,7
LTB,-0.4942069596071477,7
PEG12,-0.49443986405078777,7
CFI,-0.49466884448689885,7
CCL5,-0.49469064656927547,7
GPR153,-0.49482698584463575,7
PTPN20,-0.49484193559584255,5
PILRB2,-0.49493478456619167,7
GM24044,-0.4949704996494337,4
ZC3H6,-0.49499224033842004,7
DKK3,-0.4949930445670948,7
ZFP467,-0.4951120715519387,7
SRC,-0.4952265465361841,7
GSTM6,-0.49532109596949125,7
PIN1,-0.49560006478981744,7
F10,-0.4956938150513063,7
UMAD1,-0.4958005483574514,7
BTBD19,-0.49580287820216956,6
ADD3,-0.49587756732390176,7
ISOC2A,-0.495889880933254,7
HMMR,-0.4959187023995832,6
IL12A,-0.495925570264476,6
SUGT1,-0.49629177164832833,7
UBA52RT,-0.4964315079377613,3
DCLRE1A,-0.49676553110752336,7
MNAT1,-0.4967688421984648,7
MUP-PS4,-0.4967710359841532,4
KLRA7,-0.4967798493285535,6
NFU1,-0.4968412601032958,7
GM18222,-0.49684981633114433,2
DSG1B,-0.4969807895947405,6
MRPS26,-0.4970854774022611,7
BLOC1S6,-0.49712292468716773,7
APOC1,-0.49732553563119747,7
ADAMTS13,-0.4973460584135384,7
GM10556,-0.4974126925961329,6
1600020E01RIK,-0.49747988752942895,7
ASPA,-0.4976043141732839,7
TNFSF13B,-0.4977216000573077,7
GCHFR,-0.49787149224330035,7
CD160,-0.4978928547635357,7
PLSCR1,-0.49792595482304386,7
CIB3,-0.49794386204183994,7
TNFRSF19,-0.4979986177936609,7
MAJIN,-0.4980251361156359,5
ABCD2,-0.4982832064353584,7
MRPL53,-0.49850340020000206,7
AVPI1,-0.49854299588390755,7
IP6K1,-0.49856054276205647,7
CYP46A1,-0.49857142604745525,7
5830454E08RIK,-0.49858827844752557,7
CCDC61,-0.4985945334394587,7
MCPT8,-0.4986725925784309,4
MRPL9,-0.4988495347029908,7
SPRN,-0.49916043320948367,7
CFAP36,-0.49925814627398557,7
RPL10A-PS1,-0.4994543973651861,7
GAPDH-PS16,-0.49946930820179897,6
EIF1,-0.499475798585041,7
SWI5,-0.4997144234656187,7
BID,-0.49972701007788534,7
IL15,-0.4998347371314636,7
AADAT,-0.4998612876045709,7
COQ2,-0.49989708440507546,7
MRPS6,-0.5000690753675413,7
TLR13,-0.5004459593080808,7
IDNK,-0.5009221960527749,7
NUF2,-0.5009388369920087,6
A630066F11RIK,-0.5011855987118449,3
ITGB1,-0.5013541262508474,7
TMEM129,-0.5017333512378601,7
UBE2C,-0.5018656878635576,7
BET1L,-0.501915848815355,7
DDT,-0.5019167853468137,7
MRGPRE,-0.5019320313350597,7
ABCB6,-0.5019768713006492,7
SYNE3,-0.5020159856853038,7
ABHD13,-0.5021695502575803,7
COMMD2,-0.5022664663120683,7
PSMB8,-0.5023447824394168,7
ANXA2,-0.5023569649292136,7
FKBP9,-0.5024539977454328,7
NFAM1,-0.5025074239621061,7
RAB37,-0.5026410044650843,6
MRPL33,-0.5028115955860365,7
PCDHGC3,-0.50293106127137,7
DCLK3,-0.5030428945225339,7
GM20544,-0.5031183964383065,3
FARS2,-0.5032602010199112,7
EMC6,-0.5032701829536725,7
LOXL2,-0.5034916967765273,7
DAP3,-0.5036273853862872,7
ANXA7,-0.5038040157211373,7
GM17039,-0.5038127676290924,7
SPIC,-0.5039441316617561,7
FLRT3,-0.5040495835394628,6
MAP3K8,-0.5040975011638652,7
IFT27,-0.5043222213209676,7
FAM111A,-0.5046472652794465,7
PREX1,-0.5047169741989119,7
A4GALT,-0.5047220124600196,6
IFI213,-0.5047368132025295,7
SDHC,-0.5049043065598311,7
GSTK1,-0.5049236177010394,7
BTF3L4,-0.5050119702284976,7
SNORA24,-0.5051749545880347,6
WSCD2,-0.5051771520797254,6
VBP1,-0.5052771355288002,7
RERGL,-0.5052849874995711,2
IL18BP,-0.5052930349330925,7
RALY,-0.5053202683302137,7
SNORD49A,-0.5055487879781898,5
2810001G20RIK,-0.5057542795812913,7
RASL11A,-0.5060360436860799,7
AKIP1,-0.5061026185899503,7
CD84,-0.5061337365162417,7
HAPLN3,-0.5062857761510595,4
ANG,-0.506610413636485,7
AGPAT5,-0.5066109906940711,7
NUP37,-0.5066280567708461,7
GM24407,-0.506812553766928,3
ABCC4,-0.5068172643049662,7
NXT2,-0.5069482137671796,7
ERBB2,-0.5069706071836669,7
TAP1,-0.5070012914011819,7
CSTPP1,-0.5070701732403432,6
RSL1,-0.5072362118431869,7
GM14402,-0.5073473586246936,2
KCTD12,-0.5074655712573384,7
GMPR,-0.5075906883360547,7
HAVCR2,-0.5078903906402762,7
DPY19L3,-0.5079590300941538,7
WDR61,-0.507965578575805,4
GM17042,-0.5079839424842807,2
SMAD7,-0.5080411246471351,7
AGA,-0.5081273213256136,7
SMIM13,-0.5082988359095646,7
NDFIP2,-0.5084628788132123,7
TNC,-0.5085574907913314,7
MAP2K3OS,-0.5086418161730105,7
KLF5,-0.508790870161319,6
BVHT,-0.5087949497669213,4
KCNMB4,-0.5088111348009081,5
PGAP2,-0.5089170606968446,7
FCER1A,-0.5089880024073212,4
PDIA5,-0.5090406840697738,7
NMNAT3,-0.5090739052250891,7
NDC1,-0.509314770922374,7
PRF1,-0.5093935712015079,7
RPL14,-0.5094182604556662,7
SMIM24,-0.5095073698086973,7
ABHD17A,-0.5096636445421031,7
ZFP524,-0.509702566112043,7
EFHB,-0.5097126428992781,6
BOLA3,-0.5099720446095636,7
MRPL17,-0.5100419293672507,7
WDR86,-0.510468604071879,7
CRYL1,-0.5105224736429311,7
LHFPL2,-0.510553467662637,7
GM5436,-0.5106216987119806,6
GNPNAT1,-0.5107281632874179,7
MOV10,-0.5109339470954214,7
AMY1,-0.511016523493848,7
FDXR,-0.511116633181732,7
SUPT4A,-0.5111923981947313,7
LOR,-0.5113822292420533,4
AAMP,-0.5115407211971639,7
RPS15A-PS3,-0.5118830597934053,6
USH1C,-0.5119339388928329,3
FMN2,-0.5119771563286132,7
STARD3NL,-0.5120717557182732,7
P3H3,-0.5121076153378968,7
MYBPC3,-0.5122039306348818,5
SPRR2A2,-0.5126076911254069,5
GPX8,-0.512655244019056,7
GM36608,-0.5126693878134428,7
ENY2,-0.5127151264698846,7
LPCAT4,-0.5127915047984969,7
GPR157,-0.5131211354231042,7
SNORA2B,-0.5133014570948624,5
TTC39C,-0.5133691488350854,7
CTSK,-0.5134411343027859,7
FKBP11,-0.5135611746373006,7
CSF1R,-0.5135731924081802,7
CHST7,-0.5137616821052094,7
AIF1,-0.513823402254369,7
TLR9,-0.5139548845136482,7
CXCL15,-0.5139944241619356,3
CASP4,-0.5141920824187113,7
GM22748,-0.5143003430255949,6
LIPC,-0.5143120990576084,7
PRCD,-0.5143535594102482,6
MUL1,-0.5145481233948489,7
MS4A4C,-0.5146656149009915,6
ANO10,-0.5147146644396978,7
PAM16,-0.5147812006934892,7
CES1C,-0.5149576239936865,7
CCNA2,-0.5150837327287121,7
TMEM70,-0.5151688438302527,7
GDF6,-0.5151764836800439,7
SGCE,-0.5151771345963677,7
NACAD,-0.5153149249778156,6
SERPINB7,-0.5153482463740021,5
GM25704,-0.5153602199154538,4
TSTD3,-0.5154714301792082,7
KCNIP3,-0.5154803534901083,7
1810046K07RIK,-0.5155154916835002,4
AIM2,-0.5156167116030846,7
GM25107,-0.5156319269177899,5
TAF9,-0.515804809568255,7
OAT,-0.5158379925513589,7
VAMP5,-0.5158529076352467,7
TMEM59,-0.5160006197496906,7
UAP1L1,-0.5160641759269937,7
SNORA70,-0.5161388765624925,2
IL1RL1,-0.5161899002698737,6
3830403N18RIK,-0.5162745230583483,5
POLR1C,-0.5163228821326722,7
GRPEL2,-0.5163406323566792,7
SERINC1,-0.5164658812730257,7
F12,-0.5166584013864731,7
EMCN,-0.5170868903991408,7
CENPE,-0.5172376571285751,7
1700066B19RIK,-0.5174448741174988,4
MUP17,-0.5179471152972429,6
KLF2,-0.5180130945371463,7
NCMAP,-0.518353561989915,7
EIF4E2,-0.518374022449828,7
SMOC2,-0.5183920743594268,7
DCXR,-0.518501196200788,7
1810021B22RIK,-0.5185700918842259,7
SLFN3,-0.5186301376980592,6
GM22980,-0.5187882233782921,5
NDN,-0.5189204297196031,7
ITGAX,-0.5189673677769114,7
KNSTRN,-0.5191914190725564,7
MEPCE,-0.5193583387678892,7
EBPL,-0.5195165437412894,7
SOX17,-0.5195919606826326,7
MUP13,-0.5200242459489239,7
RPL11|GM57721,-0.5200941503710516,3
FAM89B,-0.5200995901871911,7
NECAP2,-0.520449578899072,7
NDUFA9,-0.5204585516124497,7
9430069I07RIK,-0.5205453534572166,2
VAMP8,-0.5205842400981279,7
ZFP287,-0.5205851632182881,7
GPR82,-0.5205961336713293,6
CDHR4,-0.5210283465882688,6
CHD5,-0.5210787071458529,6
ZSCAN18,-0.5211344210272024,7
HMGA2-PS1,-0.5211805757654385,3
TUSC2,-0.5211896905568507,7
ATP5PB,-0.5213683407850367,7
SUMO1,-0.5215719821866258,7
SLC35A2,-0.5217006334016218,7
DGKI,-0.5217270817639232,6
GPR132,-0.5219795643338309,7
TFR2,-0.5220393268780484,7
DOCK11,-0.5224137451273184,7
GM12216,-0.5224925794832421,7
PCCA,-0.5225452331018363,7
SDK1,-0.5226106690856372,6
ZFP120,-0.5227961876582704,7
PCDHB11,-0.5229069933332036,6
MED21,-0.5229243867285123,7
MRPS9,-0.5230743607741004,7
ACTA2,-0.5231446192637491,7
HARBI1,-0.523272179686111,7
SLC25A48,-0.5234576491973303,7
AGPAT4,-0.5235409262719949,7
ATP5C1,-0.5236038237486357,4
ITGB1BP1|GM40855,-0.5236581700881945,6
A830019P07RIK,-0.5237015249145789,6
HMGCR,-0.52371061360737,7
CNGA2,-0.5237449206887874,4
MAGEF1,-0.5239076612083541,7
SMPD3,-0.5240886439807774,7
ECI3,-0.5244762202448127,6
TMEM258,-0.5245750706682619,7
DNAJC24,-0.5247272675748612,7
SNORD118,-0.5252806833123551,6
ADAM8,-0.5253001429944368,7
MARCHF1,-0.525495390890046,7
PIRA11|PIRA6|PIRA7|PIRA12,-0.5256625056073849,5
SP140L1,-0.5257065929351502,2
TMEM256,-0.5258745970838429,7
PRODH2,-0.5259162741426098,7
TPRGL,-0.5259784761253143,4
MUCL3,-0.526122326853647,2
FUCA1,-0.5262741559028795,7
ADAP1,-0.5264575553131174,7
PNPLA3,-0.5266151190969095,7
LRRC69,-0.5267157376214973,5
CRYZL2,-0.5267400201863596,7
SNORA28,-0.5270167521051875,5
LOC108167922,-0.5270706109753803,6
SLC5A8,-0.5270768513222561,6
SLC31A1,-0.5270975396974078,7
NDUFAF5,-0.5272198519919892,7
SRRM4OS,-0.527442784241439,7
GUCY1A2,-0.5274457746591216,7
GRAP,-0.5276269632074353,7
COL6A2,-0.5276784634569494,7
AMIGO2,-0.5278244944604358,7
BEX3,-0.5280663669551846,7
RDH5,-0.5282846848525938,7
GRB7,-0.5284022422694065,7
TRHDE,-0.5284429943049616,7
1810010H24RIK,-0.5285068361416813,7
TMEM144,-0.5285484073573617,7
APMAP,-0.5286924375269659,7
CDK5,-0.5288010198436892,7
SBK1,-0.5292464474731767,7
CXCR5,-0.5293033043245545,6
NAT8F5,-0.5293439804733773,7
CD320,-0.5293649710275189,7
PDE5A,-0.5295033581445695,7
ELP5,-0.5295328639749349,7
DTYMK,-0.5296443399559451,7
TSEN34,-0.5296810977992286,7
ESYT2,-0.5297103527921566,7
AGMAT,-0.5298243288709618,7
IGKV4-63,-0.5300207734474582,4
RPL34-PS1,-0.530101487271077,7
BLOC1S5,-0.5304263727910137,7
RHOH,-0.5304479478585786,7
GM6204,-0.5305144549867756,7
ACVR1,-0.5310978651347277,7
SHROOM4,-0.5312575672130723,7
VPS51,-0.5312813693014532,7
0610005C13RIK,-0.5314237580344294,7
SIAE,-0.5314452091878926,7
CD300E,-0.5314767761447368,7
JAM2,-0.5315523468681372,7
USP22,-0.5316692854808246,7
TRAF4,-0.5317037215243559,7
NDUFB3,-0.531780943389139,7
TMEM184A,-0.5318405754374187,7
SLC30A1,-0.5319269566173539,7
NDUFV3,-0.5319506125372946,7
DYNLT1B,-0.5319607969255049,7
ANKRD55,-0.5320635536819461,7
4930522L14RIK,-0.5320653958085427,7
SERPINA3F,-0.5320982816165696,7
ATP5A1,-0.5322006905920106,4
H2-OA,-0.5323469960776785,6
SELE,-0.5323861872365877,7
PTTG1,-0.5325180551709116,7
SP140,-0.5328398129677209,7
MED6,-0.5329664137727922,7
EHD2,-0.5330555729635708,7
TM9SF1,-0.5331181380974853,7
ESRRA,-0.5332357939459482,7
IGKV1-88,-0.5332829135028792,4
GM12781,-0.533342593466278,3
VIPAS39,-0.5335155042987358,7
MRPS18C,-0.5336455233346534,7
PPIL3,-0.5338690555123686,7
LYRM9,-0.5338882913515185,7
LGI2,-0.5339110459549901,6
SLC28A2,-0.5339210582673789,7
IFNAR1,-0.534018696999167,7
GM17971,-0.5340623321594918,7
TMEM242,-0.5341115990012663,7
DCTD,-0.5342701881932229,7
P2RY2,-0.5343406350955627,7
BNIP3L-PS,-0.5345416455387084,7
MCRIP1,-0.5345739822597843,7
MYO9A,-0.534686463865118,7
NDUFB5,-0.5347104525689489,7
CENPW,-0.5349529809045666,7
C230024C17RIK,-0.5349893045655446,6
IFI30,-0.5350366525671537,7
GPANK1,-0.5353209601408611,7
MRPS12,-0.5353735856577347,7
RPL17-PS5,-0.5354250118831992,6
GM11837,-0.5358020091065772,7
PPP2R5A,-0.5358982498152564,7
SCARF1,-0.5359647753065955,7
GRCC10,-0.5360164930014202,7
SAR1A,-0.53608060962277,7
ZDHHC7,-0.5362266146157789,7
SUN1,-0.53640310885167,7
MTCH1,-0.5365183632384746,7
PCDHB5,-0.536540838089617,6
PRCP,-0.5368162503166872,7
HEATR1,-0.5369433635365103,7
C77080,-0.537106933034222,4
KCTD12B,-0.5371158638829507,7
IL16,-0.5371558103225089,7
AB124611,-0.5373238898562483,7
MELK,-0.5373355663187439,6
CNGB1,-0.5373484548034757,6
CCDC127,-0.5373968256200271,7
MFSD13B,-0.5374954286990019,3
PRPF38A,-0.5378956942540316,7
KIF23,-0.5379007781547288,7
CYP2D26,-0.538098880778483,7
ACAP3,-0.5382857273777614,7
EVL,-0.5384642927241571,7
GM9616,-0.5385411929389714,7
BCL10,-0.5388900009620545,7
NME2,-0.5390855226528599,7
IZUMO4,-0.5391474709583067,7
GM16573,-0.5392623463074707,7
NDUFA11,-0.5393369962175139,7
C1S1,-0.5394216199736934,7
GM5628,-0.5394883655424649,6
KDELR2,-0.5395006342539114,7
ANAPC11,-0.5395884062124652,7
C1QTNF3,-0.5396198634233634,7
MOGAT1,-0.5396727212153125,7
RNH1,-0.5397856075728142,7
PPT2,-0.5397949520614636,7
SLC30A6,-0.5402570660424415,7
2510039O18RIK,-0.540310365174155,7
GM16062,-0.5404377896660478,7
GM37164,-0.5405792094480761,4
DOHH,-0.5406873856993984,7
RPAIN,-0.54101961577856,7
LDHB,-0.5411683812989699,7
NSA2,-0.5412358970194251,7
GM14586,-0.5412712816368883,7
DNAAF2,-0.5415238254545752,7
A230072E10RIK,-0.5415435249358918,7
MFSD3,-0.5415763176169199,7
TRAPPC3,-0.5416173433369817,7
PIRA2-PS1,-0.5417551612176725,4
IFNGAS1,-0.5417857382398779,4
SH3BGRL3,-0.5419672110592412,7
RIPOR1,-0.5420284491797096,7
CASD1,-0.5420700946131554,7
BEND4,-0.5423176082247414,7
FLT4,-0.5423426876811358,7
GM36435,-0.5424889779990002,7
YWHAQ,-0.5425481708093332,7
ITGB7,-0.542818606142535,7
KLHDC1,-0.5428354596159919,7
CACNA1D,-0.5430642539339041,7
FUT11,-0.5431052314927521,7
APOC2,-0.5432094675307579,7
ABCA6,-0.5432486329623785,7
CLN6,-0.5433486269516524,7
CYSLTR1,-0.5434256807831309,7
FBXO9,-0.5434356243853508,7
MS4A4B,-0.5434799507017719,7
ACP5,-0.5436165873511352,7
SVBP,-0.5436645214033391,7
NDRG4,-0.5436729613038652,6
CCL19,-0.543750480766593,7
GYG,-0.5437658237072934,4
KLHDC7A,-0.5438435939461613,7
H2BC12,-0.5438655161255761,7
INSL6,-0.5439136485379674,7
PFDN1,-0.5441704457375383,7
MRPS36,-0.5441974024141472,7
ZFYVE9,-0.5443248870237964,7
RPL36-PS12,-0.5445059321196833,6
H2BC6,-0.5445370044184983,7
GM2981,-0.5447671526414525,7
IL15RA,-0.5451419698707738,7
GABRA3,-0.5453642522691784,7
APLN,-0.545391686705525,6
TMEM204,-0.5457788544610453,7
METTL23,-0.5460175993436172,7
TMEM134,-0.5460827545861217,7
COL8A1,-0.546486079352707,7
AMZ2,-0.5465385130545574,7
GZMK,-0.546558125874953,4
ADCY6,-0.5467645255939253,7
STING1,-0.546840350692124,7
GCDH,-0.5469738013472114,7
IGHV1-69,-0.5471060607499759,3
SNX2,-0.5472390133325316,7
MPV17L2,-0.5473647774884485,7
FBLN2,-0.5474048315006738,7
RPP14|HTD2,-0.5476845648082793,6
IKZF2,-0.5477156405576482,7
SOD3,-0.5477421288371398,7
GM10275,-0.5479519363103865,7
IL11RA3,-0.5479941862535428,3
COX17,-0.5480505328791087,7
NPAS3,-0.548219858214098,6
DNAJC19,-0.5484089207221368,7
SNORD17,-0.548483116051804,6
MROH2A,-0.5485376452869838,7
PHB1,-0.5486234036388454,3
SHMT1,-0.5489845010505844,7
ADA,-0.5490125832351406,7
CNN1,-0.549392948406925,6
SIRPB1C,-0.5494691104969495,7
RPS3A3,-0.5495196394597718,6
ESRP1,-0.5499245049018562,7
LPPOS,-0.550000865512041,3
CCL12,-0.5500695945100285,6
TRAPPC6A,-0.5500814623154477,7
HSBP1L1,-0.5501624704115164,7
IPCEF1,-0.5502100300133212,7
SNRPB,-0.5502103562798061,7
XXYLT1,-0.5502430782184382,7
PPP2CB,-0.5502794574173552,7
PAX5,-0.550362594614768,7
NAT2,-0.5503660710098679,7
GM10804,-0.5504361103566943,6
AHCYL,-0.5507107015311178,6
CYP2D10,-0.5508708117134208,7
LTBP3,-0.5508975350557154,7
SERPINA10,-0.5510581852214271,7
FGB,-0.5515083966371939,7
PBK,-0.5516562106098558,7
SKAP1,-0.5518788562891513,7
HGFAC,-0.5523258485768999,7
COX7C,-0.5523904590633478,7
MRPS17,-0.5526590092424966,7
ACOT8,-0.5528452925218116,7
CLTA,-0.5528611938603937,7
MID1-PS1,-0.5531207798978357,2
CDK14,-0.5532195419290843,7
LGALS2,-0.5532442637560862,6
CYBB,-0.5533191535674066,7
BC147527,-0.5535154251784126,4
MUP1,-0.553575878468766,7
SLC25A10,-0.5535834237479932,7
ZKSCAN17,-0.5535890288477946,7
GM5150,-0.5536076588043108,7
PIMREG,-0.5537028559345836,6
SAMM50,-0.5537299606860602,7
TMSB10B,-0.5539696538792913,2
SMC1B,-0.5541306522275734,7
CENPV,-0.5541641925702289,7
TYW5,-0.5542418607884538,7
HGSNAT,-0.5544677385477875,7
TSPAN32,-0.5545674564877505,7
SELENON,-0.5546710059914447,7
RGS10,-0.5548865625785218,7
MGAT4B,-0.5551839974765905,7
ACADS,-0.5552392024154126,7
RPL36A-PS1,-0.5552558732865555,6
SERHL,-0.5553209083476667,7
TMED1,-0.5553928002623595,7
MRNIP,-0.5556750666832342,7
ENPP4,-0.5558019582701699,7
APH1B,-0.5560729381140292,7
FAM98C,-0.5562083079048171,7
NCSTN,-0.5564673861528598,7
A930038B10RIK,-0.5566211334092699,6
TMEM35B,-0.5567763787399663,7
MRPL27,-0.5568000287931747,7
KCNN3,-0.5569929611579724,6
ITIH2,-0.5571621757066397,7
INAVA,-0.5573597717616314,7
CLCN7,-0.5575238567503769,7
SNORD14E,-0.5575376869401654,2
KCNMB3,-0.5576277225398738,3
ID1,-0.5577875667471309,7
SIGLEC1,-0.5579260220309904,7
SDF2,-0.5580622040005314,7
RNF180,-0.5581111269569801,7
RORC,-0.5581121450889795,7
GM7299,-0.5581319033758956,6
FZD8,-0.5586855991295997,7
H2-Q4,-0.5588219826342488,7
MSRB1,-0.5588284213179484,7
RDH7,-0.5588463796104175,7
CES1G,-0.5588992207833937,7
NGRN,-0.5597722384959717,7
GM5621,-0.5598612800875292,6
GM35742,-0.5599970398075567,3
NCF2,-0.5601656031657865,7
IGKV6-14,-0.5602639297430946,4
GM6311,-0.5603450667950884,6
SEMA3E,-0.5603539892088891,6
INKA1,-0.5604346167962945,7
ARMCX1,-0.5605097808635623,7
MROH1,-0.5605184645279367,7
ZFP1007,-0.560584229253052,3
BLVRA,-0.5605952340753293,7
SLAMF9,-0.560640850513081,7
ESD,-0.5607188841825044,7
STX11,-0.5607944163249238,7
ALG6,-0.5609129879868519,7
GALNT3,-0.5611146488155375,7
UXT,-0.5611345232366224,7
RMRP,-0.561249299142138,7
MDH1,-0.5612710826005999,7
GM23105,-0.5613397630516199,5
ERBB3,-0.5613614981978479,7
GM23301,-0.5615715008063468,4
METTL7B,-0.561622682462346,4
CD86,-0.5616327530753188,7
CDH13,-0.5617207917119648,7
PFKP,-0.5618026426433067,7
ACTR10,-0.5619964921957524,7
FH1,-0.5620982034514975,7
MED31,-0.5622574048038861,7
TGFBR2,-0.5622582270543589,7
CD177,-0.5622613204671499,6
PRTG,-0.56255785925814,6
IGKV12-46,-0.5626730155604591,6
NOSTRIN,-0.5627139887498084,7
GBP5,-0.5628280178839115,7
CKAP2,-0.5630903269218072,7
TLCD3A,-0.5633142270239057,7
ACVR2B,-0.5635830382172724,7
GM24355,-0.5637197490546669,2
GM24016,-0.5638659522736954,3
ADAM19,-0.5643485895486003,7
MYD88,-0.5643614406067894,7
GNA13,-0.5644501609950027,7
CDK1,-0.5644802052971316,7
OR51V8,-0.5646455750402998,2
TREM3,-0.5647519821696735,6
COX6A1,-0.5648159641825662,7
FGG,-0.5650832631910162,7
DUSP19,-0.565106372165656,7
ZBED4-PS2,-0.5652302590574455,5
CYP2A12,-0.5653437936601956,7
ALK,-0.5655442706256304,2
GNA12,-0.5656499688797763,7
E030044B06RIK,-0.5659626281360769,3
ST6GAL1,-0.5661637810171606,7
GSTA4,-0.5662561609080276,7
CCNB1,-0.5663167870720989,7
ROPN1L,-0.5669453001566155,7
GNMT,-0.5670067709031947,7
LAMP1,-0.5671518741807939,7
PLPBP,-0.5672506730120601,7
GBP8,-0.5672956067329719,7
MALL,-0.5673828421993966,6
OLFR1392,-0.5675882615409243,4
HEY2,-0.5676503632959898,7
LARP6,-0.567741619534101,6
CLEC3B,-0.567779056131683,7
GM35853,-0.5679013809877035,3
RAB5IF,-0.5680411182251043,7
SH2D1B2,-0.5681323153537322,2
IL1RL2,-0.568423654463933,7
PDZK1IP1,-0.5684279441255418,7
ARMCX3,-0.5686113817126467,7
ATP2A3,-0.5687446133913943,7
RNF170,-0.5688241216312632,7
PAPPA,-0.5688548540759087,6
ATP6V1E1,-0.5689046907944945,7
PTRH2,-0.5689330188065386,7
DNAJC22,-0.5689429729918511,7
AI504432,-0.5690007822965281,6
CALHM5,-0.5690681945292192,7
SNORA21,-0.5694207816655651,5
RPP40,-0.5697829355047771,7
BTLA,-0.5698438028005027,7
TUBA1A,-0.5699478129274855,7
ZFP651,-0.5699559865736393,4
CR2,-0.5699726989793757,6
CETN3,-0.5700427422503858,7
ATP5G2,-0.5701205726552605,4
VKORC1,-0.5701801401009001,7
IL5RA,-0.5702688473253664,6
APOE,-0.5704946688127142,7
H2AC6,-0.5705228995929857,7
NTPCR,-0.5705464025686952,7
ARL5C,-0.5706192690744452,7
RPL17-PS10,-0.5707444105275178,7
PDE1A,-0.5707880932556689,7
SCARNA3B,-0.5708347395452241,5
CPB1,-0.5708850720035913,5
A4GNT,-0.5710690214338566,7
ANKDD1B,-0.5711595002622808,3
GM11423,-0.5712565662181236,7
DEDD2,-0.5713397112614433,7
SUCLG1,-0.5715213705606372,7
CRBN,-0.5715905387187777,7
PGPEP1,-0.5716063679353091,7
ADGRE4,-0.5718222682868657,7
NINJ1,-0.5718549769689512,7
CYP20A1,-0.572002670053803,7
UMOD,-0.5720502970191989,3
NIBAN1,-0.5721162046597751,7
TM2D3,-0.5724394139365155,7
RNF114,-0.5726422712238418,7
GM32031,-0.5726727064577241,4
CCDC73,-0.5729366271313207,6
ATP5O,-0.5730195749123002,4
HABP2,-0.5731817253626463,7
CHEK2,-0.5733713468790176,7
EIF3K,-0.5733912801015906,7
DPP7,-0.5734175947978232,7
ECM2,-0.5734779994675158,7
CFAP119,-0.5736235335841883,3
SUSD3,-0.573651923425327,6
ADH6B,-0.5736916319101754,7
FNDC7,-0.573839814682565,6
PRDM6,-0.5740928638252579,6
NIPAL1,-0.5742458560019621,7
LY6A,-0.5743506492101853,7
HSPE1,-0.5744689179733254,7
MUP18,-0.5746176917559084,7
HEY1,-0.5747175150179349,7
I730030J21RIK,-0.5749690438971772,6
TSPYL3,-0.5751329289384183,7
TSPAN3,-0.5751634346406744,7
IGLV2,-0.5752661745625874,6
MAP3K15,-0.5752745950334862,7
ZSWIM7,-0.5754243452656442,7
SMAD2,-0.5754656057081782,7
TGFBR3,-0.5755431861455091,7
A930017M01RIK,-0.5755576251749679,2
FOXO3,-0.5759387070436487,7
PPM1K,-0.5763407451929955,7
KLF11,-0.5763433363840004,7
ETAA1OS,-0.576358068752456,7
HMGCL,-0.5765398181322942,7
GET4,-0.5767531404393923,7
NR4A2,-0.5767689669912638,7
SPATA6L,-0.5767986587033619,6
SYS1,-0.5770096905729247,7
CCR2,-0.5770396528108295,7
GM22620,-0.5770484893569618,5
HDAC7,-0.5770839925998031,7
CCL24,-0.5770928320402459,7
FHIT,-0.5773459527301783,7
NDUFA7,-0.5774355098461956,7
GSTT1,-0.5774738396739895,7
SNORA65,-0.5775446366369522,5
3830406C13RIK,-0.5776515256550666,4
MRC2,-0.5779502410725532,7
GM11451,-0.5780473356063006,7
RERE,-0.5782289970615392,7
GM53056,-0.5782813945239653,5
TMEM30B,-0.5783038915775164,7
RALB,-0.5783235599939358,7
UBR7,-0.5784018354498485,7
POR,-0.5785265479514409,7
IFIT1BL1,-0.5788486288158431,7
NPDC1,-0.5790095891492325,7
SLC20A2,-0.5790573283513469,7
PDZD7,-0.5792302971073162,6
PLA2G4F,-0.5792621892062219,6
1110032A03RIK,-0.5793908062964457,4
9230105E05RIK,-0.579412600787178,4
PDE3A,-0.5794445444910397,7
ATP5G3,-0.5796856346542749,4
FASTKD3,-0.5798734840300864,7
A630001G21RIK,-0.5799428251026677,7
RNU5G,-0.5801187486782242,2
D7ERTD443E,-0.5802809974241072,6
NSMCE4A,-0.5802893310878072,7
EVA1B,-0.5804072991566027,7
CCDC32,-0.5805117349380857,7
GM13142,-0.5807531729063288,4
SLC22A3,-0.5808267856333973,7
ARL6IP6,-0.5811167047769433,7
CD200R1,-0.5811826357705622,7
CDH26,-0.5811983520148033,5
COLQ|LOC102639719,-0.5812007218111236,3
1810019D21RIK,-0.5813319773055269,3
DGAT2,-0.5814191007514049,7
GTF2A2,-0.5816747872721048,7
VMN2R57,-0.5817569050097174,7
GPR171,-0.5818630787157665,7
RASGRF1,-0.5819206246327236,5
NDUFS3,-0.5820098656530367,7
MXD4,-0.5821418764322825,7
CD200R3,-0.5821688573505891,7
APOH,-0.5822179209499839,7
ATP5F1C,-0.582674518877457,3
NUDT16,-0.5827609859116455,7
GM6967,-0.5829141616049862,6
GM11476,-0.5830552867117706,6
MS4A6B,-0.583232065848818,7
KLRA8,-0.5833075059166251,4
USE1,-0.5833180988485591,7
H2-T24,-0.5839583966788803,7
CCL28,-0.5840476988858568,7
UMODL1,-0.5840794019490797,6
ARG1,-0.5840873838744891,7
TIMM8B,-0.5840928670275831,7
CLEC9A,-0.5842294745077883,7
GCSH,-0.584499682214029,7
AMACR,-0.5847003895833379,7
AGBL3,-0.584755008346739,7
FAM3C,-0.5849888070622874,7
MEF2B|MEF2BL,-0.5850924717177475,4
GM29683,-0.5851243191195811,6
NAIP5,-0.5854225359929816,7
SLC35A1,-0.5857994990947992,7
CCDC58,-0.5858301657055236,4
BCAP31,-0.5863818103994699,7
PRORSD1,-0.586606026340669,7
GM12251,-0.5868811896157354,7
MAN2B2,-0.587317949068338,7
ZDHHC24,-0.5873375758987096,7
C4B,-0.5873584746785848,7
WFDC21,-0.5875627817494546,7
C1RA,-0.5876258005206508,7
GPT,-0.587648513340988,7
PI4KA,-0.5877773617320535,7
CCL4,-0.5878643316938971,7
SERPINI1,-0.587884689276464,7
NRP1,-0.5879358057072999,7
FBLN1,-0.5880340465718688,7
RMND5A,-0.5880871946351329,7
ARL1,-0.5884928657327883,7
TECR,-0.5887332582157668,7
BC035044,-0.5889032506182141,7
LAIR1,-0.5889115442183899,7
RPS6KA6,-0.5889625833017095,7
G0S2,-0.5889852467155512,7
PSTK,-0.5894738446360558,7
COPS9,-0.5895295854671089,7
9530068E07RIK,-0.5899025524423859,7
6330403K07RIK,-0.5899224921616836,6
CBLC,-0.5900848815447498,7
CD300LD,-0.5901153251313499,7
PLPP3,-0.590197723933648,7
POU2AF2,-0.5902826282392147,3
ANTKMT,-0.5904825985483292,7
C130050O18RIK,-0.5905377313674606,7
APOOL,-0.59055921873171,7
IST1,-0.590732916696365,7
CFHR2,-0.5911649219771179,7
YIF1A,-0.5914735501598354,7
GLT8D1,-0.5915506535981467,7
RNASEH2C,-0.5915918896710469,7
MCL1,-0.5917430181268395,7
ADCK2,-0.5918270142324139,7
RAVER2,-0.5922661892129694,7
OTULINL,-0.5922760971220974,7
ILVBL,-0.5923246056104056,7
DHRS7B,-0.5923587043566477,7
GPR182,-0.5924557739741348,7
AFP,-0.5929628560943347,7
RPL4,-0.5932188230053212,7
ZDHHC15,-0.5935904327279802,6
CHRDL1,-0.5937468648833043,7
TPRKB,-0.5939198999817039,7
SELP,-0.5940422524632228,7
TMEM185B,-0.5942563265940913,7
TEX11,-0.5943885120443738,4
IGKC,-0.5945925045970661,7
CCL27A|GM13306|CCL27B,-0.594695140843965,3
CHMP5,-0.5947090463443725,7
TM4SF4,-0.5947290907769645,7
RPL28,-0.59504103608418,7
TMED6,-0.5951718042801193,6
TRAP1,-0.5952402739926962,7
VSTM4,-0.5955726109606887,7
CHIL1,-0.5956831481107846,4
TFF2,-0.5958015931668305,6
KAZALD1,-0.5959384210647453,7
GM15551,-0.5961938601222948,3
KLRC1,-0.5962706865824396,7
HBP1,-0.5965405615536635,7
TMEM205,-0.5965539502817209,7
ARVCF,-0.5967015190874286,4
CFAP20,-0.5968632507398544,7
PIK3CG,-0.5971517031293695,7
H2AC7,-0.5971811933259883,5
GREM2,-0.5973501577107064,7
CCR3,-0.5977336959977795,6
SERINC5,-0.597933575729216,7
EXO1,-0.598041077052373,6
GPC6,-0.5980497371762009,7
GRAMD1A,-0.5981790915927042,7
CYP3A25,-0.59819421893914,7
SNORA74A,-0.5983866340587103,5
STARD4,-0.5986708348613553,7
OSTC,-0.5987624313671142,7
RPL5-PS2,-0.5988215811398153,6
ABTB1,-0.5988683454230888,7
NOS2,-0.5988906016585936,6
CDKL4,-0.5990122225251725,7
TRMT2B,-0.599043422614228,7
SIRPD,-0.5990869917355981,2
MGAT1,-0.5996596245988473,7
ETNK2,-0.6000948739581601,7
RNF186,-0.6001997843835147,7
TXNDC12,-0.6004062395077148,7
CKS1B,-0.6005985960425028,7
LRRC55,-0.6006346888928064,6
SULT2A4,-0.6009490575818919,5
MARVELD1,-0.6009797798766376,7
SSU72,-0.6009847168358294,7
IL18,-0.6012608207044903,7
EPOR,-0.6013546221366323,7
PTGES2,-0.6013758037883397,7
ADIPOR1,-0.6017686002829609,7
9530080O11RIK,-0.6018198037385564,7
OLFML3,-0.6018279080016129,7
FBN1,-0.601902503475836,7
CLEC2H,-0.6019519578539272,7
GM33370,-0.6020455205293251,2
DRAM2,-0.6021409775889223,7
HID1,-0.602235995615095,7
GM10549,-0.6022363647390806,7
CYP3A16,-0.6022726680648393,5
ATP1A1,-0.6023361173252276,7
CRIPT,-0.6024134864047751,7
BNIP2,-0.6024186126163033,7
SCD1,-0.6026087439769923,7
CYP2C53-PS,-0.6027664747151215,6
MRPL57,-0.6028318649893206,7
METTL21A,-0.6031357668623029,7
LRP1,-0.6032741095193106,7
CELA1,-0.6033779038981895,7
GM40893,-0.6037494918732454,7
ERG28,-0.6037630566769508,7
SIGLECG,-0.6041050665729971,7
IL33,-0.6044452898912148,7
ATP5ME,-0.6048697397117205,3
MARCHF6,-0.6049154042587641,7
MIS18A,-0.6049165160740664,7
AMDHD2,-0.6049944049813982,7
NOP53,-0.6052408084373749,7
EMP1,-0.6053220302684058,7
NDUFS6,-0.6055709283893681,7
SLC35C2,-0.6056317844655432,7
GM13722,-0.605751198898423,3
ITPKA,-0.6059737852596728,7
ITGAL,-0.6063479962114426,7
SSC5D,-0.6065340998183293,7
RPA3,-0.6072275651776768,7
SDHA,-0.607336828263192,7
ATG9A,-0.6075005765129771,7
TMEM192,-0.6076438730440953,7
MALRD1,-0.6076896215269976,4
DDRGK1,-0.6078141408269976,7
HEXD,-0.6079842273902664,3
WNT6,-0.6082045927449115,6
VDAC2,-0.608489083136731,7
IGFBP2,-0.6088956741168029,7
CEP20,-0.6091848122493844,7
RPL36AL,-0.6093387932446614,7
COMMD4,-0.6094107117778907,7
GM7357,-0.6094446492032404,2
IGHV1-78,-0.6097524194707563,3
GM25514,-0.6098268404002012,3
SNORA43,-0.6099421615459357,5
CAVIN3,-0.6101263335676669,7
NDUFAF8,-0.6101310616849398,7
OLIG1,-0.6101829151219527,7
CYP4F16,-0.6102920072296544,7
GM25636,-0.6103235317119705,5
RRAGC,-0.6103937523382862,7
OPTN,-0.610667269044821,7
NAV3,-0.610897314126617,6
TAF5L,-0.6111037505286024,7
BCCIP,-0.611182088791117,7
MTFP1,-0.6114294907632721,7
SCN7A,-0.611480139697661,7
C1QA,-0.6115516083595545,7
CXCR4,-0.6116182758314521,7
LIFR,-0.6119786502439643,7
CTSB,-0.6122021336257636,7
DCTN3,-0.6122837603296484,7
SLCO1B2,-0.6123055990955643,7
NEK5,-0.612324738188293,7
GM9625,-0.6124078143819897,7
CYB5R3,-0.6125221087011455,7
FCNA,-0.6126074560416696,7
GM16238,-0.6126352093206808,5
LUM,-0.6126528397993537,7
H2-K1,-0.6128781915075495,7
CCNY,-0.6128896552487283,7
IGHG2B,-0.6129404589022565,7
GM25360,-0.6134272060201118,3
TMEM106A,-0.613515568884503,7
UBL5,-0.6135798578753635,7
BBS10,-0.6138009421317622,7
A430088P11RIK,-0.6140624656106303,7
RPS13-PS2,-0.6143378300830988,7
4933439C10RIK,-0.6144390800465054,7
NDUFB10,-0.6144810609995848,7
VMN2R96,-0.6147471599999318,3
RPL21-PS8,-0.6148696618492724,6
TLR1,-0.6155408798116841,7
HVCN1,-0.6159865148954068,7
TMEM51,-0.6160252424510978,7
KLK1B4,-0.6160552076311641,7
BMP5,-0.6164194838455527,7
SH2D1B1,-0.6165617364653724,6
PRNP,-0.6167287186341751,7
SCIMP,-0.6168448196337116,7
EIF1AX,-0.6169698570489731,7
ATP5L,-0.6170227079627237,4
EFNA1,-0.6170584974922759,7
MAP4K2,-0.6174557158067049,7
CD99L2,-0.6174625141938582,7
HFE,-0.6174857486879988,7
PHF11B,-0.6177837091174816,7
ADAMTSL5,-0.6178075302879625,7
ERH,-0.6183269908288777,7
VMAC,-0.6184603591158224,7
GM23297,-0.618472843655904,5
GRIA4,-0.61874537047527,6
SLC20A1,-0.6188254338140775,7
SRP14,-0.6191310382621372,7
GM22786,-0.619217873422321,6
ZPBP,-0.61928200824093,6
MUP8,-0.6194036980473007,7
RPS12,-0.6196094039279334,7
SLC9A7,-0.619893775651472,7
ZFAND1,-0.6199349866569485,7
TRAF1,-0.620213586554302,7
KCNE3,-0.6202270674438962,7
APOO-PS,-0.6204678794124735,6
CD209A,-0.6205611117836547,7
MED30,-0.6208134019439971,7
ZKSCAN4,-0.621057139304634,7
COMMD10,-0.6212390649119343,7
EIF3M,-0.6213499792420677,7
SERPINA1A,-0.6214055475557638,7
PHPT1,-0.6215519321374006,7
POLR2D,-0.62156920537787,7
S100A13,-0.6217290057576708,7
BCL2L11,-0.622020415719211,7
GM23442,-0.6220315986105697,5
IGHV1-53,-0.6220322834157926,5
GM6206,-0.6220583221003977,7
MS4A4D,-0.6224951954254047,7
R74862,-0.6227602219656806,7
NTN1,-0.6228281111899883,7
PIRB,-0.6228978308176669,7
GNS,-0.6231398802312587,7
KLHDC2,-0.6231421764968891,7
CNOT8,-0.6233069873212748,7
PGK1,-0.6237412880460215,7
WFDC1,-0.623962664358606,7
TAGLN,-0.6240113824422614,7
TOR1A,-0.6244078574417913,7
CD302,-0.6244922561201981,7
TIMM17A,-0.6251570903342879,7
OTC,-0.625274460761703,7
2900009J06RIK,-0.625519096670864,6
CCL2,-0.6256236563850404,7
H2-K2,-0.6256936174139768,7
FANCL,-0.6257066639963711,7
GRTP1,-0.6258310747836349,7
BIK,-0.6258709977363219,7
GM11127,-0.6258910584182346,3
ENG,-0.6260188391360536,7
NAT8,-0.6261336247096992,7
CYP2G1,-0.6262012040852633,7
CENPF,-0.6262781570390042,7
CDK4,-0.6263047862990394,7
ACSS2,-0.6264185428781064,7
AI182371,-0.626940594884334,7
RAB34,-0.6271475102693724,7
TEX264,-0.6272957184312161,7
NDUFA1,-0.627462216904851,7
TM2D2,-0.627482983592957,7
ATP5F1A,-0.6275047236581567,3
GM13611,-0.6275761899617432,5
ERGIC3,-0.6279074150976497,7
GM9755,-0.6280428679754692,7
RIC3,-0.6280952252360786,7
OR51E1,-0.6281492699585921,2
ARB2A,-0.6282276820449207,3
CNPY2,-0.6284215392761612,7
NXPE1-PS,-0.6284451669549789,5
CLEC2F,-0.62845934586606,2
LTBP2,-0.6284714971322372,7
SINHCAF,-0.6288063532779641,7
MIF,-0.6288555224476164,7
1810030O07RIK,-0.6288699861654452,7
GINS2,-0.6288723827938172,7
GM19585,-0.6290570974379034,6
TNFRSF14,-0.6291137536196778,7
GCSAM,-0.6291942651154847,6
AGTR1A,-0.6292004497589322,7
C9,-0.6294840705576504,7
PSMB1,-0.629491343240972,7
RUNDC3A,-0.6295037905923515,7
IL10RA,-0.629586469327436,7
SP3OS,-0.6296219200111273,3
POLR2K,-0.6297165752845485,7
ELAPOR2,-0.6299485991983234,7
TMEM223,-0.6299978282092856,7
ARRDC4,-0.6302720020395094,7
RGS13,-0.6302876279592429,4
KCNK10,-0.6303197682869691,7
KCNJ5,-0.6303888097562891,6
VEGFB,-0.6304317726749781,7
RGS7BP,-0.6305471948906669,7
4933412E12RIK,-0.630570918577933,7
ADGRA2,-0.6306283007462401,7
VNN3,-0.6306556828915996,7
YPEL3,-0.6308023438307456,7
IGF2R,-0.6313920610602725,7
MMP2,-0.6316614458233997,7
TEX54,-0.631674413434261,2
TXNRD2,-0.6320053916627815,7
PTPRC,-0.6320757002260101,7
MRGPRF,-0.6322959309527312,7
ALDH4A1,-0.6325426429978994,7
EIF3E,-0.6325763550711223,7
GM22513,-0.6325843470635728,3
RGN,-0.6328621467281934,7
LOC115486416,-0.6328882656741367,3
C1QC,-0.63299777008025,7
TRBV4,-0.6332517916726758,4
MUP21,-0.6333392718019137,7
CYP2D9,-0.6334783549415407,7
SLC16A3,-0.6335092878868792,7
AIFM1,-0.633581324105522,7
H2AZ2,-0.633759094691053,7
RMDN1,-0.6337810784452191,7
UQCR10,-0.6338049133274433,7
YBEY,-0.6340581364675623,7
KBTBD11,-0.6340974188890308,7
CCS,-0.6341220693442693,7
D130020L05RIK,-0.6344710062983607,7
RNY3,-0.634805446739506,5
SPI1,-0.6349537689580317,7
ZFP787,-0.6350815573480559,7
RPA2,-0.635135324468159,7
RPL38,-0.6351862267061597,7
GM31645,-0.6355803020401752,3
SCN2A,-0.6358606203263018,6
DERL1,-0.6361008291293414,7
TXNDC17,-0.6362646918557269,7
CTRB1,-0.6368111439741213,4
ZFP660,-0.6368452017268232,6
DSC2,-0.6370287673119225,7
IGHV1-47,-0.6371226075488409,3
COX14,-0.6374777814426099,7
FGL2,-0.6378450032427126,7
PRDX6,-0.6379581656813708,7
CCDC80,-0.638026269732557,7
IGKV6-20,-0.6385098945223989,4
DUSP28,-0.6391059741096484,7
POLR3H,-0.6391464329572899,7
METRNL,-0.639492455863573,7
PCDH7,-0.6396137017922097,7
GPR34,-0.6396274664866758,6
TUSC3,-0.639644157150609,4
CYP2A5,-0.639702614799828,7
CARHSP1,-0.6397977519730468,7
GM20522,-0.639851276608723,6
GM23971,-0.6398736226018232,3
MAF1,-0.6402762009110363,7
ITGB2,-0.6405182840488275,7
CYP3A57,-0.6405457108369297,5
SRGN,-0.6408894467564628,7
MRPS18A,-0.6410236456306168,7
4930562F07RIK,-0.6417561460843151,2
GM17634,-0.6417853878493975,7
A930033H14RIK,-0.6420101180490685,7
P2RY10B,-0.642242117520967,7
IGKV1-133,-0.6422476492632265,3
PPARA,-0.642284723587391,7
TMBIM6,-0.6423322517400301,7
RND2,-0.6425362395393412,7
MYH11,-0.6425889983646317,7
CPA1,-0.6427584823613763,4
MLYCD,-0.642780893276725,7
COX4I1,-0.6430393634937019,7
DPM3,-0.6432634939197548,7
NGEF,-0.6433495867852307,7
RASSF7,-0.6434330841598108,7
PTGER4,-0.6434598318913439,7
ADGRV1,-0.6436636686386191,7
TRIM36,-0.6437829519693992,7
CIAO3,-0.6440651704435175,7
C1D,-0.6441575699733518,7
STN1,-0.6442979142433097,7
DYNC2I2,-0.6443554504556563,6
TOMM7,-0.6446543614093609,7
TMPRSS6,-0.6450655935290676,7
ADRA2B,-0.6450794356183123,7
FPR2,-0.6451809340636647,7
TLR2,-0.645823897547133,7
FLRT2,-0.6459362706901519,7
GBP2,-0.6461524598799507,7
PPIA,-0.6462729107567436,7
IFT70B,-0.6465606650900964,3
GM23991,-0.6467579336398784,4
ARHGEF4,-0.6469150983756149,6
CXCL9,-0.647155439078123,7
BLNK,-0.6473012002807467,7
ATP6V0E,-0.6474663003893736,7
CD19,-0.647708506538592,7
PBLD1,-0.6477104772752343,7
ZYX,-0.6477888494327714,7
MUP11,-0.6480062007574758,7
SNRPG,-0.6480446664436131,7
TMEM60,-0.6483824400677426,7
ITM2A,-0.6485794060451618,7
ATP8B2,-0.6487104270205416,7
CTBS,-0.6487624283228363,7
SLAMF7,-0.648928488331357,7
TINCR,-0.6489648608014239,7
MILR1,-0.6489972305395206,7
EOLA1,-0.6490129197261457,7
TMEM25,-0.6492405389146346,7
ADGRG3,-0.649328495786042,7
SNORA78,-0.6494602258415249,6
B4GAT1,-0.6496148857352895,7
UQCRC1,-0.6496547002734105,7
SEMA6A,-0.6497095543312791,7
SDR16C5,-0.6498697539865219,5
STX12,-0.6501205362029893,7
WLS,-0.6503987557841765,7
ASTN2,-0.6504349189365454,7
GM15793,-0.6504943353639596,2
ATP23,-0.6510499121833375,7
COX6B1,-0.6512270631346562,7
OSBPL9,-0.6514591969263134,7
H4C6,-0.6515770918147344,5
2010308F09RIK,-0.651626627289055,6
LINGO4,-0.6516792263151306,7
NME3,-0.6517381094141175,7
IKBIP,-0.6519177752537146,7
FGD2,-0.6519865546874056,7
DERA,-0.6520720280421282,7
5530601H04RIK,-0.6522078050831802,7
TRAPPC2B,-0.6524426010064307,3
VASP,-0.6526018422939419,7
G6PC,-0.6528776333921821,4
VSIG4,-0.6532195680664097,7
ERLEC1,-0.653246470844185,7
GTF3A,-0.6535456403397879,7
EVI2A,-0.6536366573473928,7
IL27RA,-0.6538416215320667,7
ACSBG1,-0.6539644913349973,6
EPHX3,-0.6540505972767318,6
CYBA,-0.6540838190384534,7
ALDOC,-0.6543215074175132,7
CPSF4L,-0.6544674725589539,7
ORM1,-0.6545048341861535,7
SEC61G,-0.6548385610215012,7
SESN1,-0.6549137997071458,7
DGAT1,-0.6556099869861566,7
FCGR3,-0.6558472646823389,7
CALHM2,-0.6564362639398987,7
IGHA,-0.6566448056408402,7
H2AC20,-0.656995665274414,6
AARD,-0.6570453748690459,7
HACD3,-0.657086137461378,7
TPPP2,-0.6572327925729309,3
TFPI,-0.6574746826524066,7
RPS27A-PS2,-0.65801563088451,7
GM26003,-0.6582075994241248,5
GM19461,-0.6582307341983689,6
P3H4,-0.6587416577953519,7
RNF130,-0.6587646165191813,7
ADIPOQ,-0.6589259171247891,6
IQGAP3,-0.6590520430739696,7
CYP4V3,-0.6592139667533828,7
KLHL24,-0.6593540374328074,7
RAET1A|RAET1B|RAET1C|RAET1D,-0.659546151198288,6
TMEM50B,-0.6596977110133398,7
AOAH,-0.6597108126312315,7
GM14718,-0.6600008195495043,2
PANK1,-0.6600565217658888,7
EEF1AKMT1,-0.6601044438318288,7
MRPL12,-0.6602894385203768,7
P2RX4,-0.6602988193856476,7
PMP22,-0.6604755268680568,7
SLCO2B1,-0.6604929345245917,7
H2-DMB1,-0.6607998974872705,7
MAT2A,-0.6611057338919709,7
SPTSSB,-0.6613501956496782,6
RPS23RG1,-0.6613894127620675,7
GSTZ1,-0.6614494059313442,7
TAX1BP3,-0.661471733367005,7
RBFA,-0.6615818646269667,7
ALTRE,-0.6616041082827485,3
AGXT2,-0.6617781732855468,7
AK4,-0.6618221875304255,7
SMIM4,-0.6619908727412628,4
GET1,-0.6623084955681859,7
SELENOO,-0.6626666510710549,7
BMP2K,-0.6627393390397882,7
D5ERTD605E,-0.6628208638993162,6
RPS6-PS4,-0.662934811942183,7
IFI214,-0.663340359228456,6
TRBC2,-0.6635909206192624,7
GZMA,-0.6639713050355092,7
MRPL28,-0.6643100990947638,7
RPL27A,-0.664310910299436,7
TEX261,-0.6643501733360724,7
CXCR3,-0.6645921104356972,7
NRIP3,-0.6647751035484668,6
GMFG,-0.6648081218998732,7
ZFP874B,-0.6650957618339651,7
IGKV6-32,-0.6651660201529713,6
CD63,-0.6652358151746389,7
APOA2,-0.6652757803502751,7
GM12718,-0.6653345043942369,5
TRAF3IP3,-0.6653522597558966,7
CD300C2,-0.6653680709462032,7
SNORA7A,-0.6655885772768425,5
MBL2,-0.6657470303139436,7
ACOT13,-0.665849545796129,7
ELOVL4,-0.6658513006834412,6
H3C6,-0.6659796269833872,7
2310034O05RIK,-0.6660852485524636,7
VLDLR,-0.6660873722416071,7
PLVAP,-0.6662537689915825,7
PILRA,-0.6667778803947887,7
GLRA3,-0.6667957869373035,5
TNFRSF13B,-0.6670877866739541,7
MYO7B,-0.6671484531273705,6
GM4211,-0.6672222523422906,2
TSPO,-0.6673752043930445,7
IFI209,-0.6674612608792098,7
GM16124,-0.6676185747538037,3
FAM151B,-0.6676980612369674,7
ZFP37,-0.668081870644717,7
GM22270,-0.6681989229594799,6
SERPINA5,-0.6682707905494544,6
RPS16,-0.6683697484998914,7
CTLA2B,-0.6687124730159445,7
GM22489,-0.6689208485669327,4
IGKV1-135,-0.6690655691722297,6
GM17597,-0.6690964545974873,7
SPR,-0.6691745253104416,7
PLA2G2D,-0.6692207670260192,6
RPL27,-0.6697088702157428,7
SPINK5,-0.6697253925842755,7
GOLT1A,-0.6697803166107524,7
B3GALNT1,-0.6699133950686453,7
F13B,-0.6699287909255025,7
GM22362,-0.6702277868260611,5
SEPTIN10,-0.6706053442717786,7
LYL1,-0.6709933727183123,7
PPP1CC|PPP1CCB,-0.6711193848578341,6
PEX16,-0.671199213604474,7
GABARAP,-0.6712344155286046,7
UGP2,-0.6712941608738784,7
CCL9,-0.6713854281288132,7
SNORD47,-0.6717930780839069,6
CLEC4N,-0.6717977471714688,7
SERPINB8,-0.6720826545693449,7
SLC36A4,-0.6721811135815932,7
SHF,-0.6722543340726161,7
CRISP3,-0.6723337661551918,4
NDUFV1,-0.6724741927704312,7
SLC43A1,-0.6724744644814462,7
LAMA2,-0.6725993113244557,7
GM7019,-0.6726107219346449,4
CRY2,-0.672704796515787,7
CFP,-0.6728514634497229,7
RACGAP1,-0.6730930461892186,7
PROS1,-0.673153448145575,7
GM12009,-0.6732448586382026,2
COX7B,-0.6733694495876895,7
AGAP2,-0.6735187114233173,7
FCMR,-0.6739985575713112,7
EEF1D,-0.6740253763274872,7
ADAM15,-0.6741653563698532,7
GM25394,-0.6742152590224579,5
ASNSD1,-0.6744355580419842,7
RPL12,-0.6749734458663953,7
ABCG3,-0.6751514846109918,7
NDFIP1,-0.675408236523486,7
THEMIS2,-0.6755568730327787,7
VWF,-0.6756846059640738,7
RPL17-PS4,-0.6757422406911529,6
RPL7,-0.6759665047750412,7
EEF1A1-PS1,-0.6762753404366886,4
PTPRO,-0.6763598386784414,7
TOMM20,-0.676430164642292,7
CCDC28A,-0.6765575213690791,7
SKIC2,-0.6767702341352395,3
NIPSNAP3B,-0.6773943488431904,7
2610035D17RIK|GM57578,-0.6774650167118318,3
SLC35F5,-0.6776624214871187,7
2410022M11RIK,-0.6777374360549989,7
CSF2RB2,-0.6778803878217227,7
SEPTIN4,-0.6779012519745194,7
CD80,-0.6780594772908649,7
RPL17,-0.678161580944117,7
COLGALT1,-0.6785643153022827,7
SPOCK3,-0.6786210627714446,6
SLC1A2,-0.6790410020968203,7
TMEM147,-0.6791583944346294,7
GM40923,-0.6791984585952626,2
VCAN,-0.6793026579515692,6
GM14139,-0.6793742710293543,3
RPL19,-0.6794659059020277,7
MFGE8,-0.6797854331467288,7
GM22154,-0.6798199803981788,5
CENPL,-0.67998768588667,7
EIF4A2,-0.6810021506715652,7
CHSY1,-0.6810579168726348,7
ADH5,-0.6814343590364319,7
MAGED2,-0.6815583820840151,7
GUK1,-0.6820458230540046,7
TESMIN,-0.6821044269022274,7
AMBP,-0.6824569779717046,7
CLDN4,-0.6824884481847228,6
RAMP2,-0.6826822272467022,7
C6,-0.683013281822108,7
TTC30B,-0.6830262970769881,4
RNF4,-0.6834112630709684,7
GM10288,-0.683479181144638,7
TMEM42,-0.6834813601018924,7
CUTC,-0.6837781694667411,7
ABCG1,-0.6838669460770267,7
FUT4,-0.6842629321154899,7
NFE2L2,-0.6843077587171631,7
ZFP850,-0.6845885213980908,7
2310010J17RIK,-0.6850043987022713,7
NOX4,-0.6856263365027403,7
CPD,-0.6857008622511866,7
GM4925,-0.6860621127714649,6
ZFP1008,-0.6863019827990678,3
2310011J03RIK,-0.6863163043406475,7
APOA5,-0.6863759490721905,7
ME2,-0.6864320395877275,7
GM14410,-0.6865356905965524,7
TRIM25,-0.6865695605545546,7
NGB,-0.6866119628892717,7
IL12B,-0.6866666299100966,6
MTARC2,-0.6868219899077699,7
IGFBP3,-0.6871703795872894,7
ATP6V0B,-0.6874044776334004,7
PLPP2,-0.6875371476217582,7
LYN,-0.687572181560211,7
ADGRE5,-0.6877689618636174,7
MGL2,-0.6878803286641035,7
CYP2J6,-0.6878868837427745,7
GAMT,-0.6879174172751359,7
CNMD,-0.6881479328322396,7
SNORA17,-0.6882609606932665,5
WDR73,-0.68842257909266,7
MRPL48,-0.6886062412708076,7
BLOC1S1,-0.6886292878112481,7
TMEM9B,-0.6893295068184297,7
PROCR,-0.6893339458694957,7
MUP9,-0.6893749370060068,7
AP4S1,-0.6895691531977864,7
PCDHB9,-0.6901535779356666,6
GM5809,-0.6903581721773147,5
FAXDC2,-0.690404932655569,2
COPS5,-0.6905749378159945,7
HINT2,-0.6905792254797148,7
COMMD3,-0.690683330930998,7
LGALS3,-0.6909765697106645,7
SELENOF,-0.6910688497705398,7
TRIB3,-0.6910842144743538,7
SNN,-0.6914588613450304,7
CCL21A,-0.6915581016642519,7
CHCHD1,-0.6918086787249512,7
SUB1,-0.6923693642366742,7
MSR1,-0.6928328729587846,7
SULT2A6,-0.6929248188291726,4
H2AZ1,-0.6930862930956144,7
HYI,-0.6933728088812156,7
POLR2L,-0.693486347565068,7
RNY1,-0.6935377374721532,5
HSD17B8,-0.6935564676927358,3
GALK1,-0.6936980846361517,7
RGS16,-0.6950030129887288,7
IL2RB,-0.6953217712683192,7
PHF11A,-0.6954387370311256,7
H2-Q6,-0.6955107064472755,7
ZAP70,-0.6960591621459177,7
GSN,-0.6962284542933911,7
CHCHD2,-0.6964427759181863,7
ATP5J2,-0.6965449195345639,4
LAGE3,-0.6965650918631466,7
NLRC4,-0.6966238198514425,7
UQCR11,-0.696878444173986,7
POSTN,-0.6969924055111881,7
TNFSF8,-0.6972102582783043,6
FAM189B,-0.6974139035635671,4
IL6,-0.6975793013078309,6
CYGB,-0.6977391446361833,7
GM24233,-0.6980978436433833,6
CCDC62,-0.698195252341355,7
SLC43A3,-0.6982437076942364,7
DDB1,-0.698452445417809,7
KHK,-0.6985501235784274,7
TMSB15L,-0.698551305859026,7
NDUFC1,-0.6986864644845812,7
GAS5,-0.6987132493885225,7
GM826,-0.6988064204958289,4
COMMD8,-0.698811595060671,7
ARL14EPL,-0.6990107171341563,3
MS4A7,-0.6991735044018709,7
PEX19,-0.6992122929860874,7
SNHG8,-0.6993859503067849,7
SLC37A2,-0.7000286228440327,7
CCNB2,-0.7000392155477339,7
2610035D17RIK,-0.7003686739462215,4
SLC5A2,-0.7003928898365537,4
TMT1A,-0.7009372689593465,3
H2AC18,-0.7010485834977238,5
ADPRM,-0.7012144374729816,7
BEX6,-0.7014644654571325,4
ARHGAP9,-0.7016736181380213,7
RPL3-PS1,-0.7017408122231811,7
PAIP2,-0.7018112956808659,7
IYD,-0.7020316554426259,7
CD37,-0.7020452616195839,7
BLOC1S2,-0.7021014139242228,7
TNFRSF13C,-0.7021591114692395,6
DOLK,-0.7022216952292702,7
PLK2,-0.702340556732065,7
GM25791,-0.7023836925204767,4
LIPO3,-0.7025782855658117,7
LY9,-0.7026198757405959,7
SAPCD1,-0.7028617178531552,6
COX5B,-0.7030966298016127,7
TCP11L2,-0.7031440436576835,7
ARPC4,-0.703300278364421,7
GM5113,-0.7033084468600699,7
SYT9,-0.7034485899397298,7
ADGRE1,-0.7035270348949565,7
GM23245,-0.7037619902095649,5
NAB2,-0.7038310151489658,7
PER1,-0.7038527787842275,7
MICOS13,-0.703899634527687,7
MS4A1,-0.7042410632921087,7
1110065P20RIK,-0.7043951053061628,7
VEGFC,-0.7044650895389648,7
PROC,-0.7046048901456571,7
RSAD1,-0.7046838433431754,7
SFXN3,-0.7046906722282669,7
SNHG1,-0.7047657298881488,4
PXDN,-0.7048029573402644,7
NAT9,-0.7049310323333456,7
TMUB2,-0.7053431486020926,7
IMMP1L,-0.705618849276974,7
ARHGAP27,-0.7063609670190062,7
PYCARD,-0.7064214527949539,7
KLRK1,-0.706435685688074,7
FMC1,-0.706656488628476,7
SLC19A2,-0.7066643683085001,7
H2BC13,-0.7069608472408676,6
AMPH,-0.7073146782833996,6
MPDU1,-0.7074272658119464,7
ATP6AP1,-0.7077387472642662,7
TINAG,-0.7081093855709191,6
RTN4,-0.7081149769555745,7
2410004I01RIK,-0.7082872840482011,4
2610020C07RIK,-0.7084297349722031,2
MYL6,-0.708613660776605,7
SYTL1,-0.7101135597794385,7
TK1,-0.7101332984432226,7
CMTM7,-0.7104438635509042,7
9030622O22RIK,-0.710578453253818,3
LYZ2,-0.7105970856033789,7
MKI67,-0.710641013713005,7
RPSA-PS10,-0.7107183925773256,7
LRRC75B,-0.710949517415849,7
COX6C,-0.7110455221275512,7
PLD6,-0.7111114627464463,7
SLFN2,-0.7113584681685001,7
FIS1,-0.7123031036046784,7
CLEC7A,-0.7125432250890275,7
TMEM179B,-0.7129016717585133,7
RPS18-PS6,-0.713265108231357,7
GPR180,-0.7133753741069766,7
ACAA1A,-0.713678006284732,7
GM21188,-0.7139169844580824,4
SNX20,-0.7140568847206306,7
CDC42EP2,-0.7140916713701866,7
TIFA,-0.7140954604864772,7
TGM3,-0.7143386101099118,5
ECSCR,-0.7143547109561438,7
VPS29,-0.7143634469260471,7
TRGV1,-0.7144642268740821,3
AMY2A4,-0.7147613461143455,3
AMY2A3,-0.7147613461143455,3
AMY2A2,-0.7147613461143455,3
SFT2D2,-0.7150925425530711,7
ADCYAP1R1,-0.7152961551449973,7
CLDN18,-0.7153652781596603,3
TMEM126B,-0.7155922043464955,7
HMGB2,-0.7157659786057475,7
SLC18A2,-0.7161666607190398,7
TSPAN4,-0.7165087528714376,7
AQP1,-0.7168527663200088,7
ALDH1B1,-0.7169762882565316,7
KLHL4,-0.7170518476879136,7
SMIM22,-0.7170709109256597,7
HAUS1,-0.717205006824137,7
WAS,-0.7175494810458594,7
SLCO1A8,-0.717614501755073,2
PDGFRA,-0.7176679688663514,7
TNXB,-0.7176924394784525,7
FAM76A,-0.7179403583027099,7
MORF4L1|MORF4L1B,-0.7183659519361579,6
MXD3,-0.7183852920249244,6
ATP5MD|GM35857,-0.7184495170185535,3
STBD1,-0.718972861872864,7
LYPD6,-0.7193815959607716,7
LSM5,-0.7196063290932679,7
2010310C07RIK,-0.7196978726879291,6
ILK,-0.720098231619476,7
ABCB1A,-0.720273662317965,7
FUNDC2,-0.7203293064152299,7
MMP27,-0.7203852167880822,7
SLC39A4,-0.7205589298533397,7
TOP2A,-0.7205763009112403,7
IKZF3,-0.7207369583822939,7
C2CD6,-0.7211914047683993,2
CSF2RB,-0.7217325495460667,7
SNORD82,-0.7218042704622564,3
LANCL1,-0.7225094163574753,7
NLGN3,-0.7226518672852293,6
F3,-0.7227475362880644,7
TK2,-0.7227491288575993,7
GM25939,-0.7228609826609801,2
CHST14,-0.7229553676184164,7
SP5,-0.7235327289947809,7
PCDHGC4,-0.7238084632976723,7
CPT1A,-0.7238149014786036,7
ITGA2B,-0.7240055128191342,7
SLC2A12,-0.7240524233938225,6
RPL15-PS3,-0.7241019348386428,7
RPL29,-0.7241129501799184,7
TXNDC16,-0.7250377573822765,7
IER3IP1,-0.7251443661383615,7
IKZF1,-0.7251874902626216,7
DMAC1,-0.7254094971572735,7
BLK,-0.7254171859037021,6
COQ10B,-0.7254938535135684,7
TPT1,-0.725516722975829,7
IFITM6,-0.7256136695403993,7
D730003I15RIK,-0.7261387639006212,3
SLFN5,-0.7261496299905495,7
ANGPT2,-0.7262050783466875,7
SERTAD1,-0.7264865744457056,7
EPSTI1,-0.7267887210767244,7
ELL3,-0.7268951595401351,7
2310001H17RIK,-0.7271877152501679,7
IGSF6,-0.7273789219150635,7
SNRNP25,-0.7274899088300683,7
GM25890,-0.7276151328469993,2
HSD11B1,-0.7277372515342336,7
GREM1,-0.7281192107875147,5
RPL22L1,-0.7281716595740287,7
GM6710,-0.7284043141616311,7
NUDT7,-0.728406373038642,7
RPL36A,-0.7284545406055981,7
MIR686,-0.7285319160134414,3
OAF,-0.7287662993823404,7
DPY30,-0.7288440064436994,7
ARMCX2,-0.729036587310021,7
UGCG,-0.7291480930959191,7
GLYAT,-0.7292441016525328,7
FHIP2A,-0.7295277484658512,6
KLRA4|KLRA18,-0.7296354254680822,3
COX7A2L,-0.7299670524867415,7
MALSU1,-0.7299949863026673,7
GGTA1,-0.7300858121992221,7
CLDN5,-0.7304457795033314,7
FSBP,-0.7305137683081939,7
FCGR4,-0.7309045172780498,7
HCST,-0.7309561919171493,7
LAMA3,-0.7311551322579309,7
LAMB1,-0.7312587598588237,7
F730311O21RIK,-0.7314031844928585,3
NME7,-0.7314156765187603,7
IL1A,-0.731424374778477,7
TRIM35,-0.7319331932468235,7
MME,-0.7319332107580785,7
LST1,-0.7320489216385602,7
H2BU2,-0.7320929587071169,4
1810044D09RIK,-0.7323142767822154,7
ATP5MPL,-0.7326372077910245,4
TAFAZZIN,-0.7327599481100714,6
BST2,-0.7328468563947591,7
RPL35,-0.7328603337107185,7
SPARC,-0.733077531794965,7
THOC7,-0.7333820946647274,7
NAT8F1,-0.7337176773486951,7
ATP5IF1,-0.7340577583262338,3
MGP,-0.7342446363821028,7
GNL1,-0.7343591005606201,7
CLEC4A2,-0.7344740672453945,7
PEX11B,-0.7344744666405939,7
CSTDC4,-0.7344779693644116,6
SLC17A5,-0.7351063853815838,7
RPS23-PS1,-0.7353440170066529,7
SCGB1A1,-0.7354772472051394,3
ASPG,-0.7357041505898528,7
ARHGDIB,-0.7366796374130224,7
CDC20,-0.7367416074106855,7
GM14325,-0.7379571439345618,7
ATP1B3,-0.73854378649644,7
ATP5K,-0.7387882433191576,4
H4C3,-0.7390648318775245,7
FAM180A,-0.7391307839050761,7
IGFBP4,-0.7392182780095075,7
PSMG2,-0.739333228593817,7
SULT2A2,-0.739463914902267,6
PRR5L,-0.7397982776437687,7
CD5L,-0.7401676729006129,7
KLRD1,-0.7403090853786948,6
GRAMD2,-0.7403402489079747,4
CNR2,-0.7405431029760438,7
CD68,-0.7406799530129877,7
GHR,-0.7410128685334593,7
TM7SF3,-0.741025246155066,7
GNPAT,-0.7410870841446052,7
CD200,-0.7414391375671278,7
ANXA1,-0.7415113068711675,7
ADAMTS8,-0.74168273681447,6
TMEM216,-0.7417828035973482,7
SNX14,-0.7420714560136901,7
BCL2A1B,-0.7421642868931919,7
C2CD4D,-0.742266228772456,7
GALK2,-0.7423590044675287,7
S100A4,-0.7423763657872617,7
AI506816,-0.7425462448723039,4
TRF,-0.742635045591772,7
TIE1,-0.7428733884222689,7
SLC27A5,-0.7432613427233673,7
IGKV8-28,-0.7438554819303732,5
CASP6,-0.7447735859818643,7
YPEL5,-0.7450351213659335,7
FBLN7,-0.7450442376160588,7
TDP2,-0.7452237915160858,7
4933434E20RIK,-0.745333647665736,7
BGN,-0.7462681013830216,7
CLDN23,-0.7465643519322542,6
RPS11,-0.7466680572160199,7
SLC4A9,-0.7470454049423407,7
SHLD1,-0.7471911603014204,7
SERPINA3G,-0.7473140280117406,7
GM35279,-0.7473239464494104,4
A930001A20RIK,-0.7474570295938043,5
ANAPC15,-0.7475092231069692,7
MMP11,-0.7475288648289451,7
BOK,-0.7479000875751324,7
GM26165,-0.7479071124929302,5
ICAM2,-0.7479403092852877,7
MKNK2,-0.7479564243979702,7
RTN4R,-0.7482935172649166,4
SPN,-0.7489849736170584,7
HEPH,-0.7492323453339204,7
2310009B15RIK,-0.749294177672667,7
METTL7A1,-0.7497952852595663,4
CTSH,-0.7501818684252977,7
PRDX3,-0.7502531917357294,7
RPL36,-0.7503284018326936,7
TRAV11D,-0.7506095292773756,6
H1F5,-0.7510035248618113,5
FCRL1,-0.7510150560058462,7
5830428M24RIK,-0.7511460148510828,6
LIMD2,-0.7511530933427261,7
RDH12,-0.7512471735773104,6
SYNGR2,-0.7519293839535512,7
GM24698,-0.7521968467133128,4
GNPTG,-0.7523138722117756,7
CPXM1,-0.7527691281447849,7
LNX1,-0.753280092022168,7
HAT1,-0.7534768288932069,7
MAP6,-0.7536649439430411,6
PLD4,-0.7538063670245536,7
SERTAD3,-0.7539518391692254,7
ELOVL6,-0.7539547766191703,7
TMSB15B2,-0.7542404064096736,6
MGST2,-0.7543664511904615,6
ATP5G1,-0.7544463937484335,4
H2-T-PS,-0.7545368261172773,7
LAMA1,-0.7547764780315659,7
HSBP1,-0.7548396105111046,7
STMP1,-0.7550716847005217,3
GM12166,-0.7553720621822304,4
CGRRF1,-0.7556410809825059,7
LY6G2,-0.7558098595844849,7
SLC6A12,-0.7560341143043203,7
VPS45,-0.7560684627384976,7
GUSB,-0.7565944215659417,7
NADSYN1,-0.7566651930875026,7
NDUFB9,-0.7568551388204207,7
GPRC5C,-0.7578194820050932,7
ATP5PO,-0.758666078404428,3
RELN,-0.758694440003632,7
GM11992,-0.7588258258659842,7
SLC38A4,-0.7589531039073256,7
4930523C07RIK,-0.7591553667797047,7
NOXRED1,-0.7592141416576246,7
RPS18,-0.7592468917165361,7
ADGRL4,-0.7592972103363366,7
CPQ,-0.7594474697901274,7
CD83,-0.7594734471828526,7
BTK,-0.7594795987298764,7
PTH1R,-0.7599172872322676,7
EPB41L4AOS,-0.760425857678541,7
FAM171A1,-0.760427750447462,7
TNFRSF11B,-0.7604722954392076,7
TRAPPC2L,-0.7618909494356166,7
TMBIM4,-0.7619515533887042,7
MRPL52,-0.7620910579444864,7
URM1,-0.7623080743527048,7
HTRA1,-0.7623400873383385,7
GM43568,-0.7627592663999156,4
SERPINA3L-PS,-0.7628881807957371,2
UBE2H,-0.7628884533902733,7
GPR108,-0.7631009077535945,7
CAV2,-0.7632518533753995,7
ACPP,-0.7639604816141536,4
TEFM,-0.7642253503895071,7
CASTOR1,-0.7643364579445154,7
RER1,-0.7643972484747962,7
CYP7B1,-0.7644651525994546,7
ATP5H,-0.7645137862003265,4
RPL9-PS6,-0.7647700690587075,7
DISP2,-0.7648192607328432,7
GNG2,-0.7651774852158556,7
CYP3A59,-0.7652101109307073,7
TBC1D10A,-0.7654141742311723,7
FAT4,-0.7655664143674928,7
CLEC12A,-0.7656056672399385,7
RPS2,-0.765612763252193,7
CYC1,-0.7658663430053808,7
PI15,-0.7660060934356764,6
GSTT2,-0.7661582733523353,7
BRDT,-0.7664522350279752,7
SLC25A28,-0.7669749772197979,7
IGLC3,-0.7671321024602619,6
ROBO4,-0.7674850434933986,7
GM26493,-0.7677137373216587,5
WFDC17,-0.7678517213000078,7
SDCBP2,-0.7678603916506678,6
IFI44L,-0.7681570363987221,3
CNPPD1,-0.7682540621666055,7
C730014E05RIK,-0.7683489476216828,7
PZP,-0.768658934978283,7
FCF1,-0.7687191510022758,7
RPS6,-0.7687322112060558,7
F11R,-0.7689067508600018,7
ZFP395,-0.7704230739335945,7
2810001A02RIK,-0.7707522120532552,3
GATM,-0.7709094356101567,7
EMC3,-0.7710410208275277,7
FCER2A,-0.7711055285322134,6
ABHD14B,-0.7711855509037573,7
RASA3,-0.7712633940841326,7
PPHLN1-PS1,-0.7712853859733179,3
BCL2L14,-0.7714678256058379,7
PXMP2,-0.7718982984344317,7
OR7D10,-0.7723017977690514,3
RPL23A|GM46442,-0.773357089227205,6
MR1,-0.7733930938553246,7
IGKV4-80,-0.7733980344281943,5
LY86,-0.7734082446710097,7
H2BC11,-0.7735214022939018,6
IQCB1,-0.773566186637518,7
DNASE2B,-0.7737246593143878,7
H2-M3,-0.7743744234842505,7
RPL7A,-0.774544389885791,7
SNORA16A,-0.7745652265259839,5
NDUFB6,-0.7746576124126069,7
CSRP2,-0.7747180137710189,7
UPP2,-0.7748199901573097,7
PKLR,-0.7749463398020994,7
FCRLA,-0.7750586869446586,7
QDPR,-0.775557811700774,7
EIF3I,-0.7756388550719783,7
H2BC22,-0.7756803508663056,5
RPL13A,-0.7760198232436314,7
HMCN1,-0.7761452833317914,7
LIX1L,-0.7761717141822334,7
FBXL21,-0.7761845733396041,7
GUCY1B1,-0.7762138437598308,7
CBWD1,-0.7764547424307,4
SUV39H1,-0.7767414177281637,7
CD82,-0.7770292037494283,7
CES2G,-0.7771726770538765,7
HSD17B6,-0.7771824157187346,7
PLBD1,-0.7777704303924622,7
NCAM1,-0.7785570346621286,6
STAB2,-0.7788134283379989,7
FBXL4,-0.7789180450587969,7
NDUFA6,-0.7790444901621322,7
DLG2,-0.7791108908936181,7
ERLIN1,-0.77940498713285,7
9030616G12RIK,-0.7797254037818014,7
SLC6A19,-0.7797936418199427,6
0610009B22RIK,-0.779927231477991,4
RPL23,-0.7799591267789702,7
EAR2,-0.7807216731463579,7
CYP3A61-PS1,-0.7808452383483114,2
SERPINA11,-0.7812851183423852,7
GNAT1,-0.7812989277806418,7
GM5424,-0.7814448529708964,7
RASL2-9,-0.7814538231266811,7
FXYD5,-0.7816013146064859,7
INHCA,-0.7819370715616341,6
FAM126A,-0.7820747760230796,4
HEBP1,-0.7823552309078554,7
GM23547,-0.7834285150373831,5
IGKV5-48,-0.7835852175625524,5
NAAA,-0.7838399718890017,7
LDLR,-0.7838456613940444,7
AA465934,-0.7843211115184673,7
AU020206,-0.7845699392372113,3
H2-T23,-0.7848569738205085,7
SEC61B,-0.7851641609969631,7
TVP23B,-0.7852282463546754,7
MRPL30,-0.7854625076001308,7
GRB10,-0.7860325786397347,7
GM10384,-0.7861013096105967,6
ZFAS1,-0.7865563649563997,7
FCER1G,-0.7870571232015091,7
ACAD10,-0.7872595966504282,7
IFI204,-0.787687600714113,7
ADGRG7,-0.7882775133022254,5
PAPLN,-0.7886621884299609,7
FTL1-PS2|FTL1-PS1,-0.789067958472779,3
RPS18-PS5,-0.7892580114664218,7
ARL6IP5,-0.7893744528653573,7
FGFRL1,-0.7897931824802483,7
TMEM88,-0.7898765780694708,7
TIMD2,-0.7899042948559186,7
GM36245,-0.7901054270294358,3
KCNE4,-0.790123750971473,7
VTA1,-0.790191366614587,4
GM24289,-0.7907731291971499,5
COMMD1,-0.7911109347501765,7
NXPE3,-0.7913698037599305,7
TNFRSF18,-0.791684928014433,7
LRRN3,-0.7920017618460692,7
CES2C,-0.7921571244514543,7
TIMM10,-0.7922032454642584,7
ATP5MJ,-0.7926183572615447,3
CMTM8,-0.7927048496197612,7
GRM4,-0.7934102774183812,3
TASP1,-0.793541313609628,7
ABI3BP,-0.793703651783942,7
SNORD8,-0.7937688036813019,5
MEX3B,-0.7938367603503493,7
EFEMP1,-0.7942859647721959,7
AZIN2,-0.7943565731090191,7
CREB3L3,-0.7944435458998669,7
XCL1,-0.7945203288612411,6
GM25099,-0.7946580203479003,2
NUGGC,-0.7954391089527165,5
TMEM128,-0.7962102913015258,7
SLC39A3,-0.7963600638630781,7
SPAG4,-0.7964011726170542,7
SNHG6,-0.7968666760877477,7
UNC93A,-0.7968990929006149,6
OLFM3,-0.7982769660052165,7
GALNT12,-0.7985611983771727,6
TBCA,-0.7992808197984228,7
SDF4,-0.7997428879867415,7
TRBV12-1,-0.8002916475868604,2
WFDC18,-0.8004180016398705,6
APTX,-0.8007742504143059,7
CRIP1,-0.8013456005378572,7
RAP1GAPOS,-0.8013778584612221,6
RPS3A1,-0.8020624561654734,7
MUP12,-0.8023480332523629,7
INHBE,-0.8024470521174172,7
SH2B3,-0.8026245776996832,7
RPL18,-0.802807472445261,7
RDM1,-0.8029511842516344,7
HMGN2,-0.8035541706533137,7
GALNS,-0.8036754339428891,7
RNF13,-0.8045887014228936,7
FGR,-0.8056877635387186,7
SNORD94,-0.8059040463674808,5
CLEC4F,-0.8066143854825327,7
FAM47E,-0.8066178449082129,7
GM12758,-0.8066399224583467,6
NKG7,-0.8067762141721305,7
RPL30,-0.8069460179644283,7
CADM3,-0.8075060385584906,7
TCP11L1,-0.8075955769637543,7
GLRX3,-0.8078927143853585,7
PCBD2,-0.8081111321674651,7
E230032D23RIK,-0.808197074279868,6
DCT,-0.8082309482068534,7
MFAP4,-0.8083392698934028,7
MAMDC2,-0.8084953988517667,7
CCL21F,-0.808501351761705,2
GM7609,-0.80851637707317,7
PIGP,-0.8088358479415945,7
GPX7,-0.8089495947606193,7
IGSF5,-0.8092172508236583,7
HMGN2-PS,-0.8099085253575516,6
SERPINE3,-0.8099963885430446,2
CASP16,-0.8101038085492219,6
B3GNT9,-0.8102201415721325,7
AI467606,-0.8105955249958489,7
RPS19-PS6,-0.8107215906573911,7
TSPAN7,-0.810889794681682,7
A530040E14RIK,-0.8110538297304846,5
GM11808,-0.8110602495154154,4
CRTAP,-0.8113913726337315,7
SLC39A1,-0.8122077779393796,7
MAP3K12,-0.8128537893194201,7
COPG2,-0.8129479031029739,7
KLKB1,-0.8130593408085486,7
RAB31,-0.8132081735929019,7
FABP1,-0.8132615428251372,7
ADCY4,-0.8136314502088134,7
RNF19B,-0.8143419652430818,7
P2RY10,-0.814862097181945,7
COX5A,-0.8149882651439764,7
RNASE4,-0.815292709737291,7
RIC8A,-0.8154325954090816,7
FOLR2,-0.8154551933241315,7
SDHB,-0.8155586333354766,7
IGHM,-0.8155893516124645,7
GM16548,-0.81562423757601,7
COX7A2,-0.8157390599002479,7
TMEM208,-0.8159713151733066,7
RCN2,-0.8167924670415204,7
PTAFR,-0.8168417140136095,7
RDH16F2,-0.8177105229811558,7
SDHAF4,-0.8177396993416484,7
URAH,-0.8179459356712349,7
ACAD12,-0.8190314495659985,7
SLC37A4,-0.8194589227352872,7
AZIN1,-0.8195967136576587,7
IMMP2L,-0.8196292116707699,7
SCARNA3A,-0.8198740246239251,2
SERPINA6,-0.819949450375912,7
PMAIP1,-0.8200586782223462,7
OR13A17,-0.8200921708459984,2
ADORA2B,-0.8202613113719911,5
GM10509,-0.8217555994857194,3
MXRA8,-0.8223130344461469,7
TNFSF15,-0.8225610405744911,6
GGPS1,-0.8226592449679451,7
LHFP,-0.8229585239464473,4
ACOT9,-0.8230098280282847,7
SUN2,-0.8235112972659258,7
RPS25,-0.823680304735131,7
GEMIN7,-0.8241124576810119,7
RPL24,-0.8241167352815507,7
EGFL7,-0.8243218869542535,7
HMGN1,-0.8245465982812601,7
RPN2,-0.8247396321613095,7
BCL2A1D,-0.824841619694473,7
ESAM,-0.8253010625408929,7
NT5C3,-0.8258683430901551,7
DUSP12,-0.8259424536148056,7
ZBED4-PS1,-0.8262664433243587,5
SNAI3,-0.8264164677986828,7
SERPINA1E,-0.8266406298757853,7
LSM3,-0.8266853688556475,7
SERPINF1,-0.827616795441406,7
LRRC19,-0.827635210753822,6
SAT1,-0.8278841780382962,7
PRKRA,-0.8285642018179257,7
SCARB2,-0.8286433013493794,7
HEXA,-0.8288019871810354,7
UBE2B,-0.82890192254349,7
SPTSSA,-0.8290635212312567,7
MMRN2,-0.8296070829554795,7
WSB2,-0.8302224081820805,7
NAXE,-0.8302929615167106,7
EEF1A1,-0.8315263540283648,7
PCLAF,-0.8320577052578367,7
TRBV13-2,-0.8320696622170892,6
GM26205,-0.8324023100951105,4
PAMR1,-0.8326530321670671,7
TLR4,-0.832724125868775,7
GLA,-0.8329279928738271,7
RPS3,-0.833079371374914,7
A430018G15RIK,-0.8336187676743224,6
GLIPR1,-0.8340088857050947,7
GGH,-0.8341401235218743,7
CCT4,-0.8341701818000729,7
TMTC2,-0.8343224313643217,7
POLR1D,-0.8345725738895305,7
SNORD15A,-0.8346830263003838,5
GM36738,-0.8352169845934124,7
AAMDC,-0.8352776175464883,7
DEGS1,-0.8353044180320969,7
KCNJ8,-0.8354337727679512,7
ECHS1,-0.835493132451986,7
IL1RN,-0.835675067596474,7
RNF152,-0.8357684745495881,7
EPHA1,-0.8359345047901375,7
IFNGR1,-0.8360480717397293,7
JADE1,-0.8363505174126367,7
CHRAC1,-0.8369859332650866,7
THRSP,-0.8375077155484224,7
SMIM20,-0.8375874502454568,7
NRG4,-0.837763332384051,7
RPS28,-0.8381532136159908,7
FAM174A,-0.8381728749214997,7
CLEC11A,-0.8381743535914509,7
RPSA-PS7,-0.838294342148075,6
RPS15A,-0.8387199102834911,7
1110059E24RIK,-0.8387549878708733,4
TBC1D20,-0.8388714577627431,7
SLC39A2,-0.8390910323617035,7
BIRC5,-0.8391137633054113,7
NAT8F6,-0.8392464720723483,7
GM25117,-0.8392877704492039,5
KLHL13,-0.8393642615764765,7
RFT1,-0.8396902441180611,7
YIF1B,-0.8397839224784721,7
CHCHD4,-0.8398866546335647,7
CLEC4B1,-0.8401375296514634,6
GM25989,-0.8406980025316201,2
ADCY7,-0.8409154598512608,7
RAB38,-0.8411679601183556,7
2810013P06RIK,-0.8411951063334107,7
NDUFA4,-0.8413293842642174,7
GM26708,-0.8417980239757722,2
TMEM203,-0.8419482244218741,7
COL1A1,-0.8424048556909991,7
SLN,-0.8424066765081266,4
FAM217B,-0.8426300153361297,7
TMPRSS4,-0.8429287491343318,7
ZFP277,-0.8441376910281201,7
CCR7,-0.8441704261618951,6
GM11767,-0.8442570219968638,3
PDCD6,-0.84530884453344,7
GM25541,-0.8457069272213156,5
SERPINB6B,-0.8457542350931921,7
TYROBP,-0.8460314937941205,7
ORMDL1,-0.8464825913546701,7
LAMB2,-0.8465804487263101,7
ORAI3,-0.8468431784401833,7
KLF10,-0.8470274866768116,7
MFSD4B1,-0.8484821512528633,7
GM28548,-0.8494347892020532,4
GPR18,-0.849862548429539,6
GCH1,-0.8499061224214609,7
GM10076,-0.8503233837667911,7
STUM,-0.8505397079186012,7
KNG1,-0.8506978962909738,7
RPL37RT,-0.8507600060144546,7
PLEKHO1,-0.8525339414000145,7
GTF2H5,-0.8525413282250439,7
NCEH1,-0.8528576548335097,7
GUCY2C,-0.8531544868085575,6
MPV17L,-0.8534241344823459,7
GSG1,-0.8534724788226917,3
ERMARDL2,-0.8540909401000029,3
GC,-0.854135061856015,7
USP2,-0.854174262155226,7
TMED4,-0.8548118630012888,7
TMEM106C,-0.8549036218166366,7
AK2,-0.8549849440663826,7
CDC26,-0.8557140993234901,7
LAPTM5,-0.856047815589457,7
OASL2,-0.8565265265105259,7
H2AW,-0.8565773235159457,4
NTRK1,-0.8568182691514915,7
MRPS24,-0.8570919656241504,7
AADAC,-0.8572461968370643,7
APOC3,-0.8573112088830047,7
CLEC4A3,-0.8574597781425314,7
RPL10A,-0.8579820673907602,7
ASGR1,-0.8595098980905718,7
CERS5,-0.8602866141973943,7
TXNRD3,-0.8603118984499468,7
TGTP2,-0.8604471778354272,7
ITM2C,-0.8608010311491961,7
CTSS,-0.8608415568270781,7
GM11425,-0.861227830337196,4
RPL41,-0.8614674054653344,7
FCGR1,-0.8619749625517782,7
RPS29,-0.8622222415090118,7
LAPTM4A,-0.8624022130039101,7
ADAM24,-0.8624024643798871,4
IL10RB,-0.8625088679305077,7
HECTD2OS,-0.8625353029076903,7
RBM3|RBM3-PS,-0.8629308065033755,6
RPL32,-0.8639203061580124,7
SNORD89,-0.8642471060677358,6
VTI1B,-0.8642887765824666,7
SERPINA1B,-0.8647306831416701,7
FAM136A|GM30502,-0.8651958832967005,6
RHEBL1,-0.865674045202746,7
SSPN,-0.8666661304666265,7
LAMA4,-0.8670603560192668,7
RCL1,-0.8672110434307422,7
TIMM8A1,-0.8680598604266387,7
COLEC11,-0.8680755877123545,7
GSTP3,-0.868464295972243,7
MEST,-0.868471981484532,7
CHURC1,-0.8689404071686656,7
H2-Q10,-0.8695035083821062,7
PEMT,-0.8695991757675285,7
CLSTN2,-0.8700471884666554,7
TPD52L1,-0.8700823013394471,7
LTBP4,-0.8703316031040728,7
CMTM3,-0.8708404035460824,7
RABAC1,-0.8726509897817201,7
ATP5F1E,-0.8733369968688546,3
BCL6B,-0.8744327472570289,7
AFM,-0.8749215358138134,7
ARPC1B,-0.8749349746088686,7
ANGPTL1,-0.8749912678090203,6
FGFR2,-0.8752792428905768,7
IGKV19-93,-0.8753971778577,6
UGT2A3,-0.875758091530242,7
AW551984,-0.8757778759856675,6
TMEM120A,-0.8758666580213817,7
1110046J04RIK,-0.876348668444272,6
EVI2B,-0.8763658828802955,4
SULT1B1,-0.876558484125027,7
TSPAN2,-0.877250455240494,7
TMSB4X,-0.8775388363708352,7
ECM1,-0.8776319868273259,7
MASP2,-0.8781910345088085,7
RPS24,-0.8786153930750784,7
POLG2,-0.878703170226019,7
COL6A5,-0.8796768008875023,6
FCGRT,-0.8797001373999123,7
RPL22,-0.8802909010197437,7
APH1A,-0.8805948044696894,7
NRARP,-0.8805988940025486,7
XKRX,-0.8823314313605132,6
DPT,-0.8832653070234621,7
PTS,-0.8833974692131653,7
GM1110,-0.8840827788751793,4
UNC50,-0.8841868990927397,7
BANK1,-0.8843352490596831,7
DBI,-0.8844764555786636,7
GM7435,-0.8844946249187517,2
BNIP3,-0.884881539236852,7
F7,-0.8849226683638317,7
F8,-0.8849944555170266,7
1810037I17RIK,-0.8854928229403889,7
GM24029,-0.8858213790463436,4
TM7SF2,-0.8861328288080287,7
SMIM19,-0.8863551712930436,7
MM2PR,-0.8874163847540748,7
GLRX5,-0.8875842809971556,7
GM8798,-0.8892628762301795,2
ADH7,-0.8892932318636755,7
CTDSP2,-0.8893565136807225,7
2900026A02RIK,-0.8893572393266659,7
SPATA24,-0.8894347975232424,7
GM22442,-0.8901836144556844,6
CYP17A1,-0.890390700995571,7
GPR174,-0.8904472924929981,6
RHBG,-0.8911783385110242,7
GNG10,-0.8912903120790181,7
C920021L13RIK,-0.891547100564689,7
HYAL2,-0.891577280880355,7
SNORD22,-0.8920179122202533,6
GM26330,-0.8923381653217798,4
ATP5PF,-0.8924029484049925,3
GLOD5,-0.8925474216070571,6
TERC,-0.8932810022513992,2
GPR33,-0.8947296286017302,4
EMP2,-0.8957016942492994,7
KLRI1,-0.8957552454662115,6
RBP1,-0.8960053244264535,7
TRBV31,-0.8963744202352468,4
BC028528,-0.8965208641331687,7
NSMCE1,-0.8972532960317334,7
APH1C,-0.8972535579359543,7
GPCPD1,-0.8975838431359059,7
HACD1,-0.8981226025903063,7
UFC1,-0.8995876678703026,7
CLNS1A,-0.8999551716732552,7
ATRAID,-0.9000229071808691,7
GM10516,-0.9003351524121818,7
ATP5MG,-0.9006410053787505,3
CIMIP2B,-0.9006777376841055,2
MFSD1,-0.9010093774095941,7
PCMT1,-0.9012821003382185,7
H2BC3,-0.9018328038803042,6
RPL15,-0.9020522543013342,7
GM25492,-0.9023915387896381,5
GM6136,-0.9026956322030186,7
ARMCX6,-0.9027086848827688,7
GABARAPL2,-0.902893284102624,7
FCGR2B,-0.9031336426691843,7
SLC35D2,-0.9031724739674678,7
CD79A,-0.9035875688737457,7
MRPS16,-0.9036219396772872,7
H2-AB1,-0.9037074541849413,7
CALHM6,-0.9038899829473371,7
UQCC4,-0.9041065097692923,3
UQCRH,-0.9041991466229904,7
SNORA9,-0.9043592034934944,4
FKBP7,-0.9048597152212976,7
ZNHIT3,-0.9050156753132637,7
RPL6,-0.9054001168031639,7
SASH3,-0.9057538719141706,7
GM15408,-0.9067369171360811,7
RPS21,-0.9070599494673599,7
IMP3,-0.9072172149438104,7
CD53,-0.9073838716990256,7
GM6213,-0.9078193488812069,3
VAMP3,-0.9082703703114225,7
MMRN1,-0.9090847827933733,7
RPS8|GM15501,-0.9091204154186316,6
PLIN2,-0.9096464118654152,7
LEFTY1,-0.9102553207781082,7
SFTPC,-0.9107059387837437,4
DMBT1,-0.9111020352718187,5
ISCA1,-0.9120732025520659,7
TLCD1,-0.912231437107762,7
SUSD1,-0.9133063555310771,7
RPS13,-0.9139709534312692,7
NBDY,-0.9141686113812685,7
NOP10,-0.9143214910869989,7
CBR4,-0.9143451674732671,7
ADAMTS5,-0.9145404614682686,7
RPS23,-0.9152147231832428,7
PIRA6|PIRA13,-0.915909267667414,6
ATP5MF,-0.916315668523002,3
MMD2,-0.9172165902428662,7
CORO1A,-0.9178832117447019,7
GM4332,-0.917910857508813,7
RNASE2A,-0.9179717262497917,5
FAM234A,-0.9182407674175739,7
GM19196,-0.9186440224535112,5
1110059E24RIK|GM54192,-0.9193857562525776,3
SRPX2,-0.9194423495534585,7
GRAMD2A,-0.9204795748902732,2
PLAC8,-0.9206619124900003,7
RPL9-PS4,-0.9207698585370423,7
FYB,-0.9210305461638617,4
MAT2B,-0.9210966809345206,7
ZFP560,-0.9219837008689847,7
MRPL13,-0.9232367280785926,7
POLR1H,-0.924321836827786,6
WDR27,-0.9254320908779796,7
SMPDL3A,-0.925904475780734,7
NR1D2,-0.9259907929859799,7
SMIM7,-0.926119577606185,7
YIPF3,-0.9268213086094116,7
GPD1L,-0.9274124754663635,7
NARF,-0.9276632192319144,7
CD59B,-0.928046965202905,7
KDR,-0.9301298795035162,7
CORO1B,-0.9306152416574062,7
CRYZ,-0.9307960016189172,7
MOXD1,-0.9309127178420933,5
SLC10A1,-0.9315316152653088,7
CEROX1,-0.9330826836568811,5
RPL37A,-0.9333565464452415,7
LPXN,-0.9338447649491146,7
GULO,-0.9338886793818364,7
KNG2,-0.9340137332694312,7
NMRK1,-0.9340759907053907,7
GM10175,-0.9341344852587985,7
CES1E,-0.9341615165473984,7
TOR1B,-0.9342915423274548,7
RDH9,-0.9345514689588723,7
4933416M06RIK,-0.9345901851766006,6
GPR155,-0.9349923553967898,7
CYP4B1,-0.9365307184110077,7
RPS10,-0.9372646727544379,7
IFI27L2A,-0.9377945314201946,7
SLC7A2,-0.9381246539508993,7
NDUFS4,-0.9381616368326322,7
FUOM,-0.9384886970287105,7
SSR4,-0.9390042435650897,7
IZUMO1R,-0.9390132258749261,6
CRISP2,-0.9392481021993347,6
SCCPDH,-0.9400813508756194,7
IQCG,-0.9403530399057328,7
GIMAP7,-0.9412846252443767,7
PPT1,-0.9414785203427716,7
FBLN5,-0.9415053655684372,7
TEK,-0.9416100843699151,7
PCOLCE,-0.941904097312489,7
RPL35A,-0.9427187583875513,7
LAMTOR5,-0.9427775450640274,7
HSCB,-0.9434822466310291,7
RPS17,-0.9439151633798746,7
F2R,-0.94415446342286,7
ARL4C,-0.9444874705464803,7
LPCAT3,-0.9445102459844813,7
DCTPP1,-0.9451675363037276,7
WDFY4,-0.9453230692031473,7
CD207,-0.9460477368249782,7
SIRT3,-0.9473013207305553,7
SPP2,-0.9475807242069292,7
H2BC8,-0.9477043660990118,7
CHRNA1OS,-0.9485995668632957,7
RPLP1,-0.9489358925140202,7
RPL13,-0.9492213354195999,7
GM5431,-0.9500906191351918,7
ENPP2,-0.951563607430888,7
GM39213,-0.9517893218405759,3
ENPP5,-0.9519847593165097,7
RPL26,-0.9526377833897078,7
RPS27RT,-0.9530086706041109,7
RPL10,-0.9534921298369425,7
SS18L2,-0.9543612407208455,7
CRCT1,-0.9543776927371161,4
NRROS,-0.9553195332895911,7
MYCT1,-0.9561359255360465,7
CTSF,-0.956168408744429,7
CD4,-0.9565290248160394,7
ALG5,-0.9565797744275654,7
SULT2A5,-0.9577589237692568,5
IGSF10,-0.957776777327218,7
CCDC198,-0.9577978699101314,7
OR4F14B,-0.9601698762565101,2
PM20D1,-0.9611229395735553,7
0610012G03RIK,-0.9617974277597896,4
HNMT,-0.9625420644269618,7
RACK1,-0.9628672204627879,7
MAN2B1,-0.9636538796011408,7
CD69,-0.9641324447057935,7
SNORD15B,-0.9647031965160583,5
EEF1B2,-0.9650053511671375,7
H2-DMA,-0.9666167368268433,7
GM6682,-0.9666265654611548,5
RPS27,-0.9666806047613957,7
CXCR6,-0.9674808252724054,7
EMP3,-0.9682843105990412,7
RPS20,-0.9684099978999007,7
IGSF8,-0.9696179513898066,7
GM5641|GM6793,-0.969894287494362,6
RCN3,-0.9701904658542378,7
GM25835,-0.9727153404595553,6
SLC25A47,-0.972769387554108,7
TPRG1L,-0.9737497814843105,3
RNF167,-0.9753805790461686,7
SNORA26,-0.9754350763359222,5
SERPINC1,-0.9756796617373433,7
OAZ1,-0.9765278032584097,7
TMSB15B1,-0.9776869508218108,7
CLCC1,-0.9781891252974472,7
VIM,-0.979149541768226,7
CCDC69,-0.9808541454126222,7
TMEM175,-0.9810222196615895,7
CXCL16,-0.9816075565000489,7
CLEC14A,-0.9819331515758016,7
TRNAU1AP,-0.9822983087083816,7
RPL34|RPL34-PS1,-0.9841115835028319,6
ANXA2R1,-0.9843560383691481,2
SELENOH,-0.9848851121296267,7
1190005I06RIK,-0.9865517431372494,7
NTAN1,-0.9868712466638598,7
GM8369,-0.9877840864792163,6
TMEM45A,-0.9885469248961002,7
TMEM97,-0.9886895436881203,7
RPLP0,-0.9887708299391759,7
GZF1,-0.9887882855729645,7
IFI211,-0.9890706443058352,7
CYP2D13,-0.9896442009638555,3
CPB2,-0.9901579853074925,7
SULT1C2,-0.9908848459280455,7
CLEC4G,-0.9910031714063037,7
SNORA64,-0.9913058142576546,6
APOL7C,-0.9923111069902065,7
NDUFB8,-0.9923145477668015,7
AKR1B3,-0.9925357243885427,4
ADAMDEC1,-0.9929986859601926,7
CEL,-0.9937141050591931,3
BCL2A1A,-0.9937360794278111,7
LMBRD1,-0.99377812120114,7
CYB5R2,-0.994068007121899,6
HNRNPL,-0.994913557557615,7
FPR1,-0.9951181872875249,7
RETREG2,-0.9955256084871076,7
NDUFB11,-0.9972098206258818,7
CST3,-0.9978754895445142,7
CD48,-0.9984832738298446,7
RPS27A-PS3,-0.9985360084018913,7
SLC2A8,-0.9988152275530392,7
FADS2,-1.0003411742369137,7
GM26684,-1.0005900546285362,3
WFDC15B,-1.0015581391197932,6
H2-DMB2,-1.001637450179046,7
BAMBI,-1.0019174536520463,7
GM2A,-1.0026541207710282,7
IGHD,-1.0028676251808013,6
CXCL12,-1.0032761184385246,7
PDLIM2,-1.004879552046338,7
HRNR,-1.0050943878286143,4
COL5A2,-1.0066422088933313,7
OXLD1,-1.0074020042643457,7
RPS19,-1.00773188308074,7
CYP1A2,-1.0081368439345917,7
1190007I07RIK,-1.0083406524856293,4
FDX1,-1.0086257832718482,7
CIART,-1.0087149621701825,7
CLU,-1.009089853005703,7
EVA1A,-1.0098857309738027,7
TAS1R2,-1.0102572695905945,3
GM26079,-1.0110384056313841,4
CMC1,-1.0120067689886931,7
GIMAP6,-1.012194834669079,7
TRAPPC4,-1.0137206820310158,7
GM31583,-1.0148536781938793,4
SLC25A11,-1.0160287293565045,7
NPL,-1.0163706292005759,7
SERPINB6A,-1.01668342834184,7
TM2D1,-1.0198408843214641,7
SERPINB3A,-1.022002937534339,4
TCF21,-1.0220320861279875,7
COL3A1,-1.0220374532602956,7
TXNIP,-1.022659425032039,7
SLC5A6,-1.022680216196606,7
NAGLU,-1.02275018127051,7
POLR2H,-1.0241210372464453,7
HAND2OS1,-1.024417295829742,3
PLTP,-1.0249718865830448,7
NDUFB2,-1.025845838176394,7
TOMM5,-1.0264074652730955,7
GM44126,-1.026408426836628,6
GM25788,-1.0283628415108024,5
SFT2D1,-1.0286130723751226,7
SNORA52,-1.0288875242801656,5
RPLP2,-1.0298757314268445,7
IGHV1-64,-1.0317267679318691,4
MUP-PS16,-1.0318530476101637,4
STAB1,-1.0319642635191828,7
GM22422,-1.03243934983434,5
SFT2D1RT,-1.0324631266307602,3
RPL31,-1.0335082690106838,7
GM1600,-1.0341684226965362,7
ADH6-PS1,-1.0342292847166772,7
HSPB11,-1.034790794229926,4
ZBED5,-1.0366997786735883,4
CIITA,-1.0379168263387613,7
RPL39,-1.0389898051291804,7
TMBIM1,-1.039533994421422,7
RPL8,-1.0405654231197212,7
ATP5F1B,-1.040760297776261,3
HAVCR1,-1.0425603765445006,6
GM33044,-1.0432312315047234,2
PLA1A,-1.045074061260766,7
PTPN18,-1.0462903223999889,7
C8G,-1.0466264394978124,7
IL17RB,-1.0467873071373546,7
TNS2,-1.048986468830657,7
HHIPL1,-1.049418749532588,7
GM15500,-1.050001435319054,7
NACA,-1.0519582452310288,7
GM24336,-1.052092785822704,5
COL1A2,-1.0523071525059342,7
GM13140,-1.0538204985425792,2
CCT6B,-1.0566578947253729,7
SIN3B,-1.0566916665127406,7
FAU,-1.057039393452743,7
CD79B,-1.0570544845651013,7
1700012D01RIK|NEMP1,-1.0571518801344784,6
CYP2B13,-1.058188628398701,5
CD52,-1.0583545669390826,7
SERPINA1D,-1.058684968989499,7
SERPINE1,-1.0600857473030543,7
BC049352,-1.0607435710243334,4
DSE,-1.0609414994624824,7
RPS12L1,-1.0610219072771836,5
FBP1,-1.0610239157616177,7
TMEM50A,-1.0619148213016845,7
OSCP1,-1.0623576625704914,7
MTARC1,-1.0626478364608578,7
INMT,-1.0643665669244027,7
AQP9,-1.0644467648091902,7
UBA52,-1.0648640026956977,7
ADGRF1,-1.0653086068012472,7
SLC35B2,-1.065428338869533,7
RPS9,-1.0655176898170193,7
IGFBP7,-1.065701689635013,7
HINT3,-1.0661230473859775,7
2010106C02RIK,-1.0661853189063484,2
TMEM9,-1.0678815554824819,7
C2,-1.067952344060594,7
THEM5,-1.068221033010279,5
FKBP10,-1.0689632752792408,7
TMEM219,-1.0693424199752664,7
CFAP90,-1.069869117229647,2
SFTPB,-1.072543671294277,2
GNG14,-1.0731500153666056,2
CLCN2,-1.0740256520558356,7
SLC2A9,-1.0756819053955482,7
PDK1,-1.0759482892427807,7
TGFBI,-1.0776322831669274,7
GM11844,-1.0784347131133711,3
NAALAD2,-1.0793713999449694,7
F2,-1.0802083620755305,7
SUN3,-1.0803860447666795,7
GNB4,-1.0804857813377626,7
RPS27A,-1.0814985638881134,7
BHLHE40,-1.0826510256612913,7
CTSA,-1.083973663799869,7
PDGFRB,-1.0842202363325988,7
ARPC1A,-1.0852994673940686,7
ITGA8,-1.088043259819564,7
WASHC3,-1.0887478887661293,7
GPR183,-1.091396028361116,7
CHCHD2L,-1.0921200290028066,3
CENPA,-1.0921616885992602,7
HAO2,-1.0922806682857311,6
TGDS,-1.0929800345079252,7
MUC3,-1.0930511755225678,2
MINPP1,-1.0930705638956202,7
SLC2A2,-1.093717202406274,7
ZFYVE21,-1.095250636934857,7
CCDC3,-1.0967212584178276,7
IFITM1,-1.0979127281244563,7
NHLRC2,-1.0991946248547537,7
CISD1,-1.09940808529386,7
GM26247,-1.1058101393304356,4
ISLR,-1.1097713988919098,7
POLR2G,-1.1112018084483768,7
IGKV1-122,-1.1117460609420704,4
FADS1,-1.1119825465819726,7
SMIM36,-1.112458724171685,3
AKR1B8,-1.1127323567285388,7
ACTG2,-1.116964787417603,6
RPS2-PS10,-1.1186565548177299,5
HSPG2,-1.1198503337474743,7
SULT2A3,-1.121771731746049,5
GM32511,-1.1223520112204843,7
TSPAN15,-1.1227540566018113,7
RARRES2,-1.123790258317709,7
IGHV1-42,-1.1254782665820162,2
IAH1,-1.1255018107157195,7
CLIC1,-1.1258686364620007,7
OR2Y16,-1.1260265734154205,2
UOX,-1.1275320996609282,7
HEXB,-1.1278629629639083,7
GM8228,-1.1298925972349667,2
SLC23A2,-1.1301419586820778,7
LECT2,-1.1304787155297913,7
GM12918,-1.1310396781378942,7
TRBV16,-1.1353977564741335,2
RPS5,-1.1362882461235755,7
UGT1A5,-1.1362991148549393,7
H2-OB,-1.1371420929041103,7
XCR1,-1.1399042738868057,7
PROM1,-1.1408934253617302,7
SDHD,-1.1410409995610071,7
PAQR7,-1.1410901615096676,7
SNHG12,-1.144566698543406,7
LXN,-1.1453477070937172,7
MRPL41,-1.1481126274057882,7
ACKR4,-1.1496471112737603,7
SLC2A5,-1.1507871948985045,7
CSTB,-1.1511298813081392,7
TSBP1,-1.1515997231694781,2
ANGPTL6,-1.155187200938483,7
1810014B01RIK,-1.1555229415848607,7
DCHS1,-1.1565264105575657,7
H2-AA,-1.1597596136127273,7
IGKV12-44,-1.159946499772771,6
ANGPTL2,-1.160498380395987,7
GPIHBP1,-1.1618169807215988,7
CALM4,-1.1722330604758644,4
RPS15,-1.1787152412536694,7
SNORA44,-1.1792755250192617,5
CYP2D40,-1.1794424162398782,7
SUCNR1,-1.1800749379198892,7
SNRPE,-1.1841074510142138,7
CD74,-1.186852924214367,7
GM29595|GM29593,-1.1880075760715807,4
PIGX,-1.192930252442487,7
2210010C04RIK,-1.193362185545838,2
GM6863,-1.2006601639761019,7
UGT2B1,-1.2011579098093035,7
DNASE1L3,-1.2020497409974737,7
TEF,-1.2043792512437028,7
PDE6C,-1.208002725259746,7
GMNN,-1.2102588870389461,7
PCDH12,-1.2104888036235089,7
S2BPCOX16,-1.212090558423005,3
SKIC8,-1.212409375474177,3
KLB,-1.2127564483200641,7
KLF1,-1.213910256012645,7
ARRDC3,-1.2146652912762488,7
RPS7,-1.2165381176297247,7
MYH8,-1.2173545041811242,5
RNASE6,-1.2188476537072985,7
BDH2,-1.2194413394171104,7
PPIC,-1.2218569413903644,7
IGHV1-58,-1.2301061020428348,2
NDUFC2,-1.2324428864769792,7
HAPSTR1,-1.232809576179488,3
TOMM40L,-1.2376474289971522,7
MRC1,-1.2379432548057374,7
BRI3,-1.2387168902278174,7
CASP1,-1.2393839137595806,7
PCSK4,-1.2425946915178592,7
RNASET2A,-1.2469126256652554,7
CES2A,-1.2493756192539347,7
DLL4,-1.249821612491223,7
RPL9,-1.250153911107634,7
NPC2,-1.2524453646893872,7
RENO1,-1.2527641776569085,3
MMP3,-1.2540694492041145,6
MCAM,-1.2558000021462488,7
RPS14,-1.2597405808869433,7
HAMP2,-1.2598562408700038,7
RPL11|LOC115489947,-1.2623553971751298,3
FBXL9,-1.2646102650851274,3
GM35986,-1.2649724932496171,7
RPS7-PS3,-1.2666289203285248,6
RECK,-1.2689725732423067,7
GM23734,-1.2710362464644867,5
RPSA,-1.2716327284589823,7
MAL,-1.2718253070362422,7
HPSE,-1.2738673318790137,7
DHRS7,-1.275670811866609,7
APOM,-1.276069261129327,7
BHLHE41,-1.2811724607384725,7
ALOX5AP,-1.2831118316326895,7
PAM,-1.28444452163855,7
GM23925,-1.2847016652150052,3
DEFB4,-1.2892598817133294,3
LAPTM4B,-1.2912782811866441,7
OLFML1,-1.2993240677528157,7
MED28,-1.300429651137133,7
2410006H16RIK,-1.3007158930587817,7
RNASET2B,-1.300772789869251,7
GPR146,-1.305866238975113,7
PER3,-1.3091271007110998,7
2010106E10RIK,-1.3146283125497336,2
ATP5MC3,-1.3176603543115437,3
GM54112,-1.3188071655215357,3
WEE1,-1.3193926002733067,7
COL14A1,-1.327842344431928,7
MT4,-1.3313128782411963,3
ZBTB11OS1,-1.3320572738858245,7
MUP15,-1.3362164455921774,6
NPC1,-1.3362254228537354,7
RPL3,-1.3479582252607059,7
BACE2,-1.3531989067918513,7
KRTDAP,-1.3570471546397618,3
RPS4X,-1.3573438281749897,7
H2AC25,-1.360254926238727,3
GM26447,-1.3933323586409272,4
GPX6,-1.3963252705158524,7
PRDX4,-1.397614956282867,7
H2-EB1,-1.3984789374263897,7
SPRR3,-1.4053588745733032,3
RASSF3,-1.4132050037232877,7
MATN2,-1.4182096481330846,7
PYCR3,-1.4260030658054414,3
SPCS1,-1.4378036545213655,7
CES2E,-1.4391933936539403,7
GM34833,-1.4494242625184781,2
TM4SF1,-1.4836571026943357,7
ATP5MC2,-1.4909851113886212,3
ATPIF1,-1.4919755046199028,4
LEPROT,-1.4996768328698356,7
SLC38A3,-1.515272368414254,7
RIPK2,-1.5341497147567063,7
UQCC5,-1.5500493375119877,3
GM35696,-1.5824978765624833,3
SCARNA13,-1.5891404068905477,2
TSTD1,-1.608236115469969,7
KRT23,-1.6101732994880904,7
SNORD13|LOC115490494,-1.6129196715840735,3
GP2,-1.6325294211005663,4
MCM10,-1.6663298590515478,7
GYS2,-1.691276061671383,7
GRAMD2B,-1.752635787328825,3
DBP,-1.7661456681228016,7
4931408D14RIK,-1.7817562651935936,3
SCP2-PS2,-1.8360645525531065,3
MUP-PS6,-1.900793476219323,2
MUC6,-1.968499323938116,3
TMEM276,-2.0055678953095355,3
CLPS,-2.7675207261149044,3
