gene,mean_z,n
CLEC2D,1.8937563224294127,3
DSE,1.846949721947553,3
MUC16,1.7956768562447383,3
HPGD,1.7906682805725922,3
ROBO4,1.675276806151544,3
H2BC4,1.664074280228441,3
CCL6,1.6638036989813612,3
ADGRF5,1.6296370306971941,3
CYP2B10,1.6189246590816029,2
IQSEC1,1.5817208163100538,3
SMAD7,1.581624698009332,3
THRB,1.5764258202486807,3
CAST,1.5755656488357221,3
LARS2,1.5749431596568828,3
NHSL2,1.5739603145332477,3
SDK1,1.5457900899358645,3
HSD17B11,1.5324158232411331,3
ARHGDIG,1.5171970916288977,2
PRCD,1.5092549885207298,2
MARCHF2,1.505726296119385,3
MANEA,1.5046577920409467,3
TPP1,1.4891080271194912,3
SELENOP,1.473799861169313,3
TYROBP,1.4663874947993065,3
EGFR,1.4563254527888556,3
CMTR1,1.4530736929005483,3
PXMP4,1.4520478179906033,3
ERG,1.448312006586171,3
TRIM26,1.4401608327329896,3
DCN,1.4393215591773645,3
ACOT13,1.428054456007142,3
NDRG2,1.4264755209523425,3
OPLAH,1.425164666263601,3
MYZAP,1.4248215120000631,3
AGFG1,1.4209093183123693,3
MRIP-PS,1.4194735201578974,3
MFSD6L,1.4143789001090405,2
GP1BA,1.4079899930051218,2
SPTBN1,1.406255959891161,3
PECAM1,1.4019578988930765,3
PIRB,1.4017265194692314,3
DRAXIN,1.4008933295194546,3
ADGRE5,1.3902769815823666,3
ADGRA3,1.3896796745283415,3
OAT,1.3881312439419649,3
ACO2,1.3869607202169003,3
PPP1R3B,1.3856027528497465,3
EIF2S3Y,1.381384060151266,2
PRKCZ,1.3744896454934967,3
TXNIP,1.3720913832126262,3
NFIA,1.3618913086859736,3
ANO10,1.3607988271199243,3
NECTIN3,1.352424332190959,3
CACHD1,1.348321641982415,3
TNFSF12,1.3405512334242642,3
IDH3B,1.3396630172517965,3
CTSD,1.334358452271293,3
NFE2L2,1.3317262682342692,3
NKAIN4,1.3298065396224326,3
OLFML2A,1.3284504050383272,3
KLHL2,1.3244805006772251,3
HDAC11,1.3228609791474366,3
PLET1OS,1.3215049788799682,2
BAMBI,1.3214744347726557,3
LEPR,1.32106347355593,3
CAR14,1.3177341113705383,3
SERINC3,1.3173564691273656,3
LGALS1,1.3111228403230826,3
KLRC1,1.3104718249776537,3
BSG,1.3098041272468333,3
TGFBR3,1.3096209919074413,3
TRPC6,1.306451025707322,3
CCN5,1.3060392103802134,2
SLIT3,1.305816791274223,3
FAM131C,1.304024491480853,2
EPN2,1.3030657336169689,3
PPP1R11,1.3030363887552463,3
PLAC9,1.302772820547853,3
LSS,1.3010829483793518,3
TRIM3,1.2991176222906395,3
HSDL2,1.2986110428438964,3
ITGB1,1.2985700716925332,3
DNAJB13,1.297721972489022,3
ALDH1A2,1.2960954475824982,3
RN7SK,1.292534663905217,3
S100A11,1.2925299221366782,3
SYT12,1.291599243677578,3
PMEL,1.2906334350545248,2
RABAC1,1.2868017668725393,3
DENND2A,1.2831143906659366,3
IFITM2,1.2812352178897477,3
BBS2,1.2745028030453538,3
C1QTNF3,1.2737952323137367,2
PRSS27,1.2717604202228407,2
RSPH3B,1.2678443242343984,3
AVPI1,1.2651151629211543,3
IFI27L2A,1.2627940552139996,3
ITGAM,1.2627234604668152,3
ARHGAP35,1.2624915284390361,3
PF4,1.2621782529863546,3
ETFDH,1.2595562571497383,3
BC004004,1.2579509111244545,3
IDH1,1.2564039934429576,3
F730311O21RIK,1.2558378495175935,3
TMEM248,1.2548715986295687,3
EIF4EBP1,1.2526800731941503,3
DBT,1.251799202380601,3
CLEC1A,1.246910625588941,3
C2,1.2463625930296767,3
ZFAND2A,1.246122345497237,3
CYP4B1,1.245778246214758,3
GP5,1.244977666951243,3
YIF1A,1.2435135068899317,3
LAMP1,1.2343702530823573,3
LAMC2,1.2341629412219346,3
SLC39A7,1.233030798964527,3
CMPK2,1.2330052933841917,3
TNS3,1.2322292865156357,3
ASAH2,1.2293819171414826,3
IGFBP5,1.2274819764585188,3
UPK3B,1.2259147903764385,3
SPIC,1.2256966685339947,3
PLEKHA2,1.2256251121744424,3
CAT,1.2230216755936043,3
LAMC1,1.2217463814798653,3
CCNG1,1.22127485345943,3
IL6ST,1.2206424433052108,3
TSKU,1.2171816252893528,3
FAM114A1,1.2143682400591653,3
HIP1,1.2138509328981721,3
SGK1,1.2060081786892687,3
ABCA9,1.2039838097922104,3
DAG1,1.2034401680662354,3
CLEC16A,1.2033420813047875,3
CNN2,1.2017487018562354,3
C1QTNF1,1.2013531155528856,3
SH2B3,1.1997727936882736,3
ABCA1,1.1983596471059696,3
RO60,1.1976384001876232,3
TPSB2,1.1966918144690244,3
SPG11,1.196489278319299,3
DSG2,1.196390321106055,3
GOSR1,1.1949199775217185,3
MAGI1|4930511A08RIK,1.1912235147760823,3
SERPING1,1.190721427867248,3
CFH,1.1902320267371536,3
TOB1,1.1851697055930182,3
MCEE,1.1831294155297492,3
MPL,1.1830385945770159,2
RBP1,1.1823588685395827,3
SELENON,1.1808237125136858,3
MFSD11,1.1792931746124982,3
SSR4,1.1783359828921174,3
IRAK2,1.1782052511688903,3
GPX4,1.1768028184961203,3
SDC2,1.174237580550761,3
PPP1R9A,1.170853019249514,3
PIGR,1.170060053442054,3
SLC7A4,1.1687225183205097,3
2310069G16RIK,1.1684944024057766,2
ABCA3,1.1684165693315745,3
ATP6AP1,1.1678753891432174,3
NDUFB11,1.1665553579372867,3
TMEM43,1.1654325217174468,3
B3GNTL1,1.1636751086682597,3
FEZ2,1.162908996392457,3
C4B,1.162448784894384,3
FAHD1,1.1619615399993477,3
TRAV7D-2,1.1608862831061084,2
COX5B,1.158939680410372,3
HACL1,1.1561922593725082,3
PYGB,1.1556169970845571,3
IGKV9-120,1.1534328906603077,3
ANXA8,1.152888895343856,3
ISLR2,1.1516796434768501,2
PTPRB,1.1479923309868199,3
ZFP970,1.147140910499273,3
CUX2,1.1470496488973199,2
CC2D2B,1.1467987102064732,2
GPI-PS,1.1467595574792393,2
PRKCG,1.1462699465863646,2
CARD6,1.144557488225092,3
MRPS36,1.1442102382511103,3
INSIG1,1.1429773475609233,3
H3C15,1.1412544807028264,3
ATP5PO,1.1411648440581075,3
ARHGDIB,1.1405650535237317,3
KATNAL1,1.1392029187530992,3
CLDN12,1.138973229105183,3
D17H6S53E,1.1375087286413375,3
SYNE2,1.1336416974932793,3
MMRN2,1.132881289300496,3
GORASP1,1.1322451564943068,3
BCAR3,1.1315262258091485,3
URB1,1.1314517638367285,3
DDIT3,1.131201161783346,3
CCDC127,1.1297523053684364,3
APOC1,1.1296993076504784,3
LILRB4B,1.1295929003361127,3
CDKL2,1.1285979019566108,3
CPNE5,1.1268151566780837,3
CAMK1,1.1265650066572508,3
NDUFV3,1.1257429015807663,3
DENND5A,1.125075975090953,3
MPDZ,1.1241844079698646,3
HSD3B7,1.123872955380042,3
LYNX1,1.1218902666362174,3
PRLR,1.1214197096819225,3
TOLLIP,1.1207715975581383,3
BEND6,1.1207340975891118,3
C1RA,1.1189928943124146,3
MAPRE2,1.1187812470745089,3
ENTPD4,1.1185690198613192,3
SEPTIN4,1.1184335728910126,3
ALOX5,1.1172001023795566,3
DOK4,1.1170081114785877,3
BGN,1.1153481278962607,3
ECH1,1.1133781743569766,3
KIF16B,1.1131454531351828,3
ZFP524,1.1127379322195095,3
GM22442,1.1117785540995013,3
SLC26A11,1.111048708640783,3
ALOX5AP,1.110676907183918,3
BICRAL,1.1105726501433195,3
HOMER2,1.1104859075790694,3
TMEM147,1.1100804283975532,3
SEMA5A,1.1093171669009658,3
9530034E10RIK,1.1083524857507325,2
GM2808,1.107960627770254,2
RAB23,1.106322723163483,3
NPC2,1.1057800489565033,3
HBA-A1,1.1050970204132564,3
VSIR,1.102730057325662,3
ORAI3,1.1014671778910623,3
HSD17B10,1.1009745835995755,3
PI4KB,1.1007979491260451,3
GM4366,1.1006887846903537,3
BBLN,1.0981599822343375,3
PCDHGA10,1.0974099944144509,3
DHX32,1.0972744438508657,3
MRPS21,1.0968652687097413,3
GM5790,1.0958074973155156,2
ALAS1,1.095782285033689,3
COQ6,1.09373150994618,3
DES,1.0911398318640027,3
RPN1,1.0908163068914571,3
KDELR1,1.0903023128719882,3
STON1,1.0902112447706989,3
DHDH,1.0899524214264271,3
RN7S2,1.0894656465246906,3
FCER1G,1.0890438671729694,3
SRR,1.0876989151116945,3
CRIM1,1.0867930453429318,3
TGFBR2,1.0856811211184716,3
B3GNT8,1.084408702697105,3
ADAMTS1,1.0837354016648013,3
SUN2,1.0836705800096473,3
TJP1,1.0816055801383564,3
CLDN22,1.079745349054972,2
NID1,1.0797397507126785,3
TNS2,1.0780672988095383,3
PDPN,1.0761300118108525,3
MFN2,1.0759565150436592,3
SLC23A2,1.0746317785029855,3
STMP1,1.0744802930982862,3
GLP1R,1.0736670088326656,3
LRRC51,1.0734545933040163,3
PPCDC,1.072990052327535,3
NFAM1,1.0719533505108756,3
VSTM4,1.0712311691472793,3
HOXB2,1.0703183854565557,3
ZFP46,1.0699289239329905,3
2810025M15RIK,1.0687255695706297,3
CCL9,1.0680447282329057,3
RN18S|RN18S-RS5,1.068026053307821,3
POLN,1.0663422165323762,3
CMBL,1.065565998454805,3
HYAL1,1.0638856759331399,3
GM13328,1.0638639848805629,2
RAMP2,1.063226513164513,3
DOCK8,1.0607362213191047,3
LMF1,1.0606612170524545,3
SPECC1L,1.0603128088876324,3
PRKAG3,1.060166726098511,2
PLA2G2E,1.05923903531518,3
U2AF1L4,1.0584019405681797,3
KIT,1.057814915144979,3
FOXK1,1.0569092176648913,3
PEMT,1.0568883725672749,3
PCDH17,1.056345965605713,3
LYVE1,1.0563158498868592,3
SAMM50,1.0554511163005456,3
VWA8,1.0554360091515458,3
LY6C1,1.0552500585480484,3
ACAA2,1.0547253323671113,3
SLC5A6,1.0539294506176233,3
GRK5,1.0537614162612312,3
TIMM8B,1.0529057613374326,3
H1F0,1.0515687831101823,3
BACE2,1.0512279114178622,3
KALRN,1.050482355622379,3
LBH,1.0504003478320365,3
RRM2B,1.0501550701429232,3
BABAM2,1.050079514740435,3
PDXDC1,1.0497573990763134,3
GPX4-PS2,1.049733975134855,3
PTPN12,1.048314300551551,3
FBXO24,1.0480889664643909,2
NCOA4,1.0476734169102309,3
ZFP185,1.0465555618351772,3
RBMS3,1.0464985672714349,3
CARHSP1,1.0454190687730565,3
KAZALD1,1.0448892638478078,3
UBTD1,1.0447941221234558,3
EZH1,1.044701508446019,3
SEC14L1,1.0442932659008681,3
GID8,1.0442498115336694,3
DCAF11,1.0440312828545084,3
TMCO1,1.042297061591368,3
PCDHB18,1.0422254558143544,2
HYI,1.0420661137839728,3
PHF13,1.0419200038594305,3
HIPK1,1.041793448199152,3
JAG1,1.041445344637645,3
GRCC10,1.0408113129657757,3
DNAJA3,1.04061835642553,3
GM26397,1.039194212468413,2
RETSAT,1.0375967656802605,3
GP1BB,1.0371538214890061,2
SDS,1.0361273619694182,2
MTUS1,1.035946673478309,3
TSC22D1,1.0322281728985263,3
FBLN2,1.0319477271984963,3
MPC1,1.0315037893155754,3
NDUFS8,1.0314529951445413,3
DNAJB9,1.030712567465618,3
NDUFA12-PS,1.0301261976116025,3
KRT87,1.0291628430350739,2
GBP2,1.0287384224454976,3
ADCK2,1.0280409443543665,3
GM17040,1.028003088680403,2
GEM,1.0279943800065166,3
NDUFA12,1.027400210837059,3
NR1H3,1.0265942023178793,3
HADHA,1.026528237409799,3
NR2F6,1.0259249447445298,3
ALG9,1.0255713927081767,3
SFT2D1,1.0253056822433726,3
SLC39A1,1.0252706452525693,3
ISOC2B,1.025099543654603,3
PRDM16,1.0249047795698134,3
DPT,1.0245422512043536,3
NFIB,1.0237268865565157,3
CTLA2A,1.0236389193918185,3
MAMLD1,1.0235166323297604,3
EMC3,1.0233757309688236,3
DUSP3,1.0233474630858457,3
SFTPC,1.0230013444521995,2
PLSCR2,1.0219722818852326,3
GM6375,1.0217852406422896,2
NDUFA3,1.0217757502563805,3
SHISA5,1.0217161633098468,3
RALB,1.0211695311960038,3
ZFP462,1.0210745244623325,3
1810021B22RIK,1.0206301933636628,3
TENM3,1.0205359865510581,3
FOXRED2,1.0204026977125806,3
RBFA,1.0193963616408652,3
CYB5D2,1.0188834353613527,3
DIDO1,1.0180789271281434,3
TMEM132D,1.017918470777681,2
PARD3,1.017507997623992,3
TLR5,1.0169688048263281,3
CLDN18,1.0163162449883214,2
TRPM4,1.016110575952755,3
S100A13,1.0149318107392704,3
WFS1,1.0137594600111244,3
CBR2,1.0136047712447573,3
ZFP108,1.013275941900849,3
CHI3L1,1.013209497865038,3
MTFP1,1.0126859152747085,3
CHRNA1OS,1.012532797507681,2
XPNPEP1,1.0123079499918781,3
SERPINA9,1.0111602517240919,3
AK1,1.0095070068653142,3
GSTZ1,1.008042318754588,3
GNPTG,1.0079338089459904,3
ACP5,1.0076708807295554,3
COX1,1.0061285753910985,3
CAV1,1.0044643374566933,3
DTD1,1.0042656838408688,3
ERCC1,1.0038800440500504,3
TMEM38B,1.0034009795918453,3
MYRIP,1.003285780544666,3
ITGB8,1.002942379775847,3
SFXN5,1.0028776569192956,3
SACM1L,1.0027433235091232,3
DDT,1.001987294837224,3
PLBD1,1.0010048396666973,3
CTSZ,1.0003331769049426,3
GGH,0.9997903738992893,3
RRAS,0.9968741816725718,3
TGOLN1,0.9966618803555081,3
PDHX,0.9960763699242089,3
QPCTL,0.9948838591121735,3
ND3,0.9940802995584382,3
FAM171A1,0.9938903686308739,3
OSMR,0.9935367173739857,3
THEM4,0.993471348152914,3
SCARB2,0.993445984976488,3
TSHZ2,0.993423840345249,3
RTN4RL1,0.9932075045519936,3
SPART,0.9930611947499793,3
POLDIP2,0.9930548468513031,3
HC,0.9930069465433017,3
CYCS,0.9918980586152388,3
IGF2R,0.9914809276467683,3
COX6C,0.9914785687918696,3
NDUFB4C,0.9910747446749258,3
VSIG2,0.9908653087840598,2
GM5144,0.9908264279237687,2
SQSTM1,0.9905689931105194,3
KLHDC2,0.9899761977974814,3
GABARAP,0.9895012435226609,3
DNAJC15,0.9893970489045611,3
EMCN,0.9879553581522753,3
RCAN1,0.9870816145921596,3
TRIM14,0.9868702865464801,3
FAM222B,0.9868021351096633,3
TNFAIP2,0.9864089830521494,3
AK3,0.9855463588260314,3
ACOT9,0.9851616804011352,3
EPHX1,0.984573341099507,3
C9ORF72,0.9845104631883638,3
C2CD2,0.9842493348427014,3
ZDHHC5,0.9840335409789581,3
JAM3,0.9838815698183717,3
GM16364,0.9836700502476837,2
POR,0.9834150103385347,3
SDF4,0.9833387582671668,3
FADD,0.9831954052032909,3
HTRA3,0.9828685021586939,3
IRF2BP2,0.9828372743104262,3
GPR152,0.9825256244888136,2
C1QA,0.9817951651407227,3
IL3RA,0.9812373017913432,3
CIDEC,0.9811597642856166,3
BLOC1S1,0.9811447331303339,3
RHOJ,0.9809737609489861,3
DECR2,0.9806598542928358,3
ELOA,0.9806289037591056,3
NOA1,0.9804504873213841,3
TMEM53,0.9803149681493671,3
PNP2,0.979363742241321,3
COPZ2,0.9782396236738963,3
MRC2,0.9778415699991077,3
CD68,0.9775496289439106,3
GRPEL1,0.9774299005993177,3
IFNLR1,0.9771338011009517,3
CST3,0.9770966461986866,3
HRCT1,0.976873945971901,3
TREML1,0.976645274800271,2
NDUFS6,0.9765639459559049,3
ENPP5,0.9757190180799057,3
CSRP2,0.9755369920653679,3
CEPT1,0.9754054943502842,3
MPP3,0.9746539022980549,2
ANKS6,0.9739558102472056,3
PECR,0.9738622039481113,3
NPEPL1,0.972520867470822,3
VNN3,0.9714572126670656,3
ALDH1L1,0.9713636924744863,3
MRM3,0.9707920438850913,3
GM2541,0.970553803980297,2
EPS8,0.9705015927216637,3
ATP5MF,0.9703930051531923,3
MS4A4D,0.9695376904933274,3
TGFA,0.9693770224343058,3
MROH7,0.9693434723373319,2
F11R,0.9693361574464584,3
DDRGK1,0.969019002412724,3
S100A4,0.9688648601494578,3
SNX7,0.9688357942787297,3
ENTPD6,0.9686955529695543,3
SMAGP,0.9685236349272518,3
TWSG1,0.9681552163468506,3
SMIM1,0.9673473401655471,3
RARRES2,0.9670802532242524,3
ATP6V0E,0.9669667510838194,3
FDX1,0.9669222361796382,3
FCGR1,0.9668385393857181,3
STYXL1,0.9665217354855956,2
CD302,0.9664995070190256,3
ENTREP1,0.9656781320431018,3
SDHD,0.9650338530968084,3
ZCCHC24,0.9641069202109959,3
IFT46,0.9640820669858677,3
GUCY1A1,0.9640673717290635,3
ITGA6,0.9639596125212707,3
HSD17B12,0.9636225350734405,3
LAPTM4B,0.9631400892992699,3
TLCD1,0.9627661026496789,3
PLCH2,0.9622992620124758,3
ISCA1,0.9622705230189547,3
CECR2,0.961658116581004,3
H3F4,0.9602015559557047,2
GPAT3,0.9598622955543488,3
FADS2,0.9592657437314985,3
ZFP516,0.9585983910993021,3
DPF3,0.9585119813627131,3
ATF4,0.9582879401520183,3
HMOX1,0.9580880552591841,3
GLB1L2,0.9580666960705081,3
SMIM22,0.956742505742753,2
COQ9,0.9562189300406718,3
GPNMB,0.9554381677548512,3
WDR35,0.9540429213433375,3
PRSS12,0.9527946980057812,3
CCN1,0.9523727369175138,3
FEM1A,0.9523133210513701,3
DAZAP2,0.9517536487434434,3
GFRA3,0.9512915704573548,2
AACS,0.950897797713262,3
TAL1,0.9506687724253838,3
TPSAB1,0.9506304033684659,2
FLRT1,0.9489875141584238,3
MYL6,0.9489283260670293,3
MICOS13,0.9489082346581225,3
MLST8,0.9489078077187868,3
FABP3,0.9486652090156057,3
RUFY4,0.9483868404736474,3
CELA1,0.9481564691550606,3
XPNPEP2,0.9465537516657244,3
REP15,0.9461044933261435,3
VTCN1,0.9459584199249198,2
PSEN1,0.9452248455350089,3
DSTN,0.9449218645768446,3
NDUFA7,0.94479723644668,3
MRC1,0.9446726786637966,3
GPX7,0.9435927315519902,3
DDN,0.9434526719416128,2
4631405J19RIK,0.9434376291709775,2
TSHZ3,0.9426701564347771,3
CTC1,0.9424105254774319,3
GATA2,0.9414873994191296,3
MRPS24,0.9414569457358583,3
CYBRD1,0.9414499443111556,3
MATN4,0.9411286367953391,3
MYLIP,0.9409991803278556,3
TMEM205,0.9402283691574714,3
KPNA6,0.9394551576498031,3
MFGE8,0.9391593404306576,3
PGF,0.9386254327562099,3
CCDC40,0.9381047702553514,3
ATG9A,0.9379674326193187,3
FOXJ2,0.9370608113318998,3
FLI1,0.936644402790029,3
PDGFA,0.936497247084282,3
IL12RB1,0.9361350971041658,3
AAR2,0.9360010478310951,3
TNFRSF1A,0.9358540103029868,3
NTF3,0.9355199807607552,2
GGNBP1,0.9352179852468504,3
ACOT2,0.9350688766235855,3
FCER1A,0.9350111702232103,3
BTNL9,0.9349549488325168,3
VMAC,0.9348681373444289,3
TOMM40L,0.9340215637829417,3
YIF1B,0.9339288407275985,3
CHN1,0.9337474384302006,3
PTPRJ,0.9337174034478982,3
SLC8A1,0.933697734669566,3
TNRC6C,0.933192295498709,3
SULF2,0.9322099877039305,3
PRICKLE1,0.9321110771329094,3
CD164L2,0.9317177699476967,2
TNFRSF1B,0.931365756756545,3
YARS2,0.9311110464731224,3
SLC12A2,0.931090956768247,3
ENTPD4B,0.9310871910078191,3
OGFOD3,0.9298114541472601,3
PMP22,0.9298061010099768,3
SELENOS,0.9289584510664862,3
GATD3A,0.9284351315848763,3
FOXS1,0.9276718570877178,3
ATP1A1,0.9275655173233585,3
TMC5,0.9271498167313753,2
KCNK7,0.9267645559663122,2
TAX1BP3,0.9264273251247449,3
SYDE2,0.9259769423339167,3
IFNGR1,0.9256823880595214,3
LAPTM4A,0.9255569596290968,3
RSL1,0.9252485186759712,3
HBB-B1|HBB-BS,0.9251866201254936,3
DRC1,0.9250113376387707,3
SLC35A2,0.924590833322061,3
CLIP1,0.9239360494910484,3
ATRAID,0.9238349100002029,3
ASAP3,0.923522751222757,3
CAR2,0.922748729393052,3
SLC49A3,0.922519727193927,3
TEAD4,0.9223119720052236,2
TMEM231,0.9216672929574771,3
RPL7A-PS11,0.9210041060919897,2
TMCO6,0.9205723720523006,3
MYB,0.9204765725247869,3
CMA1,0.919759013180788,3
PLPPR3,0.9196864601426592,3
MSR1,0.9187879931838042,3
SYF2,0.9182361205141071,3
PARP16,0.9180232802891356,3
WDR19,0.9179969512318619,3
USP54,0.9177718466643627,3
GM5050,0.9175140114676559,2
SLC38A2,0.9175134702890189,3
GRINA,0.9173699601145087,3
RPL36-PS12,0.9172723808994543,3
SPARCL1,0.9172480067875872,3
FN3KRP,0.9172189480865471,3
RMDN1,0.9170621864452734,3
COX7B,0.9169856730610242,3
PTPRU,0.9167234746451705,3
RETN,0.9160088587460021,3
CRAT,0.9158695276998502,3
LPAR1,0.9157045494839241,3
BC028528,0.9150993807741242,3
GM17823,0.9146827237390845,3
COLEC12,0.9145117930795928,3
PHAF1,0.9144495282406847,3
ERN1,0.914439782325465,3
FBXW4,0.9144300812583362,3
MRGPRB1,0.9142286193217217,2
ISLR,0.914107498655102,3
GPR161,0.9140832039602397,3
TMEM123,0.9140459760373214,3
INPP5D,0.9135633172566796,3
PGRMC1,0.9134218491495213,3
HSD11B1,0.9131465631435703,3
PTTG1,0.9127735021781893,3
0610040J01RIK,0.9121741912502949,3
RGS3,0.9116387301840431,3
PRDX3,0.9115328827663594,3
NPTN,0.9114741601757298,3
DYRK3,0.9113408455342175,3
HSPB8,0.9108545135264762,3
FLAD1,0.9097028387324926,3
IL33,0.9096963519435185,3
GATA6,0.9091470577977668,3
LPPOS,0.9091013284993724,3
NOM1,0.9089425772268142,3
NLGN2,0.9080423507056437,3
TPM4,0.907711873229878,3
CXCL15,0.9074290737726415,2
SBDS,0.9074280143981066,3
ZFP27,0.9070696378862472,3
KHDRBS3,0.9058036468347619,3
GZMM,0.9049061817172626,3
CDKL5,0.9048439286236386,3
SLC29A2,0.904698983257485,3
TNNT3,0.904586441967148,3
CAMK2D,0.9038459407787188,3
SELENBP2,0.9034771979073208,2
TTLL11,0.9027170259407322,2
TMEM216,0.9020768287370737,3
FXYD5,0.9020521282025052,3
MYO1C,0.9017151219346441,3
ZC2HC1A,0.9013630303645236,3
RASGRF2,0.900748837291145,3
RILP,0.9002480405819315,3
WT1,0.900187266055425,3
CD209F,0.8996955854525789,3
MS4A6C,0.8995263333571512,3
ATP6V1F,0.8984236641875881,3
PLXNA1,0.8982209254166587,3
RIN1,0.8972172855178039,3
SGCA,0.8971394797246142,2
ATMIN,0.8966391364020372,3
TACC1,0.8955183284398155,3
HEG1,0.8954519865375214,3
CBLC,0.8953810288639801,3
TNFRSF12A,0.8950318046591149,3
CCDC142,0.894908648631866,2
CPA3,0.893798667857479,3
ALKBH3,0.8933643511275987,3
FAM83A,0.8930052346025735,2
UQCR10,0.8925406376846742,3
CBR1,0.8920526668416721,3
ALPL,0.8919509663380422,3
TNS1,0.8914902590858383,3
CAMKK2,0.8910401266470983,3
CCR9,0.890494655684723,3
NOS3,0.8901118017626667,3
ACMSD,0.8894306743436666,2
PCDHGC4,0.888899871550556,3
CSGALNACT2,0.8880737247061988,3
CFAP52,0.8878458615334046,2
PRSS23,0.887724153490256,3
SPTLC1,0.8871584759226937,3
BABAM1,0.8862112887084659,3
GPIHBP1,0.8862090710623,3
SIM2,0.8861856110542561,2
GM7694,0.8860102907977372,3
RNF128,0.8855591407753747,3
BCS1L,0.8854442255321696,3
SLC4A3,0.8846054551950201,3
KLF10,0.8845393299768695,3
PDE1A,0.884214145681657,3
SMPDL3A,0.8841144108542237,3
HYCC1,0.8839796647963061,3
TYRO3,0.8839055370577992,3
KAT2B,0.883761580339336,3
SAMSN1,0.8835585399311853,3
NUB1,0.8833196235788634,3
CHCHD10,0.8830958482924492,3
SDSL,0.883000318545427,2
CREB5,0.8823971727137504,3
STX11,0.8818231467158976,3
GM2A,0.8817929633029932,3
SLC1A5,0.8817073032718193,3
DHRS3,0.881549711479969,3
TREM3,0.8814377074850039,2
FNDC11,0.8811344344597285,2
IGFBP3,0.8811206699033495,3
IL6RA,0.8811055644058756,3
ELL2,0.880609573720473,3
SEPTIN10,0.8805755017718088,3
YAP1,0.8805569545250921,3
TATDN2,0.8804482773582665,3
USF2,0.8794718932336042,3
GM6136,0.8792530593882951,3
AKAP7,0.8790800376971465,3
KLRD1,0.8779841081803051,3
HABP4,0.8779107849594432,3
SQOR,0.8759130583187318,3
CSF3R,0.8758630114111279,3
ZBTB7C,0.875703162677099,3
ITPK1,0.8754451405129607,3
GRIK5,0.875220646078679,3
GHITM,0.8746277661380321,3
WDPCP,0.8743407168201913,3
CTSC,0.8741693439813206,3
GM7908,0.874053611259502,3
BOLA1,0.873946068986082,3
ITGA5,0.8736577990233693,3
ACLY,0.8735856114002954,3
CREB3,0.8730520129764338,3
ATP5F1C,0.872895679937603,3
GPAM,0.8726792208394892,3
A830082K12RIK,0.8724880831083226,3
CYP2AB1,0.872386927759744,2
IL17RC,0.8723571664681403,3
FUT7,0.871785672521161,3
GINM1,0.8717737997138172,3
TSC2,0.8717521183284812,3
ZKSCAN16,0.8714338583067605,2
CHST12,0.871413579148605,3
SH3BP4,0.8713333431914494,3
ZFP334,0.8712903275393319,3
RNLS,0.8701609865796355,3
MAMSTR,0.8701420262654934,2
C030006K11RIK,0.8699172764386885,3
FBXO34,0.8694273051365872,3
C130060C02RIK,0.8693411648218158,2
TMEM106A,0.8687278609326518,3
ABHD2,0.8685386243372131,3
ZBTB47,0.8683700155791163,3
RASGRP3,0.8682433198839371,3
KCNB1,0.8681984309770884,3
SNRK,0.8679870661910284,3
RSAD2,0.8675441224425096,3
POP5,0.8665755458786187,3
PI16,0.8658659855637573,3
APBB2,0.8657949911299486,3
SHE,0.8655905140607584,3
LRSAM1,0.8651098880020794,3
DNAH10,0.8648492462131769,2
SOD1,0.8646541221831182,3
2700054A10RIK,0.8640977035204769,2
TPRN,0.8639333072556145,3
9530026P05RIK,0.863875560245325,3
MMAB,0.8638657035087456,3
GM5617,0.8632369127028956,3
ATP6V1E1,0.8629825548549338,3
ASB1,0.8628219961661406,3
GM15383,0.862720828403827,2
B430010I23RIK,0.8623323671482821,2
HINT2,0.8621896177676703,3
FSD1L,0.8614183996518486,3
5033421B08RIK,0.8609512618139087,3
ITGA2,0.8608959401314745,3
TSPAN9,0.8608472830687771,3
GPR34,0.8606768168949367,3
APH1C,0.8598785725884549,3
COX6B1,0.8598660553753975,3
ACE,0.8595964352190878,3
GNGT2,0.8589353988337806,3
SMPDL3B,0.8579820512415641,3
LURAP1L,0.8576887108212032,3
RNF122,0.8575714051421933,3
DISC1,0.8575221385539064,3
LOXL1,0.8573560066144936,3
SHISA7,0.8572755966319218,2
LAMP2,0.8571648210287032,3
TMEM240,0.8569478753896812,3
RIN2|BC039771,0.8563094573777965,3
SLC16A7,0.8561520077119301,3
NKD1,0.855911775662847,3
PTGIS,0.8549680077519971,3
LEFTY1,0.8547274381981554,3
TMED2,0.8546492920615515,3
SMIM12,0.8545019452011408,3
IGHV11-2,0.8537017040782158,3
FOXK2,0.8536729367900949,3
CABCOCO1,0.8536316558387392,3
GALNT15,0.8532931633481544,3
SERTAD4,0.8532852973998787,3
GM13387,0.8528695630575064,2
LRRC59,0.8526917571374577,3
SCP2-PS2,0.8518657870252649,2
PLEKHF1,0.851348433263248,3
RAB5C,0.8506562994995174,3
SLC30A9,0.8506345906569827,3
ACKR4,0.850598769357734,3
DNAJA2,0.8505763432497658,3
RAB40B,0.8505392433789738,3
MAGED2,0.8505280027685974,3
PPIP5K1,0.8505260346426757,3
SYDE1,0.8501412081036334,3
MPZ,0.8501314135107045,2
TIAM2,0.8499795440670689,3
BBS1,0.8496721111086477,3
MYL7,0.8496182922620288,3
NUMB,0.8493675974679548,3
KLK8,0.8493479491783961,3
4933411K16RIK,0.8491421532705554,2
C1QB,0.849103154235641,3
SYNPO2L,0.8488707273426223,3
ADAMTSL2,0.848671941031006,3
PZP,0.8485978297393965,3
CLDN5,0.8485397118436517,3
ATXN7L1,0.848384303019181,3
SMCO1,0.8483453176509772,2
SERPINA3C,0.8481283996368751,3
IGFBP6,0.8479498542956,3
KDM5D,0.8477737804522519,3
GM7902,0.8476537261601185,2
FAM107A,0.847619640112864,3
NDUFA6,0.8475168263636456,3
HSPA9,0.8475165276823554,3
MLPH,0.8474606022730974,3
DCDC2B,0.8470296582887458,3
INVS,0.8466785658890745,3
MESD,0.8464213959415438,3
IGKV6-14,0.8459672979227697,2
GM15551,0.8458843404463882,2
NNMT,0.8457751341230844,3
DHRS7B,0.8454874028677013,3
ANGPT1,0.8454717858957727,3
ZBTB42,0.845311928352602,3
F5,0.8448861854599975,3
COMMD1,0.844824631053688,3
RN7S1,0.8445848154040488,3
PRAM1,0.8443877047220689,3
FAM110D,0.8440042292091143,3
ZHX3,0.8438940096857461,3
NAA60,0.843658932085637,3
PAQR7,0.8435584122691436,3
METTL22,0.8433119703874796,3
UFL1,0.8432797626315858,3
1700047M11RIK,0.8432362762599728,2
MCFD2,0.8432076928429678,3
COL12A1,0.8428038290703834,3
PXYLP1,0.842145810769391,3
S100A1,0.8421144071851826,3
TBXAS1,0.8420592740627638,3
OLFML3,0.8419644369682096,3
ABCB10,0.8418267744337345,3
CFD,0.841704049520671,3
SCHIP1,0.8408358331713736,3
F2R,0.8404256258377271,3
TLE6,0.8402617272463977,3
PRXL2C,0.8401807471825339,3
4833419F23RIK,0.8400834389592227,3
PPP1R12B,0.8398219947235369,3
TMSB4X,0.83956162937667,3
RSPO1,0.839417558169442,3
FPR2,0.8391899279855968,2
SRARP,0.8389244197792702,2
CD24A,0.8387336071343262,3
POMGNT2,0.8382625972197193,3
MEX3B,0.838013490460329,3
ARHGEF3,0.8379650061090298,3
CD34,0.8375684341674304,3
ZHX2,0.8371802572404956,3
SGTB,0.8365425528999902,3
TAGAP,0.8364419754447558,3
FCGR3,0.8363756727241242,3
CD226,0.8361148715135233,3
NDUFA1,0.835365171462278,3
AP4M1,0.8350238227803951,3
SMYD1,0.8350165330436226,3
PSTPIP1,0.8339152641501996,3
MCAM,0.8338356374871662,3
FAM167B,0.8337247859863187,3
ACOT1,0.8337234324375004,3
ENKUR,0.8335408292944999,3
GM5345,0.8333511442490789,3
KRT7,0.8331429524728513,3
MGP,0.8331359659791691,3
TADA2B,0.8329186017367073,3
CYP2U1,0.8328527211446319,3
ADGRG1,0.8327407231860983,3
FKBP7,0.8323026409052287,3
GNG11,0.831961617335511,3
KLHL41,0.831875391252839,3
H2AC19,0.8315200815355365,3
CCDC112,0.8310664180266212,3
NPL,0.8310216244990092,3
PQBP1,0.8306242159089119,3
ADM,0.8303427068062765,3
POGLUT3,0.8301039746107777,3
GM10060,0.8296561850374538,3
THSD1,0.8295742168678563,3
DDX59,0.829152888773293,3
EFEMP2,0.8280930780368445,3
CATIP,0.8278872955701752,2
SLC48A1,0.8275894970374825,3
FLT1,0.8274985312626854,3
HEY2,0.8273344911314391,3
CLPP,0.8272379788873142,3
PRSS8,0.8269235479051634,3
MIR22HG,0.8269109638108714,3
VPREB3,0.8269051118009692,2
CNST,0.8264737440177373,3
ILRUN,0.8263620645401977,3
CAPNS1,0.8263246261116332,3
SPINK2,0.8262298466155726,2
COMTD1,0.8261868545872932,3
SNX24,0.8257225783962444,3
TEF,0.8253491298975204,3
TRAPPC9,0.8253334159089164,3
ABLIM2,0.8252410729673979,3
CFL2,0.8252118618163582,3
CCDC73,0.8248195332648628,3
CDH13,0.8247245246226228,3
ITPRID2,0.8245094151605804,3
GCGR,0.8244219686154515,2
CISD3,0.82437897594683,3
PJA2,0.8242060318889076,3
TMEM184A,0.8239478970693158,3
H2BC6,0.8232356898032432,3
MBOAT2,0.8229271272969733,3
HMGCS1,0.8229215967179315,3
1110020A21RIK,0.8225304134709955,3
CNRIP1,0.822304774965399,3
MRTFB,0.8222684115408688,3
RAP1GAP2,0.8217496572033572,3
PLPBP,0.8216740231549231,3
ALOX12,0.8216190712058519,3
FAM171A2,0.8215169496897913,3
FGF18,0.8211692022360779,2
AKTIP,0.8209932773952188,3
FOSB,0.8209671780073853,3
CACNG7,0.8208896918865204,2
ZC3H3,0.82078848282098,3
NPHP3,0.8206542965501152,3
MBNL2,0.820262498761808,3
SEC61A1,0.8201282237194482,3
SPACA9,0.8199290626510242,3
RHBDD1,0.8198979822075856,3
SEC24D,0.8193659413422836,3
TLR3,0.8192531661520328,3
RAB7,0.8191854291460855,3
PLA2G12A,0.8191036542635208,3
SLC25A51,0.8190347886511752,3
DOC2B,0.8187693588417184,2
LDLR,0.8187623204293688,3
EFNA3,0.818738024962684,3
SPMIP1,0.8185391975503546,2
ZFHX4,0.8183376925242252,3
ITM2B,0.8183099694175408,3
MON1A,0.8178647711623116,3
ECSCR,0.8175805484390279,3
ADGRL2,0.8174438015603833,3
ETFBKMT,0.817387699129283,3
PLEK,0.8173446558544888,3
AIF1,0.817209597280244,3
PAX5,0.8170410630875379,3
TTL,0.8167707101408653,3
ALDH1A1|E030003E18RIK,0.8162153525543238,3
SYPL1,0.8153789169869311,3
QKI,0.8151985612035246,3
KIF6,0.8149382502172052,3
CCL19,0.8139879573910749,3
STAB2,0.8139669936775497,3
RSPH4A,0.8138860723787645,2
PCDHGB2,0.8137875872259136,2
2310030G06RIK,0.8135193586066515,3
COPS6,0.8134303762580618,3
THNSL2,0.8134153317509404,3
CYTB,0.8129818368498022,3
GFI1B,0.8129567002238803,3
BSDC1,0.8126621751204542,3
ACSL5,0.8126408963513132,3
DGLUCY,0.8117113410626423,3
NDUFA4,0.811410398795072,3
F7,0.8110740537721965,3
PTPRO,0.8110405625211102,3
MAN1C1,0.8109960754956962,3
MAP1LC3A,0.8108897775946646,3
PEDS1,0.8102473024261704,3
GLNS-PS1,0.8097353117779131,2
SLC25A22,0.809705450437149,3
BEX4,0.8089876678544001,2
IFT22,0.8089102530849065,3
FAM220A,0.8087293061724731,3
TRAF5,0.8076962745700911,3
5730409E04RIK,0.8074265908886188,3
SLFN5,0.8071437911167383,3
PCED1A,0.8064047779647625,3
GSTK1,0.8057650993686997,3
RBPMS,0.8056644715766271,3
GATA5,0.8055448662835643,3
COA5,0.8052774834359663,3
ACBD4,0.8050611831603213,3
C8G,0.8049331341444508,3
CYTH4,0.8042161828557798,3
HVCN1,0.8042079151186615,3
PAM16L,0.8040149989452843,3
1700003E16RIK,0.8038347644885031,2
GM33543,0.8035608773547965,2
HACD4,0.80279925326171,3
NAB1,0.8024504981024049,3
PON3,0.802406927005309,3
TXN2,0.8022753134655383,3
DYNLRB1,0.8022119325803695,3
GM25682,0.8016149125182173,2
FGFRL1,0.8015288905952734,3
VWF,0.8014227135306715,3
IFITM6,0.8013939420595836,3
RAB3A,0.8012509127982267,3
NDUFS2,0.8010614827126874,3
NDUFA9,0.8008940289756664,3
SVIL,0.8008025169769267,3
PRDM5,0.8007936288745555,3
CCNQ,0.8005003379768776,3
GM9755,0.8004369549288041,2
CEP170B,0.800029095100322,3
PAFAH1B1,0.7999392139388083,3
GLRX3,0.7999251210285229,3
ZSCAN20,0.7996270814668655,3
SERPINA3N,0.7995454482936223,3
TOX3,0.7994062157855568,3
ANK1,0.7992966315938487,3
ZBTB4,0.7989640688002612,3
ADAMTS7,0.7987078795720584,2
CSPG4,0.7986750759937271,3
C7,0.798659481163717,3
RPP25,0.7984875290584865,3
LBP,0.7984723221904804,3
TPT1,0.7983567233468176,3
ANTXR1,0.7982917960188812,3
4933427D14RIK,0.7982197681550489,3
1810009A15RIK,0.7981835672297164,3
EIF5A2,0.7981617337041748,3
CCL19-PS2|CCL19-PS6,0.7974252722194377,3
IFIT3,0.7973738146211741,3
UQCRH,0.7973081011786136,3
GGT1,0.7970683793456347,3
MRPS23,0.7970371509794512,3
TM4SF1,0.7967291906376478,3
TRIL,0.796710814831683,3
ZKSCAN5,0.7965801842102899,3
KIZ,0.7965777585456162,3
HCFC1R1,0.796415421574458,3
CAP1,0.7961828289813363,3
TMEM126A,0.7959796780393469,3
NUDT7,0.7959487251452412,3
UQCR11,0.7952111206343049,3
GM1968,0.7951719459233311,2
TCP11,0.7951676043402913,3
PCDH12,0.7950265286906071,2
RAB13,0.7949216080489361,3
TREM1,0.7947490189034764,2
LMLN,0.7942956017556733,3
MOB3A,0.7941701200416756,3
ACVR1,0.7940216495433113,3
DBP,0.7938570750376525,3
CD151,0.7936433669108528,3
RASL10A,0.7930470964229897,3
DPH7,0.7926576852829604,3
NIF3L1,0.7922571148813372,3
PRRT4,0.7922148660311428,2
MMD,0.7921720599648087,3
CLDN15,0.7920548486971496,3
ZDHHC1,0.7918067625187374,3
RNASE4,0.7915198853205424,3
PFKP,0.7914071598113495,3
CLTB,0.7912672231432212,3
COX7A2,0.7912168724099623,3
SH3BGR,0.790496969314443,2
PCSK6,0.7904764849799583,3
APOC2,0.7904554453774572,3
PRDX5,0.7902168100544761,3
GM21284,0.7896704213703714,2
RAB11FIP5,0.7893744172715497,3
A530016L24RIK,0.7893002377343676,3
GM12816,0.7892212855446072,2
NTN1,0.7891185306069722,3
SYS1,0.7890797321411828,3
ROPN1L,0.788810878277682,3
TMEM255B,0.7886776709916558,3
POPDC2,0.7886617648727531,3
GM57565|GM22988,0.7883821074258436,2
ANKRD1,0.788280573442373,2
MYH10,0.7880972693632843,3
GSTM2,0.7880684752305287,3
RASSF5,0.7880593815480957,3
FBLN1,0.7880445934429091,3
GM24727,0.7875999383835321,2
SNHG18,0.7875607379978954,3
OXLD1,0.7871705170518047,3
ADAMDEC1,0.78714000164057,3
ARHGAP10,0.7864843922173467,3
ECI2,0.786393562186774,3
POLR3GL,0.7863284621924954,3
SLC44A4,0.7862624250319491,3
ABHD12,0.7861920074614305,3
CD99L2,0.7859485264363962,3
FMO3,0.7857240682552525,3
CFAP251,0.7854523586694441,3
MCOLN2,0.7851830516373827,3
GTF2H3,0.7851432528953391,3
ZFP202,0.7849683919801954,3
REEP3,0.7849609845731433,3
YIPF3,0.7848665343593947,3
SGTA,0.7845690740478374,3
PIRA11|PIRA6|PIRA7|PIRA12,0.7845234446281012,3
IFI205,0.7844173470205335,3
FNDC1,0.7841945099802476,3
PHLDB1,0.7839228774792728,3
MDH1,0.7838051523980019,3
CUTC,0.7837407925924381,3
9130008F23RIK,0.783334172212428,3
PIP4K2B,0.7831744399247179,3
SPAAR,0.7831652085066363,3
FOXF2,0.7829644281235049,2
COX17,0.7829257072620228,3
ARHGAP21,0.7828838497818781,3
VPS4A,0.7820278262518854,3
PCDHGA6,0.7819655649015125,2
ASAP2,0.7819153116574128,3
MMP24OS1,0.7816044223970549,3
GPR4,0.7815974752208673,3
GM3695,0.7812814777957703,3
UPK1B,0.7812361899082149,3
DNAJC27,0.7810823368757281,3
C1RL,0.7808623154128854,3
KCTD10,0.7806949070641703,3
EXOSC10,0.7804287950629641,3
APBA3,0.7800497646024089,3
PTPRZ1,0.7793296622399525,3
UACA,0.7790382514599251,3
MAP1LC3B,0.779026534333139,3
SMCO4,0.7786577001540832,3
ZFYVE9,0.7782457847754386,3
CLBA1,0.7781413422760467,3
ZFP341,0.7780942048547593,3
P2RY12,0.7776659845115583,3
ANG,0.7773577486218347,3
MMP14,0.7772832567851976,3
AQP2,0.7772664106595706,2
IFT56,0.7769778487219203,3
IL13RA1,0.7769588623820759,3
CPEB4,0.7767828486016746,3
HS1BP3,0.7766725066900492,3
SLC18B1,0.7764923584068392,3
EGFL7,0.7764152231199711,3
OXA1L,0.7762941596424434,3
LONP2,0.7760694206730915,3
B3GLCT,0.7755334553658528,3
WDFY4,0.7754146021646889,3
SIRT2,0.7747818453414385,3
TEAD2,0.7746519047827934,3
ANGPTL2,0.7742377659514799,3
PRNP,0.7740307443446911,3
AP2A1,0.7739665786016707,3
HSPA13,0.7739649896565974,3
CLU,0.7737328271557508,3
LDB2,0.7737165171461041,3
CASP9,0.7730191642614779,3
MSRA,0.77257934149449,3
CIMAP1C,0.7725089435477173,2
ITK,0.7724001946802753,3
CERCAM,0.7723793824747118,3
ZFP521,0.7721852279832474,3
KCNK3,0.7714593056626174,3
CXCR4,0.7713526392483624,3
NET1,0.771307278897058,3
SLAMF9,0.7712536125357515,3
HCAR2,0.7711323733733074,3
SSPN,0.7711051333260875,3
ANKRD63,0.7710474396677587,2
RHOF,0.770857225784939,3
DNAJC6,0.7705734293623281,3
SMOX,0.7704346884247245,3
ZBTB21,0.7703963948142777,3
TUBA4A,0.7701989065931465,3
DERL1,0.7698872288326767,3
MLANA,0.7678561341209283,2
ZBTB38,0.7675129252218165,3
GARRE1,0.7668556775182421,3
PTBP3,0.7668362985936775,3
IFNGR2,0.7664223323833017,3
COX7A2L,0.7658183735341124,3
CPD,0.7657761261930557,3
SECTM1A,0.7657076334332293,2
UBTD2,0.7657020585074159,3
ELOVL1,0.7654935486370814,3
NAXE,0.7654665312016472,3
LATS1,0.7651315705901384,3
IDS,0.7650603675933829,3
HCN2,0.764919651023484,3
EMILIN2,0.7639757288641129,3
LFNG,0.763967409652811,3
TMT1B,0.7639613007396211,2
KCNA5,0.7638327289108462,3
KCNG2,0.7635441291054108,2
EXOC6,0.7635075480685977,3
TIMM23,0.7634247558601132,3
CCDC180,0.7634198840701787,3
IGKV8-21,0.7633294841228322,3
ENTPD1,0.7632040466425827,3
SEC23B,0.7626214404353799,3
NIBAN1,0.7626115237007346,3
GM35533,0.7622153859884276,2
OS9,0.7622068891182309,3
ID2,0.7621992469068305,3
PPBP,0.7621615419138927,2
F2RL2,0.7618086595734316,3
9530082P21RIK,0.7613054522302406,3
TECPR2,0.7612204733302308,3
GNPTAB,0.7612065736430944,3
NAP1L3,0.7611235248282062,3
CFP,0.7611208336139441,3
DHRS4,0.7611090339637463,3
LURAP1,0.7610937827725079,3
PSD3,0.7609844752338688,3
CPXM1,0.7604672089238682,3
ELAC2,0.7604056846157062,3
VIM,0.7602754680239642,3
ANO1,0.7600738166211984,3
ABHD4,0.7600371683837958,3
GPS1,0.7597685835320033,3
CSRP3,0.7586146865470579,3
CIPC,0.7585949669589956,3
FDFT1,0.7583955134992152,3
GPR137B,0.7582998614774551,3
GM10371,0.7577789247840281,2
DAPK3,0.7576847891548052,3
ASCL3,0.7575341992174068,3
BMP8B,0.757482701794782,2
CD300LD4,0.7572798106532319,2
ME3,0.7571768046301545,3
A930004D18RIK,0.7568746445807778,3
IL22RA2,0.7567473563676438,2
PALMD,0.7564112394129684,3
ZFP358,0.7563213347641744,3
ADH7,0.7561830884029596,3
ARL4A,0.7554534465364053,3
HEXIM1,0.7552102120041476,3
RAE1,0.7551984440261164,3
GM4829,0.7549257639923056,2
SLC35A4,0.7542295357133969,3
EXTL2,0.7540767091362669,3
NDUFA5,0.7536480079179384,3
MRPL30,0.7535594958287747,3
MYOCD,0.7533029525768133,2
ST3GAL5,0.7530483761631066,3
USP20,0.7529859691501097,3
GREM2,0.7526439021797252,3
ATP2A3,0.7525154627899431,3
TARM1,0.751560227873909,3
SBF2,0.7512291095209006,3
CACNA2D3,0.7508877890694488,2
CRLF1,0.7507719539744707,2
TCN2,0.7507521281687822,3
PLEKHG3,0.7507240213667082,3
GRAMD2A,0.7506080563926837,2
2810459M11RIK,0.750316665459796,2
DPYS,0.7497286475324842,2
UQCRC2,0.7495025302292874,3
ALG1,0.7494286670898168,3
LETMD1,0.7491853605013871,3
9430069I07RIK,0.7490531315868526,2
RHOBTB1,0.7488492354070173,3
AP2B1,0.7486494597979836,3
JAM2,0.7485067764088861,3
OPA1,0.7484380729855684,3
MAPK15,0.7483249447517929,3
PPFIBP1,0.7482376545518837,3
FADS1,0.748233037367691,3
COBL,0.7478199798192119,3
ASPN,0.7478124471965669,3
CCDC13,0.7477249846429465,2
COX4I2,0.747475984623577,3
PDGFRB,0.7472982960321369,3
ENPP1,0.7472467280187138,3
PHAX,0.7469691084210117,3
WWP1,0.7466489542310247,3
PERP,0.7463970990516802,3
SMIM6,0.7457740188104135,3
TMEM37,0.745770070842192,3
F12,0.7453590595778449,2
TMEM150A,0.7453168649969141,3
ZFP318,0.7445512661951766,3
ASPH,0.7445420639970629,3
SLC35C1,0.7440306378775768,3
STX18,0.7436608357684609,3
STUM,0.7434802708296921,2
HLCS,0.7430797194239931,3
WFDC1,0.7428300163863911,3
STAT6,0.7427190210259601,3
PDE7B,0.7423883202811963,3
MEOX1,0.7422433944663945,3
CPE,0.7422112231807327,3
MFAP4,0.7410728190942143,3
ATG4D,0.7410007575391608,3
B3GALNT1,0.7403403252377959,3
SFTPD,0.7403289191408019,3
HAGH,0.7400714867714905,3
ST6GALNAC2,0.7400579358052556,3
ATP8B1,0.7396802433802109,3
4931408D14RIK,0.7395267651182228,3
4833407H14RIK,0.7394535366652648,3
MEIG1,0.7393361080499515,2
LGI4,0.7392430459447014,3
GM5837,0.7390747775180294,3
KDR,0.7374506921256007,3
CFB,0.7370623271902906,3
AVEN,0.7369698387127238,3
COX14,0.7369365065736598,3
BCKDHA,0.7367836157070329,3
AKIP1,0.7366555855108364,3
SMOC2,0.7362206091263698,3
TMEM51,0.7362189302883543,3
ETV1,0.7360182952263491,3
CD209B,0.7358816229678834,3
9930111J21RIK2,0.7356910692786993,3
HGSNAT,0.7352976252466875,3
ITIH5,0.735208007729372,3
RNASE6,0.734521673890634,3
PKD1L2,0.7344964069633475,2
INPP5F,0.7344865907212791,3
VWC2,0.7342284776216756,2
PDE8A,0.7341375127527169,3
THBS3,0.7341021723381961,3
GNE,0.7340462749952835,3
CCDC87,0.7340440355488989,3
IQCK,0.7340345977047186,3
RPL31-PS12,0.7339927025601534,2
TMEM30A,0.7336060823107201,3
ETFRF1,0.7336035242746218,3
GM10177,0.7335444006343678,3
DIS3L,0.7335163941563597,3
CREG1,0.7334665680586415,3
AQP4,0.7333111237958043,3
EPAS1,0.7332709920335413,3
GCNT2,0.733236111014941,3
TCEAL8,0.7332129525705385,3
PPP2R5A,0.7330331966882566,3
ABHD14A,0.732996420379339,3
IL1B,0.7329860872601142,3
1810044D09RIK,0.7328681593359426,3
EVI2A,0.7328444625252023,3
TRMT2A,0.7325495771985882,3
AB124611,0.732538556363712,3
SLC44A1,0.7324621006974877,3
GPR89,0.7323242353754306,3
SLC22A13,0.7322381850203696,2
MELTF,0.7320815031319646,2
NAAA,0.7319923440276804,3
4931440P22RIK,0.7313223277862484,3
CCDC8,0.7312332959657906,3
WSCD2,0.7311836637071787,3
NFE2,0.7311684725473387,3
PDE5A,0.7311251059123288,3
LCK,0.7310153935423985,3
LMO1,0.7309596589671061,3
GM12781,0.7308875398468844,2
ERICH3,0.7308654584444834,3
ZFP747L1,0.7307658088838392,3
UGT1A6B,0.7305481956396718,3
AKT3,0.7302899091450142,3
GDE1,0.7301830365322802,3
GM34758,0.730073214418371,3
CERS2,0.7298878524228639,3
HEATR5B,0.7293198217934669,3
USHBP1,0.7290734096381408,3
DLG5,0.7287944622427359,3
ATG7,0.728760793342001,3
BC1,0.7287484871089663,3
FAM174C,0.7285881326662742,3
FCGRT,0.7283827286865137,3
FAM13C,0.7283540603692688,3
ACSBG1,0.7282248993739618,3
PPM1N,0.7279163344982675,2
ETV5,0.7278482073279339,3
RTN4IP1,0.7274447559040329,3
LGR4,0.727288120452906,3
WDR45,0.727093009079954,3
STAT3,0.7269918698913603,3
MYL12B,0.7269883081590685,3
SLC39A13,0.7269597563691312,3
VCAM1,0.7268988354964473,3
PRELP,0.7268571236673398,3
MANSC1,0.7268533801973462,3
DNAJB3,0.726696044679016,3
SAXO4,0.7266139858438357,3
GYS2,0.7263612860651724,3
ERLIN1,0.7262672736305625,3
FBXL4,0.7262493389913992,3
H2BC26,0.7260303149787354,3
APOL7C,0.7258584049451354,3
DPYSL5,0.7256154617341035,2
BRI3BP,0.7254399006822743,3
CD44,0.7249809167267407,3
IL10RB,0.7246443806850978,3
CLEC1B,0.7245628662862037,3
GM36738,0.7244887201344669,3
TLR4,0.7241488228058963,3
MEOX2,0.7239534937961078,3
ARL13B,0.7239252094779749,3
RYK,0.7237237153057342,3
ITGA2B,0.7232182609555083,3
TEK,0.7231717399781701,3
SHPK,0.7231577148346612,3
CD82,0.7230167498881747,3
SORBS3,0.7229193861663176,3
RBM24,0.7228639030732967,3
NINL,0.7227523847038816,3
TMEM219,0.7223747215817319,3
GLIPR2,0.7221745089133549,3
CRYBA4,0.7220437341483963,2
SOX6OS,0.7218171885927596,2
SH3D19,0.7217833303380822,3
NRGN,0.7215462639135536,3
GM572,0.7213757102922531,2
ASB11,0.721371013219693,3
DHRS7C,0.7213184645338413,2
CORO7,0.7209398606245845,3
MFSD9,0.7209124596410138,3
4930405A21RIK,0.7205086045481806,3
IFITM1,0.7204735919523234,3
IRGM2,0.7202393260705695,3
SUSD3,0.720193797523616,3
ND2,0.7201817433052659,3
RAPGEF4,0.7201256718320801,3
RPS27,0.7193925711090644,3
CBR4,0.7193879671515461,3
LETM1,0.7191033727567288,3
FAAH,0.7187609456017663,3
RTN4RL2,0.7186735942953753,2
LDHB,0.7183238955267219,3
ACKR1,0.7181053900883931,3
ECHDC2,0.7180709666428234,3
RAB3C,0.7180026472266778,2
UBE2M,0.7177346872556333,3
RAET1E,0.7176433056944491,3
LRP2,0.7176136826548358,3
NAMPT,0.7174495674014275,3
IZUMO1R,0.7173045126142142,3
AI854703,0.7168564795243134,3
RTCB,0.7168286434056531,3
CIB2,0.7165942345973639,3
KLHL7,0.7165373090935381,3
SORBS1,0.716441168435232,3
TCAM1,0.716266937151204,2
NMT1,0.7159961571874861,3
ZFP879,0.715934183107478,3
ABLIM3,0.7158705013711469,3
SIGMAR1,0.7156229347179129,3
BC051019,0.7155851290495958,2
CPM,0.7154801187271737,3
ABCB6,0.715426143435351,3
PCGF2,0.7152750548592999,3
OXCT1,0.7152099134367513,3
NOTCH2,0.7151152128627909,3
WARS1,0.7145432936486045,3
ARHGAP44,0.7143376535995153,3
STARD8,0.7142834404952006,3
GLYCAM1,0.7142778391949534,2
IGHV1-62-2,0.7142134560273128,2
BCHE,0.7142030083505597,3
ADGRG2,0.7140919140900522,3
EVA1C,0.7138224641733922,3
ATP5ME,0.71375234787804,3
FCNA,0.7137130865955609,3
ND1,0.7136778205761098,3
PALD1,0.7136009354090248,3
ABHD6,0.7131719892351606,3
SYAP1,0.7131225204769972,3
GM12463,0.7128847169550405,2
ANKEF1,0.7124967152858296,3
RNF13,0.712358978497286,3
CACNA2D2,0.7118454152850764,3
PLCXD1,0.7117370011694256,3
TGFBI,0.7114890621620688,3
CYP39A1,0.711446229218799,3
PCK1,0.7113522596107541,3
ARSA,0.7112858965436758,3
CFAP45,0.711242648286642,3
HADH,0.7109010472100636,3
GABRQ,0.7108898287357338,3
EPOR,0.7106952328656361,3
GRID1,0.7104611830284001,2
SPMIP11,0.7104206672713222,2
PXDC1,0.7103612035766055,3
PLIN2,0.7101685160903285,3
NPC1,0.7099393952640524,3
LMO2,0.7097346215964476,3
FAM184A,0.7097319377858594,3
C130050O18RIK,0.7094580692103235,3
NDUFV1,0.7092772651135233,3
HIGD1A,0.709157840816573,3
CDIP1,0.7090421591648766,3
FAM187B,0.7089472562080207,3
GSTT2,0.7088332129611009,3
FLT4,0.708708875036046,3
DHCR24,0.7082574416382516,3
MYO6,0.708098925694917,3
GYG1,0.7079208962147802,3
HIGD1B,0.7079028764732733,3
PET117,0.7078898234688585,3
PPIE,0.7078416783190346,3
CALU,0.7078020553709751,3
CYYR1,0.707414400174902,3
EBP,0.7071912167929484,3
SRPRB,0.7071737632683761,3
NDUFB3,0.7068427009790109,3
PPCS,0.7067775894061247,3
5830454E08RIK,0.7065735073008614,3
ATP2B4,0.7063472445534781,3
NUDT12,0.7061713688581976,3
FAM120AOS,0.7061297823450386,3
RPL3-PS1,0.7053909223368618,3
ARL4D,0.7053555045477631,3
MUC4,0.7052633984148664,2
MYL9,0.7051492265765997,3
MYH7,0.7049236410799957,3
DCTN1,0.7048266416746687,3
CD4,0.7045836546686862,3
CDK19,0.7045230103559327,3
AGFG2,0.7044624702649483,3
ADCK1,0.7043120303723597,3
SCARNA13,0.7043007068543069,2
D630024D03RIK,0.7040578279603413,2
CLINT1,0.7040164914788242,3
ACBD5,0.7038732955537057,3
ABCB9,0.7037288097505576,3
SURF4,0.7033969883434007,3
RPS28,0.7030073200896716,3
ANXA5,0.7029765040693189,3
CDON,0.702827627944199,3
ASCC2,0.7027915750959294,3
CD209C,0.7026229489613878,2
PFKL,0.7025842501246377,3
OLFML1,0.702478281559829,3
RFLNB,0.7020795155100515,3
A730020M07RIK,0.7019749402689653,3
AGPAT3,0.7017942906474887,3
ECE1,0.7016987413644505,3
DPH1,0.7014796041120163,3
CDKL1,0.7011940651115073,3
CDIPT,0.7010821954460998,3
TMEM176A,0.7006756639563011,3
AK9,0.7005714262799316,2
GM12295,0.700460971902956,2
TNNC1,0.7000193701530254,3
SPEF1L,0.6999143872919366,3
SHOC2,0.6998966911661384,3
ARHGEF12,0.6996747570752838,3
DUSP18,0.6996728278750476,3
GNG5,0.699654259523088,3
AK7,0.6992657509608176,3
TTC39D,0.6992356555335967,2
ARFGEF2,0.6991413898382738,3
TCTN3,0.6990806902304136,3
MRPL48,0.6988623554784952,3
ADHFE1,0.6986575692081701,3
BSCL2,0.6983053321911897,3
CD53,0.6980369433999377,3
RAB20,0.6979963151099652,3
SFRP2,0.6978791039827154,3
TTC13,0.6974910817826866,3
AP1M2,0.6974567911887396,3
CCDC92,0.6970112002958797,3
SLC25A26,0.6969049435564414,3
TPM1,0.6968557652091724,3
H3C1,0.6966601210546418,3
AGPAT1,0.6966141622335936,3
BCOR,0.6965265167731016,3
B4GALT2,0.6962124985777357,3
TIFAB,0.696078051625831,3
ASNSD1,0.6960578136716197,3
EFCAB6,0.6959916519129727,2
NINJ1,0.6959803674401481,3
FCAMR,0.6957987829470844,2
USP28,0.6957971648422934,3
CCL2,0.6957024977397318,3
CYP2D22,0.6955072667256954,3
CCDC152,0.6954950791433109,3
IFI207,0.6954206313594812,3
TIGAR,0.6953816982190671,3
SH2D4A,0.6952921072529771,3
ARAP3,0.6952696412926658,3
CES1E,0.6946425075122246,3
NSF,0.6944784003739927,3
CRB2,0.6944775826478523,3
NDUFB4|NDUFB4C|NDUFB4B,0.6944534577472267,3
GM7353,0.694448783843323,3
P2RY1,0.6943413392262469,3
DOCK2,0.6939859573957147,3
MMP19,0.6939476183732246,3
PRKCD,0.6939135240359309,3
HPX,0.6938114341480797,2
CEBPZOS,0.6937153146486016,3
KCNAB1,0.6935099620346176,3
CKMT1,0.6935016335264286,3
FLNC,0.6931472909219538,3
TRAK2,0.6930926653015664,3
NSG1,0.6929614060961065,3
AP5Z1,0.6928760623099396,3
NETO1,0.6928051554638133,2
PLXNB2,0.6927504946065821,3
ATF6,0.6925923229599783,3
ACKR2,0.6924842824180993,3
KCNC3,0.6922949072622643,3
YTHDF3,0.6922557921562622,3
TNFSF14,0.6921522786921691,3
NAT8F3,0.6917389325304625,3
FUT2,0.6916745441047293,3
RGL1,0.6914051109861056,3
GM17999,0.6913034240038988,2
CIDEA,0.6909433667956124,3
TMEM192,0.6903041990049927,3
STOM,0.6901661466790073,3
DCDC2A,0.6901575754759328,3
PEG13,0.6900999719475518,3
LMBR1,0.6899428116940914,3
KIF26B,0.6898970863179749,2
FGF10,0.6898080460603314,3
SV2A,0.689717029337475,3
CDA,0.6895695472733852,2
PKD2L2,0.6893180054967146,3
FBL-PS2,0.6891712524442443,3
ZDHHC9,0.6891427023965521,3
TIMP2,0.6888942926360256,3
CPT1A,0.6888624921847378,3
HSH2D,0.6888563694484221,3
NIT1,0.688759451061166,3
CHP2,0.6887113867379154,3
HLX,0.6887045462990589,3
SNAI1,0.6886096974136241,3
GM29243,0.6884796141272974,2
UNC93B1,0.6882999553249269,3
VSIG4,0.6881805582574588,3
SEZ6,0.6880688779966634,3
ATF5,0.6880451162628649,3
I830077J02RIK,0.6880388087739339,3
MPC2,0.6879972412292519,3
RHOU,0.6877771657411772,3
CYP2J9,0.687275787901373,3
CLEC4F,0.6872520914508434,3
CAMSAP2,0.6871228431152985,3
RNU5G,0.6870757694030768,2
IGKV1-117,0.6870473202867515,3
RGS18,0.6870401075660698,3
AXL,0.686963205963634,3
ZFP112,0.6868486945329088,3
SAT1,0.6868116345524794,3
DENND3,0.6867374484403004,3
SCRN3,0.6860830585475712,3
NOX4,0.6858612016548967,3
TAGLN,0.6858162415566196,3
GNG12,0.6855151038595753,3
YIPF2,0.6851299488809824,3
MTX1,0.684666753637252,3
GAS1,0.6845162183356662,3
MCF2L,0.6842544390519016,3
A430018G15RIK,0.6831274131605346,3
GM3200,0.6830437396665842,3
APOBR,0.6830381870502845,3
TMEM120A,0.6829894126782601,3
PHKG1,0.6829795290617436,3
SIGLECH,0.6828902995868104,3
RAB3IP,0.6822278096720124,3
FUOM,0.6820847545391997,3
TMEM176B,0.681565004580106,3
GAS7,0.6815187850352217,3
NPPA,0.681470453706212,2
STBD1,0.6814571843845446,3
MS4A7,0.6813339651656309,3
TMTC1,0.6805153321663614,3
PCOLCE,0.6805138848049066,3
DEFB1,0.6804460747481444,3
CBS,0.6804154629639582,3
IFT70A2,0.6801801079615591,3
IRX5,0.6795323065821838,2
MGL2,0.6794738909072845,3
YES1,0.6791821420710938,3
PLIN3,0.6791557600885754,3
PTGS1,0.6790860136336022,3
MYL4,0.6789895857198691,3
LYRM9,0.6788664532989613,3
BRAP,0.6788351336500087,3
ECI3,0.6787057415239127,3
FBXL22,0.6784990124532936,3
ZC3H12C,0.678213730827674,3
SH3BP2,0.6780999955815264,3
ACSF3,0.6779369403167314,3
CLOCK,0.6779203341384578,3
MPDU1,0.6778343995799738,3
GM5421,0.6775916670649567,2
TPPP,0.6775659829282709,3
IGHV7-3,0.6774911516237255,3
IQSEC2,0.6772158730465794,3
FICD,0.6771240616653059,3
RASSF3,0.6769993942742168,3
CTNS,0.6768467884087822,3
6530402F18RIK,0.6768423023800808,3
H2BC7,0.6768111688902692,3
CPT1B,0.6767623421252297,3
WIPI2,0.6767623116042539,3
CFAP68,0.6766104254353388,3
RASGEF1A,0.6760379738958912,3
PLN,0.6760139898535559,3
SHC2,0.676005905093068,3
ADCY7,0.6759989083732966,3
CHST1,0.6758665949640071,3
PFDN1,0.6758325504601864,3
CASQ2,0.6756119867076017,2
GM23686,0.67540832517901,2
ARL8B,0.6753737459696164,3
KIF13A,0.6752084535122421,3
AHDC1,0.6750449983232633,3
DNAJB1,0.6749814289398935,3
CHCHD4,0.6748990177207622,3
RPUSD2,0.6748879258369792,3
GM10335,0.6743991240918534,3
ITGA1,0.6743612352911993,3
ERAP1,0.6742059921353937,3
IL12A,0.6738619889865052,3
CASQ1,0.6736357306875894,2
PENK,0.6735476847860041,3
GM6286,0.6735272100630899,3
JUN,0.6733374923530326,3
GM4221,0.6732554045348674,3
HMGCS2,0.6730948394252595,3
PGR,0.6729565087501909,3
SEPTIN8,0.6729495919910112,3
TIMM17A,0.6726845767712394,3
EMC7,0.6722644513693999,3
GLIS2,0.672114186790374,3
B4GAT1,0.6719752187024901,3
LRFN1,0.6717095484404273,3
RAP1GAPOS,0.6717014105327053,2
PPP1R13L,0.6716715667818726,3
TOR1A,0.6714682234521693,3
FMO2,0.6714031668706556,3
1810062G17RIK,0.6713911211468538,3
ATG13,0.670563663877558,3
LRP4,0.6704881779658578,3
ALKBH7,0.6699946054982108,3
MRPL45,0.6699837723798123,3
SLC16A9,0.6696403679874393,3
GNA12,0.6694991371902462,3
DHRS7,0.6693331853943622,3
NPFFR1,0.6692801113722462,2
CADM1,0.6690781578659651,3
IGKV3-5,0.668872243907604,2
CMAH,0.668672554868888,3
SOD2,0.6683233073544255,3
KCNJ8,0.6682972426528885,3
DENND4C,0.6679143841352785,3
RTL8A,0.6678121266391237,3
GML,0.6677767629579016,2
ITIH4,0.6676967282965829,3
A930012L18RIK,0.6674640959385365,3
SOX12,0.6674339181421448,3
G6PC3,0.666819377609226,3
IER5L,0.6666925927050761,3
CASK,0.6665675429599993,3
DHRS11,0.6665336458853167,3
NUDT6,0.6664607700985276,3
HBQ1A,0.6664498373668186,2
RETREG1,0.666352774399026,3
NDUFAF2,0.6662970252405461,3
PAMR1,0.6662573899385541,3
CCL1,0.6661659701915165,3
CMTM5,0.6660650558748626,2
RELL1,0.6659091274398717,3
REEP6,0.6658766812417203,3
AQP1,0.6658454938055555,3
RETNLA,0.6657830548365381,3
A830008E24RIK,0.6657332122347333,3
TMEM217RT,0.6655790837601788,3
MYO1B,0.6654805752357701,3
CROCC,0.6647195037391743,3
DLD,0.6643748994685227,3
LRRC61,0.6642668186365589,3
KLHL9,0.664242050207334,3
ND5,0.6642058900561717,3
LYZ1,0.664200505476701,3
ATP6-PS,0.6638572477457129,3
HOXA3,0.663825241169299,3
RAB39,0.6635227344357717,3
FMO5,0.6634578528768021,3
PLCB3,0.6633993515210881,3
ABCD3,0.6633649187432528,3
PLD6,0.6632102274628557,2
RAB5B,0.6631690568970777,3
VEZT,0.6630716087856484,3
ACTA1,0.6629164914057076,3
LIPO3,0.6627407855370223,3
GLI2,0.6626732408865531,3
CTTN,0.6626213793673729,3
LRIG1,0.6625595173826113,3
CIDEB,0.6624892034244333,3
RNF213,0.6623454209011627,3
SLC25A19,0.6623380183284381,3
CAR13,0.6621330154830457,3
ERCC3,0.6621036709013565,3
ZFP429,0.6615199250923293,3
GM17455,0.6614877014916343,2
GPRC5A,0.6611577194034631,3
TSPAN32,0.6610851038527358,3
EFCC1,0.6610019010900059,3
SCN5A,0.6607617537208752,3
ALPK2,0.6607525302949181,3
TXNL4A,0.6607364727434013,3
NDUFA4L2,0.6607294599044162,3
VHL,0.6605987461456964,3
ARHGAP24,0.6605866261611983,3
SUCNR1,0.6605441814391187,3
D630039A03RIK,0.6602645732129537,3
MEIS1,0.6598824025491031,3
CEP250,0.6594684052256569,3
AMACR,0.6594327000262471,3
IL11RA1,0.6593184770303783,3
NDUFB8,0.6589603860630238,3
RETREG3,0.658585215901942,3
IGFBP4,0.6585476447559756,3
GNPAT,0.6585293411417009,3
ND4,0.6584167087550269,3
RNU1A1|GM22634|GM23804,0.6582354107757984,2
CLIP4,0.6582281502942969,3
RBFOX2,0.6582108811858909,3
DDX21,0.658089764464543,3
CD320,0.6580816677418283,3
TFR2,0.6580730137636679,3
DAP,0.6578881858909175,3
GAS2L1,0.6578317780555434,3
TNFSF10,0.657720078407427,3
TIMM10,0.657714962701265,3
H4C1,0.6576547879526413,3
ASCC1,0.6576531339947261,3
MPZL1,0.6575993926986371,3
MYRF,0.6574215775021929,3
ABCA8B,0.6573907381955478,3
DCUN1D2,0.6567759335987579,3
RCN3,0.6567580512540426,3
PROX1,0.6564662727362658,3
IAH1,0.6563114853532526,3
MRPS31,0.6561398022185964,3
STIMATE,0.6560131718911147,3
FBP2,0.6559883996109391,3
NDST1,0.6557108546511373,3
TMEM63A,0.6555792273031705,3
NAA38,0.6554060975892856,3
SOBP,0.6553208160818221,3
GAB2,0.6552333940832905,3
FGF12,0.65522313403809,3
DUSP8,0.6552220745246546,3
BTBD6,0.6551543527568467,3
MRM1,0.6551202909778422,3
CD300C,0.65510546634546,3
PLXNA4OS1,0.655040782800497,2
UBA52RT,0.6549187602826004,3
PROS1,0.6548921242383554,3
BMAL1,0.6548677239881134,3
GLT28D2,0.6547197397102756,3
LMAN1L,0.6546397854194298,3
SUOX,0.6542322400411477,3
NDUFC2,0.6541160239298138,3
KASH5,0.6540889096669824,2
CFAP58,0.6539889257543507,2
SUMO3,0.6538695767746744,3
SH2D5,0.6535834769097639,3
JCAD,0.6535580255759638,3
CLIC4,0.653480429454017,3
MTARC2,0.6534774195214686,3
HEBP2,0.6533717288789117,3
RAP2C,0.6531803654862464,3
LBHD2,0.6530846664715072,2
MYADM,0.6530399943047452,3
MEDAG,0.6529285040365298,3
GALNT9,0.6528524807456275,3
NGF,0.6527345706387812,3
PEX11A,0.6526978262056027,3
PCNX2,0.6524865060351884,3
KXD1,0.6521818661859283,3
ZCWPW1,0.6520375787835846,3
WDR62,0.651991766722697,3
SLCO2B1,0.6518334624162727,3
CTBS,0.6518180633420415,3
NDUFB9,0.651496150448586,3
CFAP206,0.6512698199111442,2
ATP6V1A,0.6512269432175569,3
NOVA1,0.6510855505389451,3
DUSP23,0.650813456580483,3
SESN1,0.650752215858538,3
PPARA,0.650591635924215,3
ZSWIM5,0.6505068745848274,3
GREP1,0.6505039862537682,3
CDC42BPG,0.6504815188453997,3
APP,0.65042843558963,3
TEX261,0.6503812085286886,3
ENTPD2,0.6503808331922322,3
IFITM3,0.6503516873048233,3
ADIG,0.6502513344295692,3
CTNNBIP1,0.6499368809718128,3
PAFAH1B2,0.6498745386955154,3
DBI,0.6497298134243736,3
PTCD1,0.6496062873433059,3
RPL14-PS1,0.649586988605862,3
ZFP568,0.649348372435519,3
CREB3L1,0.6487529843634224,3
PIGQ,0.6486776214834061,3
FAM220A|SAGSIN1,0.6484172366853432,3
GM7854,0.6483429388655827,2
TEX264,0.6481775208886352,3
A730056A06RIK,0.6481511714819466,3
SUCLA2,0.6481351755211188,3
SMIM10L2A,0.6480576954667002,3
ZKSCAN8,0.6480150193733758,3
MAP3K6,0.6479875316703931,3
ZFP2,0.647924558861109,3
ERLIN2,0.6478372507924677,3
TMBIM4,0.6477387972841245,3
CD300LD3,0.6475053736820054,3
ILDR2,0.6473659597298408,3
MCPT4,0.6472690339305932,3
KHK,0.6471010527895328,3
LUZP2,0.6470783133241944,3
CADPS2,0.646942575074584,3
RAB11B,0.646758045968357,3
ERN2,0.6466387807922709,3
DCST2,0.6464680110645915,2
CX3CR1,0.646377890150377,3
GM15931,0.6453068054357542,2
SPECC1,0.6452971030987978,3
PICALM,0.6452721225185184,3
TSPAN3,0.6451197833366115,3
GATA6OS,0.6451081189006016,3
VIPR2,0.6450185521220071,2
MED22,0.644995737527827,3
FAM217B,0.6448650815019324,3
KCNH4,0.644853530294309,2
DEGS1,0.6445697935339718,3
GPR137,0.6444023893221756,3
NRG4,0.6440430374950806,3
ABCG3,0.6438212352329251,3
TMEM119,0.6436019495751008,3
APOC3,0.6435546955554764,3
GMPPB,0.64344828954765,3
EDA,0.6432534559917941,3
SLC22A2,0.6431097806916957,2
EPM2A,0.6430221699501727,3
CEL,0.6429523070108542,2
OPN3,0.6428376272564408,3
PLCD3,0.642819474813458,3
KCNMB1,0.6427816601133236,2
NRTN,0.6427338072213202,3
ZBTB39,0.6422202482205634,3
ADAP2,0.6421832635512156,3
TIMM21,0.6420577624862465,3
UBL3,0.6420544189551175,3
VKORC1,0.6420438731338994,3
SVEP1,0.6416940761279143,3
PCP4L1,0.6413688842501968,3
FAM47E,0.6413031086633874,2
UBQLN2,0.6410874199079407,3
GM2106,0.6409419577713067,2
IGKV6-23,0.6407082105378596,3
NLRP3,0.640607413482889,3
NDRG1,0.6406017641733852,3
EXOC3,0.6403739845030442,3
AKR1E1,0.6403326867631113,3
3830403N18RIK,0.6401725269778652,3
LAMA2,0.6400428342110875,3
RNF32,0.6399726265723854,3
IDH3G,0.6399492859281787,3
RAMAC,0.6399356358584342,3
SLC22A1,0.6399208181432087,3
ZFP637,0.6396160401309107,3
GM32282,0.6392402883112243,2
EDA2R,0.6391737953408873,3
RNF212B,0.6391582217935586,2
GRB10,0.6389347194428732,3
PRDX6,0.6386374589330566,3
HSD17B8,0.6382493973659115,3
LPCAT4,0.6381451288234551,3
LRRC17,0.6381216578768,3
MAGIX,0.6380077504593938,3
MUSTN1,0.6377503635567852,3
PEAR1,0.637614716479084,3
ABCB1A,0.6373586792957586,3
FOLR2,0.6373350711558213,3
CYB5R3,0.6372557123442503,3
POFUT2,0.6370494687196047,3
IGKV10-96,0.6367979733568109,3
GM14130,0.6367063991926687,2
MTHFSD,0.6367015431383977,3
ZSWIM3,0.6365851310914402,3
LITAF,0.6365176204276788,3
BCL7B,0.6364717237870009,3
COX7A1,0.6363114250329173,3
D430041D05RIK,0.6362454238019967,3
GRIN2D,0.6361709821346848,2
STARD9,0.6361446596903676,3
ZBTB46,0.6361352493884443,3
SLC6A13,0.6360193749113735,3
VLDLR,0.6360031887060119,3
IL10,0.6358204082895678,3
SERPINA3K,0.635763443624262,2
MTFR1L,0.6357057225281997,3
DCP1A,0.6356402502243221,3
CAVIN2,0.6353501143324805,3
CKAP4,0.6353261003751758,3
NLRP1C-PS,0.6350624137052842,3
COX7C,0.6349289881956509,3
BCO2,0.6348502563139569,3
CCDC116,0.6347373352641497,2
ZBTB3,0.6346646472833366,3
ALOX8,0.6346606953817082,3
NOVA2,0.6345048715214535,3
RPS19-PS6,0.6344690533117746,3
C230072F16RIK,0.6343731766760965,2
RMRP,0.634156079475632,2
CHIL3,0.63415126076969,3
CD300LG,0.634049888107432,3
PEX19,0.6340275429666113,3
VEGFC,0.6339546207336357,3
LMAN2,0.6338584020433996,3
ATP1A3,0.6336980903143145,3
LILRA6,0.6336749382312311,3
GM15201,0.6336406337363779,3
ADRB2,0.6335562280706402,3
SMPD1,0.6335476245759178,3
LTO1,0.6334266140086265,3
CLDN11,0.633212827030743,3
MT1,0.6328104485203672,3
TUT4,0.6325967994556349,3
PIGU,0.6325526601742487,3
DAD1,0.6325189954270294,3
DNMBP,0.6325082654836288,3
SULF1,0.6324402171897522,3
CCDC96,0.6324004988576154,3
TYW1,0.632334670069713,3
SLC5A3,0.6321790194369209,3
SGCB,0.6321745106768942,3
GBP3,0.6319966991024555,3
IRF2BPL,0.6319937015237919,3
CYSTM1,0.6314802180061229,3
ANKRD2,0.631435950248128,3
PCYOX1,0.6314059188957397,3
MCTS2,0.6307709780720596,3
TMEM167B,0.6302705667531607,3
FLRT3,0.6302243486316464,3
SYNE1,0.6302050539328503,3
WFDC21,0.6301075967450009,3
RASL11A,0.6300882725549124,3
ZMIZ1,0.6300639905754896,3
CDKN2B,0.6295898475228662,3
GM8494,0.6295242101787618,3
ABCA6,0.6295053209863424,3
ARHGAP31,0.6295003437223335,3
NDUFB7,0.6294273491649472,3
9530062K07RIK,0.6293986469617247,2
GM13056,0.6293403540880923,2
SLC12A8,0.6292621675426301,3
ERP44,0.6288572050714168,3
SCP2,0.6287774262540401,3
DGAT1,0.6287465162818979,3
RBL2,0.6286514171577259,3
ATP5MK|GM35857,0.6286251549613461,3
RAB30,0.6286175123902653,3
RGS12,0.6285630128709788,3
ANXA2,0.6283831863322101,3
ACOT11,0.6283059970697769,3
SP3,0.6282462936116046,3
D830030K20RIK,0.6279823020293797,3
BOLA3,0.6279140863885967,3
ITGAD,0.6279102372926513,3
BAG3,0.6277926502464666,3
MARCHF1,0.6277466058064168,3
H4C16,0.6277009992677547,3
GM5815,0.6275477500873452,3
SERPINA1B,0.6274264215535089,3
RP1,0.6273537534278351,2
TBC1D1,0.6273295428492806,3
FGFR4,0.6272198730962941,2
B3GALT4,0.6272170451904605,3
PAM,0.6271774568923082,3
CNNM2,0.6271149632132881,3
SHROOM2,0.627010749564023,3
COX4I1,0.6269645659005852,3
MS4A8A,0.6269009757208484,3
OSBPL1A,0.6267107899722244,3
PALM3,0.6265872992892237,3
CXCR5,0.6264705887891463,3
DGAT2,0.626422896306771,3
PNMT,0.6261350088184167,2
LNCBATE10,0.6258931316932621,2
THSD4,0.6258253335342302,3
HYAL3,0.6257937631560706,3
GM8080,0.6257912441964177,3
FHL1,0.6255584313787669,3
KLHL31,0.625432101813619,3
EXOC3L,0.6253413400834811,3
FRS3,0.6253292231757571,3
PDE9A,0.625141446766134,3
CD96,0.6249035548190092,3
2410018L13RIK|GM38699,0.6248832420286186,3
ITGA11,0.6248748854682544,3
ENHO,0.624867249890177,3
DNAJB4,0.6247856339214088,3
ITPRIPL2,0.6247750281295943,3
SEMA6A,0.6247193610163766,3
RALGAPA2,0.6247017222092411,3
ZKSCAN4,0.6245758127286295,3
TMEM140,0.6242384266440986,3
DTNBP1,0.6241945144573122,3
TBX18,0.6241624688910958,3
GOLGA3,0.6241530775976506,3
1700030C10RIK,0.6240887987845883,3
FURIN,0.6240051987698504,3
ZFP423,0.6239393633032492,3
UQCRB,0.6237670482398825,3
SEMA4A,0.6235385865434077,3
AZGP1,0.6235243367603488,2
DNAH7A,0.623159546501838,2
GNA11,0.6231155043497298,3
CRELD1,0.6229853649906103,3
ZBED4,0.6227603391470313,3
GM14148,0.6227317821038294,2
TECRL,0.6226844183508835,2
TCF21,0.6223108327410084,3
APOA5,0.6222934801908977,2
HDHD3,0.6222933687067093,3
CHID1,0.6222780617754228,3
PCNX1,0.6221539631007107,3
SIDT2,0.6221147165641053,3
CCDC93,0.621907904129832,3
EPHA3,0.6218362082498619,3
CTLA2B,0.6218302122288186,3
MMGT1,0.6215907868331346,3
SNX18,0.6215362773665817,3
B9D1,0.6210346826740869,3
SEC31B,0.6209914831477575,3
TRAF4,0.6209088706871534,3
TENM4,0.6208803055172049,3
PPP1R26,0.6204222904904128,3
C1QC,0.6202086175482265,3
PRAMEL12,0.6200476477657395,3
ACADL,0.6199244364181412,3
PGK1,0.619725021523676,3
POLL,0.6196345922050972,3
LRRC73,0.6194799095812203,3
CYP4F17,0.6193781726441631,3
RD3,0.6192986537865315,2
GM14487,0.6192924244999751,2
CD59A,0.6192865442469406,3
KLRB1C,0.6192601369180384,3
GM16537,0.6192197839670439,2
ZFP385B,0.6191545715618361,3
GSC,0.619132828031643,2
TUBB6,0.619111624432927,3
SUN1,0.6190815855941363,3
RNF11,0.6190814887728692,3
4930456L15RIK,0.6189249498245839,2
SLC37A4,0.6186575591495963,3
ANAPC13,0.6185976656544803,3
GM4335,0.6183685953956434,3
ST8SIA2,0.6183529649890142,3
SLC43A3,0.6179950136599942,3
AP3M2,0.6179705973364263,3
OAF,0.6179420775024315,3
GM11967,0.6178959547604408,2
FIS1,0.6178800630990982,3
MYOZ2,0.6178533716585186,2
VIPAS39,0.617850420063045,3
GKN3,0.6176659706601484,2
RBPMS2,0.6175093395047336,3
POLR2F,0.6173588062448386,3
SEC16B,0.6173323073759124,3
UPK2,0.6173279520642669,2
TMEM200C,0.6170585686823555,2
WFDC15B,0.6170374767089529,2
SIX5,0.6169332374576136,3
SERPINB6C,0.6166887196792951,3
SCYL1,0.6163579231306112,3
ANGPT4,0.6163332409340228,3
AW112010,0.6162459073836799,3
RALGDS,0.6158531539343864,3
SELENOM,0.6157148683423275,3
TMBIM1,0.6152209827193369,3
GM29773,0.6151154871007961,2
AFDN,0.6147139596572382,3
FKBPL,0.6146932054628276,3
SEC13,0.6146537212091582,3
TOM1L1,0.6145293281560065,3
ANKRD42,0.6142911521466429,3
SLC36A4,0.6140180958367196,3
AKT2,0.6138562803368492,3
9330158H04RIK,0.6138018020283424,2
ST3GAL4,0.6137154791405603,3
BANK1,0.6136778968355522,3
KIF19A,0.613264195879022,2
6430571L13RIK,0.6131054183534667,3
ABCC9,0.6130772840074522,3
HRH1,0.6130683402492009,3
MGST3,0.6130599634280117,3
CMKLR1,0.6129506034946383,3
ST3GAL1,0.6128902473996668,3
REC114,0.61260982736619,2
GATM,0.6126079659010434,3
NAP1L5,0.612571051839507,3
SLC2A3,0.6124671170788115,3
PHF11A,0.6124626836703738,3
UQCC2,0.6124540474875043,3
SOX8,0.6123936979988533,3
SLC6A14,0.6123136112949392,3
IKBIP,0.6122743459317576,3
TRIM58,0.6121110900336669,2
4930412M03RIK,0.6119823896405291,3
BCAS3,0.611958116928507,3
UHMK1,0.611699651332854,3
PPP1R14A,0.6115191721330335,3
SPRING1,0.6112990537939456,3
ZFP36,0.6112890805832975,3
GM32200,0.6110427023968593,3
MYO1G,0.6109953948770523,3
NAALADL2,0.6107783128400793,3
MC2R,0.6107368880596905,2
C1QTNF6,0.6105301002617747,3
TTC1,0.6104929039405946,3
HBA-A2,0.6102132112047441,3
VEGFD,0.6100832724946327,3
TAS1R3,0.6098234394727039,3
GPR183,0.6098177125252081,3
CLEC4B1,0.6096757903833355,3
PMP2,0.6095971073394555,2
ELOVL3,0.6093837851334521,3
GUSB,0.6092565318735584,3
PRR16,0.6091274498947844,3
LYPLAL1,0.6090477723404547,3
MITF,0.6090435746577504,3
CHST14,0.609024545930972,3
TMEM50A,0.6088565099246013,3
GPRIN2,0.6087200488674182,2
GM57565|GM25291|GM57668,0.6085340070805587,2
GM13226,0.6085022881452922,2
RAB27B,0.6084712343994527,3
EHD1,0.6082994454310672,3
IGKV8-24,0.6082441481074808,3
2210408F21RIK,0.6082316033819133,3
B2M,0.6081826442973766,3
TYMP,0.6081596316577891,2
BST2,0.6080007023227698,3
GP9,0.607866208312518,2
EHD2,0.6078614266831388,3
KANK4,0.6077465718483133,2
RASGRF1,0.6076850018041642,2
GSTM1,0.6076499185881729,3
ATP8,0.6074963038331811,3
PRDM1,0.6072058389472642,3
FNDC8,0.6069808850221122,3
GPI1,0.6069421972182757,3
ADPRHL1,0.6067883176494576,3
ALDH7A1,0.6067647558409152,3
TGFB1I1,0.6066916885134628,3
NDUFB2,0.6066608643832286,3
SRPX2,0.6066014041013802,3
NIPSNAP2,0.6065292628512585,3
RPS27RT,0.6061699624047718,3
BLTP3A,0.6057290972798951,3
NYAP1,0.6055642579056691,3
DIP2C,0.6055144890742262,3
AMD2,0.605463114442727,3
ZSWIM1,0.6051951064971146,3
ESPN,0.6051061851976006,3
ADIPOR1,0.6050663876081792,3
GBP5,0.6050500593757439,3
YWHAH,0.6049823618843981,3
PCDHGC3,0.6048753149873255,3
COLEC11,0.6048386548288319,3
SGIP1,0.604825479770466,3
TIMP1,0.6047777414192866,3
ATPAF2,0.6046876093666445,3
IGHV3-5,0.6037658370295717,2
LSM10,0.6037076964261349,3
C1QTNF7,0.6036914002832671,3
CLSTN3,0.6036475120502353,3
CD14,0.6036303785707763,3
ZFP791,0.603584284292274,3
GANC,0.603472948157559,3
FIZ1,0.6033674761121827,3
BAD,0.603359990241846,3
THBS2,0.6031332057206381,3
SH3BP5,0.603106195765816,3
LRP3,0.6029181373653674,3
SNAI3,0.6029064592051975,3
PTPN11,0.6028494272286583,3
B430212C06RIK,0.6028280073843941,2
ASTN2,0.6028245314733621,2
A330023F24RIK,0.6026379300890033,3
KLHDC7A,0.6024655412762391,3
ARRB1,0.6024601417598324,3
TRP53RKA,0.6022118819358401,3
FOLH1,0.6021241816450577,3
SLURP1,0.6019638131827886,3
TTC38,0.6018474292157862,3
RAMP1,0.601702163759476,3
IRS3,0.6017017701805101,3
NEK9,0.6014279683103655,3
SLC22A12,0.6011169457050329,2
GM27021,0.600866244643483,3
GM9276,0.6008644971229598,2
DYRK1A,0.6008119087138716,3
TUFT1,0.6007373335384794,3
CLN5,0.5999398993691578,3
CPEB2,0.5999176277072319,3
MOCS2,0.5997173005213442,3
CLPTM1,0.5995281560376031,3
SCNN1A,0.599443995629695,3
NRXN2,0.5993659844971478,3
CD300LD,0.5993084188851291,3
VPS11,0.5992122180904612,3
PILRA,0.5992041852790629,3
GM10654,0.5991508069390277,2
2010003K11RIK,0.5991404760640596,3
P3H1,0.59905294082553,3
ZFP872,0.5989526077978647,2
TMEM35B,0.5988606872521375,3
FAM81A,0.5988189068884568,3
CCDC190,0.5987972151185065,3
PLPP2,0.5985981671156491,3
ZFP652OS,0.598557406851346,2
SLC20A2,0.5983932486820694,3
ITIH1,0.5983611971956486,2
ADTRP,0.5981274863813681,3
UBAC2,0.598035256070765,3
SEMA3B,0.5979934609843974,3
NKG7,0.597957794737285,3
LGMN,0.5979010519222834,3
HIPK3,0.597872546797401,3
SNAP47,0.5978667743330807,3
FECH,0.5977831772601376,3
PRKAG2,0.5976397993678345,3
ZMYND19,0.5976296698133674,3
STAC3,0.5975975889695359,3
AKAP5,0.5975576440820428,3
CORO2A,0.597537971186317,3
EGF,0.5975046061327997,3
GPR155,0.5973218149096425,3
TRAV3-4,0.5972796032273414,3
ISCU,0.5972120157165661,3
TAFA5,0.5972068590515205,3
ND6,0.5971924054248686,3
LY86,0.5969284535687268,3
NMRK1,0.5967983913727778,3
BEST1,0.5966218142665696,3
TMEM186,0.5965424159625062,3
TOB2,0.5963354621515551,3
HOXB5,0.5961062223752793,2
ELF5,0.5960277799263143,3
FILIP1L,0.5959636479486033,3
PPP1CCB,0.5959311280505089,3
CLEC4D,0.5958651183369246,3
LIMA1,0.5958148291220114,3
MESP2,0.5957369419625859,2
NDUFA8,0.5956815081063543,3
PTGFR,0.5956622173746722,3
FRAS1,0.595567999167454,3
TM2D2,0.5955357818814976,3
GM23547,0.5952061124349529,3
HEPACAM,0.5951454639735009,2
EIF3D,0.5951327818964921,3
FAHD2A,0.5949441314582141,3
CCDC65,0.5947053732652976,2
CD52,0.5945814700054267,3
RSU1,0.5944405518197584,3
CRYM,0.5942705961092808,3
NABP1,0.5942621714910832,3
G0S2,0.5941614999545342,3
MAP7,0.5941335102970725,3
MGRN1,0.5940853994998405,3
TIMP3,0.5936478919196327,3
ADAMTSL3,0.5934597856875788,3
LPIN1,0.593376810122943,3
GOLGA2,0.593316868351364,3
TMEM266,0.5930721985145025,3
PTGES3L,0.5930128983623809,3
GSTM4,0.5929654167683305,3
CAR8,0.5929527622430573,3
IGFBP2,0.5929485380177439,3
PLCXD3,0.5928735822908459,3
I730028E13RIK,0.5927888503484339,2
NDUFA13,0.5927476068714699,3
LRRN2,0.5927217258321522,3
QPCT,0.5926058505017244,3
PILRB1,0.5923662332009407,3
UNC45BOS,0.5919648123449965,2
PGAM2,0.5916946063861951,3
CALML4,0.5916134822207845,3
DNAI7,0.5915266513730054,3
ABHD14B,0.5914717393325202,3
LYRM4,0.5914293588005289,3
ARHGEF25,0.5914067441783647,3
DNAJC5,0.5913571927585377,3
IGKV5-39,0.5913148607556813,2
AP1S1,0.5912529751190102,3
EDEM3,0.5910757623275043,3
CDR2,0.591061511717348,3
PON1,0.5907931658712752,3
GM12216,0.5905572176360511,3
NAPRT,0.5904607875134852,3
AKR1B10,0.5904352164582864,3
CALCRL,0.5902910082021365,3
1810008I18RIK,0.590256523225979,2
TMEM245,0.5900069089087955,3
SYT6,0.5899455646305133,2
TMEM208,0.5899441018363806,3
CCDC181,0.5899217622225069,3
LHX8,0.5898789270744234,2
GPR182,0.5898031403902705,3
PLXND1,0.5896525339125969,3
DYNC1H1,0.5896297076288844,3
NDUFAF4,0.5896107990949441,3
HPDL,0.5895586237256879,2
CCDC103,0.5895351307595786,2
MLYCD,0.5895175477026012,3
NAALAD2,0.5894938170191871,3
IGLC3,0.5894170997923046,3
APLP2,0.5893895657004592,3
MMP2,0.5892411125444589,3
KCNH2,0.5891212496806433,3
FGF7,0.589117906652152,3
AKAP1,0.5887047300901286,3
CHMP2B,0.5885632466589383,3
1700120C14RIK,0.5884613061900161,3
CFAP144,0.5881127696511604,3
ATP5MG,0.5880828906462522,3
CEBPD,0.5879788207793591,3
TBC1D30,0.587903430761927,3
VGLL4,0.5878898240077688,3
ATP11A,0.5877925534804471,3
DACT1,0.5876613174190356,3
TSPAN5,0.5876115375958288,3
PLPP3,0.5874836231709876,3
D830013O20RIK,0.5874833079834838,2
TCAP,0.5873975225938431,3
IGKV12-41,0.587321507883126,3
DDX3Y,0.5872987153259368,2
LRRN4,0.5872414182866462,3
CETN4,0.5871662481131991,3
SWSAP1,0.5871560080955328,3
ADIPOR2,0.5868088942015455,3
NAGK,0.5867856058604924,3
DYM,0.586726207593092,3
MMP28,0.5866838796566949,3
AI839979,0.5866192096827956,3
DHX38,0.5866177520751784,3
AEBP1,0.5865215849280864,3
CYP2J6,0.5862172533459621,3
FAM110C,0.5860341378334275,3
CYB5R1,0.5859947018463321,3
LDHD,0.5858180596729924,3
TDRD5,0.5856133911437893,3
DPEP1,0.5855987405251145,3
GAS2L2,0.5855136992860782,2
PDIA6,0.5854478430398579,3
TMEM237,0.5854316602973241,3
ENG,0.5853750081587985,3
CFAP73,0.5852499047033826,2
NDNF,0.5851704112283013,3
NUDT4,0.5851512111330025,3
GNAS,0.5848446707039865,3
ARHGEF40,0.5846185781630101,3
ADAM15,0.5845754853837728,3
PDLIM1,0.5845719814539639,3
TRIP10,0.5844898451108743,3
PIP4P1,0.5844588294816848,3
RFK,0.5842045336188443,3
ACSS2,0.5840335369584384,3
PRICKLE2,0.5837300785809765,3
GJB5,0.5837242504384063,3
LAMTOR3,0.5836507493943056,3
MMP9,0.5834559941594532,3
PCDHGB1,0.5834148818365166,2
KCTD11,0.5832721784066581,3
CALR3,0.5830941992452416,3
GASK1B,0.583074536102368,3
GDA,0.583004910080708,3
GUCY1B1,0.5829818397927656,3
PLIN5,0.5829222786938296,3
CLEC14A,0.5823891006197403,3
CAPN5,0.5823869829002184,3
H2-M5,0.5822499064933061,3
ADRB1,0.5821469966733894,3
SLC25A39,0.5818891161670202,3
GALT,0.5817797206854001,3
CYRIA,0.581739862250976,3
NPC1L1,0.5816836701909075,2
NXPH3,0.5814857203342915,3
SPRN,0.5814206118854964,2
EXT1,0.5811567375430753,3
CYGB,0.5811198872104318,3
AS3MT,0.5810440630720545,3
GPR135,0.581034534601511,3
TMED10,0.5809782215085665,3
HEPH,0.5808529042957016,3
GLUL,0.5808305694282007,3
AOC3,0.5807930170510023,3
PES1,0.5807408631276247,3
9330104G04RIK,0.5806468135506693,3
CYB561A3,0.5805849389377202,3
GM12167,0.580566206168768,2
FITM1,0.5804490491304932,2
MRPL42,0.5803345364318048,3
ARF1,0.5803342647097517,3
VAT1L,0.5801926012694724,3
TMUB1,0.5798697059908897,3
NFATC3,0.5798415767754203,3
TACR1,0.5796088238675461,3
SLC25A28,0.5795656284847206,3
PEA15A,0.579498060861768,3
PLPPR5,0.579487549816386,3
NINJ2,0.5791815502669683,2
WASF1,0.5791209901548802,3
CHRAC1,0.5790918800547603,3
GM6192,0.5790472642355158,2
HAMP,0.5790320804128907,3
MAOB,0.5788548973554717,3
FAM3D,0.5787877615345196,3
GM35546,0.5786843640570256,3
GSTT1,0.5785139985773177,3
MECR,0.5784925364027523,3
GATB,0.5781975217217015,3
TBC1D9B,0.5780412038704372,3
TREM6L,0.5779240362186426,3
MAPKBP1,0.5779137092524951,3
GIPR,0.5778607087181966,2
ITPR3,0.5777517550266319,3
TCEA3,0.577629048003571,3
E330017L17RIK,0.577627698242426,2
SURF2,0.5775974048507134,3
CYP2E1,0.5774487108008423,3
TRAPPC3,0.5773770406630553,3
EMC9,0.5773274640395495,3
ART1,0.5773113037702761,3
S1PR3,0.5772683357686911,3
GRHPR,0.5772542053158526,3
TOR1AIP1,0.5772424089487992,3
GPRIN3,0.57711400008457,3
NSMF,0.5770388420503715,3
LY6A,0.5769516733098332,3
SLC25A35,0.5768442069140058,3
HAUS8,0.5767527673389596,3
SERINC5,0.5763024524880259,3
TTLL1,0.5759941409399058,3
TMEM79,0.5759204848393634,3
ACOT12,0.5755568987338494,2
CCSER1,0.5754820565967163,3
ITFG1,0.5754251738186341,3
CORT,0.5752636486164588,2
TRARG1,0.5751464904538368,3
EDNRA,0.5750073703612517,3
CCDC159,0.5750009371929821,3
SCO2,0.5749019924916107,3
MRPL55,0.5747106353997992,3
NR1I2,0.5745801066906079,2
SEMA6B,0.5745003242829432,3
PPM1L,0.5743884437028725,3
ZFHX3,0.5742563933432899,3
4732419C18RIK,0.5741931594661127,2
AP5S1,0.5741287065037876,3
RNF144B,0.5739117986638312,3
MAD2L2,0.5739031887507161,3
OAS1C,0.5738914179815836,3
GM16201,0.5738560761738629,3
MARVELD1,0.5737141390366943,3
UBASH3B,0.5732695035074659,3
DDR2,0.5730543378424139,3
ZFP971,0.5729277492776168,3
PCDH18,0.5727398048134407,3
ZFP853,0.5727207111599975,2
NXNL2,0.5726483962110464,3
MOGAT1,0.5726304806403396,3
CPZ,0.5724879140877355,2
PPM1A,0.5724647996352473,3
AGPAT4,0.5722691608569663,3
TCF25,0.5715637714813873,3
ANKRD40,0.5714651071266158,3
NOS1,0.5713116781870187,3
CCDC47,0.5711848808173999,3
ARHGEF10,0.5711712406533488,3
SHLD1,0.5710884826481475,3
PTPN14,0.5706697860214669,3
CBFA2T3,0.5705264961837754,3
KAT7,0.5704685541996838,3
ACTC1DT,0.5704011378869916,2
NUDT15,0.5701384353583037,3
TRAM1,0.5699452377862478,3
ADGRE4,0.5698215205226195,3
CAPN13,0.5696810004273549,3
CDH22,0.5696568776923107,3
2310039L15RIK,0.5696486545668752,2
PCDHGA4,0.5695849313615444,2
GM11353,0.5695740400340012,2
A530020G20RIK,0.5695063218476409,3
FTL1-PS2,0.5693160195049907,3
CEACAM1,0.5691123051416532,3
MYBPHL,0.5690527239250602,2
2310010J17RIK,0.5690482950092964,3
CCR2,0.5688599601771495,3
CHST4,0.5688479699638499,3
PYCR1,0.5688005242742221,3
LRRC46,0.5687469317242453,3
ADRB3,0.5687235734735965,3
CCDC24,0.5685177680966469,2
SLC1A3,0.5682846908009318,3
CYP4F18,0.5682585310513012,3
MFAP3L,0.5682075160741095,3
ZDHHC7,0.5681858934492988,3
NHLRC1,0.5680858863043984,3
MYO7A,0.5680683752232388,3
RBFAOS,0.5679215646127773,2
EIF3E,0.5678570987029951,3
ZFP703,0.5677211365517293,3
MRGPRE,0.5676527293675705,3
ABHD11,0.567635192416187,3
PORCN,0.5676231130750057,3
DYNC1LI2,0.5671165700194823,3
TAF9B,0.5670261337536874,3
CGNL1,0.5669733376886145,3
RAB3IL1,0.566910022990386,3
RCL1,0.566877154464637,3
COX19,0.5668143527471695,3
LAMTOR4,0.5666729650614529,3
TUBGCP6,0.5665374156373427,3
SDHB,0.5664913612124269,3
IL16,0.566325733584134,3
TPM3-RS7,0.5663127161765343,3
GMNC,0.5661595698245869,2
TTC7B,0.566105668962292,3
FAM162A,0.5660193477584317,3
LANCL1,0.5659787911422688,3
TMC7,0.5659422136161906,3
CIB4,0.5658685219214405,2
KLK1,0.565854728305556,3
CAR11,0.5653172940461078,2
MRM2,0.5652819187340438,3
TSPO,0.5650868748272226,3
3930402G23RIK,0.5650788776211862,3
NTNG1,0.5650162553463828,3
PJA1,0.5650107123780631,3
HAP1,0.5648914347125272,3
ODAD3,0.5645272281795499,2
NUGGC,0.5644694014755712,2
TREM2,0.5643989527290733,3
ENDOG,0.5643317372501859,3
ECHS1,0.5642228962349702,3
THBS1,0.564210096575736,3
ZFP839,0.5641986983199923,3
PDE4DIP,0.5641668962637737,3
PRR32,0.5640524702655977,3
MRPL20,0.563971262787175,3
IQCN,0.5637994121720739,2
INPP5A,0.5637192676891537,3
GM10532,0.5636291955627196,2
OCSTAMP,0.5635034543035937,3
GM11627,0.5633987983761989,2
CSF2RB,0.5633935734296281,3
CCDC122,0.5630218858126221,3
HJV,0.5628853887089017,2
LHFPL2,0.5627397732090905,3
1810034E14RIK,0.5627229952532721,3
RIGI,0.5626697818283116,3
GM10433,0.5624211259748385,3
RAB12,0.5624087538517518,3
TXNDC15,0.562279450015723,3
GATAD1,0.5622072691756143,3
IGHD,0.5619663043023582,3
NR2C2AP,0.5619540631416184,3
8030453O22RIK,0.5618831138735504,2
PTDSS1,0.5618028622482233,3
KCTD12,0.5617568996394549,3
RHOA,0.5615261660073344,3
CHMP5,0.561393743481034,3
GBP2B,0.5612965388548942,3
AGT,0.5612126735443446,3
BMPR2,0.5611540208178296,3
TGTP1,0.5610991528726922,3
UGGT2,0.5610098797085527,3
CAPN3,0.5609544677044239,3
GM15543,0.560925926219617,3
FOXA3,0.5608747300616654,3
RPL3-PS2,0.5607667968799963,2
INPP5E,0.5606903342476085,3
SORCS2,0.5606822826331826,3
ADRA1B,0.5604827188374227,3
SIK2,0.5603197136840417,3
BASP1,0.5602709973531542,3
SCAMP2,0.5602009529180961,3
UCP3,0.5601647283539432,3
PANK1,0.560144077117356,3
KY,0.5600382547659715,2
DDX24,0.5599707264417666,3
SLC7A11,0.5597805970965891,3
NOL4L,0.5597014437651203,3
SRF,0.5596633128569363,3
COPS7A,0.5596581433842688,3
IGHV1-53,0.5595894836399662,3
POU2AF3,0.5595030942055536,3
SDCBP2,0.5594785372404997,3
CYTH3,0.559224622261226,3
TMEM44,0.5592079285574715,3
CELSR2,0.559177700262646,3
GM13398,0.5589349625778465,2
AK5,0.5587116206496099,2
PER3,0.5586482919489403,3
GM9625,0.5586080965238175,3
SCOC,0.5585261284393432,3
HHIPL1,0.5583620539815103,2
WNT5A,0.5583543581475672,3
PRKX,0.558292784444882,3
PCYT1A,0.5580948287708085,3
KCNA2,0.5580807255867032,3
TNNC2,0.5580590654940669,3
NPDC1,0.5580488151266814,3
AMOT,0.5580286034644587,3
ATG9B,0.5579786719519285,3
GM28729,0.5579434840047766,2
SLC19A1,0.5579422155340534,3
PRR13,0.5578832509800873,3
GM6652,0.557845953583307,2
PLXDC1,0.5577817269107442,3
GPR146,0.557633660542527,3
IL17D,0.5576067130572425,3
PGAP2,0.5575967709873885,3
HESX1,0.5575728514662768,2
CARD19,0.5575004877408961,3
HAND2,0.5572917036475463,3
ARRDC2,0.5572039121063315,3
DNAJA4,0.5571888292853618,3
ARPIN,0.5571571832245032,3
S100A16,0.557066687241936,3
SIRPB1C,0.5568231066188244,3
DGUOK,0.5567074449006449,3
INAFM2,0.5566117334096867,3
SLC7A2,0.5566081503439947,3
CERS4,0.5564095979484774,3
FBXO25,0.5563444725575378,3
PAPSS1,0.5563182634995304,3
DNAAF5,0.5563079135755177,3
RAB8A,0.5562866061774968,3
PTTG1IP,0.5562289988705144,3
SSR2,0.5560834463673461,3
BORCS8,0.5560688103371402,3
ZEB2,0.5560148352173812,3
NPAS3,0.5559272292347798,2
PRAF2,0.5559003344375106,3
TBCA,0.5556549577790336,3
HSF2BP,0.5554269471221328,3
SPRY2,0.5553197079427257,3
LGALS2,0.5552303512512101,3
IGHV1-12,0.5549934719017294,2
4632428C04RIK,0.5548175340133508,3
P4HA1,0.5547636008294468,3
IL4RA,0.5547442934893557,3
6430573P05RIK,0.5546823756155737,3
LRRC3B,0.5546522747234144,3
C1QTNF9,0.5545148253761255,3
ACNAT1,0.5543379100914896,3
NAT9,0.5542893952214978,3
GM18807,0.5542724547309725,2
RIPK1,0.554094205997531,3
MGAT2,0.5540375796215818,3
LRRC14,0.5538309624911819,3
FAM3B,0.5534572850676138,2
S100B,0.5534491577808818,3
CTSH,0.5534294540349426,3
PKN3,0.5528385635337194,3
CBFA2T2-PS1,0.5525449179451624,2
NFYA,0.5524929158335403,3
TMX4,0.552485657838245,3
S100A10,0.5520682027751176,3
OSBPL2,0.5520556598175103,3
PLCD1,0.5518930663820482,3
P3H2,0.5518821693275356,3
ROM1,0.5517702808698389,3
STUB1,0.5517388766055799,3
SHROOM3,0.5517231544950181,3
INKA1,0.5516557849373208,3
SMIM41,0.551568270026468,3
VTN,0.5515396339785508,3
NEDD8,0.5515119073459408,3
IL17RD,0.5514800349686357,3
DYNC2LI1,0.5514589383767831,3
AXIN2,0.551306771327304,3
CX3CL1,0.5512760973733956,3
TM2D3,0.5509583341420495,3
CPSF4,0.5509580664096033,3
MEAK7,0.5508218818481191,3
DCUN1D1,0.5507462224010463,3
SYK,0.5506217607787841,3
CLEC3B,0.5505807896139087,3
TNFRSF13C,0.5505635733729392,3
MYH6,0.5505414630206388,3
SRPRA,0.5504403432182142,3
TMEM17,0.5504153477761341,3
GFER,0.5503134399757527,3
RPL21-PS8,0.5501488934637441,3
CABLES1,0.550075508933093,3
GM22614,0.5500689019408809,2
SMPD5,0.5499848940214376,3
PSMD4,0.5499728532662181,3
CRY2,0.5497944994285896,3
AFAP1L1,0.5496897479970932,3
NANS,0.5496779036579355,3
UBE3B,0.5494548021801895,3
RAB5IF,0.5493768710938249,3
SUPT6,0.549230007867794,3
RBBP9,0.5491771752102164,3
ARL3,0.5489707906823883,3
DYNLL2,0.5487562066503596,3
ARMH4,0.5485679476730795,3
NUPR1,0.5483915454650149,3
PHB1,0.5482253814866936,3
IGKV5-43,0.548076561849698,3
TRP53BP2,0.5480294292442037,3
FAM124A,0.5479212389604885,3
HSD17B14,0.5477526853691701,3
COL6A3,0.5475863289493073,3
MGLL,0.5473984174204762,3
RABGEF1,0.5472938129723008,3
GM33302,0.547148982481923,3
SLC17A7,0.547128627012833,2
3110070M22RIK,0.5470522908776837,3
OTUD1,0.5470005727346229,3
ZFP212,0.5469122859781649,3
STARD13,0.5467611589480189,3
COQ10A,0.5467211360021519,3
GIMAP8,0.5465470744802721,3
1700017M07RIK,0.5463812393176728,2
HRC,0.5463590015274062,2
HOXB6,0.5461952934160101,2
HEPACAM2,0.546167450390571,3
LRFN3,0.5461427527838,3
GM7932,0.5459437004874733,2
CENPB,0.5458998695629221,3
SLC22A21,0.545734586891613,3
MYCBP2,0.5455751015013591,3
EYA3,0.5455000410533464,3
GM34474,0.5454740406775049,2
CIAO3,0.5453419059065383,3
MCIDAS,0.5453107092027537,2
GM16576,0.5452394534739482,3
MED14,0.545009204065683,3
SP2,0.544921621397358,3
PHLDB2,0.5449143385843733,3
F10,0.5448858223758098,3
FTL1,0.54486327903316,3
UNC93A2,0.5446053684891491,3
DOCK9,0.544539510388094,3
EEF2-PS2,0.544523813109797,2
IGBP1,0.5444590901723765,3
DLX3,0.5444252964963067,3
GJC2,0.5442307399257891,2
KIF3B,0.5441368588049242,3
DOCK3,0.5441203204692631,3
VPS13D,0.5439938419597865,3
YPEL3,0.5436902060292547,3
ACTN2,0.5436605251666801,3
LRGUK,0.5436169924698965,3
DCUN1D4,0.5436130990325089,3
CITED1,0.5435053987554855,3
QTRT1,0.5434718715425562,3
MRPL54,0.5433432116855738,3
MDH2,0.5431180888373522,3
MKRN2,0.543092415967209,3
MAPK14,0.5428557940888664,3
LRG1,0.542644373003636,3
PRELID3A,0.5424930945492799,2
ZFP638,0.5424711439122857,3
EPC2,0.5423866599589845,3
BC035044,0.5422525500912689,3
TVP23B,0.542227936245886,3
P4HTM,0.5421959216372214,3
PABPC1L,0.542169605670017,3
ZFP442,0.5420360407417906,3
VANGL1,0.5420083325010769,3
RXRG,0.5419236147429278,3
DDO,0.5419005892055987,3
EFCAB12,0.5416770437790372,3
AKR1B1,0.541608313368632,3
SCUBE1,0.5415626096450015,3
HDLBP,0.5415185818427742,3
ARFGAP3,0.5414974483283634,3
PCDHB12,0.5414214923199574,2
CHRNA2,0.5413498044806347,3
GM13470,0.541201198762749,2
IL1RAPL1,0.5411757969633637,2
RGS16,0.541165784525473,3
CD300A,0.5410033662890249,3
GM25492,0.540966097828798,2
RAI14,0.5409455978236607,3
GM7628,0.5407357782853385,3
APOC4,0.5407148517144823,3
TUBG1,0.540638370418432,3
GPR176,0.5406215276588249,2
ND4L,0.5404013761543576,3
BICC1,0.5403192768876875,3
INCA1,0.5401473863350958,3
DMXL2,0.5401148671093262,3
CHAC2,0.540046727598028,3
SPI1,0.5400411213430182,3
PACSIN2,0.539788455248026,3
IGKV3-1,0.5397260387852295,3
RAB29,0.5395693095515784,3
NSUN7,0.5395299104427091,3
GPR55,0.539143121312708,3
AFG3L2,0.5390626508481144,3
TAT,0.5389634670562798,2
LAG3,0.538936988707474,3
SLC25A44,0.5389310580324825,3
HSF4,0.5388246482566458,3
DLK1,0.5386708870789123,3
NARF,0.5386152650104336,3
NR3C2,0.5385328090675993,3
LBX2,0.5384088132389252,3
LMTK2,0.5383832383132228,3
ABCC3,0.5382505550308835,3
PRCP,0.5381962179915191,3
CTCFLOS,0.5378660428212556,3
WNT9A,0.5375986028297183,3
SLC4A5,0.5373217031915646,2
ABLIM1,0.5373089120887405,3
LIPE,0.5372081353543355,3
MSX1,0.5370348409711408,3
CD63,0.536946348529207,3
ANKRD13D,0.5368435061406845,3
ITPKA,0.5366071492664438,3
FAM43A,0.5365776553071433,3
MYH11,0.5363548950620547,3
EXPH5,0.5363344992376593,3
STPG1,0.5360875706082202,2
NDUFB10,0.5359477407068037,3
TMBIM6,0.5359090516063184,3
RP2,0.535883546873792,3
THBD,0.5356811562098417,3
PER1,0.5356411363930543,3
MIPEP,0.535591620771536,3
5033406O09RIK,0.5355315546124072,3
CALHM2,0.5354864403579352,3
TWF2,0.5354185688961888,3
VWA5A,0.5353366160175973,3
CCL24,0.5351562799864286,3
OSTF1,0.5348401363218732,3
NDST2,0.5348258548824485,3
RPL35RT,0.5346876803325499,3
CCM2,0.5346775285405652,3
TMEM151A,0.5345382964572861,3
SYNGR4,0.5344630674322562,3
SHANK2,0.5343056079872656,3
CAR3,0.5341848188758112,3
RPL19-PS1,0.534160165136132,3
LRPAP1,0.5340753566033026,3
EMC1,0.5340715867621005,3
MTCL2,0.5340313812180629,3
YIPF6,0.5340262997845838,3
LIPT2,0.5339598200034346,3
IGHM,0.5339239842237532,3
H3C4,0.5338273482103184,3
EBF2,0.5337584305331494,3
SERP1,0.5336411197796515,3
PBLD1,0.5335704546799902,3
KLHL11,0.533513583182399,3
AMOTL1,0.5335098855173671,3
NRON,0.5334773915871406,3
D030025P21RIK,0.5333851893103151,2
CKMT2,0.5332427084071801,2
BTBD3,0.533228046050531,3
MUP19,0.5330844327586247,2
CD163,0.5328019007236605,3
MICOS10,0.5326456168009707,3
TANGO6,0.532605863474186,3
GALNT13,0.5324737043986831,2
LPCAT3,0.532416906256613,3
FAM210B,0.5321839075258972,3
VSIG8,0.5321600830914294,3
ATP6V0B,0.5321215961459219,3
PIRA1,0.5321132123483939,3
CCDC80,0.5321070391037495,3
DERL2,0.5320104025163372,3
PMS2,0.5319295099408915,3
SLC26A4,0.5317225395721953,2
SRGAP2,0.5317087111036485,3
HAS2,0.5314864613053578,3
SFXN1,0.5314465442796491,3
DECR1,0.5311557619642365,3
HACE1,0.5311195471933755,3
NBAS,0.5309720992936711,3
FOXP2,0.5308770414133351,3
APOD,0.5308633118531466,3
TRPS1,0.530799742140645,3
PWWP2B,0.5307826694067891,3
ESR2,0.5305629135403155,2
FAM151B,0.5303097602538597,3
ROR2,0.5302933609239185,3
LGALS7,0.5302573772717082,3
PPIB,0.5302344747805081,3
TTC39B,0.5301583025207136,3
NDUFB5,0.5301523074385788,3
TRAK1,0.5299801384234476,3
FLCN,0.5298424399142062,3
PIK3R6,0.5297386605077911,3
TMED3,0.5296397061797907,3
TTI2,0.5293909250848773,3
RHOBTB2,0.5293564815057653,3
ADH6B,0.5291850298958467,2
UNC13B,0.5291756148776113,3
MRPS18A,0.5291336025323281,3
ICA1,0.5290637165075877,3
MPIG6B,0.5290444941276222,3
IARS2,0.5290398487690827,3
EFNA2,0.5289851269302229,3
CASP12,0.5289808216349704,3
PROM1,0.5288560080921172,3
SPEER1A|GM6455,0.5286062577430265,2
CEACAM19,0.5285269695457884,2
GPR39,0.5283508816782101,2
PCDH20,0.5283099909631433,3
BAHD1,0.5282004310632421,3
DIPK2B,0.5281689514101067,3
RBMS2,0.5278868162505341,3
GM8355,0.5276964082204673,3
XPC,0.5275037821368628,3
EIF2AK1,0.5274709511223709,3
RGP1,0.5274237809853166,3
NCKAP5,0.5273290325742205,3
GRB14,0.5272277171601896,3
PIRA6|PIRA13,0.5271863036375749,2
IPPK,0.5269360452305091,3
PTGES2,0.5268683901188521,3
KIFBP,0.5266901173897064,3
PDE8B,0.526563179064539,3
SLC7A10,0.5265076071608038,3
RPL41,0.5263217929485268,3
CTDSP2,0.5262783740393914,3
LDHA,0.5262308556981264,3
KCTD19,0.526195880724183,2
ZFP467,0.5261909583678971,3
SDR39U1,0.5261227707924775,3
DAND5,0.5261166959720364,3
ZFP764L1,0.525879997756347,3
FAH,0.5258776623472893,3
CIMIP2C,0.5256217752516432,2
SERINC1,0.5256044819026288,3
HK1,0.5254754763578979,3
CHRM3,0.5254382987330516,2
REEP5,0.5253078312084393,3
IMMP2L,0.5252935875748238,3
DNASE2A|GM38426,0.5252434247694144,3
NADK,0.525202306670245,3
SLC35F6,0.5251631568358018,3
UGT1A6A,0.525151663576334,3
ART3,0.5249781587337302,3
TTLL10,0.5249765288949123,3
RASAL2,0.5247743463819621,3
PHF21B,0.5246397353327548,3
BDNF,0.5246288903438939,3
PPP4R4,0.524626743267898,3
KDSR,0.5245969498490056,3
OGN,0.5245578347080119,3
RIT1,0.5245427120577048,3
PTER,0.5244964387369733,3
GM10689,0.5243691821059442,3
F13A1,0.5243572332978118,3
EGLN1,0.5242378248901493,3
SERPINA1D,0.5242316297540616,2
NDC1,0.5241993343970167,3
MRPS11,0.5240472802622841,3
ATP5F1B,0.5240417062308268,3
OSBPL7,0.5240145575350181,3
SLC34A1,0.5239195242873278,2
ARHGEF19,0.523872813292518,3
ALS2,0.5238715058855502,3
SEC14L4,0.5238648627921433,3
EMP3,0.5238412624911727,3
TMTC2,0.5237796765605653,3
4833439L19RIK,0.5236926984362505,3
5730455P16RIK,0.5235928081596221,3
INMT,0.5234626062895648,3
DCTN3,0.5234480194994983,3
DHH,0.523431183500951,3
FUCA1,0.5231576146285541,3
TESK1,0.5231214653031675,3
CTSK,0.5230529283714352,3
PTPRD,0.5230117704419747,3
PITPNM3,0.5229962377754986,2
4930481A15RIK,0.5229564707471579,3
GM16104,0.5227988077034255,2
ATL1,0.5226963837985609,3
MMAA,0.5226186512579849,3
FES,0.5225995372562808,3
MTMR14,0.5225399727722168,3
GOLIM4,0.5225397679148834,3
PUM1,0.52241645665167,3
CATSPERG1,0.5223902636157258,3
SLC23A1,0.5222305002424342,3
SH3BGRL2,0.5221683563193449,3
RAB11FIP3,0.5221321264559706,3
WDR27,0.5217906325001406,3
USP13,0.5217781462786367,3
CUL4A,0.521737452454172,3
SYT3,0.5216094921195134,3
ZFP646,0.5212511754425176,3
NUDT18,0.5210976933377963,3
RAB35,0.5210083387738603,3
MZB1,0.5209921676463573,3
TINAGL1,0.5206989035012832,3
ZFP946,0.5205035989299748,3
GNA14,0.5204236408099205,3
RPL34|RPL34-PS1,0.52009886959284,3
MYOM3,0.5199063848617743,3
PAWR,0.5198504577314814,3
PHF11B,0.5197673332740848,3
FKBP9,0.5197666758675746,3
WDR45B,0.5197534476166447,3
HEXA,0.5197529026423463,3
HEATR5A,0.5197216933148568,3
COCH,0.5197198455155828,3
PRELID3B,0.5197192877446591,3
RPS11-PS3,0.5197099529800554,2
PVRIG,0.5194624068783089,2
MED26,0.5193795938369444,3
FBXO32,0.5192571916350395,3
RREB1,0.5190857841580857,3
VPS26A,0.5190453439682208,3
TMEM40,0.5190397745858489,3
PMM1,0.5189987316424266,3
CTF1,0.5188637957265504,3
GALM,0.5187146250279525,3
PREP,0.5185238860788992,3
BCL11A,0.5184654763862221,3
HIVEP2,0.5183478640583807,3
HOXC4,0.5183094637652981,3
MRPL43,0.5183082129703868,3
TMEM141,0.5181267127430674,3
DNAJC18,0.517903856412418,3
C2CD4B,0.5175405471036153,3
CAR7,0.5174705758045971,3
EMD,0.517393904665244,3
VWA3A,0.5173715947197005,2
HADHB,0.5171518778290217,3
LGALS3,0.5167760752795633,3
VRK2,0.5167759357314631,3
ZFP691,0.5167117608674815,3
KRT15,0.5166865743822708,3
IL1BOS,0.5166802735899223,2
PML,0.5164134424809269,3
MAFK,0.5163286527935923,3
RNFT1,0.5162114860860975,3
CFAP119,0.5161049936486515,3
NCKAP1,0.5160059418101827,3
CLIC5,0.5159220102488139,3
MMUT,0.5158393984928079,3
TMCO3,0.5157561702624962,3
PAQR5,0.515624141588991,3
SOX18,0.5155827229639088,3
ACADSB,0.5153017929701987,3
PKIB,0.5152936773522457,3
NDEL1,0.5151581346128179,3
EIF4E3,0.5150243646764326,3
CRYZ,0.514916814908382,3
GM53207,0.5148986929896362,2
SMURF2,0.5147436861848004,3
PFDN5,0.5143892437589,3
SLC2A4,0.5141959472996614,3
PEX11G,0.5141710996005081,3
TMEM102,0.5139899926636974,3
PPM1J,0.5138920447478903,3
SNORD89,0.5138396833799805,2
D16ERTD472E,0.5136730169825672,3
PAPOLG,0.513257480875504,3
NUDT2,0.513249868749808,3
SOS2,0.5131671964194751,3
ARXES1,0.5131105251711364,3
PDGFC,0.5130884467034006,3
MED16,0.5130129098080259,3
SDHAF1,0.5128224957022752,3
XDH,0.5127539901633532,3
GPC6,0.5125747184797121,3
ATP1B1,0.5124569222088086,3
ATP8A2|GM57492,0.5124343757586671,3
DTX2,0.5123941851743296,3
ART5,0.5123352143371306,3
0610005C13RIK,0.5122650286223952,3
CYP27A1,0.5122341604029504,3
ELMOD1,0.512158550411949,2
ALPK3,0.5121555968313156,3
AKR1B8,0.511929182687949,3
UBAP1,0.5118776437258165,3
H2BC22,0.511831051733651,3
LAMA4,0.511693978805224,3
AGER,0.5116467933210115,3
NCKAP1L,0.5116167845503917,3
ORMDL2,0.5115920364993459,3
DAB2IP,0.511568273717782,3
FGL2,0.5114991565972858,3
GM3005,0.5114989604942127,3
FGFR1,0.5114194827270252,3
SLC25A40,0.51125952790282,3
CHRM2,0.5112377975063451,2
TEAD1,0.5111205059135305,3
SUPV3L1,0.5109593292588842,3
FBLIM1,0.5108773498414302,3
CFAP126,0.5108225951534014,3
ABCB8,0.5106433604994566,3
PIRA2,0.5106159895068211,3
CFAP300,0.5105416490119318,3
FUT10,0.5104965881356118,3
IFIH1,0.5104523887558382,3
SRL,0.5104474705089371,3
GM9949,0.510426047622921,3
TRMT2B,0.5103796809468168,3
CTNNA1,0.5102962954287931,3
PTCH2,0.5101015732544049,3
ACAT1,0.5100799181931328,3
LMCD1,0.5099845532862237,3
CPXM2,0.5099070461967306,3
APLNR,0.5098970488510464,3
FPR1,0.5098163380581417,3
PTGDS,0.5097965883615124,3
ACTN4,0.5097298976742446,3
ANGPT2,0.5093223271286847,3
AI597479,0.5093129528164027,3
ENO3,0.5092337642132382,3
UBIAD1,0.5091201541695202,3
SS18L2,0.509092714771629,3
TMEM242,0.5090449489510837,3
PLOD2,0.5090449097492921,3
TPRG1L,0.5088567755918048,3
OPHN1,0.5086977556691389,3
MERTK,0.5086897639018234,3
PTK2,0.5086885371651498,3
FXYD7,0.5086164123503907,2
MRPL41,0.5085091136571303,3
WDR41,0.5084957674793903,3
CHMP2A,0.5084658393111027,3
SLC6A6,0.5084520306606809,3
NOTUM,0.5084066590691537,2
GM5113,0.508387270487994,3
USP8,0.5083785394257619,3
NKAIN1,0.5083364602327638,2
H2-K1,0.5081912338530099,3
ITPR1,0.5081519986686279,3
MTCH1,0.5080318118830904,3
TFE3,0.5080206250993885,3
PRKAA2,0.5079648583331718,3
COX6A2,0.5079619266585684,3
TM9SF3,0.5078800810560389,3
DBIL5,0.5077650991590309,3
ACADM,0.5074498136431741,3
UNC5A,0.5074472395491824,3
GM15972,0.5073192837559946,2
SEMA3G,0.5072614546564106,3
NRN1,0.5072184135817343,3
ERRFI1,0.5071825071455857,3
CNKSR3,0.507158986785996,3
GM266,0.507090617312163,3
MFSD10,0.5069719277508566,3
ACER2,0.5068677821088972,3
SNTB2,0.506766374503499,3
TOM1,0.5067017612214232,3
GNPDA2,0.506640935159286,3
RND1,0.5066338724302165,3
MAP3K5,0.5065121207554434,3
PPARG,0.5063914329229385,3
F420014N23RIK,0.5063625048013108,2
PIP4K2A,0.5063293706444979,3
MSANTD5L,0.5063079268997159,2
DARS2,0.506042815313363,3
CAR5B,0.5059826923278855,3
CSDC2,0.5059641667762159,3
TEKT5,0.5057643490550764,3
PLSCR4,0.5056681056110485,3
SNORA70,0.5055981107626942,2
ZFP91,0.5055704435150494,3
SPTBN5,0.5054135744851339,3
RIN3,0.5053143795309895,3
TULP1,0.5052417792897314,2
FFAR2,0.5052199283251418,3
AR,0.5050359052064001,3
RGMA,0.504784251511392,3
DHRS1,0.5047059436344808,3
ASNS,0.5046692073960889,3
CYBC1,0.5044741918177015,3
PTAFR,0.5043440939804577,3
DRC3,0.5042869534611394,3
COX2,0.5042531583803566,3
DNAH2,0.5041329390545632,3
MAT2B,0.503673873436112,3
EXOSC1,0.5036134197356027,3
CP,0.5035566571614543,3
CORIN,0.5035019090125388,2
ID4,0.503472545500265,3
0610043K17RIK,0.503402387534491,3
GM14322,0.5031554271417996,3
ERFE,0.5031397934632243,3
H2BC27,0.5030657461657078,3
NCBP2AS2,0.5029481459158328,3
GM29688,0.50293152370757,2
EHF,0.502807827309086,3
GJA4,0.5027763477952706,3
CAB39L,0.5023732397620673,3
C130074G19RIK,0.502241406103047,3
GM50470,0.5021575643814192,2
FAM177A2,0.5021347507501926,2
GM4956,0.5020770303398917,3
MYO19,0.5018144298418017,3
COMMD9,0.5017078403734597,3
TMED1,0.5016945327605217,3
FAM151A,0.5016284277929258,3
TLN2,0.5016208594521084,3
CLEC4E,0.5014052168488997,3
D930015M05RIK,0.5012814901391099,2
FGA,0.5011815856070762,2
BIRC3,0.5009806908578522,3
GM8326,0.5009623786324698,2
BMI1,0.5008859172363331,3
NR1H2,0.500871149136624,3
SERPINB6B,0.5007408215247401,3
PDK2,0.5005139874283718,3
ACAT2,0.500454678996699,3
TRIOBP,0.5004366088192029,3
TNXB,0.5003919552687454,3
URGCP,0.5001832770784301,3
SERPINB9,0.5001767734189725,3
FOXO4,0.5000870328015011,3
NYNRIN,0.5000668091326821,3
D5ERTD579E,0.4998931337588257,3
DPP7,0.49963843301326527,3
GM6184,0.499567264084543,2
ARHGAP29,0.49935098968609176,3
SELENOW,0.49930263160928434,3
SIGLECG,0.4989511625856986,3
FOXC1,0.49881857653011635,3
ZFP111,0.4987859203297668,3
SVIP,0.49851830438886857,3
AA414768,0.4984489127678222,3
DUSP10,0.4983677223825753,3
PODN,0.4980402541471256,3
PCK2,0.49800101033998523,3
PRKRA,0.4979862886754489,3
PRTN3,0.4979425100720309,3
NENF,0.49789778277696506,3
CFAP99,0.497641945450638,2
GASK1A,0.4976207275012009,2
NADSYN1,0.4976098029531107,3
ANP32A,0.49757668214968215,3
NAT8F5,0.4974868891419747,2
PTGR3,0.4974111073715019,3
MRAP,0.4973292816507749,3
LOXL3,0.4973282267553529,3
MSANTD3,0.4972597943050343,3
COL4A3,0.4972350167452748,2
CNPY2,0.4966804115061554,3
TRIM32,0.49665723063673917,3
KCNT2,0.4966466325667782,3
PIRA2-PS1,0.49646440547853044,2
GNB5,0.49643900186277,3
CRYAB,0.49643299307448846,3
FAM20B,0.49641431794321195,3
KMO,0.49624864641910005,3
GPD1,0.4962200311645084,3
EMC6,0.49604651943222117,3
APOL6,0.4959918454769969,3
RNF185,0.49582776419482283,3
MRPS2,0.4957901132248368,3
DNAJC17,0.4957617555763085,3
SBNO2,0.49569611011305637,3
SLC9A6,0.495644753492702,3
SMIM20,0.49555968634908343,3
SPAG17,0.49551071419486725,2
PSMB7,0.4955051176412108,3
NT5M,0.49544707546755923,3
ADAMTSL5,0.49543129119896684,3
BMPR1B,0.49524355954501964,2
OSBPL3,0.49519690607880884,3
CFAP53,0.49516610160516433,3
1600010M07RIK,0.49505231612591755,3
ZFP446,0.4949821147897069,3
SERPINB6A,0.4948867919549235,3
POLD4,0.49480913964711104,3
CPNE3,0.49460709473212017,3
ADCY4,0.4945734826915819,3
SCAMP5,0.4945000704069455,3
SRP68,0.4943922434125803,3
TMCO4,0.49437864041525986,3
GM30082,0.49423923378755924,3
CCDC198,0.4939329775978265,2
MFSD2A,0.4938980588478097,3
TRIM56,0.49385915468065517,3
MSRB1,0.49385670634648315,3
CHP1,0.4936602225821356,3
IGKV17-121,0.4935045867924221,3
PHOSPHO1,0.49349138150693883,3
SCN10A,0.49347352406295547,3
RABL2,0.49333698557435685,3
LEPROT,0.4932847724810434,3
BBOX1,0.49328038504199817,3
BCAS1,0.4932268160113602,3
GPR160,0.49321745761769337,3
RETREG2,0.4929731265750295,3
JDP2,0.49295284429405256,3
CD8B1,0.4928136030137317,3
PHF24,0.49259479155849023,3
RHOB,0.4925714913699177,3
GM48552,0.4925117775744244,2
CSMD1,0.492445783485377,3
IER3,0.49244382772437917,3
LRRC41,0.49231033433529237,3
NOD1,0.492302639032713,3
SMARCD3,0.4922095212250432,3
GM36161,0.4917964182169558,3
SLC66A3,0.4916735170258763,3
PXK,0.49133420568563063,3
VAMP8,0.491291056878975,3
VPS28,0.4912264184650967,3
C1S2,0.49110386304031856,2
GAA,0.49104492382603765,3
ABL2,0.49100583353701294,3
IRX3,0.4909493607910517,3
DTNB,0.4908521370526652,3
COL5A1,0.4907894243814684,3
POLR1HAS,0.4907088778367235,3
CETN2,0.4905384284716341,3
ACOX1,0.4903763115092301,3
RALA,0.4902393314482281,3
GBE1,0.49023678152068473,3
FAM174B,0.49016453203985444,3
RELL2,0.48964855301559856,3
MYLK2,0.4895337593644558,3
GNG13,0.4895249437538318,3
ITGBL1,0.4894493789599959,3
SNF8,0.48918818909374573,3
CDO1,0.4891733967343188,3
LYST,0.48912561246005765,3
RETNLG,0.48911213834274747,3
EXTL1,0.48904630133368193,3
IMMT,0.488994572832082,3
MSANTD4,0.4889772233118901,3
SIRPB1B,0.4889521883769558,3
HOXA5,0.4887955197567717,3
GM10167,0.48874517750218655,3
APLP1,0.48862845598898685,3
PLEKHO1,0.48845428414236197,3
HCAR1,0.48839648576028133,3
SERPINA3B,0.4882442333144155,3
OSBPL11,0.48815172176179383,3
ZNFX1,0.48810808444820025,3
IGLV1,0.4879826918287191,3
SMARCAL1,0.48795864331691247,3
GM13199,0.4879001448678785,3
BFSP2,0.48788164684462765,3
GSTM7,0.4878310254505978,3
BOLA2,0.4878217046016904,3
CCDC115,0.48779967274355357,3
KARS1,0.4876607183781985,3
CD200R4,0.48746958024164205,3
TTLL13,0.48733741573505845,3
LACTB2,0.487263303379798,3
CDH5,0.48719710631015367,3
HDDC3,0.48716424764788974,3
AHSG,0.48711368553744344,3
RNF215,0.4870473766559231,3
TTC36,0.48701544346059283,3
SLC35F1,0.4869198876809164,3
ADSS1,0.48689382255503943,3
KANK1,0.4868853420613442,3
RHOC,0.4868212730363141,3
CNR2,0.4867362812098688,3
PLAT,0.4867019105945969,3
RBM47,0.4866373673246591,3
BAK1,0.4866156672453787,3
SLC16A3,0.48660833804563985,3
ETFA,0.4865353156466168,3
ERMP1,0.48651037608499587,3
CTNND1,0.4864248900664931,3
GABARAPL1,0.4863932213420066,3
SHANK3,0.4863778330334982,3
3300005D01RIK,0.4863358831271123,2
LRATD1,0.4862841043037555,3
ALG5,0.48620998211790384,3
BAG1,0.4861854525176044,3
CHRM4,0.4861564271360659,2
GOLGA5,0.4861554397114532,3
AK2,0.48610694206884775,3
WNT2,0.48584134649086735,3
FHL5,0.48557422543355405,2
H2BC8,0.48537718620549747,3
SERINC2,0.4852360963706704,3
NCKIPSD,0.4852193962011631,3
GCLC,0.4848817284826119,3
T2,0.48485128807545214,2
TPBG,0.4847106979535852,3
POLR3D,0.4846920844785254,3
FAM168A,0.48455687551716164,3
ZFP518B,0.4845159947013784,3
A4GALT,0.48450786910417176,3
AGPAT2,0.4844444964109483,3
IGKV1-110,0.48413733741584153,3
COL4A5,0.4841328173556796,3
ADGRF3,0.4841226586739243,3
A530053G22RIK,0.48411431737006483,2
MYOZ1,0.4840996131887971,2
A930007A09RIK,0.48407158356712515,3
ZSWIM6,0.4839738188689082,3
NEPN,0.48396964711224816,2
ASIC3,0.4839181511583624,2
ECHDC1,0.48371145141257976,3
DCTN2,0.4836886426412839,3
ODAD4,0.48363062918249516,3
TNFAIP6,0.48351699963288935,3
CYP4F13,0.48347147089089254,3
SERPINA10,0.4833644942484949,3
FAM83E,0.4833541110556976,3
EPHB1,0.4832424983822034,3
KLF15,0.48315356618737876,3
DFFA,0.4831380549077012,3
ZFAND1,0.48310903093085905,3
PAX1DT,0.48286380305203674,3
GM19765,0.48280735861614016,3
TRERF1,0.4827226534619989,3
IGKV4-58,0.48271893737585736,2
VAMP5,0.48233800463051385,3
CTHRC1,0.4820372872078523,2
MACF1,0.48184265817471683,3
CPQ,0.48161677226214983,3
RAG1,0.4816144524075356,3
STAC,0.4815607039282388,3
DISP1,0.4814050787623039,3
UQCC3,0.4812986916213476,3
GM7251,0.4812287087983786,3
RPS12-PS1,0.48118279844224154,2
TSTD3,0.48116714248038045,3
RPL38,0.4809404006099549,3
SMPX,0.48090570357635365,2
SLC25A20,0.48090279255219937,3
LAMTOR2,0.48078529409433163,3
HIGD2A,0.48077494621232847,3
4930592C13RIK,0.4806282443766987,2
PIP4P2,0.48052393799311083,3
PXMP2,0.4804384265808987,3
TCTE1,0.4804299418843505,3
GM9918,0.48035804795917203,2
ACKR3,0.4799420009482495,3
NRBP1,0.47993255019708475,3
OR13A19,0.47977551359207327,2
GPX1,0.47971409471311205,3
NKD2,0.47953058105804797,3
MUC20,0.4795188230329311,3
ADCY9,0.4793743138745638,3
INPP4A,0.4792912649113865,3
RPL31-PS16,0.4790886029962908,2
KLHDC9,0.4790429386966502,3
DIP2B,0.4790163946360799,3
GM7413,0.47896441439922266,3
CES1D,0.47893117766684107,3
GM12669,0.478807439063279,3
SH3BGRL,0.4788069424237436,3
BRSK2,0.4787968309282967,2
ASB18,0.4787506518670333,2
UTS2R,0.47872422574131224,2
D930028M14RIK,0.478700364120856,3
MAGED1,0.47859202939539003,3
TRIM63,0.4785349999350455,3
DYSF,0.47846206323103463,3
COL13A1,0.4784114475161749,3
LRRC28,0.478352466189397,3
HAS2OS,0.4781512841463684,3
GSN,0.4780428811430359,3
TOP1MT,0.4776980686541033,3
DNAJB14,0.47768941619917316,3
GM9396,0.47766193874605894,3
CRACR2A,0.477632382974094,3
DPYSL2,0.47760531758341535,3
SGCE,0.47756847333131053,3
MMP17,0.4775658846643704,3
BMP6,0.4774352370960917,3
SLC38A1,0.4774006535226399,3
A930011G23RIK|RASGEF1B,0.4773821180350026,3
HIBCH,0.47736572279884965,3
OXNAD1,0.4773444252299576,3
HERPUD2,0.47729893083085767,3
TMEM268,0.4770534429292334,3
MCCC2,0.4770227310213366,3
SPEG,0.4769349391567767,3
RTL5,0.4768843515996057,3
RAB17,0.4768083731011467,3
UQCRQ,0.47661011459609043,3
GM6222,0.4765155242987144,3
AKAP12,0.476503348240709,3
CAPN6,0.47643701176656067,3
SCRN1,0.4762204427147633,3
NDUFS7,0.4761028516752166,3
ATP5MC2,0.4759620524207599,3
ALKBH2,0.4759224627225482,3
BLVRA,0.47573294526025095,3
DPYSL3,0.47566914289134904,3
FITM2,0.4754934412667991,3
GM17228,0.4754458043562534,2
ADGRG5,0.4753350824321279,3
MYCT1,0.47526732943847505,3
KCNJ2,0.47524457830264505,3
ACAD11,0.4752349389105868,3
ITGB3,0.47513868730751496,3
R3HCC1,0.4751346486888739,3
TMTC4,0.4750399195749286,3
C3,0.4750072057530877,3
FXYD1,0.47500711265394563,3
HPS6,0.4749509335089306,3
GM15408,0.4748586378442396,3
SLC11A2,0.474813345903738,3
SPON1,0.47468260802701717,3
NCAM1,0.47441533483489634,3
ST6GALNAC6,0.47433706545726023,3
RITA1,0.4742657874725927,3
RFTN2,0.4741173924503075,3
GM5628,0.4739315711827153,3
2310039H08RIK,0.47386888682942274,3
ZFP57,0.4738101888977091,3
KIF9,0.47376045219343693,3
TMEM88,0.4737089189773635,3
DHTKD1,0.4736483382856176,3
VASN,0.4736283166408997,3
9330179D12RIK,0.4736106704105755,2
IL17RA,0.4735669099273978,3
CES4A,0.47351962907887457,2
POGLUT1,0.4734886967232254,3
TRPV2,0.4734883364392967,3
TCF15,0.47326583357793556,3
SNW1,0.47319789304232135,3
UBA1,0.47306720644960026,3
NLRC3,0.47299601893519694,3
OGDHL,0.47269493155651493,3
OAZ2,0.47245646937465163,3
GM13282,0.4724360714389591,2
ACSS1,0.47237757783353623,3
SLC2A5,0.472312659561392,2
SLC7A7,0.4720936213210917,3
TRNP1,0.4720500969551149,3
CCDC51,0.47204659727903236,3
MYLK3,0.4719796769303452,3
ATP6,0.47192769823051933,3
CC2D2A,0.4718561891133127,3
UNC5B,0.4718137611829714,3
TM7SF3,0.47178548411537885,3
GBP4,0.4717658522249322,3
HOXA2,0.47173395237628474,3
NUP133,0.47170525709872263,3
HAPLN1,0.47158556583568595,3
TSPAN7,0.4715459388371374,3
MXRA8,0.4714355310433584,3
GM17068,0.4713728362880036,2
ST3GAL3,0.47126901304505253,3
NDUFS4,0.4711683609343273,3
ZFP967,0.47096971355644596,3
TALDO1,0.47096658234172634,3
TK2,0.470961193867669,3
PEX11B,0.4708886544523305,3
PIM3,0.4708444980275326,3
RASSF4,0.47063365667141177,3
DUSP6,0.47063127732984045,3
H2AF-PS1,0.4706248866346829,2
TMEM218,0.470623337851889,3
ATP8B5,0.4705549700905704,3
LARGE1,0.4703835373610868,3
PNPLA6,0.47024398933977896,3
MTSS1,0.47016968580096274,3
CCR1,0.470088226947245,3
TRBV13-2,0.47007527588782855,3
FAM131A,0.4700200777355316,3
SEC14L3,0.4699963015364039,2
NRIP1,0.4699349490010531,3
PHF21A,0.4699233363564359,3
GUK1,0.46991984371642576,3
MPEG1,0.4696352739880821,3
SLC35E3,0.46963465748566374,3
CCDC113,0.46962791587482366,2
PSMF1,0.46958712275754144,3
PEX16,0.4695172401294547,3
DERL3,0.46942888532919674,3
NEDD4,0.4693566536599442,3
RRBP1,0.46931202081769,3
TOP3A,0.46921966989104497,3
UCP1,0.46905933111266057,3
B430319G15RIK,0.46903777188600504,3
DUSP14,0.46895045668375657,3
FSD2,0.4685244922487309,3
A330009N23RIK,0.4684884437438534,3
TESK2,0.46848765956275235,3
ECD,0.4684636814361254,3
ZFPM2,0.46844708900192084,3
PUS10,0.46841632272752437,3
DMRTA1,0.46834083423155265,3
MECOM,0.46831197320007734,3
ABCB11,0.4682914680426173,2
RAB31,0.46776615894251633,3
RBM20,0.467763859100053,3
SELP,0.46749796055647846,3
TANC1,0.4674788714045433,3
LIMS2,0.4674743238807866,3
C1QTNF4,0.4674364596983591,3
MASP1,0.4673466638392176,3
ACY3,0.4672739561541516,3
BCL6,0.4672531916890701,3
SBSN,0.4671110107530394,3
NSA2,0.4670977610453122,3
GM4013,0.4670963107769141,3
DMAP1,0.46697870010738113,3
PDE4A,0.46684737750466737,3
SPIRE1,0.4667908730402008,3
RFLNA,0.4667843077482895,2
APBB1,0.4665628835149229,3
PLK5,0.46651175285619667,2
ADAMTS20,0.46649200088121107,3
CARD11,0.46643726036412864,3
LCN2,0.466273595330307,3
TRIM10,0.4662729781287279,2
ZFP354A,0.4662508686060658,3
GM36283,0.46623974801925666,3
ENPP2,0.4662345639291618,3
DGCR2,0.46617991118632524,3
2700062C07RIK,0.4661116812434342,3
SNX2,0.46605192953824054,3
PLEKHJ1,0.4656301552274568,3
CRACD,0.46556830545515027,3
RHBG,0.4653189397037038,3
NUDT14,0.46524695333042415,3
AIFM2,0.4651801072871651,3
GPR108,0.4649726492810435,3
DNM2,0.4649551301292356,3
CD81,0.4647247868664081,3
GM18212,0.4647226459403543,2
TRAPPC12,0.46460981706292775,3
PCDHA4,0.46451831757117873,2
PHRF1,0.46451028660966825,3
MAN2B1,0.4644881711597531,3
KLRK1,0.4644840093158753,3
CEP85L,0.46447099856383467,3
PLA2G7,0.46443226255406717,3
ACOD1,0.46437057267776166,3
H2AC10,0.46431574303063844,3
DDI2,0.46422262511115736,3
TMSB10,0.46420981385444343,3
NHERF2,0.4641407570762163,3
ECT2L,0.46411154701870705,2
GM17634,0.4640536824677254,2
AU021092,0.4639909252400132,3
MAP3K14,0.4639797122835055,3
CLDN10,0.46383254095038406,3
GM33044,0.4637799026888336,3
PLXNA4,0.46333560379438454,3
WNT2B,0.4631933012473867,3
GM30948,0.4631781432932386,2
WWC1,0.4631711914278939,3
TCF20,0.46316804093945024,3
RSAD1,0.4631034138832885,3
HOPX,0.4628487607458351,3
GABRE,0.46269033194225,3
EPHA1,0.46258029387906113,3
VGLL3,0.4625056072938026,3
TCF24,0.46248495290209174,2
CAMSAP1,0.4624570795192997,3
KLRA8,0.4622407312403845,2
LTC4S,0.46219921404813397,3
TMEM204,0.46215354007216153,3
KCNJ15,0.4619580782573039,3
TNFAIP8L3,0.4619095911508269,2
CD200,0.4616540944560517,3
MCEMP1,0.4616341699301841,3
ABCC1,0.4616262808689923,3
TICAM1,0.4616068430915791,3
TRIAP1,0.46159032371500414,3
LRRC9,0.4613866759837509,3
PPIC,0.4613798870385782,3
EDIL3,0.46135484181752695,2
CRCP,0.4613509538232908,3
EOMES,0.4610488496684943,3
APOL9A,0.460970125151318,3
TEKT4,0.46088577395191527,2
PRUNE1,0.4608821759847804,3
PM20D1,0.4606587025002094,3
CD72,0.46063612588244945,3
AW209491,0.4605994149254644,3
DENND6A,0.4605274964875263,3
MMP15,0.46020906875968004,3
TSTD1,0.46001272904805574,3
MEF2B|MEF2BL,0.4598586197184143,3
GYS1,0.45983701411386835,3
2610528J11RIK,0.4597613802068175,3
RGS2,0.4596939175847126,3
TGFBRAP1,0.45967960718555645,3
HYAL2,0.45967432750766246,3
THTPA,0.4594694200267708,3
SHISA8,0.45931388431702785,3
ENO1B,0.45930498978372913,3
ADGRA2,0.4592841145469544,3
PLLP,0.45924513564581404,2
FLYWCH2,0.45911663409733633,3
FAM118A,0.4590685916912353,3
RAB7B,0.4589648936262905,3
GATA1,0.4587721013472239,3
PRELID2,0.45870896209911277,3
ST8SIA4,0.4586914578914936,3
FAM136A|GM30502,0.45868901087525854,3
WFDC3,0.45863083992274506,2
GRM1,0.4585920780152858,2
AURKAIP1,0.4585780764273029,3
9330159F19RIK,0.45849218580664103,3
SLC52A2,0.4583029904693779,3
HAND2OS1,0.4582058637271089,3
ANKRD29,0.4581275761233233,3
PBX1,0.45806940919132627,3
KLHL14,0.45789557236131134,3
CCR3,0.45789148337768376,3
PLSCR1,0.45788339783400195,3
MBLAC1,0.45785034619250875,3
RPL3L,0.4577475615833716,2
BCAM,0.4576863926072067,3
KLHDC7B,0.4572600777338968,2
PNPO,0.45725265566577783,3
SPEF1,0.457082405115242,3
PRSS34,0.4569204951207137,3
EEF1AKMT3,0.45687215765212985,2
2310015D24RIK,0.45679476981472605,2
TSC1,0.4567741857684955,3
TBC1D7,0.45672381801664425,3
GM867,0.4566172442931552,2
NDUFS5,0.45657845144039905,3
TIMMDC1,0.456378544376801,3
CTSO,0.4560809399727022,3
H2-T25,0.4559895558175446,2
DCAF12,0.4559844794171335,3
9130023H24RIK,0.45589017065506116,3
PPP1R42,0.45588881711592416,2
PCGF3,0.45576160092382006,3
H1F6,0.4557463570187002,2
DRAM1,0.4556953911841819,3
EPB41L2,0.45567196405633764,3
CYP11A1,0.455497705469975,3
UBE2E2,0.4554957367617787,3
SIL1,0.4554583231363185,3
SAR1B,0.4554538818199061,3
TSPAN15,0.455250007081323,3
ART4,0.45523218950261857,3
BET1L,0.45517266204617757,3
INTS10,0.4550915484911906,3
CYB5A,0.45496594328231765,3
IGHV9-3,0.4548175742339177,2
GM4767,0.45470271481787333,3
GPR68,0.4546450954984806,3
PDHA1,0.45458384139814756,3
TM9SF1,0.45453946547581897,3
ORM3,0.4544460654392903,2
GM16143,0.4543983851689377,2
SERTAD1,0.45409887149359346,3
IGHA,0.4540285138596018,3
D130043K22RIK,0.45389930699605135,3
ATXN7L2,0.4536055229959178,3
ADH1,0.45359407488368925,3
CYB5RL,0.45352227723644806,3
ZFP956,0.4534201778106876,3
SLC17A9,0.4533572351650474,3
GABRA4,0.4532838745391289,2
LDB1,0.4532187135370065,3
2210416O15RIK|CUEDC1,0.4531985869447526,3
KCNA6,0.4529754822675737,2
SDF2,0.4529480393063606,3
UBXN2A,0.4529352974898408,3
HEMK1,0.45292215328469343,3
IL22RA1,0.45288208624392373,2
FBXO4,0.4527653933557983,3
AFF2,0.4526871431079713,3
ATP6V1C2,0.45253882220950115,2
RAVER2,0.4525242942790608,3
PPA2,0.45250010940295776,3
GM12224,0.4523453824293168,2
TBL2,0.45212686139817276,3
MTHFD1,0.45207326473825366,3
SLC6A4,0.4520686257290481,3
PPP2R5D,0.4520134298744562,3
KREMEN1,0.45200183343692196,3
9630028I04RIK,0.4516278618142097,3
ZIC5,0.4515474296383866,2
DOCK6,0.45150253339944335,3
RAMACL,0.4512525448231402,3
SLC22A15,0.4512312611040063,3
RTN3,0.4509526936134733,3
CXCL14,0.4508498130268634,3
ORMDL3,0.4506850568357483,3
ARHGAP39,0.450669698090936,3
PSMD8,0.4504329019841351,3
GAS6,0.4502909337283882,3
SCARB1,0.44995232040500605,3
JPH2,0.44986640298831554,3
GLI1,0.44985681629958224,3
EFEMP1,0.4496085209833062,3
ATAT1,0.44959433528165915,3
ANTXR2,0.4495590723998833,3
MID1IP1,0.449372147016975,3
KLRG2,0.44936569657686737,2
ASPG,0.4492169434447826,3
KANSL3,0.4487017128375554,3
ABCA5,0.44833169885168617,3
PPP1R16B,0.4482397342985978,3
GNG2,0.44819170005988235,3
IRF7,0.4481449860469993,3
SMIM27,0.44811580014043817,3
EEF2K,0.447953827075043,3
GALR2,0.44776031433956726,3
SERPINH1,0.4477592811345285,3
ACTA2,0.4476799679818553,3
IGHV1-77,0.4476455765608485,3
FCRL2,0.44760799786225575,3
LMOD1,0.44747663997305526,3
PVR,0.44744475105694065,3
AGO4,0.447428034106105,3
H2-DMA,0.44736196787716337,3
SNX10,0.4473240419779812,3
IFI211,0.44730648999919165,3
MGST1,0.44703767699024405,3
FIG4,0.44695571121718486,3
EHHADH,0.44694811479706004,3
NIT2,0.4469076035691983,3
CPN1,0.4468993239396413,2
PITRM1,0.44688744941018443,3
HHEX,0.44675026564553066,3
CYSLTR1,0.44663401815875564,3
1700047G03RIK,0.446197637667858,2
GPN1,0.4461866926708444,3
EPB41L5,0.44581330603778646,3
CARMIL1,0.44541803164574517,3
OXSR1,0.4453947268102763,3
PCOLCE2,0.4453549803206371,3
FABP4,0.44531503338667283,3
ADAM28,0.4452121556695014,3
ZNHIT1,0.4451574508847999,3
MKRN3,0.4451444410185832,3
GM15867,0.44511923057673786,2
ATP7B,0.4450236427539021,3
RNF113A1,0.4448768632400726,3
RFX3,0.4447123353655175,3
ZBTB37,0.44459880940247265,3
NOL4,0.4445602039367184,3
RHBDD3,0.44452710670894274,3
SGCG,0.4441764509650101,2
LIPT1,0.4440627711093436,3
SOCS1,0.4440469689263387,3
RAMP3,0.4440215207281521,3
GM15232,0.444015370737604,3
HNF4A,0.44399588306948284,2
GM32389,0.4438979154846597,3
CHD3,0.44389742425311374,3
RNY1,0.4438658928391297,2
TECTB,0.44341190219798765,2
PSMD2,0.44331674786823755,3
EIF2S3X,0.4431985784782249,3
USP2,0.44319495339444154,3
PRKG1,0.4431830873286439,3
CRYBB3,0.443129296040539,3
CD79A,0.4430787197801931,3
PRPF19,0.44303862882959283,3
IGSF1,0.44294828727084945,2
ALX4,0.4427403623446161,2
1110059E24RIK|GM54192,0.44261095837596326,3
SGMS2,0.4425238849580963,3
3830432H09RIK,0.4423998265493618,2
ASGR1,0.44221690768070054,3
NFATC2,0.4421222138144005,3
THNSL1,0.4420769607891491,3
DMTN,0.4420248748260917,3
BACE1,0.44200909395606613,3
NDUFV2,0.44192096072496073,3
TRAV16,0.4419066297612442,3
TMEM14A,0.4419022621549136,3
CCPG1,0.4418756511271556,3
P2RY2,0.4418253438701403,3
GBGT1,0.4416719514092048,2
RPS6KA6,0.4413118829276647,3
GANAB,0.4412091299892527,3
FAT4,0.4411201713789303,3
CALR,0.4411166609240089,3
REC8,0.4406596500684394,3
SCTR,0.4406292533133921,2
KCTD8,0.4404364773237216,2
CALCOCO2,0.44042880495124503,2
WLS,0.44040354084587774,3
ITPR2,0.44039304323493234,3
PLAAT3,0.4401606045655853,3
XAF1,0.4401605881120263,3
ARG1,0.4401251683457444,3
WNK4,0.4399927818571734,3
IFT140,0.4399862901209794,3
FFAR1,0.43980835154220116,3
RPL17-PS3,0.4396349564410242,3
OVCA2,0.4394733164003144,3
TMPRSS2,0.4394378709268605,3
GPT,0.4393864689176157,3
ZFAND3,0.4392059429376993,3
FOLR1,0.43898793767584104,2
ADCY3,0.43888194801229713,3
SNX9,0.4388613820021756,3
NICOL1,0.4388612141420784,3
FGF2,0.43846179384686995,3
NXNL1,0.4383540583797751,2
GCC1,0.4382187804641616,3
LPP,0.438180374565049,3
MRPL51,0.4381741268573213,3
AI429214,0.4381063464772334,3
EBNA1BP2,0.43804722828582826,3
GMPPA,0.4380369084926728,3
SELPLG,0.43793311641076366,3
TEX2,0.4378813655463611,3
AP3M1,0.437768094172624,3
FAM222A,0.4377569553849208,3
GM16894,0.4377458285297537,3
PTGS2OS2,0.437674719609093,2
SLC25A16,0.4376140015222116,3
SCGB1C1,0.43760395361321036,3
IL17B,0.4375455656757891,3
G430095P16RIK,0.4375292109792497,3
SEC24B,0.4374846233618613,3
QRICH1,0.4374643242015022,3
PLEKHA1,0.43745756579061285,3
ZBTB8A,0.4372852491900148,3
PNMA1,0.4372642944232711,2
DAAM2,0.4372582267082025,3
CHCHD6,0.4371994642469745,3
TMEM139,0.43700723119762547,3
DNPEP,0.4368634717254671,3
PHC1,0.43668237979689833,3
CD46,0.43642315305550067,3
UPP2,0.43638104895529795,3
IGHG2B,0.4361797253378629,3
PLEKHO2,0.43569060358644746,3
TLCD3B,0.4354443334069553,3
GM19522,0.4350814610054406,3
BC005624,0.43507927999971224,3
TMEM185A,0.435053828312697,3
TOE1,0.43495496267652506,3
CSRNP3,0.43494960480573264,3
MPZL2,0.43488734763961706,3
KMT2C,0.4348402085812217,3
ZYG11A,0.43481115098329004,2
FNDC4,0.43475741988364386,3
PDGFRL,0.43471163076039526,3
TMEM213,0.43464300157868163,2
RBM4,0.43457451343106746,3
SZRD1,0.43447524557093414,3
FNTB,0.4344651874441012,3
TRIQK,0.43439070439585104,3
GNAQ,0.4342713223281535,3
UPK1A,0.4341399287867161,3
EML6,0.4340175444802529,3
SAT2,0.4338365367191506,3
CDH1,0.43379186190658486,3
CYBB,0.43353890268542744,3
CLMN,0.4332640733639397,3
LAMC3,0.4332144469691086,3
BPGM,0.43316685084993484,3
SVBP,0.43280017526007564,3
6430548M08RIK,0.4327649334207777,3
CCNO,0.43258978225674777,3
IGHV5-9,0.4325850196039962,2
MDFI,0.4324969133917615,3
FOXC2,0.43249014124077667,2
BNIP3,0.43235003363502206,3
IRX2,0.4322328271203784,3
MTRES1,0.4318987771702509,3
MRRF,0.43187887250148,3
TTC9,0.43176676743773396,3
RAB32,0.4317479644329381,3
ACSL6,0.4317410753647238,3
IGKV6-15,0.43165134742105615,3
ADAMTS8,0.43158921639323716,3
H4C11,0.43145314287583497,3
GM16136,0.4314058782639236,3
ODC1,0.4313958491441203,3
ANPEP,0.4313851021452219,3
REPS2,0.43129162993644615,3
ESR1,0.4307881425605322,3
COL4A6,0.4306588192504877,3
USP30|GM16108,0.43064754293502244,3
RANBP17,0.430630582802753,2
BEND4,0.43035874473282126,3
VPS26C,0.4301133087116466,3
EMILIN3,0.43008655556258346,2
GM12502,0.4300680841413358,2
FBXO44,0.43002679317873344,3
STX1B,0.42996595411382277,3
LHPP,0.4299659407942226,3
BAG4,0.42990148615046836,3
HSPA12B,0.42987386658986,3
NR2F1,0.4297845291292847,3
GFM1,0.42970859197605504,3
LDHAL6B,0.4295804012964283,3
IGKV1-99,0.4295700711784844,3
CST9,0.42935113728326707,2
GET1,0.42932355477889494,3
TACSTD2,0.4292831608951324,3
CYB561,0.42914663059972186,3
GM26520,0.4291239688768375,3
GM8935,0.4290897112839954,2
CREB3L4,0.42904633591985936,3
MYH4,0.42843746682161926,3
GM15510,0.42842455945807095,3
2010310C07RIK,0.42837176701161417,2
SMPD3,0.42836921207509354,3
FAM228B,0.42835752049430936,3
ZBTB10,0.42835250983460393,3
SIRPA,0.42819986389616477,3
NT5E,0.4281711565382847,3
SLC2A10,0.42803133461894216,3
ANGPTL8,0.4279062246196706,3
SLC35E1,0.42790436982927965,3
MANSC4,0.42789739300196433,3
FLVCR2,0.4277650325911056,3
GM16897,0.427757596689208,2
ABCD1,0.4276813655621657,3
IGKV4-59,0.4275526164876051,3
SNORD3B1,0.4275114717015609,3
IGKV8-28,0.42747733411302585,3
PCDHB20,0.42739208841123294,3
CBX7,0.42738258117791705,3
ZFP300,0.4273760740187407,3
OSGIN1,0.42733850885399804,3
RXFP1,0.42714261564201705,3
MRPL2,0.4269958595356334,3
6030468B19RIK,0.4269260063000155,3
RPS15,0.42687902340481837,3
GM10941,0.42686173501157776,2
AP3D1,0.4268547615774289,3
IFITM5,0.42683113999492767,3
FCOR,0.426783750104885,3
GM26760,0.4266185478343287,3
ZFP931,0.4265827518308412,3
SSMEM1,0.42654513130724436,2
CAV2,0.426525414267783,3
MAVS,0.4264881854938481,3
IFI204,0.42634653336990475,3
TSPAN33,0.42611828206263147,3
HOXD4,0.4261013068824364,3
GM18917,0.4260525048372832,2
NAP1L2,0.42594997129653267,3
GM18890,0.42593606200576517,2
ALDH6A1,0.4259228705687322,3
BIK,0.42586706479713926,3
CLEC4A2,0.425844952228188,3
GRIK4,0.4257917077685317,2
RPS2-PS8,0.42564077004173,3
MAP3K8,0.4256273672425774,3
PRORP,0.42536474576244654,3
SEC16A,0.42529436614606436,3
PKNOX1,0.42523435858192554,3
MID1-PS1,0.42510473646342567,3
KIF27,0.42510277505843025,2
NCOA6,0.4250960166586604,3
H2-OA,0.4250454088720626,3
TMEM106B,0.4249606440958174,3
GPC3,0.42493859849665644,3
SLC25A33,0.4247953544032084,3
CACNA1C,0.42463947328377133,3
TIMM22,0.42459361700955905,3
ENPEP,0.4245566618736993,3
GM16077,0.42450349248585595,2
ACTR3,0.424393480556622,3
SNORD13|GM57763,0.4242755492444936,3
EIF1,0.42426162224194847,3
METTL24,0.4242575833592648,2
LAMB2,0.42391302800324876,3
ZFR2,0.42376813653344286,3
1700012D16RIK,0.42368468051704256,2
SNTB1,0.42365699208770957,3
YBX1,0.42351241015852353,3
CAVIN1,0.4234407821155181,3
NFATC4,0.4234260586262824,3
1700030K09RIK,0.42338638481582364,3
LRRC39,0.42329810908160254,3
CSRP1,0.4232882373370744,3
LY9,0.4231283440566842,3
SAV1,0.4230661941864029,3
GM13203,0.4229152746917032,2
EMC10,0.4228076451358616,3
ELMOD3,0.42269562392334986,3
TOGARAM2,0.4226723224666272,2
SPATA13,0.42265824911511896,3
COL14A1,0.4226191709484623,3
NUDT8,0.4225566089190216,3
FTH1,0.422553077783804,3
NDUFB6,0.4225179882288648,3
GABRB1,0.422371572101112,2
REM1,0.42236912243226515,3
NPTX1,0.4222432506393418,2
SPATA17,0.4220665462686637,2
ZFP784,0.42196107621640655,3
PLAAT5,0.4218708612271267,3
KCTD3,0.42171342654504423,3
MRPL38,0.4216649070453177,3
1700037C18RIK|GM41410,0.42156582941291604,3
RPSA-PS5,0.4215467916345552,2
BBS7,0.4213501601942502,3
PIGK,0.42132024039807087,3
RPL19-PS12,0.421278763328443,3
TFEB,0.42127336741269755,3
PCDHGB6,0.42101952341665033,3
SLC25A25,0.420843696241608,3
PARD6B,0.4206865107185968,3
GM16044,0.4204058174533162,2
ALDH4A1,0.4203760285429669,3
NDUFB1,0.4202130796926135,3
TMEM144,0.42014167730378,3
SLC33A1,0.42012541552039084,3
GM54112,0.420120030017676,3
CENPV,0.4199845466547112,3
NALF2,0.4199170003183527,2
SLX1B,0.419843045163205,3
GM4668,0.41975337459953505,2
SLCO1A5,0.41970517111432876,3
GM25890,0.4196634187987736,2
LPAR2,0.4196626611814048,3
CFAP61,0.4196531424201237,2
SHOX2,0.4196397684828359,2
S100A6,0.41961944694486725,3
SNTG2,0.419592482743418,2
IRF5,0.41957343387581436,3
ZFAT,0.4195673065226008,3
EPCIP,0.4193964038534605,3
GABRD,0.4193635308225639,3
GM5563,0.4193563309570269,2
GTF2F1,0.4192081627363358,3
ZFP324,0.4191758115219726,3
ATP6V1B1,0.4191413670627313,3
ITGAX,0.41889412104281537,3
DOK7,0.41876172809427564,3
CYP4F16,0.41875607491756717,3
LAMA3,0.41868722746525755,3
MPV17L,0.41863997064476655,3
C5AR1,0.41857923555159865,3
BMX,0.41855039914321496,3
SLC25A47,0.418456258183292,3
TCP11L1,0.4182599215926861,3
DPAGT1,0.41814301169582996,3
MAGEH1,0.41801645067529414,3
TMEM74B,0.41786039369501166,3
IDUA,0.4178491070050379,3
RAPGEF1,0.4178078333386562,3
GM26448,0.4177501947306747,2
TMEM14C,0.41759268782244213,3
B230206L02RIK,0.4175920736752354,3
CAP2,0.41755184906376436,3
RAB34,0.4174672991283523,3
NAV2,0.4174583667683464,3
MORC4,0.41741803058939725,3
PRRG3,0.41739291301318054,3
ZFP941,0.41734155785188937,3
RNASEK,0.4173216490228207,3
MS4A6D,0.41730366869404606,3
SLC34A2,0.4172566175054793,3
MRPL12,0.4170594468235936,3
TRIM21,0.4168960698526449,3
SLC35D3,0.4165641010856398,3
OLFM1,0.416496196855814,3
AI467606,0.41649012855583295,3
UBXN6,0.41644379179138175,3
RTL8C,0.416212824128485,3
CDH2,0.4161342585572396,3
DOCK5,0.41607600174504866,3
RASL11B,0.4159094597783577,3
NFU1,0.41589115579055047,3
DPEP2,0.4158300007164281,3
PSMD12,0.41578039530361455,3
RBP7,0.41542356316164636,3
HAVCR2,0.4154018061201102,3
YWHAQ,0.4151975374437457,3
NAV1,0.4151173739440153,3
EIF3C,0.41507070535499624,3
1700001G11RIK,0.4150685544290811,3
TXNRD2,0.41496471664887463,3
TRIP6,0.41495841896518026,3
MTERF4,0.41482139634780424,3
TGTP2,0.41477727312076845,3
MMACHC,0.4147554303813643,3
RNH1,0.41472174584320337,3
AFAP1,0.4146994507522057,3
IGKV3-7,0.41456923262097917,3
CCM2L,0.41454357565476085,3
JPT2,0.4143839487273288,3
NIPAL2,0.41435349875112193,3
CYP2C23,0.41427075355500076,2
ACTG2,0.41418504213854684,3
GM34267,0.4141592070229758,2
DOLK,0.4138518480140519,3
TNNI2,0.4137944524070007,3
HBP1,0.41374911028506983,3
GM4853,0.4136462344958177,2
CCDC146,0.4135020029031234,3
H2-K2,0.4134472380999729,3
HBB-BT,0.4134034513559877,3
TRNAU1AP,0.41330891888635174,3
4930556M19RIK,0.4133069349787856,3
HDNR,0.4130394855614598,3
ACSM5,0.413027285406756,3
H4C8,0.41300963186039946,3
IL15,0.4129661054852385,3
GTF2IRD2,0.41296140212505034,3
TBKBP1,0.4129321323609754,3
2010315B03RIK,0.41290804407440135,3
DUSP1,0.4128073218586614,3
PLA2G2D,0.4127269563630616,3
TPI1,0.412708562178212,3
AAMDC,0.4125039021586386,3
RABEP2,0.4123685790933899,3
SARS2,0.41210605294274066,3
RAD23A,0.4120389034517262,3
CHKB,0.41189183095093124,3
SLC26A1,0.41173268743897645,3
GM42067,0.41171569956279336,3
F2RL1,0.41154386987192076,3
RRAD,0.4115146842096357,3
LOC102637806,0.41133451721587044,3
GM11366,0.41100613746154574,2
NNAT,0.41088695762525124,3
CYFIP1,0.4107304830941565,3
IFI208,0.4107008027028371,3
CDK18,0.410611832417898,3
EDNRB,0.4106084565887483,3
GM4799,0.41046930713401847,2
GM26688,0.4103940499714246,2
MST1R,0.4103018279289445,3
4930570G19RIK,0.4102131945845984,2
IRF1,0.41016525403686277,3
PDE6G,0.41012708565495704,2
GM12435,0.4100723579933563,2
HOXB3,0.41004236410141903,3
MAN1B1,0.40999631434148925,3
IFITM10,0.4099677463023547,3
MFSD4B3-PS,0.4099333626319341,3
GM35986,0.4098445473397649,2
H2AC21,0.40981609589411233,3
RECK,0.40974648868877916,3
LINGO4,0.4095671594714849,3
SLC47A2,0.4095395136848352,3
GM45351,0.40932016978084934,3
CDKL4,0.40926704605053826,3
FBXL8,0.4092233776514493,3
JMJD8,0.4091242044167891,3
STX7,0.4090286430858802,3
SERPINB8,0.40888315317463536,3
TBC1D2,0.4088070896168372,3
FBXO27,0.4087974369143929,3
ILDR1,0.40848874545666286,3
WIPF1,0.4084654383420812,3
DMD,0.4084409656886428,3
TTLL7,0.40844036292295344,3
TARS3,0.40829277987111956,3
TSPAN17,0.40826381557219893,3
1700009J07RIK,0.4082207247674003,2
SCARA3,0.4082197483223014,3
HOTAIRM1|HOTAIRM2,0.40820964941454635,3
TCTN2,0.40819849000247505,3
D2HGDH,0.4081512411341077,3
RAB38,0.4081166910167619,3
SEC22C,0.40811234371785216,3
FAM161A,0.40802481005498265,3
DRC7,0.40784458250280914,3
FCRLA,0.40784139610029024,3
KCND2,0.4078331970133459,2
LRPPRC,0.4077825626766838,3
ITM2C,0.407772976450917,3
UCKL1OS,0.4077599585029803,3
NEXN,0.4077557063164688,3
RRAGA,0.40766659938169775,3
CLVS1,0.40765557458509116,2
PIAS3,0.4074115709031337,3
OAS2,0.4072125358149507,3
AHR,0.4071876063632418,3
FNDC10,0.4071840115873789,3
METTL21A,0.4071127847094038,3
AGL,0.4070757080891465,3
BMP5,0.40699945063614296,3
CD2,0.4069868929603582,3
HP,0.40674232095267193,3
TDRD7,0.4066208118726078,3
HOXB5OS,0.4065705659755765,2
UROD,0.4065365698239846,3
FAAP20,0.4065205514251491,3
SETD7,0.4064751879467427,3
SEMA3C,0.4064370993383873,3
PKD2,0.4063496496176137,3
UBQLNL,0.4063096184043352,2
PTGR2,0.406295372695793,3
DCBLD1,0.40620825521377696,3
COL3A1,0.40616992836815263,3
ATOX1,0.4061049711463613,3
MEIS3,0.40593310075199757,3
LPL,0.4053296483661344,3
CCDC57,0.40526390353902775,3
CFAP141,0.4052203520526845,3
TNFRSF17,0.40519301306113925,3
MS4A4B,0.4050648426743712,3
D830026I12RIK,0.4049369657555321,2
GM10291,0.4048770070943074,2
PCDH19,0.40476475137276885,3
MZT2,0.4047261653861103,3
IGFBP7,0.40468821381725606,3
EPHA4,0.40437187755573395,3
LHX6,0.4043047315960009,3
MRPS28,0.40421650825594035,3
ADIPOQ,0.40410644845333765,3
ATG4B,0.4039929424743949,3
RHOT1,0.4039660351288264,3
BCKDHB,0.4039204797348089,3
GPD1L,0.40391586657753775,3
HOXC5,0.40385705454433535,3
1700017B05RIK,0.40385256953830545,3
KIRREL1,0.403435583549751,3
WDR81,0.40326408732789015,3
C1GALT1C1,0.4031472311566873,3
GRIA1,0.4030982489867296,3
HRAS,0.40309541134360477,3
RGL3,0.4028568950862992,3
PDZRN3,0.40272143751704337,3
KCTD17,0.4027126774706358,3
DNAH5,0.40254083591459394,3
GRIPAP1,0.40253291558798,3
ITIH3,0.4025131163725552,2
DPM1,0.4024933560085108,3
CBX8,0.4024869391591102,3
NELL2,0.40245698306472755,3
TFB1M,0.4023791875623815,3
MRPS12,0.40231821196387374,3
PADI1,0.40227131748344186,3
GM12409,0.4022342037579057,2
TUBA8,0.4022175289925116,3
4931406C07RIK,0.40216953730394894,3
DRP2,0.4018384593158221,3
NCOA1,0.4018080260379318,3
PADI4,0.40144811905228006,3
SMG6,0.4014219147655938,3
P2RY6,0.4012007402163504,3
ICAM2,0.4011959317514722,3
SMAD9,0.40106917684861965,3
PEG10,0.4010648451927377,3
PRPF8,0.40104265361556846,3
SEPTIN9,0.401033815352448,3
NRF1,0.40102875460995424,3
CLCA4B,0.4009986894801411,3
TBC1D20,0.400849310459434,3
MTHFS,0.40071242387751255,3
SORL1,0.40061603672341245,3
WRAP53,0.40057785861250034,3
LEP,0.4005141703703581,3
SELL,0.4004722615896041,3
CHRDL1,0.40044575357196316,3
ZMPSTE24,0.40032973506231073,3
MXI1,0.4002725413399213,3
CD37,0.4001146750432427,3
STK4,0.4001097795245556,3
NUDT11,0.40000753995004984,3
GM35612,0.3999150378508158,3
GM13375,0.3999127658065816,3
INPP5B,0.3999043926702437,3
ARHGDIA,0.3997707974988705,3
ZFP110,0.3996665245457889,3
BMYC,0.3996041787916565,3
PGM5,0.39954498114091086,3
FBXO36,0.399535062918601,3
ARSB,0.3994578396250164,3
GM8925,0.3994480625378589,3
PINK1,0.3992587548337889,3
KLHL18,0.3992174241032649,3
IGHV1-5,0.399201943861428,3
C1S1,0.39913937794913706,3
GM17870,0.399125579090364,2
WDR38,0.39897674253735205,3
NRADD,0.3987532357193507,3
APIP,0.39874994138592834,3
CACNB4,0.39865315416514296,3
PTPRS,0.39862692241821446,3
SLC2A12,0.3985236443980587,3
PSME2B,0.3984441959447999,3
FAM193A,0.3984389896184557,3
VASH1,0.3984356270776804,3
HTR2A,0.3984069887502807,2
GSTT4,0.3983974198392312,2
VILL,0.3983671095652655,3
GM14418,0.3983584296540032,3
GM14399,0.39835467438684974,3
ASL,0.3983488300576042,3
WNT8B,0.39828667579907145,3
ZFTRAF1|GM57852,0.39823386263831256,3
GM14441,0.3981717798248755,2
RAP2A,0.39816101222790085,3
TMEM64,0.3980017404327462,3
TPCN1,0.39797575614445097,3
MGME1,0.3979271344346255,3
ZFP143,0.39790011900945266,3
BFSP1,0.39787059617510584,3
BTF3-PS18,0.39772748238621386,3
FGD5,0.39767146450607643,3
CUL7,0.3975191764758925,3
RNF216,0.39715955999410735,3
GM8054,0.3969840600951848,2
DCUN1D3,0.39682102475595354,3
SMAD1,0.39672216355661655,3
ATP2A1,0.39667581837893406,3
ADA,0.3966004770388212,3
PPP1R10,0.3965977671249688,3
SH3BP5L,0.3965421451161575,3
GM31408,0.3964846697917347,2
MYO1F,0.3963466378654801,3
CYP2D9,0.3962928949896288,2
USP42,0.3962529929600938,3
BDH2,0.39625044291257,3
GRHL2,0.39618499522647227,3
LRATD2,0.3960645554889841,3
SBP,0.3960504753553173,3
UBA52,0.3958756528931904,3
1700102P08RIK,0.395794033121305,3
AP2A2,0.3957177571936123,3
COX8B,0.3955794389394878,3
3110082I17RIK,0.39556717434131455,3
ID1,0.39555641622714993,3
G6PDX,0.3954940596798948,3
TRMO,0.3953616142058039,3
ZDHHC12,0.39530620637293645,3
DST,0.39527056914214276,3
COG6,0.3951176151393769,3
SDC4,0.39499867819773854,3
MPND,0.39475168055535237,3
HYOU1,0.3946965095833474,3
FREM1,0.39460540388179266,2
MRPL34,0.3944796285171468,3
ITPRIP,0.39435103799404336,3
RPS6KC1,0.3942686734471823,3
SCGB1A1,0.39415014359935147,3
WDR3,0.394017756821684,3
BRI3,0.3938816861740917,3
THOC5,0.39382394255095726,3
SMIM5,0.3937882202542525,3
FAM229B,0.3937418268583621,3
DDX54,0.3937387922891335,3
EPHB4,0.39361016409388516,3
NDN,0.3935559218548006,3
PAQR3,0.3935068602828957,3
ZBTB40,0.39350448180555503,3
IDH3A,0.39350420850924217,3
PRPS2,0.39335002135570146,3
IGKV4-57-1,0.3932868789314588,3
RORC,0.3932426767676522,3
RILPL1,0.3930440568913212,3
EDF1,0.393029853846492,3
SAMD12,0.3928364152029382,3
LYL1,0.39280567335837874,3
RYR2,0.3926369232999541,3
PRR5,0.3925735094526244,3
EEFSEC,0.392567735750934,3
CRABP2,0.39252537824139005,3
PBXIP1,0.3923238787075889,3
NCF2-RS,0.39230419610810374,2
SPAG9,0.3922578596749829,3
LTK,0.3921955836076345,3
ACSS3,0.39216490557238487,3
KCNJ13,0.39206781285185793,2
FBXO47,0.39189254384212624,2
EVI5,0.3917944358727448,3
FAM13B,0.39176993355377504,3
GM45925,0.39173322946632366,2
BTBD1,0.3916590600858922,3
DCAF8,0.3916420441996478,3
RABL6,0.39163918298087946,3
JMJD6,0.3916217782417606,3
NRP1,0.39150817693384504,3
TUT7,0.3912050470223612,3
PNPLA8,0.39102125538826743,3
H2-AA,0.39101047139350115,3
GM8899,0.3905590333963735,3
STAC2,0.3905521602949294,3
2810414N06RIK,0.39054483080328445,3
NADK2,0.3904690255625652,3
LOC108167922,0.39039914515638713,3
EIF3B,0.3903140135936403,3
PLXNB3,0.3901725835668706,3
ROGDI,0.39015733167354255,3
SRPK3,0.3901123962157258,3
KCNE3,0.39000444048631716,3
CLEC4A3,0.3899415930978764,3
KIF21A,0.38990210882189896,3
SNORC,0.3898462286188418,2
QSOX1,0.3897987018051435,3
ULK2,0.3897866943524882,3
SCAMP4,0.38977108082046374,3
GM9797,0.3893327703498361,3
ERGIC1,0.38928329641858533,3
KCNC1,0.38890646396398143,3
SOX17,0.3888674647112271,3
GM16299,0.38876584493311667,3
IGFBPL1,0.38873264101544874,2
SNORA44,0.3886376589719974,2
KLF16,0.3886139101000945,3
IL18R1,0.388477891946199,3
TRP73,0.3884231099023229,3
SH3TC1,0.3884161611806423,3
FOXD2,0.3884013717089507,3
LGALS3BP,0.38829648546017675,3
H2-Q3,0.38826056641163964,2
CDC23,0.3882054188271548,3
GM16238,0.38808240646451736,3
GABRA3,0.38804149775506797,3
ACTR1A,0.38801540455990224,3
ZFP335,0.3879214965115687,3
WWP2,0.3879207845451275,3
SNCAIP,0.3879143341030507,3
PIGYL,0.38789515864888663,3
ABHD16A,0.38783799639033006,3
CRRY-PS,0.38782081715201605,3
VTI1B,0.38775204292680465,3
GM8520,0.3877185457882502,2
SAR1A,0.38762481115794084,3
PCDHB11,0.3874597837744399,2
NEO1,0.3874484279819182,3
NDUFS1,0.38742927036775726,3
PEG12,0.38725963423480514,3
OPA3,0.3872574102150952,3
PAQR4,0.38724632830829714,3
GM14393,0.3871455916377798,2
ABHD5,0.3870892756944588,3
GM22107,0.38707261443050056,2
NOXO1,0.387014524216924,3
IGKV4-50,0.38699626595530673,3
BRINP1,0.3869491638485775,3
SPIN4,0.3869417908662687,3
SYT9,0.3868500657832013,2
WDR1,0.3868493097621973,3
SORCS1,0.3868250740246599,2
ADGRL4,0.38678298380376724,3
UGT1A8,0.38676325856363314,2
GM12286,0.3867306246695203,3
APOL7A,0.3866690030092262,2
CLDN8,0.38665469269957287,3
FCGR4,0.38656265274352125,3
VAPB,0.38653675951905503,3
RFXANK,0.3865309613925356,3
GM37164,0.3864979368048029,2
AMH,0.386460921060533,2
FZD6,0.3862161051362789,3
EIF3L,0.3862148725282066,3
HIC1,0.38611651038980604,3
LRRC4,0.3860282951451244,3
PXDN,0.3859364439607162,3
TRIM35,0.38569497401925207,3
HPCA,0.38545977603834014,2
FTO,0.38545758335163954,3
PELI2|GM6498,0.38545150744831225,3
SNX8,0.38536189922455866,3
MILL2,0.3852623146503724,3
HK3,0.3851812297008032,3
TSGA10,0.3851576679015287,3
TMIGD1,0.38501202935972967,3
CAR4,0.3849698092006031,3
NPR2,0.3849442949184305,3
MVB12A,0.38482008881923857,3
ZFP964,0.38480951583692335,3
OAS1G,0.3847696126825058,3
TSPAN4,0.3845265992409263,3
XIRP2|GM1322,0.38445017571719625,3
TRAPPC1,0.3844028938176267,3
RPL31-PS15,0.3843204887203304,3
SERPINA1C,0.3840113352201457,2
SNHG9,0.38395737333177715,3
PALS1,0.38389031379525457,3
NKX2-9,0.3838776427245208,2
FGL1,0.3838486832817433,3
GM19705,0.3838449634844528,3
2900060B14RIK,0.3838392513902273,3
IGHV1-76,0.38382371808094917,3
NOP16,0.38378700485410455,3
PNP,0.383766943026127,3
ADD1,0.38370902970620596,3
SYTL5,0.3836237448081481,2
GM12314,0.38324502831154195,2
BBOF1,0.38314463252132896,3
ST8SIA6,0.38282683230588743,3
LDLRAD4,0.3827884389613878,3
SLC39A8,0.3827786484948847,3
NABP2,0.38268754236331987,3
GM2810,0.3822877611602548,3
L1CAM,0.382202838966274,3
DRAP1,0.38206153654672725,3
MS4A6B,0.38186974257607104,3
RHOG,0.38179560921059424,3
MAPK4,0.3816209807997523,3
ADGRG6,0.3815083851035436,3
SRMS,0.3814928657227443,3
SFXN3,0.38131108360859295,3
SUSD4,0.381094244263672,3
SERPINE2,0.38107945208254584,3
SLC26A3,0.3810133881621815,3
GM13710,0.38096161416975555,3
TRAPPC10,0.3808857732669751,3
MRPL17,0.3808531137524507,3
MFSD3,0.38082464819057066,3
RARS2,0.380807689119679,3
PDE1C,0.38063369567832295,3
TMEM220,0.38010595328973285,3
SEC31A,0.38004914442881566,3
NDRG3,0.38003923733081274,3
EXOC8,0.37996361202276546,3
ENPP6,0.3799549371888269,2
SOCS7,0.3798991467984489,3
GPATCH3,0.379881887073421,3
ZFP120,0.3798380911233114,3
VEGFA,0.3797095839474367,3
DIXDC1,0.3796180607509263,3
FSTL3,0.37951694868148017,3
SLC16A2,0.3794665395813575,3
DNAI4,0.3794371299425776,3
KRTCAP3,0.37925908996060453,3
CERK,0.379116445423426,3
LRMDA,0.3790876119439284,3
GMPR,0.3790519217293058,3
LRRC8D,0.3790222325633228,3
KCNN1,0.37901038773846646,3
DNAI3,0.37900514112249545,2
ZFP846,0.37897290135317546,3
TBX5,0.37886519708403754,3
PDGFD,0.37881799552787787,3
COL9A3,0.37874514111790053,3
NLRP12,0.3786483549251243,2
ELF4,0.37861640853841555,3
TRPV6,0.37834195579991803,2
GM3500,0.37830868680935803,2
SPRR2F,0.3780900676275523,2
EIF4B,0.37806167374610217,3
IGKV8-19,0.3780578715448047,3
LHFPL6,0.37804205518188355,3
CLN3,0.3778173962984281,3
PPP3CB,0.3778022626709033,3
ATP1B2,0.3777970549719345,3
PPP3CC,0.37771831757164404,3
ATL2,0.37757340649824683,3
AGA,0.37743220510730985,3
ASB16,0.37741264856581586,3
MIEF2,0.3772697444729081,3
XKR4,0.37718528092190606,3
KLK9,0.37697056284725255,2
GEMIN7,0.37695422691946895,3
PRRG2,0.3765459844300621,3
KCTD7,0.3765357423162577,3
IL11RA2,0.37646889022215346,2
SNURF,0.37644491615575526,2
GM20544,0.3763934800190201,3
GM16861,0.37622487490438966,3
LIFR,0.37618959506850036,3
DBNDD1,0.37613301804371696,3
COL16A1,0.3758845348069492,3
HIP1R,0.3758451115263182,3
AFF4,0.3758433772203306,3
TOR1B,0.37573265777612147,3
KLK1B27,0.3756937593774184,3
FBXL18,0.3755485320172674,3
AW551984,0.37553432741254594,3
ST3GAL6,0.375524739623562,3
TLE5,0.37541490637034425,3
LCN4,0.3752809144188862,3
CRYL1,0.37525819348667033,3
KCP,0.3752572325824337,3
DOC2A,0.3751320846525113,2
MUC1,0.37503564352743624,3
ERBB3,0.37500104327476186,3
USF1,0.3749022632286907,3
LMBRD1,0.37481927582868674,3
DYNLT5,0.3746652227446852,3
ANKIB1,0.37463328676955837,3
EDN1,0.3746171341483919,3
DHX58,0.37455241589532223,3
CIAO2B,0.37439946860409706,3
GM15915,0.3742850332341254,2
APPL2,0.3742819201935393,3
RNF24,0.3742572683853485,3
RPL32L,0.37411372981007757,3
ACTR3B,0.3740349482441141,3
PROCR,0.3740285893452353,3
EXOC3L2,0.3739796581915147,3
MKS1,0.37393515195644306,3
SSBP2,0.37391061637249834,3
TMEM65,0.37384342697743733,3
MRPS15,0.3738170898480664,3
PCDHGA5,0.3737710024777952,3
DNAJB5,0.3736811860760156,3
FRRS1,0.37367289501796536,3
ZFP775,0.3736276171962878,3
RPS14,0.37361292242305183,3
AJUBA,0.3736125037644749,3
GDPD5,0.3736070225276081,3
TRABD2B,0.37356321059547787,3
AVPR1A,0.37349802703886575,3
ABCG4,0.37332947914477693,2
HSPA2,0.3733068510927821,3
CFAP57,0.37329336315082634,3
RNASE10,0.3732141883946888,2
IGKV2-109,0.3731050910107429,3
RPL7L1,0.37301604738131283,3
GCK,0.372961567135937,3
EHD4,0.37288235405296305,3
IGKV5-48,0.3727530931539212,3
GM5431,0.37265580195307635,3
FXYD4,0.3726200854030003,2
CCDC17,0.3725937322802058,3
TMEM109,0.37257560254268696,3
ALDH3B2,0.3722466660725556,3
UBB,0.3720438792474355,3
NRIP2,0.37201087678643346,3
RPL31-PS14,0.37187401329382114,3
SLC25A4,0.37181694508734103,3
SOCS5,0.3715650311685759,3
EIF3J2,0.3715476437098191,3
ZFP414,0.3715427084326277,3
TBC1D14,0.3715179249180735,3
ROCK2,0.3715032045131814,3
THAP4,0.37132470848477056,3
CRACR2B,0.3712352465408965,3
MTMR11,0.3712100828027136,3
ILK,0.37118955001751214,3
GOSR2,0.37114449500423247,3
RAI1,0.3711248759165507,3
GRAP2,0.37091535813014304,3
SLC29A1,0.37083480132888846,3
GIPC2,0.37073676482509227,3
GM16124,0.3706228313501698,3
COX8A,0.3705730558681222,3
CREBL2,0.3705604972837137,3
STEAP4,0.3705547677123682,3
GM13169,0.37043034201957525,2
MTMR9,0.3703073848074736,3
SERPINB1B,0.3701994633105648,3
MIR1931,0.3700117426168941,2
CORO6,0.37000510051466207,3
TMSB10B,0.3699871404771467,3
CEP15,0.3699746233011865,3
MYH14,0.36981234250901157,3
KIF7,0.36978117643021946,3
ELN,0.36969170185710865,3
LGR6,0.36946248171574325,3
RERE,0.3693633438789166,3
SPTLC3,0.3693250180943643,3
TST,0.3692980688832896,3
CXCL9,0.36929049592104307,3
CYB5B,0.36921246349424114,3
TENT5A,0.3691624985761776,3
AP1G1,0.3690731159755427,3
COG4,0.36901541690439155,3
DZIP1L,0.3688265269498927,3
PLAUR,0.3687046503836959,3
LRRC58,0.3684129490688452,3
LYN,0.3682433117222,3
CBX2,0.36813261850754847,3
ATP5PD,0.36809568835244777,3
EFHC2,0.36773731420300676,3
GM6682,0.36768036890185635,2
TIMD4,0.3676578674692365,3
KLF11,0.3676528182788162,3
MSLN,0.3674223537469012,3
SMIM26,0.36710813591358016,3
PITPNM1,0.3670928541037309,3
ACAP2,0.36708539583691596,3
AVP,0.36708463404584,3
IGF1R,0.3670757203293671,3
ZFP764,0.36679626912115876,3
1700018F24RIK,0.36676711319560373,2
YWHAG,0.3667618344878776,3
TLR8,0.36671038510010073,3
TMEM115,0.36661303970201525,3
HMBOX1,0.3665772914975094,3
PLEKHM1,0.3663452959410855,3
TREML4,0.3662901136369236,3
PCDHB7,0.3662840412513795,3
WDR25,0.3662678087062878,3
FHL2,0.36609843434746026,3
OMD,0.3660409770886794,3
AMZ1,0.3659739352810794,3
COQ2,0.3659188860066882,3
RPS6KA3,0.3658880662853315,3
PPP2R2A,0.3657863407124004,3
IGKC,0.3657542895022545,3
SLC25A15,0.3657058177004117,3
UTP4,0.3656391161434404,3
IFT88,0.3656366565315639,3
IFNAR1,0.36562709851149383,3
RBFOX3,0.3655682706647114,3
SLC25A46,0.3654470570932115,3
CNN3,0.36541147096499116,3
INHBA,0.36537593268316765,3
KDELR2,0.3653738435463933,3
TRAV13D-3,0.3653234238337167,3
PIK3AP1,0.3651655720031067,3
LMTK3,0.36506130273308934,3
UBE2B,0.3650381052175688,3
ABCC4,0.3650097059047616,3
CDH26,0.3649919852505893,2
PIGG,0.36491206521972863,3
ANGPTL3,0.3648992990078586,3
FSTL4,0.36482747121305786,3
CHMP4B,0.36479953797171233,3
GM26244,0.3646465696720103,3
SRA1,0.3646256373634122,3
MTG1,0.3646094792565448,3
PHKA1,0.3643973340080075,3
ABHD11OS,0.3643813779337312,3
GM26671,0.36432488166868626,2
KDF1,0.36427991344705823,3
PODXL,0.3640759584585662,3
PDIA4,0.3640689263834404,3
SREBF2,0.3640667626531337,3
GM19582,0.36404032270875897,2
PTH1R,0.36404003422485776,3
ZBTB12,0.36400885213541084,3
GM16998,0.3639638719298234,2
DYDC2,0.3639583376697102,2
EEF1A2,0.3639174981015796,3
GM13283,0.36386482815742455,3
FUT11,0.3638188018490547,3
SULT1A1,0.3637542180838324,3
IGLON5,0.3637331101817458,2
BCAP31,0.36358532827575335,3
SMG7,0.3635820386634209,3
GIMAP1,0.36328804418355487,3
NME6,0.3631688573624783,3
GM8670,0.36316536517121684,3
KLK1B21,0.3631597484013071,2
GM39213,0.3631512076422129,3
HAS1,0.3629865077830832,3
NCALD,0.3629796991698871,3
NLRP10,0.3629052852119979,2
PCSK4,0.36289496963489304,3
GBA1,0.36281543248315495,3
FABP1,0.362750027117232,3
RENBP,0.362677307110379,3
TRIM36,0.3625521140402788,3
ECI1,0.36242630356521555,3
DNAAF11,0.36241136922591455,3
ARPC3,0.362392133066318,3
THPO,0.3623742958628294,3
COQ8B,0.3623166523405464,3
CSNK2B,0.362167794668581,3
POLR2A,0.36216396426374037,3
NXT2,0.3621433430450143,3
S1PR5,0.36198781224112603,3
NFIX,0.3619151149281352,3
FBXO30,0.3619010344637807,3
ZFP503,0.3618934886415353,3
GJA5,0.3618338755149965,3
MOCOS,0.36178727201626576,3
FBXO33,0.3617485375677035,3
RND3,0.3616723249624399,3
B3GAT3,0.3616214381212834,3
FBXO21,0.36145744821796105,3
WFDC17,0.3614399007771025,3
SYP,0.36136238131847076,3
TNFSF8,0.3612926362933866,3
ISM1,0.36109582629598475,3
SIK1,0.36099730974871197,3
4833411C07RIK,0.36091821898316373,3
AIFM3,0.3609095653571815,2
GM4654,0.36087754167306935,3
GM32591,0.3607387140542212,2
ZBED6,0.3605497229900108,3
CCDC86,0.36053118831256287,3
PREX2,0.36050136590791887,3
GM13648,0.36047811140607827,2
TXNL4B,0.36032952135080604,3
APOM,0.3602755391637664,2
SMIM11,0.36026557240132306,3
MYCBPAP,0.36005742185153883,3
MSLNL,0.36001149644826846,2
ZDHHC17,0.35998189617591403,3
COL4A1,0.359855369320802,3
TMEM256,0.35982653706866125,3
RPS12-PS10,0.35979620653881894,3
ACE2,0.3597898307771823,3
PINLYP,0.3597885491757797,3
SLC8B1,0.3597192249371279,3
RAB11A,0.3595787037247451,3
SPINK4,0.35938302147872975,2
LAMP3,0.35936579098889304,3
KANK3,0.3593039798067769,3
GM10327,0.35925275353851316,2
PTGER3,0.3592430885198043,3
AHCYL2,0.35911459688195935,3
CLEC5A,0.35893797259423055,3
RNY3,0.3588101164962901,2
LRRIQ3,0.3587354845941017,3
CPT1C,0.3586985125762386,3
DGCR6,0.358588670344095,3
LZTR1,0.35856682741887713,3
PYGO1,0.3584876066386742,3
DOCK4,0.3583449043674914,3
ATP9B,0.3582194657311353,3
TMEM260,0.3581726485143586,3
TMEM106C,0.35801294946559575,3
CSF2RB2,0.35796471243540623,3
NAIF1,0.3578136426906731,3
PDHB,0.35766595771725324,3
PCDHGA9,0.35762865572454117,3
MISP,0.3575760136326369,3
TRAV5-4,0.3575462269349532,3
PGAP4,0.3574672023888712,3
CORO2B,0.357412493633596,3
L2HGDH,0.35739604831841193,3
CTSB,0.3570418392568054,3
NR4A2,0.3569196019782764,3
PGLYRP1,0.35688003536083795,3
TMEM11,0.356855435529334,3
FAM32A,0.3568085347721876,3
TLE4,0.35675025719857706,3
P2RY4,0.3567463811989408,2
CPNE7,0.35671481175725944,3
SLC35B2,0.35661658108189553,3
BTK,0.3565387505314608,3
FBXO6,0.35643679423766234,3
CDH23,0.35630989897444415,3
PCDHGA2,0.3562958464606408,3
SPRR2A3,0.3562258658973753,3
ZFP697,0.3561738365813563,3
IL17RE,0.3561116248533293,3
ITGA9,0.3559257661685333,3
GM5281,0.3558527235513322,3
CCDC69,0.3557871256258494,3
GPRC5C,0.35576763031142683,3
ANGPTL4,0.3557540763547758,3
C630043F03RIK,0.35555893382388293,3
PYROXD2,0.35544452790824604,3
GM11826,0.3553576420868117,2
SLC27A6,0.35526112795987724,3
TCTA,0.3552026461539644,3
PAGR1A,0.3550411087564258,3
NACC2,0.3548796645728592,3
MAB21L3,0.35486508653987925,3
HBQ1B,0.3548435147721808,2
TNFRSF23,0.35473940695065975,3
ABTB1,0.35471349259292734,3
KLHL33,0.35467691540507634,3
PRG2,0.3546449278302504,3
EVC,0.35463908973745606,3
LVRN,0.35462780074923783,3
CXXC4,0.35458483834057825,3
TRAV17,0.35452222011912515,3
COPG1,0.3545016401998142,3
RSPH9,0.35448339695416303,3
TPSG1,0.35441111053160856,2
SMARCA1,0.3539670050086285,3
TMEM182,0.35383413119213897,3
MYBPC2,0.3538134504815023,3
KCNMA1,0.3536418961055359,3
ZMYND12,0.35352622841818154,3
PCTP,0.3534627083880551,3
YIPF7,0.3534578035018628,2
CCL20,0.3534308239584545,3
PRDM10,0.35336877342460093,3
AREL1,0.3532658207054192,3
TTC17,0.3531009360198106,3
PDP2,0.3527986802361252,3
LMOD2,0.3527497080335975,2
EZR,0.35273336068481714,3
APC2,0.35266222040944967,3
ZFAND2B,0.3526125216637639,3
PPAN,0.352549767270593,3
ARHGEF9,0.35240327363750557,3
CCDC153,0.3523735460519822,3
TMEM238,0.35232216241522796,3
TFPI2,0.35228110476123026,3
DPY19L1,0.35200630851947307,3
LZTS2,0.35197845550869106,3
NUDT13,0.35172309268310803,3
FDX2,0.35157317585647646,3
IDH2,0.35138850175472475,3
CAPZA2,0.3513770282576334,3
CD209G,0.35136226748137017,3
MRGPRF,0.3513061351289937,3
SLC46A1,0.35112485783996866,3
NOD2,0.3509866458499711,2
ZXDC,0.3507671759039677,3
SLC10A6,0.350469196456098,3
PRKAR2B,0.3504334951387915,3
IRF9,0.35025806368437246,3
ZC2HC1C,0.3500252695289716,3
TIMP4,0.3499691789329343,3
C1D,0.34996443448966347,3
GM13217,0.34988414429126635,2
DKK2,0.3498834388820283,3
GM9645,0.34987375707439256,3
IGKV15-103,0.34966343136359046,3
PTGFRN,0.34956185105420606,3
ARPC2,0.3495107596601836,3
RPL10-PS3,0.34949787124298953,3
KRT4,0.34945139364832617,2
HCK,0.34941622178322135,3
RNF31,0.34932702868852866,3
FYCO1,0.3492582711224303,3
MRPL16,0.3491728689895799,3
PACSIN3,0.34915291440804114,3
MYO5A,0.34915130552240536,3
BLCAP,0.3490252319753573,3
MYO5C,0.3489156230108614,3
SLC9A9,0.34889300736422196,3
ARHGAP26,0.34875952637580854,3
PTGER2,0.3487166033903594,3
COL28A1,0.34852926840767184,2
BRINP3,0.3485229019176957,3
TIMM13,0.34824805871965275,3
DNAAF8,0.3481769989488557,3
IL21,0.348142107481359,2
DPP8,0.3481343657517,3
LRRC8A,0.34803440541105407,3
CLEC12A,0.34799733519672554,3
KLHL36,0.3479141920506625,3
MIGA2,0.3478721737090357,3
PRKG2,0.3477024944990819,3
IQCC,0.3476603942554737,3
ZAN,0.3475911382424935,3
LYSMD2,0.3475251105787178,3
1700101I11RIK,0.3474479389215379,2
TSPAN11,0.34744357532296277,3
MLIP,0.3472851696462158,2
NCOA2,0.34719996390878266,3
MARCO,0.34716256410497176,3
ROR1,0.34710402561359627,3
LGI2,0.34696093754962126,3
HDHD2,0.34673646568526073,3
SRGAP3,0.34665760320089894,3
EAR2,0.34665302318623636,3
FHL3,0.34657703656059974,3
FAM229A,0.34640435829934924,2
VMP1,0.34637056082774426,3
GM14295,0.3462279808721058,3
DNAJB11,0.3460771528021462,3
PEF1,0.34603095828088143,3
NPR3,0.3458913990292995,3
GM4876,0.3458500623163653,2
NDUFAF7,0.3458221616834544,3
MMP7,0.34574429670439044,3
CKM,0.3457277941928116,3
P4HA2,0.34567870483995317,3
ACCSL,0.34560924701326706,2
ZDHHC3,0.34546196124958467,3
SMPD2,0.34540941820159077,3
GDF15,0.3448879306321974,3
MAP3K21,0.34469040454489785,2
ZDHHC6,0.3446696614741796,3
FEZ1,0.34453181237574365,3
LIAT1,0.3444856506636309,3
STEAP2,0.3443581223184728,3
GM11437,0.3443203726508271,2
BNIP2,0.34428664579567786,3
CHIC1,0.34423992758004934,3
GM7467,0.34412926568448576,2
RASL2-9,0.34410290874767185,2
CCDC9,0.34400666789477913,3
GM14760,0.34397881046110546,3
HSPH1,0.3437969759208917,3
RPN2,0.3437752046650475,3
GM18001,0.3437202534670766,2
COMMD10,0.3435558488176255,3
GM43568,0.34354130518404785,2
GFRA2,0.3434682621787652,3
DAB2,0.34346212684900396,3
RPRD1B,0.34333654779288986,3
PNPLA2,0.3433175987302737,3
ACSM1,0.34328942649800936,3
ARMH1,0.3431993966848654,3
YWHAB,0.3431896584005239,3
CDK16,0.34304346814691544,3
ZFP7,0.3429978635534013,3
MTIF3,0.34287967236230976,3
C5AR2,0.34280057345647535,3
GM11266,0.34273967641185454,2
TXNRD1,0.342724985434205,3
NLGN3,0.3427139786344095,3
KCTD15,0.3426831516173478,3
COX5A,0.34263907936074034,3
FGFR3,0.34261697341633385,3
SLC39A14,0.34257147738463267,3
LMO7,0.3425519394569518,3
FLII,0.34254998983510077,3
DEFB6,0.34244855258293333,3
MRPL9,0.3423016043175415,3
LMF2,0.3422911888409734,3
FAN1,0.34221190051006695,3
MICALL1,0.34211887700561877,3
OSBPL6,0.3421101749312918,3
PPP1R3E,0.34205553521395,3
NTN3,0.34198701488443795,3
UGP2,0.3418117239938127,3
SFRP5,0.3418031050099938,2
HPSE,0.3417914961738952,3
GM5648,0.34170977497667937,2
GPAT4,0.34164520209062604,3
TTC16,0.34143884961323545,3
GNAO1,0.34141167212377194,3
BEST2,0.34136095197549055,2
GM13822,0.3413377205542339,3
IGKV1-135,0.34128811911013,3
SGPP2,0.34121628616776967,3
EAF2,0.3411817714564728,3
ZBTB22,0.34116103362508854,3
IGHV13-2,0.34103575202624903,2
MYH9,0.34091629066847245,3
CCDC149,0.34086496004574096,3
CCL8,0.34085469072778624,3
DCK,0.340825328965062,3
TLR9,0.34081576800662666,3
ARHGAP28,0.34081212076960526,3
PIK3R4,0.3408027902040142,3
SPNS2,0.340725522511518,3
CLDN7,0.3405962705772825,3
SCLY,0.3405896733490639,3
SLC66A2,0.3405761824734352,3
TPMT,0.34057247656524,3
FMC1,0.34054590478138963,3
CCDC163,0.34054434990077853,3
WDFY3,0.34049973541142103,3
GM14117,0.34048476884255124,3
D130020L05RIK,0.34048018968904864,3
SIPA1L2,0.34045651751053985,3
RPL31-PS17,0.3404346669691996,2
FARP1,0.34032822115887323,3
RNF181,0.3403262188303813,3
GM15056,0.3402088825573248,3
MRPL47,0.3399650731120192,3
TMEM132C,0.3397993933515468,3
FRY,0.339572608660102,3
VAMP3,0.33951934391067184,3
DGKH,0.339515355285643,3
AI837181,0.33946316239999924,3
KIF1B,0.33936934671369845,3
NLN,0.33934803124900986,3
MKNK2,0.3393403799143378,3
SRRD,0.339328244231716,3
TRAV8-2,0.3391851080215888,3
COL4A4,0.3391805821253325,3
DNAJC25,0.339152499206474,3
TM7SF2,0.3391385583840627,3
ZFP641,0.3389299167009728,3
IQUB,0.33875938021770546,2
COQ7,0.3386529345120115,3
CASD1,0.3386324276192756,3
PGD,0.33842281723028145,3
ARHGEF2,0.33840152971266946,3
GUCY2G,0.33834003583022443,2
H2-T24,0.33833065439267695,3
PTX4,0.3380030278688284,2
KIF5C,0.3376491937430719,3
GARNL3,0.3376479263093872,3
SORD,0.33764676355147083,3
TCF4,0.3376150397782382,3
SLC25A34,0.3375235318858172,3
POLM,0.3373022017288451,3
KCNA3,0.3372918359375215,3
DMRTC1C2,0.33728463628101013,2
IL18,0.3372286237326622,3
ARMCX6,0.33722253732060165,3
HSD17B7,0.33720008483536984,3
GM20900,0.3370421841882382,2
SOSTDC1,0.337033996368072,3
FGGY,0.3369940010759063,3
SYNDIG1L,0.3369679440864786,3
NAGLU,0.3369147416425458,3
BAIAP2L1,0.3368091166489469,3
GM6559,0.336695724914528,3
NPM2,0.33654946181796647,3
LHFPL3,0.33653393037278856,2
MROH6,0.33648211185932136,2
PLPP5,0.3364576211141625,3
ARVCF,0.33641238712477356,3
MS4A18,0.3363946702731834,2
EFCAB2,0.33626217134553205,3
IKZF1,0.33618330459890416,3
KCNK5,0.3360949592683329,3
GM10293,0.3359853465517674,3
DNAH7B,0.3359833906470025,3
NBEAL1,0.335923262111778,3
H4C18,0.3359199805441498,3
FKRP,0.33588044471129147,3
ETFB,0.3358387393576609,3
SLC1A1,0.3358189920784633,3
CPN2,0.3357573081090735,3
FBXL16,0.33559100330034664,3
IFT81,0.3355848493345381,3
PGAP6,0.3354913142291345,3
NGB,0.33522072919174173,3
RPL21,0.3350577499371325,3
MAD2L1BP,0.3350272548545215,3
GRN,0.3349605179190475,3
MS4A1,0.3349020715248899,3
SPATA6L,0.3348955154496511,3
SCRG1,0.33457922146836727,2
DNAJC22,0.33454359146363627,2
HHIPL2,0.3344738947184382,3
RPL13A-PS1,0.33445993169097665,3
MRPL11,0.33445150818959896,3
MTMR2,0.3342202904166383,3
CDHR4,0.33413327504536494,3
EIF4E2,0.3340532043372646,3
CBX6,0.33399428093047745,3
MYOM2,0.33393603363001595,3
ATG101,0.3338966539171275,3
PCDHGA12,0.3338737705006402,3
BCL2L13,0.33385666918004375,3
OTULIN,0.333851614885498,3
MFSD5,0.33383746786646845,3
OSBP2,0.33380470754428515,3
UXT,0.33379450807361427,3
ST8SIA5,0.33373737702868805,2
GM11837,0.3337358211122174,3
DOK6,0.33360154614626675,3
FNDC5,0.33354035054940284,3
TMEM201,0.33353292764603654,3
NBL1,0.33331923848052253,3
UNC119,0.33317367588168334,3
ACSF2,0.3329758488713764,3
ZMYM5,0.33277975796081627,3
CS,0.3327103694155555,3
CXCL17,0.33267998360133494,3
PIANP,0.3326719589045424,3
DNASE1L1,0.3326464396838478,3
OTUD6B,0.33256223362717685,3
CHCHD3,0.33253890873886005,3
GPR180,0.3325379744270692,3
SRD5A1,0.33235070706475256,3
NECTIN2,0.33234689039533366,3
SH2D2A,0.3323269924846895,3
UBXN8,0.33218578102416846,3
SP140L2,0.33213538267678056,3
LANCL3,0.33210228208279985,3
KDM4D,0.3320058553200201,3
SNORA17,0.3318369809930964,2
FOXQ1,0.33183076002804823,3
RASD1,0.331751386811586,3
TREX1,0.3317159875825241,3
LPAR3,0.3317037301336512,3
ZFP180,0.3316659302494083,3
SNX21,0.33165862353299347,3
VDAC2,0.3314305536601612,3
GM9517,0.33138702923808455,3
XPO5,0.3312336785503628,3
NDUFAB1,0.3312159851106855,3
CFAP100,0.3312135821752403,3
PCDHB5,0.33117013788916616,2
URAH,0.3311023694133297,3
OGFRL1,0.33091061882679806,3
GM31160,0.3309046601428361,2
NUP62CL,0.3306564248994321,3
CDC34,0.33065414732126647,3
WASHC5,0.330632027161959,3
CLK4,0.33057689046685645,3
PLEKHA8,0.33038794975780955,3
KATNB1,0.33035774944162605,3
HOXB4,0.33024528275428205,3
MATN2,0.3301326035796794,3
B3GNT4,0.33000970518073103,2
IDO1,0.3297578566636834,3
PKNOX2,0.3295811780210174,3
ZFP658,0.3295377197534436,3
SUGCT,0.329476401791959,3
YPEL4,0.32934242470731795,3
H1F8,0.3292199749404309,3
PCDHB9,0.3291803724607215,3
QDPR,0.32918014782682953,3
DYNLT3,0.32905851170888023,3
FNBP1L,0.32901011936778235,3
CD28,0.32899775405873805,3
TMEM129,0.32896510572661164,3
GM14121,0.3288053956537608,3
PIN4-PS,0.32878924192902154,3
RRP7A,0.3286108775347866,3
ANKK1,0.3285577982548541,2
UBE2D-PS,0.32852319765533305,3
ACTR10,0.32845503043076724,3
HACD2,0.3284080027772388,3
GM5532,0.3283855650940129,3
ALOX15,0.3283489542941712,3
RPL7-PS7,0.328240647707212,3
GM16062,0.3282090612747112,3
PLS3,0.3281701476488194,3
CD84,0.3281687056616223,3
RBMS1,0.3280290760181234,3
CSTPP1,0.32802258974232834,3
EYA2,0.3279637722369248,3
RAB43,0.32786933064205726,3
MED9,0.32785392187304463,3
HTR4,0.3277934676110819,3
PIGZ,0.32774875043046414,3
IGKV12-98,0.3276203404016496,2
MLF2,0.3275981283026079,3
PRSS1,0.3275556199483072,2
PRMT7,0.3273979234555007,3
ANGEL1,0.32734532639777686,3
TEKT2,0.3272805892948449,3
C1QTNF5,0.3272783377803968,3
RMDN3,0.32723131749105566,3
GM6863,0.3272126571090455,3
LNX2,0.32719099376232935,3
CHRNA9,0.3271039466364396,3
2900009J06RIK,0.3270305800073389,3
GUCA1A,0.3270200514846524,3
PPIHL,0.32690387811651667,3
NKIRAS2,0.32677712373730755,3
USE1,0.32637611677369943,3
GM5860,0.326324130486746,2
MUP7,0.32630124771110214,2
LLPH,0.32624339871847824,3
GABBR2,0.32621155593940815,2
C030013C21RIK,0.32618732782196413,2
CD248,0.3261861929311707,3
HHATL,0.3261471925095551,2
NUAK2,0.3260808989018112,3
GM19353,0.3259904327646667,3
BPNT2,0.32589671024860584,3
TOR1AIP2,0.32578051477652564,3
MIF4GD,0.3257724588912747,3
DTNA,0.3255981937970563,3
KCNJ14,0.32537073949587536,3
NID2,0.32530495986515323,3
9030624G23RIK,0.32529988962649226,3
LAX1,0.32523524800511466,3
SMAP2,0.32523043652106143,3
PFDN2,0.3251510811352887,3
RAB2A,0.32509069978746996,3
KLHL40,0.32503667108314943,3
GM11841,0.32496268971357295,2
IL5RA,0.3249050374850622,3
NUDT9,0.32453119331289465,3
PET100,0.3245101450775075,3
ERBB4,0.32448419365739667,2
IFI35,0.3243697607741323,3
VWA1,0.32430267546117814,3
CDC42EP1,0.32424028726614756,3
KCNE4,0.32423664768463506,3
MCRIP2,0.32421096508288366,3
CEP120,0.324168890752714,3
RGR,0.3241497979840353,2
AK8,0.3239660452220689,3
ISCA2,0.3238846351673556,3
EFHD2,0.32384829082943783,3
CNTN2,0.3237985087596658,3
GM15566,0.3237883266115051,2
TMEM160,0.3237862130339118,3
CCDC184,0.323757106875368,3
DEPP1,0.3237352028957191,3
SNORA74A,0.3237289968063998,2
JUP,0.3236732447852863,3
IGHV1-47,0.32358339398344993,2
MAML2,0.32354291260437457,3
HMCN1,0.32354006922562784,3
MRPS25,0.32344113719041173,3
PPP1R15A,0.3233899392731313,3
STX17,0.3232298462313001,3
TJP3,0.32317499613234185,3
HSCB,0.3230472958090898,3
GM3756,0.32304110744669173,3
GALNT4,0.32300708030333886,3
CYC1,0.32290657975759335,3
GM3264|GM33933,0.32281011726962944,3
BTD,0.3227646671262537,3
EBF1,0.3227192648847924,3
RGS7,0.32271347654130716,3
CSAD,0.32266571568830665,3
SNTN,0.32261187303179845,2
STAT5B,0.32259865509688884,3
PHETA2,0.32253271123789956,3
TMOD2,0.3225071769965895,3
KLRA3,0.3224712913594989,3
NOP10,0.32244064122176175,3
GRAMD1A,0.3224394833521183,3
FBXL15,0.32243884542050966,3
PLOD1,0.32239213529701577,3
PDLIM2,0.3222881123267249,3
PRF1,0.32217240432123767,3
CSF1,0.3221706042684933,3
RUBCN,0.32208281491187796,3
PCCB,0.3220099715400282,3
ELK4,0.3218705872537857,3
GRTP1,0.32186921273027025,3
PARP9,0.32181577379720877,3
MAN2A1,0.3217417791885025,3
PRICKLE4,0.3217384899305858,3
GM30173,0.32170579789767473,2
PPM1M,0.3216913380396481,3
HSD11B2,0.32152375335740946,2
AKR1C12,0.32145172898144136,3
CDC42SE2,0.32139470891458627,3
GM2308,0.3213276355592301,3
E130102H24RIK,0.32130065495191146,3
KCTD12B,0.3212313103004009,3
TNFSFM13,0.3211796711024697,3
SRXN1,0.3210765515884193,3
WDR53,0.3210660238390009,3
MTMR10,0.32103387669644695,3
MIDEAS,0.3209812767383457,3
TLNRD1,0.32097201321803087,3
LRRC2,0.3209449883324912,3
SERPINA1E,0.32074140836359655,3
SNCA,0.3207375428782632,3
UBAP2L,0.32069684461651676,3
MFSD14A,0.3205897084126626,3
PLP1,0.32049310703153927,3
CCDC85C,0.3204910592053279,3
ALDH5A1,0.32030805194636064,3
GM4419,0.32023687328941214,3
ZFYVE21,0.3200702523127048,3
MAK,0.3200499936851858,3
PNPLA1,0.32001381637006326,3
FRK,0.3199034061258184,3
B3GNT3,0.3198553063786302,3
GM18300,0.31975776832747316,2
BRWD1,0.31970961531834746,3
ZFP142,0.3196295299720961,3
TSSK1,0.3195356216386571,2
ACTC1,0.3194055192053296,3
GM35696,0.31933418697414473,2
SLC17A5,0.3192374037761932,3
STK10,0.3189026867059623,3
FAM181B,0.3188861673317877,3
IGKV4-74,0.31887015865974794,3
UCK1,0.3188358545223509,3
NATD1,0.31871460950762226,3
UST,0.31864997743040147,3
PELI3,0.31859982971480966,3
STX3,0.31858705650409175,3
ACYP2,0.3185750147014129,3
APMAP,0.3185698982991226,3
ANAPC15,0.31834923971564233,3
PACS2,0.3182557192446539,3
CASZ1,0.31818927020062826,3
CLYBL,0.31818332038325403,3
H2BC24,0.31813626562012176,3
ITGA10,0.31810666067282484,3
PRX,0.3180923571615964,3
WDR93,0.31804055834772615,3
SERPINF1,0.31800844497641517,3
CMTM3,0.31795290838354306,3
PCDHGA7,0.3178872280356977,3
CEP295NL,0.3178433829761574,3
PDCD6,0.31781777441819353,3
RUFY1,0.3177842486698798,3
CNR1,0.3176867327582333,2
2310022B05RIK,0.3175647039475067,3
MTNAP1,0.3175410240546706,3
PLXNA3,0.31735119971447573,3
RPL18A,0.3173419862325469,3
CHTF8,0.31733177522996103,3
ACVR2A,0.31732737794228055,3
PKLR,0.3172443753761595,3
CDHR3,0.3171742656401256,3
WNT9B,0.31695765342590265,2
NDUFA2,0.31693781992496933,3
MUCL1,0.31685530912093146,3
SPDEF,0.31683560220624774,2
TRIM30B|GM38525,0.31661475872405787,3
TRBV13-1,0.3165663899906986,3
AP2M1,0.31650628041774936,3
AKT1S1,0.316324202912432,3
TNNI3,0.3162937267260429,3
RDH5,0.31628079665222625,3
CYFIP2,0.3161982924718121,3
TMEM163,0.31614370821658627,3
HOXD9,0.3160725183815454,3
ABCC10,0.3159044618308681,3
WBP2,0.3157992994306855,3
METAP1D,0.3156591972388932,3
HS3ST1,0.3156205902033631,3
SP4,0.3155990055286237,3
VGLL2,0.3155589134704287,2
IQCE,0.31548777803650485,3
RTN4,0.3154539962535812,3
GM3375,0.31535197906524726,3
CHERP,0.3153035988220476,3
PARVA,0.3152685928842885,3
FNDC3B,0.3152098196723756,3
PPP1R1B,0.3150529673836941,3
RRAGD,0.3150349978970794,3
LYPD2,0.3148933861292352,3
TMEM98,0.31488921529507863,3
COX3,0.3147841343790286,3
DCP1B,0.3146798035304259,3
ZFP672,0.3145786878868398,3
GM30794,0.31444333423578363,2
S100Z,0.3144387644201343,2
ARHGAP40,0.3144316435191604,2
CMKLR2,0.3143781076133893,3
KCNQ1,0.31437449471925577,3
EIF3I,0.31435570578956235,3
GM17849,0.3143359875189159,2
SCGB3A1,0.31431022774882905,3
GM10406,0.3142949737063209,3
TGM2,0.31415408227576413,3
ATXN1L,0.314092814346677,3
RBM19,0.314029029022256,3
POLK,0.31397080753600487,3
TMEM143,0.31395268618368294,3
TRAFD1,0.3137295236710143,3
RPL29,0.3137162842727026,3
BORCS6,0.313687859398722,3
MFSD1,0.31352685378735495,3
MIA,0.3133372752919365,3
TMEM202,0.31329099720274695,3
MTPAP,0.31326181174212614,3
POMK,0.31325711574749066,3
CTDSP1,0.3131362932913128,3
F3,0.313131650960727,3
COLGALT2,0.31313041925616925,3
FGG,0.3130623550904871,3
RPS6KA1,0.3130064888590966,3
ABHD3,0.3129838334743854,3
H2BC9,0.31298174428499953,3
AARS1,0.3128703336665872,3
ECM2,0.31278410315640015,3
BPIFB2,0.3126228672292373,2
4930445N18RIK,0.31253354180298487,2
IGSF9B,0.3125118947501561,3
GM9013,0.31248826471475716,3
RNGTT,0.3124676526752846,3
GAB1,0.3123645831926234,3
SLC23A3,0.31233349095142143,3
PDXK,0.3123243476190634,3
CEP112,0.31229199285336146,3
GM18068,0.3122387722652997,2
ZFP316,0.3122369652473706,3
SYT11,0.31217969628201375,3
RNF186,0.31216632005724926,3
SDHAF4,0.3121094819829447,3
BTNL2,0.3120595281254285,2
OCM,0.312000393705242,2
SERPINA3M,0.3119741085806742,2
CACNA1I,0.3118706453761623,2
PRXL2A,0.31184540940059313,3
ANKLE2,0.3118314727889491,3
BID,0.31176939175624196,3
D6WSU163E,0.3117409208367857,3
HERPUD1,0.31170201045332185,3
TJP2,0.31157325640319766,3
SPTAN1,0.31156002179036446,3
GPM6A,0.3115588517110515,3
ZC3H10,0.31152504975901024,3
CEACAM18,0.3114752114850604,3
NKAPL,0.3114520191510178,3
LRP1,0.31137028946690665,3
LTA,0.31134581763513575,3
TMEM52,0.31131579321375064,3
PPM1K,0.31125611411230375,3
LARP1B,0.31104718581284224,3
PIK3C2B,0.3110032412797575,3
FLRT2,0.31094570908929176,3
GM20098,0.31091172676678996,3
FBXO40,0.310880151534305,3
ACP3,0.3108755499759674,3
ETNK2,0.31087053805195586,3
1700061I17RIK,0.3107756397821599,2
CCR8,0.31070714700279817,3
FZD2,0.31069855118906264,3
C1GALT1,0.3105405339657145,3
SLC31A1,0.31039762608723437,3
CLNK,0.31038324629916336,2
GM17344,0.31033300745222697,3
RAC3,0.31024512280008504,3
ANKMY2,0.3100890481647535,3
SUSD6,0.31006094154332126,3
DUSP9,0.310040397287768,3
IL1RL1,0.31000586278103176,3
PAKAP,0.309998787612771,3
MAST1,0.30998839691824637,3
DGKD,0.309969148854283,3
GLB1L,0.30993509900882693,3
UPP1,0.3099221001557673,3
ATP13A1,0.30983037683142106,3
SLC45A3,0.30966022490716866,3
RAB1A,0.30965628399975126,3
TNFSF13,0.30934830586004103,3
GM3336,0.3091422012652972,3
A2M,0.3091242748869956,3
4930579C12RIK,0.30903960816944237,3
ATN1,0.3089304816012051,3
WDR49,0.30887383474291685,2
TNFSF13B,0.30885056100293645,3
TCFL5,0.3088030407344273,2
EOLA1,0.30867442623755287,3
GM2981,0.30861366151578434,3
5730596B20RIK,0.30859032773310846,2
RERGL,0.30848050621672407,2
KBTBD4,0.30829500567765944,3
GM43915,0.3082862638833944,2
CCNB1-PS,0.3082711631405329,3
GABPA,0.308217532832826,3
CABP4,0.3081787434394006,3
MMP24,0.30815467984203027,2
PTPRV,0.3081029490256975,3
CDPF1,0.30808656071241586,3
CRIP2,0.3080783209717362,3
HCN4,0.3079787566686838,3
PMM2,0.30793722054812156,3
N6AMT1,0.3078940864638325,3
DDX4,0.3078342117893381,2
RNF121,0.30765100593032413,3
CRLS1,0.30757949272477203,3
ZYG11B,0.30756994803514576,3
SEC62,0.307468810749216,3
TRIB1,0.30732728881889715,3
PACRGL|5730480H06RIK,0.30729235925348547,3
PTGS2,0.30724617917890024,3
GM31108,0.30717380336887856,3
NDE1,0.30698945443672415,3
LIMD1,0.3069007556799406,3
SKOR1,0.30689085813188044,3
4833418N02RIK,0.3068704776717107,3
GM35853,0.30686537874899833,3
CLEC2F,0.3068320050892613,3
RCN1,0.30683085291380835,3
0610009L18RIK,0.30681444130074964,3
RSPH3A,0.30662481095169386,3
ADAMTS14,0.3066025137756211,3
SMYD4,0.3065369263989114,3
GM34084,0.3063273942439057,3
ZFP790,0.3061010533523056,3
MIEN1,0.3060159345327856,3
POLR1C,0.30598741560935655,3
HSPB7,0.3058317584654733,3
TMEM42,0.3058090806255532,3
DCXR,0.30556354060073926,3
NT5DC3,0.30554190822113414,3
GM7609,0.3053951235895835,3
SLC26A2,0.3053393260420238,3
NR5A2,0.30517388578020227,3
MRPS5,0.30513752662020716,3
SLC10A3,0.30499883614750817,3
PLEKHH2,0.3049413103088731,3
PRRX1,0.3049362779193467,3
5830432E09RIK,0.3047177224064596,3
PTDSS2,0.30470816048223914,3
TMEM138,0.30468160055511045,3
GM13394,0.30466650652844957,3
ADAMTS19,0.30452406183697994,3
OSBPL9,0.30450880252048285,3
CDC42SE1,0.30450689477985077,3
GSPT2,0.30416870369755106,3
PPP1R36,0.30405688846909784,2
GPHA2,0.3039967248138024,3
FAM221B,0.30399060043412174,3
PRKAA1,0.3038668316453426,3
FBXW10,0.3038570971438818,3
ENDOU,0.3036640861924189,3
EPOP,0.3036605273977739,3
PHYKPL,0.3036189832077766,3
D630045J12RIK,0.3035267761050255,3
SAA3,0.3034677212297918,3
RAPGEF3,0.30344689462934027,3
PRPF6,0.3034408342132848,3
SAP30L,0.30341186840358697,3
ADGRV1,0.30333400243628555,3
STARD10,0.30320162252340327,3
COMMD5,0.3030889173313257,3
VPS9D1,0.3030585178097404,3
CFAP410,0.30302501374578333,3
DNAJC16,0.3028061185351665,3
GM24666,0.30243231180099855,2
MATN1,0.30241573908062985,3
TRBV3,0.30241432716893984,3
GM25791,0.30239817810372205,2
CDC42EP4,0.3023455963042153,3
PYURF,0.302030843508784,3
GM17382,0.301891872633747,3
GM26685,0.3018175125189673,3
METTL26,0.301756795114966,3
APOE,0.30160909628213434,3
INTS9,0.3012962154083056,3
MIPOL1,0.3011972311176141,3
MTMR12,0.30118525698967685,3
IL34,0.3011540985945867,3
RSC1A1,0.30097321389475934,2
TSG101,0.30086763425729707,3
SIRT3,0.3007952197019772,3
ATG4A-PS,0.3007378880232206,2
4930484H19RIK,0.3006751748957056,2
AMOTL2,0.30064914132817966,3
FLACC1,0.3004740821585798,3
CASS4,0.30000656618723576,3
CIAPIN1,0.29999262628640083,3
GPX2,0.2999290382795971,3
NR1D1,0.29984657492970174,3
YJU2B,0.2998431875397124,3
NOL12,0.29980651695330124,3
P2RY13,0.2997589848087733,3
STYXL2,0.29974703693478766,2
NPAS4,0.299742569896712,2
TTC12,0.29952139096304764,3
RRAGC,0.2992272413244999,3
GM5121,0.2991967586515214,2
CCDC91,0.2990959959821547,3
PAPSS2,0.29906141179606843,3
MRPS18B,0.299004212703485,3
MIR223HG,0.2989445668517246,3
POGK,0.29893892298307817,3
HAAO,0.2989318933900587,3
MARCHF8,0.2988719531531448,3
GDNF,0.2987938214291513,3
RPL28,0.29877582583537937,3
CTCFL,0.29877134421183366,3
GM10575,0.2987673128883381,3
TOR3A,0.29873235713092594,3
LTBP1,0.2985786345568439,3
PGRMC2,0.29852326833552484,3
CFDP1,0.2985128743004832,3
UBE2L6,0.29849052771189055,3
BAZ2B,0.2984869111840986,3
SLC39A12,0.2982865049555972,2
MYRFL,0.29826443525284757,3
KLB,0.29825643499437593,3
EGFLAM,0.29813093264405693,3
SMIM14,0.2980037395482568,3
GID4,0.2979609965418147,3
COL27A1,0.29780016650538643,3
LIG3,0.29779820683903013,3
CHRNB1,0.29768888769522267,3
NLRP6,0.2976450324043385,3
ODAD2,0.2975551118364981,2
GCAT,0.2974430567125366,3
ASGR2,0.29734705805276535,3
SUCLG1,0.2973296636856904,3
ZFP383,0.29732509842235993,3
TMEM177,0.2972854418949506,3
SCGB3A2,0.29721414097365734,3
GM15133,0.29716100723138433,3
GORASP2,0.2971598886731909,3
ABCC6,0.2970019266442625,2
UBL7,0.2969009407309584,3
KCNIP1,0.29684829618633235,2
IRAG1,0.29683194058600404,3
HOXA9,0.2968226330210823,3
GM8738,0.2968214362143826,3
BMP3,0.2968147110199644,3
EXT2,0.2967027291548577,3
MEA1,0.29664361675217304,3
SCARF1,0.29661604291187726,3
ZFP874A,0.29658585828513634,3
RBM12,0.296548807826518,3
SLC5A11,0.2965345285363082,3
CDKN2A,0.296427077665058,3
SPPL2A,0.2962549014179769,3
LRRN1,0.29622801169202145,3
INHBB,0.29607058222125665,3
FOXO6,0.29590696657372,3
COLGALT1,0.2957978755410831,3
THA1,0.2955652578640581,3
RAB1B,0.29554669801223354,3
SPMIP6,0.2954128542480729,3
PROKR1,0.2953921513317889,3
FSD1,0.29538834888532045,2
H2-T22,0.2951582041449297,3
NDUFAF8,0.2951424077854685,3
IGHV1-63,0.2950996956914254,2
WDR74,0.29495902353897296,3
ZBTB5,0.29486388820841797,3
BCAR1,0.29473627663806,3
TRPM6,0.29471404088703207,3
E330011O21RIK,0.29467080915721156,2
LYPLA1,0.29463481952644505,3
HEY1,0.2946153132169821,3
CXADR,0.2945947386663908,3
4930461G14RIK,0.2945727386467889,2
SELE,0.2942841907083516,3
GATA4,0.2941056888153127,3
G6PC1,0.29406827249684114,2
2900026A02RIK,0.293972227946928,3
ADAMTS15,0.2939597392283779,3
POLR3H,0.2939081029590378,3
DLX4,0.2938906532870947,3
SMURF1,0.2938263534164652,3
9330102E08RIK,0.29379345242851274,2
IGKV13-84,0.2937204356769589,3
GPANK1,0.29368850527667956,3
ERO1B,0.29366602488243726,3
TMEM9B,0.2936071008213812,3
WNK2,0.2932421847338372,3
IGKV3-12,0.29300188758085555,3
A830035O19RIK,0.29288291549804313,3
MRPS7,0.29287634633370435,3
NUCB2,0.29286724199990477,3
ZG16,0.2928216915055826,3
CCDC166,0.29277834910274186,3
HMGN3,0.29277367926145176,3
CRISPLD2,0.29276985451817583,3
CCR10,0.2927280763483286,3
ZFP939,0.2926502092361611,3
SORT1,0.29264073977600047,3
CFHR2,0.2926243656692124,2
NRDE2,0.29260784796016587,3
4933427D14RIK|GM57849,0.29250112164723463,3
PCGF1,0.29239810938993244,3
SOX2,0.29229868528185654,2
RDH14,0.292292839376302,3
CAPNS2,0.2922349977416221,2
ARF2,0.2919915437298924,3
TCP11L2,0.2919860683831233,3
GGN,0.2919352574641629,2
AQP5,0.2918963009389708,3
GM5541,0.2917264062534437,2
RIMS4,0.29160670108646575,3
SBSPON,0.29150964473255386,3
NLRC5,0.2914755089859252,3
TLR2,0.29137871473865523,3
TMEM38A,0.29132925093521717,3
PIH1D2,0.2911441864243904,3
GM33318,0.2911415313928796,3
CFAP161,0.2910467630592106,3
CYP4F39,0.29099361457702605,3
DZANK1,0.29097554159217603,3
TKFC,0.29083265145540627,3
TSR2,0.2907591250628163,3
POP7,0.2905708769302871,3
SCN7A,0.2905192207311514,3
MTOR,0.29048974722024207,3
LORICRIN,0.2904338823539034,3
ESAM,0.2904265255172497,3
DAPK2,0.29039794655622914,3
GPR137C,0.29038487666316354,3
DTX4,0.29036580750101826,3
PLXDC2,0.29015257448030396,3
USF3,0.29009064041854143,3
PHF8,0.29001430601091044,3
DNM1,0.29000897831678935,3
FIGN,0.2900084299207492,3
METTL1,0.28997169538844475,3
SUGT1,0.289948209748424,3
CHCHD2,0.28987610736306363,3
HPD,0.2898220423381162,3
KIF3A,0.2897226031631934,3
CES1F,0.2897076086723427,3
TMEM134,0.28968456332054965,3
GM11451,0.2896111669881913,3
LHX2,0.28943079971485536,3
DNAJC14,0.28936155940668756,3
MTRF1,0.2893051441605536,3
ATG3,0.2892584054682746,3
BCKDK,0.28915995110578646,3
SUMF2,0.28905576677010053,3
FBXO43,0.2889766699986259,2
PSEN2,0.28897033817135603,3
ATOH8,0.2888599236796176,3
RFX8,0.28885703094352766,2
TEKTIP1,0.28881265988115984,3
SCEL,0.28876201978885024,3
ZFP629,0.2887009735122649,3
ARHGEF15,0.2885762821499897,3
ATP6V0D2,0.28847450632319654,3
SCARA5,0.28846119174493945,3
DDX49,0.28839974066598417,3
MOK,0.28838679924654614,3
EPHA7,0.2883252926225363,3
GNG7,0.2882629591835881,3
ORAI1,0.288256495576676,3
LAMTOR1,0.28824478695062605,3
ST6GALNAC3,0.288184095226893,3
DLC1,0.2881110111715262,3
GPR18,0.2880952317074074,3
TEDDM3,0.2878034566460368,2
KLRC2,0.2876895891442402,3
TM6SF2,0.2876047275124428,3
ZSCAN25,0.28753096468206185,3
BNIPL,0.28750522360041375,3
EARS2,0.28750504737968213,3
ITGB6,0.2874500833004074,3
HSPG2,0.2874053273166625,3
NOL3,0.2870839169967805,3
TPD52,0.2870180904631818,3
CD180,0.2870167407430417,3
MUC13,0.28671942099425324,3
DNAH1,0.286679288692069,3
TRIM16,0.2866418434023465,3
ATP10D,0.28662455429678074,3
PRR18,0.28658974857116526,3
SCN3B,0.28651878879882847,3
GM5904,0.2863929307862336,3
TTLL12,0.28638577966091666,3
DDX43,0.2863419562724806,3
RAPH1,0.2863045701905577,3
BMP10,0.2862971338634459,2
SEPHS2,0.28624631154768027,3
4930404H11RIK,0.2862424070574593,2
ZFP30,0.28620846792773796,3
JRK,0.286028002147025,3
BCL2A1A,0.28600203807332175,3
CLEC4G,0.2859319934631642,3
SPIRE2,0.2856881260496243,3
4932441J04RIK,0.28553194857622766,2
BATF2,0.2854492276138442,3
SPARC,0.28544136432326817,3
JSRP1,0.28540160603661774,2
TFPT,0.2852100794508227,3
SLC24A4,0.28511963327498346,3
TTYH2,0.285075759217305,3
KCMF1,0.28507467300659634,3
RIMS2,0.2850465866162642,3
SAXO3,0.28500388034628926,2
SLC41A3,0.2849966763140551,3
SSU72,0.2849558890472626,3
CHIA1,0.28480745207825536,3
ZFP454,0.2847923310586084,2
SLC35E4,0.2847269605454017,3
EMC4,0.28461935794306953,3
MMP12,0.28454153116236097,3
MIR8097,0.2845325326155006,2
DNAJA1,0.28436841659818873,3
IPMK,0.2843646953466111,3
CHDH,0.28433343348656265,3
IGHV1-78,0.2841736091621552,3
DNAAF1,0.28413681582692357,3
ZFP747,0.28409212735283984,3
GM5805,0.284070691650217,3
PCCA,0.2840561750739473,3
CD164,0.28398778837676425,3
PARD3B,0.28395948726843984,3
TPPP3,0.2839082767094026,3
BC107364,0.2837958453988544,2
GARIN3,0.2837898967486394,3
SHF,0.2835008643675772,3
KLHL38,0.28349573002501854,2
IFT70A1,0.2833618764660173,3
AHNAK2,0.2831180717953069,3
WT1OS,0.28306895258193393,2
COG1,0.28300340919964345,3
ZFP532,0.2829782739446484,3
PLEKHA6,0.28297690937119263,3
HMOX2,0.2829362531721603,3
SYNRG,0.2828837651134144,3
IIGP1,0.28276343662220366,3
ETL4,0.28268037980162425,3
PRRT2,0.28263909677197463,3
GM11539,0.28256692409497747,3
ELL,0.28250081597203486,3
GM10190,0.28250026297904396,3
RBM7,0.2823806656058783,3
MAGI2,0.28233241852557733,3
STX2,0.28230747969472975,3
EML3,0.2822416663401038,3
MOCS1,0.28220827326854353,3
SHC1,0.28211918108037276,3
ARF4,0.2820689886834273,3
MAF,0.28201227813948604,3
FBXO31,0.28200565015302,3
LTB,0.2818432887688734,3
CD200R3,0.28181865256336747,3
ARFGAP1,0.2818005565139208,3
ZFP985,0.2817706537795667,3
TMEM273,0.2816485755242565,3
SRPX,0.28150674827839894,3
MOB1A,0.2814886088327847,3
KRI1,0.28148663588885664,3
GM12366,0.28131611708491144,3
KRBOX5,0.281288422708309,3
SLC24A3,0.28120887210868173,3
F2,0.2811665735599202,3
CTNNAL1,0.2811438190669437,3
SEC23IP,0.2811100344443544,3
KRTDAP,0.28104890771831836,3
TIRAP,0.2810293287778232,3
ZFP827,0.28101797913228493,3
H19,0.2809773582555262,3
MAPK10,0.2808925408423811,3
C1QTNF12,0.28079977505358106,3
RASL10B,0.2807634611608441,3
SLC16A12,0.2807619519731311,3
PLCE1,0.28066209117577773,3
AP4S1,0.28049014731377636,3
MAP3K9,0.2804439079549515,3
DNAAF10,0.28042909557374146,3
CRYBG3,0.28041200598138954,3
MLF1,0.2802501410654817,3
MRPL46,0.28021392412865703,3
RNF125,0.2799755903414004,3
MYL1,0.27994106160696647,3
SEMA3F,0.27992606676504006,3
PCBD2,0.2799049564033768,3
RBM10,0.2798647025009716,3
E030013I19RIK,0.2797754591455265,2
TCEA2,0.2797593523395982,3
OPTN,0.2797164092183262,3
ZFP273,0.27970733804935,3
TUBGCP4,0.27957605993775686,3
CHMP1A,0.27955211196272195,3
CDC42EP3,0.2794305726368691,3
MIR100HG,0.2793536473634946,3
AOPEP,0.2792928099354961,3
FHIP2A,0.2792204470040541,3
WFDC2,0.27918723360033554,3
WARS2,0.27916490433356006,3
SLC28A1,0.27913014011400417,2
CNDP2,0.27912275229045197,3
MYL6B,0.2790545062782439,3
DCHS1,0.27899956862742564,3
MAP7D1,0.27887171958972123,3
APOO,0.27874792876784665,3
HACD1,0.2787477817229251,3
TOPAZ1,0.27873023076532677,2
SOWAHC,0.2786387273873297,3
1700008J07RIK,0.2786171351500912,3
ORAI2,0.2785369173039435,3
TMEM132A,0.27837951494236957,3
TNFAIP3,0.2783780037558505,3
NOC3L,0.27831973458216114,3
IGLC1,0.2779252510831654,3
DHX35,0.27789437446007487,3
GM7384,0.27787277429620494,2
ISG15,0.27782749076333213,3
HSPA8,0.2778262315157377,3
VSTM2B,0.2778112448407495,2
GM14227,0.2778052733622179,2
GM16287,0.27776852961196613,2
SEC24A,0.2777607959936036,3
AMHR2,0.277742529264874,3
TM9SF4,0.2776648350091264,3
4933431E20RIK,0.2776472520269536,3
2310001K24RIK,0.2774900829869047,2
POU2AF2,0.27744668995801985,3
GM16174,0.27743686032079073,3
GT(ROSA)26SOR,0.27739461601434795,3
FAM3A,0.2771276436949078,3
SLC6A1,0.27689298687482283,3
HS3ST6,0.2767490942618808,3
PTPN1,0.27664199778136633,3
GSTM5,0.2766228531096176,3
TTN,0.27640969850581715,3
ERP29,0.2763990897099718,3
MYH13,0.276389665924459,3
SATB1,0.2762165175597657,3
CACNA1A,0.2761700892404677,3
MYDGF,0.2760887784036536,3
TMEM60,0.27578404560713576,3
LDLRAD3,0.2755813474181597,3
SNTA1,0.27555943959135915,3
SLC22A3,0.2754995209944836,3
GM14419,0.27532480593609004,3
ARHGEF7,0.2752948423011856,3
MRPL57,0.2751930152050586,3
PRTG,0.2749750066278456,3
RHPN2,0.27491962397182784,3
ZFP523,0.2748957049168554,3
TBC1D31,0.2748350261585277,3
NACC1,0.2748300689100422,3
LCE1B,0.27472652551765075,2
GM29257,0.27469213371642914,3
TDRD12,0.2746570340675352,3
GIT2,0.27463625731823393,3
KLC1,0.2746011786001887,3
SZT2,0.27453317623072143,3
CFAP65,0.27445647580233246,2
SYNE3,0.2743617507201872,3
INSL3,0.2743380779618466,3
AKAP6,0.2743193485975734,3
MAP4K3,0.27430772198196335,3
GM10046,0.27409786360873706,2
TOMM5,0.2740495758590169,3
ELF1,0.2740379342783637,3
IGKV4-63,0.2739589112939211,3
F930017D23RIK,0.2738696111115745,3
S1PR4,0.2738432722925799,3
TEAD3,0.2738417600273966,3
EPDR1,0.2738155774905417,3
JUNB,0.27355535825107213,3
ELAC1,0.2735164408509685,3
TAPBPL,0.27350940753331293,3
CMTM4,0.2735078708981951,3
OTOA,0.27350758298949546,3
STOX2,0.2734217188354056,3
GM12416,0.27341659621128117,3
MTLN,0.27332885361333153,3
HSPB3,0.2732706460298607,2
PAQR6,0.27307623366407097,3
GM8880,0.2730592106241889,2
CLIP3,0.272956825047349,3
PPTC7,0.27294156853472984,3
RPSA-PS9,0.27293045648261777,3
ZFP687,0.2728729127384597,3
SBK3,0.2727742592432084,3
ZRANB1,0.2725350458659998,3
H2BC15,0.2723944469439476,3
NME5,0.2723416478115758,3
LYRM1,0.2721758403350815,3
FDPS,0.27213135262902804,3
CCL21B,0.2720665062321206,3
NOMO1,0.271972436337825,3
MPP2,0.2719646642799913,3
ST14,0.2718352895199608,3
H2-M2,0.2717443800863482,3
USP18,0.271643118341311,3
ARHGAP22,0.27164009044834553,3
CCDC22,0.27156788291057726,3
CCDC157,0.27149486062612427,3
MYO1H,0.2714828558475262,3
TRAPPC2B,0.27146399177299635,3
PTGS2OS,0.27126747373979687,2
TRP53INP2,0.27119191666699904,3
GM10505,0.27101105675710246,3
RIPK2,0.2707708193732472,3
PLA2G4B,0.27075529726154063,3
MFAP5,0.27070513207418695,3
DEUP1,0.27054452314324756,3
TMEM276,0.27047673133607025,3
NEGR1,0.2703686382640043,3
TMEM9,0.2702930284989423,3
WDR59,0.27026542522100755,3
ITCH,0.2702044292396127,3
ULK4,0.27015423044437364,3
S1PR1,0.2700371707346026,3
DNAAF9,0.2697817473697579,3
SOX11,0.2696525096628178,3
CXCL5,0.2695453755360249,3
EBF3,0.26945019160279265,3
TPD52L2,0.26942767587152255,3
TCF7L1,0.26929628551670154,3
GMEB1,0.2692761332508929,3
GM16409,0.26915984912174573,3
BGLAP,0.2690847884517049,3
TSPYL5,0.26899446896152657,3
DCLRE1B,0.26895146934154457,3
SH3YL1,0.2689344837783516,3
TNPO2,0.26883032417318825,3
NR2F2,0.26873430860305764,3
APOBEC1,0.2686607046245118,3
TRF,0.2686481933510823,3
PPP1R1A,0.26863757672997607,3
SORBS2,0.26861962389535077,3
TMEM33,0.26860827794720404,3
E230032D23RIK,0.2686021074481683,3
B4GALT1,0.26858350485458954,3
TMEM41B,0.2684974354256197,3
PCSK9,0.26848841839999793,3
CD93,0.26847343385171213,3
ZFP64,0.2684414128102599,3
RPTOROS,0.26841616282986297,3
TMEFF2,0.26836989506046904,3
KCND3,0.26835849884193874,3
CLPTM1L,0.2683560776949224,3
A530013C23RIK,0.26813363239872445,3
CDAN1,0.2681088633972581,3
TEX26,0.26792643756488627,3
STK36,0.2679086532067656,3
PARVB,0.26790243266684577,3
DOK3,0.2678134455622421,3
IP6K1,0.26773184693298785,3
FAM228A,0.26770642033530945,3
MSRB3,0.2676227687563874,3
DEGS2,0.2676104804471895,3
EEF2,0.2675881034203777,3
CABP1,0.26752284542031746,3
UTP11,0.2675195630716237,3
GAL3ST2B,0.26751200704219974,3
ZC3H8,0.2672344838979666,3
DLGAP1,0.26719562924072665,3
TRIM80,0.2671816419845485,3
1190005I06RIK,0.2670840265400704,3
IVD,0.2668524971754653,3
NPY1R,0.26681987277361213,3
FAM217A,0.26672076852184523,2
KCTD18,0.26659107994562753,3
MLLT6,0.26656765697641477,3
TIE1,0.2665635488520149,3
SBK2,0.26655918899134673,3
GM11998,0.2665124998962924,3
SARAF,0.26648564559042714,3
MFNG,0.26645411516844025,3
SUPT7L,0.2663841150854712,3
STK24,0.2662572544537118,3
SLC6A12,0.26608300704484444,2
NTN4,0.2660085373447585,3
BORCS7,0.2659938720750393,3
KIFAP3,0.26599266891423656,3
OGDH,0.2658057466510953,3
RPL10A-PS4,0.2656876118774956,3
FOSL2,0.26561351023238605,3
CCL21E,0.26558933620708225,3
IGKV8-30,0.26557967579905695,3
CRISP3,0.265505558296264,2
GM525,0.2653767504205004,3
TMEM126B,0.26528671275241184,3
TENT5C,0.2652808068107116,3
ANO5,0.2651882633729061,3
GUCA2A,0.2651498505916398,3
SAAL1,0.2650847025949807,3
AU022252,0.265014764501696,3
DNAJC12,0.2649348794756147,3
WDR4,0.2647926755409052,3
LRRK1,0.26474088059257017,3
GM2897,0.26467843694441867,2
SNAP23,0.26458878600981944,3
CCDC62,0.26448261866579703,3
GM25636,0.26431940640694834,3
STXBP3,0.26431077555607496,3
KLK13,0.26428759477678765,3
EPHX2,0.264125811257036,3
GTF3C2,0.26403802920177477,3
ABT1,0.26401553033210723,3
LRRC10,0.2639684931465113,2
FLT3,0.2639222340575999,3
1700096K18RIK,0.26386756471169737,3
METTL15,0.2637731235872665,3
1810041H14RIK,0.2637309818896894,3
FUT9,0.26362128586343075,3
RPS18-PS4,0.2636028915788365,2
MYPOP,0.2635434310741152,3
TSPAN18,0.2632122547568457,3
PHF20L1,0.26307098723363276,3
CTRB1,0.2630630536520928,3
ERAL1,0.2630171148893716,3
H2AC25,0.2630033429351694,3
QRFP,0.26298390248565967,3
RIC3,0.26297635953939624,3
GNPDA1,0.2629490651885388,3
SAMD4,0.2629176697449828,3
GM11520,0.2628800919716983,3
ADAMTS5,0.2628190176153519,3
ARSJ,0.2627607760388211,3
FAM210A,0.262690435744004,3
SYNPO2,0.2624838127983361,3
RPS8-PS4,0.2624436614169306,3
ZFP3,0.26242832030393465,3
ATP5PB,0.26239210377483596,3
SLC38A7,0.26230827133116036,3
BNC1,0.262297595847563,3
NT5C,0.2622082431469497,3
D8ERTD738E,0.26220447160660193,3
LUM,0.26220131672722596,3
STAU1,0.2620013884358661,3
LMNTD1,0.2619640024252113,3
TENT4A,0.26189046831295854,3
KIDINS220,0.2617914912128734,3
TRIM29,0.2617466548088648,3
NUMA1,0.2617418601830668,3
MRPS35,0.2617254375983636,3
GIMAP7,0.261722162385377,3
FAM161B,0.2614553003276568,3
SERTM2,0.2614455470095487,3
CAND2,0.26140156689690425,3
RPSA-PS1,0.26137596268432234,3
KRIT1,0.26130256612586417,3
SAP130,0.26127894383833583,3
QSOX2,0.2611835689017195,3
CCNJL,0.26113493169196716,3
CHAC1,0.2611292775681691,3
GM32261,0.26105485670726575,3
DPH3,0.2609657199471786,3
RAP1GDS1,0.2609409426400205,3
NDUFS3,0.26090607865170384,3
ZFP612,0.2608778882533171,3
CACNA1S,0.2608341862819363,3
PDLIM5,0.2606848896840559,3
ACADS,0.2604437826847939,3
SRP54B,0.2604092284268677,3
E030025P04RIK,0.260368939214663,2
HSD17B4,0.2602660727491443,3
B3GNT7,0.26025324645596326,3
GLI3,0.2602413297910539,3
FRG2F1,0.26022854304716797,3
COPA,0.26021322079296993,3
SFT2D1RT,0.26017481572975126,3
CDIPTOS,0.2601608826005863,3
LAYN,0.26015122485633646,3
ZFP384,0.260042399557313,3
AMDHD2,0.25998152806051966,3
PDXK-PS,0.25996141628362474,3
UBE2Z,0.25983741397200394,3
GM3095,0.25982021729848265,3
TADA3,0.25972841978703426,3
VPS52,0.25963992954285503,3
RAPGEF2,0.259628672934838,3
NUDCD3,0.25949156730349054,3
RNFT2,0.2594251176099642,2
SP140L1,0.25933272557949155,3
EPB41L1,0.2593289289407321,3
QSER1,0.25918943929736443,3
MEX3D,0.25909409502141034,3
ZEB1,0.2590666600109213,3
ABCB1B,0.2590545321621202,3
4921531C22RIK,0.2588847137226661,3
FKBP1B,0.2588706511248622,3
BIN1,0.2587564549619782,3
PBX3,0.2587396877503307,3
5830416I19RIK,0.25873852616461623,3
GMFG-PS,0.25872619735709396,3
ABI2,0.2587080064374068,3
ANGPTL1,0.2586682757180454,3
MXRA7,0.25851389247063,3
RPS6KA2,0.2584936231622763,3
RAB11FIP1,0.25847809092104923,3
TMEM127,0.25827799714327004,3
B3GNT9,0.25827574506323386,3
OTUB2,0.25827556281051445,3
HTRA1,0.258188217887875,3
TLCD4,0.2581544508058712,3
ABHD17B,0.2581477343796628,3
TCEAL3,0.2581223662748364,3
THSD7A,0.2581109928884559,3
KBTBD13,0.25804426790274976,2
RUNDC1,0.25797404926104084,3
POLR1B,0.2579656189406382,3
ABCF2,0.2578589629260674,3
CIMIP4,0.2578250221388887,2
CYP4V3,0.2576790239677214,3
MUC5B,0.2576700280727076,3
CCDC92B,0.25763809972698953,2
IQGAP1,0.25759749951710065,3
RNPEP,0.25751526103759464,3
RARRES1,0.25738460549820524,3
PRDM8,0.25736559372688445,3
FZD4,0.25727777121659706,3
ANO4,0.25725753733487233,3
SC5D,0.2572407016797128,3
B230311B06RIK,0.257200941465751,2
AGMO,0.25713714771371404,3
SLCO4C1,0.25713552584605975,2
KLRG1,0.25711658130660375,3
MOSPD1,0.25703900268288404,3
MC5R,0.25680868498863396,3
NFYC,0.2567853458305547,3
ACOT6,0.2567234613817248,3
RHOT2,0.2567165663490775,3
GM8276,0.25655307701244123,2
PDCD11,0.2564652241666414,3
NTMT1,0.25641831491632894,3
DGKI,0.25633387521057144,3
NRBP2,0.25626470667676854,3
CD2BP2,0.25606653615486896,3
MANF,0.25606275640777976,3
CLEC10A,0.2560365798368004,3
EFNB3,0.25599465040670055,3
ATXN2,0.2559705993088231,3
9430041J12RIK,0.25595411608634255,2
AQP11,0.25588048929832685,3
NCTC1,0.2558686215777836,2
RSPH1,0.2557762281837049,3
CROT,0.25575347459302383,3
DOCK1,0.25566897664250576,3
LHFPL4,0.2555860498910855,2
SNX29,0.255442678467084,3
TMEM198,0.2554313842396097,3
AQP7,0.2552766725314624,3
IGSF3,0.25516887273506966,3
CCDC9B,0.2551510166850305,3
OSCP1,0.2550705331001164,3
FZD3,0.2549997962917872,3
GDF5,0.25495519989639315,3
FGF16,0.25485866601191315,3
TBX21,0.2548371104635596,3
VPS37D,0.2547471069037942,3
TCF23,0.25467891978649854,3
ARNT2,0.2545063766455255,3
PDIA5,0.25444001446576087,3
SWAP70,0.25439842458728196,3
KCNRG,0.2542010560880328,3
ACAD12,0.25413707336474994,3
PROSER2,0.2540851220899472,3
BICDL1,0.25396500068263994,3
E2F6,0.25377530617996386,3
SPN,0.25377100281170617,3
STRC,0.25376367969364444,3
SYNGR2,0.2536726730500012,3
COQ10B,0.253598304751152,3
VPS35L,0.2535616376030472,3
UBE2G2,0.25344842027353903,3
MRTFA,0.2534137599733402,3
LIMK1,0.25337888673102643,3
CD1D1,0.2533314570846334,3
LY6C2,0.25323474084919256,3
MCMBP,0.2532144752803642,3
MRPL22,0.25319940211941744,3
COL9A2,0.25304958212575684,2
A230020J21RIK,0.252878868354316,2
JKAMP,0.25277865460851984,3
UFSP2,0.25269488247893607,3
KIF17,0.2526546637755,3
IGHV1-69,0.25260183286999155,2
BOD1,0.2524368617932833,3
COL4A2,0.25243390703157104,3
TRP53INP1,0.2524154551722903,3
TRRAP,0.25224779133926617,3
ATXN7,0.2522284263233713,3
CPED1,0.2520836749658281,3
IER5,0.25202698172890337,3
NKPD1,0.25197938027172195,2
HNRNPH1,0.2519630300646529,3
ZDHHC23,0.251851442341632,3
TMEM108,0.2517713044408752,3
ACVRL1,0.25173851684987864,3
KIF28,0.25172826175301366,2
RPS2-PS5,0.25142753564222914,2
NIPSNAP1,0.25142623984347917,3
ZFP759,0.25140182752554385,3
TMEM184C,0.25138475067178606,3
PDZRN4,0.2513444652678976,3
LTV1,0.2513286962113578,3
PLD3,0.25112406341732074,3
RUNX1T1,0.25106938221252184,3
CACNA1E,0.25092514306936525,3
AFG1L,0.25090591681009394,3
GNL1,0.25084988939894276,3
CIMAP3,0.25074634190451867,3
WAS,0.25072872196737034,3
PLPPR2,0.25072003664035863,3
B4GALT3,0.2507187461148334,3
P2RX1,0.25064566380382164,3
FFAR4,0.25061378622060126,3
GM11827,0.25057159397454715,3
PTPDC1,0.25052411440527267,3
GM6252,0.25049563792972107,2
PTHLH,0.2502779814593546,3
EEF1AKMT1,0.25017755375988,3
DUSP22,0.24999230199090913,3
CACNB2,0.24991194553328788,3
TRIM34A,0.24991075306170382,3
USB1,0.24987002856855456,3
TRMT10C,0.24982353828690196,3
RPS6KA4,0.24974428538241245,3
OTOP1,0.24955555201437654,3
TMEM120B,0.24953140587673203,3
KLRE1,0.2494640869388036,3
KTN1,0.24939449269764294,3
ANKRD9,0.2493015350398277,3
CAMK2B,0.24917315645297466,3
FAM180A,0.24910515031956346,3
GM4950,0.24907977561831562,2
GM12104,0.24904540307647527,2
STK25,0.24901834033432216,3
WNT7B,0.24890130773712113,3
USP4,0.24888184902073274,3
SEMA3E,0.24886568401235562,3
TMEM97,0.24870680826408562,3
MANEAL,0.24852923565835572,3
GM5905,0.24848707289028257,3
IQCD,0.24846815802692904,3
PDLIM7,0.24842538299791203,3
PIK3CG,0.24840359669391052,3
ARC,0.24837010161365566,3
ATP8B3,0.24836480738307695,2
EHBP1,0.24835809926186855,3
ANKRD44,0.24831834641870923,3
ANO6,0.24827476903860604,3
PIK3CB,0.24824025228767907,3
FAM131B,0.2481741375344404,2
ZFP830,0.2481207377474077,3
TFIP11,0.24805937961449506,3
SLC43A2,0.24788573875267997,3
PHF11D,0.24788181463133016,3
MAD1L1,0.2478476008228808,3
ATL3,0.24773926563417561,3
AGBL5,0.2477228659223315,3
CCIN,0.247657756562747,2
PDE4B,0.24762849464820144,3
LRRN3,0.24760937991863732,3
LRRC75A,0.247447402371728,3
IL18BP,0.24740518142018011,3
CHMP6,0.24736953930739938,3
ZBTB41,0.24715205650451752,3
GM7370,0.24711043438549019,2
SREBF1,0.2470442759656594,3
CHRNB2,0.24704250729692998,3
PLIN4,0.24699629298727357,3
HTATIP2,0.24694863755619725,3
STARD5,0.24694238816527583,3
SAMD9L,0.24683623955541897,3
LDAH,0.2468249152865655,3
OR51E1,0.24674567508228484,3
KCNJ3,0.24671104777010297,3
DDX3X,0.24670506155155222,3
TMEM62,0.24665961161518454,3
PTCD2,0.24655163445856498,3
NTF5,0.24654672211211917,3
OSGEPL1,0.24644037466636148,3
GM14021,0.2462473554604916,2
GM48432,0.2461974509593904,3
GM10785,0.24616417409051736,3
NBR1,0.24614350498674706,3
RAP1GAP,0.24614245795100545,3
MINAR2,0.24610677489722346,3
ZFP13,0.24606638665831995,3
MTERF3,0.24605957122028554,3
CPLX4,0.2460502054782636,2
WDSUB1,0.24587001037226944,3
FGD6,0.24586165674069996,3
TBCB,0.24577490029648844,3
ANXA11,0.2457460745098119,3
WWTR1,0.24574440025625174,3
ITGA7,0.24567917875158543,3
MAMDC2,0.24567460531764593,3
LARP6,0.24550690459382696,3
MALT1,0.24535723180700494,3
SELENOF,0.24524834930868422,3
ZFP106,0.2452456700612948,3
B3GNT5,0.24524201243214808,3
4921536K21RIK,0.24521399659750365,2
NPHP1,0.24512209281632094,3
RERG,0.24506230919494987,3
AMPD1,0.24502868665593644,3
DTWD1,0.24493597200335637,3
SH3GLB1,0.24492531220185945,3
LYSMD4,0.24488815843706369,3
MPST,0.24464931027539008,3
SMTN,0.2446064972414387,3
SYNC,0.24457663213762962,3
NDRG4,0.2445408929788616,3
TBX19,0.2442975610452072,3
CCRL2,0.24414286022707446,3
PUM2,0.2441151850401737,3
ACOX2,0.24408612815667535,2
FMO6,0.24404555035582937,2
GM13142,0.24402700760893264,2
CRADD,0.2438933691766868,3
CLEC2L,0.24378047990230764,3
TRA2B,0.24374432008740218,3
FAM186A,0.24371237871776738,3
SEMA3A,0.24368543107988397,3
RAB33A,0.24357203062296529,3
SLC2A8,0.24344796192054755,3
CNTF,0.24332233903431905,2
CACNA1F,0.24330914117958435,2
MAP4,0.24322573618977805,3
GM5835,0.24319891272182892,3
UBE2Q2L,0.2430374237740195,2
FAM76A,0.24295615106403567,3
RPS18-PS5,0.24287866404257893,3
RBFOX1,0.24280721118349036,3
OCLN,0.24279624978320244,3
CCL3,0.24266617846789593,3
GM4952,0.24265164348815263,2
ZFP819,0.24262003119498388,3
NOL6,0.2425731120223583,3
PNMA8B,0.24255072926306845,3
FARS2,0.24252375716428723,3
SCFD2,0.2423992635719651,3
CCDC71,0.24218776579812465,3
CD36,0.24211615854851487,3
SLC50A1,0.24199730106812992,3
SLC6A9,0.24187003420963085,3
MYD88,0.241764890756471,3
FIGNL2,0.24171822164724008,3
AMIGO2,0.24150807136791208,3
ZFP869,0.24115941131489496,3
ANXA2R1,0.24099757361080676,3
GRK3,0.24097603538287934,3
AIG1,0.24096216728315864,3
CABLES2,0.2408855313818333,3
4930583K01RIK,0.24085080881629825,3
CRTAC1,0.24084355975623714,3
CZIB,0.24081340802471338,3
4930599N23RIK,0.2407376462031305,3
FBXL9,0.24069541363407124,3
DHRS9,0.2405989451761867,3
BCO1,0.2405978084164965,3
CD27,0.24051179145334664,3
UBXN1,0.24050965384405967,3
VKORC1L1,0.24048425203459814,3
GPM6B,0.24048158773675013,3
PTBP1,0.2404703284237907,3
POPDC3,0.24043881694644648,2
GM6305,0.24043558077705057,2
TRAF3IP1,0.24035830985707182,3
TMEM198B,0.24035745140332135,3
TGM5,0.24034487866243875,2
IGKV10-94,0.24021447498458914,3
UBE2O,0.24019277541858622,3
COL9A1,0.2401176844147897,2
IGHV1-58,0.24007371077608577,3
LDAF1,0.24004484438002804,3
CNP,0.23978359429643215,3
ABCC5,0.23964389086217505,3
ATF7,0.2394760155179375,3
RPL9-PS4,0.23945345206690738,3
5730460C07RIK,0.23931431177871026,2
GNRHR,0.2392713842975367,2
GM31223,0.2391790259338631,3
ZFP207,0.23917612191693438,3
IPO4,0.23910447033267856,3
FBH1,0.2390082815669411,3
SPA17,0.23894748208336547,3
SNORD15B,0.2389135182358862,2
MCRIP1,0.23889305542935688,3
TNFRSF25,0.23881123277340466,3
NUDC,0.23880186519739466,3
GM6493,0.23879799830450377,2
5930430L01RIK,0.2386704379162198,3
GM5047,0.2384713542344871,2
SPAG8,0.2384676954096686,3
1700007L15RIK,0.2384612659523068,3
GM15368,0.2383498192735159,2
ZFP9,0.23827676884212567,3
CHMP7,0.23822256186859583,3
NMNAT1,0.23817747531791453,3
ARFIP1,0.23817161032951595,3
STK40,0.23790542455637972,3
SIGLECF,0.23786999569055772,2
RPP40,0.23775701846698735,3
QNG1,0.23770123730667203,3
NAA20,0.23746266319792164,3
PCDHB15,0.23741433607316778,3
LYRM2,0.23740146422154593,3
TRAV21-DV12,0.23737781795091184,3
ELP3,0.23737164050442935,3
CCDC160,0.2373682961477546,2
SLURP2,0.2373244808711456,2
TAOK2,0.23726394088605815,3
PFKFB1,0.23719915188063775,3
ATP10A,0.23699529310687975,3
UGCG,0.23697440159692088,3
ALDH3A2,0.23694175320822786,3
SULT5A1,0.23689783369706316,3
COL25A1,0.23682539531291266,2
PAN2,0.23677212669969303,3
ACACA,0.23670037181771963,3
GM6552,0.23663601718219462,3
TXNDC12,0.23638371469024874,3
MYH1,0.23635370335374647,3
SASH3,0.23633623708286122,3
MED9OS,0.23632421610153653,3
EID2,0.2362273436399794,3
GM8227,0.2361063369377905,2
LYPD6,0.23596898414371856,3
GM13292,0.23595795915435475,2
BPIFB5,0.2359427627152429,2
DYNLT4,0.2358053212913108,3
SERPINA3F,0.23578907561101925,3
HSPA1A,0.235626880225828,3
PERM1,0.23561048397097453,3
GRSF1,0.23557168345876,3
RPH3AL,0.23546962824772275,3
PCX,0.23541604901334448,3
GM15793,0.23519754955364205,3
STK39,0.23510209822423675,3
AHCYL,0.2350851098228325,3
KCTD4,0.2349219789792687,3
STRA6,0.23484371287840108,3
FBXO7,0.23472688122339477,3
FBXL7,0.2345732155228362,3
SYT17,0.2345459664209524,3
CELF4,0.23452441987395914,3
TRIM9,0.23441398191067128,3
KEL,0.2343687261525737,2
TCTN1,0.23428358579690847,3
GLMP,0.23427087589350348,3
ASCL1,0.2342377187953167,3
ZFP867,0.2341986845369175,3
FGD2,0.23417380488353798,3
IHH,0.23413392542830902,3
GPATCH1,0.23407910889966357,3
IFT122,0.23407544833065497,3
NXPH4,0.23402424082639256,2
EXD1,0.234021034661735,3
ID3,0.2339715562723176,3
NPRL2,0.23396912022798988,3
RAB6A,0.2339534387725045,3
OST4,0.23391942342076147,3
RNASEH2C,0.23388443173504903,3
C330018D20RIK,0.23380336878338817,3
RNF130,0.23368035450574143,3
NEDD9,0.23366700049748867,3
ARRDC4,0.23358425911302919,3
MTR,0.23357756620790363,3
KCNIP2,0.23352956914397485,3
MGMT,0.23337378214242255,3
RPIA,0.2333428817097615,3
DOK5,0.2332469863218851,3
KIF18B,0.233130542729906,3
RPGRIP1L,0.23309997311168196,3
D630003M21RIK,0.23308218988184248,3
DDX6,0.23303843642869979,3
TBC1D9,0.23302952066942254,3
LRTM2,0.23275028286508856,3
GM7666,0.2326680899347052,3
TNNT2,0.23257282208859822,3
SYBU,0.2325277529731663,3
SLC10A5,0.23242073284999817,3
CRTC3,0.23238057246225227,3
LRRC18,0.23234911493879695,3
SNORD94,0.23234727260422028,2
RFFL,0.23217751970308909,3
XLR,0.23214963817328096,3
EGLN2,0.23208897321712021,3
SYNE4,0.23206862851746904,3
FADS3,0.23206734858615388,3
CASP6,0.2318372164771664,3
PIEZO2,0.2316091690446382,3
GALNT10,0.23156011820153433,3
CLCA3A1,0.23152000174164392,3
KLHL29,0.23151160777275692,3
ATG4C,0.231501347141533,3
PHC2,0.23141185839417208,3
BTNL12,0.23125668353916354,2
GM6394,0.23110115529915004,2
DLGAP4,0.23106365552610664,3
SMIM3,0.23098560143674748,3
H13,0.23096447532953254,3
PEX10,0.23077702125796176,3
EVI5L,0.2306931162776681,3
AHNAK,0.23056909097302603,3
PCDHB19,0.2305526713821264,3
GABRG3,0.23054772599897955,2
PPP4R1,0.23038190175361162,3
PSMB2,0.23033826669965185,3
PLD2,0.2303368425367108,3
RBM46,0.23030591374591647,2
ARMCX3,0.23026510358782892,3
HINT3,0.23015902912020558,3
SYTL3,0.23014001140082416,3
CR1L,0.2300616090950377,3
MUL1,0.22983492117608542,3
GTF2B,0.22982586332421517,3
TG,0.2298175844046357,3
TRPC4,0.22975632952994424,2
ARL11,0.22925531496940232,3
GM15737,0.22922396779348753,2
SLC26A7,0.22916850066529365,2
MYADML2,0.22904944817916859,3
GM35177,0.22885146227100306,2
HEPHL1,0.22878021212520164,2
SEC1,0.2287429148392207,2
SHTN1,0.22873358835232413,3
SCAPER,0.22863972729986912,3
ZFP526,0.2286063693846465,3
SNAI2,0.22852335932733206,3
D6ERTD527E,0.2284285265538827,3
ITPRIPL1,0.22839495420751074,3
RPS13-PS1,0.22826262646843573,3
MEFV,0.22813610939147844,3
KCTD21,0.22810354376248343,3
PLD5,0.22803471078602716,2
PGAP1,0.22802709155855108,3
KNG2,0.22793931341746296,3
OXSM,0.22784668830906254,3
4933422A05RIK,0.2278036143646275,3
SYT15,0.2277770561774749,3
RNF150,0.22777662206285723,3
MYMX,0.227693517349773,2
GM36608,0.22768705747010654,2
LRRFIP1,0.22760556781621644,3
CCT6B,0.22751447495638458,3
GM35021,0.22748264405091387,3
PIN1,0.22743465099146323,3
B3GALT2,0.22730459225702795,3
ELP5,0.22726453742730482,3
A430057M04RIK,0.22723570360461798,3
RBM48,0.2270248518279947,3
RINL,0.226969066110798,3
ZFP862-PS,0.22690060148754454,3
GM34424,0.22665588226290778,2
PDE2A,0.22657227360653356,3
FKBP2|GM51400,0.226488487188618,3
GM23238,0.22637652574410472,2
RPS18-PS3,0.2261377945750099,3
STXBP6,0.22599927694479774,3
EFHB,0.22597213408858158,2
GM8942,0.2259568100052602,2
MALL,0.22591870013403678,3
ATPSCKMT,0.2256656677535066,3
SLC52A3,0.2256127434391779,3
NBN,0.22551508918307764,3
IGTP,0.22549334769368326,3
GM10269,0.22549019482501587,3
TNFRSF11B,0.2254512711240859,3
DNAJC4,0.2253968522270249,3
PRR15,0.22538086874413302,3
TANC2,0.22535922742186928,3
2610016A17RIK,0.22535394638049655,3
MAP10,0.22533167869495987,3
ZFP84,0.22526961169057605,3
MFSD6,0.22525178868506454,3
NEK8,0.2252411830979033,3
ESRRA,0.2251851872976074,3
SMCO3,0.22511715225483334,3
POLR2C,0.2250720946294941,3
TRAV7-1,0.2250331120396348,3
SNORD32A,0.22500835210458764,2
CSPG4B,0.2249673066179029,3
ACP2,0.22490654639133786,3
TMEM243,0.22488335937412085,3
ZFP229,0.22477396088700594,3
CAMK2N2,0.22472101638804906,3
TCERG1L,0.2247188125031451,3
HDDC2,0.22468498062633194,3
OIT3,0.22468198630275457,2
HELB,0.2246738728140858,3
MAPRE3,0.22464812700534298,3
SPTY2D1,0.2246211388235704,3
PTPRR,0.22443559183594375,3
TUBGCP5,0.22442466334919678,3
DDX60,0.2243466051033908,3
FARP2,0.22431369988506422,3
ARL2,0.22431187275187003,3
XLR4A,0.22424061607270027,3
CTDNEP1,0.22413362863853004,3
HES1,0.22413011144299197,3
USP43,0.22409925566248887,3
CLEC2G,0.2240791660375442,3
GM42788,0.2240387044256278,2
IRAK3,0.2238077888408465,3
TXNL4A|NAA12,0.223768687264291,3
VPS41,0.2237611219338048,3
CTLA4,0.22375517195393982,3
PLEKHA4,0.2237478452936784,3
SV2B,0.2237127445440765,3
UPF3A,0.223689801214344,3
PRR5L,0.22360761667943008,3
AIMP2,0.22359019909033354,3
PKP4,0.2235156727716432,3
MRPL4,0.22344524022269305,3
SLX4,0.22321613327843157,3
TRHDE,0.2231891323617703,2
BLK,0.22318265919883518,3
SLN,0.22317977684963447,2
CACNA2D1,0.2231590575044231,3
CHD5,0.22310923910894134,3
HOATZ,0.22301482066761094,3
FBXW17,0.22296188766528655,3
SLC4A4,0.22286342587806338,3
CPPED1,0.22281758445881975,3
GPKOW,0.2227998718425764,3
BEND7,0.22277366187496803,3
SLC25A43,0.2226837674883776,3
ADORA1,0.22263418470104027,3
CLCA3B,0.2225528275526455,3
SLFN4,0.22248862106823641,3
CAPN9,0.2224330388807024,3
PAFAH2,0.2223792268857657,3
VEZF1,0.2223460629375655,3
GLIPR1,0.22229038959683414,3
GULP1,0.22221906369974778,3
RNF41,0.2221770797901895,3
CLDN1,0.22212313951108195,3
COL8A1,0.2220782499188724,3
D430036J16RIK,0.22203797046991158,2
HMGB1-PS5,0.22199178689877908,3
CC2D1B,0.22192882743785228,3
SCIMP,0.22192410000592197,3
GM10790,0.22192365430241945,3
MAPKAPK3,0.2218167713771589,3
RHPN1,0.22180025824760263,2
ARRDC1,0.221718260340514,3
IMMP1L,0.2217053189496896,3
LCA5,0.2216867941769277,3
SURF1,0.2216065249163376,3
INPP4B,0.22158988458095866,3
COX15,0.22153941621040363,3
MICAL2,0.22136682298579324,3
TXLNA,0.22133936515977312,3
DGKB,0.22111382875230123,3
ARMCX4,0.22109289645692798,3
OTULINL,0.22107111375773195,3
2200002D01RIK,0.2210612585784575,3
XRCC5,0.2209789445462875,3
GGCX,0.22094039900699344,3
TXNDC16,0.22088750317630976,3
ACADVL,0.22084871138453485,3
TCIM,0.22074493981696694,3
DNAJC19,0.22073697909009318,3
ABI3BP,0.2207009892768579,3
GSTA3,0.2206374081200524,3
ANK,0.22059679371173413,3
TMPRSS11E,0.22054613965085856,2
YARS1,0.22049544067220261,3
DAGLA,0.2204732168775885,3
LIG4,0.22046900496164382,3
H6PD,0.22034070847171616,3
C8A,0.22027935849507485,2
TPST2,0.22026467267620198,3
KCNJ11,0.22026000824559638,2
SOX13,0.2202572550145879,3
CARD10,0.22017544795862257,3
MRPL40,0.22014026825246788,3
GM6159,0.22013931637151618,2
PEX3,0.22013503542425403,3
AQR,0.22011346917095595,3
GFPT2,0.2201037827232751,3
LY6A2,0.2200963958454419,3
DET1,0.22009001318468138,3
MAP3K20,0.2200245715771093,3
TIMM9,0.21998796160954037,3
ACAD10,0.21994653045533255,3
SMDT1,0.21988467060024053,3
MAJIN,0.2196837976286637,2
ARL16,0.2196602344499312,3
RGS6,0.21954255870240666,3
PROX2,0.2193984920807014,3
GM16580,0.21921289046445472,3
EIF2D,0.21911623255593218,3
EEF2KMT,0.219109758546821,3
GPR75,0.2190486823779269,2
PLCB1,0.2189902948819654,3
PAPLN,0.21887272141399403,3
TSHZ1,0.2187937041368493,3
PPP1R2,0.2186836042742152,3
RPS17,0.21866005002079003,3
FABP7,0.21859739079491083,3
SYNGR1,0.21858727086554622,3
OPTC,0.21858553102933378,3
LRTM1,0.21838035063431263,2
MIER2,0.2183618434542404,3
GM23925,0.21804530323711482,2
GPR153,0.21802282984026142,3
SLC4A1,0.21798872259921712,3
CYS1,0.21796184881451194,3
TNFSF9,0.2176513948524119,3
APCDD1,0.21729381540293488,3
ERMARDL1,0.21700453591744895,3
BECN1,0.21686724711135333,3
AFF3,0.21685186994588967,3
FCHSD1,0.2166900890122397,3
WDFY1,0.21658045258783257,3
SERPINI1,0.21645451578356997,3
HSPB2,0.21643415532211732,3
LAIR1,0.21631381412792727,3
ITPKB,0.21630125883667362,3
CES1H,0.21627534782990207,3
ZFP385A,0.21626561100866967,3
ACY1,0.21620126053420718,3
CDH16,0.21618704105113812,2
FAM20C,0.21613058641955032,3
TESPA1,0.21601274871255405,3
DNAJC28,0.21598534534438016,3
GPR35,0.215670338786051,3
CCDC137,0.2153535016638226,3
POLR1A,0.21528059427377721,3
SLC27A2,0.21525169881752373,3
BEAN1,0.215181619870437,2
ELOF1,0.21517511222532146,3
MET,0.21515403704467684,3
RNF217,0.21494885367844485,3
EED,0.2148718019480307,3
THY1,0.21484830152955267,3
ZFP35,0.21481153638666528,3
VDAC3,0.21476746628247545,3
MEIOSIN,0.21471980980882854,2
CELF1,0.21464154022887305,3
ABCA13,0.21453696212611006,3
RPS15-PS3,0.21446371938024303,3
FBXW27,0.21442785189597405,2
TARS1,0.21430648102250272,3
CD300LD2,0.21430537493102883,2
ABCG8,0.21421746127759553,3
GM30571,0.214213932477395,2
LY6G6C,0.21403339309484268,3
PLCG2,0.21402473340181138,3
ACTR1B,0.21401477429739113,3
TMEM50B,0.21389061511048946,3
FAXDC2,0.21383953077473286,2
NRN1L,0.21383030180854354,3
4732471J01RIK,0.21380362290969177,3
BLOC1S5,0.21379528050039487,3
TMED7,0.21374603993179678,3
CWC27,0.21361118688084332,3
FBXO17,0.21359928456219698,3
NDFIP1,0.2135549309437282,3
FBXO46,0.21346599299270733,3
MTHFR,0.21338142862720497,3
LRRC56,0.2133567269990009,3
KCNA1,0.21330213005815304,3
TOMM34,0.21312877204908617,3
GAN,0.21312065823290885,3
ANKRD65,0.213041877503118,2
1600014C10RIK,0.2130184241704383,3
INSC,0.21297757681248186,2
1810019D21RIK,0.2129685431406951,3
PM20D2,0.21293641293314472,3
LAMB3,0.21289533973810082,3
LRRC74B,0.21282409026376786,2
CRYBB1,0.21277312129231474,2
AUP1,0.2127385918076394,3
VWA3B,0.21256501562692381,2
TSPAN12,0.21253556362713186,3
B4GALNT3,0.212508908527073,2
COMMD3,0.21243838817556995,3
GAL3ST3,0.2123434644404265,3
RSPO3,0.21232408855160367,3
SARS1,0.21220182551906755,3
RPL26,0.21217640943833116,3
GM4609,0.21215862726889267,3
SDCBP,0.21215633569682033,3
FTSJ1,0.2120087085606465,3
PCID2,0.21191792740596205,3
MMP3,0.21189950037544888,3
PRPF40B,0.21189377292678654,3
MYO1E,0.21189093954172442,3
LGI1,0.21177379071921268,2
VIT,0.2116429550949397,3
JPH4,0.21162476202443672,3
SLC12A5,0.21160884226364787,3
EMILIN1,0.21143804361307716,3
GFRA4,0.2113633202659233,3
P2RY10,0.2113004714570942,3
JOSD1,0.21125036775022846,3
PCDHB13,0.21120064713542883,2
IGLV2,0.21119078728975912,3
D3ERTD751E,0.2110475702860591,3
SPHK2,0.21104580355813773,3
ATF3,0.21100086822961386,3
PXT1,0.21086300992068763,2
ZSCAN22,0.2107774080778669,3
ATG10,0.21067299148100183,3
RCN2,0.21064681417663322,3
CEACAM16,0.2106394669296294,3
GM15663,0.21062648725600774,3
TOP3B,0.21057333847869955,3
TRIM45,0.2105252982382879,3
SDC1,0.2104865385249649,3
GM26684,0.21041118429172548,3
CDH6,0.21030666786674967,3
ATP9A,0.21030492077241125,3
FA2H,0.21026973071255886,3
ARXES2,0.21025394855046442,3
ECSIT,0.21024259321110314,3
FOXR1,0.20983971279034722,2
MAG,0.209798188929176,3
CYP2F2,0.20979321506983872,3
CBY1,0.209628682589317,3
IRGC,0.20958429356361466,3
TNFAIP1,0.2095153627320129,3
RPL36A-PS1,0.20946030970083848,3
ZFP689,0.20936038481634653,3
SLC22A5,0.20929345902662297,3
KDM4C,0.20925149904497756,3
NKAIN2,0.20901910103986132,2
IRX1,0.20898550410755667,3
PNPT1,0.20898466801819393,3
TESMIN,0.20898439050164908,3
INPPL1,0.20897793179898014,3
PAXX,0.2089672009373721,3
CHD2,0.20891622787885067,3
MPPED2,0.20888385611827442,3
GM14963,0.20880492078188467,2
GEMIN4,0.20879191494311589,3
MASP2,0.20871577274821548,3
IFT80,0.2085678254911294,3
BRF2,0.20849241890026923,3
OGG1,0.20842887526724063,3
ETS2,0.20838338866450148,3
OLFM3,0.20836870191215204,3
DPCD,0.2081521430774873,3
RHOX8,0.20814904565836634,2
MSL3L2,0.20810354575165171,3
MEF2D,0.20807096647599524,3
SEMA4F,0.20806465001398713,3
SMIM15,0.207979755503554,3
LGALS4,0.20791276855379662,3
RNU1B2,0.20786024677141726,2
SPRY4,0.20784275899808372,3
SKAP2,0.2076801410870569,3
ARL6,0.20766038461933592,3
TCSTV2A,0.20758016730088635,2
MEST,0.20754312817761902,3
LSMEM2,0.20751113670908927,3
RABEPK,0.2074687167110799,3
MRPL36,0.20732081737671662,3
TBRG1,0.2072743763030743,3
CEBPE,0.2071767679074664,3
HES7,0.20715408299173668,3
CIMAP1B,0.20706536264477626,3
PIERCE2,0.20700192059064637,3
EXTL3,0.20697831155268454,3
WSCD1,0.20691378498425847,3
MAGEE1,0.2068674866983642,3
EP300,0.20661275355647324,3
GNAT2,0.20652657590119838,2
GFM2,0.20650223562230283,3
SH2D3C,0.20645387157767173,3
GM22581,0.20640536247408364,2
TTC39A,0.20619940525122815,3
TWIST1,0.20617777608553065,3
SFTPA1,0.2061624259917082,3
ERBIN,0.20600921321975174,3
GM28042,0.20593123158952334,3
AFF1,0.20576307822708043,3
PDCL3,0.20569643241794988,3
GJA1,0.20566290899437423,3
TMEM230,0.20565943794223132,3
ZFP94,0.2056319707683836,3
FAM50A,0.2056167586159233,3
LIPH,0.2056149148399428,3
IFIT1BL2,0.20538215930654627,3
APOL11B,0.20527291744909135,3
PTPRK,0.2052396536372452,3
A130010J15RIK,0.20518658216793406,3
COMMD6,0.2051600611520571,3
COX6A1,0.20512204522675112,3
CCDC63,0.20497126238088045,3
CATSPER2,0.20486474938080268,3
GVIN-PS2,0.2048430092338316,3
NDUFC1,0.2047708507778141,3
CTNNBL1,0.20472249019586963,3
TMEM25,0.2047061009927394,2
GM11687,0.20467489778951012,3
SPSB2,0.20463074047947394,3
ESCO1,0.20461303918941187,3
ENO1,0.20446005454166818,3
IFT43,0.2043876183365104,3
HMGCLL1,0.20436321917314343,2
GM25630,0.20431186620800856,2
GM5620,0.2043062779121427,3
CADM2,0.20417699053411487,3
TMEM41A,0.20414371231289227,3
MUP17,0.20406297096761455,2
PNCK,0.20388161796666723,3
SNORA47,0.20380431196582816,2
GM5781,0.20377507574771342,2
A930002C04RIK,0.2036179193629173,2
ITPRID1,0.20345855077797406,3
HINT1,0.2034565213606967,3
TNP2,0.20342191218745423,3
MTCH2,0.20311778260709967,3
MYL10,0.20304956281067696,3
PRDX1,0.20303798588890465,3
NOP53,0.20294675635346437,3
OR2V1,0.202898927317533,3
CCDC39,0.20289711700824917,3
CD33,0.20287917744968564,3
DUOX1,0.20282749267406774,2
FZD7,0.20282570200656824,3
ZDBF2,0.20269236687411363,3
LOC100041057,0.202572161629241,3
ACSL1,0.20257176396921672,3
PLEKHN1,0.20254822446474444,3
ABRA,0.20252872339503522,2
LRCH2,0.20249264282749668,3
BNIP1,0.20248315422652455,3
CGREF1,0.20245419684510083,2
MYL3,0.2024212526370448,3
TNFRSF14,0.2023291920633751,3
KRT33B,0.20232714753864497,3
RPP38,0.2022891944093488,3
PUS3,0.20227289979790664,3
KLHL3,0.20227198863052845,3
SH2B2,0.20226651517089364,3
NFIC,0.20223382983938945,3
SP100,0.2020835325421164,3
SLC35G2,0.20191347583237992,3
ACTR8,0.20189168602190347,3
AUH,0.2018294060307986,3
FNTA,0.20178720384058538,3
RYR3,0.201784346478024,3
CFAP276,0.20170438837392396,2
ACCS,0.20168296105305805,3
2610028H24RIK,0.20162952825544936,3
F8,0.20156643945754646,3
CR2,0.2015474334277572,3
FGF17,0.2015180489461454,2
6820408C15RIK,0.20149504730959925,3
KRT81,0.20148447323274774,3
TMEM252,0.20144063989955271,3
TRPT1,0.20133378700571192,3
HOMER3,0.20107858132200218,3
GM9899,0.20100060682060192,3
MBTPS1,0.20098916966437744,3
BRMS1,0.2009865722168027,3
EPHA8,0.20098481744550006,2
IL20RA,0.200927023797186,2
SAA1,0.2007550643639968,3
THEMIS2,0.2007376272526186,3
GM44502,0.20071829798213137,2
DENND1C,0.20065565405461502,3
ITPKC,0.20045708247653607,3
TRIML1,0.2004386274842174,2
MGAT1,0.20039053280334893,3
RAP1B,0.2003644977026032,3
ARK2C,0.20018724658668008,3
RIPOR3,0.20017099418153417,2
TUBB2B,0.20016516496019174,3
CXCL12,0.20014731164751867,3
WRAP73,0.20003483847436918,3
GM10136,0.19998547061243474,3
APOOL,0.19995869358483284,3
PHOX2B,0.1999386119755312,2
GLRX,0.19980854535388534,3
GM26682,0.19979944490965526,3
NTRK2,0.19973809304074794,3
GPR15,0.1995565051771659,2
IL21R,0.19953834388352856,3
DHX30,0.1995188111265472,3
SIAH2,0.19950502823671742,3
GPR15LG,0.19946598182716646,3
AU040972,0.19929210658360247,2
PLK2,0.19928985809935865,3
GPR157,0.1992217147340759,3
LMOD3,0.19921020360308495,3
TIMM44,0.1991841668258645,3
ASAH1,0.19907928592218924,3
GM10874,0.19907228247723685,3
PLAAT1,0.19905243093143257,2
SNORA78,0.19904318349334593,3
GCLM,0.19903912303842827,3
DUSP7,0.19887722502500482,3
IVL,0.19885969818416607,2
MAFG,0.19881812766429974,3
KCNK13,0.19875850253652946,3
SGMS1OS1,0.1987287414420071,3
NCOA3,0.19870665512275487,3
HIBADH,0.19869004363525758,3
GM19283,0.19864843755025358,2
PLIN1,0.19852945988515494,3
KLHL8,0.19829490285516171,3
POU6F2,0.19826375267464127,2
NEK7,0.19819999722454854,3
BIN3,0.19816984372990654,3
BARX1,0.19810891512637382,3
RPL18-PS2,0.1979785398009771,3
MGAT4A,0.19774651415535235,3
TEP1,0.1975955245545956,3
VPS33A,0.19751455049190914,3
PKDCC,0.19748276379527616,3
MRPL13,0.19725726024198523,3
PANK3,0.1972277260983757,3
CD22,0.19721615678488724,3
CACNG4,0.19717233550480662,3
AKNA,0.19714597184966012,3
GIN1,0.19713006526743904,3
PRDM2,0.19710359159049695,3
NEK6,0.19709261993859795,3
GM6377,0.1970564124407875,3
LRIG3,0.19697410650744054,3
PRKCQ,0.19694766587087564,3
GM7901,0.19684380065126406,2
ITIH2,0.19681561192999536,2
CCDC32,0.1964728472019088,3
UBXN4,0.1963409517705451,3
TRIM46,0.19625056313370112,3
GM5846,0.19618789214900295,2
MINDY1,0.1961849242913916,3
TLCD5,0.1961705892792994,3
GM19412,0.19616682066690763,3
TESC,0.19604430341197096,3
CFHR4,0.1960351718165981,2
IFT70B,0.19599537374166967,3
RPL11|GM57721,0.19590714589565073,3
DELE1,0.19590167992584162,3
EME2,0.1958685078420396,3
NCEH1,0.19586703552567597,3
TEKT1,0.19585836112139035,2
NIPSNAP3B,0.1958411196118035,3
OLFML2B,0.1958297720625246,3
PBLD2,0.19579933058406898,3
ATOSA,0.19571521762490543,3
WDR54,0.19567418688295055,3
CACNA1H,0.1954574574980826,3
ERCC2,0.1953804931707294,3
IGKV4-72,0.19537743510290476,3
GGA2,0.195369256645478,3
EAR1,0.19534277144737675,3
TMEM70,0.19511245865218171,3
LRRC52,0.19509666684038576,2
FRMPD1,0.19507447808733172,3
AQP3,0.19506408032425882,3
GM6997,0.19503605967813153,2
EPSTI1,0.19502050741714752,3
ALG10B,0.19483156334586874,3
TUBA3B,0.19480062740919835,2
TMT1A,0.194759449757027,3
SMCR8,0.19473503291462546,3
TMF1,0.1947310353101902,3
PKHD1L1,0.194694372184021,3
DHX33,0.19456233330291794,3
SLC25A17,0.19452669027562586,3
MB,0.19449583979550955,3
ADK,0.1944493101847751,3
COPRS,0.19441921050595393,3
GTSE1,0.1943347108944189,3
LPCAT1,0.19424157033455594,3
TTC21A,0.1941279285146853,2
UGT1A5,0.19412030149163442,2
GM15326,0.1940639276096645,3
WDR31,0.1940373387742408,3
STAG3,0.1940052444727246,3
TMCC2,0.19399640633563775,3
TNFRSF22,0.1939757473017006,3
SPRYD4,0.19392572979437653,3
FBN1,0.19380681477470407,3
CDC14B,0.19372513639693234,3
EBPL,0.1936332174333837,3
PRAMEL13,0.19357743644349934,3
RTF2,0.19349867144134944,3
KLHL5,0.1934652803888054,3
SCN1B,0.19338938504368355,3
ISOC2A,0.19331875545577662,3
GM8756,0.1931305128389829,3
BYSL,0.19304870790303133,3
NONO,0.19282735224838932,3
TANK,0.1927064904496724,3
WNK1,0.19267924205448259,3
ATG4A,0.19255739292534182,3
TMOD1,0.19253273325689393,3
RBM12B2,0.19239915093353646,3
P2RX7,0.19239374250723815,3
GZMK,0.19227109256181835,2
TMEM222,0.19222823492828275,3
BHLHA15,0.19203595754177807,3
QRFPR,0.1919247841717156,2
GALNT3,0.19183732951251606,3
BC065403,0.1918010138608431,3
IFNAR2,0.19173533271829338,3
AOX4,0.19170075858290547,3
SLC16A14,0.1916975341772865,3
FOXF1,0.1916673671480887,3
GM10244,0.19152543850438453,3
LY6G5B,0.19135674892586255,3
FREY1,0.1911412266089512,3
EPS8L2,0.191128292691873,3
MARCHF9,0.19110295302428357,3
UCHL3,0.19101803260522202,3
NAPEPLD,0.1910141332072537,3
GBP10,0.19094138539709746,3
CYP26C1,0.19092581737966668,2
FAM149A,0.1908809017005737,3
GGACT,0.1908460575042503,3
HILPDA,0.19080300613339898,3
GUCY1B2,0.19079542319349216,3
CHSY1,0.19060531583885756,3
WDR55,0.190560649944731,3
SLC31A2,0.1904777658266974,3
GSTA1,0.1902294521998004,3
LDLRAP1,0.1902253574882841,3
COL8A2,0.19018235489849045,3
SEMA4B,0.1900547987274184,3
NWD2,0.1899838196804755,2
AADAC,0.18975018690034393,3
CUL3,0.18966664913295042,3
NECAB1,0.18964607498086264,2
AKR1C14,0.18962152760649076,3
CLCN7,0.18961366290061957,3
PRKCE,0.1895967859097182,3
EPHB2,0.18958003557691283,3
UBA6,0.18955877551366704,3
S100A9,0.1895221709462046,3
TRIM72,0.18951719357332353,2
ACSL4,0.18950209208335114,3
E2F5,0.1893900565699662,3
EIF3G,0.18929632487790013,3
PSAPL1,0.18924298821375177,3
FAM241B,0.1892345569678322,3
CD38,0.18920840919299164,3
SLC2A6,0.18919862573383642,3
MARK1,0.18914649151696258,3
NOB1,0.18910710218468477,3
GM15666,0.18910667847334173,2
PIK3C2A,0.18904156515723325,3
CHPT1,0.18897389393192343,3
SLIT2,0.18896876474722357,3
GM5207,0.18888121020060597,2
NRXN1,0.18885358554531803,3
TRIB3,0.1888101870246335,3
SUPT5,0.18876891088356743,3
ZFP87,0.18863823923039694,3
SSC5D,0.18859910362781498,3
COL6A4,0.18847024078964783,3
DEFB19,0.18845410510753297,2
DOP1B,0.18844621129818862,3
MND1,0.18843299895943708,3
KCNN4,0.1883418336671421,3
MS4A4A,0.18829285815585695,3
RAG2,0.18827545000284052,3
WTIP,0.18823784497473695,3
ARHGEF5,0.18818206527429907,3
POMGNT1|2510003B16RIK,0.18815665554156058,3
ENOX2,0.1880769905435542,3
PCBP4,0.18793759385339023,3
MROH1,0.18768844100802454,3
CDK14,0.187669201555161,3
GLRX2,0.1876624299882298,3
MTAP,0.18761560698472632,3
LRRFIP2,0.18760500918340736,3
AU022754,0.1875703619578456,2
FCRL5,0.1874990650278383,3
NSDHL,0.18744574296766014,3
TBC1D22A,0.18744180494387383,3
SPON2,0.1873781383060056,3
AI661453,0.18737177145199438,3
SP9,0.18727149165642892,2
MICAL3,0.1872479759153213,3
RAB18,0.18712755899439504,3
TAFAZZIN,0.18710347562703888,3
DUSP26,0.18707550446778506,3
ZFP93,0.18680886909002403,3
MOB3B,0.18679611333694413,3
SRI,0.1865899957045263,3
RNPC3,0.1865627795966063,3
CCDC60,0.18654197503638137,3
GM16845,0.1865036667032434,3
UBXN10,0.1864929773404224,3
9530068E07RIK,0.1864636195750544,3
SPATA24,0.18645979850134786,3
NFKBIZ,0.18628238527935306,3
RPL19,0.18621640675483478,3
POLR2K,0.18620413947379424,3
ACTN1,0.18605139427617023,3
2310033P09RIK,0.18597344219257905,3
ABHD1,0.18583901899715205,3
GCKR,0.1858260947276585,2
IYD,0.18578685649094348,3
GLO1-PS,0.18562734911582734,3
4933439C10RIK,0.18562148484515353,3
E130317F20RIK,0.1855933375878093,3
PDPR,0.18556477982686148,3
PDZD7,0.1855428357969542,2
RUSC2,0.18546233090011247,3
IFI203,0.18544710594271874,3
HIF3A,0.1854273765089021,3
EFHD1,0.18527598520197652,3
NOSTRIN,0.18525347490516264,3
TBC1D12,0.18516334631927264,3
GM15460,0.18503661315094375,3
BORCS5,0.18488755965769607,3
SLC41A1,0.18460987865195003,3
9330159M07RIK,0.18459755605519745,3
MS4A4C,0.18444681506718744,3
PDLIM4,0.18441170417643404,3
LOC664787,0.18431970760204644,2
RAB3D,0.1842994630994151,3
GM26698,0.18428994919524233,3
SLC6A8,0.18427490172508262,3
GAPDH-PS16,0.18423563323138323,3
BLTP3B,0.1842191838938123,3
GM26132,0.18421222005409021,2
GM4651,0.18418341350166237,3
SOX5,0.1841806405392418,3
SCYL2,0.1841680659866026,3
GRIN1,0.18411149428177323,3
FSTL1,0.18405542236907393,3
NCAN,0.1840401772065634,3
FXR2,0.18395971524722254,3
GPD2,0.18392481687527193,3
PAOX,0.18387940804785682,3
ALPK1,0.183863415128525,3
NAT8F4,0.1838051028889887,3
LRP1B,0.1837462501029464,3
4933406C10RIK,0.1837421538624094,3
PGP,0.18371548758013193,3
GM12161,0.1835305800789253,2
TFAP4,0.18352803903474732,3
PILRB2,0.1834965488741731,3
MCCC1,0.18348994924260023,3
SCAP,0.18348460522345592,3
DROSHA,0.18344719001177456,3
TRAV13D-4,0.18339653641095374,3
LSM14B,0.18324290301339477,3
SPATA31F1B|SPATA31F1D|SPATA31F1C,0.18310252600840415,2
1700020L13RIK,0.18305609384493773,3
PARD6A,0.18301962427682905,3
LRBA,0.1829228180998543,3
ZNRD2,0.18286424688932293,3
TRAF3IP2,0.18271973649033404,3
KSR1,0.18270839635691957,3
ADAM9,0.1827075032794113,3
FCRLB,0.182672706627064,2
PLEKHM3,0.18253622666412883,3
CD247,0.1824360352855586,3
CELSR1,0.18237952280640027,3
RPL6L,0.1823659241557519,3
GM6254,0.1823014137369999,3
ELK3,0.18229598754277954,3
AP3B1,0.18201762675606437,3
SLFN1,0.1820135020086372,3
SPNS3,0.18197953743635922,3
AKAP13,0.18173989552147032,3
TXNDC5,0.18162627128418687,3
ALAD,0.1815730106198763,3
ABCD2,0.18151972332973385,3
IL1RL2,0.18150203841452217,3
TRAV13-4-DV7,0.18147797496952944,3
SUCLG2,0.1814674560470971,3
ZFP831,0.1814669219172547,3
WDR86,0.18144115676625194,3
TMEFF1,0.18137345770201305,3
OBSL1,0.1813084270829631,3
ALX3,0.1812699634418897,2
ABCB4,0.18125937820380292,3
BPIFB1,0.18115083468517812,3
CALR4,0.18113651236290818,2
TOX2,0.1810798805512758,3
ZP3,0.18106452538458223,2
IL4,0.18106128748310604,3
HS3ST3B1,0.18104273168493593,3
GAS8,0.18091084777684383,3
ATP5MC3,0.18086600301708025,3
MAP2K3,0.18078777210147243,3
ACSM3,0.18068646552868506,3
TFCP2,0.18060644479203578,3
PHF7,0.18059978010181935,3
MTRFR,0.18059661101187055,3
CEP104,0.18058486082447092,3
ADCY2,0.18056443149672105,3
FADS6,0.18051668034245835,3
EPB41L4A,0.18051370719080714,3
HBA-X,0.18041537682346745,3
ZFP622,0.1803435034880374,3
KANSL1L,0.18032775025176684,3
ARMC6,0.18025058139735206,3
PEG3,0.18012697896247876,3
WIPI1,0.1800934878405324,3
SECTM1B,0.1800660923121538,2
MTHFD1L,0.18005269313805208,3
ATP1B3,0.18003071977671123,3
RCAN3,0.17997351904894987,3
COMT,0.17991935650197466,3
POT1A,0.179880839314577,3
TTC27,0.17987705166139398,3
IRGM1,0.17986600620559864,3
RBSN,0.17985196667130657,3
H2AC6,0.17980600081205034,3
CDH15,0.179736844870888,2
WDR75,0.1797269370745633,3
VDAC1,0.17957570760509678,3
DYNLT1B,0.17956267714312432,3
TRIM30A,0.17948334615767103,3
HOOK2,0.1794586080466644,3
RPS5,0.17927649562706507,3
MYO15A,0.17923618429533905,2
CEP126,0.179130222839629,3
ZIM1,0.17912848649681518,2
MAT1A,0.17912620340899255,3
ARMCX2,0.17911252692716326,3
PLEKHB1,0.1790892740789599,3
TRMT61A,0.17902674507422603,3
NRXN3,0.17898840056479362,3
LRRC75B,0.1788406421877163,3
PRKD1,0.17881013017679448,3
STMN2,0.17873933362588137,3
SYN1,0.17864110565008515,3
ANXA7,0.17834908285208448,3
NEURL1B,0.17826611113780214,3
SVOPL,0.1782259000296738,2
PTRH2,0.17820477104324273,3
PNMA2,0.1780188444158534,3
LAP3,0.17793719116904003,3
PHACTR2,0.1779223073621736,3
DDA1,0.17787613070142236,3
GTF2E1,0.17785159826554345,3
MMP23,0.17773767369033808,3
GM6116,0.17764179169911345,2
SLC1A4,0.17756694774794882,3
ASH1L,0.17755040716581671,3
EIF1B,0.17747744806284438,3
ALDH18A1,0.1774228856472134,3
GM12296,0.17738710798331542,2
PDZPH1,0.1772535592559749,2
CRYAA,0.17722078191482513,3
TRDN,0.17710828531004966,3
CHMP4C,0.1770976757607451,3
TRAPPC4,0.17705452936170837,3
PSAP,0.177051592712367,3
HAUS7,0.1770139337433838,3
PNRC2,0.1770080854330097,3
AI463229,0.17698926112690921,2
ESYT3,0.1767969660052757,3
GVIN2,0.17675005113583606,3
GM21926,0.17673494475882479,2
RASL12,0.176652807956032,3
NFKBIL1,0.17658292981669207,3
GNS,0.1765486907887566,3
IFI44,0.17649594837687985,3
BACH2OS,0.17646522157862946,3
MRPL15,0.1762039031199066,3
WNT6,0.17612148989966217,3
GM16796,0.17607230935188747,2
CAR6,0.17606440329652343,3
SLC12A7,0.1759947188862158,3
MACO1,0.1759799189565915,3
SULT1D1,0.17597591985730462,3
G530011O06RIK,0.17596330577027064,3
VEGFB,0.17592987732394538,3
GKAP1,0.1758961622114431,3
MTHFSL,0.17584441230294803,3
ARHGAP30,0.17571897295590955,3
ZFP948,0.1756383412147882,3
GM32618,0.1755764037438949,3
HPN,0.1755749011907881,3
SH3TC2,0.175513367509928,3
NICN1,0.17544973910433395,3
MFSD8,0.17523889711683063,3
MTMR3,0.17523760830317536,3
KHDRBS2,0.17521731536104176,3
PRKAR2A,0.17512530960372763,3
GLRX5,0.17506233138877378,3
NIPAL3,0.17497639579886626,3
MBNL1,0.17489394772994127,3
NSD1,0.1748283091684721,3
SLC16A10,0.17482822130867734,3
HOXAAS3|GM57749,0.17476804149228106,3
CLPB,0.17475144214621904,3
BBS10,0.17472626928006066,3
RTP4,0.17472004178698697,3
MTF1,0.1746992071667616,3
LRRC14B,0.17469635481341392,3
PACS1,0.17460528401321462,3
NAV3,0.17444089794538944,3
MAP4K4,0.17442758640847825,3
MRPL44,0.17439789753634882,3
NDUFAF3,0.17413844816290766,3
OXTR,0.17412815939992582,2
TLR1,0.17410557872870314,3
4930581F22RIK,0.17397024961601007,3
GCNT1,0.17393978316894443,3
RPS24,0.1738714197787571,3
AVPR2,0.1738475965900138,3
GC,0.17382151204966875,3
SLC22A23,0.17375638109925448,3
NOS1AP,0.1736790751074108,3
ITGB7,0.1736703006135237,3
ANXA6,0.17364132385794406,3
VANGL2,0.1735630381092413,3
DLST,0.17350350730989916,3
KCNC2,0.17346833514554985,3
ASB4,0.1734406201525248,3
DNAH11,0.1733700578176893,3
FXYD3,0.17332469188849609,3
GM16712,0.173125257559124,3
SLC36A2,0.17311807488069697,3
PUM3,0.17306629120311479,3
ENC1,0.17301386648111308,3
TEDC2,0.1730091799390879,3
PUS1,0.1730028395579011,3
OTOF,0.1729416314852826,3
RASGRP1,0.17287559796103436,3
SLC28A3,0.17275809598700356,3
GM3373,0.1725801319936395,2
GIMAP3,0.17255075507582665,3
ANKHD1,0.17250021683870656,3
CEP68,0.17227325573270025,3
RTL8B,0.17225928587479625,3
PTCH1,0.17224637705935622,3
SIK3,0.1722418874589832,3
EXOC6B,0.1722223471953448,3
TMEM91,0.1722124125594712,3
GALNT17,0.17218743511162873,3
CDK2AP1RT,0.1721632330943824,3
NQO2,0.1721039736327303,3
PLATR27,0.17208114427401058,3
GTPBP10,0.17204814945860278,3
ZFP688,0.1720399888158807,3
2810029C07RIK,0.17201814669246118,3
LIPN,0.17195454290435389,2
SERGEF,0.17182351520700342,3
HEXB,0.17178931984627874,3
OOSP1,0.17169786468641543,3
MTM1,0.17160253545106482,3
GM14379,0.1713004836314096,3
ARHGAP6,0.17121751483600636,3
ASB5,0.17109414364238315,3
CEP19,0.17096206185075144,3
GPR158,0.1709207315826245,2
EDC3,0.17087764469089076,3
TAF5L,0.17087062728412658,3
GRPR,0.17078414469716804,2
CPT2,0.17078172394212765,3
ADGRL3,0.1707795476949908,3
GM6740,0.1707574578978622,3
GM24924,0.17075441831873106,3
FASTKD1,0.17074983858364354,3
COQ5,0.17067442152939352,3
GHDC,0.17065264616576445,3
GM12992,0.17061356982033674,3
PAFAH1B3,0.17058131008319197,3
1810063I02RIK,0.1704499879016044,2
BLVRB,0.17031088458736043,3
NFKB1,0.1702813056497031,3
REX1BD,0.17026237666127017,3
IGF2OS,0.17015065131140017,2
GLYR1,0.17013106017835974,3
EVA1A,0.17006941253707997,3
GM14648,0.17000620337965178,3
MAPK8IP3,0.16996221787444887,3
IGSF11,0.16980456982685666,3
RPS12-PS3,0.16980439092582408,3
MYPN,0.16977244069948308,3
MADD,0.1697272984265712,3
CHRD,0.16948471121308786,3
TTPA,0.16945840458528702,3
DAB1,0.16935647920896743,3
MYO5B,0.1691756185918352,3
AOAH,0.1691186432995775,3
SPINK1,0.169118126924962,3
MFAP1A,0.1690592048750512,3
MT2,0.16901713273203997,3
NCF4,0.16900105083808928,3
ELOB,0.16895963658984137,3
USP7,0.16892384699777044,3
FAIM,0.16887522899606713,3
ADGRE1,0.16881158894368556,3
ALDH1B1,0.16876151812110085,3
RPL37|RPL37RT,0.16874452179862467,3
DMWD,0.168665013932786,3
SMAD6,0.16856889812510176,3
ATP6V1B2,0.1685397394780991,3
MMP20,0.16853144957031924,2
TRIM12C,0.1685159740180681,3
SPTA1,0.16837679306522377,3
SLC38A11,0.16833772254132834,2
ZFP474,0.1682794725890101,2
KLHL24,0.16817827554019973,3
ONECUT3,0.16814720395175747,2
ASPA,0.16814270520093633,3
POMT2,0.1681281403532298,3
PHYH,0.16812434518492517,3
ACAD8,0.16809082572512457,3
PITX2,0.16790025249024104,2
GM26165,0.1678111654112931,2
AGRN,0.1676787850014112,3
RBPJ-PS3,0.16742686274843835,3
TROAP,0.167346000110112,3
WDR72,0.16728113553480195,3
GALE,0.167052808949025,3
CSTF1,0.16703573031149296,3
H2-EB2,0.16701324049854405,3
WDR20,0.16693780660684265,3
TMEM30C,0.16682043002053612,3
GM14023,0.16681181465941722,3
ARHGEF26,0.16679225424868296,3
HSPB6,0.16676831048275217,3
SERPIND1,0.16669788400777916,3
DIP2A,0.16663661115555087,3
RPS15A-PS8,0.16662484910804473,2
CISD1,0.16661597104337814,3
UBE2Q2,0.16656531686778098,3
MGAT3,0.1665374461297299,3
CNOT4,0.16627356985507338,3
ARHGEF4,0.1661906843594369,3
TMEM223,0.1661349705792549,3
CD300E,0.16601560721703812,2
RHBDF1,0.16598088939021216,3
ALKAL2,0.16596962506024326,2
ZFP558,0.16596474855147436,3
PTPN18,0.16595205557197104,3
TMEM150C,0.16588470409267583,3
GM36278,0.16581341632759633,2
RTP3,0.1653646431938264,3
SCNN1B,0.16534692607437315,3
WDFY2,0.16531441698992305,3
ZIC1,0.16522385722956678,2
UBR4,0.16519986349492155,3
TMEM63B,0.1651217475867007,3
A530040E14RIK,0.16502673071781968,3
PCDH7,0.1649715213787966,3
WDCP,0.16482072166924144,3
GM12034,0.1647675454369315,2
PHKG2,0.16471437758569538,3
CLCF1,0.16468706705141792,3
SLAMF6,0.16464500414111027,3
PCDHGB7,0.1643951598279093,2
LACTBL1,0.16434351690537727,2
LNX1,0.1643096558105099,3
FHDC1,0.16420336695139826,3
NHS,0.16415636589565027,3
OSR1,0.16411552840231533,3
SNX14,0.16400838381306626,3
ICAM4,0.1639965634042745,3
TMEM59,0.16399020291456992,3
ARHGEF38,0.16391984550295793,3
LTBP3,0.1638813543816747,3
CREG2,0.16382732946152342,3
CD200R2,0.16377241334500903,2
MOB3C,0.16369715829720893,3
GM20257,0.16363073701284445,3
NSFL1C,0.1636265720340154,3
CYP2A5,0.16346798038954055,3
PPP1R18,0.1634344220295779,3
CYB561D1,0.16338452908473677,3
MUP1,0.16337674103324373,2
DDX56,0.16324869597732183,3
GM17971,0.16319082936953014,3
BARX2,0.1630795099161098,3
RPSA-PS2,0.16306598539377953,3
FGFBP1,0.1630242988210382,3
MEPCE,0.16297253246752466,3
SLC22A4,0.16284880088899378,3
S1PR2,0.16283759100046966,3
SLC22A17,0.16280784479788457,3
RYR1,0.16275427660132172,3
APTX,0.16274656235464377,3
A630072M18RIK,0.16264555054129703,3
SPSB4,0.162632556517398,3
SETBP1,0.1625827245289313,3
CDC42BPA,0.16250002094213556,3
GNA15,0.1624992514279565,3
MAT2A,0.16244707715004272,3
CCDC141,0.16244642360646935,3
SPEF2,0.16241490011179818,3
C1QTNF2,0.162403746874799,3
H1F2,0.16235509892246233,3
IGSF23,0.16229990777549017,3
SLAMF1,0.16222857525911402,3
SOX21,0.1622049881060873,3
GM8623,0.16219577329151094,2
AP4E1,0.16205001656484738,3
SAP18,0.16191259122667656,3
MVP,0.1617717627415774,3
RNF223,0.16162941084075444,3
CMTM7,0.16153216612199195,3
CYP3A13,0.16145810447492706,3
UAP1L1,0.1614234056968831,3
FSIP1,0.16134581374896162,3
SLC18A1,0.16133610099551252,3
A530021J07RIK,0.16118691611968441,3
PTX3,0.1610679359406021,2
DHODH,0.16098916373398234,3
ARHGAP20,0.16077168960742924,3
BCAS3OS1,0.16067803132374528,2
GM7027,0.16063995282573926,3
MCAT,0.16059361594954458,3
CPS1,0.16059180765993833,3
CFAP70,0.1605024737658018,3
XRCC2,0.16045430951479875,3
SF3A1,0.16037529863483027,3
NCF1,0.1601180893641525,3
SCG3,0.1600860267278529,2
GM8288,0.16004591250981418,2
ATP5MC1,0.1598849577940926,3
SH3D21,0.1596969154810235,3
HPS1,0.15956071849468353,3
EEIG2,0.15949527454510973,3
ZBTB16,0.15945631701950388,3
AK4,0.1593961395784476,3
DNAJB2,0.1593863716100167,3
OTOS,0.15924428282911562,3
PPP6R2,0.1592178271761506,3
RPS19-PS3,0.1591453452645519,3
NIPA1,0.15904375919049724,3
ADD3,0.15901780297358606,3
TXNDC11,0.15897551300911947,3
GSG1,0.1588482566427709,2
COPZ1,0.15863488130144798,3
YIPF1,0.15850813379150944,3
GM6627,0.1584613311369476,3
GM24265,0.15843789837257627,3
IGKV4-53,0.15843585999194243,2
ARID1B,0.15823875875717688,3
SSU2,0.15823446392940144,2
GM2436,0.15815004983205422,3
GM13652,0.1580927804788952,2
LZTS3,0.15803596667777683,3
RANBP10,0.15800071701309262,3
2010001A14RIK,0.1579043677454911,3
KLKB1,0.15785842505766573,2
NAGPA,0.15783049587243478,3
ATP8B2,0.15779332928190293,3
CSF2RA,0.15773832987209901,3
DRAM2,0.15769080718723935,3
LAMB1,0.1575364491103557,3
RPL19-PS6,0.15752580190317378,3
LPGAT1,0.15749748187465104,3
IFIT3B,0.15747073615859677,3
MSN,0.15742449139907974,3
ARPC1A,0.15730307874849214,3
LIPK,0.1572422230914184,2
BLMH,0.1571819051752065,3
FAM117A,0.15715718752389995,3
2700049A03RIK,0.15709026376067117,3
GPR156,0.15697515554680713,2
GJC1,0.15693118295470654,3
CHRNA4,0.15687038459401872,3
DOCK7,0.15686334911940805,3
RDH12,0.1568087941900905,3
MOV10L1,0.15675939850918236,2
CASP7,0.15668141085009246,3
MRPL53,0.15666328579601405,3
PABPN1L,0.1565983427097949,3
GLG1,0.15645462515763356,3
DDX28,0.15622414262600728,3
MAPK3,0.15610730138987763,3
GM2792,0.1558723928265123,3
SERPINB3A,0.15586162476091786,3
KLRA9,0.15583910829349312,3
GM5088,0.15583357072288315,3
MAN2A2,0.15579694969784363,3
RPRM,0.15577529690902717,3
INO80DOS,0.15570461854910156,3
OAS1A,0.1556459654139405,3
GM13899,0.15563984224383018,2
MYOF,0.1555586505936338,3
KCNE5,0.15549920967479547,2
YJEFN3,0.15534245914398145,3
NAIP2,0.15521390966769089,3
CTDSPL2,0.15505159407544086,3
LYPD6B,0.15505088583880802,3
DACT3,0.1550060910738214,3
ZCCHC3,0.15499878596397942,3
3110099E03RIK,0.15496191095635886,2
TSPAN10,0.15486453553731,3
ING5,0.15478784491561157,3
NR1H4,0.1547804804692354,3
CILP,0.15474368616662848,3
VMA21,0.15470882379047743,3
LRP5,0.15469710244253754,3
C330013E15RIK,0.15456328619256862,3
SLC36A1,0.15422107054639567,3
STAT1,0.15412686425709263,3
ATP6V0C,0.15405234993925962,3
CTSS,0.15396742099892125,3
GALNT14,0.15393104907989666,3
MAP3K7,0.1537791959405729,3
MCOLN3,0.15377808450432787,3
PKIG,0.15374894182206475,3
BLNK,0.15365371903408384,3
HAMP2,0.15358716718848955,3
ZZEF1,0.15342533051523843,3
SYNGAP1,0.15336037329128438,2
DNMT3L,0.1533286481134413,3
MYO18B,0.15331758158603065,3
HGD,0.1532301088794652,2
GM26708,0.15322497079335173,3
SLC28A2,0.15299894662926225,3
PHB2,0.15277955895793618,3
MINDY4,0.15268820330223395,3
KLHL21,0.15263347070731828,3
FUBP3,0.1526191780074481,3
MRPL39,0.15257797405753046,3
NSG2,0.15256942184027275,3
CAPZB,0.15256580424928065,3
ARHGAP23,0.15255260365054124,3
KLRA1,0.1524390329731332,3
SUDS3,0.152329024729716,3
PGAP3,0.15230464210975425,3
KLHDC4,0.15230008419948335,3
POU3F1,0.15227173932110186,3
ELF3,0.15222219903145073,3
TRAF3IP3,0.15220075714342218,3
PI15,0.15208883470980106,3
ARHGAP27,0.15206915837748328,3
HNMT,0.15205794400215603,3
TMEM45A,0.1520417645253921,3
POLR2L,0.15193062066206528,3
GNAZ,0.15192312159621338,3
SLC15A3,0.15182343742841428,3
IGHG2C,0.1517100661683846,3
TYK2,0.1514297512762441,3
TASOR2,0.15135630616029908,3
CDK17,0.15131626060332648,3
NRAP,0.15105589888637408,3
D030028A08RIK,0.15087909998910207,3
ZFP609,0.1508474548163474,3
MED29,0.1506908862827422,3
NOC4L,0.15063359295482384,3
BAG5,0.1506160980010469,3
TMEM229A,0.1504856281337367,3
FKBP4,0.15037626990762817,3
MITD1,0.14988196257572128,3
ATP13A4,0.14963077339651956,3
USP48,0.14962402276610196,3
HECW2,0.1496073913999489,3
CFAP418,0.14959747885894348,3
VCF1,0.14959037526233981,3
SYNJ2,0.14952350613579876,3
RHOH,0.14938530470767078,3
GM5845,0.14927714921744284,3
TLL2,0.14914002647476624,3
DDX17,0.14908178486259951,3
GM18180,0.14903840917435404,2
PEX2,0.1488833680856269,3
SLC39A4,0.1488065428672116,3
NAT1,0.14879436799443435,2
ITGB2,0.14875186170507956,3
BMPER,0.14872149255047373,2
SHD,0.14846256748136283,2
XKR8,0.14832591412180515,3
GM16477,0.14831685857046942,3
STOML2,0.14828625515175242,3
STK32A,0.14828267411331159,2
ZFP133-PS,0.1482781996581408,3
TRPM8,0.1481429153845042,2
MTMR7,0.14811698069897075,3
PKD1L3,0.14790981981356674,3
CANT1,0.14782815700443933,3
LRRC36,0.1478205362812508,3
CDC42EP5,0.14778670047302445,3
GVIN-PS4,0.14768069843782203,3
UGT3A2,0.1476769434058211,2
H3C7,0.14760677322201973,3
FLT3L,0.1475322089403988,3
TCP10B,0.14752554180375874,2
CLTRN,0.14752088229038768,2
PAQR9,0.1474583181972229,3
TCEAL9,0.1473257653621741,3
SERPINE1,0.14728775836816443,3
1810055G02RIK,0.14722866487101646,3
PDZD4,0.14721587492901342,3
ANKMY1,0.14712742915244187,3
SFRP4,0.14707718250897092,3
GM7860,0.14698068236651668,3
ZHX1,0.1469771567882897,3
BANP,0.1469651048758625,3
PARP4,0.14695319418558703,3
SPO11,0.14692571247341848,3
1700003F12RIK,0.14687955804178943,3
GLA,0.1466710977052921,3
LY6G6F,0.14665964596636638,3
COX6B2,0.14661853096401542,3
SLC13A4,0.1464361413338728,3
KLHL13,0.14641838101007018,3
GM6123,0.14622595756532764,2
KLHL4,0.14621006466237932,3
FTSJ3,0.14617498458584213,3
DACT2,0.14604346893514464,3
ITGA3,0.1460406082857962,3
ZFP366,0.1460128950965127,3
ZBTB6,0.14586020244110878,3
9130221H12RIK,0.1458428811291772,3
FEM1C,0.1456789594168514,3
POFUT1,0.14563949324840597,3
NAIP1,0.14561729602421294,3
PFN2,0.14555260240902546,3
IGF2,0.1455053362255151,3
DLG3,0.14529021707279396,3
CKB,0.14528496084638373,3
UBL5,0.14513086667448225,3
PRSS44,0.14506102571032042,2
SRGAP1,0.14501124476603328,3
ZFP974,0.14499788202237643,3
GM19557,0.14495959124778382,3
GM16638,0.1448934222384358,3
RPL7A-PS8,0.14486328075954402,2
GALNT16,0.14483546309940795,3
SCO1,0.1447690028645872,3
GM7669,0.1447083269569893,3
SNRPN,0.14460672880205283,3
GNG4,0.14441164418906785,3
PLAU,0.14431193842094925,3
ARID2,0.14430996840767316,3
RTKN,0.14430632877250515,3
GM10516,0.1442262095040112,3
MYOT,0.14411543590751452,3
KCNK1,0.1440585303803732,3
TMEM250,0.14405085455284403,3
TRAV15D-1-DV6D-1,0.1440360880988134,2
BAIAP2,0.14374169419963445,3
TRAV13D-1,0.14367005940749308,3
TOM1L2,0.14365528475396802,3
KCNMB3,0.143593904410771,2
BATF,0.14355135113972586,3
THRA,0.14324776108834394,3
FGF1,0.1432151877908975,3
ATAD3A,0.14316858136247715,3
PRPF18,0.14308929848908655,3
MCM3AP,0.14307538016384216,3
NEURL1A,0.14301403907394108,3
IER3IP1,0.14300333260863118,3
SPRY1,0.1428124635772813,3
VWCE,0.14268120961007824,3
PHYHD1,0.14267429550019,3
HEXD,0.14254480934192224,3
CRCT1,0.14252968360977528,3
TRAV4-2,0.1425179104853469,2
PCYT1B,0.1424972794963028,3
IRAK1BP1,0.14247050428039473,3
PTPN6,0.1424611809385549,3
HOXD8,0.1423993408156883,3
IRS2,0.14234933693740218,3
ZBED3,0.14228733903839033,3
HAPLN3,0.1422529077100546,3
FH1,0.14222883477376522,3
ARCN1,0.1422283195258628,3
GM32046,0.1421156878538655,3
CYP4F15,0.1420602310335737,3
ATP5PF,0.1420533632932246,3
2310011J03RIK,0.14201601614770185,3
AATK,0.14194654960320796,3
ZFP984,0.14183467040331973,3
PCLO,0.14169107695380415,3
SNAPIN,0.1416082298037208,3
SNHG20,0.14158648333360638,3
PPFIBP2,0.14158469671345722,3
PHKB,0.14156660545347274,3
RNF139,0.14149255826243654,3
PLEKHH3,0.14139743870398402,3
GM8717,0.1413823593780813,2
FGD3,0.14133189613810368,3
2510009E07RIK,0.14127455353122395,3
GBP7,0.14123471277829355,3
APBA2,0.14121967480723932,3
TTLL6,0.1411698426843716,2
PRAG1,0.14114510445310283,3
DYRK4,0.1411111380420368,3
GIPC3,0.14103356291057526,3
WNT11,0.1410111982383173,3
LCLAT1,0.140945813474929,3
IGHV1-64,0.14062415234721568,3
SYNPR,0.14056123157695435,3
2610306M01RIK,0.1405569277244533,3
RPS23-PS1,0.14040789253734123,3
B4GALT7,0.14040195697830193,3
GM11604,0.14033662599897295,2
GM13290,0.1403195661771105,2
E030044B06RIK,0.1402985774525051,2
CAPN11,0.1402897376643705,3
ALDH3B3,0.14026247127584662,2
PTP4A2,0.1402618976840709,3
COMMD8,0.14023943709724515,3
ZFP428,0.14013494910920896,3
RPL30,0.14012538344824033,3
HSPA4,0.14011519145163176,3
HCN1,0.14006435319218427,3
TRAV3-3,0.13999992380534376,3
ZFP623,0.1399906955921436,3
BC024386,0.13996786690968854,2
RBM34,0.13995886780354408,3
LYSMD3,0.1399395450263293,3
RPL7A-PS7,0.13991297023024774,2
CNBD2,0.1398498124968203,3
CTSA,0.1398173141251259,3
PPM1F,0.13979325244227958,3
MANBAL,0.13968013074529503,3
ACTG1,0.13967962011699844,3
9430038I01RIK,0.13965832381050833,3
SLC25A45,0.13960994375086866,3
LY6G6E,0.13941849025715058,2
TRAV7-3,0.1393961301148846,3
GM18025,0.13932452147985275,2
GM23946,0.13918976833315772,2
INAFM1,0.13918712717110712,3
CILP2,0.13880000121180466,3
MEX3C,0.1387923084357813,3
ARHGAP1,0.13876210686584536,3
ZC3H12A,0.13872679099189755,3
ANXA10,0.1386991684771592,3
SLC7A8,0.13860526211116123,3
NME1,0.13855285055623576,3
DNTT,0.13855198432510876,3
ZSCAN26,0.13808380924517624,3
FOCAD,0.13805641608730312,3
GM13580,0.1380226784150874,3
SPCS1,0.13779302793877393,3
JMJD7,0.13777215224769065,3
1110065P20RIK,0.1376935116907523,3
GM15706,0.13766174098222336,3
ADARB1,0.13756621919678902,3
ATF6B,0.13756132888118683,3
CAMP,0.13752398611106406,3
SPINT1,0.13747537383938516,3
APOH,0.13739415115672704,2
ASB8,0.13738109450436248,3
GABRR1,0.1373597356510451,2
0610039K10RIK,0.13735955104482073,2
GM6311,0.13732846317887942,3
TCAIM,0.13716665650977428,3
RUNX2,0.13713942055679454,3
RFT1,0.1371391887440416,3
LRRC25,0.13689173890898207,3
FRZB,0.13684825763644157,3
2210406O10RIK,0.13683377285825057,3
CAMK2N1,0.13682198113334132,3
GM15417,0.1368135571377559,3
CLK1,0.1368037876173264,3
MRPS6,0.1368017096754672,3
RAI2,0.13677190860237465,3
MKRN1,0.13674431303445078,3
LDLRAD1,0.13661867119313065,3
STRADB,0.13659046669656683,3
PIM1,0.13655763105600732,3
ECHDC3,0.13651471120351097,3
AHCYL1,0.13651016523452975,3
NR2C1,0.13645872520275815,3
CHIT1,0.13637012283192257,2
CRACDL,0.13636731047662834,3
GM13608,0.1363660563838343,3
AKAP17B,0.13634154842330856,3
DUOX2,0.13633016994449054,2
PDSS2,0.13630371585302611,3
LIN7B,0.13627907975120745,3
TMEM267,0.1361730088731912,3
ADCYAP1,0.136099300923614,2
PRADC1,0.1360966854330131,3
AU040320,0.13600222234706402,3
GM7909,0.13584362369894895,3
MRAS,0.1358404956933874,3
BCL2L2,0.13576453498784183,3
PLBD2,0.13571622855296098,3
GM21083,0.13569598296339014,2
RBIS,0.13567423566262485,3
ST6GALNAC4,0.13558844493107994,3
EFNA1,0.13558127676318954,3
EFR3B,0.13553033220402022,3
HEBP1,0.1355211962714882,3
TRAF2,0.13538745906976685,3
GM32688,0.13535274807058653,2
DNAAF4,0.13520136411879405,3
ODR4,0.13517908425531652,3
ALAS2,0.13496100098398342,3
NRP2,0.13494679686718333,3
C4BP,0.1348499442755158,3
LBR,0.13481277801906008,3
NUP210,0.13475404553408213,3
SLC47A1,0.13474278772082296,3
HOXC6,0.1344999924599021,3
SULT1E1,0.1344773637836497,3
ZBTB43,0.13447423880975018,3
LAMA1,0.1344397990803778,2
TMSB15B1,0.1344150617846945,3
GET3,0.13439459985039828,3
WDR24,0.13433843587067337,3
LILRB4A,0.1342506986784609,3
PLEC,0.13411672453530485,3
ZSCAN21,0.1340688078868695,3
MAML1,0.13405771921924184,3
PLTP,0.13386304684140218,3
EGR1,0.13383961232421404,3
DMRTC1A,0.1338135913865278,3
TGM7,0.13372826523274534,2
CDH19,0.13364152435626478,3
SLC38A3,0.1335834138045327,3
CYP4A10,0.13352263350662427,3
GM18622,0.13342335805436661,2
ARL15,0.13341388944803,3
TMPRSS7,0.1333884758331526,3
CSNK1G3,0.1333437249345567,3
1810037I17RIK,0.13304013676212337,3
4931415C17RIK,0.13301234373619916,3
H2-D1,0.13289134666688848,3
MORN1,0.13276461908914675,3
TMEM88B,0.13274625259260583,3
ARHGEF37,0.13270271606521328,3
B230319C09RIK,0.13269913960645532,2
EMC2,0.13257976353817932,3
CREB3L2,0.13239933063704803,3
BB218582,0.13238502470558453,3
CLEC12B,0.13234157531988483,2
GM19585,0.1321053615833296,3
NCK2,0.13207475092438198,3
RARB,0.13205049434140792,3
MOXD1,0.1317670493980034,3
HOXB8,0.13167806189531228,2
YWHAZ,0.13167353284096248,3
UBE2R2,0.13159909728490116,3
CES3B,0.13149145870279158,2
NES,0.13145387500276243,3
KRT23,0.13139072205843075,3
HRK,0.13125431218280684,3
LACTB,0.13123352343639239,3
ARAP1,0.1311171648880447,3
SOX6,0.13108499468668064,3
KCNG3,0.13108281407776973,2
ADAM12,0.13105810412946925,3
SLC30A1,0.13090957400749445,3
POLR3A,0.13087464531686085,3
1500004A13RIK,0.13087011841452087,3
MEF2C,0.13085930702167814,3
COPS2,0.13084180681993543,3
COL17A1,0.13065868193542715,3
UBE4A,0.13047345838530058,3
SLC22A18,0.13042524363027472,3
SLC26A10,0.13042365421684735,3
BOK,0.1303957647778529,3
SH3PXD2A,0.1303787907095945,3
PADI6,0.13031782053127708,2
ICOSL,0.1302358000257948,3
SANBR,0.13019079620690985,3
MED11,0.1301334643411152,3
PLA2G10,0.13002139148231423,2
LTBR,0.1299572283352857,3
GM6451,0.12978135092724752,3
EIF4G1,0.12973354018084327,3
CYP4A12B,0.12971921568713998,2
IGKV5-45,0.1296948899535783,2
IFFO2,0.12967097287428653,3
RER1,0.1296350281828922,3
FCGR2B,0.12963437972223826,3
GNG10,0.12956666074766468,3
SLC46A3,0.1294855944371804,3
IGKV9-124,0.1294158142986754,2
PLA2G4E,0.12934230172411848,2
RPS11,0.12902017854422207,3
4930453N24RIK,0.12897757962490275,3
LCE1J,0.12896787221600767,2
IGKV12-38,0.12890645242486076,2
GM4540,0.1288301399511036,3
CDK2AP2,0.12875639726152985,3
PHF23,0.12873542798474524,3
CUBN,0.12869637204359577,3
TCHH,0.12863205917171527,3
GM8692,0.12854635709511675,3
TMEM116,0.128503499240022,3
SH3GL2,0.12849241081429827,3
GM15569,0.12848019978378358,2
CHN2,0.12830818146612075,3
CCDC28B,0.12813554430661123,3
H4C6,0.128102960470757,3
GM16835,0.12794624087913792,2
NUP188,0.12793177316732404,3
2310001H17RIK,0.12791957899427767,3
MFSD2B,0.12791309835410544,3
UCMA,0.12787098257011056,3
GJA6,0.1278679632169518,3
HMCN2,0.12783458613393237,3
USP12,0.1276150580221818,3
FST,0.12755171597729553,3
SCAMP3,0.12748287747914858,3
GM10284,0.12746141032789501,2
ZFP148,0.12736291297148686,3
COPE,0.12733086180710942,3
PTPN9,0.12732775941425334,3
ERCC5,0.1271062489420185,3
GPR82,0.12710056883350046,3
HARS1,0.12705244452774286,3
MACROD2,0.12682966861630363,3
KLHL32,0.1267103867095544,3
GM2848,0.12668462874866596,2
AU019990,0.12666779448870608,2
LINGO1,0.12657110786622597,3
TMEM125,0.1264042176196418,3
1700016A09RIK,0.12638295578274805,3
ST3GAL2,0.1263487540235607,3
MYT1,0.12627074910968164,2
NSCME3L,0.12627047311573866,3
GM5687,0.12623265578396708,2
CMYA5,0.12622187672083984,3
CCDC88C,0.1260812815243653,3
HR,0.12603430473216362,3
CES2B,0.12602935319508948,3
ADCYAP1R1,0.12593599107506837,3
PPP6R3,0.12586712016174958,3
SERPINB11,0.12585564585775866,3
KIF5A,0.12580272821233995,3
TMEM258,0.12579347992649062,3
RARG,0.12569446898085457,3
MAP6D1,0.12556937581490163,2
CDC37,0.12542544140448988,3
OSM,0.1253683343244402,3
AXDND1,0.1252538045019799,3
LARS1,0.12522541934324122,3
DSG1A,0.12521978850204682,3
RTL6,0.1250216516723087,3
C030034L19RIK,0.12494883953365225,3
FER,0.12490205966668266,3
PRR3,0.12468106095735793,3
PIWIL4,0.12467897344565237,3
ARMC7,0.12452253890447625,3
CSRNP1,0.12447109386408084,3
FAM83F,0.12444837065331894,3
MUC17,0.12431653346495114,2
RNASE2A,0.12429545355696908,2
GM46430,0.12407128520239248,3
GM4217,0.12401719524059751,2
1700019D03RIK,0.12400265967014024,3
HAS3,0.12387514011908178,3
FOXI1,0.12379333321100583,2
WDR95,0.12379192409956098,3
HECTD2OS,0.12362298589793758,2
IDI2,0.12351095742981133,3
TWNK,0.12345260286045484,3
ZFP512,0.12342510298231768,3
GDF3,0.12337890590442961,3
UGDH,0.12335321667732939,3
UROS,0.12329502885436071,3
HIC2,0.1232730632484496,3
IPO5,0.1231875514764399,3
LRRC15,0.12313124021055395,3
STX6,0.12306127871032031,3
SMIM10L1,0.12300839556725236,3
SLC39A3,0.12291107855470511,3
GSAP,0.12288682123282023,3
MRPL27,0.12285578007984503,3
GM31616,0.12278578954756873,3
CAMSAP3,0.12262680971787814,3
INPP5J,0.12260845241177154,2
PCF11,0.12250428717309081,3
GAL3ST4,0.12246516027575116,3
ATP2C1,0.12228153164918741,3
CRB3,0.1222568791298901,3
CD209D,0.12217766681184543,3
SNORA43,0.12217515763069224,2
SPACA6,0.12208973089691393,3
SPRED1,0.12204531256504796,3
TM4SF5,0.12198691583735183,3
CCDC88A,0.1219230019039758,3
CNKSR1,0.12181201429836869,3
IGKV4-57,0.12176177888503577,3
TPST1,0.12175260526084204,3
GIMAP6,0.12174946215218324,3
ANO9,0.1216984602153193,2
ZC3H7B,0.12162703759928063,3
INTS15,0.12161208951394294,3
TTC6,0.12153925254497083,3
SERF2,0.12152524065670926,3
ARL1,0.12137578817222554,3
COASY,0.12134336416777176,3
RPS23,0.12131118605006634,3
GM20300,0.12126404898202421,3
PATE1,0.12121199293932278,2
GPLD1,0.12120764735978813,3
NPR1,0.12104949383697157,3
PRSS41,0.12097971442291178,2
AMIGO3,0.12094083058240775,3
MATK,0.12084106841772828,3
TEX44,0.1207953534113177,3
ZFYVE16,0.12074578903170267,3
NRK,0.12068916937060276,3
RAB11FIP2,0.12057713617258975,3
B3GNT2,0.12050763217493084,3
SLAIN2,0.1205000637975147,3
HK1OS,0.1204576192675013,3
BICD2,0.12034946074542417,3
MICU2,0.1203309001160996,3
GM35333,0.12030564929740957,2
PATJ,0.12022363097047369,3
KCTD20,0.12014045974014108,3
TMEM121B,0.11999526877656869,3
ELOVL5,0.11999097606199279,3
AMIGO1,0.1199722161903341,3
BLZF1,0.11987083446775666,3
GM6988,0.11980200820532705,2
PRRC1,0.11972317150435514,3
FAU,0.11971810138193358,3
POU6F1,0.11965279516260728,3
RNF40,0.11947125329065776,3
TMEM235,0.11945468090700892,2
PTK7,0.11942001527779361,3
1110059G10RIK,0.11934380564211022,3
H2BC13,0.11934148406292049,3
2900093K20RIK,0.11913240749793286,3
4930483J18RIK,0.11911432086320475,2
TFG,0.11905980960791505,3
SPIDR,0.11905410861281752,3
GLRB,0.11903963767936283,3
GH,0.11901401244718832,2
USP46,0.1190129283725554,3
AAK1,0.1190064854475783,3
ADAM33,0.11900185644225107,3
STT3B,0.11886392326980921,3
PSMB1,0.11886273512260326,3
IKBKG,0.11876962293511444,3
RNF115,0.11875234027104002,3
MPV17L2,0.11869129635401139,3
FLNA,0.11867772201166449,3
MAN2B2,0.1185829948357493,3
GM10263,0.11853231484715983,3
HBEGF,0.11852764393295928,3
KATNAL2,0.1185129777760197,3
GDPD1,0.11838390170041298,3
9430037G07RIK,0.11835164262932059,3
GM48909,0.11821389688522545,2
LPIN2,0.1181871406986033,3
ANKRD13A,0.11817755960343905,3
ADRM1B,0.11816182654561852,3
XRCC3,0.11812018874672625,3
AIM2,0.11809279983800858,3
IDE,0.11806254860618393,3
ABCA4,0.11804486286262356,2
FAM216B,0.11797562733605649,2
SLC16A4,0.11787270799937949,3
BHLHE22,0.11784111377691706,2
MBP,0.11783321824083941,3
GNPNAT1,0.11769183624847245,3
IGSF10,0.11761847744237003,3
BMP8A,0.11756390738254845,3
GM15050,0.11755638570003513,3
BRD1,0.11751714412661973,3
KCNH8,0.11738754345889801,3
ZKSCAN6,0.11728460150343413,3
SEL1L,0.11721407250202609,3
PPL,0.11709503725814811,3
SYTL4,0.11697597145780818,3
GM4632,0.11693719167099752,3
ZCCHC18,0.11689963560012147,3
SERPINA11,0.11663989246048138,3
HMGA2-PS1,0.11663848726496624,3
FIBCD1,0.11659703239182842,2
DDX11,0.11653865391612779,3
SLC25A48,0.11641841358905265,3
SMAD5,0.11639429215431026,3
UCKL1,0.11639095795315041,3
FKBP15,0.11633767975514547,3
NT5DC1,0.11628256854700307,3
IGKV4-69,0.1162773676121569,3
EFNB1,0.11623898315756619,3
RPL36AL,0.11621837754630733,3
KLHL25,0.11616092640639865,3
ATP2B2,0.11600651444993888,3
CYB561D2,0.11599219327494271,3
TAMALIN,0.11597520238364457,3
1600029I14RIK,0.11584192260427723,3
RPL35,0.11581220329071866,3
OSGEP,0.11579569837713892,3
CCDC102A,0.1157901665448239,3
F830208F22RIK,0.11577195912040723,3
1700030J22RIK,0.11572839520539951,3
GRAMD4,0.11566656450199024,3
PEX5L,0.11556125114517023,3
PEX13,0.11553778617555761,3
H3C14,0.11552121893707808,3
RUVBL1,0.11551365435366552,3
FANCE,0.11530149226686541,3
NCS1,0.11529891951390449,3
HDAC3,0.1151816763782082,3
CDH11,0.1150416633567345,3
MYBPH,0.11492452931871538,2
COL15A1,0.11470112718030905,3
GM16283,0.11466535659913084,3
PRR15L,0.11450828239579657,3
NSUN4,0.11450466271240896,3
ZEB2OS,0.11440480773263344,3
TAF9,0.11432799428854405,3
A530010L16RIK,0.11429155428067563,3
PACRG,0.11428747947445732,3
PWWP4B,0.11428722097943128,2
TMEM214,0.11427184628634872,3
PRG4,0.11407802292559215,3
USP31,0.11397301612246524,3
DIRAS2,0.11390222628638728,3
BCAN,0.11376063761701499,2
ATP6V1G3,0.11364587949119656,2
CNOT3,0.11358158988600837,3
SPATA33,0.11344043040186658,3
KIF1C,0.11331474041515832,3
EPHX3,0.11325048912036444,3
CHCHD5,0.1132336391627502,3
HBB-BH1,0.11306976383741728,2
DOK1,0.11276180124806844,3
A830018L16RIK,0.11273167340592712,3
GM6807,0.11257445153930572,3
GM16853,0.11256131127271554,2
KIF13B,0.11252959647858445,3
AOC1,0.11250378670088756,3
DOC2G,0.1124644414345456,3
MT3,0.11235486148042308,3
HS3ST4,0.1123097551187589,2
NEU2,0.11225967885042058,3
IGKV1-133,0.11224229534460325,2
NEK4,0.11218662140077117,3
TAF7,0.11216224020549871,3
PALLD,0.11214092139836856,3
ARHGEF16,0.11208112291613143,3
EIF2A,0.11204061519535287,3
IGKV12-89,0.11201512686791132,3
SGK3,0.11199532435638647,3
MLX,0.11198889057269439,3
PABIR1,0.11187212183766011,3
CCDC90B,0.11186769429669609,3
KCNA7,0.11186592667314646,2
DR1,0.11177764344328504,3
ALDH1L2,0.11174130944841114,3
PNKD,0.11170639689170077,3
2510039O18RIK,0.11165286558892595,3
SIGLECE,0.11159190238965085,3
1110006O24RIK,0.11154164714561958,3
XBP1,0.11149320448717215,3
SLC9A8,0.11143869503627589,3
FLOT2,0.11140740469655341,3
ACACB,0.11138842295549928,3
TSC22D3,0.11135120620682314,3
SLITRK2,0.11125517008105124,3
GM12470,0.11120784712966132,2
HECTD4,0.111200133370239,3
SLC25A21,0.11118794606834687,3
CRH,0.11118564751960801,2
BMPR1A,0.1111676518256366,3
GM6139,0.11112334728837717,2
DDX41,0.11096985338342301,3
FAM243,0.11096102054531878,2
GLP2R,0.11088776823334669,2
FAS,0.11084210168868842,3
4930426D05RIK,0.11075689948193324,2
DLK2,0.11071916749363579,3
UMODL1,0.11066234203119711,3
1700001J03RIK,0.11065120661281376,3
GLOD5,0.11048562080374294,2
GM22748,0.11046093982235555,2
CFAP36,0.1103716415313451,3
SPATA31F1B,0.1103611894450548,2
METTL13,0.11025990230955168,3
TMEM94,0.110202464090517,3
DKK3,0.11018344593809211,3
KCNK12,0.11017671563865827,3
FZD1,0.11009641143959044,3
ZFP976,0.11009316718509565,3
SPIN2C,0.11009038923145249,3
FBXL2,0.11007119177237444,3
COPG2,0.10997048260255955,3
USP25,0.10995112615409323,3
SYT7,0.10974268089872603,3
SMARCC2,0.10972795841619003,3
ACTR2,0.10966875488271832,3
GM36199,0.10961897109750345,3
NUDT19,0.10953885434291365,3
GM9514,0.10953005188635229,2
RADIL,0.10950522377680223,3
GM23119,0.10947243829684063,3
DMKN,0.1094089105739738,3
TTC23,0.10940370810673654,3
TRUB2,0.10936966098097543,3
4931414P19RIK,0.1093649124872859,3
SPTLC2,0.10925817631471009,3
ADD2,0.10922895741392076,3
TMEM86A,0.10911778264801757,3
LPAR6,0.10906727769164208,3
SRP54C,0.10897173219520656,3
XXYLT1,0.10878959200385163,3
DNAJC30,0.10878176399017044,3
CELSR3,0.1087743361583996,2
UNC13D,0.1087240617082048,3
IGKV14-130,0.10864312902864763,3
FAM3C,0.10846300941332106,3
TAC4,0.10840271575597873,2
MYMK,0.10802413582605072,2
ZFP97,0.10797784028888702,3
SPAG4,0.10794557273542955,3
GARIN1A,0.10792808824805637,3
PLCXD2,0.10791257243457719,3
CDKN2AIPNL,0.10789525811093492,3
PWWP3B,0.1078231157853509,3
GM17484,0.10772870781828951,3
COX16,0.10763827520026215,3
EXOSC4,0.10758983408510714,3
CNTNAP5A,0.10755399603682686,3
HPCAL4,0.10741613208915986,2
RDH10,0.10737072647889036,3
D630033O11RIK,0.10728078657011385,3
FOXA2,0.1072645653706018,3
GM5637,0.10708012322517466,2
FBXO42,0.10696831162421629,3
GM18258,0.10683643096012997,2
GHRL,0.1068320160929282,3
WIZ,0.10681723939807371,3
ZFP1001,0.1067858925193464,3
CAPN2,0.10673364349939807,3
GTPBP6,0.10656124967915508,3
TBX6,0.10651073817565872,3
DLL4,0.10648658789561312,3
UBE2W,0.10641859398683014,3
THAP11,0.10626344108110519,3
CAR15,0.10615392117897725,3
T|T2,0.10578665871378173,2
APPBP2OS,0.10573149890433979,3
POSTN,0.10566028721327796,3
FUT8,0.10551878222323197,3
SH2D1B1,0.10551242357160502,3
IL1RAP,0.10545785473772346,3
PARN,0.10533044522629958,3
EOGT,0.1053118360872644,3
GGCT,0.10530192045345262,3
GAMT,0.10528428933002583,3
LIAS,0.10524412699465802,3
BCAT2,0.10494990319767661,3
CHMP3,0.10494468984723226,3
TIFA,0.10491238928749197,3
OGFR,0.10484575718202833,3
CD55,0.10482955518395472,3
GADD45GIP1,0.10480908702498852,3
ACVR1B,0.10480186734302177,3
GDF10,0.10476260149349964,3
MAL,0.10461062269753152,3
RNF151,0.10460496687579107,2
TRIM66,0.10456362596609486,2
CTXN1,0.10453872639758499,3
MARS1,0.10450405357007868,3
UQCC1,0.10447881403728039,3
RPS7-PS3,0.10444537356114318,3
ECRG4,0.1044056929637462,3
TBCCD1,0.10424607562594335,3
MAP3K15,0.1042300172310225,3
ABCG2,0.1042028976038422,3
COG7,0.10416852101185377,3
S100G,0.10411854305913065,3
PISD,0.10405532845362703,3
NHERF1,0.1038172087198906,3
ZFP960,0.10364802134172506,3
RIPK4,0.103551862020608,3
PRSS53,0.10342884196466362,3
NAALADL1,0.10336129938463326,2
RNF19B,0.10335944682845077,3
HMG20B,0.10332649905662704,3
STK38,0.10324668021047374,3
TBC1D10B,0.10317233104046435,3
TADA2A,0.10310160128754176,3
PPP1R14D,0.10299521001444922,2
IGHV7-1,0.1029840799586715,3
TENM2,0.10297182072283995,3
CTU1,0.10281917489676366,3
RWDD3,0.10277433124440234,3
GM9531,0.10275479463997135,2
ATP1A2,0.10265496360770499,3
IL1R1,0.10245849234438713,3
XIAP,0.10240040631829546,3
IRAK4,0.10237757801600876,3
MBD5,0.1023113248604058,3
PRKACA,0.10227751461769741,3
TBX20,0.10227411787344497,3
TBX2,0.10202436298835753,3
LST1,0.10196050902839833,3
PTPRE,0.10190441719246879,3
UPB1,0.10187768016209815,3
ZFP677,0.10178823588873898,3
ZFP660,0.10170346359567513,3
GM13861,0.10163554842678202,2
NUMBL,0.10161436901733166,3
ALCAM,0.10160201807722125,3
TTC24,0.10155900744464552,3
USP19,0.10147394823482507,3
PLCH1,0.10143486373882284,3
TRBV20,0.1013525949602192,3
RRN3,0.10125380676998848,3
P3H3,0.10117156821937952,3
HAGHL,0.10109537803453128,3
GM15191,0.10103568532507148,2
MED12,0.10067239448847265,3
ADGRB1,0.10066253250406777,3
EVC2,0.10062350829596145,3
EIF2B2,0.10061223438663718,3
A430035B10RIK,0.10059314569427058,3
ABI1,0.10049269173170065,3
CH25H,0.10037126385757748,3
S100A14,0.10034547721144856,3
PCDHB16,0.10033525930453342,3
SGK2,0.10000802318334408,3
TIMM10B,0.09974986243490942,3
NDUFA11,0.09973475905192802,3
A930005H10RIK,0.09973332349441577,3
GM13986,0.09961861534468552,2
IIGP1C,0.09960165440207984,3
GSS,0.09940296973148562,3
ITPA,0.09938636061045451,3
KYAT1,0.09934483033595078,3
ZFP114,0.09933862613716543,3
LENG1,0.09920711980483561,3
E230016K23RIK,0.09917886010623934,3
RNF152,0.0991625854270774,3
DAGLB,0.09900958631814878,3
H2-AB1,0.09893392230341928,3
HERC1,0.09892427667597385,3
AATF,0.09868207899829073,3
MYORG,0.09867534303883503,3
SOST,0.09862665505689251,3
PPP2R3A,0.09858019500608646,3
SCX,0.09845271115271918,3
CRIP1,0.09844858710356734,3
SLC9A3,0.09842935174002285,2
PNISR,0.09841704586126572,3
ZFP944,0.09830285732460241,3
WBP1L,0.09826220706586024,3
TMEM200B,0.09820962267145411,2
COL7A1,0.09820019752321803,3
PROCA1,0.09803034120435057,3
UBE2V1,0.09802434326539311,3
ACAT3,0.09801143996337264,3
ADAMTSL1,0.0978948330423172,3
SERPINA12,0.09789481139287497,3
MAP2K7,0.09758143255171466,3
PLET1,0.09731119801036651,3
RNASEH1,0.09725474586158235,3
SELENOT,0.09724959106438795,3
MAPK12,0.09718716825506983,3
CORO1C,0.09714288041536356,3
MED20,0.09713739861070865,3
URM1,0.09709213685361656,3
GALNT5,0.09708482967267139,3
GYPA,0.09708092574911314,2
LY6D,0.09706913049636334,3
SEPTIN2,0.09705913543832023,3
PCDH8,0.0970305350471367,3
TPO,0.09700296518241097,2
WIPF3,0.09679055501794975,3
ALDOC,0.09677444782184452,3
WHAMM,0.0967430431792858,3
BTG2,0.09662244340110367,3
CENPO,0.09662226841828146,3
SOD3,0.09659093848663802,3
PIK3R1,0.09656509089740012,3
GM12922,0.09653080915314226,3
MFN1,0.09649568813788818,3
LRRN4CL,0.09645324188374203,3
4930562C15RIK,0.09643623876326524,2
IGHV14-3,0.09642799634192065,2
COG2,0.09641049316769384,3
PCMT1,0.09638065692461399,3
TTLL9,0.09636926954954894,3
ARL6IP5,0.09632710757643477,3
KANK2,0.09628546947955274,3
LRRC4C,0.09622339200432906,3
4833427F10RIK,0.09620783648324809,2
GM31814,0.09619340608012221,3
FIBP,0.09618378698804686,3
8430429K09RIK,0.09614076376527936,3
SEMA7A,0.09605158187201131,3
C2CD4D,0.09604107463584445,3
GM3379,0.09596389666376988,3
RPL23A|GM46442,0.0959265915056875,3
AP4B1,0.09590904574526843,3
ADH5,0.09588901125109228,3
EID1,0.09583433310287653,3
2310022A10RIK,0.09581739957556668,3
5330413P13RIK,0.09581159873409383,3
RCC1L,0.0957583968753863,3
PLEKHA3,0.09574102217913345,3
TRAV11D,0.09572906500050676,3
HTRA2,0.09569238937431636,3
KIF21B,0.09569052052066178,3
TLE3,0.0956188521459083,3
NUDT17,0.09560548127514064,3
KIF1A,0.0954754776330267,3
FAXC,0.09547123658632585,3
FTCD,0.09546903416089383,2
PPP1R14C,0.09546633398958175,3
RASSF9,0.0953785209274302,3
DACH1,0.09534471209709323,3
PTP4A1,0.09534050348048771,3
ASIC1,0.09511657629948948,3
2310061I04RIK,0.09505704173134522,3
BEX1,0.09499147213466064,3
SIPA1L1,0.09474527471488321,3
NELFCD,0.09472720473424505,3
GM10420,0.09468556944299072,2
CD79B,0.09465918549196888,3
RNF141,0.09464365049663427,3
CYP2S1,0.09461602802613582,3
ADAM22,0.0946033501588953,3
LIX1,0.09434159991333703,3
CCDC33,0.09432614411183883,3
JUNOS,0.09432297069722358,3
PKP2,0.09426861041820996,3
PAPOLB,0.09420080570543599,2
TRBV19,0.09419804731965192,3
SSTR2,0.09411091177766867,3
ZFP141,0.09405014519468398,3
LOX,0.09393431690724813,3
CXCL13,0.09391763995977025,3
GPR165,0.09388913509174254,2
NQO1,0.0938682853234103,3
ANXA3,0.09373674330560855,3
HSD17B1,0.09360285647390365,3
CMPK1,0.09355734967608786,3
ZCCHC17,0.0935187770432806,3
MEGF9,0.09349056874753137,3
ZFP661,0.09344727673579521,3
SHC4,0.09337483680585275,3
RNF114,0.09330636703381301,3
RPL18-PS1,0.09313615422195931,3
GADD45A,0.09307480164856445,3
SYN3,0.09293857402486437,3
ATP6V0A4,0.09293280358292837,3
DENND2B,0.0928528836334756,3
ARAP2,0.09281326184418533,3
C530005A16RIK,0.09257818142059566,3
UBQLN4,0.09255969847257793,3
CES3A,0.09252275954148473,2
HSPBP1,0.09252035775098817,3
RTEL1,0.09247544163641053,3
CTSF,0.09246950339457254,3
SLC9B2,0.0922882053098157,3
GM22513,0.09224077096117729,3
PHLPP1,0.09212666381777616,3
TAB2,0.09209797627855058,3
PROSER3,0.09209379293013774,3
RGS5,0.09202379952076745,3
BRAT1,0.092015274576791,3
NR6A1,0.09192747356393131,3
RUNX1,0.09185290131167057,3
EFCAB7,0.09173479693919558,3
GM7607,0.09167389938285361,2
D830005E20RIK,0.09167038989328588,2
TPBGL,0.09138278022432537,3
GM2694,0.09116633570802082,2
OR8J3C,0.09083750924311544,3
TSPYL2,0.09063238487698631,3
SELENBP1,0.09056303277747728,3
GAPDH,0.09048115681952096,3
PRRX2,0.09038683573531797,3
A730049H05RIK,0.09029274795244396,2
STK32C,0.09028571938640913,3
CCAR2,0.09016223928180932,3
AIP,0.09013376294296542,3
PKM,0.08995897029782514,3
HEXIM2,0.08989086492960886,3
SSC4D,0.08989083223474655,3
AMPD2,0.08984089604152011,3
VCL,0.08983749930272544,3
UTY,0.08983342238834546,3
GM3534,0.08975831481951069,3
SLC25A24,0.08968023672314178,3
GM31728,0.089661647199408,3
1700056E22RIK,0.08964059655459733,3
OTUD3,0.0895733814568575,3
RUVBL2,0.08952853109842396,3
ZFP82,0.08943917362017029,3
KLRB1A,0.0894227324339561,3
IQCH,0.08923444939471593,3
TMEM47,0.08915536194574404,3
SLITRK6,0.0891029810343375,3
BNC2,0.08907992261752355,3
GPA33,0.08901162875443769,3
MISP3,0.08900572081777934,3
ALYREFFM1|GM29669,0.08880895859279475,2
GTPBP3,0.08878456466804267,3
KLK1B3,0.08877517192923658,2
RASD2,0.08871934238469958,3
SMIM40,0.08865872453709644,2
GM11232,0.08848572787983891,2
POLE3,0.08838204553697793,3
ITGAV,0.08829020017110212,3
EVI2B|EVI2,0.08828327538106528,3
KLC4,0.0882245570651947,3
FRMD4B,0.08795639954776953,3
ZGLP1,0.08791400095153308,3
ACO1,0.08787165310306382,3
ELOVL2,0.08783892312871716,2
STAP2,0.08783401136755313,3
MRS2,0.08767426144237976,3
HCST,0.0876407219866711,3
RPL5-PS2,0.08755376622587381,3
FBXL12OS,0.08746226515225748,3
NPB,0.0874187018604156,2
ACVR2B,0.08712626822507952,3
IGKV8-16,0.0870711471615534,3
MYLK,0.08698267519866425,3
DSC2,0.0868449839989723,3
M6PR,0.08676686584085573,3
NXPE5,0.08666883692440984,3
USP10,0.08663533340658398,3
SKI,0.08645811760367227,3
CMSS1,0.08634769576978003,3
TOMM6,0.08633741240411842,3
LRFN4,0.08624726399195505,3
ZFP72,0.08617259634553705,3
CALHM5,0.08616013066509316,3
MRPL19,0.08608723203314701,3
VWA5B1,0.08608713449613416,2
GM46961,0.08605618175033675,2
MTRNR2L7,0.08601852423569674,2
DNM3OS,0.08595090742648032,3
SPATA31D1A,0.08591475884787292,2
ADCY10,0.08589001982714249,3
LY6K,0.0858249186085401,3
MME,0.08580155844183313,3
DAPP1,0.08574537113794134,3
ZFP811,0.08569472902861308,3
PRRC2B,0.08552907327642685,3
DNAJC11,0.08535180335604509,3
CCL27A|CCL27AL|CCL27B,0.08514409073503855,3
ANKS1B,0.08512967666421778,3
LYPD3,0.0850249036353356,3
WASHC1,0.085010789609127,3
GM8292,0.08498308846494744,3
TMX2,0.08489551076621053,3
GM10045,0.08482549459752749,3
UGT1A7C,0.08482066659004979,3
APH1B,0.08477090543858519,3
GM9828,0.08476361272698174,3
DHDDS,0.08475292055730045,3
IGKV4-86,0.08441648930591948,3
CST7,0.08436597612941961,3
1810024B03RIK,0.08435223037552875,3
SPG7,0.08415717013426331,3
SERPINB7,0.08414517511999005,3
MICAL1,0.0841157194197439,3
CES2E,0.0840786600201121,3
GM5847,0.0840547696191806,2
LY6I,0.08382809011424941,3
ZFP37,0.08382392018164193,3
MNDAL,0.0837750231908186,3
ALDOB,0.08374892519753462,3
RAB4A,0.08374328536657057,3
CREBBP,0.08372681364475924,3
SETD1A,0.08369999135120217,3
TBL1X,0.08362572955882452,3
ZMYND8,0.08351696964748971,3
PANK4,0.08339184528719945,3
TNC,0.08314579198579801,3
SEMA5B,0.08307690661550493,3
RNF113A2,0.083051375077927,3
2310040G24RIK,0.08302872722077922,3
TFB2M,0.08300404579596495,3
RBM4B,0.08300375482269996,3
DHX9,0.08291907983970581,3
BSND,0.08283581572341885,2
SLC12A9,0.08273004445948616,3
RPS11-PS1,0.08269740302691941,3
ITGA8,0.08267450042453563,3
ZFP768,0.08264817347173962,3
RGS21,0.08255826216925828,3
PFKM,0.08238791919790238,3
KLK1B26,0.08237373929491539,3
ASB10,0.08225873736120336,3
PRR36,0.08210611627412394,3
EIF2AK4,0.08201499549925446,3
CD209A,0.08201434381410276,3
PIP4K2C,0.08183207482718037,3
VIPR1,0.08162528450868849,3
FABP12,0.08160666428718326,3
SNORA16A,0.08154901433021022,2
SLC37A2,0.08153204457378721,3
C430042M11RIK,0.08142871114802992,3
RPL39L,0.08132741615118451,3
CDYL,0.08132177559667604,3
KRTCAP2,0.08130937273409804,3
GM41177,0.08129286983743002,3
TNFAIP8L2,0.08128035514266484,3
NTPCR,0.08124346937517513,3
RBM45,0.08121011441076902,3
ARMC3,0.08117725528587795,3
ASB2,0.08117153959198692,3
LCA5L,0.08109274090637418,3
FAAP24,0.08106910848762523,3
FAM53A,0.08104427283938069,3
SRSF3-PS,0.08094503981795237,3
TTC9C,0.08094240421322423,3
PINX1,0.08092711415143365,3
ENTR1,0.08085641694062569,3
MRPL28,0.08082412783388322,3
RASSF10,0.08080412450511626,3
MMP16,0.08077801653470974,3
BCL10,0.0807571910395614,3
ACOX3,0.08071192570428747,3
FRMD6,0.08063063345577863,3
6330403K07RIK,0.08062807332829393,3
SEMA3D,0.08060992623992026,3
RPL28-PS3,0.08053890396385611,3
C3AR1,0.08033269348341833,3
PANX1,0.0803320584231615,3
LIX1L,0.08032234955847178,3
CUX1,0.08027996445674528,3
PUS7,0.08023094324743242,3
RRP1,0.08022580109052468,3
TRIM67,0.08006608346976458,3
ANKRD27,0.07997707167855822,3
GM18087,0.07994221327310036,2
GM5148,0.07991666758501915,3
CD5L,0.07986211338319889,3
SMYD2,0.07983216082706991,3
A530065N20RIK,0.07981527847900952,2
DEPDC5,0.07965675740983325,3
RBM15B,0.07961885335536217,3
ZFP777,0.07959983026545862,3
MBD2,0.07958683102420681,3
USP6NL,0.07955449455740883,3
GAPT,0.07943337205911234,3
DCAF4,0.07934562273398481,3
ZDHHC18,0.0792692208993079,3
STK33,0.07924116876708748,3
MMD2,0.07919099143932436,2
ARHGEF11,0.07901489373079912,3
KAZN,0.0789549423337217,3
MSTN,0.07888052264164638,3
LAMTOR5,0.07877394013112642,3
OSR2,0.07872815818146768,3
TMX3,0.0786041853375743,3
DLL1,0.07854327919115892,3
SPRYD3,0.07852896561861876,3
FAT1,0.07846077224047494,3
IGDCC3,0.07835060884763774,3
CFL1,0.07830834262445426,3
CYP2C37,0.07830740913945525,2
IER2,0.07818898714576089,3
ARPP21,0.07813617650290128,3
ESYT2,0.07799171128417297,3
H2-M3,0.07794318425803104,3
TAF4B,0.07792606773770154,3
RNF182,0.07791681936278966,3
TBCD,0.07785194927252685,3
GM12852,0.07774512423839997,2
BAZ1A,0.07771871638667804,3
A330041J22RIK,0.07766345801398149,3
MYO16,0.07760226565823808,3
REEP1,0.07759727407177297,3
TMIGD3,0.07756165373661476,3
GM4814,0.07744671294503915,3
ANKRD61,0.07741006429528771,2
CISH,0.07732292650765875,3
NME4,0.0772985533334775,3
GPR173,0.07726991943083805,3
ATG5,0.07704095918723503,3
PPP2R1A,0.07694895270271385,3
RINT1,0.07683022052438648,3
APH1A,0.0767874843016879,3
DGKG,0.07676653141527234,3
KLF3,0.0767395714109886,3
SPINK12,0.07672078805069793,3
RPL19-PS11,0.07662998847060604,3
NCK1,0.07659916591315581,3
MPI,0.07659523560869093,3
VPS13C,0.07654886153313296,3
UBLCP1,0.0764182682236481,3
SPHKAP,0.07631544149884037,2
AOX1,0.07628829321366835,3
FBXO3,0.07621380260879272,3
IGKV6-25,0.07601406296240498,3
EYA1,0.0759751160468843,3
IL9R,0.07593448002180155,3
GM16685,0.07592749190840327,3
H2-DMB2,0.07591883653616971,3
CACTIN,0.0758905997967451,3
LRRC47,0.07581365316674364,3
9930111J21RIK1,0.07577004544554677,3
BPIFB3,0.07570335661205822,3
RPUSD4,0.07568090351977579,3
GM57479,0.07566346220698464,2
PPARGC1B,0.07561084477510609,3
IGKV14-126,0.07559116694975232,3
SDCCAG8,0.07558093689600957,3
GM24830,0.07555713932855958,2
NCOR2,0.07548145571639749,3
ARHGAP25,0.07546716373014656,3
DMRT3,0.07544611095576993,3
DNAJB7,0.07543191785703068,2
CLSTN2,0.07539019458901175,3
PAG1,0.07529587301831242,3
H4C17,0.07527577904222886,3
IGSF8,0.07507095151045405,3
OAZ3,0.07503380976164466,3
GM3055,0.07502561435156034,3
AIRIM,0.07496835320780508,3
IGKV4-91,0.0749158857376736,3
GADD45B,0.07491002981054469,3
AASDHPPT,0.07484995022183694,3
CHD9,0.07483244047768675,3
METTL8,0.07483016970969147,3
USP50,0.07482178665928912,2
ITGB4,0.0747993941577264,3
PER2,0.07478675396396958,3
TRAV20,0.07474941362173715,2
PUF60,0.0746692934018774,3
GM3362,0.07462202788861744,3
ZSWIM7,0.07450255450000416,3
E330032C10RIK,0.07438818137945213,2
ARL8A,0.07438248592398072,3
PEX14,0.0743489395617656,3
ANKRD50,0.07429072914622897,3
H2AC23,0.0741263458554069,3
WNT5B,0.07410896705755336,3
NELFA,0.07398276922531787,3
A430033K04RIK,0.07392053785860304,3
TNKS,0.07372782238710256,3
ZBTB11OS1,0.07351943574716335,3
GM5422,0.07334864705771568,2
RIOX2,0.07330270433149326,3
AP1S3,0.07308012393441816,3
LSMEM1,0.07305896710448968,3
AKR1C6,0.073025993232044,2
TFCP2L1,0.07298456239874308,3
NAT14,0.07293915679297262,3
POLR2J,0.07293132863063183,3
ANO3,0.07286614455848156,3
ADAL,0.07280688721620994,3
MYO18A,0.07279356498227751,3
SNUPN,0.07276640635214426,3
ADAT3,0.07264959983392437,3
GAK,0.07262099087239737,3
SLC37A3,0.07257999693971362,3
PARD6G,0.07249568380985212,3
RP9,0.07233760053092538,3
A430005L14RIK,0.07227797557118398,3
APAF1,0.07210617312221555,3
MSRB2,0.07208593799379333,3
ARPP19,0.07198812281095875,3
EMB,0.07181031425111566,3
STEAP3,0.07176447201435081,3
GUCY2C,0.07173420498743797,2
NXPE2,0.07173067426637753,3
TNFRSF21,0.07170759184307969,3
GM6619,0.07170101662605341,2
GARIN5A,0.07168865155757877,3
BVES,0.07151682238327678,2
PIK3CD,0.07150120755591809,3
PSMB5,0.07146298325992369,3
GM9895,0.07145430109149413,3
MPG,0.0713073927721265,3
MAP3K19,0.07100317063686701,3
MAPT,0.07075472685133698,3
H2AC15,0.0705825341534559,3
TAS2R143,0.07057833562070116,3
TH,0.07052037500651936,2
NFKB2,0.07045572891239904,3
PTN,0.07040946178532488,3
APRT-PS,0.07040584248591336,2
SNX19,0.07034879004134874,3
CREB3L3,0.07029091987752839,2
GM4833,0.07022765482834728,2
SERPINF2,0.07008529096649398,3
ACOT4,0.07008300041279977,3
POLR3C,0.06995985595453864,3
HLF,0.06992970391853688,3
APON,0.06992032573021212,3
SYCP2,0.06989181401062557,3
FGFR2,0.06957036760172357,3
COX5B-PS,0.06954288809356012,3
RPE,0.06951286303741266,3
KCNG4,0.06946356777784207,3
B230110C06RIK,0.0694409638553685,3
IKZF3,0.069381371346531,3
ADM2,0.06927319080829804,2
IZUMO4,0.06924686361662169,3
HGFAC,0.06923385669691545,2
FHIP1A,0.06921278506401503,3
TAF6L|GM2518,0.06920290839127707,3
MARCHF6,0.0691820727968876,3
MXD4,0.06905881392340722,3
KPNA2-PS,0.06902349579397271,2
NAIP6,0.06897918497092388,3
PMVK,0.06883195830310666,3
BHLHE40,0.06846940318035495,3
GM22362,0.06843985960871107,2
RHBDF2,0.06843567025722685,3
HLTF,0.06837595646750787,3
RPS12L1,0.06837166152344532,2
PPP4R3A,0.06830872228582156,3
GABARAPL2,0.06822003747072335,3
ZFP582,0.06802729616620636,3
C87436,0.06801721752113761,3
MRPL21,0.0679938635705601,3
GM13234,0.06786344911222453,2
SMIM29,0.06783762671799291,3
ELOVL6,0.0677940944381525,3
CAR1,0.06775398463579868,2
KCNC4,0.06765368530361274,3
PGM3,0.06759285478871217,3
MAP3K3,0.06756840515975875,3
NTSR2,0.06756502529947794,2
GRIP2,0.06754316347681259,3
EPN1,0.06751524272001919,3
MRPL10,0.06737368090790304,3
SLC38A4,0.06725045978775711,3
SLC12A6,0.0672414375459141,3
TRO,0.06718815664663019,3
ATXN1,0.06713212646279816,3
ZFP239,0.06711516630152839,3
GM57854,0.06710418621233671,2
DHCR7,0.06690664931935536,3
RNU1B1,0.0668606076405238,2
CSTDC5,0.06675873121083811,2
IFI213,0.06665706812222087,3
ADISSP,0.066451378130623,3
ANXA13,0.0664433204106916,3
KLK5,0.06644031273619717,3
NGEF,0.06636016625917109,3
THEMIS,0.0662885494427885,3
RAB14,0.06628501349848759,3
LRRC27,0.06620104176406609,3
CSDE1,0.06611977775604677,3
RTN4R,0.06605310803704267,2
LIN7C,0.06601063831803869,3
CIB1,0.06600524217544161,3
SCN2A,0.06600406294172563,3
NCMAP,0.06580576567949285,3
KLF17,0.06578346388130153,2
HK2,0.0657695327226799,3
IKZF2,0.06576318179939555,3
SNRPA,0.06573641890610944,3
NFE2L1,0.06564999030848588,3
NREP,0.0656084092035718,3
STK26,0.06550669087813743,3
EIF4A2,0.06549180949347762,3
RLN3,0.06530892151281575,3
HSPA12A,0.06529260212097938,3
GM6545,0.06523370544006897,3
SOAT1,0.06522506062623064,3
RAD9A,0.06502110569254517,3
ENTHD1,0.065016762091821,2
AFMID,0.06489495069815458,3
2810004N23RIK,0.06486257002693822,3
TAOK1,0.06483240975436877,3
GM7213,0.06464552765860271,2
PIP5K1B,0.0646428171088967,3
BTC,0.06460280409997414,3
NPCD,0.06445817553866483,2
GM29007,0.0644439561241103,3
AW146154,0.06443873455789206,3
RHOBTB3,0.06441458307763566,3
MARVELD3,0.06441130530328855,3
OR4K2,0.06440125369401906,2
BC031181,0.0643440385232258,3
CAND1,0.06416253605729115,3
CTXND1,0.06416162520734163,2
SMG9,0.06412597805482902,3
ZMAT3,0.06405321265478901,3
MSANTD7,0.06397643200503171,3
FERMT3,0.0639485989750214,3
PPP6C,0.06384800416811987,3
LIMCH1,0.063828796855676,3
GM15471,0.06380852403558605,3
MOB1B,0.06376856595270253,3
IMP4,0.06367157920393433,3
SORCS3,0.06362222042908848,3
GK,0.06354029782233286,3
NELL1,0.06337791738537724,2
CHIC2,0.06337592346611787,3
CEMIP2,0.0633725683223026,3
RCAN2,0.06322427817007363,3
ZFP39,0.06317799265900881,3
EPS15,0.06311781240763774,3
ADPRS,0.06305373610690915,3
FAM204A,0.06305090899676806,3
XK,0.06304996208429307,3
LSM12,0.06297577330037137,3
INO80B,0.0629057704458974,3
DPH2,0.0628998430798461,3
RNF14,0.06283909032423494,3
COL6A6,0.06276484307141746,3
SCPEP1,0.06276315611056042,3
LTF,0.062718140862425,3
TNFRSF18,0.0626531010475219,3
ARRB2,0.06259855167204842,3
CDH3,0.06256635858623312,3
TIAM1,0.062458599527338565,3
GDF9,0.0624536857476805,3
TRBC2,0.06240780370727498,3
TNFRSF9,0.062337812575622785,3
EGFL8,0.062253871713465914,3
CLDN4,0.0622269611316282,3
XAB2,0.06215757461929224,3
CAPS2,0.062119718560247617,3
ZFP619,0.062119110858727546,3
9330188P03RIK,0.06195610466237349,2
KCTD14,0.06184586361367387,3
1110038F14RIK,0.061824102884441096,3
PWWP4A,0.06180801021843617,2
OSBP,0.0617415105885421,3
PDE4C,0.06172314186318295,3
RPL27,0.061699831329925146,3
RASA3,0.06149532222702877,3
SCT,0.06149248116073989,3
GM13270,0.06147112126085075,3
GPR27,0.06146414432276093,3
TOMM7,0.06145926382182757,3
BRK1,0.06144179194221903,3
TARBP2,0.06142388512030528,3
RAB26OS,0.06129302256230603,3
SPEER1G,0.061090238631726655,2
PI4K2A,0.06102800396827406,3
WDTC1,0.061027656587946545,3
HOXA6,0.060965320383779796,3
IGHV1-82,0.06084346460009271,3
NFASC,0.06078777500990759,3
OLR1,0.06077180079322503,2
FAM83G,0.060759407799977315,3
LY6E,0.060685510835416366,3
CATSPER3,0.060682399119399946,2
FASTK,0.060548429339426946,3
RPSA-PS12,0.060539352557767205,3
TRDV2-2,0.06052462165739644,3
RPL36,0.06046208026270975,3
SCN11A,0.060397814094932445,3
BLTP2,0.060333540822202956,3
RANBP3,0.06032182503092506,3
4732491K20RIK,0.06030708718124813,3
S100A2,0.06018005085220168,3
CYRIB,0.06004985699003932,3
PDE6H,0.060010711807797566,3
HTR1B,0.06000852585704427,3
ITGAL,0.06000028698115486,3
ZFP1,0.05994982503880175,3
AWAT1,0.05994458628259705,2
SMAD2,0.05992037030806483,3
RLF,0.05972739281161136,3
TRPA1,0.05971204492733952,3
TUBB4A,0.05964883194978584,3
RPL6,0.05962961900805815,3
RNF112,0.05952829827696843,2
VMN1R13,0.05939041722539817,2
SMIM24,0.05930634339751436,3
AARSD1,0.05920767986544865,3
TXLNB,0.05916186943127453,3
ZBTB1,0.05914898254818731,3
ENTPD5,0.0591096422053153,3
ADNP2,0.05910776701034829,3
SLC5A5,0.059051869764645985,3
LASP1,0.05896980122463558,3
GM7816,0.05893951433288003,3
A930001C03RIK,0.05884601493418623,3
CLN6,0.05880570630000089,3
JADE2,0.05870704941100302,3
BMP1,0.05867714832058294,3
PRKCI,0.05857925171962797,3
BICRA,0.058525286360489925,3
PIAS4,0.0584541623973401,3
ZFP11,0.05828975138357906,3
1810013D15RIK,0.058174756889737375,2
GM11650,0.058143100777609584,3
HOXA4,0.058100121485367896,3
MEG3,0.0580965701278792,3
GFPT1,0.05805260515192301,3
ZMYM2,0.057973555718058734,3
PCDHGA3,0.057939752452956246,3
TRPM2,0.05792398336636347,3
IGKV2-112,0.05788671362501455,3
FAM135A,0.057814817064146685,3
IVNS1ABP,0.057632222840569604,3
GM26876,0.057600180087104436,2
ANKFN1,0.05755747364924435,2
NNT,0.05746328914343879,3
R3HDM4,0.057459744653216495,3
FBXW5,0.0574138779766716,3
SIAE,0.05736954702836002,3
CHCHD7,0.05735312753141749,3
C2CD2L,0.05733451030839465,3
TRBV16,0.057292543329272284,3
DPY19L2,0.057286165748854534,2
ZFP870,0.05724681820769471,3
FAM78B,0.057240328553591624,3
ZFP385C,0.05721551973856914,2
FERMT2,0.057158384166480856,3
GM10275,0.057154534785838575,3
CALHM6,0.05699941032066821,3
SNORD17,0.056991695245284364,3
GOLGB1,0.05687026413885771,3
GTF2H4,0.05684282318125672,3
HCLS1,0.05684102965667311,3
LENEP,0.056772920204738876,3
PPP1CB,0.05673885047497468,3
IGHV14-4,0.056735658682554514,3
UBXN11,0.05672359075654565,3
RAB3B,0.056624713030253446,2
GM5259,0.056598488649878,2
EDEM2,0.056511832092717984,3
LILRA5,0.05643466555316209,3
UBE2D1,0.05629300697804651,3
AIFM1,0.0562697105948301,3
RPS25,0.0562291694792166,3
FAM78A,0.05618614633452245,3
GPR33,0.05615458193817602,3
IGHV1-55,0.05614878609234548,3
1700001O22RIK,0.05612898081688492,3
RASSF2,0.05599131765018561,3
NEAT1,0.05586986879300541,3
RBM11,0.05586284254991214,2
CENPX,0.05574194380268096,3
ZSWIM8,0.05573293959293677,3
GM11249,0.05572015114196547,3
ZDHHC13,0.05557501104755808,3
GM9920,0.05555528879948211,3
GM6034,0.05549949311447061,2
ST7L,0.05549515604458752,3
EHD3,0.05540092224830303,3
RARA,0.05536594497169082,3
EIF3K,0.055346125021077164,3
LDB3,0.05524991008386857,3
ADAMTS2,0.05512752290898478,3
JCHAIN,0.054977221570130776,3
RPS3A3,0.05487389657401811,3
IL36G,0.05482835315976348,3
5830428M24RIK,0.054646631321417484,3
MED18,0.054449497817076496,3
GM14231,0.05444404351122176,2
GUCA2B,0.0542370324297848,3
FAAP100,0.05418073376135619,3
ELAVL2,0.05409207240335809,2
KLRB1F,0.05408554089521452,3
VMN2R26,0.054049668377748106,2
RASSF8,0.05397382586199365,3
AKR7A5,0.053971398797888016,3
CCNK,0.05388617022801997,3
ASB6,0.05380236062659527,3
RALGAPA1,0.053793565552240574,3
GFOD1,0.05375095888726228,3
DIO3OS,0.05363421726165795,3
TLR13,0.0536285481184261,3
2900052N01RIK,0.05354059555824939,3
TMEM117,0.053514239642429795,3
LSM14A,0.05349146821923991,3
TSPAN1,0.053424162528737856,3
RPS2-PS7,0.0532604395849251,3
ZFP146,0.053219750040679296,3
TIPARP,0.05319781990310483,3
GM11696,0.053197716297411955,3
RGMB,0.053136700865279995,3
MAP7D2,0.053117662513091024,3
CCDC150,0.0530667184585932,3
CYTL1,0.05304634764909386,3
NDUFA10,0.05297307814159141,3
MVK,0.052945160393158185,3
SLC44A5,0.05291531289257282,3
EYA4,0.0529020581612325,3
GLDC,0.052773763015946606,2
SNAP25,0.05255030201507142,2
DNLZ,0.05254735683586761,3
ZFP36L1,0.05243930584099177,3
GM22806,0.05235093279821035,2
A930038B10RIK,0.05216823171870302,2
PRKAB1,0.05208333402273291,3
KLHL26,0.05207127988211554,3
5033417F24RIK,0.05204951744855214,2
ARFGAP2,0.052005188458373354,3
SIRT5,0.05190049585265599,3
GM15612,0.05187593120289471,3
GM6729,0.05185283650772279,3
FABP6,0.05174868129496757,3
ASRGL1,0.05170756260278223,3
RGSL1,0.051653041506675317,3
BPIFA5,0.05154255413923302,2
UNC79,0.05143302663672309,3
LINS1,0.051398924015286986,3
HIPK4,0.05132413589041335,3
HEYL,0.051287593534541376,3
ZFP715,0.05128245161720605,3
MYO9A,0.05114037037226712,3
NUP62,0.05106677645862101,3
PLEKHM2,0.051043522638252146,3
PRDM6,0.05099776850413409,3
B4GALT4,0.050988860727949,3
CLSTN1,0.050987728593309654,3
PLA2G6,0.05092762814876887,3
MEGF10,0.05090827371738652,2
PLATR26,0.05089256361294202,2
PREX1,0.0508687977659659,3
PTGER4,0.050865749147833005,3
NME2,0.05080786029015968,3
MYO9B,0.05051644300653524,3
FER1L4,0.0504487214648366,2
RPLP1,0.050365972670548764,3
CCN2,0.05028616702460557,3
INTS6,0.050256135549563395,3
RPL34-PS2,0.0502151092346492,2
KBTBD12,0.050176077006167365,3
GM20939,0.050168851532397175,3
PTPN23,0.050133016262739145,3
EDRF1,0.05001296502103717,3
MSANTD1,0.05000800675981252,3
CITED4,0.050005346358042914,3
COMMD7,0.04991157908215992,3
GCM1,0.04986900296694733,3
GSTO2,0.04984764466469135,3
SPAG7,0.04981412202635135,3
TMEM131,0.04981261550387824,3
LITAFD,0.04979096511953077,2
GM15459,0.04972137742874605,3
ZFP712,0.04967240284254267,3
SOX15,0.04965725841736376,2
ATP23,0.049507536746656124,3
SFT2D3,0.04946464976128787,3
DUOXA2,0.04941721121993961,2
KIRREL3,0.04941278079667155,3
CD300LB,0.04940815244351663,3
NBEA,0.04929916234427371,3
MRPS33,0.04929706493085075,3
VPS54,0.04925436652439119,3
FBXW11,0.04918344990230585,3
UNC13C,0.04906531904854583,3
ZFP580,0.049051031138511836,3
ADRA2B,0.049044703878824064,2
IGHV10-1,0.04900622685100219,3
CEP135,0.04884373982975084,3
NDUFAF5,0.04876460707861994,3
ZBED5,0.048666592436153344,3
PHTF1OS,0.048661235582384776,3
GM50340,0.04865504479265662,3
OGT,0.04861453796509533,3
NTAN1,0.048596932455227115,3
ZFP541,0.048507153801978925,2
GM34121,0.048463157368417664,3
RAB22A,0.0482334243618267,3
PLEKHG5,0.048182988527997926,3
6330415G19RIK,0.048060156454372484,3
CCNL1,0.04799324312076333,3
GM11681,0.047721326263078095,2
PDP1,0.04761396281210969,3
IPO13,0.04747135223714383,3
MUS81,0.047308457155217955,3
HDAC6,0.04726787070842479,3
MYBPC3,0.04724089139269331,3
GM527,0.04723141997715254,3
KANSL2,0.04717746112478771,3
ZFP109,0.047119645247674403,3
TRIM54,0.047045897082307886,2
CHST7,0.04692627448701025,3
TRIM65,0.046795274756112004,3
FNBP1,0.04669370420893787,3
ADAM11,0.04666992536421787,3
GPR150,0.046668314794618575,3
ARHGEF18,0.04665229149504287,3
BC034090,0.04663727144517604,3
ABCA2,0.046445310107706556,3
SEC23A,0.04642761204607881,3
NIPAL1,0.04640080890995276,3
CALML3,0.046384707766019516,3
LYPD8L,0.04637051974055293,3
GM7803,0.04635890764464276,2
RND2,0.04635846228823792,3
PRR19,0.046281908411119836,2
MON1B,0.0462756727556665,3
LOC671917,0.04595292793130364,3
TWIST2,0.04591904518945574,3
GM18726,0.045861773846544496,2
ATRNL1,0.04576294179129146,3
GTF3C5,0.04574146096675032,3
CPLX1,0.04574021210596925,2
L3HYPDH,0.04567236223346216,3
PTCHD1,0.04560848486971704,2
ZFP592,0.04548972640595069,3
STRN3,0.04548419952564412,3
COPS9,0.04536742783288364,3
PPP1R3D,0.04536027054681796,3
CCL21D,0.04535949543000606,3
NGP,0.04519546999846291,3
WNT10B,0.04515022057941922,3
MGAT5B,0.044987064428681334,3
TAF12,0.04494888552478667,3
SLCO1B2,0.044906416702216706,2
RGS13,0.04487561679158647,3
GM9917,0.04477024893130257,3
CCDC14,0.04473298002091738,3
MB21D2,0.044690828716817836,3
CHAMP1,0.044592808145749396,3
LRRC55,0.04454861275688232,2
GM15427,0.04454828911176856,3
GAD1,0.044541661731193,3
SLC17A4,0.04454089344146898,3
PACC1,0.04442962772415179,3
RPL19-PS7,0.04410284468978784,3
HAVCR1,0.044065427536252054,3
4933407L21RIK,0.04398101620653175,3
ZSCAN4F,0.0439188237590043,2
TOR2A,0.04391828516632416,3
CBL,0.0439137135486004,3
LCTL,0.043873372594871375,3
ALDH16A1,0.04369521213941049,3
DLAT,0.04366119131136551,3
NCOA7,0.043619702607362955,3
ELMOD2,0.04360663279002383,3
ARL4C,0.043598214971607686,3
PARG,0.04342595639049988,3
LRP12,0.04338287752007649,3
HMGA1B,0.043366331519691825,3
RUNX3,0.04332939017141461,3
RPS18-PS6,0.04327779700152142,3
XRCC4,0.04317726690295187,3
ITGB5,0.043146311349924506,3
CFAP96,0.04302219311027317,3
SH3RF3,0.04294794163926537,3
GART,0.042931033717250676,3
PIGS,0.04290410187209951,3
1700022N22RIK,0.0428149981677182,3
TANGO2,0.04270087249023197,3
B4GALT6,0.04268217654226506,3
TLE1,0.04266218017128668,3
SCART1,0.04256763578809675,3
BCL2L12,0.042428628524792865,3
KRT19,0.04242026252093909,3
ANKRD54,0.04232256208450136,3
OSBPL5,0.04227723635172498,3
SHANK1,0.04225792174494917,3
D430020J02RIK,0.0421996932988258,3
0610009E02RIK,0.042194431438452314,3
GM5451,0.042185265731387846,3
RDH7,0.042072800322578374,2
TBL1XR1,0.041996248451241926,3
TLE2,0.04171542893919339,3
PTRHD1,0.04170139128730055,3
STK11IP,0.04165173480239529,3
GRM4,0.041592875151776315,3
GUCY1A2,0.041564710089725766,3
RIBC1,0.041491756329373075,3
DAO,0.04148604129476948,3
COQ8A,0.04148355413658226,3
CDNF,0.04138396665950846,3
KLRC3,0.04135616062016656,2
ELFN1,0.041103043112603266,2
1700088E04RIK,0.041101113116126166,3
EIF2B3,0.04105121934561921,3
PWWP4-PS,0.04102847731680816,2
ZBTB8B,0.04100629014149989,3
TRBV5,0.04098605812158351,3
AOX2,0.04095114675312994,3
FRMPD2,0.04093324187833308,2
2310043M15RIK,0.04084761131576045,2
MOGAT2,0.04082224389510719,2
RAB8B,0.040804632583942256,3
ADORA2B,0.04069121372153597,3
FBXW8,0.04067530792576849,3
CNGB1,0.04058272795006183,3
CLK2,0.040525843034543395,3
RNF225,0.0404507811523551,3
TNIP1,0.040365853376719725,3
PSME2,0.04033900730727286,3
CD109,0.04018665934443384,3
GM38414,0.040151446272954416,2
NOCT,0.03995139696791298,3
SETMAR,0.03981552247124901,3
IMPDH2-PS,0.03973899782332796,3
PPP1R3A,0.039720796574128,2
IL22,0.039713070391582284,2
SLC38A9,0.039587963601362484,3
KCNQ1OT1,0.03957810915761565,3
MTUS2,0.03946308990048005,3
CLDN2,0.03940924714498447,3
COA8,0.0393682055431945,3
KCNQ5,0.039334028292563196,3
ASTN1,0.039328338879079355,2
ACBD6,0.039279750563417704,3
MAPK6,0.03908000306556749,3
PALS2,0.03907178392490812,3
GYPC,0.038993653851401446,3
WDR43,0.0388392421241666,3
TRAPPC5,0.0387417482693484,3
NUP58,0.03872571158040472,3
SURF6,0.03849208697437297,3
P2RX6,0.03848961337326757,3
ASCL2,0.03842351227079042,3
EI24,0.03823630510488233,3
IRAK1,0.03821074479400292,3
SDR16C6,0.03818926498495629,3
PIGL,0.03808285827626164,3
KDM4B,0.03788767257969328,3
CHCT1,0.03784629161070654,2
1700042O10RIK,0.037789875498345005,2
TSTD2,0.037665873735995704,3
RALGPS2,0.03736652096693286,3
TIGD5,0.03717913730355216,3
DNAJB12,0.03717001318179062,3
MAFF,0.037129411388945245,3
TBL3,0.03707779298887093,3
FBLN5,0.03685975586570441,3
RAPGEF5,0.03677031856628149,3
PCDH9,0.036654043063089496,3
FRS2,0.036624229656181805,3
FKTN,0.03616328494213069,3
NOP2,0.03613786248838865,3
SLC29A3,0.03612845419673077,3
LRRIQ1,0.036112573896767086,3
PCMTD1,0.036045643073213375,3
SELENOK-PS1,0.0360426099866488,3
H2AC11,0.035892622614652314,3
GM5436,0.03587307087319458,3
THEM7,0.03572526711062374,2
RAD17,0.03571906150470758,3
TBCE,0.035716159369939694,3
4833412C05RIK,0.03564053737324905,3
TRBV30,0.035629813283478196,3
GM26473,0.03556105602629846,2
CTDSPL,0.03545784702142396,3
PROZ,0.03545688639756619,3
NEIL1,0.035389970923958014,3
GM6974,0.03537005519907566,3
DAPL1,0.035341147262094065,3
CLEC4A1,0.0352964545709691,3
SPOPL,0.035245877316977224,3
NFKBIA,0.03515408531004242,3
RPUSD3,0.03513785339479395,3
POLR2I,0.035048994265159505,3
KDM3A,0.03493081740532128,3
IGKV6-17,0.034900877075963815,3
TUBB4B-PS1,0.03477600814517595,2
ZFP647,0.03473475544511186,3
2500002B13RIK,0.03469331052291491,3
RPL27-PS3,0.034544208317553636,3
NXT1,0.034516904624237475,3
AK157302,0.03441661100783556,3
RAB3GAP2,0.034312071964539836,3
SKIC2,0.034212620813729,3
ADGB,0.03419925395574088,3
HEATR1,0.0341802948721851,3
ASPSCR1,0.03417945360063168,3
EVL,0.034155489584294485,3
PHACTR4,0.03407580868999983,3
1810030O07RIK,0.03377877888471481,3
GM12020,0.033649931340865524,2
ADAMTS12,0.03359476870202727,3
CASP4,0.03356289392425523,3
KDM6B,0.03350085640265593,3
SELENOK,0.03350009717324689,3
SH3GLB2,0.033289669910078167,3
PWP1,0.0332741734415776,3
NCF2,0.033264991724368496,3
TTPAL,0.03325873212849818,3
FAM13A,0.03324198945415328,3
ZFP553,0.03323289646382251,3
MUP12,0.03317396604676854,2
PLPP7,0.03314585508258476,3
E030030I06RIK,0.033127859792067595,3
TTC19,0.03306449381444845,3
EEPD1,0.03298718121181373,3
ERI3,0.032954605748661346,3
BTN2A2,0.03291194410764514,2
GM54215,0.032882220781673945,3
FUZ,0.03282276752297797,3
CALCOCO1,0.0328130665980351,3
TBCC,0.03280156539601634,3
SLC11A1,0.03274226628817941,3
EXOC4,0.03272091566049101,3
FOXN4,0.032707533360160995,2
GM57858,0.03270512698246615,2
ZC3H4,0.032609008571767496,3
LIPC,0.03260205543129332,3
SAMD11,0.032583914639581636,3
HSP90B1,0.03247545431353579,3
FAM178B,0.03244388078671847,3
NXPE4,0.03242677945525189,3
RFX5,0.03226450894953351,3
SPTB,0.032234488635416884,3
GM5851,0.0321640775016358,2
ANO2,0.032141558740925114,2
BCL2A1C,0.03207377753921714,2
R74862,0.0320383015768921,3
KCNQ2,0.03201793326160699,3
RPS29,0.03200121554823987,3
PIK3R5,0.03182856784700245,3
MM2PR,0.03169528304106287,3
GLCE,0.031657591295192786,3
NDOR1,0.031638327126953386,3
OSTC,0.03162569602998259,3
MLEC,0.03160507324976706,3
NLRX1,0.031550730237938605,3
FBXO10,0.03139461619206101,3
EPHB3,0.031389805273259276,3
AOC2,0.03136071613673421,3
PRPF4B,0.03129017194154127,3
G730013B05RIK,0.031206883202018698,3
GM6443,0.031157661413408623,2
PLXNA2,0.031135920711293386,3
GM13665,0.031027457471655945,2
CFAP54,0.03099613172877282,3
DEDD2,0.03099164023080601,3
SERPINB9B,0.030961416494425836,3
TAL2,0.030854555497892285,3
THOC2,0.030805208066346863,3
PDGFB,0.03080316080360057,3
ADCY8,0.030768986987882663,2
DMAC2,0.030760414059596824,3
LOXL2,0.030743266896096966,3
RNF2,0.030710538340095444,3
APLN,0.030660419254829874,3
MSH3,0.030471152614592822,3
PDCD1,0.030403986711241504,3
METRNL,0.030398839619959744,3
ATP8B4,0.030332135721756952,3
CCDC28A,0.03022730116992606,3
FBXL3,0.030223737782881788,3
SP110-PS2,0.030094757730465393,3
MAST2,0.030060948629998443,3
GM12500,0.03003613718395565,3
ODF2,0.029893920738933776,3
GM25517,0.02968858129897589,3
FLICR,0.029455026498483302,3
FOXN1,0.029110032274854435,3
ESP8,0.029021040974906598,2
GM5150,0.029006200985260775,3
H2BC14,0.02897688487035414,3
CARM1,0.028976367152854607,3
GPRC5B,0.028971765784560916,3
MYHAS,0.028937947956231475,2
OVOL1,0.028904905795417237,3
SNORD49B,0.028827483728221526,2
TTC7,0.028804736714482044,3
MUC5AC,0.028799508687947672,2
BRD7,0.028795909592411795,3
DDX55,0.028770420186811713,3
TINAG,0.028692894422569004,3
PAF1,0.02867126547361361,3
ZFP369,0.028647796889537603,3
TUSC2,0.028614285279166762,3
INTS13,0.028543749458580025,3
DYNLT2A1,0.028402276317139596,2
CLCC1,0.028241671896859184,3
SNX33,0.028172032111555317,3
TMEM135,0.027953788016076658,3
GCM2,0.02793883531149796,3
TAS2R135,0.02791594863189964,2
AIRN,0.0279013549885929,3
GM7935,0.02787920907030597,2
SLC18A2,0.02784143756959871,3
STK32B,0.027785978548655277,2
NAA10,0.027730484895046814,3
PRPF4,0.027657656728145557,3
CPEB1,0.027556833054961122,3
IL6,0.027556165132457396,3
CFAP298,0.027470000022907632,3
STAU2,0.027464790021328105,3
RALBP1,0.027394670121196816,3
CD5,0.027221058182332374,3
RICTOR,0.027219676867439608,3
RBM38,0.02708628533839558,3
DHX15,0.027047834207816868,3
MARF1,0.02697882855769551,3
ATXN7L1OS2,0.026974127661347103,2
DARS1,0.026939523593144846,3
ASDURF,0.02689586788825919,3
OTUB1,0.02678384899033522,3
ADRA2A,0.026753152214643788,3
NHLRC3,0.026593114875340884,3
LGALS12,0.026497389061281646,3
NACAD,0.02648722215419147,2
PLEKHG2,0.02648233856724645,3
PRSS29,0.02647161564720694,3
SOX4,0.026411712136548842,3
NEFM,0.026351420283508564,3
RIMBP3,0.02613241907133794,3
GM3671,0.025947183477591007,2
GSTP3,0.025917411511475714,3
BC037704,0.025830054087114324,3
PSMB3,0.025798629442346677,3
DHRS2,0.025679166600776893,2
PPP1R36DN,0.02564361425161867,3
SOCS2,0.025531878826957993,3
GM21451,0.025513471986612968,2
H1F10,0.025481509781024442,3
ANKS3,0.025165552174557276,3
NEK10,0.025160551102211715,2
TTC8,0.025151756469466952,3
RPL7A,0.025122122860610663,3
GTF3C6,0.025115736284572754,3
CRYBG1,0.025090605948044464,3
TMCC3,0.025079919778103577,3
SFR1,0.024951607807155385,3
CHST9,0.024943478668953536,2
TNFSF11,0.024776233689928946,3
AGR2,0.024770414215420436,3
FAM216A,0.024734065078472672,3
EPX,0.024708339901954424,2
DUS2,0.024620074503440132,3
GALNS,0.024517566535181223,3
TRIM41,0.02451106933974556,3
FBXL21,0.024461716666185573,3
GM15013,0.024426851747037938,2
DUSP4,0.024426436110310628,3
ATG14,0.024413800883289982,3
PHF2,0.024316044247905788,3
NOTCH3,0.02431586054352804,3
TRAPPC6A,0.024234870561388417,3
NAT8F1,0.024172314722946526,3
2410004P03RIK,0.02414720918473834,3
CHST3,0.024144160119589458,3
YBX3,0.024121917656724,3
ADGRF4,0.023896934709604255,2
GM13882,0.023847803418700263,2
GCN1,0.023689351914938594,3
VPS25,0.023593386893348,3
UBAC1,0.023542539437135246,3
PPARD|1810013A23RIK,0.023514785581732856,3
PI4K2B,0.023413727528998396,3
M1AP,0.02339705096524815,3
SNHG10,0.02336906928558613,3
ELL3,0.023078032412167566,3
GNL3L,0.023041684670699447,3
GCFC2,0.022938908415634656,3
9130213A22RIK,0.022737718590242373,3
A930033H14RIK,0.022593295701746757,3
EML1,0.02258864575241735,3
TRPC3,0.022529212795345272,3
SERTAD3,0.022481340770427516,3
PSMC3,0.022475955977487194,3
ZFP322A,0.022339348711674534,3
VPS13B,0.022254133381045167,3
TMEM95,0.022195403528841584,2
PLK3,0.022137081984961022,3
TTC41,0.022122161770778376,3
SLC38A6,0.022054592446802208,3
CFAP77,0.02204934175121731,3
IGF2BP2,0.021881848527354236,3
HRH2,0.021749085379127318,3
GM9968,0.021634397851877513,2
RPS10-PS1,0.02153553920628785,3
ISOC1,0.021514612573673448,3
GM8173,0.02145008877557486,2
PLP2,0.02142143766941995,3
KICS2,0.021335479228121956,3
ADAM8,0.021304471719948315,3
GM3636,0.021290598702944547,3
PGPEP1L,0.021239350223524144,3
CPTP,0.02118698122668561,3
CYP27B1,0.021176799023794712,2
GCSH,0.021118470167832627,3
KDELR3,0.021068613786406492,3
RPSA-PS4,0.021060319008184995,2
AKR1C19,0.020900988658837234,3
PLPPR4,0.020836891633222148,3
RPAP1,0.020797921893679017,3
CCND1,0.020790121281660617,3
FUBP1,0.020714999919720745,3
SLC35F5,0.020679176566998653,3
FNIP2,0.020662562431604286,3
RUSF1,0.020656999468334547,3
NEIL2,0.02063379482411461,3
BTG3,0.02056942397410198,3
SHPRH,0.020438725511507938,3
FAM110A,0.02037058591754559,3
SP1,0.020368400385903967,3
1810053B23RIK,0.020349715917011107,3
TTLL3,0.02030393442840413,3
GM29483,0.020238782207876355,3
HRG,0.020175494771052904,2
IFI27,0.020042726055790272,3
SRRM3,0.0200383737922277,2
GSTA4,0.02001131359400719,3
KEAP1,0.01998379995153884,3
PSKH1,0.01996758341027823,3
GM15328,0.019956532863597,2
PLEKHG4,0.019909813633913934,2
CFAP69,0.019712036838808972,3
ANKRD26,0.019617784100725327,3
AGBL2,0.01960609199166972,3
POLR3F,0.019516888544207783,3
FAR1,0.01937627566357795,3
IRS1,0.01931606082675802,3
C130046K22RIK,0.019230328058329582,3
FGR,0.019170097251425895,3
SETD2,0.01910874369033544,3
ARL2BP,0.019079797697709826,3
GCHFR,0.018832749800585247,3
DPF1,0.018828177768353008,3
RGCC,0.018765789862388683,3
CYP26A1,0.018760661980380806,3
9230117E06RIK,0.018599319046025416,2
GM22767,0.018595280754951538,2
DPP9,0.018563688550092827,3
PODNL1,0.01853322599862554,3
3830408C21RIK,0.018437996404703488,3
MBTD1,0.018243832196618032,3
CTBP1,0.01810218334772895,3
TMEM158,0.017996439524291873,3
STXBP2,0.017993778053747505,3
RAB5A,0.017529090342187748,3
DPM2,0.017441745829209765,3
HSPE1-RS1,0.01741492734619989,3
GM11914,0.017384224297153732,3
TUSC3,0.01734195584072147,3
CTSW,0.01732096402979218,3
MDK,0.017302912661197368,3
CNTFR,0.017288258776872917,3
PPP1R3C,0.01723457436537081,3
MARVELD2,0.01714124678404085,3
GM3625,0.01713829842820162,3
PYROXD1,0.017036723735942227,3
BTBD2,0.016992671723149073,3
UTP20,0.01687813049167967,3
GM2710,0.01682984940661836,3
PDLIM3,0.01673544039558385,3
ZFP945,0.01666382683983647,3
GM19238,0.016608392371896773,3
DTHD1,0.016588565721402437,2
ZYX,0.016429081436400872,3
APCS,0.01625598301088435,2
SHROOM1,0.016186235363791223,3
TAF6,0.016146992072029926,3
KAT14,0.016103687092714813,3
TRAV4-4-DV10,0.01607176226726705,3
DVL2,0.016036523326129964,3
APOL7B,0.01600355862053926,3
CGRRF1,0.015979026124341694,3
USP36,0.01593403217792459,3
RPS8|GM15501,0.015896179732797815,3
PABPC4,0.015843253603978685,3
GM12978,0.015781236346552485,2
GM6218,0.01577062330800068,3
IGHV2-2,0.0156224806453088,2
CCR7,0.015557313900329254,3
ARHGAP45,0.015424838904313601,3
SNED1,0.015355990809125563,3
ETV4,0.015302491938780444,2
IL13,0.015211664975138975,3
N4BP3,0.015162050757700682,3
CUTA,0.015155990366390334,3
FOXJ1,0.015148065331353766,3
GM11839,0.015060197899131452,3
4933427E11RIK,0.015055326098867358,3
SMG5,0.015011881486953546,3
SKIDA1,0.014999328864500616,3
GPR25,0.014979792679302883,3
RNF208,0.014918700522939476,2
GM12251,0.01475249247417689,3
DUS3L,0.014745702934653196,3
NRG1,0.014719477980543441,3
LRRC71,0.01465673397617249,3
ARID5A,0.014636117457234718,3
RPS15A-PS5,0.014631495266635838,3
TRPC2,0.014570291717341421,2
MFAP2,0.014548951854736,3
RPS8-PS3,0.01453779657439696,2
SYCP3,0.014522850286053823,2
GPR87,0.014496726813637747,3
TRP53,0.014492324580121596,3
GPSM2,0.014477243451223329,3
4930538E20RIK,0.014422594050097104,2
NHLH2,0.014384678429268605,3
GNMT,0.014266835751314414,3
NRDC,0.014260972456060209,3
IGKV4-80,0.014104821507926135,3
FDXACB1,0.013836702215008314,3
TNK1,0.013803424414880564,3
CASKIN2,0.013718547258653855,3
TBC1D32,0.013649444269777026,3
RNU12,0.013622684500379734,2
NLRC4,0.013604545468158239,3
ZIK1,0.01345659187623168,3
TRPC4AP,0.013314355534236247,3
SNX32,0.013303660274801196,3
PLS1,0.013199786985386411,3
CES2C,0.013177651803410092,3
CDS1,0.013156744569023493,3
MPZL3,0.013111154726297869,3
LRRC3,0.013076520063656514,3
4930550C14RIK,0.013044335113246245,3
HDAC5,0.013003633415814897,3
GM14150,0.012943102605072568,3
RAB15,0.012861894482879258,3
ZFP972,0.012755123522353343,3
IBA57,0.012606477083205355,3
CFI,0.012510218575327747,2
LSR,0.012342353846416442,3
PPIF,0.012134996852117089,3
CNTN1,0.012075228940642927,3
MOSPD2,0.012019772537607054,3
TSPAN31,0.011997813356860176,3
ETV3,0.011954258547270688,3
PBX2,0.01183460938076486,3
MFF,0.011784116760892934,3
LENG9,0.011761972348492042,3
AP1M1,0.011668704343382222,3
TNRC6B,0.011523099033359602,3
ST6GAL1,0.011483775607178134,3
BPIFA1,0.011342952110868701,3
MTG2,0.011328918063693738,3
4933430I17RIK,0.011318703716729495,3
RELB,0.011159973147884287,3
FHAD1,0.011111351285199857,3
RXYLT1,0.011048889921941604,3
NANOS1,0.010900743687513722,3
PEX6,0.010819928245286917,3
THAP2,0.010729966676834976,3
NALCN,0.01065272356663989,3
CPEB3,0.010620852416660628,3
ZFP711,0.010587943613163805,3
CAV3,0.01049098522080641,2
DPM3,0.010411940374980888,3
CFAP46,0.010383476946197123,2
CADM3,0.01024272016481668,3
GM14414,0.010212987312891636,2
CHADL,0.009964618569907898,3
GLB1,0.009949533515495323,3
EFNA5,0.009869780055015561,3
RPL15,0.009830580556708787,3
RNF167,0.009775812980927076,3
RAC1,0.009704869329389096,3
EMP2,0.009517477476611682,3
PLATR4,0.00948333222797516,2
TMEM51OS1,0.009458294754780697,3
MED13L,0.009451497168341816,3
NEK5,0.009351942768403976,3
RPL18,0.009282648717935901,3
RPS10,0.009240466842498721,3
TNRC6A,0.009224370617218444,3
LIPA,0.009192751029198457,3
2410017I17RIK,0.009158258748834728,3
MAP3K11,0.009104279146675553,3
TERC,0.009076481241101442,3
IFI202B,0.009046068038251883,3
UQCRFS1,0.009045737223802289,3
AIF1L,0.008998323654213913,3
BTAF1,0.00899400981203328,3
EIF3H,0.008954427828294845,3
RNF43,0.008937237978100568,3
RPS15A,0.008879602358027316,3
PIGW,0.008861018417761176,3
SNTG1,0.008816161495739272,3
CD19,0.00881561352290891,3
FHOD3,0.008669959386800596,3
USP27X,0.008642651202522464,3
ZFP296,0.008520412104045638,3
PAICS,0.008445300578510487,3
NHEJ1,0.008390328126472705,3
POM121L2,0.008370528595160187,2
RASSF7,0.008301289352397675,3
GM6392,0.008261808012876307,2
MRPL37,0.008183898078789414,3
ZFP354B,0.008174040418247283,3
PLEKHB2,0.008088123751624765,3
MRPS22,0.007932812255545393,3
SWI5,0.007878451407178874,3
PSMA2,0.007874281919934148,3
GM8784,0.007854283085266561,2
PKD1L1,0.007828702677355859,2
CMTR2,0.007827979425806505,3
5031439G07RIK,0.007636071673558768,3
NAA25,0.00759795357826402,3
RPL12,0.007491439754622187,3
CD244A,0.007370192496571781,3
LAMA5,0.007355760495742251,3
CYP2D10,0.007291620687940259,2
SFSWAP,0.007257262305492747,3
DSCAM,0.00718579942693363,3
MAOA,0.007157468373401847,3
GM5586,0.007134178554764221,3
LIMD2,0.007130552284471496,3
POC1A,0.007066159450150877,3
FAM168B,0.007039540199405225,3
CDK5RAP3,0.007012322762424176,3
GM13422,0.007004473271884762,3
SLC35F3,0.006993385503476196,3
NUDT16L1,0.006932818274662948,3
CNIH4,0.006924865388851176,3
CSTA2,0.006900943027033028,2
RPL21-PS7,0.0068472887259372756,2
RIOX1,0.006734217635116002,3
GM12519,0.006684107628092795,2
PPP4R1L-PS,0.0066718834458702565,3
SEH1L,0.0064581650365266585,3
SLC12A4,0.0064507302161089615,3
SPATS2L,0.006424848411861935,3
SNAPC5,0.006376609249748959,3
GOT2,0.006180475671895132,3
PCDHB14,0.006022550181780208,3
ERC1,0.006017447652136437,3
SPSB3,0.00598303962934769,3
LYZL4,0.005868538477223989,3
BACH1,0.005772208570437513,3
DNAJC3,0.005724701727422896,3
NOLC1,0.005708596956263172,3
NEUROG3,0.005676624482800902,2
LCMT2,0.005657893363031075,3
TMED4,0.005656997274915272,3
TEC,0.005629362815158023,3
OFD1,0.005566403466669046,3
RET,0.005550742832418687,3
ENAH,0.005518707280752322,3
ILVBL,0.005471643290197036,3
RCSD1,0.005441991735141742,3
SLC6A19,0.005363173706424362,3
2310043L19RIK,0.005295589991428096,2
DIAPH2,0.005273042314400733,3
GSTP2,0.005185844519371059,3
GM31645,0.005183100880363852,3
SPRYD7,0.005148323253781599,3
SAMD3,0.00514088386945219,3
ATF2,0.005114458327580211,3
ZMAT1,0.0050550276819328515,3
TRAV7-5,0.0050067533393925905,3
HS6ST1,0.00493600736173494,3
GM6266,0.004930693655832485,3
PCDH15,0.0049275089103141085,3
GBP6,0.004860913387310113,3
GM16202,0.004825128083352707,3
CCDC187,0.004824171777747317,3
XYLB,0.004735801330931423,3
RUSC1,0.004699162476323533,3
ACTR3-PS,0.004689294802033256,3
SFT2D2,0.004686953133635337,3
CNKSR2,0.004575095230199704,2
XIRP1,0.004546374858206266,3
ARID5B,0.004533988314334565,3
AMY1,0.0045237067598649415,3
TLCD2,0.004459428339152323,3
VPS51,0.004342375396386248,3
GM34882,0.004327129410003967,2
ZFP710,0.004273460207080008,3
ZFP991,0.004178334011158746,3
CUEDC2,0.004130088522818672,3
LMBRD2,0.004071061586175502,3
TTR,0.004013343789006796,3
TIGD2,0.003999565990872145,3
NRBF2,0.003965332577091048,3
CCR6,0.003936977647297835,3
FBXL17,0.003888929090306211,3
UBA7,0.0038710973551499737,3
COL20A1,0.003818405400034442,3
PPP1R16A,0.003765264365091244,3
P3H4,0.0037552848704027753,3
GM10619,0.003455718066080221,2
POM121,0.0034314544373692524,3
TREML2,0.00340618895891473,3
GM13889,0.0033724664109605986,3
GM10290,0.0033045026781336334,2
HELZ2,0.0032607092054495377,3
RARS1,0.0032322561274342374,3
CDC14A,0.0032058022046404697,3
RPL37RT,0.0031950604832767424,3
PRDM16OS,0.003142294683945168,2
PRIMPOL,0.0031143441717474407,3
CDSN,0.0029434568508918415,3
SMARCAD1,0.0029235183041301425,3
ERC2,0.0028999951129065477,3
SLC25A29,0.0028910138254807003,3
VCP,0.0027996009327651006,3
UNKL,0.0027870393959372,3
CDC42,0.002731844090839856,3
SNX13,0.0026860984415583524,3
GM9794,0.002577384917161677,3
SAMD10,0.00252018304364184,3
PRKACB,0.002513354622221131,3
MUC15,0.002273165207479296,3
PSTPIP2,0.0021066151623229112,3
PRR29,0.0018355101452906346,3
GPALPP1,0.0018134799126133434,3
RPLP0,0.0017828467020513845,3
NDFIP2,0.0017364369767354226,3
PRDM11,0.001658426656740597,3
ABR,0.0016188883760172763,3
TEX11,0.0015467396327001014,3
PIGM,0.0014835526883083539,3
GM42209,0.0014275548096989905,3
GM18943,0.0013846191791576274,3
PTPN5,0.0012898358951724809,3
MPRIP,0.0012479326941761497,3
IL27,0.0010826534477974177,3
ZFP281,0.001059778467331259,3
TMEM39B,0.001033129648363403,3
OOSP2,0.0010294511959974724,2
LCP1,0.0008276006099547928,3
POU5F1,0.0008080854145024833,3
TMEM191,0.0007935381780181568,3
IRF6,0.0006671746232605283,3
ITSN1,0.0006645698838892063,3
GM7498,0.0006171871145056462,2
TRIM5,0.0005430458352586968,3
RTF1,0.0005107691978194681,3
GM15549,0.00045884290330737665,3
AGTR1A,0.00045264954607451835,3
ALDH2,0.0004432465149589356,3
SEPTIN6,0.0004366068414975999,3
EMSY,0.0003308993177097245,3
ELP6,0.00032279709653959543,3
ZDHHC2,0.00028029625977890604,3
LIF,0.00024328198553658087,3
RELT,0.00022551019607817505,3
RTTN,0.00017455823706580276,3
ELAVL4,-0.00040298074136002615,2
DNAL1,-0.0004768299247265295,3
RPS19-PS1,-0.0004821775923677755,3
RPS19-PS2,-0.0004821775923677755,3
PAPPA2,-0.0005211956798342743,2
GM51802,-0.0006663981869926006,2
WTAP,-0.0007698673688064697,3
RNASET2B,-0.0008021052487927616,3
TLR11,-0.0008481535318924186,3
CAMK4,-0.0008585110321171855,3
SHARPIN,-0.0009143006626240272,3
LGALS8,-0.000982068417489786,3
GM10076,-0.0010199236645301497,3
LRRC24,-0.001051527410102689,3
GM10240,-0.0010755679425810821,2
GM13370,-0.0010755679425810821,2
PTP4A3,-0.0010792767421066163,3
SERPINB1A,-0.001289849162373809,3
THRSP,-0.0013202362126761291,3
DEGS1L,-0.001384000596639956,2
GSTM3,-0.0013877757833538592,3
RC3H1,-0.0015619127302839801,3
SMIM19,-0.0016200967722789599,3
PAX7,-0.0016261485069961983,3
CD1D2,-0.0016516579539247085,3
TAPBP,-0.0018964332381142441,3
NPRL3,-0.001978441105179335,3
CMC1,-0.0019866254275419473,3
GM10612,-0.0020660814849354967,3
RANBP3L,-0.0020710259871905925,3
GM32633,-0.002087985795125961,3
GHR,-0.002132517993140289,3
DPF2,-0.0021480512747322766,3
PIGF,-0.002202452304615826,3
DPP3,-0.002252501476310139,3
KCNQ4,-0.0023461114222970147,2
VPS13A,-0.0027620282867638255,3
CTIF,-0.002804848402215602,3
RNF19A,-0.0028765406124566795,3
TRAV12-2,-0.0029579812041634623,3
TEX22,-0.0029770577221841666,2
KRT20,-0.003207642315395572,3
SNX4,-0.00321930810994675,3
CLASRP,-0.0032536565197478495,3
PYCR3,-0.0036366704123161155,3
PIRT,-0.0037370201343444667,2
RPS27L,-0.0037564945657631763,3
TASL,-0.0037786704335286045,3
PAN3,-0.003914205896428953,3
TNN,-0.003924477094577129,3
ALOX12B,-0.003981084629783961,3
FLOT1,-0.0039907435945243375,3
LMX1A,-0.004077960673866232,2
TMEM168,-0.0040835738273325844,3
P2RX4,-0.0041863597891417985,3
GLO1,-0.004246141702236805,3
TRBV15,-0.004327820722322444,3
KCNIP3,-0.004398537837324153,3
GM10548,-0.004450895358061387,3
DENND6B,-0.004574985592635805,3
GSR,-0.004605563022911596,3
4930558J18RIK,-0.004637222416654467,3
4930512J16RIK,-0.004643538694881544,3
IGKV14-111,-0.004698591105172197,3
RIC8A,-0.004706482413709356,3
FCHO2,-0.004850119146599163,3
RPL21-PS6,-0.004926811632765991,3
1810006J02RIK,-0.005080924234335149,3
CHST8,-0.005146130030286525,3
GPX8,-0.005163247676415701,3
FAM240A,-0.005189456696577513,3
COL18A1,-0.005278487346199318,3
GM8730,-0.005290510176426048,3
CCDC158,-0.005298466694666014,3
LRP2BP,-0.005354313086505538,2
GPS2,-0.0054485038006199344,3
GM10814,-0.0055732863154685135,3
PGBD5,-0.00557749842222809,3
CBR3,-0.005624857834768238,3
LARGE2,-0.00570267224893765,3
FIP1L1,-0.0057914835800925895,3
OIP5OS1,-0.005899525499541013,3
TNFRSF4,-0.006086089733072231,3
GM3667,-0.0061489643562788006,3
CST5,-0.00623912624448153,2
TRAPPC2,-0.006281021180531143,3
SLC2A1,-0.006308732393462228,3
GM5292,-0.006382242179997832,2
PRAP1,-0.006489466191642516,3
SEC14L2,-0.006650242353011887,3
SRC,-0.006655527348294628,3
INTS3,-0.006655842587560097,3
USP53,-0.006771015632021611,3
REM2,-0.006899000244894794,2
RDH13,-0.007120084686055646,3
SLC5A1,-0.007173254186249085,3
PIP5K1C,-0.0072517029021116714,3
MMS19,-0.007386242514166419,3
MMP11,-0.007438229570798205,3
TRDMT1,-0.00750040744939932,3
RBCK1,-0.007607921701065084,3
SPATA1,-0.007736995699982467,3
ZMYND11,-0.007885735104338765,3
RXRB,-0.007982691175214477,3
RHOX4C,-0.00808234651184464,2
DNASE1L2,-0.008113229704979666,3
TDRD9,-0.008140664754338778,2
LOC118568354,-0.008141573172915334,3
GLS,-0.00819717525250511,3
LNCBATE1,-0.008243892153427685,3
A830019P07RIK,-0.008282030078530164,2
CYB5D1,-0.008347049261428596,3
GCSAM,-0.008383288594812799,3
CAR9,-0.008399146344880962,3
NR1D2,-0.008435706784155395,3
THAP6,-0.008492316037249106,2
ZSWIM4,-0.008529985719095171,3
TNFRSF19,-0.00869047577645593,3
KPNA2,-0.00872742229244968,3
COA7,-0.008774047341997068,3
GM17416,-0.008896931047675652,2
TRPV3,-0.00894228012396408,3
PARP12,-0.00897220802551991,3
ICE1,-0.009061789024337219,3
JAG2,-0.00906707035322111,3
IP6K3,-0.009075305951976509,3
FAM53C,-0.009085212673623555,3
ZBTB7B,-0.009128257582795193,3
CTBP2,-0.009171052251391773,3
OR13A21,-0.009269481215803455,2
MKKS,-0.009295311319863683,3
ALOXE3,-0.009301239569901887,3
A930006K02RIK,-0.00932909163111273,3
GATD1,-0.009350364274832193,3
OR7D10,-0.009363459258777596,3
ART2B,-0.009364923384358792,3
SETD1B,-0.009449304918478766,3
GSTO1,-0.009456883010521352,3
IGDCC4,-0.009726582399366412,3
DMTF1,-0.009992610250442771,3
TMPRSS9,-0.01001368648815612,2
PCDH11X,-0.01004562386870401,2
SLC5A8,-0.010055432779899584,3
KLHL6,-0.01008933163168733,3
GM8108,-0.010155526683529889,3
GM6189,-0.010171552894287283,3
LYSMD1,-0.01028158895022028,3
GM34157,-0.01029472221008522,2
PGM1,-0.010346230418529037,3
ADAMTS9,-0.010476132559029757,3
SLC25A11,-0.010483428205519951,3
GM24095,-0.01051824336077646,2
MAIP1,-0.010557840280563576,3
CCDC12,-0.010583688554916778,3
KIFC2,-0.010583927134787155,3
GATAD2A,-0.010720710607920273,3
FGF11,-0.010732963421113295,3
KRT80,-0.010766334652504752,3
CYM,-0.010934433984886175,3
LCE3C,-0.011078462600341205,2
GPR141,-0.011201734599077176,3
KIFC5B,-0.011291311365402365,3
TREX2,-0.011453685944295772,2
CYP4F14,-0.011513839204525311,2
TGFB2,-0.011561337832703652,3
NKIRAS1,-0.011570758918577284,3
SPEM1,-0.01160215611168006,2
RNF220,-0.011610160343527983,3
PDZD2,-0.011616657801645558,3
UBE2E1,-0.011681046841481043,3
XLR3A,-0.011739718634126817,3
SHISA2,-0.011797831324879807,3
PTPN13,-0.011837373309818192,3
CMIP,-0.011859046582943844,3
CCDC192,-0.011889142042466397,2
LNCPINT,-0.011944520062917205,3
HMGN2-PS,-0.01199068599282222,3
TGIF1,-0.011998772921581774,3
PTPRC,-0.012111300389067011,3
GALNT7,-0.012123580029662703,3
ANXA9,-0.012333830707301504,3
NOP9,-0.012340072026601942,3
VWA2,-0.01234516990059649,2
GM10644,-0.0124327459771798,3
SAMD14,-0.01252600754512595,3
RLIG1,-0.0125542107489413,3
ANKRD12,-0.012577627110164599,3
GM9776,-0.012595598589006987,3
TOMM40,-0.01260446623598784,3
ZFP618,-0.012738413990543948,3
NGDN,-0.012753733460203068,3
HMG20A,-0.012774787670636875,3
CCDC191,-0.012805845343998007,3
CD209E,-0.012806546200205429,3
DUSP11,-0.01282539217655942,3
GM42064,-0.012897614524178924,2
GM8556,-0.012917260672319839,3
CCDC106,-0.013015664980849884,3
ZFP408,-0.013037856919962176,3
INTU,-0.01309707594827142,3
CCHCR1,-0.013140360444301459,3
EXOC3L4,-0.013158324526703217,3
ARRDC3,-0.013347601372637316,3
ATP5F1D,-0.013424026415882938,3
KCNH1,-0.013549564853395646,3
SUPT20,-0.013568224626919386,3
TRPC1,-0.01370303505142408,3
ZKSCAN3,-0.013741696419668603,3
ZFP105,-0.013787796387796961,3
GM11476,-0.013861691545904054,2
ATP13A2,-0.013967750364835765,3
SHISA3,-0.013975473912449651,3
MTDH,-0.014082571680704184,3
IFIT1BL1,-0.014193343264861732,3
2810001A02RIK,-0.014205639968589368,3
CIITA,-0.014291381942361717,3
TUBGCP2,-0.014455262340480593,3
ALDH3A1,-0.014564031395956486,3
COL23A1,-0.014582635285363002,3
CCL7,-0.014619778075636488,3
CLCN6,-0.01472576702068488,3
B4GALNT4,-0.014869301675682206,2
SMIM7,-0.015079303522989992,3
DYNC2I2,-0.015108880405316586,3
EPB42,-0.015166010448266784,3
NBEAL2,-0.015191077390302935,3
C6,-0.015222526505600483,3
CTNNB1,-0.015333507293968577,3
UTP14A,-0.015335945303609896,3
WDR12,-0.015476455640442288,3
SIPA1,-0.015555188359121027,3
ARMC10,-0.0159303842340275,3
GM22634|GM23804|GM22317,-0.01595666613562429,2
SSH3,-0.015968303489897043,3
GM8885,-0.016011317766969294,2
OLIG1,-0.016068611248658635,3
TGM3,-0.016102463150733288,3
CDK15,-0.01611294385550216,3
OBSCN,-0.016162316703640062,3
GLT8D1,-0.016290127994775954,3
DYNC2H1,-0.016351485580681224,3
OR2H1B,-0.016719776243703133,2
OR1AD8,-0.016808019470258007,2
VTA1|GM57851,-0.016826304528734754,3
GM5425,-0.016839316458352516,2
HSP90AA1,-0.016909745084935108,3
ZDHHC20,-0.016922640575212606,3
FBXO8,-0.01692892328368704,3
WNK3,-0.0169594596839641,3
ZFP128,-0.016971847703132387,3
GM20522,-0.017013276113151732,3
PHYHIPL|D630013N20RIK,-0.017026763222487935,3
ZFP955A,-0.01703443421947748,3
PARTICL,-0.017049204414572333,3
LYPD1,-0.017125894495659193,3
GM26079,-0.017307144064441456,2
GM13680,-0.017322840239350323,3
ZFP512B,-0.017334768512114893,3
MRGPRG,-0.017528583332926142,3
SCRN2,-0.017625705399828735,3
ADRA1A,-0.01765691992477783,3
MOV10,-0.017787874543324877,3
GM7232,-0.01780354113708235,2
TRIM13,-0.017879103832345127,3
CADPS,-0.0178917969199411,3
TRBV29,-0.017943176079427265,3
DNAH6,-0.017947351585048843,3
EREG,-0.017955805404826344,2
TAP1,-0.018098013853760798,3
NEDD1,-0.018161970468752658,3
GM13689,-0.01816923540300237,3
FMN2,-0.01819186133181419,2
1700003M07RIK,-0.01830109649861326,3
METTL5,-0.018301897218298484,3
ZFP287,-0.018370813670659108,3
GM17546,-0.018422299045310786,3
ZBP1,-0.018457732771430146,3
GM7266,-0.018539545754545583,2
ASB14,-0.0186661738983524,2
PRKCSH,-0.018680978856678417,3
COPS7B,-0.01868578986054988,3
CTNNA3,-0.018776444762200657,3
ACTL10,-0.018818851110856252,2
ZNHIT2,-0.01889095351144084,3
NFATC1,-0.01890242199462529,3
EPC1,-0.01896202030289144,3
PLA1A,-0.01898589850214177,3
SNORA30,-0.019019231821951903,3
TSPEAR,-0.019251756719230018,2
ATP5MJ,-0.01926043411751079,3
DDX25,-0.01927887763282717,3
FOXA1,-0.01927987572319893,3
MSL3,-0.019316230444838173,3
FEZF1,-0.01934044783104888,2
FAM227A,-0.01936479749332798,3
ENSA,-0.01939763612674693,3
BEX3,-0.019442005593034217,3
MYO7B,-0.01951282842277577,2
POMT1,-0.019526666002517696,3
CREBRF,-0.019633824818943452,3
EFCAB8,-0.019669121031928093,3
OBP2A,-0.019849541866701587,3
GM6316,-0.019889073978938226,3
MUP11,-0.019893112149134702,2
ACTB,-0.01991392957721838,3
1810012K16RIK,-0.02000839330374778,3
GM11903,-0.020180031985608526,2
FMNL2,-0.0202441484901954,3
GM9961,-0.020269090475188406,2
MPV17,-0.02038219338716048,3
SNORD3B3,-0.020497978004011864,3
SPTBN2,-0.020653491156252052,3
ALDOA,-0.02070822798944631,3
PTGIR,-0.02073513841207142,3
YBEY,-0.02074075367661749,3
XCL1,-0.0207426654844229,3
NIP7,-0.020765349561006157,3
MRPL52,-0.020768671584955305,3
TACO1,-0.0207830579344829,3
GM32312,-0.02078988260705143,3
MKNK1,-0.020823864848255342,3
4930525G20RIK,-0.02092337535387138,3
PGPEP1,-0.02102662374128972,3
DCPS,-0.02106883618111466,3
SNORD3B2,-0.021119246741334242,3
GJB3,-0.021217552511524716,3
CD48,-0.021274562704514704,3
RPS8-PS5,-0.021316790370839094,3
SNX17,-0.021319880431697674,3
4930558K02RIK,-0.021337703330402108,2
FYB1,-0.02137036891006794,3
TRIM47,-0.021416181913478747,3
NTS,-0.02159726106528174,3
PRKAR1B,-0.021624845693290002,3
CDC42EP2,-0.021672394062581812,3
SLC8A2,-0.021692005541635306,2
4933434E20RIK,-0.021723981782085344,3
TIMD2,-0.021747017200844987,3
PARS2,-0.02194907253041552,3
LRRC49,-0.021997098148217802,3
GM11423,-0.022045886930238828,3
ABCD4,-0.022144389266956388,3
GRHL1,-0.02239607456010852,3
RDH11,-0.02240849285098596,3
CMTM8,-0.022478658496921173,3
BSPRY,-0.022512974437686444,3
BPNT1,-0.022527511809285,3
FETUB,-0.022531480984238277,3
VAV1,-0.022537147721149564,3
GM13378,-0.022541897983439085,3
HSPB9,-0.022563173819236556,3
CAVIN3,-0.022608159920095256,3
LHFPL1,-0.02268966994912173,3
TRMT44,-0.02275328174813988,3
STAM,-0.022896929153493322,3
MMP8,-0.02298544650737751,3
LANCL2,-0.02300303347467632,3
D5ERTD605E,-0.02301761709901721,3
SOCS6,-0.023166836125899492,3
CDK3,-0.023236269028612644,3
TOMT,-0.02327465447199502,3
RAB28,-0.023280156117217787,3
NAIP5,-0.023303765258946996,3
P2RX5,-0.023422040279517997,3
RNF26,-0.02356620787846886,3
SLC29A4,-0.023588787913543924,3
GM21814,-0.023758007307910296,3
4930486L24RIK,-0.023798150837841158,3
GM5939,-0.023876978487709435,2
PEPD,-0.023896110167202538,3
SNAP29,-0.0239501757848119,3
LSP1,-0.024086938593873047,3
GM5525,-0.02410302708542797,2
CORO1B,-0.024126133780117076,3
EPB41L4B,-0.024180860181426105,3
OSBPL10,-0.024314367900350898,3
GM39090,-0.02432647837607027,3
GM3222,-0.024393247304816106,3
PID1,-0.02441390410304985,3
CES1C,-0.024535451609923608,3
NAPSA,-0.02466181371369232,3
POLR1G,-0.02468166202532533,3
FAT2,-0.024705445865656633,3
DCAF5,-0.02475433271442318,3
MTMR1,-0.024756266568919938,3
METTL21E,-0.024795345070077142,2
UBR3,-0.0248566938229217,3
GM9083,-0.02489809285342491,2
IL23R,-0.0249345291770753,3
RPLP0-PS1,-0.024995355418905546,2
GM2546,-0.025031688358073307,3
ENDOD1,-0.025127871042975536,3
EPB41L3,-0.025127908669504873,3
GALNT18,-0.025150697774126967,3
GM12589,-0.025231778358583905,2
MCTP2,-0.02526657958227359,3
B230112J18RIK,-0.025276095366544987,2
PPP4R3B,-0.025387619555371572,3
2010308F09RIK,-0.025597117268739505,2
DDB1,-0.025605682141245367,3
ALX1,-0.025625890561992798,2
TRAF7,-0.025731591798791604,3
TMEM212,-0.025812790090438353,2
AOC1L2,-0.02588708396039099,2
VAT1,-0.02596747715981072,3
IGKV3-4,-0.02602765315656737,3
HDGF,-0.026039010592352103,3
CYP7B1,-0.02612272502331593,3
BRINP2,-0.02626902489931267,3
2210417A02RIK,-0.02642927595264785,2
UBALD2,-0.02650906019051824,3
ELFN2,-0.026522789157180576,3
ABCA12,-0.026574084052020663,2
UGT1A1,-0.026743737025005182,3
BRICD5,-0.02687897019921222,3
RPL9-PS6,-0.026976109627854128,3
NUDT3,-0.027168168644043155,3
SECISBP2L,-0.0272078394176735,3
SLC51A,-0.0272730625422181,3
PROSER1,-0.02741161041591426,3
GM5507,-0.027430934383474086,3
SPEER4B,-0.027498339450620447,2
CDKN1B,-0.027649280145671695,3
CCNC,-0.02765749238389359,3
TMEM253,-0.02775373050971534,3
SLC25A1,-0.02776755243990862,3
CNOT2,-0.027795490298581305,3
1700110C19RIK,-0.027820453797944216,3
NOTCH4,-0.027854903866820473,3
PRSS36,-0.02800765647019297,3
GCDH,-0.02810174443795697,3
PON2,-0.028161121134294625,3
HYKK,-0.028165599202209363,3
GM15381,-0.028297480232630387,2
RMND5A,-0.02830635634120508,3
NSUN2,-0.02833133073159738,3
MMRN1,-0.02838724933491915,3
PSMB6,-0.028435774916090912,3
4933433G08RIK,-0.028557778932485484,2
MTFR2,-0.028591738217048152,3
CEBPZ,-0.02863789128000212,3
ANAPC11,-0.029162756525995686,3
FGF23,-0.029228341469958508,2
EGR3,-0.029308381048187632,3
LIPG,-0.02951981874435668,3
VPS45,-0.029549125581628765,3
GM3411,-0.029677107432616347,2
CYTH2,-0.02987428647941141,3
CLCA4A,-0.02987490565552739,2
GM37339,-0.029901205335347153,2
ZFP574,-0.030038552722996714,3
6720483E21RIK,-0.03012461606508825,2
GM5086,-0.030193471426074092,3
FZD5,-0.03020833050016362,3
COTL1,-0.03032903841290736,3
YDJC,-0.030365561801997693,3
PLA2R1,-0.030511827324033892,3
SCAF1,-0.0307036789450247,3
ZMYM6,-0.030872855804207993,3
CALD1,-0.030936103023847417,3
OR8K24,-0.031019960120770962,2
KLF8,-0.03104783274972774,3
PGM2,-0.031174965397518167,3
FOS,-0.03129147869715195,3
TXNRD3,-0.03137552284996704,3
SERP2,-0.0314295903665724,3
IFRD2,-0.0315356797385506,3
STPG4,-0.03155165806665483,2
AHI1,-0.03167377387304282,3
GM6225,-0.03175170818055778,3
DCAF17,-0.03178446167058461,3
SMIM33,-0.03181923394511449,3
RIPOR2,-0.03185947911273138,3
KRT84,-0.03190183132027831,2
BCCIP,-0.03191578227288646,3
GM5854,-0.03193297210811859,2
GM5111,-0.0319527331502825,3
GM4900,-0.03200241691735614,2
PCP4,-0.032051660454661006,3
TMEM154,-0.032254456646710596,3
TMEM100,-0.032354887041094516,3
SNX11,-0.0323679180820754,3
OR5V1,-0.032414427680584855,3
SLC13A3,-0.03244573483672234,3
TM6SF1,-0.032580880314256024,3
GM17396,-0.032617276164779364,3
ANAPC10,-0.03273731660454854,3
ARSG,-0.03279239764949793,3
TMCC1,-0.033008713880248806,3
VGLL1,-0.03303160113975211,2
APOA1,-0.033070312540189016,3
GM23444,-0.033092351520965235,3
SHFL,-0.03315482466959411,3
RASIP1,-0.033266017159636764,3
ZBTB2,-0.033273184349717926,3
CDK5,-0.03328889458707707,3
GM10584,-0.03341532410225371,3
AMER1,-0.03342581998773976,3
TRADD,-0.03349592695957148,3
ZBTB26,-0.033515883846547766,3
ADAMTSL4,-0.03362652883322448,3
UNC45A,-0.033651228722088,3
CEACAM10,-0.03372732852114784,3
GM33619,-0.033790830862680615,3
ZFP518A,-0.03411103488138142,3
PEX12,-0.034129916777507534,3
CEP131,-0.03421085146716224,3
UBE2QL1,-0.03422802487326778,3
FN1,-0.03431252216038768,3
GSTCD,-0.03435835195087586,3
SLFNL1,-0.03443785561547455,2
MCRS1,-0.03449228532643186,3
GM1123,-0.03453039556926292,2
HTR5B,-0.03471173323480722,2
WDR11,-0.03472150905512208,3
PHOSPHO2,-0.034836123096592335,3
WDR37,-0.0348903692593315,3
IBSP,-0.034984594087554596,2
GM12543,-0.0351019460986415,3
GM7389,-0.03510436347751894,2
POMP,-0.03521933955240882,3
ZFP449,-0.035306880562408056,3
GM25541,-0.03541150834561385,2
CCND2,-0.03548166442319941,3
SLC25A5,-0.0354960587494341,3
PRMT2,-0.035551665585984105,3
ZFP266,-0.03555487478214211,3
GM4815,-0.035558009621811396,2
CLCN1,-0.03569510957924119,3
RPL23,-0.03572144313345057,3
ABHD13,-0.035933066799302894,3
BCDIN3D,-0.03603745903860197,3
MINAR1,-0.03639214130558233,3
TRIM12A,-0.036392476215686344,3
RAB37,-0.036494944119795036,3
NTN5,-0.03650691421943599,3
GM9616,-0.03652146061483652,3
CFAP47,-0.03655116195225363,3
PCP2,-0.03664885826804695,2
PARP14,-0.036692124576727624,3
AKR1C21,-0.03670070640667461,2
CLASP1,-0.0367162582745974,3
B3GNT6,-0.036919648196636505,3
CPLX2,-0.03718069302509731,3
ANGPTL7,-0.03731400666520495,3
CDK5RAP2,-0.03733516300658941,3
JAZF1,-0.037502194215044415,3
POLH,-0.03758030431141765,3
FAM110B,-0.0376187458191919,3
MYL2,-0.037684122017749136,2
GM43868,-0.0377088692374307,3
MTTP,-0.037764955776585674,3
BRME1,-0.0377815418554576,3
MYH2,-0.03782285075884686,3
OR6B13,-0.037824530176674885,3
DLEU2,-0.03785034735576424,3
IGKV7-33,-0.03786482932494425,3
CHSY3,-0.03787677029666218,3
FBXW9,-0.037891610078325616,3
HBB-Y,-0.03790480502884622,3
DIPK1A,-0.03797309721731715,3
MRPS16,-0.037974450413010764,3
ZSCAN2,-0.03802016412061067,3
APOBEC3,-0.03808366710884389,3
PODXL2,-0.03812981812956836,3
H2BC3,-0.03825119668731173,3
SERPINB3C,-0.038389087154739814,3
GSE1,-0.03841826583852437,3
FGD1,-0.03846103740664616,3
ANXA4,-0.038491318351836425,3
MFSD14B,-0.038555245781641045,3
RPS23-PS2,-0.03870253472239495,3
CACNB3,-0.03875566861890861,3
RPS6KL1,-0.03885102811865071,3
PDE3A,-0.03885990101794471,3
SCNN1G,-0.03902890631667616,3
AKR1C13,-0.03908009576787208,3
LMNTD2,-0.0391214751158934,3
CBX4,-0.03936588071011665,3
ZFP52,-0.039425220292676144,3
SNAPC2,-0.039519960362613925,3
PRPF31,-0.03957825552321248,3
REV3L,-0.03971533586710311,3
OGA,-0.039854339598826304,3
ANXA2R2,-0.039855749175836,2
GM26202,-0.03992135074098849,2
ZMIZ2,-0.03995764239954556,3
MUG1,-0.039977066238870644,3
GM973,-0.039977847929687484,3
IGSF21,-0.0399937884499299,3
SYNPO,-0.04001870519181657,3
ZBTB17,-0.04038209517846839,3
CDCP3,-0.040402889724092894,2
POLR2H,-0.0405179499819269,3
CHST15,-0.04061195475840316,3
TRAPPC6B,-0.04072427789180677,3
ZFPM1,-0.04082814415514845,3
CBLN1,-0.040917651374156566,2
DLL3,-0.04100407777774199,3
RSL1D1,-0.041069365148422944,3
ZUP1,-0.0410842188245959,3
AGPS,-0.041145818783126696,3
AI504432,-0.041172994788150584,3
ZBTB8OS,-0.041262826432891066,3
LRAT,-0.041271749023127254,3
ACOT8,-0.041289694113184484,3
CPNE8,-0.041357541346101916,3
SNRNP70,-0.04161758496633413,3
R3HDM1,-0.04173751729327776,3
GM29719,-0.0418022405900851,3
ZFP345,-0.04184139278755468,2
CATSPERE2,-0.04211300265687748,3
NME3,-0.04220727806704929,3
REL,-0.04220817987976799,3
CRYBB2,-0.04221010478194392,2
KYNU,-0.04222002935229657,3
SERPINA3G,-0.04222240052133911,3
ZFP781,-0.04231854966142177,3
ASTE1,-0.04247640022163666,3
9330133O14RIK,-0.04260226222928052,3
GM12537,-0.04260875241603998,2
GM10250,-0.042652433539336065,3
SCN1A,-0.04266913089304284,3
FAM120A,-0.042684785933604585,3
GPAA1,-0.0427232962969357,3
TULP2,-0.04287440977844185,3
GM14633,-0.043023269395332596,3
OR55B3,-0.04312826390496627,2
NUBP2,-0.04315394850927814,3
CNN1,-0.04315732145952186,3
BAIAP2L2,-0.0432439612430335,3
CABYR,-0.0433087641373443,3
ZFP786,-0.04331356091413422,3
DXO,-0.04345594344336575,3
PPT2,-0.04346012929953454,3
GM7502,-0.04349295173483675,2
D730003I15RIK,-0.04352757811760751,3
SENP7,-0.043529941803500526,3
GFOD2,-0.043603672883246215,3
LAO1,-0.04372752300370014,2
CCNT2,-0.04375293328360378,3
FBXO9,-0.04379940597926083,3
NUCB1,-0.0438474318324679,3
CD8A,-0.04384958412928149,3
FAM237B,-0.04388834137976011,3
CYP2D26,-0.043937966701185806,3
RPTOR,-0.044092873388372616,3
NUDT16,-0.044127549763845884,3
EBF4,-0.04414386131179193,2
ZFP953,-0.04419476492724953,3
PCDHGC5,-0.04421796639585133,3
PICK1,-0.044316663786398376,3
SLC35D1,-0.04432254240945352,3
GM2614,-0.04440339103179308,3
MRLN,-0.04443206403518955,2
FGF15,-0.04443826640596523,2
HGS,-0.04445559483708909,3
TPD52L1,-0.044475850673173195,3
ARHGAP18,-0.04448582135163254,3
TERF2IP,-0.04449944722503249,3
MGST2,-0.04453124193332395,3
CACNA2D4,-0.04456960408940854,3
TBC1D17,-0.04469150833444339,3
USP9X,-0.04477114686963981,3
GM24407,-0.04487172633902401,3
CFAP157,-0.04502504848090949,3
SLC25A37,-0.045107463912219835,3
RPL35A,-0.04510905035965651,3
GM26782,-0.04513727370685775,3
CLCN5,-0.04521904306959401,3
NUS1,-0.04524032435744189,3
NUP98,-0.0452597043898109,3
SKINT7,-0.04539987523756631,3
RTCA,-0.04547693669465691,3
SIAH3,-0.04557234432504831,2
RIPPLY3,-0.045577924916789435,3
SBNO1,-0.0457750282118727,3
TRPV4,-0.0458309472052875,3
MPO,-0.045959896909124553,3
MIF,-0.045969502430451094,3
B9D2,-0.04605710163084472,3
PCDHB17,-0.04605925650818105,3
RRP12,-0.04619569706551594,3
DNAH12,-0.0462562087594471,3
RPL13A,-0.046365781318220924,3
TMEM8B,-0.04655480752393385,3
PALM,-0.04664285192039667,3
TSNAX,-0.04664977675869638,3
NEXMIF,-0.04669111335213064,3
KHNYN,-0.046790905921185864,3
CATSPERD,-0.04690443364680611,3
CEMIP,-0.04692723278963065,3
STAT4,-0.04702094734575909,3
GM22357,-0.047106978581244796,2
GM12411,-0.04724862261695426,3
WEE1,-0.047453515536792036,3
AOX3,-0.04750913171267668,3
CITED2,-0.04754601231666933,3
AMPD3,-0.04759308389852457,3
PGGHG,-0.04762412498661071,3
PCSK7,-0.04766571052250065,3
GM4462,-0.047686321018726864,3
SLF2,-0.047696874334712126,3
SNRNP35,-0.047749564302295634,3
HSD17B2,-0.0479685109600394,3
1500035N22RIK,-0.048015919680718694,2
CRNDE,-0.048037804402095895,3
TUBB2A,-0.048057213881270634,3
FUNDC1,-0.048084794008970234,3
KNCN,-0.048173431606415046,2
4930519L02RIK,-0.0482118191765161,3
SARM1,-0.04823510430346093,3
GBP9,-0.04831442295428282,3
GM3028,-0.04843655622632275,2
GM3558,-0.048499266156791496,2
VPREB1A,-0.04853456756871135,3
MTCL1,-0.04861949417333386,3
GM8795,-0.048629451657820434,3
GM20740,-0.04874899368090938,3
GM43247,-0.04885789985572223,2
STX12,-0.04908458024555784,3
TAFA1,-0.04911981931523279,3
PIK3IP1,-0.04913686100418387,3
ARFIP2,-0.04915747328674147,3
AASS,-0.04930747779590114,3
ETS1,-0.049348926357338486,3
DCTD,-0.04937318586774884,3
PTCHD4,-0.04944253768412151,3
SLIRP,-0.04967809636549192,3
DGKE,-0.04969075574496675,3
A730081D07RIK,-0.04975095543367406,3
GRPEL2,-0.04987550282622553,3
GTPBP2,-0.049876910664520414,3
AGO2,-0.049891011593067,3
RAB9,-0.05008399882967177,3
GM19935,-0.05019522352440131,2
SAFB2,-0.05027397107546694,3
EPM2AIP1,-0.050319611801499055,3
ZBTB20,-0.05037783042468602,3
GM12320,-0.05042736904859041,2
LRRC20,-0.0504337718016307,3
RAVER1,-0.050486524560670674,3
EHBP1L1,-0.05057457504434659,3
D130009I18RIK,-0.05058998892548311,2
GM6278,-0.050641025401435,3
GM10634,-0.050734745385030505,2
MRPL14,-0.050770488516848865,3
JAK2,-0.050819667164007876,3
FAM117B,-0.05082269549579326,3
ADCY6,-0.05090289528549189,3
PRCC,-0.050929918793323536,3
GM7592,-0.05104553724404981,2
FCMR,-0.05112254854799991,3
TIMM29,-0.05113423506831055,3
TRAV4N-4,-0.05115790850512445,3
TRAV4D-4,-0.05115790850512445,3
MBOAT1,-0.0513154382303194,3
TMEM150COS,-0.05136228517052366,3
EMP1,-0.05151981957934796,3
ARMH2,-0.05154244788802456,2
GM39302,-0.05155658702647944,3
STYX-PS,-0.05156069200379942,3
GOT1,-0.0515682578949766,3
KLHDC1,-0.05160047262947714,3
LYZ2,-0.05167870162920344,3
TAB1,-0.05174544422630282,3
FCHSD2,-0.051749792326288103,3
RAB36,-0.051846663514468795,3
RWDD2A,-0.0521181045979516,3
TMEM255A,-0.0521235465444716,3
SYCE1,-0.052136242498808945,3
PRRT1,-0.05219839522251022,3
SRSF4,-0.052229570567191054,3
GM20735,-0.052414720139419425,3
MFSD4B5,-0.052505720545200606,3
TRANK1,-0.052537540725503616,3
4933404O12RIK,-0.05254724848453218,3
CNTLN,-0.05262052955947356,3
ALYREF2,-0.05270657890251638,3
LIPM,-0.05274510604864354,3
GM15464,-0.05279448124153561,3
SNCG,-0.05281560355516254,3
PRDM15,-0.05284196806832734,3
DOCK10,-0.05286721447084708,3
TSEN34,-0.05291392777805263,3
FPGS,-0.05292203829040818,3
MKLN1,-0.053009406430749174,3
4921507G05RIK,-0.05301998123169743,2
IL23A,-0.053239526385019276,3
PCDHGA8,-0.053247516046915966,3
GALNT2,-0.05328972475769692,3
DENND5B,-0.053467464850649044,3
NEFL,-0.053472717308804714,3
NFKBIB,-0.05353673006342571,3
MYO1A,-0.053602608097679284,3
4933424M12RIK,-0.053665469101384033,3
TRMT5,-0.05368938487618962,3
ZBTB24,-0.05374293343192226,3
RUBCNL,-0.05375473910038142,3
SKINT3,-0.053862343942728076,3
FBXL6,-0.05392670020526837,3
EVA1B,-0.053951619494804835,3
PELO,-0.05396918864421726,3
ZFP213,-0.05422526575192155,3
ZFP654,-0.054276430833740084,3
GM4968,-0.05444080054571113,2
PCBD1,-0.05452668375019456,3
CD3E,-0.05454682870013816,3
GM34643,-0.054548940329347685,2
SNX1,-0.05459641087372683,3
MR1,-0.05466945110012531,3
PHACTR3,-0.054691901244540486,3
CD7,-0.05472770315537861,3
ZFP90,-0.05486917986689758,3
PSMD13,-0.054884813013924394,3
SPIB,-0.054946211756663886,3
TMEM67,-0.05501902193311281,3
MIER3,-0.05507278330494183,3
PSPH,-0.055088973293538235,3
CXCR6,-0.055209083439208884,3
MTURN,-0.05520952145359731,3
VPS37C,-0.05542216175577184,3
GM4598,-0.05578802670150124,2
SELENOO,-0.05591500892213519,3
2610307P16RIK,-0.05593278568616411,3
CELF2,-0.05613998063542588,3
ZFP729B,-0.05625635803542831,3
GPR85,-0.05631428348605492,3
CCDC162,-0.05636764529433602,3
SPRTN,-0.05657746460538323,3
GGT6,-0.05658163834851593,3
USP24,-0.056672406974541234,3
MECP2,-0.05669576403941328,3
PSMC4,-0.056708253387319774,3
PPIL2,-0.05675859198698389,3
GMEB2,-0.05677706310868714,3
RHBDD2,-0.0567874989933339,3
MTSS2,-0.05684816580039064,3
EFNA4,-0.05703394476445625,3
PCDHGA11,-0.05703527265212847,3
PEX26,-0.057492272649540384,3
INTS12,-0.05757147901975176,3
TRAPPC14,-0.05757768014885944,3
FGF3,-0.05767670950117382,3
MAFB,-0.05768398561853035,3
LRRC23,-0.05772238532704429,3
RIIAD1,-0.05791695011362571,3
WFDC12,-0.05796176164949762,3
RPPH1,-0.05796679157785197,3
RAP2B,-0.057984192738139484,3
MYCL,-0.058002513446899086,3
4933429O19RIK,-0.05807446863218245,2
PPP2R2C,-0.058089165987720216,3
PLVAP,-0.058116115715365436,3
PKP3,-0.058190518214012214,3
RNF5,-0.058216103966216785,3
PELI1,-0.05830628849232681,3
DHX37,-0.05831306545072801,3
MAP4K1,-0.05832412588141108,3
LNPEP,-0.05838561382958322,3
MIB2,-0.058388669694880824,3
CLIC6,-0.058484717651213734,3
YAF2,-0.058777927588627876,3
TDGF1-PS2,-0.05883927015760163,2
1700019J19RIK,-0.05884757281863434,2
EFNB2,-0.0590635194496173,3
KBTBD8,-0.05912495827728059,3
GM7008,-0.059245678174132434,3
KHDRBS1,-0.059278040965522534,3
SGSH,-0.05934270353736082,3
GM7129,-0.059543471887878376,3
FUT4,-0.05969164233362042,3
OR10Q3,-0.05977017831143139,2
EEF1D,-0.05983047355721497,3
TAGLN2,-0.059867314374648505,3
SPATA2L,-0.05989066762494185,3
ZBTB9,-0.05992918029756239,3
GM22299,-0.06015082786433196,2
KATNIP,-0.06019279356418852,3
DYNLT1C,-0.06020404699238958,3
2810032G03RIK,-0.06021053788847428,3
FRMPD4,-0.06021859213163605,3
CEP20,-0.060222032630587674,3
PIH1D1,-0.060236774729438856,3
PTPRM,-0.06030594167331412,3
SH3GL3,-0.06036214097962089,3
P2RX2,-0.060418625435037454,3
MYH7B,-0.0604780742815067,2
GPR171,-0.06056474949765086,3
IGHV9-2,-0.06074929175119419,2
PDZK1,-0.06082702938945502,3
GATC,-0.060857569737797025,3
PXN,-0.060913056193648764,3
MRPS10,-0.06095340312485065,3
SIDT1,-0.0610110698615994,3
EFHC1,-0.06102835792241179,3
RPL18A-PS1,-0.06109731767444001,3
IGKV1-122,-0.0611908979643128,3
JAGN1,-0.061288308703771076,3
MAPK8IP1,-0.06142478336845739,3
NLRP1A,-0.06156932914959212,3
TEX38,-0.0616069425839388,2
PLAG1,-0.06169013373977017,3
ZFP282,-0.06190286671091583,3
MARCHF5,-0.061910066607296636,3
RWDD1,-0.0621565183259734,3
GM12592,-0.062168972693814044,3
DMXL1,-0.0622569467121347,3
PTPRA,-0.062351533202103626,3
VMN2R130,-0.06246287260760047,2
5830444B04RIK,-0.0625484286160984,3
GAL3ST2C,-0.06258367494160212,3
NR2C2,-0.06259457124697242,3
LRFN2,-0.06266079813879558,3
SH3GL1,-0.06274878059365023,3
ADORA3|TMIGD3,-0.06279943149141498,3
RNF111,-0.06284145966515568,3
PTPN21,-0.06292263652356228,3
TRIM30C,-0.06297632946768054,3
RPS19BP1,-0.06335331463324052,3
PTPRCAP,-0.06335549975804984,3
ZEB1OS1,-0.06338415295952578,3
NMNAT3,-0.06339890904391889,3
DZIP1,-0.06342306339427754,3
RPP14|HTD2,-0.06355990120258483,3
SPEN,-0.06360657938093366,3
GM6712,-0.06361925043778112,3
CIZ1,-0.0636748921852356,3
KMT2B,-0.06378660165179828,3
MYOC,-0.06380229158799293,3
TRIO,-0.0639580394805187,3
S100A7A|GM57853,-0.0639687929416419,2
ODAD1,-0.06409390404083799,3
TXNDC17,-0.06433290586622827,3
CYP8B1,-0.06434061543509702,3
IMPDH1,-0.06437134192406531,3
MAB21L2,-0.06439903276596443,3
FBLN7,-0.06441758779527786,3
GM4859,-0.06443752293115533,2
SNN,-0.06445903737119253,3
BC016548,-0.06450621626056227,2
HOXA7,-0.0645232834339194,3
PTPRN,-0.06452698541076517,3
FLNB,-0.06457941812701162,3
GM25939,-0.06458362022204027,3
NOL8,-0.06461294239768305,3
UBTF,-0.06461729335015849,3
KLK1B11,-0.06462681944580968,3
IGHV6-5,-0.06475355555817192,2
UBC,-0.06476696227895222,3
PELP1,-0.0649520756493936,3
USP21,-0.06499067678259023,3
TPH1,-0.06506772640933477,3
2410022M11RIK,-0.06510816229353507,3
KRT25,-0.06516019908409769,3
1810073O08RIK,-0.06541389684487707,3
4930523C07RIK,-0.06542170835931331,3
STEEP1,-0.06552561363365823,3
GM22728,-0.06552986310204288,2
FJX1,-0.06564249953180457,3
ESPNL,-0.06568766357509423,2
TNIP2,-0.06576486287711698,3
SRD5A3,-0.06580005914078992,3
FAM219A,-0.06584110785997495,3
WNT8A,-0.0659016736844136,2
LPAR4,-0.06591049875128312,3
QPRT,-0.06594906702809784,3
GM6733,-0.0660418403046306,3
GPR141B,-0.06608102831355386,3
CCDC85B,-0.06608351882084967,3
ZFP119A,-0.06610766832123117,3
GM5944,-0.06616561302894534,2
CACNB1,-0.06618626721492948,3
MMGT2,-0.06644175281032866,3
NHSL3,-0.06671599449321157,3
TFF1,-0.06690688185743042,3
ACOXL,-0.0669196614028345,3
VPS26B,-0.06695568236364545,3
TSSK6,-0.06704909313461786,3
SPOCK2,-0.06709914735138973,3
TKT,-0.06710320986522122,3
CSF2,-0.06712408088761217,2
GM40003,-0.06714469498803588,2
SMARCA2,-0.06715332963552594,3
ZFHX2,-0.06726738878275917,3
SYNB,-0.06732396112833575,2
SLC7A14,-0.06732868273313064,2
FAM163B,-0.06742556155575397,3
ZFP987,-0.06743618700566423,2
CCDC186,-0.06749370933560743,3
DPP10,-0.06763869137226484,3
SP140,-0.06775506465747984,3
GM7940,-0.06780818816838019,2
GM5176,-0.06792274207579724,3
PLCG1,-0.06794027603372908,3
TM9SF2,-0.06796182142213898,3
GM11425,-0.06801724528283683,3
TMEM254,-0.06804735578759256,3
IPW,-0.06807425310352251,3
XPO4,-0.06814820574633414,3
ENPP4,-0.06821400849232984,3
SLC40A1,-0.06828227560197793,3
CDHR1,-0.06829207374590425,3
GM14296,-0.06867999144837918,3
CAPN7,-0.06870668962471653,3
GPR19,-0.0687647077105806,3
GM30603,-0.0688745415451568,3
GM3791,-0.06887858275902803,3
TOR4A,-0.06910147034707124,3
PIGT,-0.06915495038351181,3
TRIM2,-0.06931685107001861,3
AMT,-0.06941288272388597,3
MTX3,-0.0695848050881049,3
NCCRP1,-0.06974181829507664,3
UTS2B,-0.06976286680438892,2
THUMPD2,-0.06984065329991847,3
BMP4,-0.0699503881743737,3
STS,-0.07000212770442521,3
1700010I14RIK,-0.07011441191526159,3
PAXBP1,-0.07011447834003566,3
RABGAP1,-0.0701907795552732,3
RHBDL3,-0.0702608952082799,3
GM7600,-0.07027626055193971,3
TMEM241,-0.07031289410218217,3
GM10175,-0.07035794601039735,3
FAM83C,-0.07041923556479614,2
ZMYND10,-0.07049917568875357,3
CRPPA,-0.07055968730721163,3
PLD4,-0.0705787290928374,3
GPR45,-0.07057876744171405,3
BCL6B,-0.07064080484863937,3
PDZD9,-0.07064714478293,2
FER1L6,-0.07071125131807482,2
BC065397,-0.07073143948459044,3
FGB,-0.07073712393668372,2
CEACAM2,-0.0707522783053625,3
PPARGC1A,-0.07078101055410276,3
DCST1,-0.07089639751379746,3
SLC35G1,-0.07103359861213167,3
UBQLN1,-0.07111466744058609,3
NUFIP2,-0.07111801379484835,3
KCTD6,-0.07113437601676915,3
PSD,-0.07114490327964455,3
GAR1,-0.07115995531451402,3
SRM,-0.07120606923848465,3
4930568E12RIK,-0.07139668406649827,2
GM11599,-0.07146970550668923,2
RPL21-PS15,-0.07149651208105501,2
9530052E02RIK,-0.07153549453769308,3
RPL24,-0.07167982622404907,3
IGFBP1,-0.07168841468903414,2
B230208H11RIK,-0.07185673147500497,3
SPOCK3,-0.07192387149343198,3
MRPS34,-0.07194407066938056,3
GPSM1,-0.07202638562952839,3
MUSK,-0.0720284959958588,3
OLFM2,-0.07206664442249412,2
PFKFB4,-0.07207714092467506,3
ATP2B1,-0.07232505470839794,3
ALG14,-0.0723750796298216,3
CNOT1,-0.07242902365667352,3
RIMOC1,-0.0724398332532935,3
ALDOART1,-0.0725283371636446,2
ALG3,-0.07253270120778,3
RPL13-PS6,-0.07256577479940636,3
SYNM,-0.07288466517226604,3
GSTM6,-0.07308671579229453,3
KLF6,-0.07314229694159415,3
MIP,-0.07314478399797669,2
RPS6KB2,-0.07315376966691133,3
IFI209,-0.07323333545671251,3
FBXL13,-0.07329307066301571,3
MRPS18C,-0.07330191629926097,3
GM4750,-0.07330277318349232,2
GM24616,-0.07330649801778193,3
GM11224,-0.07343628038858083,2
API5,-0.07347976116735855,3
PAPPA,-0.07355745582642179,3
LRRC26,-0.07356334755598692,3
TRAV12-4,-0.07368276304858316,3
DCT,-0.07372327770108633,3
HOXA1,-0.07385147136431487,3
RMST,-0.0739717493066816,3
RAB10,-0.07397957639550745,3
MAP3K7CL,-0.07407585088124906,3
AA467197,-0.07411349684226942,3
BCL2L10,-0.07417918822405278,2
GM50477,-0.074188843451616,2
QARS1,-0.07431140374597274,3
ZDHHC4,-0.0744132962960038,3
UTRN,-0.07445344679361245,3
PYGL,-0.07464106228110205,3
SLC35A1,-0.0746605519010697,3
NEU1,-0.07473324040808542,3
LCOR,-0.07482662996892182,3
5430401H09RIK,-0.07488491452349787,2
GPBP1L1,-0.0749101358231296,3
CLEC11A,-0.07498289303901402,3
KLHDC10,-0.07514051686861876,3
PIK3C3,-0.07514621512074761,3
JMJD1C,-0.07517451967412485,3
ZFP217,-0.07519682079219213,3
GM2451,-0.07519752963080556,2
COL10A1,-0.07521452790157733,3
STK17B,-0.07523179707149279,3
CCDC124,-0.07526290019168735,3
ZFP119B,-0.07542429605739985,3
UBASH3A,-0.07542751340804844,3
GM14586,-0.07545592636377246,3
SH2D6,-0.07557768734653347,3
CMC2,-0.07572684193074175,3
TMPPE,-0.0758885425766241,3
GM17800,-0.07588967363462389,2
1700001G17RIK,-0.07616158932214251,3
RC3H2,-0.07620657775918671,3
RNF25,-0.07629304656423262,3
PWP2,-0.07641305568100248,3
PIK3R2,-0.07643568926597898,3
NECTIN1,-0.07669900043137634,3
CHRNA5,-0.0767266584211727,3
ADGRD1,-0.0767473381930605,3
AZI2,-0.07693423316018115,3
SERPINA7,-0.07696781481529529,3
GM16415,-0.07697860359371514,2
SPEM3,-0.07701738418096338,2
URB2,-0.07702554551294132,3
RPS13-PS4,-0.07708434121705364,3
KCTD2,-0.07737724360263705,3
RPL17,-0.0773822784940011,3
GM4478,-0.07743196884297601,2
KCNJ5,-0.07745372443685254,3
FPGT,-0.07751516786393808,3
GM16419,-0.07752882480673942,2
KCNJ10,-0.07758365798344768,3
TECR,-0.0778230720582207,3
GSK3A,-0.07799462638666503,3
SPRR2I,-0.07801658755768687,2
SQLE,-0.0781385923499615,3
2310075C17RIK,-0.07817367078271077,3
PSMD10,-0.07825851740515433,3
FAM89B,-0.07827283416004988,3
SPATA31F1D|SPATA31F1C,-0.07827382921631888,3
SCD4,-0.07842110295527314,3
UNC80,-0.0784360301278983,3
UBE2F,-0.07851114974052958,3
EIF2AK3,-0.07863798863837938,3
GM1070,-0.07867840425506929,3
CHAD,-0.07901626143319918,2
TMA7|TMA7-PS,-0.07902711834486836,3
PCDHGA1,-0.07904796443412132,2
GLDN,-0.07921130048140079,3
NSUN5,-0.07922621058146338,3
UBE2J1,-0.07923813773931702,3
SIGLEC1,-0.07924085677993338,3
GRIN3B,-0.07929333963926344,2
ARMH3,-0.079337109608747,3
GPC4,-0.07936390937643333,3
ADAT1,-0.07952817804384252,3
COPB2,-0.07964365425062143,3
DPPA5A,-0.07964628299648481,2
CASKIN1,-0.07980578305302018,2
BCL2A1D,-0.07981738069270299,3
CCN3,-0.07987653165581658,3
WRN,-0.079882849583634,3
GM13771,-0.07991725551367355,3
STRIP2,-0.07996253315184713,3
SSR3,-0.08012065240563628,3
GUCD1,-0.08021340891687857,3
TRAV12N-3,-0.08021542936979968,3
CES2F,-0.08021613093356511,3
BHLHE41,-0.08027609526692513,3
CCL28,-0.08027727292249297,3
H2AC18,-0.08027735121552444,3
ADAMTS10,-0.08028662790183096,3
OR5M9,-0.08033772591486699,3
SERHL,-0.08033966863157853,3
SIX4,-0.08039931449281464,3
SNX3,-0.0805445582275881,3
HFE,-0.0805530314122201,3
LCN11,-0.08082027049582738,2
GM13039,-0.08089555610421745,2
CD9,-0.08090977819782226,3
GM14149,-0.08100624192374961,2
MIGA1,-0.08102088017114546,3
GM5491,-0.08112045463559339,2
UAP1,-0.08128166162202764,3
ELAPOR1,-0.08130175027792608,3
GM18113,-0.08131815973023991,2
KIF26A,-0.08139756980413411,3
GM12183,-0.08143297641001777,3
CCSER2,-0.08143898218703101,3
NANOS3,-0.08172615499098801,3
RPL39,-0.08188498604157357,3
COA3,-0.0819145075326979,3
NAT8F2,-0.0821263712553559,3
ZFP760,-0.08215686777173008,3
TBX3,-0.08241497088690064,3
STING1,-0.0824571155257484,3
ALS2CL,-0.08246407837197571,3
GM20556,-0.08249650077605539,2
DCAKD,-0.08254442379601516,3
GFUS,-0.08265741766029262,3
XRN1,-0.08269788785834546,3
WDR91,-0.08276319104586165,3
PRR7,-0.08298104473584345,3
ANKRD49,-0.0830404581449596,3
LRRC32,-0.08310831090639903,3
GDPD3,-0.08311802726476318,3
NIM1K,-0.08312531883446776,3
PCYOX1L,-0.08320374935411064,3
RPS2-PS6,-0.08324157005037765,3
ZCCHC14,-0.08325845582804121,3
IL10RA,-0.083351803857241,3
FBXO11,-0.08336170010480552,3
SDR42E1,-0.08343670305438788,3
GPN2,-0.0835063867062476,3
ZMAT5,-0.08353010599592732,3
RGS7BP,-0.08356618883954159,3
KLRA2,-0.08356653721473273,3
ABCG5,-0.08366099033323791,2
MAN1A,-0.08369352370541683,3
9330198N18RIK,-0.08369937696471144,2
PLEKHA5,-0.08371522170777734,3
CFAP20DC,-0.083730542534665,3
RAB2B,-0.08378150634856123,3
ZFP800,-0.0837834120007156,3
GM6238,-0.08381394092098611,3
MYO1D,-0.08381514964035663,3
APOL10B,-0.08383817550243232,3
DKKL1,-0.0839620964406708,3
ZFP267,-0.0841125857781025,3
STK35,-0.08411762538120797,3
EML2,-0.08415631636396177,3
GDPGP1,-0.08415854926122858,3
RNF39,-0.08423790430556505,2
REG4,-0.0842593275704071,2
GM34466,-0.08440441659066228,2
SEMA4C,-0.08447118991666373,3
IGLC2,-0.08449291498430271,3
IGFALS,-0.08454092735165682,3
VRK3,-0.0846552086453396,3
NXPH1,-0.08468988050844391,3
GM25395,-0.0847186142526663,3
ZFYVE19,-0.08485184804924996,3
GM14048,-0.08511066814744152,3
GM26797,-0.08512298113115728,3
TENT5B,-0.08529867417082138,3
APPBP2,-0.08539826572929392,3
ATP5F1E,-0.08544751102587211,3
NTNG2,-0.08549890859299634,3
ATP2C2,-0.08550268370676017,3
TMEM175,-0.08550765469190262,3
GM10863,-0.0857003260861547,3
SLC25A23,-0.08572213642270932,3
TECPR1,-0.0859066057007933,3
PADI2,-0.08591425219126075,3
EBI3,-0.08602971647677271,3
SNPH,-0.08608852412477941,2
TAF10,-0.08610971151864284,3
ZFP85,-0.08622497913012128,3
UMOD,-0.08624170175720712,3
DCTPP1,-0.08641389031055728,3
E130311K13RIK,-0.08642743772330065,3
TRBV14,-0.08650883651270908,3
DYRK2,-0.0868416387207925,3
TRIM31,-0.08684500223004109,3
TIMM8A1,-0.08685934848174985,3
PRKD3,-0.0869900664896514,3
SNX22,-0.08702710163093318,3
SEMA6D,-0.08704608414419024,3
SERPINB5,-0.08705613806374761,3
NMD3,-0.08714625981177342,3
CHPF,-0.08721619457650433,3
PLA2G5,-0.08725004957492226,3
SIT1,-0.08725514006404578,3
ABHD15,-0.08733130583531896,3
CEP76,-0.08734987955132711,3
MRPL50,-0.08738008085899118,3
GM31125,-0.08745846185470744,3
SMAD3,-0.08768023019411085,3
NSMCE3,-0.08770420205588421,3
LONRF2,-0.08777542480082083,3
CAPN15,-0.08778334851302637,3
SLC27A4,-0.08790774566576814,3
GM2004,-0.08799038156778492,3
CFTR,-0.08807579374784293,3
GM8231,-0.08812123681859764,3
SNRNP200,-0.08820755738891221,3
ZFP952,-0.08822565179965895,3
ELANE,-0.0882642552178084,3
SLA2,-0.08841793261384782,3
INO80D,-0.0885627405730814,3
EPS15L1,-0.08860191080782094,3
TSPAN14,-0.08862138751424098,3
APEH,-0.08862544223740747,3
SYPL2,-0.08868555680332037,3
IFNZ,-0.0887586004530869,2
GM46209,-0.08876476795927772,3
FKBP11,-0.08878673440825087,3
4930515G01RIK,-0.08881817758916498,3
CRYZL2,-0.08895323672716772,3
PLXNC1,-0.08902710762046977,3
TUBD1,-0.08913643592211266,3
TMUB2,-0.08920028052159812,3
SMYD3,-0.08920292317424384,3
LMAN1,-0.08930380552318769,3
CDK12,-0.08932215672271099,3
GM18829,-0.08939432037494162,2
GM25788,-0.08941911267435666,2
TFF3,-0.08945812858547446,3
KPNA1,-0.08953316716373433,3
PMPCB,-0.08955581170353206,3
RPSA,-0.08957913132792861,3
GM16072,-0.08990674928682296,2
ZFP628,-0.08992862484215007,3
GM10224,-0.08994551777416578,2
CHIL5,-0.08997233208602273,2
ZPBP2,-0.0900047244409512,3
ANKRD52,-0.09000648740034507,3
TINCR,-0.0901651583267203,3
TMEM184B,-0.0901805971494644,3
SLITRK4,-0.09018711930463248,3
PLCB4,-0.09039184954413182,3
PHF1,-0.09057254083486226,3
DBNDD2,-0.09066400740097684,3
CREB1,-0.09074587433324081,3
WDR13,-0.09079679400252083,3
SPRED3,-0.09080218897617291,3
SLC6A18,-0.09085637617049921,2
GPN3,-0.0908601899856748,3
MMADHC,-0.09087655283068304,3
H3C11,-0.091233575110328,3
TNPO1,-0.09125352763949231,3
RLIM,-0.09137557663671254,3
BHMT1B,-0.0915214417350107,3
CD276,-0.09156630239733284,3
ALDH8A1,-0.09172040942216492,3
PRPF39,-0.09179199105390319,3
INTS11,-0.09191717085069755,3
GM15644,-0.09200321227500048,3
BTBD16,-0.09200333312533981,2
IGKV12-44,-0.09204126806505086,3
PSRC1,-0.09212001669026211,3
RRP36,-0.09216515698558965,3
TGFB1,-0.0922370205878137,3
MTHFD2L,-0.09231228243415741,3
INSRR,-0.09231725268351437,2
GM2026,-0.09244336890414769,3
LAGE3,-0.09260616326864286,3
JAKMIP2,-0.09260709127760278,2
CLEC4N,-0.09264552022805216,3
SERPINB12,-0.09272865241628597,3
KREMEN2,-0.09276828273363602,3
CNNM1,-0.09279569104618535,3
B630019K06RIK,-0.09294400350690173,3
CNTD1,-0.09298419460207907,3
RPL32,-0.09299543546789095,3
STOML3,-0.09305696783496155,2
ZFP169,-0.09316490867556297,3
SGPP1,-0.09341864117909122,3
DIABLO,-0.09342132385639106,3
MUC19,-0.0934876812894213,3
TAOK3,-0.09349655627900837,3
MAPKAPK2,-0.093632253226411,3
AKR1D1,-0.09363841560140436,2
AKR1A1,-0.09366287510133904,3
SDHAF2,-0.09367570032717647,3
KRT36,-0.09375632925409816,3
LCE1F,-0.093773214547228,2
GM5441,-0.0938477736405372,3
WBP1,-0.09393274867378891,3
SHQ1,-0.09402791823834322,3
DEXI,-0.0941049870260508,3
GM18537,-0.09423961918350315,2
TICAM2,-0.09425586655241218,3
ZFP968,-0.09430918615580486,3
DLX5,-0.09439778120240448,3
NHP2,-0.09442835313749771,3
FAM174A,-0.094476005884038,3
SLC4A1AP,-0.09447651453933133,3
S100PBP,-0.09468313246295772,3
GM4610,-0.09469669524293794,3
USP3,-0.09469805760826193,3
PLEKHG6,-0.09475855428460372,3
NDUFAF6,-0.09476879229022032,3
DENND2D,-0.09477030098090496,3
DSG4,-0.0947957823630261,2
PDCD5,-0.09481220533374597,3
5430405H02RIK,-0.09482020966092812,3
ABCC8,-0.09485765973640026,3
DPY19L4,-0.09495333247586298,3
GM15772,-0.09496439711567145,3
GM13003,-0.0949792970705216,2
RAD52,-0.09501525913599412,3
ALG11,-0.0950965034749524,3
SLC9A4,-0.09523098969168431,2
MYL12A,-0.09534237910935402,3
TRIM17,-0.09536986351807637,3
VIRMA,-0.09539392506122407,3
FXYD2,-0.09549287897732106,3
SPTSSB,-0.09552084351322364,3
RRP1B,-0.09553542664651511,3
ACTR5,-0.09565498772075613,3
GM10400,-0.09566883417561571,3
GM12091,-0.09567152916671222,2
FAM20A,-0.09578932931228405,3
ARF5,-0.09580120526149799,3
GM11964,-0.09604745223306267,2
BTBD7,-0.09616789385394016,3
CHRNA10,-0.09616793469383607,3
B3GALT5,-0.09622299392892252,3
RGN,-0.09635331038259631,2
MTARC1,-0.09637912052517238,3
CALM3,-0.09638378164739507,3
ATP11B,-0.09656673205032278,3
PRSS30,-0.09664926744096099,3
BICDL2,-0.09679428499531495,3
APOL9B,-0.09690811215121131,3
CES2A,-0.0969208263147852,3
FKBP14,-0.0969208363594994,3
ZFX,-0.09706878136515369,3
UBE2A,-0.09707720473017696,3
KLHDC8B,-0.09722742553918651,3
H2-EA,-0.09756139638569693,2
SNORD14C,-0.09757740846976287,2
SERF1,-0.0977593112542341,3
CLCA1,-0.0978865334443522,3
MVD,-0.0982352513691082,3
CYP17A1,-0.09823661880360468,2
TULP4,-0.09828130283844201,3
KHDC1A,-0.09828813580241143,3
DMRT2,-0.09829896959614907,3
ATXN7L3B,-0.09834125127948061,3
PCNX4,-0.0984044109116759,3
SIRPB1A,-0.09841480222417454,3
CCDC107,-0.09865450173897923,3
GNAI1,-0.09867383891021332,3
SPP1,-0.09874840165604641,3
AAAS,-0.0987916591992355,3
TSIX,-0.09887401578417147,3
RAB21,-0.09905898091616765,3
C230035I16RIK,-0.09916437448639397,3
KLRA7,-0.09918864671908667,3
IGF1,-0.09929400355312774,3
MARK4,-0.09931907269033641,3
GM4840,-0.0993333594349021,2
TRIM44,-0.09933431610688258,3
SNORA33,-0.09934007654825057,3
CYP2C50,-0.09950461205370237,2
IGHMBP2,-0.09954838181150681,3
GIMAP5,-0.09965347060407377,3
PTH,-0.09966609848325307,3
3010003L21RIK,-0.09968189827030084,3
KIF3C,-0.09980517014130542,3
PRSS35,-0.09987142261622073,3
ADAMTS3,-0.09990677497174827,3
OTOR,-0.09993094201163856,2
ZKSCAN17,-0.09993626662709265,3
ZFTA,-0.09998117269664701,3
TBRG4,-0.10000928398746345,3
1700028J19RIK,-0.10001475787034787,3
CTTNBP2,-0.10004126022881689,3
B4GALT5,-0.10011685915285373,3
GEMIN8,-0.10040513337277053,3
NCAM2,-0.10052093994549322,2
RPTN,-0.10058176757824233,3
OPRM1,-0.10059699457491206,2
A430088P11RIK,-0.10062909965600399,3
PDZD11,-0.10065494822343142,3
ZBTB7A,-0.10083573893394064,3
MAP3K4,-0.1009086627309043,3
EXOC5,-0.10096266853815246,3
MLKL,-0.10112951109744893,3
FAM107B,-0.1011664747789871,3
NTRK1,-0.10118756268877035,2
OR10AK16,-0.10132487988638084,2
MAP3K12,-0.10136107608222704,3
NXF2,-0.10136215975226988,3
SARDH,-0.10139299802023714,3
AZIN1,-0.1014500500785942,3
CXCR3,-0.1015355667052414,3
GIMAP9,-0.10155715921793822,3
NOL9,-0.1016291454478432,3
GLIS3,-0.10195529128245286,3
DEFA43,-0.10197505807907513,2
RMND1,-0.1019868040624261,3
SRPK1,-0.1020390528830707,3
WHRN,-0.10209573524843603,3
PRODH,-0.10216575077214156,3
DNER,-0.10217176295796387,2
COMP,-0.10220980490365146,3
2610035D17RIK|GM57578,-0.10236158280955494,3
IFNG,-0.10238422788884644,3
ITGAE,-0.10239193395954709,3
GM38403,-0.10240470854876389,3
ETHE1,-0.10248177415845561,3
CEROX1,-0.10262834117493613,3
PRPS1,-0.10267718023772066,3
HCFC2,-0.10284417184266954,3
GM7432,-0.10299701337444682,3
IHO1,-0.1030794372583639,3
SOX9,-0.10307956095382072,3
H4C9,-0.10312712393135058,3
GUCA1B,-0.1031711935065839,3
PCSK1,-0.1031839390733692,3
ANKFY1,-0.10336273255583787,3
SNORD104,-0.10336953054413286,2
ZFP940,-0.10340067370601215,3
INPP5K,-0.10347790715815891,3
GM1043,-0.1035291625330459,3
CDS2,-0.1035461879319128,3
ALKBH6,-0.10378895469971754,3
FRA10AC1,-0.1038820803804091,3
CHST5,-0.10399145751875494,3
RPS7,-0.10400406852581612,3
HCN3,-0.10401776755727384,3
CCDC154,-0.10407845514728288,2
RIPOR1,-0.1041210588750765,3
D430019H16RIK,-0.1041442467524073,3
RSPRY1,-0.10423619161317728,3
PRP2RT,-0.10426442132335256,3
SAYSD1,-0.10444229511052212,3
CCN4,-0.1045245958778274,3
1600012P17RIK,-0.10456134036448714,2
KLK4,-0.10472524089199152,3
6330418K02RIK,-0.1048881823498814,3
OTUD7B,-0.1049923714211043,3
XYLT1,-0.10502438674294091,3
NEURL2,-0.10505131047586357,3
DDX10,-0.1051205829924986,3
GM7565,-0.10532551398861317,2
MEP1A,-0.10542807518127416,3
LCAT,-0.10549296668224532,3
IRF2,-0.10575866826406262,3
CCR5,-0.10583956044582177,3
CLTC,-0.10589625740138786,3
PATL1,-0.10594230205241813,3
SNRNP27,-0.10603010317583383,3
GM28231,-0.10605849564417436,2
CCDC89,-0.1061675638387833,3
PLA2G4A,-0.10618377023380403,3
GM5357,-0.10622196849771348,2
GM22422,-0.10629840354967743,2
ACAN,-0.10630668217672253,3
CDK20,-0.10632412409427176,3
H2-M10.5,-0.10633847938666935,3
GDAP1,-0.10636810175520106,3
LY6G6D,-0.10652104367547854,3
D830035M03RIK,-0.1065514352156079,3
ADAP1,-0.10663698586730713,3
RHBDL1,-0.1066979543804611,3
APEX1,-0.10687774857562464,3
4833438C02RIK,-0.10689059616561862,3
GM29909,-0.10691548366417554,3
DNAAF3,-0.10701165759237408,3
REEP2,-0.10704017624041096,2
P2RX3,-0.10717712538379548,3
TXK,-0.10722187667977186,3
CYP4A14,-0.10722621907691776,2
IGKV13-85,-0.10729542605297705,3
MCHR1,-0.10740290572468657,2
GM6905,-0.10742514882199868,2
TNF,-0.10747995841689639,3
LYPD8,-0.10770789757490895,3
MTO1,-0.10774085929246695,3
TMEM229B,-0.10778394495720656,3
ARPC5,-0.10794851265834195,3
COPB1,-0.10796149587334862,3
GM15545,-0.10797921594063636,3
CERS6,-0.108194932094528,3
HSPA1B,-0.10824419433925232,3
4933417D19RIK,-0.10828053885397253,3
DDOST,-0.10837997063160058,3
INTS1,-0.1085990020217012,3
UGT1A9,-0.10868065705072433,2
GM4575,-0.10872176362241692,2
MFSD4B4,-0.10873573862371148,3
RECQL5,-0.1087422190521637,3
MAU2,-0.1087975774160063,3
NFRKB,-0.10880669253221088,3
MFHAS1,-0.1088263739398297,3
THAP3,-0.10894046522718949,3
ENOPH1,-0.10896892748984681,3
TRAV9-4,-0.10904969896816719,3
PAXIP1,-0.10909131218948816,3
STAB1,-0.10909400853983912,3
TAF15,-0.10911035555464599,3
ANKS1,-0.10925335146865578,3
PLEK2,-0.1093379347501201,3
CRHR1,-0.10949823639172498,2
STARD3,-0.10954798314372478,3
SLC38A10,-0.10966492734504339,3
VTI1A,-0.10967800126014615,3
WFIKKN1,-0.10969960448516118,3
MYLK4,-0.10995352334635528,3
U2AF2,-0.10999017916259968,3
RABEP1,-0.11013095598090528,3
GM22270,-0.11015048767822627,2
EDC4,-0.11023919494470787,3
HECTD3,-0.11032841394528499,3
GALC,-0.11033958575925189,3
EPHB6,-0.1104294605258882,3
FGD4,-0.11050248652605348,3
GM5362,-0.1106152117720501,3
VDR,-0.11067575012190976,3
GM6093,-0.1107516980729075,2
ZFP937,-0.11084584181890783,3
CUL4B,-0.11099644460458687,3
GRIN2C,-0.11110100159100315,3
HIF1AN,-0.11111647698994791,3
A630076J17RIK,-0.1112705757852309,3
MRPL33,-0.11127289273922708,3
TSPYL3,-0.11134763416941695,3
GM6035,-0.11134806821917065,2
GM23734,-0.11135604338113339,2
CARS1,-0.11154520423993612,3
9430014N10RIK,-0.11159588744239686,3
GORAB,-0.11165101684753491,3
GAREM1,-0.11176939864271106,3
GM11743,-0.11187694843842766,3
PIGBOS1,-0.11191634336990985,3
1700108F19RIK,-0.1119168369962326,3
ZFP235,-0.11200916053369935,3
GM14373,-0.11213450555124069,2
APOL8,-0.11217155391724727,3
ZFP750,-0.11218658343277997,3
FAM120C,-0.11219185308538948,3
6030443J06RIK,-0.11220065298551231,3
GTF2IRD1,-0.1122738973633221,3
LRP11,-0.11233675497730589,3
CCDC148,-0.11236005745046433,3
RBM5,-0.11243363345405884,3
ERBB2,-0.1125085677361189,3
RIPK3,-0.11262809253015597,3
GM32815,-0.11274176261544133,2
TULP3,-0.11277219246769421,3
AGAP2,-0.11278784316377717,3
ZFP40,-0.11285517567542991,3
CCL5,-0.11308082607470282,3
GM7336,-0.11314707089724074,3
TNR,-0.11318449555882955,3
SPATA19,-0.11340168353380381,2
AXIN1,-0.11353568753131744,3
H2-Q5,-0.11355249696837831,3
MAP2K1,-0.11355410419085865,3
DAZL,-0.1135842119906648,3
GM19951,-0.11368727227707942,3
LIN7A,-0.11369341428485258,3
MFSD4B1,-0.11371435736294329,3
COA6,-0.11375231002609265,3
GM26447,-0.11413481572622208,2
OAS1B,-0.11416173886140217,3
AP1B1,-0.11416864555054851,3
CNPPD1,-0.11418259961382766,3
ZFP593,-0.11422575687325016,3
AMBRA1,-0.1142468634033672,3
STAT5A,-0.11428729464779395,3
FRMD5,-0.11429654655037336,3
SHISA6,-0.11437803579752853,3
DRG2,-0.11437902517155807,3
IL18RAP,-0.11445836428255553,3
BCLAF1,-0.11450005856949723,3
CDKN2C,-0.11455089903485671,3
GM5103,-0.11460685781384729,3
RGS22,-0.11460879470359037,2
HGF,-0.11461742345275856,3
LONRF3,-0.11475358688210509,3
SS18,-0.11476022251924779,3
EMID1,-0.11488214443438545,3
2300009A05RIK,-0.11489511645644541,3
GLCCI1,-0.11492257431968016,3
PSD4,-0.11504940223091503,3
RPL7A-PS5,-0.11516061548297,3
ANO8,-0.11518770390428479,3
GM13715,-0.11530285506361769,2
PHTF2,-0.11532015478144635,3
PIEZO1,-0.11545518518759383,3
GM22042,-0.11546297441221309,2
GABPB2,-0.11546446924392802,3
SLK,-0.11555850200159355,3
KLF5,-0.11558075066861258,3
COL2A1,-0.11564893845418493,3
ZFP930,-0.11568921108959353,3
ADAM6B,-0.11571564816356937,3
SPAG6L,-0.11574329825121099,3
GAL3ST1,-0.115758760898452,3
EPYC,-0.11577156637743154,3
DENND4A,-0.11582072634407618,3
TSC22D4|SPACDR|GM57848,-0.11583694975206409,3
H2-Q7|H2-Q9,-0.11585436414513912,3
CEP170,-0.11590760165067727,3
RPS15A-PS7,-0.11591680048262747,3
RDM1,-0.11597439242469047,3
SPHK1,-0.11610271876011365,3
OR11G25,-0.1161039655115054,2
MEIS2,-0.1161994388025435,3
PARP11,-0.11621856377600988,3
ZFP92,-0.11622818069838232,2
BPI,-0.11624337278744011,2
IFIT1,-0.11648389269274302,3
1700065D16RIK,-0.1165918982946897,3
MIIP,-0.11664807458127596,3
FBXO22,-0.11668077113815228,3
GM16793,-0.11680289155883068,3
COQ3,-0.11680828883783638,3
IFI27L2B,-0.11692606152753622,3
ADGRG3,-0.11693224534973208,3
MEIOB,-0.11694382902147255,3
KLRB1B,-0.11698353153821221,3
SNORD15A,-0.11700263904281771,2
CAD,-0.11708655297725344,3
CFAP91,-0.11717699657895148,2
EAR6,-0.11717864065793297,2
CALM4,-0.11725471062416126,3
IGKV3-2,-0.11730584705421292,3
NAA80,-0.11738571774472588,3
GPHN,-0.1174202137189514,3
STK38L,-0.11756398307315198,3
IGKV14-100,-0.11765463084254839,3
ANXA1,-0.11775649829451973,3
DBR1,-0.11782816502209355,3
SAMD4B,-0.11788639799440281,3
AUTS2,-0.11798863748083933,3
PRPH,-0.11800031982716341,3
C430002N11RIK,-0.11804984573200082,3
GZMB,-0.11808712533464845,3
ATP6V0D1,-0.11812395594500084,3
ACP6,-0.11815483454999569,3
LLGL2,-0.11817055325518788,3
RAD9B,-0.11817067517855227,3
SLC7A5,-0.11820121925343037,3
RNF17,-0.11822501176465842,3
MORN2,-0.1182393683336767,3
MPP4,-0.11824971797290784,3
FZD8,-0.11827631513030884,3
SOX7,-0.11831023574356199,3
PLAGL2,-0.11835635345299604,3
KNOP1,-0.11836878114130119,3
BMP2,-0.11846783447877286,3
SERPINB2,-0.1186695959626994,3
HSPB1,-0.11885625377272334,3
OSTM1,-0.11894463675619686,3
GM35417,-0.11907742610104695,2
GM26075,-0.11911594226355987,2
PEBP1,-0.11918355442884603,3
MKRN2OS,-0.1191859793787708,3
RAB11FIP4OS1,-0.11919051972813358,2
DOLPP1,-0.11920547860394375,3
TRP53I13,-0.1192307734952968,3
RPS8-PS1,-0.11925660412337143,3
PFDN6,-0.11927491731263773,3
ALKBH5,-0.11932196600246936,3
MAML3,-0.11933251060009657,3
PIGO,-0.1193507474203559,3
TMEM45B,-0.11944790557355851,3
GM16570,-0.11951380698395747,2
KAT8,-0.11953665881952608,3
ATF1,-0.1195520939630637,3
CYTH1,-0.11955455367972567,3
ZWINT,-0.11957440807006765,3
INHCA,-0.11962247182737656,3
MAP2K3OS,-0.11975144272065198,3
NWD1,-0.11993911625149976,3
NUP107,-0.12013351985233407,3
TMEM86B,-0.12018547927439009,3
RPS3A2,-0.12025336246791973,3
LETM2,-0.12029002031743498,3
GRWD1,-0.12037808646250174,3
PLA2G1B,-0.12038119460891188,3
GET4,-0.12040791469051593,3
KLF2,-0.1204908831520668,3
TTC39C,-0.12050195797460757,3
EIF2B1,-0.12057854067065661,3
SLC51B,-0.12057880494991367,2
DNAI1,-0.12071098078837346,3
AMDHD1,-0.12079099873342207,3
SPAST,-0.12080698859508154,3
PTGR1,-0.12093381452256742,3
GM10432,-0.12102452841040563,3
CRTC2,-0.1210994124863386,3
CLEC4B2,-0.12113647585453902,3
CLEC2I,-0.12122312717172884,3
TMEM156,-0.12138216399168293,3
NSD3,-0.12145549870064258,3
SGSM2,-0.12155664605474452,3
GREB1,-0.12158064995153663,3
RAB26,-0.12164476357791948,3
RABIF,-0.12166621240267816,3
CYREN,-0.12171044543914761,3
HMGCL,-0.12183603593676806,3
GM19696,-0.12183698617357903,3
GM6576,-0.12192973798922646,2
GPR65,-0.1220703762264957,3
ARHGAP42,-0.12211961723301423,3
PRND,-0.12231849981469312,3
ORM1,-0.12232461176911034,3
STXBP1,-0.12235530287288247,3
BMT2,-0.1224387026469695,3
LRP10,-0.12245197130264773,3
SNORA64,-0.12248102438871655,2
CEP83,-0.12248293343246115,3
CKLF,-0.1225671207175318,3
TIMM50,-0.1225680038037787,3
CISD2,-0.12268181117762038,3
ADAM1A,-0.12268603352855428,3
PSME3,-0.1227525565301311,3
9330111N05RIK,-0.12282345589235241,2
MUCL3,-0.12285029133034746,2
MRPS17,-0.12297469471634237,3
CHST2,-0.12300497818354932,3
TMOD3,-0.12302019186788983,3
CALM1,-0.12313792852342058,3
IGKV8-27,-0.12317217331768947,3
GM19026,-0.1231877162577284,3
IGKV16-104,-0.12319284115144337,3
TRIR,-0.12332074292897073,3
TRBV12-2,-0.12335604281382406,3
PGC,-0.12336291483452382,3
RBM26,-0.12343833794323238,3
TRP63,-0.12346795750314854,3
UHRF2,-0.12365957868405701,3
DTD2,-0.1236809466044408,3
GM11824,-0.12368241089665222,2
SPRR1B,-0.12370600181033767,2
2410002F23RIK,-0.12376640062943345,3
STKLD1,-0.12379716071515774,3
DUSP15,-0.12382380469717358,3
GAS2L3,-0.12384172845953086,3
RPL36A-PS2,-0.1239609474956922,3
TSPAN8,-0.12403960065825603,3
NCBP1,-0.12411236593001163,3
SLAMF7,-0.12414366489786455,3
CDH17,-0.1242331458925096,3
IGHV10-3,-0.12436267469371765,2
RCBTB2,-0.12436390073496321,3
PARP3,-0.12438133168819487,3
DEAF1,-0.12490470897229168,3
IFI214,-0.12490841892620634,3
SLC39A11,-0.12491470120428634,3
ADAR,-0.12508541732528722,3
GATA3,-0.12534657544721992,3
IGHV1-84,-0.1253773612544522,2
THAP12,-0.12548679597644802,3
BC085271,-0.12552780777746278,3
1700086L19RIK,-0.12556802381107207,2
SAMD13,-0.1256296715103275,3
KCTD16,-0.12564901960712094,2
INSIG2,-0.1257357375494298,3
GM24119,-0.12575207681411196,3
VWA7,-0.12590533474169016,3
L3MBTL1,-0.12606044182603007,3
SEC11C,-0.12606097656180748,3
GM33111,-0.1261663947526937,2
GM5134,-0.12634037267430168,3
GM12630,-0.12642282243273106,3
TBR1,-0.12642763036407206,2
MCC,-0.12644482120020098,3
INSYN2B,-0.12655229100603702,3
DNAL4,-0.1266741169144513,3
CDR2L,-0.12677495671871367,3
SLCO3A1,-0.12682293943773096,3
ZFP319,-0.126846581103051,3
GM550,-0.1268968713964947,2
N4BP1,-0.12695057529258244,3
MX2,-0.12699555902747245,3
GM12094,-0.12711339132032307,2
PRSS2,-0.12714077837516044,3
COL1A2,-0.12715670868560144,3
KBTBD7,-0.1271635720398215,3
IGKV6-32,-0.12730133074562777,3
KCNN3,-0.1273041848126162,3
EIF6,-0.1273311887372656,3
SOAT2,-0.12733302439873165,3
CACNG8,-0.12736970119916985,2
CPNE6,-0.12741873176480523,2
FOXH1,-0.1275911806799399,2
SOCS3,-0.12779075914558424,3
H3C6,-0.12803430096019364,3
ALYREF,-0.1280787302202384,3
SGF29,-0.12813508944383004,3
DMRT1,-0.12816067280584564,2
TUBG2,-0.12826606047355402,3
4930526F13RIK,-0.1283910801294545,2
VPS50,-0.12846637718496723,3
GM3383,-0.12849475037158728,3
FADS2B,-0.1285254339993367,3
ALPPL2,-0.12857269389045556,2
LUZP1,-0.12860273376628983,3
6430590A07RIK,-0.12863877479315952,3
MAGEE2,-0.12868332076229286,2
PNO1,-0.12886882096518804,3
ROMO1,-0.12889486152080512,3
ANK3,-0.12891890890773755,3
TPM3,-0.12895070241514373,3
EXO5,-0.12917316178317242,3
FHIT,-0.1292791530722276,3
YAE1D1,-0.12958513349671646,3
ARL10,-0.12968214721192625,3
UGT2B1,-0.12969737708427165,2
AZIN2,-0.12990061779491255,3
SLC3A1,-0.13007170153494396,3
UNC119B,-0.13009919279034043,3
SLC22A13B,-0.13015527945765926,3
SESN2,-0.13016383340429366,3
PTPN3,-0.13017139685686516,3
UNC5CL,-0.13037092626172075,3
STMN3,-0.1303819499973591,2
GM336,-0.13042963994863954,3
TPGS1,-0.13059464243101884,3
EEA1,-0.13063865233176167,3
CD177,-0.1306671566891279,3
GM10362,-0.13069356870480056,3
STX8,-0.13081818209070947,3
RSBN1L,-0.13102447117517005,3
FASTKD5,-0.13102765125983754,3
UBA3,-0.13116516543378387,3
NPHS2,-0.13132269578906455,3
NTRK3|E430016F16RIK,-0.13147619411238815,3
MPHOSPH6,-0.1314813402428777,3
PSMC2,-0.1315300784378043,3
TRIM25,-0.13153213289811058,3
ELOVL7,-0.1315799049843878,3
PTGER1,-0.1315893637340959,3
GM16574,-0.1315901261354289,3
GTPBP8,-0.13167829116801144,3
APBA1,-0.13185384804988007,3
ARMC8,-0.13189333539761014,3
DOT1L,-0.13210194489178032,3
MARK3,-0.1321143682573269,3
GM6630,-0.1321645842657934,3
NUP155,-0.1323744541927411,3
AQP9,-0.132404178010008,3
ANKRA2,-0.13241493920118208,3
GM18959,-0.13244276121437332,2
IL15RA,-0.1324685416486755,3
ATP10B,-0.13262810311331816,3
TRAV12-3,-0.13268952630624717,3
IGLL1,-0.13272908919174506,3
SH2D7,-0.13277415463455886,3
ATCAY,-0.13286195259197828,3
RASA4,-0.13291173692224376,3
CHMP1B,-0.13291449989485674,3
GM11953,-0.13292365979189696,2
KLF7,-0.1331743450597617,3
CDH9,-0.13323748617363565,3
EXOSC5,-0.13324519612344346,3
5430431A17RIK,-0.13333222279830503,3
PLA2G15,-0.1334324709589266,3
SUSD5,-0.13352759176576037,2
INTS6L,-0.13359956337872236,3
FNIP1,-0.13367545984197945,3
CAPN12,-0.133720937143156,3
GM7895,-0.13375885843124535,2
GM13032,-0.13389545338747424,3
CCL12,-0.13394561907138192,3
ZFP551,-0.1339790411555462,3
COL6A1,-0.13397997817611365,3
SHISA9,-0.1340069887996782,3
GM40909,-0.13402923565097344,2
YRDC,-0.13419750247586032,3
SLA,-0.13422553054878908,3
PLG,-0.13433985011477245,2
MYG1,-0.13434426709383826,3
CNIH2,-0.13446379006066467,3
OR10AG58,-0.1346129150883207,2
ANKRD22,-0.1349193576952686,3
MSL1,-0.13505487446878442,3
TRMT10B,-0.1351170011451324,3
4921525O09RIK,-0.13514409422066395,3
CTTNBP2NL,-0.13514823918500718,3
CFAP44,-0.13518113256667993,3
COX20,-0.13519051305810617,3
GM57663,-0.13521174389971616,2
KISS1R,-0.13526906018572016,3
AARS2,-0.13537122623574596,3
TMEM114,-0.13544218084375848,2
FAM114A2,-0.1354704488266644,3
RNF26RT,-0.13548055827904046,2
LINGO2,-0.1354861149026479,2
SFMBT2,-0.1355588386642764,3
SHROOM4,-0.13563702465404445,3
ADCY5,-0.13563854506866718,3
GM15682,-0.13567002213051305,2
H2-T23,-0.13574599773910903,3
SH3RF1,-0.13580367033261734,3
RNF149,-0.13596836961715397,3
TBC1D4,-0.13597197537621306,3
SH3KBP1,-0.1360390829973436,3
GM5621,-0.13607202282499703,2
OR52N20,-0.13624640563395962,2
GM14230,-0.13627347988858762,3
HOGA1,-0.1364540039206089,3
KPLCE,-0.13650936876367303,2
RNF44,-0.13651836661253058,3
VAMP9,-0.136525542160277,2
LAPTM5,-0.13653742966575402,3
TRIM24,-0.13656444626369793,3
SKINT11,-0.1366242475389854,3
MSH4,-0.13667971852083932,3
5530601H04RIK,-0.13679521995950528,3
HPCAL1,-0.13685628987538254,3
TRAV7-6,-0.13685747413504082,3
CRIPTO,-0.1368592888059591,3
GM10364,-0.1368938759585423,2
COL1A1,-0.1369760357809916,3
MTMR6,-0.13707310311345658,3
DEFB42,-0.13723527535562768,2
2310002L09RIK,-0.13731622662516388,2
POU2AF1,-0.1374033343279749,3
CRISP1,-0.13740831355850175,2
PITPNC1,-0.13754966313702557,3
TBCEL,-0.1377948380808162,3
POLR3E,-0.13790697784614733,3
CD40,-0.13793202960041975,3
CD63-PS,-0.13797515232599125,3
CDK10,-0.13801660169255492,3
FGF9,-0.1381247354785945,3
HDAC9,-0.13818740467718635,3
SPACA7B,-0.13820407555590444,2
SEMA6C,-0.1382194960754138,3
PRMT1,-0.13823571888280636,3
ZP3R,-0.13824079521333957,2
SEPSECS,-0.1382887608429889,3
MOB4,-0.13836992361262235,3
C2CD3,-0.13845827910473915,3
PRRG4,-0.13853094331975346,3
TMPRSS15,-0.13858912633813927,2
GM14167,-0.13864876863583173,3
INTS4,-0.1389451465814358,3
FIBIN,-0.1390963991969519,3
GM7019,-0.13911566010231688,2
HEATR9,-0.13925559070873528,3
PABPN1,-0.1393547230545732,3
INSR,-0.139394226670945,3
FBXO41,-0.13943452625877478,2
ABITRAM,-0.1396168659719815,3
ARHGAP15,-0.1396344766230143,3
ENPP3,-0.13965930376534988,3
CLEC2M,-0.13970397589317332,2
NECAP1,-0.1399167218685016,3
NEK11,-0.14000460070072304,3
TMEM71,-0.14007967318977738,3
AEN,-0.14015065330162677,3
BAZ2A,-0.14022603412462342,3
RALGAPB,-0.14024410430103487,3
RIPPLY2,-0.1402800351095946,3
MDC1,-0.14041020989803496,3
STOX1,-0.14046392755193152,3
ABCA8A,-0.14046917222669822,3
ELOVL4,-0.14055643175708418,3
STIP1,-0.14080247327471482,3
PPM1E,-0.14083317347705557,3
CCNYL1,-0.1409076960904454,3
CEP152,-0.14095740707954826,3
DYNC1I2,-0.14100343002099608,3
ZDHHC14,-0.14117443979253577,3
ESM1,-0.14136706884724712,3
BDKRB2,-0.14156743171401479,3
RPL17-PS5,-0.141575942731741,3
CCDC71L,-0.14158391538652637,3
0610040B10RIK,-0.1416309077043684,3
SPATS1,-0.14171385947498535,3
SF3B3,-0.14197980932393275,3
METTL9,-0.1420044516805522,3
GZMC,-0.14204776586626203,3
EID3,-0.14241082639425198,3
PSMG3,-0.1424440027667109,3
B3GALT1,-0.142514015038191,3
PDF,-0.1426041893044198,3
MARCKS,-0.14268140854422565,3
GNB3,-0.14271355707694225,3
ICMT,-0.1428051616660908,3
CIART,-0.14289226128009813,3
RAC2,-0.14296107723109688,3
SLC16A1,-0.14307626446058505,3
NMS,-0.14316334373418516,2
CCBE1,-0.14316460239627424,3
CYP3A41A,-0.1432529251033263,3
GM53065,-0.1432574817986291,2
HYDIN,-0.14334272508188284,3
DNAI2,-0.1434707408850992,3
SCARNA3A,-0.14347269907832758,3
KPTN,-0.1435010676998235,3
ZFP963,-0.1435607329874581,3
GM12856,-0.14357682978947792,2
CALB2,-0.14360567315560524,3
SLC30A7,-0.14360672232872043,3
CLN8,-0.14362223525585138,3
IGHG3,-0.14375176136988096,3
9130024F11RIK|GM38484,-0.14386635855535276,2
NAXD,-0.14391264119198507,3
GM29228,-0.1439446581889122,2
ISG20,-0.1439985592921603,3
ST13,-0.14414784077368872,3
ZC3HAV1L,-0.14419290363034715,3
MAPK1IP1,-0.14431145782931643,3
SLC46A2,-0.14469883743788503,3
ENOX1,-0.14477099401812718,3
CRTAM,-0.14478947375794501,3
CEBPA,-0.14479883183632894,3
DONSON,-0.1448930935331089,3
GM15559,-0.14489321092952223,3
DEF6,-0.144985337708586,3
U90926,-0.1449889904383373,2
TRIM23,-0.14509283841710566,3
GM6129,-0.14510902920090676,2
GM9132,-0.14518040091701562,2
PSMA5-PS,-0.1453317489407736,3
NCKAP5L,-0.14544098767975866,3
GM8557,-0.14553670057964108,2
IL13RA2,-0.1455658564290391,3
BC005537,-0.14559268523557378,3
GM4761,-0.14560666221031004,2
SHISAL1,-0.1456461680617748,3
LRIF1,-0.1459941898745678,3
ZFPL1,-0.14606775550754778,3
MED4,-0.14608738325569962,3
ADGRF2,-0.1461264816415505,2
DNALI1,-0.14614819925018135,2
INS2,-0.1462736555351484,2
CILK1,-0.14629316747264076,3
ZFP157,-0.14631712421951826,3
HMGA2,-0.1463237625565252,3
DHX8,-0.14634652552064512,3
CRLF2,-0.1466164408644797,3
IGKV6-13,-0.14672768171446707,3
ZFP763,-0.1467436811749425,3
ITLN1|ITLNB,-0.14682954112465643,3
ICAM5,-0.14688047950061883,2
MBOAT4,-0.14692839696384358,2
GM17767,-0.1469978949689419,3
G3BP2,-0.1470437969589124,3
HEATR3,-0.14709081820339356,3
BTLA,-0.1471146017015095,3
HOXD3,-0.1473299048711188,3
C030013G03RIK,-0.14748118794810205,3
BCL3,-0.1475051716906787,3
SLC7A13,-0.14750528813257335,2
GTDC1,-0.1475322001140137,3
ZFP821,-0.14756006434632182,3
GM22634|GM23804|GM24305,-0.147598156547804,2
ANKRD24,-0.14771096919153306,3
ZBTB49,-0.14787523626800037,3
PLAC8,-0.14792224039818583,3
4933432I09RIK,-0.14795334172424845,3
CDK5RAP1,-0.1479756049627338,3
PPME1,-0.14802029308584633,3
CACFD1,-0.14823062237474982,3
GM41611,-0.14825737640595882,3
RFESD,-0.1482761328580057,3
GM11703,-0.1483730725686252,2
TLN1,-0.1484343111566386,3
VSX2,-0.14846955995647307,3
GM3226,-0.14855427339357763,3
GM6787,-0.1486080836091448,2
FMOD,-0.14861494578898965,3
TTC21B,-0.1486222650630655,3
ALDH3B1,-0.1486688797552854,3
FAM25A,-0.14883902248721156,3
DOHH,-0.14903703075639527,3
ERI2,-0.1491023891944431,3
FOXL1,-0.14913104045946207,2
GM10390,-0.14925911530308103,3
TRAV18,-0.14929438548790086,2
SDC3,-0.14932283997486986,3
CXCL16,-0.14950998937108975,3
ADAMTS18,-0.14951463607649182,3
RPL17-PS10,-0.14955394775872524,3
CFAP97,-0.1495647786260261,3
TNFRSF26,-0.1497637676381069,3
TLR6,-0.14977652614413545,3
HSPA4L,-0.14990026413029187,3
USP32,-0.14994498957161886,3
AKIRIN2,-0.14996264362056233,3
4933421O10RIK,-0.15011981017051598,3
MYBL2,-0.15012244544264464,3
IGKV9-123,-0.15012790323222025,3
TUT1,-0.15015408804254468,3
ARMC1,-0.15016161375854398,3
UFC1,-0.15016275494651068,3
PUS7L,-0.15017533929851548,3
TRAT1,-0.1502048360545134,3
NGFR,-0.15020596585727658,3
UNC45B,-0.1503710140129559,3
PLCB2,-0.15037498240688352,3
MTA2,-0.15040735522699325,3
B230217O12RIK,-0.1505556178532567,3
4930507D05RIK,-0.15057279792624279,3
CBARP,-0.15062985295950318,3
ITGB1BP2,-0.15069115523810997,3
CRTAP,-0.1507274719457491,3
TNFAIP8,-0.15074285295035436,3
TMEM200A,-0.15097226468357994,3
RRS1,-0.15108139796316758,3
4930556N09RIK,-0.15109324165082033,2
IGKV2-137,-0.15114515591589955,3
RPSA-PS10,-0.15115319787315684,3
GM5511,-0.15115960871488002,3
GOLGA1,-0.151217382705814,3
MARCHF3,-0.1514642240071932,3
SEPTIN11,-0.15147589948757972,3
ZFP961,-0.15148816479553284,3
TMEM104,-0.15161487232570306,3
DIPK2A,-0.15165129397750818,3
GPX3,-0.15167380949836304,3
DTX3L,-0.15169330007632845,3
SLC15A1,-0.15185924998156441,3
GM5129,-0.1521779013335983,3
EDAR,-0.1521866348628871,3
GM3325,-0.15220205508002713,3
GM13181,-0.15223194798377485,2
SLC35A3,-0.1523417303960572,3
UOX,-0.15237769748141625,3
ZFP595,-0.15244729952652855,3
GM13436,-0.15250983348906844,3
CELF3,-0.15251973388905335,3
GM25117,-0.1525296753423046,3
SULT1C2,-0.15255421219861523,3
NCDN,-0.15285163623841547,3
FCSK,-0.15287175529619804,3
CERS5,-0.1529035195312707,3
LPXN,-0.15305304125473151,3
ZFP317,-0.15308007075587096,3
SND1,-0.15310239020830277,3
ABCG1,-0.15312032553135202,3
CDKN1C,-0.15312050754545195,3
MTFR1,-0.15321981433056764,3
ZFP280C,-0.15331855318448115,3
CD300LF,-0.1533939779283898,3
FAM98A,-0.15339852271991614,3
ADPRM,-0.15347366786583416,3
GM14111,-0.153634954019435,2
GM13216,-0.15371455327463976,2
GSTT3,-0.1537154702585299,3
ZNHIT6,-0.15381633909577355,3
2900005J15RIK,-0.15397153772645897,3
GM26330,-0.15411113038266,2
NPTX2,-0.15418977860889554,3
WWC2,-0.15420686102088188,3
GALNT11,-0.1543409418603995,3
GM12033,-0.1543646851326583,2
HIF1A,-0.1544735162940274,3
WASHC3,-0.15447492414969846,3
GM128,-0.15462167564485174,3
GM14434,-0.15470697887666876,3
ZRANB2,-0.15480660890533526,3
MUP18,-0.1548645626590011,3
GM23262,-0.1550623249353328,3
SOCS4,-0.15528448217699697,3
PCDHB22,-0.15540635463879807,3
TMC3,-0.1554153359102033,3
MDGA1,-0.1555531535836859,3
GM5512,-0.15555531701376946,3
PSMA4,-0.15561127051626586,3
RPL4,-0.1556594838242392,3
POU2F2,-0.15566207099203974,3
PKHD1,-0.15573924678136739,3
CST6,-0.15574687607392387,3
RORA,-0.15577852551846608,3
RPS12,-0.15588426299576005,3
ARHGAP5,-0.15597491757905046,3
4933408J17RIK,-0.15597821861031505,3
BAP1,-0.15601892064742748,3
MCTS1,-0.15607529734940992,3
LCP2,-0.15616360766377774,3
MADCAM1,-0.15622891696093952,3
ATP6V1C1,-0.15642460094758678,3
CALCA,-0.1565966991146591,3
RNF144A,-0.15667156583978017,3
DNAJC10,-0.15673602525842179,3
ZFP386,-0.15675180319497228,3
BC024063,-0.1568707380940462,3
PCDHA12,-0.1568737936445939,2
KCNS3,-0.1568744135485913,3
IFI206,-0.1568795641626283,3
ARHGAP32,-0.15688584766010336,3
DEFA24,-0.1569083705021752,2
FCER2A,-0.15694368719325474,3
PTPN22,-0.15698787993080765,3
9130015A21RIK,-0.15704087978557324,2
MICALL2,-0.1570521465449499,3
9430065F17RIK,-0.15713719807937132,3
GGNBP2,-0.15714838200585265,3
SLC4A11,-0.1571547128969078,3
UBR2,-0.15718409731619706,3
GM10578,-0.15751942675560826,2
SPATA31D1E,-0.15765638031509047,2
AGGF1,-0.15783083494225525,3
STARD3NL,-0.15783142497171349,3
HGH1,-0.15795109906342528,3
H2BC23,-0.1579839549423139,3
DEFB3,-0.15806688729517135,2
EDN3,-0.15811233755896564,2
MUP22,-0.15815324048892018,3
CRISPLD1,-0.15817281683256904,3
COL22A1,-0.15820233284433122,2
INSYN2A,-0.15836676350526901,2
AHSA1,-0.15838121288639542,3
MKX,-0.1584519401043589,3
LYSET,-0.15857879289947244,3
BRAF,-0.15875607161146077,3
GM20878,-0.15878933216261448,3
RGS14,-0.15907593118168273,3
ZFP280D,-0.15919923165531427,3
ATAD2B,-0.15925143228208039,3
B430319F04RIK,-0.15930057779563972,2
CBLN3,-0.1593127703171774,2
CNTNAP1,-0.15935617431914686,3
KLHL15,-0.15935750606054236,3
SNX20,-0.15955598411212074,3
MED6,-0.1595846287334897,3
MYNN,-0.15959624963398208,3
CRXOS,-0.15972432751938956,2
TOP2B,-0.15979129638101294,3
EDN2,-0.15985438609009475,3
PTPRG,-0.15989619210316383,3
DDX50,-0.1599747261551144,3
FARSA,-0.16015735954168717,3
C920021L13RIK,-0.16030267074161794,3
CHD1L,-0.16033605196667092,3
HPS3,-0.16041119274065277,3
HS2ST1,-0.16046012593420014,3
MAP1A,-0.1605376376856464,3
NOC2L,-0.1605600969951683,3
A430046D13RIK,-0.1605879861685466,3
FHIP1B,-0.1606327074440375,3
LIN37,-0.16067441811364272,3
MZF1,-0.1607481094948206,3
TPM2,-0.16075648761500702,3
CALN1,-0.1607861357875687,2
PIAS1,-0.16079468041044723,3
MAPK13,-0.16085134882369245,3
GLUD1,-0.16088179455827248,3
ZFP951,-0.1609300305210388,3
TMEM87A,-0.16097684375276744,3
AA986860,-0.161013429849732,3
PEX5,-0.16102816473408138,3
NAT8L,-0.16113856065065071,3
DCHS2,-0.16127115571651185,3
GM24336,-0.16131865243682536,3
LRRTM3,-0.1613223514358567,3
G630016G05RIK,-0.1614122504409681,3
LATS2,-0.1614222798274309,3
FAM53B,-0.16148722048293415,3
PSMG2,-0.16154039188446304,3
KLHL22,-0.16162623846018168,3
ARAF,-0.16176004075039616,3
TOMM6OS,-0.16178800641455351,3
OAS1E,-0.16182717883375428,2
TEDDM2,-0.16210066360907513,3
ZFP69,-0.16216904410810204,3
SRRM4,-0.16220892391964703,2
CROCC2,-0.16227338606806108,2
SCAND1,-0.16230032624838484,3
IRGQ,-0.16231261540793604,3
GM7536,-0.16237487826162078,3
TRAV4-3,-0.16238701518062057,3
HAUS3,-0.16248037304003238,3
SENP5,-0.16256793476000073,3
GM30790,-0.1626763021144486,2
4930471E19RIK,-0.16270273099222177,2
TNNI1,-0.16285916495586697,3
CYSLTR2,-0.16302308535257917,3
DDX20,-0.16302390087302604,3
PMPCA,-0.16305793594795312,3
TRAV13N-3,-0.16316572885725236,3
CDC42BPB,-0.16318308986804597,3
AICDA,-0.1631915634276455,3
ANLN,-0.16323243780817923,3
GSDMA2,-0.16329658883696493,3
DUSP28,-0.16352771792109053,3
SPPL3,-0.16355269291877772,3
1700028E10RIK|GM3704,-0.16365244766555867,3
SPDYE4B,-0.16371558983915005,2
TPCN2,-0.16376040830969138,3
GM27179,-0.16376656107758222,3
CCDC6,-0.16377107324437906,3
AMPH,-0.16379277553896365,3
PHKA2,-0.16386577697431168,3
PPP2CB,-0.16393106303929592,3
NCAPD3,-0.16400008058353946,3
COPS4,-0.16406860870041604,3
STRADA,-0.16406912279224398,3
4930404I05RIK,-0.16408049197055752,2
DERPC,-0.1641452855105988,3
SOWAHB,-0.16418148791166917,3
TOMM20,-0.16420144220134794,3
CCDC78,-0.16428574716513553,3
SLC16A13,-0.16432693131643028,3
9530080O11RIK,-0.1643440001672946,3
LAT2,-0.1643934912809213,3
AHSA2,-0.16461480350067922,3
MILL1,-0.16472862210034,3
DMAC2L,-0.1647579916123275,3
GRIK2,-0.16480741899979368,2
2010009K17RIK,-0.16482988904221424,2
LEKR1,-0.16488483470266038,3
PGS1,-0.16491563504918655,3
STK16,-0.16491885841839413,3
CYP2C29,-0.16494390197928688,2
GM6649,-0.16495041246749712,3
ATP2A2,-0.164978647663564,3
FASTKD2,-0.16503435050686618,3
CHEK2,-0.16503724351906035,3
SNX25,-0.16504306354264808,3
TRBV2,-0.16525805150322406,3
GM18342,-0.16533381313072043,2
STC2,-0.16535739940541502,3
JAML,-0.16542066106726208,3
AMBP,-0.16542463248232558,2
RFX2,-0.1654460695555359,3
HSBP1L1,-0.16551497802555196,3
2210418O10RIK,-0.16553616501164867,3
IGHV1-74,-0.16554916452297566,3
ANKRD55,-0.165569606297272,3
TCTE2,-0.16559438349918193,3
GNRH1,-0.16600283681382552,3
CLXN,-0.16604268921617024,3
ANGEL2,-0.1660486765921867,3
COBLL1,-0.16605888161735294,3
MOSMO,-0.16616481371426753,3
SPINK8,-0.16619649798966352,2
RCVRN,-0.16621704458528627,2
KPNA3,-0.1663606463349562,3
CD300C2,-0.16645782683648339,3
PRDX2,-0.16652407861073504,3
GM26316,-0.16656040462963287,3
ST6GALNAC5,-0.16659527207654562,2
TRAPPC2L,-0.16662413737499057,3
NR2E3,-0.1666563447810282,2
ALG12,-0.1666991579839963,3
KRT222,-0.16676360655060438,3
BC048679,-0.16682304222110977,2
GM6710,-0.16685793706596863,3
ZFP365,-0.1668972392376519,3
SLC37A1,-0.1669812973470659,3
GPATCH2L,-0.16698324229688843,3
DPPA3,-0.16724280183193443,3
DYNLT2A3,-0.167468747278312,2
THBS4,-0.16757532363514596,3
RAB42,-0.16768874737497827,3
OASL2,-0.16769490040228785,3
F2RL3,-0.1677424470457818,3
EEIG1,-0.16780273211996022,3
GM16675,-0.168109360347976,3
PTMS,-0.16819690935368117,3
RB1,-0.1682670194845849,3
UGT2B34,-0.16841866645309445,3
SMC5,-0.16847126702564422,3
TMPRSS11B,-0.16854871656894801,3
AREG,-0.16855315570147397,3
IGKV3-10,-0.16855791575999368,2
PRKAG1,-0.16868698033751225,3
GM9104,-0.16869700527486967,3
CCDC43,-0.16879292662630016,3
BPIFA6,-0.168844519763778,2
PCBP3,-0.1688947165313932,3
TSEN2,-0.16896181161759327,3
CLDN23,-0.16928506037109134,3
CBLL1,-0.169407681819936,3
HSPE1,-0.1695030708151036,3
ZFP932,-0.1696671852328484,3
RPS11-PS2,-0.169670274187994,3
GM21811,-0.1696722003990189,3
GM23054,-0.16981899868443123,2
1500026H17RIK,-0.16983134567142252,3
CELA2A,-0.1698552246015223,2
ADI1,-0.16987549016681933,3
RPS19-PS4,-0.17002988613227948,2
GM36457,-0.17004709028033935,3
SNORD14E,-0.17010909102239016,2
PAK2,-0.17045010508891126,3
ING3,-0.17053044163855824,3
DOP1A,-0.17053402522775782,3
UCK2,-0.17063197816041678,3
4933405D12RIK,-0.17094078611099406,2
GM51425,-0.17109608549489716,3
RPS12-PS19,-0.1711040554755969,2
ZBTB48,-0.17116903022156152,3
A530064D06RIK,-0.1712269118258857,3
RPP21,-0.17134659572918878,3
ENO2,-0.17149305140376522,3
CHD6,-0.17150770650827188,3
B130024G19RIK,-0.17161422321071282,3
PIERCE1,-0.1717830393648967,3
ZP2,-0.17181435472872855,3
PDE3B,-0.17185928459130814,3
P4HB,-0.17187194453005675,3
FKBP1A,-0.17187551124013134,3
XLR4C,-0.17200813805829093,3
CDADC1,-0.1720943892939781,3
ANKRD35,-0.17211510978461977,3
MLLT3,-0.17216183617096734,3
CPHX1,-0.17216781515427435,2
PPP1R3F,-0.17222344147003335,3
SCD2,-0.1722894852293971,3
PLA2G4F,-0.17232895576365348,2
PLEKHG1,-0.1723696318254563,3
1810014B01RIK,-0.17245325754194793,3
WDR47,-0.17256027392067172,3
ADAMTS4,-0.1726026354401342,3
APBB3,-0.17267967905754414,3
ACRBP,-0.172786919281263,3
IL2,-0.17279549872929797,2
ZFYVE28,-0.1728745827387812,3
ABHD12B,-0.17294857132567643,2
PLEKHH1,-0.1729766122847538,3
CWC15,-0.17298288207979465,3
UQCC5,-0.17298529592700596,3
4930417O13RIK,-0.17299629502136607,3
GLTP,-0.17310581265036992,3
EXOC2,-0.1731313972556385,3
AP5B1,-0.17316486432466308,3
AKR1B7,-0.1731992307162118,3
CCL21F,-0.17331509181715868,3
TSHR,-0.17343736330651427,3
5730405O15RIK,-0.17345043824282036,3
FOSL1,-0.17351895408287024,2
FXYD6,-0.17377606139002785,3
KYAT3,-0.17381223607606788,3
A230103J11RIK,-0.1739791131805396,3
CLCA2,-0.17397996815279282,3
TCEANC2,-0.17398078873774914,3
RPL5-PS1,-0.1740136375381048,3
RASA2,-0.1741723494217123,3
SCN3A,-0.174188447902067,3
BIN2,-0.17418980690716268,3
PHLDA3,-0.17419324198548858,3
PARVG,-0.17445776620224182,3
RNF38,-0.17447933607500402,3
TJAP1,-0.17449927715668126,3
CCNI,-0.17455829914128984,3
FIRRE,-0.17462013355508862,3
INTS14,-0.17494400941402344,3
FBXL5,-0.17499565570236997,3
GFI1,-0.17501474974475129,3
SETD5,-0.17501571723204615,3
GPCPD1,-0.17519574169614968,3
DDX51,-0.175272796215592,3
IPO8,-0.17528998202402832,3
CDK13,-0.1753967142146334,3
NEK3,-0.1755733684414822,3
IQGAP2,-0.17558621953843603,3
PTS,-0.17575184553509948,3
CYP1A2,-0.17581362385349167,3
MGAT4B,-0.17599342689556965,3
4933439K11RIK,-0.1761671728234118,3
MYOM1,-0.17628827758812315,3
RNF157,-0.17633687427083666,3
CNPY3,-0.1763671449536898,3
SLC25A31,-0.17667153128503177,2
SALL3,-0.17673258884189214,3
VAV3,-0.17678433000974744,3
GPRIN1,-0.17690976656480414,3
CXCL3,-0.17695887555922624,2
GM10132,-0.17697572349928492,3
INSL6,-0.17703918941541455,3
CYP20A1,-0.17715587146457742,3
CD300LD5,-0.1771674379910897,3
TRBV31,-0.1771870811125222,3
ADGRG7,-0.177241840799651,3
NXN,-0.1772902107282608,3
P2RY10B,-0.17733147505152394,3
MUP3,-0.17734788322959916,3
NBDY,-0.17753755207119673,3
INF2,-0.17767502208019761,3
CHCHD1,-0.1777739245422705,3
AY074887,-0.1779720198490093,2
OASL1,-0.17805571366599984,3
RFNG,-0.17825971220885606,3
ATM,-0.17855712396893395,3
OAZ1,-0.1786821876262025,3
RFTN1,-0.17876533440484624,3
SCAF8,-0.17880682768608902,3
ZBTB25,-0.17882355041640655,3
SDHA,-0.17899726449055964,3
RPL31-PS4,-0.17907552507775995,2
TDH,-0.17908955027329565,3
RMC1,-0.17926726483425437,3
SLC14A1,-0.1793151882900477,3
RBM22,-0.1793481745481901,3
PCDHB21,-0.17934986997098612,3
PANCT2,-0.17951528601025576,2
UBN1,-0.1795245144128826,3
RPS6-PS1,-0.17956223562822646,3
BB031773,-0.179654880855018,3
GM25432,-0.1796718810468483,3
NMI,-0.1797778097404801,3
GTF2H1,-0.17984384466202155,3
BSN,-0.17988200640072852,3
DNM3,-0.1800261224460343,3
4933412E12RIK,-0.1800586779638993,3
PFN4,-0.18009005400898714,3
VPS18,-0.18012803766960664,3
CAPRIN2,-0.18015710148162098,3
DYNLRB2,-0.18038996153286535,2
TTF1,-0.18051428990473986,3
GM14288,-0.18051587056365012,3
CHST10,-0.18053090017449502,3
NXF1,-0.18056183832366432,3
ARHGEF28,-0.1806738639171465,3
CPSF4L,-0.18072982565179274,3
GNAL,-0.18079560413839357,3
STRAP,-0.18081969384495325,3
SUFU,-0.1808535336679679,3
GM11538,-0.1809927658293276,2
SLC35B3,-0.18103408351111325,3
PSG27,-0.18109833517800802,2
RAD23B,-0.18121803318255147,3
CIB3,-0.18131320661927178,3
FAP,-0.1814061184162696,3
CAMKK1,-0.18146072323268114,3
OTOGL,-0.18146291835985992,2
KIN,-0.1816513662840827,3
TEN1,-0.1816640782333887,3
LCORL|GM3414,-0.1816808054199063,3
MCM9,-0.18173002320824652,3
PPP1CA,-0.1817442332425617,3
MRE11A,-0.18177461030807665,3
KRBA1,-0.18200869349436163,3
VAC14,-0.18200874699434721,3
KDM7A,-0.18206332550414542,3
SAMHD1,-0.1821302377751205,3
VMN1R43,-0.18218692342603457,3
OGFOD2,-0.18218975641823,3
SPICE1,-0.18220564208214576,3
CXCR2,-0.1823353710629508,3
PCBP2,-0.18246769885218608,3
CRYZL1,-0.18260148929567022,3
TGFB3,-0.18266772313850232,3
RRH,-0.18275006756021261,2
BTF3L4B,-0.18278402468307667,3
SRSF12,-0.18289426666468458,3
MIA3,-0.1829537202796443,3
EPHA5,-0.18316001826961528,3
IGFN1,-0.18318461732769223,3
IL36A,-0.18324604742891545,3
GM18225,-0.1833020220537116,3
ROBO1,-0.1834245756305535,3
EPHA2,-0.18344142949869838,3
RSL24D1,-0.1834680475917155,3
SMG1,-0.18351685393399242,3
ST18,-0.18355240607084103,3
ITSN2,-0.18359991259006936,3
POLD2,-0.18360390173281704,3
TIGIT,-0.18361073688141416,3
LAS1L,-0.18370252582648947,3
CCDC170,-0.18385878407318182,3
TBX1,-0.18395295561091596,3
SV2C,-0.18395314757808906,2
1700020L24RIK,-0.1840539509828156,3
RPAP3,-0.184057895955037,3
BMERB1,-0.18413281263867456,2
SLC35C2,-0.18413309924844493,3
NXPE3,-0.18422768829767375,3
TUSC1,-0.18422861311215066,3
STAT2,-0.18428902081420975,3
IK,-0.18450307743881975,3
RALGPS1,-0.1845120574948236,3
GM94,-0.18465786283452654,3
TRBV17,-0.18479837649913256,3
SMIM35,-0.1848775832836591,3
DDX23,-0.18508760903042012,3
CEP89,-0.18544219673521897,3
HSPD1,-0.18544772880697846,3
UVRAG,-0.18546587324873856,3
SLC2A2,-0.1856723907088423,2
SLC41A2,-0.1856983498583534,3
H2BC21,-0.18570674001480905,3
ICOS,-0.18578575913310744,3
SLFN2,-0.18623367734243335,3
SRCIN1,-0.18625631864009776,3
GM11454,-0.18627251747103765,3
GRP,-0.1863550472851029,3
TRAV19,-0.186380283989006,3
GM25106,-0.18647120423401228,2
EPN3,-0.18647148562175897,3
LSM7,-0.18648718164949254,3
XCR1,-0.18654109852966416,3
XPNPEP3,-0.1866278886697502,3
LIMS1,-0.18669101209919228,3
TCIRG1,-0.18670730152723328,3
OLFM5,-0.18685491720351766,3
RPS19,-0.18689105410751164,3
SNHG16,-0.18690671366655096,3
ADGRB2,-0.1869978310477274,3
ETF1,-0.18700809947594413,3
HS3ST5,-0.18712770632493456,2
IMPG1,-0.18716676409208588,3
SUGP1,-0.1872528405396903,3
DHX34,-0.18727165626415873,3
SYN2,-0.1873127091878961,3
EVPL,-0.18736216561411748,3
RCE1,-0.18752805461356437,3
VPS37A,-0.18767713764955732,3
SNORA69,-0.1877395372461918,2
RBMX,-0.18776112563430655,3
TLR7,-0.18781992799870648,3
HTT,-0.1879005826139035,3
PLPP1,-0.1881636615626844,3
BCR,-0.18825166490773335,3
SLC10A1,-0.1882658176356081,3
RNF8,-0.18833142083387414,3
PCYT2,-0.18835909766794554,3
NAPB,-0.18843323042566426,3
JPH1,-0.1884963732490762,3
CIMAP1D,-0.18853512661173874,3
CRP,-0.1885903268868491,3
SPAG16,-0.18865165169014447,2
1700112J16RIK,-0.18871429166640888,3
GABRB3,-0.18886456038240057,2
FABP2,-0.1888986209331771,3
AGBL1,-0.18891953436130318,2
1700034H15RIK,-0.18896027249182748,3
IZUMO1,-0.18898227336908216,3
RDH1,-0.1889899955571169,2
NUP43,-0.18899630521794164,3
PPFIA2,-0.18904053645275423,3
REXO2,-0.18907545461637856,3
ERGIC2,-0.18915992223582104,3
KLHDC3,-0.18920018488315263,3
ZFP426,-0.1892927447205475,3
GM5084,-0.18941368878090453,2
CSNK1G1,-0.1894296318962713,3
FSBP,-0.18944350367110405,3
GM6978,-0.1894760659515448,2
IMP3,-0.18949138533892582,3
GM28535,-0.18952966420593745,2
PRDM4,-0.18954373233204014,3
RAB3GAP1,-0.18956981528095748,3
SOX30,-0.18969439898103832,2
ZFP626,-0.18974102356353348,3
ATOSB,-0.18991471040231697,3
SMU1,-0.1900690669992939,3
GM8337,-0.1901566050614508,2
TBC1D10A,-0.19023117933908354,3
CAPN8,-0.1902544666192206,3
MUP4,-0.19027017757699832,2
GIP,-0.19028188054199338,3
VSIG10L,-0.1903355453413725,3
GPATCH4,-0.19052428852175285,3
CD59B,-0.19059619580566034,3
POLR2D,-0.19067694907470512,3
VCPIP1,-0.19071555791813044,3
NLK,-0.19077924274620076,3
GM13408,-0.19084528900623585,3
ME2,-0.19085922896473964,3
TMEM26,-0.19097991941712444,3
GM8013,-0.1911269028013034,3
METTL2,-0.19117504105881988,3
SLC26A9,-0.1912035219009439,3
PRXL2B,-0.1913303096093163,3
TRGV4,-0.19139551328100227,3
POGLUT2,-0.19147474246347304,3
KRT73,-0.19151897484289096,3
UBL4A|GM44504,-0.19157975842019956,3
SFPQ,-0.19175295928561317,3
SLC35B1,-0.19182942451542695,3
ZFP458,-0.19184000302982165,3
CABIN1,-0.19212090793028527,3
2700038G22RIK,-0.19213499555428223,3
TSLP,-0.19214170949576617,3
A430090L17RIK,-0.1921866831073035,3
PNOC,-0.1921932440611447,2
RANBP9,-0.19228394956873499,3
BRD10,-0.1923031396895397,3
CLDND1,-0.19230905658765574,3
MEN1,-0.1926143407663549,3
PCIF1,-0.192660932509884,3
KLC2,-0.19268669092408067,3
TMPRSS3,-0.19275024754105824,2
H2AJ,-0.19282604594119324,3
OCIAD1,-0.19283043144466805,3
TBC1D13,-0.19287204321540952,3
TRAV7D-3,-0.19304373696948784,3
SLC26A6,-0.1931612448227781,3
NFKBID,-0.1932444925336747,3
HSD17B6,-0.1933346338077101,3
TMEM128,-0.19336830328613397,3
GPR179,-0.19343615164773884,3
HNRNPF,-0.1935528433179298,3
GM9701,-0.1935844828684853,2
SMO,-0.1935917734216004,3
CCDC61,-0.19367604264854074,3
PREPL,-0.1937207075641312,3
KRT6B,-0.19385832820448093,3
CD74,-0.193900358524664,3
ZFP706,-0.1939676255555326,3
ATP4A,-0.19399909193470574,3
GM8098,-0.1940310376849906,2
GM5331,-0.1940668258909191,2
NLGN4L,-0.1943137633925871,3
SSH1,-0.1943168030994186,3
NELFB,-0.19435066141748877,3
TFAM,-0.1943738851804123,3
A630001G21RIK,-0.19438373011715945,3
GM25852,-0.19451857485766771,2
CCDC168,-0.1947224493516885,3
POLDIP3,-0.19500696549188512,3
FBP1,-0.19504367118182944,3
INAVA,-0.19507391677931787,3
ABL1,-0.19518216274355726,3
GM33667,-0.19522709233472202,3
A,-0.19545267791921817,3
SLC35A5,-0.19546363101042996,3
POLR2E,-0.19554957723430832,3
CAPN10,-0.1955557646455899,3
ADCY1,-0.1955691753330858,3
TMPRSS11D,-0.19564120880494543,3
GRID2,-0.19568847212887874,3
DCPP1,-0.1957132677298652,3
ARMT1,-0.19578339319335814,3
IL1A,-0.19584950759236722,3
RPS26,-0.19594620382364245,3
PRSS33,-0.19606131282443573,2
RTRAF,-0.19607633425435958,3
RHOQ,-0.19614529606294906,3
DCTN4,-0.19636132272253592,3
GCA,-0.19641786870656294,3
GM12359,-0.19646603457433107,3
SLC19A2,-0.19650905200456367,3
SPACA1,-0.19663867997146292,3
REPS1,-0.19683784908812055,3
GM19680,-0.1971017779918358,3
SCG5,-0.19714094388967243,3
PKIA,-0.19718221659328203,3
SERPINA3I,-0.19720091256361397,3
UBE2L3,-0.19721797875055158,3
KCNMB4OS2,-0.1972307227071244,3
ARPC1B,-0.19734701172482075,3
SEPTIN1|GM4532,-0.19741826690151898,3
1700119H24RIK,-0.19746430992627695,2
GM14165,-0.19752856447383205,3
DMP1,-0.19771451372080937,2
B130055M24RIK,-0.19781833688848294,3
IPCEF1,-0.197832140340324,3
GLE1,-0.19783584285206204,3
TAS1R1,-0.19787263463998492,2
CACNA1B,-0.1980739026749929,3
ERF,-0.1981264515801914,3
RGS10,-0.19813597181045814,3
SKINT8,-0.19824131239933673,3
CLEC9A,-0.19828224875012482,3
BEGAIN,-0.19829741285072192,3
GM44505,-0.198394144923044,3
NAT8,-0.19840667841191625,2
FNBP4,-0.19849643254295546,3
KRT79,-0.19855446763147824,3
FANCB,-0.19880567411679817,3
TMEM54,-0.19887380876278507,3
E230013L22RIK,-0.19897595695928236,3
TTYH1,-0.19907754804549213,3
PHACTR1,-0.19914339892959254,3
SPOP,-0.1993282933457524,3
SIN3B,-0.19942308621954,3
FAM199X,-0.19945650173692017,3
4930549G23RIK,-0.1995092821804294,3
PROB1,-0.1996695950285706,3
GM8349,-0.1997252604542444,3
IDO2,-0.19981983712929424,2
GM7054,-0.19984926701112415,2
ATP6V1H,-0.19990960571875074,3
CSF1R,-0.20000244003132037,3
ESD,-0.20005973370444183,3
PHETA1,-0.20009970742217473,3
PREB,-0.20014514019697663,3
PPFIA4,-0.2001861592297273,3
GM18760,-0.2002246598656481,2
ASTL,-0.2002371067192263,2
ACVR1C,-0.20023901766594135,3
ZFP608,-0.20026910721889926,3
PPDPF,-0.200384620247023,3
GM20826,-0.20062894934691322,2
RPL31,-0.2006660452791372,3
PLA2G3,-0.20071303669078475,2
TMEM132B,-0.20103832852442874,3
ANKRD46,-0.20105041159885473,3
NTHL1,-0.2010807353522535,3
CNNM3,-0.2010816857299047,3
GM2885,-0.201183066072926,3
SLC2A13,-0.201211736875072,3
GM5913,-0.20122843379659572,2
USP16,-0.2013323325059931,3
ANGPTL6,-0.20141589201881208,3
GM23751,-0.20148044863493506,3
A930003A15RIK,-0.201530855882833,3
CCDC38,-0.20159636229506903,3
VSTM5,-0.20161553816377067,3
LTBP2,-0.2017784038061249,3
GM44126,-0.2020476284094729,3
CMTM6,-0.20238671602274072,3
GM1965,-0.20240752425978945,3
MROH4,-0.20244953573808355,3
VASP,-0.20281897769010082,3
PIR,-0.2030464594302239,3
KLHL28,-0.20305146271098976,3
SCCPDH,-0.20311204738675004,3
DHX57,-0.20313127841647768,3
GM11585,-0.2031579145166876,3
FARSB,-0.20320552914486364,3
COL5A2,-0.20326280241865188,3
CYSRT1,-0.20326645656714482,3
RGS20,-0.20332434202826008,3
TMIE,-0.20342825671400533,3
GM32391,-0.20342836502423065,3
CUL2,-0.20345513933318163,3
GM19710,-0.20360736857121084,3
NUBPL,-0.20406292132284476,3
SLAMF8,-0.20407160415968792,3
PIKFYVE,-0.20421049408680292,3
TBC1D25,-0.20425137939980811,3
SMIM8,-0.20435815932394563,3
TASOR,-0.20436569052582895,3
GM7422,-0.20450139361628955,2
SNX30,-0.20453455318947797,3
IQANK1,-0.20463366174349548,3
GM10163,-0.20471809143664763,3
DDX1,-0.20487945226650775,3
EFCAB14,-0.20500879922927048,3
GM26766,-0.20502341056383766,2
TMEM259,-0.2050533454333708,3
GNAT3,-0.20510935963451238,3
JMJD4,-0.20522344537727974,3
MAST3,-0.20522386825624928,3
MAB21L1,-0.2052807889394413,2
GM2974,-0.20533676540808488,2
ING1,-0.20535542956375566,3
UBE2G1,-0.20542277323952182,3
2310008N11RIK,-0.20548436936683795,2
GAL,-0.20559626564789926,3
RUNDC3A,-0.2056122837229513,3
PLB1,-0.20570005278168693,3
INO80E,-0.20570049218935438,3
COX10,-0.20574112514256337,3
FMNL1,-0.20578010274047184,3
PDGFRA,-0.20596085843421,3
SHLD2,-0.2060033623917262,3
FYB2,-0.20614233906494506,3
SFRP1,-0.20619752002840405,3
GM5930,-0.20626655958331722,2
JAKMIP1,-0.20645766938469304,3
SLC35B4,-0.20647726975064132,3
HSF2,-0.206503425687427,3
GTPBP1,-0.2065039430513352,3
GM12331,-0.20689670255251436,3
GM24888,-0.20695561679911068,2
POLR2G,-0.20701480095211777,3
TMEM203,-0.2070897442987012,3
DYNLT2A2,-0.20719333722093933,3
GM5487,-0.20723638110107986,2
RPL13-PS1,-0.20726759932613925,3
2810454H06RIK,-0.20732249426779312,3
FYTTD1,-0.20738278006112212,3
A330074K22RIK,-0.20753000120303527,2
ZBTB32,-0.20758377830798522,3
PHLPP2,-0.20778571581793837,3
AA465934,-0.20791394500971297,3
FHOD1,-0.20798061595506823,3
CCDC81,-0.2080651811557076,2
ZCCHC4,-0.208208721267218,3
ECM1,-0.20826008150291475,3
PDZD8,-0.208334891876771,3
RPL23A-PS3,-0.2084395587934902,3
SMTNL1,-0.20848546353078443,3
SLC7A3,-0.20849070942955344,2
TATDN1,-0.20872104741564013,3
WDR97,-0.20874761692213892,3
GM14827,-0.20883945156698178,2
POU3F3,-0.20897517008682592,2
MYH3,-0.209065613108637,2
CCDC134,-0.2091586829986133,3
HSD17B13,-0.20919422736941032,2
SLCO1A6,-0.20932381326286514,2
HOXC10,-0.2093665866192831,3
IGKV12-46,-0.20937880526506483,3
RIMKLA,-0.20952947977584635,3
CDC40,-0.20955502611310137,3
TUB,-0.20956194840216377,3
MICU1,-0.20964501767548183,3
GM9320,-0.20972524020576047,3
NDUFS6B,-0.20984270097359506,3
SOWAHA,-0.20990093934606013,3
PDCD4,-0.21021838886158464,3
GRIFIN,-0.21032538491783667,3
CDHR2,-0.21045450530367527,3
A930037H05RIK,-0.2105038578464107,3
XRN2,-0.21051998733545516,3
CDK9,-0.21053812016245047,3
UNC13A,-0.21067414393774442,3
CTPS2,-0.21067934082725562,3
GM7434,-0.21069281606075943,3
CNIH1,-0.21076508449353223,3
SPINDOC,-0.21083069584180467,3
RBP4,-0.21098284228233197,3
ARID3B,-0.2113647976953301,3
SLC3A2,-0.21152137654841416,3
PRKCB,-0.21153257922550037,3
TDP1,-0.21162196480106724,3
RPL31-PS6,-0.21174529319255,3
FOXO1,-0.21177599843067965,3
CEBPG,-0.21196317186465163,3
SERPINA3H,-0.21197565233161894,3
RING1,-0.2120009263361247,3
PVALB,-0.2120111238688784,3
DDX42,-0.21204700349315342,3
CACNA1G,-0.212175300278471,3
ACAA1B,-0.2121949134845249,3
DRD4,-0.21225729355550627,2
GM8197,-0.21228258178224338,2
CLEC7A,-0.21237026229298542,3
GM5547,-0.21240116034106124,3
ANAPC1,-0.21263938635951116,3
SPATA7,-0.21275280096532742,3
ZFP729A,-0.21277738861365156,3
SNORA21,-0.21280231148219522,3
ZFP513,-0.21282859928992223,3
TMEM178B,-0.21284982216248158,3
GGA1,-0.21304841661683635,3
PDK4,-0.21305935913093385,3
UNC50,-0.21307725326905794,3
GPC1,-0.2131736645859292,3
CLDN9,-0.21324693577640044,3
SAP18B,-0.21340194533204063,3
TRAV13-3,-0.21347004275214734,3
RNPEPL1,-0.21357180170745038,3
GM15267,-0.213670676884656,3
GM12176,-0.2136822810154723,2
ZFP982,-0.2137017086017118,3
CAVIN4,-0.21380878421266064,2
MSTO1,-0.21392111252669674,3
ZFP653,-0.2140127183727678,3
KLK1B1,-0.2141751882459722,2
CLIC3,-0.21432744878132046,3
GM6145,-0.2143399294856146,2
FAM184B,-0.21440457377704558,3
BRPF3,-0.21452956802484865,3
GM53058,-0.21454254256431288,2
KCNH6,-0.21455601435790275,3
IQCM,-0.21456038391330473,2
METTL27,-0.214611314924866,3
MAEA,-0.2146530917765539,3
USO1,-0.21475996460717175,3
TSACC,-0.21479861937316122,3
YJU2,-0.21479994329918042,3
GABRA2,-0.2148619639168076,3
PPP2R2B,-0.21489535868048412,3
CCK,-0.2148989358191861,3
RPL5,-0.21502674239200156,3
SON,-0.21506514984761493,3
ZFP655,-0.2151382649153446,3
GNL2,-0.2153100048622113,3
SFXN4,-0.21533118924032588,3
ATAD3AOS,-0.21542674063959635,3
GM12017,-0.2155169919770321,2
RPS2-PS9,-0.21554457072496933,2
SHISA4,-0.21562802284592628,3
HS6ST2,-0.21568919840902537,3
ZFP410,-0.2157435397594181,3
MRPL23,-0.21575372502049284,3
RNF6,-0.21593830183518745,3
NR4A1,-0.21609021629336075,3
GM12490,-0.21616508477519725,2
TDRD3,-0.21618314403165317,3
SMOC1,-0.21619734290199877,3
MVB12B,-0.21649507991466355,3
NIBAN2,-0.21660958565665456,3
GM8185,-0.2166230613565745,2
ULK1,-0.21668424025670166,3
H2-M6-PS,-0.21678488646060795,2
NUP88,-0.2170052020432932,3
HS3ST3A1,-0.21711308452122655,3
PYGM,-0.2171216937424024,3
GM8983,-0.21751489797698903,2
GM8206,-0.2175213177878207,3
NOS2,-0.21758589941735593,3
GM16731,-0.21761258534294387,2
SRP54A,-0.21774124516810156,3
TRABD,-0.21796011934684878,3
LPCAT2,-0.21802339466517118,3
PSMG1,-0.21813089024733823,3
ZFP433,-0.21817773889038258,3
R3HDM2,-0.21822975998726216,3
TUFM,-0.2183257313255165,3
ISYNA1,-0.21853417960645335,3
OMG,-0.2186453585828941,3
KDM5C,-0.2186645562937679,3
S100A8,-0.21869982898031196,3
FZD10,-0.21885827033023475,3
TRAM2,-0.21890068179785627,3
GM6211,-0.21890552664155608,2
KRT17,-0.21891723456801596,3
RHOD,-0.21894927848928902,3
ZFP575,-0.219045612245983,2
MYBPC1,-0.21906848358222394,3
SAPCD2,-0.21925200802530795,3
IFIT2,-0.21926018471801392,3
BRSK1,-0.21941004336956338,3
GM2396,-0.21942802213480114,3
CHGA,-0.2195846768810733,3
OR6AA1,-0.21963002336275234,2
CCT8L1,-0.21971806782372805,2
HAL,-0.22001941404956193,3
PPP1R13B,-0.22002809032457657,3
TTC14,-0.22034051666785434,3
KLK7,-0.22034469310686924,3
MAP7D3,-0.2204291889660476,3
5430437J10RIK,-0.22048651999770175,2
DNAH7C,-0.22053098782007458,2
GM23472,-0.22054749437691745,3
IBTK,-0.22061993677213668,3
H2-Q10,-0.2206587383151186,3
CELF5,-0.22071990452878382,2
GM10222,-0.22085492844794843,3
PAQR8,-0.22106810274790337,3
GM11927,-0.22107947879506828,2
ZMYND15,-0.22108799886797606,3
TRAF1,-0.2213381362827791,3
NMRAL1,-0.22134408734797476,3
SATB2,-0.22134601981914803,3
TNIP3,-0.22138717234252028,3
1700099I09RIK,-0.22143410813840167,2
TTC3,-0.22145564346593005,3
P4HA3,-0.22154733349960795,3
CERKL,-0.22161201473290137,3
F830016B08RIK,-0.22166061082928343,3
YEATS4,-0.22168465201621537,3
HDAC8,-0.22168910132212816,3
LCN8,-0.22178597778411283,2
DYNLT2B,-0.22183780520267923,3
HNF4G,-0.22192354945661064,3
ZFP407,-0.22230751766670712,3
BCL2L1,-0.22239492704480268,3
CWF19L1,-0.22242413277835574,3
FAM209,-0.22254592106890203,3
TRAV23,-0.22267798329092714,2
RNASEH2A,-0.22280457685398336,3
TPP2,-0.22295013601702182,3
RNF135,-0.22302442579651602,3
KHDC1C,-0.22314737024464623,3
KLHL20,-0.22315415724245455,3
KLRA6,-0.22325375321774185,3
CSTF2,-0.22334570242184001,3
VINAC1,-0.2235653777623018,2
ASXL2,-0.22356999687903786,3
MUP9,-0.22357796520561443,3
5730403I07RIK,-0.22364571217197923,3
LRCH1,-0.22366801758806187,3
SYVN1,-0.22369985894967895,3
POC5,-0.22377191939636706,3
PMAIP1,-0.22391934791403975,3
PDE10A,-0.223928620953295,3
PSMB7-PS2,-0.22415590024507262,3
PPP1R8,-0.22442368034552737,3
ATP11C,-0.2244715845257337,3
RIMBP2,-0.22478427532059475,2
PARK7,-0.22500098836711102,3
POC1B,-0.22500533955930732,3
IGKV6-20,-0.2250814234550453,3
GM10054,-0.22519612600466418,2
ZFP871,-0.22523259563668777,3
FSCN1,-0.22524532367838165,3
DMRTB1,-0.22536908369938324,2
TOX4,-0.2255917700063033,3
ECPAS,-0.22562083991056855,3
TPGS2,-0.22562098123150673,3
HSBP1,-0.22572909389151574,3
DYNC2I1,-0.2259241648996574,3
NUDT10,-0.22592600153798306,3
ANKS4B,-0.22593991544036338,3
GM7535,-0.22603930729446658,2
KBTBD3,-0.22615637637688044,3
SALL2,-0.2263698093055293,3
ATOH7,-0.22653109401869695,2
MLLT10,-0.22654493733291944,3
NELFE,-0.22656162378012804,3
STXBP5L,-0.2266169913701002,2
PPP3CA,-0.22662824269944615,3
VMN2R29,-0.22677762130642887,3
GM23370,-0.22679844535575092,2
MED10,-0.22687862029563047,3
CRYBA2,-0.22697945123872573,3
WDR6,-0.22709126556166995,3
IGKV4-62,-0.22710676978518882,2
RBM41,-0.22710975918769172,3
REG1,-0.22724895742031495,3
ZFP1010,-0.22728454545111587,3
SPATA31D1B,-0.22738025689832161,3
TEPSIN,-0.22748972400448939,3
IFT74,-0.22772735806239283,3
GM5242,-0.22776920910895124,3
LOXL4,-0.22786104584539102,3
CIAO1,-0.22800622427184017,3
GM33100,-0.22801005383606818,3
PRUNE2,-0.2280211326727709,3
RGS9,-0.2280408898108954,3
USP47,-0.22811376041866047,3
ZFP276,-0.22813997235228725,3
TBXA2R,-0.22820332848215666,3
ERMARD,-0.22820640758614022,3
0610038B21RIK,-0.22829600844299033,3
H2-OB,-0.22837327502763924,3
GM9926,-0.22840111534645535,3
FAM83H,-0.22865944153312043,3
SNORA73A,-0.2287499011808882,3
DNAH17,-0.22876955189273307,3
DMGDH,-0.2287948228053336,2
SEZ6L,-0.22879751923650846,3
SLC25A10,-0.22881239020378086,3
GRK4,-0.22888629903522573,3
RPL37A,-0.22899225082582705,3
GM10154,-0.2290208672510679,2
UCP2,-0.2291716988647873,3
KLF1,-0.22922602878679751,3
PPM1B,-0.22937101821614458,3
RRAS2,-0.22939659373511231,3
TRDV5,-0.2295929269402973,3
GM33104,-0.22980401361836503,3
DALRD3,-0.2298451245601195,3
IAPP,-0.22984597573186183,3
XPR1,-0.22985401141018472,3
GM5141,-0.22997498671039848,3
DAAM1,-0.22999931643421598,3
BMP2K,-0.23002113171368388,3
BCL2L14,-0.23014443668398232,3
TIGD3,-0.23023420781472748,3
3110045C21RIK,-0.23024987002856526,3
MINDY3,-0.23026323378843253,3
SHB,-0.23029721053097732,3
NEDD4L,-0.23030166640088365,3
MNT,-0.23032294243542484,3
GM19125,-0.23033081299322444,2
FOXD3,-0.23036384039301208,3
TMEM80,-0.2305542286736669,3
MALAT1,-0.23063292299881066,3
GM15712,-0.23070815800362046,3
WAP,-0.2307487076496692,2
IFI30,-0.23093630139697585,3
GM2446,-0.23095297814239624,3
FBRSL1,-0.23125018482957907,3
IKZF4,-0.2313703538639836,3
GM13582,-0.2315313742270565,2
DUS4L,-0.23155987188862726,3
DEFA21,-0.2316019508066651,2
RNF103,-0.2316426384290832,3
LGALS9,-0.23169067165478152,3
WWOX,-0.2317067997436549,3
SPATA18,-0.23176157766023103,2
KRT12,-0.23198468369960337,3
PDZK1IP1,-0.23200508846620252,3
1700067K01RIK,-0.23211411649492994,3
ADSS2,-0.23215098758207106,3
RELA,-0.23219539597739225,3
CEP57,-0.23227760096919972,3
ING2,-0.23238710583383235,3
1700113A16RIK,-0.2324617927380237,3
CAPSL,-0.2324843701187882,3
IQGAP3,-0.2325728860488647,3
SETD6,-0.2325773881678401,3
MMEL1,-0.23260975198261227,2
FOXN2,-0.2326881603623311,3
A230004M16RIK,-0.23273948856235843,2
RPL9,-0.23291925129276678,3
RMDN2,-0.2330975260349213,3
PTPRF,-0.23314478463933688,3
IFFO1,-0.23315178271841755,3
CCT5,-0.2331673798067,3
SF3B5,-0.23331569087044665,3
NAB2,-0.23365233331358834,3
GM14965,-0.23369987545009918,2
GM16973,-0.23370073654199772,3
ELMO3,-0.23371490879770496,3
SMC2OS,-0.23379755169667518,3
PPFIA3,-0.23398716998849337,3
RNF146,-0.23401264656875065,3
SSH2,-0.23407562004010515,3
SGCD,-0.23410022337830505,3
UPF1,-0.23421732108794702,3
SILC1|GM20187,-0.23422187350376666,2
ZRANB3,-0.23424043911873685,3
MAP9,-0.23430858879743477,3
PDK1,-0.23431169406829064,3
ULK3,-0.23431252151313706,3
NSUN3,-0.23440225724593486,3
INKA2,-0.23456182333946443,3
EPB41L4AOS,-0.2345679749851607,3
SMUG1,-0.23468747788696243,3
MED17,-0.23473179274853853,3
SLC16A5,-0.23475498328721214,3
APOF,-0.234832893345575,2
AKAP9,-0.23496525342348154,3
AHRR,-0.23498649241234673,2
PDCD2,-0.23515898429510204,3
PHLDB3,-0.23517524795174735,3
PRDM9,-0.23523662834772607,3
BBS4,-0.2354646498466746,3
GPATCH8,-0.23554813311731335,3
HNRNPUL1,-0.23564787800328765,3
PSMD1,-0.2356541834176452,3
GNB1,-0.23579941978519212,3
RPS21,-0.2358312419977875,3
BCL2A1B,-0.2359133342131544,3
GM7589,-0.23604264758168209,2
AFG3L1,-0.23605365215503457,3
VOPP1,-0.23605591652520655,3
CHGB,-0.2361860479931214,3
GADL1,-0.23623243824294393,3
RABL3,-0.2363961832165924,3
VWA5B2,-0.23653258586781106,2
MORC3,-0.23654474270930936,3
PIP5KL1,-0.23660661815040673,3
GM14326,-0.23666034777156145,3
GDF11,-0.23676207935457713,3
DAZAP1,-0.2367893382682554,3
GM4841,-0.23687478486436064,3
INO80C,-0.236923715829601,3
GM11532,-0.23704428185959744,3
CDC20B,-0.23706510980540607,2
ATIC,-0.23709252919267834,3
GM12610,-0.2371610440608838,3
ABCA7,-0.23718467864402704,3
TRAPPC8,-0.23721601654303281,3
VNN1,-0.23738043751555538,3
LPIN3,-0.23753881756479275,3
GAB3|GM38425,-0.23763082200994004,3
GM2814,-0.237696481131899,3
ESRRG,-0.23771613377938702,3
ATP12A,-0.2378032249067835,2
GJB2,-0.23781163254663104,3
HCCS,-0.23790449981975245,3
HUNK,-0.237923215970443,3
RPS12-PS5,-0.23792518575150046,2
MCU,-0.23804884845567123,3
TSGA10IP,-0.23823401694721436,2
UPRT,-0.23830952066410163,3
SERPINB3D,-0.23835061114053224,3
TMEM82,-0.2384510880394378,3
DNMT3B,-0.2385178333315495,3
TRAPPC11,-0.23853107020264738,3
SIS,-0.2386199885166409,3
BRD3OS,-0.23863083408379004,3
PRICKLE3,-0.23865954952503865,3
PYM1,-0.23868254097573213,3
BEX6,-0.2386907841106408,3
1110004F10RIK,-0.23869661397851497,3
GM3488,-0.2387901830222752,3
PIWIL2,-0.23881450487121503,3
SH3PXD2B,-0.23902120764377108,3
USP5,-0.23904872459481952,3
MROH3,-0.23911642196375205,2
ACYP1,-0.23917785460681315,3
GM39321,-0.23922077978422762,3
POU2F3,-0.2392377569648855,3
TAF4,-0.23931149034980914,3
GM57856|GM57498,-0.23939985893308435,2
GARS1,-0.23947848606411035,3
TBC1D15,-0.23951908780335832,3
GM8177,-0.23964307171469718,2
MAP2K6,-0.23966465269182136,3
SULT2B1|GM5897,-0.2397367643989234,3
ALPI,-0.23975004646519188,2
GM50471,-0.23975462501870595,3
ZER1,-0.23975909198925047,3
S2BPCOX16,-0.23989779256821275,3
OCIAD2,-0.23991504754373752,3
DCLK2,-0.24008888818597174,3
MORN4,-0.24009535317003255,2
PARP8,-0.24010798253576474,3
KLHDC8A,-0.24014891908165037,3
9930012K11RIK,-0.24015036660755354,3
SLC4A7,-0.24040934786824533,3
YTHDF1,-0.24046657243350977,3
RNF20,-0.24047418895562542,3
COLQ|GM57482,-0.24051427798475059,3
PATL2,-0.24053975764774824,3
TRMT9B,-0.24061039524598707,3
SKINT10,-0.24071226720229444,3
SHC3,-0.24084352081099658,2
BPTF,-0.24085454757858885,3
GM10155,-0.24089555951382588,3
TNFRSF10B,-0.24100519268515005,3
GM4204,-0.2410834727921329,3
KLRA5,-0.24118225821567696,3
QRSL1,-0.24121216248844493,3
SLC4A8,-0.24124170775928552,3
MED28,-0.24128014755473282,3
KCNV1,-0.24130829116221406,3
ATG16L1,-0.24143156858243006,3
GM8226,-0.24149946623993243,3
RPAIN,-0.24159472135487595,3
SNHG8,-0.24161972398871523,3
FEM1AL,-0.24164468021268812,2
RMI1,-0.2416808064702665,3
TRIM8,-0.24185632890308173,3
LMNA,-0.24195137357677413,3
CUL1,-0.2419579682907911,3
SUSD2,-0.2420784802060644,3
ECEL1,-0.2422589008504728,2
FAM169A,-0.24229841453441855,3
MTIF2,-0.24235453700151022,3
KDM4A,-0.24251283024238937,3
GM8325,-0.24261209453561725,3
MED12L,-0.2426564889380239,3
MCOLN1,-0.24269917083051373,3
GM45588,-0.24275375140384345,2
SLC26A8,-0.24291256977069353,2
BRF1,-0.24294359645525695,3
IGFLR1,-0.2429604689946233,3
RNASET2A,-0.2429930948959953,3
IL2RG,-0.24307673660493398,3
MRPS27,-0.24327352406714095,3
CASP3,-0.24345060333306814,3
ELK1,-0.2435304148465113,3
RPL7-PS8,-0.243666219226356,2
DEF8,-0.24374419239292452,3
CYP2G1,-0.24388398717417228,3
GPR21,-0.24407804513077924,3
GDPD2,-0.24407849514973368,2
TET2,-0.2441358492620822,3
MT4,-0.2442357973944315,2
2610005L07RIK,-0.24428507517675813,3
RRP9,-0.24428887279846281,3
SFN,-0.2443047699709323,3
ADRM1,-0.24432621589945,3
VAV2,-0.24438965106752675,3
4932415M13RIK,-0.2444093038593416,2
VMN2R84,-0.24447593533409262,3
GM16470,-0.24454005537214474,2
BC051226,-0.2448288516659015,3
SLC15A2,-0.24499894237204264,3
SSBP1,-0.2450838003485284,3
SEPTIN7,-0.2451866611665717,3
GM33887,-0.24524134802336914,3
4930447C04RIK,-0.24524565760675046,3
ANKRD23,-0.2454536110177541,3
TIPRL,-0.24550326109788234,3
PITPNB,-0.24559856771816865,3
GM11944,-0.24562317832481861,3
TMEM150B,-0.24565817994191275,3
RAPSN,-0.2456844265963564,3
EIF3F,-0.24572024286402513,3
ZFP668,-0.24594470550056113,3
TMEM183A,-0.2459731711825057,3
DDX18,-0.24598555787172802,3
ZPLD1,-0.24602228521934694,2
MAN2C1,-0.24607085576188528,3
NOXRED1,-0.24616554595759918,3
PPP2R2D,-0.24622592416661904,3
OR10AA1,-0.24623330727034654,3
PRL2C2,-0.24627233256906672,2
ZFP395,-0.24633430883253957,3
DDAH1,-0.24645947738234797,3
RPS2-PS4,-0.2464596701482416,2
AMFR,-0.24646444627203867,3
GM4925,-0.2465028234345936,3
ERMAP,-0.24654216507988883,3
GM15500,-0.24689750061287988,3
GM5779,-0.24693685762661868,2
IGKV4-68,-0.24699819122407263,3
CNOT11,-0.24700173646180032,3
IKZF5,-0.24707090774587082,3
MACROD1,-0.24715411272843768,3
YPEL1,-0.24717716888349095,3
SEMA4G,-0.24719580217097833,3
IL1R2,-0.24722136578810203,3
PPIL6,-0.2473281765797027,3
CDC26,-0.24748663956234082,3
SOX2OT,-0.2475004886143712,2
GM15760,-0.24783296338232508,3
H2BC18,-0.24798342358761957,3
RGS11,-0.24803613184502152,3
4833420G17RIK,-0.24818592267593909,3
CYP4A12A,-0.2482776735194959,3
EHMT1,-0.24831078516332492,3
B3GALT6,-0.24831743564584122,3
TACC2,-0.24832848100540195,3
TRAF6,-0.24846802939575927,3
VPS37B,-0.24848501366233874,3
APBB1IP,-0.24851054077144297,3
NUAK1,-0.24857588159566887,3
DDX19A,-0.2487007397341966,3
NUP160,-0.24871746168347844,3
RASSF1,-0.24884381461773883,3
SH3BGRL3,-0.24891252649274365,3
FBXL19,-0.24910290008754857,3
GM32122,-0.24913656122352706,2
GPR88,-0.2493131952754889,3
PSMD3,-0.24939622824839933,3
LZIC,-0.24959697882052068,3
STC1,-0.24959730036867347,3
ZDHHC24,-0.24960788069932352,3
EFCAB3,-0.24961720078485847,3
RSBN1,-0.24978999840267405,3
APOO-PS,-0.24979473394464344,3
RETNLB,-0.24988792602024246,2
CSPP1,-0.24989481129207236,3
CYP1B1,-0.24998153765323053,3
GM15501,-0.2499880187121396,3
A230009B12RIK,-0.25003045439001353,2
OLIG3,-0.25019157134134573,3
GM17383,-0.250285568488822,2
FZD10OS,-0.25028807877534454,3
RNF138,-0.250765917003513,3
SLC25A36,-0.2509940813769466,3
SNORA23,-0.25112595896193035,3
CAB39,-0.2511765623107001,3
FKBP3,-0.2511987340780459,3
KDM3B,-0.2512085694224003,3
RPS4X-PS,-0.2512363418988069,3
MIR155HG,-0.25125614944676133,3
GM7691,-0.25137580320299224,2
PAIP2,-0.25138868210623705,3
BMF,-0.25164550986357925,3
4930590J08RIK,-0.25171907414124195,3
GOLT1B,-0.2517329451796297,3
GM5303,-0.2518392269207405,3
GM10382,-0.25186358810571147,2
DYTN,-0.251986124967281,2
FTX,-0.2520085123222278,3
RPL17-PS4,-0.25208951743891794,2
BDKRB1,-0.25216615385292324,3
H2-EB1,-0.25222486901261326,3
RPS10-PS2,-0.25231917704975687,3
SHKBP1,-0.25235477909148224,3
R3HCC1L,-0.2524995511458606,3
D030045P18RIK,-0.2525339380138461,2
RBM43,-0.252922904902223,3
ERP27,-0.2529852982494936,3
HOXC9,-0.2530047746082872,3
RASSF6,-0.25309649056084127,3
PSMA7,-0.25314596882335333,3
8030474K03RIK,-0.25329631647515327,2
GPR84,-0.25340402664855605,2
H2-DMB1,-0.25340756398511,3
SLC25A30,-0.25353408181147336,3
TMEM170,-0.2535820799271079,3
CEP164,-0.25359999593645316,3
KCNK10,-0.2536053179770456,3
GM13864,-0.25365132883299873,3
ANKRD10,-0.25378544287518817,3
CRHBP,-0.2539851585763255,3
TRMT13,-0.2540148974874241,3
LRWD1,-0.2540173731170214,3
FUS,-0.2541043714223301,3
GM6938,-0.2542442945892917,3
ZFP772,-0.25441606031184044,3
SLC30A5,-0.2545010099304165,3
GM14402,-0.2545253680745759,3
GRB7,-0.25453009128132886,3
CSNK1D,-0.25459931867860375,3
ZFP882,-0.2546134935897397,3
KLRA13-PS,-0.2547519539904377,2
TNFSF15,-0.25488367544685037,3
SNORA9,-0.25527890775072415,2
SYTL1,-0.25530575809273814,3
LOC102638047,-0.25536054668640634,3
BIRC2,-0.25543553349395065,3
CSTF2T,-0.25549385051774515,3
NUP205,-0.2555242725772401,3
NPTXR,-0.2555547809348396,3
FV1,-0.25559539562171424,3
DLGAP3,-0.2556500657286702,3
PPP2R3D,-0.2556949551430025,3
DSCAML1,-0.2557578082765624,3
RAB39B,-0.25576027993096667,3
NUPR2,-0.2559989229980904,3
ZFP292,-0.25608449037966524,3
GM11478,-0.25609202343519405,3
GTF2H5,-0.25610501437134126,3
C1QL3,-0.25613179022342253,3
SEPTIN5,-0.2561588093026932,3
RCOR3,-0.2561690420334823,3
CHRNB4,-0.2562740305297289,2
FAM120B,-0.2564613680806888,3
PPP3R1,-0.25663163189759447,3
AFM,-0.2566319929752752,3
TPRA1,-0.2566623579187518,3
LXN,-0.25672680370903767,3
4933433G15RIK,-0.25676533670543544,3
GM17879,-0.2568645180460321,3
SYNGR3,-0.25686463408805743,2
UNC5C,-0.25699860109411427,3
NAT2,-0.25701203612944395,3
ROBO2,-0.2571520941014524,3
RALY,-0.25721530588394875,3
FMR1NB,-0.257512243780155,2
UMAD1,-0.2575518786857848,3
SH3BP1,-0.2576827656599439,3
TNS4,-0.2576847112997216,3
GM22105,-0.2577924515842064,2
ARIH2,-0.2578770812126033,3
JPT1,-0.2582304619481374,3
DDHD1,-0.25856429761808913,3
DBN1,-0.25881987258351935,3
SLC24A1,-0.25884226170973973,2
PGLYRP2,-0.2588871816525841,3
GPR20,-0.2589353209034355,3
CFAP74,-0.2589855263908989,3
MTCP1,-0.25903988017224244,3
GM3752,-0.2592033492883383,3
GTF2F2,-0.259254905441538,3
MDFIC,-0.25926279802572266,3
CCDC50,-0.25929367091129446,3
DLG1,-0.2593512926430228,3
GM10069,-0.25954108229412415,3
CNMD,-0.259550219691302,3
SSR1,-0.2596905662310956,3
GRAMD1C,-0.2597141916097454,3
GM5577,-0.2597328720098802,3
GM19605,-0.25974398400797477,3
POLG,-0.25979948124478813,3
WIPF2,-0.25998509343661963,3
CT55,-0.26001732609125894,2
DIO2,-0.2601146161245669,3
CPSF6,-0.26013345226525036,3
GM9333,-0.2602638523904477,3
LRRC8B,-0.26044247297006556,3
AGBL3,-0.26064692451633936,3
IFT20,-0.2607421268559093,3
CDC37L1,-0.2607659316620978,3
GM6520,-0.26077479151923044,2
D030047H15RIK,-0.2608354340286112,2
GM16070,-0.2609449522053531,2
RPL22,-0.26099611606172496,3
PHC3,-0.26106093147132436,3
KDM8,-0.26111523980583234,3
ABAT,-0.26118535802435144,3
TET1,-0.26130295765270717,3
TMEM236,-0.2614082957917338,3
AP3S2,-0.2615147329454461,3
INHA,-0.2616041992747386,3
USP29,-0.2616156733149325,2
TM4SF20,-0.2617306716587691,3
GM6210,-0.2617442908529053,3
TRIM7,-0.26175741849155204,3
SPRR2A1,-0.26178996911515745,3
SREK1,-0.26188739557549984,3
GM6566,-0.2619138271319356,3
STRIP1,-0.26195116266550994,3
THG1L,-0.261973867979659,3
GPR174,-0.2620044274466062,3
CACNG6,-0.26223615948242,2
KBTBD2,-0.2623257881308318,3
NACA,-0.262327593190113,3
CCDC68,-0.26240321297906183,3
STRN4,-0.26246162093148545,3
SNRPC,-0.2624879474509159,3
PIPOX,-0.2626147192895203,3
DCAF6,-0.26263656304579946,3
ASB17,-0.2626509727179706,2
DLG4,-0.26274735922360337,3
ARID3A,-0.26287587811243346,3
CTRL,-0.26293766667695717,3
BCORL1,-0.26298543080961784,3
SROS1,-0.26302033931942437,3
TENT4B,-0.26309094429489055,3
MRPS14,-0.26311052478613367,3
OR8G23,-0.26318112532571675,2
CEP162,-0.263273686029942,3
ZFP248,-0.26340063839394595,3
IL7,-0.2634583537342171,3
MED13,-0.2634911889409462,3
GM13604,-0.2635092770216979,2
UQCC6,-0.2635327574981665,3
MSMO1,-0.2636122023038068,3
SFXN2,-0.26370301954619363,3
GDI1,-0.2637141205656588,3
CLK3,-0.2638097583367516,3
GPBP1,-0.2638594362422204,3
CGA,-0.26391337562009787,3
GM16011,-0.2640130479667625,2
RPL10,-0.26405292864646324,3
GLS2,-0.2641164328804025,3
OR52R1,-0.2641776676646937,2
GINS4,-0.2641959115640086,3
KCTD13,-0.26421019900600795,3
TRHR,-0.2642350000153293,3
TBC1D19,-0.2642702216078396,3
MAPKAP1,-0.2644926817755557,3
DSEL,-0.2645062001468123,3
SKA3,-0.26452825078333614,3
ZFP456,-0.2646437906665819,3
ZFP639,-0.2647394306169252,3
SLC6A17,-0.2647468654335833,3
ELAVL1,-0.26478863228528904,3
DNAH14,-0.2648131516923182,3
CSK,-0.26483263554070324,3
JOSD2,-0.26501467332528894,3
COL6A2,-0.2650835240362102,3
SLC7A1,-0.265220962561732,3
GM17833,-0.26525116083264527,2
PSME3IP1,-0.26526773134697823,3
FGF22,-0.26531009184199283,2
TNNT1,-0.2654090163409374,3
MID1,-0.26548629364670673,3
ATP5F1A,-0.2655069255305924,3
PSMD7,-0.2655108395808449,3
MOCS3,-0.26552985634177245,3
IGKV17-127,-0.2657057596647901,3
NISCH,-0.26587088998951974,3
DEDD,-0.2659126153861289,3
WFDC18,-0.26594016226064054,3
9830107B12RIK,-0.2659644088479403,2
BC023719,-0.2660816632953395,2
GABRP,-0.2662206453656873,3
STFA2,-0.26627707037538106,2
PTCD3,-0.26631981810499666,3
KLF12,-0.2665293236544261,3
BUD13,-0.2665457567596647,3
KHDC4,-0.26684654811064146,3
RPP25L,-0.2669851436769702,3
OCEL1,-0.2671798992393262,3
HDC,-0.26720019956756347,3
SMARCE1-PS1,-0.26735798213991885,2
ANKRD17,-0.2674475323719535,3
PRKD2,-0.26753148715782527,3
GM4211,-0.2675465025583528,2
OR2Z9,-0.26762363351458496,3
GM7741,-0.2676277927489179,3
ZFP770,-0.26773083638613293,3
TUBE1,-0.26789735438672196,3
GULO,-0.26794002059151856,3
ZFP979,-0.2679432106690673,3
LRRC45,-0.26799373503196205,3
A830005F24RIK,-0.2680320040936531,3
ESS2,-0.26824589707494806,3
CLMP,-0.2683162335058185,3
GM5055,-0.2684052057738511,2
CCS,-0.2685255427984754,3
KHDC3,-0.2685762697312153,3
RIDA,-0.26862018570992313,3
GM12778,-0.26865921126686815,2
TUG1,-0.2686867754373908,3
AMER2,-0.2687460494497374,2
AGRP,-0.2689509642470411,3
ADAM4,-0.2691268705686018,3
MDGA2,-0.26913778823743245,3
GM14398,-0.26944579719294387,2
RPL10-PS5,-0.26948925472447355,3
OR5M3B,-0.2695500136099092,3
WDR36,-0.26963397322888777,3
COL24A1,-0.26967703733406573,2
AFP,-0.269821681855306,3
GM17981,-0.26987410969755626,3
MCMDC2,-0.270026464104359,3
STOML1,-0.2700704373456688,3
KCNAB3,-0.2701054014984338,3
ZCCHC7,-0.2702566463999334,3
TBP,-0.2703518661674062,3
FRMD4A,-0.27039265357341846,3
TRAV8N-2,-0.2705985499498112,3
TLK1,-0.27062417082828844,3
ZFP947,-0.2706818919094241,3
PRKAR1A,-0.27080380015496486,3
4930447K03RIK,-0.27087301990416945,3
RBKS,-0.2709125299135661,3
CARMIL3,-0.27097745742756363,3
USP49,-0.27098465150149353,3
RHEBL1,-0.2711596592956774,3
RBAK,-0.271540099988884,3
PSENEN,-0.27158960813683913,3
MAGI3,-0.27164782850332986,3
MBOAT7,-0.27186623449635644,3
E130215H24RIK,-0.2720075191921952,3
GRIA3,-0.27200922834961055,3
SLC39A9,-0.2720689185875634,3
MYEF2L,-0.27207465151702387,3
SLC9A7,-0.27214642488686264,3
TSEN54,-0.27216453327551526,3
GNG3,-0.27217043951733433,2
PPT1,-0.2722199957873313,3
GM20275,-0.2723056426006202,2
ARHGEF33,-0.2723449626552617,3
YTHDC1,-0.2724237985241889,3
OR1R1,-0.27243152016769767,2
STIM1,-0.272470215102283,3
2310057M21RIK,-0.27250949726062756,3
KAT5,-0.2725983040040386,3
RPS16,-0.27261916012276943,3
FSCN2,-0.27261968540385045,3
STX1A,-0.272772466006121,3
MREG,-0.2728965988756631,3
HELQ,-0.2729093157139527,3
NUTF2,-0.27301354403036454,3
SLC16A11,-0.2730752669449141,3
SAXO2,-0.2731413768583053,3
MBLAC2,-0.27330013932009334,3
SPTBN4,-0.2734284901096513,3
AKR1C18,-0.2736208870656961,3
YME1L1,-0.27369469892503734,3
CDHR5,-0.2737188886062376,3
A330076C08RIK,-0.27373916416617766,3
GM8126,-0.2737844728388541,2
H4C2,-0.2739264689265111,3
DCLRE1A,-0.27399510164197677,3
TAS2R115,-0.2742748927295233,2
DENND1A,-0.2743577709493444,3
GM29825,-0.2743582181479976,3
WDR33,-0.27440166397189236,3
SH3RF2,-0.27447029238430687,3
DCAF12L2,-0.2744755725509653,3
CDCP1,-0.2745275686810236,3
CTSE,-0.2745608578552954,3
CUTAL,-0.2747256169463618,3
CETN3,-0.27476910387593495,3
GM15889,-0.27496045030966204,3
GM16630,-0.27496875271819865,2
CNOT6L,-0.27518868178903927,3
A3GALT2,-0.27528833231383626,3
XPA,-0.27539672122687914,3
LYPLA2,-0.2755450567492431,3
DSG1B,-0.2756073394242335,3
SUPT3,-0.27568970544786087,3
CEP85,-0.2757745994903365,3
PDE4D,-0.2757905367800995,3
CTSG,-0.27594250323473485,3
BTNL6,-0.2761417816362921,2
1700028K03RIK,-0.276147020562326,3
RNASE1,-0.2763488451790759,3
KLK6,-0.27656186621305856,3
SEC22B,-0.2765770314027777,3
GM14276,-0.27659481634761746,3
METTL17,-0.27670511534890907,3
CTDP1,-0.2773129518465344,3
OR6E1,-0.2773286293962113,2
EIF4E,-0.2775020370624761,3
KHSRP,-0.27751293518827436,3
TMEM161A,-0.27751899824341314,3
TTYH3,-0.2780059263136346,3
ZMAT2,-0.2780532623408741,3
MSL2,-0.2780844731157526,3
EFS,-0.2781372495684985,3
TNRC18,-0.27821632130267476,3
CD3G,-0.2783078229443987,3
CRYBG2,-0.2783336764269383,3
MSC,-0.27836632148174,3
PLD1,-0.2784195535629875,3
MCUR1,-0.2784296764020086,3
UBAP2,-0.27851797049570653,3
ABCE1,-0.2785222762341022,3
ADO,-0.2785973905066938,3
USP22,-0.27865950318234906,3
FN3K,-0.27873947783630343,3
TTC39AOS1,-0.27877907795351975,3
BMP7,-0.2789738967734511,3
SIRT4,-0.2789896941041078,3
VMN2R57,-0.2790235964673073,3
DSG3,-0.27911378243840557,2
CDK2,-0.27912135264939764,3
TRAV7N-6,-0.2791466877404992,2
MGARP,-0.27948915771605803,2
PRL2C5,-0.27958416120403917,2
TRGV1,-0.27969768279815344,3
2310009B15RIK,-0.27975873866231615,3
MAPK7,-0.27981523437446904,3
MAL2,-0.2798399562840029,3
MAMDC4,-0.2801001248749934,3
PROK1,-0.2801656233176941,2
GM38410,-0.2801754417976185,3
THAP7,-0.2802089083721954,3
RPS12-PS24,-0.2802138847350539,2
BRPF1,-0.2802250696027376,3
RPL10A,-0.280232427764281,3
KDM1B,-0.28031063552826063,3
PSTK,-0.28033477082058483,3
H2AC12,-0.2805758111947169,3
ZFP983,-0.2805997219346987,3
AGAP3,-0.2806710407781632,3
MORC1,-0.2807227469541033,3
ADAM19,-0.2809076633228044,3
INPP1,-0.28098953271896593,3
SLC25A42,-0.2810840489417032,3
C2CD5,-0.28111299589730326,3
TRAV6-7-DV9,-0.28111648373121995,3
RNASEL,-0.2811546973507199,3
POLR3B,-0.281324509793323,3
SAC3D1,-0.2814394841767261,3
OR5H25,-0.28154607893603784,2
CSMD2,-0.2816304806705339,3
SLPI,-0.28180246720133356,3
ZFP51,-0.28182251543908915,3
1700027J07RIK,-0.28209128282361123,3
MC1R,-0.2821358051943386,3
RPS20,-0.28221757993603563,3
MRPL23-PS1,-0.2822609396969414,3
LONP1,-0.2824684247931987,3
1700100L14RIK,-0.28261761518169504,2
HYCC2,-0.28262544952655366,3
ANKRD16,-0.2826952408592011,3
DND1,-0.2827805994322537,3
RILPL2,-0.28286729915268055,3
GM9530,-0.28304245907900955,3
PTPMT1,-0.28305764655986715,3
COPS8,-0.2832618392913356,3
GM15710,-0.28326728631384906,3
PRPSAP1,-0.2832750063262311,3
GM18101,-0.2833111406440428,3
4930509E16RIK,-0.28342300100879625,3
PRRC2C,-0.2834237618057573,3
NCBP2,-0.28363502280188274,3
FAM237A,-0.2837361016259879,2
FRMD7,-0.2839532745825738,2
GM7507,-0.28395712956931374,2
RPH3A,-0.28401928557223494,3
GPATCH2,-0.2840342391429644,3
2610507I01RIK,-0.28411777399694976,3
ADAM10,-0.28419150742816207,3
ZFP773,-0.28424789007402157,3
KRT82,-0.2842728532684763,2
A230028O05RIK,-0.28433460929394994,2
FOXP1,-0.2844613680484394,3
MATR3,-0.28452916715550497,3
MOB2,-0.2845605760588224,3
USPL1,-0.2846354854043122,3
EPS8L1,-0.28482321431655017,3
BTNL1,-0.2848235404286208,3
IGHV7-4,-0.2848772897028478,2
MCPT2,-0.28497157293625414,3
XRRA1,-0.2850206159231105,3
GM7002,-0.2852254487370709,2
TRMT12,-0.28527951428300596,3
CCDC25,-0.28544407294613666,3
ANAPC2,-0.28558169559079044,3
6820431F20RIK,-0.2856151316120274,3
PLEKHA7,-0.2856337814669705,3
GADD45G,-0.2856505546835348,3
GM23346,-0.2856711535918099,3
TAFA3,-0.2857035927680162,3
GM23639,-0.28574231269801065,2
GM47754,-0.2857632604643769,3
GRAP,-0.28596202293030365,3
TRIM43B,-0.28598082268445246,3
MBL2,-0.28602737867020905,3
DNASE1L3,-0.2860536974574675,3
PITPNM2,-0.28608993907673747,3
DENND1B,-0.2861282241555209,3
NEBL,-0.28615956151008787,3
ACBD3,-0.2862073514368565,3
TYSND1,-0.28632218912153334,3
PTGES,-0.2863577650888471,3
FAF2,-0.2864215218359882,3
DNM1L,-0.28646178712439074,3
GM23297,-0.2866367023291783,2
PADI3,-0.2866480064795575,3
DMPK,-0.2866602282069136,3
ESRP2,-0.28693550125321216,3
PCDHGB4,-0.28700479098019815,3
GAL3ST2,-0.2870297198270872,3
CHIL4,-0.2870708442614979,3
GM12904,-0.2871786610604543,2
VPS35,-0.287186377663772,3
RFC1,-0.2872211728990865,3
NRIP3,-0.2872746538709519,3
PPP2R5E,-0.2873619559436375,3
AGAP1,-0.28768820143810897,3
NAA50,-0.2876948678781008,3
TRA2A,-0.2876961694297106,3
PCNX3,-0.2877364486929852,3
BRD4,-0.2877452231072369,3
SLC27A1,-0.28778411403853177,3
SPATA31G1,-0.28809499197863836,2
ZFP78,-0.28813641334034285,3
TSC22D2,-0.28818919626326006,3
EFCAB5,-0.2882780892601775,3
1600025M17RIK,-0.28837599625527804,2
CCDC167,-0.2884280009431881,3
JADE1,-0.288514962654265,3
ZNRF1,-0.28853440929300367,3
ATF7IP,-0.288591036698423,3
ZBTB45,-0.2886212102151166,3
WNT3,-0.28874090178002526,3
ZFP58,-0.2888414682127975,3
CCDC126,-0.2892208445835916,3
GM27011,-0.2892672849714262,2
UBE2K,-0.28931621319597106,3
PLSCR3,-0.28945564472653645,3
MGAT5,-0.2896190326879134,3
A630066F11RIK,-0.2897213016113369,3
TMA16,-0.28984929136574267,3
GM19085,-0.28989357727741355,2
RPS18,-0.28991267890921796,3
TSPYL4,-0.2899723332478053,3
SPR,-0.29007926762510206,3
TSBP1,-0.2903008141265652,3
UCHL4,-0.29034594335011804,3
IL11RA3,-0.29040987964561005,3
SRP14,-0.2904411602039227,3
PBX4,-0.2905638892104146,3
KCNK16,-0.29063887899269353,2
TTBK1,-0.290668272935968,3
AGK,-0.29071720366606457,3
DGCR8,-0.290845472894357,3
RHOV,-0.2908505398689074,3
KLRI1,-0.29087194752328505,3
TAS2R109,-0.2908895702480037,2
REN1|REN2,-0.29110872703137747,2
GM50045,-0.29133299991174266,3
FCHO1,-0.2913716003157179,3
TRIM6,-0.2915814768614371,3
GM13717,-0.2917005381169045,3
IMPA1,-0.29173374416779274,3
PHF3,-0.2922182725233406,3
GM18939,-0.2922977810657728,3
4921517D22RIK,-0.2923005482107007,2
CNGA2,-0.29238969216910876,3
BC051537,-0.29243683156526706,3
SLC25A32,-0.2924842543589778,3
A530088E08RIK,-0.29249631975681584,3
BMAL2,-0.2925567770967256,3
ZFP174,-0.29267016183232847,3
HACD3,-0.2926714829110014,3
FUT1,-0.29275853093681276,3
GM9431,-0.2927751399786199,2
ING4,-0.29280664488184543,3
GM46069,-0.29281159146043245,2
MX1,-0.29292071498854566,3
LPAR5,-0.2929417588256833,3
PHF11C,-0.292979122214396,3
ZFP954,-0.2931354931097145,3
DPYD,-0.2931862803695085,3
LGALSL,-0.2932503087586073,3
SOS1,-0.29355040141342675,3
AP1AR,-0.29356720653833707,3
SLC12A1,-0.29368648628169647,2
UBXN2B,-0.29384831242748727,3
BTF3,-0.29386871021923033,3
MAPKAPK5,-0.29393451552472405,3
FABP9,-0.2940365563125987,3
RAB6B,-0.2941927218038242,3
4930577N17RIK,-0.29421332063587763,3
RAB40C,-0.29430674120492545,3
KIFC3,-0.29440110851321327,3
ATP7A,-0.2944907844950004,3
APOL7D,-0.2945281038523639,2
SEL1L2,-0.2945314296793362,2
RNF183,-0.29457189965404185,3
POMC,-0.29460336969160345,3
APOC2L,-0.2946698615681708,2
ZFP966,-0.2947403068575645,3
SH2B1,-0.29476565649387115,3
APC,-0.2948868788501149,3
TXLNG,-0.2948929660234817,3
GM17619,-0.29489587886899293,2
TEFM,-0.2950552728282361,3
FUCA2,-0.2951739798602954,3
GM18120,-0.2952597568857959,3
LMNB2,-0.2953484254983531,3
E4F1,-0.29544657070427155,3
PROM2,-0.29547262133333124,3
GSTA13,-0.29560599430953066,3
TMEM185B,-0.2957857675869865,3
KCTD1,-0.2960325696570596,3
TRAV7D-4,-0.2961224964727362,3
IL11,-0.29627234003006925,3
GM18605,-0.2962942585600721,2
ARMC12,-0.29637807548850825,2
CYP4F41-PS,-0.29660034675554336,3
GRAMD2B,-0.2966049062424599,3
KLF4,-0.2966979647090628,3
DDIT4L,-0.29683920075958287,3
ZFP326,-0.29687465727883217,3
TIMM17B,-0.2968771268472383,3
SIGIRR,-0.29697157476941477,3
HIPK2,-0.29700096213116967,3
FAM167A,-0.2970097225714717,3
SEC61G,-0.29719944605153964,3
GM4724,-0.29724368425343684,3
GRB2,-0.2973090715765711,3
H2-Q4,-0.29731352059751515,3
TERF2,-0.29743850509079817,3
IL2RB,-0.29745873221222574,3
POLR1D,-0.29748422431170324,3
GM16244,-0.29752361813197203,2
ZC4H2,-0.29752402815887824,3
TBC1D2B,-0.2976163992013628,3
HSF1,-0.2976855259421814,3
PGLYRP4,-0.2977007650579321,3
IL17F,-0.2977674070681839,2
MRPL24,-0.2977946537866193,3
WAPL,-0.2980136661894623,3
SMS,-0.29804187111837915,3
EXOSC7,-0.29813326382916583,3
MTRR,-0.2982193033971534,3
SNHG17,-0.2985199162066141,3
RAF1,-0.29873250893878056,3
APOBEC2,-0.29884105718863535,3
TGM1,-0.29914410638574157,3
BCAT1,-0.29929965057814006,3
DCAF12L1,-0.2993125146309122,3
GM7435,-0.2993458894702053,3
SGSM1,-0.2995126768507093,3
CLDN13,-0.29956810577619025,3
GFAP,-0.29975060628379097,3
RPSA-PS7,-0.29983457075998826,3
PDCL,-0.2998394471246686,3
CHM,-0.29987971834536475,3
TMEM234,-0.30007347797869843,3
ZNG1,-0.3000774080321244,3
CASTOR1,-0.3002750459357555,3
JADE3,-0.300299555237508,3
PAIP1,-0.3003897325985226,3
GM48551,-0.30082719131880503,3
PLXNB1,-0.3011242557364168,3
MTBP,-0.3011339648827675,3
1700039M10RIK,-0.3012230378130911,2
GM6883,-0.30122661948463303,2
SKINT2,-0.30131944812553935,3
H3F3A,-0.30131991675547504,3
CLPS,-0.30132702132121625,2
ZFP977,-0.30135746247980033,3
TRMT1,-0.30148911021838226,3
LBHD1,-0.3015664594270238,3
CLPX,-0.30163860057154623,3
SIRT6,-0.30190533342726433,3
TOMM70A,-0.30193212270716224,3
AU041133,-0.30202492713659984,3
MSH2,-0.3020385636348368,3
SDK2,-0.3020776959691695,3
CHST11,-0.30230751882459833,3
ARHGAP8,-0.3024397434795549,3
AKT1,-0.302654925234255,3
2410006H16RIK,-0.3027569557931658,3
CGN,-0.30276538107844125,3
LY6H,-0.3027742493003385,3
GRHL3,-0.3028230887088455,3
DGKQ,-0.30291953509459546,3
BRWD3,-0.30301644559872165,3
IGSF9,-0.3030845210173636,3
PDRG1,-0.30310967188599863,3
LY96,-0.3031190698340614,3
3010001F23RIK,-0.30312011463410227,2
PIGA,-0.3031328991672942,3
RPUSD1,-0.303133212244645,3
OR1J13,-0.3031997950878543,2
P2RY14|F630111L10RIK,-0.3032580002608878,3
GM2387,-0.30326238107106507,2
APRT,-0.3033537203583028,3
ZFP455,-0.30343032064789366,3
GM6501,-0.30343407216585544,3
ATF7IP2,-0.3036513769556187,2
MRPL3,-0.30370458608250606,3
SERPINB10,-0.3037162130393872,3
CEP78,-0.30371626159940307,3
GK5,-0.30375287337935275,3
GDI2,-0.30377818710754106,3
CADM4,-0.3038323588831383,3
TAPT1,-0.30383611750744083,3
ELP1,-0.30389384401267816,3
ZFP975,-0.3039617537900685,3
6030442K20RIK,-0.3043448597731751,3
PPP1R21,-0.30442295093074195,3
AGPAT5,-0.3044709154406272,3
SYT1,-0.30449973944524805,3
REXO4,-0.3045076929949468,3
FDXR,-0.30455939388510617,3
SNORD3B4,-0.30460245003161934,3
KDM5A,-0.3047140159782716,3
GM4879,-0.3047625037096115,3
BBX,-0.3048698387401802,3
GLOD4,-0.30491581115269234,3
GM13135,-0.30496717002561063,3
WDR5,-0.30498437512173354,3
AI847159,-0.305043934485381,3
SCRT2,-0.3050445840926841,2
OR1E17,-0.3054941159150865,2
CASP1,-0.3056383024750189,3
OR10AG56,-0.3056436633300517,2
CUL9,-0.3057280005404766,3
HSPBAP1,-0.3060316491246848,3
STRA6L,-0.3061221636845025,3
TRAV15N-2,-0.3061704122435473,3
TRAV15D-2-DV6D-2,-0.3061704122435473,3
RPL10-PS6,-0.3063718995238074,3
TMEM81,-0.30637408546339934,3
UCHL1,-0.3065096559752864,3
LCT,-0.3065216644468978,2
IL36RN,-0.3065301681399253,2
CPSF2,-0.3066104416701078,3
OSGIN2,-0.3067072624832597,3
VMN2R96,-0.3067097671743381,3
AKAP11,-0.30673401977598747,3
LARP1,-0.30676032803473396,3
OR6F2,-0.3068148489623356,2
PKD1,-0.30686201177462397,3
RSF1OS2,-0.306873999047978,3
FOXRED1,-0.30687415461984147,3
RPL17-PS9,-0.30690991073506024,2
LIN54,-0.30696306785507554,3
AP2S1,-0.30710855603687437,3
IGHV9-1,-0.30758647428486596,3
TUBGCP3,-0.3077644746260318,3
MAP4K5,-0.3080981166276741,3
TMEM179B,-0.30812058779944795,3
4930522L14RIK,-0.30824329214371926,3
MN1,-0.3084501228913932,3
UBE2D3,-0.30850338256956755,3
EIF1AD7,-0.3085348806622972,3
TM2D1,-0.3086835327583698,3
CEBPB,-0.30868443409145485,3
SGMS1,-0.30869329902941645,3
ELF2,-0.30879914744372977,3
MIRG,-0.308810854620171,2
GM6543,-0.3088768304455888,2
ZFP992,-0.3089832160001715,3
ZFP354C,-0.3091935463782552,3
5033403F01RIK,-0.30922359217319134,3
BNIP5,-0.3092752593534108,3
GM3571,-0.3093836764887825,2
EPRS1,-0.30941631741671205,3
ECE2,-0.30946936596290026,3
TRDV1,-0.3094839274857366,3
BLOC1S3,-0.30951401114367605,3
IL7R,-0.3097527598491337,3
HDAC10,-0.30991089165889435,3
UBR7,-0.30993313917972143,3
OR12J5,-0.3099350180513104,2
TUBA1A,-0.3099625536591389,3
LSAMP,-0.3100073500689842,3
D930048N14RIK,-0.31016446585457486,3
CLRN3,-0.31023281544203907,3
PCED1B,-0.3102971795120776,3
CAR12,-0.31031640485682427,3
ACAP1,-0.3103239056329113,3
FBXL14,-0.31036134125709786,3
ZFP398,-0.31053203411786434,3
EEF1A1,-0.3106058057055436,3
IFT52,-0.31061028398476176,3
GM8188,-0.31066106464628157,2
GM18811,-0.31071769118063475,3
GM19716,-0.3108281697335653,2
YY1,-0.3108587862369955,3
CDKL3,-0.3108748402948805,3
SCMH1,-0.3108824919205365,3
WDR82,-0.31099499542013564,3
NPHP4,-0.31103302437781793,3
TBC1D5,-0.3112117701614738,3
D730005E14RIK,-0.3112537696798298,3
ATRX,-0.3113210188539283,3
PDIK1L,-0.3113218431578442,3
HSP90AB1,-0.31136027824275375,3
VEPH1,-0.31143079406000607,2
RPS6,-0.3115445277375481,3
CDKN1A,-0.3117130894905423,3
GM11166,-0.3117142649305212,2
NAF1,-0.3118988641911911,3
A330032P22RIK,-0.3119872087249867,2
PIK3R3,-0.31202039578271584,3
XLR3B,-0.31203780970549383,3
MBD1,-0.31219208251296315,3
FAF1,-0.31224261334287823,3
BNIP3L-PS,-0.3123503864495927,3
2310015K22RIK,-0.3125447432211063,3
MLLT1,-0.3126890166013179,3
HAX1,-0.31273533582742685,3
FAR2,-0.31274127340971863,3
ZFP329,-0.31283781582241826,3
FMNL3,-0.3128517897677221,3
STFA3,-0.3129519029133882,3
RIC1,-0.31302363699406727,3
CSN2,-0.3130358637146659,3
ADAT2,-0.31304377197735633,3
LENG8,-0.31309230188732606,3
AGTPBP1|A230056J06RIK,-0.3131814457625386,3
MTX2,-0.3133105909022867,3
1110019D14RIK,-0.313371707408526,3
GIT1,-0.3134496483662183,3
WDR44,-0.3134502805344536,3
MIR3535,-0.31346435028823877,2
SCD1,-0.3135759481588986,3
GM20604,-0.31370056243281225,3
TEX52,-0.3137479978035633,3
IGHE,-0.3140388528720403,3
TCEA1,-0.31407515315047474,3
PIGP,-0.3142788121937154,3
MEGF6,-0.31430654926592067,3
4930520O04RIK,-0.31457897221335934,3
GATAD2B,-0.3148493874483429,3
EDARADD,-0.31494959030258934,3
STX4A,-0.3149525607068791,3
GM34885,-0.3151474656128288,2
GEMIN5,-0.3152001741625335,3
CEACAM20,-0.31540446809761974,3
FMO1,-0.31542086743360076,3
ERCC8,-0.31546206208785693,3
SYT4,-0.3155790608030893,2
STT3A,-0.31559685206980953,3
IGKV1-88,-0.31560125596843,2
CARD14,-0.31567469719239427,3
ALB,-0.3156949167092244,3
GM6813,-0.3158448319566483,3
CINP,-0.3159650886765617,3
CLUH,-0.3160719496270858,3
TRAV9-2,-0.3161712512567339,3
SYT2,-0.3162144114630306,3
GM9493,-0.3164038045502175,3
INSM1,-0.3165174186580133,3
GPR62,-0.3168639114797667,3
GM14410,-0.3169295797714707,3
GM8546,-0.3170124930852842,3
KRT14,-0.3170913037237388,3
TRAV6-6,-0.31709641155940377,3
TRAV6D-6,-0.31709641155940377,3
LRRTM1,-0.31731144093260305,2
SULT6B2,-0.3174977194393234,3
PLATR30,-0.3175982736091852,2
TRAV6D-3,-0.317636249618331,2
ZSCAN29,-0.31766951127112636,3
IFT172,-0.31772483514660016,3
NFAT5,-0.31781496391834807,3
GM4924,-0.31781993818776527,3
SDR9C7,-0.3180085385640677,3
GM13293,-0.3180380127983907,3
GRM7,-0.3180665774447811,3
BAZ1B,-0.3181220829399918,3
SPAG1,-0.3181273940172977,3
CAPZA1,-0.31815501458574974,3
9130401M01RIK,-0.3182047525535538,3
ATR,-0.3182170461436735,3
DCAF7,-0.3183775776153381,3
GM10138,-0.31852742213258667,3
SLC30A4,-0.31866140726129605,3
1810019N24RIK,-0.31869697982199247,3
ARHGEF1,-0.3187923017954714,3
PABPC4L,-0.31900894972629895,3
BCL7A,-0.31903509974314875,3
GM8233,-0.31918130283830914,3
UGT2B5,-0.3192102616349428,2
DNAJC21,-0.319273035864898,3
NOTCH1,-0.31931665766114614,3
PTPN2,-0.319346833898093,3
LY6M,-0.3193478348350042,3
ANG4,-0.3193563525600882,3
UQCC4,-0.3194790263683818,3
AB010352,-0.31948341465308056,3
CHD4,-0.3194958691819805,3
VPS53,-0.3196847797239622,3
1700012D01RIK|NEMP1,-0.3198688100555037,3
UBAP1L,-0.3199017124729304,3
EID2B,-0.31997168809948695,3
CALM2,-0.32005924524723256,3
GM7517,-0.3201715359613077,2
ALKBH4,-0.3201721454554118,3
HDAC2,-0.32020105629596224,3
GMIP,-0.32023937061908775,3
SDAD1,-0.3203673405665471,3
CYP51,-0.3204768969842389,3
MTERF1A,-0.32054163812875003,3
OTX2,-0.3209005094260661,2
TAGLN3,-0.32101918262201923,3
CASC3,-0.3211169864111937,3
TDRD1,-0.3214044473975007,3
ZFP865,-0.3214583276647422,3
LMO4,-0.32150126530392414,3
DDAH2,-0.3215647865999745,3
NAGA,-0.3216326067352053,3
STXBP4,-0.32166135260658385,3
SENP6,-0.321694240229978,3
SMTNL2,-0.3217416829427056,3
SNRPD2,-0.32184253676074626,3
PPP1R15B,-0.3220145059010319,3
2610042L04RIK,-0.32204700314854323,2
SCN4A,-0.32208022972719996,2
MEGF8,-0.3221315261159881,3
IFT27,-0.32217417982922586,3
9430060I03RIK,-0.3221948753926482,3
GGTA1,-0.32228169490316444,3
SDHC,-0.32229214690137026,3
BIRC6,-0.3223494850733684,3
3110040N11RIK,-0.3223787846026546,3
UBR1,-0.322481959195962,3
SP6,-0.32263237769888026,3
OR6Y1,-0.3226975286423658,2
EEF1AKMT4,-0.32271924708525673,3
GM26787,-0.32278456095693225,3
CCNT1,-0.3229872451602859,3
ZBTB11,-0.3229954508033379,3
GM20121,-0.32300508854129895,2
CLTA,-0.32314793187013874,3
NUDT22,-0.3233005751693773,3
RPL13-PS3,-0.3233516215262766,3
4933440M02RIK,-0.3233713695955859,3
BBC3,-0.3234498898118236,3
ATG16L2,-0.3234938494599515,3
3425401B19RIK,-0.3235570682573288,3
BHMT,-0.3236097604956046,3
SLC10A7,-0.3236984506581832,3
STAR,-0.3237540030098392,3
ARIH1,-0.3237545503213652,3
NEB,-0.3241341865228971,3
ERICH5,-0.324218929065701,3
TSSC4,-0.3242315661395408,3
SASS6,-0.32428106080594654,3
DNAH8,-0.32429859397388777,3
MED19,-0.3244958443741643,3
PTK2B,-0.3245841054539116,3
LSM4,-0.3246203126575968,3
SSTR3,-0.32480971408128073,2
CYB5R4|GM57850,-0.3248202388271366,3
SLC23A4,-0.32492105901632545,3
1500011B03RIK|2610524H06RIK,-0.3249564876800175,3
BTF3L4,-0.324958492712963,3
SPMIP4,-0.3249820258337329,3
GM4779,-0.3251051994326579,2
SART1,-0.3253024127088049,3
FAM76B,-0.3254500779628184,3
H2AL1M,-0.32545351902460334,3
PPP2R5B,-0.32549102320339235,3
GPR132,-0.3255900940896868,3
GLRA3,-0.3257212775856791,3
TMEM63C,-0.3257269140264021,2
ZFP708,-0.32576082212601076,3
JAK1,-0.32581831485813795,3
UROC1,-0.3258255230328253,2
DSC1,-0.32595068204655886,2
GRK2,-0.32596909666213175,3
SLC25A38,-0.3261700134698086,3
ZC3H7A,-0.3261786514094403,3
CAMKV,-0.3262970443879139,3
NT5C3,-0.3263752134996667,3
GM19510,-0.3264772821944302,3
HDGFL2,-0.3265552798219234,3
RPS6KB1,-0.32656902241476704,3
PPP5C,-0.3266161188806627,3
GM8934,-0.3266622218898947,3
CSRNP2,-0.32666499550348954,3
LCMT1,-0.32671903030227445,3
PPP1R14B,-0.32682774056417535,3
DCBLD2,-0.32683495959332703,3
GM5147,-0.32685726324260533,2
METTL23,-0.3269064933589618,3
CALCR,-0.3269961750922813,2
CIR1,-0.32699659867984215,3
PHYHIP,-0.3270746704934994,2
ALDH1A7,-0.3272847739712655,3
IGHV1-42,-0.3274069946497633,2
CXXC5,-0.32761288888561024,3
TFRC,-0.3276713871777905,3
DYNLT1A,-0.3277368116796002,3
L3MBTL3,-0.32776685653075904,3
LEO1,-0.3280366588641923,3
LZTS1,-0.32820816442702744,3
PNPLA7,-0.3282303133374769,3
ISY1,-0.32828429291406425,3
RBPJ,-0.3283088851176354,3
ACP1,-0.3284659643379271,3
TMEM161B,-0.32861611950422936,3
FLYWCH1,-0.3287416659833227,3
GSDMA,-0.32892997712310784,2
COX11,-0.32905995468875576,3
CEP192,-0.3290657505699925,3
GSDMC2,-0.3292898818509343,3
FERMT1,-0.3293141805563216,3
GM13285,-0.32936087128502967,2
TATDN3,-0.3295199756120838,3
B230354K17RIK,-0.3295298812448333,3
GM5297,-0.3295335952635028,3
CEP41,-0.3295841362926813,3
GZF1,-0.3298856850412281,3
MND1-PS,-0.3299088933185894,2
KMT2A,-0.3299763469121056,3
ADH6A,-0.32999479000478477,3
CD101,-0.3302029641552652,3
E130308A19RIK,-0.33045705891136934,3
GM15946,-0.3304911035493681,3
GSDMD,-0.3305719170698796,3
BEND5,-0.3306476725305621,3
NOSIP,-0.33065874165808123,3
TMEM169,-0.3307071964497208,3
UNC5D,-0.33073823844877864,3
CCDC121,-0.33075087100525835,3
CES2G,-0.3307690349519308,3
PRM1,-0.3308173949559286,3
MEXIS,-0.33097178192509397,3
BRD9,-0.33100089884819356,3
ICA1L,-0.3310997365865848,3
CEP97,-0.33112919922672757,3
CCDC82,-0.33120651460592976,3
TC2N,-0.3313487385217965,3
PSD2,-0.3313701780518595,2
PPP2CA,-0.33141283086455137,3
DSP,-0.33145874434390227,3
IL31RA,-0.33166454951779406,3
TRPM3,-0.33178573713249665,3
MPPE1,-0.33192774429487,3
HEATR6,-0.33196102816798234,3
PRRT3,-0.33198502834535615,2
MUP20,-0.332012352719972,2
PPM1H,-0.3320916118665281,3
ARG2,-0.33221717713486504,3
MMP25,-0.332244574443984,3
BPIFB9B,-0.3323036471799542,2
CD274,-0.33238377442337014,3
GM10232,-0.33243076512482445,3
GM23849,-0.3324589717010522,3
HIVEP3,-0.3327580327890192,3
DGKA,-0.33276485170104914,3
CEP295,-0.33288084930873946,3
SRGN,-0.33306144885126815,3
ZFTRAF1,-0.333198882837119,3
SNRPD3,-0.3334357131018559,3
RNF169,-0.3334426177700809,3
CLDN3,-0.33379543172597875,3
GM32856,-0.3341467151271864,3
NPAT,-0.3343070462671442,3
COMMD2,-0.33448806022794303,3
ARPC4,-0.3345362263928637,3
A330102I10RIK,-0.334688004955461,3
TCEANC,-0.33468828901368114,3
B230219D22RIK,-0.3348444382857545,3
GM26788,-0.3348605392511606,3
COQ4,-0.3349628319135019,3
GM8663,-0.3350027510764153,3
MAP4K2,-0.3350884752577326,3
PGA5,-0.3352139857042703,2
DOK2,-0.3354749175590684,3
SLIT1,-0.335679139055453,3
FCGBPL1,-0.335765805483563,3
GM19056,-0.3358588403248808,2
HYLS1,-0.33588565445766433,3
NAP1L4,-0.33594370842164323,3
GM7867,-0.3359507598551912,2
NLRP1B,-0.33603649291447396,3
NPY,-0.33613810793376986,2
GP2,-0.3362922167527833,3
TERT,-0.336297416729078,3
ZFP664,-0.33634851813033423,3
BIVM,-0.33646293350793394,3
H2-T-PS,-0.3364704516437648,3
MED25,-0.33656425516239885,3
RPL10A-PS1,-0.3366423062982254,3
GRIN2B,-0.336650540394877,3
4921524J17RIK,-0.3366856646755596,3
VAPA,-0.3367531286092516,3
VARS2,-0.3367618781828232,3
SENP1,-0.33686951970610995,3
CRBN,-0.33693889216992895,3
GM12022,-0.3369503752902124,2
GPC2,-0.33697068472849706,3
GSDME,-0.33700939123159984,3
CIC,-0.33706018852924924,3
PCSK2,-0.3371277289877008,3
WDR70,-0.33712781251081614,3
CSNK1G2,-0.33720400025892533,3
KAT2A,-0.33731654697037367,3
SCARF2,-0.3375447818256779,3
ARSK,-0.3377676425833183,3
KLC3,-0.33780617934267343,3
ABCF3,-0.33791404256496405,3
YTHDF2,-0.3379192015818266,3
SLITRK5,-0.3379993378648605,3
WSB2,-0.33819615484937576,3
DLX6OS1,-0.3383697531243211,2
MPP1,-0.3387140477632547,3
COL11A2,-0.3387760733279625,3
GM8971,-0.3388853319974926,2
SCART2,-0.33901522137040024,3
WDR83OS,-0.3390383927815451,3
9030619P08RIK,-0.33911732725894045,3
COP1,-0.33930837906831474,3
DNMT3AOS,-0.33933908937547685,2
HTRA4,-0.3393611341898563,3
BTN1A1,-0.33947573170101064,2
ALG2,-0.3394829337298764,3
OSER1,-0.3394858374493113,3
FXR1,-0.33949616966138674,3
FASN,-0.3395231385004797,3
OAS3,-0.33960638695158973,3
SNX31,-0.3396104309986172,3
1700008O03RIK,-0.33965148588076216,3
RPL15-PS5,-0.3397621665002452,2
GM12918,-0.3398444362487379,3
DMBT1,-0.3400252508779558,3
CSNK2A1,-0.3401459746954612,3
MYO15B,-0.34017675984509216,3
BC106179,-0.34019382598435866,3
PSMB4,-0.34021879276598765,3
BATF3,-0.3403108613609478,3
ZAP70,-0.34046187467368166,3
LLGL1,-0.3404974607104864,3
LTA4H,-0.34067714440382807,3
PDAP1,-0.34074511872465624,3
NEURL3,-0.34091894914787596,3
CASP8,-0.34105237487569523,3
BCL9L,-0.34108293565716435,3
TRIM30D,-0.3410934632382965,3
SLC6A20A,-0.34115417278870774,3
ELMO1,-0.34127097145285573,3
LTBP4,-0.34164822462393724,3
4930506C21RIK,-0.34172056465458645,2
RMND5B,-0.3417665360464858,3
SKIC8,-0.3418483955864183,3
NTM,-0.34201094404584953,2
GNAI2,-0.34201453948292676,3
QTRT2,-0.3420413785989633,3
GGPS1,-0.34229436394517276,3
CTPS1,-0.3424893411262462,3
RPL27A,-0.34254739918544624,3
MRPL18,-0.3425512415324275,3
PRDX4,-0.34259452682669794,3
DIS3L2,-0.3426256982197257,3
SPRR2A2,-0.34271820309320394,3
RANGRF,-0.3428408617912048,3
TRUB1,-0.34284365909520575,3
RBM33,-0.3428647657944226,3
VPS8,-0.34290499594307927,3
KBTBD6,-0.34297744459649676,3
GM7868,-0.3431175624946199,2
SLC27A3,-0.3431388272298091,3
ZFP418,-0.3431822036390951,3
GM17039,-0.34325798105987904,3
GM11405,-0.3433446467906845,2
MPP7,-0.3433529867535678,3
PLRG1,-0.3436342903865621,3
TEX15,-0.34394560068462604,3
HARBI1,-0.34404943785777425,3
GM2011,-0.34412498224922233,3
A930041C12RIK,-0.34416450998561626,3
SLX9,-0.3442744983135855,3
CRK,-0.344355534799684,3
CXXC1,-0.34436346957068437,3
CARF,-0.344429518744009,3
SLCO2A1,-0.34455736574115114,3
EIF4G2,-0.34461207586888115,3
RAB24,-0.3446375444852947,3
TEDC1,-0.3446687727094315,3
CDH8,-0.3446788540388025,2
PNPLA3,-0.34468963313388007,3
MID2,-0.3447086589510897,3
SLC9A2,-0.3448495323492518,3
BBS12,-0.34486411004200623,3
IPO9,-0.3449217640805051,3
TMOD4,-0.3449506179274597,3
EPB41,-0.34511341262410195,3
GM5576,-0.3452378047495086,3
MFAP1B,-0.34533668441719345,3
PARM1,-0.34541212571732066,3
PRR9,-0.34546468531394586,2
CD160,-0.34558399157876457,3
BTBD9,-0.34563160594603426,3
UBE2Q1,-0.34572075962939075,3
XPO7,-0.3457857897724237,3
ZFP938,-0.34582085165570153,3
GM3363,-0.3458934013414909,3
PIGN,-0.345904564243722,3
GREB1L,-0.34592224467696675,3
FKBP10,-0.3461712157092552,3
KLHL23,-0.34631617301629775,3
MRPL32,-0.34633916362485934,3
REEP4,-0.3463845027486095,3
FOXO3,-0.3466489311756474,3
GM9575,-0.34666525577252383,3
FAM135B,-0.3467276609494583,3
ACAA1A,-0.34687477263486804,3
FAM171B,-0.3470269922688261,3
REXO5,-0.3470561659480744,3
ZFP566,-0.3473152635812939,3
DSC3,-0.34748253553362146,3
IRX4,-0.34753310789815745,2
TRBV1,-0.3476376663348187,3
TMEM18,-0.3476384895564397,3
NPFF,-0.34773343782664595,3
CEND1,-0.34773897376933344,3
DSTYK,-0.347961258257704,3
GREM1,-0.34797016941234626,3
RAB19,-0.3480923999738958,3
VPS72,-0.3483157670243256,3
DTX3,-0.3484005163171295,3
TMEM263,-0.3485216970688882,3
THSD7B,-0.3486171178319466,3
CYLD,-0.34863064908398594,3
HIRA,-0.3487316687274611,3
IL27RA,-0.34878438852642835,3
GTF2A1,-0.34879387006556,3
TRAF3,-0.3489324327130356,3
TBC1D8B,-0.348974499721578,3
DIO1,-0.3490199180904505,3
TIA1,-0.34906748497049556,3
NECAP2,-0.34909024455237575,3
GM3650,-0.3491152301792268,3
MORRBID,-0.3491559717162729,3
MRNIP,-0.3491628553957557,3
DESI2,-0.34919119633895573,3
UGGT1,-0.3493243448381758,3
PACSIN1,-0.34937027386337555,3
RTN1,-0.34947079514026536,3
UBR5,-0.34953034147139866,3
GM45795,-0.349629370874724,2
TRDV3,-0.3496596446348438,2
RSLCAN18,-0.34966855992544676,3
GM4342,-0.3496998600481538,3
NEURL4,-0.3497479237688397,3
SLC28A2B,-0.3498199333893111,3
TMEM209,-0.3498425779176233,3
AKAP17A,-0.3501648965826507,3
NFE2L3,-0.35019832503583453,3
GJB4,-0.35026898090674796,2
ITGB2L,-0.3504621917020206,2
GM36266,-0.3504665412093943,3
MAZ,-0.3505183101449731,3
GM7995,-0.3508939512356247,2
GM3604,-0.3509802791933047,3
TRGC1,-0.3510128701649204,3
GM23458,-0.35108720344336614,2
SGSM3,-0.35134938951737604,3
ADGRL1,-0.35144415656390326,3
ANTKMT,-0.35157837088887706,3
KBTBD11,-0.35163196115824596,3
TRAV15-2-DV6-2,-0.3516439374401707,3
PRMT5,-0.3517866873450186,3
SSBP3,-0.35182860372693564,3
HCFC1,-0.35194464774658246,3
NIN,-0.352051512021687,3
GON4L,-0.35210937848174434,3
CC2D1A,-0.3521160934517839,3
ESYT1,-0.3523014047637411,3
EIF1A,-0.3524703042764979,3
DDR1,-0.3525346628771647,3
GOLM1,-0.35256443464035064,3
GM1818,-0.35257309092517014,2
PIM2,-0.3526692504217981,3
CRIPT,-0.35305938875314014,3
GPR107,-0.3531463197797671,3
ZC3H12D,-0.3533437246553402,3
RRAGB,-0.35342253732328155,3
TFAP2C,-0.3534449721822961,2
PLGRKT,-0.3535131597428974,3
UBE4B,-0.3536764985254905,3
ZFP444,-0.3537239431274967,3
MAP2K4,-0.35412807322914014,3
UEVLD,-0.35413478346529265,3
TCOF1,-0.3541758187618324,3
SMARCA5-PS,-0.354207187501528,3
TFPI,-0.3542073741442497,3
GPX5,-0.35429929143979244,2
GM13535,-0.35440237308009,2
COL5A3,-0.3544644479497274,3
GM6345,-0.3545822040102588,3
CPB2,-0.35478030669638055,3
GM614,-0.35486234161903574,3
GM33989,-0.35495971432067774,3
SCML2,-0.35505614929095874,3
GM19829,-0.35508151990683134,2
H2AC5-PS,-0.35510017590441584,3
GM21190,-0.35519028150415694,2
ZKSCAN7,-0.3552566127678302,3
SLC2A9,-0.3554360078870438,3
DEFB30,-0.35573105283850515,2
FBXO2,-0.3558516071364612,3
INSYN1,-0.3559503460708286,3
SSRP1,-0.35610331197688616,3
PPP4R2,-0.3562359174587811,3
GM15740,-0.35646029445437843,2
MYLPF,-0.35649492931361415,3
MEF2A,-0.35651598533777706,3
GABBR1,-0.356578427434117,3
LRRC66,-0.3567054757370061,3
LUC7L3,-0.35673109590467744,3
UMPS,-0.35673669864173513,3
REG3G,-0.35673883850444227,3
ZFP65,-0.356890433320087,3
GM30108,-0.3570063833049702,3
UNK,-0.35713840625214077,3
TLK2,-0.35726791916596956,3
PAIP2B,-0.3574555501269276,3
MAPK1,-0.3574914203404422,3
WEE2,-0.3575325136581766,2
OR7D9,-0.35770475048555095,2
PARP10,-0.3578160711068177,3
MED15,-0.35802291366437955,3
GM3252,-0.3580641904051863,3
1300002E11RIK,-0.35809528797204027,3
EMC8,-0.3581664033769618,3
LEMD3,-0.3582252786339682,3
MRI1,-0.358322541051548,3
TTC32,-0.3583729322514457,3
GM7363,-0.3586206633677776,3
BOLL,-0.3586769717518527,3
VCF2,-0.35873984246705043,3
RNU2-10,-0.35879932929822766,3
GM11992,-0.35880144632899924,3
IGKV19-93,-0.3588240852010165,3
ESRP1,-0.3588703673521397,3
SSX2IP,-0.35887898346951447,3
MED27,-0.3589104114302324,3
GM18955,-0.3589854157964268,2
GM10033,-0.3589921348029039,3
GM24289,-0.3591536798070711,3
GEMIN6,-0.35929141430220574,3
SUSD1,-0.3593017935820541,3
YBX2,-0.35955379221843375,3
SLC25A13,-0.35957188893329844,3
CSGALNACT1,-0.35969638102576723,3
MAGT1,-0.35980302204856374,3
PKN2,-0.3600764019139304,3
LEMD2,-0.36009967885175626,3
DLX2,-0.36015514549463645,2
THOC2L,-0.3602715218152144,3
IGLV3,-0.3602901248643282,3
RXRA,-0.3603977395914238,3
TRIM62,-0.36044900072914815,3
MANBA,-0.36057004479723304,3
KANSL1,-0.36082670236975184,3
SETD3,-0.36098279374116493,3
NDUFB4B,-0.3611824406506197,3
SLC24A5,-0.36120221125864593,2
HHIP,-0.3612064586776272,3
CT45A,-0.3612095601091996,2
RGS1,-0.3612159035788663,3
2310034O05RIK,-0.3612314934721703,3
2810013P06RIK,-0.3612695574484616,3
GSTA2,-0.36143647293717174,3
H2-Q6,-0.3615195900288471,3
ZFP808,-0.3615626847150976,3
SPRR1A,-0.36156768807889034,3
GM12758,-0.3617008137794589,3
TRIP4,-0.3617758127575725,3
H2-Q2,-0.36187729147379183,3
TRP53RKB,-0.3619288141008563,3
SMIM43,-0.3619699471955751,3
GM8517,-0.3620550099819319,2
GM15850,-0.36206538265529176,2
A230057D06RIK,-0.3620933251928785,2
TBC1D22B,-0.3621987684738825,3
PTPA,-0.3623441366426882,3
ZCCHC12,-0.3626575719911189,3
ZFP189,-0.36271825443905853,3
H1F4,-0.3627375551966449,3
DDIT4,-0.36292277445392757,3
MOSPD3,-0.36298303209348887,3
ZFP825,-0.3631342622742287,3
GM12174,-0.36330164522444486,3
APEX2,-0.3634446812777497,3
ZXDB,-0.36353022317952055,3
DLG2,-0.363571868243137,3
RPS27A-PS1,-0.3636197425252797,3
DNA2,-0.3637311762879441,3
GM14584,-0.36373934475200453,3
GABRR2,-0.36374419372988465,3
ZFP459,-0.3637637059342433,3
RASA1,-0.36377670824186903,3
FANCM,-0.3638198993057931,3
TRAV13-2,-0.36388113587826615,3
TUBA-RS1,-0.3639286485100912,2
E230016M11RIK,-0.3641227372471041,3
HINFP,-0.36446735034976724,3
PLEKHS1,-0.3645278467601398,3
RNF34,-0.36458776161179035,3
EIF5A,-0.36468970891287816,3
AP5M1,-0.36476031334377873,3
ZFP469,-0.3647627489625626,3
SPATA25,-0.36478775068894137,2
SAMD8,-0.3649118596413592,3
PDCD10,-0.36498234473031393,3
9330136K24RIK,-0.36530269266089527,3
ZFP748,-0.36531788191448494,3
BFAR,-0.3653992765785768,3
DHRS13,-0.3654428549323569,3
SERPINA3J,-0.3654743776570451,3
CENPT,-0.36548679887292496,3
CNEP1R1,-0.365674192539466,3
GM25663,-0.3657262949201406,3
FBXL20,-0.36576860354984575,3
H3C8,-0.36593135517847436,3
FAM219B,-0.3660201336606031,3
JUND,-0.36605383484509035,3
TRAV14D-1,-0.36607644206353024,3
TRAV14N-1,-0.36607644206353024,3
CTSL,-0.3661917590028727,3
GM12097,-0.3662027213169771,3
ZFP493,-0.3662208302366185,3
GM8894,-0.3662259024487927,2
GM15441,-0.36629280925876967,3
TSPAN13,-0.3663442220085236,3
GOLPH3L,-0.3663724852508756,3
ARHGEF39,-0.36637849782290166,3
GM24950,-0.3663932708469366,3
CCDC30,-0.3663998000242395,3
ZFP263,-0.3664130030732961,3
RGL2,-0.3664220518654607,3
RPL3,-0.3664467519396993,3
A830009L08RIK,-0.36646260298708727,3
KCNJ16,-0.36651159791639903,3
ELP4,-0.3666521869081867,3
VCPKMT,-0.36671945462508043,3
KLHL35,-0.3667574246194429,3
FRRS1L,-0.3668044330672105,2
AHSP,-0.3671051755456151,3
TCHP,-0.3671147254006986,3
PKP1,-0.3671189291369881,3
RNMT,-0.367361962070955,3
TMPRSS6,-0.3674107347172871,3
TES,-0.36753820962916706,3
SENP8,-0.3675954261616465,3
GM32834,-0.3676380133878775,2
IREB2,-0.3677162753787271,3
CPSF3,-0.3678613758487878,3
ENTPD7,-0.36786743653785,3
VPS29,-0.3679455501620632,3
PHEX,-0.3680937126409593,3
LOC115486416,-0.3682183133895291,2
HP1BP3,-0.36826164860631155,3
LMAN2L,-0.3683633262457689,3
DMC1,-0.3687074637528882,3
4930428O21RIK,-0.3687893866709844,3
EIF2B4,-0.3689777162141717,3
SKAP1,-0.36913952224781627,3
DBNL,-0.36921222293954864,3
ZFP511,-0.36921879205192676,3
MUC3A,-0.3692505521900884,3
COG8,-0.3694992928994371,3
SLCO1A1,-0.36962535344122105,2
TMEM107,-0.36972205718246065,3
RPS6-PS3,-0.36977286824723804,3
CNOT8,-0.3697980300458525,3
TBCK,-0.3699267308258401,3
SUMF1,-0.36994489652560586,3
ART2A,-0.37003138815268155,3
TNFSF18,-0.3701120987584168,2
ZFP933,-0.37012179602096396,3
CSNK1A1,-0.3701228157948508,3
SNX15,-0.3702541711290866,3
KLHL10,-0.37025433003934505,3
AKAP8,-0.37026533792805494,3
GALNT6,-0.3703296519337019,3
HID1,-0.3705106548322999,3
ATG12,-0.37065972585660695,3
PPP1R12C,-0.3709050727569712,3
SMPD4,-0.37090672547635933,3
EIF1AD,-0.37104968711675806,3
TCF7L2,-0.37105146796581345,3
PITPNM2OS2,-0.37121110756772224,3
TDG-PS|TDG-PS2,-0.37139045013487615,3
GM17835,-0.3714394084746562,3
FASL,-0.371585184936918,3
GM2253,-0.37159750712615214,2
SLCO4A1,-0.37163796360161183,3
KLK1B4,-0.3716561542981376,2
NKRF,-0.3718243654701989,3
RESP18,-0.3719056294381157,3
ZSWIM9,-0.3719528029632471,3
VPS36,-0.37199661751384916,3
RPS26-PS1,-0.3720186415267741,3
SPINK5,-0.3720992826858021,3
5730507C01RIK,-0.3721014976213321,3
GRIK3,-0.37230093918971807,2
CPNE2,-0.3723176222837146,3
CCDC171,-0.3724169076748551,3
SLC66A1,-0.3728119405036307,3
PANK2,-0.37285385871736176,3
MBD4,-0.37286002515217115,3
6030407O03RIK,-0.37317600248608107,3
PPP6R1,-0.3732116563720533,3
ADAM17,-0.3733346028564009,3
ZFP382,-0.37344294032970815,3
POLA2,-0.3735815329640835,3
KLK10,-0.37371005702192045,3
PTGDR2,-0.37379869339733524,3
GTPBP4,-0.37386081327263065,3
URI1,-0.37396017211002225,3
ZFP277,-0.3740568489879477,3
GM26205,-0.3743062583515649,3
2810001G20RIK,-0.3743885772790844,3
IFTAP,-0.3744570256157575,3
ABHD8,-0.3745219677837843,3
POP4,-0.3748711472618866,3
RPS18-PS1,-0.3748841953937359,3
FAM177A,-0.374901668373091,3
KNG1,-0.37494626286358385,2
NHLRC2,-0.3750745690808807,3
CEP63,-0.37510629998046935,3
A530072M11RIK,-0.3751180611651292,3
RPS15A-PS3,-0.37515226853478945,2
GM16023,-0.37522211401083966,3
GM34225,-0.3752925169180993,2
PPY,-0.3752952653376341,3
GM34574,-0.37561363403006426,3
WBP4,-0.37561555662366347,3
SAP25,-0.37570141848156346,3
XNTRPC,-0.3760088013405321,3
OR6C208,-0.3760808417585753,2
RPL32-PS,-0.37619179060629254,2
TEX54,-0.37634668882624434,3
GM8714,-0.3763513795145876,3
DNAJB6,-0.3764207590882058,3
GSDMC4,-0.3765591292580286,3
TMEM101,-0.37660616405419517,3
BRD2,-0.3766436734154172,3
GM5780,-0.3766926615873678,2
GM2199,-0.37678324859515017,2
EMG1,-0.3767847971495318,3
CANX,-0.37690430412243403,3
SNORD21,-0.3769365262444127,2
PIN4,-0.3769387201050803,3
TCSTV4,-0.37699168482063006,3
OLA1,-0.37699896947771494,3
MED7,-0.37725133002755534,3
EPS8L3,-0.3772608322874703,2
4930500H12RIK,-0.3774026706148867,2
MAP6,-0.377428663391483,3
KAT6B,-0.3774572309351998,3
HDHD5,-0.3774731174795187,3
AMMECR1L,-0.3775501368476184,3
A230107N01RIK,-0.37761205973781525,3
CRY1,-0.37761788667430446,3
PI4KA,-0.3776461120137986,3
LGR5,-0.37764740726390267,3
ZC3HC1,-0.37766655755038,3
GM5124,-0.37777207393782936,3
ALG8,-0.3779332971430436,3
FRMPD3,-0.37795618768836925,3
MUC6,-0.3780416445330627,2
TLL1,-0.37810180422911593,3
PRKN,-0.3781581798677543,3
XLR5B,-0.3782797416719143,2
SAA2,-0.37833042805502926,3
MROH8,-0.37870669292347864,3
TLR12,-0.3787415955186028,3
YIPF4,-0.37898371430053474,3
PTPN7,-0.3789935185811426,3
CCAR1,-0.37903417061502553,3
PURG,-0.37913287837958604,3
ZFP771,-0.3791615435213456,3
GM14308,-0.37919769819024557,3
DDI1,-0.37922273208467905,2
MIXL1,-0.37924050128716325,2
GPR63,-0.3793026597677731,3
HMGB1-PS6,-0.3793843095598088,3
NANP,-0.3793985547522336,3
GM20379,-0.3795386659426384,2
TAF11,-0.37954866421918093,3
MCTP1,-0.3796240125528662,3
TCF7,-0.37972523011609893,3
LRRC8C,-0.3798705931959052,3
HOXC8,-0.37995568621964443,3
TMC6,-0.38003064097121086,3
MACROH2A2,-0.3801880390722899,3
GM11960,-0.38026067559856314,3
KITL,-0.380333806931718,3
TRAP1,-0.3804470158149938,3
GM19046,-0.3805614704874579,2
TEX9,-0.38059734441066856,3
NHSL1,-0.3807288549516535,3
ZFP746,-0.38084409861104906,3
PDIA3,-0.3810323085247174,3
ZPBP,-0.3810887953960316,3
D7ERTD443E,-0.38119682611113526,2
LOC118568483,-0.381209349720987,3
UBOX5,-0.38129714469172454,3
GM14634,-0.3813638692675582,3
COA4,-0.38158201995116636,3
PDE6D,-0.3816190925382381,3
6330415B21RIK,-0.3819412440784418,3
ZCWPW2,-0.38200552344486854,3
SPSB1,-0.3821700608030671,3
UVSSA,-0.3823707938216146,3
MMP27,-0.38260058235830846,3
RBM42,-0.38262953087796686,3
TNK2OS,-0.38263453519928314,2
TMPRSS13,-0.382703257975851,3
NIPAL4,-0.3827235805394329,2
TRGC3,-0.38280656540865476,3
CTH,-0.38306506879485686,3
1700093K21RIK,-0.38316673170377713,2
PCNT,-0.3832085709424251,3
MAPK1IP1L,-0.38344589565644965,3
SNRNP48,-0.3836650585761687,3
TRIP12,-0.3840531575804434,3
USP37,-0.3840776037637929,3
RAD54L2,-0.38407866141595876,3
CD83,-0.3842062072219015,3
UGT2B35,-0.3842763295983347,3
MLH3,-0.384528485519459,3
DHX36,-0.3845651467510856,3
MPLKIPL1,-0.3846542009280557,2
GM6745,-0.38472769655670086,3
KRT9,-0.38484302134052073,2
ADNP,-0.3848807758936738,3
ZFP943,-0.3848916061220087,3
HUWE1,-0.3849272098765235,3
FAM234A,-0.38493206185455625,3
ARMCX5,-0.3850513343789048,3
GLYAT,-0.3851585891025546,3
GBA2,-0.38517925552160565,3
PTPRH,-0.385222872177293,2
WNT4,-0.38538532592885444,3
FAM83B,-0.38543726017754093,3
TMEM131L,-0.385445341888412,3
MAX,-0.38556377796366065,3
NGRN,-0.38562452410237724,3
D330041H03RIK,-0.38563409204732085,3
PSMD5,-0.3858167337686182,3
LRRD1,-0.38587621392828436,3
GM24826,-0.38600529669533046,2
TRAV13N-2,-0.386037397144067,3
TRAV13D-2,-0.386037397144067,3
GNB4,-0.38612738635704424,3
GM13546,-0.38613327330878144,3
KIF12,-0.3862606303536942,2
TONSL,-0.3862939008729514,3
INTS7,-0.3863191445399377,3
EGLN3,-0.38633912248188257,3
1600023N17RIK,-0.3863602303866645,3
CLCN2,-0.3867272195400842,3
MIER1,-0.38676345404462786,3
CNTNAP2,-0.3868661436926469,3
XYLT2,-0.38743686197119437,3
NECAB3,-0.38764138246835333,3
GM24145,-0.3877195021397376,2
TRIM68,-0.3877851402906451,3
COG5,-0.3878081821529958,3
TMC4,-0.38790036253290533,3
GM3617,-0.388045318441853,3
SLC25A14,-0.38849009425315867,3
GNA13,-0.388607828870285,3
NFIL3,-0.3887440652283483,3
ARFGEF3,-0.3888032948131302,3
GNB1L,-0.38899500637171563,3
6330549D23RIK,-0.389008331569579,3
ZFP758,-0.3890146764063072,3
PDE6A,-0.38919708128363656,3
JARID2,-0.38923556500269546,3
DUSP5,-0.38924284981477636,3
BET1,-0.38925752392835805,3
ABI3,-0.38929248776469,3
PAK3,-0.38945734218134187,3
2210408I21RIK,-0.389503868080289,3
CYBA,-0.3895206092348829,3
GM30214,-0.38954538885769235,3
RFX7,-0.38967189502817257,3
NHERF4,-0.38979406315089077,3
JTB,-0.3900180401488176,3
ZFP268,-0.39008736830875135,3
TXNL1,-0.39021518506362596,3
REPIN1,-0.3903358960719177,3
EGR2,-0.39049564860818126,3
1810010H24RIK,-0.390504588039523,3
PATZ1,-0.3905218554014352,3
SRP9,-0.3905375389001186,3
KTI12,-0.39072103449272316,3
SETX,-0.39092021823530815,3
TRH,-0.3909979689249088,2
OVOL2,-0.39106201818418435,3
6430550D23RIK,-0.3910850072968451,3
MDM4,-0.39110643250112237,3
BUB3,-0.39150031822386167,3
PPAT,-0.39154906741646456,3
RESF1,-0.39157419914677954,3
NOX1,-0.3915854886990254,3
BTBD18,-0.3916228075171293,2
CFAP210,-0.39169210625728973,3
BC002059,-0.39169715539270555,3
VSNL1,-0.3917051198760588,3
GM11653,-0.39180744415474433,2
ZFP182,-0.3918533430728705,3
TRIM40,-0.3919722075194221,2
PISD-PS1,-0.39201495615597426,3
SNORA3,-0.39208205292559783,2
PABIR2,-0.3921995231709136,3
FOXG1,-0.392417898067348,3
FAM133B,-0.3925487865641022,3
TSG101-PS,-0.3925751874698662,3
RAD51B,-0.3927975346860549,3
RBM14,-0.3929583044267326,3
BCL9,-0.3931053800260474,3
RENO1,-0.39318703555629425,3
OR52H7,-0.3932886481001012,2
PDPK1,-0.393332294099695,3
SPOUT1,-0.39341426960025117,3
SCN8A,-0.3934340071009524,3
IRF4,-0.3934646200596735,3
IDI1,-0.3935364600143565,3
BLOC1S6,-0.39369042528582027,3
KRT76,-0.39389324728007274,3
GM5907,-0.3939378918910017,3
TSPYL1,-0.393959778278229,3
ACTR6,-0.3940745732370657,3
GM22009,-0.39412286595400375,3
MPHOSPH8,-0.39413578832430646,3
RADX,-0.3941645469194847,3
SLC35D2,-0.3942500722206114,3
ATG2B,-0.39435935116510185,3
DUOXA1,-0.39436839347064356,2
EIF4EBP2,-0.39438819209071835,3
ADAMTS13,-0.3944467308367451,2
ZFP965,-0.39473702774861197,3
GAP43,-0.3948062216141439,2
MRPL49,-0.3948434093278523,3
ZFP942,-0.39503624610063537,3
GM39792,-0.3950589580073092,3
PCGF5,-0.3951529339212822,3
HAUS2,-0.3952153341804307,3
TBPL1,-0.39528336718168106,3
ADORA2A,-0.3953649618168629,3
LRRC40,-0.3953661808963691,3
SLC25A27,-0.3954345457473565,3
KIF24,-0.3959900247269867,3
NEPRO,-0.3962310411853344,3
SAFB,-0.3963463260246116,3
STN1,-0.3964134269696578,3
ZFP644,-0.3964465519729612,3
GM22154,-0.396462840311545,2
KRT8,-0.39674981827329275,3
WFIKKN2,-0.3969207048830042,3
5033430I15RIK,-0.39714619213475144,3
TRIT1,-0.3972145090845037,3
4930426L09RIK,-0.39734032731326413,3
ZBTB14,-0.3976029145184811,3
NUP50,-0.3977765131350397,3
MSI2,-0.3978977389964687,3
HERC2,-0.39790000018424415,3
MNAT1,-0.39793278048664854,3
TRGV3,-0.3981133705173499,2
CNGA1,-0.39815189171602405,3
NRCAM,-0.3981914817121122,3
CAMK1D,-0.3982606520986934,3
ARHGAP33,-0.398378224067675,3
NKX1-2,-0.3984991405739908,2
ZMYM1,-0.39856376479092787,3
PKN1,-0.39856829595458715,3
KDM5B,-0.39865271872123986,3
HDAC1,-0.39868918654262764,3
PHF12,-0.39870701265989766,3
SUMO1,-0.398735190289532,3
BST1,-0.39889253946828257,3
AAMP,-0.3989781096185925,3
NRG2,-0.3990284444036308,3
USP45,-0.3991363100374487,3
CEP128,-0.39944430924725954,3
PDYN,-0.3994521431553895,3
PRG3,-0.39957120352717784,3
CDK11B,-0.39989899626216197,3
B230216N24RIK,-0.39991352851201767,3
ZFP607A,-0.40002441652575477,3
CCNY,-0.40003655758560946,3
ORMDL1,-0.40008982785447783,3
MXD1,-0.40030828521359535,3
PKD2L1,-0.40032111089380695,2
POU5F2,-0.4003586473643188,3
APOL7E,-0.400383516375693,3
RIMKLB,-0.40040596424298874,3
USP40,-0.40042110730280456,3
LUC7L2,-0.4004385686435949,3
FRAT1,-0.400476163451378,3
SERAC1,-0.400594807536547,3
KMT2D,-0.40063840841882886,3
ATP6V1G1,-0.4010276139567224,3
GM1604A,-0.4011316874699707,3
ABHD18,-0.4011907443746403,3
BOC,-0.40125392398395987,3
ZFP652,-0.40151693372572606,3
ANAPC7,-0.40208358219155316,3
DENND10,-0.4021469149417523,3
GVIN1,-0.4021529524120065,3
HOXAAS2,-0.40249565875466553,3
CSE1L,-0.4026014563828089,3
PRRG1,-0.40269080006225844,3
VPS33B,-0.4027020345035017,3
A230072C01RIK,-0.40283073461659874,3
KCNB2,-0.40288312528145936,3
ABHD17A,-0.4029546030481681,3
EME1,-0.40307096680609433,3
PCBP1,-0.4030987123553451,3
RWDD2B,-0.40311116766836635,3
GM44148,-0.40326827933946136,3
GM10319,-0.4033012697775923,2
GM14325,-0.4035042282949281,3
OR8B1C,-0.4035366204063699,2
PNLDC1,-0.4038769851712543,3
ARFGEF1,-0.40397584598605984,3
SEC63,-0.4039792430948723,3
ARNT,-0.4040122122922689,3
CSN1S1,-0.40413462738214195,3
C330008A17RIK,-0.4043376518023957,3
TCF12,-0.4043538367508644,3
2810047C21RIK1,-0.4044542326436459,2
GM4294,-0.40456103824818185,3
WSB1,-0.4048548704071467,3
GM22973,-0.40487396950022103,2
CPNE4,-0.4048991039315353,3
CEP43,-0.40490308419245596,3
RB1CC1,-0.404904023808073,3
TRAV13N-4,-0.4053095601459367,3
GM7701,-0.40532626826986284,2
EXOC7,-0.40534265639700423,3
RAB27A,-0.4054002444615951,3
DEPDC7,-0.4055162647946064,3
ZFYVE1,-0.4056068671707487,3
PEAK1,-0.4059848165737348,3
ADAMTS17,-0.40613198377050946,3
RACK1,-0.40616020092127675,3
LTN1,-0.4062081238352595,3
MS4A10,-0.4062931210103868,3
GPR162,-0.40641346580183946,3
ZBTB44,-0.40692105163858,3
HTATSF1,-0.40715693587815655,3
GOLGA7|GM6829,-0.40723877436460754,3
PTAR1,-0.407251029874323,3
BTBD8,-0.40758159160815705,3
PAPOLA,-0.4081162819404653,3
BC025920,-0.40824251401149,3
MICU3,-0.40833003185075406,3
TRAV9-1,-0.4084148142432084,3
MFSD4A,-0.4085008028049177,3
GM24044,-0.40859667739508243,2
GALK1,-0.4087114369796936,3
POLR2B,-0.4088376949778207,3
GM23971,-0.4090138601693732,3
4930513N10RIK,-0.4090396435437113,3
SMAD4,-0.4091115735438677,3
NF1,-0.40914625066085186,3
SNORA52,-0.40935330086764204,2
PSORS1C2,-0.4095841017090973,3
MYCN,-0.40961360866991176,3
SLC44A2,-0.40970998171081074,3
GALNT1,-0.40974791846796116,3
HOXC11,-0.40987710994330495,3
PDE7A,-0.4101022259884573,3
CLIC1,-0.41010726885139653,3
TUBB4B,-0.41026011771623266,3
GTF2I,-0.41037378293736987,3
LRRK2,-0.41050658012263175,3
GM23722,-0.4105387225112313,2
ARHGEF17,-0.4106263136344162,3
ZFP438,-0.41096958497183755,3
RFX1,-0.41098712536348275,3
GM10359,-0.4110401609426885,3
TSPAN6,-0.41132281710075697,3
CENPN,-0.411522417886963,3
1110046J04RIK,-0.41152991409364675,3
KRCC1,-0.4116277320593101,3
DYNC1I1,-0.41163743873025777,3
DNAJC8,-0.41166655993802626,3
HSD3B2,-0.4119063652034078,2
CCDC85A,-0.4120496636145443,3
A630073D07RIK,-0.41211902029591974,3
NF2,-0.41263521668548436,3
KATNBL1,-0.4130861436351005,3
MIR99AHG,-0.4131474160544459,3
HIVEP1,-0.4132718675206659,3
TPRG1,-0.4135783808932721,3
FBXO45,-0.41374400037857795,3
EIF2S2,-0.4139248082607789,3
NPM3,-0.414020887486967,3
TUBB5,-0.4142059694585303,3
TMEM165,-0.4143310734513772,3
4732414G09RIK,-0.41446572667745724,3
GM8839,-0.4146085336344809,2
SIRT7,-0.41468189331909994,3
GIMAP4,-0.4146845679928656,3
DANCR,-0.4147519008274069,3
PNMA8C,-0.414782281766233,3
MED31,-0.4147832203731003,3
GM16585,-0.41487170545396457,2
WDR73,-0.41490955590021866,3
NLGN1,-0.41498989213502724,3
PAX6,-0.4149909712701757,2
ABCC2|GM10768,-0.41509960522885375,3
GM22739,-0.41510802337661745,2
TRMT112,-0.41512118274432197,3
ZFP707,-0.41517573035668215,3
GM5374,-0.41526751498960546,2
E2F1,-0.4152780854939219,3
CFAP43,-0.41529418258876466,3
POLE4,-0.41535861867223184,3
GM10323,-0.41543977171264956,2
PHF19,-0.41547628900782047,3
RORB,-0.41569739466590544,3
SLC35E2,-0.4158637901432494,3
TNFRSF8,-0.4159154199143868,3
KCNAB2,-0.41596275805960586,3
XNDC1,-0.4160152740972866,3
4930594C11RIK,-0.41610709628344944,2
KCNJ9,-0.4161233148358574,3
4930503L19RIK,-0.41631611965127074,3
BUD31,-0.4163355887392488,3
TRBV4,-0.41658998813964976,3
GTF3C1,-0.4166713025446989,3
ACOT5,-0.41678114874884303,3
METTL21C,-0.4170356951308562,3
LAD1,-0.41707711445177426,3
MOGS,-0.41717211666883536,3
4930562F07RIK,-0.41720882733430065,2
PPHLN1,-0.4173713108671828,3
CENPU,-0.4174468538685801,3
NUP42,-0.4175428224191459,3
DYNLL1,-0.4175534587662824,3
USH1C,-0.4176113322817279,3
2810408A11RIK,-0.41763963040975255,3
INTS5,-0.41768188874746365,3
TSSK4,-0.4178916486682433,3
SLC15A4,-0.4179218463080869,3
RNF166,-0.41797236029778717,3
RPL36A,-0.41799645761524795,3
GM3716,-0.4180183146463025,3
ZDHHC8,-0.4180265397154826,3
TRIM61,-0.4180907601239323,2
TRAV3D-3,-0.41814893551786003,3
TRAV3N-3,-0.41814893551786003,3
SENP2,-0.4182257542185175,3
GM13033,-0.41839177188369714,3
CLNS1A,-0.41851533945986724,3
OR8A1B,-0.41862208678165747,2
FRAT2,-0.4186520078583553,3
BAG2,-0.4186743508724593,3
PSMA8,-0.4186769970287673,3
DBX2,-0.41883950605839243,3
PIGC,-0.4189792228371785,3
SNX27,-0.4190495253204589,3
METTL25,-0.41908831126360374,3
GM23887,-0.4194650092550974,3
PDE11A,-0.41954230269292686,3
TSFM,-0.4198151948931809,3
ERG28,-0.42002099659231185,3
TRMT61B,-0.42010582909825667,3
SCFD1,-0.4202599763429658,3
PMS1,-0.4202817361201088,3
CLRN1,-0.4203989216555204,3
H2-M10.1,-0.4205092907876512,2
GM32624,-0.4211030476137854,2
RPL28-PS1,-0.4211489515541775,3
FGFBP3,-0.4211541799303215,3
CWC25,-0.42116953513342564,3
PPIL3,-0.4212197136164963,3
GM5820,-0.4215452173420538,3
TRAV9N-4,-0.42173862281751673,2
FYN,-0.4217791167767449,3
PEX7,-0.4218446489036836,3
GM10640,-0.421997303047281,3
GM5165,-0.42212118974226237,3
H2AC7,-0.4221568693635191,3
HDX,-0.42235008206632346,3
GM5786,-0.4223563482711857,3
HOOK3,-0.422372656540076,3
SREK1IP1,-0.4224569366271347,3
NUP214,-0.4224642672656295,3
TIMELESS,-0.4226969572542041,3
PIGH,-0.4228468275837552,3
FREM2,-0.4231084607618773,3
LIMK2,-0.42321081285112455,3
CXCL1,-0.42346245576086944,3
MFSD13A,-0.4235359796274564,3
MTERF1B,-0.4235420645221029,3
MFAP3,-0.42357950156663593,3
DCTN6,-0.4236151740248875,3
EAF1,-0.42371771979710626,3
SMIM30,-0.4237893088502183,3
DAP3,-0.423950753529605,3
SNCB,-0.4239644205932072,3
ERV3,-0.42398190665271823,2
DLX4OS,-0.42412067704426804,3
SPG21,-0.4241430177489826,3
FOXE1,-0.42415398521472397,3
NUBP1,-0.4242100590352667,3
ETV6,-0.42434912022601073,3
IGHV9-4,-0.42445247703411804,3
GM4600,-0.4246005052732863,2
6430710C18RIK,-0.42460939330324277,2
HPGDS,-0.42485407491247246,3
WDR46-PS,-0.4249048091707994,3
GM13483,-0.42496905771286225,3
TMC2,-0.4250189534429559,2
GM5879,-0.42503323311235275,2
FOXP3,-0.42554046064585876,3
HEMGN,-0.42586756538052556,3
SACS,-0.4259872806505814,3
GJB6,-0.4261460489736684,3
GM15941,-0.42633710343652215,2
GM7162,-0.4264598329500717,2
TOX,-0.42649404747136693,3
ZFP709,-0.42664945151349287,3
TMEM164,-0.42693850445306664,3
RPA2,-0.4269777986633248,3
EIF3S6-PS2,-0.4272113259368316,2
MATCAP2,-0.4273098134328093,3
GM13031,-0.4275560804561233,3
STK11,-0.4276914474913848,3
POLR1E,-0.42784744720620754,3
GM32202,-0.4278715571691429,2
STAM2,-0.4280095715147863,3
4930440I19RIK|GM14461,-0.42808888942274853,3
SHMT1,-0.42817373916554075,3
GM6204,-0.42827735367418923,3
ANK2,-0.4282927765768632,3
ST7,-0.4283996519744473,3
BLTP1,-0.4285317325933309,3
UTP18,-0.428757067649244,3
SYT8,-0.4287792236918749,2
PRR14,-0.4288120415638641,3
SEL1L3,-0.42885040291895643,3
GLYCTK,-0.4289752596467486,3
CCNDBP1,-0.4289913140687443,3
1700026D11RIK,-0.4291414997404362,3
ORC2,-0.4291507890330542,3
METTL14,-0.42917713103748406,3
CASP2,-0.42924527606635793,3
BAAT,-0.4292884246861695,2
ZFP599,-0.4293455770763756,3
1810065E05RIK,-0.4293957035404335,2
GARIN2,-0.4294316676977433,2
SEZ6L2,-0.42948834840962197,3
RPL13,-0.4297686010241224,3
GM17828,-0.42981082177528446,3
SF3B1,-0.42984075992415866,3
XPOT,-0.4299985536957016,3
IKBKE,-0.4300672653800868,3
TRAV6-1,-0.43008479664374977,2
RSRC1,-0.43022972087272815,3
SF3B2,-0.4303637847513884,3
PAK1IP1,-0.43074442696940074,3
MED23,-0.43107120634991053,3
REG3B,-0.43107750489543123,3
CHL1,-0.4313688119910708,3
ARV1,-0.4315212728688295,3
KCTD9,-0.4315258940738258,3
AGO3,-0.43161055881849997,3
IRF2BP1,-0.4316689849878517,3
RCBTB1,-0.4317107699681286,3
FCF1,-0.43179088250153064,3
CNTROB,-0.4319835930501836,3
POLR2M,-0.4320390060992181,3
PLAA,-0.43204303638325087,3
GAS2,-0.43222720129028863,3
OR5P60,-0.43228616942483705,2
ARID4A,-0.4322918521424504,3
SYTL2,-0.4329091053089897,3
TRIM69,-0.43302281666306897,3
CEP44,-0.43313186941880605,3
ABRACL,-0.4333550312116852,3
SNORD22,-0.4334958974873726,2
NUDT1,-0.43358395306514286,3
ZFP850,-0.43363438612461813,3
MUC2,-0.43364494004842286,3
SLC36A3OS,-0.4338929506828762,3
ORC4,-0.43389546605288065,3
ARGLU1,-0.4339885696261774,3
NCOA5,-0.43430950186875306,3
NARS2,-0.43432985293133813,3
CHPF2,-0.4343582877174308,3
TBC1D8,-0.43436616200600203,3
TSX,-0.43446979454223605,2
GPAT2,-0.4348173896718194,2
AW554918,-0.4349033584604034,3
SNRNP40,-0.4349535030067318,3
TAC1,-0.4349808153731735,3
ST6GAL2,-0.435184238738812,3
FAM89A,-0.435231641102613,3
TRAV2,-0.4354387747528742,2
BPIFB9A,-0.43547397733033083,2
NMB,-0.43557076032522035,3
ZFP959,-0.4357363117672593,3
MCUB,-0.43580631946981346,3
MED1,-0.4359103733547523,3
ERCC4,-0.43600706857745086,3
ARF6,-0.4360714035632731,3
SMYD5,-0.43617962910319447,3
PSPC1,-0.4362280701713151,3
FBXO39,-0.4362705963971337,2
CGGBP1,-0.4363678110558277,3
CNPY4,-0.43645062122176065,3
TRAV9D-1,-0.4365178339480513,2
ZFP809,-0.43662070808691583,3
RPAP2,-0.43673975729369835,3
ETAA1OS,-0.4368274042634355,3
SHISAL2B,-0.4368967063984378,2
TRBV24,-0.43705832024756436,3
ATP5IF1,-0.4370958974357504,3
HMX3,-0.4371732528221159,3
HMX2,-0.4372563250601802,3
VMN2R17,-0.4373726305773622,2
CRKL,-0.43740492528247826,3
RCHY1,-0.4374867513810779,3
ZFP286,-0.4375591688900091,3
FAM98C,-0.4377468903598416,3
HNRNPH3,-0.4379948315587645,3
PRKDC,-0.4380274832056956,3
F730043M19RIK,-0.4381580995981578,3
GM20110,-0.438249301620067,2
FNDC7,-0.4382599060052394,3
CAML,-0.43831396444568554,3
KLRA10,-0.4385389689486063,3
GMFG,-0.4385930783306946,3
TRAV7-4,-0.43870998214637674,3
TRGV2,-0.43873427310224816,3
TAS2R117,-0.4388007980479336,2
FSCN3,-0.4389028202086305,2
TRAP1A,-0.43908942419353636,2
GM5469,-0.43930097376526783,2
VSTM2A,-0.4393141427254728,3
MILR1,-0.43939968692160786,3
GM6483,-0.4394940203664368,3
PARL,-0.4395443742600434,3
CSPG5,-0.4396382072567994,3
CCNJ,-0.43966968291107217,3
GM36756,-0.43976393123384067,3
GM14044,-0.43994653179351373,2
GM13421,-0.4402553774327407,3
RCOR2,-0.4402710188145493,3
PRELID1,-0.44039948897811665,3
TMTC3,-0.44049847600743974,3
BRD8DC,-0.440672134340317,3
CASTOR2,-0.4408652644457505,3
ATP13A3,-0.44090019316143425,3
FBN2,-0.4412560753966242,3
4930478L05RIK,-0.44127056926038444,3
SPEER5-PS1,-0.44157382593590166,2
TRAV22,-0.4415968027703535,2
TMED9,-0.44164152517744054,3
TASP1,-0.4416562748701806,3
2700097O09RIK,-0.4417841259383383,3
UQCRC1,-0.441962857674957,3
GM6653,-0.44208167565585316,3
FBXW2,-0.4421635588738826,3
ZFP1006,-0.44217644438317977,3
PDCD1LG2,-0.44220537909246455,3
NEUROD2,-0.4423110443806586,2
SLX4IP,-0.4423323563813846,3
SLC25A2,-0.44235774017834195,2
DDHD2,-0.44237045085954807,3
E330034G19RIK,-0.4425156319687978,2
AJM1,-0.44258474568738687,3
GMPR2,-0.44272307715279785,3
MLXIPL,-0.442761281918792,3
KLK1B22,-0.4427793313988509,3
TMEM87B,-0.4428706516676694,3
GHSR,-0.4428980852681468,2
D130040H23RIK,-0.44306586183695745,3
GM11196,-0.4430879497853419,3
CD200R1,-0.4431865393211267,3
MBTPS2,-0.44335525127411873,3
SKP2,-0.44363359132791996,3
CHUK,-0.44374387225496464,3
KLK1B16,-0.4440081307076837,2
ARF3,-0.4440897278602311,3
POGZ,-0.4441436517632058,3
MACC1,-0.4441747441644583,3
PPIL4,-0.44421427617772413,3
ARHGAP27OS3,-0.44436763125157314,3
ERLEC1,-0.4446679356937624,3
ZBED4-PS1,-0.44469752305213767,2
DNTTIP1,-0.44478697277073986,3
PITPNA,-0.4450991633800574,3
GOLPH3,-0.44511341853170583,3
NOPCHAP1,-0.4452688767966832,3
2900076A07RIK,-0.4454867461512319,3
SLC44A3,-0.4457704150423483,3
KLRI2,-0.4457923046305822,3
ELOBL,-0.4458823187418881,2
3110009E18RIK,-0.44599651509046107,3
MYH8,-0.4459985594638727,2
PLATR14,-0.4460332080227987,2
LRRC1,-0.44611051147856,3
GM8624,-0.4464855666058635,2
ZFP275,-0.4466046263932492,3
SMIM36,-0.44684721424165025,3
GM47324,-0.447036363727414,3
UBE3C,-0.4470915806704871,3
SEPTIN12,-0.4471238454067105,2
GM4332,-0.44743367682290974,3
RBM27,-0.4476255645030691,3
TMEM199,-0.44764579257005943,3
ARL6IP4,-0.44766756830412624,3
USP35,-0.4476963766628573,3
GM21092,-0.4477503226428257,3
5830418P13RIK,-0.44786053411448207,3
EPGN,-0.44789286779581555,2
TMEM221,-0.4479431354404932,3
TCEAL1,-0.447996624591541,3
TMEM181A,-0.4481274988204866,3
MAP3K2,-0.448546917191682,3
GM5869,-0.4485748976009153,2
ATP6V0E2,-0.448874814228116,3
G3BP1,-0.44913954944746,3
TRPM5,-0.4491698426937177,3
RGS9BP,-0.4493368153933768,3
ANKRD31,-0.4494319464246166,2
PARP6,-0.44963276495593857,3
ERCC6,-0.4496464279612485,3
TMEM69,-0.44972471331110847,3
GOLGA4,-0.45002820105282004,3
ZFP81,-0.4500538172378272,3
FAM185A,-0.45008149510538625,3
ATP6AP2,-0.45018711707659637,3
TBK1,-0.45034058005786265,3
IFI47,-0.45041479872373213,3
GM9105,-0.4508639773938893,2
PPP1R37,-0.4512304106437475,3
GNB2,-0.45135207398024635,3
TAX1BP1,-0.45145338133738705,3
SFI1,-0.45185381636883487,3
I730030J21RIK,-0.45220009634732294,3
ALKBH1|NRP,-0.452298363218715,3
SIX1,-0.4523072785605666,3
IKBKB,-0.4523570669292966,3
SPRR2J-PS,-0.4523651018886975,2
SLC12A3,-0.45244975078639954,3
IMPA2,-0.45267602755298286,3
FBF1,-0.45267806376650643,3
ARID4B,-0.4527850688414754,3
H1F3,-0.4529245666241632,3
GM26387,-0.4529948041269786,2
RBM8A,-0.45302678621652404,3
TARDBP,-0.45323802391481466,3
GM8883,-0.45329203035286497,2
RIMS3,-0.45331016789421846,3
RCC1,-0.4533156012100732,3
POLB,-0.45351856213144787,3
RSRC2,-0.45369927524686177,3
TMEM30B,-0.4538255404578338,3
PPFIA1,-0.453928156856279,3
MAP1B,-0.4540446772519789,3
GM30726,-0.4540497802148667,3
XRCC1,-0.4540977540455982,3
ABRAXAS2,-0.45423975994217747,3
CCDC66,-0.45449828752297333,3
GM12258,-0.454648414808076,3
ZFAND5,-0.4547868413389804,3
DPY30,-0.4548752279330303,3
PRKAB2,-0.4549447464269622,3
TRMU,-0.4550291892344333,3
ARL6IP1,-0.4550536695061504,3
DENND2C,-0.4551368538266977,3
DUSP16,-0.4551402275649761,3
FCNB,-0.4551865162799744,3
4930594M22RIK,-0.45524638561252656,3
FAIM2,-0.4553099813082037,3
STIM2,-0.45531981701252794,3
1500015A07RIK,-0.4553342494917905,3
GM10277,-0.4553402022994006,2
DPP6,-0.4553790155172098,3
DCTN5,-0.4556006354959757,3
SERPINA5,-0.4557603416397671,2
FAM234B,-0.45600835439695536,3
RPL7A-PS10,-0.4562930005027639,3
NOG,-0.45634173909442216,3
LMBR1L,-0.4564047858838331,3
PDS5A,-0.45641035560751436,3
TRBV13-3,-0.45641460241554777,3
GM13413,-0.45689237949522504,2
TMED8,-0.45690540876347496,3
PPIP5K2,-0.45692120677543896,3
CYP2C70,-0.4569778813488487,2
ALMS1-PS1,-0.45698352160718825,2
MACIR,-0.4570375382487304,3
ZBTB33,-0.4570385912521359,3
OR8B40,-0.45736306747082545,2
TKTL1,-0.4573896329128456,2
GM1848,-0.45763569865289666,2
FAM169B,-0.4578094586887207,3
MYOZ3,-0.4578555496039016,2
BACH2,-0.45786624266381937,3
TAC2,-0.45805279972086677,3
GM15246,-0.4580818329210512,2
USP11,-0.4581812396091693,3
RHO,-0.4586427293280127,2
TRAV7D-6,-0.4588271541887636,3
MPHOSPH9,-0.458958609194051,3
PLPP6,-0.4590886607765677,3
A330040F15RIK,-0.4591084921141368,3
TAF9|AK6,-0.4592887712858687,3
HMGXB3,-0.4593011342796199,3
CDC5LRT7,-0.45943466481475254,2
CDC5LRT10,-0.45943466481475254,2
ZC3H13,-0.4594865719367924,3
DDX39B,-0.4595512490334206,3
MCM2,-0.45963907980605834,3
SCARNA8,-0.4599853871168459,2
SLC25A12,-0.4601738938757691,3
GM7776,-0.46018697963277894,2
BLOC1S2,-0.4602861970561241,3
PIAS2,-0.4604488887138185,3
CYP3A25,-0.46050553624897905,2
MYOG,-0.4605730726580208,2
IGKV4-61,-0.4607027398800086,3
GRM8,-0.460783173990029,3
MCM8,-0.4607894270767286,3
PDK3,-0.46080416427654347,3
ST8SIA1,-0.46085774306957045,3
GM11767,-0.46089832500128347,3
KIF5B,-0.460980062872901,3
KCNJ6,-0.4609988151847328,3
RHOX4E,-0.46115642906051474,2
9230112J17RIK,-0.4612037392652885,3
SNORA7A,-0.46121397556540145,2
ZFP12,-0.4614658215527669,3
MYO3B,-0.4616251997984839,3
RPS4X,-0.4616798242649444,3
RGS4,-0.461817443287916,3
SPATA2,-0.46185704010803735,3
RIOK3,-0.4618725611452577,3
TMX1,-0.46194712120508813,3
PGLS,-0.4619546575875502,3
D930007P13RIK,-0.46197456263423914,2
CHML,-0.46240750086176363,3
FSTL5,-0.46241519712116746,2
HIKESHI,-0.46256684848112717,3
CSNK2A2,-0.462588982795725,3
CNOT10,-0.4626449839199001,3
GM14062,-0.4627227307921998,3
PSMA5,-0.4628592402907288,3
LRIG2,-0.46295503456714965,3
MAP2K5,-0.4629926943478386,3
TAGAP1,-0.4632373823618409,3
CAPN1,-0.4632417262976258,3
ADPGK,-0.4634795527249131,3
XKR6,-0.46374450938674183,3
WASL,-0.46377365468997905,3
SPOCK1,-0.4644819709670657,3
PMEPA1,-0.46484732744076274,3
CACUL1,-0.4651882815271599,3
GM10693,-0.46525691071770714,2
SNX12,-0.4655257352337374,3
PPP1R9B,-0.46565542115376096,3
PPA1,-0.4656890744255328,3
FGF13,-0.46581172657238357,3
OR4E5,-0.4658599855488576,2
GM39822,-0.46600188555510114,3
ZFP958,-0.46635455861356706,3
RACGAP1,-0.46643241423144133,3
D030056L22RIK,-0.4664421345956116,3
HOMEZ,-0.46648966629650257,3
MSANTD2,-0.46669328261634613,3
POLR1H,-0.4667197162779902,3
PTGDR,-0.46681349336256606,2
SPATA31E2,-0.46742556970361615,2
TIAL1,-0.467597097451244,3
ANKRD13C,-0.46773126809931537,3
VMO1,-0.46776048344641313,3
TEX10,-0.46792013470366584,3
ELMO2,-0.4679637414290911,3
1700124L16RIK,-0.4680253533723864,3
BBS9,-0.46803503215853803,3
NAPG,-0.46815660013312077,3
H2-T3,-0.4682657979519207,3
SNORD49A,-0.46833075724906775,2
TNMD,-0.46839456499428267,3
ZFP473,-0.46866327934575747,3
ZFP422,-0.46880663477819096,3
ABTB2,-0.46887070094456124,3
GM31504,-0.4689313822082184,3
CCT3,-0.4689549724363742,3
ILF3,-0.4690245694706984,3
DNAJC7,-0.4690324537333613,3
GCG,-0.4690719878616305,3
GPX6,-0.4690736053424886,3
YEATS2,-0.46911036673950796,3
A1CF,-0.469213479156375,2
C730014E05RIK,-0.4693826214423867,3
OAS1H,-0.46940529880132864,2
CRAMP1,-0.4695273218657003,3
TRPM7,-0.4695779201013628,3
MEX3A,-0.4697208372254309,3
THOC3,-0.4697225932255055,3
MAFA,-0.46991522222260373,3
FILIP1,-0.4699337979702561,3
PSCA,-0.46994485786958395,3
RPLP2,-0.46997433656465826,3
HASPIN,-0.47001947259600624,3
RHNO1,-0.4701988834974147,3
2310065F04RIK,-0.47021064628389153,3
TRMT10A,-0.4702611835097719,3
NUP210L,-0.47029121142323166,3
GM4904,-0.47036033896978463,2
GRAMD1B,-0.47041949860183907,3
CPSF1,-0.47078532064667405,3
GGT7,-0.47079295834257534,3
RNF4,-0.4710288466619826,3
TDO2,-0.471132087886491,3
PSMG4,-0.4711607644434839,3
TMEM170B,-0.4712229789201288,3
C4A,-0.47138524335371196,3
LNPK,-0.4714071057857259,3
BEX2,-0.47155953377651766,3
UTP3,-0.4716401672058195,3
TBC1D16,-0.4716410046389043,3
PCNP,-0.47189210705527507,3
EIPR1,-0.47197329299618634,3
BTNL4,-0.47204249907834994,2
PPP2R5C,-0.47207431781546605,3
KMT5A,-0.4720776471406591,3
OGFOD1,-0.472456880987175,3
RELN,-0.4727681494046541,3
MSS51,-0.47283672437763974,3
E130307A14RIK,-0.47283859104787,3
PLA2G4C,-0.47288937636605405,3
OARD1,-0.47296064536594856,3
AFG2A,-0.47297359294985025,3
SLC43A1,-0.47298452305620736,3
GM11510,-0.4730221639519079,3
1110002E22RIK,-0.4730435881744765,2
KRTAP3-2,-0.47307929489213213,2
9130230L23RIK,-0.47310451170272855,3
SDHAF3,-0.47326274058993567,3
POLE2,-0.47334238866595485,3
ENTREP3,-0.4734738179239062,3
GLT8D2,-0.4735376922053684,3
PRR14L,-0.47365232167714466,3
ZC3H14,-0.4737459154604249,3
NAT10,-0.473785430064013,3
KAT6A,-0.4738997694530906,3
NCBP3,-0.4740732826384524,3
DUS1L,-0.47409614712563225,3
WNT10A,-0.4745411257166743,3
ZMYM4,-0.4745482804940681,3
CHIL6,-0.47472810141831917,3
XKRX,-0.47487845682725127,3
MED8,-0.4751237349895385,3
TGIF2,-0.47522416253470917,3
CCDC125,-0.47522943188835615,3
PPM1D,-0.47533675853539065,3
TRBV23,-0.47540938613256617,3
PIGX,-0.4754845945762732,3
ANKRD7,-0.47577356187996783,3
LTB4R1,-0.47585256992616004,3
SLC7A6,-0.4759770763430633,3
SCUBE3,-0.47602926779244537,3
RPL34-PS1,-0.4761467219264082,3
LIME1,-0.47617887468199865,3
ZFP260,-0.4762828174884434,3
MUTYH,-0.4764091749630271,3
SNORD3A,-0.4764415570230105,3
TNPO3,-0.4764773226826032,3
TMEM265,-0.4765438797271893,2
LSG1,-0.4766178391515888,3
ZMAT4,-0.4767739885868811,3
CEACAM15,-0.4767917491937073,3
RAB11FIP4,-0.4772507452624324,3
HECTD1,-0.47725721343680383,3
GM25896,-0.477327301573897,2
GM16374,-0.47746121742036834,3
IPO7,-0.47796988073673824,3
CARNS1,-0.478166708439759,3
NPLOC4,-0.4784751357012214,3
IFT57,-0.4785173718985701,3
JRKL,-0.47873047543257524,3
BAG6,-0.47875740062819755,3
SKIL,-0.4789670885861974,3
A230072E10RIK,-0.47900648209083924,3
LEPROTL1,-0.4790123714629993,3
GM8369,-0.47914021486162234,3
CEP350,-0.4791889963569447,3
AGO1,-0.47938808718649023,3
MED21,-0.4794389737899711,3
MTERF2,-0.47944739273023407,3
DMRTA2,-0.47951106877505634,3
MEGF11,-0.47953761573164083,3
RHBDL2,-0.480047520926081,3
DCC,-0.48006431999353705,2
IQCB1,-0.4801072594635933,3
AV039307,-0.4804056616355214,3
RRP15,-0.4804658580139061,3
HMCES,-0.48047014559605916,3
GM19197,-0.48059962300736236,3
LRCH4,-0.48070529726924627,3
ACTL6B,-0.48072827772699644,2
CFAP20,-0.48087621897852983,3
FNDC3A,-0.48107759658298543,3
ARFRP1,-0.48126601633611155,3
PFN1,-0.4812752289769399,3
CD70,-0.48166681210048407,3
PDSS1,-0.4818524471749594,3
GLT1D1,-0.4818896411813027,3
NOL11,-0.4820449636354415,3
IRF3,-0.4821114320385967,3
DIPK1B,-0.48221528451213086,3
TFEC,-0.4822823133910821,3
KLF9,-0.48234778622150554,3
GM7446,-0.48238146014910144,2
ASCC3,-0.4824087458417891,3
TRAV6-3,-0.48243026178787723,3
PGAM1,-0.48258858123481096,3
RPS3A1,-0.48263108982833,3
ZFP719,-0.4827257537918302,3
NLRP9B,-0.4828021086402232,2
ERGIC3,-0.48291573229072887,3
H2-Q1,-0.48297260374045253,3
GM25635,-0.4830015376716696,2
KRT13,-0.4830713666253561,2
KIF19B,-0.4831361624318389,2
GM5921,-0.4831921438012273,2
ALDH9A1,-0.4832385700757695,3
SRCAP,-0.48351869760007743,3
MEMO1,-0.48352767217791603,3
TERB1,-0.48361343288851694,2
GPR52,-0.48362522850948375,3
KPNA4,-0.48374560042641446,3
FOXN3,-0.4837837826774501,3
MTMR4,-0.48386076550426615,3
ERI1,-0.483967054357853,3
HPS5,-0.4843937644624432,3
KCNK6,-0.48444740378821055,3
4933433G19RIK,-0.4847657859490749,2
ZFP36L2,-0.48478942097002103,3
MYH15,-0.4850202432886334,3
CASP14,-0.48502604799442056,3
TENT2,-0.4851941918414759,3
TAF1B,-0.48522207727850625,3
GM5778,-0.4852274427000321,2
SLFN9,-0.48531103375317125,3
RNF123,-0.4853483646125449,3
CDC5L,-0.485473977733748,3
CARD9,-0.4855081124856025,3
MAP3K10,-0.48570798775909324,3
RPS2-PS11,-0.4857615403306389,2
PRPSAP2,-0.48584435494522266,3
ALMS1-PS2,-0.4858707724966322,3
CCL4,-0.4860452942106856,3
FEM1B,-0.48608604332413147,3
GM27219,-0.48610059491871616,2
NRAS,-0.4861183979660946,3
LRP6,-0.4862880760461985,3
GM10288,-0.4863613424194355,3
DYRK1B,-0.4864466918784363,3
FMN1,-0.48645741586761454,3
RPL7,-0.4866096938899908,3
ZFP184,-0.4867609693654946,3
1700102H20RIK,-0.48683493249714466,3
EAPP,-0.4868534275462529,3
ZC3HAV1,-0.486870045828045,3
DCLK1,-0.4868771609284461,3
CHMP1B2,-0.48690443951762147,3
APOL11A,-0.4869167802113333,3
HECW1,-0.486933187207007,3
LACC1,-0.487100595068539,3
TAFA2,-0.4871376193896035,3
GM34655,-0.48727246595423324,2
GXYLT2,-0.48736188733466995,3
MED24,-0.4874490703024488,3
PDXP,-0.4875696177113044,3
ENTPD3,-0.4876029301409001,3
MTFMT,-0.4877666996912459,3
SLC4A2,-0.48798173271914,3
ZFP62,-0.4880589898976227,3
PLPPR1,-0.4881074113549206,3
GM2245,-0.48851617773338657,2
1700109H08RIK,-0.4886399120419218,3
KRT18,-0.48873477185203723,3
SNU13,-0.48896031558170366,3
DGKZ,-0.4890790278521739,3
ACER1,-0.48916445139070913,2
GM18875,-0.4893733016502398,2
INIP,-0.48938491439774695,3
1600020E01RIK,-0.48958228523171465,3
GM22068|GM22634|GM23804,-0.4898244930031405,2
ZFP560,-0.4901662607126675,3
ATRN,-0.490380674420212,3
LNCBATE3,-0.4904205831403018,2
RBM3OS,-0.4905887415457381,3
GM5456,-0.49059601524525626,2
ZFP330,-0.490655511181944,3
SMN1,-0.49075099818175133,3
BPHL,-0.49077825636228406,3
ZSCAN18,-0.49092374146301254,3
MAK16,-0.4913127260039394,3
ZC3H15,-0.49134166874220514,3
CXCL2,-0.49184111200240066,3
A930019D19RIK,-0.4922138057933879,2
GM4265,-0.4922926506039618,2
EXD2,-0.49258159691415043,3
COPS5,-0.4926785939300629,3
CSNK1E,-0.49273974723732467,3
DHX40,-0.4928900272858015,3
EHMT2,-0.4929841175760053,3
SP110,-0.49302577508783657,3
KCNK2,-0.4931692681015855,3
CEP72,-0.4933159972707058,3
TOMM22,-0.49341515891089943,3
CDH24,-0.4935963167061914,3
2510002D24RIK,-0.493732471295871,3
PAK1,-0.49378686428234825,3
KLK14,-0.4938250701406051,2
DIMT1,-0.4939105311191359,3
MYSM1,-0.4939847120656154,3
RABGAP1L,-0.49403809741945376,3
TRIM39,-0.4940826039759581,3
ITGA4,-0.49419947812656145,3
SNORA57,-0.4942465101251208,3
TRAV8D-1,-0.4949780320646668,3
KPRP,-0.4950036311534278,3
ABHD17C,-0.4951893504110773,3
BRIX1,-0.4952715750643677,3
TAF1A,-0.495336740060555,3
ZFP799,-0.49535291547629184,3
TRP53I11,-0.4955287924062555,3
VSIG10,-0.49559834592688734,3
KRT5,-0.495692411735323,3
SYNJ2BP,-0.4958901830948643,3
A2ML1,-0.4960882468620678,3
SECISBP2,-0.4961006751297637,3
TRAV16N,-0.4964783079279003,3
TCAF2,-0.4970065522644656,3
UBE2V2,-0.4971246570010847,3
CSPRS,-0.4972759934305128,3
PFKFB2,-0.4974274415675382,3
CDC27,-0.4974594668220598,3
SNORA31,-0.4974947516369364,3
TRBV12-1,-0.49762864893886544,3
STK3,-0.4979043621455302,3
AMD1,-0.4981152005066501,3
OTC,-0.4985025915505562,2
GIPC1,-0.4986757986094368,3
GM18407,-0.49887330549459413,2
FAM118B,-0.4989308569518622,3
RAB44,-0.49910563665945057,3
OXR1,-0.49926523449583887,3
PSMC5,-0.49930866922265915,3
PCDHGB5,-0.4993331962931606,3
FBXO48,-0.49950677674165544,3
SLC27A5,-0.4995182357659913,2
GM10684,-0.4996633695054102,3
GM10384,-0.49994440306720916,3
PSMC1,-0.5000630546239733,3
PPWD1,-0.5002281458871254,3
TET3,-0.5002706747406854,3
PUSL1,-0.5003322302342587,3
GM22634|GM23804|GM25679,-0.5004951490738256,2
SLC9A1,-0.5006283017039138,3
GM10825,-0.5006719150297797,2
IL5,-0.5008303648044526,3
HNRNPC,-0.5010282577559225,3
RBM44,-0.5010914782135951,3
GM9354,-0.501282034100255,2
CCDC3,-0.5013546363180057,3
GM16128,-0.5013927285610092,2
SLC25A3,-0.5019908172168579,3
SMAP1,-0.502034221334179,3
RTKN2,-0.5021012133340396,3
RPS27A,-0.5024228000819952,3
RANBP2,-0.5024872419516951,3
GM5914,-0.5028403384483905,3
THOC7,-0.5029375471544303,3
PPP2R1B,-0.5029777929963243,3
ZFP472,-0.5030679089933943,3
PLCL1,-0.5030814978432672,3
GM15539,-0.5030855963891433,3
BRD8,-0.5030866204866888,3
IRAG2,-0.5031954833017985,3
AUNIP,-0.5031998437127861,3
GM11557,-0.503349781811276,2
STYX,-0.5035402873618782,3
CD86,-0.503739906332154,3
ACTG-PS1,-0.5038236649204513,2
ZFP692,-0.5038375877318028,3
GM2007,-0.503913589853051,3
TNIK,-0.5040977300488939,3
IP6K2,-0.504127293968527,3
SETD4,-0.5041810331069557,3
EFR3A,-0.5042094057614246,3
NUDT5,-0.5046431439717131,3
RPF1,-0.5046479104223356,3
BPIFC,-0.5050745182501281,3
FANCI,-0.5051737914624198,3
ZPR1,-0.505361857645169,3
GM13539,-0.5054426523616927,3
ASH2L,-0.5054763162667769,3
2610028E06RIK,-0.505701042886071,2
PTPRT,-0.5057114837586921,3
CCDC97,-0.5060090498699582,3
GM35202,-0.5060422408888783,2
TSEN15,-0.5060602540143678,3
CTNND2,-0.5061007820352302,3
A830082N09RIK,-0.5062847486376078,3
PANX3,-0.5062930110543136,2
WASF2,-0.5062982602751259,3
RPL22L1,-0.5064138677833178,3
CNTRL,-0.5064679436509407,3
GM22786,-0.506469686316567,2
CHURC1,-0.5065288512649618,3
ARMCX1,-0.5065489199064624,3
TRAV12-1,-0.5065508557975819,3
TRAV4D-3,-0.5066821345152208,3
TRAV4N-3,-0.5066821345152208,3
SMARCA4,-0.5068254414948797,3
CHD8,-0.5070030810373928,3
LOC118567373,-0.5070484369195347,2
RHOX4B,-0.5070740565456188,3
FHIP2B,-0.5075730015134241,3
TNKS1BP1,-0.5079440524297197,3
DHX16,-0.5081515027714557,3
CCL11,-0.5083024213567194,3
GM3764,-0.5083242015869232,3
CCR4,-0.5084066575366527,3
DLEC1,-0.5087290198779565,2
KLHL42,-0.5089395891126259,3
POU2F1,-0.5090436171645573,3
ELOC,-0.5091953041774585,3
CENPI,-0.5097486086422444,3
DEPDC1B,-0.5099976873331326,3
NAA30,-0.5100504286590269,3
SCARNA6,-0.5100508847694586,2
EML5,-0.5100995325507846,3
PTK6,-0.5101371037051756,2
POLR3K,-0.5102444168055537,3
ANKRD13B,-0.5102670044893025,3
TEX13D,-0.5103757643506642,2
ARL14,-0.5106732210757984,2
JAK3,-0.5108500889043767,3
RABGGTB,-0.5108862095647274,3
SERBP1,-0.5109839899938228,3
MIB1,-0.5110638884625442,3
GPER1,-0.5111141655671839,3
A430078I02RIK,-0.5115119537426452,3
CD47,-0.5115423852640493,3
ZKSCAN14,-0.511676986439524,3
SMG8,-0.5116960677034517,3
USP44,-0.5123966301663488,3
CAMTA2,-0.5124407525742921,3
SF3A3,-0.5125598716014766,3
MRTO4,-0.5128169591613649,3
GM4811,-0.5128333473051011,2
GHRHR,-0.513172489492924,2
SLTM,-0.5135346500498604,3
WASF3,-0.5135628279844466,3
ATP6V1D,-0.5136883699943893,3
MORC2A,-0.5139737842102878,3
TUBA1C,-0.514001873487384,3
TADA1,-0.5140252368410231,3
GDAP2,-0.5141474220767591,3
ARID1A,-0.514404889699787,3
GM2237,-0.5146349139946146,3
GCNT4,-0.514687638101865,3
PHPT1,-0.5149878497652601,3
POF1B,-0.5150114005369967,3
MTHFD2,-0.5150946758491042,3
ATP8A1,-0.5151182928412403,3
LRRC31,-0.51513444427246,3
LHX1,-0.5153192876851019,2
GPT2,-0.5156483632766163,3
CERT1,-0.515825729329019,3
SAMD15,-0.5159072532093181,3
NKX2-4,-0.5159494887720255,3
NOL7,-0.5159651039220573,3
DISP2,-0.5164637480099387,2
VBP1,-0.5166103068978177,3
GM31166,-0.5166556032313452,3
FAM149B,-0.5167167171587009,3
INTS8,-0.5167984452540811,3
MIX23,-0.5168297518906845,3
ZFP59,-0.5171270084411824,3
RNF7,-0.5171414545996366,3
CD69,-0.5172246317762444,3
IPO11|IPO11-LRRC70,-0.5173275740972296,3
CCT6A,-0.5174350815914008,3
A330015K06RIK,-0.517639586448295,2
RPS9,-0.5177462177656379,3
GM1720,-0.517831944864572,3
UBB-PS,-0.5178814490410323,3
CYP2B19,-0.5179194496185284,3
4632404H12RIK,-0.518034612057028,3
PAX1,-0.5180738674724115,3
VMN1R201,-0.5187089446031339,2
RABGGTA,-0.5188456353530312,3
PSMB10,-0.5189224960615834,3
SETDB2,-0.5189788428034471,3
TRP53COR1,-0.5189980493735433,3
PRR12,-0.5192010823790421,3
ANKRD28,-0.51922396251505,3
ZFP866,-0.5193300310542225,3
APOB,-0.5193326962667711,3
NUP153,-0.5193520108567679,3
TSN,-0.5194395389861692,3
ARL6IP6,-0.5195520000461709,3
A330069E16RIK,-0.5196081982015083,3
GM20324,-0.5196385819548802,3
TYW3,-0.519730518467634,3
MFSD12,-0.5197305968332163,3
METAP1,-0.5199234316751995,3
STARD6,-0.5199294744553644,3
SERINC4,-0.5199933244880662,3
CCZ1,-0.5201685057824107,3
HOXB9,-0.5202029428171675,2
HDGFL3,-0.5202101130602087,3
RAP1A,-0.520319793458946,3
DNMT3A,-0.5204728231205764,3
ZFP536,-0.520747108888768,3
PYCARD,-0.5210634949272231,3
ETV3L,-0.5211082454733731,2
TRAV11N,-0.5212271921029945,2
GM10637,-0.5213377561290579,2
FBXW19,-0.5213905843552371,2
ZFP598,-0.5214597744471117,3
GM10343,-0.5215541072820883,3
SMARCE1,-0.52176600676807,3
CDKN2AIP,-0.5220882298964126,3
PHXR4,-0.5221267793381916,3
B3GAT2,-0.5221873935588359,2
ARK2N,-0.5223605793149977,3
YPEL2,-0.5224182260887485,3
DQX1,-0.5224982797805953,3
ZGPAT,-0.5228322540263167,3
SST,-0.5228711306652832,3
SLC16A6,-0.5229355911661199,3
MBD3,-0.5230525987373466,3
1700097N02RIK,-0.5231736482474755,3
INO80,-0.5232104610598306,3
NPHS1,-0.5232294190601644,3
STAMBPL1,-0.523251039189464,3
DHX29,-0.5233389182623476,3
RTN2,-0.5233580913364246,3
FAM8A1,-0.524043485432509,3
PWWP3A,-0.5241265781544014,3
VMN2R50,-0.5244027558428361,2
ACER3,-0.5244477008364461,3
WDR46,-0.5245184791248305,3
CCNG2,-0.5245201163731831,3
ZAR1-PS,-0.524587301626948,2
HBS1L,-0.5246335554129556,3
CHAT,-0.5251548526822193,3
B4GALNT1,-0.525302636735257,3
DMBX1,-0.5253389887430758,2
PRSS3B,-0.5253625032443965,2
GM22265,-0.5253657802662686,2
NSMCE1,-0.5254916887181954,3
SCAI,-0.5256032842845327,3
OR2T47,-0.5256394479808087,2
RHOX4A2,-0.5258204877192365,3
PNRC1,-0.5258364443614655,3
WDR83,-0.5262634417211858,3
SF3B6,-0.5263698528495239,3
UBE2H,-0.5264279814910391,3
LY6G6G,-0.5264488199591632,3
GMFB,-0.5266406412401412,3
SLFN10-PS,-0.5266606055493683,3
DVL1,-0.5267511537623584,3
GRIP1,-0.5269262716483522,3
GM3086,-0.5270207964334869,3
SEM1,-0.5270784778738311,3
MAPK8IP2,-0.5272095096174949,2
TMPRSS4,-0.52730299728263,3
TRAV5N-4,-0.5275522013529433,3
TRAV5D-4,-0.5275522013529433,3
GPR139,-0.5276522854187152,2
PPIG,-0.5281337413383705,3
DCPP2,-0.5283040522209008,2
A430093F15RIK,-0.5284249488213874,3
MARCKSL1,-0.5286098738703453,3
MCL1,-0.5286816158981605,3
OR2AK5,-0.5288141205339856,2
GM6236,-0.5288654180132937,2
GM29642,-0.5290037293538576,3
PCDH1,-0.5290379477362911,3
POLRMT,-0.5290524325334726,3
XKR5,-0.5291678511601976,3
GNAI3,-0.5291887126405236,3
1700123O20RIK,-0.5291997378575185,3
NRM,-0.5294407547888459,3
ADGRB3,-0.5297561166426065,2
OR5AE2,-0.5299187752023462,2
4930431P19RIK,-0.5300147214397791,3
GM14391,-0.5302730253810374,3
SMARCD2,-0.5303458636496153,3
NAE1,-0.5303967321734623,3
ARHGEF6,-0.5305079183577069,3
SCAF4,-0.5305613971467465,3
ZFP606,-0.5308252178200404,3
FLG2,-0.5308269806101793,2
VASH2,-0.5308415508440243,3
SENP3,-0.5309607686232721,3
GBP8,-0.5309636777394392,3
GM11100,-0.5310469288603018,3
PLA2G2F,-0.5310903476343632,2
CDC73,-0.5312070591245844,3
GM46597,-0.5313346265156704,3
ZCCHC8,-0.5317796855004864,3
SEMA4D,-0.5318036086526443,3
ZFC3H1,-0.5318960553553935,3
GRIN3A,-0.5319452658113341,3
FANCL,-0.5319639322575599,3
DNAJC24,-0.5320869067198716,3
MRFAP1,-0.5323162913396882,3
HSDL1,-0.5324268311228012,3
GM8451,-0.532628884503872,3
SLC9C1,-0.5326908809567585,2
ZFP346,-0.5329073519862919,3
SEC14L5,-0.5331000653180956,3
PYGO2,-0.5331355399258778,3
CPSF7,-0.5332024792143691,3
BCL2L15,-0.5337354385139884,3
APLF,-0.5339740588568308,3
FAM193B,-0.5340966897140343,3
EPG5,-0.5341103170357169,3
DVL3,-0.5343703131821141,3
E330013P04RIK,-0.5344384852499294,3
THYN1,-0.5345130426325412,3
CRELD2,-0.5346283214190733,3
CAR5A,-0.5350794052985759,2
VMN1R4,-0.5350834228884672,3
9230116N13RIK,-0.5352706578562477,3
SRSF5,-0.5352932650043326,3
5730435O14RIK,-0.5358463164373642,2
IGKV4-55,-0.5361326148598903,3
OR6P1,-0.5362020316046824,2
BBS5,-0.5362580015095019,3
RAB4B,-0.5367846123964141,3
GM13215,-0.5368545392984383,2
SNRPB2,-0.5369372033606429,3
CEP112IT,-0.5371232044402076,2
SPTSSA,-0.5372259630047286,3
LRRC57,-0.5373052049739394,3
GM17936,-0.537316999145795,2
MGA,-0.5375706259945946,3
GUF1,-0.5377004532797195,3
ABCC12,-0.5378304977763774,2
STK19,-0.5383428247321097,3
ANKZF1,-0.5384830992228201,3
GSTP1,-0.5385016759151083,3
THOC6,-0.5385961134127297,3
COMMD4,-0.5386460032550585,3
TMED5,-0.5386859956151825,3
MYO10,-0.5388851017955752,3
GM13231,-0.5388887086988706,2
MIDN,-0.5391963857070987,3
NMT2,-0.5391982687053684,3
ERO1A,-0.5393120049052972,3
CWC22,-0.5401506990737536,3
GM11221,-0.540505955955242,2
AASDH,-0.5406636645035863,3
ASXL1,-0.5407658291556001,3
ZFP994,-0.5408196098838485,3
PRMT9,-0.5409796659337981,3
FHL4,-0.5414359515890709,3
RBM18,-0.5418187465992587,3
ZFP236,-0.5420055263448744,3
OR5B21,-0.5420215951671902,2
POLI,-0.5421416757774045,3
ADAM23,-0.5423132009536723,3
MCPT1,-0.5423484669636792,2
NCSTN,-0.5424002866702781,3
GPR83,-0.5424789387228989,3
PSME1,-0.542480583121513,3
VMN2R97,-0.5425101427150939,3
EQTN,-0.5425544992612048,2
BZW2,-0.5426475468605442,3
ZFP362,-0.5427081557719137,3
CYP2J13,-0.5427201427849938,3
SLC13A2OS,-0.5427867293698613,3
CDK4,-0.5432630525295569,3
RBL1,-0.5434487465572048,3
SNORA65,-0.5435797655952156,3
MRPS9,-0.5440689755846712,3
GM41600,-0.5441369781125539,3
SULT2A8,-0.5441547206563808,2
RIOK1,-0.5443008090075744,3
BCL7C,-0.5446540249540407,3
HARS2,-0.5448626254875891,3
CENPM,-0.5449359861441606,3
MST1,-0.5455887272311193,3
GM7293,-0.5456398306533737,2
DACH2,-0.5456824989858652,3
RBM39,-0.5457406835149857,3
SLC45A4,-0.5459146542730794,3
5031425E22RIK,-0.5462412362762586,3
GOLGA7B,-0.5464177639017418,3
KCNT1,-0.5464489852266294,2
PTPN4,-0.5464950202343277,3
HNRNPK,-0.5465566718810133,3
XPO1,-0.5466937319287241,3
CAMTA1,-0.5467376327729724,3
RPL8,-0.5470018346759904,3
HELZ,-0.5475249115158565,3
SPX,-0.5476573983645205,3
EIF1AD10,-0.547895498387666,2
HFM1,-0.5479801841131303,3
OR8B53,-0.548005599295148,3
GM15743,-0.5480763271915475,3
TMEM52B,-0.5485856866220828,2
SESN3,-0.5486098425844621,3
DOCK11,-0.548819671965283,3
TAF2,-0.5488776670446632,3
RAB33B,-0.549006382764082,3
CRNN,-0.5491485445114817,3
OR1L8,-0.5492682422341302,2
ZFP617,-0.5493062813263848,3
STAG1,-0.5494929256301195,3
DENND4B,-0.5495263380148999,3
KRT1,-0.549586468559245,3
TAMM41,-0.5496077716555061,3
TPR,-0.549977717869253,3
TRIB2,-0.5500140267459112,3
TARBP1,-0.5500704739704144,3
GM18042,-0.5502592445541636,3
KRR1,-0.5506167114991162,3
DNTTIP2,-0.5507658129019292,3
GM29036,-0.5508354426606668,3
SLC1A2,-0.5508927265414739,3
TMEM39A,-0.551043906464007,3
ZFP74,-0.5510984521346239,3
TCERG1,-0.5512971861118707,3
SKIC3,-0.5518517541110953,3
SIN3A,-0.5521181007638014,3
RLBP1,-0.5523575196504978,2
GM16523,-0.5525368150386148,3
NT5DC2,-0.5527347977072742,3
LSM3,-0.552866820944886,3
TBC1D24,-0.5529131681720231,3
SH2D1A,-0.5530580880137971,3
SIX2,-0.5533475920050209,3
ASPRV1,-0.5535369015822275,3
TRAV12D-3,-0.5535795019730572,3
ARMC2,-0.553594356020697,3
PRPF38B,-0.5542546843128928,3
GTF3A,-0.5544914949970671,3
CENATAC,-0.554614744681146,3
RRP8,-0.5551366938290954,3
NRROS,-0.5553297654072141,3
YY2,-0.5555341121791838,3
GM17072,-0.5555694459137475,2
B3GALNT2,-0.5557828515678805,3
ZFP583,-0.5558947103739993,3
CAGE1,-0.555996890578209,3
FAM241A,-0.5560785807706239,3
TDRP,-0.5561937442557947,3
MDM1,-0.5563029311966999,3
MAGOHB,-0.5567387575855602,3
SLC49A4,-0.5567800410979001,3
SSPO,-0.5569499980205098,3
SAPCD1,-0.5569555482334669,3
GM2093,-0.55705150403237,2
ESF1,-0.5571022726032385,3
DCLRE1C,-0.5571251966911498,3
D11BHM181E,-0.5573502792118085,2
1700120K04RIK,-0.5579148598740463,2
MAPK9,-0.5579470745250837,3
CASR,-0.5579619592162331,2
MALRD1,-0.5580512643487154,3
PAX9,-0.558423236183174,3
PIF1,-0.5585563839427554,3
CBLN4,-0.5586177160060616,3
ALTRE,-0.5586485727929859,3
UGT2B36,-0.5586803526697044,2
GBP11,-0.558713181587558,3
POP1,-0.5589657958651814,3
UPF2,-0.5590319087056869,3
A630023P12RIK,-0.5590452561216465,3
ME1,-0.5591221546812343,3
RASGRP4,-0.5593191430430826,3
IDNK,-0.5593482691894675,3
WASHC4,-0.559390300389429,3
HNRNPUL2,-0.5596430342755708,3
IL12B,-0.5601752285021211,3
ZFP740,-0.5602883376869205,3
TRP53BP1,-0.5604624708457382,3
TTC4,-0.5605932735734559,3
SLAIN1,-0.560602142837184,3
GM15446,-0.560737243484693,3
GM10778,-0.560796473916239,3
GM5619,-0.5608724232255546,2
PYY,-0.5611281851808556,3
PMF1,-0.5612823651434408,3
NME7,-0.5614638991266491,3
GM20517,-0.5615407229847266,3
SNORA15,-0.5615545197669497,2
EIF2B5,-0.5625690679909507,3
CHFR,-0.5627945785711544,3
NKAP,-0.5629460536100157,3
MIR9-2HG,-0.5630429468232367,2
ABTB3,-0.5632769124754996,3
CHD7,-0.5634309439854773,3
HECTD2,-0.56351555926629,3
E230029C05RIK,-0.5635277692246682,3
TVP23A,-0.5636237275543481,3
GM34016,-0.5638562928192484,3
GM6961,-0.5640314256962745,3
NCAPH2,-0.5641388240045636,3
SELENOI,-0.5642437784950719,3
MORF4L2,-0.5644812130691349,3
ENGASE,-0.5644836568315309,3
MRPL58,-0.5645118977356295,3
EBAG9,-0.5647122577412979,3
3110039M20RIK,-0.5647925385869271,3
FKBP8,-0.5650264955695571,3
PRR22,-0.5651147611093476,2
HDAC7,-0.5658619557937211,3
RBX1,-0.5658823932400315,3
BAX,-0.5659101701178028,3
CSTAD,-0.5659225880168645,3
NPNT,-0.5662044654539592,3
POTEFAM3A,-0.5662073687480409,2
TLCD3A,-0.566515326931902,3
TCAF1,-0.5665251966502768,3
CHKA,-0.5665865736691372,3
ABCB7,-0.5666969450189027,3
ZCCHC2,-0.5668827386537695,3
ZFP445,-0.5671126171197054,3
ARHGAP17,-0.5671532208836375,3
PABPC2,-0.5672432512074033,2
SIMC1,-0.5674941431481659,3
AP3B2,-0.5675580178866867,3
TRY5,-0.567593300030699,2
SPIN1,-0.5677004286586337,3
NUFIP1,-0.5677946173709628,3
GM8744,-0.5680356832873086,2
SASH1,-0.5687695806671673,3
KDM2A,-0.5688990096147003,3
SNORA81,-0.5689252103589908,3
SPATS2,-0.5690950163058995,3
KRT83,-0.5691143060364595,3
GM13611,-0.5692118424310255,3
2210016L21RIK,-0.5694448527762811,3
TRIM33,-0.5695127425078237,3
GM14137,-0.5696528240189193,3
ARB2A,-0.5697085600475024,3
TSR1,-0.5698454056548773,3
CLHC1,-0.5700434717242858,3
BRMS1L,-0.5701298001943703,3
2610020C07RIK,-0.5704791102118021,3
COL19A1,-0.5705425281560407,3
NYX,-0.5706687740663879,3
KL,-0.5708585767731832,3
CCL17,-0.5708887066463076,3
GM9958,-0.5708917450151704,3
SNORA24,-0.5710926857310007,2
ARL5C,-0.5712784859392784,3
2610008E11RIK,-0.5715595567952275,3
HECA,-0.5715931154496076,3
TMEM167,-0.5718861518020865,3
GM26533,-0.5719166679790129,3
HDAC4,-0.5721430947434154,3
PTBP2,-0.5723198867490731,3
GM16300,-0.5723238771023678,2
BRDT,-0.5726881069955226,3
NIPBL,-0.5727630998012941,3
SNORA62,-0.572779692383415,2
4930563E22RIK,-0.5728344660283693,3
IGF2BP1,-0.5730374171799464,2
EEF1B2,-0.5731261163396577,3
SLC39A2,-0.5732041756814804,3
H2BC12,-0.5735326672013755,3
ABCF1,-0.5736597058709939,3
HNRNPH2,-0.57377365290824,3
2610206C17RIK,-0.5737794988457138,3
TELO2,-0.5738039162824773,3
SNRPB,-0.5738159132910144,3
SIGLEC15,-0.5738529834417103,2
SCD3,-0.5739399397611189,3
CLCN4,-0.573971744768949,3
TOPORS,-0.5741265983182006,3
GM10128,-0.5743085385418546,3
DPY19L3,-0.5743385451562241,3
ETNK1,-0.5746462760933141,3
OR2Y1G,-0.57470074342867,2
KNDC1,-0.5749867626575049,3
KIFC1,-0.5751759722994655,3
GM10416,-0.5752763749987388,3
KLK1B8,-0.575496802498355,3
GDAP1L1,-0.5755241282399876,3
SUB1,-0.575651006986751,3
MARS2,-0.5756870960564572,3
TNFAIP8L1,-0.5759225610724535,3
OR13A18,-0.5760758230469738,3
GM45871,-0.5761341315865185,3
AKAP10,-0.5762688741242037,3
SKINT9,-0.5765209062642485,3
GXYLT1,-0.5765584487441666,3
GM5120,-0.576609427279975,2
SHLD3,-0.5768085386000362,3
FEZF2,-0.5768849270490288,3
PDE12,-0.5768980029232417,3
DDX52,-0.5769135745582656,3
GM8184,-0.5771213630593044,2
IL20RB,-0.5771992884181736,3
DDX19B,-0.5778753225027073,3
CPLANE2,-0.5779644490086766,2
NIBAN3,-0.578060933676103,3
CCDC117,-0.5781559861694093,3
GM12057,-0.5782374094299366,2
ERICH1,-0.5783055864308916,3
NARS1,-0.5784159370656393,3
TAS2R113,-0.5785067802976611,2
SLC17A3,-0.5786610581081003,2
OMP,-0.5786878461411845,3
TFDP2,-0.578963969295397,3
RIF1,-0.5790239516552228,3
YKT6,-0.5790406216816439,3
TIMM8A2,-0.5793083130098782,3
FBL,-0.5794965133857014,3
RPL31-PS3,-0.5795411278401366,3
ZFP131,-0.5795697240423948,3
RAPGEF6,-0.579675606969571,3
PRORSD1,-0.5797872809444024,3
RIC8B,-0.5799119180291967,3
ICAM1,-0.5799802454827985,3
KRT42,-0.5799804750341554,3
AKIRIN1,-0.5802943949866078,3
MUCL2|GM53236,-0.580353179608096,3
PYCR2,-0.580371278094291,3
SUCO,-0.5806443485933621,3
CLCA3A2,-0.5806993319003304,3
UBN2,-0.5811186809475815,3
BCAS2,-0.5813325558233158,3
APOLD1,-0.5813859760711834,3
LYPD5,-0.5816535680685484,2
SNHG11,-0.5817862877812696,3
TTC5,-0.5820664547057185,3
SNORD118,-0.5821055794984868,3
GALNT12,-0.582187714795955,3
LTB4R2,-0.5822981914182516,3
2010109A12RIK,-0.5823469158354795,3
GM18821,-0.5823887610318612,2
GM5841,-0.5826493726155397,2
DEPTOR,-0.5827658249167604,3
PBRM1,-0.5828357750566077,3
GM36041,-0.5828512669565069,2
ZFP28,-0.5829526384467306,3
RPL23A-PS2,-0.5834075175477261,3
GM18215,-0.5836340167787846,2
DICER1,-0.5841525612977289,3
GM15542,-0.5842638265392566,3
CCL27AL,-0.5842906768005945,3
EIF3M,-0.5843078697826568,3
CXCL10,-0.5843573254673998,3
GM43403,-0.5843943084185865,3
BAHCC1,-0.5844373224766953,3
MRPL35,-0.5845570212892871,3
LOC118567674,-0.5846271044365365,2
GOLM2,-0.5847541464698646,3
NFS1,-0.584779700946927,3
DBHOS,-0.584831947901741,2
PNKP,-0.5848619148328883,3
FOXP4,-0.5852440989381739,3
VMN2R60,-0.585413955614849,3
IRF8,-0.5855561317437122,3
ALDH1A3,-0.5855815663157186,3
SIRT1,-0.5859268303462671,3
FNDC9,-0.586222721901767,2
RYBP|RYBP-PS,-0.5865435202705577,3
SCRIB,-0.5866606187495127,3
ANKRD6,-0.5868915915433407,3
IMPACT,-0.5868938655638404,3
RPS6KA5,-0.586945938114038,3
RFXAP,-0.5871021957975314,3
EXOSC2,-0.5871374002802628,3
PLATR25,-0.5872792714462731,3
FAM98B,-0.5872795441664365,3
PHLDA1,-0.5873584406036844,3
DNMT1,-0.5876370738161787,3
KRT75,-0.5880137550210646,2
MFSD4B2,-0.5882828879010693,2
4933406I18RIK,-0.5883307467918436,3
GRIA2,-0.5884161351082127,3
CDKAL1,-0.5884794852224841,3
ZFP41,-0.5884893548171466,3
GM29461,-0.5888336188043838,3
NSRP1,-0.589229757477928,3
SLMAP,-0.5892422452252855,3
TTLL4,-0.5892633595544775,3
G2E3,-0.5895498240885323,3
BRCC3DC,-0.5895764275677047,2
TAF1C,-0.5898480386032255,3
KMT5B,-0.589879052772804,3
KDM1A,-0.5899486205196199,3
CPNE1,-0.5899575311918307,3
POLE,-0.5901461948104981,3
ZNRF2,-0.5901845999520853,3
SPCS3,-0.5903436492360477,3
GCH1,-0.5903954994898877,3
ZFP605,-0.5904919091056008,3
SPAG5,-0.5908159874198772,3
NDUFAF1,-0.5908615220748739,3
RPL7-PS9,-0.5908934050401108,2
DDX39A,-0.5910029931322782,3
GABPB1,-0.5910442290385464,3
UBALD1,-0.5910466179519879,3
PPP4C,-0.5912421685068231,3
MSH6,-0.5914126213069245,3
ITGB1BP1|GM40855,-0.5914193555680606,3
TRAIP,-0.5919193620707052,3
MSH5,-0.5919472272364125,3
GM22620,-0.5920025135637887,2
DCDC2C,-0.592128680797327,2
KCND1,-0.5922982222793818,2
PASK,-0.5923593531911497,3
CCDC138,-0.5925467510521923,3
PHIP,-0.5926816735295507,3
NPSR1,-0.5927856467200603,3
DYNLT1F,-0.5929132565977904,3
PRKRIP1,-0.5929879971006099,3
GM14305,-0.5930256116921128,3
TRAV14-3,-0.5930761292006236,3
CAAP1,-0.5931371072371951,3
ARL5A,-0.5931964948367944,3
L3MBTL4,-0.5932981188197357,2
ARSI,-0.5935472269901988,3
PATE2,-0.5936962563024655,3
SESTD1,-0.5941955463270322,3
SPDL1,-0.5942461678298755,3
SMC1A,-0.5945230631912863,3
GM9294,-0.5945683082651971,3
THOP1,-0.5946043048569466,3
CDYL2,-0.5948410743594029,3
SLC6A20B,-0.5950624532169148,3
SAP30BP,-0.5954165894481004,3
PFAS,-0.5955740223815938,3
GM16867,-0.5959190529337209,3
HOMER1,-0.5962777555253702,3
SCYL3,-0.596366593104967,3
ATPAF1,-0.5964214707497365,3
MATCAP1,-0.5967622509506418,3
TMSB15B2,-0.5968418127990592,3
CLASP2,-0.5972157345555448,3
METTL16,-0.5974265183767252,3
SCIN,-0.5975939391306567,3
MAP1S,-0.5976101071175003,3
RSF1,-0.5976567897894097,3
SYCP2L,-0.5976972342193696,2
RAPGEFL1,-0.5978134299676309,3
2810021J22RIK,-0.5978408185715556,3
DMAC1,-0.5979304087564689,3
EIF4A1,-0.5980931501224571,3
SF1,-0.5986549584541291,3
MAST4,-0.5987761790858035,3
PTPRN2,-0.5988358520570753,3
DLX1,-0.599094326452415,3
NIFK,-0.5991255223786324,3
ZSCAN30,-0.5991347231729731,3
TTBK2,-0.5995439274881977,3
0610010K14RIK,-0.5998137904132705,3
GM5881,-0.5998629466177507,2
PARP1,-0.6000672694052002,3
GOPC,-0.6004739112114312,3
CDX1,-0.6005948091396759,3
CES1B,-0.6006240411760061,3
THUMPD1,-0.6007457456082061,3
BICD1,-0.6007857402727278,3
ARPC5L,-0.6008323314674086,3
EML4,-0.601008992176876,3
CEP70,-0.6010397102131063,3
9030204H09RIK,-0.601980512330355,2
DAPK1,-0.6020272892070521,3
BHLHB9,-0.6022480002405087,3
TRBV12-3,-0.6022817951190664,2
EEF1G,-0.6022872424674676,3
2900079G21RIK,-0.6024931780141434,3
STAMBP,-0.6026540570884991,3
PPP1R12A,-0.6029840847325106,3
CREM,-0.6029946253291665,3
BROX,-0.6033260211060745,3
LRP8,-0.6034153636023113,3
DNAH9,-0.60344885526916,3
SYT13,-0.6035354962947809,3
UFD1,-0.603538706969126,3
4930509G22RIK,-0.6036380942662222,3
SS18L1,-0.603842391895982,3
UXS1,-0.6046600707286769,3
NLE1,-0.6049196161464914,3
YWHAE,-0.6051666247765527,3
MELK,-0.6053491036027485,3
GM9432,-0.6054338899529167,2
RLN1,-0.6055168527806427,2
MAN2C1OS,-0.6055715955664936,3
PSME4,-0.6055749356327543,3
PPM1G,-0.6056789663978471,3
RBBP8,-0.605854227598256,3
GALK2,-0.6060307518198184,3
PLOD3,-0.6063808262302745,3
MRPS26,-0.6066856898925174,3
FAM221A,-0.6067423166439584,3
BTBD19,-0.6069414074375606,3
GM14207,-0.6070411474068433,3
MINDY2,-0.6074173071663482,3
MTRF1L,-0.6074322361578038,3
TRIM11,-0.6076536040851989,3
PDE1B,-0.6080439057988632,3
1110032F04RIK,-0.6080665667787101,3
GRM6,-0.6082261657838868,3
DYNC1LI1,-0.608629351396312,3
ZFYVE27,-0.6088693109859685,3
ASXL3,-0.6096393534547934,3
FANCG,-0.6098095838660891,3
HYPK,-0.6099085159482575,3
GNASAS1,-0.6101914672347166,3
ZFP219,-0.610413889463463,3
NIPA2,-0.6104205518325251,3
GM6206,-0.6106701289533941,3
VMN2R113,-0.610777348268284,2
APPL1,-0.6110655206120065,3
PAM16,-0.6112286873857457,3
MRO,-0.6114265354014955,3
ZFP451,-0.611605416430023,3
CBLB,-0.6117946355068836,3
ZZZ3,-0.6118417922976439,3
MS4A3,-0.6119328726320599,2
RPRD1A,-0.6119536515367079,3
ADAMTS6,-0.6120574646542374,3
SNORD14D,-0.6121947018962406,2
SFMBT1,-0.6122490043210662,3
AMTN,-0.612780169491208,2
9330151L19RIK,-0.6130580570250795,3
ATRIP|GM53191,-0.6131880910333646,3
DENND11,-0.6132689530279074,3
KCNH3,-0.6135639091451647,3
FANCC,-0.6138234861078333,3
GM5475,-0.6146664587710738,2
FMR1,-0.614790487147003,3
NSUN6,-0.6148590489907048,3
OTUD5,-0.6148642403189507,3
GM25989,-0.6149714153961643,2
NECTIN4,-0.6151170722622684,3
A730008H23RIK|HJURP,-0.6151262476019007,3
SMNDC1,-0.6151890176125843,3
ZFP563,-0.615949869557175,3
IGSF6,-0.6159618453649439,3
SPATA6,-0.616047078684096,3
USP15,-0.6160976986779533,3
SCAMP1,-0.6165049728729596,3
2010016I18RIK,-0.6167788133732159,3
OR55B4,-0.616878523764243,2
PRPF38A,-0.617022800757141,3
PIMREG,-0.6173085415820153,3
SF3B4,-0.6173204815097946,3
GM13981,-0.6173660540526139,2
NUP37,-0.6177865626139475,3
GM31583,-0.6178279382531906,2
GM22634|GM23804|GM26444,-0.6178842073787014,2
SNRNP25,-0.6180572111864479,3
FGF6,-0.6183077808612361,2
SMARCB1,-0.6183153079671581,3
ZNHIT3,-0.6186718161438852,3
CD3D,-0.6186785817177536,3
CDIN1,-0.618848301422733,3
HAO1,-0.618922216789707,2
CCL27B,-0.6189429039015589,3
OVGP1,-0.6191437983166649,3
SPRED2,-0.619155395710652,3
TRAV12D-1,-0.6191790161069858,3
TRAV12N-1,-0.6191790161069858,3
ACAD9,-0.6192263933969232,3
ANAPC4,-0.6195318223458735,3
GM5464,-0.6198211932858014,3
SLC6A19OS,-0.619831367051504,3
COL6A5,-0.6200733557615515,3
DTWD2,-0.6211606616400643,3
GPRASP1,-0.6213145173631102,3
VPS39,-0.6216967916699144,3
ZFP738,-0.6217355036240437,3
MEI4,-0.6218189956068225,3
TRAV6-4,-0.6218191029764041,3
ZNRF3,-0.6220039747914976,3
RHCG,-0.6222549163483261,3
CAPG,-0.6223556286659151,3
UBP1,-0.6223623076428648,3
GM15787,-0.6226025182795456,3
MAGOH,-0.6226444027982986,3
ZFP988,-0.6229714645874805,2
ATE1,-0.6232511476721821,3
6030458C11RIK,-0.6234795956745371,3
HMGXB4,-0.623683446124874,3
TSPAN2,-0.6239968255791843,3
NKX6-2,-0.6241118543737492,3
ALMS1,-0.6242512036734363,3
ARMC5,-0.6243346091627578,3
STMN4,-0.6246713683160722,2
5430416N02RIK,-0.6248549757906807,3
STYK1,-0.6249523615988244,3
XIST,-0.625003721771403,3
RSKR,-0.6251679049795755,3
TRNT1,-0.6252232905883972,3
ATXN10,-0.6252816643206666,3
ACAP3,-0.6254132843402637,3
ITFG2,-0.6255771616011656,3
SIPA1L3,-0.6259664333646272,3
CNOT6,-0.6263148044677985,3
CARS2,-0.6264624841305954,3
ZBTB34,-0.6268474201227251,3
SLC20A1,-0.6268909565866755,3
D17H6S56E-5,-0.6269459930764182,3
RFC3,-0.6269650183443206,3
CCL22,-0.627049601136656,3
VAMP1|E130112N10RIK,-0.6271026377044931,3
BDP1,-0.6271485186352468,3
MCPH1,-0.6276066133262143,3
AIPL1,-0.6276510405044727,3
PNN,-0.6276935563842166,3
KCTD5,-0.6277063150328394,3
UNC93A,-0.6278848454228305,3
C1QBP,-0.6280855321819528,3
LEF1,-0.628343840001418,3
GRK6,-0.6286268857821916,3
ZFP101,-0.6286427645290592,3
NMNAT2,-0.6287129318017223,2
XKR9,-0.6290950131348644,3
ATAD1,-0.6291839134716221,3
USP34,-0.6291912725722285,3
GM24411,-0.6296256468464783,2
LHX4,-0.6297418473060368,2
RBM17,-0.6298422624039309,3
4930596I21RIK,-0.6298606528516987,2
GM15708,-0.6300527371930272,3
GM32742,-0.630429004276571,3
EFCAB9,-0.6306061021387052,2
NHLH1,-0.6306878393607367,2
TENT5D,-0.6309466969563448,2
ACIN1,-0.6309526756953335,3
OTUD4,-0.6313044951868668,3
CERS3,-0.6315450426814619,3
TRAV13-5,-0.6319731949358386,3
GM38456,-0.6320307174291211,2
TRAV7N-5,-0.6321553199032444,3
TRAV7D-5,-0.6321553199032444,3
CCDC77,-0.6323819652214347,3
CAMK1G,-0.63246617971534,3
ACTL6A,-0.6325093315593121,3
AFTPH,-0.6327633740906585,3
AIMP1,-0.6328274335863894,3
YPEL5,-0.6333437549515403,3
PCSK5,-0.6335231081290554,3
PGM2L1,-0.6337497451694746,3
PDCD2L,-0.6337776090708364,3
SIVA1,-0.6338422949584713,3
RANGAP1,-0.6341486705832683,3
GMCL1,-0.6346320225479124,3
GM47112,-0.6347261161569433,3
KMT5C,-0.6348409083773774,3
APOA4,-0.6349688622545013,3
ZFP874B,-0.6350799507223049,3
SPMIP8,-0.6351923925975238,3
SMC1B,-0.6352871697281732,3
PITPNM2OS1,-0.6353758525174962,2
CRMP1,-0.6354122682508164,3
MTA3,-0.6355216781070933,3
GSDMC3,-0.6360208909215262,3
SGPL1,-0.6360247910750213,3
RBM6,-0.636049306476072,3
CCT2,-0.6362247716849142,3
PLCD4,-0.6365285742465013,3
CACNA1D,-0.636562859544735,3
SLC6A2,-0.6368187809622997,3
ETAA1,-0.6368467160162486,3
CCNF,-0.6371239645951663,3
PEX1,-0.6378298352881492,3
SIM1,-0.6381235625738112,2
MBD6,-0.6383076872843508,3
METTL4,-0.6384512523455405,3
MACROH2A1,-0.638544100157505,3
MOXD2,-0.6390710215984051,2
GM14430|GM4631,-0.639085324326148,3
GM31593,-0.639123819384813,3
MROH2A,-0.6394903265717372,3
ILF2,-0.6395492031376855,3
D630023F18RIK,-0.63963842464151,3
GM35315,-0.6397447790289956,3
TFAP2B,-0.6397901488962752,3
SLC4A10,-0.6398948172321324,3
NRL,-0.6399082795720133,2
MPLKIP,-0.6399166414332725,3
TRAV15-1-DV6-1,-0.6399183202516207,3
ERCC6L2,-0.6407119750424178,3
RPS27A-PS2,-0.6407841299845619,3
ZFP955B,-0.6416897168976385,3
OR52H1,-0.6420018932561532,2
PRPF3,-0.6421208273944818,3
4833422C13RIK,-0.6422482969252675,3
CAMK2G,-0.6423165302640795,3
1700112D23RIK,-0.6425330726383413,2
GM3739,-0.6426616773478989,3
GM31828,-0.6427257806507138,2
RIOK2,-0.6427850733412693,3
AMN1,-0.6427861471894835,3
TCF19,-0.6429630174691211,3
ROBO3,-0.6432083272446255,3
ZFP251,-0.6435658117288799,3
RBM15,-0.6439011664211555,3
4930555A03RIK,-0.6440112561201273,3
MAP2,-0.6441026611719233,3
OTOL1,-0.6441855844723469,2
MPHOSPH10,-0.6445122623238063,3
TECTA,-0.6445139704185542,2
SIAH1B,-0.6445744532322534,3
ASS1,-0.6445880313159752,3
AP1S2,-0.644776583009118,3
RTBDN,-0.6449547807281144,2
LPO,-0.6450142659526419,3
DNAH3,-0.6453140650532646,3
GM12346,-0.6454184536922843,3
SNHG3,-0.6454772220621593,3
HMBS,-0.645516185289051,3
GM536,-0.6455813648166843,3
PLSCR5,-0.6456656650813907,2
DKK1,-0.6458658691102962,3
CCDC88B,-0.6459157037340376,3
MGAM,-0.6461616595870778,3
RPS13-PS5,-0.6461995576984232,2
NPAS2,-0.6462060872259346,3
BCAP29,-0.6463551857968733,3
BDH1,-0.6463556805944085,3
SERTAD2,-0.6464729725406821,3
NFXL1,-0.6467310358924426,3
KRT71,-0.6467633952076834,2
GM5605,-0.647506520871505,3
METTL18,-0.647581168538693,3
TMC8,-0.647598505744905,3
MAGEB3,-0.6481852654906357,2
GM13982,-0.6483663808284517,2
CCDC7A,-0.6484117790256915,2
DDIAS,-0.6485799541177394,3
GM25835,-0.6487107764347548,2
NMUR2,-0.6487608295858683,2
SNX6,-0.6489078034744016,3
SLC30A10,-0.6490291196890855,2
TSLRN1,-0.6490428369061213,2
ISL1,-0.6491015042007476,3
LRRC8E,-0.6491092937904095,3
PSMD9,-0.6491266546915472,3
A730036I17RIK,-0.6495670924618976,2
RNF126,-0.6495984806746793,3
POLG2,-0.6499225164675343,3
MSI1,-0.6500983152924321,3
SDF2L1,-0.6502406483237871,3
MIS12,-0.6502542246984807,3
H4C14,-0.6503162516812276,3
SHCBP1L,-0.6504222962676188,3
UTP14B,-0.650635063508628,3
VAMP4,-0.6507335880064707,3
SUMO2,-0.6508482731619921,3
FAM124B,-0.6508518798693175,3
ZFP597,-0.6509127853944144,3
CAMK2A,-0.6510673302005361,3
GM6052,-0.6516745097868551,2
SPPL2B,-0.6517402145118028,3
TRMT1L,-0.6519440945098387,3
UTP25,-0.6520816956447731,3
HES5,-0.6521450111768231,3
MDP1,-0.6522544361629709,3
ZCCHC9,-0.65248915275514,3
4833417C18RIK,-0.6525526310434017,3
CEP57L1,-0.6525864282345205,3
KLF13,-0.653349423115552,3
CNBP,-0.653380281633649,3
GM7160,-0.6539350157083356,3
EFL1,-0.6540000166114277,3
IST1,-0.6540822733151114,3
OR10C1,-0.6542818673152393,2
MLXIP,-0.6543749870122546,3
SPNS1,-0.654382634150762,3
UPK3A,-0.6544143888781494,3
NVL,-0.6546420893455746,3
AJAP1,-0.6546493496970668,3
JPX,-0.654844623046077,3
GIGYF2,-0.6549654885515684,3
GON7,-0.6552562310171047,3
NKAPD1,-0.656081717592971,3
SNIP1,-0.656089692476091,3
9230116L04RIK,-0.6561014133561975,2
TBC1D23,-0.656208982200083,3
HTR7,-0.6562140766731365,3
MRPS30,-0.6573638248822341,3
1810064F22RIK,-0.6573891187580307,2
GM34833,-0.6575923977076825,2
ZPLD2,-0.6577560482574045,2
B230307C23RIK,-0.6579038496908989,3
N4BP2L1,-0.6581301232018352,3
TRAV9N-1,-0.6582083124359656,2
ITGB3BP,-0.6586150596813617,3
4933438K21RIK,-0.6587082597730037,2
CES1A,-0.6587174008570661,2
CCL21A,-0.6587854386754778,3
MAP3K1,-0.6589288310269035,3
TOP1,-0.6590218955151844,3
NKTR,-0.659207489119174,3
PHF14,-0.6592874012926785,3
AVIL,-0.6595443242742355,3
CNNM4,-0.6596190815964611,3
GM10845,-0.6600763122588775,2
ZFP160,-0.6603109912805495,3
TTC28,-0.6604590404497462,3
EIF4ENIF1,-0.6606346181208619,3
ZFP507,-0.660928223490039,3
OR6C1,-0.6610615609378881,2
SETDB1,-0.6612183513566876,3
NEMF,-0.66146828548367,3
SNORA28,-0.6615582864680618,2
MARCHF7,-0.6615723045667773,3
POLR3G,-0.6615936040352662,3
1700040D17RIK,-0.6617528417866757,3
PIP5K1A,-0.6617608956362231,3
IGHV14-2,-0.6617631165331298,2
NAPA,-0.6619326604796835,3
CEP95,-0.6619574969310658,3
GGT5,-0.6619903528019323,3
CASP8AP2,-0.6620210481123839,3
AVL9,-0.6620393472097971,3
SUGP2,-0.6621159904663719,3
IL17RB,-0.6626905200045695,3
AWAT2,-0.6627544715421678,3
WDR48,-0.6628743847824888,3
WDR5B,-0.6629460749295581,3
CES5A,-0.6632375648775477,3
TRAV16D-DV11,-0.6635488654863376,3
LY6G,-0.6640734081758737,3
ZSCAN12,-0.6642593628662391,3
ERMARDL2,-0.6643107791540882,3
KCNQ3,-0.6645119335487671,3
PRAMEL42,-0.6645962329018706,2
SYMPK,-0.6646221924754695,3
OLFM4,-0.664639455748735,3
BEND3,-0.665014039502892,3
SUZ12,-0.6651262655084725,3
ATXN2L,-0.6657256032661576,3
TRAV6D-5,-0.665877046566241,3
FAM91A1,-0.6659625496668117,3
FOXJ3,-0.6661634889636636,3
TMEM35A,-0.666401765271427,3
MAPK11,-0.6664063867828003,3
AMZ2,-0.6667330457895543,3
FBXW7,-0.6670874239280735,3
OPCML,-0.6674300439221245,3
GM37065,-0.6674554519258775,3
GM5937,-0.6674663386738615,3
SUPT4A,-0.6677503090188052,3
TRAV9D-3,-0.6678578776837653,3
TRAV9N-3,-0.6678578776837653,3
ECT2,-0.668004146941076,3
DRGX,-0.6680229894362981,2
GGA3,-0.6681783273918338,3
A830036E02RIK,-0.6683721459777021,3
GM11263,-0.668634179161718,2
VMN1R234,-0.6686411725967059,2
EPHX4,-0.6690281174583834,3
LYRM7,-0.6690754685772088,3
WAC,-0.6691104234212396,3
DNAJC1,-0.6692384365498237,3
CKAP2,-0.6694178799911773,3
ARL5B,-0.6696448620998026,3
ACD,-0.6698333389625316,3
COIL,-0.6700783823467429,3
RBBP7,-0.6702873350067202,3
GM25360,-0.670343516580437,3
GM18752,-0.6704164119034799,2
HAUS4,-0.6706293139936409,3
HAT1,-0.6708903623161149,3
AGTRAP,-0.670912843062821,3
8430436N08RIK,-0.6710528749320092,2
RNF145,-0.6712420026145115,3
SERPINA1A,-0.6712545163619045,3
IQCG,-0.671505126675744,3
STRBP,-0.6716043600769851,3
ZC3H12B,-0.672213025216826,3
TNFSF4,-0.672446155397534,2
KCNK9,-0.6727686166101868,3
NOL10,-0.6727806802050244,3
COG3,-0.6728348509398668,3
RPS3,-0.6729760179061225,3
CACNG2,-0.6731884924482922,2
LNCENC1,-0.6732012245083764,3
2300002M23RIK,-0.6742716099833872,2
TGFBR1,-0.6743564946507132,3
RSRP1,-0.6749811521699519,3
TRGC4,-0.6750230532160705,3
LRRCC1,-0.6754194300449913,3
SEC11A,-0.6754288279266762,3
NORAD,-0.6755935816636004,3
SEC61B,-0.6756886383978072,3
ZFAND4,-0.6760037758070531,3
ZFP868,-0.6760664035208263,3
TRAV10N,-0.6771288232489967,3
DENR,-0.6772518202134684,3
2900060N12RIK,-0.6772633270437075,3
FIRRM,-0.6776595669500772,3
NCOR1,-0.6780700229472618,3
GM10036,-0.6783698766771039,3
TTI1,-0.6786402036243687,3
UFSP1,-0.6787121325034305,3
VMN2R76,-0.6789353303972294,2
SAMD1,-0.6789871415908869,3
DCP2,-0.6790906256360166,3
AAGAB,-0.6791711149616741,3
WDR90,-0.6791876261371866,3
H3C10,-0.6793066118492014,3
ZFP534,-0.6795422388831676,2
TAF13,-0.6800851373690212,3
AHCY,-0.6805671933615388,3
ABRAXAS1,-0.6811408831614698,3
RANBP6,-0.6815563017737093,3
OAS1F,-0.6815670720513701,3
LIN9,-0.6819755296320263,3
SIAH1A,-0.6822654253780082,3
SNORA26,-0.6825844237636945,3
GM39307,-0.6827256694215729,2
ARMC9,-0.6828057933586766,3
TMEM72,-0.6828365862366514,2
RPS27A-PS3,-0.682961270967748,3
SSB,-0.6831959422544039,3
CDK2AP1,-0.6832788700252487,3
SEC61A2,-0.6835806489284431,3
1600002D24RIK,-0.6842210480095439,3
KDM6A,-0.6844644725639403,3
PRSS57,-0.6846934014544052,3
STAG2,-0.6847365521183764,3
MAPRE1,-0.6847939120837331,3
UTF1,-0.6851521520664102,3
RDH9,-0.6852324202398763,2
ZFP579,-0.6855306381299598,3
TK1,-0.6855683902072469,3
USP39,-0.6856832351389106,3
IFRD1,-0.685788545523477,3
TRAV13N-1,-0.6860580554976009,3
RPRD2,-0.6861372880680744,3
B130034C11RIK,-0.686168735094642,3
VMN2R102,-0.6862671956840916,2
EP400,-0.6867196243682766,3
VMN1R217,-0.6868056635188401,2
TMSB15L,-0.6868286578378534,3
ZFP280B,-0.687028527820698,3
APOA2,-0.6877185886575335,3
WDR89,-0.6877540674678566,3
TRIM27,-0.6878307137233692,3
VMN1R179,-0.688307686384367,2
KPNB1,-0.6885457460592761,3
YIPF5,-0.6886917656302268,3
CPOX,-0.6887458449482757,3
FASTKD3,-0.6888652574566988,3
DNAJC2,-0.6889592876799421,3
1700003G18RIK,-0.689065275359945,2
RNF227,-0.6896381292780897,3
CLCN3,-0.6896795356085536,3
IWS1,-0.6900240235113705,3
PIGV,-0.6901554580328401,3
GM20750,-0.6903334520484137,3
MOAP1,-0.6906707713391242,2
TTLL5,-0.6906832207239928,3
CNOT7,-0.6906974390337105,3
VMN1R197,-0.6907864937539755,2
IMPG2,-0.6912141061843108,3
BLOC1S4,-0.6913765261418034,3
PAK4,-0.6917965990463051,3
NCLN,-0.691903854783865,3
4930474N09RIK,-0.6921940405856342,2
CTR9,-0.6922648171190326,3
AU020206,-0.6927719380705225,3
UIMC1,-0.6928294331853463,3
GSKIP,-0.6929913406049862,3
CDCA4,-0.6930054545717729,3
UTP6,-0.6931961358784114,3
KLHL1,-0.6942808276663548,2
SERPINC1,-0.6943068342576129,3
PURB,-0.6948591252350983,3
OOEP,-0.695329424597769,3
TFDP1,-0.6953557940724889,3
BNIP3L,-0.6956161681442047,3
BOD1L,-0.695709204336623,3
GM24233,-0.695716609712179,3
LIN52,-0.6960255092505677,3
OR1AB2,-0.6961103754591432,2
SMARCC1,-0.6964410204878885,3
ZFP1008,-0.6964811478122899,3
PPIA,-0.6966131130496901,3
OR5B124,-0.697456423571417,2
RAD50,-0.6975838435508406,3
TRMT11,-0.6976023294102215,3
3300002I08RIK,-0.6976116418854259,3
DCAF1,-0.6977711313900167,3
OR2AG20,-0.6977833197519563,2
CD6,-0.6979545509161867,3
GM38574,-0.6980034804972731,3
PFKFB3,-0.6985568284085789,3
GTF3C3,-0.6988600358278229,3
ATP6V0A2,-0.6988988413244565,3
4833422M21RIK,-0.6993768725791413,2
GM19195,-0.6994537839168974,3
SARNP,-0.6994674987969026,3
RECQL4,-0.6996788792648596,3
CCDC169,-0.6998490234858471,2
TES3-PS,-0.699896377579039,3
HUS1,-0.7000693375961978,3
ILKAP,-0.7003314319970242,3
REST,-0.7005491736504531,3
TOGARAM1,-0.7005812373661331,3
NAA15,-0.7011292831770249,3
SAP30,-0.701510964679577,3
DERA,-0.7015641660188656,3
RBM12B1,-0.7017076529795282,3
VMN1R47,-0.7021588734710644,2
1700086P04RIK,-0.7021870726332047,3
RASEF,-0.702297198304937,3
BZW1,-0.7024195921532183,3
KRT24,-0.702607503592205,2
SKP1,-0.7029433091668725,3
MIOS,-0.7030540439422287,3
RPL15-PS3,-0.7031883329934008,3
SNX16,-0.7037351405024258,3
DCAF13,-0.70402039025589,3
PTEN,-0.704055460052121,3
PTGES3,-0.7042248687307732,3
ATP6V1G2,-0.7043943575556955,3
SLC30A2,-0.7048183392340994,3
SLC9A5,-0.7049540404919051,3
EEF1E1,-0.7051398398107476,3
CBFB,-0.7052718376297812,3
POTEFAM3B,-0.7055826958871051,2
DDX27,-0.7057060113838527,3
GM32014,-0.7060638197797103,2
GM12522,-0.706319856797466,3
GM7899,-0.7066191970157131,2
GM2956,-0.7070538440540652,2
HNRNPR,-0.7070922326057189,3
GM16433,-0.7073318355141951,3
GM17909,-0.7077057939767141,3
ROCK1,-0.7080984638446362,3
RBBP6,-0.7081519099208874,3
RNF214,-0.7081564963918144,3
ENDOV,-0.7083345774476412,3
VMN1R220,-0.708410024965156,2
ZFP14,-0.7087937044733937,3
BRCC3,-0.7088327823322048,3
TRAV5-1,-0.7097905035069568,3
MINPP1,-0.7099020674238615,3
CLP1,-0.7100044378327119,3
RDX,-0.7100336394108678,3
NKX2-6,-0.7102579198424998,2
GM12185,-0.710292432604609,3
PHTF1,-0.7106215152471247,3
SLC25A53,-0.7109030657411913,3
ENKD1,-0.7111099701896678,3
KLF14,-0.711249901664847,2
GM5824,-0.712207598731875,2
A630019I02RIK,-0.7123777636473817,3
CENPQ,-0.7124213339606019,3
GNL3,-0.7124699376708183,3
THRAP3,-0.7125222757692781,3
KIF22,-0.7125625745951815,3
PWWP2A,-0.7125735349266282,3
AFAP1L2,-0.71279141387111,3
GM41043,-0.7128220694300195,3
EIF4A3,-0.7131221892318073,3
IL2RA,-0.7134464173082083,3
CCP110,-0.7134772027885848,3
TGM4,-0.7137496086923144,3
TPK1,-0.7142016566638207,3
RNF180,-0.7142872593774644,3
TSR3,-0.714397446868257,3
MSX3,-0.7144717493941083,3
CDK7,-0.7145057849154709,3
MIR8091,-0.7145702219069265,2
SINHCAF,-0.7146678521781337,3
GRK1,-0.7146989723954846,2
SCAF11,-0.7149797683258431,3
L3MBTL2,-0.7149995274732759,3
ACSL3,-0.7152771057075377,3
BMS1,-0.7154452155180566,3
PLEKHF2,-0.7158855392212286,3
TDG,-0.716016777170363,3
USP14,-0.7162258339206282,3
HOTAIR,-0.7165893032626811,2
GM26175,-0.7166533937088184,2
CD80,-0.716839701940292,3
TEDDM1B,-0.7175068117301819,2
NRARP,-0.7175804555708245,3
AW822252,-0.7177637873288437,3
BTG1,-0.7179637681316745,3
PGBD1,-0.7183502382451387,3
CSTF3,-0.7185617396650574,3
TAFA4,-0.7187537941194305,2
BRIP1OS,-0.7188968275983686,3
PRAMEL56,-0.7189448933225001,2
ZFP54,-0.7192762063850321,3
HNF1A,-0.7193082993423783,3
MAP2K2,-0.7193482206711653,3
TRIP11,-0.7196523541639835,3
CNTNAP5B,-0.7196607334056379,2
RPL22-PS1,-0.7202375337653155,3
HSD3B3,-0.7210711059201576,2
TAF1,-0.7210803053250189,3
ATF1-PS,-0.7210871534745671,2
VMN2R24,-0.7211673045497481,3
INA,-0.7214699452790517,3
SWT1,-0.7216079188575529,3
AI314278,-0.7233896860154094,2
NAA16,-0.7242892166772786,3
GTF3C4,-0.7243353898010675,3
STARD7,-0.7244029894379471,3
TRAV14D-3-DV8,-0.7246683402738855,3
6230400D17RIK,-0.7254571938163776,3
GM28441,-0.7255471038185003,2
KLK1B9,-0.7260882403364668,2
HRH3,-0.7262086325669781,3
YLPM1,-0.7264303658479191,3
NFKBIE,-0.7264352013801947,3
1600012H06RIK,-0.7264637045625392,3
OTOG,-0.7264850311441318,2
RAD51D,-0.7270804054286185,3
ZDHHC21,-0.7273519252216131,3
BCL11B,-0.7278190443162321,3
DNHD1,-0.727853407829759,3
TBX15,-0.7279787708822547,3
B930018H19RIK,-0.7285296162353951,2
GPATCH11,-0.7291708407977223,3
NT5C2,-0.7292318938001121,3
SPDYA,-0.7292624934318374,2
GM15462,-0.7294068519981475,2
GSK3B,-0.729563250141901,3
MUP15,-0.7303378143482859,2
CCNH,-0.7309029784214921,3
TDRD6,-0.7312867613122214,2
H2-T26,-0.7313247522865586,3
GM20008,-0.7314207076218793,3
REXO1,-0.7314799865633095,3
TTF2,-0.7322123029127314,3
IARS1,-0.7324104475198281,3
GM33023,-0.732422825501385,3
GM24523,-0.7328557912316367,2
GLIS1,-0.7329306185932882,2
SF3A2,-0.7332979176008861,3
ORC5,-0.733495926957064,3
GM5917,-0.7335008955216937,2
AIDA,-0.7338213725519571,3
AI987944,-0.7339185319742071,3
PARPBP,-0.7339400933975263,3
HPSE2,-0.7339647182484675,3
9430015G10RIK,-0.7340253089864976,3
TRPM1,-0.7340481220083266,3
SSNA1,-0.734186379631773,3
UPF3B,-0.7347229873369775,3
PRMT6,-0.7348932543790535,3
UBE3D,-0.7352980961527061,3
2310068J16RIK,-0.7355723879147759,3
TAF3,-0.7355832615575464,3
XLR4E-PS,-0.7358380765255378,3
CDKN2D,-0.7363387224703232,3
IL4I1|IL4I1B,-0.7365148138089079,3
TSHB,-0.7365994164587973,2
FBXO28,-0.7366117815325005,3
KRT16,-0.736622262126133,3
ANKRD11,-0.7368143626233956,3
DDX5,-0.7370660146212487,3
PAX3,-0.737152782531232,2
LRRTM2,-0.7372025695424633,3
CDC123,-0.7378844740740411,3
CIBAR1,-0.7381411002860842,3
POT1B,-0.7384212467017912,3
NEU3,-0.7384235709303112,3
RNF187,-0.7385309895900142,3
9530059O14RIK,-0.7391388151935924,3
CCDC15,-0.7393223473776805,3
1810062O18RIK,-0.7393766397920908,3
1700055D18RIK,-0.7398944192371261,3
PIDD1,-0.7399227723973478,3
DHRS13OS,-0.7399670983402108,3
GM13140,-0.7400722891986157,3
FCRL1,-0.7401717768870034,3
NGLY1,-0.7403471020707433,3
CALB1,-0.7403526229938245,3
ZFAS1,-0.7404403228263221,3
TRAV8-1,-0.7407204699219454,3
PPP2R3C,-0.7412078412369857,3
PCMTD2,-0.7417826869016052,3
SAE1,-0.7423024142880047,3
PPHLN1-PS1,-0.742507889899521,3
SRPK2,-0.7427144539332565,3
CAMKMT,-0.7428268249546676,3
CCDC120,-0.7430969770263095,3
BGLAP3,-0.7432041549372185,3
GM16740,-0.7436554609501455,3
ASAP1,-0.7444844337693916,3
ZFP113,-0.7446829510716149,3
KCNMB4,-0.7454672164506554,3
CNOT9,-0.7461071088544745,3
NUDT21,-0.7466113649653625,3
ZMYM3,-0.7469983258287872,3
MUP14,-0.747568815004496,3
USP38,-0.7476378384795542,3
ZBED5-PS,-0.7477114544681829,3
ZFP787,-0.7481534399785884,3
SUV39H1,-0.7482784089975262,3
NUF2,-0.7485502720356695,3
TRAPPC13,-0.7496523847040857,3
SCLT1,-0.7496639398369792,3
GM14718,-0.7499756589785748,3
TCEAL7,-0.7502762177898086,2
CENPC1,-0.7504270412248273,3
DBF4,-0.7507407297038009,3
MZT1,-0.7507683170408189,3
DPH5,-0.7514206986251749,3
RBM25,-0.7516818827266869,3
RUFY2,-0.7517536438499843,3
RNF10,-0.7518108664776748,3
AI182371,-0.7520617745187828,3
GMDS,-0.7524034429875615,3
TMEM68,-0.7531252667308732,3
SBK1,-0.7534607394644199,3
BCL2L11,-0.7535092749916764,3
VIL1,-0.7535687330188217,3
FLVCR1,-0.7536800581012145,3
RBBP5,-0.7537359289957283,3
TEX14,-0.7537462497290917,3
DNAAF2,-0.7537936375665271,3
RNPS1,-0.7544110965725267,3
RPA1,-0.7546455175146084,3
DDX47,-0.7548537319960942,3
OR11I1,-0.7550754582697393,2
KRT6A,-0.755454819110175,3
ZBTB18,-0.7555251726945397,3
SNHG12,-0.7558080642623396,3
GM12709,-0.7560358474177026,3
PRPS1L3,-0.756219790051928,3
MIR703,-0.7563698188686441,2
MDN1,-0.7567080002541772,3
PSMD11,-0.7568753064871442,3
WDR26,-0.7571020356352461,3
GM24451,-0.7573238216050615,2
GM10636,-0.7573402078806009,2
GM4787,-0.7582344978901991,3
E2F4,-0.7582581335188125,3
CCDC136,-0.7586150875787494,3
HNRNPD,-0.7587257065088253,3
CSTB,-0.7587785821717828,3
GM6161,-0.7593599689743757,2
ZKSCAN1,-0.759420895138868,3
GM15455,-0.7596953913641737,2
GM24201,-0.7599739060140138,2
SRSF7,-0.7603686534616027,3
CACYBP,-0.7608914750410595,3
NT5C3B,-0.7613775843874716,3
GM8797,-0.7615225626761687,3
FOXM1,-0.7617548527288199,3
1700016L21RIK|GM38673,-0.7619934863514709,3
TAP2,-0.7621561774238638,3
LSM1,-0.7622114077312743,3
GM18690,-0.7623596104115841,2
N4BP2,-0.7624941805078915,3
GM14444,-0.7624991488487649,2
GM12194,-0.7625891938031961,2
FRMD8,-0.7628189393425496,3
TRAV12D-2,-0.7628588394031018,3
TRAV12N-2,-0.7628588394031018,3
CCT4,-0.7628594194217394,3
SAG,-0.7632705625573832,3
EPCAM,-0.7632872722710164,3
PSG25,-0.7634688872377035,2
TYW5,-0.7637206917967575,3
GTF2A2,-0.7641847592889418,3
GM7143,-0.7642133558720589,3
GM53056,-0.7645524571515696,3
DAXX,-0.764764710055596,3
EXOSC6,-0.7648268829846828,3
GM4425,-0.7652633293376739,2
SLC4A9,-0.7654650137667139,3
LRRC70,-0.7654767950051341,3
SLC17A8,-0.7656104919724944,3
MS4A14,-0.7656268846974704,3
ZFP873,-0.7656807643634559,3
IL12RB2,-0.7661020725788484,3
SLC39A6,-0.7662239699774446,3
OR2Y16,-0.7664244517364655,3
HAUS5,-0.7667250060738725,3
GCC2,-0.7671902952461515,3
GRIK1,-0.76755143465928,2
9230114K14RIK,-0.768036554814116,3
PRRC2A,-0.7681534640479355,3
CHTF18,-0.7683970187927379,3
SLCO5A1,-0.7684293908841289,3
CENPJ,-0.7686880600394397,3
GM25813,-0.7686886673056658,2
SPMIP7,-0.7687686296269417,3
ZFP935,-0.7691047843607031,3
A830021F12RIK,-0.7695439712679298,3
BBIP1,-0.7699468172636822,3
ZC3H18,-0.7707474518950179,3
PSMA1,-0.7709037731199472,3
VAMP2,-0.7709750097450533,3
ATG2A,-0.7711127436630282,3
GM26130,-0.77202991718886,2
RMI2,-0.7720705333761689,3
ASB7,-0.7720916354762674,3
ZFYVE26,-0.77217938309229,3
CDK5R1,-0.772244243408761,3
GAPVD1,-0.7733211447886822,3
MYEF2,-0.7736538656774603,3
ZAR1,-0.7736871665872868,3
SRP19,-0.7738500792621229,3
MARK2,-0.7740209435103015,3
PATE14,-0.7740730670688172,3
SLC39A10,-0.7743382002180844,3
METTL3,-0.7747680648293008,3
TGDS,-0.7749670368960438,3
TMEM92,-0.7749881941222415,2
6030498E09RIK,-0.774999273802716,2
CWF19L2,-0.7752592963182287,3
1110038B12RIK,-0.7763945218627136,3
AP3S1,-0.7764682172777121,3
ZFP60,-0.7766535878839717,3
F8A,-0.7767698100719272,3
STRA8,-0.7770064346257509,3
U2SURP,-0.7773408707428198,3
ARHGAP12,-0.7773418137619258,3
NCAPH,-0.7775174860582205,3
ABHD10,-0.7776019616983886,3
FGF21,-0.7778792830809304,3
EEF1AKMT2,-0.7781652502348754,3
SMIM38,-0.7785266522439779,2
ZFP53,-0.7790852936905382,3
USP33,-0.7791485708627416,3
SRP72,-0.7791728015060434,3
CRNKL1,-0.7792749093524266,3
SNAPC3,-0.7797811993608431,3
CHTOP,-0.7798382028567316,3
ZFP1007,-0.7798677317842145,3
CDK8,-0.7799047976662431,3
GM16677,-0.7800050493326733,2
PRMT3,-0.7801989615696118,3
2310002F09RIK,-0.780324213223279,2
FXN,-0.7804086044231209,3
BC016579,-0.780415313778119,3
GM14496,-0.7808602051665796,2
SNAPC1,-0.7809674837665223,3
GBF1,-0.7811921689563789,3
VMN2R85,-0.7813098401079679,2
ELAPOR2,-0.781392642224764,3
VCAN,-0.7819451020881454,3
ODF2L,-0.7821296904720093,3
ZFP68,-0.782147856283688,3
4930539J05RIK,-0.7822563847532719,3
KSR2,-0.7825896318119971,3
PSMA3,-0.7826890588902193,3
ICE2,-0.7827649954178746,3
RPGR,-0.7832160801487991,3
KNSTRN,-0.7842946389029471,3
ISL2,-0.7843845972533061,3
CBX1,-0.7849139801691217,3
SPINT2,-0.7850602263204788,3
XLR4B,-0.7855164664249337,3
LRP8OS3,-0.78574602670305,2
CSN1S2A,-0.7863567026265595,3
METTL25B,-0.7865777224097773,3
CMAS,-0.7871903755372921,3
TAB3,-0.7872452206067502,3
CHAF1B,-0.7880234842737002,3
DDX46,-0.7881331657391368,3
GIGYF1,-0.788142415111508,3
CHAF1A,-0.7884971563690842,3
GM23287,-0.7888274320237715,2
KCNK4,-0.7888274440380064,3
MBIP,-0.7888459671809235,3
CDH4,-0.7889160236471936,3
HERC3,-0.7893782533763845,3
SLC2A4RG-PS,-0.7897530618405114,3
PSMD14,-0.7898599461661346,3
IMPDH2,-0.7900072676426508,3
SRBD1,-0.7901433723792953,3
GM23442,-0.7904000250434917,2
DFFB,-0.7906891155153737,3
BCL2,-0.7908665716395137,3
CHD1,-0.7915081542669188,3
SPCS2,-0.7916418451641142,3
WDHD1,-0.7916660245309854,3
DCAF10,-0.7918473691326513,3
RBMXL1,-0.7919727689540382,3
ARHGEF10L,-0.7921856662326231,3
VMN2R67,-0.792370612592631,2
VMN1R193,-0.7924159915634645,2
ATXN7L3,-0.7927058363672081,3
CLIP2,-0.7931781452986346,3
GM4939,-0.793372134460727,2
GM26493,-0.7935298547878645,2
SLC30A6,-0.7944154694880687,3
HMGCR,-0.7954516259960286,3
E2F3,-0.7955236702233223,3
IGIP,-0.7962491483176671,3
PASD1,-0.7963499183704733,3
NSMCE2,-0.796478767991989,3
SLFN8,-0.7965652927168475,3
GM3696,-0.7969922634719596,3
DIS3,-0.7971710223000649,3
ONECUT2,-0.7973260940479091,3
ARHGAP9,-0.7975053379915852,3
SCN4B,-0.7981620738805582,3
GPR50,-0.7981857690323023,3
NTAQ1,-0.799062289802964,3
CYP26B1,-0.7995528201764702,3
HSF5,-0.7997709777389276,3
PSMB8,-0.799896891649639,3
DLEU7,-0.8000163378329419,3
SBPL,-0.8000229468504706,3
RGS8,-0.8000773379337267,2
EIF4H,-0.8004696555203861,3
4930431P03RIK,-0.8004698512358348,3
PHF10,-0.801034353482975,3
HNRNPU,-0.8015098365373335,3
IPP,-0.8021265707440922,3
BUD23,-0.8023831134232745,3
FBRS,-0.802619039080176,3
TNKS2,-0.8027192621043652,3
GM5424,-0.8029857010540936,2
DDB2,-0.8033423547130348,3
GM13722,-0.8034430349973462,2
CKAP5,-0.8034953021159094,3
ANKRD39,-0.8036296951806668,3
ADSL,-0.8045748033666037,3
TRIM43A,-0.8047948463795832,2
ULBP1,-0.8051062834898636,3
DRG1,-0.8051557583806432,3
EXOG,-0.8052186291065969,3
MON2,-0.8053344098541785,3
RASGRP2,-0.8054910791445158,3
2410004B18RIK,-0.8056733931656982,3
CDCA7,-0.8057469345729129,3
SMARCD1,-0.8062877774217752,3
ANAPC16,-0.8064013439881995,3
SYNCRIP,-0.8064147122241403,3
KLRA17,-0.806563277886483,3
RPS13-PS2,-0.8070210669317018,3
ZFP949,-0.8076158743218139,3
FRG1,-0.807947744038334,3
SEC24C,-0.8079516428199591,3
FOXD2OS,-0.8082060111729351,3
PPRC1,-0.8083156471504074,3
WDR7,-0.8086748366154107,3
ORC6,-0.8087522482146415,3
ZFP397,-0.8100280797144573,3
UBE2I,-0.8106381055878531,3
GM15789,-0.8107432522396198,3
TRAV14-1,-0.8109142071637746,3
ENAM,-0.8112142045799783,3
HES6,-0.811379205615807,3
WDR18,-0.8116390282027443,3
GM38947,-0.8123355295303213,2
FUNDC2,-0.812930513521165,3
CDC5LRT2-PS,-0.812954415592252,2
GDF7,-0.8134434732635205,2
CENPS,-0.81346003232031,3
EIF2AK2,-0.8140356086472961,3
OR13A27,-0.8141932576039685,2
ACBD7,-0.8144619329458224,3
HERC4,-0.8145143757132739,3
TBC1D10C,-0.8150474167868661,3
CATSPERZ,-0.8151062451300372,3
SCN9A,-0.8160388367855349,3
RHOX4A,-0.816194338235128,2
SCML4,-0.8162926917829173,3
TRAV8D-2,-0.8169068189393439,3
EWSR1,-0.8172603120588663,3
PROKR2,-0.8173175236327223,3
MAPK8,-0.8174313184740326,3
MIA2,-0.8179525248047943,3
VMN1R174,-0.8182235701415075,2
SLU7,-0.8186525576186942,3
NUTF2-PS1,-0.8194153738323345,3
METTL6,-0.8195925184106613,3
SRRM1,-0.8196501058961511,3
GM23245,-0.8207852072005476,2
1700026F02RIK,-0.8208156017843468,2
PLAGL1,-0.8213458345854501,3
NEK1,-0.8215599088344966,3
OR2K2,-0.8218835245767849,3
FZR1,-0.8219279598888897,3
PSMB9,-0.8223124621868233,3
ZFP973,-0.8223260346050858,3
PCGF6,-0.8226439755715745,3
TMEM19,-0.822972662561554,3
ACTN3,-0.8230326304743034,3
FGF14,-0.8233469975964374,3
NR4A3,-0.8246096869477147,3
MYBBP1A,-0.8247341800263306,3
KRT77,-0.8256060877751046,3
FANCF,-0.8261844200932833,3
GM21992,-0.8263114328978819,3
PHGDH,-0.8263881001609356,3
PURA,-0.8266063094187238,3
ATP6V0A1,-0.8269877721853414,3
ZFAND6,-0.8275905461503067,3
VMN2R79,-0.8285119637347871,2
HOOK1,-0.8285670046728272,3
KLHL12,-0.8287597716585283,3
CIRBP,-0.8298721282238937,3
AMMECR1,-0.8299880657013587,3
GM5641|GM6793,-0.8302653802985399,3
A630095N17RIK,-0.8304174268228911,2
CHORDC1,-0.8306876034323505,3
CCSAP,-0.8309140862561847,3
MAN1A2,-0.830927984772515,3
RAD1,-0.8317511992626558,3
PAH,-0.8323495231152779,2
AKAP8L,-0.8324672695671165,3
ENTREP2,-0.8327935655092438,2
S100A3,-0.8328414297148367,3
SNHG5,-0.8332789595923238,3
GM49252,-0.8333682938140798,2
ASB3,-0.8341294568596727,3
TTC33,-0.8347039386682885,3
CHASERR,-0.8357626665504929,3
POU4F1,-0.8361470632901028,3
DDC,-0.83657842517474,3
TTC22,-0.8370426675430593,2
CD40LG,-0.8374418591731653,3
ZRSR2,-0.83768006745593,3
NFYB,-0.8386126547006558,3
TFAP2A,-0.8388590056822122,3
TAF8,-0.8390569545217813,3
TENM1,-0.8391041493939878,3
THOC1,-0.8396424725202342,3
PA2G4,-0.8397544167203721,3
GM24029,-0.8398969395448378,2
H3C3,-0.8404895834130267,3
EXOSC8,-0.8409560430746136,3
SRFBP1,-0.8418833546306193,3
EIF1AX,-0.842203867207898,3
RASAL1,-0.8435174029403671,3
TRAV13-1,-0.8436100741327907,3
DUXBL1,-0.843793594269723,2
UBE2E3,-0.8438637679373128,3
LONRF1,-0.843958569448579,3
ANKLE1,-0.8439943334993009,3
UTP23,-0.8441182089993612,3
FRMPD1OS,-0.8444784472595385,2
BRD3,-0.8447648594862295,3
RAB25,-0.8449383900018811,3
MTA1,-0.8456124375496804,3
BOP1,-0.8458285862295923,3
GM1976,-0.8459761828873539,3
U2AF1,-0.8462848842635048,3
SNORA34,-0.8476321575112001,2
PBDC1,-0.8481107187365939,3
RUNDC3B,-0.8482118237967019,3
UBE3A,-0.8482297695133463,3
4930405O22RIK,-0.8494474404572688,2
H2AC4,-0.8495484746255167,3
GM12655,-0.8496853070125393,3
STON2,-0.8497943189608197,3
4930469K13RIK,-0.849871831567883,2
SYT14,-0.8500899418513753,3
CYP2R1,-0.8519692954200137,3
OR14A260,-0.8519984469539154,2
OR5P52,-0.852223416486295,2
TSPOAP1,-0.8522778470729856,3
LRCH3,-0.853147769045106,3
VMN1R203,-0.8532806944038944,2
ZFP783,-0.8533469129307085,3
PVT1,-0.8534939265613325,3
RCOR1,-0.8536816885658745,3
GJA8,-0.8539004857659311,2
CD207,-0.8545339084365535,3
SKINT4,-0.8547630634119933,3
B930025P03RIK,-0.8548792374483551,3
FBXO38,-0.855064203694918,3
ZCRB1,-0.855864120974271,3
BCLAF3,-0.8562322764682925,3
YTHDC2,-0.8564951014564851,3
CDC45,-0.8567554248593606,3
FAT3,-0.8585966837026743,3
DPH6,-0.8588479296699035,3
ANO7,-0.8589520955855289,3
1700086O06RIK,-0.8589688851801882,3
ACTMAP,-0.8593187459691891,3
HNRNPLL,-0.860232124105257,3
GUCY2E,-0.8603038986856761,3
CBX3,-0.8618512167691842,3
VMN2R95,-0.861910519812106,2
MRPL1,-0.8624964351361221,3
AKP3,-0.8632069997850015,2
PLK4,-0.8633158129431656,3
GM8522,-0.8637211997852259,2
GM14966,-0.8639283414659259,3
ADAM21,-0.863930507031843,2
ACOT7,-0.8648674882540077,3
SNORA41,-0.865288755517539,2
FAM163A,-0.8654184115299289,2
TRIM37,-0.8677038150375737,3
OR51A10,-0.8678157779624698,2
THEM6,-0.8685229027663204,3
EIF4EBP3,-0.8686768091707199,3
ZFP780B,-0.8694491673965135,3
1110002L01RIK,-0.8715301493006101,3
PSMA6,-0.8716509654882837,3
GM12238,-0.8720524798828522,2
GM19434,-0.872518665277382,2
DTYMK,-0.8727389933498126,3
TMEM151B,-0.8728069290817831,3
NASP,-0.8737120633226952,3
AURKA,-0.8742338541035745,3
CPNE9,-0.8746786616730208,2
PLCL2,-0.8750851870714608,3
SH2D4B,-0.8754549089895681,3
ZFP24,-0.8757964393844339,3
GM7072,-0.8758895708234692,3
UBXN7,-0.8759024453283378,3
UTP15,-0.8765589133491174,3
4921511I17RIK,-0.8766325845618221,2
ANKRD37,-0.8766664010253084,3
GTF2E2,-0.8773813566819921,3
FBXL12,-0.877556427843374,3
UBA5,-0.878111487649433,3
VGF,-0.8781338418329236,2
OSBPL8,-0.8781581993210335,3
PDCD6IP,-0.879278080495654,3
DZIP3,-0.8796261764412394,3
CBFA2T2,-0.880161268040753,3
HROB,-0.8802349539838525,3
MIS18A,-0.8803107199488102,3
SART3,-0.8806190030956845,3
ZFP788,-0.8812955458423,3
DCX,-0.8814835734809322,2
MORF4L1|MORF4L1B,-0.8816759251586966,3
2500004C02RIK,-0.8836674022882988,3
EIF5B,-0.8838907342976162,3
CLUAP1,-0.8839993766486316,3
ZFP667,-0.8847156440622083,3
CHRNA1,-0.8855812441987141,2
BTBD10,-0.8857430349237213,3
FABP5,-0.8874113493828125,3
SAMD5,-0.8874845031482138,3
CTNNA2,-0.888297281063979,3
GM12791,-0.8884685843666317,3
AP1G2,-0.888479180440234,3
PALB2,-0.8889498699053283,3
LAT,-0.8889747663140816,3
SLC6A5,-0.8891887959368933,3
ARHGAP11A,-0.8892121818797576,3
EFCAB11,-0.8899105490151905,3
SLC35F2,-0.8901453972411647,3
ITM2A,-0.8904657851782809,3
ALG6,-0.8904872800993658,3
MRGBP,-0.890683821150378,3
OR5B106,-0.8907855713641816,3
A930007I19RIK,-0.8911479831672504,3
4632427E13RIK,-0.891844220006394,3
ZFP420,-0.8933981109286381,3
CCND3,-0.8934777034229757,3
GM5878,-0.8938234476834818,2
INCENP,-0.894457208173065,3
RAD51C,-0.8947806469514276,3
H2AC20,-0.8950880612318297,3
MCCC1OS,-0.8957442607269347,3
MTREX,-0.8959524547150023,3
DCUN1D5,-0.8970532512014348,3
SNRPF,-0.8975922253857211,3
TPRKB,-0.8976347763789664,3
SSBP4,-0.8983768969006182,3
MAF1,-0.8986051210067171,3
TAS2R137,-0.8997582784977038,2
VMN1R88,-0.8998131653411919,2
ELAVL3,-0.9003347120537457,3
A930016O22RIK,-0.9006281304643308,3
MCM5,-0.9013289005084149,3
STXBP5,-0.9013480548675604,3
KATNA1,-0.9017486207914694,3
AURKB,-0.9017883491341762,3
SNORA73B,-0.9018986767723548,3
SMARCA5,-0.9024253985633557,3
HMGA1,-0.9024338030658008,3
CDHR17,-0.9028247205699618,2
RGS17,-0.9029697744114813,3
IL1RN,-0.9033178125838144,3
CDCA2,-0.9033587790455314,3
ZFP969,-0.903725581489155,3
GM15638,-0.9037831207842613,2
STX16,-0.904155882178614,3
OR5V1B,-0.9042072409614709,2
GM13961,-0.9042151438033024,2
GM19619,-0.9056347641057069,2
ANKRD33B,-0.9063545335925488,3
LRRC63,-0.9067595000279826,2
CRTC1,-0.9073895568425657,3
INTS2,-0.9085911601475064,3
H4C12,-0.9087277529082242,3
OR51K1,-0.9087362606734498,2
MEP1B,-0.9092537769655217,2
GPRASP2,-0.9092952373053901,3
TXNDC9,-0.9100089804147361,3
ADCK5,-0.910224074134521,3
SLC13A1,-0.9107704023804988,2
GM33882,-0.9110467647809699,2
AW011738,-0.9110983833504673,3
SMIM13,-0.9113177273560599,3
CCNL2,-0.9118995078074428,3
TNFRSF11A,-0.9123343155043839,3
CRABP1,-0.9125196431873012,3
STX5A,-0.9127837487698259,3
HHAT,-0.9138424101596555,3
KLHL17,-0.9142658103455893,3
ORC3,-0.9143166885549988,3
BC049715,-0.9146806104539206,3
GMPS,-0.9149382553005875,3
PPOX,-0.9168811959611354,3
TCP1,-0.9174144393272518,3
MBNL3,-0.9177914133828883,3
PPP1CC|PPP1CCB,-0.9184860597256974,3
EFTUD2,-0.9186675056377055,3
RNASEH2B,-0.9187392149661578,3
VPS16,-0.9188076536749521,3
KIF2A,-0.9190773217207457,3
1500009L16RIK,-0.9192063245106056,3
HNRNPA3,-0.9198450946131035,3
MDM2,-0.9201204916600426,3
ZC3H6,-0.9204599546453149,3
ZFP61,-0.9207085301539565,3
SKINT1,-0.9213311691643113,3
ADPRH,-0.9219768079221904,3
4930579G24RIK,-0.9220552046005954,3
PARP2,-0.922775000149009,3
AA413626,-0.9248869735742358,3
RPS6-PS4,-0.9256372338417238,3
KRT78,-0.9259958174227626,3
GM13238,-0.9260055361074744,3
PCM1,-0.9260255053015077,3
GM5177,-0.9260671107478196,2
DHPS,-0.9261348510545044,3
NR3C1,-0.9268390167560527,3
BTRC,-0.9282279380829802,3
TAF1D,-0.9283205941367094,3
MNS1,-0.9283889331984582,3
RFWD3,-0.9286723534537771,3
NFX1,-0.9287922047088256,3
STRN,-0.928990859436599,3
CAPRIN1,-0.9290389391560979,3
ZFP934,-0.9292018263835352,3
H4C3,-0.9295558370428837,3
OBI1,-0.929729637118243,3
NFATC2IP,-0.9297700702257363,3
MCM4,-0.9304122707802999,3
1700048O20RIK,-0.9304505557278739,3
CCT8,-0.9312335749589241,3
ABCA17,-0.9312781653722038,2
HMGN1,-0.9313181532076804,3
RFC2,-0.9316783205126115,3
CEP290,-0.9317782612352646,3
NUP54,-0.931958697253851,3
PSMC3IP,-0.9320047731927404,3
PSG16,-0.9322364010754409,2
4921528I07RIK,-0.9323562580827449,2
PRPF40A,-0.9334068997203037,3
NUP35,-0.9335516237679128,3
PTPRQ,-0.933724239872213,3
PSMB11,-0.9340698680253318,3
GAS5,-0.9346472875045927,3
HUS1B,-0.9353061011330289,3
UNG,-0.9358054204310212,3
SUPT16,-0.9359593123350374,3
SMC4,-0.9360942788614652,3
E2F7,-0.9363797547039452,3
GM17976,-0.9372630928813922,3
SCN2B,-0.9373367922834793,3
WBP11,-0.9377331763334554,3
VMN1R81,-0.9386874118177576,2
TRIM34B,-0.9390087433005145,2
PITHD1,-0.9390883726296835,3
ISG20L2,-0.9403323755527527,3
SNAPC4,-0.9403350629617065,3
NPEPPS,-0.9407193759993914,3
COPS3,-0.9416238643413104,3
CORO1A,-0.9420044768808377,3
ZFP367,-0.942444835878848,3
GM4707,-0.9424741652981569,3
GM2053,-0.9426059552790259,2
CCDC174,-0.9427171498495454,3
TRAV6N-6,-0.9430827106476057,3
GM20957,-0.9431304964429434,2
NOP56,-0.9432463627411939,3
LARP4,-0.9433040851905449,3
MUP-PS22,-0.9445815676906014,2
TRMT6,-0.944679509375998,3
NCAPD2,-0.9448865798183927,3
PABPC1,-0.9449163971355427,3
ZDHHC16,-0.9451137427459226,3
THAP1,-0.9457012317953959,3
ENY2,-0.9458335290804193,3
PTRH1,-0.9469651393998283,3
TRAV6-5,-0.9472354513500235,3
HRNR,-0.9476436736766044,3
CD2AP,-0.9480021685508245,3
ZFP820,-0.9480986975427647,3
NEMP2,-0.9495684012198713,3
MALSU1,-0.9497353816513913,3
PIGB,-0.9498882773466478,3
FAM72A,-0.9499353724852432,3
PHF6,-0.9499683958045152,3
PDS5B,-0.9501377468432187,3
RWDD4A,-0.9502037440788168,3
FLG,-0.9510838285539185,3
MUP6,-0.9516493579640873,2
LIN28B,-0.9516762322912682,2
9130227L01RIK,-0.9517512774435517,2
TINF2,-0.9519573473892414,3
SRRT,-0.9522349783676392,3
SNHG7,-0.9529572293621201,3
CDC25B,-0.9536721930503255,3
TRAV6D-4,-0.9537534269099938,2
PAK6,-0.953808055551805,3
H2-T10,-0.9543441099041511,3
RGS19,-0.9544295159407105,3
PTCRA,-0.9562892916818462,3
GPSM3,-0.9568073372316462,3
IGF2BP3,-0.958407335208756,3
RCCD1,-0.9588162129707541,3
SLC22A7,-0.9591512683344222,3
GM7588,-0.9592546784706867,2
GM25394,-0.9593697562086387,2
ZFP995,-0.9597421029575598,3
KIF23,-0.9600381139529753,3
ZW10,-0.9600946973428274,3
PGGT1B,-0.9610490272732927,3
DTX1,-0.964146236470246,3
SNAP91,-0.9641688826801866,3
MAGEF1,-0.9642699654486534,3
POLD1,-0.9643390918464488,3
GM12846,-0.9657586476388745,3
HENMT1,-0.9660239862945031,3
NKX3-1,-0.9662629460275084,2
ADAM30,-0.9671704812181346,2
MED30,-0.9679808121595902,3
NAA40,-0.9680613498363844,3
LEFTY2,-0.9681087788067672,3
MTF2,-0.9685247804298657,3
RELCH,-0.9685682847720045,3
GM10509,-0.9687497828271474,3
MEAF6,-0.9689054291694935,3
RNU1B6,-0.9689128901769732,2
DIAPH1,-0.9689702689951195,3
RBMX2,-0.9692439652439283,3
MYCBP,-0.9697116295983967,3
4930429F24RIK,-0.9700616256626189,3
SRSF3,-0.9701477694176207,3
TRIM59,-0.970492394230375,3
OR51V8,-0.97161055228284,2
WASHC2,-0.971686908755271,3
SRSF11,-0.9718340438191216,3
RPL14,-0.9731737662683004,3
PTOV1,-0.9733549061801169,3
UBD,-0.9750855327518835,3
TERF1,-0.9753072995550811,3
MINK1,-0.9755016563943935,3
SEPHS1,-0.9758985963384688,3
GM25848,-0.975965725188269,2
GM14425,-0.9764097056959988,2
RASAL3,-0.9766235083454659,3
GM2788,-0.9773885351375305,3
SET,-0.9781532537781588,3
NCL,-0.9789801943307896,3
MMP13,-0.9795356642404712,3
ARHGAP4,-0.9797921296547328,3
UBA2,-0.9800815975732906,3
PHF5A,-0.9805829734602914,3
LY75,-0.9818774019778304,3
CCT7,-0.9845599390758455,3
KRAS,-0.9851874440457791,3
TRAV14D-2,-0.9867507231169356,3
TRAV14N-2,-0.9867507231169356,3
GM25202,-0.986788674603758,2
SBF1,-0.9868441102491038,3
RPS2,-0.9870634628811891,3
HIRIP3,-0.9873095683582198,3
FRYL,-0.9875535353514682,3
ZFP704,-0.9876995977679162,3
GM6506,-0.9881519282457233,2
CDC16,-0.9883901415433494,3
CENPP,-0.9898339351568076,3
HRH4,-0.9915345539513611,2
CIP2A,-0.9918009951955861,3
ASF1A,-0.9943335379370136,3
PIBF1,-0.995669639665569,3
GM7658,-0.9962935015029074,3
ESPL1,-0.996833465217034,3
CDC7,-0.9970260847468327,3
GM24871,-0.9970567362917507,2
LYAR,-0.9983693025454881,3
KIF20B,-0.9986239094636193,3
TRAV14N-3,-0.9999105037572615,3
IFT25,-1.0001074567530999,3
GM9732,-1.0005242224632975,2
RBM3|RBM3-PS,-1.0006197966459742,3
CTU2,-1.0011653048030973,3
GLMN,-1.001340012791787,3
CPLANE1,-1.001392567432812,3
TRGC2,-1.0019389232723903,3
CYTIP,-1.0020894376000995,3
PGAM5,-1.0035629186255817,3
HSPA5,-1.0038222630042526,3
GM5896,-1.0039136544235145,2
RNF170,-1.0051028550050383,3
PSMC6,-1.0053590269749346,3
MCM10,-1.0054894797256166,3
BANF1,-1.006375519280835,3
CDC25A,-1.0076693199898215,3
LRRC42,-1.0079168836882497,3
GSDMA3,-1.0082013331338577,2
PCDH10,-1.0084329571811914,3
BAIAP3,-1.0084871794003194,3
SP3OS,-1.0088248129153294,3
TRAV10D,-1.0092380907772653,2
GM34589,-1.0100017304055493,3
GM8038,-1.0100301118020374,2
EIF1AD3,-1.0101787658819141,2
SDE2,-1.010905454379319,3
ASB13,-1.0122441703603384,3
UBE2J2,-1.0123903125349856,3
TAS2R108,-1.0127028001551783,2
XPO6,-1.0131627023855925,3
UCHL5,-1.0138046826473246,3
A930024E05RIK,-1.014301559058486,3
OAS1D,-1.0145367920467234,2
TRAV6-2,-1.0145646582464696,2
RAD21,-1.0160004105837592,3
HNRNPAB,-1.0160577714966943,3
NUDCD1,-1.0168174079746148,3
CCDC59,-1.0179120334017877,3
GM18990,-1.0189827773330227,2
DDX31,-1.0196288266126354,3
OR51A43,-1.0198565871995648,2
DESI1,-1.0211306476433328,3
PRKCA,-1.0229635395881973,3
PFDN4,-1.0230522970802833,3
GPC5,-1.0236262954314632,2
MCM3,-1.025605605689393,3
AEBP2,-1.026016209504894,3
BLOC1S6OS,-1.0263591579341693,3
PDCD7,-1.0266907620056078,3
RAD18,-1.0268121065496363,3
LARP7,-1.027072693405725,3
OR5P58,-1.027834468640086,2
ALG13,-1.02794920390312,3
MAP3K13,-1.0282049722177211,3
OCRL,-1.0286687490893263,3
COX18,-1.0307730352557571,3
KMT2E,-1.0324542161057875,3
PRR11,-1.0326360522062796,3
CARMIL2,-1.03269793893515,3
GM25776,-1.032778588189812,2
ATXN3,-1.0333060796525944,3
ZFP26,-1.0340451707071594,3
ZFP457,-1.0348509727834456,3
CGAS,-1.036742426892729,3
UBE2N,-1.0373562442483368,3
ZFP950,-1.0377825711363837,3
GM18911,-1.0379361491171555,2
DUSP2,-1.0382054458531471,3
CTCF,-1.0382063362015181,3
DUSP19,-1.0391178402913488,3
PRIM1,-1.0398322909683835,3
BRCA2,-1.041825117733634,3
CNFN,-1.041906002518599,3
PPEF2,-1.042027046171375,3
SNX5,-1.042140912397518,3
CDKN3,-1.0422373015738289,3
CIT,-1.043299446699666,3
THADA,-1.0440794589749303,3
HORMAD2,-1.0452134430706286,3
DGKK,-1.045265754039105,2
CLDN34C1,-1.0475412541430045,3
RECQL,-1.04765829466403,3
EDEM1,-1.0489864616633595,3
PPIL1,-1.0491284315659313,3
XRCC6,-1.0495893024305778,3
YOD1,-1.0500848990676626,3
N4BP2L2,-1.0501403324202874,3
CDC20,-1.0527473446573272,3
MORC2B,-1.0528040165664607,2
SAA4,-1.0530358784822276,2
TARS2,-1.0537170871019799,3
CMC4,-1.0540866221948049,3
GM32687,-1.054847447216623,3
C920006O11RIK,-1.0551433503511252,3
SNHG15,-1.0584073899416022,3
MIEF1,-1.0585478149191583,3
PPP1R27,-1.058897079361989,3
TWF1,-1.0590352665113307,3
LZTFL1,-1.0600707684018775,3
NSMAF,-1.0601947408956922,3
ERCC6L,-1.0607769436097065,3
EXOC1,-1.0628661957732908,3
DSN1,-1.0632841227645833,3
CLSPN,-1.0642898754137835,3
GM47113,-1.0644245551577884,2
POLD3,-1.0673419975528617,3
DPP4,-1.067856939301723,3
FCGBP,-1.0693767206226878,3
LMNB1,-1.0701744335509404,3
4930578M01RIK,-1.070178797400666,3
GM17399,-1.0716903500586958,3
0610030E20RIK,-1.073152808646614,3
GM9042,-1.0741611635616948,3
SMCHD1,-1.0747933160886805,3
CYP3A11,-1.0757148636000957,2
SMC3,-1.076176234845737,3
GFRA1,-1.0766643707366454,3
TRAV6N-7,-1.077669577128112,3
TRAV6D-7,-1.077669577128112,3
CARNMT1,-1.078070531239437,3
E2F2,-1.0782309725435963,3
INSL5,-1.079331651779517,3
KIF2C,-1.0794482565220722,3
TGS1,-1.0796017654334042,3
FGFR1OP2,-1.0796654061345972,3
ELDR,-1.0798775416971826,3
STARD4,-1.0836753178827727,3
HAPSTR1,-1.0843832734741183,3
GM4202,-1.0852082858343453,2
GM15910,-1.0856312173884914,2
PSMD6,-1.0858500320224922,3
ZFP335OS,-1.087214071839948,3
HSPA14,-1.0883911871916847,3
UFM1,-1.089610458122799,3
CKS1B,-1.0906563790646917,3
RRM1,-1.0913471189138781,3
CDV3,-1.0915052683241246,3
LRR1,-1.092500427532965,3
TGFBR3L,-1.094047356727118,3
GM11110,-1.0944744767473398,3
HNRNPA0,-1.0947842126495557,3
UBE2D2A,-1.0948773438519426,3
TBATA,-1.0982829716078493,3
TNK2,-1.0990509614773556,3
TUBB3,-1.100302751938998,3
GM23143,-1.1010292569301836,2
CBX5,-1.1015374911047935,3
KIF15,-1.1023935384947705,3
ZC3H11A,-1.102753771868575,3
KIF14,-1.1030084774141764,3
RPS13,-1.103698407443096,3
METAP2,-1.1052825434637625,3
CD200L1,-1.1070458101939296,2
STIL,-1.109273570914756,3
ERH,-1.1094323632448588,3
UBE2T,-1.1095067560793275,3
EXOSC3,-1.1115953323358687,3
TPX2,-1.112599872169007,3
VMN1R58,-1.1128377676264638,2
SNRPA1,-1.1134357473679464,3
AMN,-1.1136196527005968,3
PRIM2,-1.1136997571790335,3
SEPTIN3,-1.1139080350013388,3
GINS2,-1.114076581133563,3
ZCCHC10,-1.1165467310507793,3
DSCC1,-1.1173152073728738,3
ELP2,-1.1179978494514922,3
KRT10,-1.1180325057623623,3
SYNJ1,-1.1186539565309437,3
GM15697,-1.119141723628605,3
CALCB,-1.1191848855395652,3
DCAF15,-1.1210686978914641,3
HNRNPM,-1.121834723053093,3
GM19221,-1.1240241032854272,3
FIGNL1,-1.124249754642654,3
3110006O06RIK,-1.1271403861675944,2
BRIP1,-1.1273315742770973,3
ZDHHC15,-1.128021986159894,3
TRAV10,-1.128061659665985,3
5430402O13RIK,-1.1283974934223915,3
BLM,-1.1288475957160176,3
1700025G04RIK,-1.128889371704884,3
SKA2,-1.1289770458764192,3
NEFH,-1.1300083384962527,3
HMGN5,-1.130900478812113,3
ZFP1009,-1.1310074178634897,3
HMGB1,-1.1333659972836385,3
POLR1F,-1.1346365098059805,3
NUP93,-1.1346397413625344,3
2810403D21RIK,-1.1348530930151541,3
NUDCD2,-1.1348703217735443,3
ANAPC5,-1.135149892647563,3
TCF3,-1.1354304042305556,3
BB019430,-1.1366681968828007,2
VMN2R20,-1.1372456791105423,2
PRKCH,-1.1390522645916452,3
CIAO2A,-1.1417367669227427,3
STAP1,-1.14236902746557,3
RHEB,-1.1426478877660518,3
VPS4B,-1.1438070346570743,3
NUCKS1,-1.1446566142420325,3
JMY,-1.1454739704707395,3
MCM7,-1.1456573293492542,3
CUL5,-1.149502149486137,3
WRNIP1,-1.1495523552039184,3
GM32515,-1.1496841190249507,2
CEP55,-1.1499051609532456,3
DUSP12,-1.1506656695964883,3
ORC1,-1.151006580910011,3
ARL14EP,-1.1512059366739715,3
GSPT1,-1.1535269058089768,3
SLC6A7,-1.1537602811264953,2
SRRM2,-1.154726169277254,3
FKBP5,-1.1552173499797258,3
NUP85,-1.1552327187796125,3
LARP4B,-1.1572445547422583,3
PPP1R7,-1.1579459566299783,3
EXOSC9,-1.1584566556665212,3
MLH1,-1.1588393476695253,3
MLLT11,-1.1592343661226512,3
PHF20,-1.1596308390324461,3
CRLF3,-1.1599897181758883,3
1700066M21RIK,-1.162068305833633,3
GM9403,-1.1629218609297758,3
GM5395,-1.1637191586186382,2
TDP2,-1.1667041422714621,3
A630089N07RIK,-1.1674161365233666,3
GINS3,-1.1728894179907885,3
2810408I11RIK,-1.173471329373548,3
ERHRT-PS,-1.1751683850162422,3
AHCTF1,-1.177512978428697,3
RBM28,-1.1778367072478575,3
4933407K13RIK,-1.1789677391206814,3
TAF5,-1.1808847710130908,3
PSAT1,-1.181164865425302,3
USH2A,-1.1815454316357998,2
EIF5,-1.1819626133908077,3
NEK2,-1.1859792838564844,3
TUBA1B,-1.1864853437762966,3
LSM11,-1.1866921358953562,3
GM25313,-1.1877073295990082,2
GM32803,-1.1884714455522172,3
CDCA5,-1.1888218594614581,3
OR2Y1F,-1.1894041969369347,2
HNRNPA2B1,-1.189798882836308,3
MYC,-1.1909584294526525,3
GEN1,-1.192243275477691,3
TNFRSF13B,-1.19460624566054,3
DIAPH3,-1.1959277859067352,3
H2AX,-1.1979612434660785,3
KIF4,-1.1983051294745881,3
HNRNPL,-1.1994343342909684,3
KANTR,-1.1997589616934856,3
CFLAR,-1.205907498362537,3
RAD54L,-1.2060591164767576,3
NSD2,-1.2067661225899167,3
ZFP810,-1.2112633381452258,3
FEN1,-1.2137678748755676,3
AIRE,-1.2193972005559488,3
TRAV1,-1.2225550544839092,2
SGO1,-1.2259447923542315,3
KCNH7,-1.2279054857128426,2
SLC7A6OS,-1.2281278795084112,3
AI662270,-1.2281718059822702,3
SIKE1,-1.2287199839473206,3
RAD51,-1.2290226932683144,3
PKMYT1,-1.2293238873366825,3
KDM2B,-1.2303699862143203,3
DHFR,-1.2314122001113803,3
ZFP990,-1.2330312474576284,2
CCNE1,-1.2330664716163071,3
ALOX12E,-1.233891724540696,3
RPGRIP1,-1.2349870665120175,3
EIF3J1,-1.2361294423682223,3
SRSF9,-1.2376916227023596,3
NAA35,-1.2384064468451939,3
MTPN,-1.2384804186934404,3
HMGB3,-1.240015187843239,3
PSIP1,-1.241341706860316,3
LSM2,-1.242013783274871,3
SRSF6,-1.2420848073249122,3
FANCA,-1.2431331282663904,3
GM33680,-1.2436298415563647,2
TRAV15N-1,-1.2438471508375628,3
NOP14,-1.2447256156216089,3
TOPBP1,-1.2448939103380645,3
CENPW,-1.2471247146989999,3
HNRNPDL,-1.24833774094686,3
GTF2H2,-1.248596524904961,3
CDCA8,-1.2488486884027121,3
RCC2,-1.2489992681231403,3
CREBZF,-1.2517107754084769,3
FAM111A,-1.253517514968544,3
SHMT2,-1.2541953839660722,3
PIK3CA,-1.256506446624357,3
CCDC34,-1.2565906634294353,3
METRN,-1.2577195711714535,3
CCL25,-1.2580055111302721,3
DTL,-1.2589263850615688,3
ARHGAP19,-1.258953336156644,3
TRAV7N-4,-1.2598808342664078,2
TMPO,-1.2604851034450772,3
KPNA2RT,-1.2627261359602362,3
NCAPG2,-1.2655495136025552,3
FAM83D,-1.2670817971712138,3
TRIP13,-1.2690918192920442,3
ANP32E,-1.2695799258776015,3
OMA1,-1.2710111755747922,3
LSM5,-1.2711375326846335,3
LUC7L,-1.2715883824842604,3
ALKBH8,-1.273115955273575,3
VARS1,-1.2732479388041529,3
PPP1R35,-1.2733428772327147,3
RPF2,-1.273515715612502,3
2810429I04RIK,-1.2743405640747172,3
EIF2S1,-1.2797904960262982,3
EXO1,-1.2818058687185419,3
FOXB1,-1.2819634336279213,3
SNHG6,-1.2821723936383407,3
DKC1,-1.2830807058268914,3
OR4F14B,-1.2832469966074027,2
HAUS6,-1.2845985798508817,3
SLFN3,-1.2847868857588483,3
ATAD2,-1.2884580075883092,3
SUV39H2,-1.2889262851528553,3
BRCA1,-1.289097529008434,3
PRSS16,-1.295561400812058,3
DEPDC1A,-1.2962074989947967,3
H3C2,-1.2997792577015703,3
GINS1,-1.302700283094316,3
TMEM121,-1.3031441174459328,3
OR10H5,-1.3032248834059892,2
BARD1,-1.3035846051614515,3
RUFY3,-1.3046393281159763,3
TXN1,-1.3086243768458303,3
MYBL1,-1.3094713434257474,3
HPF1,-1.3097870557609481,3
PAX2,-1.3125274287129232,2
THUMPD3,-1.3134135633505988,3
OPRD1,-1.3149523063637272,2
ZGRF1,-1.32013025014634,3
HERC6,-1.3205977783662801,3
H2BC11,-1.3221076020219154,3
UHRF1,-1.322316060836734,3
REV1,-1.3226736383516868,3
DNAJC9,-1.3239230959953379,3
SRSF10,-1.3255513067047613,3
MIAT,-1.3276009266515407,2
RFC4,-1.3287174862506543,3
SEC22A,-1.3291154903689553,3
TEX30,-1.3291607911794594,3
TTK,-1.330099263092979,3
RANBP1,-1.330885176865569,3
UBFD1,-1.3322659225452302,3
SLC5A9,-1.3334175703818738,3
PGR15L,-1.3367528416368861,2
DLGAP5,-1.3373160060741272,3
E2F8,-1.3388141823336432,3
ZFR,-1.3437078534169438,3
GM25099,-1.3450099541449962,2
BUB1,-1.3477065093868772,3
DNAJC13,-1.349009024405479,3
RNF168,-1.3528450202914162,3
SMC6,-1.3566365218232077,3
TYMS,-1.3583727673667356,3
HMMR,-1.3609162116690896,3
NSMCE4A,-1.3657210032320093,3
TDRKH,-1.3667025878152204,3
KIF20A,-1.3677504178835285,3
SLBP,-1.3677647010817633,3
GM30906,-1.3683434647545087,2
NETO2,-1.368634616833269,3
RBBP4,-1.3688757106413745,3
SNRPG,-1.369038053170499,3
SRSF2,-1.371238098765286,3
H2AC13,-1.3813681126032886,3
MASTL,-1.38657467088966,3
HNRNPA1,-1.3866152650316568,3
SNRPE,-1.3873871046426558,3
RFC5,-1.390696633485615,3
SCG2,-1.393804396246238,2
HPS4,-1.3948936131479488,3
GZMA,-1.3960486498428137,3
POLQ,-1.3969683528897303,3
PPIH,-1.397076017232606,3
EIF3A,-1.4004331152059442,3
HPRT1,-1.402150578164447,3
CENPK,-1.4096671209629372,3
2610318N02RIK,-1.412907487883665,3
EZH2,-1.4155031623992154,3
BORA,-1.4169732428467656,3
EIF4G3,-1.42233788102775,3
ASPM,-1.4246946577033135,3
HAUS1,-1.4254310709862779,3
SKA1,-1.4259388469311087,3
GMNN,-1.4283421909894554,3
TICRR,-1.4304472268579491,3
CCDC18,-1.4313893546496368,3
VRK1,-1.4376913257461943,3
WDR77,-1.440058721387926,3
SNHG4,-1.441320173806199,3
ZWILCH,-1.442906644820442,3
CDT1,-1.4433774454953274,3
KNTC1,-1.4446325700566902,3
TRIM28,-1.445340366831756,3
GEMIN2,-1.4478917473650188,3
OIP5,-1.4590130563313577,3
MAD2L1,-1.4602716028045777,3
GM4894,-1.4607998721542992,2
CDCA3,-1.4639488800513607,3
NDC80,-1.4642287635917455,3
SNRPD1,-1.4794759113911107,3
NCAPG,-1.4826991080187255,3
FBXO5,-1.4836065675469259,3
UBE2SRT,-1.4865237494036203,3
NPM1,-1.4874183315208676,3
FANCD2,-1.4895145666213685,3
PPID,-1.4918582167558843,3
ANP32B,-1.4992756151843298,3
CDCA7L,-1.507556522552677,3
TIPIN,-1.5093751743372765,3
RAD54B,-1.5099713690035463,3
ACHE,-1.511314153290164,3
ATAD5,-1.5187185318672924,3
H3C13,-1.5247019359974125,3
MCM6,-1.540184830421859,3
H1F1,-1.542228220345797,3
SLF1,-1.5450001847122017,3
MIS18BP1,-1.5450811195282823,3
SHCBP1,-1.5486765543333938,3
NUSAP1,-1.5526729044278806,3
NOP58,-1.5546840156515647,3
VMN2R53,-1.5573263705173126,2
NAP1L1,-1.557858396796501,3
NSL1,-1.559134412571683,3
CCNA2,-1.5604829331111567,3
WDR76,-1.5640870768036628,3
TACC3,-1.567929493196728,3
GM17970,-1.5688570185552966,2
CDC25C,-1.5702808019646073,3
CENPL,-1.574113877836073,3
CCNE2,-1.5754158539650724,3
LSM8,-1.577882612657379,3
KNL1,-1.5846989883933575,3
AFG2B,-1.5992756786837414,3
H2AZ2,-1.6055092670392195,3
PLK1,-1.6064296200142516,3
PTMA,-1.6125720839469304,3
CRIP3,-1.6290173256554954,3
CHEK1,-1.633524242273363,3
SYCE2,-1.6362791858215857,3
CDC6,-1.638410551083897,3
ASF1B,-1.6406289956937956,3
CKAP2L,-1.6480140599641933,3
USP1,-1.6534388836519849,3
LSM6,-1.6570637084716935,3
MXD3,-1.6767604085964598,3
GM17893,-1.6888638878904776,2
POLA1,-1.6918808302671209,3
SELENOH,-1.7097982656872783,3
DNPH1,-1.7209243191493233,3
RPP30,-1.7240114001165157,3
MMS22L,-1.7346603316815734,3
PBK,-1.7450938126917344,3
ESCO2,-1.7538056372666884,3
PCNA,-1.7574103945589625,3
UBE2C,-1.7642289992046185,3
ZFP607B,-1.7743652278556858,3
SMC2,-1.7819946293208322,3
H4C4,-1.792255587061651,3
DLX1AS,-1.7930494972899518,2
H1F5,-1.8062545310031257,3
STMN1,-1.8165563463910355,3
UBE2S,-1.8302451844456058,3
CENPF,-1.835813929176334,3
RPA3,-1.8414929069554855,3
RAN,-1.844818573563737,3
SGO2A,-1.8519987394656123,3
PRC1,-1.8533240167850662,3
SRSF1,-1.856978183994429,3
TOP2A,-1.8765741044518878,3
GM24497,-1.8823457123917324,3
CENPH,-1.883675251046009,3
BUB1B,-1.9096991179261378,3
DUT,-1.927477036006582,3
CCNB2,-1.931171790026424,3
LIG1,-1.9616694042040763,3
2700099C18RIK,-1.9677935228605434,3
KIF18A,-1.9800196193323194,3
KIF11,-2.00217840761545,3
CDK6,-2.0170024160446807,3
BIRC5,-2.0553672531801963,3
H3F3B,-2.062689831862695,3
H2AC8,-2.0704704444740702,3
HELLS,-2.106195316313564,3
CDK1,-2.112624341623247,3
DEK,-2.132232248641005,3
CENPE,-2.2063572262096716,3
NEIL3,-2.2308291165000846,3
CKS2,-2.2392621045510093,3
SPC24,-2.269268758277729,3
CENPA,-2.3246897503270723,3
RAD51AP1,-2.3248927524480485,3
HMGB2,-2.3632088523071015,3
CCNB1,-2.363275779562664,3
SPC25,-2.393977726038535,3
H2AC22,-2.433093558495194,3
LOCKD,-2.433574272436188,3
MKI67,-2.448206923063932,3
HMGN2,-2.4761362822664013,3
H2AZ1,-2.5346556636462063,3
H2AC24,-2.563961469298588,3
PCLAF,-2.599738694004063,3
RRM2,-2.6968790958594115,3
H2AC14-PS,-3.0264077755296923,3
