{
  "eye": {
    "elasticnet_lr": [
      {
        "fold_name": "fold_RR-1_test",
        "test_mission": "RR-1",
        "y_true": [
          1,
          1,
          1,
          1,
          1,
          1,
          0,
          0,
          0,
          0,
          0,
          0
        ],
        "y_score": [
          0.4730309545993805,
          0.6290653347969055,
          0.42437517642974854,
          0.44537925720214844,
          0.36284443736076355,
          0.6415642499923706,
          0.3706859350204468,
          0.27212393283843994,
          0.4438413977622986,
          0.5367392897605896,
          0.5014947652816772,
          0.2942838966846466
        ],
        "auroc": 0.6944,
        "n_test": 12,
        "n_flight_test": 6,
        "n_ground_test": 6,
        "train_time_s": 27.59
      },
      {
        "fold_name": "fold_RR-3_test",
        "test_mission": "RR-3",
        "y_true": [
          0,
          1,
          1,
          1,
          1,
          1,
          0,
          0,
          0,
          0,
          0,
          0,
          0
        ],
        "y_score": [
          0.9973307847976685,
          0.9979580640792847,
          0.9982782602310181,
          0.9972888231277466,
          0.9997091889381409,
          0.9990228414535522,
          0.995867133140564,
          0.9974603652954102,
          0.9950913190841675,
          0.9979890584945679,
          0.9994696974754333,
          0.999219536781311,
          0.9990886449813843
        ],
        "auroc": 0.6,
        "n_test": 13,
        "n_flight_test": 5,
        "n_ground_test": 8,
        "train_time_s": 28.48
      },
      {
        "fold_name": "fold_TBD_test",
        "test_mission": "TBD",
        "y_true": [
          1,
          1,
          1,
          1,
          1,
          1,
          1,
          1,
          1,
          0,
          0,
          0,
          0,
          0,
          0,
          0
        ],
        "y_score": [
          0.9957455992698669,
          0.9861419796943665,
          0.9526640176773071,
          0.9938884377479553,
          0.9983450174331665,
          0.9963167905807495,
          0.9965657591819763,
          0.9876712560653687,
          0.9931679368019104,
          0.7108191847801208,
          0.9895454049110413,
          0.9965749382972717,
          0.9701640605926514,
          0.9913017749786377,
          0.9977624416351318,
          0.9981598258018494
        ],
        "auroc": 0.5079,
        "n_test": 16,
        "n_flight_test": 9,
        "n_ground_test": 7,
        "train_time_s": 23.71
      }
    ],
    "pca_lr": [
      {
        "fold_name": "fold_RR-1_test",
        "test_mission": "RR-1",
        "y_true": [
          1,
          1,
          1,
          1,
          1,
          1,
          0,
          0,
          0,
          0,
          0,
          0
        ],
        "y_score": [
          0.8725762124784998,
          0.9172763727035216,
          0.8338079555111787,
          0.9849949702406441,
          0.6156027713165606,
          0.9082835838296138,
          0.3402082158054786,
          0.7369694689228666,
          0.6380050409008446,
          0.9865065053327212,
          0.9748299334450145,
          0.324427491101136
        ],
        "auroc": 0.6389,
        "n_test": 12,
        "n_flight_test": 6,
        "n_ground_test": 6,
        "train_time_s": 0.67
      },
      {
        "fold_name": "fold_RR-3_test",
        "test_mission": "RR-3",
        "y_true": [
          0,
          1,
          1,
          1,
          1,
          1,
          0,
          0,
          0,
          0,
          0,
          0,
          0
        ],
        "y_score": [
          0.999998076316704,
          0.9999999960166395,
          0.9999998677777052,
          0.9999998993765032,
          0.999999997370139,
          0.9999999878312696,
          0.9999990534460286,
          0.9999993224544376,
          0.9999963078642368,
          0.9999998863155606,
          0.9999999997932527,
          0.9999999991764277,
          0.999999976234056
        ],
        "auroc": 0.675,
        "n_test": 13,
        "n_flight_test": 5,
        "n_ground_test": 8,
        "train_time_s": 0.08
      },
      {
        "fold_name": "fold_TBD_test",
        "test_mission": "TBD",
        "y_true": [
          1,
          1,
          1,
          1,
          1,
          1,
          1,
          1,
          1,
          0,
          0,
          0,
          0,
          0,
          0,
          0
        ],
        "y_score": [
          0.9999999778952771,
          0.9999993308464797,
          0.9999969005050912,
          0.999999470452807,
          0.9999999905062468,
          0.9999994227443848,
          0.9999999297391031,
          0.9999976040959445,
          0.9999999759483044,
          0.99877671372221,
          0.9999992123267303,
          0.9999998255242168,
          0.9999831975701798,
          0.9997335395649479,
          0.9999991302662302,
          0.9999998135737874
        ],
        "auroc": 0.7778,
        "n_test": 16,
        "n_flight_test": 9,
        "n_ground_test": 7,
        "train_time_s": 0.06
      }
    ],
    "rf": [
      {
        "fold_name": "fold_RR-1_test",
        "test_mission": "RR-1",
        "y_true": [
          1,
          1,
          1,
          1,
          1,
          1,
          0,
          0,
          0,
          0,
          0,
          0
        ],
        "y_score": [
          0.395,
          0.41,
          0.41,
          0.46,
          0.425,
          0.41,
          0.37,
          0.36,
          0.39,
          0.425,
          0.44,
          0.355
        ],
        "auroc": 0.7361,
        "n_test": 12,
        "n_flight_test": 6,
        "n_ground_test": 6,
        "train_time_s": 0.2
      },
      {
        "fold_name": "fold_RR-3_test",
        "test_mission": "RR-3",
        "y_true": [
          0,
          1,
          1,
          1,
          1,
          1,
          0,
          0,
          0,
          0,
          0,
          0,
          0
        ],
        "y_score": [
          0.6,
          0.675,
          0.625,
          0.61,
          0.63,
          0.625,
          0.585,
          0.59,
          0.605,
          0.635,
          0.655,
          0.645,
          0.655
        ],
        "auroc": 0.6,
        "n_test": 13,
        "n_flight_test": 5,
        "n_ground_test": 8,
        "train_time_s": 0.15
      },
      {
        "fold_name": "fold_TBD_test",
        "test_mission": "TBD",
        "y_true": [
          1,
          1,
          1,
          1,
          1,
          1,
          1,
          1,
          1,
          0,
          0,
          0,
          0,
          0,
          0,
          0
        ],
        "y_score": [
          0.49,
          0.515,
          0.48,
          0.45,
          0.44,
          0.475,
          0.435,
          0.47,
          0.475,
          0.5,
          0.475,
          0.475,
          0.455,
          0.45,
          0.48,
          0.515
        ],
        "auroc": 0.3889,
        "n_test": 16,
        "n_flight_test": 9,
        "n_ground_test": 7,
        "train_time_s": 0.15
      }
    ],
    "xgb": [
      {
        "fold_name": "fold_RR-1_test",
        "test_mission": "RR-1",
        "y_true": [
          1,
          1,
          1,
          1,
          1,
          1,
          0,
          0,
          0,
          0,
          0,
          0
        ],