{
  "gastrocnemius": {
    "elasticnet_lr": [
      {
        "fold_name": "fold_RR-1_test",
        "test_mission": "RR-1",
        "y_true": [
          1,
          1,
          1,
          1,
          1,
          1,
          0,
          0,
          0,
          0,
          0,
          0
        ],
        "y_score": [
          0.030683333054184914,
          0.26438024640083313,
          0.07909917831420898,
          0.02654142491519451,
          0.11153234541416168,
          0.2003602534532547,
          0.025186697021126747,
          0.03232106566429138,
          0.018441854044795036,
          0.06495486944913864,
          0.22954118251800537,
          0.05081455782055855
        ],
        "auroc": 0.6944,
        "n_test": 12,
        "n_flight_test": 6,
        "n_ground_test": 6,
        "train_time_s": 45.95
      },
      {
        "fold_name": "fold_RR-5_test",
        "test_mission": "RR-5",
        "y_true": [
          0,
          0,
          0,
          1,
          1,
          1,
          0,
          0,
          0,
          1,
          1,
          1
        ],
        "y_score": [
          0.026460129767656326,
          0.02183670736849308,
          0.02800445631146431,
          0.08103011548519135,
          0.11471137404441833,
          0.07796675711870193,
          0.011719036847352982,
          0.01812453381717205,
          0.05369434505701065,
          0.08267511427402496,
          0.06035981327295303,
          0.07585715502500534
        ],
        "auroc": 1.0,
        "n_test": 12,
        "n_flight_test": 6,
        "n_ground_test": 6,
        "train_time_s": 41.96
      },
      {
        "fold_name": "fold_RR-9_test",
        "test_mission": "RR-9",
        "y_true": [
          0,
          0,
          0,
          0,
          1,
          1,
          1,
          1
        ],
        "y_score": [
          0.0021134887356311083,
          0.00668178079649806,
          0.010470750741660595,
          0.0014404825633391738,
          0.7276085615158081,
          0.8799862265586853,
          0.1850416362285614,
          0.46622326970100403
        ],
        "auroc": 1.0,
        "n_test": 8,
        "n_flight_test": 4,
        "n_ground_test": 4,
        "train_time_s": 44.17
      }
    ],
    "pca_lr": [
      {
        "fold_name": "fold_RR-1_test",
        "test_mission": "RR-1",
        "y_true": [
          1,
          1,
          1,
          1,
          1,
          1,
          0,
          0,
          0,
          0,
          0,
          0
        ],
        "y_score": [
          7.098472013833195e-05,
          0.0033218661153222233,
          0.00022138435389146738,
          0.00011110133161248008,
          0.003808436387837363,
          0.017119802506407208,
          0.00017854569329743143,
          0.000290873288612333,
          4.8471897523107536e-05,
          0.0004103064026385688,
          0.006977395500809958,
          0.0006228367281581919
        ],
        "auroc": 0.5556,
        "n_test": 12,
        "n_flight_test": 6,
        "n_ground_test": 6,
        "train_time_s": 0.04
      },
      {
        "fold_name": "fold_RR-5_test",
        "test_mission": "RR-5",
        "y_true": [
          0,
          0,
          0,
          1,
          1,
          1,
          0,
          0,
          0,
          1,
          1,
          1
        ],
        "y_score": [
          0.0009447199719776791,
          0.0010182605785983032,
          0.000789682251282836,
          0.004442041778665774,
          0.010614523457798104,
          0.0035912156873372254,
          0.00022389903571289188,
          0.00024775599495634816,
          0.001123777000714413,
          0.0031044353325276283,
          0.0012355197266503734,
          0.001527614478989553
        ],
        "auroc": 1.0,
        "n_test": 12,
        "n_flight_test": 6,
        "n_ground_test": 6,
        "train_time_s": 0.03
      },
      {
        "fold_name": "fold_RR-9_test",
        "test_mission": "RR-9",
        "y_true": [
          0,
          0,
          0,
          0,
          1,
          1,
          1,
          1
        ],
        "y_score": [
          5.418183996970213e-05,
          0.000295889816828226,
          0.00010172337089307591,
          1.538346373346099e-05,
          0.33547031068171934,
          0.6064316943684003,
          0.35736730517782983,
          0.2576289322622212
        ],
        "auroc": 1.0,
        "n_test": 8,
        "n_flight_test": 4,
        "n_ground_test": 4,
        "train_time_s": 0.04
      }
    ],
    "rf": [
      {
        "fold_name": "fold_RR-1_test",
        "test_mission": "RR-1",
        "y_true": [
          1,
          1,
          1,
          1,
          1,
          1,
          0,
          0,
          0,
          0,
          0,
          0
        ],
        "y_score": [
          0.34,
          0.435,
          0.415,
          0.305,
          0.365,
          0.385,
          0.355,
          0.395,
          0.36,
          0.385,
          0.4,
          0.375
        ],
        "auroc": 0.4861,
        "n_test": 12,
        "n_flight_test": 6,
        "n_ground_test": 6,
        "train_time_s": 0.31
      },
      {
        "fold_name": "fold_RR-5_test",
        "test_mission": "RR-5",
        "y_true": [
          0,
          0,
          0,
          1,
          1,
          1,
          0,
          0,
          0,
          1,
          1,
          1
        ],
        "y_score": [
          0.345,
          0.32,
          0.315,
          0.365,
          0.43,
          0.35,
          0.335,
          0.345,
          0.4,
          0.39,
          0.345,
          0.345
        ],
        "auroc": 0.8056,
        "n_test": 12,
        "n_flight_test": 6,
        "n_ground_test": 6,
        "train_time_s": 0.3
      },
      {
        "fold_name": "fold_RR-9_test",
        "test_mission": "RR-9",
        "y_true": [
          0,
          0,
          0,
          0,
          1,
          1,
          1,
          1
        ],
        "y_score": [
          0.52,
          0.535,
          0.515,
          0.525,
          0.555,
          0.54,
          0.5,
          0.535
        ],
        "auroc": 0.7188,
        "n_test": 8,
        "n_flight_test": 4,
        "n_ground_test": 4,
        "train_time_s": 0.32
      }
    ],
    "xgb": [
      {
        "fold_name": "fold_RR-1_test",
        "test_mission": "RR-1",
        "y_true": [
          1,
          1,
          1,
          1,
          1,
          1,
          0,
          0,
          0,
          0,
          0,
          0
        ],
        "y_score": [
          0.18134507536888123,
          0.8120454549789429,
          0.7193083167076111,
          0.1615142822265625,
          0.3957143723964691,
          0.5561028718948364,
          0.5017308592796326,
          0.6101999878883362,
          0.11839818209409714,
          0.4332670569419861,
          0.645817756652832,
          0.5471507906913757
        ],
        "auroc": 0.5278,
        "n_test": 12,
        "n_flight_test": 6,
        "n_ground_test": 6,
        "train_time_s": 1.43
      },
      {
        "fold_name": "fold_RR-5_test",
        "test_mission": "RR-5",
        "y_true": [
          0,
          0,
          0,
          1,
          1,
          1,
          0,
          0,
          0,
          1,
          1,
          1
        ],
        "y_score": [
          0.15129201114177704,
          0.1582380086183548,
          0.15759558975696564,
          0.2677728831768036,
          0.28202369809150696,
          0.1639680713415146,
          0.2123069167137146,
          0.10756908357143402,
          0.18177470564842224,
          0.14718179404735565,
          0.20797546207904816,
          0.19473859667778015
        ],
        "auroc": 0.75,
        "n_test": 12,
        "n_flight_test": 6,