{
  "task": "T2",
  "tissue": "liver",
  "mission": "RR-8",
  "generated_at": "2026-03-07T21:17:45.628468",
  "pca_distances": {
    "BSL_ISS-T\u2192FLT_ISS-T": 77.27048793934206,
    "BSL_LAR\u2192FLT_LAR": 50.357380175446686,
    "FLT_ISS-T\u2192FLT_LAR": 92.01793533203659,
    "BSL_ISS-T\u2192BSL_LAR": 84.570197790341,
    "BSL_ISS-T\u2192FLT_LAR": 97.67460941922995,
    "BSL_LAR\u2192FLT_ISS-T": 92.90422015122802
  },
  "pca_recovery_ratio": 0.6517026295340289,
  "pca_variance_explained": [
    0.12826591857548097,
    0.08228152875391812,
    0.06474135149829943
  ],
  "pathway_recovery": {
    "HALLMARK_ADIPOGENESIS": {
      "delta_flight": -0.21173297637658767,
      "delta_return": 0.16724178864854444,
      "recovery_fraction": 1.789871240231794,
      "direction_reversed": true
    },
    "HALLMARK_ALLOGRAFT_REJECTION": {
      "delta_flight": -0.1768564324153611,
      "delta_return": -0.215561702861422,
      "recovery_fraction": -0.21885135823139623,
      "direction_reversed": false
    },
    "HALLMARK_ANDROGEN_RESPONSE": {
      "delta_flight": -0.16028114868798862,
      "delta_return": 0.05922474524290146,
      "recovery_fraction": 1.3695053705797389,
      "direction_reversed": true
    },
    "HALLMARK_ANGIOGENESIS": {
      "delta_flight": -0.19978254191297093,
      "delta_return": -0.02773324083209079,
      "recovery_fraction": 0.8611828612923951,
      "direction_reversed": false
    },
    "HALLMARK_APICAL_JUNCTION": {
      "delta_flight": -0.04836880183299934,
      "delta_return": 0.03234300127952072,
      "recovery_fraction": null,
      "note": "|delta_flight|=0.048 < 0.1"
    },
    "HALLMARK_APICAL_SURFACE": {
      "delta_flight": 0.04747774248186475,
      "delta_return": 0.05632378049923087,
      "recovery_fraction": null,
      "note": "|delta_flight|=0.047 < 0.1"
    },
    "HALLMARK_APOPTOSIS": {
      "delta_flight": -0.10664714040870157,
      "delta_return": -0.026125347443009,
      "recovery_fraction": 0.755030023844152,
      "direction_reversed": false
    },
    "HALLMARK_BILE_ACID_METABOLISM": {
      "delta_flight": -0.032481035560255694,
      "delta_return": 0.09220006353416349,
      "recovery_fraction": null,
      "note": "|delta_flight|=0.032 < 0.1"
    },
    "HALLMARK_CHOLESTEROL_HOMEOSTASIS": {
      "delta_flight": 0.05360066475243637,
      "delta_return": 0.2150004713929879,
      "recovery_fraction": null,
      "note": "|delta_flight|=0.054 < 0.1"
    },
    "HALLMARK_COAGULATION": {
      "delta_flight": -0.10659773160800286,
      "delta_return": 0.02486844349517925,
      "recovery_fraction": 1.2332924267716054,
      "direction_reversed": true
    },
    "HALLMARK_COMPLEMENT": {
      "delta_flight": -0.10500094717227657,
      "delta_return": -0.0356973178970597,
      "recovery_fraction": 0.6600286106134776,
      "direction_reversed": false
    },
    "HALLMARK_DNA_REPAIR": {
      "delta_flight": 0.11505165918255794,
      "delta_return": 0.1526179248951216,
      "recovery_fraction": -0.3265165055373558,
      "direction_reversed": false
    },
    "HALLMARK_E2F_TARGETS": {
      "delta_flight": 0.10424040617414641,
      "delta_return": -0.025086683571114286,
      "recovery_fraction": 1.2406617979711618,
      "direction_reversed": true
    },
    "HALLMARK_EPITHELIAL_MESENCHYMAL_TRANSITION": {
      "delta_flight": -0.0673366753776883,
      "delta_return": -0.06674092931252013,
      "recovery_fraction": null,
      "note": "|delta_flight|=0.067 < 0.1"
    },
    "HALLMARK_ESTROGEN_RESPONSE_EARLY": {
      "delta_flight": -0.0691644354015534,
      "delta_return": 0.05501290659615589,
      "recovery_fraction": null,
      "note": "|delta_flight|=0.069 < 0.1"
    },
    "HALLMARK_ESTROGEN_RESPONSE_LATE": {
      "delta_flight": -0.08392229253689479,
      "delta_return": 0.046848767366328245,
      "recovery_fraction": null,
      "note": "|delta_flight|=0.084 < 0.1"
    },
    "HALLMARK_FATTY_ACID_METABOLISM": {
      "delta_flight": -0.216011278342842,
      "delta_return": 0.09431263280840771,
      "recovery_fraction": 1.4366097619158549,
      "direction_reversed": true
    },
    "HALLMARK_G2M_CHECKPOINT": {
      "delta_flight": 0.07783383381600308,
      "delta_return": -0.11530199675496242,
      "recovery_fraction": null,
      "note": "|delta_flight|=0.078 < 0.1"
    },
    "HALLMARK_GLYCOLYSIS": {
      "delta_flight": -0.13139235745994143,
      "delta_return": 0.09835336257444383,
      "recovery_fraction": 1.748547057650819,
      "direction_reversed": true
    },
    "HALLMARK_HEDGEHOG_SIGNALING": {
      "delta_flight": 0.016030062618484747,
      "delta_return": 0.04145731585412468,
      "recovery_fraction": null,
      "note": "|delta_flight|=0.016 < 0.1"
    },
    "HALLMARK_HEME_METABOLISM": {
      "delta_flight": -0.17471200159213537,
      "delta_return": -0.01760032133830522,
      "recovery_fraction": 0.8992609484299017,
      "direction_reversed": false
    },
    "HALLMARK_HYPOXIA": {
      "delta_flight": -0.14589260897397321,
      "delta_return": -0.06134699231943155,
      "recovery_fraction": 0.5795058245179805,
      "direction_reversed": false
    },
    "HALLMARK_IL2_STAT5_SIGNALING": {
      "delta_flight": -0.058963352410832864,
      "delta_return": -0.09215778880059267,
      "recovery_fraction": null,
      "note": "|delta_flight|=0.059 < 0.1"
    },
    "HALLMARK_IL6_JAK_STAT3_SIGNALING": {
      "delta_flight": -0.0625819359829489,
      "delta_return": -0.16209960934862802,
      "recovery_fraction": null,
      "note": "|delta_flight|=0.063 < 0.1"
    },
    "HALLMARK_INFLAMMATORY_RESPONSE": {
      "delta_flight": -0.09669136147513437,
      "delta_return": -0.14022352827679854,
      "recovery_fraction": null,
      "note": "|delta_flight|=0.097 < 0.1"
    },
    "HALLMARK_INTERFERON_ALPHA_RESPONSE": {
      "delta_flight": 0.12102960819202996,
      "delta_return": -0.03215449347159362,
      "recovery_fraction": 1.2656746060069544,
      "direction_reversed": true
    },
    "HALLMARK_INTERFERON_GAMMA_RESPONSE": {
      "delta_flight": -0.035714084896706855,
      "delta_return": -0.14010436091201256,
      "recovery_fraction": null,
      "note": "|delta_flight|=0.036 < 0.1"
    },
    "HALLMARK_KRAS_SIGNALING_DN": {
      "delta_flight": 0.033164619622723004,
      "delta_return": -0.050023894508629936,
      "recovery_fraction": null,
      "note": "|delta_flight|=0.033 < 0.1"
    },
    "HALLMARK_KRAS_SIGNALING_UP": {
      "delta_flight": -0.1319127569026036,
      "delta_return": -0.07279884919365578,
      "recovery_fraction": 0.4481288170832025,
      "direction_reversed": false
    },
    "HALLMARK_MITOTIC_SPINDLE": {
      "delta_flight": 0.127338464076869,
      "delta_return": -0.08227960363417594,
      "recovery_fraction": 1.6461488618592661,
      "direction_reversed": true
    },
    "HALLMARK_MTORC1_SIGNALING": {
      "delta_flight": -0.23591949989954547,
      "delta_return": 0.15782324895444755,
      "recovery_fraction": 1.6689707676629049,
      "direction_reversed": true
    },
    "HALLMARK_MYC_TARGETS_V1": {
      "delta_flight": -0.13151870217344508,
      "delta_return": 0.19537878853818813,
      "recovery_fraction": 2.48555897609547,
      "direction_reversed": true
    },
    "HALLMARK_MYC_TARGETS_V2": {
      "delta_flight": -0.274837472471087,
      "delta_return": 0.2537911978108447,
      "recovery_fraction": 1.9234228343354585,
      "direction_reversed": true
    },
    "HALLMARK_MYOGENESIS": {
      "delta_flight": -0.018061433535620286,
      "delta_return": 0.11462275252062173,
      "recovery_fraction": null,
      "note": "|delta_flight|=0.018 < 0.1"
    },
    "HALLMARK_NOTCH_SIGNALING": {
      "delta_flight": 0.029563125252805064,
      "delta_return": 0.03727280967722286,
      "recovery_fraction": null,
      "note": "|delta_flight|=0.030 < 0.1"
    },
    "HALLMARK_OXIDATIVE_PHOSPHORYLATION": {
      "delta_flight": -0.29413069573030026,