{
  "task": "F5-A",
  "description": "RRRM-2 cell-type composition",
  "results": {
    "femur_bm": {
      "Fraction A pre-pro B cell": {
        "flt_mean": 0.012396240698218904,
        "flt_std": 0.005063801181654739,
        "gc_mean": 0.01033671579567924,
        "gc_std": 0.0031005809337934054,
        "delta": 0.0020595249025396646,
        "p_raw": 0.5737373737373737,
        "n_flt": 8,
        "n_gc": 8,
        "padj": 1.0
      },
      "T cell": {
        "flt_mean": 0.07133019134832966,
        "flt_std": 0.021479924691701163,
        "gc_mean": 0.061504756639326405,
        "gc_std": 0.00972212572943897,
        "delta": 0.009825434709003253,
        "p_raw": 0.5053613053613053,
        "n_flt": 8,
        "n_gc": 8,
        "padj": 1.0
      },
      "basophil": {
        "flt_mean": 0.006576872493237922,
        "flt_std": 0.004795461369033024,
        "gc_mean": 0.005564471109970379,
        "gc_std": 0.004162886699376055,
        "delta": 0.0010124013832675431,
        "p_raw": 0.7984459984459983,
        "n_flt": 8,
        "n_gc": 8,
        "padj": 1.0
      },
      "early pro-B cell": {
        "flt_mean": 0.0038032455550785268,
        "flt_std": 0.0046818821668445885,
        "gc_mean": 0.005358834157706966,
        "gc_std": 0.0036156692388866827,
        "delta": -0.0015555886026284394,
        "p_raw": 0.19487179487179485,
        "n_flt": 8,
        "n_gc": 8,
        "padj": 0.9310541310541309
      },
      "erythroblast": {
        "flt_mean": 0.016049663656570675,
        "flt_std": 0.017250615838155618,
        "gc_mean": 0.03063869585602258,
        "gc_std": 0.05325209166773816,
        "delta": -0.014589032199451905,
        "p_raw": 1.0,
        "n_flt": 8,
        "n_gc": 8,
        "padj": 1.0
      },
      "granulocyte": {
        "flt_mean": 0.16855474795955105,
        "flt_std": 0.10331354288323631,
        "gc_mean": 0.19464025291637344,
        "gc_std": 0.13304573314729642,
        "delta": -0.02608550495682238,
        "p_raw": 0.8784770784770783,
        "n_flt": 8,
        "n_gc": 8,
        "padj": 1.0
      },
      "granulocytopoietic cell": {
        "flt_mean": 0.08708975322977966,
        "flt_std": 0.03739657078405416,
        "gc_mean": 0.08672722264747042,
        "gc_std": 0.03339080086459032,
        "delta": 0.0003625305823092423,
        "p_raw": 0.959129759129759,
        "n_flt": 8,
        "n_gc": 8,
        "padj": 1.0
      },
      "hematopoietic precursor cell": {
        "flt_mean": 0.17456900613794885,
        "flt_std": 0.08393579749896764,
        "gc_mean": 0.14959610450942468,
        "gc_std": 0.06971410341641242,
        "delta": 0.02497290162852417,
        "p_raw": 0.7984459984459983,
        "n_flt": 8,
        "n_gc": 8,
        "padj": 1.0
      },
      "immature B cell": {
        "flt_mean": 0.1141788581785216,
        "flt_std": 0.028298335788033997,
        "gc_mean": 0.15006121829217517,
        "gc_std": 0.03497415066465516,
        "delta": -0.035882360113653575,
        "p_raw": 0.037917637917637914,
        "n_flt": 8,
        "n_gc": 8,
        "padj": 0.5434861434861434
      },
      "late pro-B cell": {
        "flt_mean": 0.03199254886002659,
        "flt_std": 0.01637680473564476,
        "gc_mean": 0.029720005475873505,
        "gc_std": 0.00872778098601142,
        "delta": 0.0022725433841530827,
        "p_raw": 0.5053613053613053,
        "n_flt": 8,
        "n_gc": 8,
        "padj": 1.0
      },
      "macrophage": {
        "flt_mean": 0.047247995150127856,
        "flt_std": 0.009611975325821736,
        "gc_mean": 0.038425997131631265,
        "gc_std": 0.008107400111940579,
        "delta": 0.00882199801849659,
        "p_raw": 0.08298368298368297,
        "n_flt": 8,
        "n_gc": 8,
        "padj": 0.7136596736596735
      },
      "monocyte": {
        "flt_mean": 0.16087472202602943,
        "flt_std": 0.045341513640151106,
        "gc_mean": 0.13995164735681997,
        "gc_std": 0.026622647447802572,
        "delta": 0.02092307466920945,
        "p_raw": 0.3822843822843822,
        "n_flt": 8,
        "n_gc": 8,
        "padj": 1.0
      },
      "proerythroblast": {
        "flt_mean": 0.02256413972142672,
        "flt_std": 0.022424380491329016,
        "gc_mean": 0.021680479171754617,
        "gc_std": 0.020303707585270673,
        "delta": 0.0008836605496721044,
        "p_raw": 0.7984459984459983,
        "n_flt": 8,
        "n_gc": 8,
        "padj": 1.0
      },
      "promonocyte": {
        "flt_mean": 0.08277201498515263,
        "flt_std": 0.035415820418860884,
        "gc_mean": 0.07579359893977133,
        "gc_std": 0.027612771582645457,
        "delta": 0.006978416045381297,
        "p_raw": 0.8784770784770783,
        "n_flt": 8,
        "n_gc": 8,
        "padj": 1.0
      }
    },
    "humerus_bm": {
      "Fraction A pre-pro B cell": {
        "flt_mean": 0.014845207273118152,
        "flt_std": 0.0056280791955975904,
        "gc_mean": 0.010860276463605156,
        "gc_std": 0.002924880880509123,
        "delta": 0.003984930809512996,
        "p_raw": 0.19487179487179485,
        "n_flt": 8,
        "n_gc": 8,
        "padj": 0.9310541310541309
      },
      "T cell": {
        "flt_mean": 0.07071490908742083,
        "flt_std": 0.01831708151980101,
        "gc_mean": 0.059761893816597945,
        "gc_std": 0.01625916729192106,
        "delta": 0.010953015270822881,
        "p_raw": 0.2786324786324786,
        "n_flt": 8,
        "n_gc": 8,
        "padj": 1.0
      },
      "basophil": {
        "flt_mean": 0.004803409731842529,
        "flt_std": 0.00339693278205271,
        "gc_mean": 0.004369830077268732,
        "gc_std": 0.0022621608170456694,
        "delta": 0.000433579654573797,
        "p_raw": 0.959129759129759,
        "n_flt": 8,
        "n_gc": 8,
        "padj": 1.0
      },
      "early pro-B cell": {
        "flt_mean": 0.0061992700824132635,
        "flt_std": 0.008721612970993381,
        "gc_mean": 0.0051951445145938455,
        "gc_std": 0.004035468459069688,
        "delta": 0.001004125567819418,
        "p_raw": 0.7984459984459983,
        "n_flt": 8,
        "n_gc": 8,
        "padj": 1.0
      },
      "erythroblast": {
        "flt_mean": 0.025170648740473884,
        "flt_std": 0.025453650568327137,
        "gc_mean": 0.04213563168157342,
        "gc_std": 0.05120714118998589,
        "delta": -0.01696498294109954,
        "p_raw": 0.6453768453768453,
        "n_flt": 8,
        "n_gc": 8,
        "padj": 1.0
      },
      "granulocyte": {
        "flt_mean": 0.1406583962097196,
        "flt_std": 0.08641755109633875,
        "gc_mean": 0.15643865591436945,
        "gc_std": 0.11344880939824455,
        "delta": -0.015780259704649857,
        "p_raw": 0.959129759129759,
        "n_flt": 8,
        "n_gc": 8,
        "padj": 1.0
      },
      "granulocytopoietic cell": {
        "flt_mean": 0.0868150042446204,
        "flt_std": 0.042505267353707674,
        "gc_mean": 0.085509450193198,
        "gc_std": 0.03969959682496752,
        "delta": 0.0013055540514223946,
        "p_raw": 0.8784770784770783,
        "n_flt": 8,
        "n_gc": 8,
        "padj": 1.0
      },
      "hematopoietic precursor cell": {
        "flt_mean": 0.1515758187591228,
        "flt_std": 0.050090207124113544,
        "gc_mean": 0.1594638311911106,
        "gc_std": 0.0647129220915647,
        "delta": -0.007888012431987806,
        "p_raw": 1.0,
        "n_flt": 8,
        "n_gc": 8,
        "padj": 1.0
      },
      "immature B cell": {
        "flt_mean": 0.12495936072269724,
        "flt_std": 0.04135499696892669,
        "gc_mean": 0.1517360053226181,
        "gc_std": 0.06412363815006783,
        "delta": -0.026776644599920865,
        "p_raw": 0.4418026418026417,
        "n_flt": 8,
        "n_gc": 8,
        "padj": 1.0
      },
      "late pro-B cell": {
        "flt_mean": 0.02781653711717792,
        "flt_std": 0.015621869581271063,
        "gc_mean": 0.031859659151179075,